"pcp-dstat 6.2.0 CSV Output"
"Author:","PCP team <pcp@groups.io> and Dag Wieers <dag@wieers.com>",,,,"URL:","https://pcp.io/ and http://dag.wieers.com/home-made/dstat/"
"Host:","ubuntu",,,,"User:","stack"
"Cmdline:","dstat -tcmndrylpg --tcp --output /opt/stack/logs/dstat-csv.log",,,,"Date:","25 Sep 2026 06:49:19 UTC"
"system","total usage",,,,,"memory usage",,,,"net/total",,"dsk/total",,"io/total",,"system",,"load avg",,,"procs",,,"paging",,"tcp sockets",,,,
"time","total usage:usr","total usage:sys","total usage:idl","total usage:wai","total usage:stl","used","free","buf","cach","net/total:recv","net/total:send","dsk/total:read","dsk/total:writ","read","writ","int","csw","1m","5m","15m","run","blk","new","in","out","lis","act","syn","tim","clo"
25-09 06:49:19,,1115516,11845584,136548,3077172,,,,,,,1.620,1.330,1.310,1,0,,,,11,5,0,9,0
25-09 06:49:20,27.570,31.048,38.996,0,0,1120856,11840100,136600,3077224,77373.099,36743.703,0,508.687,0,14.903,5415,10902,1.620,1.330,1.310,1,0,159.958,0,0,11,6,0,10,0
25-09 06:49:21,18.849,24.629,56.295,0,0,1113756,11846780,136692,3077480,76867.415,478664.901,0,981.136,0,30.158,5048,2853,1.650,1.340,1.310,1,0,143.753,0,0,11,5,0,10,1
25-09 06:49:22,19.614,23.835,53.628,0,0,1116888,11843284,136764,3077720,74043.101,155603.032,0,2729.059,0,377.381,5238,2540,1.650,1.340,1.310,1,0,138.042,0,0,11,5,0,10,1
25-09 06:49:23,29.011,24.547,44.880,0,0,1110240,11849888,136780,3077744,63572.334,33760.374,0,238.035,0,7.935,4891,2469,1.650,1.340,1.310,3,0,139.846,0,0,11,4,0,9,2
25-09 06:49:24,20.200,23.230,56.308,0.253,0,1101116,11858628,136856,3077964,71454.549,30677.774,0,1001.921,0,31.310,4539,2445,1.650,1.340,1.310,1,0,128.270,0,0,11,4,0,9,2
25-09 06:49:25,24.939,27.962,46.099,0,0,1102532,11856864,136940,3078592,75359.554,37825.379,0,1092.270,0,33.252,5315,3957,1.650,1.340,1.310,2,0,152.152,0,0,11,4,0,9,2
25-09 06:49:26,29.956,18.815,49.761,0,0,1099008,11860152,136980,3078276,50464.573,26244.351,0,566.439,0,15.844,4136,2171,1.680,1.350,1.310,4,0,74.271,0,0,11,4,0,9,2
25-09 06:49:27,23.327,23.327,50.337,0.246,0,1094688,11859812,137036,3083236,68159.219,37452.948,0,848.614,0,23.573,4473,2243,1.680,1.350,1.310,4,0,101.166,0,0,11,4,0,9,2
25-09 06:49:28,34.865,26.528,38.655,0,0,1101324,11840420,137092,3095416,225350.463,29523.113,0,634.645,0,12.127,5808,5131,1.680,1.350,1.310,8,0,109.143,0,0,11,4,0,9,2
25-09 06:49:29,36.711,26.330,36.964,0,0,1228292,11706732,137220,3205404,61204.791,31193.308,0,1077.517,0,19.241,4878,3563,1.680,1.350,1.310,4,0,32.407,0,0,12,4,0,9,2
25-09 06:49:30,24.192,10.974,64.096,0,0,1232028,11692064,137828,3234412,44389.408,588826.050,0,10933.745,0,70.830,3610,2454,1.680,1.350,1.310,2,0,23.943,0,0,12,6,0,9,2
25-09 06:49:31,34.091,17.170,46.283,0.995,0,1242112,11667524,138124,3247164,60844.346,32701.012,15.925,1270.058,0.995,33.842,4489,2427,1.700,1.370,1.320,2,0,59.721,0,0,12,6,0,9,2
25-09 06:49:32,41.351,10.275,47.616,0,0,1251776,11653496,138144,3250908,61361.029,32808.217,0,16.039,0,4.010,3757,1894,1.700,1.370,1.320,3,0,20.049,0,0,12,6,0,9,2
25-09 06:49:33,34.997,18.748,45.746,0.250,0,1260448,11626132,138604,3267624,52775.891,26775.408,0,1531.852,0,56.994,4690,2673,1.700,1.370,1.320,5,0,93.991,0,0,12,6,0,9,2
25-09 06:49:34,33.581,20.199,46.205,0.505,0,1251796,11623456,139316,3276624,54922.654,31362.732,0,2088.560,0,93.925,4852,3056,1.700,1.370,1.320,4,0,89.885,0,0,12,6,0,11,2
25-09 06:49:35,39.497,8.499,47.497,3.750,0,1276960,11584044,139836,3288484,45143.954,23702.401,587.960,2491.832,34.998,60.996,3815,2194,1.700,1.370,1.320,3,0,0,0,0,12,6,0,11,2
25-09 06:49:36,40.705,8.191,46.910,2.482,0,1304584,11533012,140648,3309112,59642.292,31948.746,2168.305,1890.317,73.468,48.648,3743,2054,1.730,1.380,1.320,2,0,1.986,0,0,12,6,0,11,2
25-09 06:49:37,42.311,10.326,46.845,1.511,0,1350052,11495588,141296,3299088,30028.905,15292.498,245.808,4811.395,7.052,473.483,4418,1865,1.730,1.380,1.320,2,0,0,0,0,12,4,0,11,2
25-09 06:49:38,43.587,6.934,48.044,0.248,0,1343880,11501636,141296,3299296,15832.860,7827.771,788.523,23.775,6.934,1.981,3013,1407,1.730,1.380,1.320,3,0,1.981,0,0,12,4,0,11,0
25-09 06:49:39,39.528,17.876,40.787,1.762,0,1387224,11448888,145752,3304076,45528.117,23694.602,16.113,19537.371,1.007,1767.427,12120,14848,1.730,1.380,1.320,5,0,48.340,0,0,12,6,0,11,0
25-09 06:49:40,37.283,21.127,35.792,3.231,0,1399140,11422816,151116,3311988,43080.267,457960.607,0,48581.250,0,2521.326,14694,18769,1.730,1.380,1.320,3,0,44.740,0,0,12,6,0,11,0
25-09 06:49:41,44.662,14.383,36.840,4.037,0,1391660,11423508,155000,3314512,34052.368,144187.120,0,29068.356,0,1871.275,10716,14841,1.830,1.400,1.330,2,0,31.289,0,0,12,6,0,11,0
25-09 06:49:42,36.270,20.371,39.996,0.745,0,1349916,11463712,155572,3315452,45390.648,23544.430,0,9137.950,0,343.816,8130,10188,1.830,1.400,1.330,2,0,81.482,0,0,12,4,0,11,0
25-09 06:49:43,39.471,13.073,46.762,0,0,1369408,11443796,155572,3315676,60598.935,33036.777,0,96.540,0,3.017,3346,1647,1.830,1.400,1.330,2,0,9.051,0,0,12,4,0,11,0
25-09 06:49:44,40.474,16.388,40.474,0.248,0,1404092,11408504,156108,3315704,44641.803,22425.191,0,8629.199,0,339.685,11516,17407,1.830,1.400,1.330,2,0,11.919,0,0,12,4,0,11,0
25-09 06:49:45,40.832,16.383,43.605,0,0,1419452,11393108,156136,3315704,30459.748,15356.907,0,29874.992,0,407.313,3915,1632,1.830,1.400,1.330,2,0,9.074,0,0,12,4,0,11,0
25-09 06:49:46,43.407,7.484,48.396,0,0,1350196,11469800,156176,3309216,30842.038,16564.573,0,295.368,0,9.979,3143,1455,1.840,1.410,1.330,2,0,4.989,0,0,12,4,0,11,0
25-09 06:49:47,40.260,12.253,47.512,0,0,1269320,11550640,156176,3309252,45295.645,23402.016,0,4.001,0,1.000,3553,1677,1.840,1.410,1.330,3,0,32.008,0,0,12,4,0,11,0
25-09 06:49:48,40.292,12.187,46.510,0,0,1262252,11557716,156176,3309244,45686.601,23966.513,0,7.959,0,1.990,3907,1827,1.840,1.410,1.330,2,0,51.733,0,0,12,4,0,11,0
25-09 06:49:49,23.354,4.269,72.574,0,0,1284408,11535560,156176,3309244,49102.970,23336.065,0,4.018,0,1.004,2283,1278,1.840,1.410,1.330,3,0,0,0,0,12,4,0,11,0
25-09 06:49:50,21.765,4.753,72.549,0,0,1240696,11579252,156180,3309260,41923.252,24238.334,0,228.154,0,1.001,2359,1305,1.840,1.410,1.330,1,0,17.011,0,0,12,4,0,11,0
25-09 06:49:51,8.211,22.644,66.936,0,0,1226828,11593072,156216,3309240,74057.308,483450.249,0,537.477,0,10.949,5355,3611,2.180,1.490,1.360,1,0,144.322,0,0,12,4,0,11,0
25-09 06:49:52,7.701,23.104,67.325,0,0,1219472,11600252,156256,3309376,62829.941,161097.930,0,401.463,0,23.849,4579,2615,2.180,1.490,1.360,2,0,120.240,0,0,12,4,0,11,0
25-09 06:49:53,7.266,23.804,67.403,0,0,1214364,11605356,156256,3309380,46008.391,24054.579,0,16.036,0,4.009,4449,2617,2.180,1.490,1.360,3,0,131.298,0,0,12,4,0,11,0
25-09 06:49:54,6.770,25.325,66.446,0,0,1206500,11613216,156256,3309384,61243.928,31533.156,0,16.047,0,4.012,4726,2696,2.180,1.490,1.360,1,0,143.424,0,0,12,4,0,11,0
25-09 06:49:55,8.262,24.034,67.096,0,0,1199192,11620516,156256,3309392,60628.530,31963.619,0,16.023,0,4.006,4608,2600,2.180,1.490,1.360,2,0,128.183,0,0,12,4,0,11,0
25-09 06:49:56,17.449,22.684,58.579,0,0,1164596,11655088,156256,3309792,44836.484,22486.543,0,75.779,0,3.988,4631,5149,2.080,1.480,1.360,5,0,71.791,0,0,12,4,0,8,0
25-09 06:49:57,16.986,21.483,59.702,0.749,0,1159296,11658984,156264,3310796,45056.049,22743.852,1251.002,115.908,15.987,1.998,5023,5166,2.080,1.480,1.360,1,0,65.947,0,0,12,4,0,8,0
25-09 06:49:58,43.892,25.583,28.091,2.759,0,1208556,11609220,156268,3311752,62031.758,33528.511,638.065,1721.572,7.023,333.078,5294,2445,2.080,1.480,1.360,3,0,108.351,0,0,12,4,0,8,0
25-09 06:49:59,43.648,10.034,41.892,3.512,0,1273832,11541936,156268,3313760,45448.723,23367.035,1870.326,0,22.075,0,3516,1561,2.080,1.480,1.360,2,0,15.051,0,0,12,5,0,8,0
25-09 06:50:00,48.659,5.710,43.942,0.745,0,1299388,11516300,156288,3313812,49076.886,598958.264,19.861,3.972,3.972,0.993,4232,1897,2.080,1.480,1.360,3,0,3.972,0,0,12,5,0,6,0
25-09 06:50:01,47.057,6.039,46.805,0,0,1312904,11502188,156300,3314364,30408.299,15388.350,0,15843.317,0,62.407,3202,1386,2.080,1.490,1.360,2,0,1.007,0,0,12,5,0,6,0
25-09 06:50:02,38.991,12.418,47.684,0,0,1320472,11494628,156300,3314364,15194.224,7569.793,0,0,0,0,3060,1526,2.080,1.490,1.360,2,0,0,0,0,12,5,0,6,0
25-09 06:50:03,40.640,14.532,41.871,0.739,0,1347972,11464848,156408,3316460,15132.745,7572.284,82.757,610.827,6.896,2.956,3842,3118,2.080,1.490,1.360,5,0,11.822,0,0,12,4,0,7,0
25-09 06:50:04,17.389,25.572,57.793,0,0,1363040,11448992,156552,3317084,32054.085,17706.105,143.204,0,6.137,0,4720,3271,2.080,1.490,1.360,2,0,121.723,0,0,12,4,0,7,0
25-09 06:50:05,21.106,6.208,70.519,0.248,0,1411556,11399880,156552,3317676,60150.976,32158.787,584.019,0,8.939,0,2609,1537,2.080,1.490,1.360,1,0,8.939,0,0,13,4,0,7,0
25-09 06:50:06,22.489,11.623,65.950,0.505,0,1434744,11376632,156556,3317724,45283.365,23208.192,4.043,67144.266,1.011,178.898,2950,1653,1.990,1.480,1.360,1,0,2.021,0,0,13,4,0,7,0
25-09 06:50:07,24.338,4.222,70.530,0,0,1450812,11360520,156556,3317768,29733.832,15204.665,0,7.947,0,1.987,2358,1288,1.990,1.480,1.360,1,0,0,0,0,13,4,0,7,0
25-09 06:50:08,23.981,2.998,72.444,0,0,1466668,11344392,156572,3317984,15791.817,7518.200,0,1766.637,0,4.996,2171,1190,1.990,1.480,1.360,1,0,0,0,0,13,6,0,4,0
25-09 06:50:09,24.514,5.753,67.790,1.501,0,1481748,11328516,157136,3318196,46315.311,36935.780,160.094,5843.446,7.004,792.467,6226,5314,1.990,1.480,1.360,1,0,3.002,0,0,13,10,0,4,0
25-09 06:50:10,20.096,9.043,70.586,0.502,0,1382324,11427696,157376,3318196,45302.578,23264.708,0,2688.795,0,139.665,3575,2355,1.990,1.480,1.360,2,0,42.201,0,0,13,4,0,6,0
25-09 06:50:11,19.579,7.931,71.128,0,0,1418296,11391660,157384,3318200,44334.246,22120.530,0,3961.353,0,20.818,2599,1550,1.910,1.470,1.360,3,0,0,0,0,13,4,0,6,0
25-09 06:50:12,23.086,5.270,69.259,1.506,0,1434836,11374328,157688,3318668,30322.319,14779.232,329.230,12470.605,10.038,254.953,3031,1959,1.910,1.470,1.360,1,0,2.008,0,0,13,4,0,6,0
25-09 06:50:13,14.740,2.748,81.695,0.250,0,1449584,11359472,157688,3318728,17625.202,9584.584,3.997,59.960,0.999,3.997,1928,1220,1.910,1.470,1.360,1,0,0.999,0,0,13,9,0,6,0
25-09 06:50:14,22.780,4.005,73.097,0,0,1451512,11357484,157728,3318744,20801.696,9203.254,0,1465.952,0,82.109,3203,2455,1.910,1.470,1.360,2,0,1.001,0,0,13,17,0,6,0
25-09 06:50:15,11.223,3.741,72.825,10.974,0,1454452,11353800,157796,3319116,22116.003,451261.634,415.006,1037.514,102.754,14.964,2402,1666,1.910,1.470,1.360,1,0,1.995,0,0,13,25,0,6,0
25-09 06:50:16,17.774,2.253,78.856,0,0,1460484,11347752,157796,3319132,23077.929,142080.415,0,0,0,0,2465,1699,1.760,1.450,1.350,1,0,3.004,0,0,13,28,0,7,0
25-09 06:50:17,18.547,11.028,69.926,0,0,1420408,11387824,157796,3319136,45855.613,22911.766,0,4535.435,0,337.852,3358,1784,1.760,1.450,1.350,1,0,43.109,0,0,13,28,0,7,0
25-09 06:50:18,22.216,5.492,72.141,0,0,1452940,11355284,157804,3319136,30512.718,14701.701,0,1781.298,0,8.986,2392,1296,1.760,1.450,1.350,1,0,1.997,0,0,13,28,0,7,0
25-09 06:50:19,13.476,2.995,82.352,0,0,1466236,11341988,157836,3319152,33799.409,18484.863,0,195.649,0,13.975,2279,1723,1.760,1.450,1.350,1,0,0,0,0,13,29,0,7,0
25-09 06:50:20,17.966,5.490,75.358,0,0,1469800,11338376,157876,3319160,21599.329,10503.223,0,439.173,0,23.955,2605,1788,1.760,1.450,1.350,4,0,13.974,0,0,13,28,0,8,0
25-09 06:50:21,23.197,26.939,48.889,0,0,1449312,11358820,157876,3319164,27086.333,15905.788,0,11.973,0,2.993,5248,11900,1.700,1.440,1.350,3,0,156.643,0,0,13,28,0,9,0
25-09 06:50:22,38.385,15.910,46.466,0,0,1487596,11320516,157884,3319176,45608.353,23780.467,0,92.932,0,4.041,3634,1864,1.700,1.440,1.350,2,0,23.233,0,0,13,28,0,9,0
25-09 06:50:23,37.549,6.963,54.210,0,0,1550692,11257288,157884,3319308,31250.879,17649.615,0,0,0,0,3025,1344,1.700,1.440,1.350,0,0,0.995,0,0,13,30,0,9,0
25-09 06:50:24,32.420,6.283,61.572,0,0,1552200,11255776,157884,3319312,36686.835,20167.455,0,8.042,0,2.011,3397,2170,1.700,1.440,1.350,2,0,2.011,0,0,13,30,0,8,0
25-09 06:50:25,27.574,4.223,66.575,0,0,1555144,11252752,157900,3319376,22936.575,15338.083,0,87.442,0,6.956,5327,5452,1.700,1.440,1.350,1,0,0,0,0,13,30,0,8,0
25-09 06:50:26,34.251,13.250,51.751,0,0,1476200,11331640,157940,3319392,19287.299,10299.160,0,120.002,0,18.000,5166,4233,1.720,1.450,1.350,3,0,82.001,0,0,13,28,0,9,0
25-09 06:50:27,43.131,47.923,8.828,0,0,1475308,11332492,157956,3319384,31675.530,16921.327,0,702.197,0,16.142,5291,3450,1.720,1.450,1.350,5,0,340.000,0,0,13,28,0,9,0
25-09 06:50:28,70.364,29.443,0.250,0,0,1616896,11190868,157972,3319400,60477.696,32289.371,0,179.652,0,9.981,5143,3163,1.720,1.450,1.350,7,0,160.688,0,0,13,28,0,9,0
25-09 06:50:29,80.545,19.451,0.249,0,0,1766716,11040980,158020,3319416,47891.247,27516.046,0,470.803,0,24.937,5180,2805,1.720,1.450,1.350,4,0,5.985,0,0,13,30,0,9,0
25-09 06:50:30,81.504,13.958,3.240,0,0,1851500,10956080,158020,3319444,28498.960,19429.341,0,1519.413,0,266.196,6091,3781,1.720,1.450,1.350,5,0,1.994,0,0,13,33,0,9,0
25-09 06:50:31,69.814,12.045,16.962,0,0,1860748,10946660,158100,3319532,53660.334,453277.018,0,279.256,0,32.449,7144,7178,1.900,1.490,1.370,10,0,0.983,0,0,13,33,0,10,0
25-09 06:50:32,78.753,18.154,4.347,0,0,1819216,10987956,158164,3319696,31882.748,151779.800,0,298.648,0,27.615,6771,7210,1.900,1.490,1.370,6,0,87.958,0,0,13,29,0,14,0
25-09 06:50:33,31.850,26.625,39.813,0,0,1613012,11194092,158212,3319716,62337.757,32907.201,0,306.558,0,23.888,5280,3939,1.900,1.490,1.370,3,0,213.993,0,0,13,28,0,15,0
25-09 06:50:34,18.939,8.722,71.768,0,0,1595452,11211632,158228,3319716,44941.909,22411.646,0,175.434,0,5.981,2677,1653,1.900,1.490,1.370,1,0,11.961,0,0,13,28,0,15,0
25-09 06:50:35,18.546,4.010,75.940,0,0,1614016,11193004,158292,3319716,30659.670,16374.949,0,737.845,0,41.103,2261,1427,1.900,1.490,1.370,0,0,0,0,0,13,29,0,15,0
25-09 06:50:36,14.744,3.998,80.969,0,0,1596236,11210780,158292,3319720,33900.209,17938.231,0,3.998,0,1.000,2347,1709,1.830,1.480,1.360,1,0,1.999,0,0,13,29,0,15,0
25-09 06:50:37,17.496,2.249,78.482,0,0,1580652,11226184,158336,3319856,18457.677,9900.681,0,187.956,0,16.996,3254,2940,1.830,1.480,1.360,1,0,0,0,0,13,28,0,14,0
25-09 06:50:38,14.077,15.334,71.138,0,0,1516784,11290032,158352,3319860,41414.792,23105.973,0,120.658,0,7.038,3382,2098,1.830,1.480,1.360,3,0,68.373,0,0,13,28,0,14,0
25-09 06:50:39,22.006,5.502,71.770,0,0,1541596,11265204,158368,3319860,34081.522,17284.829,0,112.031,0,6.002,2362,1321,1.830,1.480,1.360,1,0,2.001,0,0,13,28,0,14,0
25-09 06:50:40,13.653,2.234,82.665,0,0,1544596,11262148,158416,3319868,33786.040,18884.435,0,401.163,0,24.824,2342,1829,1.830,1.480,1.360,1,0,0,0,0,13,29,0,14,0
25-09 06:50:41,16.017,3.504,80.086,0,0,1536292,11270448,158416,3319872,17967.220,10066.769,0,4.004,0,1.001,2441,1901,1.920,1.510,1.370,1,0,0,0,0,13,29,0,14,0
25-09 06:50:42,15.266,13.514,70.322,0,0,1488312,11318352,158480,3319884,32281.092,17110.540,0,484.497,0,28.029,3938,2742,1.920,1.510,1.370,1,0,81.083,0,0,13,28,0,15,0
25-09 06:50:43,6.480,26.169,65.048,0,0,1472452,11334212,158496,3319880,60814.681,33531.615,0,338.945,0,9.969,4922,2780,1.920,1.510,1.370,3,0,189.410,0,0,13,28,0,15,0
25-09 06:50:44,7.741,25.469,65.171,0,0,1464824,11341800,158552,3319880,54734.806,517014.740,0,711.140,0,33.959,5211,3059,1.920,1.510,1.370,7,0,178.784,0,0,13,28,0,15,0
25-09 06:50:45,11.104,35.835,52.742,0,0,1454964,11351628,158576,3319888,64052.942,104025.087,0,1925.979,0,294.752,5477,3006,1.920,1.510,1.370,4,0,218.035,0,0,13,28,0,15,0
25-09 06:50:46,41.966,44.464,12.490,0,0,1491908,11314676,158576,3319896,61235.836,32240.116,0,27.978,0,6.994,5266,3081,2.170,1.570,1.390,4,0,252.797,0,0,13,28,0,15,0
25-09 06:50:47,70.202,29.979,0.250,0,0,1639648,11166924,158576,3319908,47007.662,27393.155,0,251.827,0,4.997,5059,2729,2.170,1.570,1.390,4,0,124.914,0,0,13,29,0,15,0
25-09 06:50:48,80.070,13.754,4.421,0,0,1759792,11046760,158576,3319920,52214.507,30899.175,0,3.930,0,0.982,5204,2991,2.170,1.570,1.390,4,0,1.965,0,0,13,31,0,15,0
25-09 06:50:49,61.802,9.968,26.415,0,0,1783188,11023324,158576,3319960,35717.302,23607.191,0,31.898,0,1.994,5831,5696,2.170,1.570,1.390,7,0,0,0,0,13,33,0,15,0
25-09 06:50:50,67.657,9.882,22.806,0,0,1783728,11022568,158608,3320140,41671.435,29691.899,0,190.554,0,12.163,6375,6595,2.170,1.570,1.390,3,0,0,0,0,13,32,0,15,0
25-09 06:50:51,71.007,24.259,5.812,0,0,1649616,11156532,158728,3320168,39384.766,25136.911,0,456.869,0,51.549,6665,6953,2.480,1.640,1.420,7,0,154.648,0,0,13,29,0,16,0
25-09 06:50:52,68.990,30.995,0.500,0,0,1655044,11151048,158776,3320144,47036.935,24379.338,0,535.920,0,56.991,5389,4121,2.480,1.640,1.420,7,0,128.981,0,0,13,28,0,16,0
25-09 06:50:53,80.836,19.271,0,0,0,1706396,11099624,158792,3320208,44607.518,22706.188,0,168.179,0,6.006,4960,2637,2.480,1.640,1.420,5,0,31.033,0,0,13,28,1,16,0
25-09 06:50:54,78.798,14.150,4.391,0,0,1842148,10963864,158808,3320216,24480.604,17560.030,0,249.812,0,8.782,4845,2685,2.480,1.640,1.420,5,0,1.952,0,0,13,33,0,16,0
25-09 06:50:55,78.469,14.729,7.872,0,0,1867476,10938424,158888,3320240,48789.734,33618.109,0,824.810,0,46.726,6236,6222,2.480,1.640,1.420,3,0,0,0,0,13,34,0,16,0
25-09 06:50:56,69.198,8.619,20.685,0.246,0,1870272,10935400,158920,3320436,34214.712,25087.506,0,86.682,0,11.820,7610,8345,2.520,1.660,1.430,5,0,0,0,0,13,32,0,18,0
25-09 06:50:57,70.671,21.024,8.612,0,0,1762336,11043284,158952,3320456,41061.921,464998.621,0,137.795,0,13.172,7358,8278,2.520,1.660,1.430,6,0,132.729,0,0,13,29,0,20,0
25-09 06:50:58,59.412,30.583,9.777,0,0,1608460,11197112,158968,3320484,67269.613,160474.014,0,160.438,0,10.027,5565,3742,2.520,1.660,1.430,4,0,162.443,0,0,13,28,0,21,0
25-09 06:50:59,34.926,9.046,56.283,0,0,1650220,11155332,158968,3320504,48100.047,25185.739,0,16.081,0,2.010,3149,1635,2.520,1.660,1.430,2,0,8.040,0,0,13,29,0,21,0
25-09 06:51:00,32.611,5.477,60.492,0,0,1649072,11156472,158968,3320512,35707.957,20520.624,0,159.322,0,1.992,3614,2506,2.520,1.660,1.430,2,0,1.992,0,0,13,30,0,21,0
25-09 06:51:01,32.722,7.048,59.906,0,0,1545404,11259896,159056,3320664,36240.431,21335.490,0,3576.219,0,499.382,5691,4465,2.480,1.670,1.430,2,0,10.068,0,0,13,29,0,22,0
25-09 06:51:02,24.846,35.778,37.517,0,0,1542192,11263052,159072,3320700,36231.790,20479.702,0,210.690,0,11.926,5928,4542,2.480,1.670,1.430,5,0,208.703,0,0,13,28,0,23,0
25-09 06:51:03,60.947,31.481,8.815,0,0,1520584,11284656,159088,3320688,61695.217,32518.355,0,233.713,0,11.081,4765,2619,2.480,1.670,1.430,3,0,162.189,0,0,13,28,0,23,0
25-09 06:51:04,63.216,10.245,25.986,0,0,1628900,11176308,159104,3320704,46135.250,23428.432,0,171.908,0,8.995,3985,1474,2.480,1.670,1.430,1,0,0,0,0,13,29,1,23,0
25-09 06:51:05,40.444,6.990,51.679,0,0,1638372,11166732,159192,3320720,41130.490,25949.348,0,902.760,0,46.936,4273,3091,2.480,1.670,1.430,3,0,0,0,0,13,31,0,22,0
25-09 06:51:06,44.231,6.709,47.710,0,0,1639088,11165976,159208,3320744,25092.509,16586.203,0,79.517,0,6.958,5481,4945,2.280,1.640,1.420,2,0,1.988,0,0,13,31,0,22,0
25-09 06:51:07,45.282,16.421,37.072,0,0,1600856,11204056,159344,3320744,23002.491,14758.099,0,549.361,0,56.727,6568,6258,2.280,1.640,1.420,8,0,62.699,0,0,13,29,0,23,0
25-09 06:51:08,59.756,38.324,2.521,0,0,1517112,11287684,159372,3320816,61957.473,33828.359,0,282.390,0,14.120,5127,3006,2.280,1.640,1.420,4,0,196.665,0,0,13,28,0,23,0
25-09 06:51:09,84.099,16.019,0,0,0,1650068,11154704,159392,3320820,30724.996,15131.728,0,172.202,0,8.009,4650,1474,2.280,1.640,1.420,4,0,2.002,0,0,13,28,0,23,0
25-09 06:51:10,46.946,8.313,41.811,0,0,1712724,11091784,159480,3320988,53478.014,569855.432,0,997.596,0,50.858,4856,3501,2.280,1.640,1.420,4,0,0.978,0,0,13,32,0,23,0
25-09 06:51:11,70.354,10.629,18.980,0,0,1714700,11089768,159504,3321004,22733.022,14332.018,0,113.377,0,9.111,5043,3593,2.340,1.670,1.430,2,0,0,0,0,13,32,0,23,0
25-09 06:51:12,56.011,7.219,34.851,0.249,0,1714728,11089516,159688,3321040,41369.707,26639.478,0,1935.751,0,108.537,7070,6662,2.340,1.670,1.430,4,0,1.992,0,0,13,31,0,24,0
25-09 06:51:13,59.258,24.415,17.294,0,0,1625116,11179052,159736,3321064,10905.462,8319.484,0,260.429,0,23.398,6397,5809,2.340,1.670,1.430,5,0,154.630,0,0,13,28,0,24,0
25-09 06:51:14,55.049,37.612,6.227,0,0,1497784,11306364,159752,3321068,61004.773,33184.572,0,155.431,0,7.971,4860,2792,2.340,1.670,1.430,4,0,172.369,0,0,13,28,0,24,0
25-09 06:51:15,63.605,12.270,22.788,0,0,1601324,11202792,159768,3321084,44812.861,22639.314,0,252.416,0,9.015,3945,1444,2.340,1.670,1.430,3,0,2.003,0,0,13,28,0,24,0
25-09 06:51:16,45.450,7.202,46.195,0,0,1641172,11162820,159872,3321100,40493.668,26485.150,0,584.144,0,44.705,4181,3090,2.150,1.640,1.420,3,0,1.987,0,0,13,35,0,24,0
25-09 06:51:17,50.379,8.230,38.158,0,0,1642476,11161336,159904,3321248,21144.231,12017.146,0,143.655,0,11.971,4475,2990,2.150,1.640,1.420,2,0,0,0,0,13,35,0,24,0
25-09 06:51:18,50.000,6.250,41.500,0,0,1644400,11159320,159960,3321280,24416.197,16214.131,0,228.002,0,27.000,6184,5623,2.150,1.640,1.420,2,0,2.000,0,0,13,34,0,24,0
25-09 06:51:19,46.363,29.733,20.914,0,0,1639312,11164328,160008,3321304,20983.273,11849.769,0,322.525,0,25.197,5578,4522,2.150,1.640,1.420,6,0,185.452,0,0,13,32,0,25,0
25-09 06:51:20,58.410,32.589,8.022,0,0,1570544,11233064,160024,3321320,46088.502,24232.512,0,184.506,0,9.025,4717,2492,2.150,1.640,1.420,3,0,115.317,0,0,13,32,0,25,0
25-09 06:51:21,67.103,16.403,15.160,0,0,1660464,11143140,160024,3321188,44422.247,22725.580,0,83.506,0,1.988,4510,8668,2.460,1.710,1.450,2,0,37.777,0,0,13,32,1,26,0
25-09 06:51:22,38.723,8.494,52.964,0,0,1673452,11130076,160088,3321336,41179.657,26547.728,0,3801.384,0,467.678,4673,2855,2.460,1.710,1.450,3,0,0,0,0,13,35,0,24,0
25-09 06:51:23,47.916,7.487,43.674,0,0,1673412,11130076,160104,3321360,24579.092,15866.302,0,203.644,0,38.932,5430,4817,2.460,1.710,1.450,3,0,0.998,0,0,13,35,0,24,0
25-09 06:51:24,50.596,8.225,40.626,0,0,1585140,11218248,160168,3321396,24032.892,15015.324,0,195.406,0,25.921,5718,4735,2.460,1.710,1.450,3,0,18.942,0,0,13,32,0,27,0
25-09 06:51:25,36.525,46.782,16.011,0,0,1513264,11290068,160184,3321404,15887.793,7595.159,0,184.125,0,13.009,5221,3014,2.460,1.710,1.450,5,0,270.184,0,0,13,32,0,27,0
25-09 06:51:26,57.263,15.004,26.756,0,0,1567400,11235928,160200,3321392,45573.653,26062.092,0,176.041,0,7.002,4168,1744,2.500,1.730,1.460,2,0,0,0,0,13,33,0,27,0
25-09 06:51:27,59.774,9.836,31.526,0,0,1636048,11167200,160264,3321408,45969.121,585465.168,0,762.688,0,37.327,4382,2080,2.500,1.730,1.460,2,0,3.027,0,0,13,34,0,27,0
25-09 06:51:28,43.143,7.232,48.630,0,0,1646312,11156908,160264,3321432,40440.801,25233.480,0,0,0,0,5159,4127,2.500,1.730,1.460,3,0,0,0,0,13,35,0,27,0
25-09 06:51:29,49.173,11.921,37.997,0,0,1615916,11187164,160312,3321460,21409.540,13419.705,0,154.969,0,17.881,5549,4737,2.500,1.730,1.460,3,0,33.775,0,0,13,34,0,27,0
25-09 06:51:30,51.322,17.775,30.293,0,0,1560056,11242876,160376,3321544,20285.652,11929.850,0,256.362,0,26.037,5628,4169,2.500,1.730,1.460,4,0,63.089,0,0,13,32,0,28,0
25-09 06:51:31,58.115,18.869,23.649,0,0,1563328,11239604,160392,3321528,30462.540,16584.277,0,124.785,0,8.051,4464,1904,2.540,1.750,1.460,3,0,23.146,0,0,13,32,0,28,0
25-09 06:51:32,56.845,9.015,34.558,0,0,1607628,11195264,160408,3321548,48278.591,26143.641,0,132.221,0,8.013,3931,1765,2.540,1.750,1.460,4,0,0,0,0,13,33,0,28,0
25-09 06:51:33,42.527,7.417,48.213,0,0,1647212,11155488,160448,3321700,22151.499,16476.649,0,458.893,0,23.736,4265,3194,2.540,1.750,1.460,1,0,2.967,0,0,13,35,0,28,0
25-09 06:51:34,58.407,7.333,34.640,0,0,1647200,11155488,160448,3321712,38000.751,20824.407,0,0,0,0,4208,2917,2.540,1.750,1.460,6,0,0,0,0,13,34,0,23,0
25-09 06:51:35,36.980,12.409,49.389,0,0,1601680,11200808,160488,3321868,37156.520,21831.490,0,190.607,0,17.869,4989,4515,2.540,1.750,1.460,3,0,49.637,0,0,13,33,0,24,0
25-09 06:51:36,32.148,30.653,35.886,0,0,1509988,11292404,160536,3321884,46356.101,25675.636,0,223.292,0,22.927,5477,3555,2.500,1.760,1.470,4,0,182.422,0,0,13,32,0,24,0
25-09 06:51:37,58.874,38.407,3.032,0,0,1551964,11250424,160560,3321864,61057.741,32453.759,0,238.527,0,17.182,5124,2949,2.500,1.760,1.470,5,0,182.938,0,0,13,32,0,24,0
25-09 06:51:38,69.004,31.002,0.250,0,0,1644796,11157548,160600,3321864,45314.376,23735.244,0,524.027,0,30.002,5267,3300,2.500,1.760,1.470,8,0,157.008,0,0,13,32,0,23,0
25-09 06:51:39,72.248,26.999,0.500,0,0,1746940,11055344,160600,3321924,63862.411,37955.056,0,27.999,0,3.000,5435,3818,2.500,1.760,1.470,7,0,168.996,0,0,13,33,0,23,0
25-09 06:51:40,71.483,28.243,1.000,0,0,1822376,10979904,160600,3321928,72544.092,578569.150,0,0,0,0,5836,4120,2.500,1.760,1.470,8,0,162.962,0,0,13,36,0,23,0
25-09 06:51:41,69.341,24.677,2.221,0,0,1867664,10934600,160636,3321908,70128.726,48947.379,0,185.568,0,11.845,6028,4895,2.860,1.850,1.500,6,0,148.059,0,0,13,36,1,23,0
25-09 06:51:42,63.981,26.992,5.248,0,0,1851028,10950980,160668,3322112,83845.039,54617.740,0,3267.027,0,466.861,6956,6697,2.860,1.850,1.500,6,0,168.950,0,0,13,36,0,22,0
25-09 06:51:43,73.759,23.065,2.028,0,0,1829952,10971976,160708,3322148,57770.135,36433.306,0,198.718,0,17.236,5861,5140,2.860,1.850,1.500,8,0,142.955,0,0,13,34,0,23,0
25-09 06:51:44,61.419,34.954,0.749,0,0,1658592,11143220,160796,3322172,68580.204,40065.955,0,455.397,0,36.951,6187,5457,2.860,1.850,1.500,6,0,261.654,0,0,13,32,0,23,0
25-09 06:51:45,67.076,30.785,0,0,0,1641940,11159812,160812,3322232,46573.502,28445.066,0,136.153,0,7.008,5120,3315,2.860,1.850,1.500,5,0,192.217,0,0,13,33,0,23,0
25-09 06:51:46,77.932,19.796,0,0,0,1736432,11065316,160828,3322224,64115.751,35072.918,0,148.346,0,7.016,5044,2659,3.030,1.900,1.520,5,0,47.110,0,0,13,33,0,23,0
25-09 06:51:47,69.160,11.485,17.477,0,0,1799060,11002596,160868,3322272,57906.782,36996.943,0,471.388,0,24.968,4860,3961,3.030,1.900,1.520,2,0,0,0,0,13,37,0,23,0
25-09 06:51:48,68.598,10.439,16.901,0,0,1803680,10997808,160868,3322436,30004.219,20443.233,0,3.977,0,0.994,5332,5103,3.030,1.900,1.520,4,0,1.988,0,0,13,36,0,24,0
25-09 06:51:49,54.097,23.683,19.445,0,0,1772208,11029228,160868,3322488,55619.506,457241.262,0,55.842,0,3.989,6780,7614,3.030,1.900,1.520,4,0,112.681,0,0,13,36,0,24,0
25-09 06:51:50,56.938,20.886,18.151,0,0,1655744,11145688,160868,3322508,56534.204,147126.775,0,15.913,0,1.989,6258,5382,3.030,1.900,1.520,5,0,101.444,0,0,13,33,0,27,0
25-09 06:51:51,34.975,41.266,21.136,0,0,1472200,11329220,160868,3322520,63839.472,35743.381,0,8.052,0,2.013,5510,3481,3.110,1.930,1.530,2,0,273.765,0,0,13,32,0,28,0
25-09 06:51:52,6.487,26.696,64.120,0,0,1461700,11339716,160876,3322516,46094.299,25869.412,0,2522.871,0,381.225,4976,2563,3.110,1.930,1.530,2,0,167.659,0,0,13,32,0,28,0
25-09 06:51:53,8.526,30.091,58.428,0,0,1457632,11343752,160900,3322524,61245.170,32009.300,0,124.378,0,12.037,5099,3262,3.110,1.930,1.530,3,0,201.613,0,0,13,32,0,28,0
25-09 06:51:54,24.962,41.187,31.452,0,0,1462848,11338476,160948,3322532,60885.006,31519.857,0,487.256,0,29.954,5286,3044,3.110,1.930,1.530,6,0,222.660,0,0,13,32,0,27,0
25-09 06:51:55,44.319,44.067,8.813,0,0,1523316,11278008,160948,3322532,61448.909,32758.583,0,20.145,0,5.036,5027,2991,3.110,1.930,1.530,5,0,245.767,0,0,13,33,0,27,0
25-09 06:51:56,55.383,38.844,3.508,0,0,1606072,11195100,160948,3322684,49653.569,27623.519,0,12.029,0,3.007,5201,3507,3.260,1.980,1.550,5,0,254.613,0,0,13,33,0,27,0
25-09 06:51:57,60.376,15.156,22.610,0,0,1687884,11113268,160948,3322704,67176.382,38468.425,0,441.263,0,0.994,5164,3800,3.260,1.980,1.550,3,0,32.797,0,0,13,35,0,27,0
25-09 06:51:58,62.773,17.188,16.939,0,0,1660044,11141044,160996,3322720,52373.843,572571.067,0,247.108,0,18.932,5684,4417,3.260,1.980,1.550,3,0,67.755,0,0,13,35,0,23,0
25-09 06:51:59,57.202,12.096,29.231,0,0,1698072,11102992,161044,3322692,39249.436,23958.495,0,395.125,0,51.407,5468,4549,3.260,1.980,1.550,3,0,0,0,0,13,34,0,24,0
25-09 06:52:00,59.287,22.077,13.891,0,0,1689532,11111404,161100,3322764,20043.339,12386.188,0,265.922,0,24.806,5319,4249,3.260,1.980,1.550,2,0,117.085,0,0,13,34,0,25,0
25-09 06:52:01,62.834,22.369,14.075,0,0,1668440,11132476,161148,3322732,20734.255,12080.237,0,277.475,0,23.123,5068,3338,3.240,2,1.560,4,0,51.273,0,0,13,33,0,26,0
25-09 06:52:02,66.548,16.450,14.955,0,0,1676500,11124332,161164,3322796,19850.744,13108.211,0,171.479,0,7.976,5002,3582,3.240,2,1.560,2,0,33.897,0,0,13,34,0,26,0
25-09 06:52:03,61.699,10.903,24.283,0,0,1723360,11077248,161180,3323000,26043.587,16992.360,0,138.762,0,5.947,4833,3881,3.240,2,1.560,4,0,2.973,0,0,13,35,0,24,0
25-09 06:52:04,53.989,8.789,34.402,0,0,1723296,11077248,161196,3323048,13105.019,12053.363,0,148.658,0,8.036,6403,5964,3.240,2,1.560,3,0,0,0,0,13,36,0,24,0
25-09 06:52:05,51.036,7.967,38.090,0,0,1723232,11077248,161212,3323092,28850.813,20512.837,0,107.548,0,6.971,6971,6987,3.240,2,1.560,3,0,0,0,0,13,36,0,24,0
25-09 06:52:06,54.376,11.832,30.461,0,0,1652108,11148160,161260,3323256,11321.384,10054.614,0,201.394,0,21.146,6846,6582,3.220,2.020,1.560,4,0,31.216,0,0,13,35,0,24,0
25-09 06:52:07,58.404,13.669,24.604,0,0,1690016,11110108,161276,3323380,26566.713,17900.024,0,135.200,0,8.947,6928,6846,3.220,2.020,1.560,4,0,1.988,0,0,13,35,0,23,0
25-09 06:52:08,67.639,14.386,16.657,0,0,1658580,11141412,161356,3323424,7027.394,5896.711,0,314.976,0,33.315,5846,5005,3.220,2.020,1.560,3,0,30.286,0,0,13,33,0,23,0
25-09 06:52:09,63.604,17.779,17.278,0,0,1630964,11168996,161412,3323396,22667.905,14072.912,0,316.515,0,24.039,5159,3822,3.220,2.020,1.560,4,0,32.052,0,0,13,33,0,23,0
25-09 06:52:10,67.522,17.377,12.909,0,0,1666824,11133060,161440,3323444,4386.929,4574.599,0,194.622,0,11.916,4922,3425,3.220,2.020,1.560,3,0,29.789,0,0,13,34,0,23,0
25-09 06:52:11,63.319,12.764,22.775,0,0,1725864,11073840,161456,3323608,9013.789,8276.988,0,144.157,0,8.009,4937,3573,3.200,2.040,1.570,2,0,0,0,0,13,35,0,23,0
25-09 06:52:12,53.139,8.156,35.097,0,0,1735872,11063772,161472,3323648,27284.507,19279.483,0,181.910,0,8.898,6097,5642,3.200,2.040,1.570,3,0,1.977,0,0,13,36,0,23,0
25-09 06:52:13,44.766,8.093,45.524,0,0,1736072,11063520,161488,3323680,10255.129,10385.632,0,153.771,0,10.117,6397,6215,3.200,2.040,1.570,1,0,1.012,0,0,13,36,0,23,0
25-09 06:52:14,43.962,6.744,44.461,0,0,1735880,11063520,161504,3323856,12030.549,10010.304,0,147.872,0,6.994,6643,6477,3.200,2.040,1.570,2,0,0,0,0,13,36,0,23,0
25-09 06:52:15,47.340,7.226,42.357,0,0,1735840,11063520,161520,3323876,30915.824,21348.064,0,107.637,0,6.976,7256,7466,3.200,2.040,1.570,3,0,1.993,0,0,13,35,0,21,0
25-09 06:52:16,52.399,16.974,25.831,0,0,1705908,11093368,161568,3323908,11438.244,10639.220,0,220.420,0,18.696,6632,6464,3.100,2.030,1.580,4,0,61.993,0,0,13,33,0,23,0
25-09 06:52:17,67.981,27.810,4.893,0,0,1494176,11305056,161568,3323952,4520.724,3001.456,0,0,0,0,4773,2806,3.100,2.030,1.580,5,0,182.312,0,0,13,32,0,24,0
25-09 06:52:18,71.834,25.780,0.751,0,0,1594968,11204272,161568,3323960,420.490,74.086,0,12.014,0,2.002,4636,2093,3.100,2.030,1.580,3,0,53.062,0,0,13,32,1,24,0
25-09 06:52:19,74.345,13.222,10.977,0,0,1710212,11088896,161568,3324092,18654.993,11914.088,0,151.683,0,20.956,4357,1817,3.100,2.030,1.580,1,0,0,0,0,13,33,2,23,0
25-09 06:52:20,46.442,8.692,42.220,0,0,1720884,11078128,161632,3324120,15346.171,13901.756,0,476.836,0,31.789,5076,4494,3.100,2.030,1.580,4,0,0,0,0,13,36,0,23,0
25-09 06:52:21,53.153,11.216,30.722,0,0,1737720,11061244,161632,3325084,11480.095,10634.521,0,0,0,0,6551,8943,3.020,2.030,1.580,6,0,35.110,0,0,13,36,0,23,0
25-09 06:52:22,72.783,13.839,12.558,0,0,1729584,11069304,161640,3324132,11758.992,10652.902,0,49.205,0,3.075,6721,16209,3.020,2.030,1.580,3,0,27.678,0,0,13,34,0,26,0
25-09 06:52:23,54.445,22.025,19.798,0,0,1736704,11061848,161848,3324336,16014.709,9293.243,0,1781.832,0,104.930,5663,5658,3.020,2.030,1.580,9,0,43.556,0,0,13,34,0,24,0
25-09 06:52:24,72.274,15.524,11.961,0,0,1691080,11107416,161888,3324348,13873.638,10840.147,0,6299.073,0,668.793,5826,3956,3.020,2.030,1.580,5,0,32.574,0,0,13,33,0,24,0
25-09 06:52:25,65.142,17.653,15.664,0,0,1672244,11126212,161888,3324388,6260.605,5666.867,0,3.978,0,0.995,4483,2311,3.020,2.030,1.580,3,0,29.836,0,0,13,34,0,24,0
25-09 06:52:26,69.278,14.558,14.056,0,0,1736696,11061700,161920,3324412,4780.148,4980.952,0,148.595,0,16.064,4526,2666,3.010,2.050,1.590,2,0,0,0,0,13,34,0,25,0
25-09 06:52:27,61.910,15.664,19.393,0,0,1681700,11116636,161968,3324424,7347.613,6431.648,0,238.688,0,19.891,4954,3351,3.010,2.050,1.590,3,0,62.656,0,0,13,34,0,23,0
25-09 06:52:28,59.734,22.936,15.375,0,0,1710156,11088160,161984,3324428,7713.464,6548.026,0,838.793,0,10.082,5119,4127,3.010,2.050,1.590,3,0,59.482,0,0,13,34,0,23,0
25-09 06:52:29,64.887,14.063,17.517,0,0,1751236,11046872,162000,3324596,22519.428,14426.092,0,138.162,0,7.895,5457,4647,3.010,2.050,1.590,4,0,5.921,0,0,13,35,0,23,0
25-09 06:52:30,52.770,9.459,35.346,0,0,1767816,11030240,162016,3324628,14403.324,13066.143,0,127.445,0,7.965,6607,6024,3.010,2.050,1.590,2,0,1.991,0,0,13,36,0,23,0
25-09 06:52:31,62.634,8.840,28.034,0,0,1767756,11030240,162032,3324672,14267.507,12909.755,0,117.187,0,8.082,6004,5593,2.930,2.050,1.590,3,0,0,0,0,13,35,0,22,0
25-09 06:52:32,50.500,19.556,26.240,0,0,1758512,11039320,162032,3324832,11204.955,9516.686,0,0,0,0,6669,6467,2.930,2.050,1.590,4,0,81.195,0,0,13,34,0,22,1
25-09 06:52:33,71.158,19.246,9.876,0,0,1609704,11188112,162032,3324848,5612.658,4925.890,0,0,0,0,5219,3619,2.930,2.050,1.590,4,0,67.866,0,0,13,32,0,25,0
25-09 06:52:34,69.521,24.847,4.518,0,0,1604660,11193144,162032,3324860,2008.835,1817.087,0,12.047,0,1.004,4583,2073,2.930,2.050,1.590,3,0,81.317,0,0,13,33,0,25,0
25-09 06:52:35,69.759,11.460,16.941,0,0,1709456,11088340,162032,3324868,4649.940,5202.034,0,0,0,0,4071,1680,2.930,2.050,1.590,1,0,0,0,0,13,35,0,23,0
25-09 06:52:36,55.558,9.425,32.740,0,0,1724572,11072996,162096,3325028,30587.798,20463.298,0,511.930,0,31.748,5229,4830,2.860,2.050,1.590,4,0,1.984,0,0,13,35,0,24,0
25-09 06:52:37,58.423,15.348,22.775,0,0,1733488,11063924,162096,3325184,8520.889,8057.464,0,7.922,0,0.990,5428,4947,2.860,2.050,1.590,5,0,33.668,0,0,13,35,0,24,0
25-09 06:52:38,62.537,16.457,20.761,0,0,1736396,11060804,162136,3325348,8696.450,7284.682,0,157.988,0,16.204,6151,5330,2.860,2.050,1.590,4,0,34.433,0,0,13,33,0,26,0
25-09 06:52:39,64.888,20.120,13.330,0,0,1677680,11119468,162184,3325352,4369.105,3421.443,0,233.394,0,21.126,4910,3004,2.860,2.050,1.590,3,0,78.469,0,0,13,33,0,27,0
25-09 06:52:40,48.390,21.061,29.586,0,0,1680396,11116728,162200,3325360,4602.306,2981.621,0,184.534,0,9.026,4509,2453,2.860,2.050,1.590,3,0,62.180,0,0,13,33,0,27,0
25-09 06:52:41,50.216,8.744,40.972,0,0,1696020,11100912,162248,3325500,6718.445,6092.869,0,219.851,0,19.986,3825,2470,2.950,2.080,1.600,3,0,0,0,0,13,33,0,28,0
25-09 06:52:42,43.551,16.176,38.076,0,0,1631600,11165284,162296,3325500,4778.164,6115.054,0,238.908,0,20.904,5006,3517,2.950,2.080,1.600,2,0,61.718,0,0,13,33,0,29,0
25-09 06:52:43,50.801,19.770,28.028,0,0,1587184,11209676,162312,3325524,4072.103,926.934,0,156.157,0,10.010,4562,2424,2.950,2.080,1.600,3,0,61.062,0,0,13,33,0,29,0
25-09 06:52:44,56.935,11.788,29.847,0,0,1658132,11138640,162344,3325576,48772.483,26648.593,0,168.548,0,13.042,5409,3883,2.950,2.080,1.600,2,0,0,0,0,13,33,0,29,0
25-09 06:52:45,32.786,17.883,47.192,0,0,1634468,11162284,162360,3325580,36359.576,21343.628,0,119.221,0,8.942,4373,2604,2.950,2.080,1.600,2,0,87.429,0,0,13,34,0,29,0
25-09 06:52:46,51.993,14.180,31.594,0,0,1636640,11160080,162376,3325592,35635.164,19518.688,0,159.214,0,6.966,4501,3205,2.950,2.100,1.610,3,0,9.951,0,0,13,34,0,29,0
25-09 06:52:47,50.810,8.510,41.049,0,0,1677056,11119612,162392,3325624,23453.732,15394.202,0,108.128,0,7.008,5488,4617,2.950,2.100,1.610,3,0,0,0,0,13,34,0,29,0
25-09 06:52:48,49.312,13.656,37.427,0,0,1534728,11261780,162408,3325768,22947.716,15036.489,0,117.338,0,8.092,5044,3593,2.950,2.100,1.610,3,0,51.588,0,0,13,33,0,31,0
25-09 06:52:49,49.416,20.114,29.799,0,0,1597244,11199192,162440,3325808,16728.034,9516.733,0,190.712,0,13.906,4631,3044,2.950,2.100,1.610,2,0,36.752,0,0,13,33,0,31,0
25-09 06:52:50,62.324,9.762,27.783,0,0,1662732,11133672,162456,3325820,18709.120,9719.492,0,284.336,0,41.049,4671,2655,2.950,2.100,1.610,4,0,0,0,0,13,32,0,32,0
25-09 06:52:51,26.552,18.787,53.855,0,0,1627704,11168684,162456,3325836,9606.766,9123.822,0,16.031,0,3.006,4325,2869,2.880,2.090,1.610,2,0,88.172,0,0,13,34,0,32,0
25-09 06:52:52,30.721,4.707,62.433,0,0,1623600,11172732,162480,3325864,51516.996,28700.273,0,162.524,0,8.919,5111,4945,2.880,2.090,1.610,2,0,0,0,0,13,34,0,27,0
25-09 06:52:53,28.287,4.799,66.424,0.253,0,1617388,11178716,162560,3326012,46457.380,464852.633,0,222.255,0,30.308,5461,5259,2.880,2.090,1.610,4,0,2.021,0,0,13,32,0,29,0
25-09 06:52:54,27.283,25.781,45.805,0,0,1476396,11319700,162560,3326020,33485.547,148561.890,0,4.005,0,1.001,4765,2600,2.880,2.090,1.610,3,0,137.166,0,0,13,32,0,29,0
25-09 06:52:55,39.536,12.930,46.747,0,0,1544688,11251408,162560,3326020,15251.580,7417.914,0,5044.738,0,584.840,4380,1521,2.880,2.090,1.610,2,0,0,0,0,13,32,0,29,0
25-09 06:52:56,29.520,5.504,64.293,0,0,1595672,11200292,162680,3326028,18708.551,12254.221,0,1248.838,0,70.047,3006,1758,2.730,2.080,1.610,1,0,0,0,0,13,34,0,29,0
25-09 06:52:57,33.201,5.492,60.161,0,0,1595648,11200292,162696,3326036,22214.079,14965.821,0,87.870,0,5.991,3807,2843,2.730,2.080,1.610,0,0,1.997,0,0,13,34,0,29,0
25-09 06:52:58,35.753,6.798,56.902,0,0,1555608,11240252,162712,3326096,7996.504,5713.371,0,60.427,0,6.043,5617,5425,2.730,2.080,1.610,2,0,9.064,0,0,13,32,0,31,0
25-09 06:52:59,28.655,25.416,45.100,0,0,1523816,11272028,162712,3326108,15181.530,7433.289,0,578.078,0,2.990,4600,2426,2.730,2.080,1.610,2,0,128.573,0,0,13,32,0,31,0
25-09 06:53:00,39.878,10.219,48.850,0,0,1574384,11221460,162712,3326108,15138.650,7882.865,0,3.988,0,0.997,3158,1422,2.730,2.080,1.610,1,0,1.994,0,0,13,33,0,28,0
25-09 06:53:01,30.969,5.994,62.687,0,0,1600040,11195780,162728,3326116,6540.407,6133.817,0,211.787,0,8.991,2918,1698,2.670,2.070,1.610,1,0,0,0,0,13,34,0,28,0
25-09 06:53:02,33.302,4.473,60.888,0.249,0,1595924,11199852,162760,3326128,21338.110,12579.196,0,111.338,0,12.923,3669,2704,2.670,2.070,1.610,2,0,0,0,0,13,33,0,29,0
25-09 06:53:03,28.794,15.774,54.835,0,0,1569176,11226448,162768,3326272,3872.977,3773.824,0,44.068,0,3.005,4672,3662,2.670,2.070,1.610,1,0,63.097,0,0,13,33,0,29,0
25-09 06:53:04,40.238,8.747,50.735,0,0,1513000,11282584,162800,3326280,17042.896,8867.345,0,111.966,0,11.996,3885,2347,2.670,2.070,1.610,3,0,4.999,0,0,13,32,0,29,0
25-09 06:53:05,32.468,8.306,58.896,0,0,1564096,11231484,162800,3326284,5199.959,4758.994,0,0,0,0,2721,1773,2.670,2.070,1.610,3,0,0,0,0,13,33,0,29,0
25-09 06:53:06,38.718,7.494,53.955,0,0,1603840,11191740,162800,3326284,2836.652,2418.998,0,3.997,0,0.999,3230,1912,2.610,2.070,1.620,2,0,1.998,0,0,13,34,0,29,0
25-09 06:53:07,29.651,5.232,63.537,0,0,1602764,11192624,162800,3326472,24104.183,15982.414,0,11.960,0,1.993,4397,3972,2.610,2.070,1.620,2,0,0,0,0,13,34,0,29,0
25-09 06:53:08,31.004,11.501,56.507,0,0,1519820,11275552,162800,3326488,5055.607,4625.556,0,0,0,0,4461,3429,2.610,2.070,1.620,2,0,43.005,0,0,13,33,0,30,0
25-09 06:53:09,37.394,9.035,53.958,0,0,1486840,11308496,162832,3326508,3447.297,1904.346,0,164.635,0,13.050,3489,2353,2.610,2.070,1.620,2,0,7.027,0,0,13,32,0,31,0
25-09 06:53:10,35.675,8.732,55.384,0,0,1539996,11255324,162848,3326508,16472.460,9248.607,0,115.757,0,6.985,3053,1461,2.610,2.070,1.620,1,0,0,0,0,13,33,0,31,0
25-09 06:53:11,41.375,7.064,51.718,0,0,1568928,11226372,162864,3326512,3857.941,3093.013,0,117.060,0,8.073,3215,1612,2.570,2.070,1.620,2,0,0,0,0,13,33,0,31,0
25-09 06:53:12,26.075,4.967,67.050,0,0,1576952,11218308,162880,3326536,9954.168,9076.064,0,154.960,0,8.940,4367,3893,2.570,2.070,1.620,1,0,1.987,0,0,13,34,0,31,0
25-09 06:53:13,35.601,4.730,59.750,0,0,1577128,11218056,162928,3326552,6074.539,5112.571,0,258.915,0,20.912,4939,4241,2.570,2.070,1.620,2,0,0.996,0,0,13,33,0,32,0
25-09 06:53:14,23.759,20.508,54.020,0,0,1504944,11290068,162960,3326692,19528.287,10815.036,0,108.040,0,12.004,4986,3611,2.570,2.070,1.620,4,0,104.039,0,0,13,32,0,33,0
25-09 06:53:15,25.073,30.589,43.376,0,0,1494752,11300236,162960,3326716,421.224,0,0,2419.028,0,382.110,5468,2708,2.570,2.070,1.620,3,0,180.525,0,0,13,32,0,33,0
25-09 06:53:16,21.879,4.275,73.686,0,0,1531224,11263764,162960,3326716,662.923,148.881,0,0,0,0,1976,1084,2.440,2.050,1.610,1,0,0,0,0,13,32,0,32,0
25-09 06:53:17,13.500,3.250,82.500,0,0,1531120,11263768,163056,3326720,5504.015,4886.013,0,800.002,0,49.000,2247,1893,2.440,2.050,1.610,1,0,0,0,0,13,33,0,32,0
25-09 06:53:18,15.673,2.985,79.608,0.249,0,1525696,11269144,163088,3326732,4933.726,3306.731,0,127.373,0,13.931,3036,2565,2.440,2.050,1.610,2,0,1.990,0,0,13,33,0,32,0
25-09 06:53:19,18.655,2.487,77.606,0,0,1516288,11278496,163128,3326748,62329.483,44882.083,0,143.272,0,16.914,3171,2713,2.440,2.050,1.610,1,0,0,0,0,13,32,0,33,0
25-09 06:53:20,9.270,22.049,68.151,0,0,1456104,11338660,163144,3326752,30099.552,15111.412,0,128.284,0,11.024,4270,2446,2.440,2.050,1.610,2,0,147.326,0,0,13,32,0,30,0
25-09 06:53:21,8.081,22.981,67.933,0,0,1453628,11341104,163176,3326752,15144.259,7683.246,0,262.641,0,16.162,4415,2638,2.320,2.040,1.610,2,0,140.412,0,0,13,32,0,30,0
25-09 06:53:22,28.988,14.866,54.755,0,0,1486904,11307760,163224,3326752,14975.692,7551.769,0,467.774,0,25.767,3723,11845,2.320,2.040,1.610,1,0,35.678,0,0,13,32,0,31,0
25-09 06:53:23,21.144,5.224,72.386,0,0,1516664,11278000,163224,3326752,15454.382,7259.540,0,0,0,0,2112,1154,2.320,2.040,1.610,2,0,0.995,0,0,13,32,0,31,0
25-09 06:53:24,13.586,3.271,82.017,0,0,1525040,11269616,163224,3326760,20745.674,12488.665,0,4.025,0,1.006,2300,1702,2.320,2.040,1.610,3,0,2.013,0,0,13,33,0,30,0
25-09 06:53:25,18.205,4.239,76.560,0,0,1521280,11273304,163224,3326832,17286.000,9160.214,0,11.970,0,2.993,2949,2411,2.320,2.040,1.610,1,0,0,0,0,13,33,0,28,0
25-09 06:53:26,17.473,2.247,79.127,0,0,1517520,11277048,163224,3326848,5034.195,4094.651,0,143.777,0,27.957,2856,2406,2.220,2.020,1.610,1,0,0,0,0,13,32,0,29,0
25-09 06:53:27,15.682,13.153,71.583,0,0,1476048,11318516,163224,3326852,15229.134,7709.673,0,4.047,0,1.012,3036,1751,2.220,2.020,1.610,1,0,48.565,0,0,13,32,0,29,0
25-09 06:53:28,21.847,4.221,72.742,0,0,1490116,11304440,163232,3326852,594.846,0,0,83.418,0,1.986,1970,1060,2.220,2.020,1.610,1,0,0,0,0,13,32,0,29,0
25-09 06:53:29,15.169,5.968,77.585,0,0,1506768,11287784,163232,3326856,17262.629,12147.002,0,0,0,0,2438,1756,2.220,2.020,1.610,0,0,5.968,0,0,13,33,0,27,0
25-09 06:53:30,17.809,4.515,77.256,0,0,1501476,11292944,163232,3326988,5143.034,1950.460,0,12.040,0,2.007,2718,2080,2.220,2.020,1.610,1,0,2.007,0,0,13,33,0,27,0
25-09 06:53:31,16.202,3.240,79.267,0,0,1501372,11293032,163232,3327004,18675.040,11817.222,0,259.237,0,6.979,3306,2935,2.040,1.980,1.600,0,0,0,0,0,13,33,0,27,0
25-09 06:53:32,17.387,3.276,78.871,0,0,1501048,11293216,163264,3327108,4639.516,3299.973,0,149.174,0,12.095,3672,3386,2.040,1.980,1.600,1,0,0,0,0,13,32,0,27,0
25-09 06:53:33,10.710,18.430,68.741,0,0,1439792,11354396,163264,3327180,15730.643,21592.524,0,3.985,0,0.996,3933,2132,2.040,1.980,1.600,1,0,123.534,0,0,13,32,0,25,0
25-09 06:53:34,7.254,27.014,64.284,0,0,1435524,11358636,163264,3327208,56590.532,479270.110,0,0,0,0,5127,2997,2.040,1.980,1.600,1,0,166.087,0,0,13,32,0,25,0
25-09 06:53:35,6.247,25.487,66.215,0,0,1433440,11360696,163288,3327208,64961.843,158496.661,0,227.880,0,11.994,4870,2806,2.040,1.980,1.600,1,0,153.919,0,0,13,32,0,25,0
25-09 06:53:36,17.355,34.215,45.867,0,0,1431920,11362152,163344,3327216,60708.675,31997.136,0,531.567,0,64.462,5476,3298,2.040,1.980,1.600,2,0,186.445,0,0,13,32,0,28,0
25-09 06:53:37,39.841,11.599,48.162,0.504,0,1508092,11285796,163384,3327360,45164.742,23168.389,173.486,355.040,6.052,12.104,3433,1675,2.040,1.980,1.600,3,0,0,0,0,13,32,0,25,0
25-09 06:53:38,45.087,7.473,47.080,0,0,1573944,11219296,163440,3327936,44633.753,22102.152,27.899,414.503,1.993,5.978,3572,1667,2.040,1.980,1.600,3,0,0,0,0,13,32,0,25,0
25-09 06:53:39,38.002,11.501,45.503,4.750,0,1617476,11170724,164564,3331444,29925.933,14658.947,2180.141,4432.286,36.002,402.026,5538,4877,2.040,1.980,1.600,2,0,19.001,0,0,13,36,0,25,0
25-09 06:53:40,42.610,18.085,35.674,2.230,0,1628384,11150856,169496,3335032,14796.668,7295.276,0,22938.204,0,2045.293,13242,16418,2.040,1.980,1.600,2,0,62.429,0,0,13,36,0,25,0
25-09 06:53:41,48.692,14.709,35.251,3.804,0,1543744,11228220,174528,3337044,15984.286,7551.375,0,27133.824,0,2280.426,13117,17154,2.030,1.980,1.600,2,0,55.793,0,0,13,36,0,22,0
25-09 06:53:42,42.475,16.394,33.781,6.458,0,1576516,11189160,179784,3337888,15394.386,7445.820,0,31623.372,0,2454.120,12490,18323,2.030,1.980,1.600,5,0,31.794,0,0,13,36,0,22,0
25-09 06:53:43,46.674,11.041,38.644,4.015,0,1610736,11151372,183336,3337788,45130.976,24001.332,0,16790.494,0,1532.705,9490,12452,2.030,1.980,1.600,3,0,6.022,0,0,13,36,0,22,0
25-09 06:53:44,43.039,12.333,44.298,1.007,0,1599296,11162220,184056,3337660,29945.354,15343.168,0,8444.783,0,433.918,4319,3219,2.030,1.980,1.600,2,0,8.054,0,0,13,32,0,22,0
25-09 06:53:45,45.933,5.492,47.181,0,0,1636612,11124684,184120,3337792,29879.173,15283.582,0,690.986,0,34.949,3259,1462,2.030,1.980,1.600,2,0,1.997,0,0,13,32,0,19,0
25-09 06:53:46,41.595,11.814,44.794,0.738,0,1656340,11104140,184928,3337796,14877.679,7647.553,0,6856.019,0,428.255,4919,4004,2.030,1.990,1.610,2,0,1.969,0,0,13,34,0,19,0
25-09 06:53:47,45.709,15.490,38.599,1.524,0,1654508,11101880,188608,3338076,30814.928,16197.213,0,16447.088,0,1917.743,12896,15859,2.030,1.990,1.610,2,0,0,0,0,13,34,0,19,0
25-09 06:53:48,45.046,14.355,37.869,2.475,0,1648920,11104004,191832,3338220,57361.498,574622.836,0,13266.437,0,1393.966,11969,14555,2.030,1.990,1.610,7,0,4.950,0,0,13,34,0,19,0
25-09 06:53:49,42.518,12.076,45.286,0.252,0,1609608,11142812,192224,3338316,15671.858,7505.344,0,1424.989,0,172.086,4377,3174,2.030,1.990,1.610,2,0,31.197,0,0,13,32,0,17,0
25-09 06:53:50,23.902,16.184,59.008,0,0,1492720,11259656,192256,3338328,30814.741,14998.545,0,470.074,0,20.914,3659,2022,2.030,1.990,1.610,1,0,67.723,0,0,13,32,0,17,0
25-09 06:53:51,22.862,6.030,70.093,0.251,0,1500884,11251088,192648,3338328,59998.608,30859.011,0,4928.116,0,206.008,3284,2537,1.950,1.970,1.600,2,0,2.010,0,0,13,32,0,17,0
25-09 06:53:52,21.144,5.721,71.890,0,0,1530092,11221856,192672,3338328,29476.525,14519.358,0,95.522,0,8.955,2391,1344,1.950,1.970,1.600,1,0,1.990,0,0,13,32,0,17,0
25-09 06:53:53,24.231,3.029,73.197,0,0,1546472,11205476,192672,3338328,30466.912,14865.454,0,0,0,0,2277,1239,1.950,1.970,1.600,1,0,0,0,0,13,32,0,16,0
25-09 06:53:54,21.174,5.231,72.242,0,0,1538892,11213036,192672,3338348,15209.693,7497.231,0,3.986,0,0.996,2286,1385,1.950,1.970,1.600,1,0,3.986,0,0,13,32,0,16,0
25-09 06:53:55,21.609,5.779,72.868,0,0,1532676,11219252,192672,3338348,30912.282,16109.444,0,4.020,0,1.005,2321,1296,1.950,1.970,1.600,1,0,0,0,0,13,32,0,16,0
25-09 06:53:56,21.631,4.179,71.775,0,0,1538136,11213792,192672,3338348,29126.840,14492.628,0,0,0,0,2149,1193,1.870,1.950,1.600,1,0,1.966,0,0,13,32,0,16,0
25-09 06:53:57,22.265,5.003,72.300,0,0,1567368,11184560,192672,3338348,29703.579,15088.454,0,0,0,0,2228,1248,1.870,1.950,1.600,2,0,2.001,0,0,13,32,0,14,0
25-09 06:53:58,23.729,4.796,71.944,0,0,1486704,11265200,192704,3338336,30033.799,15224.907,0,157.520,0,11.107,2382,1444,1.870,1.950,1.600,2,0,1.010,0,0,13,32,0,14,0
25-09 06:53:59,21.607,5.527,72.860,0,0,1505752,11246068,192760,3338360,15716.721,8383.457,0,482.385,0,30.149,2487,1647,1.870,1.950,1.600,1,0,0,0,0,13,32,0,14,0
25-09 06:54:00,23.556,3.471,71.660,0,0,1534132,11217688,192760,3338360,44239.745,22673.316,0,3.967,0,0.992,2266,1216,1.870,1.950,1.600,3,0,0,0,0,13,32,0,14,0
25-09 06:54:01,21.811,6.268,71.701,0,0,1547716,11204100,192760,3338364,29766.454,14781.441,0,40.112,0,2.006,2284,1230,1.800,1.940,1.600,1,0,4.011,0,0,13,32,0,12,0
25-09 06:54:02,22.408,3.237,72.205,1.494,0,1550768,11200824,192776,3338532,15393.060,7266.289,151.381,0,5.976,0,2147,1224,1.800,1.940,1.600,2,0,0,0,0,13,32,0,12,0
25-09 06:54:03,22.060,5.515,72.697,0,0,1481664,11269872,192776,3338584,15272.480,7382.050,0,0,0,0,2329,1332,1.800,1.940,1.600,3,0,1.003,0,0,13,32,0,12,0
25-09 06:54:04,23.166,6.799,69.749,0,0,1508916,11242620,192776,3338584,62584.945,608813.520,0,0,0,0,3085,1932,1.800,1.940,1.600,2,0,4.029,0,0,13,32,0,12,0
25-09 06:54:05,21.639,4.726,72.131,0,0,1538812,11212716,192784,3338584,29952.678,15425.042,0,147.246,0,1.990,2166,1185,1.800,1.940,1.600,1,0,1.990,0,0,13,32,0,10,0
25-09 06:54:06,24.133,3.519,72.902,0,0,1551076,11200452,192784,3338584,29788.300,15280.280,0,8.044,0,2.011,2190,1163,1.740,1.920,1.590,2,0,0,0,0,13,32,0,10,0
25-09 06:54:07,21.402,5.973,70.926,0,0,1566280,11185100,192808,3338700,15502.152,7555.470,0,2122.301,0,221.985,2579,1328,1.740,1.920,1.590,1,0,4.977,0,0,13,32,0,10,0
25-09 06:54:08,22.406,5.228,71.450,0,0,1596516,11154856,192848,3338668,44781.874,23519.197,0,227.046,0,12.946,2521,1602,1.740,1.920,1.590,1,0,0,0,0,13,32,0,10,0
25-09 06:54:09,23.030,4.506,71.844,0,0,1576232,11175044,192880,3338736,29901.973,15229.850,0,308.402,0,18.023,2312,1309,1.740,1.920,1.590,1,0,1.001,0,0,13,32,0,10,0
25-09 06:54:10,20.719,6.490,71.892,0,0,1570780,11180496,192880,3338736,30454.198,15776.273,0,0,0,0,2438,1435,1.740,1.920,1.590,1,0,1.997,0,0,13,32,0,8,0
25-09 06:54:11,23.796,4.008,72.141,0,0,1565696,11185576,192880,3338740,47351.444,24632.089,0,0,0,0,2242,1224,1.680,1.910,1.590,1,0,0,0,0,13,32,0,8,0
25-09 06:54:12,20.279,7.260,72.102,0,0,1574708,11176564,192880,3338740,29605.846,14612.654,0,2219.137,0,42.059,2330,1221,1.680,1.910,1.590,2,0,2.003,0,0,13,32,0,8,0
25-09 06:54:13,23.942,3.242,72.074,0,0,1527020,11224252,192880,3338740,15074.188,7278.226,0,7.981,0,1.995,2077,1032,1.680,1.910,1.590,4,0,2.993,0,0,13,32,0,8,0
25-09 06:54:14,21.820,5.267,73.234,0,0,1524756,11226492,192880,3338764,15040.078,7319.398,0,0,0,0,2177,1198,1.680,1.910,1.590,1,0,1.003,0,0,13,32,0,7,0
25-09 06:54:15,21.730,5.245,71.434,0,0,1559240,11191968,192896,3338768,45203.262,23176.600,0,163.849,0,1.998,2503,1422,1.680,1.910,1.590,1,0,0,0,0,13,32,0,7,0
25-09 06:54:16,22.790,4.258,72.378,0,0,1540356,11210812,192896,3338804,31896.546,16647.513,0,0,0,0,2343,1208,1.620,1.890,1.590,1,0,3.005,0,0,13,32,0,7,0
25-09 06:54:17,20.987,6.746,72.206,0,0,1530880,11220288,192896,3338804,45439.542,22758.248,0,19.988,0,0.999,2391,1370,1.620,1.890,1.590,1,0,0,0,0,13,32,0,7,0
25-09 06:54:18,24.490,4.248,70.720,0,0,1517720,11233444,192920,3338784,38565.648,451704.478,0,279.881,0,38.983,2800,1881,1.620,1.890,1.590,1,0,0,0,0,13,32,0,6,0
25-09 06:54:19,21.260,6.503,71.534,0,0,1560204,11190888,192968,3338808,37620.957,152016.558,0,416.199,0,27.013,2474,1518,1.620,1.890,1.590,1,0,5.002,0,0,13,32,0,6,0
25-09 06:54:20,20.489,6.496,72.210,0,0,1521540,11229444,192968,3338908,15103.626,7291.957,0,0,0,0,2604,1376,1.620,1.890,1.590,3,0,36.979,0,0,13,32,0,6,0
25-09 06:54:21,5.991,23.716,68.401,0,0,1522728,11228196,192976,3338944,61532.783,34501.975,0,83.878,0,0.999,4618,2729,1.570,1.870,1.580,2,0,150.781,0,0,13,32,0,6,0
25-09 06:54:22,8.489,26.965,62.919,0,0,1513552,11237368,192976,3339140,61303.937,31906.850,0,347.552,0,4.994,4805,2779,1.570,1.870,1.580,3,0,176.772,0,0,13,32,0,5,0
25-09 06:54:23,16.529,31.055,50.590,0,0,1495652,11255260,192976,3338948,49582.724,24230.871,0,256.454,0,3.005,5296,11615,1.570,1.870,1.580,2,0,172.305,0,0,13,32,0,6,0
25-09 06:54:24,7.250,24.252,67.254,0,0,1491032,11259864,192988,3338952,57587.721,32114.075,0,356.023,0,6.000,4498,2665,1.570,1.870,1.580,2,0,145.009,0,0,13,32,0,6,0
25-09 06:54:25,6.496,22.736,68.457,0,0,1487200,11263676,192988,3338972,61409.754,33601.073,0,103.935,0,4.997,4530,2618,1.570,1.870,1.580,3,0,126.921,0,0,13,32,0,6,0
25-09 06:54:26,6.764,24.299,67.635,0,0,1481864,11269008,192988,3338972,61068.171,32857.734,0,176.353,0,2.004,4680,2735,1.610,1.880,1.580,1,0,151.303,0,0,13,32,0,5,0
25-09 06:54:27,6.462,25.849,65.865,0,0,1472020,11278852,192988,3338972,58887.072,148222.313,0,31.814,0,0.994,4946,3018,1.610,1.880,1.580,4,0,158.077,0,0,13,32,0,5,0
25-09 06:54:28,7.544,23.386,67.895,0.503,0,1469592,11281228,193016,3338992,64809.482,466553.432,8.047,189.101,2.012,9.053,5167,3183,1.610,1.880,1.580,1,0,139.814,0,0,13,32,0,5,0
25-09 06:54:29,7.502,27.258,64.018,0,0,1473208,11277568,193048,3338996,61136.143,32097.000,0,320.090,0,18.005,4885,2991,1.610,1.880,1.580,1,0,161.045,0,0,13,32,0,5,0
25-09 06:54:30,20.494,6.748,71.978,0,0,1521536,11229240,193048,3338996,59745.725,31306.424,0,0,0,0,2730,1646,1.610,1.880,1.580,1,0,0,0,0,13,32,0,4,0
25-09 06:54:31,22.229,4.995,72.182,0,0,1566408,11184380,193048,3338984,29655.109,14858.026,0,7.992,0,1.998,2393,1311,1.560,1.860,1.580,1,0,3.996,0,0,13,32,0,4,0
25-09 06:54:32,20.762,6.004,72.543,0,0,1575724,11175064,193048,3338984,29707.481,14990.821,0,8.005,0,1.001,2272,1243,1.560,1.860,1.580,1,0,0,0,0,13,32,0,4,0
25-09 06:54:33,23.642,3.018,72.939,0,0,1540876,11209896,193048,3339000,16520.518,7503.199,0,92.558,0,2.012,2208,1131,1.560,1.860,1.580,1,0,1.006,0,0,13,32,0,4,0
25-09 06:54:34,20.633,6.215,72.340,0,0,1532552,11218216,193056,3338996,29862.628,16003.234,0,79.549,0,1.989,2420,1470,1.560,1.860,1.580,1,0,2.983,0,0,13,32,0,4,0
25-09 06:54:35,21.752,5.500,72.005,0,0,1550264,11200512,193056,3338984,44318.180,22669.626,0,0,0,0,2334,1291,1.560,1.860,1.580,1,0,2.000,0,0,13,32,0,4,0
25-09 06:54:36,22.493,4.499,72.976,0,0,1566536,11184240,193056,3338984,30001.329,14735.250,0,23.992,0,1.999,2235,1189,1.510,1.850,1.580,1,0,0,0,0,13,32,0,4,0
25-09 06:54:37,22.254,4.751,72.263,0,0,1519252,11231504,193056,3339004,15053.704,7525.352,0,4.001,0,1.000,2276,1271,1.510,1.850,1.580,1,0,3.001,0,0,13,32,0,4,0
25-09 06:54:38,22.105,5.024,72.345,0,0,1527916,11222852,193072,3338976,45185.182,23944.027,0,466.220,0,46.220,2583,1579,1.510,1.850,1.580,1,0,0,0,0,13,32,0,1,0
25-09 06:54:39,21.901,5.973,71.429,0.498,0,1577760,11172956,193112,3338992,29794.949,15010.466,0,350.423,0,21.901,2381,1410,1.510,1.850,1.580,1,0,1.991,0,0,13,32,0,1,0
25-09 06:54:40,24.497,3.750,71.243,0,0,1559772,11190940,193112,3338996,39126.962,446709.897,0,11.999,0,1.000,2498,1467,1.510,1.850,1.580,1,0,3.000,0,0,13,32,0,1,0
25-09 06:54:41,19.753,7.251,72.011,0,0,1551612,11199088,193112,3339008,18155.756,143953.851,0,0,0,0,2447,1460,1.470,1.830,1.570,1,0,2.000,0,0,13,32,0,1,0
25-09 06:54:42,22.324,5.769,71.739,0,0,1555916,11194804,193112,3338988,30132.292,15690.223,0,4.013,0,1.003,2324,1323,1.470,1.830,1.570,1,0,2.007,0,0,13,32,0,1,0
25-09 06:54:43,22.673,5.232,72.006,0,0,1583120,11167600,193112,3338988,44225.402,21945.766,0,83.717,0,4.983,2413,1397,1.470,1.830,1.570,1,0,1.993,0,0,13,32,0,1,0
25-09 06:54:44,22.765,3.502,72.799,0,0,1533496,11217204,193112,3339008,15104.087,7366.920,0,20.013,0,1.001,2181,1178,1.470,1.830,1.570,1,0,2.001,0,0,13,32,0,1,0
25-09 06:54:45,20.917,6.474,71.964,0,0,1580468,11170232,193120,3339000,30169.146,15872.941,0,87.652,0,1.992,2380,1437,1.470,1.830,1.570,1,0,0,0,0,13,32,0,1,0
25-09 06:54:46,21.971,5.742,71.654,0,0,1600840,11149860,193120,3339000,44017.121,23013.217,0,0,0,0,2250,1275,1.430,1.820,1.570,1,0,3.995,0,0,13,32,0,1,0
25-09 06:54:47,22.582,4.767,72.263,0,0,1616276,11134424,193120,3339000,29911.741,15133.015,0,12.044,0,1.004,2069,1142,1.430,1.820,1.570,1,0,0,0,0,13,32,0,1,0
25-09 06:54:48,22.753,4.751,72.759,0,0,1568712,11181940,193140,3339028,14993.867,7458.929,4.000,160.020,1.000,9.001,2248,1367,1.430,1.820,1.570,1,0,1.000,0,0,13,32,0,1,0
25-09 06:54:49,21.256,6.252,71.519,0.250,0,1591732,11158940,193180,3338968,15891.188,7459.966,0,920.243,0,152.040,2629,1621,1.430,1.820,1.570,1,0,2.001,0,0,13,32,0,1,0
25-09 06:54:50,22.189,4.238,72.300,0,0,1614740,11135900,193180,3339000,59198.200,31020.168,0,0,0,0,2315,1314,1.430,1.820,1.570,1,0,1.994,0,0,13,32,0,1,0
25-09 06:54:51,23.762,3.752,72.285,0,0,1621656,11128980,193180,3339004,30339.797,15275.450,0,28.014,0,1.000,2149,1203,1.400,1.810,1.570,1,0,0,0,0,13,32,0,1,0
25-09 06:54:52,21.725,5.743,72.166,0,0,1574996,11175612,193180,3339032,15160.396,7449.350,0,0,0,0,2237,1320,1.400,1.810,1.570,2,0,2.997,0,0,13,32,0,1,0
25-09 06:54:53,23.714,4.743,71.891,0,0,1572708,11177984,193188,3338940,44961.138,23853.996,0,131.801,0,3.994,2299,1354,1.400,1.810,1.570,1,0,0,0,0,13,32,0,1,0
25-09 06:54:54,20.527,6.759,71.595,0,0,1600772,11149812,193284,3338948,29855.610,15098.031,0,1273.690,0,63.084,2401,1496,1.400,1.810,1.570,1,0,3.004,0,0,13,32,0,1,0
25-09 06:54:55,24.587,2.760,72.256,0,0,1603024,11147560,193284,3338948,30095.592,15456.744,0,92.327,0,3.011,2106,1096,1.400,1.810,1.570,1,0,2.007,0,0,13,32,0,1,0
25-09 06:54:56,22.161,5.727,70.965,0,0,1550176,11200324,193284,3339032,24730.713,443453.652,0,0,0,0,2478,1451,1.370,1.790,1.560,2,0,0.996,0,0,13,32,0,1,0
25-09 06:54:57,22.568,4.514,72.217,0,0,1582176,11168336,193284,3339020,33521.906,143243.184,0,12.036,0,1.003,2240,1248,1.370,1.790,1.560,1,0,1.003,0,0,13,32,0,1,0
25-09 06:54:58,20.743,7.497,71.975,0,0,1560024,11190496,193284,3339012,44768.734,23412.017,0,15.995,0,2.999,2507,1489,1.370,1.790,1.560,1,0,2.999,0,0,13,32,0,1,0
25-09 06:54:59,22.941,4.538,72.856,0,0,1560024,11190496,193284,3339012,44814.695,23118.260,0,0,0,0,2244,1267,1.370,1.790,1.560,1,0,0,0,0,13,32,0,1,0
25-09 06:55:00,20.549,6.189,72.045,0,0,1580680,11169832,193292,3339012,29676.651,15092.340,0,257.481,0,40.603,2300,1269,1.370,1.790,1.560,1,0,1.981,0,0,13,32,0,1,0
25-09 06:55:01,26.227,11.490,52.953,8.243,0,1519380,11230828,193332,3339220,15282.515,7827.094,203.820,75.933,19.982,4.996,3509,1933,1.420,1.800,1.570,2,0,76.932,0,0,13,32,0,1,0
25-09 06:55:02,25.830,22.319,46.143,3.762,0,1550128,11199852,193376,3339400,15278.360,7643.694,204.634,0,13.040,0,4717,2753,1.420,1.800,1.570,4,0,171.532,0,0,13,32,0,1,0
25-09 06:55:03,28.005,23.296,44.361,2.974,0,1574112,11175644,193392,3339532,44395.015,23091.673,158.610,31.722,10.904,5.948,4732,2831,1.420,1.800,1.570,2,0,166.541,0,0,13,32,0,1,0
25-09 06:55:04,28.895,23.116,45.981,0.503,0,1560296,11188964,193396,3340000,30361.321,15057.543,482.420,32.161,9.045,3.015,4859,2885,1.420,1.800,1.570,2,0,168.847,0,0,13,32,0,1,0
25-09 06:55:05,21.336,6.275,72.542,0,0,1571944,11177320,193396,3339996,30279.869,15930.115,0,0,0,0,2398,1388,1.420,1.800,1.570,3,0,0,0,0,13,32,0,1,0
25-09 06:55:06,21.239,5.997,71.962,0,0,1596820,11152424,193408,3340000,45148.228,23193.788,0,147.922,0,2.998,2342,1270,1.380,1.780,1.560,3,0,1.999,0,0,13,32,0,1,0
25-09 06:55:07,23.481,5.995,69.694,0,0,1602248,11146956,193408,3340040,29660.253,15035.962,0,19.984,0,2.998,2317,1244,1.380,1.780,1.560,1,0,1.998,0,0,13,32,0,1,0
25-09 06:55:08,15.026,14.275,70.371,0,0,1553312,11195856,193408,3340076,15197.213,7537.000,0,192.332,0,36.062,3440,1904,1.380,1.780,1.560,1,0,88.152,0,0,13,32,0,1,0
25-09 06:55:09,5.995,25.977,66.440,0,0,1532108,11217060,193408,3340076,60645.331,32710.513,0,119.892,0,4.995,4796,2812,1.380,1.780,1.560,3,0,169.847,0,0,13,32,0,1,0
25-09 06:55:10,7.762,25.539,65.100,0,0,1517172,11231932,193408,3340140,72832.872,603661.227,0,604.929,0,113.174,5324,3141,1.380,1.780,1.560,2,0,164.252,0,0,13,32,0,1,0
25-09 06:55:11,16.729,23.720,58.175,0.749,0,1509052,11240056,193412,3340136,45166.059,24254.885,51.933,7.990,2.996,1.997,4300,2637,1.510,1.800,1.570,1,0,130.832,0,0,13,32,0,1,0
25-09 06:55:12,22.531,4.757,72.099,0,0,1527712,11221308,193424,3340208,44844.682,23067.729,0,148.204,0,2.003,2532,1471,1.510,1.800,1.570,1,0,0,0,0,13,32,0,1,0
25-09 06:55:13,23.989,3.498,72.466,0,0,1546132,11202888,193424,3340208,29669.963,14585.100,0,59.972,0,4.998,2274,1173,1.510,1.800,1.570,1,0,1.999,0,0,13,32,0,1,0
25-09 06:55:14,21.005,5.501,72.018,0,0,1521160,11227592,193424,3340472,29690.389,14661.649,0,0,0,0,2390,1348,1.510,1.800,1.570,1,0,10.002,0,0,13,32,0,1,0
25-09 06:55:15,20.241,7.747,71.719,0,0,1513420,11235332,193424,3340472,44890.760,24875.338,0,0,0,0,2544,1653,1.510,1.800,1.570,1,0,0,0,0,13,32,0,1,0
25-09 06:55:16,22.895,4.231,71.919,0,0,1537864,11210888,193424,3340472,29785.964,14672.497,0,0,0,0,2134,1110,1.470,1.790,1.570,1,0,1.991,0,0,13,32,0,1,0
25-09 06:55:17,17.319,13.303,69.528,0,0,1515660,11233068,193432,3340488,30592.507,22624.600,0,140.563,0,2.008,3020,1645,1.470,1.790,1.570,2,0,63.253,0,0,13,32,0,1,0
25-09 06:55:18,7.792,27.398,63.343,0.754,0,1504284,11244328,193432,3340604,46881.881,50547.733,40.218,28.152,2.011,1.005,4642,2762,1.470,1.790,1.570,1,0,162.882,0,0,13,32,0,1,0
25-09 06:55:19,6.469,23.887,67.680,0,0,1488844,11259764,193432,3340608,60533.501,32747.012,0,183.133,0,5.972,4645,2726,1.470,1.790,1.570,1,0,148.298,0,0,13,32,0,1,0
25-09 06:55:20,6.993,23.476,67.181,0,0,1484244,11264360,193432,3340612,72324.001,462087.211,0,55.943,0,1.998,4786,2878,1.470,1.790,1.570,2,0,143.853,0,0,13,32,0,1,0
25-09 06:55:21,7.003,26.260,65.525,0,0,1475156,11273440,193432,3340620,63698.545,140994.329,0,56.022,0,2.001,4811,2725,1.430,1.780,1.560,2,0,155.060,0,0,13,32,0,1,0
25-09 06:55:22,7.492,23.973,66.674,0,0,1471568,11277020,193440,3340620,46082.758,26729.698,0,115.869,0,2.997,4634,2723,1.430,1.780,1.560,1,0,154.824,0,0,13,32,0,1,0
25-09 06:55:23,18.665,32.538,48.176,0,0,1484368,11264024,193440,3344120,61847.233,32079.847,0,177.571,0,2.018,5346,9812,1.430,1.780,1.560,5,0,184.634,0,0,14,33,0,0,0
25-09 06:55:24,7.440,25.294,64.476,0,0,1469916,11278672,193440,3340620,60447.642,31692.384,0,7.935,0,1.984,4948,4448,1.430,1.780,1.560,2,0,160.694,0,0,13,32,0,1,0
25-09 06:55:25,6.510,26.038,66.097,0,0,1442824,11305756,193440,3340628,61296.584,31922.654,0,4.006,0,1.001,4600,2798,1.430,1.780,1.560,1,0,159.233,0,0,13,32,0,1,0
25-09 06:55:26,6.501,26.005,66.512,0,0,1448460,11300104,193440,3340632,45787.189,24472.377,0,176.031,0,2.000,4618,2732,1.400,1.760,1.560,3,0,161.029,0,0,13,32,0,1,0
25-09 06:55:27,6.251,24.253,67.508,0,0,1448780,11299780,193448,3340632,60947.228,32551.860,0,356.042,0,5.001,4552,2645,1.400,1.760,1.560,2,0,149.018,0,0,13,32,0,1,0
25-09 06:55:28,7.733,25.695,64.611,0,0,1446388,11302164,193448,3340640,72147.493,488165.807,0,439.054,0,4.989,5209,3066,1.400,1.760,1.560,2,0,158.658,0,0,13,32,0,1,0
25-09 06:55:29,7.743,25.227,65.440,0,0,1447904,11300644,193448,3340640,64642.895,154472.762,0,351.678,0,3.996,4761,2701,1.400,1.760,1.560,2,0,148.864,0,0,13,32,0,1,0
25-09 06:55:30,7.518,27.818,63.656,0,0,1452624,11295920,193448,3340644,45957.982,24514.265,0,268.660,0,4.010,4654,2666,1.400,1.760,1.560,1,0,154.380,0,0,13,32,0,1,0
25-09 06:55:31,6.277,25.862,67.039,0,0,1456828,11291716,193448,3340644,61083.494,32074.358,0,449.941,0,7.030,4838,2752,1.370,1.750,1.560,1,0,159.689,0,0,13,32,0,1,0
25-09 06:55:32,6.204,24.322,66.264,0,0,1457700,11290832,193456,3340648,60495.332,32350.742,0,337.525,0,4.964,4626,2667,1.370,1.750,1.560,3,0,153.872,0,0,13,32,0,1,0
25-09 06:55:33,6.521,25.080,67.215,0,0,1450100,11298432,193456,3340648,61529.863,32453.835,0,441.412,0,5.016,4656,2687,1.370,1.750,1.560,2,0,159.510,0,0,13,32,0,1,0
25-09 06:55:34,7.249,24.247,67.492,0,0,1444608,11303920,193456,3340652,45953.782,23995.275,0,267.970,0,4.000,4650,2689,1.370,1.750,1.560,1,0,149.983,0,0,13,32,0,1,0
25-09 06:55:35,6.497,23.241,68.723,0,0,1450120,11298396,193456,3340664,61084.284,34400.644,0,59.977,0,2.999,4592,2723,1.370,1.750,1.560,1,0,152.941,0,0,13,32,0,1,0
25-09 06:55:36,6.749,24.248,66.494,0,0,1440056,11308452,193456,3340672,71336.726,474194.296,0,55.995,0,2.000,5106,3037,1.260,1.720,1.550,2,0,153.986,0,0,13,32,0,1,0
25-09 06:55:37,7.243,23.978,67.438,0,0,1437952,11310552,193464,3340668,64043.451,154692.580,0,163.850,0,6.994,4713,2777,1.260,1.720,1.550,1,0,151.861,0,0,13,32,0,1,0
25-09 06:55:38,6.722,23.651,67.469,0,0,1441888,11306600,193464,3340684,61104.381,32837.169,0,55.768,0,1.992,4644,2742,1.260,1.720,1.550,3,0,147.386,0,0,13,32,0,1,0
25-09 06:55:39,6.287,24.647,67.904,0,0,1443900,11304588,193464,3340684,46234.939,24185.822,0,177.053,0,5.030,4603,2677,1.260,1.720,1.550,1,0,148.885,0,0,13,32,0,1,0
25-09 06:55:40,6.744,25.477,66.939,0,0,1445884,11302596,193464,3340688,61183.688,33223.965,0,95.913,0,2.997,4643,2710,1.260,1.720,1.550,1,0,148.865,0,0,13,32,0,1,0
25-09 06:55:41,6.506,25.523,65.810,0,0,1449144,11299328,193464,3340696,61115.639,32007.139,0,684.623,0,151.138,5063,2827,1.240,1.710,1.540,1,0,170.155,0,0,13,32,0,1,0
25-09 06:55:42,6.246,25.483,66.956,0,0,1436452,11312012,193472,3340696,61300.270,31646.973,0,143.904,0,6.995,4687,2756,1.240,1.710,1.540,1,0,161.892,0,0,13,32,0,1,0
25-09 06:55:43,5.696,24.766,66.126,0,0,1436460,11312004,193472,3340696,48795.511,23741.945,0,19.813,0,4.953,4605,2727,1.240,1.710,1.540,3,0,157.514,0,0,13,32,0,1,0
25-09 06:55:44,9.793,23.604,65.790,0,0,1436632,11311816,193472,3340708,75061.806,494764.483,0,514.266,0,53.235,5313,3102,1.240,1.710,1.540,1,0,126.558,0,0,13,32,0,1,0
25-09 06:55:45,23.099,34.027,39.740,0,0,1434440,11308208,193472,3346488,62778.580,145903.818,0,3.974,0,0.993,8885,14351,1.240,1.710,1.540,7,0,108.290,0,0,13,32,0,1,0
25-09 06:55:46,15.166,34.124,50.554,0,0,1431880,11307984,193484,3349104,46285.888,24322.360,0,250.746,0,5.055,6666,6434,1.300,1.710,1.550,4,0,187.048,0,0,13,33,0,1,0
25-09 06:55:47,21.112,34.525,41.479,0,0,1453356,11286412,193556,3349120,60676.003,32827.752,0,512.654,0,31.793,5482,3427,1.300,1.710,1.550,2,0,178.833,0,0,13,32,0,3,0
25-09 06:55:48,28.073,33.337,37.348,0,0,1491612,11248144,193556,3349132,61417.637,33403.366,0,16.042,0,4.010,5127,2814,1.300,1.710,1.550,4,0,178.467,0,0,13,32,0,3,0
25-09 06:55:49,39.958,41.728,18.462,0,0,1521220,11218428,193624,3349124,46113.580,24148.807,0,400.592,0,27.313,5403,3313,1.300,1.710,1.550,4,0,212.435,0,0,13,32,0,5,0
25-09 06:55:50,59.159,23.464,17.972,0,0,1630960,11108396,193732,3349300,59791.288,30642.997,0,543.167,0,27.957,4902,2824,1.300,1.710,1.550,4,0,74.885,0,0,13,32,0,7,0
25-09 06:55:51,63.243,12.058,22.639,0.246,0,1709268,11025344,194436,3352560,29218.535,14508.867,15.749,3531.738,0.984,186.036,5568,3878,1.590,1.770,1.570,3,0,4.922,0,0,13,34,0,8,0
25-09 06:55:52,51.168,22.072,21.821,3.261,0,1731788,10991620,199600,3358040,30071.478,14868.692,429.406,31992.769,9.030,2392.836,13313,17586,1.590,1.770,1.570,4,0,66.217,0,0,13,38,0,8,0
25-09 06:55:53,48.112,20.548,26.061,5.262,0,1729328,10982296,205996,3363036,15494.022,7379.156,0,51692.179,0,3359.811,17041,23330,1.590,1.770,1.570,7,0,42.098,0,0,13,36,0,8,0
25-09 06:55:54,39.856,25.907,26.156,5.978,0,1745380,10955532,211100,3368288,14996.919,7335.547,0,30812.885,0,2295.721,13871,18592,1.590,1.770,1.570,5,0,105.619,0,0,13,36,0,8,0
25-09 06:55:55,49.212,20.338,23.853,6.528,0,1778620,10912788,216528,3372056,15056.873,7393.857,0,50529.709,0,2944.687,15360,21409,1.590,1.770,1.570,5,0,56.242,0,0,13,36,0,8,0
25-09 06:55:56,44.176,17.621,29.285,6.453,0,1780936,10901720,222116,3374920,17287.112,12174.638,0,43171.123,0,2841.146,15285,20409,1.710,1.790,1.570,15,0,35.738,0,0,13,37,0,8,0
25-09 06:55:57,53.525,19.188,21.713,5.807,0,1776344,10899196,227356,3376584,4450.623,1830.946,0,51815.873,0,4738.444,15272,19531,1.710,1.790,1.570,4,0,30.297,0,0,13,37,0,8,0
25-09 06:55:58,47.775,16.253,26.597,6.403,0,1770780,10895668,232540,3380236,32262.705,565796.150,0,35935.011,0,2512.890,13797,19906,1.710,1.790,1.570,8,1,40.387,0,0,13,36,0,9,0
25-09 06:55:59,53.165,22.173,19.653,4.031,0,1730520,10930592,236392,3381556,792.178,66.519,0,27550.848,0,2045.955,12121,16838,1.710,1.790,1.570,4,0,90.707,0,0,13,36,0,9,0
25-09 06:56:00,41.298,33.951,21.789,3.547,0,1699604,10956900,239988,3382456,15502.792,7625.221,0,28064.543,0,2032.987,12965,16557,1.710,1.790,1.570,4,0,119.587,0,0,13,34,0,9,0
25-09 06:56:01,46.646,29.030,19.353,2.977,0,1714532,10937860,243308,3383144,535.931,220.327,0,25423.002,0,1787.431,11299,14243,2.290,1.910,1.610,6,0,130.013,0,0,13,34,1,9,0
25-09 06:56:02,38.938,28.387,24.116,8.039,0,1687588,10956716,247148,3387648,20353.191,12558.587,3271.784,21925.777,43.208,1886.099,12962,18347,2.290,1.910,1.610,9,0,104.504,0,0,13,37,0,9,0
25-09 06:56:03,46.084,30.723,15.849,3.170,0,1651916,10986908,250520,3389616,3177.598,1770.209,0,25705.581,0,1779.962,12896,17865,2.290,1.910,1.610,15,2,84.853,0,0,13,37,0,9,0
25-09 06:56:04,46.897,27.933,22.295,4.869,0,1650612,10983360,253960,3390232,4181.286,3524.212,340.325,20522.026,69.705,1721.103,11925,16187,2.290,1.910,1.610,4,1,52.279,0,0,13,37,0,9,0
25-09 06:56:05,45.354,25.917,22.428,3.738,0,1673512,10956520,256500,3391508,18983.885,11195.957,1375.572,18246.259,77.750,1441.360,11459,14979,2.290,1.910,1.610,4,0,73.763,0,0,13,37,0,9,0
25-09 06:56:06,42.600,27.815,24.307,3.508,0,1682388,10943440,259600,3392492,4100.633,4029.465,797.874,21526.567,13.031,1776.172,12603,17092,2.590,1.980,1.640,4,0,122.287,0,0,13,37,0,9,0
25-09 06:56:07,38.743,13.248,39.243,5.249,0,1677400,10942180,264024,3394136,3547.374,2297.594,0,29062.867,0,2376.580,14254,19580,2.590,1.980,1.640,2,1,31.994,0,0,13,36,0,9,0
25-09 06:56:08,38.405,20.318,35.432,5.699,0,1612316,11000496,268644,3396108,30001.607,15021.121,0,32516.030,0,2560.013,15744,20106,2.590,1.980,1.640,3,1,56.493,0,0,13,36,0,9,0
25-09 06:56:09,43.428,15.815,35.646,5.523,0,1647796,10959672,271748,3398188,45006.932,22044.580,0,30834.699,0,2480.191,15045,19146,2.590,1.980,1.640,4,0,39.161,0,0,13,36,0,9,0
25-09 06:56:10,32.065,15.782,44.089,6.263,0,1653240,10949872,274600,3399572,20803.883,12206.575,0,40353.240,0,2879.798,15575,21265,2.590,1.980,1.640,4,0,29.059,0,0,13,37,0,9,0
25-09 06:56:11,38.077,13.937,39.819,5.724,0,1650180,10948864,276492,3401648,31476.223,17365.231,0,33113.795,0,2540.476,15118,20543,2.620,1.990,1.650,9,0,56.743,0,0,13,37,0,9,0
25-09 06:56:12,35.420,13.314,43.709,5.778,0,1650796,10944356,278784,3403180,19473.276,10841.932,0,21957.173,0,2089.006,14477,19793,2.620,1.990,1.650,3,0,48.231,0,0,13,37,0,9,0
25-09 06:56:13,33.787,12.514,44.549,5.506,0,1650420,10939104,282604,3404804,19108.111,11295.480,0,25223.868,0,2287.527,14250,19539,2.620,1.990,1.650,5,0,26.029,0,0,13,37,0,9,0
25-09 06:56:14,35.496,12.499,43.995,5.499,0,1651568,10931796,287284,3406184,5810.353,4341.517,0,34680.140,0,2562.715,14849,19953,2.620,1.990,1.650,2,0,21.998,0,0,13,37,0,9,0
25-09 06:56:15,35.996,19.748,37.745,4.749,0,1572596,11004404,291392,3408164,16611.970,8550.955,0,30756.241,0,2231.727,13081,17291,2.620,1.990,1.650,3,0,73.991,0,0,13,36,0,10,0
25-09 06:56:16,39.583,15.783,40.836,4.509,0,1611144,10962572,294212,3408540,15082.650,7459.654,0,18967.803,0,1409.959,9981,11940,2.650,2.010,1.650,2,0,32.067,0,0,13,34,0,11,0
25-09 06:56:17,32.939,17.218,48.660,0.499,0,1527540,11045736,294644,3408540,773.574,522.037,0,5098.598,0,268.505,4879,3088,2.650,2.010,1.650,1,0,74.862,0,0,13,33,0,11,0
25-09 06:56:18,20.051,24.312,54.390,0,0,1527964,11045232,294684,3408572,35911.217,34702.112,0,613.576,0,33.085,4784,2928,2.650,2.010,1.650,1,0,137.353,0,0,13,33,0,11,0
25-09 06:56:19,17.250,4.000,77.499,0.250,0,1527820,11045008,295020,3408596,48095.182,26081.556,0,6011.898,0,294.995,4324,4313,2.650,2.010,1.650,3,0,2.000,0,0,13,33,0,11,0
25-09 06:56:20,14.747,4.499,79.236,0,0,1527416,11045008,295400,3408612,34518.703,19012.532,0,7438.643,0,472.914,4707,4206,2.650,2.010,1.650,2,0,0,0,0,13,33,0,11,0
25-09 06:56:21,14.176,2.985,81.079,0,0,1527400,11045008,295400,3408628,19292.895,11748.043,0,0,0,0,3504,3299,2.520,1.990,1.650,0,0,0,0,0,13,33,0,11,0
25-09 06:56:22,18.831,4.017,76.830,0,0,1455668,11116608,295432,3408728,18145.852,9709.658,0,249.069,0,18.078,3301,2869,2.520,1.990,1.650,2,0,9.039,0,0,13,32,0,11,0
25-09 06:56:23,18.271,10.512,70.831,0.250,0,1483456,11088724,295500,3408764,15941.134,7532.569,0,3624.123,0,455.518,3200,1741,2.520,1.990,1.650,1,0,23.026,0,0,13,32,0,11,0
25-09 06:56:24,33.990,13.496,51.985,0,0,1533796,11038340,295544,3408764,15241.517,8264.569,0,547.839,0,30.991,3760,13105,2.520,1.990,1.650,0,0,36.989,0,0,13,33,0,12,0
25-09 06:56:25,15.244,4.748,80.216,0,0,1530128,11041840,295696,3408772,20112.492,12213.833,0,6453.270,0,135.942,2575,2015,2.520,1.990,1.650,1,0,1.999,0,0,13,33,0,11,0
25-09 06:56:26,14.320,2.764,82.656,0,0,1530600,11041364,295696,3408776,19234.529,11987.915,0,0,0,0,3337,3261,2.320,1.960,1.640,0,0,0,0,0,13,33,0,11,0
25-09 06:56:27,14.918,2.984,80.309,0,0,1529944,11041860,295696,3408932,5605.231,4185.027,0,0,0,0,3591,3445,2.320,1.960,1.640,2,0,0,0,0,13,33,0,11,0
25-09 06:56:28,16.011,3.002,79.306,0,0,1530636,11041148,295696,3408952,19639.965,11338.062,0,0,0,0,3781,3674,2.320,1.960,1.640,1,0,2.001,0,0,13,33,0,11,0
25-09 06:56:29,15.506,8.253,75.531,0,0,1482064,11089588,295696,3409084,3454.434,2915.210,0,0,0,0,3119,2181,2.320,1.960,1.640,1,0,45.019,0,0,13,32,0,12,0
25-09 06:56:30,18.490,10.994,70.213,0,0,1478848,11092776,295712,3409084,746.606,0,0,243.871,0,8.995,2438,1473,2.320,1.960,1.640,1,0,15.992,0,0,13,32,0,12,0
25-09 06:56:31,18.940,4.237,75.013,0,0,1516120,11055520,295712,3409084,15856.866,8653.640,0,0,0,0,2126,1200,2.290,1.960,1.640,1,0,1.994,0,0,13,33,0,12,0
25-09 06:56:32,15.554,4.014,80.782,0,0,1516116,11055520,295728,3409072,5495.187,4876.025,0,88.308,0,9.032,2410,1860,2.290,1.960,1.640,0,0,0,0,0,13,33,0,12,0
25-09 06:56:33,16.492,2.998,78.960,0.250,0,1512844,11058724,295764,3409104,27121.150,448852.787,0,715.635,0,96.950,3789,3455,2.290,1.960,1.640,1,0,0,0,0,13,32,0,13,0
25-09 06:56:34,17.730,9.988,71.667,0,0,1475992,11095576,295764,3409104,918.938,65.924,0,0,0,0,2725,1569,2.290,1.960,1.640,1,0,36.957,0,0,13,32,0,13,0
25-09 06:56:35,21.524,5.006,73.081,0,0,1523868,11047696,295768,3409104,959.069,0,0,68.076,0,4.004,2110,1131,2.290,1.960,1.640,1,0,0,0,0,13,32,0,13,0
25-09 06:56:36,12.757,2.752,83.547,0,0,1534996,11036568,295768,3409104,5479.108,5036.857,0,4.002,0,1.001,2030,1512,2.110,1.930,1.630,1,0,0,0,0,13,33,0,13,0
25-09 06:56:37,17.242,3.748,78.214,0,0,1532412,11039108,295796,3409120,20193.751,136947.275,0,167.923,0,17.992,2647,2095,2.110,1.930,1.630,1,0,2.999,0,0,13,32,0,14,0
25-09 06:56:38,14.257,13.256,71.535,0,0,1499544,11071972,295816,3409104,540.263,0,0,256.125,0,14.007,3202,1860,2.110,1.930,1.630,1,0,60.029,0,0,13,32,0,14,0
25-09 06:56:39,21.999,4.750,72.496,0,0,1512096,11059372,295844,3409124,718.956,0,0,243.985,0,15.999,2117,1158,2.110,1.930,1.630,2,0,0,0,0,13,32,0,14,0
25-09 06:56:40,12.992,3.498,82.701,0,0,1527924,11043536,295844,3409132,20286.960,12277.713,0,0,0,0,2167,1662,2.110,1.930,1.630,1,0,1.999,0,0,13,33,0,14,0
25-09 06:56:41,16.249,4.750,78.244,0,0,1529680,11041772,295844,3409140,3782.699,3280.739,0,31.997,0,2.000,2740,2310,2.100,1.930,1.630,0,0,0,0,0,13,33,0,14,0
25-09 06:56:42,18.180,3.487,76.706,0,0,1490232,11081088,295844,3409272,3394.981,2220.485,0,3.985,0,0.996,3045,2412,2.100,1.930,1.630,1,0,11.954,0,0,13,32,0,15,0
25-09 06:56:43,16.820,11.548,71.045,0,0,1516864,11054440,295844,3409288,480.998,0,0,1558.474,0,290.206,3268,1588,2.100,1.930,1.630,1,0,33.138,0,0,13,32,0,15,0
25-09 06:56:44,20.259,3.752,75.285,0,0,1557060,11014244,295844,3409288,628.293,523.244,0,0,0,0,2021,1121,2.100,1.930,1.630,0,0,1.000,0,0,13,33,0,15,0
25-09 06:56:45,15.249,3.750,80.745,0,0,1553108,11018184,295852,3409292,20148.851,11893.322,0,83.995,0,2.000,2223,1601,2.100,1.930,1.630,1,0,0,0,0,13,33,0,15,0
25-09 06:56:46,13.995,2.999,81.471,0,0,1550996,11020296,295852,3409292,4979.245,4555.395,0,0,0,0,3296,3104,1.930,1.900,1.630,0,0,1.999,0,0,13,33,0,15,0
25-09 06:56:47,14.956,7.229,76.276,0,0,1457092,11114144,295892,3409308,2590.393,1292.205,0,131.613,0,15.953,3222,2478,1.930,1.900,1.630,1,0,30.909,0,0,13,32,0,16,0
25-09 06:56:48,5.518,26.335,66.715,0,0,1459000,11112128,295920,3409384,481.554,0,0,288.932,0,19.062,4565,2535,1.930,1.900,1.630,2,0,168.544,0,0,13,32,0,16,0
25-09 06:56:49,5.978,25.407,66.755,0.249,0,1463224,11107848,295944,3409416,596.807,0,0,298.902,0,16.938,4646,2575,1.930,1.900,1.630,1,0,164.396,0,0,13,32,0,12,0
25-09 06:56:50,5.757,25.279,67.577,0,0,1465488,11105584,295944,3409416,420.477,0,0,4.005,0,1.001,4470,2508,1.930,1.900,1.630,2,0,151.172,0,0,13,32,0,12,0
25-09 06:56:51,17.188,35.621,45.585,0,0,1454760,11116252,295992,3409424,61783.274,85107.813,0,243.120,0,20.924,5420,3265,1.860,1.880,1.620,5,0,211.235,0,0,13,32,0,14,0
25-09 06:56:52,52.800,23.242,24.253,0,0,1538396,11032372,296076,3409576,61108.980,32078.374,0,751.837,0,42.442,4979,2823,1.860,1.880,1.620,3,0,75.790,0,0,13,32,0,18,0
25-09 06:56:53,64.128,12.775,23.797,0,0,1656520,10913216,296104,3410580,45692.160,23675.234,0,212.424,0,7.014,4092,1618,1.860,1.880,1.620,3,0,2.004,0,0,13,32,0,15,0
25-09 06:56:54,63.144,11.684,23.866,0,0,1767424,10799856,296156,3412544,44067.815,22093.571,11.933,556.864,1.989,118.334,4264,1742,1.860,1.880,1.620,3,0,0.994,0,0,13,32,0,15,0
25-09 06:56:55,63.610,11.724,23.199,0.748,0,1903516,10660540,296252,3415436,15017.947,7345.833,794.252,2789.860,7.982,55.877,4519,2009,1.860,1.880,1.620,4,0,7.982,0,0,13,32,0,15,0
25-09 06:56:56,56.589,14.085,25.700,1.483,0,1906392,10648220,299840,3420892,29803.844,15890.375,3.954,18586.876,0.988,1757.470,12249,14998,2.030,1.920,1.640,4,1,83.030,0,0,13,38,0,15,0
25-09 06:56:57,41.943,21.729,29.309,4.801,0,1906332,10634148,306012,3428408,45254.874,22188.300,0,55882.093,0,3664.698,18781,26145,2.030,1.920,1.640,4,2,124.313,0,0,13,38,0,15,0
25-09 06:56:58,38.485,19.243,31.738,6.248,0,1906532,10620288,312716,3434976,33906.949,16477.657,0,59257.191,0,3885.504,19043,27570,2.030,1.920,1.640,6,1,139.946,0,0,13,38,0,15,0
25-09 06:56:59,33.264,18.258,37.015,8.253,0,1905812,10610460,318816,3439136,45248.796,22961.538,0,53398.181,0,3537.469,18189,25542,2.030,1.920,1.640,2,0,99.041,0,0,13,38,0,15,0
25-09 06:57:00,44.256,16.410,29.090,6.713,0,1903248,10601824,325048,3443708,39910.267,451116.295,0,46826.190,0,3283.920,16573,23632,2.030,1.920,1.640,5,1,83.540,0,0,13,38,0,15,0
25-09 06:57:01,43.356,26.064,22.555,5.764,0,1824636,10669868,330880,3448172,48056.190,135682.877,0,46413.183,0,3218.849,15876,23425,2.350,1.990,1.660,3,1,159.389,0,0,13,36,0,15,0
25-09 06:57:02,49.988,18.404,23.129,6.217,0,1825304,10656512,336492,3454844,60303.133,31401.519,0,34933.021,0,2730.697,15554,20676,2.350,1.990,1.660,4,0,85.552,0,0,13,36,0,14,0
25-09 06:57:03,55.906,16.117,21.153,4.785,0,1853716,10620756,341004,3457440,44944.127,22277.653,0,34034.967,0,2343.001,13153,17626,2.350,1.990,1.660,6,0,49.358,0,0,13,36,0,14,0
25-09 06:57:04,52.722,17.991,22.738,5.747,0,1890876,10571112,346360,3464204,29608.372,14584.302,0,47830.754,0,2903.467,13453,19922,2.350,1.990,1.660,9,0,2.998,0,0,13,36,0,14,0
25-09 06:57:05,51.853,18.036,24.549,6.262,0,1910140,10539136,351680,3471140,45533.071,23454.396,0,49169.263,0,3087.107,15747,21599,2.350,1.990,1.660,4,0,11.022,0,0,13,38,0,14,0
25-09 06:57:06,36.044,28.785,26.783,6.007,0,1856356,10584836,357496,3473164,45634.814,23648.924,0,57770.657,0,3583.383,17299,24811,2.640,2.050,1.680,3,0,117.143,0,0,13,36,0,14,0
25-09 06:57:07,35.009,17.005,37.760,6.502,0,1849444,10582284,364304,3475560,44506.853,22253.927,0,53806.329,0,3742.997,17733,24851,2.640,2.050,1.680,4,0,59.016,0,0,13,36,0,14,0
25-09 06:57:08,46.998,9.500,37.748,4.500,0,1840384,10586228,368168,3476684,29802.769,14789.389,0,29286.790,0,2116.913,11906,14824,2.640,2.050,1.680,2,0,35.999,0,0,13,34,0,14,0
25-09 06:57:09,16.264,30.527,52.046,0.250,0,1539044,10887500,368208,3476712,30898.342,22606.004,0,756.670,0,43.038,5206,3075,2.640,2.050,1.680,3,0,210.186,0,0,13,32,0,14,0
25-09 06:57:10,19.243,10.246,69.223,0.500,0,1541640,10884564,368544,3476708,60400.676,38287.215,0,7101.258,0,373.856,4000,2895,2.640,2.050,1.680,2,0,40.984,0,0,13,32,0,14,0
25-09 06:57:11,22.760,5.753,71.033,0,0,1570476,10855716,368552,3476708,58888.061,591361.754,0,56.026,0,4.002,2789,1531,2.510,2.040,1.680,1,0,2.001,0,0,13,32,0,14,0
25-09 06:57:12,21.496,4.749,72.488,0,0,1607036,10819156,368552,3476708,29619.127,14589.600,0,51.991,0,3.999,2313,1345,2.510,2.040,1.680,1,0,0,0,0,13,32,0,14,0
25-09 06:57:13,23.849,4.017,72.552,0,0,1632836,10793220,368552,3476844,31086.568,15366.045,0,0,0,0,2640,1650,2.510,2.040,1.680,2,0,4.017,0,0,13,36,0,14,0
25-09 06:57:14,25.561,1.985,71.224,0,0,1635264,10790772,368572,3476844,59909.861,32383.011,0,218.388,0,14.890,2877,1954,2.510,2.040,1.680,3,0,0.993,0,0,13,34,0,14,0
25-09 06:57:15,17.810,9.532,71.741,0,0,1507904,10918132,368576,3476840,45686.424,23207.937,0,40.135,0,3.010,2783,1597,2.510,2.040,1.680,1,0,27.091,0,0,13,32,0,14,0
25-09 06:57:16,21.416,5.478,71.718,0,0,1540132,10885876,368592,3476852,59990.398,30950.447,0,231.092,0,38.847,2790,1738,2.390,2.020,1.680,1,0,2.988,0,0,13,32,0,14,0
25-09 06:57:17,21.939,5.800,72.877,0,0,1583948,10842056,368596,3476852,30122.095,14718.602,0,290.499,0,15.130,2368,1341,2.390,2.020,1.680,1,0,0,0,0,13,32,0,14,0
25-09 06:57:18,22.383,4.477,71.873,0,0,1612408,10813580,368608,3476856,30176.864,15767.374,0,147.228,0,20.891,2557,1649,2.390,2.020,1.680,1,0,1.990,0,0,13,34,0,12,0
25-09 06:57:19,19.007,9.753,70.774,0,0,1493168,10932796,368620,3476864,45380.630,23121.964,0,504.174,0,25.009,3078,1807,2.390,2.020,1.680,1,0,55.019,0,0,13,32,0,12,0
25-09 06:57:20,9.490,42.706,45.204,0,0,1491372,10934580,368628,3476868,60290.349,32011.266,0,171.824,0,11.988,5673,3548,2.390,2.020,1.680,2,0,284.709,0,0,13,32,0,12,0
25-09 06:57:21,10.990,46.210,40.965,0,0,1477628,10948300,368636,3476884,56482.151,464734.067,0,159.862,0,12.989,6008,3695,2.440,2.040,1.680,2,0,303.737,0,0,13,32,0,12,0
25-09 06:57:22,10.018,48.590,39.323,0,0,1475056,10950860,368636,3476896,64466.872,163321.151,0,312.576,0,9.017,5861,3582,2.440,2.040,1.680,3,0,308.569,0,0,13,32,0,12,0
25-09 06:57:23,8.742,41.964,47.709,0,0,1476756,10949152,368636,3476904,61296.287,32122.375,0,11.990,0,2.997,5555,3273,2.440,2.040,1.680,2,0,271.766,0,0,13,32,0,12,0
25-09 06:57:24,14.245,31.989,51.482,0,0,1502408,10923500,368636,3479896,44600.516,21880.404,0,35.988,0,6.998,5249,6903,2.440,2.040,1.680,2,0,197.931,0,0,13,32,0,12,0
25-09 06:57:25,8.012,27.041,63.095,0,0,1497988,10927916,368636,3476908,29907.975,15100.708,0,16.024,0,4.006,4865,5902,2.440,2.040,1.680,2,0,167.252,0,0,13,32,0,13,0
25-09 06:57:26,5.987,25.447,67.359,0,0,1489132,10936756,368636,3476920,46097.437,29943.276,0,155.674,0,3.992,4633,2645,2.320,2.020,1.680,1,0,166.651,0,0,13,32,0,12,0
25-09 06:57:27,5.512,24.553,67.896,0,0,1481928,10943956,368636,3476924,46184.199,25532.842,0,4245.118,0,75.161,4527,2709,2.320,2.020,1.680,1,0,144.310,0,0,13,32,0,12,0
25-09 06:57:28,6.497,22.741,69.472,0,0,1482636,10943216,368652,3476940,61202.973,34653.830,0,263.892,0,9.996,4798,3062,2.320,2.020,1.680,1,0,142.942,0,0,13,32,0,12,0
25-09 06:57:29,6.254,24.517,67.297,0,0,1481844,10943960,368680,3476952,61040.051,32070.619,0,372.263,0,23.016,4620,2814,2.320,2.020,1.680,1,0,127.090,0,0,13,32,0,12,0
25-09 06:57:30,8.474,27.666,62.062,0,0,1484576,10941208,368680,3476964,54397.454,462594.704,0,15.952,0,3.988,4762,2794,2.320,2.020,1.680,2,0,144.563,0,0,13,32,0,11,0
25-09 06:57:31,7.016,24.306,67.406,0,0,1480588,10945196,368680,3476964,64281.893,149768.903,0,16.037,0,4.009,4649,2684,2.300,2.020,1.680,1,0,130.302,0,0,13,32,0,11,0
25-09 06:57:32,9.231,24.948,64.366,0,0,1487432,10938340,368680,3477440,61668.450,31582.166,0,1125.654,0,234.511,5325,3765,2.300,2.020,1.680,6,0,135.717,0,0,13,32,0,11,0
25-09 06:57:33,16.647,25.592,56.153,0,0,1476712,10949052,368680,3477420,45012.936,22731.577,0,0,0,0,4987,5135,2.300,2.020,1.680,7,0,75.533,0,0,13,32,0,11,0
25-09 06:57:34,20.565,19.311,59.188,0,0,1496300,10929440,368684,3477432,45298.247,22654.140,0,108.345,0,4.013,3624,2496,2.300,2.020,1.680,4,0,44.141,0,0,13,32,0,10,0
25-09 06:57:35,47.451,26.362,26.111,0,0,1580040,10845692,368688,3477456,61983.740,35261.468,0,4.017,0,1.004,5030,2487,2.300,2.020,1.680,2,0,105.447,0,0,13,33,0,10,0
25-09 06:57:36,42.054,10.013,47.812,0,0,1645460,10780172,368688,3477556,44617.426,22941.528,0,12.015,0,2.003,3223,1381,2.270,2.020,1.680,2,0,0,0,0,13,33,0,10,0
25-09 06:57:37,52.509,6.751,41.007,0,0,1698060,10727532,368688,3477592,30116.116,14984.545,0,0,0,0,3848,2195,2.270,2.020,1.680,2,0,11.002,0,0,13,45,0,10,0
25-09 06:57:38,43.220,8.494,46.967,0,0,1728872,10696312,368716,3477924,15585.175,7584.732,0,643.553,0,29.979,3805,2250,2.270,2.020,1.680,2,0,9.993,0,0,13,49,0,9,0
25-09 06:57:39,51.217,9.540,38.413,0,0,1763448,10659092,368756,3480416,16251.785,7815.077,0,863.655,0,61.259,5136,5647,2.270,2.020,1.680,5,0,3.013,0,0,13,48,0,9,0
25-09 06:57:40,9.948,22.631,65.656,0,0,1761308,10660044,368756,3481344,60930.653,33593.929,0,99.479,0,8.953,5396,4420,2.270,2.020,1.680,1,0,147.228,0,0,13,48,0,9,0
25-09 06:57:41,8.261,23.532,65.840,0.751,0,1762652,10658572,368812,3481360,77021.154,604819.737,52.071,0,5.007,0,5320,3265,2.170,2,1.680,1,0,139.190,0,0,13,48,0,9,0
25-09 06:57:42,14.954,24.673,58.319,0,0,1758560,10662628,368812,3481824,46058.010,23365.461,0,4378.407,0,347.920,5512,4379,2.170,2,1.680,2,0,119.629,0,0,13,48,0,9,0
25-09 06:57:43,19.266,23.770,57.549,0,0,1771428,10649688,368812,3481424,45526.515,24122.408,0,4.003,0,1.001,4690,4347,2.170,2,1.680,2,0,70.059,0,0,13,48,0,8,0
25-09 06:57:44,13.500,7.000,70.003,8.000,0,1772668,10639004,368840,3490700,60168.181,31007.124,9540.346,0,148.005,0,3372,2296,2.170,2,1.680,1,0,42.002,0,0,13,48,0,8,0
25-09 06:57:45,17.997,20.246,58.989,1.500,0,1772852,10633500,368848,3496504,30390.512,15055.281,5163.068,167.970,63.988,3.999,4451,3780,2.170,2,1.680,1,0,79.986,0,0,14,48,0,8,0
25-09 06:57:46,19.485,21.983,57.954,0,0,1765756,10640564,368848,3496524,45453.237,22764.089,0,0,0,0,4321,4240,2.240,2.020,1.690,2,0,67.947,0,0,14,48,0,8,0
25-09 06:57:47,17.798,18.801,57.156,5.264,0,1836044,10568284,368868,3497988,45663.276,23317.460,1784.858,3766.250,26.071,538.465,4878,2752,2.240,2.020,1.690,0,2,64.175,0,0,14,52,0,8,0
25-09 06:57:48,23.298,22.797,50.855,1.503,0,1835608,10568336,368908,3498308,60960.732,32559.153,428.885,184.380,19.039,25.052,4877,3484,2.240,2.020,1.690,1,0,112.231,0,0,14,64,0,8,0
25-09 06:57:49,7.482,22.445,68.583,0,0,1837816,10566120,368908,3498316,46439.004,24895.424,0,15.961,0,3.990,4532,2793,2.240,2.020,1.690,1,0,121.704,0,0,14,64,0,8,0
25-09 06:57:50,17.382,22.597,58.852,0,0,1842236,10561676,368908,3498392,70736.232,462662.538,0,0,0,0,4935,4492,2.240,2.020,1.690,1,0,99.328,0,0,14,64,0,8,0
25-09 06:57:51,20.909,24.939,53.153,0.504,0,1817640,10586212,368916,3498304,49647.366,155049.395,40.306,0,5.038,0,5334,4966,2.140,2,1.680,1,2,78.596,0,0,14,64,0,7,0
25-09 06:57:52,5.513,12.028,79.934,2.255,0,1822236,10579824,369076,3499824,45251.291,23097.232,1551.576,865.996,30.069,66.152,2487,2074,2.140,2,1.680,0,0,112.259,0,0,14,64,0,7,0
25-09 06:57:53,5.442,16.325,71.730,3.710,0,1828936,10571536,369076,3501396,45410.387,24326.781,1709.642,0,19.788,0,3786,2423,2.140,2,1.680,1,0,90.033,0,0,15,65,0,7,0
25-09 06:57:54,14.108,28.215,57.691,0,0,1849376,10550908,369076,3502024,61764.730,31976.219,0,40.308,0,2.015,5396,4918,2.140,2,1.680,2,0,119.916,0,0,16,64,0,7,0
25-09 06:57:55,19.752,23.253,56.007,0,0,1846152,10554116,369076,3502024,45315.503,22636.749,0,4.000,0,1.000,5060,4696,2.140,2,1.680,1,0,70.009,0,0,16,64,0,1,0
25-09 06:57:56,11.951,26.393,59.259,0.747,0,1843120,10555232,369080,3503464,45738.745,24032.137,1876.359,0,23.903,0,4479,2868,2.370,2.050,1.700,1,0,105.570,0,0,16,66,0,1,0
25-09 06:57:57,7.519,24.313,67.674,0,0,1846648,10551688,369088,3503476,60778.500,32307.189,0,228.589,0,10.026,4601,2695,2.370,2.050,1.700,1,0,133.343,0,0,16,66,0,1,0
25-09 06:57:58,6.008,23.032,69.097,0,0,1848420,10549916,369088,3503476,57798.903,32799.911,0,0,0,0,4569,2818,2.370,2.050,1.700,1,0,141.198,0,0,16,66,0,1,0
25-09 06:57:59,6.720,24.888,65.953,0,0,1852444,10545868,369088,3503496,61033.114,454672.211,0,856.144,0,4.978,4862,2985,2.370,2.050,1.700,1,0,129.417,0,0,16,66,0,1,0
25-09 06:58:00,8.519,24.054,66.901,0,0,1843712,10554472,369088,3503628,64597.722,152018.931,0,1022.306,0,11.025,4701,2784,2.370,2.050,1.700,1,0,119.269,0,0,16,66,0,1,0
25-09 06:58:01,11.205,34.860,50.547,0.996,0,1843116,10555012,369100,3504064,45745.155,23374.062,39.840,11.952,5.976,2.988,5341,4211,2.500,2.080,1.710,6,0,217.127,0,0,16,66,0,1,0
25-09 06:58:02,20.322,29.354,50.930,0,0,1835908,10562188,369108,3504148,62935.419,31372.875,8.028,252.894,2.007,2.007,5245,5599,2.500,2.080,1.710,1,0,113.401,0,0,16,66,0,1,0
25-09 06:58:03,19.938,17.945,60.065,0,0,1853176,10544848,369108,3503684,45367.948,23942.090,0,3.988,0,0.997,3992,2527,2.500,2.080,1.710,2,0,52.837,0,0,16,66,0,1,0
25-09 06:58:04,27.043,29.297,43.319,0,0,1907368,10490648,369124,3503672,61100.727,32856.552,0,24.038,0,1.002,5234,2808,2.500,2.080,1.710,2,0,145.232,0,0,16,66,0,1,0
25-09 06:58:05,27.411,27.660,43.359,0,0,1932060,10465832,369140,3503744,45695.127,24153.310,0,95.688,0,3.987,5025,2597,2.500,2.080,1.710,2,0,131.571,0,0,16,66,0,1,0
25-09 06:58:06,27.345,28.358,44.310,0,0,1976700,10420964,369156,3503956,61969.868,33345.252,0,93.177,0,2.026,4976,2687,2.460,2.080,1.710,2,0,125.587,0,0,16,66,0,1,0
25-09 06:58:07,26.038,31.246,39.925,0.992,0,1979084,10417224,369184,3505224,60588.947,33769.197,35.709,559.447,2.976,5.952,5822,4811,2.460,2.080,1.710,2,0,155.733,0,0,16,70,0,3,0
25-09 06:58:08,27.284,31.789,38.798,0.751,0,2044508,10351780,369192,3505228,58681.421,573389.641,8.010,5394.658,2.002,736.909,6714,3248,2.460,2.080,1.710,2,0,179.221,0,0,16,70,0,3,0
25-09 06:58:09,23.434,30.165,44.874,0,0,2103348,10292936,369192,3505232,60958.388,32616.178,0,606.293,0,2.992,5046,2825,2.460,2.080,1.710,3,0,140.604,0,0,16,70,0,3,0
25-09 06:58:10,29.521,25.018,44.281,0.250,0,2125180,10271080,369196,3505248,61514.091,34558.208,4.003,4.003,1.001,1.001,4849,2654,2.460,2.080,1.710,2,0,123.086,0,0,16,70,0,3,0
25-09 06:58:11,23.486,36.228,38.727,0.500,0,2136624,10259324,369200,3505476,60437.696,31443.113,3.998,15.990,0.999,3.998,5317,3357,2.420,2.080,1.720,1,0,204.877,0,0,16,70,0,3,0
25-09 06:58:12,7.274,24.078,67.218,0,0,2137876,10258068,369204,3505472,46585.951,23722.868,0,349.131,0,10.033,4408,2523,2.420,2.080,1.720,1,0,117.380,0,0,16,70,0,3,0
25-09 06:58:13,8.467,25.401,64.749,0,0,2116204,10279736,369204,3505476,61010.090,30790.437,0,2876.829,0,431.325,5138,2610,2.420,2.080,1.720,1,0,118.540,0,0,16,70,0,3,0
25-09 06:58:14,9.264,25.538,63.095,0,0,2125540,10270392,369204,3505960,61335.125,31941.977,0,16.024,0,4.006,4977,3675,2.420,2.080,1.720,6,0,133.200,0,0,16,70,0,3,0
25-09 06:58:15,19.558,29.588,49.146,0,0,2108072,10287780,369204,3505972,45385.001,22763.712,0,0,0,0,5610,5964,2.420,2.080,1.720,3,0,95.283,0,0,16,70,0,3,0
25-09 06:58:16,21.718,15.477,61.659,0,0,2110368,10285468,369204,3505920,56111.634,456935.267,0,3.994,0,0.999,4245,3334,2.310,2.060,1.710,3,0,28.957,0,0,16,70,0,3,0
25-09 06:58:17,45.914,31.767,21.344,0,0,2164476,10231352,369216,3505944,59462.203,144745.167,0,142.952,0,1.985,5288,2772,2.310,2.060,1.710,8,0,120.120,0,0,16,70,0,3,0
25-09 06:58:18,49.243,29.496,20.747,0,0,2238772,10157016,369216,3505980,50640.035,31509.666,0,3.999,0,1.000,5315,2744,2.310,2.060,1.710,3,0,135.981,0,0,16,70,0,3,0
25-09 06:58:19,52.481,27.698,17.008,0,0,2283372,10112216,369228,3506180,58896.899,31896.575,0,11.662,0,2.916,5209,3114,2.310,2.060,1.710,5,0,98.158,0,0,16,70,0,3,0
25-09 06:58:20,52.550,30.547,19.156,0,0,2320160,10074696,369244,3506788,47572.816,25296.648,0,16.568,0,4.142,5124,2692,2.310,2.060,1.710,3,0,123.221,0,0,16,70,0,3,0
25-09 06:58:21,49.369,28.983,19.649,0,0,2357592,10035648,369296,3508532,59814.320,31489.908,0,11.790,0,2.947,5178,3070,2.360,2.080,1.720,6,0,104.141,0,0,16,70,0,3,0
25-09 06:58:22,48.892,26.556,14.146,9.183,0,2382180,10008760,370388,3509368,45098.707,23212.001,1024.497,3279.978,134.018,14.891,6209,6167,2.360,2.080,1.720,10,0,112.178,0,0,16,72,0,3,0
25-09 06:58:23,63.068,22.887,15.513,0,0,2473984,9916900,370388,3508896,61773.842,34164.409,0,0,0,0,5030,2917,2.360,2.080,1.720,5,0,68.154,0,0,16,74,0,3,0
25-09 06:58:24,46.697,36.906,14.059,0.753,0,2535044,9852652,371892,3510520,46671.796,26258.722,0,10170.886,0,1137.798,10327,12451,2.360,2.080,1.720,5,0,142.601,0,0,16,74,0,3,0
25-09 06:58:25,56.795,34.722,6.448,0.248,0,2586480,9790092,373172,3523660,67183.317,572448.049,0,15511.626,0,971.213,10494,24053,2.360,2.080,1.720,6,0,142.855,0,0,16,74,0,4,0
25-09 06:58:26,47.641,31.930,18.752,2.027,0,2608796,9763464,375056,3522364,46395.263,23972.558,0,8498.348,0,1020.734,10377,12616,2.650,2.140,1.740,8,0,114.541,0,0,16,74,0,4,0
25-09 06:58:27,48.487,30.992,16.996,1.000,0,2608104,9758680,376664,3526116,60531.992,31547.657,0,11037.081,0,1183.687,10966,13447,2.650,2.140,1.740,4,0,93.975,0,0,16,74,0,4,0
25-09 06:58:28,54.619,33.323,11.275,0.752,0,2673160,9689612,377340,3529572,46598.870,23693.797,533.166,4938.797,7.015,409.896,7804,9772,2.650,2.140,1.740,11,0,157.344,0,0,16,76,0,4,0
25-09 06:58:29,66.568,24.093,7.948,0,0,2705512,9654452,377396,3532248,44618.159,22728.356,127.174,961.752,0.994,43.716,6640,10837,2.650,2.140,1.740,5,0,88.426,0,0,16,82,0,9,0
25-09 06:58:30,39.840,33.576,25.558,0.251,0,2734892,9623752,377708,3532728,61365.154,32642.020,0,9309.110,0,364.827,7884,8664,2.650,2.140,1.740,2,0,121.275,0,0,16,96,0,14,0
25-09 06:58:31,25.251,28.251,45.002,0,0,2785496,9573140,377708,3532732,61535.113,35163.779,0,284.014,0,16.001,5124,2839,2.600,2.140,1.750,2,0,135.007,0,0,16,96,0,14,0
25-09 06:58:32,29.369,26.357,43.427,0,0,2803176,9555404,377748,3532752,61297.299,33470.125,0,1112.525,0,52.212,4935,2775,2.600,2.140,1.750,4,0,120.490,0,0,16,96,0,14,0
25-09 06:58:33,27.414,30.405,41.619,0,0,2828076,9530484,377748,3532768,55659.314,453678.136,0,4677.320,0,747.653,6277,3025,2.600,2.140,1.750,3,0,125.606,0,0,16,96,0,14,0
25-09 06:58:34,29.705,26.460,42.436,0,0,2872164,9486376,377748,3532788,64182.797,154408.559,0,15.976,0,3.994,5033,2871,2.600,2.140,1.750,2,0,124.813,0,0,16,98,0,14,0
25-09 06:58:35,38.245,28.996,31.496,0,0,2876712,9479768,377748,3534952,45266.155,23071.021,0,3.999,0,1.000,8037,9710,2.600,2.140,1.750,6,0,84.989,0,0,16,96,0,15,0
25-09 06:58:36,16.293,23.311,58.654,0,0,2856600,9499832,377752,3534856,45533.243,22739.551,0,4.011,0,1.003,4681,4432,2.470,2.120,1.740,4,0,80.210,0,0,16,96,0,15,0
25-09 06:58:37,23.477,29.222,46.205,0,0,2906480,9449944,377752,3534864,60891.316,33681.539,0,3.996,0,0.999,5049,2714,2.470,2.120,1.740,3,0,129.875,0,0,16,97,0,15,0
25-09 06:58:38,27.784,28.034,43.052,0,0,2950900,9405504,377760,3534876,61604.056,33340.621,0,11974.589,0,1149.400,6880,2735,2.470,2.120,1.740,2,0,125.152,0,0,16,96,0,15,0
25-09 06:58:39,29.761,26.785,42.410,0,0,2991320,9365056,377764,3534884,46781.585,25529.133,0,43.650,0,2.976,5128,2867,2.470,2.120,1.740,2,0,129.957,0,0,16,98,0,15,0
25-09 06:58:40,31.059,27.580,40.252,0.248,0,3020220,9336076,377808,3534928,61754.844,33456.049,0,592.354,0,41.743,5456,3589,2.470,2.120,1.740,2,0,132.186,0,0,16,102,0,15,0
25-09 06:58:41,29.196,26.911,43.666,0,0,3055616,9300660,377812,3534944,61352.264,31833.798,4.062,308.711,1.015,7.108,4957,2801,2.430,2.120,1.740,2,0,121.860,0,0,16,102,0,15,0
25-09 06:58:42,31.472,31.971,35.468,0,0,3060388,9294364,377828,3536452,59120.610,572277.191,0,163.852,0,14.986,6140,5949,2.430,2.120,1.740,1,0,128.884,0,0,16,106,0,18,0
25-09 06:58:43,7.264,24.296,67.377,0,0,3062516,9292232,377828,3536460,60590.593,30868.380,0,124.235,0,7.013,4426,2736,2.430,2.120,1.740,1,0,125.237,0,0,16,106,0,18,0
25-09 06:58:44,14.230,27.212,56.671,0.250,0,3066984,9287672,377864,3536952,60108.806,31046.514,0,543.239,0,24.965,5524,5909,2.430,2.120,1.740,1,0,116.836,0,0,16,106,0,18,0
25-09 06:58:45,22.692,22.941,52.864,0,0,3059352,9295180,377888,3536572,45607.988,23012.958,0,287.263,0,21.944,5074,5035,2.430,2.120,1.740,6,0,76.803,0,0,16,108,0,18,0
25-09 06:58:46,39.330,25.231,34.135,0,0,3125872,9228644,377900,3536936,45655.432,24239.143,0,1448.531,0,15.831,5044,2831,2.480,2.130,1.750,4,0,99.933,0,0,16,108,0,18,0
25-09 06:58:47,44.637,13.949,42.354,0,0,3191832,9162664,377900,3536964,61344.923,33075.738,0,0,0,0,3805,1875,2.480,2.130,1.750,2,0,26.376,0,0,16,109,0,18,0
25-09 06:58:48,35.734,13.244,49.977,0,0,3251296,9102248,378060,3537672,29973.398,15071.161,0,1675.240,0,106.951,4601,3555,2.480,2.130,1.750,2,0,41.981,0,0,16,112,0,18,0
25-09 06:58:49,6.483,23.440,68.575,0,0,3249756,9103764,378092,3537680,61154.040,34132.951,0,1655.777,0,193.507,4958,3002,2.480,2.130,1.750,1,0,128.672,0,0,16,112,0,18,0
25-09 06:58:50,6.005,23.521,68.810,0,0,3251024,9102472,378116,3537680,47039.290,24543.544,0,108.095,0,9.008,4638,2691,2.480,2.130,1.750,2,0,128.112,0,0,16,112,0,18,0
25-09 06:58:51,9.897,23.010,64.330,0,0,3252776,9100708,378116,3537688,74467.849,589204.933,0,368.163,0,0.990,5085,2945,2.360,2.110,1.740,2,0,126.680,0,0,16,114,0,18,0
25-09 06:58:52,8.820,24.191,66.525,0,0,3252972,9100496,378124,3537692,61669.977,34032.739,0,64.509,0,3.024,4655,2821,2.360,2.110,1.740,3,0,138.090,0,0,16,114,0,18,0
25-09 06:58:53,22.309,29.077,47.877,0,0,3337788,9015600,378180,3537716,46615.207,26062.886,0,248.657,0,21.056,5607,3778,2.360,2.110,1.740,1,0,134.355,0,0,16,116,0,18,0
25-09 06:58:54,5.762,23.551,69.399,0,0,3345044,9008300,378212,3537724,61834.042,33792.709,0,132.285,0,14.030,4692,2976,2.360,2.110,1.740,2,0,134.289,0,0,16,116,0,18,0
25-09 06:58:55,6.487,22.956,68.867,0,0,3351560,9001756,378236,3537728,62082.230,32980.374,0,111.784,0,9.981,4645,2908,2.360,2.110,1.740,1,0,137.734,0,0,16,116,0,18,0
25-09 06:58:56,17.035,11.273,71.395,0,0,3382052,8971264,378236,3537728,45521.426,23493.701,0,0,0,0,2942,1821,2.250,2.100,1.740,1,0,34.069,0,0,16,116,0,18,0
25-09 06:58:57,21.495,4.999,72.483,0,0,3426404,8926912,378236,3537728,29920.811,14816.440,0,107.974,0,1.000,2211,1215,2.250,2.100,1.740,1,0,0,0,0,16,116,0,18,0
25-09 06:58:58,16.696,4.236,77.248,0,0,3428548,8924684,378316,3537732,35801.268,20557.970,0,426.609,0,34.886,2906,2364,2.250,2.100,1.740,1,0,3.987,0,0,16,121,0,18,0
25-09 06:58:59,19.309,4.765,75.229,0,0,3428452,8924684,378396,3537748,28900.041,26281.063,0,1303.972,0,34.104,3317,2787,2.250,2.100,1.740,1,0,0,0,0,16,123,0,18,0
25-09 06:59:00,16.616,11.904,70.680,0,0,3393108,8959968,378444,3537760,21385.511,7791.159,0,249.984,0,20.832,3495,2234,2.250,2.100,1.740,2,0,62.496,0,0,16,122,0,19,0
25-09 06:59:01,20.391,7.552,71.746,0.252,0,3426304,8926740,378460,3537772,30553.168,19994.189,0,120.835,0,8.056,2390,1412,2.150,2.080,1.740,1,0,2.014,0,0,16,122,0,19,0
25-09 06:59:02,22.638,5.224,70.898,0,0,3457820,8895188,378492,3537772,55914.232,467346.339,0,234.833,0,14.926,3277,2503,2.150,2.080,1.740,2,0,3.980,0,0,16,123,0,19,0
25-09 06:59:03,30.505,7.251,60.760,0,0,3455708,8896936,378612,3538008,23639.898,135456.338,0,768.127,0,56.009,4207,3960,2.150,2.080,1.740,1,0,4.001,0,0,16,125,0,19,0
25-09 06:59:04,18.855,4.525,76.175,0,0,3457004,8895612,378640,3538004,31005.047,16126.003,0,4569.504,0,323.807,3081,1845,2.150,2.080,1.740,1,0,3.017,0,0,16,127,0,20,0
25-09 06:59:05,22.498,7.249,68.743,0.250,0,3455520,8896408,378852,3538404,15417.384,7427.222,0,1247.869,0,150.984,4870,4991,2.150,2.080,1.740,1,0,0,0,0,16,127,0,20,0
25-09 06:59:06,30.513,9.504,58.776,0,0,3458800,8892660,379096,3538616,15571.789,7837.417,0,1056.461,0,113.049,5705,5740,2.060,2.060,1.730,4,0,4.002,0,0,16,132,0,20,0
25-09 06:59:07,24.006,7.252,67.265,0,0,3461948,8889268,379300,3538632,1125.259,0,0,1044.241,0,91.021,4774,4454,2.060,2.060,1.730,1,0,4.001,0,0,16,132,0,21,0
25-09 06:59:08,22.001,8.751,68.004,0,0,3422668,8928272,379460,3538736,16523.976,9027.533,0,6164.364,0,932.055,5889,4138,2.060,2.060,1.730,2,0,38.002,0,0,16,131,0,22,0
25-09 06:59:09,11.591,16.882,71.056,0,0,3446532,8904352,379516,3538736,30761.851,17392.172,0,669.240,0,78.616,3681,2395,2.060,2.060,1.730,1,0,75.592,0,0,16,131,0,20,0
25-09 06:59:10,22.318,4.960,71.667,0.248,0,3449344,8901532,379640,3538620,30093.148,14956.308,0,2265.566,0,111.096,2421,1649,2.060,2.060,1.730,1,0,1.984,0,0,16,131,0,20,0
25-09 06:59:11,12.235,3.496,83.400,0,0,3459524,8891216,379640,3538752,38160.106,22919.435,0,3.995,0,0.999,2244,1793,1.890,2.020,1.720,1,0,0,0,0,16,132,0,20,0
25-09 06:59:12,20.755,4.751,73.768,0,0,3460748,8889952,379672,3538756,30581.422,16129.914,0,196.048,0,14.003,2561,1690,1.890,2.020,1.720,1,0,0,0,0,16,132,0,20,0
25-09 06:59:13,17.508,5.502,75.534,0.750,0,3462484,8888216,379840,3538588,17728.950,9744.369,0,1748.784,0,97.044,2633,1976,1.890,2.020,1.720,2,0,3.001,0,0,16,134,0,20,0
25-09 06:59:14,20.989,7.996,69.465,0.250,0,3465292,8884940,380108,3538776,15234.373,7454.268,0,1931.033,0,133.933,4382,4363,1.890,2.020,1.720,1,0,0.999,0,0,16,134,0,20,0
25-09 06:59:15,24.495,9.998,64.486,0,0,3475812,8874104,380276,3538920,1026.784,0,0,987.793,0,68.986,4400,4118,1.890,2.020,1.720,3,0,2.999,0,0,16,134,0,20,0
25-09 06:59:16,34.603,18.304,46.137,0,0,3453012,8896792,380384,3538920,18918.177,10968.571,0,541.608,0,49.146,4835,3098,2.060,2.060,1.730,4,0,79.235,0,0,16,133,0,21,0
25-09 06:59:17,37.173,15.967,46.404,0,0,3505164,8844600,380408,3538932,15802.442,8945.569,0,279.424,0,12.973,3590,1851,2.060,2.060,1.730,2,0,18.961,0,0,16,133,0,21,0
25-09 06:59:18,43.495,9.196,46.478,0,0,3564152,8785416,380584,3538948,44314.346,23143.394,0,1920.746,0,104.388,3829,2239,2.060,2.060,1.730,2,0,0,0,0,16,134,0,21,0
25-09 06:59:19,22.141,6.038,71.959,0,0,3575732,8773824,380584,3538956,36045.713,21458.753,0,350.232,0,52.334,2684,1659,2.060,2.060,1.730,0,0,4.026,0,0,16,136,0,21,0
25-09 06:59:20,14.752,9.251,74.508,0,0,3545460,8804080,380584,3538972,35036.930,25765.890,0,8.001,0,2.000,3098,1936,2.060,2.060,1.730,1,0,52.006,0,0,16,135,0,22,0
25-09 06:59:21,19.468,8.486,71.883,0,0,3580976,8768548,380592,3538964,45460.696,27399.217,0,55.909,0,2.995,2448,1574,1.980,2.040,1.730,1,0,2.995,0,0,16,135,0,22,0
25-09 06:59:22,19.749,4.750,74.496,0,0,3614880,8734636,380592,3538972,30046.450,15438.204,0,0,0,0,2142,1223,1.980,2.040,1.730,0,0,2.000,0,0,16,136,0,22,0
25-09 06:59:23,15.111,3.220,80.011,0,0,3603628,8745884,380592,3538976,49237.451,587752.002,0,0,0,0,2653,1924,1.980,2.040,1.730,0,0,0.991,0,0,16,137,0,22,0
25-09 06:59:24,15.362,10.325,74.040,0,0,3568064,8781424,380592,3539000,35296.356,25722.550,0,8.059,0,2.015,3183,1925,1.980,2.040,1.730,1,0,52.382,0,0,16,135,0,23,0
25-09 06:59:25,20.075,7.528,72.018,0,0,3605052,8744420,380608,3539000,45616.768,26699.365,0,76.284,0,7.026,2428,1500,1.980,2.040,1.730,1,0,2.007,0,0,16,135,0,23,0
25-09 06:59:26,27.963,12.484,58.923,0,0,3630764,8718668,380640,3539008,31307.032,17013.736,0,103.864,0,11.984,3373,11703,1.900,2.020,1.730,1,0,35.953,0,0,16,136,0,24,0
25-09 06:59:27,14.247,3.249,81.483,0,0,3630760,8718668,380640,3539012,35073.639,19435.921,0,0,0,0,2114,1504,1.900,2.020,1.730,1,0,0,0,0,16,136,0,24,0
25-09 06:59:28,22.519,6.255,70.560,0.250,0,3630512,8718712,380800,3539052,16241.734,8811.451,0,888.752,0,113.096,4173,3986,1.900,2.020,1.730,2,0,2.002,0,0,16,135,0,25,0
25-09 06:59:29,12.277,17.790,68.903,0,0,3595792,8753432,380800,3539052,30805.435,16107.784,0,316.704,0,25.056,4012,2806,1.900,2.020,1.730,1,0,82.183,0,0,16,135,0,21,0
25-09 06:59:30,23.182,9.472,66.804,0,0,3630736,8718436,380824,3539056,44433.414,22087.088,0,1930.327,0,352.963,3676,2006,1.900,2.020,1.730,1,0,5.982,0,0,16,135,0,21,0
25-09 06:59:31,14.970,3.742,80.837,0.249,0,3650292,8698868,380832,3539060,20901.927,13282.265,0,179.638,0,8.982,2164,1460,1.750,1.990,1.720,2,0,1.996,0,0,16,136,0,21,0
25-09 06:59:32,19.794,3.508,75.418,0,0,3641460,8707644,380880,3539064,49326.863,34094.938,0,1074.393,0,61.136,2605,1880,1.750,1.990,1.720,2,0,1.002,0,0,16,137,0,22,0
25-09 06:59:33,15.505,13.254,70.774,0,0,3577168,8771924,380892,3539064,16242.506,12140.115,0,136.046,0,12.004,3238,2003,1.750,1.990,1.720,1,0,55.019,0,0,16,137,0,14,0
25-09 06:59:34,21.757,6.252,72.023,0,0,3608560,8740520,380892,3539076,44270.132,22675.238,0,0,0,0,2489,1465,1.750,1.990,1.720,1,0,3.001,0,0,16,137,0,14,0
25-09 06:59:35,13.255,3.501,82.529,0,0,3619276,8729788,380892,3539092,35464.361,21082.348,0,8.003,0,2.001,2051,1453,1.750,1.990,1.720,2,0,0,0,0,16,138,0,14,0
25-09 06:59:36,16.818,6.024,76.057,0.502,0,3616440,8732492,380996,3539120,16017.686,8583.664,0,783.163,0,95.385,3619,3515,1.850,2.010,1.720,2,0,0,0,0,16,138,0,14,0
25-09 06:59:37,24.879,7.712,65.431,0,0,3612932,8735340,381428,3539328,15037.763,7487.534,0,1807.199,0,194.055,5723,6341,1.850,2.010,1.720,2,0,2.985,0,0,16,139,0,13,0
25-09 06:59:38,22.869,7.209,67.365,0,0,3612484,8735608,381576,3539356,15384.055,7415.608,0,1248.861,0,106.392,5093,5227,1.850,2.010,1.720,1,0,0,0,0,16,139,0,14,0
25-09 06:59:39,19.357,10.056,70.391,0.503,0,3550684,8797356,381656,3539324,16768.091,8716.391,0,691.841,0,39.218,3562,2567,1.850,2.010,1.720,1,0,42.234,0,0,16,138,0,15,0
25-09 06:59:40,19.041,8.655,70.724,0,0,3569008,8778960,381688,3539364,36788.134,18231.848,0,375.874,0,17.805,2760,1722,1.850,2.010,1.720,2,0,12.859,0,0,16,138,0,15,0
25-09 06:59:41,19.832,5.523,74.055,0,0,3606960,8741004,381848,3539208,51971.169,590611.860,0,2438.047,0,118.488,3031,2219,1.860,2.010,1.730,1,0,1.004,0,0,16,139,0,15,0
25-09 06:59:42,15.618,4.030,80.104,0,0,3606768,8741004,381864,3539376,20274.860,12829.728,0,108.820,0,9.068,2411,1802,1.860,2.010,1.730,0,0,0,0,0,16,139,0,15,0
25-09 06:59:43,13.881,4.709,80.061,0,0,3606768,8741004,381896,3539344,33488.792,17165.274,0,130.874,0,12.889,2711,2172,1.860,2.010,1.730,1,0,1.983,0,0,16,139,0,15,0
25-09 06:59:44,23.676,11.586,63.220,0,0,3606220,8741004,382368,3539408,15759.263,7417.191,0,4646.575,0,296.204,5630,5932,1.860,2.010,1.730,4,0,1.007,0,0,16,139,0,15,0
25-09 06:59:45,19.803,11.531,68.433,0.251,0,3607184,8740008,382492,3539316,15091.382,7640.444,0,2101.624,0,341.915,5135,4564,1.860,2.010,1.730,1,0,0,0,0,16,139,0,12,0
25-09 06:59:46,43.085,7.878,45.547,0,0,3610932,8735976,382624,3539456,1290.084,998.584,0,752.385,0,81.738,6030,5920,1.870,2,1.730,2,0,2.954,0,0,16,140,0,13,0
25-09 06:59:47,27.009,17.836,56.566,0,0,3574500,8772268,382712,3539508,15749.768,7766.338,0,684.905,0,64.210,5043,4622,1.870,2,1.730,1,0,78.479,0,0,16,140,0,13,0
25-09 06:59:48,21.637,5.720,72.123,0,0,3615844,8730924,382720,3539500,29816.055,17042.862,0,286.502,0,15.917,2284,1350,1.870,2,1.730,1,0,0,0,0,16,140,0,13,0
25-09 06:59:49,13.498,3.499,82.236,0,0,3626780,8719876,382816,3539512,35446.122,20549.592,0,1659.725,0,91.985,2321,1820,1.870,2,1.730,1,0,2.000,0,0,16,141,0,13,0
25-09 06:59:50,15.720,3.743,79.101,0.250,0,3624348,8722276,382940,3539420,32800.405,17598.951,0,618.838,0,71.865,3054,2841,1.870,2,1.730,2,0,0,0,0,16,141,0,13,0
25-09 06:59:51,23.234,4.293,72.229,0.253,0,3531136,8815196,383088,3539560,31222.919,16661.046,0,719.254,0,76.774,3375,2944,1.800,1.990,1.720,1,0,5.051,0,0,16,140,0,14,0
25-09 06:59:52,8.392,22.215,66.397,0,0,3543204,8803100,383104,3539568,15269.824,10856.523,0,331.738,0,15.797,4336,2582,1.800,1.990,1.720,2,0,142.173,0,0,16,140,0,14,0
25-09 06:59:53,21.107,7.287,72.115,0,0,3589792,8756508,383208,3539468,44781.733,22849.689,0,1949.872,0,101.514,2644,1845,1.800,1.990,1.720,2,0,0,0,0,16,140,0,14,0
25-09 06:59:54,13.743,3.748,81.958,0,0,3613460,8732580,383228,3539704,35714.513,20636.318,0,95.950,0,9.995,2063,1475,1.800,1.990,1.720,2,0,0.999,0,0,16,141,0,14,0
25-09 06:59:55,17.999,4.000,76.496,0,0,3613456,8732580,383228,3539708,19143.090,10996.477,0,187.991,0,32.998,2564,1775,1.800,1.990,1.720,2,0,2.000,0,0,16,141,0,14,0
25-09 06:59:56,14.995,4.749,79.725,0,0,3613656,8732356,383244,3539716,17966.375,10430.734,0,111.965,0,11.996,2985,2582,1.740,1.970,1.720,1,0,0,0,0,16,141,0,14,0
25-09 06:59:57,23.507,10.253,65.270,0,0,3613456,8732356,383412,3539744,15799.835,7460.283,0,844.258,0,104.032,5197,5296,1.740,1.970,1.720,3,0,0,0,0,16,141,0,14,0
25-09 06:59:58,21.264,8.506,68.797,0,0,3613608,8732104,383496,3539756,15122.288,7625.187,0,492.335,0,39.027,4233,3820,1.740,1.970,1.720,2,0,2.001,0,0,16,141,0,14,0
25-09 06:59:59,23.810,13.949,59.165,0.241,0,3614276,8731348,383596,3539736,14595.018,7174.850,0,788.868,0,64.456,4935,4526,1.740,1.970,1.720,5,0,0,0,0,16,143,0,14,0
25-09 07:00:00,38.888,11.666,48.999,0,0,3614840,8730592,383716,3539808,2171.494,1717.285,0,833.754,0,77.776,7792,9181,1.740,1.970,1.720,3,0,2.074,0,0,16,142,0,15,0
25-09 07:00:01,31.608,25.635,40.071,0,0,3562356,8782536,384148,3539888,15443.856,7410.821,0,6797.566,0,617.237,7700,7273,1.920,2,1.730,4,0,128.425,0,0,16,142,0,15,0
25-09 07:00:02,23.683,27.966,46.862,0,0,3550372,8794416,384224,3539916,15828.437,13319.026,0,644.989,0,59.460,6527,6043,1.920,2,1.730,1,0,156.208,0,0,16,142,0,14,0
25-09 07:00:03,20.158,9.208,70.181,0,0,3594432,8750316,384260,3539916,57007.876,581984.648,0,314.570,0,16.923,2976,1910,1.920,2,1.730,1,0,6.968,0,0,16,142,0,14,0
25-09 07:00:04,16.580,4.522,77.876,0,0,3629680,8715048,384276,3539920,31297.308,17293.606,0,225.088,0,15.073,2237,1423,1.920,2,1.730,0,0,3.015,0,0,16,143,0,14,0
25-09 07:00:05,16.735,4.496,77.428,0,0,3629816,8714824,384360,3539924,20434.113,12230.695,0,995.080,0,59.945,2634,2007,1.920,2,1.730,1,0,0,0,0,16,143,0,14,0
25-09 07:00:06,13.253,15.504,70.766,0,0,3601568,8743056,384368,3539928,15849.684,8377.947,0,104.024,0,7.002,3628,2132,1.840,1.990,1.730,1,0,90.021,0,0,16,142,0,14,0
25-09 07:00:07,7.004,24.763,66.534,0,0,3590296,8754264,384368,3539980,61124.499,35320.201,0,56.029,0,4.002,4760,2932,1.840,1.990,1.730,1,0,146.075,0,0,16,142,0,14,0
25-09 07:00:08,6.753,23.510,68.279,0,0,3587444,8757092,384372,3539992,61547.994,33540.165,0,80.034,0,4.002,4571,2819,1.840,1.990,1.730,2,0,138.058,0,0,16,142,0,14,0
25-09 07:00:09,7.741,23.971,67.169,0,0,3585248,8759152,384372,3540128,45495.974,22972.216,0,11.986,0,2.996,4563,2611,1.840,1.990,1.730,2,0,126.847,0,0,16,142,0,14,0
25-09 07:00:10,6.733,24.937,66.333,0,0,3583432,8760924,384392,3540152,60673.054,31811.808,0,398.994,0,13.965,4674,2961,1.840,1.990,1.730,2,0,126.681,0,0,16,142,0,12,0
25-09 07:00:11,16.020,23.529,59.073,0,0,3586316,8757992,384432,3540636,44958.576,22712.076,0,564.698,0,32.040,4627,4446,1.780,1.970,1.720,3,0,85.105,0,0,16,142,0,12,0
25-09 07:00:12,17.488,23.234,58.210,0,0,3577800,8766412,384460,3540660,45100.813,22916.153,0,155.892,0,15.989,4768,4850,1.780,1.970,1.720,4,0,73.949,0,0,16,142,0,12,0
25-09 07:00:13,23.571,26.079,49.900,0,0,3597456,8746760,384460,3540160,67761.169,478509.783,0,56.169,0,4.012,5287,3113,1.780,1.970,1.720,3,0,92.278,0,0,16,142,0,12,0
25-09 07:00:14,26.859,26.859,44.019,0,0,3642592,8701572,384496,3540172,48988.916,148494.729,0,318.329,0,20.890,5337,3117,1.780,1.970,1.720,2,0,136.285,0,0,16,142,0,12,0
25-09 07:00:15,29.528,27.026,42.790,0,0,3645524,8698220,384580,3540464,61727.400,34744.872,0,544.515,0,40.038,5567,3903,1.780,1.970,1.720,4,0,121.115,0,0,16,145,0,12,0
25-09 07:00:16,24.689,26.704,47.362,0,0,3643368,8700280,384592,3540544,46011.680,24338.022,64.493,2950.552,1.008,507.882,6263,3706,1.870,1.990,1.730,2,0,122.940,0,0,16,148,0,12,0
25-09 07:00:17,17.668,28.119,51.262,0.249,0,3650780,8691864,384604,3541512,61638.894,31410.205,0,187.131,0,9.954,6221,5953,1.870,1.990,1.730,6,0,125.418,0,0,16,148,0,12,0
25-09 07:00:18,25.522,30.777,42.287,0,0,3702656,8638240,384684,3543168,61034.723,31535.241,0,1389.200,0,64.055,5984,6970,1.870,1.990,1.730,2,0,142.123,0,0,16,154,0,11,0
25-09 07:00:19,14.490,26.482,57.960,0,0,3710620,8630208,384696,3543608,45346.073,23242.148,0,107.926,0,6.995,5052,4940,1.870,1.990,1.730,1,0,108.926,0,0,16,154,0,11,0
25-09 07:00:20,17.655,24.213,58.010,0,0,3707760,8632988,384720,3543200,55823.139,26868.391,0,125.101,0,9.080,5111,4973,1.870,1.990,1.730,5,0,85.754,0,0,16,154,0,11,0
25-09 07:00:21,45.418,28.139,24.437,0,0,3791892,8548824,384720,3543676,50167.784,30528.584,0,3.949,0,0.987,5386,2952,1.970,2.010,1.740,3,0,143.164,0,0,18,154,0,11,0
25-09 07:00:22,48.081,32.805,18.782,0,0,3861420,8479276,384720,3543680,72269.452,577404.353,0,0,0,0,5559,2866,1.970,2.010,1.740,3,0,147.247,0,0,18,154,0,10,0
25-09 07:00:23,50.510,28.474,19.560,0,0,3915640,8424876,384760,3543820,60699.087,34253.665,0,316.925,0,20.798,5590,3241,1.970,2.010,1.740,5,0,133.703,0,0,18,156,0,10,0
25-09 07:00:24,52.127,27.582,20.750,0,0,3947836,8391640,384808,3544748,46459.930,25045.304,0,344.140,0,29.353,7132,6949,1.970,2.010,1.740,3,0,154.863,0,0,18,168,0,10,0
25-09 07:00:25,20.174,27.397,50.809,0,0,3946760,8391744,384844,3545660,60777.150,31349.955,0,334.740,0,20.921,6023,5901,1.970,2.010,1.740,1,0,119.550,0,0,18,170,0,10,0
25-09 07:00:26,27.343,30.855,40.387,0,0,3973064,8365368,384904,3548712,60715.078,31569.152,0,457.553,0,33.112,5496,9547,2.450,2.100,1.770,2,0,160.545,0,0,18,176,0,8,0
25-09 07:00:27,17.745,26.243,54.984,0,0,3954152,8384280,384920,3545728,44717.291,22625.570,0,139.960,0,9.997,4764,8614,2.450,2.100,1.770,3,0,86.975,0,0,18,176,0,9,0
25-09 07:00:28,17.749,23.499,56.747,0,0,3944716,8393584,384956,3545668,45308.951,22512.982,0,407.982,0,23.999,4648,4820,2.450,2.100,1.770,1,0,81.996,0,0,18,176,0,9,0
25-09 07:00:29,26.833,28.337,45.139,0.251,0,3987252,8351004,384988,3545680,61128.376,33461.115,0,248.767,0,19.059,5419,3309,2.450,2.100,1.770,3,0,136.420,0,0,18,176,0,9,0
25-09 07:00:30,31.900,30.654,36.137,0,0,4023980,8314232,385012,3545696,54631.910,457096.520,0,418.689,0,21.931,9355,3532,2.450,2.100,1.770,3,0,133.582,0,0,18,176,0,8,0
25-09 07:00:31,26.950,26.950,44.917,0,0,4068720,8269396,385036,3545768,63181.531,156090.264,0,630.837,0,97.820,5353,2807,2.410,2.100,1.770,1,0,140.741,0,0,19,176,0,8,0
25-09 07:00:32,8.268,27.558,63.134,0,0,4067416,8270728,385056,3545768,60840.029,31504.815,0,14129.967,0,1573.337,7634,2897,2.410,2.100,1.770,2,0,157.334,0,0,19,176,0,8,0
25-09 07:00:33,14.173,22.876,60.173,0,0,4070836,8267288,385076,3545768,56262.122,29034.151,0,87.524,0,11.935,4865,2940,2.410,2.100,1.770,3,0,135.265,0,0,19,182,0,8,0
25-09 07:00:34,22.760,25.011,50.523,0,0,4070696,8267364,385112,3545792,51120.332,29699.555,0,320.146,0,21.010,4839,3104,2.410,2.100,1.770,3,0,131.060,0,0,19,190,0,8,0
25-09 07:00:35,14.821,26.126,58.784,0,0,4075196,8262844,385120,3545800,60825.383,31433.616,0,172.834,0,14.068,4741,3037,2.410,2.100,1.770,2,0,137.664,0,0,19,196,0,7,0
25-09 07:00:36,8.231,23.695,65.847,0,0,4079832,8258196,385140,3545792,46183.974,24058.248,0,275.362,0,14.965,4584,2849,2.380,2.100,1.770,1,0,109.746,0,0,19,198,0,7,0
25-09 07:00:37,16.551,24.075,58.181,0,0,4082248,8255640,385144,3545804,60403.531,30516.743,0,88.274,0,3.009,5007,5333,2.380,2.100,1.770,1,0,82.255,0,0,19,198,0,7,0
25-09 07:00:38,17.926,23.901,57.512,0,0,4076712,8261064,385176,3545940,45347.618,23086.603,0,406.321,0,24.897,4748,5276,2.380,2.100,1.770,3,0,83.654,0,0,19,198,0,7,0
25-09 07:00:39,26.050,28.806,43.835,0,0,4119712,8218008,385192,3545952,58204.631,580022.396,0,120.233,0,9.017,5340,3005,2.380,2.100,1.770,3,0,130.252,0,0,19,198,0,6,0
25-09 07:00:40,27.562,26.810,44.851,0,0,4167424,8170280,385204,3545956,61442.790,33930.091,0,56.126,0,6.013,5237,2865,2.380,2.100,1.770,2,0,134.301,0,0,19,198,0,6,0
25-09 07:00:41,29.996,25.286,43.382,0,0,4188056,8149408,385208,3546192,60094.576,33204.524,0,1824.533,0,7.933,5237,3082,2.350,2.100,1.780,5,0,125.932,0,0,19,200,0,6,0
25-09 07:00:42,19.664,26.219,53.446,0,0,4201908,8135548,385208,3546200,45873.752,23292.342,0,20.168,0,5.042,4961,3182,2.350,2.100,1.780,1,0,125.043,0,0,19,204,0,6,0
25-09 07:00:43,27.620,33.898,36.911,0,0,4233364,8101548,385208,3548736,60742.614,32164.117,0,12.053,0,3.013,6763,9470,2.350,2.100,1.780,4,0,129.564,0,0,19,206,0,5,0
25-09 07:00:44,20.069,24.033,53.765,0,0,4221492,8113020,385276,3549000,44382.616,22059.002,0,1102.058,0,52.526,5620,6152,2.350,2.100,1.780,1,0,102.079,0,0,19,210,0,5,0
25-09 07:00:45,19.025,26.034,54.571,0,0,4241804,8092636,385296,3549008,45064.483,22609.342,0,236.307,0,19.025,4952,4639,2.350,2.100,1.780,6,0,86.112,0,0,19,210,0,5,0
25-09 07:00:46,26.280,29.033,43.800,0,0,4292400,8041992,385336,3549020,61134.404,34124.741,0,312.355,0,23.026,5139,2901,2.320,2.100,1.780,5,0,131.149,0,0,19,210,0,5,0
25-09 07:00:47,27.664,30.405,40.623,0,0,4330020,8004344,385356,3549032,71074.529,457958.984,0,175.453,0,10.966,5369,3070,2.320,2.100,1.780,4,0,147.540,0,0,19,210,0,4,0
25-09 07:00:48,31.116,28.377,38.334,0,0,4342444,7991052,385388,3549852,49280.135,145019.588,0,485.901,0,30.867,6628,6120,2.320,2.100,1.780,6,0,147.363,0,0,19,212,0,4,0
25-09 07:00:49,28.739,34.789,36.301,0,0,4380672,7950844,385436,3551772,61329.228,31939.197,0,443.684,0,33.276,6458,6904,2.320,2.100,1.780,1,0,159.323,0,0,19,216,0,4,0
25-09 07:00:50,6.503,25.510,65.526,0,0,4387704,7943796,385448,3551776,61160.831,32886.814,0,172.067,0,9.004,4762,2742,2.320,2.100,1.780,1,0,159.062,0,0,19,216,0,4,0
25-09 07:00:51,6.234,26.432,65.581,0,0,4391436,7940032,385480,3551776,49311.678,23603.057,0,303.217,0,18.951,4867,2898,2.210,2.080,1.770,5,0,150.611,0,0,19,216,0,4,0
25-09 07:00:52,17.054,24.829,57.432,0,0,4394136,7937288,385516,3551784,57838.413,32310.460,0,321.018,0,21.067,4821,2908,2.210,2.080,1.770,3,0,135.429,0,0,19,222,0,4,0
25-09 07:00:53,6.491,23.718,67.908,0,0,4399024,7932284,385620,3551792,60923.131,33973.788,0,2540.544,0,208.716,5042,3146,2.210,2.080,1.770,1,0,132.819,0,0,19,222,0,4,0
25-09 07:00:54,8.724,24.677,64.807,0,0,4394632,7936608,385668,3551804,60411.441,32305.978,0,386.850,0,30.908,4820,3222,2.210,2.080,1.770,4,0,125.627,0,0,19,222,0,4,0
25-09 07:00:55,8.258,23.274,66.067,0,0,4397120,7934096,385684,3551812,46694.574,23766.214,0,192.196,0,12.012,4401,2640,2.210,2.080,1.770,1,0,119.121,0,0,19,222,0,3,0
25-09 07:00:56,7.509,25.031,65.831,0,0,4396528,7934688,385684,3551816,74748.778,587755.657,0,12.015,0,3.004,4854,3056,2.200,2.080,1.770,1,0,115.141,0,0,19,222,0,3,0
25-09 07:00:57,14.775,26.544,57.596,0,0,4399712,7931480,385684,3552300,59983.831,30300.429,0,64.107,0,2.003,4908,4449,2.200,2.080,1.770,1,0,112.187,0,0,19,222,0,3,0
25-09 07:00:58,19.516,24.270,55.296,0.250,0,4417400,7913660,385736,3552304,45342.364,22714.718,0,576.475,0,38.031,4806,4767,2.200,2.080,1.770,2,0,80.066,0,0,19,224,0,3,0
25-09 07:00:59,29.418,24.681,44.875,0,0,4439396,7891576,385788,3551832,45772.489,24134.767,0,203.433,0,26.925,4841,3173,2.200,2.080,1.770,4,0,99.722,0,0,19,228,0,3,0
25-09 07:01:00,40.849,12.530,45.610,0,0,4517444,7813484,385820,3551840,60798.017,32274.043,0,248.601,0,21.051,4042,2233,2.200,2.080,1.770,3,0,21.051,0,0,19,228,0,3,0
25-09 07:01:01,43.234,12.920,42.985,0,0,4583608,7746200,385820,3552944,44104.421,22193.341,7.951,2325.679,1.988,6.957,4082,3169,2.420,2.130,1.790,4,0,0.994,0,0,19,228,0,3,0
25-09 07:01:02,41.662,11.796,46.180,0.502,0,4659092,7669900,385848,3553664,29859.370,14914.124,40.157,650.535,3.012,74.290,3941,2502,2.420,2.130,1.790,3,0,9.035,0,0,19,231,0,3,0
25-09 07:01:03,35.934,19.464,43.670,0,0,4691696,7637204,385860,3553760,15084.330,7510.224,0,18522.024,0,2156.045,8340,2660,2.420,2.130,1.790,2,0,49.908,0,0,19,234,0,2,0
25-09 07:01:04,22.488,36.981,35.981,4.248,0,4662264,7666008,386052,3554136,45947.219,25916.586,511.735,851.559,43.977,18.990,5141,3234,2.420,2.130,1.790,4,1,113.941,0,0,19,232,0,2,0
25-09 07:01:05,32.298,49.690,11.180,4.472,0,4665828,7658432,386452,3557412,60901.607,32811.061,2186.344,3.975,109.317,0.994,7060,6869,2.420,2.130,1.790,3,1,160.994,0,0,19,232,0,2,0
25-09 07:01:06,40.797,38.279,19.643,0.504,0,4701392,7620620,386508,3559500,75637.726,598262.009,48.352,890.484,9.066,54.396,8789,10466,2.470,2.140,1.800,4,0,116.851,0,0,19,232,0,2,0
25-09 07:01:07,39.248,29.373,30.386,0,0,4686448,7635220,386628,3559704,52120.773,32139.067,0,822.442,0,74.952,6855,6435,2.470,2.140,1.800,4,0,125.595,0,0,19,238,0,1,0
25-09 07:01:08,31.150,27.194,39.555,0,0,4680564,7640424,387104,3559912,62405.959,32934.501,0,2832.140,0,240.297,6955,7108,2.470,2.140,1.800,3,0,122.621,0,0,19,241,0,1,0
25-09 07:01:09,25.686,29.426,43.142,0,0,4619344,7701584,387152,3559920,46572.543,24348.116,0,450.873,0,23.940,5182,3248,2.470,2.140,1.800,4,0,131.671,0,0,19,240,0,2,0
25-09 07:01:10,27.782,28.033,43.050,0,0,4656600,7664316,387180,3559904,60763.638,31042.087,0,376.438,0,22.026,5047,2932,2.470,2.140,1.800,4,0,116.135,0,0,19,240,0,2,0
25-09 07:01:11,26.126,28.614,43.792,0,0,4682416,7638424,387196,3560436,54371.303,31165.290,0,1170.453,0,11.943,5621,5095,2.350,2.120,1.790,2,0,119.434,0,0,19,241,0,2,0
25-09 07:01:12,31.227,26.946,42.055,0,0,4671256,7649428,387332,3560448,59594.402,32212.727,0,1269.209,0,73.534,5728,5272,2.350,2.120,1.790,3,0,81.592,0,0,19,241,0,3,0
25-09 07:01:13,47.577,23.664,27.400,0,0,4704184,7616324,387408,3560368,48090.123,26004.436,0,362.681,0,33.877,5203,3805,2.350,2.120,1.790,6,0,86.685,0,0,19,242,0,4,0
25-09 07:01:14,64.471,21.323,14.550,0,0,4728464,7591928,387484,3560408,55214.178,457068.037,0,417.430,0,32.110,5253,3452,2.350,2.120,1.790,3,0,53.182,0,0,19,243,0,4,0
25-09 07:01:15,58.912,13.979,25.961,0.999,0,4839504,7480096,387512,3561172,46683.008,144006.092,726.910,343.485,6.990,21.967,4456,2514,2.350,2.120,1.790,4,0,4.993,0,0,19,248,0,4,0
25-09 07:01:16,56.516,12.754,30.259,0.250,0,4869156,7448384,387576,3562788,20942.110,13540.950,4.001,1744.509,1.000,115.034,4816,3263,2.480,2.150,1.810,2,0,0,0,0,19,248,0,4,0
25-09 07:01:17,44.135,15.460,39.896,0,0,4880916,7436292,387640,3563052,35141.138,19471.101,0,738.071,0,43.885,5789,4824,2.480,2.150,1.810,2,0,64.831,0,0,19,246,0,11,0
25-09 07:01:18,24.552,29.312,44.845,0,0,4874184,7443012,387648,3563056,60888.401,33088.320,0,292.622,0,21.045,5283,3056,2.480,2.150,1.810,2,0,138.294,0,0,19,246,0,11,0
25-09 07:01:19,27.728,27.728,43.966,0,0,4918352,7398700,387648,3563196,61261.346,33671.807,0,211.835,0,9.992,5203,2918,2.480,2.150,1.810,2,0,129.899,0,0,19,246,0,11,0
25-09 07:01:20,19.713,26.201,52.651,0,0,4921848,7395144,387688,3563208,51265.922,28826.975,0,1006.114,0,51.903,5006,3235,2.480,2.150,1.810,2,0,119.776,0,0,19,247,0,11,0
25-09 07:01:21,15.659,24.752,58.849,0.253,0,4922268,7394680,387716,3563220,69039.569,37283.408,0,412.195,0,35.360,5128,3601,2.360,2.130,1.800,1,0,124.265,0,0,19,247,0,11,0
25-09 07:01:22,33.024,27.809,37.990,0,0,4906432,7410500,387732,3563300,60616.452,30494.946,0,174.802,0,9.932,5032,4151,2.360,2.130,1.800,2,0,108.258,0,0,19,246,0,12,0
25-09 07:01:23,37.299,27.786,34.545,0,0,4931576,7385280,387740,3563324,45487.379,22887.878,0,148.193,0,7.009,5398,4270,2.360,2.130,1.800,2,0,84.110,0,0,19,246,0,12,0
25-09 07:01:24,37.870,28.153,33.136,0,0,4957860,7358916,387772,3563244,62192.812,467063.969,0,554.101,0,35.877,5793,3780,2.360,2.130,1.800,6,0,110.621,0,0,19,247,0,12,0
25-09 07:01:25,35.410,28.880,34.907,0,0,4996296,7320444,387784,3563268,67521.623,160163.577,0,188.852,0,18.082,5496,3472,2.360,2.130,1.800,2,0,130.589,0,0,19,247,0,12,0
25-09 07:01:26,44.027,32.585,22.635,0,0,4951052,7365444,387828,3563464,46912.124,26062.844,0,370.123,0,21.889,5262,3145,2.410,2.150,1.810,4,0,137.304,0,0,19,246,0,13,0
25-09 07:01:27,58.809,32.893,7.226,0,0,4996520,7318868,387860,3564380,60162.273,31361.969,0,697.730,0,40.867,7956,16501,2.410,2.150,1.810,5,0,141.540,0,0,19,252,0,16,0
25-09 07:01:28,21.457,26.197,50.648,0,0,5014640,7300424,387872,3564780,63082.494,34571.123,127.742,223.548,0.998,12.974,5177,3642,2.410,2.150,1.810,5,0,123.750,0,0,19,255,0,15,0
25-09 07:01:29,29.701,29.449,39.517,0,0,5021064,7293928,387912,3565288,52027.684,28581.196,0,1441.746,0,173.171,6342,6203,2.410,2.150,1.810,2,0,114.776,0,0,19,255,0,15,0
25-09 07:01:30,34.616,31.104,34.616,0.251,0,4996712,7318024,388120,3565284,47851.029,25503.291,0,3078.295,0,177.594,6366,6187,2.410,2.150,1.810,3,0,96.322,0,0,19,254,0,16,0
25-09 07:01:31,40.784,28.599,28.847,0,0,5052580,7262076,388128,3564812,56198.699,29981.393,0,155.179,0,6.963,5043,2908,2.540,2.180,1.820,4,0,79.579,0,0,19,254,0,16,0
25-09 07:01:32,42.223,28.148,29.405,0,0,5122304,7192304,388152,3564840,52066.571,29526.708,0,1676.843,0,160.848,5382,3000,2.540,2.180,1.820,3,0,123.652,0,0,19,255,0,16,0
25-09 07:01:33,43.999,29.333,25.604,0,0,5143596,7170916,388164,3564928,82041.645,589709.687,0,171.026,0,7.955,5851,3527,2.540,2.180,1.820,5,0,132.247,0,0,19,254,0,17,1
25-09 07:01:34,42.800,35.202,22.793,0,0,5134316,7178860,388244,3566148,53299.487,28471.641,0,16982.089,0,1621.828,9050,7848,2.540,2.180,1.820,2,0,132.704,0,0,19,260,0,18,0
25-09 07:01:35,27.390,26.896,43.429,0,0,5163348,7149808,388260,3566148,53242.089,28252.597,0,153.976,0,9.870,4888,2860,2.540,2.180,1.820,2,0,121.404,0,0,19,260,0,18,0
25-09 07:01:36,24.604,29.876,44.186,0,0,5167884,7145248,388292,3566644,66056.109,36187.356,0,486.046,0,27.114,5686,4906,2.660,2.210,1.830,4,0,133.562,0,0,19,261,0,18,0
25-09 07:01:37,25.452,25.702,47.910,0,0,5143832,7169216,388324,3566604,49824.615,27478.498,0,435.184,0,17.966,5262,5656,2.660,2.210,1.830,2,0,83.843,0,0,19,261,0,18,0
25-09 07:01:38,43.640,23.826,32.354,0,0,5135116,7177868,388368,3566184,46400.646,23737.043,0,276.887,0,24.077,5442,3326,2.660,2.210,1.830,3,0,68.219,0,0,19,262,0,19,0
25-09 07:01:39,50.285,28.770,20.014,0,0,5186512,7126296,388396,3566332,60988.719,33003.117,0,188.132,0,12.008,5303,2747,2.660,2.210,1.830,3,0,111.078,0,0,19,262,0,19,0
25-09 07:01:40,53.370,13.467,33.419,0,0,5273828,7038756,388412,3566540,50209.112,27458.342,0,319.225,0,21.947,4181,2083,2.660,2.210,1.830,4,0,0.998,0,0,19,263,0,19,0
25-09 07:01:41,42.210,8.742,47.955,0,0,5322260,6989984,388464,3566768,37179.103,25625.947,0,387.636,0,28.973,4139,2763,2.530,2.190,1.830,4,0,3.996,0,0,19,266,0,20,0
25-09 07:01:42,55.763,21.005,23.005,0,0,5316420,6995100,388508,3567428,20331.614,8515.932,652.148,1928.438,6.001,40.009,6038,6159,2.530,2.190,1.830,4,0,13.003,0,0,19,267,0,25,0
25-09 07:01:43,54.050,17.266,28.026,0,0,5368060,6943452,388524,3567420,29509.184,564104.658,512.472,276.254,4.004,23.021,4932,2986,2.530,2.190,1.830,3,0,9.008,0,0,19,271,0,25,0
25-09 07:01:44,50.355,19.100,26.046,4.217,0,5383300,6922928,389096,3570684,21474.649,13856.372,4103.828,1864.384,87.315,96.245,5483,5061,2.530,2.190,1.830,5,0,38.697,0,0,19,277,0,26,0
25-09 07:01:45,27.404,34.379,36.870,0,0,5307500,6998532,389136,3570848,51078.188,30679.000,1163.903,526.148,9.965,47.832,6036,4635,2.530,2.190,1.830,6,0,128.547,0,0,19,276,0,26,1
25-09 07:01:46,39.055,38.300,21.669,0,0,5318040,6987948,389136,3570860,61625.977,34167.222,516.036,213.671,4.032,10.079,5531,3303,2.480,2.180,1.830,4,0,141.104,0,0,19,276,0,27,0
25-09 07:01:47,42.676,36.437,20.464,0,0,5347300,6958664,389144,3570876,60779.209,32633.199,638.888,223.611,4.991,10.981,5277,3022,2.480,2.180,1.830,3,0,127.778,0,0,19,276,0,27,0
25-09 07:01:48,32.615,35.375,31.612,0,0,5334724,6970784,389148,3571316,51799.076,28949.317,770.724,297.050,6.021,15.053,5300,3340,2.480,2.180,1.830,4,0,135.479,0,0,19,277,0,27,0
25-09 07:01:49,29.855,35.124,34.120,0,0,5320864,6984440,389180,3571472,65069.611,35838.463,642.266,385.360,5.018,29.103,5575,3925,2.480,2.180,1.830,3,0,130.460,0,0,19,277,0,27,0
25-09 07:01:50,39.321,34.870,22.999,0,0,5253600,7051684,389204,3571468,61660.327,31920.766,506.475,455.036,3.957,25.719,5664,3801,2.480,2.180,1.830,3,0,130.576,0,0,19,278,0,28,0
25-09 07:01:51,49.196,31.965,18.730,0,0,5290616,7014500,389216,3571712,45096.709,23094.757,639.301,187.795,4.995,7.991,5146,4087,2.600,2.220,1.840,3,0,97.893,0,0,19,278,0,28,0
25-09 07:01:52,43.733,31.060,24.103,0,0,5315100,6989908,389260,3571744,50971.481,28834.772,508.890,862.727,3.976,51.684,6014,5744,2.600,2.220,1.840,5,0,91.441,0,0,19,284,0,28,0
25-09 07:01:53,60.132,32.845,7.074,0,0,5345480,6959388,389292,3572032,61581.915,585258.110,905.512,230.421,7.074,16.170,5794,3936,2.600,2.220,1.840,5,0,121.274,0,0,20,284,0,28,0
25-09 07:01:54,61.604,17.852,20.618,0.251,0,5394412,6910276,389440,3572132,64221.720,36436.193,0,1142.560,0,96.554,5620,3997,2.600,2.220,1.840,4,0,86.497,0,0,20,288,0,29,0
25-09 07:01:55,41.883,8.227,46.371,2.742,0,5424152,6878104,389480,3574332,44757.060,22539.082,2245.731,179.499,110.691,11.967,3854,2125,2.600,2.220,1.840,1,1,1.994,0,0,20,288,0,29,0
25-09 07:01:56,45.330,8.014,46.082,0.751,0,5448040,6852680,389524,3575668,29688.511,15912.144,1017.800,384.680,83.147,17.030,3794,2075,2.560,2.210,1.840,2,0,4.007,0,0,20,288,0,29,0
25-09 07:01:57,49.150,7.447,41.951,0,0,5453204,6846240,389624,3576724,15411.200,7566.094,0,1060.445,0,61.561,5111,4677,2.560,2.210,1.840,4,0,18.866,0,0,20,289,0,30,0
25-09 07:01:58,7.060,24.710,67.322,0,0,5451912,6847032,389624,3577196,65452.450,35985.938,0,36.309,0,1.009,5015,3730,2.560,2.210,1.840,1,0,148.260,0,0,20,289,0,30,0
25-09 07:01:59,5.991,9.486,82.874,0,0,5454096,6844768,389696,3577200,45758.402,25388.385,0,347.472,0,31.951,3292,2807,2.560,2.210,1.840,0,0,48.926,0,0,20,290,0,30,0
25-09 07:02:00,2.246,2.246,93.850,0,0,5454284,6844544,389724,3577208,54754.682,24639.707,0,866.618,0,146.766,2328,2053,2.560,2.210,1.840,0,0,0,0,0,20,291,0,30,0
25-09 07:02:01,2.003,2.254,95.161,0,0,5453652,6844544,389740,3577792,701241.081,41353.887,0,128.217,0,7.012,2320,1828,2.350,2.170,1.830,0,0,0,0,0,20,290,0,30,0
25-09 07:02:02,9.739,4.994,82.905,0,0,5442892,6854224,389780,3578808,1132826.453,57054.347,0,639.264,0,40.953,4313,3101,2.350,2.170,1.830,2,0,6.992,0,0,20,293,0,30,0
25-09 07:02:03,8.270,4.260,82.450,0,0,5442708,6850176,389808,3582908,4500138.783,684445.643,0,525.272,0,44.107,9463,6572,2.350,2.170,1.830,2,0,2.005,0,0,20,292,0,30,0
25-09 07:02:04,5.989,6.987,80.596,0.250,0,5440508,6844688,389836,3590388,8052211.807,183815.404,0,283.459,0,35.931,12710,10637,2.350,2.170,1.830,0,0,0.998,0,0,20,292,0,30,0
25-09 07:02:05,8.515,18.031,69.619,2.254,0,5441704,6840012,389836,3593748,2959575.798,70002.151,428.736,9981.132,7.012,1160.993,8045,4420,2.350,2.170,1.830,0,1,90.155,0,0,20,291,0,30,0
25-09 07:02:06,6.993,19.229,69.426,3.496,0,5447712,6832208,389848,3595528,45809.125,25454.842,1870.005,259.723,19.979,13.985,4532,2883,2.240,2.150,1.830,1,0,121.870,0,0,20,291,0,30,0
25-09 07:02:07,21.774,14.598,61.363,0,0,5476272,6803456,389852,3595708,60982.022,33430.995,0,55.425,0,2.969,3858,2441,2.240,2.150,1.830,3,0,49.486,0,0,20,294,0,31,0
25-09 07:02:08,24.507,5.811,69.732,0,0,5522592,6757116,389868,3595716,33602.878,17746.362,0,978.273,0,130.369,2984,1909,2.240,2.150,1.830,2,0,3.032,0,0,20,295,0,30,0
25-09 07:02:09,13.003,4.751,81.267,0,0,5522808,6756892,389912,3595680,32168.632,18894.895,0,464.096,0,35.007,2508,1994,2.240,2.150,1.830,1,0,0,0,0,20,296,0,29,0
25-09 07:02:10,17.229,3.745,77.655,0.250,0,5522988,6756640,389924,3595744,33378.957,18677.035,0,147.818,0,17.978,3671,3405,2.240,2.150,1.830,3,0,0,0,0,20,301,0,30,0
25-09 07:02:11,19.522,4.505,74.836,0,0,5523580,6755968,389968,3595776,23347.853,327469.637,0,404.465,0,40.046,4344,4245,2.140,2.140,1.820,0,0,3.003,0,0,20,299,0,31,0
25-09 07:02:12,2.250,1.750,92.260,0,0,5518112,6761428,389976,3595776,267472.091,8664510.766,0,284.032,0,15.002,3751,1482,2.140,2.140,1.820,0,0,0,0,0,20,299,0,31,0
25-09 07:02:13,1.501,1.752,94.092,0,0,5515048,6764464,389996,3595780,242605.136,7478052.643,0,1433.395,0,43.042,3210,1467,2.140,2.140,1.820,0,0,0,0,0,20,299,0,30,0
25-09 07:02:14,24.220,5.743,67.916,0,0,5514632,6764744,390096,3595816,1831955.621,66285.670,0,2221.241,0,131.836,7747,6233,2.140,2.140,1.820,2,0,2.996,0,0,20,303,0,30,0
25-09 07:02:15,22.751,5.750,69.503,0,0,5519008,6756444,390152,3599592,2395294.183,51034.454,0,524.025,0,50.002,7722,5970,2.140,2.140,1.820,1,0,1.000,0,0,20,304,0,30,0
25-09 07:02:16,8.008,8.008,80.833,0,0,5519668,6750932,390160,3604288,5467399.399,114885.659,0,148.152,0,8.008,9798,6392,1.970,2.100,1.810,0,0,0,0,0,20,304,0,30,0
25-09 07:02:17,13.255,11.004,70.027,0,0,5520700,6742068,390196,3611812,7449496.851,155302.454,0,780.304,0,45.018,14759,10857,1.970,2.100,1.810,1,0,2.001,0,0,20,304,0,25,0
25-09 07:02:18,16.955,7.730,74.552,0,0,5450560,6812140,390236,3611824,3289.276,2894.324,0,706.127,0,49.868,3114,2306,1.970,2.100,1.810,1,0,30.918,0,0,20,301,0,29,0
25-09 07:02:19,6.215,26.351,64.884,0,0,5453772,6808872,390244,3611868,16010.747,28234.839,0,163.081,0,9.944,4943,3112,1.970,2.100,1.810,2,0,161.092,0,0,20,301,0,29,0
25-09 07:02:20,7.304,23.676,68.258,0.252,0,5451484,6811148,390260,3611864,61865.641,36820.157,0,153.140,0,13.098,5413,3683,1.970,2.100,1.810,1,0,199.485,0,0,20,301,0,29,0
25-09 07:02:21,17.996,13.997,66.735,0,0,5488452,6774168,390260,3611876,59097.795,480662.596,0,0,0,0,4194,2914,1.890,2.080,1.810,1,0,75.983,0,0,20,301,0,26,0
25-09 07:02:22,22.943,5.294,71.601,0,0,5534564,6728052,390260,3611880,47880.126,143648.447,0,56.474,0,3.025,2696,1653,1.890,2.080,1.810,1,0,1.008,0,0,20,301,0,26,0
25-09 07:02:23,13.844,15.327,68.724,0,0,5521676,6740916,390280,3611884,45623.575,25454.433,0,300.604,0,21.754,4150,2930,1.890,2.080,1.810,2,0,83.062,0,0,20,301,0,26,0
25-09 07:02:24,6.753,23.259,68.526,0,0,5512624,6749940,390296,3611896,45917.446,25413.656,0,208.079,0,21.008,4893,3396,1.890,2.080,1.810,2,0,129.049,0,0,20,301,0,26,0
25-09 07:02:25,7.760,23.031,66.589,0.501,0,5509592,6752916,390328,3611920,61026.603,33839.249,0,404.541,0,38.051,5094,3687,1.890,2.080,1.810,1,0,133.178,0,0,20,301,0,25,0
25-09 07:02:26,6.471,23.395,67.944,0,0,5509948,6752544,390332,3611932,60487.614,33767.937,0,2273.761,0,443.005,5324,2919,1.820,2.060,1.800,1,0,125.435,0,0,20,301,0,25,0
25-09 07:02:27,8.292,27.638,62.815,0,0,5508612,6753848,390344,3612148,62011.549,37387.233,0,478.396,0,26.131,4979,3294,1.820,2.060,1.800,5,0,168.846,0,0,20,301,0,25,0
25-09 07:02:28,14.771,16.774,67.847,0,0,5491512,6770916,390376,3611952,45256.448,23565.559,0,124.177,0,15.021,3774,10287,1.820,2.060,1.800,0,0,70.100,0,0,20,301,0,26,0
25-09 07:02:29,13.241,6.745,78.946,0,0,5518452,6743952,390396,3611952,60064.015,30900.915,0,703.520,0,27.981,2859,2275,1.820,2.060,1.800,1,0,10.992,0,0,20,301,0,22,0
25-09 07:02:30,22.908,6.042,70.989,0,0,5557392,6705000,390404,3611956,29708.458,14989.158,0,108.748,0,14.097,2916,2042,1.820,2.060,1.800,1,0,0,0,0,20,301,0,22,0
25-09 07:02:31,15.635,7.197,76.188,0,0,5565956,6696296,390404,3612088,48879.435,570782.553,0,0,0,0,2813,1933,1.760,2.040,1.800,1,0,6.949,0,0,20,302,0,22,0
25-09 07:02:32,19.005,3.001,77.272,0,0,5563300,6698940,390404,3612096,18842.350,10662.027,0,0,0,0,2643,1945,1.760,2.040,1.800,1,0,5.001,0,0,20,305,0,23,0
25-09 07:02:33,8.497,20.743,69.227,0,0,5522440,6739644,390408,3612244,30527.824,17362.213,0,107.964,0,8.997,4465,2823,1.760,2.040,1.800,1,0,109.963,0,0,20,305,0,22,0
25-09 07:02:34,2.498,5.745,64.949,24.980,0,5508680,6739684,390528,3625644,44628.857,22580.219,10419.795,32326.545,145.885,66.947,3013,2657,1.760,2.040,1.800,1,0,1.998,0,0,20,305,0,22,0
25-09 07:02:35,2.004,3.757,72.129,21.789,0,5504380,6726004,390532,3643404,29736.042,14618.075,16681.756,0,168.300,0,2269,1906,1.760,2.040,1.800,0,1,2.004,0,0,20,305,0,22,0
25-09 07:02:36,1.499,2.998,71.960,21.488,0,5481360,6727980,390572,3664244,29994.395,14797.808,19225.357,135.925,194.892,14.992,2636,2164,1.690,2.030,1.790,0,1,0,0,0,20,305,0,22,0
25-09 07:02:37,1.750,3.499,71.988,22.246,0,5477208,6711540,390580,3684680,15168.481,7294.789,19160.818,0,211.965,0,2368,1825,1.690,2.030,1.790,0,1,0,0,0,20,305,0,20,0
25-09 07:02:38,1.751,3.752,71.544,21.513,0,5474312,6689536,390588,3709412,15061.217,7300.468,23226.214,0,237.145,0,2616,1973,1.690,2.030,1.790,0,1,2.001,0,0,20,305,0,20,0
25-09 07:02:39,1.250,3.751,71.768,21.755,0,5460328,6682560,390604,3730220,15594.871,7459.851,19676.884,364.090,192.048,67.017,2465,1859,1.690,2.030,1.790,0,1,0,0,0,20,305,0,20,0
25-09 07:02:40,4.236,8.472,70.763,15.448,0,5449100,6677784,390608,3746112,15740.211,12314.699,14068.816,47.840,141.525,5.980,3054,2163,1.690,2.030,1.790,0,1,15.947,0,0,20,305,0,20,0
25-09 07:02:41,1.752,4.506,71.339,21.527,0,5448936,6659388,390608,3764576,44430.710,22550.275,17958.517,44.055,167.210,3.004,2584,1965,1.640,2.010,1.790,0,1,2.003,0,0,20,305,0,20,0
25-09 07:02:42,2.502,3.754,70.570,21.772,0,5448912,6642756,390616,3781144,29593.549,14738.717,15979.956,1481.479,149.149,301.301,3075,2170,1.640,2.010,1.790,0,1,0,0,0,20,305,0,18,0
25-09 07:02:43,4.495,10.489,70.426,13.486,0,5452276,6626116,390616,3794352,15154.982,7288.297,12846.422,0,115.878,0,3138,2185,1.640,2.010,1.790,0,1,25.973,0,0,20,305,0,18,0
25-09 07:02:44,3.001,4.252,69.531,22.010,0,5452084,6609988,390648,3810544,44803.943,27444.216,15823.043,504.224,154.069,45.020,3133,2818,1.640,2.010,1.790,0,1,3.001,0,0,20,305,0,18,0
25-09 07:02:45,2.486,4.226,69.603,21.378,0,5452248,6593620,390660,3826656,29693.536,14801.526,15781.931,242.615,163.069,18.892,2828,2507,1.640,2.010,1.790,1,1,0,0,0,20,305,0,18,0
25-09 07:02:46,4.533,11.080,70.759,12.842,0,5449352,6583208,390660,3839920,45580.015,27505.945,13114.377,0,129.935,0,3299,2317,1.670,2.010,1.790,1,0,26.188,0,0,20,305,0,11,0
25-09 07:02:47,3.248,5.246,69.451,20.735,0,5449220,6562572,390672,3860564,54062.664,464418.681,20081.760,215.847,228.838,11.991,3395,2451,1.670,2.010,1.790,0,1,2.998,0,0,20,305,0,11,0
25-09 07:02:48,4.499,8.499,69.992,15.248,0,5451124,6544708,390672,3876460,35625.705,157517.012,15014.190,7.999,159.981,2.000,3406,2439,1.670,2.010,1.790,1,1,15.998,0,0,20,305,0,11,0
25-09 07:02:49,2.749,3.998,69.970,21.991,0,5451764,6527584,390688,3892860,44868.915,22334.500,16225.099,459.804,154.934,27.988,3046,2516,1.670,2.010,1.790,0,1,0,0,0,20,305,0,11,0
25-09 07:02:50,4.990,12.726,68.868,12.476,0,5455080,6516008,390692,3901068,30231.907,19654.233,7932.757,51.900,74.856,2.994,3169,2218,1.670,2.010,1.790,0,1,27.946,0,0,20,305,0,10,0
25-09 07:02:51,16.441,11.708,48.574,21.921,0,5477400,6484260,390692,3910428,44741.170,22664.024,9625.185,0,90.672,0,3431,2101,1.700,2.010,1.790,2,0,5.978,0,0,20,305,0,10,0
25-09 07:02:52,17.608,13.332,49.304,19.621,0,5484392,6458556,390692,3929060,29807.623,15207.683,18968.853,0,185.141,0,3836,2267,1.700,2.010,1.790,0,1,6.037,0,0,20,305,0,10,0
25-09 07:02:53,4.000,9.251,70.506,14.751,0,5475360,6451752,390692,3944848,45092.989,26800.371,15429.365,0,155.014,0,3347,2283,1.700,2.010,1.790,0,1,18.002,0,0,20,305,0,10,0
25-09 07:02:54,2.743,4.987,69.322,20.447,0,5468804,6438672,390716,3964364,29679.647,15009.387,18911.349,375.035,198.489,34.910,3032,2563,1.700,2.010,1.790,1,0,0.997,0,0,20,305,0,10,0
25-09 07:02:55,4.765,8.025,70.721,16.552,0,5463084,6436164,390728,3972544,60209.252,36766.957,7647.912,92.289,77.242,9.028,2903,2138,1.700,2.010,1.790,0,1,16.050,0,0,20,305,0,10,0
25-09 07:02:56,2.001,3.002,71.290,22.263,0,5458200,6428604,390728,3984924,30090.088,14910.468,11294.414,0,118.067,0,2331,1775,1.640,1.990,1.790,0,1,2.001,0,0,20,305,0,10,0
25-09 07:02:57,4.233,8.716,69.725,15.190,0,5459048,6415500,390728,3997148,30327.439,18602.662,11426.951,1681.371,114.548,343.645,3473,2270,1.640,1.990,1.790,0,1,15.937,0,0,20,305,0,10,0
25-09 07:02:58,1.756,4.517,72.515,20.324,0,5458828,6398616,390728,4014188,44701.513,22034.600,15524.788,0,173.635,0,2714,1984,1.640,1.990,1.790,0,1,0,0,0,20,305,0,8,0
25-09 07:02:59,8.504,16.508,67.533,6.003,0,5456576,6394112,390760,4020876,38202.406,459253.275,6098.939,416.201,75.036,34.016,4558,3181,1.640,1.990,1.790,1,0,58.028,0,0,20,305,0,8,0
25-09 07:03:00,4.496,7.493,69.437,16.485,0,5457376,6380516,390772,4033612,48604.175,153647.461,12556.678,131.881,119.892,13.987,3440,2722,1.640,1.990,1.790,0,1,10.990,0,0,20,305,0,8,0
25-09 07:03:01,2.751,6.503,71.283,18.759,0,5457720,6364904,390772,4048800,29979.984,14746.878,14910.955,0,154.072,0,2901,2120,1.590,1.980,1.780,1,0,10.005,0,0,20,305,0,8,0
25-09 07:03:02,7.456,13.173,68.847,8.451,0,5459148,6355832,390772,4056376,60196.554,36237.831,7078.556,0,80.529,0,3797,2562,1.590,1.980,1.780,0,1,47.721,0,0,20,305,0,8,0
25-09 07:03:03,2.263,4.778,70.658,21.625,0,5459172,6336680,390780,4075432,44452.656,22081.492,17295.861,289.672,221.278,17.099,2816,2265,1.590,1.980,1.780,0,1,0,0,0,20,305,0,8,0
25-09 07:03:04,9.641,14.090,62.046,10.877,0,5460796,6325100,390800,4085336,30334.742,18816.459,9132.360,344.095,120.631,26.697,4434,3587,1.590,1.980,1.780,1,1,30.652,0,0,20,306,0,10,0
25-09 07:03:05,4.804,4.551,69.030,21.493,0,5461068,6309756,390816,4100324,45092.520,22502.263,14406.789,153.737,185.091,13.149,3148,2758,1.590,1.980,1.780,0,1,4.046,0,0,20,305,0,10,0
25-09 07:03:06,4.245,8.240,70.911,15.231,0,5460720,6295908,390816,4114484,30460.971,18558.830,12947.835,7.990,162.797,1.998,3206,2192,1.540,1.960,1.780,0,1,15.980,0,0,20,305,0,10,0
25-09 07:03:07,4.751,10.001,69.510,15.002,0,5460848,6281824,390832,4128304,45125.570,27071.941,12645.841,244.036,152.022,12.002,3340,2335,1.540,1.960,1.780,0,1,18.003,0,0,20,305,0,10,0
25-09 07:03:08,1.250,4.750,71.248,20.999,0,5460440,6262420,390832,4148052,44373.727,22763.347,18655.465,0,226.993,0,2682,2072,1.540,1.960,1.780,0,1,2.000,0,0,20,305,0,10,0
25-09 07:03:09,3.505,8.012,71.106,15.774,0,5458504,6253852,390832,4158508,30329.356,19971.867,9782.629,52.078,125.187,6.009,2894,2036,1.540,1.960,1.780,0,1,16.024,0,0,20,305,0,10,0
25-09 07:03:10,2.749,4.248,69.967,21.740,0,5459268,6238016,390844,4173488,54261.558,471788.792,14405.246,355.833,167.921,35.983,3083,2276,1.540,1.960,1.780,0,1,0,0,0,20,305,0,9,0
25-09 07:03:11,4.020,8.795,70.357,15.579,0,5461120,6223152,390844,4186452,48751.715,149163.925,12399.001,0,157.802,0,3280,2219,1.500,1.940,1.770,0,1,19.097,0,0,20,305,0,9,0
25-09 07:03:12,2.734,3.977,70.841,20.879,0,5460900,6201480,390844,4208232,44000.936,21893.585,20139.712,47.724,260.496,2.983,2887,2267,1.500,1.940,1.770,1,1,0,0,0,20,305,0,9,0
25-09 07:03:13,3.754,9.259,69.567,15.265,0,5459380,6189916,390872,4221224,44779.394,27472.623,12892.494,2234.165,123.119,401.389,4011,2776,1.500,1.940,1.770,0,1,17.016,0,0,20,305,0,9,0
25-09 07:03:14,5.244,9.239,69.170,15.232,0,5460104,6178828,390944,4231468,45264.361,25246.640,9712.705,2405.203,110.871,149.826,4073,3535,1.500,1.940,1.770,0,1,18.978,0,0,20,305,0,8,0
25-09 07:03:15,4.490,8.981,69.602,16.215,0,5461100,6162196,390960,4247020,45102.009,26491.617,15235.574,179.618,166.645,15.966,3593,2764,1.500,1.940,1.770,4,0,15.966,0,0,20,305,0,8,0
25-09 07:03:16,2.254,5.009,70.882,20.538,0,5459372,6145828,390960,4265036,45593.905,23165.138,17809.164,0,187.349,0,2872,2098,1.460,1.930,1.770,0,1,0,0,0,20,305,0,8,0
25-09 07:03:17,11.263,16.019,68.830,3.254,0,5469884,6131836,390968,4268492,45528.943,27892.434,3363.912,224.261,41.048,12.014,3741,2418,1.460,1.930,1.770,2,0,71.083,0,0,20,305,0,8,0
25-09 07:03:18,22.219,6.060,72.210,0,0,5503648,6098068,390968,4268496,45966.224,24010.217,0,12.119,0,3.030,2614,1647,1.460,1.930,1.770,2,0,1.010,0,0,20,305,0,4,0
25-09 07:03:19,24.516,4.953,68.595,0,0,5545528,6056184,390968,4268500,41905.803,439782.121,0,0,0,0,2848,1949,1.460,1.930,1.770,1,0,0,0,0,20,305,0,4,0
25-09 07:03:20,23.011,4.752,70.783,0,0,5582792,6018920,390968,4268500,31596.763,68968.223,0,0,0,0,2732,1738,1.460,1.930,1.770,1,0,5.002,0,0,20,305,0,4,0
25-09 07:03:21,26.437,2.494,70.582,0,0,5598604,6003044,391024,4268508,45323.940,23899.021,0,586.601,0,41.900,3218,2366,1.420,1.910,1.770,2,0,1.995,0,0,20,307,0,4,0
25-09 07:03:22,22.262,5.753,71.037,0,0,5582944,6018696,391032,4268508,45628.657,22521.677,0,84.044,0,6.003,2839,1815,1.420,1.910,1.770,2,0,5.003,0,0,20,305,0,4,0
25-09 07:03:23,23.021,5.755,70.813,0,0,5619688,5981932,391032,4268528,60338.753,30501.172,0,100.089,0,9.008,2881,1899,1.420,1.910,1.770,2,0,2.002,0,0,20,305,0,4,0
25-09 07:03:24,21.475,7.491,70.169,0.250,0,5643444,5958024,391056,4268656,30188.104,14575.152,0,379.561,0,33.961,2951,2061,1.420,1.910,1.770,1,0,1.998,0,0,20,305,0,4,0
25-09 07:03:25,16.780,5.009,78.138,0,0,5646176,5955284,391060,4268660,16862.835,9172.228,0,48.085,0,6.011,2496,1798,1.420,1.910,1.770,1,0,2.004,0,0,20,308,0,4,0
25-09 07:03:26,4.499,1.750,92.235,0,0,5630764,5970688,391060,4268668,26984.748,19098.991,0,0,0,0,2084,1853,1.310,1.880,1.760,0,0,2.000,0,0,20,308,0,5,0
25-09 07:03:27,20.235,2.998,75.694,0,0,5627680,5973756,391060,4268680,21702.826,12879.402,0,0,0,0,2693,1888,1.310,1.880,1.760,1,0,0.999,0,0,20,311,0,6,0
25-09 07:03:28,32.243,15.997,50.989,0,0,5562448,6038976,391068,4268772,47163.169,25230.741,0,79.983,0,2.999,4049,11017,1.310,1.880,1.760,3,0,50.989,0,0,20,305,0,7,0
25-09 07:03:29,22.210,6.987,69.873,0,0,5543544,6057848,391096,4268684,44116.061,22303.586,0,255.537,0,20.962,2978,2093,1.310,1.880,1.760,1,0,1.996,0,0,20,305,0,7,0
25-09 07:03:30,24.061,5.514,70.680,0,0,5543532,6057848,391108,4268684,29758.733,15278.883,0,92.235,0,14.036,2761,1963,1.310,1.880,1.760,2,0,0,0,0,20,305,0,7,0
25-09 07:03:31,21.249,11.749,65.996,0,0,5486240,6114976,391108,4268836,15343.177,7767.583,0,155.992,0,2.000,3365,2035,1.280,1.860,1.750,2,0,49.997,0,0,20,305,0,6,0
25-09 07:03:32,7.191,23.806,66.457,0,0,5485604,6115592,391120,4268840,45479.546,25390.622,507.852,353.116,3.968,12.895,4590,2996,1.280,1.860,1.750,1,0,124.979,0,0,20,305,0,6,0
25-09 07:03:33,7.814,23.190,68.561,0,0,5484124,6117060,391120,4268852,61875.008,34354.951,0,112.923,0,1.008,4750,2985,1.280,1.860,1.750,1,0,132.080,0,0,20,305,0,6,0
25-09 07:03:34,8.550,25.651,64.630,0,0,5477816,6123308,391124,4268912,61643.069,61217.569,0,1887.084,0,332.956,5776,3765,1.280,1.860,1.750,1,0,162.957,0,0,20,305,0,6,0
25-09 07:03:35,10.689,20.136,67.367,0,0,5481664,6119456,391128,4268912,76465.734,723212.711,0,79.548,0,3.977,5082,3455,1.280,1.860,1.750,1,0,127.277,0,0,20,305,0,5,0
25-09 07:03:36,17.999,11.000,69.997,0,0,5499000,6102096,391136,4268924,45065.332,23261.139,0,71.997,0,6.000,3210,2097,1.260,1.850,1.750,1,0,46.998,0,0,20,305,0,5,0
25-09 07:03:37,22.212,6.239,70.380,0,0,5516056,6084992,391140,4268936,44653.669,23320.136,0,75.870,0,2.995,2821,1836,1.260,1.850,1.750,1,0,16.971,0,0,20,305,0,5,0
25-09 07:03:38,14.939,4.482,79.926,0,0,5525516,6075512,391148,4268948,36318.588,18105.513,0,227.078,0,5.976,2237,1547,1.260,1.850,1.750,1,0,2.988,0,0,20,306,0,5,0
25-09 07:03:39,22.506,5.501,70.769,0,0,5502348,6093284,391168,4273360,30046.090,15134.075,0,764.206,0,18.005,2595,1691,1.260,1.850,1.750,2,0,2.001,0,0,20,305,0,5,0
25-09 07:03:40,23.158,6.972,68.477,0,0,5508272,6086016,391176,4274468,60182.845,29769.208,0,1179.294,0,95.618,5041,5578,1.260,1.850,1.750,3,0,5.976,0,0,20,305,0,5,0
25-09 07:03:41,19.948,10.858,67.167,0,0,5533524,6059756,391176,4275356,29866.416,16917.905,0,0,0,0,6583,9423,1.320,1.850,1.750,1,0,10.100,0,0,20,305,0,5,0
25-09 07:03:42,16.998,3.750,78.493,0,0,5502532,6090556,391188,4275484,50602.248,30844.104,0,459.957,0,5.999,2498,1727,1.320,1.850,1.750,1,0,0,0,0,20,306,0,5,0
25-09 07:03:43,20.975,9.988,66.170,0,0,5531048,6061828,391192,4275684,46341.250,27928.401,0,119.856,0,2.996,7794,11960,1.320,1.850,1.750,1,0,5.993,0,0,20,306,0,5,0
25-09 07:03:44,17.226,11.983,69.901,0,0,5524504,6068180,391232,4275784,29640.870,15122.506,0,926.683,0,47.932,3394,2636,1.320,1.850,1.750,2,0,16.976,0,0,20,306,0,5,0
25-09 07:03:45,23.769,6.755,68.554,0.250,0,5532976,6058408,391400,4276592,41548.791,521353.457,0,804.635,0,34.027,3531,2711,1.320,1.850,1.750,4,0,2.002,0,0,20,305,0,5,1
25-09 07:03:46,8.263,19.781,69.610,0,0,5492760,6105708,391400,4270644,61083.428,34083.806,0,132.209,0,2.003,4565,2985,1.290,1.840,1.740,1,0,125.198,0,0,20,305,0,5,0
25-09 07:03:47,10.073,23.421,65.981,0,0,5484140,6114316,391408,4270648,61145.791,34106.659,0,519.790,0,12.088,4822,3128,1.290,1.840,1.740,1,0,146.065,0,0,20,305,0,5,0
25-09 07:03:48,19.633,7.953,71.822,0,0,5517604,6080848,391408,4270652,44112.106,21889.545,0,7.953,0,1.988,2711,1811,1.290,1.840,1.740,1,0,0,0,0,20,305,0,5,0
25-09 07:03:49,24.227,3.497,71.183,0,0,5537356,6060900,391408,4270848,29818.026,14937.986,0,0,0,0,2577,1674,1.290,1.840,1.740,2,0,0,0,0,20,305,0,5,0
25-09 07:03:50,13.484,3.746,81.406,0,0,5549808,6048424,391412,4270868,21128.708,12852.224,0,95.890,0,2.997,2306,1670,1.290,1.840,1.740,3,0,1.998,0,0,20,306,0,5,0
25-09 07:03:51,31.011,14.255,53.768,0,0,5532120,6066092,391412,4270888,19967.831,12213.178,640.219,0,5.002,0,3762,2290,1.350,1.840,1.750,2,0,20.007,0,0,20,305,0,9,0
25-09 07:03:52,18.436,24.914,55.309,0,0,5532996,6065212,391412,4270896,60382.694,32300.571,637.800,0,4.983,0,4381,2841,1.350,1.840,1.750,1,0,107.629,0,0,20,305,0,9,0
25-09 07:03:53,23.322,6.018,70.717,0,0,5579388,6018792,391440,4270896,30953.028,15076.285,0,373.146,0,26.080,2987,2069,1.350,1.840,1.750,1,0,2.006,0,0,20,305,0,9,0
25-09 07:03:54,15.008,4.502,78.793,0.500,0,5585928,6012192,391492,4270904,36059.761,20630.306,0,372.204,0,45.025,3101,2674,1.350,1.840,1.750,1,0,1.001,0,0,20,306,0,9,0
25-09 07:03:55,20.094,6.202,72.438,0,0,5558100,6040000,391504,4270912,32872.130,18513.458,0,1575.782,0,326.469,3392,1958,1.350,1.840,1.750,2,0,16.869,0,0,20,305,0,10,0
25-09 07:03:56,16.633,14.365,69.305,0,0,5552140,6045960,391504,4270912,45452.892,23484.011,0,20.161,0,1.008,3483,2308,1.320,1.830,1.740,1,0,55.444,0,0,20,305,0,10,0
25-09 07:03:57,22.344,4.770,72.556,0,0,5575480,6022620,391524,4270892,29884.022,15496.349,0,353.491,0,18.076,2599,1722,1.320,1.830,1.740,0,0,0,0,0,20,306,0,10,0
25-09 07:03:58,14.681,3.981,80.622,0,0,5552740,6045336,391524,4270916,46575.683,612505.960,0,0,0,0,2819,1988,1.320,1.830,1.740,0,0,0.995,0,0,20,306,0,10,0
25-09 07:03:59,15.000,10.000,73.252,0,0,5521204,6076840,391544,4270928,23211.679,14338.420,0,96.003,0,12.000,3786,2789,1.320,1.830,1.740,1,0,58.002,0,0,20,305,0,12,0
25-09 07:04:00,20.760,8.004,70.285,0,0,5521056,6076840,391556,4271064,30351.925,17598.654,0,112.055,0,14.007,3126,2393,1.320,1.830,1.740,1,0,0,0,0,20,305,0,12,0
25-09 07:04:01,16.227,4.494,78.887,0,0,5548520,6049372,391564,4271060,45940.095,24449.924,0,43.937,0,2.996,2448,1669,1.220,1.800,1.730,0,0,0,0,0,20,306,0,12,0
25-09 07:04:02,14.363,4.458,78.254,0,0,5550232,6047608,391592,4271084,22968.077,15219.929,0,269.432,0,15.849,2644,1995,1.220,1.800,1.730,0,0,1.981,0,0,20,306,0,15,0
25-09 07:04:03,29.252,11.852,59.009,0,0,5511640,6086168,391640,4271068,32374.415,16119.120,0,286.472,0,31.270,4314,3600,1.220,1.800,1.730,1,0,32.279,0,0,20,305,0,16,0
25-09 07:04:04,28.079,8.200,63.364,0.248,0,5521952,6075624,391676,4271264,44290.877,22560.408,0,170.957,0,20.873,3679,3009,1.220,1.800,1.730,4,0,4.970,0,0,20,305,0,17,0
25-09 07:04:05,17.118,5.287,77.284,0,0,5546056,6051472,391700,4271288,32648.684,20236.887,0,1522.524,0,306.116,3425,2353,1.220,1.800,1.730,1,0,4.028,0,0,20,306,0,17,0
25-09 07:04:06,14.432,4.479,80.373,0,0,5546048,6051472,391700,4271296,21534.087,10053.885,0,27.869,0,4.977,2348,1678,1.120,1.770,1.720,3,0,0,0,0,20,306,0,17,0
25-09 07:04:07,16.062,6.525,75.540,0,0,5498868,6098624,391740,4271284,18030.169,10256.347,0,244.940,0,27.104,3513,2747,1.120,1.770,1.720,2,0,28.108,0,0,20,305,0,19,0
25-09 07:04:08,18.777,11.016,70.102,0.250,0,5527860,6069560,391752,4271344,45160.697,24988.351,0,777.131,0,161.235,3210,2011,1.120,1.770,1.720,2,0,25.036,0,0,20,305,0,17,0
25-09 07:04:09,19.480,5.494,74.672,0,0,5565336,6032080,391788,4271312,30900.803,16684.615,0,1126.826,0,60.937,2510,1748,1.120,1.770,1.720,0,0,0,0,0,20,306,0,17,0
25-09 07:04:10,17.497,3.749,77.236,0,0,5562256,6035116,391796,4271348,35537.626,18859.617,0,115.979,0,7.999,2527,1757,1.120,1.770,1.720,2,0,0,0,0,20,306,0,17,0
25-09 07:04:11,18.185,4.982,76.478,0,0,5471272,6126096,391796,4271352,22401.246,14389.769,0,43.844,0,1.993,2829,1916,1.110,1.750,1.720,2,0,16.940,0,0,20,305,0,20,0
25-09 07:04:12,18.039,10.773,70.152,0,0,5507272,6090088,391800,4271356,45403.306,23422.714,0,164.356,0,10.022,3072,2122,1.110,1.750,1.720,1,0,17.037,0,0,20,305,0,20,0
25-09 07:04:13,21.806,6.015,71.683,0,0,5542776,6054584,391820,4271336,40451.307,463075.632,0,132.338,0,18.046,2956,1884,1.110,1.750,1.720,0,0,0,0,0,20,306,0,20,0
25-09 07:04:14,17.745,5.249,75.480,0,0,5545436,6051628,391948,4271504,39108.452,139468.383,0,2051.447,0,116.968,3551,2984,1.110,1.750,1.720,1,0,3.999,0,0,20,306,0,20,0
25-09 07:04:15,11.727,3.244,84.336,0.250,0,5545420,6051628,392016,4271452,20843.450,12521.640,0,718.602,0,60.882,3317,3028,1.110,1.750,1.720,3,0,0,0,0,20,305,0,21,0
25-09 07:04:16,12.680,17.155,67.376,0,0,5468016,6128952,392016,4271528,32773.311,19123.980,0,2354.945,0,83.537,4164,2604,1.100,1.740,1.710,4,0,107.405,0,0,20,305,0,21,0
25-09 07:04:17,6.805,13.861,79.640,0,0,5472420,6124420,392068,4271604,61852.807,33745.043,0,431.466,0,11.089,3428,2355,1.100,1.740,1.710,0,0,73.591,0,0,20,307,0,21,0
25-09 07:04:18,1.499,1.999,94.960,0,0,5472404,6124420,392076,4271608,50282.829,24774.569,0,107.955,0,9.996,1776,1570,1.100,1.740,1.710,0,0,0,0,0,20,307,0,21,0
25-09 07:04:19,5.538,17.118,76.026,0,0,5478468,6118300,392116,4271624,55551.509,25371.614,0,120.836,0,12.084,4176,2910,1.100,1.740,1.710,1,0,107.746,0,0,20,305,0,22,0
25-09 07:04:20,4.715,4.963,88.591,0,0,5486800,6109924,392128,4271652,49351.700,25909.171,0,186.611,0,9.926,2193,1735,1.100,1.740,1.710,0,0,18.860,0,0,20,307,0,22,0
25-09 07:04:21,5.001,13.502,80.512,0,0,5469256,6127448,392132,4271668,62455.271,32795.868,0,252.037,0,4.001,3506,2443,1.010,1.710,1.700,1,0,78.012,0,0,20,305,0,23,0
25-09 07:04:22,8.735,21.713,68.384,0,0,5478760,6117896,392132,4271716,60941.017,34603.524,0,23.960,0,3.993,4735,3073,1.010,1.710,1.700,2,0,129.781,0,0,20,305,0,23,0
25-09 07:04:23,22.020,6.834,70.868,0,0,5513472,6083132,392176,4271720,50104.832,22983.571,0,506.201,0,21.260,3044,2195,1.010,1.710,1.700,1,0,5.062,0,0,20,305,0,23,0
25-09 07:04:24,20.615,8.344,68.225,0,0,5525508,6062128,392564,4279208,54104.746,578778.243,0,907.047,0,24.541,3473,2468,1.010,1.710,1.700,1,0,4.908,0,0,20,305,0,23,0
25-09 07:04:25,23.697,6.806,70.082,0,0,5538900,6044516,392748,4282532,44933.969,22857.728,0,1294.747,0,94.787,3282,2240,1.010,1.710,1.700,4,0,17.142,0,0,20,305,0,23,0
25-09 07:04:26,13.340,3.272,81.802,0.503,0,5541336,6041772,392780,4282764,25150.749,10897.551,0,1824.313,0,285.930,2286,1431,0.930,1.680,1.700,1,0,2.014,0,0,20,306,0,23,0
25-09 07:04:27,18.625,5.215,74.998,0,0,5548664,6030712,392832,4286220,31362.245,15692.050,0,445.024,0,14.900,2604,1798,0.930,1.680,1.700,1,0,1.987,0,0,20,305,0,23,0
25-09 07:04:28,12.462,17.197,67.294,1.994,0,5510652,6065432,392924,4289344,30538.579,18914.139,1391.742,3122.448,21.933,86.735,4772,3813,0.930,1.680,1.700,3,0,106.674,0,0,20,305,0,21,0
25-09 07:04:29,19.806,30.084,47.634,0,0,5472864,6103068,392944,4289424,46361.136,24143.772,0,324.912,0,23.065,5943,11773,0.930,1.680,1.700,1,0,174.490,0,0,20,305,0,22,0
25-09 07:04:30,14.499,15.749,68.244,0,0,5506168,6069756,392960,4289412,60463.372,31487.069,0,155.985,0,15.999,3925,2947,0.930,1.680,1.700,1,0,57.995,0,0,20,305,0,22,0
25-09 07:04:31,24.032,8.511,67.088,0,0,5553804,6022096,392960,4289428,30250.779,15083.835,0,0,0,0,2795,1614,0.940,1.670,1.690,1,0,6.008,0,0,20,305,0,22,0
25-09 07:04:32,13.495,4.249,81.222,0,0,5553052,6022832,392972,4289432,35260.892,20641.912,0,191.934,0,8.997,2386,1735,0.940,1.670,1.690,1,0,1.999,0,0,20,306,0,21,0
25-09 07:04:33,18.242,4.748,75.218,0,0,5481080,6094800,392988,4289420,34631.239,26321.781,0,115.951,0,11.995,2899,1934,0.940,1.670,1.690,1,0,15.993,0,0,20,305,0,23,0
25-09 07:04:34,18.509,12.256,69.032,0,0,5515640,6060188,393004,4289456,30298.105,19565.108,0,136.063,0,13.006,3513,2487,0.940,1.670,1.690,2,0,32.015,0,0,20,305,0,23,0
25-09 07:04:35,19.991,5.497,72.965,0,0,5557724,6018104,393008,4289452,44501.924,22664.266,0,39.981,0,2.999,2683,1745,0.940,1.670,1.690,0,0,1.999,0,0,20,306,0,23,0
25-09 07:04:36,15.594,3.521,80.988,0,0,5557952,6017852,393016,4289464,20960.278,13163.304,0,925.576,0,173.043,2559,1653,0.940,1.660,1.690,0,0,0,0,0,20,306,0,23,0
25-09 07:04:37,18.687,4.983,75.246,0,0,5551612,6024188,393016,4289468,33777.765,17926.373,0,3.987,0,0.997,3044,2152,0.940,1.660,1.690,1,0,13.953,0,0,20,305,0,25,0
25-09 07:04:38,21.859,9.045,69.093,0,0,5542844,6032952,393020,4289468,56066.511,607413.332,0,72.359,0,5.025,3428,2480,0.940,1.660,1.690,1,0,3.015,0,0,20,305,0,25,0
25-09 07:04:39,15.118,2.726,80.048,0,0,5543808,6031984,393020,4289472,32211.682,16740.280,0,19.826,0,0.991,2314,1619,0.940,1.660,1.690,1,0,0,0,0,20,306,0,25,0
25-09 07:04:40,16.900,4.722,76.299,0,0,5545888,6029716,393052,4289628,19593.084,11477.100,0,254.494,0,29.824,2967,2392,0.940,1.660,1.690,1,0,0.994,0,0,20,306,0,25,0
25-09 07:04:41,26.312,8.019,64.652,0.251,0,5546248,6029212,393216,4289608,16078.703,7527.652,0,1018.388,0,142.334,5656,6267,0.950,1.650,1.680,5,0,3.007,0,0,20,306,0,25,0
25-09 07:04:42,23.612,7.871,69.058,0,0,5490880,6084148,393276,4289972,16817.761,8833.387,0,503.720,0,56.872,3699,3206,0.950,1.650,1.680,1,0,5.078,0,0,20,305,0,26,0
25-09 07:04:43,22.170,4.982,70.993,0,0,5524900,6050128,393284,4289964,44958.062,25294.328,0,119.567,0,6.975,2600,1617,0.950,1.650,1.680,1,0,0,0,0,20,305,0,26,0
25-09 07:04:44,16.615,4.464,77.124,0,0,5545636,6029212,393440,4289984,31816.700,17233.095,0,3523.396,0,189.462,3345,2910,0.950,1.650,1.680,1,0,2.976,0,0,20,306,0,26,0
25-09 07:04:45,17.873,5.461,74.968,0,0,5546344,6028456,393480,4289988,35567.719,19798.569,0,206.535,0,18.866,3019,2347,0.950,1.650,1.680,5,0,0,0,0,20,306,0,26,0
25-09 07:04:46,17.748,5.499,74.240,0.500,0,5546752,6027992,393528,4289996,17362.686,9599.721,0,447.940,0,56.992,4080,3824,0.950,1.640,1.680,3,0,0,0,0,20,306,0,26,0
25-09 07:04:47,21.666,9.573,67.769,0,0,5546644,6027992,393644,4289988,16998.111,8587.734,0,874.695,0,95.733,5234,5232,0.950,1.640,1.680,2,0,2.015,0,0,20,305,0,27,0
25-09 07:04:48,13.183,18.157,65.913,0.249,0,5478720,6095852,393656,4290032,30589.397,17733.215,0,278.574,0,22.883,4396,2945,0.950,1.640,1.680,2,0,107.450,0,0,20,305,0,27,0
25-09 07:04:49,8.551,26.156,64.385,0,0,5483820,6090724,393672,4290044,61426.255,32134.124,0,329.973,0,26.156,5328,3637,0.950,1.640,1.680,3,0,171.023,0,0,20,305,0,27,0
25-09 07:04:50,6.739,26.459,64.399,0,0,5486076,6088460,393680,4290044,60724.775,31812.114,0,175.724,0,11.981,5093,3097,0.950,1.640,1.680,1,0,168.735,0,0,20,305,0,27,0
25-09 07:04:51,20.631,36.042,41.014,0,0,5482148,6092292,393768,4290052,60590.173,31922.219,509.069,4386.745,3.977,527.960,6277,3546,1.110,1.660,1.690,2,0,159.084,0,0,20,305,0,27,0
25-09 07:04:52,21.614,35.689,40.212,0,0,5477588,6096752,393864,4290060,57869.807,583990.034,643.400,4737.032,5.027,218.153,6386,4224,1.110,1.660,1.690,1,0,172.914,0,0,20,305,0,27,0
25-09 07:04:53,6.972,27.391,63.996,0,0,5470004,6104328,393864,4290068,60698.404,31202.321,0,23.905,0,5.976,4927,3098,1.110,1.660,1.690,1,0,161.360,0,0,20,305,0,23,0
25-09 07:04:54,8.509,26.778,62.565,0,0,5473276,6101016,393896,4290072,61659.448,32509.980,0,376.393,0,28.029,5286,3590,1.110,1.660,1.690,1,0,162.170,0,0,20,305,0,23,0
25-09 07:04:55,7.022,25.578,65.451,0,0,5465992,6108296,393904,4290068,61240.701,32116.436,0,216.664,0,12.037,4996,3220,1.110,1.660,1.690,1,0,159.489,0,0,20,305,0,23,0
25-09 07:04:56,6.194,26.260,64.413,0,0,5466528,6107744,393904,4290080,45491.112,24155.695,0,35.675,0,6.937,4913,3021,1.190,1.670,1.690,1,0,163.509,0,0,20,305,0,23,0
25-09 07:04:57,7.551,29.954,61.418,0,0,5466284,6107944,393928,4290080,61423.389,32481.248,0,15106.901,0,77.528,5472,3654,1.190,1.670,1.690,1,0,164.118,0,0,20,305,0,22,0
25-09 07:04:58,7.954,25.603,64.133,0,0,5471204,6102992,393956,4290084,60604.883,32139.917,0,429.540,0,30.823,5051,3256,1.190,1.670,1.690,1,0,155.112,0,0,20,305,0,22,0
25-09 07:04:59,7.071,27.272,63.887,0,0,5471436,6102740,393972,4290088,62866.997,31544.607,0,242.418,0,29.292,5186,3555,1.190,1.670,1.690,2,0,154.541,0,0,20,305,0,22,0
25-09 07:05:00,9.989,25.472,62.930,0,0,5472380,6101788,393976,4290092,55438.595,583237.998,0,151.832,0,17.980,5656,3872,1.190,1.670,1.690,1,0,162.820,0,0,20,305,0,22,0
25-09 07:05:01,7.761,26.035,63.837,0,0,5475388,6098768,393976,4290104,61142.272,32498.261,0,12.016,0,3.004,5047,3090,1.170,1.650,1.680,2,0,164.224,0,0,20,305,0,20,0
25-09 07:05:02,6.975,26.654,64.518,0,0,5469288,6104844,393996,4290104,61460.361,32070.867,0,565.968,0,30.889,5041,3186,1.170,1.650,1.680,1,0,162.417,0,0,20,305,0,20,0
25-09 07:05:03,7.032,26.371,65.049,0,0,5469284,6104844,393996,4290108,61160.181,32585.811,0,8.037,0,2.009,4958,3214,1.170,1.650,1.680,1,0,173.799,0,0,20,305,0,20,0
25-09 07:05:04,7.248,25.742,64.730,0,0,5459384,6114680,394048,4290120,46114.057,24346.639,0,455.862,0,32.990,5363,3704,1.170,1.650,1.680,2,0,163.950,0,0,20,305,0,20,0
25-09 07:05:05,7.002,25.508,65.270,0,0,5464412,6109648,394056,4290116,60957.811,31835.824,0,84.026,0,6.002,5001,3204,1.170,1.650,1.680,2,0,165.051,0,0,20,305,0,15,0
25-09 07:05:06,10.919,27.793,58.811,0,0,5463040,6110984,394056,4290152,60944.456,32805.327,0,146.904,0,11.911,5395,3929,1.240,1.660,1.690,5,0,164.771,0,0,20,305,0,17,0
25-09 07:05:07,9.063,27.692,61.930,0,0,5461416,6112528,394068,4290216,61304.225,32354.420,0,439.045,0,26.182,5350,3800,1.240,1.660,1.690,1,0,164.139,0,0,20,305,0,17,0
25-09 07:05:08,8.492,26.476,62.443,0,0,5464880,6109052,394076,4290216,60976.740,596303.602,0,87.920,0,4.995,5763,3847,1.240,1.660,1.690,2,0,169.846,0,0,20,305,0,17,0
25-09 07:05:09,7.004,26.264,64.785,0,0,5466596,6107316,394076,4290236,61092.440,32619.855,0,112.061,0,9.005,4919,3179,1.240,1.660,1.690,2,0,171.094,0,0,20,305,0,15,0
25-09 07:05:10,7.754,25.262,65.530,0,0,5463024,6110876,394088,4290236,61638.084,32000.580,0,104.047,0,9.004,5008,3192,1.240,1.660,1.690,3,0,161.073,0,0,20,305,0,15,0
25-09 07:05:11,6.492,25.718,65.667,0,0,5469196,6104704,394088,4290236,60682.431,32359.169,0,15.980,0,3.995,5174,3304,1.220,1.650,1.680,2,0,168.787,0,0,20,305,0,15,0
25-09 07:05:12,12.984,16.480,69.666,0,0,5487376,6086496,394092,4290260,45731.044,25717.095,0,103.875,0,7.990,4080,2745,1.220,1.650,1.680,2,0,93.887,0,0,20,305,0,15,0
25-09 07:05:13,11.029,18.297,69.179,0.501,0,5492324,6195868,394132,4187312,59809.670,31308.966,0,3304.546,0,32.083,3684,2965,1.220,1.650,1.680,2,0,27.070,0,0,20,305,0,12,0
25-09 07:05:14,19.735,9.742,69.695,0,0,5513168,6167940,394148,4194052,29900.546,15294.004,0,1043.182,0,25.980,3369,2512,1.220,1.650,1.680,1,0,5.995,0,0,20,305,0,12,0
25-09 07:05:15,24.161,5.231,69.246,0,0,5538952,6138512,394164,4197432,45005.149,22969.863,0,781.139,0,18.931,3183,2477,1.220,1.650,1.680,4,0,0,0,0,20,305,0,12,0
25-09 07:05:16,21.302,5.263,72.425,0,0,5547832,6128420,394172,4198392,30081.821,15757.144,0,465.126,0,7.017,2797,1848,1.200,1.640,1.680,1,0,17.041,0,0,20,306,0,12,0
25-09 07:05:17,14.174,3.979,80.819,0.497,0,5556720,6119404,394208,4198444,40162.828,19589.537,0,795.757,0,31.830,2324,1663,1.200,1.640,1.680,1,0,1.989,0,0,20,306,0,11,0
25-09 07:05:18,14.571,3.015,81.645,0,0,5556320,6119412,394228,4198772,37962.885,584010.830,0,1157.607,0,35.170,2557,1780,1.200,1.640,1.680,1,0,1.005,0,0,20,306,0,11,0
25-09 07:05:19,15.531,2.505,81.160,0,0,5557900,6117424,394244,4199088,26126.457,14393.348,0,945.863,0,27.053,2325,1702,1.200,1.640,1.680,1,0,0,0,0,20,306,0,11,0
25-09 07:05:20,18.759,3.502,76.036,0,0,5577180,6098020,394264,4199148,21054.833,11322.288,0,512.239,0,15.007,2439,1560,1.200,1.640,1.680,1,0,2.001,0,0,20,306,0,11,0
25-09 07:05:21,16.503,2.000,80.767,0,0,5576936,6098020,394296,4199312,24883.134,14056.900,0,832.172,0,24.005,2275,1545,1.100,1.610,1.670,1,0,0,0,0,20,306,0,9,0
25-09 07:05:22,18.241,2.749,77.462,0,0,5592556,6082144,394312,4199504,7848.122,4822.617,0,1983.020,0,302.850,2762,1500,1.100,1.610,1.670,1,0,0,0,0,20,306,0,9,0
25-09 07:05:23,17.954,2.992,78.297,0,0,5592392,6082144,394320,4199656,23801.385,13950.885,0,4324.804,0,191.504,2651,1615,1.100,1.610,1.670,0,0,1.995,0,0,20,306,0,9,0
25-09 07:05:24,17.771,4.005,77.591,0.250,0,5576572,6081388,394376,4216136,8026.436,4093.813,0,1145.347,0,51.060,2657,2015,1.100,1.610,1.670,1,0,1.001,0,0,20,306,0,9,0
25-09 07:05:25,24.251,3.500,71.253,0,0,5588904,6063536,394388,4221364,15579.755,7782.377,0,340.016,0,18.001,2675,1746,1.100,1.610,1.670,1,0,1.000,0,0,20,306,0,9,0
25-09 07:05:26,22.508,5.502,71.525,0,0,5579432,6062168,394440,4230652,480.167,148.051,0,1184.411,0,54.019,2921,2041,1.100,1.600,1.670,1,0,2.001,0,0,20,306,0,9,0
25-09 07:05:27,23.525,4.505,71.076,0,0,5582012,6044652,394576,4244116,15655.690,7790.305,0,1157.234,0,31.033,2871,1980,1.100,1.600,1.670,2,0,0,0,0,20,306,0,9,0
25-09 07:05:28,23.952,3.992,70.857,0,0,5592044,6028340,394600,4249432,299.397,0,0,626.738,0,17.964,2832,1983,1.100,1.600,1.670,1,0,0,0,0,20,306,0,9,0
25-09 07:05:29,33.524,13.509,52.037,0.250,0,5593592,6006372,394840,4267784,741.521,0,0,2369.663,0,116.081,4716,14097,1.100,1.600,1.670,3,0,38.027,0,0,20,306,0,9,0
25-09 07:05:30,24.260,5.002,70.528,0.250,0,5592176,5999944,394932,4274260,15210.041,7526.989,0,1288.512,0,44.017,3235,2524,1.100,1.600,1.670,2,0,0,0,0,20,306,0,9,0
25-09 07:05:31,22.961,8.985,66.887,0,0,5585976,5981940,395320,4296152,1016.290,147.751,0,1657.212,0,53.909,3185,2214,1.090,1.590,1.660,1,0,5.990,0,0,20,306,0,9,0
25-09 07:05:32,22.991,4.998,70.973,0.250,0,5582172,5977248,395444,4303232,761.707,0,0,1751.327,0,107.959,3140,2068,1.090,1.590,1.660,2,0,1.999,0,0,20,306,0,9,0
25-09 07:05:33,22.814,5.766,70.950,0,0,5510508,6060732,395508,4290424,15376.345,7719.761,0,1139.211,0,37.105,2951,1935,1.090,1.590,1.660,1,0,1.003,0,0,20,305,0,9,0
25-09 07:05:34,20.013,8.505,70.045,0.250,0,5528660,6042588,395548,4290316,720.466,0,0,692.448,0,26.017,3229,2404,1.090,1.590,1.660,2,0,20.013,0,0,20,305,0,7,0
25-09 07:05:35,20.742,7.247,70.971,0,0,5568444,6002016,395552,4291100,1424.426,0,0,231.907,0,4.998,2754,1717,1.090,1.590,1.660,1,0,18.992,0,0,20,305,0,7,0
25-09 07:05:36,21.759,5.752,72.029,0,0,5566832,5998768,395576,4295540,968.389,148.060,0,884.356,0,15.006,2777,1808,1.080,1.580,1.660,1,0,3.001,0,0,20,305,0,7,0
25-09 07:05:37,22.239,9.495,64.718,0,0,5566556,5998544,395576,4295844,45184.768,22816.773,0,0,0,0,7860,11741,1.080,1.580,1.660,1,0,4.998,0,0,20,305,0,7,0
25-09 07:05:38,18.764,10.258,70.052,0,0,5573896,5990492,395576,4296552,30550.662,14963.099,0,0,0,0,3598,3240,1.080,1.580,1.660,3,0,10.007,0,0,20,305,0,5,0
25-09 07:05:39,22.157,8.464,66.470,0,0,5549956,6013980,395588,4296860,30340.373,14662.323,0,1732.711,0,9.958,5985,8162,1.080,1.580,1.660,4,0,4.979,0,0,20,305,0,5,0
25-09 07:05:40,18.574,11.797,68.523,0,0,5554672,6009220,395604,4296888,15536.914,7325.190,0,273.088,0,7.028,4570,5467,1.080,1.580,1.660,3,0,11.044,0,0,20,305,0,5,0
25-09 07:05:41,16.961,10.975,70.587,0,0,5531840,6039000,395632,4290448,15384.524,7492.722,0,646.509,0,13.968,2787,1764,1.070,1.570,1.650,1,0,5.986,0,0,20,305,0,5,0
25-09 07:05:42,20.750,7.250,71.501,0,0,5506744,6064116,395632,4290428,16061.117,7296.053,0,28.000,0,5.000,2968,1907,1.070,1.570,1.650,1,0,10.000,0,0,20,305,0,4,0
25-09 07:05:43,22.296,5.946,69.614,0,0,5520992,6049932,395632,4290428,15680.736,8960.137,0,19.819,0,1.982,3463,2548,1.070,1.570,1.650,2,0,40.629,0,0,20,305,0,4,0
25-09 07:05:44,23.500,10.613,64.182,0,0,5517888,6052956,395696,4290444,61224.507,32204.167,0,986.481,0,44.473,7773,11350,1.070,1.570,1.650,2,0,10.107,0,0,20,305,0,4,0
25-09 07:05:45,21.002,7.751,70.257,0,0,5545332,6025492,395724,4290436,30060.857,16765.593,0,80.008,0,12.001,3116,2298,1.070,1.570,1.650,2,0,18.002,0,0,20,305,0,4,0
25-09 07:05:46,20.730,7.243,70.683,0.250,0,5556052,6010132,395736,4294676,30481.962,14857.846,0,751.284,0,11.989,2909,1848,1.070,1.560,1.650,2,0,18.982,0,0,20,305,0,4,0
25-09 07:05:47,22.646,6.794,69.952,0,0,5554716,6009908,395756,4295980,15845.372,7735.980,0,1465.468,0,203.314,3669,2558,1.070,1.560,1.650,1,0,8.052,0,0,20,305,0,4,0
25-09 07:05:48,20.139,12.432,63.899,0,0,5574400,5989252,395756,4296868,30223.046,15317.890,0,10959.820,0,46.743,7195,10294,1.070,1.560,1.650,1,0,7.956,0,0,20,305,0,4,0
25-09 07:05:49,20.019,9.009,70.567,0,0,5547008,6016496,395756,4296980,604.574,0,0,88.084,0,1.001,3282,2972,1.070,1.560,1.650,2,0,5.005,0,0,20,305,0,4,0
25-09 07:05:50,21.244,11.996,63.981,0,0,5555516,6007956,395756,4297012,28514.506,457971.584,0,0,0,0,7635,10760,1.070,1.560,1.650,1,0,9.997,0,0,20,305,0,3,0
25-09 07:05:51,29.427,21.197,48.629,0,0,5561596,6001844,395756,4297004,18080.164,135655.599,510.733,175.565,3.990,1.995,3994,2177,1.140,1.570,1.650,2,0,15.960,0,0,20,305,0,3,0
25-09 07:05:52,31.720,13.737,53.200,0,0,5530284,6040076,395772,4290560,15874.150,9133.456,639.402,743.305,4.995,11.989,3786,2169,1.140,1.570,1.650,3,0,9.991,0,0,20,305,0,3,0
25-09 07:05:53,23.501,6.570,69.997,0.253,0,5538544,6031952,395796,4290480,45586.800,29634.452,0,695.426,0,23.248,3332,2291,1.140,1.570,1.650,2,0,19.205,0,0,20,305,0,3,0
25-09 07:05:54,18.508,13.506,66.529,0,0,5497020,6073508,395868,4290476,60693.908,34013.079,0,5434.409,0,146.065,4428,3158,1.140,1.570,1.650,1,0,55.024,0,0,20,305,0,3,0
25-09 07:05:55,21.806,7.434,68.392,0,0,5509100,6061412,395876,4290484,29905.982,14463.347,0,107.048,0,5.947,5119,5848,1.140,1.570,1.650,2,0,44.603,0,0,20,305,0,3,0
25-09 07:05:56,21.470,9.346,67.693,0,0,5516104,6054384,395896,4290488,61628.287,33644.638,0,351.602,0,18.186,5777,7616,1.130,1.560,1.650,2,0,5.052,0,0,20,305,0,3,0
25-09 07:05:57,20.240,7.746,71.463,0,0,5545828,6024648,395896,4290500,29792.558,14584.440,0,0,0,0,2956,1913,1.130,1.560,1.650,1,0,29.984,0,0,20,305,0,3,0
25-09 07:05:58,21.087,6.450,71.200,0,0,5561492,6004304,395916,4294916,29729.265,14611.092,0,1520.252,0,173.658,2858,1784,1.130,1.560,1.650,1,0,6.946,0,0,20,305,0,3,0
25-09 07:05:59,23.325,10.918,64.516,0,0,5549500,6014968,396012,4296024,29979.227,14483.409,0,46201.598,0,240.199,3815,2603,1.130,1.560,1.650,1,0,5.955,0,0,20,305,0,3,0
25-09 07:06:00,21.635,10.818,64.906,0,0,5580444,5982980,396028,4296900,16044.476,7504.999,0,410.571,0,21.132,7066,10216,1.130,1.560,1.650,1,0,10.063,0,0,20,305,0,3,0
25-09 07:06:01,20.755,11.002,65.014,0,0,5559104,6004116,396028,4297028,15179.324,7643.674,0,88.019,0,1.000,8627,13433,1.200,1.570,1.650,1,0,6.001,0,0,20,305,0,3,0
25-09 07:06:02,19.418,11.700,68.459,0,0,5559696,6003416,396036,4297124,719.941,0,0,481.952,0,11.949,3136,2157,1.200,1.570,1.650,1,0,18.920,0,0,20,305,0,3,0
25-09 07:06:03,17.277,10.767,70.860,0,0,5492772,6077320,396064,4290556,15630.333,8088.592,0,400.624,0,17.027,2745,1788,1.200,1.570,1.650,1,0,1.002,0,0,20,305,0,3,0
25-09 07:06:04,21.483,12.240,63.948,1.749,0,5501268,6068564,396104,4290940,16056.010,8906.794,247.800,38896.532,3.997,158.871,3812,2515,1.200,1.570,1.650,4,0,5.995,0,0,20,305,0,3,0
25-09 07:06:05,20.238,8.245,69.460,0.750,0,5520964,6045988,396108,4293476,45848.357,22588.874,391.772,9862.269,9.994,12.992,3013,2023,1.200,1.570,1.650,1,0,1.999,0,0,20,305,0,3,0
25-09 07:06:06,27.788,9.428,59.795,0.248,0,5517160,6049308,396232,4293712,39913.046,450122.139,0,3525.155,0,128.025,6028,6136,1.500,1.620,1.670,5,0,3.970,0,0,20,309,0,7,0
25-09 07:06:07,26.495,8.579,62.326,0,0,5517780,6048580,396344,4293708,18545.465,135708.718,0,654.047,0,78.728,6027,5928,1.500,1.620,1.670,2,0,5.047,0,0,20,309,0,12,0
25-09 07:06:08,26.537,7.936,61.011,0.496,0,5517804,6048076,396500,4294032,15593.926,7303.421,0,2952.320,0,529.751,6646,6084,1.500,1.620,1.670,5,0,2.976,0,0,20,308,0,12,0
25-09 07:06:09,19.172,13.622,66.094,1.009,0,5480868,6084644,396692,4294208,16225.704,7362.111,129.160,1905.108,1.009,168.513,5112,4824,1.500,1.620,1.670,2,0,52.471,0,0,20,307,0,13,0
25-09 07:06:10,6.735,24.694,65.850,0,0,5484348,6081116,396692,4294256,61313.530,50129.969,0,0,0,0,4784,3103,1.500,1.620,1.670,1,0,145.669,0,0,20,307,0,11,0
25-09 07:06:11,7.487,25.207,64.639,0.499,0,5481008,6084304,396836,4294264,56606.384,30794.895,0,3513.940,0,174.699,5397,3728,1.460,1.610,1.660,3,0,133.769,0,0,20,307,0,11,0
25-09 07:06:12,9.523,20.550,68.418,0,0,5477344,6087964,396840,4294264,51108.272,27661.802,0,48.118,0,4.010,4421,2824,1.460,1.610,1.660,3,0,91.224,0,0,20,307,0,11,0
25-09 07:06:13,17.282,8.265,73.885,0,0,5481580,6085372,396844,4292608,77600.244,39544.487,0,168.309,0,8.015,3133,2084,1.460,1.610,1.660,0,0,18.033,0,0,20,307,0,13,0
25-09 07:06:14,9.740,10.739,77.424,0,0,5481496,6085384,396904,4292624,108270.584,38233.421,0,1702.327,0,43.957,3640,3070,1.460,1.610,1.660,0,0,25.974,0,0,20,308,0,13,0
25-09 07:06:15,4.495,2.997,91.658,0.250,0,5481472,6085384,396928,4292624,29974.854,15111.802,0,147.851,0,15.984,2285,2152,1.460,1.610,1.660,1,0,0,0,0,20,308,0,13,0
25-09 07:06:16,3.260,2.257,92.784,0,0,5481440,6085384,396956,4292628,73941.609,18632.102,0,144.443,0,15.046,2232,2034,1.350,1.580,1.660,0,0,0,0,0,20,308,0,13,0
25-09 07:06:17,3.996,3.247,92.418,0,0,5481652,6085160,396976,4292620,53248.911,455702.016,0,27.975,0,2.997,2335,1923,1.350,1.580,1.660,1,0,4.996,0,0,20,307,0,13,1
25-09 07:06:18,5.756,5.255,87.587,0,0,5479768,6086540,397084,4292984,34323.146,92325.851,0,1213.207,0,30.030,2360,1939,1.350,1.580,1.660,0,0,12.012,0,0,20,307,0,13,0
25-09 07:06:19,6.208,10.678,81.697,0,0,5443476,6123256,397164,4292512,326466.642,58485.202,0,846.273,0,53.637,3888,3062,1.350,1.580,1.660,1,0,38.738,0,0,20,308,0,16,0
25-09 07:06:20,7.607,24.089,66.436,0,0,5446104,6120060,397164,4293080,418050.209,35029.472,0,24.343,0,2.029,5505,3381,1.350,1.580,1.660,1,0,221.115,0,0,20,307,0,17,0
25-09 07:06:21,11.565,12.057,68.403,5.413,0,5466444,6098164,397396,4294184,29219.391,14666.780,1283.417,125.980,110.232,3.937,3315,2319,1.320,1.580,1.650,1,0,51.179,0,0,20,307,0,17,0
25-09 07:06:22,11.038,7.526,70.493,9.533,0,5470708,6089708,397576,4297168,30341.408,15517.397,3363.574,0,602.072,0,3766,2949,1.320,1.580,1.650,3,0,2.007,0,0,20,307,0,17,0
25-09 07:06:23,14.025,7.013,70.126,8.515,0,5481192,6071760,398312,4302168,15379.591,7309.113,5557.971,348.625,292.525,26.047,3322,2634,1.320,1.580,1.650,1,0,0,0,0,20,307,0,17,0
25-09 07:06:24,10.996,4.998,81.467,1.499,0,5483744,6067152,398368,4302804,21675.342,14593.171,643.743,1823.272,46.981,359.856,3614,2724,1.320,1.580,1.650,0,0,1.000,0,0,20,308,0,17,0
25-09 07:06:25,16.724,5.491,75.631,0,0,5490020,6060856,398392,4302800,18780.406,9071.705,0,4033.644,0,156.753,3428,2556,1.320,1.580,1.650,1,0,2.995,0,0,20,307,0,18,0
25-09 07:06:26,14.327,6.787,78.926,0,0,5511464,6039436,398408,4302824,18528.937,10768.079,0,108.586,0,11.060,2335,1649,1.210,1.550,1.640,2,0,0,0,0,20,308,0,18,0
25-09 07:06:27,10.246,2.999,84.965,0,0,5509664,6041220,398436,4302812,53342.797,29838.580,0,331.862,0,16.993,2876,2451,1.210,1.550,1.640,3,0,0,0,0,20,308,0,19,0
25-09 07:06:28,20.216,8.735,70.383,0,0,5479652,6071056,398568,4302856,30701.940,15691.903,0,2883.205,0,160.733,3316,2669,1.210,1.550,1.640,1,0,2.995,0,0,20,307,0,20,0
25-09 07:06:29,9.501,4.000,85.509,0,0,5481864,6068816,398588,4302864,24701.673,17051.845,0,272.029,0,22.002,2978,2586,1.210,1.550,1.640,7,0,10.001,0,0,20,308,0,20,0
25-09 07:06:30,30.555,14.526,53.847,0,0,5487004,6063384,398624,4302932,17288.264,8725.780,0,348.630,0,32.058,4429,10002,1.210,1.550,1.640,1,0,27.049,0,0,20,307,0,22,0
25-09 07:06:31,18.738,8.745,71.705,0,0,5506540,6043992,398624,4302944,27214.910,437375.344,0,39.975,0,0.999,3023,2006,1.200,1.540,1.640,0,0,7.995,0,0,20,308,0,21,0
25-09 07:06:32,11.492,3.997,82.939,0,0,5496216,6054056,398728,4303100,25448.328,84267.172,0,1722.736,0,100.926,3163,2815,1.200,1.540,1.640,1,0,1.999,0,0,20,307,0,22,0
25-09 07:06:33,19.260,8.505,71.789,0,0,5509796,6040440,398756,4303108,30734.647,15494.393,0,144.078,0,15.008,2876,2076,1.200,1.540,1.640,0,0,0,0,0,20,307,1,22,0
25-09 07:06:34,6.488,2.745,88.841,0,0,5508000,6042220,398780,4303100,53841.795,31632.479,0,319.429,0,24.955,3000,2691,1.200,1.540,1.640,0,0,2.995,0,0,20,308,0,22,0
25-09 07:06:35,19.526,7.009,73.096,0,0,5494548,6055632,398792,4303128,31545.297,15554.363,0,84.110,0,11.014,2982,2231,1.200,1.540,1.640,1,0,1.001,0,0,20,307,0,23,0
25-09 07:06:36,10.162,5.205,83.031,0,0,5498264,6051908,398796,4303132,22745.915,14835.456,0,2486.456,0,14.871,2418,1897,1.180,1.530,1.630,0,0,0,0,0,20,308,0,23,0
25-09 07:06:37,25.882,6.851,67.497,0,0,5480508,6069504,398808,4303280,18873.726,10285.901,0,300.437,0,13.195,3450,2544,1.180,1.530,1.630,3,0,4.060,0,0,20,303,0,26,0
25-09 07:06:38,61.639,22.121,15.410,0,0,5116952,6433044,398820,4303264,30337.544,15527.176,0,75.558,0,5.965,4503,2140,1.180,1.530,1.630,5,0,6.959,0,0,20,285,0,28,0
25-09 07:06:39,78.033,22.009,0,0,0,5222020,6327960,398860,4303252,30120.908,15708.732,0,340.146,0,26.011,4959,2363,1.180,1.530,1.630,5,0,1.000,0,0,20,281,0,29,0
25-09 07:06:40,76.627,23.213,0.250,0,0,5246652,6303276,398872,4303284,29939.066,15155.735,0,3055.109,0,564.097,5901,2890,1.180,1.530,1.630,5,0,5.990,0,0,20,277,0,29,0
25-09 07:06:41,83.217,17.599,0,0,0,5312156,6237552,398876,4303492,15201.292,7735.402,0,160.903,0,5.028,4706,1980,1.570,1.600,1.660,5,0,0,0,0,20,279,0,29,0
25-09 07:06:42,76.421,22.902,0.249,0,0,5341876,6207228,398932,4304040,15753.251,7477.840,0,1139.101,0,61.735,6685,6355,1.570,1.600,1.660,5,0,8.961,0,0,20,268,0,33,0
25-09 07:06:43,73.443,23.413,0.986,0,0,5371988,6175340,398972,4305812,109253.652,36506.607,0,417.984,0,23.659,7616,9488,1.570,1.600,1.660,8,0,165.616,0,0,20,272,0,37,0
25-09 07:06:44,49.058,18.207,33.127,0,0,5430008,6116904,399032,4306140,45011.225,22273.471,0,352.006,0,38.437,5432,4639,1.570,1.600,1.660,2,0,115.312,0,0,20,276,0,38,0
25-09 07:06:45,43.377,10.531,46.135,0,0,5506048,6040828,399052,4306156,30102.879,14797.197,0,200.586,0,19.056,3846,2127,1.570,1.600,1.660,3,0,1.003,0,0,20,278,0,38,0
25-09 07:06:46,35.201,6.445,56.768,0,0,5514912,6031544,399072,4306556,21289.251,12919.313,0,166.586,0,5.949,3178,1838,1.680,1.630,1.670,2,0,1.983,0,0,20,279,0,40,0
25-09 07:06:47,45.409,15.641,38.345,0,0,5556652,5988956,399100,4307348,44192.651,18805.212,0,1340.058,0,42.381,6425,6498,1.680,1.630,1.670,2,0,2.018,0,0,20,281,0,43,0
25-09 07:06:48,29.003,3.000,67.006,0,0,5565900,5979676,399112,4307368,59788.514,447799.296,0,152.014,0,12.001,3248,2200,1.680,1.630,1.670,4,0,1.000,0,0,20,284,0,43,0
25-09 07:06:49,19.009,13.506,66.282,0,0,5512848,6032640,399156,4307396,28485.641,133514.936,0,816.391,0,48.023,4547,3175,1.680,1.630,1.670,3,0,100.048,0,0,20,284,0,44,0
25-09 07:06:50,14.148,20.104,62.299,0,0,5524272,6021076,399168,4307524,33744.709,17373.228,0,43.684,0,5.957,4760,3058,1.680,1.630,1.670,1,0,170.764,0,0,20,285,0,44,0
25-09 07:06:51,24.619,7.788,67.325,0,0,5566128,5979180,399180,4307552,55686.855,25576.483,0,1736.383,0,15.073,3186,2140,1.630,1.620,1.660,1,0,0,0,0,20,284,0,44,0
25-09 07:06:52,14.031,4.259,81.181,0,0,5584208,5961092,399184,4307556,21056.913,13432.927,0,52.116,0,3.007,2397,1756,1.630,1.620,1.660,1,0,2.004,0,0,20,285,0,44,0
25-09 07:06:53,17.958,3.492,76.820,0,0,5581776,5963516,399184,4307564,31918.413,16477.496,0,0,0,0,2627,1778,1.630,1.620,1.660,2,0,0,0,0,20,286,0,44,0
25-09 07:06:54,18.476,3.745,76.652,0.250,0,5571436,5973812,399208,4307584,19657.814,12603.852,0,155.800,0,19.974,2927,2266,1.630,1.620,1.660,0,0,1.997,0,0,20,286,0,45,0
25-09 07:06:55,25.789,21.533,51.578,0,0,5571932,5973264,399224,4307620,140501.075,54254.279,0,200.304,0,16.024,5294,5085,1.630,1.620,1.660,2,0,154.234,0,0,20,294,0,45,0
25-09 07:06:56,6.980,26.425,63.072,0.249,0,5568428,5976636,399352,4307636,60975.696,37904.889,131.628,47.865,4.986,3.989,5177,3247,1.500,1.590,1.650,4,0,195.448,0,0,20,294,0,45,0
25-09 07:06:57,7.866,23.090,68.763,0,0,5556320,5988724,399368,4307640,62043.170,38513.473,0,211.111,0,16.239,5209,3439,1.500,1.590,1.650,1,0,166.453,0,0,20,294,0,45,0
25-09 07:06:58,6.898,22.912,67.012,0,0,5537792,6007248,399376,4307636,63452.175,225374.068,0,137.965,0,7.884,5120,3311,1.500,1.590,1.650,3,0,174.427,0,0,20,294,0,45,0
25-09 07:06:59,7.538,23.116,67.338,0,0,5535444,6009520,399428,4307660,54215.512,334318.437,0,647.253,0,47.237,5351,3607,1.500,1.590,1.650,1,0,167.844,0,0,20,294,0,45,0
25-09 07:07:00,6.498,23.992,67.478,0,0,5527164,6017780,399440,4307668,61173.654,38341.248,0,131.956,0,16.994,5298,3667,1.500,1.590,1.650,1,0,182.939,0,0,20,294,0,45,0
25-09 07:07:01,6.233,25.432,64.578,0,0,5520236,6024700,399440,4307676,61483.284,37047.351,0,9422.909,0,1184.845,7224,3287,1.460,1.580,1.650,1,0,204.456,0,0,20,294,0,45,0
25-09 07:07:02,6.765,24.804,67.647,0,0,5518856,6026064,399448,4307684,46541.818,29193.238,0,200.434,0,9.020,5171,3237,1.460,1.580,1.650,1,0,193.419,0,0,20,294,0,45,0
25-09 07:07:03,7.579,24.002,67.204,0,0,5518724,6026180,399456,4307692,61721.971,37953.833,0,68.720,0,6.064,5232,3326,1.460,1.580,1.650,3,0,198.076,0,0,20,294,0,45,0
25-09 07:07:04,8.155,26.441,63.015,0,0,5520916,6023964,399492,4307684,60371.383,37292.742,0,300.493,0,23.723,5440,3738,1.460,1.580,1.650,1,0,206.589,0,0,20,294,0,45,0
25-09 07:07:05,6.008,24.782,67.087,0,0,5519908,6024948,399492,4307708,61266.343,37386.417,0,0,0,0,5148,3339,1.460,1.580,1.650,2,0,196.254,0,0,20,294,0,45,0
25-09 07:07:06,7.325,23.742,68.196,0,0,5522840,6022000,399496,4307720,46601.507,28333.102,0,4320.081,0,524.350,5767,3084,1.420,1.570,1.640,2,0,177.814,0,0,20,294,0,45,0
25-09 07:07:07,20.825,9.555,66.149,0,0,5555240,5989524,399524,4307768,57414.137,586983.041,0,391.992,0,26.459,3808,2791,1.420,1.570,1.640,1,0,4.900,0,0,20,294,0,45,0
25-09 07:07:08,27.985,8.068,64.038,0,0,5599640,5944960,399524,4307928,44998.229,22303.470,0,56.475,0,6.051,3437,2574,1.420,1.570,1.640,2,0,4.034,0,0,20,297,0,37,0
25-09 07:07:09,35.842,8.271,54.891,0,0,5568312,5976240,399564,4307936,30816.246,16143.514,0,352.908,0,27.070,4696,4096,1.420,1.570,1.640,2,0,7.018,0,0,20,294,0,38,0
25-09 07:07:10,21.463,7.487,70.379,0,0,5572240,5972208,399572,4308032,44954.440,22381.386,0,51.910,0,5.990,2958,1996,1.420,1.570,1.640,3,0,1.997,0,0,20,294,0,38,0
25-09 07:07:11,23.273,4.755,71.071,0,0,5596384,5948056,399572,4308040,29956.745,14672.569,0,32.032,0,3.003,2770,1749,1.390,1.560,1.640,1,0,0,0,0,20,294,0,38,0
25-09 07:07:12,23.520,8.257,66.307,0.250,0,5595844,5948056,399936,4308216,29893.639,15046.906,0,4275.667,0,328.282,5387,5409,1.390,1.560,1.640,1,0,1.001,0,0,20,295,0,39,0
25-09 07:07:13,19.116,10.923,68.768,0,0,5588168,5955700,399952,4308232,30510.077,15769.432,0,135.053,0,12.909,3516,2479,1.390,1.560,1.640,1,0,24.826,0,0,20,295,0,39,0
25-09 07:07:14,24.391,6.286,68.897,0,0,5621332,5922500,399980,4308240,45134.302,22407.229,0,245.415,0,25.145,3370,2565,1.390,1.560,1.640,1,0,1.006,0,0,20,295,0,39,0
25-09 07:07:15,23.579,5.709,69.001,0,0,5620164,5923512,399988,4308388,15697.460,7469.970,0,87.368,0,12.907,3253,2496,1.390,1.560,1.640,5,0,0,0,0,20,295,0,40,0
25-09 07:07:16,10.334,4.789,84.939,0,0,5593716,5949956,399992,4308388,31129.402,16090.464,0,40.327,0,3.025,2439,1882,1.270,1.530,1.630,1,0,23.188,0,0,20,295,0,38,0
25-09 07:07:17,1.749,1.749,95.942,0,0,5580548,5963124,399992,4308388,44933.953,22154.665,0,15.990,0,0.999,1680,1525,1.270,1.530,1.630,0,0,0,0,0,20,295,0,38,0
25-09 07:07:18,1.499,1.999,95.688,0,0,5571676,5971976,400012,4308388,29920.580,14780.407,0,1351.123,0,45.970,1781,1684,1.270,1.530,1.630,0,0,0,0,0,20,295,0,38,0
25-09 07:07:19,2.002,1.752,94.859,0.250,0,5566104,5977528,400028,4308392,15797.132,7304.384,0,172.198,0,19.022,1957,1865,1.270,1.530,1.630,0,0,2.002,0,0,20,295,0,38,0
25-09 07:07:20,1.751,1.250,96.032,0,0,5561204,5982428,400028,4308392,15301.106,7460.490,0,4.001,0,1.000,1539,1436,1.270,1.530,1.630,0,0,0,0,0,20,295,0,34,0
25-09 07:07:21,1.251,1.251,96.544,0,0,5553660,5989960,400036,4308396,15361.958,7299.306,0,32.015,0,3.001,1485,1390,1.170,1.510,1.620,0,0,0,0,0,20,295,0,34,0
25-09 07:07:22,2.500,2.500,93.996,0,0,5547524,5996076,400056,4308396,25482.833,447469.514,0,359.984,0,24.999,2517,2581,1.170,1.510,1.620,0,0,2.000,0,0,20,295,0,34,0
25-09 07:07:23,1.735,1.487,94.660,0,0,5544864,5998736,400056,4308396,18520.701,137309.907,0,3.965,0,0.991,1701,1510,1.170,1.510,1.620,0,0,0.991,0,0,20,295,0,34,0
25-09 07:07:24,2.515,2.263,95.060,0,0,5544512,5999056,400084,4308400,16548.517,7339.249,0,189.114,0,23.136,2032,1979,1.170,1.510,1.620,0,0,1.006,0,0,20,295,0,34,0
25-09 07:07:25,1.251,1.752,95.353,0,0,5544480,5999056,400104,4308412,1006.086,0,0,120.130,0,12.013,1688,1580,1.170,1.510,1.620,2,0,2.002,0,0,20,295,0,34,0
25-09 07:07:26,10.854,6.563,82.286,0,0,5553444,5990084,400112,4308412,15855.401,8113.474,0,181.735,0,9.087,2397,1761,1.160,1.500,1.620,1,0,9.087,0,0,20,295,0,34,0
25-09 07:07:27,22.053,5.203,71.609,0.248,0,5568560,5974964,400116,4308412,50899.194,22393.465,0,114.970,0,4.956,2634,1726,1.160,1.500,1.620,1,0,0,0,0,20,295,0,34,0
25-09 07:07:28,23.248,5.000,70.494,0,0,5590968,5952548,400116,4308420,29865.469,14656.758,0,0,0,0,2921,1876,1.160,1.500,1.620,2,0,2.000,0,0,20,297,0,31,0
25-09 07:07:29,14.750,4.000,79.251,0,0,5544816,5998672,400136,4308428,15539.242,7494.117,0,112.002,0,13.000,2813,2277,1.160,1.500,1.620,1,0,21.000,0,0,20,295,0,31,0
25-09 07:07:30,12.752,9.251,77.012,0,0,5555832,5987640,400148,4311752,44974.839,23163.522,0,100.015,0,14.002,3689,5212,1.160,1.500,1.620,3,0,36.005,0,0,21,296,0,31,0
25-09 07:07:31,2.750,4.500,91.999,0,0,5545676,5997796,400148,4308432,30128.784,14885.893,0,195.999,0,42.000,1997,2373,1.060,1.470,1.610,2,0,5.000,0,0,20,295,0,32,0
25-09 07:07:32,1.751,3.001,93.546,0,0,5543232,6000204,400176,4308432,30034.834,14813.316,0,656.324,0,42.021,2151,1995,1.060,1.470,1.610,0,0,3.001,0,0,20,295,0,29,0
25-09 07:07:33,1.745,1.247,95.737,0,0,5541064,6002372,400176,4308432,15596.206,7407.674,0,3.989,0,0.997,1595,1449,1.060,1.470,1.610,0,0,0,0,0,20,295,0,29,0
25-09 07:07:34,2.256,2.507,94.751,0.251,0,5541288,6002144,400196,4308416,15400.802,7447.732,0,376.999,0,33.088,2168,2033,1.060,1.470,1.610,0,0,3.008,0,0,20,295,0,29,0
25-09 07:07:35,1.242,0.994,95.138,0,0,5540856,6002556,400196,4308436,15137.585,7249.348,0,3.974,0,0.994,1608,1473,1.060,1.470,1.610,0,0,0,0,0,20,295,0,29,0
25-09 07:07:36,1.771,2.530,95.884,0,0,5540848,6002556,400204,4308436,15418.394,7751.700,0,1999.655,0,371.393,2334,1458,1.060,1.470,1.610,2,0,0,0,0,20,295,0,28,0
25-09 07:07:37,1.244,1.493,95.808,0,0,5540900,6002504,400204,4308436,779.408,147.321,0,776.422,0,173.202,1792,1431,1.060,1.470,1.610,0,0,1.991,0,0,20,295,0,28,0
25-09 07:07:38,1.748,0.999,95.912,0,0,5540832,6002572,400208,4308432,15282.056,7720.955,0,43.960,0,2.997,1572,1439,1.060,1.470,1.610,0,0,0,0,0,20,295,0,28,0
25-09 07:07:39,6.753,5.753,86.038,0,0,5540924,6002468,400212,4308440,779.344,0,0,88.039,0,9.004,2166,1725,1.060,1.470,1.610,1,0,9.004,0,0,20,295,0,28,0
25-09 07:07:40,22.716,5.991,70.646,0,0,5581088,5962300,400220,4308436,45519.830,23439.412,0,51.923,0,5.991,2860,1776,1.060,1.470,1.610,1,0,1.997,0,0,20,295,0,28,0
25-09 07:07:41,23.482,4.746,70.946,0,0,5605716,5937660,400220,4308448,29720.533,14742.855,0,0,0,0,2769,1743,1.050,1.460,1.600,2,0,0,0,0,20,295,0,22,0
25-09 07:07:42,15.240,4.997,78.948,0,0,5574216,5969152,400220,4308456,30072.182,16001.455,0,3.997,0,0.999,2838,2057,1.050,1.460,1.600,1,0,20.986,0,0,20,295,0,22,0
25-09 07:07:43,5.951,1.984,89.265,0,0,5571132,5972228,400220,4308464,52921.357,452217.397,0,3.967,0,0.992,2450,2127,1.050,1.460,1.600,1,0,1.984,0,0,20,295,0,23,0
25-09 07:07:44,4.547,3.031,92.454,0,0,5565308,5977892,400364,4308480,32388.177,139945.945,0,1188.260,0,99.022,3009,3250,1.050,1.460,1.600,0,0,2.021,0,0,20,295,0,23,0
25-09 07:07:45,1.745,1.994,94.738,0,0,5560188,5982988,400384,4308484,15009.483,7275.875,0,107.702,0,14.959,2000,1977,1.050,1.460,1.600,0,0,0,0,0,20,295,0,14,0
25-09 07:07:46,2.257,2.257,95.047,0,0,5555716,5987452,400388,4308488,18405.435,9184.661,0,40.125,0,4.013,1883,1734,0.970,1.430,1.590,1,0,2.006,0,0,20,295,0,14,0
25-09 07:07:47,1.501,1.501,96.322,0,0,5551568,5991584,400404,4308488,11643.747,5630.230,0,200.150,0,10.008,1540,1444,0.970,1.430,1.590,0,0,0,0,0,20,295,0,14,0
25-09 07:07:48,0.997,1.246,95.924,0,0,5547952,5995196,400408,4308488,14953.245,7564.325,0,103.648,0,5.980,1517,1419,0.970,1.430,1.590,0,0,0,0,0,20,295,0,14,0
25-09 07:07:49,1.515,1.767,96.938,0,0,5544788,5998360,400408,4308488,15379.761,7597.487,0,0,0,0,1581,1432,0.970,1.430,1.590,0,0,2.020,0,0,20,295,0,8,0
25-09 07:07:50,0.746,0.994,95.943,0,0,5539864,6003284,400408,4308488,14905.460,7480.569,0,0,0,0,1565,1456,0.970,1.430,1.590,1,0,0,0,0,20,295,0,8,0
25-09 07:07:51,1.742,1.991,95.836,0,0,5539856,6003284,400412,4308492,596.422,0,0,67.707,0,2.987,1498,1414,0.890,1.410,1.590,0,0,0,0,0,20,295,0,8,0
25-09 07:07:52,6.958,4.970,86.225,0,0,5539852,6003284,400416,4308492,15366.440,7989.356,0,1141.053,0,245.505,2574,1735,0.890,1.410,1.590,2,0,10.933,0,0,20,295,0,8,0
25-09 07:07:53,21.568,7.775,70.473,0,0,5570328,5972792,400432,4308492,45322.631,22914.618,0,260.827,0,21.067,3014,2190,0.890,1.410,1.590,4,0,0,0,0,20,295,0,8,0
25-09 07:07:54,23.909,5.788,69.712,0,0,5592700,5950376,400468,4308500,30228.421,15311.519,0,201.335,0,27.180,3296,2301,0.890,1.410,1.590,2,0,1.007,0,0,20,295,0,8,0
25-09 07:07:55,20.732,8.742,70.188,0,0,5554368,5988684,400476,4308516,15157.539,7841.036,0,51.954,0,5.995,3483,2520,0.890,1.410,1.590,2,0,26.976,0,0,20,295,0,8,0
25-09 07:07:56,22.709,5.740,70.872,0,0,5580324,5962728,400476,4308516,45044.889,23745.243,0,0,0,0,2787,1788,1.060,1.440,1.590,2,0,0,0,0,20,295,0,8,0
25-09 07:07:57,23.564,5.014,69.438,0,0,5591144,5951892,400476,4308532,30573.682,15333.467,0,188.510,0,9.024,3032,2145,1.060,1.440,1.590,2,0,0,0,0,20,295,0,8,0
25-09 07:07:58,3.751,3.751,91.274,0,0,5554536,5988468,400480,4308560,147058.035,55828.439,0,36.009,0,3.001,2384,1980,1.060,1.440,1.590,1,0,16.004,0,0,20,295,0,8,0
25-09 07:07:59,3.973,5.960,76.986,10.182,0,5544240,5992540,400508,4314740,104010.247,535683.812,4637.026,377.479,65.562,20.861,3451,3000,1.060,1.440,1.590,1,0,10.927,0,0,20,295,0,8,0
25-09 07:08:00,10.571,13.843,70.978,5.034,0,5541256,5990140,400508,4320124,58315.420,23234.350,3785.473,124.840,53.359,11.075,3276,2270,1.060,1.440,1.590,2,0,4.027,0,0,20,295,0,8,0
25-09 07:08:01,7.749,10.998,70.987,9.248,0,5536552,5987884,400508,4327052,45818.299,23081.617,5766.905,3.999,98.981,1.000,3006,1940,1.060,1.430,1.590,1,0,2.000,0,0,20,295,0,8,0
25-09 07:08:02,7.243,10.739,70.681,10.240,0,5529844,5987480,400516,4334140,59837.485,30769.910,6233.904,207.797,61.939,8.991,3076,2121,1.060,1.430,1.590,0,1,5.994,0,0,20,295,0,8,0
25-09 07:08:03,2.753,4.255,70.075,20.272,0,5524288,5980448,400540,4346672,45173.076,22543.993,12104.883,304.324,123.131,24.026,3069,2522,1.060,1.430,1.590,1,0,2.002,0,0,20,295,0,8,0
25-09 07:08:04,3.241,4.737,69.811,21.442,0,5508008,5976668,400568,4366608,44387.859,22187.946,17496.643,127.654,192.479,17.951,3325,2698,1.060,1.430,1.590,1,1,0.997,0,0,20,295,0,8,0
25-09 07:08:05,9.514,10.766,71.108,6.760,0,5508772,5968604,400568,4373876,15314.211,7535.421,4951.505,0,59.090,0,2605,1669,1.060,1.430,1.590,2,0,2.003,0,0,20,295,0,8,0
25-09 07:08:06,13.127,11.612,71.691,4.291,0,5508140,5965328,400632,4377704,30730.161,15275.214,1894.256,2269.876,19.185,111.070,3004,2151,1.050,1.420,1.590,0,1,2.019,0,0,20,295,0,8,0
25-09 07:08:07,3.222,6.692,68.650,19.083,0,5505660,5951972,400636,4393472,44573.578,22311.077,15437.132,1970.782,150.684,396.536,3736,2580,1.050,1.420,1.590,0,1,4.957,0,0,20,295,0,8,0
25-09 07:08:08,6.235,6.733,64.092,20.200,0,5510300,5939624,400636,4401144,44266.660,22157.271,7369.796,0,72.820,0,3332,2783,1.050,1.420,1.590,1,1,7.980,0,0,20,295,0,8,0
25-09 07:08:09,6.266,4.511,67.672,21.054,0,5510740,5928536,400672,4411692,58814.548,470949.483,10546.817,417.060,98.250,30.076,3866,3170,1.050,1.420,1.590,0,1,2.005,0,0,20,295,0,6,0
25-09 07:08:10,3.496,6.242,69.912,18.227,0,5511168,5913932,400680,4425768,47969.489,137608.414,14126.181,99.874,127.839,8.989,3288,2451,1.050,1.420,1.590,0,1,4.994,0,0,20,295,0,6,0
25-09 07:08:11,2.252,4.754,70.559,20.267,0,5511516,5898840,400680,4440396,59399.030,28123.688,14243.997,0,141.119,0,2969,2234,1.050,1.410,1.580,1,1,4.003,0,0,20,295,0,6,0
