"pcp-dstat 6.2.0 CSV Output"
"Author:","PCP team <pcp@groups.io> and Dag Wieers <dag@wieers.com>",,,,"URL:","https://pcp.io/ and http://dag.wieers.com/home-made/dstat/"
"Host:","ubuntu",,,,"User:","stack"
"Cmdline:","dstat -tcmndrylpg --tcp --output /opt/stack/logs/dstat-csv.log",,,,"Date:","17 Aug 2026 14:33:07 UTC"
"system","total usage",,,,,"memory usage",,,,"net/total",,"dsk/total",,"io/total",,"system",,"load avg",,,"procs",,,"paging",,"tcp sockets",,,,
"time","total usage:usr","total usage:sys","total usage:idl","total usage:wai","total usage:stl","used","free","buf","cach","net/total:recv","net/total:send","dsk/total:read","dsk/total:writ","read","writ","int","csw","1m","5m","15m","run","blk","new","in","out","lis","act","syn","tim","clo"
17-08 14:33:07,,1336976,11463880,150312,3210436,,,,,,,1.810,1.440,1.140,3,0,,,,11,15,0,9,5
17-08 14:33:08,41.023,25.857,30.581,0.249,0,1366448,11434148,150360,3210632,71781.648,39043.870,0,636.477,0,17.901,6343,5141,1.810,1.440,1.140,3,0,148.180,0,0,11,15,0,9,6
17-08 14:33:09,32.757,24.568,39.706,0,0,1320036,11480668,150412,3210444,53329.668,29437.778,0,631.320,0,18.860,5995,4982,1.990,1.480,1.160,2,0,121.102,0,0,11,14,0,9,6
17-08 14:33:10,20.207,24.946,52.138,0,0,1320592,11479792,150516,3210596,90897.751,39419.327,0,933.994,0,31.931,6049,5299,1.990,1.480,1.160,2,0,136.706,0,0,11,14,0,9,6
17-08 14:33:11,25.271,23.019,49.291,0,0,1327232,11472824,150564,3210816,68093.149,39322.002,0,684.575,0,21.018,6050,5233,1.990,1.480,1.160,5,0,133.112,0,0,11,14,0,9,6
17-08 14:33:12,25.582,26.585,45.144,0.251,0,1328736,11471056,150620,3210960,57504.789,31179.652,0,834.668,0,24.077,5885,5105,1.990,1.480,1.160,3,0,122.391,0,0,11,14,0,9,6
17-08 14:33:13,23.883,26.648,46.257,0,0,1323664,11468612,150668,3218136,161001.671,39484.411,0,1118.214,0,108.603,6148,5043,1.990,1.480,1.160,2,0,115.643,0,0,11,14,0,9,6
17-08 14:33:14,36.596,28.132,33.111,0,0,1320632,11458440,150812,3231044,148261.566,589398.629,0,1007.756,0,25.891,7258,7096,2.150,1.530,1.170,10,0,123.480,0,0,11,14,0,9,6
17-08 14:33:15,37.024,23.265,38.025,0.250,0,1323860,11446708,151304,3237624,45261.695,23259.260,116.076,1276.838,3.002,55.036,5749,5107,2.150,1.530,1.170,4,0,71.047,0,0,11,14,0,9,6
17-08 14:33:16,31.241,28.492,37.740,0,0,1323272,11433356,151932,3249272,45762.435,23501.547,95.974,11452.855,1.999,57.984,5950,4941,2.150,1.530,1.170,3,0,95.974,0,0,11,14,0,9,6
17-08 14:33:17,42.290,25.571,28.767,0,0,1312308,11434544,152156,3258008,59217.865,30120.347,0,173.094,0,6.884,6750,7135,2.150,1.530,1.170,6,0,72.778,0,0,11,14,0,9,6
17-08 14:33:18,40.788,25.681,32.983,0.252,0,1397644,11330616,152680,3337616,46146.381,23443.300,40.284,1405.913,2.014,50.355,6578,7036,2.150,1.530,1.170,7,0,70.497,0,0,12,14,0,9,6
17-08 14:33:19,27.562,10.873,59.677,0.253,0,1462560,11253416,153580,3408704,44864.656,22272.516,157.789,1857.054,4.046,85.975,4762,5302,2.060,1.520,1.170,5,0,14.161,0,0,12,16,0,9,6
17-08 14:33:20,37.556,18.528,40.811,0,0,1464676,11238632,154160,3419204,46530.332,24822.987,16.024,1514.256,1.001,44.066,5830,5301,2.060,1.520,1.170,4,0,69.103,0,0,12,16,0,9,6
17-08 14:33:21,45.275,13.834,40.748,0.252,0,1467920,11213840,155020,3438132,62050.952,34139.393,0,10346.856,0,349.121,5891,4816,2.060,1.520,1.170,2,0,30.183,0,0,12,16,0,9,6
17-08 14:33:22,33.236,23.315,41.421,0,0,1496392,11195296,155668,3426692,61234.821,32543.617,7.937,1432.626,1.984,49.606,6351,5493,2.060,1.520,1.170,3,0,125.007,0,0,12,14,0,9,4
17-08 14:33:23,40.366,16.297,39.864,1.003,0,1442656,11247852,155772,3427768,75717.010,594989.283,1107.173,778.230,17.049,36.103,6262,5748,2.060,1.520,1.170,2,0,65.187,0,0,12,14,0,12,4
17-08 14:33:24,38.013,12.754,43.265,4.251,0,1501128,11188128,155932,3428836,45420.673,23422.082,1052.363,0,68.023,0,4920,4789,2.050,1.520,1.180,3,0,20.007,0,0,12,14,1,12,4
17-08 14:33:25,38.933,7.986,49.664,1.497,0,1499608,11182428,156004,3435232,36518.003,17604.630,2132.322,1429.534,121.790,16.971,4957,4952,2.050,1.520,1.180,2,0,0.998,0,0,12,15,0,12,4
17-08 14:33:26,45.743,13.248,39.744,0.500,0,1519484,11159340,156168,3437516,30744.494,14895.817,111.984,11250.351,4.999,51.992,5210,4866,2.050,1.520,1.180,3,0,3.999,0,0,12,14,0,12,4
17-08 14:33:27,45.874,14.134,34.219,0,0,1537604,11140216,156488,3438064,30318.183,16260.552,15.870,2642.315,0.992,105.137,10076,15466,2.050,1.520,1.180,1,1,5.951,0,0,12,16,0,12,4
17-08 14:33:28,36.294,22.777,33.791,2.753,0,1568508,11098676,161304,3443428,44528.520,22112.578,64.077,28209.906,3.004,2416.905,14505,18849,2.050,1.520,1.180,6,0,35.042,0,0,12,16,0,12,4
17-08 14:33:29,39.881,17.809,32.858,5.518,0,1581276,11077536,165968,3446784,30258.647,14868.966,0,35581.175,0,2196.233,13425,19001,2.050,1.530,1.180,2,0,30.099,0,0,12,16,0,12,4
17-08 14:33:30,41.658,18.570,30.114,3.764,0,1589692,11063580,169748,3448384,31010.662,19604.384,0,24886.425,0,1801.837,14848,23772,2.050,1.530,1.180,4,0,39.149,0,0,12,16,0,12,4
17-08 14:33:31,33.586,24.202,39.019,0.494,0,1505748,11147048,170088,3448452,44341.245,23178.198,0,13094.536,0,221.272,6223,5414,2.050,1.530,1.180,4,0,81.001,0,0,12,14,0,12,4
17-08 14:33:32,45.244,13.649,40.695,0.253,0,1480320,11179900,170172,3441928,45439.355,24311.566,0,14057.557,0,86.950,5098,4311,2.050,1.530,1.180,4,0,8.088,0,0,12,14,0,12,4
17-08 14:33:33,45.065,14.020,39.808,0,0,1508248,11151452,170692,3441928,59554.106,30127.560,0,6489.383,0,332.481,5898,5826,2.050,1.530,1.180,3,0,22.032,0,0,12,14,0,12,4
17-08 14:33:34,43.274,14.008,40.523,0,0,1511612,11148088,170720,3441896,31045.285,15134.426,0,300.167,0,10.006,5365,4944,2.040,1.540,1.190,1,0,52.029,0,0,12,14,0,12,4
17-08 14:33:35,27.744,5.249,64.237,0,0,1470512,11189200,170724,3441912,60591.595,596471.883,0,11.998,0,2.000,4496,4513,2.040,1.540,1.190,1,0,12.997,0,0,12,14,0,12,4
17-08 14:33:36,25.485,5.996,66.211,0,0,1489580,11170132,170724,3441912,45502.227,23236.328,0,0,0,0,3856,4470,2.040,1.540,1.190,1,0,0,0,0,12,14,0,12,4
17-08 14:33:37,26.729,5.995,65.449,0,0,1516836,11142876,170724,3441912,44381.540,22474.550,0,2010.439,0,4.996,3908,4487,2.040,1.540,1.190,1,0,0,0,0,12,14,0,12,4
17-08 14:33:38,28.523,3.503,66.053,0,0,1523240,11136472,170732,3441904,30381.400,14669.782,0,40.032,0,1.001,3829,4299,2.040,1.540,1.190,4,0,2.002,0,0,12,14,0,12,4
17-08 14:33:39,16.273,16.773,64.089,0,0,1472000,11187680,170740,3441928,47022.245,25823.832,0,176.245,0,3.004,5143,5052,1.960,1.530,1.180,2,0,91.126,0,0,12,14,0,12,4
17-08 14:33:40,11.000,23.001,62.253,0,0,1460388,11199264,170764,3441932,61113.480,34499.400,0,88.004,0,9.000,6073,5789,1.960,1.530,1.180,3,0,135.005,0,0,12,14,0,12,4
17-08 14:33:41,11.163,25.054,60.030,0,0,1430260,11229332,170812,3441944,45307.288,23365.074,0,496.116,0,30.759,5850,5389,1.960,1.530,1.180,5,0,121.052,0,0,12,14,0,12,4
17-08 14:33:42,11.010,24.772,60.554,0,0,1424120,11235472,170812,3441948,60964.140,31441.922,0,12.011,0,3.003,5971,5305,1.960,1.530,1.180,3,0,120.107,0,0,12,14,0,8,4
17-08 14:33:43,12.092,24.939,60.459,0,0,1418844,11240744,170812,3441952,62117.569,31847.774,0,1148.721,0,245.867,6172,5347,1.960,1.530,1.180,1,0,116.887,0,0,12,14,0,8,4
17-08 14:33:44,14.000,23.999,59.499,0,0,1409284,11250296,170812,3442156,64915.512,596760.317,0,12.000,0,3.000,6281,5591,1.880,1.520,1.180,1,0,105.998,0,0,12,14,0,8,4
17-08 14:33:45,22.422,21.675,53.065,0,0,1409548,11250016,170812,3442360,45173.666,22898.249,0,0,0,0,6085,7497,1.880,1.520,1.180,7,0,62.781,0,0,12,14,0,8,4
17-08 14:33:46,23.278,21.526,53.814,0,0,1381340,11278228,170820,3441960,60082.650,30027.809,0,128.153,0,5.006,5510,7134,1.880,1.520,1.180,2,0,62.074,0,0,12,14,0,7,4
17-08 14:33:47,31.168,24.685,34.160,6.982,0,1400920,11256724,170824,3444332,46205.366,24609.217,1887.032,27240.291,24.934,95.748,5719,4884,1.880,1.520,1.180,6,0,73.806,0,0,12,14,0,7,4
17-08 14:33:48,48.876,19.300,28.573,2.005,0,1475976,11180648,170824,3445352,45708.543,24282.444,1102.836,0,14.036,0,5626,4812,1.880,1.520,1.180,3,0,53.137,0,0,12,15,0,7,4
17-08 14:33:49,48.550,6.037,42.513,0.755,0,1506496,11149904,170848,3445548,45305.228,22157.049,20.124,32.199,4.025,3.019,4681,4491,1.890,1.530,1.190,4,0,0,0,0,12,15,0,7,4
17-08 14:33:50,50.418,7.699,37.999,2.235,0,1544824,11110592,170864,3447092,15445.175,7474.721,488.778,246.376,6.954,3.974,4861,5158,1.890,1.530,1.190,10,0,33.777,0,0,12,15,0,6,4
17-08 14:33:51,46.103,24.806,27.812,0,0,1572328,11082876,170880,3446696,30203.735,14823.243,0,765.717,0,5.011,5733,15857,1.890,1.530,1.190,3,0,4.009,0,0,12,15,0,7,4
17-08 14:33:52,39.011,15.504,42.512,0.250,0,1576332,11076184,170972,3449068,31015.589,16384.537,8.002,8054.230,2.001,93.026,6099,7190,1.890,1.530,1.190,2,0,45.012,0,0,12,14,0,8,4
17-08 14:33:53,15.360,28.243,52.274,0.743,0,1583708,11067984,171108,3449676,45584.484,24284.638,721.424,62518.129,15.855,679.803,6732,5317,1.890,1.530,1.190,3,0,94.142,0,0,13,14,0,8,4
17-08 14:33:54,24.470,7.568,66.598,0,0,1624780,11026908,171108,3449680,60308.277,30689.443,0,2304.685,0,404.632,4709,4119,1.820,1.520,1.190,2,0,0,0,0,13,14,0,5,4
17-08 14:33:55,26.486,7.496,63.468,0.250,0,1660588,10990672,171504,3449688,40854.159,446758.099,0,8331.750,0,301.846,5064,5691,1.820,1.520,1.190,2,0,0,0,0,13,14,0,5,4
17-08 14:33:56,27.016,4.753,66.540,0,0,1671424,10979836,171504,3449688,33553.073,144148.235,0,0,0,0,3925,4092,1.820,1.520,1.190,1,0,3.002,0,0,13,14,0,5,4
17-08 14:33:57,28.163,2.991,66.545,0.249,0,1687236,10963736,171544,3449900,15440.453,7648.448,19.939,622.084,0.997,17.945,3856,4112,1.820,1.520,1.190,3,0,0.997,0,0,13,16,0,5,4
17-08 14:33:58,26.066,5.514,63.660,2.005,0,1689968,10960208,172120,3450112,61972.079,43722.116,140.353,4246.695,6.015,257.649,5892,7620,1.820,1.520,1.190,1,0,0,0,0,13,20,0,5,4
17-08 14:33:59,20.043,12.026,66.141,0.251,0,1583084,11066968,172240,3450112,45488.122,22790.660,0,1350.884,0,66.141,4557,4725,1.750,1.510,1.180,1,0,44.094,0,0,13,14,0,7,4
17-08 14:34:00,24.183,5.485,66.567,1.247,0,1623980,11025668,172248,3450428,44592.108,22121.036,323.110,0,11.967,0,3604,3961,1.750,1.510,1.180,1,0,0,0,0,13,14,0,7,4
17-08 14:34:01,26.784,4.255,65.333,1.252,0,1644096,11005256,172288,3450672,15571.704,7305.244,48.061,1005.272,1.001,20.025,3774,4416,1.750,1.510,1.180,2,0,0,0,0,13,14,0,7,4
17-08 14:34:02,17.992,3.498,75.965,0,0,1653300,10995972,172312,3450692,32273.081,17093.098,0,415.808,0,8.996,3568,4447,1.750,1.510,1.180,2,0,2.999,0,0,13,21,0,7,4
17-08 14:34:03,25.014,6.003,66.037,0,0,1655984,10993200,172400,3450692,16978.488,8998.028,0,616.344,0,39.022,4559,5405,1.750,1.510,1.180,1,0,1.001,0,0,13,27,0,7,4
17-08 14:34:04,11.232,2.746,68.393,15.975,0,1655940,10992484,172468,3451068,16432.297,7936.586,415.350,886.613,102.839,10.983,3215,4537,1.690,1.500,1.180,2,0,0,0,0,13,35,0,7,4
17-08 14:34:05,20.986,2.748,72.453,0,0,1663352,10984924,172468,3451212,4198.280,3511.725,0,0,0,0,3840,4795,1.690,1.500,1.180,0,0,3.997,0,0,13,39,0,7,4
17-08 14:34:06,21.019,11.761,66.061,0,0,1635676,11012576,172468,3451216,16396.175,7795.215,0,0,0,0,4331,4788,1.690,1.500,1.180,3,0,43.040,0,0,13,38,0,8,4
17-08 14:34:07,25.678,6.980,64.569,0,0,1679000,10969212,172468,3451248,30459.496,15550.348,0,7.978,0,1.994,3939,4478,1.690,1.500,1.180,2,0,0,0,0,13,38,0,8,4
17-08 14:34:08,16.536,3.508,77.417,0,0,1697792,10950376,172500,3451260,34299.951,18756.439,0,136.294,0,13.028,3800,4953,1.690,1.500,1.180,1,0,2.004,0,0,13,39,0,8,4
17-08 14:34:09,20.529,4.506,72.602,0,0,1694712,10953416,172532,3451268,34058.940,17731.959,0,452.637,0,23.032,3892,4764,1.880,1.550,1.200,1,0,0,0,0,13,38,0,9,4
17-08 14:34:10,17.489,21.486,57.963,0,0,1666748,10981372,172532,3451276,16067.830,7291.385,0,11.992,0,2.998,5472,5117,1.880,1.550,1.200,3,0,129.918,0,0,13,38,0,9,4
17-08 14:34:11,41.948,15.231,40.949,0,0,1734212,10913896,172540,3451276,60283.773,31652.502,0,79.900,0,2.996,5299,5016,1.880,1.550,1.200,3,0,27.965,0,0,13,38,0,9,4
17-08 14:34:12,41.810,8.512,48.069,0,0,1758056,10890040,172540,3451284,45887.590,471725.265,0,0,0,0,5089,4218,1.880,1.550,1.200,1,0,2.003,0,0,13,39,0,9,4
17-08 14:34:13,36.150,9.225,53.103,0,0,1760224,10887832,172540,3451292,24625.061,139833.207,0,781.843,0,3.989,5141,5174,1.880,1.550,1.200,6,0,5.983,0,0,13,40,0,9,4
17-08 14:34:14,33.829,6.014,57.384,0,0,1764176,10883812,172556,3451344,21813.765,13009.275,0,1042.426,0,196.457,6176,7102,1.970,1.570,1.210,6,0,2.005,0,0,13,40,0,9,4
17-08 14:34:15,38.761,5.502,52.515,0,0,1766332,10881572,172612,3451372,21327.180,12971.759,0,228.066,0,24.007,6377,7516,1.970,1.570,1.210,2,0,0,0,0,13,38,0,10,4
17-08 14:34:16,34.000,35.763,28.963,0,0,1636708,11011164,172628,3451388,46510.609,24248.622,0,193.425,0,12.089,6515,5708,1.970,1.570,1.210,3,0,221.633,0,0,13,38,0,10,4
17-08 14:34:17,56.412,39.762,2.734,0,0,1744220,10903592,172644,3451400,50576.366,24503.379,0,174.953,0,12.923,6797,6510,1.970,1.570,1.210,7,0,248.513,0,0,13,38,0,10,4
17-08 14:34:18,73.159,26.057,0,0,0,1891336,10756436,172676,3451404,56920.479,31947.304,0,352.765,0,20.043,6813,6442,1.970,1.570,1.210,6,0,110.239,0,0,13,38,1,10,4
17-08 14:34:19,82.967,16.794,0.501,0,0,2016936,10630688,172676,3451548,39296.009,25015.575,0,16.042,0,3.008,6772,6118,2.210,1.630,1.230,8,0,0,0,0,13,41,0,10,4
17-08 14:34:20,76.050,12.675,9.693,0,0,2089444,10558152,172676,3451576,43893.536,30360.532,0,0,0,0,7811,8333,2.210,1.630,1.230,3,0,1.988,0,0,13,43,1,10,4
17-08 14:34:21,70.047,10.433,16.891,0,0,2090244,10557172,172764,3451660,34767.333,24261.224,0,353.714,0,34.775,8290,10059,2.210,1.630,1.230,7,0,0,0,0,13,41,0,12,5
17-08 14:34:22,63.664,27.931,7.801,0,0,1952160,10695016,172852,3451812,34959.085,21311.434,0,446.903,0,40.262,7644,8399,2.210,1.630,1.230,6,0,180.170,0,0,13,39,0,15,4
17-08 14:34:23,34.481,14.992,47.724,0,0,1766860,10880264,172900,3451816,62623.970,32098.558,0,283.846,0,22.988,5727,5470,2.210,1.630,1.230,1,0,75.959,0,0,13,38,0,13,4
17-08 14:34:24,18.741,14.244,64.970,0,0,1782120,10864984,172916,3451820,45449.284,23275.391,0,211.903,0,9.995,4789,5097,2.190,1.630,1.230,2,0,57.974,0,0,13,38,0,13,4
17-08 14:34:25,25.255,5.501,66.262,0,0,1772708,10874340,172972,3451820,29956.635,14660.758,0,668.126,0,35.007,3788,4497,2.190,1.630,1.230,1,0,0,0,0,13,38,0,13,4
17-08 14:34:26,20.755,4.501,73.518,0,0,1766340,10880700,172972,3451824,38776.719,584123.407,0,0,0,0,3844,4586,2.190,1.630,1.230,2,0,2.001,0,0,13,39,0,13,4
17-08 14:34:27,21.748,4.750,70.244,0,0,1758992,10888044,172972,3451828,18720.526,9843.225,0,4.000,0,1.000,4106,4971,2.190,1.630,1.230,1,0,0,0,0,13,39,0,13,4
17-08 14:34:28,21.963,2.995,72.876,0,0,1753476,10893508,173012,3451836,18073.314,9754.438,0,411.302,0,16.971,4357,5643,2.190,1.630,1.230,2,0,0,0,0,13,38,0,14,4
17-08 14:34:29,16.008,16.758,64.032,0,0,1673440,10973596,173028,3451836,30542.132,16304.078,0,5914.931,0,649.322,5750,5072,2.180,1.640,1.240,2,0,70.035,0,0,13,38,0,14,4
17-08 14:34:30,26.241,5.748,66.228,0,0,1709428,10937608,173028,3451836,30089.122,14653.190,0,0,0,0,3773,4323,2.180,1.640,1.240,3,0,0,0,0,13,38,0,14,4
17-08 14:34:31,17.430,3.984,74.700,0,0,1725868,10921116,173076,3451840,32525.382,17012.679,0,486.048,0,27.888,3638,4557,2.180,1.640,1.240,3,0,0,0,0,13,39,0,14,4
17-08 14:34:32,23.572,5.015,68.962,0,0,1723404,10923580,173076,3451840,38149.187,20930.294,0,0,0,0,4216,5027,2.180,1.640,1.240,1,0,3.009,0,0,13,39,0,14,4
17-08 14:34:33,22.021,2.753,72.570,0.250,0,1722380,10924508,173140,3451868,17878.289,9805.482,0,196.190,0,27.026,4339,5571,2.180,1.640,1.240,3,0,0,0,0,13,38,0,15,4
17-08 14:34:34,10.522,24.550,62.128,0,0,1662896,10983980,173156,3451868,16281.460,9786.111,0,404.832,0,9.019,5773,5356,2.080,1.630,1.240,2,0,154.317,0,0,13,38,0,15,4
17-08 14:34:35,9.991,26.226,61.194,0,0,1656308,10990556,173172,3451864,46223.445,25360.652,0,187.827,0,7.993,6115,5545,2.080,1.630,1.240,3,0,179.834,0,0,13,38,0,15,4
17-08 14:34:36,9.263,26.286,60.583,0,0,1648328,10998472,173244,3451856,60895.544,33087.393,0,861.181,0,41.056,6205,5757,2.080,1.630,1.240,1,0,177.243,0,0,13,38,0,15,4
17-08 14:34:37,20.830,41.413,33.478,0,0,1658648,10988104,173268,3451880,59958.989,31638.492,0,190.450,0,16.863,6842,5972,2.080,1.630,1.240,6,0,251.949,0,0,13,38,0,15,4
17-08 14:34:38,56.736,40.019,3.799,0,0,1732864,10913880,173268,3451888,46547.717,25320.402,0,64.841,0,8.105,6552,5991,2.080,1.630,1.240,7,0,238.088,0,0,13,38,0,15,4
17-08 14:34:39,76.945,22.734,0,0,0,1875788,10770948,173268,3451896,71792.148,459378.615,0,3.997,0,0.999,6827,5957,2.320,1.680,1.260,4,0,42.970,0,0,13,39,0,15,4
17-08 14:34:40,76.641,12.361,8.406,0,0,1974212,10672508,173268,3451912,39962.085,145241.067,0,3.956,0,0.989,6465,5473,2.320,1.680,1.260,5,0,0,0,0,13,41,0,15,4
17-08 14:34:41,63.240,10.208,23.155,0,0,2009188,10637508,173268,3451936,47806.221,27788.617,0,0,0,0,6774,6794,2.320,1.680,1.260,3,0,1.992,0,0,13,43,0,15,4
17-08 14:34:42,71.071,11.129,15.175,0,0,2012760,10633728,173308,3452100,26895.581,19319.090,0,178.056,0,14.164,7439,7752,2.320,1.680,1.260,6,0,1.012,0,0,13,43,0,15,4
17-08 14:34:43,65.693,15.065,14.571,0,0,2011644,10634708,173384,3452156,26532.204,17958.483,0,276.604,0,30.624,8051,8926,2.320,1.680,1.260,5,0,29.636,0,0,13,41,0,15,4
17-08 14:34:44,78.329,17.574,2.762,0,0,1877344,10768892,173512,3452144,20847.670,11718.278,0,506.128,0,53.224,7016,7423,2.530,1.740,1.280,6,0,54.228,0,0,13,38,0,16,4
17-08 14:34:45,63.572,36.218,0,0,0,1835536,10810380,173792,3452176,16224.734,9229.306,0,5122.214,0,514.653,7471,7203,2.530,1.740,1.280,6,0,230.986,0,0,13,38,0,16,4
17-08 14:34:46,77.177,20.415,0,0,0,1942080,10703812,173792,3452196,45692.953,24369.110,0,3.983,0,0.996,6486,5740,2.530,1.740,1.280,5,0,0,0,0,13,39,0,16,4
17-08 14:34:47,84.007,15.297,0.502,0,0,2061436,10584432,173808,3452204,38061.625,23133.885,0,96.295,0,6.018,6280,5707,2.530,1.740,1.280,6,0,2.006,0,0,13,41,0,16,4
17-08 14:34:48,71.892,11.737,12.471,0,0,2088484,10557216,173808,3452372,32971.599,24997.928,0,0,0,0,7067,7651,2.530,1.740,1.280,6,0,0,0,0,13,44,0,16,4
17-08 14:34:49,71.002,11.118,15.919,0,0,2092720,10552932,173808,3452416,33641.314,24813.817,0,20.214,0,2.021,8189,9693,2.890,1.830,1.310,7,0,0,0,0,13,43,0,17,4
17-08 14:34:50,63.754,16.985,14.031,0,0,2015412,10630152,173840,3452464,60026.463,35610.804,0,149.662,0,12.800,7772,9112,2.890,1.830,1.310,7,0,61.047,0,0,13,41,0,19,4
17-08 14:34:51,64.323,31.132,5.918,0,0,1790316,10855068,173872,3452740,67730.145,38210.707,0,185.249,0,16.467,7611,16975,2.890,1.830,1.310,4,0,244.940,0,0,13,38,0,22,4
17-08 14:34:52,41.069,16.277,41.570,0,0,1702340,10943020,173896,3452612,45019.335,22705.996,0,204.342,0,11.018,5135,4446,2.890,1.830,1.310,2,0,37.062,0,0,13,38,0,21,4
17-08 14:34:53,39.241,8.444,49.920,0,0,1752152,10893164,173944,3452608,31455.040,16603.230,0,186.765,0,17.882,4396,4143,2.890,1.830,1.310,1,0,1.987,0,0,13,39,0,21,4
17-08 14:34:54,32.941,6.987,58.395,0,0,1781284,10863972,173984,3452628,36473.300,20806.521,0,555.000,0,27.950,4704,5013,2.820,1.830,1.310,3,0,0,0,0,13,40,0,21,4
17-08 14:34:55,38.117,6.228,52.815,0,0,1779708,10865464,174040,3452652,32706.600,460515.230,0,171.400,0,22.920,6384,7034,2.820,1.830,1.310,2,0,0,0,0,13,39,0,22,4
17-08 14:34:56,26.321,32.338,38.604,0,0,1739840,10905284,174056,3452684,52074.954,157141.343,0,196.532,0,11.030,7123,7028,2.820,1.830,1.310,4,0,200.543,0,0,13,39,0,21,4
17-08 14:34:57,55.803,38.116,4.733,0,0,1736272,10908820,174072,3452692,50550.894,26492.658,0,195.312,0,11.958,6636,6161,2.820,1.830,1.310,7,0,180.365,0,0,13,38,0,22,4
17-08 14:34:58,62.181,12.035,24.822,0.251,0,1830988,10814068,174104,3452696,57955.063,34211.801,0,200.585,0,14.041,5513,4214,2.820,1.830,1.310,5,0,0,0,0,13,39,0,22,4
17-08 14:34:59,44.928,8.736,44.429,0,0,1865412,10779596,174144,3452704,38576.411,23139.058,0,515.178,0,23.962,5364,5330,2.670,1.820,1.310,5,0,1.997,0,0,13,41,0,22,4
17-08 14:35:00,50.999,9.000,36.749,0,0,1865836,10779148,174144,3452728,23438.388,15462.596,0,499.987,0,26.999,6816,7148,2.670,1.820,1.310,2,0,0,0,0,13,41,0,20,4
17-08 14:35:01,49.810,10.012,39.047,0,0,1834080,10810648,174224,3452892,24987.277,16988.585,0,3271.965,0,507.615,8273,8044,2.670,1.820,1.310,4,0,19.023,0,0,13,39,0,21,4
17-08 14:35:02,47.346,39.621,11.463,0,0,1712612,10931992,174280,3452920,47344.537,25737.032,0,350.855,0,26.912,7122,6812,2.670,1.820,1.310,5,0,242.210,0,0,13,38,0,21,4
17-08 14:35:03,77.896,23.268,0.253,0,0,1831528,10813060,174312,3452904,45239.378,22610.078,0,214.467,0,12.140,6566,5585,2.670,1.820,1.310,5,0,2.023,0,0,13,38,0,21,4
17-08 14:35:04,61.610,10.931,25.588,0,0,1949828,10694660,174368,3452928,34812.769,21107.471,0,635.977,0,33.786,5665,4946,2.860,1.870,1.330,1,0,0,0,0,13,42,0,21,4
17-08 14:35:05,69.211,12.199,17.178,0,0,1950980,10693440,174416,3452928,26970.305,18752.642,0,175.268,0,18.921,6792,6342,2.860,1.870,1.330,4,0,3.983,0,0,13,46,0,21,4
17-08 14:35:06,54.167,7.489,34.447,0,0,1950856,10693440,174472,3452992,28177.897,18813.222,0,163.750,0,20.968,7874,9053,2.860,1.870,1.330,4,0,0,0,0,13,45,0,22,4
17-08 14:35:07,51.751,25.251,20.001,0,0,1905172,10738896,174520,3453132,26979.731,17642.478,0,376.010,0,24.001,7887,8820,2.860,1.870,1.330,6,0,128.003,0,0,13,43,0,23,4
17-08 14:35:08,63.027,30.627,6.581,0,0,1761592,10882340,174536,3453212,61423.024,33620.363,0,174.146,0,10.125,6552,6076,2.860,1.870,1.330,4,0,200.471,0,0,13,42,0,23,4
17-08 14:35:09,67.926,13.139,17.601,0,0,1846100,10797816,174552,3453212,40796.508,442073.062,0,194.359,0,8.925,5884,4302,2.950,1.910,1.340,5,0,0,0,0,13,42,0,23,4
17-08 14:35:10,39.478,8.495,50.223,0.250,0,1873492,10770360,174600,3453228,43952.061,156352.840,0,599.673,0,27.985,5396,5468,2.950,1.910,1.340,5,0,0.999,0,0,13,45,0,23,4
17-08 14:35:11,47.322,7.928,40.880,0,0,1873616,10770136,174664,3453260,21070.443,14812.043,0,202.172,0,25.767,6740,7412,2.950,1.910,1.340,4,0,1.982,0,0,13,45,0,23,4
17-08 14:35:12,43.493,17.850,35.700,0,0,1859792,10783908,174680,3453292,40174.532,24030.303,0,160.899,0,10.056,7618,7900,2.950,1.910,1.340,4,0,79.444,0,0,13,44,0,23,4
17-08 14:35:13,51.768,41.162,6.313,0,0,1734040,10909552,174728,3453312,48484.215,25863.837,0,303.033,0,22.222,6956,6914,2.950,1.910,1.340,5,0,229.295,0,0,13,42,0,24,4
17-08 14:35:14,64.557,15.643,17.629,0,0,1849412,10794164,174744,3453312,44655.651,22716.162,0,182.746,0,5.959,5456,4178,2.960,1.920,1.350,6,0,1.986,0,0,13,42,0,24,4
17-08 14:35:15,45.332,7.472,44.086,0,0,1916680,10726840,174792,3453320,37862.281,23406.009,0,625.675,0,31.882,4917,4552,2.960,1.920,1.350,4,0,0,0,0,13,45,0,24,4
17-08 14:35:16,53.207,10.290,34.635,0,0,1910216,10733288,174792,3453336,36989.883,22468.398,0,2678.419,0,428.667,6563,5949,2.960,1.920,1.350,5,0,0,0,0,13,45,0,23,4
17-08 14:35:17,46.185,7.066,43.408,0,0,1815836,10827464,174840,3453492,23819.125,15294.917,0,222.090,0,19.180,6969,7543,2.960,1.920,1.350,4,0,8.076,0,0,13,44,0,24,4
17-08 14:35:18,41.588,37.132,18.813,0,0,1757564,10885672,174872,3453520,50136.857,29067.772,0,245.565,0,14.853,7178,7200,2.960,1.920,1.350,6,0,225.761,0,0,13,42,0,26,4
17-08 14:35:19,61.856,24.490,13.129,0,0,1781420,10861800,174888,3453520,45598.580,23140.633,0,157.543,0,9.089,5814,4828,3.040,1.960,1.370,4,0,53.524,0,0,13,42,0,26,4
17-08 14:35:20,56.844,10.017,31.302,0,0,1880628,10762576,174904,3453520,45877.596,25995.835,0,124.205,0,8.013,5000,3990,3.040,1.960,1.370,0,0,2.003,0,0,13,45,0,26,4
17-08 14:35:21,45.823,9.660,40.622,0,0,1878916,10764216,174960,3453532,25008.035,16404.185,0,328.936,0,21.797,5595,5510,3.040,1.960,1.370,3,0,0,0,0,13,45,0,26,4
17-08 14:35:22,45.877,6.483,43.633,0,0,1878984,10763964,175008,3453664,39853.535,25696.355,0,235.371,0,21.941,7798,9157,3.040,1.960,1.370,3,0,0.997,0,0,13,44,0,27,4
17-08 14:35:23,52.804,18.949,26.276,0,0,1716472,10926352,175072,3453724,35213.496,19896.777,0,291.054,0,26.276,6955,6511,3.040,1.960,1.370,7,0,99.039,0,0,13,42,0,28,4
17-08 14:35:24,58.695,21.298,16.841,0,0,1767832,10874972,175088,3453724,41863.859,569116.679,0,154.538,0,7.925,5843,4548,3.200,2.010,1.390,5,0,15.850,0,0,13,42,0,28,4
17-08 14:35:25,58.430,11.536,28.337,0,0,1862536,10780244,175104,3453732,31741.812,17963.354,0,128.396,0,9.028,5139,3829,3.200,2.010,1.390,0,0,0,0,0,13,44,1,22,4
17-08 14:35:26,47.324,8.810,42.038,0,0,1864244,10778480,175152,3453740,25002.153,16123.373,0,551.777,0,28.193,5583,5198,3.200,2.010,1.390,3,0,2.014,0,0,13,45,0,22,4
17-08 14:35:27,42.556,6.396,46.492,0,0,1864408,10778256,175184,3453764,37167.807,22264.868,0,106.267,0,12.791,6628,7676,3.200,2.010,1.390,5,0,0,0,0,13,45,0,22,4
17-08 14:35:28,54.917,11.033,31.094,0,0,1816700,10825884,175240,3453784,8170.774,6432.504,0,240.730,0,23.070,6848,6971,3.200,2.010,1.390,5,0,45.137,0,0,13,42,0,24,4
17-08 14:35:29,47.300,45.024,7.335,0,0,1765044,10877504,175256,3453804,61615.631,32756.986,0,182.118,0,14.165,6612,5825,3.260,2.040,1.400,5,0,271.154,0,0,13,42,0,23,4
17-08 14:35:30,66.568,31.782,0.250,0,0,1812884,10829628,175272,3453824,60850.011,32717.341,0,584.596,0,15.015,6316,5774,3.260,2.040,1.400,7,0,193.197,0,0,13,42,0,23,4
17-08 14:35:31,71.456,27.733,0,0,0,1934012,10708456,175304,3453832,44931.043,24441.792,0,435.729,0,24.984,6332,6069,3.260,2.040,1.400,6,0,147.908,0,0,13,43,0,23,4
17-08 14:35:32,72.513,26.255,1.000,0,0,2026700,10615748,175304,3453852,72582.679,47007.211,0,2212.386,0,407.071,7455,7059,3.260,2.040,1.400,7,0,162.028,0,0,13,45,0,23,4
17-08 14:35:33,69.167,25.535,3.471,0,0,2092060,10550228,175304,3454012,53986.681,38040.173,0,0,0,0,7096,7303,3.260,2.040,1.400,5,0,163.620,0,0,13,47,0,23,4
17-08 14:35:34,64.538,25.567,7.447,0,0,2103136,10538964,175376,3454124,80563.076,51991.680,0,353.469,0,30.780,8026,8532,3.560,2.120,1.430,7,0,140.990,0,0,13,46,0,23,4
17-08 14:35:35,71.359,26.980,1.261,0,0,2041996,10600048,175424,3454132,88376.311,600373.316,0,500.270,0,48.413,8158,8584,3.560,2.120,1.430,8,0,217.859,0,0,13,44,0,24,4
17-08 14:35:36,65.110,33.312,1.009,0,0,1900292,10741492,175504,3454304,58012.909,36838.384,0,460.316,0,33.312,7872,8298,3.560,2.120,1.430,6,0,224.101,0,0,13,42,1,24,4
17-08 14:35:37,68.507,30.641,0.249,0,0,1945368,10696368,175520,3454348,60598.409,36030.409,0,195.308,0,9.965,6468,6397,3.560,2.120,1.430,6,0,232.178,0,0,13,42,0,23,4
17-08 14:35:38,72.172,19.910,5.973,0,0,2007792,10633924,175536,3454352,65800.228,37301.628,0,203.078,0,9.955,6290,5623,3.560,2.120,1.430,8,0,68.688,0,0,13,44,0,23,4
17-08 14:35:39,68.355,11.683,18.642,0,0,2028608,10613036,175576,3454380,40108.372,25399.317,0,485.198,0,23.862,6386,6230,3.680,2.170,1.450,4,0,0,0,0,13,47,0,23,4
17-08 14:35:40,68.341,10.975,17.709,0,0,2030840,10610768,175576,3454412,45268.977,30218.893,0,271.370,0,2.993,8073,8275,3.680,2.170,1.450,5,0,0,0,0,13,47,0,23,4
17-08 14:35:41,69.389,11.112,17.038,0,0,1975732,10665708,175576,3454580,27824.608,19413.022,0,0,0,0,7923,8617,3.680,2.170,1.450,5,0,22.718,0,0,13,45,0,25,4
17-08 14:35:42,54.140,26.429,19.501,0,0,1924632,10716768,175576,3454620,42921.099,28548.037,0,8.211,0,2.053,7727,8364,3.680,2.170,1.450,3,0,156.006,0,0,13,43,0,27,4
17-08 14:35:43,34.506,43.194,18.370,0,0,1673492,10967904,175576,3454624,47539.336,25738.723,0,23.831,0,3.972,6900,6388,3.680,2.170,1.450,4,0,285.975,0,0,13,42,0,28,4
17-08 14:35:44,9.765,28.044,59.344,0,0,1661592,10979760,175608,3454632,61231.784,34943.232,0,184.291,0,13.021,6268,5843,3.460,2.150,1.450,2,0,182.288,0,0,13,42,0,28,4
17-08 14:35:45,10.745,31.736,53.227,0,0,1645080,10996216,175656,3454640,70010.116,476047.998,0,463.795,0,26.988,6644,5932,3.460,2.150,1.450,5,0,192.915,0,0,13,42,0,27,4
17-08 14:35:46,26.747,40.745,29.996,0,0,1651004,10990280,175656,3454652,62960.163,149043.447,0,19.998,0,4.999,6646,5520,3.460,2.150,1.450,4,0,219.973,0,0,13,42,0,27,4
17-08 14:35:47,46.769,44.003,8.549,0,0,1741456,10899820,175656,3454660,46370.110,25348.015,0,3415.676,0,526.030,7380,5587,3.460,2.150,1.450,3,0,269.553,0,0,13,42,1,27,4
17-08 14:35:48,57.166,38.361,3.510,0,0,1835364,10805900,175656,3454672,64576.997,36955.011,0,12.035,0,3.009,7026,6750,3.460,2.150,1.450,5,0,266.772,0,0,13,43,0,27,4
17-08 14:35:49,66.982,14.037,16.745,0,0,1914020,10727228,175656,3454688,50298.254,28622.812,0,3.940,0,0.985,6316,5809,3.420,2.170,1.460,8,0,18.715,0,0,13,45,0,27,4
17-08 14:35:50,58.374,9.137,30.710,0,0,1938996,10702068,175688,3454836,40032.398,26997.225,0,158.371,0,12.182,6372,6439,3.420,2.170,1.460,2,0,2.030,0,0,13,45,0,28,4
17-08 14:35:51,56.763,18.840,19.574,0,0,1860820,10780160,175744,3454860,37180.939,20853.662,0,250.541,0,24.467,6718,7002,3.420,2.170,1.460,6,0,69.486,0,0,13,44,0,29,4
17-08 14:35:52,62.969,28.736,6.747,0,0,1822732,10817944,176040,3454864,18836.734,11604.291,0,2598.722,0,161.920,7535,18542,3.420,2.170,1.460,6,0,115.943,0,0,13,43,0,31,4
17-08 14:35:53,69.323,26.409,4.317,0,0,1837076,10803520,176088,3454892,16908.693,10174.468,0,260.024,0,21.330,6658,6144,3.420,2.170,1.460,6,0,121.886,0,0,13,43,0,26,4
17-08 14:35:54,70.450,15.185,12.945,0,0,1895248,10745320,176104,3454900,20201.879,12254.758,0,119.491,0,5.975,5836,4647,3.550,2.210,1.480,4,0,0,0,0,13,44,0,26,4
17-08 14:35:55,63.730,9.881,22.232,0,0,1939036,10701500,176120,3454916,23795.659,16470.117,0,110.664,0,7.905,6379,5948,3.550,2.210,1.480,4,0,0,0,0,13,45,0,26,4
17-08 14:35:56,58.805,9.590,29.781,0,0,1947304,10693184,176136,3454948,13183.328,12444.359,0,129.219,0,7.067,7394,7968,3.550,2.210,1.480,5,0,2.019,0,0,13,46,0,26,4
17-08 14:35:57,57.168,7.773,32.345,0,0,1947360,10692960,176136,3455116,26211.017,17913.636,0,4.012,0,1.003,7721,8512,3.550,2.210,1.480,2,0,0,0,0,13,46,0,24,4
17-08 14:35:58,50.819,8.261,37.301,0,0,1947304,10692960,176136,3455172,15227.804,13403.311,0,0,0,0,8503,10220,3.550,2.210,1.480,5,0,0,0,0,13,46,0,24,4
17-08 14:35:59,52.135,8.689,34.260,0,0,1947480,10692484,176192,3455408,27509.290,19182.621,0,206.553,0,22.840,8638,10132,3.510,2.230,1.490,5,0,1.986,0,0,13,44,1,24,4
17-08 14:36:00,63.788,19.262,14.759,0,0,1848408,10791460,176248,3455440,7316.412,6286.791,0,272.164,0,24.014,7546,7746,3.510,2.230,1.490,8,0,60.036,0,0,13,43,0,24,4
17-08 14:36:01,72.835,17.956,9.104,0,0,1855692,10784152,176264,3455464,19977.076,11749.733,0,137.578,0,9.104,6298,5719,3.510,2.230,1.490,4,0,30.348,0,0,13,43,0,23,4
17-08 14:36:02,58.919,18.658,19.394,0,0,1858828,10780956,176312,3455472,5221.188,4912.846,0,219.964,0,18.658,5970,5404,3.510,2.230,1.490,7,0,32.405,0,0,13,44,0,23,4
17-08 14:36:03,70.843,14.370,13.866,0,0,1925284,10714468,176328,3455488,7952.567,7506.836,0,3626.355,0,503.212,6925,5742,3.510,2.230,1.490,6,0,0,0,0,13,45,0,23,4
17-08 14:36:04,58.189,10.076,30.228,0,0,1948788,10690780,176344,3455656,28248.040,20029.054,0,128.973,0,9.068,7720,8069,3.470,2.240,1.490,3,0,0,0,0,13,46,0,23,4
17-08 14:36:05,56.979,8.709,30.107,0,0,1948700,10690780,176392,3455692,13928.857,11921.390,0,218.960,0,18.910,7842,8983,3.470,2.240,1.490,3,0,1.991,0,0,13,46,0,23,4
17-08 14:36:06,50.259,7.251,37.256,0,0,1948652,10690780,176392,3455736,14346.457,13066.238,0,160.027,0,26.004,8546,9803,3.470,2.240,1.490,4,0,0,0,0,13,46,0,23,4
17-08 14:36:07,54.215,7.995,33.229,0,0,1948444,10690780,176392,3455944,28051.927,19725.292,0,3.997,0,0.999,8126,9204,3.470,2.240,1.490,4,0,0,0,0,13,45,0,24,4
17-08 14:36:08,52.647,25.571,19.304,0,0,1835660,10803452,176392,3456048,9299.930,8059.471,0,0,0,0,7445,7928,3.470,2.240,1.490,6,0,124.347,0,0,13,44,0,25,4
17-08 14:36:09,64.176,22.399,11.828,0,0,1822128,10816960,176392,3456072,7300.430,5643.438,0,12.080,0,1.007,6765,6903,3.510,2.270,1.510,6,0,56.374,0,0,13,43,0,26,4
17-08 14:36:10,65.975,25.547,6.945,0,0,1806200,10832848,176416,3456088,3470.383,2976.315,0,126.989,0,10.913,6289,5699,3.510,2.270,1.510,6,0,112.108,0,0,13,43,0,24,4
17-08 14:36:11,70.579,12.923,14.165,0,0,1900648,10738376,176432,3456096,22000.734,13641.608,0,735.611,0,7.953,5985,5142,3.510,2.270,1.510,7,0,1.988,0,0,13,44,0,24,4
17-08 14:36:12,53.447,9.535,36.133,0,0,1937508,10701344,176448,3456252,10899.166,13241.800,0,124.459,0,7.026,6676,7240,3.510,2.270,1.510,6,0,1.004,0,0,13,46,0,24,4
17-08 14:36:13,59.719,13.299,25.092,0,0,1937460,10701344,176464,3456284,14260.313,9378.404,0,112.412,0,8.029,7278,8327,3.510,2.270,1.510,4,0,6.022,0,0,13,46,0,24,4
17-08 14:36:14,59.230,6.998,29.490,0,0,1937392,10701344,176480,3456332,12469.773,11969.942,0,123.958,0,7.997,7822,8689,3.550,2.300,1.520,2,0,1.999,0,0,13,44,0,24,4
17-08 14:36:15,58.615,22.658,15.516,0,0,1915496,10723180,176512,3456356,22504.105,13135.604,0,122.155,0,12.807,6946,7810,3.550,2.300,1.520,6,0,66.988,0,0,13,43,1,24,4
17-08 14:36:16,78.489,15.851,6.647,0,0,1902160,10736328,176560,3456496,4621.392,3450.448,0,249.529,0,22.498,6411,5715,3.550,2.300,1.520,4,0,30.680,0,0,13,42,0,24,4
17-08 14:36:17,61.030,18.009,19.009,0,0,1883168,10755284,176576,3456512,8247.069,7663.781,0,136.067,0,7.003,5916,5455,3.550,2.300,1.520,4,0,32.016,0,0,13,44,0,24,4
17-08 14:36:18,64.784,12.163,21.595,0,0,1937468,10700892,176648,3456528,6116.998,5586.812,0,242.257,0,28.793,5959,5762,3.550,2.300,1.520,6,0,0,0,0,13,43,0,23,5
17-08 14:36:19,56.809,28.153,14.579,0,0,1847680,10790648,176664,3456540,6734.647,6455.126,0,128.700,0,9.049,6418,5829,3.580,2.330,1.530,5,0,120.657,0,0,13,44,0,24,4
17-08 14:36:20,69.257,15.907,11.991,0,0,1887316,10750984,176680,3456552,6118.085,4447.114,0,125.298,0,6.852,6777,6727,3.580,2.330,1.530,4,0,1.958,0,0,13,44,0,24,4
17-08 14:36:21,71.313,11.127,16.943,0,0,1949720,10688528,176696,3456588,31582.860,442363.354,0,145.660,0,9.104,6597,6467,3.580,2.330,1.530,1,0,0,0,0,13,46,0,24,4
17-08 14:36:22,54.192,9.156,31.922,0,0,1949540,10688528,176712,3456752,16567.523,13539.679,0,122.737,0,6.929,7215,7850,3.580,2.330,1.530,7,0,0.990,0,0,13,46,0,23,4
17-08 14:36:23,54.427,7.811,35.025,0,0,1950244,10687772,176728,3456788,11254.239,11265.326,0,116.917,0,7.055,7574,8605,3.580,2.330,1.530,6,0,1.008,0,0,13,46,0,23,4
17-08 14:36:24,57.862,9.228,28.931,0,0,1943136,10694828,176728,3456832,13104.789,10978.852,0,0,0,0,7970,8494,3.460,2.320,1.540,4,0,16.960,0,0,13,45,0,24,4
17-08 14:36:25,61.291,30.139,8.358,0,0,1720564,10917388,176728,3456844,5167.657,3569.037,0,20.261,0,3.039,6786,6259,3.460,2.320,1.540,5,0,187.417,0,0,13,42,0,27,4
17-08 14:36:26,75.233,23.903,0.252,0,0,1829688,10808276,176728,3456848,483.100,0,0,0,0,0,5808,4663,3.460,2.320,1.540,4,0,26.168,0,0,13,42,0,25,4
17-08 14:36:27,68.115,11.684,18.645,0,0,1927592,10710328,176768,3456852,7568.203,7750.174,0,429.571,0,23.865,5588,4684,3.460,2.320,1.540,5,0,1.989,0,0,13,45,0,25,4
17-08 14:36:28,61.733,10.206,25.141,0,0,1945100,10692716,176840,3456884,29934.316,146155.811,0,234.982,0,28.875,6594,6477,3.460,2.320,1.540,4,0,0.996,0,0,13,46,0,25,4
17-08 14:36:29,57.308,12.707,26.412,0,0,1890696,10747060,176856,3456924,13363.290,10177.947,0,5860.393,0,713.612,8354,8927,3.340,2.320,1.540,9,0,29.900,0,0,13,45,0,26,4
17-08 14:36:30,60.951,18.638,19.142,0,0,1914040,10723652,176896,3456944,9408.596,7436.004,0,149.103,0,15.112,6999,7198,3.340,2.320,1.540,5,0,40.298,0,0,13,43,0,26,4
17-08 14:36:31,69.851,26.789,2.754,0,0,1814216,10823428,176928,3456960,1888.719,994.432,0,112.161,0,14.020,6626,6335,3.340,2.320,1.540,4,0,138.199,0,0,13,42,1,27,4
17-08 14:36:32,48.986,8.952,39.288,0,0,1844848,10792724,176928,3457032,7482.695,6506.950,0,7.957,0,0.995,4652,4130,3.340,2.320,1.540,5,0,0.995,0,0,13,44,0,27,4
17-08 14:36:33,45.470,10.743,40.973,0,0,1859584,10777860,177032,3457044,6923.396,6755.508,0,991.341,0,57.961,5657,5392,3.340,2.320,1.540,6,0,21.985,0,0,13,44,0,28,4
17-08 14:36:34,49.355,21.437,26.921,0,0,1806988,10830392,177080,3457060,5172.763,4007.197,0,1308.147,0,248.269,6526,5991,3.310,2.330,1.550,4,0,71.789,0,0,13,43,0,29,4
17-08 14:36:35,56.198,16.961,25.568,0,0,1840412,10796624,177112,3457368,19712.908,11465.444,0,186.315,0,13.164,6138,6410,3.310,2.330,1.550,3,0,28.352,0,0,13,42,0,30,4
17-08 14:36:36,46.813,21.796,29.227,0,0,1858232,10778792,177112,3457380,48735.619,26253.688,0,3.963,0,0.991,6133,5253,3.310,2.330,1.550,3,0,97.093,0,0,13,43,0,30,4
17-08 14:36:37,50.081,11.519,35.557,0,0,1903336,10733680,177112,3457388,36007.890,21167.031,0,4.006,0,1.002,5370,5015,3.310,2.330,1.550,2,0,0,0,0,13,44,0,30,4
17-08 14:36:38,49.240,7.998,40.241,0,0,1923764,10713232,177112,3457408,23255.083,15360.752,0,43.991,0,2.000,6049,6264,3.310,2.330,1.550,2,0,0,0,0,13,45,0,29,4
17-08 14:36:39,49.670,14.227,33.446,0,0,1837192,10799776,177112,3457432,23417.499,15152.734,0,0,0,0,6776,6763,3.210,2.320,1.550,2,0,44.928,0,0,13,44,0,30,4
17-08 14:36:40,50.046,15.686,32.368,0,0,1854180,10782692,177152,3457484,20063.232,10837.830,0,262.928,0,16.931,6503,7106,3.210,2.320,1.550,4,0,32.866,0,0,13,43,0,31,4
17-08 14:36:41,51.825,22.783,22.533,0,0,1817080,10819640,177168,3457620,16443.772,8996.005,0,128.185,0,8.012,5856,4706,3.210,2.320,1.550,5,0,83.120,0,0,13,43,0,32,4
17-08 14:36:42,36.843,9.273,52.382,0,0,1851308,10785388,177184,3457624,35208.646,20840.471,0,926.332,0,31.078,4541,4384,3.210,2.320,1.550,2,0,16.040,0,0,13,44,0,28,4
17-08 14:36:43,33.020,5.753,58.535,0,0,1844744,10791932,177184,3457644,44056.471,25680.430,0,12.007,0,2.001,5080,5694,3.210,2.320,1.550,3,0,0,0,0,13,44,0,28,4
17-08 14:36:44,31.513,5.502,58.773,0,0,1838692,10797884,177256,3457672,31229.392,18527.352,0,308.122,0,28.011,6535,8136,3.030,2.300,1.550,5,0,0,0,0,13,43,0,29,4
17-08 14:36:45,32.423,15.214,49.632,0.249,0,1748500,10888000,177320,3457680,33122.939,18199.559,0,295.295,0,24.940,5957,6063,3.030,2.300,1.550,4,0,69.833,0,0,13,42,0,30,4
17-08 14:36:46,36.915,19.588,42.189,0,0,1751148,10885324,177336,3457692,15198.031,7461.399,0,156.701,0,9.040,5198,4445,3.030,2.300,1.550,2,0,67.301,0,0,13,42,0,30,4
17-08 14:36:47,35.649,10.470,51.853,0,0,1811404,10825052,177352,3457692,17156.277,9611.703,0,151.570,0,9.972,4321,3944,3.030,2.300,1.550,2,0,0,0,0,13,43,0,29,4
17-08 14:36:48,31.834,6.517,58.905,0,0,1835680,10800688,177432,3457700,6042.931,5471.424,0,737.945,0,44.116,4267,4546,3.030,2.300,1.550,4,0,2.005,0,0,13,44,0,29,4
17-08 14:36:49,37.168,7.234,52.634,0,0,1829876,10806160,177448,3458012,22591.341,14171.849,0,83.816,0,8.980,6243,7387,2.870,2.280,1.540,3,0,0,0,0,13,43,0,29,5
17-08 14:36:50,30.767,18.260,47.277,0,0,1786900,10849112,177448,3458036,18424.346,10940.143,0,8.004,0,2.001,5922,5790,2.870,2.280,1.540,2,0,99.056,0,0,13,42,0,31,4
17-08 14:36:51,38.221,18.105,41.993,0,0,1720144,10915868,177448,3458036,793.587,0,0,0,0,0,4969,4735,2.870,2.280,1.540,2,0,41.238,0,0,13,42,0,30,4
17-08 14:36:52,49.439,11.925,36.520,0,0,1789920,10846076,177448,3459744,15377.180,8231.173,0,3.975,0,0.994,4974,6345,2.870,2.280,1.540,4,0,34.781,0,0,13,43,0,30,4
17-08 14:36:53,36.791,12.013,49.555,0,0,1797960,10838012,177464,3458044,7517.345,8690.647,0,216.240,0,9.010,5659,14576,2.870,2.280,1.540,3,0,3.003,0,0,13,44,0,31,4
17-08 14:36:54,33.916,5.985,55.113,0,0,1798692,10837256,177488,3458040,22790.275,12195.645,0,115.712,0,9.975,5719,6526,2.720,2.260,1.540,3,0,1.995,0,0,13,44,0,31,4
17-08 14:36:55,34.111,14.655,49.524,0,0,1651452,10984404,177544,3458072,3920.451,2816.782,0,3319.093,0,489.172,6171,5471,2.720,2.260,1.540,4,0,65.695,0,0,13,42,0,29,4
17-08 14:36:56,42.928,13.228,42.429,0.250,0,1740132,10895700,177568,3458072,539.100,0,0,191.680,0,35.940,4734,4569,2.720,2.260,1.540,2,0,1.997,0,0,13,42,0,29,4
17-08 14:36:57,37.278,7.207,51.941,0,0,1792124,10843576,177568,3458204,17128.151,10491.614,0,190.865,0,37.775,4313,3811,2.720,2.260,1.540,0,0,1.988,0,0,13,44,0,29,4
17-08 14:36:58,35.035,6.507,56.557,0,0,1792092,10843576,177592,3458212,9176.215,7478.510,0,352.354,0,15.015,4653,4946,2.720,2.260,1.540,1,0,0,0,0,13,44,0,29,4
17-08 14:36:59,27.969,4.745,63.180,0,0,1792160,10843352,177592,3458368,8146.023,8043.136,0,0,0,0,5794,7301,2.580,2.240,1.540,0,0,0,0,0,13,44,0,29,4
17-08 14:37:00,41.224,6.496,48.969,0,0,1775940,10859484,177648,3458396,19898.390,10630.263,0,287.818,0,22.985,5764,6230,2.580,2.240,1.540,3,0,6.996,0,0,13,42,0,31,4
17-08 14:37:01,37.514,18.257,42.016,0,0,1766184,10869224,177664,3458396,419.155,0,0,68.025,0,8.003,5035,4909,2.580,2.240,1.540,4,0,43.016,0,0,13,42,0,31,4
17-08 14:37:02,41.116,7.226,49.090,0,0,1831716,10803688,177664,3458400,1756.264,1951.626,0,0,0,0,4258,4352,2.580,2.240,1.540,5,0,0.997,0,0,13,43,0,31,4
17-08 14:37:03,32.037,7.008,58.567,0,0,1833168,10802188,177704,3458408,9763.173,8352.558,0,412.472,0,22.025,4722,5083,2.580,2.240,1.540,5,0,2.002,0,0,13,44,0,31,4
17-08 14:37:04,33.098,5.015,58.172,0,0,1827572,10807756,177704,3458432,21232.810,14012.451,0,4.012,0,1.003,5897,6940,2.450,2.210,1.540,2,0,0,0,0,13,44,0,31,4
17-08 14:37:05,33.912,5.985,55.107,0,0,1787832,10847408,177776,3458448,6871.222,5149.676,0,215.443,0,27.928,6014,7070,2.450,2.210,1.540,4,0,4.987,0,0,13,43,0,32,4
17-08 14:37:06,35.211,20.228,42.453,0,0,1748996,10886228,177792,3458448,1543.305,197.783,0,115.873,0,6.992,5452,5013,2.450,2.210,1.540,4,0,92.898,0,0,13,42,0,33,4
17-08 14:37:07,21.560,27.828,47.884,0,0,1767788,10867224,177808,3458640,2327.516,2283.393,0,108.303,0,8.022,6149,5457,2.450,2.210,1.540,3,0,157.441,0,0,13,43,0,33,4
17-08 14:37:08,23.768,8.757,65.050,0,0,1762588,10872376,177848,3458644,4736.648,3392.613,0,540.416,0,43.033,4445,5156,2.450,2.210,1.540,1,0,29.022,0,0,13,43,0,33,4
17-08 14:37:09,17.748,4.249,74.991,0,0,1755596,10879356,177848,3458656,60560.514,485121.030,0,0,0,0,5021,6154,2.500,2.230,1.540,1,0,2.000,0,0,13,43,0,33,4
17-08 14:37:10,21.209,10.729,64.126,0,0,1724648,10910264,177880,3458664,34595.965,142934.041,0,111.783,0,13.973,5134,5682,2.500,2.230,1.540,2,0,56.890,0,0,13,42,0,34,4
17-08 14:37:11,10.523,26.309,60.635,0,0,1714668,10920056,178064,3458664,29953.819,14624.624,0,1836.096,0,99.221,6202,5991,2.500,2.230,1.540,2,0,159.355,0,0,13,42,0,30,4
17-08 14:37:12,15.728,16.726,63.660,0,0,1717008,10917688,178088,3458668,15102.649,7433.491,0,135.808,0,10.984,4646,4888,2.500,2.230,1.540,1,0,70.900,0,0,13,42,0,30,4
17-08 14:37:13,25.729,8.993,62.449,0,0,1750328,10884368,178088,3458668,15230.616,7290.073,0,299.756,0,2.998,3750,4135,2.500,2.230,1.540,1,0,6.994,0,0,13,42,0,30,4
17-08 14:37:14,16.752,4.000,77.760,0,0,1754964,10879720,178088,3458680,20210.498,12345.526,0,0,0,0,3517,4440,2.300,2.190,1.540,2,0,0,0,0,13,43,0,30,4
17-08 14:37:15,20.777,3.505,72.093,0,0,1750520,10884028,178088,3458816,17972.274,9996.946,0,0,0,0,4273,5340,2.300,2.190,1.540,2,0,2.003,0,0,13,43,0,28,4
17-08 14:37:16,21.985,2.998,71.450,0,0,1746744,10887796,178088,3458824,3767.374,3083.850,0,2050.571,0,367.744,4815,5394,2.300,2.190,1.540,3,0,0,0,0,13,42,0,29,4
17-08 14:37:17,18.985,13.239,64.948,0,0,1726700,10907824,178096,3458828,15110.820,7827.690,0,115.907,0,2.998,4362,4709,2.300,2.190,1.540,2,0,45.963,0,0,13,42,0,29,4
17-08 14:37:18,25.999,5.250,66.749,0,0,1757584,10876936,178096,3458832,599.988,0,0,0,0,0,3565,4164,2.300,2.190,1.540,2,0,2.000,0,0,13,42,0,29,4
17-08 14:37:19,17.997,3.249,76.735,0,0,1762856,10871660,178096,3458836,20083.145,12341.631,0,11.998,0,2.000,3604,4664,2.110,2.150,1.530,2,0,0,0,0,13,43,0,27,4
17-08 14:37:20,20.799,4.260,71.919,0,0,1757216,10877228,178152,3458852,3294.725,3169.431,0,412.968,0,27.063,4384,5697,2.110,2.150,1.530,1,0,0,0,0,13,43,0,27,4
17-08 14:37:21,19.254,3.501,73.514,0,0,1753968,10880332,178152,3458996,18695.481,10890.028,0,0,0,0,4820,6208,2.110,2.150,1.530,2,0,2.000,0,0,13,43,0,27,4
17-08 14:37:22,21.697,3.242,71.575,0,0,1751088,10883172,178184,3459000,3828.613,2946.775,0,111.726,0,12.968,4502,5665,2.110,2.150,1.530,2,0,0,0,0,13,42,0,27,4
17-08 14:37:23,11.778,22.303,62.900,0,0,1697916,10936344,178184,3459000,420.002,0,0,4.010,0,1.002,5581,5209,2.110,2.150,1.530,1,0,148.354,0,0,13,42,0,27,4
17-08 14:37:24,9.991,25.228,60.948,0,0,1693232,10940960,178184,3459068,46995.656,46130.398,0,0,0,0,6027,5308,2.020,2.130,1.520,2,0,164.858,0,0,13,42,0,27,4
17-08 14:37:25,9.763,25.535,61.084,0,0,1689196,10944844,178208,3459196,61208.928,39331.931,0,244.335,0,15.021,5918,5431,2.020,2.130,1.520,3,0,150.206,0,0,13,42,0,27,4
17-08 14:37:26,23.919,31.145,40.613,0,0,1685836,10948140,178272,3459192,60824.188,32037.594,0,227.231,0,15.946,6363,5801,2.020,2.130,1.520,2,0,165.440,0,0,13,42,0,29,4
17-08 14:37:27,44.755,10.751,41.755,0.750,0,1774096,10859580,178340,3459420,45520.429,22922.734,172.021,556.066,6.001,18.002,4884,4352,2.020,2.130,1.520,4,0,2.000,0,0,13,42,0,25,4
17-08 14:37:28,46.241,9.248,41.992,1.250,0,1830440,10802220,178432,3460260,44283.536,21949.804,63.988,0,4.999,0,4777,3967,2.020,2.130,1.520,1,1,2.000,0,0,13,42,0,25,4
17-08 14:37:29,38.602,13.947,37.606,5.977,0,1857492,10767216,181244,3464900,15244.731,7495.351,2139.821,11368.547,33.871,1043.013,8377,12075,2.100,2.150,1.530,1,1,41.840,0,0,13,46,0,25,4
17-08 14:37:30,44.724,18.091,29.900,2.764,0,1841644,10774936,186136,3467764,38722.241,454600.394,92.464,26549.178,2.010,2182.950,13571,19012,2.100,2.150,1.530,4,0,62.313,0,0,13,46,0,25,4
17-08 14:37:31,43.374,16.951,29.165,5.484,0,1752976,10856884,191216,3469180,17711.411,128162.692,0,29190.974,0,2343.175,13128,19957,2.100,2.150,1.530,5,0,40.881,0,0,13,46,0,25,4
17-08 14:37:32,41.132,15.954,33.404,4.736,0,1798604,10805476,195552,3470476,15487.605,8370.007,0,25072.131,0,2131.889,12257,17280,2.100,2.150,1.530,11,0,21.937,0,0,13,46,0,21,4
17-08 14:37:33,45.742,14.326,33.426,3.267,0,1786344,10815376,198584,3469708,44526.096,22335.933,0,18988.257,0,1423.516,9918,12949,2.100,2.150,1.530,4,0,15.080,0,0,13,42,0,21,4
17-08 14:37:34,48.028,8.755,41.024,0,0,1808416,10793208,198648,3469728,29889.644,14798.736,0,656.387,0,35.021,4931,4702,2.090,2.150,1.540,3,0,0,0,0,13,42,0,21,4
17-08 14:37:35,44.634,11.470,40.644,0.499,0,1836064,10765140,199056,3469728,14904.143,7504.435,0,5749.011,0,269.298,5401,5174,2.090,2.150,1.540,3,0,1.995,0,0,13,44,0,21,4
17-08 14:37:36,45.001,13.250,34.250,2.500,0,1875336,10721628,202920,3469984,44580.635,23552.335,0,11864.169,0,1561.022,13513,18852,2.090,2.150,1.540,2,0,2.000,0,0,13,44,0,18,4
17-08 14:37:37,43.974,13.820,35.933,2.010,0,1904976,10688580,206016,3470216,29738.586,15044.687,0,7723.368,0,1222.230,11558,15818,2.090,2.150,1.540,4,0,2.010,0,0,13,44,0,18,4
17-08 14:37:38,38.288,18.398,41.023,0,0,1777152,10816332,206072,3470228,29424.990,14642.881,0,2677.169,0,202.876,5704,4605,2.090,2.150,1.540,4,0,85.526,0,0,13,42,0,18,4
17-08 14:37:39,23.535,9.264,63.594,0.250,0,1786664,10806704,206144,3470272,34502.152,16424.350,40.059,953.414,3.004,39.058,4077,4480,2.010,2.130,1.530,4,0,17.025,0,0,13,42,0,18,4
17-08 14:37:40,26.316,7.519,63.410,0.752,0,1798056,10794772,206672,3470272,55965.110,30119.944,0,6356.026,0,277.700,4751,5622,2.010,2.130,1.530,3,0,0,0,0,13,42,0,17,4
17-08 14:37:41,25.248,5.499,66.744,0,0,1820956,10771844,206696,3470272,29584.190,14788.595,0,91.991,0,8.999,3761,4389,2.010,2.130,1.530,2,0,0,0,0,13,42,0,17,4
17-08 14:37:42,27.525,3.253,66.310,0,0,1778452,10814324,206696,3470296,29614.954,14981.635,0,228.208,0,54.049,3819,4250,2.010,2.130,1.530,1,0,3.003,0,0,13,42,0,17,4
17-08 14:37:43,24.271,7.006,66.307,0,0,1778308,10814464,206696,3470300,30468.078,15489.257,0,16.014,0,3.003,3914,4559,2.010,2.130,1.530,1,0,1.001,0,0,13,42,0,17,4
17-08 14:37:44,25.209,5.741,66.392,0,0,1785504,10807268,206696,3470300,29539.758,14699.993,0,75.876,0,0.998,3797,4363,1.930,2.110,1.530,1,0,1.997,0,0,13,42,0,15,4
17-08 14:37:45,24.973,7.242,65.431,0,0,1796300,10796472,206696,3470300,40221.313,446110.543,0,0,0,0,4184,4720,1.930,2.110,1.530,3,0,1.998,0,0,13,42,0,15,4
17-08 14:37:46,27.254,4.038,66.369,0,0,1738696,10854056,206704,3470312,32725.046,145219.661,0,96.903,0,3.028,3788,4207,1.930,2.110,1.530,2,0,2.019,0,0,13,42,0,15,4
17-08 14:37:47,25.080,5.960,66.550,0,0,1738908,10853804,206736,3470320,15367.142,8564.120,0,119.194,0,11.919,3981,4831,1.930,2.110,1.530,1,0,0,0,0,13,42,0,15,4
17-08 14:37:48,24.997,6.999,65.993,0,0,1768504,10824160,206784,3470320,45041.149,21963.635,0,527.943,0,56.994,4060,4519,1.930,2.110,1.530,1,0,4.000,0,0,13,42,0,13,4
17-08 14:37:49,24.504,4.751,67.512,1.500,0,1794460,10797980,206800,3470488,30201.482,14726.673,152.028,4.001,6.001,1.000,3703,3976,1.850,2.090,1.530,1,0,0,0,0,13,42,0,13,4
17-08 14:37:50,26.726,4.246,66.441,0,0,1758736,10833648,206800,3470540,16463.468,7463.412,0,7.993,0,1.998,3679,4219,1.850,2.090,1.530,2,0,0.999,0,0,13,42,0,13,4
17-08 14:37:51,23.701,6.487,65.864,0,0,1785312,10807072,206800,3470540,14912.270,7346.860,0,0,0,0,3790,4458,1.850,2.090,1.530,1,0,1.996,0,0,13,42,0,13,4
17-08 14:37:52,24.010,7.253,65.779,0,0,1801084,10791300,206800,3470540,59657.991,31333.651,0,4.002,0,1.000,3936,4376,1.850,2.090,1.530,2,0,2.001,0,0,13,42,0,11,4
17-08 14:37:53,38.566,14.525,46.079,0,0,1814096,10778240,206808,3470544,29878.513,14749.429,0,184.318,0,2.003,5366,15949,1.850,2.090,1.530,1,0,37.064,0,0,13,42,0,12,4
17-08 14:37:54,27.742,3.749,66.730,0,0,1823192,10769056,206808,3470628,29519.211,14815.589,0,0,0,0,3368,3507,1.940,2.100,1.540,2,0,1.999,0,0,13,42,0,12,4
17-08 14:37:55,25.218,6.492,66.665,0,0,1793012,10799236,206816,3470620,15385.355,7550.359,0,3.995,0,0.999,3667,4132,1.940,2.100,1.540,2,0,0.999,0,0,13,42,0,12,4
17-08 14:37:56,26.509,4.251,66.271,0,0,1773420,10818808,206816,3470640,59167.040,30239.731,0,4.001,0,1.000,3864,4444,1.940,2.100,1.540,2,0,0,0,0,13,42,0,9,4
17-08 14:37:57,24.755,7.251,65.513,0,0,1750320,10841896,206840,3470628,30597.101,16083.207,0,156.031,0,10.002,4112,4975,1.940,2.100,1.540,1,0,3.001,0,0,13,42,0,9,4
17-08 14:37:58,25.728,5.245,66.192,0,0,1768840,10823328,206872,3470644,44520.159,21868.921,0,303.735,0,18.983,3893,4573,1.940,2.100,1.540,2,0,0,0,0,13,42,0,9,4
17-08 14:37:59,25.013,6.753,66.283,0,0,1775248,10816912,206872,3470652,29781.926,14827.431,0,1192.598,0,6.003,3860,4383,1.870,2.090,1.530,3,0,2.001,0,0,13,42,0,9,4
17-08 14:38:00,26.282,5.006,65.579,0,0,1733952,10858184,206872,3470672,23372.325,455926.530,0,0,0,0,4157,4880,1.870,2.090,1.530,1,0,3.004,0,0,13,42,0,7,4
17-08 14:38:01,24.763,6.003,67.786,0,0,1733796,10858324,206876,3470684,18492.826,137509.066,0,4.002,0,1.001,3770,3870,1.870,2.090,1.530,3,0,1.001,0,0,13,42,0,7,4
17-08 14:38:02,26.709,3.994,66.898,0,0,1742600,10849504,206880,3470696,44637.666,23178.517,0,7.988,0,0.998,3769,3730,1.870,2.090,1.530,2,0,0,0,0,13,42,0,7,4
17-08 14:38:03,24.483,7.245,66.205,0,0,1734428,10857640,206888,3470720,30088.422,14713.937,0,167.885,0,1.999,3932,4444,1.870,2.090,1.530,2,0,3.997,0,0,13,42,0,7,4
17-08 14:38:04,26.263,5.002,65.782,0,0,1770080,10821988,206888,3470720,44841.872,22783.112,0,928.453,0,4.002,3824,4380,1.880,2.080,1.540,2,0,0,0,0,13,42,0,7,4
17-08 14:38:05,23.497,7.499,66.742,0.250,0,1806368,10785700,206888,3470720,30105.182,14818.121,0,0,0,0,3763,4350,1.880,2.080,1.540,1,0,2.000,0,0,13,42,0,7,4
17-08 14:38:06,25.247,6.249,66.491,0,0,1765824,10826232,206888,3470732,29986.154,14656.120,0,0,0,0,3946,4353,1.880,2.080,1.540,2,0,25.997,0,0,13,42,0,7,4
17-08 14:38:07,10.276,24.310,61.152,0,0,1754408,10837432,206920,3470896,45808.714,26363.444,0,216.538,0,11.027,6108,5875,1.880,2.080,1.540,1,0,150.373,0,0,13,42,0,7,4
17-08 14:38:08,10.495,24.988,60.971,0,0,1735120,10856672,206968,3470896,45620.030,24218.337,0,867.582,0,29.986,6064,5539,1.880,2.080,1.540,1,0,161.922,0,0,13,42,0,5,4
17-08 14:38:09,9.728,25.941,61.110,0,0,1725396,10866352,206968,3470908,60949.829,32086.734,0,694.414,0,55.872,6165,5460,1.810,2.070,1.530,1,0,164.624,0,0,13,42,0,5,4
17-08 14:38:10,10.028,25.822,60.419,0.251,0,1715896,10875600,207220,3470908,61170.780,32659.180,0,4023.232,0,169.473,6525,6102,1.810,2.070,1.530,2,0,144.403,0,0,13,42,0,5,4
17-08 14:38:11,11.217,24.677,60.820,0,0,1712804,10878664,207220,3470928,74075.957,585115.806,0,99.705,0,3.988,6146,5459,1.810,2.070,1.530,2,0,129.617,0,0,13,42,0,5,4
17-08 14:38:12,10.725,24.194,61.359,0,0,1707676,10883792,207220,3470928,45878.498,24118.537,0,87.798,0,0.998,5833,5224,1.810,2.070,1.530,1,0,141.674,0,0,13,42,0,5,4
17-08 14:38:13,10.505,28.515,57.529,0,0,1702276,10889180,207220,3470932,60718.029,32482.600,0,92.047,0,2.001,6010,5465,1.810,2.070,1.530,4,0,161.082,0,0,13,42,0,4,4
17-08 14:38:14,10.298,22.856,64.048,0.251,0,1693996,10897448,207224,3470940,60977.477,33439.456,8.037,24.112,2.009,1.005,5853,5414,1.740,2.050,1.530,1,0,135.631,0,0,13,42,0,4,4
17-08 14:38:15,12.483,25.215,57.420,0,0,1694740,10896692,207232,3470944,57523.616,292199.678,0,115.838,0,1.997,6246,5491,1.740,2.050,1.530,2,0,151.788,0,0,13,42,0,4,4
17-08 14:38:16,22.786,9.014,65.853,0,0,1723732,10867712,207232,3470932,60612.925,31565.434,0,4.006,0,1.002,4168,4683,1.740,2.050,1.530,3,0,17.027,0,0,13,42,0,4,4
17-08 14:38:17,27.224,4.995,66.437,0,0,1737820,10853584,207264,3470940,44161.381,22095.177,0,119.887,0,11.989,3711,4123,1.740,2.050,1.530,2,0,0,0,0,13,42,0,3,4
17-08 14:38:18,24.502,7.001,66.256,0,0,1783580,10807792,207296,3470940,29562.612,14969.322,0,304.027,0,18.002,3816,4338,1.740,2.050,1.530,1,0,4.000,0,0,13,42,0,3,4
17-08 14:38:19,26.510,4.752,66.524,0,0,1723084,10868272,207296,3470956,15068.461,7754.810,0,644.233,0,139.050,3957,4342,1.680,2.030,1.530,1,0,1.000,0,0,13,42,0,3,4
17-08 14:38:20,25.252,6.751,66.256,0,0,1763924,10827452,207296,3470936,15005.281,7458.637,0,0,0,0,3772,4472,1.680,2.030,1.530,2,0,0,0,0,13,42,0,3,4
17-08 14:38:21,27.007,5.001,65.768,0,0,1795980,10795396,207296,3470936,45059.319,23800.507,0,0,0,0,3882,4431,1.680,2.030,1.530,1,0,2.001,0,0,13,42,0,3,4
17-08 14:38:22,24.165,6.228,66.017,0,0,1815216,10776160,207296,3470936,29543.832,15383.759,0,3.986,0,0.996,3782,4475,1.680,2.030,1.530,1,0,1.993,0,0,13,42,0,3,4
17-08 14:38:23,27.041,4.757,66.600,0,0,1782248,10809100,207304,3470956,30751.131,15657.488,0,80.120,0,3.005,3770,4401,1.680,2.030,1.530,2,0,2.003,0,0,13,42,0,3,4
17-08 14:38:24,25.251,6.750,66.003,0,0,1814632,10776728,207304,3470944,37027.778,19994.960,0,160.008,0,2.000,3802,4531,1.630,2.010,1.520,1,0,2.000,0,0,13,42,0,3,4
17-08 14:38:25,25.981,5.496,66.452,0,0,1833800,10757560,207304,3470944,37354.096,19276.117,0,3.997,0,0.999,3743,4322,1.630,2.010,1.520,3,0,1.999,0,0,13,42,0,3,4
17-08 14:38:26,24.294,6.762,66.371,0,0,1830536,10760824,207304,3470944,29762.429,15267.922,0,0,0,0,3672,4365,1.630,2.010,1.520,2,0,0,0,0,13,42,0,3,4
17-08 14:38:27,26.308,4.467,65.521,0,0,1715924,10875396,207328,3470960,15241.649,7469.430,0,119.130,0,9.927,3776,4644,1.630,2.010,1.520,2,0,2.978,0,0,13,42,0,3,4
17-08 14:38:28,23.905,8.556,66.432,0,0,1721696,10869612,207360,3470940,30581.793,16068.451,0,366.382,0,20.131,3892,4468,1.630,2.010,1.520,2,0,2.013,0,0,13,42,0,3,4
17-08 14:38:29,26.253,5.751,65.508,0,0,1767220,10824084,207360,3470944,44884.406,22942.763,0,24.003,0,1.000,3875,4537,1.580,2,1.520,2,0,0,0,0,13,42,0,1,4
17-08 14:38:30,25.225,5.994,66.183,0,0,1791144,10800160,207360,3470944,29884.840,15518.339,0,175.823,0,40.959,3797,4395,1.580,2,1.520,2,0,1.998,0,0,13,42,0,1,4
17-08 14:38:31,26.537,4.256,66.343,0,0,1753568,10837712,207360,3470968,29808.760,14840.791,0,32.045,0,3.004,3692,4265,1.580,2,1.520,2,0,1.001,0,0,13,42,0,1,4
17-08 14:38:32,23.728,6.744,66.688,0,0,1799696,10791596,207360,3470956,30877.302,15887.234,0,0,0,0,3848,4583,1.580,2,1.520,2,0,0,0,0,13,42,0,1,4
17-08 14:38:33,24.503,6.751,66.259,0,0,1816912,10774364,207368,3470960,44296.731,22038.851,0,64.008,0,2.000,3898,4516,1.580,2,1.520,3,0,5.001,0,0,13,42,0,1,4
17-08 14:38:34,26.251,5.250,66.502,0,0,1832284,10758992,207368,3470960,14944.510,7296.249,0,28.001,0,3.000,3735,4385,1.690,2.010,1.530,2,0,0,0,0,13,42,0,1,4
17-08 14:38:35,25.753,5.251,66.507,0,0,1792204,10799060,207368,3470972,30379.269,14593.570,0,60.006,0,1.000,3830,4480,1.690,2.010,1.530,2,0,1.000,0,0,13,42,0,1,4
17-08 14:38:36,26.249,6.500,65.497,0,0,1801288,10790004,207368,3470944,25772.802,462010.520,0,0,0,0,4263,4810,1.690,2.010,1.530,2,0,2.000,0,0,13,42,0,1,4
17-08 14:38:37,26.517,6.254,64.793,0,0,1809996,10781264,207392,3470952,52983.808,377327.889,0,136.089,0,11.007,4309,4976,1.690,2.010,1.530,2,0,3.002,0,0,13,42,0,1,4
17-08 14:38:38,25.976,4.746,65.940,0,0,1825520,10765708,207424,3470952,29784.877,14888.442,0,391.643,0,20.981,3781,4414,1.690,2.010,1.530,3,0,0,0,0,13,42,0,1,4
17-08 14:38:39,25.521,5.755,66.303,0,0,1774872,10816328,207424,3470980,15135.179,7596.113,0,0,0,0,3786,4425,1.720,2.010,1.530,3,0,3.002,0,0,13,42,0,1,4
17-08 14:38:40,24.116,8.039,66.822,0,0,1778572,10812712,207424,3470896,15076.607,7397.626,0,104.503,0,5.024,3848,4537,1.720,2.010,1.530,2,0,2.010,0,0,13,42,0,1,4
17-08 14:38:41,25.373,5.970,65.671,0,0,1773568,10817716,207424,3470896,59512.601,31082.152,0,171.142,0,39.800,3968,4457,1.720,2.010,1.530,4,0,0,0,0,13,42,0,1,4
17-08 14:38:42,25.974,5.495,66.184,0,0,1790964,10800320,207424,3470896,29798.212,14841.164,0,0,0,0,3722,4300,1.720,2.010,1.530,1,0,1.998,0,0,13,42,0,1,4
17-08 14:38:43,26.532,4.505,66.329,0,0,1743400,10847800,207432,3470972,30370.293,14757.636,0,172.206,0,4.005,3747,4323,1.720,2.010,1.530,2,0,2.002,0,0,13,42,0,1,4
17-08 14:38:44,25.235,5.996,66.210,0,0,1737044,10854160,207432,3470968,30037.937,15760.522,0,7.995,0,0.999,3777,4406,1.660,2,1.530,3,0,0,0,0,13,42,0,1,4
17-08 14:38:45,25.727,6.244,66.190,0,0,1718376,10872816,207432,3470980,40845.747,18313.297,0,159.854,0,33.969,3880,4442,1.660,2,1.530,4,0,2.997,0,0,13,42,0,1,4
17-08 14:38:46,24.040,6.261,66.362,0,0,1718456,10872756,207432,3470960,34361.854,19330.547,0,4.007,0,1.002,3719,4439,1.660,2,1.530,2,0,0,0,0,13,42,0,1,4
17-08 14:38:47,25.479,6.744,64.697,0,0,1749272,10841940,207432,3470960,56496.302,463726.698,0,0,0,0,4288,4623,1.660,2,1.530,1,0,1.998,0,0,13,42,0,1,4
17-08 14:38:48,25.996,5.249,66.241,0,0,1772948,10818256,207440,3470960,16661.621,47237.255,0,103.985,0,3.000,3696,4306,1.660,2,1.530,2,0,3.000,0,0,13,42,0,1,4
17-08 14:38:49,25.002,6.000,66.755,0,0,1714968,10876216,207440,3470980,30111.354,14821.159,0,4.000,0,1.000,3744,4411,1.610,1.980,1.530,2,0,1.000,0,0,13,42,0,1,4
17-08 14:38:50,25.991,5.748,66.728,0,0,1757616,10833584,207440,3470964,15766.830,8243.297,0,59.980,0,10.996,3772,4442,1.610,1.980,1.530,2,0,0,0,0,13,42,0,1,4
17-08 14:38:51,27.269,4.503,66.295,0,0,1755320,10835856,207440,3470988,44843.507,21968.946,0,188.128,0,39.027,3886,4354,1.610,1.980,1.530,3,0,3.002,0,0,13,42,0,1,4
17-08 14:38:52,25.007,6.752,66.018,0,0,1761384,10829804,207440,3470976,44652.004,23072.203,0,4.001,0,1.000,3835,4534,1.610,1.980,1.530,2,0,0,0,0,13,42,0,1,4
17-08 14:38:53,25.398,8.466,63.495,0,0,1786892,10804292,207440,3470980,29928.741,15069.448,0,0,0,0,3989,4462,1.610,1.980,1.530,6,0,16.932,0,0,13,42,0,0,4
17-08 14:38:54,38.049,12.015,48.062,0,0,1806676,10784500,207448,3470980,29566.108,14610.832,0,80.103,0,3.004,4725,13936,1.640,1.980,1.530,2,0,24.031,0,0,13,42,0,1,4
17-08 14:38:55,17.047,15.793,64.427,0,0,1764956,10826180,207448,3471020,15164.606,7316.073,0,124.341,0,15.041,4868,4602,1.640,1.980,1.530,1,0,94.259,0,0,13,42,0,1,4
17-08 14:38:56,10.263,26.033,60.576,0,0,1723264,10867872,207448,3471020,60992.553,32751.107,0,96.121,0,4.005,6024,5559,1.640,1.980,1.530,1,0,162.204,0,0,13,42,0,1,4
17-08 14:38:57,8.738,26.463,60.914,0,0,1708808,10882324,207448,3471020,60831.194,32022.830,0,71.899,0,2.996,5966,5527,1.640,1.980,1.530,1,0,157.777,0,0,13,42,0,1,4
17-08 14:38:58,17.259,15.258,64.282,0,0,1725356,10865772,207448,3471024,59775.790,31491.694,0,28.014,0,2.001,4645,4923,1.640,1.980,1.530,1,0,52.026,0,0,13,42,0,1,4
17-08 14:38:59,24.772,6.506,67.058,0,0,1764360,10826748,207456,3471036,45185.400,22827.905,0,100.087,0,2.002,3881,4527,1.590,1.960,1.530,2,0,0,0,0,13,42,0,1,4
17-08 14:39:00,26.767,4.253,66.542,0,0,1781208,10809892,207456,3471044,29666.856,14895.467,0,0,0,0,3692,4221,1.590,1.960,1.530,2,0,2.001,0,0,13,42,0,1,4
17-08 14:39:01,26.731,5.746,64.454,0,0,1763608,10827228,207456,3471304,41923.098,454180.056,0,7.994,0,1.999,4180,4535,1.590,1.960,1.530,3,0,9.993,0,0,13,42,0,1,4
17-08 14:39:02,24.236,8.495,65.211,0,0,1763408,10827424,207456,3471308,51677.085,197843.643,0,0,0,0,4138,4686,1.590,1.960,1.530,3,0,0,0,0,13,42,0,1,4
17-08 14:39:03,25.750,5.250,65.499,0,0,1767964,10822868,207456,3471308,44818.363,23169.671,0,0,0,0,3808,4417,1.590,1.960,1.530,2,0,3.000,0,0,13,42,0,1,4
17-08 14:39:04,25.238,5.747,66.467,0,0,1753624,10837208,207464,3471300,29975.295,15070.607,0,111.945,0,2.999,3854,4419,1.540,1.950,1.520,4,0,20.990,0,0,13,42,0,1,4
17-08 14:39:05,10.493,30.230,55.713,0.500,0,1747172,10843520,207464,3471432,46390.526,56239.056,39.974,0,1.999,0,6045,5547,1.540,1.950,1.520,3,0,175.884,0,0,13,42,0,1,4
17-08 14:39:06,9.252,25.005,61.763,0,0,1739408,10851284,207464,3471432,61000.817,33242.985,0,84.018,0,3.001,5904,5511,1.540,1.950,1.520,2,0,146.031,0,0,13,42,0,1,4
17-08 14:39:07,10.519,25.044,61.609,0,0,1720752,10869896,207464,3471476,61666.198,32860.188,0,60.106,0,3.005,6066,5541,1.540,1.950,1.520,1,0,149.264,0,0,13,42,0,1,4
17-08 14:39:08,10.237,25.719,61.675,0,0,1713724,10876924,207464,3471476,45700.172,24589.960,0,55.932,0,1.998,5953,5416,1.540,1.950,1.520,2,0,151.815,0,0,13,42,0,1,4
17-08 14:39:09,9.264,25.789,61.845,0,0,1705224,10885416,207464,3471484,60311.175,32918.310,0,40.061,0,2.003,5873,5567,1.500,1.930,1.520,2,0,160.245,0,0,13,42,0,1,4
17-08 14:39:10,11.495,26.987,58.222,0,0,1700044,10890588,207472,3471484,73660.926,564491.218,0,267.872,0,4.998,6476,5700,1.500,1.930,1.520,1,0,158.924,0,0,13,42,0,1,4
17-08 14:39:11,9.249,25.248,61.245,0,0,1695036,10895596,207472,3471484,56332.536,30119.613,0,0,0,0,5947,5438,1.500,1.930,1.520,1,0,157.987,0,0,13,42,0,1,4
17-08 14:39:12,10.501,25.254,60.758,0,0,1686644,10903988,207472,3471484,50374.998,25913.600,0,4.001,0,1.000,5919,5477,1.500,1.930,1.520,2,0,158.022,0,0,13,42,0,1,4
17-08 14:39:13,10.497,26.743,58.984,0,0,1680252,10910368,207472,3471492,61057.621,32045.404,0,91.975,0,1.999,6047,5529,1.500,1.930,1.520,4,0,150.960,0,0,13,42,0,1,4
17-08 14:39:14,10.240,26.473,60.938,0,0,1681008,10909592,207472,3471496,60842.430,32171.444,0,263.733,0,2.997,5990,5531,1.460,1.920,1.520,4,0,152.845,0,0,13,42,0,1,4
17-08 14:39:15,10.014,25.534,61.082,0,0,1674828,10915760,207480,3471496,61096.415,31498.489,0,532.719,0,7.009,6041,5502,1.460,1.920,1.520,2,0,156.211,0,0,13,42,0,1,4
17-08 14:39:16,10.989,26.225,60.441,0,0,1672248,10918336,207480,3471500,47144.275,24502.235,0,355.655,0,4.995,6109,5466,1.460,1.920,1.520,4,0,158.846,0,0,13,42,0,1,4
17-08 14:39:17,10.253,25.008,61.520,0,0,1674224,10916360,207480,3471500,60772.887,32202.538,0,352.115,0,4.001,6001,5462,1.460,1.920,1.520,2,0,144.047,0,0,13,42,0,1,4
17-08 14:39:18,10.971,25.931,59.093,0,0,1674872,10915708,207480,3471504,75203.750,596551.524,0,351.065,0,3.989,6340,5613,1.460,1.920,1.520,2,0,149.602,0,0,13,42,0,1,4
17-08 14:39:19,10.519,26.299,61.113,0,0,1672452,10918124,207480,3471508,45779.637,23755.920,0,360.667,0,6.011,5980,5470,1.420,1.900,1.510,2,0,150.278,0,0,13,42,0,1,4
17-08 14:39:20,11.268,25.040,60.345,0,0,1671660,10918908,207488,3471508,63807.733,33913.539,0,340.538,0,5.008,6092,5599,1.420,1.900,1.510,1,0,146.231,0,0,13,42,0,1,4
17-08 14:39:21,10.994,26.237,60.470,0,0,1673460,10917104,207488,3471512,61932.012,32557.709,0,351.824,0,3.998,6030,5421,1.420,1.900,1.510,1,0,150.924,0,0,13,42,0,1,4
17-08 14:39:22,9.750,22.750,64.250,0,0,1670156,10920404,207488,3471516,60976.095,33714.052,0,420.001,0,68.000,5975,5485,1.420,1.900,1.510,1,0,133.000,0,0,13,42,0,1,4
17-08 14:39:23,10.500,23.500,62.249,0,0,1673124,10917300,207488,3471652,49094.270,24833.631,0,55.999,0,2.000,5877,5426,1.420,1.900,1.510,2,0,140.998,0,0,13,42,0,1,4
17-08 14:39:24,10.005,25.012,62.279,0,0,1667972,10922452,207488,3471652,58346.552,32877.525,0,56.026,0,2.001,6078,5600,1.310,1.870,1.510,1,0,152.072,0,0,13,42,0,1,4
17-08 14:39:25,10.001,24.003,63.008,0,0,1667756,10922652,207496,3471660,60754.291,32851.943,0,164.020,0,6.001,5927,5557,1.310,1.870,1.510,2,0,146.018,0,0,13,42,0,1,4
17-08 14:39:26,11.243,25.734,59.964,0,0,1671296,10919104,207496,3471668,72434.362,580864.059,0,227.863,0,4.997,6279,5789,1.310,1.870,1.510,4,0,147.911,0,0,13,42,0,1,4
17-08 14:39:27,10.751,24.003,61.008,0,0,1671704,10918692,207496,3471668,46383.982,24147.114,0,204.026,0,3.000,5830,5415,1.310,1.870,1.510,4,0,143.018,0,0,13,42,0,1,4
17-08 14:39:28,10.498,25.745,61.239,0,0,1674320,10916064,207496,3471676,61212.278,33886.065,0,19.996,0,4.999,5940,5503,1.310,1.870,1.510,2,0,152.973,0,0,13,42,0,1,4
17-08 14:39:29,9.755,25.263,61.281,0,0,1672520,10917864,207496,3471676,60909.850,32216.317,0,20.010,0,5.003,6039,5662,1.360,1.870,1.510,2,0,161.082,0,0,13,42,0,1,4
17-08 14:39:30,10.241,26.727,59.949,0,0,1666448,10923928,207504,3471676,61104.433,32026.972,0,123.895,0,5.995,6011,5542,1.360,1.870,1.510,3,0,161.863,0,0,13,42,0,1,4
17-08 14:39:31,9.723,24.931,61.580,0,0,1668028,10922344,207504,3471680,60906.145,31912.051,0,446.769,0,47.868,6054,5486,1.360,1.870,1.510,3,0,143.604,0,0,13,42,0,1,4
17-08 14:39:32,11.285,21.567,63.698,0,0,1668512,10921844,207512,3471696,48005.174,26987.864,0,132.411,0,4.012,5716,5459,1.360,1.870,1.510,1,0,108.337,0,0,13,42,0,1,4
17-08 14:39:33,20.489,34.232,41.728,0,0,1651004,10936168,207512,3474796,64151.760,33346.721,0,3.998,0,0.999,9565,13012,1.360,1.870,1.510,1,0,158.918,0,0,13,42,0,1,4
17-08 14:39:34,18.262,35.273,43.028,0,0,1643544,10943500,207560,3474872,57211.645,575226.493,0,280.184,0,19.013,6977,6109,1.410,1.870,1.510,6,0,196.129,0,0,13,42,0,3,4
17-08 14:39:35,28.414,30.907,38.384,0,0,1691980,10895024,207600,3474872,61844.446,35092.145,0,418.737,0,18.943,6498,5469,1.410,1.870,1.510,4,0,149.549,0,0,13,42,0,3,4
17-08 14:39:36,34.522,36.524,27.768,0,0,1727572,10859388,207608,3474876,60635.348,32196.893,0,80.052,0,6.004,6803,5579,1.410,1.870,1.510,4,0,199.129,0,0,13,42,0,4,4
17-08 14:39:37,48.214,39.721,10.492,0.250,0,1785028,10801800,207744,3474868,45627.137,23244.748,0,679.496,0,44.967,6855,6542,1.410,1.870,1.510,4,0,211.843,0,0,13,42,0,7,4
17-08 14:39:38,66.375,14.582,17.851,0,0,1908228,10677156,207840,3476164,44880.799,22716.461,0,40.227,0,2.011,5549,4268,1.410,1.870,1.510,5,0,2.011,0,0,13,42,0,7,4
17-08 14:39:39,62.679,13.680,18.406,2.487,0,1937760,10642516,208928,3479260,29527.736,15162.327,433.778,5117.783,8.954,348.216,6969,7201,1.540,1.890,1.520,3,1,17.908,0,0,13,46,0,8,4
17-08 14:39:40,50.357,21.333,21.085,2.233,0,1953268,10615324,214540,3484892,15990.174,7721.721,7.938,37086.487,0.992,2569.938,15604,21081,1.540,1.890,1.520,6,0,58.543,0,0,13,48,0,8,4
17-08 14:39:41,47.960,21.343,21.846,3.766,0,1951964,10606504,220080,3489156,15715.790,7490.788,0,41328.903,0,2811.306,16026,22302,1.540,1.890,1.520,7,1,39.171,0,0,13,46,0,8,4
17-08 14:39:42,37.168,29.239,20.814,6.195,0,1928600,10620856,225024,3492952,15273.643,7296.856,0,45818.946,0,2726.657,15329,21672,1.540,1.890,1.520,6,0,94.159,0,0,13,46,0,8,4
17-08 14:39:43,54.831,18.361,17.606,5.282,0,1957204,10583588,229668,3496656,15619.149,7694.380,0,42109.828,0,3047.369,14887,19838,1.540,1.890,1.520,4,1,47.285,0,0,13,46,0,8,4
17-08 14:39:44,41.017,16.204,29.624,6.583,0,1969572,10561916,234940,3500388,18417.262,10019.355,0,37829.066,0,2631.182,14605,21193,1.660,1.910,1.530,5,0,42.536,0,0,13,47,0,8,4
17-08 14:39:45,51.990,16.587,20.301,5.694,0,1968744,10556120,239712,3502036,4493.889,3291.690,0,38193.107,0,2670.784,14064,21882,1.660,1.910,1.530,9,1,37.631,0,0,13,47,0,8,4
17-08 14:39:46,46.869,15.457,26.675,5.485,0,1967280,10551332,243636,3504200,17626.545,10536.438,0,30023.762,0,2201.822,13648,20121,1.660,1.910,1.530,3,1,35.899,0,0,13,47,0,8,4
17-08 14:39:47,55.285,17.339,18.344,4.523,0,1934764,10576828,247948,3506724,17091.969,8468.586,0,37923.183,0,2490.820,14527,20404,1.660,1.910,1.530,6,0,43.222,0,0,13,46,0,9,4
17-08 14:39:48,41.293,31.783,19.270,4.254,0,1859640,10647200,251536,3507772,392.407,148.154,0,24913.854,0,1859.930,13233,17939,1.660,1.910,1.530,3,1,124.129,0,0,13,44,0,9,4
17-08 14:39:49,45.855,30.821,17.039,3.257,0,1896420,10606424,254624,3508584,692.586,0,0,19183.923,0,1561.575,11907,16130,2,1.980,1.550,3,1,118.271,0,0,13,46,0,9,4
17-08 14:39:50,34.359,21.661,27.886,10.208,0,1911000,10583772,258488,3512592,18068.902,9679.306,2888.156,21340.485,34.857,1840.453,12692,17969,2,1.980,1.550,5,0,81.665,0,0,13,47,0,9,4
17-08 14:39:51,44.531,32.656,15.338,3.216,0,1901396,10588588,262120,3514024,4078.028,3287.360,352.288,30304.666,7.917,2030.603,13985,20283,2,1.980,1.550,9,1,122.707,0,0,13,47,0,9,4
17-08 14:39:52,46.775,28.065,19.974,3.034,0,1892052,10594284,264996,3514684,19737.367,11219.838,0,19239.787,0,1617.137,13084,19102,2,1.980,1.550,6,1,78.885,0,0,13,47,0,9,4
17-08 14:39:53,46.797,29.870,11.450,7.468,0,1881232,10599436,268024,3516524,3381.310,2882.477,1887.798,22308.080,163.291,1608.014,13045,18404,2,1.980,1.550,7,1,87.619,0,0,13,47,0,9,4
17-08 14:39:54,53.088,28.047,14.524,1.753,0,1910752,10567432,269680,3519876,3907.481,3412.661,925.535,12208.250,14.023,1009.675,10802,18269,2.410,2.060,1.580,7,1,105.174,0,0,13,47,0,9,4
17-08 14:39:55,38.140,21.329,32.620,3.513,0,1882668,10591120,272932,3518304,5110.817,3706.647,0,22490.808,0,1879.922,13572,24020,2.410,2.060,1.580,3,0,78.288,0,0,13,47,0,9,4
17-08 14:39:56,37.505,18.252,34.004,4.751,0,1832148,10635728,276984,3520032,56435.310,28520.694,0,29535.826,0,2304.298,14475,20964,2.410,2.060,1.580,4,0,60.008,0,0,13,46,0,9,4
17-08 14:39:57,39.598,17.682,31.878,5.230,0,1871500,10591684,279560,3521992,30985.303,264540.609,0,33021.503,0,2481.494,14707,20890,2.410,2.060,1.580,6,0,31.878,0,0,13,46,0,9,4
17-08 14:39:58,34.720,15.347,40.004,5.535,0,1895952,10562920,282104,3523628,36458.505,323625.966,0,33621.490,0,2577.366,15067,21586,2.410,2.060,1.580,4,0,31.198,0,0,13,47,0,9,4
17-08 14:39:59,38.016,15.006,35.515,5.752,0,1891680,10563500,283936,3525384,19214.142,10762.561,0,33378.144,0,2512.065,14875,21243,2.530,2.090,1.600,1,1,33.014,0,0,13,47,0,9,4
17-08 14:40:00,37.427,14.871,36.187,5.205,0,1887904,10563468,286080,3526936,18235.393,10017.420,0,31662.344,0,2336.803,14890,21921,2.530,2.090,1.600,4,1,55.520,0,0,13,47,0,9,4
17-08 14:40:01,34.133,14.808,40.408,5.522,0,1884192,10562312,289500,3528260,19792.378,11341.339,0,30916.870,0,2391.349,15280,22354,2.530,2.090,1.600,7,0,45.177,0,0,13,47,0,9,4
17-08 14:40:02,34.799,13.018,41.308,5.257,0,1888032,10553028,293580,3529488,19329.966,11797.458,0,23220.393,0,2039.846,13971,19959,2.530,2.090,1.600,2,1,15.021,0,0,13,47,0,9,4
17-08 14:40:03,37.531,13.762,37.531,4.504,0,1883960,10552020,297296,3530716,5007.198,4207.527,0,30401.487,0,2152.805,13392,19908,2.530,2.090,1.600,4,0,24.020,0,0,13,46,0,9,5
17-08 14:40:04,34.265,21.354,34.017,4.221,0,1834476,10596216,300860,3532340,15536.650,7472.848,0,25652.407,0,2257.547,13789,17518,2.490,2.090,1.600,3,0,85.415,0,0,13,46,0,10,4
17-08 14:40:05,44.479,15.329,33.171,4.272,0,1859176,10567132,304412,3532988,870.481,0,0,29676.785,0,2007.334,11605,15993,2.490,2.090,1.600,2,0,18.093,0,0,13,44,0,11,4
17-08 14:40:06,37.543,16.018,43.800,0,0,1758916,10667144,304520,3533100,15451.804,7828.020,0,1617.864,0,78.090,5406,4646,2.490,2.090,1.600,3,0,57.066,0,0,13,43,0,11,4
17-08 14:40:07,22.529,28.787,44.808,0.250,0,1759288,10666656,304620,3533136,5361.954,4368.666,0,3424.441,0,266.345,6666,5939,2.490,2.090,1.600,2,0,154.200,0,0,13,43,0,11,4
17-08 14:40:08,20.033,6.260,70.868,0,0,1752036,10673772,304680,3533188,48377.590,40837.028,0,721.201,0,36.060,5268,6541,2.490,2.090,1.600,1,0,6.010,0,0,13,43,0,11,4
17-08 14:40:09,19.492,4.248,73.721,0.250,0,1751984,10673772,304720,3533200,34135.741,18453.832,0,547.787,0,23.991,4877,6348,2.290,2.060,1.590,2,0,1.999,0,0,13,43,0,11,4
17-08 14:40:10,19.499,4.000,73.995,0,0,1752396,10673308,304756,3533216,34236.828,18811.807,0,491.969,0,21.999,4867,6154,2.290,2.060,1.590,1,0,0,0,0,13,43,0,11,4
17-08 14:40:11,21.173,3.238,72.237,0,0,1752188,10673308,304820,3533356,19174.216,10762.829,0,530.071,0,34.873,4813,6145,2.290,2.060,1.590,4,0,0,0,0,13,42,0,11,4
17-08 14:40:12,21.548,11.275,64.392,0,0,1687616,10737840,304856,3533352,15103.380,7444.453,0,4694.375,0,41.091,4276,4782,2.290,2.060,1.590,2,0,32.071,0,0,13,42,0,11,4
17-08 14:40:13,26.260,5.502,66.026,0,0,1736696,10688700,304912,3533356,15516.155,7446.954,0,440.175,0,33.013,3911,4771,2.290,2.060,1.590,2,0,1.000,0,0,13,42,0,11,4
17-08 14:40:14,17.752,6.501,72.506,0,0,1736628,10688700,304960,3533364,5651.490,4886.423,0,700.061,0,37.003,3904,4822,2.110,2.020,1.580,1,0,6.001,0,0,13,43,0,11,4
17-08 14:40:15,18.516,4.254,74.564,0,0,1736488,10688700,304960,3533504,18874.132,10536.005,0,4.003,0,1.001,4438,5768,2.110,2.020,1.580,1,0,2.002,0,0,13,43,0,11,4
17-08 14:40:16,18.012,3.502,75.300,0,0,1736700,10688476,304960,3533516,19669.117,11106.407,0,0,0,0,4670,6060,2.110,2.020,1.580,1,0,0,0,0,13,43,0,11,4
17-08 14:40:17,19.247,3.749,73.989,0,0,1736684,10688476,304960,3533532,4843.302,4058.415,0,0,0,0,4718,6198,2.110,2.020,1.580,1,0,0,0,0,13,43,0,11,4
17-08 14:40:18,21.195,3.491,71.563,0,0,1736892,10688252,304960,3533544,19243.780,11470.067,0,0,0,0,4842,6116,2.110,2.020,1.580,1,0,1.995,0,0,13,42,0,12,4
17-08 14:40:19,19.527,12.017,65.843,0,0,1699320,10725808,304972,3533548,419.590,0,0,92.129,0,7.010,4406,4393,2.020,2.010,1.580,2,0,55.077,0,0,13,42,0,12,4
17-08 14:40:20,24.752,7.001,65.756,0,0,1711164,10713964,304972,3533548,15394.347,7296.638,0,1804.158,0,351.031,4273,4451,2.020,2.010,1.580,2,0,0,0,0,13,42,0,12,4
17-08 14:40:21,16.920,3.981,76.389,0,0,1735820,10689308,304972,3533548,2709.200,2250.367,0,3.981,0,0.995,3540,4541,2.020,2.010,1.580,2,0,1.991,0,0,13,43,0,12,4
17-08 14:40:22,21.370,4.274,71.400,0,0,1736064,10689056,304972,3533556,4922.563,4480.085,0,8.045,0,2.011,4055,5075,2.020,2.010,1.580,1,0,0,0,0,13,43,0,12,4
17-08 14:40:23,24.141,3.521,70.662,0,0,1703900,10721200,304988,3533560,18395.233,9726.701,0,124.727,0,9.053,4663,5887,2.020,2.010,1.580,1,0,1.006,0,0,13,42,0,13,4
17-08 14:40:24,18.872,12.664,65.059,0,0,1691660,10733408,305012,3533568,1081.666,0,0,317.845,0,15.892,4296,4803,1.940,1.990,1.570,2,0,35.758,0,0,13,42,0,13,4
17-08 14:40:25,26.493,4.749,66.982,0.250,0,1737260,10687796,305028,3533564,1060.721,0,0,95.975,0,9.997,3669,4357,1.940,1.990,1.570,3,0,0,0,0,13,42,0,13,4
17-08 14:40:26,16.249,4.000,76.997,0,0,1737712,10687332,305028,3533576,20536.083,12181.456,0,8.000,0,1.000,3699,4703,1.940,1.990,1.570,3,0,0,0,0,13,43,0,13,4
17-08 14:40:27,22.139,3.271,72.456,0.252,0,1737700,10687332,305064,3533552,2746.289,1761.087,0,237.495,0,20.127,4101,5288,1.940,1.990,1.570,1,0,2.013,0,0,13,42,0,14,4
17-08 14:40:28,16.920,15.925,64.696,0,0,1706880,10718080,305092,3533592,1003.284,147.308,0,437.942,0,18.911,4595,4945,1.940,1.990,1.570,1,0,59.719,0,0,13,42,0,14,4
17-08 14:40:29,25.240,5.498,67.224,0,0,1724256,10700692,305112,3533584,925.638,0,0,99.961,0,8.996,3684,4427,1.860,1.970,1.570,1,0,0,0,0,13,42,0,14,4
17-08 14:40:30,15.714,4.240,77.073,0,0,1739824,10685108,305112,3533600,20772.277,12418.469,0,0,0,0,3676,4795,1.860,1.970,1.570,1,0,1.995,0,0,13,43,0,14,4
17-08 14:40:31,21.266,3.753,72.304,0,0,1739556,10685108,305112,3533868,4460.323,3135.336,0,8.006,0,2.001,4345,5486,1.860,1.970,1.570,1,0,0,0,0,13,43,0,14,4
17-08 14:40:32,22.252,3.000,72.257,0,0,1739420,10685108,305112,3534004,3468.319,2229.205,0,4.000,0,1.000,4282,5386,1.860,1.970,1.570,2,0,0,0,0,13,42,0,15,4
17-08 14:40:33,19.264,13.260,65.297,0,0,1719760,10704768,305112,3534004,539.390,148.107,0,4.003,0,1.001,4367,4864,1.860,1.970,1.570,3,0,46.033,0,0,13,42,0,15,4
17-08 14:40:34,24.997,5.749,66.491,0,0,1723780,10700736,305120,3534008,599.923,0,0,59.992,0,2.000,3640,4328,1.870,1.970,1.570,1,0,0,0,0,13,42,0,15,4
17-08 14:40:35,16.266,4.004,76.825,0,0,1739988,10684396,305120,3534136,20732.349,12783.547,0,1000.982,0,204.200,3974,4837,1.870,1.970,1.570,1,0,0,0,0,13,43,0,15,4
17-08 14:40:36,21.736,4.497,71.454,0,0,1740232,10684144,305120,3534144,2356.475,1828.816,0,0,0,0,3970,4872,1.870,1.970,1.570,3,0,1.999,0,0,13,43,0,13,4
17-08 14:40:37,17.442,3.488,75.001,0,0,1740196,10684144,305152,3534148,4058.546,3013.012,0,410.639,0,44.851,4721,6390,1.870,1.970,1.570,6,0,0,0,0,13,43,0,13,4
17-08 14:40:38,17.283,15.028,65.623,0,0,1683264,10741024,305200,3534172,2277.283,1068.008,0,444.837,0,33.062,5048,5305,1.870,1.970,1.570,2,0,87.164,0,0,13,42,0,14,4
17-08 14:40:39,9.516,26.545,60.852,0,0,1679284,10744924,305224,3534224,780.311,0,0,264.444,0,14.024,5909,5261,1.800,1.960,1.570,1,0,163.274,0,0,13,42,0,14,4
17-08 14:40:40,10.001,26.253,61.006,0,0,1681164,10742992,305252,3534248,32216.177,66516.560,0,352.035,0,18.002,5907,5393,1.800,1.960,1.570,1,0,155.015,0,0,13,42,0,9,4
17-08 14:40:41,11.235,26.464,59.169,0,0,1664908,10759236,305252,3534260,74660.926,580488.379,0,7.989,0,1.997,6334,5699,1.800,1.960,1.570,7,0,157.784,0,0,13,42,0,9,4
17-08 14:40:42,25.748,36.997,33.997,0,0,1682208,10741876,305300,3534272,45957.005,23999.914,0,251.978,0,18.998,6782,6040,1.800,1.960,1.570,3,0,209.982,0,0,13,42,0,11,4
17-08 14:40:43,61.492,19.153,18.901,0,0,1769456,10654340,305400,3534452,61127.645,31935.286,0,653.222,0,46.371,6237,5225,1.800,1.960,1.570,4,0,31.250,0,0,13,42,0,15,4
17-08 14:40:44,65.425,13.630,18.339,0,0,1883268,10538964,305484,3535820,60473.209,31384.015,0,265.664,0,5.948,5710,4322,1.900,1.970,1.580,5,0,1.983,0,0,13,42,0,15,4
17-08 14:40:45,67.467,12.697,17.178,0.249,0,1978664,10441216,305576,3537732,29941.471,15630.470,11.950,641.311,1.992,9.958,5663,4182,1.900,1.970,1.580,7,0,1.992,0,0,13,42,0,15,4
17-08 14:40:46,66.958,12.539,18.307,1.755,0,2087328,10329648,305660,3540360,29866.681,15582.354,798.478,1564.856,7.022,142.442,5836,4049,1.900,1.970,1.580,3,0,6.019,0,0,13,42,0,15,4
17-08 14:40:47,54.097,17.624,20.562,1.713,0,2097656,10307988,310168,3546664,15822.653,8467.469,0,29851.549,0,2294.089,15295,20221,1.900,1.970,1.580,8,0,91.059,0,0,13,48,0,15,4
17-08 14:40:48,41.161,23.776,26.588,4.090,0,2098204,10294392,316080,3553404,45520.980,23528.479,0,54571.181,0,3469.755,19144,26557,1.900,1.970,1.580,4,1,118.624,0,0,13,48,0,14,4
17-08 14:40:49,37.969,19.234,28.976,6.744,0,2097604,10283052,321864,3559240,30069.216,14645.929,0,57480.623,0,3509.108,18183,26661,2.310,2.060,1.610,4,1,95.921,0,0,13,48,0,14,4
17-08 14:40:50,36.480,18.740,30.983,6.746,0,2098764,10272468,327720,3562536,44735.428,23005.363,0,50372.331,0,3379.144,18274,26601,2.310,2.060,1.610,6,0,116.936,0,0,13,48,0,14,4
17-08 14:40:51,37.916,18.709,30.183,6.735,0,2098888,10261884,333764,3566656,41121.812,18868.159,0,50120.856,0,3358.552,17900,25985,2.310,2.060,1.610,9,1,67.850,0,0,13,48,0,14,4
17-08 14:40:52,49.611,22.821,17.116,5.953,0,2010996,10338832,339256,3571740,52812.228,379774.548,0,44138.187,0,3006.445,16432,23393,2.310,2.060,1.610,8,0,125.020,0,0,13,46,0,14,4
17-08 14:40:53,51.664,20.414,18.650,5.292,0,2037392,10303048,343840,3576284,55197.799,233017.274,0,20895.626,0,2026.255,14255,19386,2.310,2.060,1.610,5,0,129.035,0,0,13,46,0,14,4
17-08 14:40:54,47.640,21.700,19.206,5.986,0,2070692,10259200,349276,3581072,45267.278,22739.394,0,51836.082,0,3187.626,15751,23575,2.520,2.110,1.620,12,0,56.868,0,0,13,46,0,14,4
17-08 14:40:55,64.274,23.350,7.783,2.511,0,2132572,10193204,352260,3582064,29958.876,15046.223,0,27408.992,0,1713.313,12963,25874,2.520,2.110,1.620,9,0,63.270,0,0,13,46,0,15,4
17-08 14:40:56,48.048,18.769,22.272,5.505,0,2162404,10150112,358144,3589036,29617.485,14768.703,132.132,53737.497,2.002,3281.267,16085,23800,2.520,2.110,1.620,6,1,2.002,0,0,13,48,0,14,4
17-08 14:40:57,47.395,17.805,23.823,6.018,0,2129908,10169044,363572,3596688,31274.856,15363.087,0,41808.141,0,2780.522,15674,22630,2.520,2.110,1.620,4,2,30.092,0,0,13,46,0,14,4
17-08 14:40:58,26.671,26.671,33.152,6.481,0,2118680,10173580,368968,3597792,60146.571,30950.697,0,54678.701,0,3370.058,17429,25853,2.520,2.110,1.620,2,0,91.729,0,0,13,46,0,14,4
17-08 14:40:59,35.826,15.282,34.323,6.514,0,2099476,10185480,373980,3599860,44451.247,22325.335,0,41688.389,0,2975.308,16161,23235,2.640,2.140,1.640,2,1,39.083,0,0,13,46,0,14,4
17-08 14:41:00,38.725,14.740,35.227,5.746,0,2084684,10193680,378604,3601656,15054.192,7291.250,0,38311.039,0,2640.280,15100,21300,2.640,2.140,1.640,3,0,61.960,0,0,13,46,0,14,4
17-08 14:41:01,41.907,13.720,41.408,0.499,0,1789892,10488288,378776,3601660,30500.587,15252.289,0,2223.087,0,119.735,5635,5281,2.640,2.140,1.640,4,0,72.839,0,0,13,42,0,14,4
17-08 14:41:02,10.294,25.860,61.261,0.251,0,1772540,10505548,378840,3601684,61556.150,45220.582,0,1116.756,0,106.453,6255,5628,2.640,2.140,1.640,1,0,166.710,0,0,13,42,0,14,4
17-08 14:41:03,24.012,9.255,64.283,0.250,0,1808912,10468756,379252,3601684,45190.435,24274.589,0,5883.051,0,299.155,4857,5398,2.640,2.140,1.640,1,0,13.007,0,0,13,42,0,14,4
17-08 14:41:04,25.979,6.745,64.948,0,0,1795216,10482452,379252,3601684,59062.622,578723.769,0,0,0,0,4145,4532,2.590,2.140,1.640,1,0,1.998,0,0,13,42,0,14,4
17-08 14:41:05,26.500,4.500,66.749,0,0,1830244,10447424,379252,3601684,29586.567,15371.775,0,0,0,0,3701,4379,2.590,2.140,1.640,1,0,0,0,0,13,42,0,13,4
17-08 14:41:06,26.487,4.998,64.969,0,0,1856444,10421216,379260,3601684,45086.146,23730.498,0,67.967,0,2.999,4088,4701,2.590,2.140,1.640,2,0,3.998,0,0,13,46,0,13,4
17-08 14:41:07,29.988,2.999,64.974,0,0,1856380,10421216,379280,3601724,45251.046,24400.319,0,251.900,0,40.984,4222,4824,2.590,2.140,1.640,2,0,0,0,0,13,44,0,13,4
17-08 14:41:08,21.713,9.983,65.389,0,0,1800176,10477412,379288,3601724,46654.927,24103.149,0,1233.909,0,112.809,4441,4669,2.590,2.140,1.640,2,0,26.954,0,0,13,42,0,13,4
17-08 14:41:09,26.330,5.767,65.699,0.251,0,1800400,10477160,379324,3601732,60275.421,31017.874,0,361.093,0,26.079,4240,4991,2.460,2.120,1.640,1,0,3.009,0,0,13,42,0,12,4
17-08 14:41:10,24.754,6.251,66.511,0,0,1825072,10452476,379328,3601732,30099.876,14888.412,0,40.006,0,3.000,3768,4482,2.460,2.120,1.640,1,0,0,0,0,13,42,0,12,4
17-08 14:41:11,26.478,5.246,65.944,0,0,1853756,10423748,379364,3601740,30333.444,15335.080,0,147.875,0,16.986,4008,4753,2.460,2.120,1.640,2,0,1.998,0,0,13,44,0,12,4
17-08 14:41:12,23.008,10.254,64.774,0,0,1788880,10488572,379420,3601736,44780.294,22672.250,0,552.201,0,29.011,4608,4977,2.460,2.120,1.640,4,0,47.017,0,0,13,42,0,12,4
17-08 14:41:13,12.485,42.199,42.698,0,0,1776248,10501164,379440,3601752,60982.817,32935.935,0,850.965,0,81.900,7017,6107,2.460,2.120,1.640,3,0,260.683,0,0,13,42,0,12,4
17-08 14:41:14,14.732,47.192,34.458,0,0,1767248,10510156,379440,3601760,70676.531,467753.731,0,15.980,0,3.995,7290,6178,2.430,2.120,1.640,3,0,267.673,0,0,13,42,0,12,4
17-08 14:41:15,13.531,46.608,36.836,0,0,1756284,10521108,379440,3601772,49087.158,150477.953,0,16.037,0,4.009,7028,6105,2.430,2.120,1.640,3,0,283.660,0,0,13,42,0,12,4
17-08 14:41:16,13.486,46.452,36.463,0,0,1735948,10541432,379440,3601784,60938.373,36592.394,0,11.988,0,2.997,7014,6054,2.430,2.120,1.640,2,0,286.705,0,0,13,42,0,12,4
17-08 14:41:17,10.249,29.497,57.494,0,0,1731056,10546324,379440,3601784,59928.647,30812.733,0,19.998,0,4.999,6150,5581,2.430,2.120,1.640,3,0,187.980,0,0,13,42,0,12,4
17-08 14:41:18,10.766,26.789,60.337,0,0,1712756,10564612,379444,3601788,29694.917,14827.429,0,4947.150,0,26.038,5948,5424,2.430,2.120,1.640,1,0,158.229,0,0,13,42,0,12,4
17-08 14:41:19,9.993,25.483,60.958,0,0,1711132,10566224,379444,3601800,30654.124,20677.918,0,159.891,0,36.975,5896,5395,2.550,2.150,1.650,2,0,160.890,0,0,13,42,0,12,4
17-08 14:41:20,9.729,25.696,60.622,0,0,1708020,10569332,379444,3601804,60863.078,31940.343,0,7.983,0,1.996,6039,5456,2.550,2.150,1.650,1,0,148.685,0,0,13,42,0,12,4
17-08 14:41:21,10.529,22.813,63.927,0,0,1710372,10566972,379460,3601796,46592.875,25897.632,0,140.388,0,7.019,5984,5701,2.550,2.150,1.650,1,0,135.374,0,0,13,42,0,11,4
17-08 14:41:22,11.499,22.998,62.995,0,0,1710888,10566396,379488,3601828,60747.078,34305.220,0,387.969,0,21.998,5941,5739,2.550,2.150,1.650,1,0,126.990,0,0,13,42,0,11,4
17-08 14:41:23,13.247,24.995,58.738,0,0,1712096,10565180,379488,3601832,74415.949,591010.463,0,7.998,0,2.000,6496,6046,2.550,2.150,1.650,1,0,115.977,0,0,13,42,0,11,4
17-08 14:41:24,11.487,24.721,61.679,0,0,1708160,10569112,379488,3601836,45831.164,23712.663,0,15.982,0,3.995,5870,5384,2.670,2.180,1.660,1,0,121.860,0,0,13,42,0,11,4
17-08 14:41:25,10.762,25.279,60.569,0,0,1706352,10570912,379488,3601840,60597.947,31415.744,0,864.984,0,180.205,6146,5524,2.670,2.180,1.660,2,0,120.137,0,0,13,42,0,10,4
17-08 14:41:26,15.946,24.667,56.061,0,0,1711108,10566144,379488,3602320,60421.796,30999.234,0,7.973,0,1.993,7067,8150,2.670,2.180,1.660,2,0,123.582,0,0,13,42,0,10,4
17-08 14:41:27,23.229,20.481,54.200,0,0,1699872,10577364,379488,3602320,45664.819,22886.859,0,3.996,0,0.999,5951,7271,2.670,2.180,1.660,5,0,64.940,0,0,13,42,0,10,4
17-08 14:41:28,22.246,21.496,53.741,0,0,1712696,10564504,379500,3602304,44888.676,22832.275,0,91.985,0,2.000,4982,5359,2.670,2.180,1.660,4,0,45.992,0,0,13,42,0,10,4
17-08 14:41:29,48.770,26.511,23.260,0,0,1774008,10503084,379504,3602416,61475.452,34062.103,0,16.007,0,1.000,6260,5180,2.690,2.190,1.670,4,0,111.046,0,0,13,43,0,9,4
17-08 14:41:30,45.184,10.794,42.422,0,0,1832968,10444116,379504,3602424,44781.869,22826.704,0,16.065,0,1.004,4589,4058,2.690,2.190,1.670,4,0,2.008,0,0,13,43,0,9,4
17-08 14:41:31,49.557,6.475,42.584,0,0,1884724,10392204,379504,3602580,29715.292,15216.748,0,3.984,0,0.996,4677,3785,2.690,2.190,1.670,4,0,2.988,0,0,13,45,0,9,4
17-08 14:41:32,55.570,7.073,36.626,0.253,0,1935164,10341412,379588,3602812,15345.517,7371.668,88.913,642.596,1.010,30.311,5763,5433,2.690,2.190,1.670,4,0,14.145,0,0,13,59,0,9,4
17-08 14:41:33,47.156,9.431,41.695,0,0,1970420,10304688,379612,3604124,15475.975,7390.029,0,325.622,0,12.906,4828,4259,2.690,2.190,1.670,3,0,4.964,0,0,13,59,0,8,4
17-08 14:41:34,32.631,18.183,46.829,0,0,1982868,10290084,379632,3606008,15522.201,7496.568,3.985,183.329,0.996,5.978,6445,7954,2.800,2.220,1.680,2,0,73.730,0,0,13,58,0,8,4
17-08 14:41:35,10.795,23.347,61.505,0.251,0,1982904,10289996,379648,3606024,57108.200,601582.680,12.050,0,3.013,0,6044,5533,2.800,2.220,1.680,5,0,117.488,0,0,13,58,0,8,4
17-08 14:41:36,9.738,25.719,61.176,0,0,1985668,10287100,379648,3606152,60672.673,31753.624,0,0,0,0,6038,5647,2.800,2.220,1.680,2,0,159.807,0,0,13,58,0,8,4
17-08 14:41:37,24.468,23.469,48.436,0,0,1988420,10284276,379648,3606620,45132.538,22648.161,0,3.995,0,0.999,7308,9966,2.800,2.220,1.680,6,0,98.870,0,0,13,58,0,8,4
17-08 14:41:38,17.541,20.047,58.136,2.506,0,1976756,10294940,379664,3607152,59896.315,31385.525,1106.592,0,29.068,0,5201,5646,2.800,2.220,1.680,0,1,65.153,0,0,13,58,0,8,4
17-08 14:41:39,18.162,13.683,58.963,5.722,0,1980452,10283136,379688,3615608,30232.790,14748.188,7877.642,748.356,104.491,71.651,5766,6946,2.660,2.200,1.680,1,0,61.700,0,0,14,58,0,8,4
17-08 14:41:40,22.368,29.405,46.998,0,0,1981616,10281904,379688,3615556,45307.235,22701.872,0,8557.184,0,983.192,7799,7426,2.660,2.200,1.680,2,0,89.472,0,0,14,58,0,8,4
17-08 14:41:41,16.980,17.965,59.062,2.215,0,2036876,10224756,379692,3617060,59261.070,30611.953,1878.179,0,26.578,0,5204,5426,2.660,2.200,1.680,3,1,62.015,0,0,14,58,0,7,4
17-08 14:41:42,34.981,27.630,35.995,0.253,0,2045212,10215932,379760,3617408,46465.046,24673.339,174.399,316.351,17.237,25.349,6535,6135,2.660,2.200,1.680,3,0,116.604,0,0,14,74,0,7,4
17-08 14:41:43,10.007,23.517,63.045,0,0,2047228,10213884,379768,3617420,61628.832,33523.843,0,52.037,0,4.003,5950,5789,2.660,2.200,1.680,2,0,118.084,0,0,14,74,0,7,4
17-08 14:41:44,20.504,25.505,51.510,0.250,0,2047672,10213388,379772,3617912,71373.818,584653.186,4.001,1580.306,1.000,11.002,6840,7671,3,2.280,1.710,2,0,104.020,0,0,14,74,0,7,4
17-08 14:41:45,22.008,22.509,53.020,0,0,2052088,10208928,379772,3617520,45591.582,22608.719,0,4.002,0,1.000,6222,8082,3,2.280,1.710,0,0,68.026,0,0,14,74,0,7,4
17-08 14:41:46,13.763,20.269,61.557,2.502,0,2050592,10208772,379816,3618952,45661.036,23293.444,1461.345,388.358,32.029,11.010,4984,5760,3,2.280,1.710,0,0,123.113,0,0,14,74,0,1,4
17-08 14:41:47,7.247,14.745,75.223,0,0,2055088,10204256,379816,3618956,45800.668,23999.442,0,7.997,0,1.999,4605,5042,3,2.280,1.710,1,0,83.970,0,0,14,74,0,1,4
17-08 14:41:48,15.676,27.868,52.502,0.746,0,2060504,10196980,379816,3621300,60525.860,32277.407,1715.888,0,19.906,0,7001,8522,3,2.280,1.710,9,0,126.402,0,0,16,74,0,1,4
17-08 14:41:49,20.917,23.942,53.176,0,0,2048292,10209152,379816,3621288,46369.137,23076.705,0,8.065,0,2.016,6016,7752,2.840,2.260,1.700,1,0,68.549,0,0,16,74,0,1,4
17-08 14:41:50,17.878,21.106,58.104,0.497,0,2051792,10203812,379820,3622612,45266.595,23132.397,1863.305,0,23.838,0,5169,5069,2.840,2.260,1.700,3,0,66.547,0,0,16,76,0,1,4
17-08 14:41:51,9.994,26.983,59.214,0,0,2052084,10203420,379828,3622704,62010.817,31930.339,0,191.882,0,10.993,6071,5472,2.840,2.260,1.700,2,0,153.905,0,0,16,76,0,1,4
17-08 14:41:52,10.546,24.357,62.273,0,0,2055776,10199712,379828,3622704,73174.918,483845.971,0,0,0,0,6444,5840,2.840,2.260,1.700,2,0,143.630,0,0,16,76,0,1,4
17-08 14:41:53,11.000,25.000,61.750,0,0,2059284,10196188,379828,3622720,63163.416,160289.056,0,8.000,0,2.000,5873,5566,2.840,2.260,1.700,1,0,130.001,0,0,16,76,0,1,4
17-08 14:41:54,11.239,24.227,60.941,0,0,2059644,10195824,379828,3622724,45784.937,23455.427,0,23.977,0,5.994,5760,5387,2.770,2.260,1.710,1,0,118.886,0,0,16,76,0,1,4
17-08 14:41:55,11.736,25.720,59.681,0,0,2070980,10184484,379828,3622728,61050.158,32506.280,0,15.981,0,3.995,5933,5590,2.770,2.260,1.710,3,0,124.855,0,0,16,76,0,1,4
17-08 14:41:56,31.317,29.826,35.791,0,0,2054620,10200800,379836,3623200,44384.687,22631.776,0,1912.825,0,351.944,8415,18360,2.770,2.260,1.710,4,0,133.222,0,0,16,76,0,2,4
17-08 14:41:57,22.588,23.341,51.701,0,0,2058416,10196972,379860,3622744,45349.263,23547.524,0,983.824,0,165.644,5514,5324,2.770,2.260,1.710,4,0,63.246,0,0,16,76,0,2,4
17-08 14:41:58,27.203,30.198,39.931,0,0,2107000,10148364,379868,3622760,60973.461,33891.337,0,23.959,0,0.998,6244,5263,2.770,2.260,1.710,4,0,140.756,0,0,16,76,0,1,4
17-08 14:41:59,31.360,27.095,39.639,0,0,2144532,10110828,379868,3622764,61929.181,33928.986,0,112.394,0,5.018,6324,5221,2.710,2.250,1.710,3,0,143.503,0,0,16,76,0,1,4
17-08 14:42:00,29.222,29.971,39.462,0,0,2181820,10073400,379888,3622836,60753.693,33276.064,0,87.916,0,0.999,6177,5128,2.710,2.250,1.710,2,0,127.877,0,0,16,76,0,1,4
17-08 14:42:01,29.592,31.096,36.363,0.251,0,2214368,10039308,379928,3624260,58630.726,577429.748,36.112,1119.470,3.009,7.022,7756,7882,2.710,2.250,1.710,2,0,151.469,0,0,16,80,0,3,4
17-08 14:42:02,29.118,30.875,38.656,0.251,0,2280328,9973316,379944,3624264,60982.250,32459.072,8.032,498.011,2.008,2.008,6358,5485,2.710,2.250,1.710,2,0,164.665,0,0,16,80,0,3,4
17-08 14:42:03,27.582,30.067,38.765,0,0,2316332,9937308,379944,3624268,60616.859,32401.219,0,608.306,0,5.964,6335,5432,2.710,2.250,1.710,5,0,141.143,0,0,16,80,0,3,4
17-08 14:42:04,32.498,24.499,40.748,0.250,0,2343260,9910364,379948,3624280,56566.786,30234.282,4.000,39.998,1.000,1.000,6329,5410,2.660,2.250,1.710,4,0,134.992,0,0,16,80,0,3,4
17-08 14:42:05,17.540,26.812,52.621,0,0,2346452,9906940,379948,3624504,50122.503,27617.643,0,12.028,0,3.007,5921,5362,2.660,2.250,1.710,3,0,120.277,0,0,16,80,0,3,4
17-08 14:42:06,10.977,24.948,61.124,0,0,2347164,9906224,379948,3624508,60818.248,32492.816,0,15.967,0,3.992,5857,5445,2.660,2.250,1.710,3,0,120.750,0,0,16,80,0,3,4
17-08 14:42:07,10.731,26.204,58.896,0,0,2347072,9905972,380240,3624552,45390.772,23234.932,0,4196.583,0,201.644,6402,6221,2.660,2.250,1.710,2,0,119.788,0,0,16,80,0,3,4
17-08 14:42:08,12.795,22.830,60.964,0,0,2346500,9906532,380248,3625036,60496.766,31344.237,0,52.184,0,6.021,6264,6563,2.660,2.250,1.710,3,0,99.349,0,0,16,80,0,3,4
17-08 14:42:09,21.709,23.705,52.900,0,0,2337976,9914976,380248,3624952,56839.989,473370.802,0,7.985,0,1.996,6141,6846,2.600,2.240,1.710,5,0,70.867,0,0,16,80,0,3,4
17-08 14:42:10,21.756,24.256,50.763,0,0,2334404,9918540,380248,3624564,47895.317,140296.080,0,4.001,0,1.000,6425,7506,2.600,2.240,1.710,1,0,71.018,0,0,16,80,0,3,4
17-08 14:42:11,45.563,31.621,20.914,0,0,2413288,9839644,380256,3625024,60833.976,33793.665,0,5856.028,0,766.861,7441,5115,2.600,2.240,1.710,3,0,107.560,0,0,16,80,0,3,4
17-08 14:42:12,51.621,28.316,18.293,0,0,2482660,9770236,380256,3625056,61501.269,35140.432,0,0,0,0,6474,5054,2.600,2.240,1.710,5,0,122.287,0,0,16,80,0,3,4
17-08 14:42:13,54.069,29.900,15.199,0,0,2528900,9723420,380272,3625572,60548.591,32826.264,0,179.400,0,8.970,6480,5570,2.600,2.240,1.710,4,0,113.620,0,0,16,80,0,3,4
17-08 14:42:14,52.678,31.707,13.482,0,0,2571160,9680736,380296,3625904,46267.809,23887.376,0,271.629,0,17.975,6384,5162,2.950,2.320,1.740,4,0,120.835,0,0,16,80,0,3,4
17-08 14:42:15,46.542,32.202,18.114,3.019,0,2611204,9637896,380628,3627940,61421.460,31920.321,217.364,2334.651,49.309,203.276,6953,5684,2.950,2.320,1.740,5,2,119.752,0,0,16,80,0,3,4
17-08 14:42:16,58.066,22.874,15.082,2.765,0,2629536,9618844,381076,3628000,45129.513,22496.384,454.472,60.328,83.454,3.016,6926,7562,2.950,2.320,1.740,5,0,83.454,0,0,16,84,0,3,4
17-08 14:42:17,55.606,28.295,12.056,0.246,0,2703736,9541360,382852,3629360,44349.995,22823.079,0,9227.649,0,907.412,9772,13799,2.950,2.320,1.740,8,0,86.608,0,0,16,84,0,3,4
17-08 14:42:18,47.232,34.168,14.320,1.256,0,2722132,9510616,384656,3639552,71326.044,587318.357,0,17883.767,0,1261.189,12310,16220,2.950,2.320,1.740,9,0,99.488,0,0,16,84,0,3,4
17-08 14:42:19,49.712,29.727,15.988,1.499,0,2760400,9466264,386664,3643460,46534.720,25564.618,0,11934.952,0,1351.975,11916,16403,3.120,2.370,1.760,3,0,111.915,0,0,16,84,0,3,4
17-08 14:42:20,48.756,31.666,16.084,1.257,0,2801016,9421476,388024,3646156,62813.673,34673.984,4.021,9312.878,1.005,912.791,10438,13036,3.120,2.370,1.760,4,0,108.570,0,0,16,84,0,3,4
17-08 14:42:21,60.750,33.022,5.798,0.504,0,2832796,9387080,388172,3648288,61315.396,32652.609,536.413,2121.452,7.058,56.464,7692,8813,3.120,2.370,1.760,4,0,157.294,0,0,16,88,0,7,4
17-08 14:42:22,55.652,29.698,12.728,0,0,2882644,9336488,388224,3648980,45212.239,23706.179,0,1050.147,0,51.908,7267,7623,3.120,2.370,1.760,7,0,115.796,0,0,16,92,0,9,4
17-08 14:42:23,48.306,31.709,18.579,0,0,2905440,9311012,388272,3651988,44593.129,23161.118,0,915.585,0,51.526,9159,14309,3.120,2.370,1.760,8,0,99.089,0,0,16,101,0,17,4
17-08 14:42:24,26.171,25.673,45.364,0,0,2929468,9286876,388316,3651624,52207.096,28049.699,0,761.711,0,31.904,6279,8551,2.950,2.340,1.750,2,0,105.682,0,0,16,106,0,18,4
17-08 14:42:25,28.228,29.488,41.082,0,0,2962880,9253400,388360,3651628,54321.523,30302.625,0,673.436,0,34.277,6193,5205,2.950,2.340,1.750,3,0,126.017,0,0,16,106,0,18,4
17-08 14:42:26,30.709,27.437,40.274,0,0,3001876,9214212,388536,3651636,61174.009,35136.946,0,4091.826,0,203.383,6661,6129,2.950,2.340,1.750,3,0,128.876,0,0,16,106,0,18,4
17-08 14:42:27,30.485,29.255,35.893,0,0,3040700,9175364,388540,3651652,71525.489,569739.583,0,8401.922,0,587.072,7385,5541,2.950,2.340,1.750,2,0,105.221,0,0,16,106,0,18,4
17-08 14:42:28,30.446,28.200,38.931,0,0,3065044,9150980,388540,3651688,46452.073,24249.232,0,11.979,0,2.995,6167,5465,2.950,2.340,1.750,5,0,115.796,0,0,16,106,0,20,4
17-08 14:42:29,34.919,27.383,35.924,0,0,3091956,9124060,388540,3652180,61292.384,31999.257,0,8.039,0,2.010,6806,7031,2.870,2.340,1.760,5,0,129.629,0,0,16,108,0,18,4
17-08 14:42:30,38.548,30.590,28.103,0,0,3078272,9135712,388544,3654144,44650.127,22993.562,0,15.917,0,0.995,8589,11592,2.870,2.340,1.760,3,0,90.526,0,0,16,106,0,20,4
17-08 14:42:31,22.921,24.180,52.138,0,0,3087636,9126332,388544,3653684,45893.509,22983.024,0,4.030,0,1.007,5258,5264,2.870,2.340,1.760,3,0,60.450,0,0,16,106,0,20,4
17-08 14:42:32,30.300,32.304,35.309,0,0,3137964,9075992,388552,3653696,60859.403,34000.651,0,12817.356,0,1672.787,9072,5593,2.870,2.340,1.760,3,0,111.185,0,0,16,108,0,20,4
17-08 14:42:33,37.130,26.342,34.621,0,0,3178988,9034924,388584,3653708,61084.585,33258.289,0,654.288,0,48.168,6492,5732,2.870,2.340,1.760,2,0,121.425,0,0,16,112,0,20,4
17-08 14:42:34,33.173,27.436,36.416,0,0,3219848,8994032,388600,3653720,52630.148,26901.716,0,91.787,0,11.972,6425,5487,2.880,2.350,1.760,4,0,127.704,0,0,16,114,0,20,4
17-08 14:42:35,32.276,28.272,38.030,0,0,3245684,8968148,388600,3653764,61170.607,474999.438,0,48.038,0,3.002,6524,5638,2.880,2.350,1.760,2,0,128.102,0,0,16,116,0,20,4
17-08 14:42:36,33.131,25.658,38.861,0,0,3274116,8939696,388612,3653772,63464.901,152446.494,0,318.859,0,23.914,6216,5620,2.880,2.350,1.760,4,0,109.608,0,0,16,116,0,20,4
17-08 14:42:37,33.722,30.250,31.738,0,0,3292560,8919568,388632,3655444,45384.651,23577.524,0,178.527,0,16.861,7890,9406,2.880,2.350,1.760,2,0,109.100,0,0,16,116,0,24,4
17-08 14:42:38,16.965,26.841,54.188,0,0,3306540,8905332,388652,3655656,60981.806,31896.742,0,364.627,0,18.231,6068,5801,2.880,2.350,1.760,1,0,122.555,0,0,16,118,0,23,4
17-08 14:42:39,15.128,25.791,55.055,0,0,3310668,8901176,388668,3656060,48482.929,23023.811,0,305.529,0,22.815,6805,7923,2.730,2.330,1.760,8,0,129.949,0,0,16,118,0,23,4
17-08 14:42:40,23.563,28.884,46.873,0,0,3299956,8911804,388692,3656136,57236.588,30787.114,0,198.640,0,12.162,6798,8662,2.730,2.330,1.760,2,0,102.360,0,0,16,120,0,23,4
17-08 14:42:41,24.270,16.345,55.721,0,0,3322560,8889172,388696,3656128,44401.343,22593.441,0,47.548,0,3.962,4855,5259,2.730,2.330,1.760,6,0,26.746,0,0,16,120,0,23,4
17-08 14:42:42,50.616,28.566,19.294,0,0,3407396,8804308,388700,3656148,56808.342,29200.999,0,1551.560,0,7.016,6496,5207,2.730,2.330,1.760,4,0,101.232,0,0,16,123,0,23,4
17-08 14:42:43,48.443,9.098,40.328,0,0,3469360,8741852,388736,3656548,48148.550,26559.358,0,771.148,0,45.246,5420,5209,2.730,2.330,1.760,3,0,2.951,0,0,16,124,0,24,4
17-08 14:42:44,16.305,22.419,58.596,0.255,0,3460276,8750496,388812,3656868,59168.391,480535.541,0,860.083,0,76.429,6720,6760,2.590,2.300,1.750,1,0,116.172,0,0,16,126,0,23,4
17-08 14:42:45,10.239,23.724,63.181,0,0,3466800,8743952,388828,3656872,63102.477,160819.367,0,243.735,0,10.988,6003,5557,2.590,2.300,1.750,2,0,131.857,0,0,16,126,0,23,4
17-08 14:42:46,9.258,23.519,63.052,0,0,3471308,8739420,388848,3656876,45743.693,27078.313,0,400.330,0,21.017,5831,5491,2.590,2.300,1.750,3,0,131.108,0,0,16,126,0,23,4
17-08 14:42:47,12.732,23.467,60.915,0,0,3474096,8736596,388880,3656880,61916.178,33926.427,0,934.689,0,24.965,6056,5788,2.590,2.300,1.750,2,0,122.828,0,0,16,128,0,23,4
17-08 14:42:48,20.461,27.947,48.408,0,0,3556072,8654596,388904,3656876,60728.063,33144.723,0,199.619,0,14.971,6378,5794,2.590,2.300,1.750,4,0,126.758,0,0,16,130,0,23,4
17-08 14:42:49,15.276,24.542,57.598,0,0,3562808,8647796,388932,3656912,61284.985,33320.536,0,232.394,0,23.039,6342,6109,2.550,2.300,1.760,3,0,129.219,0,0,16,130,0,23,4
17-08 14:42:50,10.011,23.024,63.067,0,0,3557768,8652836,388932,3656912,45928.868,25278.897,0,0,0,0,5841,5382,2.550,2.300,1.760,4,0,128.136,0,0,16,130,0,23,4
17-08 14:42:51,11.982,22.716,62.406,0,0,3569324,8641256,388960,3656924,60880.941,33183.822,0,1869.174,0,212.678,6197,5854,2.550,2.300,1.760,2,0,116.823,0,0,16,130,0,23,4
17-08 14:42:52,25.011,8.254,63.777,0,0,3614932,8595648,388960,3656924,55479.615,463915.469,0,92.039,0,12.005,4488,5250,2.550,2.300,1.760,2,0,2.001,0,0,16,130,0,23,4
17-08 14:42:53,18.534,4.258,74.886,0,0,3642392,8568180,388964,3656928,34531.656,134000.137,0,180.327,0,9.016,3618,4563,2.550,2.300,1.760,1,0,2.004,0,0,16,131,0,23,4
17-08 14:42:54,26.890,5.976,64.238,0,0,3642340,8568180,389008,3656936,20089.120,11939.337,0,294.798,0,29.878,4516,5363,2.420,2.280,1.750,1,0,1.992,0,0,16,138,0,23,4
17-08 14:42:55,24.550,4.008,69.141,0,0,3642572,8567940,389016,3656940,33327.905,24963.863,0,244.498,0,21.043,4443,5349,2.420,2.280,1.750,3,0,2.004,0,0,16,136,0,24,4
17-08 14:42:56,28.965,24.221,44.197,0,0,3633076,8577396,389020,3657032,15455.473,7610.876,0,155.813,0,7.990,6032,15652,2.420,2.280,1.750,3,0,98.881,0,0,16,136,0,25,4
17-08 14:42:57,24.981,6.495,66.949,0,0,3643636,8566812,389036,3656964,45210.552,26645.698,0,99.924,0,9.992,3537,3781,2.420,2.280,1.750,1,0,0,0,0,16,136,0,25,4
17-08 14:42:58,35.299,12.017,50.069,0,0,3659944,8550216,389084,3657200,32617.857,17056.457,0,9012.394,0,1128.552,8264,7307,2.420,2.280,1.750,2,0,10.014,0,0,16,139,0,26,4
17-08 14:42:59,20.023,5.006,73.083,0,0,3656964,8553192,389092,3657196,34266.902,18854.405,0,164.186,0,9.010,3827,4630,2.390,2.270,1.750,2,0,0,0,0,16,142,0,25,4
17-08 14:43:00,26.232,5.246,65.456,0.250,0,3656768,8553148,389132,3657396,15624.556,7291.126,0,339.773,0,25.983,4260,5233,2.390,2.270,1.750,4,0,0,0,0,16,141,0,25,4
17-08 14:43:01,31.426,10.226,55.369,0,0,3658800,8550696,389364,3657536,15735.828,7440.424,0,1707.965,0,208.507,7456,9799,2.390,2.270,1.750,6,0,6.984,0,0,16,144,0,25,4
17-08 14:43:02,24.834,11.037,62.211,0.251,0,3662208,8546904,389588,3657684,15484.429,7387.012,0,4142.025,0,244.829,5872,7679,2.390,2.270,1.750,3,0,0,0,0,16,144,0,25,4
17-08 14:43:03,28.727,6.495,60.451,0.250,0,3664216,8544776,389712,3657676,15696.196,7437.932,0,2801.714,0,396.676,6361,7672,2.390,2.270,1.750,3,0,0.999,0,0,16,144,0,24,4
17-08 14:43:04,20.284,13.022,64.359,0,0,3605336,8603524,389768,3657748,2014.413,1277.164,0,500.849,0,38.064,5005,5437,2.280,2.250,1.750,2,0,68.115,0,0,16,143,0,25,4
17-08 14:43:05,19.492,13.245,64.725,0,0,3619036,8589804,389780,3657740,44991.635,24202.659,0,263.898,0,14.994,4662,4999,2.280,2.250,1.750,1,0,44.983,0,0,16,143,0,25,4
17-08 14:43:06,26.992,5.998,64.732,0,0,3668080,8540664,389860,3657752,29943.623,14653.900,0,1295.638,0,71.980,4229,4986,2.280,2.250,1.750,1,0,0,0,0,16,143,0,25,4
17-08 14:43:07,16.990,5.747,75.207,0,0,3668504,8540200,389892,3657760,36115.483,20741.217,0,219.875,0,24.986,4233,5416,2.280,2.250,1.750,1,0,1.999,0,0,16,144,0,25,4
17-08 14:43:08,22.031,6.931,67.825,0,0,3668464,8540200,389904,3657788,15980.858,8051.818,0,150.501,0,7.921,3929,4738,2.280,2.250,1.750,3,0,0,0,0,16,144,0,25,4
17-08 14:43:09,24.469,5.297,68.866,0.252,0,3668828,8539724,389984,3657816,17901.175,9432.398,0,585.237,0,67.605,4775,6197,2.170,2.230,1.740,2,0,1.009,0,0,16,146,0,25,4
17-08 14:43:10,24.535,9.013,63.090,0,0,3674316,8534192,390024,3657820,15329.796,7468.619,0,412.587,0,35.050,5135,6482,2.170,2.230,1.740,2,0,2.003,0,0,16,146,0,25,4
17-08 14:43:11,38.681,12.727,46.168,0,0,3678736,8529660,390120,3657828,17304.127,8956.021,0,762.639,0,73.868,5997,6406,2.170,2.230,1.740,2,0,20.963,0,0,16,145,0,26,4
17-08 14:43:12,33.781,23.522,41.038,0,0,3759464,8448920,390128,3657848,45394.178,23842.153,0,296.275,0,13.012,5615,4831,2.170,2.230,1.740,4,0,78.073,0,0,16,145,0,26,4
17-08 14:43:13,47.842,11.079,40.540,0.252,0,3831252,8377080,390176,3657852,59958.837,483119.359,0,1111.953,0,58.418,5557,4472,2.170,2.230,1.740,2,0,4.029,0,0,16,145,0,26,4
17-08 14:43:14,23.807,9.424,64.477,0,0,3848124,8360148,390212,3657864,24776.012,153075.223,0,535.655,0,40.670,4404,4885,2.080,2.210,1.740,2,0,5.952,0,0,16,146,0,26,4
17-08 14:43:15,23.007,3.501,71.272,0,0,3826740,8381524,390212,3657872,48776.945,33503.265,0,4.001,0,1.000,3758,4442,2.080,2.210,1.740,1,0,0,0,0,16,145,0,27,4
17-08 14:43:16,18.775,14.019,65.339,0,0,3810252,8398000,390212,3657884,30832.767,19218.033,0,52.071,0,3.004,4636,5024,2.080,2.210,1.740,2,0,57.077,0,0,16,145,0,27,4
17-08 14:43:17,26.029,5.006,66.574,0,0,3847892,8360356,390212,3657884,29724.067,14608.251,0,292.325,0,4.004,3839,4505,2.080,2.210,1.740,2,0,0,0,0,16,145,0,27,4
17-08 14:43:18,15.963,3.991,77.321,0,0,3839024,8369220,390212,3657888,35517.781,20264.091,0,0,0,0,3495,4459,2.080,2.210,1.740,2,0,0,0,0,16,146,0,27,4
17-08 14:43:19,19.542,6.765,70.904,0,0,3790816,8417412,390212,3657904,34470.761,25406.102,0,280.609,0,3.007,4187,4820,2.070,2.200,1.740,3,0,29.063,0,0,16,145,0,28,4
17-08 14:43:20,21.707,10.230,64.873,0,0,3784580,8423644,390216,3657904,59559.982,33659.868,0,83.835,0,2.994,4271,4815,2.070,2.200,1.740,2,0,23.953,0,0,16,145,0,28,4
17-08 14:43:21,24.739,4.998,68.471,0.250,0,3817476,8390696,390260,3657912,30229.112,15951.199,0,783.666,0,101.957,4145,4964,2.070,2.200,1.740,0,0,0,0,0,16,146,0,28,4
17-08 14:43:22,18.294,4.761,74.678,0,0,3808656,8399488,390280,3657916,20748.448,12392.534,0,96.229,0,12.029,3736,4735,2.070,2.200,1.740,0,0,2.005,0,0,16,146,0,28,4
17-08 14:43:23,25.409,8.719,63.522,0,0,3805604,8402280,390368,3658084,15967.719,7904.643,0,697.498,0,70.746,5568,6762,2.070,2.200,1.740,2,0,1.993,0,0,16,148,0,28,4
17-08 14:43:24,19.558,14.292,63.688,0,0,3764732,8443028,390480,3658092,16163.600,8793.897,0,2186.439,0,398.173,5819,5887,1.990,2.180,1.740,1,0,72.213,0,0,16,147,0,14,4
17-08 14:43:25,23.263,9.005,65.787,0,0,3790364,8417396,390496,3658076,44790.256,24125.604,0,292.165,0,13.007,4116,4849,1.990,2.180,1.740,2,0,12.007,0,0,16,147,0,14,4
17-08 14:43:26,21.491,5.248,70.969,0,0,3824352,8383356,390532,3658092,31442.224,16880.604,0,1071.531,0,54.976,3817,4697,1.990,2.180,1.740,1,0,0,0,0,16,148,0,14,4
17-08 14:43:27,20.508,4.002,73.778,0,0,3820444,8387252,390536,3658100,34941.365,33907.969,0,44.017,0,5.002,3772,4720,1.990,2.180,1.740,0,0,0,0,0,16,148,0,14,4
17-08 14:43:28,18.970,9.984,68.392,0,0,3773500,8434184,390536,3658112,33165.716,10073.120,0,23.962,0,2.995,4473,4723,1.990,2.180,1.740,1,0,54.913,0,0,16,147,0,15,4
17-08 14:43:29,23.498,8.249,65.994,0,0,3774108,8433576,390536,3658112,30782.192,19336.236,0,0,0,0,3922,4671,1.910,2.160,1.730,1,0,2.000,0,0,16,147,0,15,4
17-08 14:43:30,22.007,5.002,70.524,0,0,3807680,8400000,390536,3658116,44739.139,582933.255,0,0,0,0,4160,4876,1.910,2.160,1.730,0,0,1.000,0,0,16,148,0,15,4
17-08 14:43:31,18.026,3.755,75.859,0,0,3805828,8401848,390536,3658120,34142.849,19551.973,0,240.344,0,2.003,3577,4471,1.910,2.160,1.730,0,0,2.003,0,0,16,148,0,15,4
17-08 14:43:32,25.253,9.751,61.257,0.250,0,3805240,8401816,391076,3658184,30412.595,15145.790,0,4216.498,0,308.036,6158,8181,1.910,2.160,1.730,1,0,0,0,0,16,148,0,13,4
17-08 14:43:33,27.189,8.980,60.615,0,0,3805760,8401060,391280,3658208,15692.048,7493.310,0,1875.822,0,169.622,6205,8139,1.910,2.160,1.730,2,0,1.996,0,0,16,149,0,13,4
17-08 14:43:34,29.754,6.251,61.008,0,0,3808044,8398540,391452,3658268,16432.223,8765.186,0,900.122,0,85.011,5327,6775,2.720,2.330,1.790,1,0,2.000,0,0,16,148,0,15,4
17-08 14:43:35,16.501,16.001,65.005,0,0,3771628,8434936,391476,3658248,751.062,0,0,420.035,0,21.002,4664,5021,2.720,2.330,1.790,1,0,53.004,0,0,16,148,0,15,4
17-08 14:43:36,27.005,5.251,64.762,0,0,3810852,8395424,391724,3658280,44800.297,23370.328,0,2848.528,0,152.028,4460,5292,2.720,2.330,1.790,2,0,0,0,0,16,148,0,15,4
17-08 14:43:37,18.282,4.257,76.132,0.250,0,3821864,8384332,391792,3658288,35328.407,21007.515,0,256.446,0,26.045,3842,5051,2.720,2.330,1.790,1,0,2.003,0,0,16,149,0,15,4
17-08 14:43:38,17.987,3.497,75.944,0,0,3819216,8386976,391808,3658276,34638.577,19448.726,0,175.871,0,9.993,3928,4824,2.720,2.330,1.790,1,0,0,0,0,16,149,0,15,4
17-08 14:43:39,24.233,8.744,63.455,0,0,3819028,8387004,391940,3658300,15113.189,7452.669,0,531.620,0,56.959,5215,6696,2.580,2.310,1.780,2,0,0,0,0,16,149,0,15,4
17-08 14:43:40,25.490,10.746,60.727,0.250,0,3818808,8386980,392156,3658324,15117.212,7293.208,0,2251.138,0,394.849,6871,8549,2.580,2.310,1.780,2,0,1.999,0,0,16,149,0,12,4
17-08 14:43:41,22.533,11.767,61.590,0,0,3819384,8386140,392332,3658408,15228.297,7306.698,0,668.979,0,70.103,6028,8070,2.580,2.310,1.780,1,0,0,0,0,16,149,0,12,4
17-08 14:43:42,30.483,5.747,60.967,0,0,3820464,8384892,392416,3658488,15054.758,7519.883,0,467.744,0,39.978,6309,8456,2.580,2.310,1.780,2,0,0,0,0,16,149,0,12,4
17-08 14:43:43,37.026,13.259,47.283,0.250,0,3733572,8471544,392600,3658540,1611.110,1080.745,0,812.560,0,78.054,7228,8712,2.580,2.310,1.780,4,0,55.038,0,0,16,148,0,13,4
17-08 14:43:44,21.741,10.995,64.972,0,0,3772128,8432988,392624,3658516,44739.556,24447.375,0,299.870,0,15.993,4255,4905,2.450,2.280,1.780,2,0,24.989,0,0,16,148,0,13,4
17-08 14:43:45,23.751,4.500,69.254,0,0,3814432,8390652,392632,3658540,30526.741,15763.899,0,312.018,0,18.001,3723,4554,2.450,2.280,1.780,2,0,0,0,0,16,149,0,13,4
17-08 14:43:46,19.264,4.503,74.554,0,0,3814428,8390652,392660,3658516,35810.118,20342.837,0,1240.905,0,63.046,3913,4735,2.450,2.280,1.780,0,0,2.001,0,0,16,149,0,13,4
17-08 14:43:47,18.930,5.978,71.236,0,0,3814188,8390652,392820,3658588,19028.458,10486.126,0,1040.144,0,119.557,5358,7404,2.450,2.280,1.780,4,0,0,0,0,16,148,0,13,5
17-08 14:43:48,15.797,19.559,62.438,0,0,3770708,8434100,392840,3658600,30867.790,17277.938,0,304.917,0,16.048,5495,5384,2.450,2.280,1.780,2,0,117.353,0,0,16,148,0,14,4
17-08 14:43:49,23.264,12.508,61.538,0,0,3789432,8415376,393016,3658424,59136.288,478113.387,0,4622.837,0,226.139,5729,6257,2.340,2.260,1.770,1,0,32.020,0,0,16,148,0,14,4
17-08 14:43:50,26.481,5.746,65.452,0.250,0,3821612,8382984,393048,3658600,49502.833,159317.603,0,659.518,0,29.978,4105,4534,2.340,2.260,1.770,2,0,0.999,0,0,16,148,0,14,4
17-08 14:43:51,17.234,3.996,75.928,0.250,0,3824872,8379700,393088,3658584,20631.531,12852.871,0,483.544,0,42.959,3841,5079,2.340,2.260,1.770,2,0,0,0,0,16,149,0,14,4
17-08 14:43:52,16.502,3.500,77.259,0,0,3820976,8383504,393128,3658624,34942.873,20156.234,0,372.041,0,47.005,4052,5270,2.340,2.260,1.770,0,0,2.000,0,0,16,149,0,14,4
17-08 14:43:53,22.770,7.507,66.808,0,0,3817504,8386928,393176,3658624,16142.986,7879.827,0,352.305,0,38.033,5178,6651,2.340,2.260,1.770,2,0,1.001,0,0,16,149,0,14,4
17-08 14:43:54,30.697,10.731,56.152,0,0,3814528,8389740,393396,3658560,15156.611,7445.038,0,878.471,0,94.835,6203,7958,2.310,2.260,1.780,4,0,0,0,0,16,149,0,14,4
17-08 14:43:55,21.034,10.517,64.856,0,0,3813824,8390336,393428,3658636,300.491,0,0,304.498,0,17.028,4689,5803,2.310,2.260,1.780,2,0,2.003,0,0,16,149,0,14,4
17-08 14:43:56,36.600,16.681,44.318,0,0,3816288,8387640,393532,3658752,15120.864,7266.142,0,669.250,0,57.763,7089,9008,2.310,2.260,1.780,5,0,1.992,0,0,16,151,0,14,4
17-08 14:43:57,52.138,21.808,23.813,0,0,3789860,8413848,393724,3658776,17570.569,9041.965,0,950.519,0,102.271,8456,23247,2.310,2.260,1.780,2,0,81.215,0,0,16,150,0,14,4
17-08 14:43:58,34.092,24.458,36.810,0,0,3790704,8412616,393948,3658940,1802.451,146.252,0,964.470,0,95.854,8040,8630,2.310,2.260,1.780,5,0,124.511,0,0,16,150,0,14,4
17-08 14:43:59,19.778,23.835,54.771,0,0,3791400,8411820,394032,3658944,31373.450,21334.190,0,612.620,0,39.557,6119,6298,2.360,2.270,1.780,1,0,118.670,0,0,16,150,0,14,4
17-08 14:44:00,22.976,9.240,66.430,0,0,3809040,8394180,394056,3658920,44719.159,23079.825,0,319.665,0,14.984,3810,4153,2.360,2.270,1.780,1,0,0,0,0,16,150,0,14,4
17-08 14:44:01,18.271,4.755,74.584,0,0,3833424,8369736,394080,3658952,31225.250,17488.743,0,2494.816,0,419.474,4331,4297,2.360,2.270,1.780,1,0,4.005,0,0,16,151,0,13,4
17-08 14:44:02,22.493,5.248,70.227,0,0,3835180,8367972,394172,3658868,20072.337,11699.116,0,1483.508,0,79.973,4261,5276,2.360,2.270,1.780,1,0,0,0,0,16,151,0,13,4
17-08 14:44:03,18.508,13.506,65.277,0,0,3795120,8407932,394172,3658964,30742.651,16818.921,0,4.002,0,1.000,4839,5063,2.360,2.270,1.780,2,0,70.029,0,0,16,150,0,14,4
17-08 14:44:04,9.498,23.745,63.237,0,0,3785456,8417588,394172,3658972,45833.351,25268.681,0,0,0,0,5882,5497,2.250,2.250,1.780,2,0,135.971,0,0,16,150,0,14,4
17-08 14:44:05,9.492,23.480,63.196,0,0,3784544,8418488,394180,3658976,60969.346,34574.708,0,55.953,0,2.997,5988,5601,2.250,2.250,1.780,2,0,134.886,0,0,16,150,0,12,4
17-08 14:44:06,13.266,24.529,59.570,0,0,3777380,8425580,394208,3658988,72081.494,467768.316,0,312.366,0,24.028,6423,6159,2.250,2.250,1.780,1,0,122.143,0,0,16,150,0,12,4
17-08 14:44:07,12.997,25.244,59.236,0,0,3780516,8422376,394268,3658996,48210.648,146017.617,0,491.884,0,33.992,6231,6274,2.250,2.250,1.780,1,0,118.972,0,0,16,150,0,12,4
17-08 14:44:08,15.503,29.505,50.509,0,0,3776488,8426348,394276,3659532,60409.745,31093.530,0,188.033,0,11.002,7256,8600,2.250,2.250,1.780,1,0,131.023,0,0,16,150,0,12,4
17-08 14:44:09,21.649,23.889,52.257,0,0,3772648,8430140,394284,3659528,44438.977,22604.694,0,151.295,0,7.963,6005,7220,2.230,2.250,1.780,2,0,73.657,0,0,16,150,0,12,4
17-08 14:44:10,24.603,19.833,53.975,0,0,3760500,8442260,394300,3659044,45410.413,23550.231,0,156.653,0,7.029,5200,5163,2.230,2.250,1.780,4,0,59.247,0,0,16,150,0,12,4
17-08 14:44:11,28.432,27.934,41.152,0,0,3805068,8397672,394308,3659056,56084.539,29585.597,0,47.886,0,3.991,6228,5435,2.230,2.250,1.780,3,0,124.703,0,0,16,150,0,12,4
17-08 14:44:12,30.945,26.203,40.178,0,0,3853664,8349048,394324,3659068,50181.658,30625.475,0,155.723,0,6.988,6266,5464,2.230,2.250,1.780,2,0,122.781,0,0,16,150,0,12,4
17-08 14:44:13,31.835,27.825,39.105,0,0,3857768,8344540,394368,3659384,60441.943,31201.599,0,521.397,0,32.086,6963,6955,2.230,2.250,1.780,1,0,126.339,0,0,16,156,0,11,4
17-08 14:44:14,15.433,28.875,51.775,0,0,3860000,8342272,394368,3659412,60915.806,29330.791,0,15.931,0,3.983,6461,6717,2.380,2.270,1.790,9,0,126.452,0,0,16,156,0,11,4
17-08 14:44:15,32.699,35.466,30.436,0.252,0,3901732,8297748,394444,3662088,56444.259,579321.342,0,587.584,0,45.276,8868,12876,2.380,2.270,1.790,2,0,140.859,0,0,16,162,0,11,4
17-08 14:44:16,15.706,25.679,55.346,0,0,3903676,8295760,394476,3662484,60052.268,30820.429,0,590.361,0,23.934,7388,8659,2.380,2.270,1.790,1,0,133.629,0,0,16,162,0,11,4
17-08 14:44:17,23.017,23.518,50.789,0,0,3896340,8302964,394528,3662588,45256.391,22845.360,0,8886.753,0,777.591,7607,8029,2.380,2.270,1.790,3,0,50.038,0,0,16,162,0,10,4
17-08 14:44:18,20.018,21.770,56.802,0,0,3893228,8306008,394540,3662104,44866.206,22913.044,0,140.129,0,13.012,5110,5729,2.380,2.270,1.790,1,0,56.051,0,0,18,162,0,10,4
17-08 14:44:19,47.196,29.158,20.015,0,0,3981120,8218092,394544,3662576,60353.195,33615.213,0,90.932,0,4.942,6475,5186,2.510,2.300,1.800,4,0,111.688,0,0,18,162,0,10,4
17-08 14:44:20,48.616,34.258,16.121,0,0,4054168,8145012,394572,3662580,48921.398,25759.983,0,1418.683,0,25.190,6689,5425,2.510,2.300,1.800,4,0,144.085,0,0,18,162,0,10,4
17-08 14:44:21,53.418,26.336,18.386,0,0,4108488,8090636,394616,3662592,60738.904,33215.780,0,214.667,0,19.877,6657,5593,2.510,2.300,1.800,9,0,124.229,0,0,18,170,0,9,4
17-08 14:44:22,51.211,30.525,17.407,0,0,4138984,8058408,394664,3664228,61358.953,35206.701,0,3790.094,0,789.098,10128,10388,2.510,2.300,1.800,5,0,151.362,0,0,18,178,0,9,4
17-08 14:44:23,19.985,25.981,50.712,0.250,0,4142440,8054884,394692,3664260,51871.167,26058.491,0,747.440,0,87.934,6144,5845,2.510,2.300,1.800,5,0,115.913,0,0,18,184,0,9,4
17-08 14:44:24,11.776,25.556,60.132,0,0,4147320,8049904,394708,3664340,65368.858,581136.911,0,184.406,0,10.022,6311,5922,2.470,2.300,1.810,2,0,127.280,0,0,18,184,0,9,4
17-08 14:44:25,14.951,30.899,50.336,0,0,4159208,8037868,394836,3664828,59270.607,27314.875,0,3093.905,0,166.457,7329,8711,2.470,2.300,1.810,10,0,137.551,0,0,18,184,0,8,4
17-08 14:44:26,21.794,25.302,50.854,0,0,4162416,8034588,394848,3664836,48986.891,26191.408,0,184.376,0,8.016,6380,8131,2.470,2.300,1.810,2,0,76.155,0,0,18,184,0,8,4
17-08 14:44:27,22.476,19.512,55.326,0,0,4164904,8032060,394860,3664348,44624.347,23424.621,0,304.293,0,14.819,5109,4802,2.470,2.300,1.810,6,0,43.470,0,0,18,184,0,8,4
17-08 14:44:28,29.151,29.911,40.557,0,0,4210464,7986448,394884,3664376,61704.908,33978.916,0,247.400,0,13.181,6296,5500,2.470,2.300,1.810,2,0,128.769,0,0,18,184,0,8,4
17-08 14:44:29,33.408,27.923,36.400,0,0,4245464,7951424,394888,3664392,45450.917,25481.873,0,143.605,0,2.992,9456,5299,2.430,2.290,1.810,3,0,132.635,0,0,18,184,0,7,4
17-08 14:44:30,31.026,25.771,40.784,0,0,4274360,7922424,394936,3664448,61548.151,33315.688,0,328.273,0,28.023,6436,5839,2.430,2.290,1.810,2,0,126.105,0,0,19,188,0,7,4
17-08 14:44:31,12.523,26.298,58.107,0,0,4274844,7921920,394964,3664440,61082.548,32031.019,0,156.288,0,15.028,6214,5771,2.430,2.290,1.810,1,0,153.282,0,0,19,190,0,7,4
17-08 14:44:32,34.207,24.469,38.452,0,0,4274644,7922036,395024,3664460,54652.657,571091.849,0,339.575,0,30.961,6711,6145,2.430,2.290,1.810,2,0,125.843,0,0,19,204,0,7,4
17-08 14:44:33,10.925,25.077,60.583,0,0,4273392,7923144,395024,3664604,63757.316,35330.905,0,23.836,0,2.979,6015,5678,2.430,2.290,1.810,3,0,124.146,0,0,19,204,0,7,4
17-08 14:44:34,10.833,25.697,61.220,0,0,4275392,7921140,395024,3664608,60745.459,31064.542,0,16.124,0,4.031,5965,5560,2.390,2.290,1.810,1,0,123.952,0,0,19,204,0,7,4
17-08 14:44:35,10.499,24.998,60.745,0,0,4276564,7919904,395068,3664620,45572.398,23818.117,0,499.960,0,29.998,5976,5818,2.390,2.290,1.810,1,0,120.990,0,0,19,204,0,7,4
17-08 14:44:36,23.176,23.176,52.146,0,0,4286508,7909908,395108,3664620,59615.903,30223.609,0,229.745,0,21.161,6431,7726,2.390,2.290,1.810,2,0,79.605,0,0,19,204,0,7,4
17-08 14:44:37,23.308,22.316,50.830,0.744,0,4281180,7914980,395140,3665248,44600.649,22365.288,0,249.936,0,20.828,6152,7338,2.390,2.290,1.810,5,0,78.353,0,0,19,204,0,7,4
17-08 14:44:38,25.962,24.964,46.183,0,0,4300792,7895328,395152,3664776,45628.578,24630.146,0,339.506,0,13.980,6095,5806,2.390,2.290,1.810,5,0,83.878,0,0,19,204,0,5,4
17-08 14:44:39,29.452,28.704,39.436,0,0,4342724,7853388,395160,3664776,60482.436,32896.934,0,39.936,0,3.994,6306,5275,2.360,2.280,1.810,6,0,126.795,0,0,19,204,0,5,4
17-08 14:44:40,31.082,26.642,39.469,0,0,4385036,7810832,395172,3665004,49004.574,25650.832,0,67.097,0,5.920,6461,5911,2.360,2.280,1.810,4,0,136.168,0,0,19,206,0,5,4
17-08 14:44:41,26.897,25.375,45.421,0,0,4388784,7807068,395172,3665020,70448.164,599207.271,0,828.229,0,7.105,6542,6005,2.360,2.280,1.810,1,0,123.828,0,0,19,210,0,5,4
17-08 14:44:42,26.832,31.553,39.254,0,0,4386576,7807836,395172,3666472,61623.307,31955.991,0,8514.707,0,856.638,9437,9182,2.360,2.280,1.810,8,0,116.272,0,0,19,210,0,5,4
17-08 14:44:43,31.334,32.337,33.841,0,0,4432180,7761168,395216,3667844,45410.215,23258.597,0,770.073,0,29.078,9033,11787,2.360,2.280,1.810,3,0,133.359,0,0,19,216,0,5,4
17-08 14:44:44,21.655,23.896,51.774,0,0,4439660,7753660,395216,3667848,44743.664,22338.478,0,0,0,0,5961,7080,2.250,2.260,1.810,3,0,74.674,0,0,19,216,0,5,4
17-08 14:44:45,21.610,24.122,52.768,0,0,4447604,7745644,395276,3667460,44867.813,23071.142,0,498.531,0,32.163,5375,5864,2.250,2.260,1.810,3,0,61.311,0,0,19,216,0,5,4
17-08 14:44:46,28.631,29.636,39.681,0,0,4488392,7704828,395288,3667476,61393.727,33931.152,0,100.459,0,8.037,6348,5666,2.250,2.260,1.810,2,0,135.620,0,0,19,216,0,4,4
17-08 14:44:47,29.942,29.942,38.176,0.250,0,4522616,7670576,395316,3667476,60822.154,36996.318,0,10954.775,0,1442.206,8736,5632,2.250,2.260,1.810,3,0,145.718,0,0,19,216,0,4,4
17-08 14:44:48,33.684,28.029,34.913,0,0,4547844,7644880,395340,3667908,60567.284,31746.561,0,389.456,0,26.554,7356,7681,2.250,2.260,1.810,10,0,142.604,0,0,19,218,0,4,4
17-08 14:44:49,28.545,35.936,34.662,0.255,0,4583796,7606708,395400,3670032,58221.532,475188.013,0,367.007,0,30.584,8827,10911,2.470,2.310,1.820,1,0,166.172,0,0,19,222,0,4,4
17-08 14:44:50,9.506,26.768,59.539,0,0,4587524,7602972,395412,3670024,63416.968,151017.940,0,156.103,0,9.006,6322,5814,2.470,2.310,1.820,1,0,159.105,0,0,19,222,0,3,4
17-08 14:44:51,19.237,26.982,49.967,0,0,4590848,7599444,395472,3670168,45707.403,23496.271,0,2562.285,0,48.967,6531,6187,2.470,2.310,1.820,2,0,154.896,0,0,19,228,0,3,4
17-08 14:44:52,10.991,24.980,61.701,0,0,4594092,7596172,395496,3670168,61147.839,32312.550,0,139.890,0,13.989,6137,5863,2.470,2.310,1.820,2,0,135.893,0,0,19,228,0,3,4
17-08 14:44:53,10.504,23.759,63.275,0,0,4595084,7595164,395496,3670184,60591.979,34159.519,0,420.166,0,81.032,6139,5771,2.470,2.310,1.820,2,0,139.055,0,0,19,228,0,3,4
17-08 14:44:54,12.717,24.686,59.347,0,0,4600312,7589896,395540,3670192,48442.050,23826.542,0,327.156,0,26.931,6203,6068,2.350,2.290,1.820,2,0,117.696,0,0,19,228,0,3,4
17-08 14:44:55,12.251,24.252,60.256,0,0,4601520,7588640,395576,3670204,57173.554,31651.075,0,292.028,0,23.002,5990,5924,2.350,2.290,1.820,3,0,120.012,0,0,19,228,0,3,4
17-08 14:44:56,11.005,24.762,60.528,0,0,4606024,7584112,395592,3670208,60180.997,31392.604,0,160.074,0,10.005,5938,5634,2.350,2.290,1.820,4,0,124.058,0,0,19,228,0,3,4
17-08 14:44:57,26.801,27.302,43.082,0,0,4638372,7551756,395612,3672692,44665.486,22549.157,0,368.706,0,17.033,6953,12783,2.350,2.290,1.820,5,0,116.222,0,0,19,228,0,3,4
17-08 14:44:58,34.693,26.020,36.427,0,0,4626980,7563088,395648,3670212,59325.668,580969.480,0,178.420,0,17.842,7217,15256,2.350,2.290,1.820,5,0,85.245,0,0,19,232,0,2,4
17-08 14:44:59,28.977,28.725,41.324,0,0,4645224,7544804,395652,3670232,61265.830,33651.557,0,129.010,0,4.032,6411,5872,2.330,2.280,1.820,3,0,118.931,0,0,19,234,0,2,4
17-08 14:45:00,47.525,9.505,41.772,0,0,4733676,7456352,395652,3670232,45975.341,24092.756,0,0,0,0,4852,4635,2.330,2.280,1.820,2,0,0,0,0,19,234,0,2,4
17-08 14:45:01,45.392,15.214,36.912,0,0,4799488,7389600,395664,3671140,44382.265,22482.438,0,107.743,0,7.981,5597,5793,2.330,2.280,1.820,3,0,9.976,0,0,19,234,0,2,4
17-08 14:45:02,45.822,11.017,42.066,0,0,4856912,7331416,395688,3671828,29573.562,15071.730,0,156.246,0,9.014,5247,4965,2.330,2.280,1.820,3,0,5.008,0,0,19,237,0,3,4
17-08 14:45:03,33.766,18.259,45.522,0,0,4888220,7299980,395708,3671948,15477.342,7513.564,0,116.055,0,4.002,5638,5324,2.330,2.280,1.820,3,0,58.028,0,0,19,240,0,3,4
17-08 14:45:04,30.021,39.607,25.732,3.784,0,4775076,7409632,396304,3674560,60760.058,32287.232,2494.500,847.646,153.384,19.173,7056,7097,2.620,2.340,1.840,4,1,90.819,0,0,19,238,0,3,4
17-08 14:45:05,34.233,47.437,14.671,0,0,4802780,7378704,396344,3677524,44753.027,23857.326,266.038,324.723,11.737,23.474,10238,15047,2.620,2.340,1.840,4,0,190.726,0,0,19,238,0,3,4
17-08 14:45:06,49.346,29.456,20.393,0.252,0,4847344,7333944,396428,3677592,61187.683,34662.849,16.113,479.358,1.007,44.310,7411,7342,2.620,2.340,1.840,5,0,132.931,0,0,19,241,0,4,4
17-08 14:45:07,39.754,30.371,25.927,0,0,4864344,7316144,396936,3677848,65063.990,35006.649,0,3204.062,0,272.602,8181,9206,2.620,2.340,1.840,8,0,114.572,0,0,19,244,0,4,4
17-08 14:45:08,31.008,27.450,40.920,0,0,4870336,7309696,396952,3678284,56237.313,590265.075,0,1594.116,0,27.450,7061,7661,2.620,2.340,1.840,5,0,119.965,0,0,19,247,0,6,4
17-08 14:45:09,29.524,29.274,38.781,0,0,4816108,7363900,396968,3678292,61670.589,32585.202,0,460.370,0,22.018,6353,5798,2.730,2.370,1.850,2,0,121.097,0,0,19,246,0,7,4
17-08 14:45:10,31.018,27.516,38.772,0,0,4861272,7318584,396988,3678424,45132.706,23147.184,0,268.153,0,14.008,6166,5163,2.730,2.370,1.850,4,0,119.068,0,0,19,246,0,7,4
17-08 14:45:11,30.962,27.217,39.701,0,0,4872672,7307116,397056,3678912,65806.166,36655.973,0,1334.361,0,67.917,7199,8088,2.730,2.370,1.850,4,0,103.872,0,0,19,247,0,7,4
17-08 14:45:12,29.145,25.657,42.098,0,0,4872272,7307392,397080,3678936,44598.608,24819.185,0,259.063,0,21.921,7005,8451,2.730,2.370,1.850,4,0,79.712,0,0,19,247,0,7,4
17-08 14:45:13,53.783,23.735,22.978,0.505,0,4870536,7308920,397144,3679008,51408.437,27487.389,0,9380.962,0,957.488,7643,6096,2.730,2.370,1.850,5,0,74.741,0,0,19,248,0,8,4
17-08 14:45:14,66.488,20.669,10.957,0,0,4983724,7195660,397172,3679052,45647.092,24232.493,0,254.995,0,18.925,6072,5272,2.750,2.380,1.860,4,0,68.729,0,0,19,249,0,8,4
17-08 14:45:15,56.440,14.485,25.723,1.498,0,5069372,7109252,397184,3679800,45797.414,25098.373,727.228,183.805,9.989,8.990,5423,4636,2.750,2.380,1.860,6,0,6.993,0,0,19,254,0,8,4
17-08 14:45:16,60.204,12.190,25.624,0,0,5116804,7060948,397300,3680484,21449.455,12964.208,0,1460.812,0,76.623,5696,4714,2.750,2.380,1.860,3,0,1.990,0,0,19,254,0,8,4
17-08 14:45:17,53.377,16.539,28.067,0,0,5125424,7050672,397584,3681584,34522.294,18997.285,0,3283.828,0,216.516,7766,9038,2.750,2.380,1.860,7,0,41.098,0,0,19,252,0,15,4
17-08 14:45:18,29.505,29.005,39.757,0,0,5094280,7081756,397596,3681624,68768.384,598016.993,0,148.025,0,8.001,6598,5854,2.750,2.380,1.860,4,0,128.021,0,0,19,252,0,15,4
17-08 14:45:19,30.387,28.378,39.177,0.251,0,5145132,7030864,397632,3681628,45803.103,26958.897,0,12906.357,0,1563.068,9128,5809,2.690,2.370,1.860,3,0,131.595,0,0,19,253,0,15,4
17-08 14:45:20,22.689,25.930,48.120,0,0,5146064,7029884,397656,3681644,65987.726,36789.608,0,207.440,0,14.960,6149,5839,2.690,2.370,1.860,4,0,108.706,0,0,19,253,0,15,4
17-08 14:45:21,19.185,24.667,52.324,0,0,5143120,7032716,397744,3681664,66155.026,37281.344,0,478.388,0,43.852,6552,6744,2.690,2.370,1.860,5,0,112.620,0,0,19,252,0,16,4
17-08 14:45:22,33.271,31.770,33.521,0,0,5092020,7083780,397784,3682156,45431.974,23386.915,0,640.408,0,23.015,7159,7468,2.690,2.370,1.860,7,0,138.088,0,0,19,252,0,16,4
17-08 14:45:23,41.668,28.444,29.193,0,0,5108576,7067168,397808,3682036,44552.782,23034.906,0,443.133,0,20.959,6387,6567,2.690,2.370,1.860,7,0,97.809,0,0,19,252,1,16,4
17-08 14:45:24,33.849,23.318,40.368,0,0,5117156,7058380,397852,3681812,51145.005,29009.516,0,1271.705,0,152.444,6178,6097,2.640,2.370,1.860,5,0,35.102,0,0,19,255,0,16,4
17-08 14:45:25,36.189,28.202,33.194,0,0,5156972,7018488,397908,3681808,65186.327,38520.600,0,367.376,0,32.944,6729,6252,2.640,2.370,1.860,3,0,124.788,0,0,19,255,0,16,4
17-08 14:45:26,47.671,30.949,19.967,0,0,5158940,7016464,397912,3681844,61995.105,34287.093,0,119.801,0,6.988,6633,5449,2.640,2.370,1.860,3,0,123.795,0,0,19,254,0,17,4
17-08 14:45:27,55.746,28.877,14.062,1.004,0,5206096,6968812,398068,3682108,55169.029,571565.844,100.442,558.460,2.009,32.142,6862,6018,2.640,2.370,1.860,4,0,123.544,0,0,19,260,0,17,4
17-08 14:45:28,38.582,30.314,28.811,0,0,5225624,6948344,398100,3682988,66418.682,36851.054,0,440.934,0,27.057,8048,9313,2.640,2.370,1.860,2,0,111.236,0,0,19,263,0,19,4
17-08 14:45:29,21.760,25.964,48.713,0,0,5223472,6950456,398124,3683000,48782.744,28123.691,0,838.746,0,23.738,6296,6001,2.580,2.360,1.860,4,0,115.723,0,0,19,263,0,19,4
17-08 14:45:30,35.501,28.451,35.249,0,0,5201760,6972144,398144,3683476,62286.008,31432.046,0,640.525,0,24.171,7261,8302,2.580,2.360,1.860,5,0,107.761,0,0,19,262,0,20,4
17-08 14:45:31,40.752,27.333,29.570,0,0,5192524,6981292,398164,3683500,44560.548,22815.017,0,226.619,0,13.915,6514,6944,2.580,2.360,1.860,4,0,83.491,0,0,19,262,0,20,4
17-08 14:45:32,41.622,27.244,30.271,0,0,5240968,6932756,398216,3683020,48054.630,26492.858,0,1154.320,0,34.307,6230,5398,2.580,2.360,1.860,5,0,84.758,0,0,19,263,0,20,4
17-08 14:45:33,43.281,27.520,27.520,0,0,5292340,6881352,398248,3683020,67537.607,40791.357,0,148.107,0,13.009,6569,5753,2.580,2.360,1.860,4,0,121.087,0,0,19,263,0,20,4
17-08 14:45:34,48.287,29.402,16.972,0,0,5282224,6891352,398308,3683072,62164.674,32863.689,0,451.314,0,37.291,6937,6338,2.780,2.410,1.880,7,0,116.653,0,0,19,266,0,22,4
17-08 14:45:35,41.903,31.689,28.546,0,0,5292028,6879944,398340,3684608,50666.724,479099.417,0,356.173,0,19.904,8028,9080,2.780,2.410,1.880,5,0,142.469,0,0,19,270,0,22,4
17-08 14:45:36,22.508,26.759,48.517,0,0,5313916,6858016,398376,3684624,67183.329,155350.946,0,296.103,0,23.008,6315,6003,2.780,2.410,1.880,2,0,116.040,0,0,19,271,0,22,4
17-08 14:45:37,28.460,28.960,38.946,0,0,5327812,6843948,398448,3685200,47811.292,26809.594,0,519.275,0,35.950,7565,8684,2.780,2.410,1.880,7,0,139.805,0,0,19,271,0,22,4
17-08 14:45:38,40.209,25.225,33.966,0,0,5273556,6898068,398512,3685240,47939.640,24739.044,0,435.561,0,31.968,6496,8325,2.780,2.410,1.880,3,0,87.911,0,0,19,272,0,23,4
17-08 14:45:39,44.891,22.821,31.348,0,0,5318364,6853236,398524,3684760,45099.180,23351.099,0,164.515,0,8.025,5831,5179,2.720,2.400,1.880,6,0,49.154,0,0,19,272,0,23,4
17-08 14:45:40,42.913,28.442,27.195,0,0,5387788,6783724,398584,3684788,63980.506,38596.881,0,794.392,0,37.923,6580,5644,2.720,2.400,1.880,3,0,124.748,0,0,19,273,0,23,4
17-08 14:45:41,56.437,14.420,26.851,0,0,5461604,6709636,398616,3685020,50564.904,25245.159,0,127.295,0,11.934,5545,4669,2.720,2.400,1.880,6,0,0.994,0,0,19,273,0,23,4
17-08 14:45:42,58.249,11.298,30.129,0,0,5471948,6698964,398716,3685208,34223.235,19272.350,0,441.888,0,35.150,5862,5486,2.720,2.400,1.880,2,0,7.030,0,0,19,275,0,25,4
17-08 14:45:43,58.497,19.919,20.928,0,0,5530536,6639772,398764,3685732,35253.587,19449.281,12.103,798.788,1.009,23.197,6942,7865,2.720,2.400,1.880,4,0,8.069,0,0,19,275,0,28,4
17-08 14:45:44,50.019,16.343,31.695,0,0,5561456,6608648,398856,3685840,17700.649,9698.660,887.459,1022.163,6.933,159.465,6362,6227,2.820,2.430,1.890,6,0,8.914,0,0,19,278,0,28,4
17-08 14:45:45,51.342,14.634,28.523,2.976,0,5577972,6588884,400836,3686048,22766.023,14289.407,2706.485,969.295,81.353,42.661,6005,5825,2.820,2.430,1.890,5,0,11.905,0,0,19,284,0,28,4
17-08 14:45:46,47.270,24.390,25.395,1.257,0,5589324,6573980,401020,3689336,35251.684,19788.214,3906.349,1257.193,52.299,86.495,7046,7473,2.820,2.430,1.890,6,0,49.282,0,0,19,284,0,30,4
17-08 14:45:47,41.459,37.238,19.364,0,0,5536528,6626748,401032,3689348,65269.443,579977.313,762.642,258.186,5.958,14.895,6993,5947,2.820,2.430,1.890,4,0,132.072,0,0,19,284,0,30,4
17-08 14:45:48,39.911,36.375,22.482,0,0,5563304,6599884,401104,3689356,46380.888,26441.441,905.328,1131.660,7.073,57.593,6649,5765,2.820,2.430,1.890,3,0,132.364,0,0,19,285,0,30,4
17-08 14:45:49,37.746,37.249,23.343,0,0,5569644,6593500,401124,3689380,65234.070,37414.257,508.578,13020.392,3.973,1622.086,9804,6156,2.830,2.440,1.900,4,0,122.178,0,0,19,285,0,30,4
17-08 14:45:50,29.923,34.197,33.192,0,0,5555572,6607444,401188,3689408,51472.098,28787.160,901.202,510.949,7.041,40.232,6863,6690,2.830,2.440,1.900,7,0,122.708,0,0,19,284,0,31,4
17-08 14:45:51,44.444,37.203,16.979,0,0,5531152,6631700,401212,3689548,59964.129,30791.041,511.353,311.606,3.995,23.970,6865,6053,2.830,2.440,1.900,3,0,121.846,0,0,19,286,0,31,4
17-08 14:45:52,44.218,35.724,17.987,0,0,5528308,6634524,401240,3689540,45848.148,24730.280,639.542,255.817,4.996,21.984,6716,5881,2.830,2.440,1.900,8,0,134.903,0,0,19,286,0,31,4
17-08 14:45:53,43.523,34.018,21.011,0,0,5546708,6616048,401280,3690064,65375.467,36524.256,512.270,1052.555,4.002,43.023,7948,9554,2.830,2.440,1.900,5,0,115.061,0,0,19,292,0,31,4
17-08 14:45:54,37.923,33.682,26.446,0,0,5542224,6620464,401320,3690100,49960.924,27842.671,638.708,439.112,4.990,39.919,7735,9373,2.930,2.460,1.910,5,0,91.814,0,0,19,291,0,31,5
17-08 14:45:55,43.977,28.899,25.129,0,0,5477524,6685040,401348,3690072,45890.444,23895.116,257.326,912.703,2.010,111.575,6667,5980,2.930,2.460,1.910,8,0,98.508,0,0,20,291,0,32,4
17-08 14:45:56,51.480,27.225,19.057,0,0,5544404,6618152,401352,3690076,47269.288,450109.117,0,162.359,0,11.880,6566,5381,2.930,2.460,1.910,7,0,99.989,0,0,20,294,0,32,4
17-08 14:45:57,46.568,11.327,39.771,0.503,0,5627048,6535412,401380,3690108,47852.606,142683.852,4.027,503.436,1.007,22.151,5239,5022,2.930,2.460,1.910,3,0,2.014,0,0,20,294,0,32,4
17-08 14:45:58,60.909,17.295,20.554,0,0,5682708,6478892,401476,3690760,30407.317,14910.895,0,2390.235,0,110.288,6808,19787,2.930,2.460,1.910,3,0,40.105,0,0,20,294,0,33,4
17-08 14:45:59,35.588,17.794,43.608,0,0,5678508,6481916,401532,3691844,45312.175,24139.760,0,882.184,0,61.151,7357,9059,3.090,2.500,1.930,2,0,74.184,0,0,20,295,0,33,4
17-08 14:46:00,9.992,24.979,61.949,0,0,5680484,6479908,401552,3691856,45717.445,24517.860,0,371.695,0,23.980,6282,6177,3.090,2.500,1.930,2,0,138.886,0,0,20,295,0,33,4
17-08 14:46:01,9.006,2.752,86.055,0,0,5680688,6479684,401564,3691860,65489.846,32759.933,0,760.486,0,10.006,3482,4923,3.090,2.500,1.930,1,0,4.003,0,0,20,296,0,33,4
17-08 14:46:02,13.210,5.483,78.759,0,0,5673896,6486304,401608,3691976,148025.924,31695.985,0,283.133,0,24.924,4689,6128,3.090,2.500,1.930,2,0,5.982,0,0,20,296,0,33,4
17-08 14:46:03,9.518,4.007,81.652,0,0,5666724,6491244,401624,3694124,2457076.209,80930.928,0,128.239,0,9.017,6726,6316,3.090,2.500,1.930,1,0,2.004,0,0,20,298,0,33,4
17-08 14:46:04,8.988,5.243,80.144,0,0,5663336,6491180,401692,3697452,3534120.015,92238.299,0,894.819,0,51.931,8612,8105,2.850,2.460,1.920,1,0,1.997,0,0,20,298,0,32,4
17-08 14:46:05,7.263,5.009,81.891,0,0,5663272,6487232,401712,3701312,4107122.191,90263.780,0,92.159,0,10.017,8428,7704,2.850,2.460,1.920,0,0,0,0,0,20,298,0,32,4
17-08 14:46:06,6.751,3.750,84.757,0,0,5662888,6485440,401752,3703392,2563193.290,74596.062,0,420.034,0,28.002,6619,6754,2.850,2.460,1.920,2,0,0,0,0,20,298,0,32,4
17-08 14:46:07,8.193,5.710,79.694,0.248,0,5664108,6479756,401792,3707700,4275699.260,92584.123,0,194.642,0,18.868,8827,8317,2.850,2.460,1.920,0,0,1.986,0,0,20,298,0,32,4
17-08 14:46:08,9.830,21.928,64.524,1.764,0,5664444,6477068,401808,3710032,235957.831,15461.604,2318.837,258.097,27.221,15.123,6268,6116,2.850,2.460,1.920,3,0,135.097,0,0,20,297,0,30,4
17-08 14:46:09,17.731,21.727,55.691,0.499,0,5674980,6466276,401828,3710232,64975.363,603977.985,0,99.894,0,9.989,6350,6192,3.020,2.500,1.930,3,0,125.867,0,0,20,301,0,30,4
17-08 14:46:10,25.018,8.756,64.545,0,0,5724056,6417148,401864,3710216,44454.236,22065.505,0,408.287,0,25.018,4337,5342,3.020,2.500,1.930,2,0,2.001,0,0,20,301,0,30,4
17-08 14:46:11,17.990,4.497,74.707,0,0,5752696,6388488,401864,3710236,32068.656,20019.548,0,0,0,0,3827,4815,3.020,2.500,1.930,1,0,0,0,0,20,302,0,30,4
17-08 14:46:12,19.222,3.994,74.392,0,0,5752684,6388488,401880,3710232,23011.672,10902.210,0,83.879,0,6.990,3779,4727,3.020,2.500,1.930,2,0,0,0,0,20,307,0,28,4
17-08 14:46:13,28.045,6.260,63.102,0,0,5752628,6388488,401888,3710280,15088.284,7456.000,0,96.155,0,12.019,6025,7655,3.020,2.500,1.930,1,0,3.005,0,0,20,307,0,29,4
17-08 14:46:14,13.973,4.242,77.849,0.250,0,5749060,6391856,401936,3710428,80021.391,2328640.751,0,435.154,0,44.913,5031,6209,2.780,2.460,1.920,0,0,0.998,0,0,20,305,0,30,4
17-08 14:46:15,8.483,7.236,78.097,0,0,5750004,6390892,401944,3710428,371691.703,11194155.924,0,8359.598,0,1123.795,8025,4809,2.780,2.460,1.920,0,0,5.988,0,0,20,305,0,30,4
17-08 14:46:16,12.800,3.765,80.566,0,0,5748244,6392632,401956,3710436,754024.124,2929599.618,0,273.070,0,21.083,5492,5705,2.780,2.460,1.920,3,0,2.008,0,0,20,310,0,29,4
17-08 14:46:17,29.040,6.950,57.086,0,0,5750484,6390248,402048,3710484,3072042.749,63265.593,0,1584.519,0,104.245,10246,9803,2.780,2.460,1.920,4,0,0.993,0,0,20,311,0,29,4
17-08 14:46:18,15.869,4.786,75.817,0,0,5740744,6395572,402052,3714784,918165.271,39122.654,0,72.543,0,5.038,5710,6356,2.780,2.460,1.920,1,0,0,0,0,20,310,0,29,4
17-08 14:46:19,12.215,10.719,69.050,0,0,5742720,6387656,402052,3720544,6715871.683,149503.102,0,163.526,0,4.986,13629,11478,2.550,2.420,1.910,3,0,1.994,0,0,20,310,0,29,4
17-08 14:46:20,16.544,10.779,65.175,0,0,5743468,6380600,402116,3726620,5778961.027,130590.398,0,830.228,0,60.161,12015,11455,2.550,2.420,1.910,3,0,0,0,0,20,307,0,27,4
17-08 14:46:21,16.248,19.747,61.991,0,0,5677108,6446916,402132,3726648,425.936,0,0,99.985,0,11.998,5468,5600,2.550,2.420,1.910,3,0,113.983,0,0,20,307,0,27,4
17-08 14:46:22,11.249,25.247,60.493,0,0,5682116,6441880,402156,3726648,46511.995,45367.118,0,215.977,0,17.998,6453,6342,2.550,2.420,1.910,3,0,165.982,0,0,20,307,0,27,4
17-08 14:46:23,13.469,23.196,59.363,0,0,5688864,6435116,402160,3726660,61693.221,36417.717,0,16198.511,0,29.931,6455,6351,2.550,2.420,1.910,2,0,187.566,0,0,20,307,0,27,4
17-08 14:46:24,25.286,7.511,64.593,0,0,5732664,6391296,402188,3726652,44613.221,22999.107,0,140.202,0,19.027,4426,5547,2.430,2.400,1.910,2,0,0,0,0,20,307,0,26,4
17-08 14:46:25,27.815,5.262,65.653,0,0,5760356,6363588,402188,3726668,30966.183,16374.169,0,48.112,0,3.007,4064,4763,2.430,2.400,1.910,2,0,2.005,0,0,20,307,0,26,4
17-08 14:46:26,10.492,23.733,61.955,0,0,5692112,6431824,402200,3726664,64006.180,476271.608,0,787.424,0,89.934,6261,6037,2.430,2.400,1.910,2,0,122.910,0,0,20,307,0,26,4
17-08 14:46:27,10.742,23.483,62.705,0,0,5696304,6427596,402236,3726664,47599.735,142417.480,0,611.560,0,43.968,6287,6229,2.430,2.400,1.910,1,0,121.912,0,0,20,307,0,26,4
17-08 14:46:28,11.244,22.988,61.967,0,0,5703720,6420140,402248,3726692,61283.297,33672.031,0,143.923,0,11.994,6273,6137,2.430,2.400,1.910,2,0,129.931,0,0,20,307,0,23,4
17-08 14:46:29,10.000,24.250,62.501,0,0,5696112,6427728,402260,3726700,60695.136,34440.644,0,108.002,0,9.000,6005,5872,2.310,2.370,1.900,3,0,133.002,0,0,20,307,0,23,4
17-08 14:46:30,11.236,24.969,60.176,0,0,5698816,6424960,402316,3726704,61406.451,36872.635,0,375.538,0,40.950,6366,6241,2.310,2.370,1.900,4,0,135.833,0,0,20,307,0,23,4
17-08 14:46:31,7.010,7.261,83.374,0,0,5699260,6424484,402328,3726724,44892.617,23244.493,0,176.262,0,10.015,3867,5008,2.310,2.370,1.900,0,0,30.045,0,0,20,307,0,23,4
17-08 14:46:32,18.959,8.232,69.599,0,0,5723692,6400040,402336,3726728,44793.622,22774.490,0,55.879,0,5.987,4063,5011,2.310,2.370,1.900,2,0,8.980,0,0,20,307,0,22,4
17-08 14:46:33,26.274,6.005,65.559,0,0,5765776,6357956,402336,3726728,29920.965,15017.534,0,4.004,0,1.001,4028,4703,2.310,2.370,1.900,2,0,1.001,0,0,20,307,0,22,4
17-08 14:46:34,16.737,5.246,74.944,0.250,0,5766176,6357492,402388,3726740,35695.113,20735.381,0,331.750,0,30.977,4141,5290,2.130,2.330,1.890,4,0,1.998,0,0,20,308,0,22,4
17-08 14:46:35,23.498,3.500,70.745,0,0,5766416,6357240,402388,3726752,18770.576,10526.202,0,27.998,0,1.000,4300,5264,2.130,2.330,1.890,2,0,3.000,0,0,20,311,0,23,4
17-08 14:46:36,12.511,22.519,61.803,0,0,5694960,6428652,402404,3726768,30273.063,17513.078,0,16141.897,0,34.029,5878,6023,2.130,2.330,1.890,2,0,105.090,0,0,20,311,0,21,4
17-08 14:46:37,8.020,6.516,63.907,18.295,0,5694152,6418892,402528,3736836,49350.993,591379.877,6852.801,104.256,119.292,12.029,4605,5704,2.130,2.330,1.890,0,1,9.022,0,0,20,311,0,21,4
17-08 14:46:38,6.747,4.248,65.221,21.990,0,5694616,6400256,402564,3754868,30155.564,14799.406,16712.554,355.841,174.922,25.988,4017,5218,2.130,2.330,1.890,2,1,0,0,0,20,311,0,21,4
17-08 14:46:39,6.001,3.751,65.763,22.255,0,5694068,6382112,402568,3773444,29534.047,14859.042,17755.635,56.011,176.036,5.001,3730,5043,2.120,2.330,1.890,1,1,0,0,0,20,311,0,21,4
17-08 14:46:40,5.990,4.243,64.889,22.212,0,5693768,6361208,402572,3794532,15037.270,7349.424,19526.588,35.939,201.655,2.995,3793,5001,2.120,2.330,1.890,0,1,1.997,0,0,20,311,0,20,4
17-08 14:46:41,5.758,4.005,65.590,21.780,0,5692860,6349400,402576,3807172,15497.210,7468.221,11627.914,2190.999,125.171,441.604,4118,4831,2.120,2.330,1.890,0,1,0,0,0,20,311,0,20,4
17-08 14:46:42,5.250,4.000,66.253,22.001,0,5692868,6332264,402580,3824192,15309.625,7296.298,16180.660,8.000,159.006,1.000,3518,4929,2.120,2.330,1.890,0,1,0,0,0,20,311,0,20,4
17-08 14:46:43,6.752,4.001,65.518,21.256,0,5692520,6315884,402592,3840776,15410.191,7740.105,15568.234,0,157.043,0,3720,5082,2.120,2.330,1.890,3,0,3.001,0,0,20,311,0,20,4
17-08 14:46:44,5.989,4.243,64.636,22.211,0,5685812,6307316,402628,3855904,1050.148,0,14270.832,183.676,143.746,14.974,3847,5204,2.030,2.310,1.890,1,1,0,0,0,20,311,0,20,4
17-08 14:46:45,7.200,6.207,64.797,18.620,0,5688788,6288668,402652,3871420,15263.251,7245.327,13318.850,119.167,142.007,11.917,4150,5282,2.030,2.310,1.890,2,0,8.937,0,0,20,311,0,15,4
17-08 14:46:46,7.822,6.560,65.605,18.420,0,5687564,6275828,402672,3885412,544.014,0,13464.083,238.195,131.209,16.149,4190,5293,2.030,2.310,1.890,2,1,9.084,0,0,20,311,0,15,4
17-08 14:46:47,5.747,4.498,65.469,21.490,0,5687180,6257936,402684,3903580,44745.120,27641.102,17867.662,103.951,165.923,10.995,3922,5161,2.030,2.310,1.890,1,1,0,0,0,20,311,0,15,4
17-08 14:46:48,6.247,4.498,64.471,21.990,0,5687620,6238544,402708,3922412,29639.812,15285.199,17828.068,267.881,167.925,21.990,4047,5399,2.030,2.310,1.890,0,1,0,0,0,20,311,0,15,4
17-08 14:46:49,7.256,8.757,65.303,16.263,0,5689132,6230984,402708,3928428,30218.705,20216.528,5932.850,0,56.046,0,4128,5093,1.950,2.280,1.880,2,0,27.022,0,0,20,311,0,13,4
17-08 14:46:50,5.727,4.482,65.987,19.921,0,5688972,6214112,402708,3945360,44581.235,22317.012,16657.579,43.825,165.341,2.988,4091,5380,1.950,2.280,1.880,1,1,0.996,0,0,20,311,0,13,4
17-08 14:46:51,6.520,4.765,65.204,21.567,0,5688572,6197480,402840,3962176,29680.837,14703.992,16692.210,2375.430,157.493,125.392,4299,5808,1.950,2.280,1.880,1,1,0,0,0,20,311,0,13,4
17-08 14:46:52,7.241,7.241,64.668,18.227,0,5687984,6182612,402852,3977556,29801.403,14801.327,14909.191,95.879,159.798,8.989,4352,5535,1.950,2.280,1.880,2,0,12.984,0,0,20,311,0,13,4
17-08 14:46:53,7.504,8.255,64.536,16.509,0,5688720,6166752,402860,3992600,30943.057,19746.885,14576.035,56.031,163.090,5.003,4580,5554,1.950,2.280,1.880,0,1,17.009,0,0,20,311,0,12,4
17-08 14:46:54,5.504,4.003,66.293,21.514,0,5687288,6156420,402876,4004300,44319.938,22262.536,11183.302,148.097,123.080,16.010,3987,5390,1.870,2.260,1.880,0,1,0,0,0,20,311,0,12,4
17-08 14:46:55,6.003,3.252,66.289,21.513,0,5687792,6141048,402876,4019088,15012.725,7432.319,13996.134,0,161.094,0,3833,4990,1.870,2.260,1.880,1,1,2.001,0,0,20,311,0,12,4
17-08 14:46:56,8.987,9.985,63.155,16.226,0,5688072,6127308,402896,4032480,51719.307,596691.644,13236.117,1202.194,129.805,205.691,5235,5568,1.870,2.260,1.880,4,1,17.973,0,0,20,311,0,12,4
17-08 14:46:57,5.754,3.503,65.298,22.266,0,5688088,6116976,402896,4042764,44276.219,22228.175,10227.442,336.245,101.074,71.052,3700,4875,1.870,2.260,1.880,1,1,0,0,0,20,311,0,11,4
17-08 14:46:58,8.964,12.201,62.748,12.948,0,5690836,6104628,402920,4052288,18558.441,9493.858,9418.162,135.456,89.640,11.952,4651,5327,1.870,2.260,1.880,6,1,33.864,0,0,20,311,0,11,4
17-08 14:46:59,15.313,10.293,52.719,19.079,0,5693120,6092740,402920,4061820,56381.721,32478.635,9515.445,12.050,93.387,2.008,4997,11494,1.800,2.240,1.870,3,1,30.125,0,0,20,311,0,12,4
17-08 14:47:00,6.260,4.257,65.610,21.786,0,5693272,6078404,402920,4075956,30024.241,14616.458,13598.755,4.007,149.250,1.002,3943,5101,1.800,2.240,1.870,2,0,0,0,0,20,311,0,12,4
17-08 14:47:01,8.239,8.988,64.917,15.730,0,5694328,6067820,402932,4085424,15044.666,7352.551,9423.889,267.656,88.886,46.940,4435,5333,1.800,2.240,1.870,3,0,19.974,0,0,20,311,0,10,4
17-08 14:47:02,7.739,6.241,62.160,20.970,0,5695564,6051944,402940,4100008,44946.173,26435.871,14079.693,95.862,138.800,8.987,4346,5644,1.800,2.240,1.870,4,0,1.997,0,0,20,311,0,10,4
17-08 14:47:03,11.767,4.757,59.835,20.529,0,5693832,6038868,402964,4114728,29942.730,14923.297,13903.842,292.417,134.192,22.031,4766,6077,1.800,2.240,1.870,0,1,5.007,0,0,20,311,0,12,4
17-08 14:47:04,7.751,9.001,64.756,14.751,0,5692496,6028056,402988,4126788,30435.996,20714.039,11277.110,140.014,114.011,15.001,4649,5732,1.740,2.220,1.870,0,1,18.002,0,0,20,311,0,12,4
17-08 14:47:05,5.744,4.495,65.927,21.226,0,5692076,6011424,402988,4143808,44182.848,21995.530,16657.469,39.956,176.803,1.998,4216,5428,1.740,2.220,1.870,1,1,0,0,0,20,311,0,12,4
17-08 14:47:06,7.252,7.252,64.765,18.504,0,5686724,6003844,403024,4156656,29966.019,14757.457,12110.837,404.095,124.029,28.007,4330,5625,1.740,2.220,1.870,1,0,10.002,0,0,20,311,0,12,4
17-08 14:47:07,7.256,6.506,64.806,18.766,0,5687296,5992268,403048,4167600,30406.504,19214.748,10188.881,176.154,108.094,14.012,4342,5412,1.740,2.220,1.870,0,1,8.007,0,0,20,311,0,12,4
17-08 14:47:08,6.251,4.251,65.013,22.005,0,5687532,5976656,403064,4182892,44678.144,22244.552,14202.907,212.043,148.030,11.002,4017,5309,1.740,2.220,1.870,3,1,0,0,0,20,311,0,12,4
17-08 14:47:09,10.216,17.193,62.293,7.226,0,5689284,5969232,403072,4188524,52496.790,602365.054,5150.907,27.907,61.795,2.990,5469,5815,1.680,2.200,1.860,6,0,51.828,0,0,20,311,0,12,4
17-08 14:47:10,7.526,7.776,65.473,16.807,0,5689716,5960172,403072,4197120,46030.444,24555.457,8332.319,20.068,88.300,3.010,4048,4985,1.680,2.200,1.860,1,1,17.058,0,0,20,311,0,12,4
17-08 14:47:11,5.001,3.501,65.766,21.755,0,5688248,5949084,403072,4209628,29535.389,14595.651,12315.081,0,135.034,0,3840,5057,1.680,2.200,1.860,0,1,0,0,0,20,311,0,12,4
17-08 14:47:12,5.739,4.990,65.619,21.457,0,5688140,5939256,403072,4219532,29893.196,14724.542,9756.481,1504.989,94.810,314.371,4066,4909,1.680,2.200,1.860,4,0,0.998,0,0,20,311,0,12,4
17-08 14:47:13,12.522,17.531,62.110,5.259,0,5689896,5933460,403124,4223488,31693.122,21151.455,3730.606,432.766,47.083,27.048,5633,6042,1.680,2.200,1.860,1,1,60.106,0,0,20,311,0,10,4
17-08 14:47:14,5.997,4.248,65.222,20.991,0,5687184,5922400,403156,4237164,44743.562,21878.495,12350.635,123.946,138.940,14.993,4132,5482,1.620,2.180,1.860,1,0,0,0,0,20,311,0,10,4
17-08 14:47:15,6.250,7.000,61.499,22.000,0,5688052,5911060,403156,4247576,29815.473,14885.737,9543.831,4.000,138.998,1.000,4040,4989,1.620,2.180,1.860,2,1,6.000,0,0,20,311,0,10,4
17-08 14:47:16,8.502,11.752,63.762,12.502,0,5688620,5900224,403172,4257800,46042.822,26929.160,9541.828,268.051,139.027,17.003,4894,5519,1.620,2.180,1.860,1,1,28.005,0,0,20,311,0,10,4
17-08 14:47:17,6.748,4.499,65.234,21.495,0,5688652,5883340,403184,4274576,29706.495,14912.232,16007.956,227.942,238.940,36.991,4034,5136,1.620,2.180,1.860,2,1,0,0,0,20,311,0,9,4
17-08 14:47:18,7.744,8.993,64.699,15.238,0,5688596,5871760,403184,4286148,45131.234,25843.519,10879.378,3.997,137.891,0.999,4617,5246,1.620,2.180,1.860,2,1,15.987,0,0,20,311,0,9,4
17-08 14:47:19,6.506,4.754,65.059,21.019,0,5689112,5852860,403184,4304468,29867.303,14833.560,16743.306,0,208.190,0,4253,5168,1.570,2.160,1.850,3,1,2.002,0,0,20,311,0,9,4
17-08 14:47:20,8.241,8.990,64.428,15.483,0,5687452,5843536,403184,4315420,45568.980,26424.415,10228.548,0,136.847,0,4723,5491,1.570,2.160,1.850,1,0,15.982,0,0,20,311,0,9,4
17-08 14:47:21,8.260,5.257,62.829,21.277,0,5684704,5830224,403196,4331396,50908.040,598745.196,14666.450,136.171,205.258,15.019,4794,5845,1.570,2.160,1.850,0,1,2.003,0,0,20,311,0,4,4
17-08 14:47:22,7.252,10.252,64.514,15.003,0,5687316,5814096,403212,4344832,30325.791,19900.456,12634.829,336.075,162.036,44.010,4836,5576,1.570,2.160,1.850,1,1,18.004,0,0,20,311,0,4,4
17-08 14:47:23,7.249,7.249,64.991,18.247,0,5688476,5798484,403228,4359188,44513.820,22326.900,13606.111,251.965,170.976,13.998,4393,5325,1.570,2.160,1.850,2,0,10.998,0,0,20,311,0,4,4
17-08 14:47:24,7.493,6.994,64.193,18.484,0,5687112,5785152,403244,4373804,45303.995,26210.855,13747.860,147.869,180.840,15.986,4589,5646,1.610,2.160,1.850,0,1,5.995,0,0,20,311,0,4,4
17-08 14:47:25,14.900,13.658,49.170,18.128,0,5705236,5754108,403244,4386676,29802.242,14655.766,12063.143,0,165.888,0,4668,4972,1.610,2.160,1.850,8,0,16.887,0,0,20,311,0,4,4
17-08 14:47:26,21.609,16.332,43.971,16.835,0,5720860,5724640,403252,4400448,45385.984,27650.897,14219.427,184.929,174.878,9.045,5444,5203,1.610,2.160,1.850,3,1,12.061,0,0,20,311,0,4,4
17-08 14:47:27,9.766,10.767,62.099,14.774,0,5715796,5717584,403252,4412520,30230.409,17506.033,12087.356,88.141,130.209,5.008,4548,5273,1.610,2.160,1.850,1,1,17.027,0,0,20,311,0,4,4
17-08 14:47:28,6.253,4.252,65.783,21.011,0,5701764,5716072,403252,4428016,45794.070,22485.328,15183.649,4.002,167.084,1.001,4254,5388,1.610,2.160,1.850,1,1,2.001,0,0,20,311,0,4,4
17-08 14:47:29,7.501,10.501,65.759,14.502,0,5694136,5711032,403252,4440604,45165.170,26631.638,12225.670,0,143.020,0,4607,5488,1.640,2.150,1.850,0,1,16.002,0,0,20,311,0,4,4
17-08 14:47:30,5.497,9.245,64.712,16.740,0,5688136,5705836,403252,4451736,29689.760,14649.494,10989.619,3.998,122.929,0.999,4399,5288,1.640,2.150,1.850,1,0,27.984,0,0,20,311,0,4,4
17-08 14:47:31,22.199,11.972,62.605,0,0,5721120,5672828,403264,4451748,60425.193,35938.847,0,91.788,0,5.986,4968,5329,1.640,2.150,1.850,4,0,42.901,0,0,20,311,0,4,4
17-08 14:47:32,26.978,6.744,63.947,0,0,5751380,5642564,403268,4451748,48015.335,453837.094,0,63.947,0,5.995,4376,5256,1.640,2.150,1.850,2,0,1.998,0,0,20,311,0,4,4
17-08 14:47:33,25.313,7.018,65.414,0,0,5791952,5601992,403268,4451748,33479.694,140216.518,0,0,0,0,4159,4881,1.640,2.150,1.850,4,0,1.003,0,0,20,311,0,4,4
17-08 14:47:34,26.759,6.502,64.022,0,0,5825672,5568256,403284,4451748,29909.434,15053.251,0,256.089,0,22.008,4404,5259,1.590,2.140,1.850,2,0,5.002,0,0,20,313,0,4,4
17-08 14:47:35,30.257,3.251,64.516,0,0,5837720,5556160,403320,4451756,30129.376,16249.978,0,324.079,0,31.008,4612,5665,1.590,2.140,1.850,2,0,1.000,0,0,20,313,0,4,4
17-08 14:47:36,25.753,7.751,64.008,0,0,5822988,5570844,403348,4451776,60286.748,31346.029,0,224.029,0,20.003,4447,5306,1.590,2.140,1.850,3,0,5.001,0,0,20,311,0,4,4
17-08 14:47:37,27.525,6.005,64.558,0,0,5856984,5536824,403368,4451780,44403.657,22201.828,0,204.182,0,19.017,4189,5102,1.590,2.140,1.850,5,0,2.002,0,0,20,311,0,4,4
17-08 14:47:38,23.505,10.252,64.264,0,0,5885196,5508592,403388,4451780,29773.315,14743.127,0,480.102,0,23.005,4256,5029,1.590,2.140,1.850,2,0,3.001,0,0,20,311,0,3,4
17-08 14:47:39,19.217,3.494,74.371,0,0,5882132,5511644,403400,4451780,16790.797,9431.596,0,47.917,0,6.988,3803,4889,1.540,2.120,1.850,1,0,0,0,0,20,314,0,3,4
17-08 14:47:40,9.269,3.006,85.177,0,0,5874548,5519216,403400,4451792,27455.166,18472.463,0,0,0,0,3598,4918,1.540,2.120,1.850,0,0,2.004,0,0,20,314,0,4,4
17-08 14:47:41,24.383,3.732,69.168,0,0,5871604,5522148,403400,4451804,21346.661,12827.503,0,0,0,0,4102,4652,1.540,2.120,1.850,3,0,0.995,0,0,20,317,0,5,4
17-08 14:47:42,23.496,10.998,63.738,0,0,5754480,5639260,403404,4451812,45548.578,24791.416,0,347.936,0,46.991,4251,4627,1.540,2.120,1.850,2,0,14.997,0,0,20,311,0,5,4
17-08 14:47:43,26.609,7.531,64.515,0,0,5794144,5599584,403412,4451812,44537.644,22777.407,0,2353.652,0,454.865,4557,4530,1.540,2.120,1.850,3,0,3.012,0,0,20,311,0,5,4
17-08 14:47:44,27.995,5.249,64.988,0,0,5800004,5593688,403440,4451820,15246.120,7618.561,0,371.930,0,34.993,3756,4296,1.580,2.110,1.850,1,0,0,0,0,20,311,0,5,4
17-08 14:47:45,17.705,15.710,64.337,0,0,5765840,5627700,403440,4451972,30497.969,15931.760,0,155.607,0,1.995,5035,5040,1.580,2.110,1.850,4,0,80.796,0,0,20,311,0,5,4
17-08 14:47:46,13.541,24.575,58.429,0,0,5743992,5649516,403452,4451980,72938.317,471252.845,513.572,345.056,4.012,11.034,6447,6212,1.580,2.110,1.850,2,0,118.362,0,0,20,311,0,5,4
17-08 14:47:47,11.241,23.981,62.200,0,0,5737384,5656112,403460,4451984,48824.483,160977.711,0,103.916,0,5.995,6210,5897,1.580,2.110,1.850,3,0,137.888,0,0,20,311,0,5,4
17-08 14:47:48,9.992,24.479,61.448,0,0,5725004,5668424,403460,4452052,61427.196,61146.433,0,7.993,0,1.998,6232,5868,1.580,2.110,1.850,3,0,156.868,0,0,20,311,0,5,4
17-08 14:47:49,13.273,21.287,62.858,0,0,5723172,5670252,403460,4452056,60798.588,34403.182,0,0,0,0,5832,5811,1.530,2.100,1.840,2,0,126.217,0,0,20,311,0,5,4
17-08 14:47:50,24.767,7.755,65.545,0,0,5730728,5662692,403464,4452056,45442.401,23858.486,0,136.094,0,3.002,4228,4671,1.530,2.100,1.840,1,0,17.012,0,0,20,311,0,5,4
17-08 14:47:51,23.722,8.240,65.174,0,0,5771424,5621908,403500,4452056,44601.842,22474.718,0,323.622,0,23.972,4446,5306,1.530,2.100,1.840,0,0,17.979,0,0,20,312,0,5,4
17-08 14:47:52,22.174,3.239,72.002,0,0,5779656,5612836,403532,4452860,50532.019,24836.488,0,366.737,0,18.935,3980,4910,1.530,2.100,1.840,2,0,1.993,0,0,20,312,0,5,4
17-08 14:47:53,26.591,6.271,64.470,0.251,0,5764408,5622524,403572,4457408,30507.992,15581.111,0,1581.390,0,74.253,4496,5430,1.530,2.100,1.840,2,0,4.014,0,0,20,311,0,5,4
17-08 14:47:54,26.378,10.950,58.729,0,0,5763780,5622552,403584,4457796,59536.687,30288.447,0,262.789,0,12.940,8262,14260,1.490,2.080,1.840,3,0,5.972,0,0,20,311,0,5,4
17-08 14:47:55,22.613,10.553,64.069,0,0,5770836,5614488,403660,4458548,29665.789,14968.570,0,2440.156,0,115.576,4663,5364,1.490,2.080,1.840,1,0,9.045,0,0,20,312,0,5,4
17-08 14:47:56,21.755,4.501,71.767,0,0,5775004,5610036,403676,4458816,60648.994,590873.339,0,212.049,0,6.001,4387,5071,1.490,2.080,1.840,1,0,2.000,0,0,20,312,0,5,4
17-08 14:47:57,26.513,10.505,58.529,0,0,5792084,5592952,403680,4458816,45049.441,22447.182,0,164.082,0,4.002,8522,14823,1.490,2.080,1.840,1,0,9.004,0,0,20,312,0,5,4
17-08 14:47:58,26.143,13.445,58.261,0,0,5787512,5597352,403680,4458920,30461.302,14972.707,0,135.446,0,2.988,4754,5021,1.490,2.080,1.840,5,0,11.951,0,0,20,312,0,5,4
17-08 14:47:59,39.666,14.812,43.432,0,0,5745412,5643984,403820,4454244,45249.647,23544.679,0,1052.411,0,46.194,6247,14452,1.530,2.080,1.840,1,0,37.156,0,0,20,311,0,6,4
17-08 14:48:00,12.233,21.221,63.164,0,0,5716932,5673748,403820,4453748,46633.485,24770.263,0,3.995,0,0.999,5957,5787,1.530,2.080,1.840,1,0,128.825,0,0,20,311,0,6,4
17-08 14:48:01,14.254,22.507,60.018,0,0,5713768,5676888,403840,4453760,60783.907,33629.907,0,592.174,0,16.005,6120,6060,1.530,2.080,1.840,2,0,139.041,0,0,20,311,0,6,4
17-08 14:48:02,24.246,7.749,66.239,0,0,5755476,5635176,403844,4453760,44727.461,21950.300,0,43.993,0,2.999,4127,4930,1.530,2.080,1.840,1,0,0,0,0,20,311,0,5,4
17-08 14:48:03,28.529,3.754,65.067,0,0,5766476,5623980,403856,4453944,29678.626,14755.226,0,76.079,0,7.007,4035,4729,1.530,2.080,1.840,1,0,1.001,0,0,20,311,0,5,4
17-08 14:48:04,24.207,7.986,65.632,0,0,5783448,5606900,403888,4454020,21252.892,13071.562,0,403.277,0,34.937,5069,6294,1.410,2.040,1.830,2,0,7.986,0,0,20,312,0,7,4
17-08 14:48:05,23.779,3.504,70.585,0,0,5783436,5606900,403892,4454028,20390.457,12009.404,0,76.091,0,6.007,4187,5045,1.410,2.040,1.830,1,0,0,0,0,20,311,0,11,4
17-08 14:48:06,13.711,21.439,61.575,0,0,5701660,5688656,403900,4454040,15301.424,7275.281,0,143.591,0,12.963,5731,6010,1.410,2.040,1.830,3,0,111.682,0,0,20,311,0,9,4
17-08 14:48:07,25.024,8.758,63.811,0,0,5746204,5644052,403924,4454076,44562.860,24385.453,0,96.092,0,12.012,4249,5152,1.410,2.040,1.830,1,0,2.002,0,0,20,311,0,9,4
17-08 14:48:08,16.243,4.498,75.966,0,0,5770348,5619888,403936,4454084,35602.291,20302.042,0,391.827,0,21.990,3815,4991,1.410,2.040,1.830,1,0,0,0,0,20,312,0,9,4
17-08 14:48:09,25.517,5.003,67.295,0,0,5770428,5619664,403948,4454216,38592.000,587236.632,0,76.051,0,10.007,4467,5234,1.370,2.020,1.820,3,0,1.001,0,0,20,311,0,10,4
17-08 14:48:10,18.291,16.788,62.642,0,0,5713948,5676140,403948,4454220,30309.724,16306.974,0,20.045,0,2.005,4956,5325,1.370,2.020,1.820,4,0,70.159,0,0,20,311,0,10,4
17-08 14:48:11,26.493,6.498,65.483,0,0,5761072,5629016,403948,4454220,44709.553,23118.081,0,0,0,0,4075,4766,1.370,2.020,1.820,1,0,1.999,0,0,20,311,0,10,4
17-08 14:48:12,17.425,3.983,75.426,0,0,5769132,5620952,403948,4454224,21129.268,12973.291,0,3.983,0,0.996,3676,4482,1.370,2.020,1.820,3,0,0,0,0,20,312,0,10,4
17-08 14:48:13,21.831,5.269,71.765,0,0,5761552,5628516,403948,4454240,38761.961,22967.709,0,72.267,0,2.007,4247,4984,1.370,2.020,1.820,4,0,11.041,0,0,20,311,0,12,4
17-08 14:48:14,20.744,13.996,61.981,0,0,5762520,5627508,403984,4454244,23717.751,14351.614,0,2247.313,0,451.862,5550,5623,1.340,2.010,1.820,2,0,47.985,0,0,20,311,0,12,4
17-08 14:48:15,27.976,9.492,60.948,0,0,5763000,5627016,403992,4454248,37344.141,19119.689,0,39.966,0,3.997,4264,4820,1.340,2.010,1.820,4,0,5.995,0,0,20,311,1,12,4
17-08 14:48:16,17.744,3.999,74.975,0,0,5764956,5625028,404020,4454252,35677.188,20214.308,0,247.918,0,18.994,3982,4985,1.340,2.010,1.820,2,0,0,0,0,20,312,0,12,4
17-08 14:48:17,19.960,6.737,70.610,0,0,5726124,5663840,404040,4454252,19773.771,12087.021,0,123.754,0,8.982,4263,5098,1.340,2.010,1.820,3,0,23.952,0,0,20,311,0,16,4
17-08 14:48:18,23.094,9.539,65.016,0,0,5759524,5630424,404040,4454264,60675.190,31816.143,0,819.352,0,87.357,4438,5089,1.340,2.010,1.820,2,0,10.041,0,0,20,311,0,16,4
17-08 14:48:19,21.977,4.995,70.427,0,0,5793872,5596072,404040,4454268,31095.946,17032.443,0,0,0,0,3894,4789,1.400,2.010,1.820,1,0,0,0,0,20,312,0,16,4
17-08 14:48:20,20.511,4.753,72.791,0,0,5790280,5599644,404064,4454272,36112.182,20946.707,0,296.166,0,22.012,4212,5198,1.400,2.010,1.820,0,0,2.001,0,0,20,312,0,16,4
17-08 14:48:21,16.399,3.975,75.534,0,0,5786428,5603420,404124,4454288,18978.907,10383.935,0,389.596,0,47.706,4344,5841,1.400,2.010,1.820,3,0,0,0,0,20,311,0,18,4
17-08 14:48:22,19.565,14.046,64.212,0,0,5756860,5632948,404152,4454300,30401.546,17389.512,0,188.624,0,18.060,4817,5437,1.400,2.010,1.820,4,0,47.156,0,0,20,311,0,18,4
17-08 14:48:23,27.293,6.510,64.601,0,0,5780912,5608880,404168,4454300,44181.305,22232.876,0,641.006,0,31.049,4310,4982,1.400,2.010,1.820,1,0,3.005,0,0,20,311,0,18,4
17-08 14:48:24,18.970,4.743,73.884,0,0,5778768,5610856,404204,4454432,27581.554,450062.077,0,175.723,0,21.965,4378,5709,1.520,2.020,1.830,2,0,0,0,0,20,312,0,18,4
17-08 14:48:25,28.325,13.034,56.148,0,0,5747896,5641708,404204,4454452,37327.587,151779.869,385.017,0,3.008,0,4856,5131,1.520,2.020,1.830,2,0,26.069,0,0,20,311,0,21,4
17-08 14:48:26,34.973,20.734,42.467,0,0,5768596,5621008,404204,4454452,44796.634,23238.173,895.313,7.994,6.995,0.999,5272,5058,1.520,2.020,1.830,2,0,20.984,0,0,20,311,0,21,4
17-08 14:48:27,24.020,5.505,69.059,0,0,5802620,5586964,404216,4454460,30956.230,17064.459,0,256.217,0,14.012,3724,4180,1.520,2.020,1.830,0,0,0,0,0,20,312,0,21,4
17-08 14:48:28,18.494,4.748,74.225,0,0,5799412,5590168,404216,4454464,34967.458,20928.092,0,0,0,0,3916,4926,1.520,2.020,1.830,0,0,0,0,0,20,312,0,21,4
17-08 14:48:29,16.499,3.000,77.996,0.250,0,5796088,5593456,404244,4454472,20288.953,11083.428,0,687.965,0,68.996,4247,5696,1.400,1.990,1.810,1,0,2.000,0,0,20,311,0,22,4
17-08 14:48:30,15.936,18.675,61.503,0,0,5754164,5635352,404260,4454484,45491.613,24246.789,0,139.441,0,13.944,5540,5793,1.400,1.990,1.810,6,0,87.649,0,0,20,311,0,22,4
17-08 14:48:31,27.313,6.515,64.649,0,0,5791188,5598324,404276,4454472,29596.242,14691.876,0,328.758,0,18.042,4273,5119,1.400,1.990,1.810,2,0,0,0,0,20,311,0,22,4
17-08 14:48:32,18.251,4.500,75.255,0,0,5809252,5580208,404308,4454492,35766.191,20524.257,0,176.011,0,18.001,4039,5120,1.400,1.990,1.810,1,0,2.000,0,0,20,312,0,22,4
17-08 14:48:33,23.787,4.257,69.857,0,0,5807392,5582064,404308,4454496,33812.981,25670.463,0,4.006,0,1.002,4100,4883,1.400,1.990,1.810,3,0,1.002,0,0,20,311,0,25,4
17-08 14:48:34,22.148,12.940,61.715,0,0,5780212,5609216,404320,4454508,29976.454,18639.850,0,4156.788,0,478.787,5716,5598,1.290,1.960,1.810,2,0,46.784,0,0,20,311,0,25,4
17-08 14:48:35,26.337,7.023,64.965,0,0,5820168,5569252,404324,4454512,44138.043,22159.320,0,48.159,0,3.010,4226,4999,1.290,1.960,1.810,2,0,2.007,0,0,20,311,0,25,4
17-08 14:48:36,16.015,4.504,75.822,0,0,5832960,5556328,404356,4454612,35831.851,20542.407,0,416.393,0,31.029,4063,5385,1.290,1.960,1.810,1,0,0,0,0,20,312,0,25,4
17-08 14:48:37,21.489,3.498,71.964,0,0,5827864,5561380,404356,4454656,18749.565,10571.680,0,87.956,0,8.995,4174,5257,1.290,1.960,1.810,1,0,0,0,0,20,311,0,27,4
17-08 14:48:38,22.906,10.208,64.486,0,0,5741812,5647424,404360,4454660,44923.080,23360.360,0,71.706,0,5.976,4529,4779,1.290,1.960,1.810,3,0,15.935,0,0,20,311,0,27,4
17-08 14:48:39,27.281,8.259,63.572,0,0,5770700,5618500,404396,4454660,50187.161,470483.860,0,224.255,0,29.033,4740,5013,1.270,1.940,1.800,2,0,1.001,0,0,20,311,0,27,4
17-08 14:48:40,17.553,4.514,76.230,0.251,0,5785020,5604176,404408,4454652,23221.050,147871.076,0,200.605,0,10.030,3839,4648,1.270,1.940,1.800,1,0,0,0,0,20,312,0,27,4
17-08 14:48:41,22.266,5.872,66.799,0.245,0,5785252,5603672,404488,4454840,29922.944,15104.857,0,552.008,0,67.533,5129,6779,1.270,1.940,1.800,5,0,2.936,0,0,20,312,0,27,4
17-08 14:48:42,32.281,10.504,55.595,0,0,5785172,5603420,404756,4454900,17309.792,8747.640,0,4099.175,0,298.215,7222,9411,1.270,1.940,1.800,1,0,0,0,0,20,311,0,28,4
17-08 14:48:43,24.327,8.025,65.958,0,0,5764216,5624368,404756,4454904,15647.259,10539.179,0,0,0,0,4173,4903,1.270,1.940,1.800,1,0,6.019,0,0,20,311,0,26,4
17-08 14:48:44,27.148,5.479,65.503,0,0,5796064,5592500,404776,4454904,44570.082,21805.847,0,191.279,0,13.947,4286,4635,1.330,1.940,1.800,1,0,1.992,0,0,20,311,0,26,4
17-08 14:48:45,16.400,4.721,75.293,0,0,5800692,5587856,404784,4454912,35393.973,20363.288,0,302.164,0,16.897,3769,4615,1.330,1.940,1.800,3,0,0,0,0,20,312,0,26,4
17-08 14:48:46,16.552,4.514,77.242,0,0,5797204,5591308,404804,4454924,19779.023,11229.213,0,485.523,0,30.094,3956,5091,1.330,1.940,1.800,2,0,0,0,0,20,312,0,26,4
17-08 14:48:47,24.404,9.961,62.255,0,0,5795392,5593012,404892,4454940,15190.295,7337.162,0,753.040,0,73.710,5928,7835,1.330,1.940,1.800,4,0,1.992,0,0,20,312,0,26,4
17-08 14:48:48,25.603,9.539,62.251,0,0,5706360,5681924,404988,4454964,16499.643,8771.428,0,578.336,0,71.288,5661,6951,1.330,1.940,1.800,2,0,36.146,0,0,20,311,0,27,4
17-08 14:48:49,9.742,26.727,59.199,0,0,5709076,5679188,405000,4454968,45787.596,25508.048,0,1874.387,0,363.687,6639,5989,1.300,1.930,1.800,3,0,165.857,0,0,20,311,0,27,4
17-08 14:48:50,10.264,28.289,58.581,0.250,0,5695408,5692796,405060,4454968,61083.904,32100.619,0,2767.847,0,153.213,6685,6445,1.300,1.930,1.800,2,0,170.237,0,0,20,311,0,27,4
17-08 14:48:51,10.240,26.974,58.693,0,0,5697620,5690532,405104,4454976,60508.754,31505.152,0,483.527,0,36.964,6608,6425,1.300,1.930,1.800,2,0,159.843,0,0,20,311,0,27,4
17-08 14:48:52,11.282,26.826,58.666,0,0,5700340,5687792,405120,4454976,45896.733,24066.026,0,136.386,0,16.045,6452,6278,1.300,1.930,1.800,1,0,166.471,0,0,20,311,0,27,4
17-08 14:48:53,12.499,26.998,57.745,0,0,5701772,5686336,405144,4454976,66532.640,597625.856,0,303.976,0,20.998,6705,6203,1.300,1.930,1.800,1,0,162.987,0,0,20,311,0,27,4
17-08 14:48:54,11.749,26.999,57.997,0,0,5695868,5692200,405176,4454984,61471.974,31470.451,0,671.967,0,84.996,6631,6312,1.270,1.910,1.790,1,0,160.992,0,0,20,311,0,27,4
17-08 14:48:55,10.252,26.505,60.511,0,0,5697372,5690688,405176,4454992,45464.611,23438.439,0,80.015,0,7.001,6245,5830,1.270,1.910,1.790,2,0,163.031,0,0,20,311,0,27,4
17-08 14:48:56,9.499,27.246,58.491,0,0,5699324,5688724,405188,4454992,61633.270,32404.885,0,279.956,0,15.997,6313,5971,1.270,1.910,1.790,1,0,171.973,0,0,20,311,0,27,4
17-08 14:48:57,10.748,26.495,59.739,0,0,5699376,5688668,405192,4454992,61295.846,32258.130,0,83.985,0,7.999,6258,5908,1.270,1.910,1.790,2,0,161.971,0,0,20,311,0,27,4
17-08 14:48:58,11.994,26.987,58.221,0.250,0,5698024,5689988,405224,4454992,61239.478,31148.475,0,531.735,0,39.980,6637,6436,1.270,1.910,1.790,3,0,164.918,0,0,20,311,0,27,4
17-08 14:48:59,11.197,28.614,56.731,0,0,5699912,5688088,405224,4455200,45360.958,25849.456,0,19.906,0,4.976,6435,6080,1.330,1.910,1.790,3,0,180.146,0,0,20,311,0,27,4
17-08 14:49:00,19.789,32.814,42.834,0,0,5713880,5674116,405224,4455008,61274.775,32679.880,0,224.439,0,8.016,7148,15915,1.330,1.910,1.790,1,0,180.353,0,0,20,311,0,27,4
17-08 14:49:01,11.776,28.061,57.625,0,0,5709052,5678920,405240,4455016,53805.918,578054.090,0,196.427,0,17.037,6566,6256,1.330,1.910,1.790,7,0,171.372,0,0,20,311,0,27,4
17-08 14:49:02,9.510,26.528,60.313,0,0,5708896,5678920,405256,4455152,57287.070,31519.050,0,124.130,0,15.016,6314,6018,1.330,1.910,1.790,2,0,166.174,0,0,20,311,0,27,4
17-08 14:49:03,9.742,27.728,59.453,0,0,5703320,5684492,405256,4455156,61416.445,32542.273,0,7.994,0,1.998,6273,5923,1.330,1.910,1.790,2,0,164.870,0,0,20,311,0,27,4
17-08 14:49:04,17.732,28.471,50.449,0,0,5695660,5692068,405296,4455200,60686.240,32033.927,0,527.472,0,37.962,7167,7337,1.390,1.910,1.800,3,0,158.841,0,0,20,311,0,29,4
17-08 14:49:05,10.754,26.259,60.520,0,0,5691988,5695732,405296,4455208,45974.555,24358.242,0,872.295,0,188.064,6649,6154,1.390,1.910,1.800,2,0,157.053,0,0,20,311,0,29,4
17-08 14:49:06,10.009,27.274,59.053,0,0,5687768,5699924,405320,4455212,60795.586,32385.077,0,336.302,0,25.022,6500,6264,1.390,1.910,1.800,2,0,165.148,0,0,20,311,0,29,4
17-08 14:49:07,9.512,28.785,58.321,0,0,5692608,5694900,405332,4455380,60641.493,32038.829,0,144.175,0,14.017,6429,6233,1.390,1.910,1.800,1,0,165.200,0,0,20,311,0,29,4
17-08 14:49:08,10.745,25.239,60.724,0,0,5693336,5694144,405360,4455380,60661.385,31848.552,0,411.826,0,23.990,6375,6070,1.390,1.910,1.800,2,0,161.932,0,0,20,311,0,23,4
17-08 14:49:09,11.496,27.490,58.228,0,0,5695788,5691684,405364,4455384,50066.004,466872.863,0,99.962,0,7.997,6522,6219,1.440,1.910,1.800,3,0,160.939,0,0,20,311,0,23,4
17-08 14:49:10,10.506,23.013,63.035,0,0,5692208,5695256,405364,4455392,62635.220,156602.058,0,20.011,0,2.001,6074,5774,1.440,1.910,1.800,3,0,135.076,0,0,20,311,0,23,4
17-08 14:49:11,20.980,12.239,64.190,0,0,5713080,5715604,405368,4416600,44826.336,23378.271,0,11.989,0,0.999,4671,5357,1.440,1.910,1.800,3,0,45.957,0,0,20,311,0,23,4
17-08 14:49:12,17.243,14.994,65.224,0,0,5736928,5757252,405600,4359144,44747.414,22495.159,0,3.998,0,1.000,4292,5082,1.440,1.910,1.800,1,0,2.999,0,0,20,311,0,22,4
17-08 14:49:13,26.645,6.723,64.246,0.249,0,5753288,5738156,405740,4361584,44720.979,23498.983,0,2653.497,0,26.894,4496,4997,1.440,1.910,1.800,5,0,2.988,0,0,20,311,0,22,4
17-08 14:49:14,26.082,7.775,64.203,0,0,5761060,5727564,405808,4363952,45215.793,23064.840,0,866.737,0,21.067,4464,4967,1.400,1.900,1.790,2,0,19.060,0,0,20,311,0,22,4
17-08 14:49:15,20.029,6.009,71.853,0,0,5761420,5726864,405824,4364220,22723.497,12192.436,0,1181.690,0,179.256,4106,4733,1.400,1.900,1.790,1,0,6.009,0,0,20,312,0,22,4
17-08 14:49:16,20.434,4.236,72.765,0,0,5772548,5715588,405860,4364296,37977.460,20049.308,0,980.835,0,34.887,3910,4876,1.400,1.900,1.790,2,0,0,0,0,20,312,0,20,4
17-08 14:49:17,16.066,3.263,78.572,0,0,5771492,5716408,405916,4364440,27747.620,16396.138,0,1132.638,0,40.164,3608,4784,1.400,1.900,1.790,0,0,2.008,0,0,20,312,0,20,4
17-08 14:49:18,18.240,2.998,75.958,0.250,0,5771056,5716408,405940,4364772,26017.575,14670.866,0,939.479,0,28.984,3622,4634,1.400,1.900,1.790,0,0,0,0,0,20,312,0,20,4
17-08 14:49:19,21.744,3.999,71.480,0,0,5790820,5696500,405968,4364848,6414.197,3379.050,0,531.851,0,14.996,3820,4804,1.450,1.900,1.790,1,0,0,0,0,20,312,0,20,4
17-08 14:49:20,20.521,3.003,73.826,0,0,5790872,5696248,405996,4364980,27535.243,15991.402,0,868.891,0,24.025,3925,4855,1.450,1.900,1.790,1,0,2.002,0,0,20,312,0,16,4
17-08 14:49:21,21.949,3.741,72.332,0,0,5806316,5680548,406048,4365180,22597.496,12739.400,0,706.359,0,29.930,3888,4895,1.450,1.900,1.790,2,0,0,0,0,20,312,0,16,4
17-08 14:49:22,18.753,2.750,75.263,0,0,5805920,5680744,406088,4365332,10582.831,6672.154,0,952.165,0,34.006,3728,4872,1.450,1.900,1.790,1,0,0,0,0,20,312,0,16,4
17-08 14:49:23,21.234,4.747,70.948,0,0,5805252,5664924,406120,4381680,20986.647,11588.522,0,871.363,0,32.976,4000,4972,1.450,1.900,1.790,2,0,2.998,0,0,20,312,0,16,4
17-08 14:49:24,27.760,5.252,65.023,0,0,5816564,5645576,406172,4389248,1129.403,0,0,1064.380,0,53.019,4501,5501,1.490,1.900,1.800,2,0,1.000,0,0,20,312,0,14,4
17-08 14:49:25,35.511,12.004,49.515,0.250,0,5832144,5619004,406216,4398892,16143.996,8012.480,256.079,5137.590,2.001,217.067,5170,5277,1.490,1.900,1.800,5,0,5.002,0,0,20,312,0,14,4
17-08 14:49:26,39.957,14.984,43.454,0.250,0,5828212,5609524,406240,4411112,722.231,0,639.320,787.162,4.995,26.971,5254,5157,1.490,1.900,1.800,3,0,8.990,0,0,20,312,0,14,4
17-08 14:49:27,28.746,6.249,63.491,0.250,0,5814128,5606136,406288,4427260,1174.824,0,255.962,1251.813,2.000,51.992,4321,4863,1.490,1.900,1.800,1,0,0,0,0,20,312,0,14,4
17-08 14:49:28,26.263,6.003,65.282,0,0,5818104,5590424,406388,4437180,16048.949,7903.915,0,1820.902,0,84.042,4435,5326,1.490,1.900,1.800,3,0,0,0,0,20,312,0,11,4
17-08 14:49:29,27.251,5.000,66.002,0.250,0,5818688,5581792,406428,4443852,991.032,0,0,1236.040,0,38.001,4204,5204,1.450,1.890,1.790,1,0,2.000,0,0,20,312,0,11,4
17-08 14:49:30,25.890,5.975,65.969,0.249,0,5820784,5557220,406468,4464384,962.894,0,0,1477.699,0,51.779,3993,4588,1.450,1.890,1.790,1,0,0,0,0,20,312,0,11,4
17-08 14:49:31,27.328,6.017,64.433,0,0,5818532,5549784,406512,4472604,15417.849,7479.272,0,2491.085,0,269.767,4707,5395,1.450,1.890,1.790,3,0,0,0,0,20,312,0,11,4
17-08 14:49:32,25.775,6.757,65.064,0,0,5801248,5584264,406524,4455340,3356.281,2150.102,0,568.556,0,14.014,4138,4884,1.450,1.890,1.790,2,0,4.004,0,0,20,311,0,10,4
17-08 14:49:33,24.761,8.003,65.528,0,0,5833444,5552052,406524,4455348,890.385,148.064,0,0,0,0,4113,4808,1.450,1.890,1.790,2,0,19.008,0,0,20,311,0,10,4
17-08 14:49:34,17.760,5.503,74.043,0,0,5831764,5553712,406552,4455348,7597.394,2890.672,0,616.356,0,28.016,3981,5011,1.580,1.910,1.800,3,0,17.010,0,0,20,312,0,10,4
17-08 14:49:35,26.061,6.766,65.152,0,0,5787212,5592976,406572,4460188,34684.997,17705.346,0,990.313,0,16.037,4318,5028,1.580,1.910,1.800,1,0,4.009,0,0,20,311,0,10,4
17-08 14:49:36,27.010,10.254,57.771,0,0,5789556,5589636,406672,4460876,52047.569,587349.543,0,2528.902,0,109.039,7874,12483,1.580,1.910,1.800,2,0,7.002,0,0,20,311,0,10,4
17-08 14:49:37,22.970,10.736,64.167,0,0,5814092,5563920,406684,4461964,14988.635,7286.586,0,1466.106,0,14.981,5055,6846,1.580,1.910,1.800,1,0,7.990,0,0,20,311,0,7,4
17-08 14:49:38,26.218,9.488,58.928,0,0,5816724,5561300,406692,4461896,30303.018,14787.953,0,367.551,0,9.988,8274,14970,1.580,1.910,1.800,3,0,6.991,0,0,20,311,0,7,4
17-08 14:49:39,19.891,12.929,64.148,0,0,5818288,5559592,406700,4461988,15792.272,7321.790,0,167.082,0,3.978,4894,6141,1.530,1.890,1.790,1,0,11.934,0,0,20,311,0,7,4
17-08 14:49:40,22.612,11.055,65.072,0,0,5773828,5611092,406716,4455516,15383.191,7332.316,0,309.533,0,11.055,4051,4331,1.530,1.890,1.790,5,0,3.015,0,0,20,311,0,7,4
17-08 14:49:41,25.153,8.218,63.753,0,0,5757584,5627452,406716,4455460,1092.768,0,0,15.938,0,1.992,4122,4596,1.530,1.890,1.790,4,0,11.954,0,0,20,311,0,5,4
17-08 14:49:42,25.671,8.054,65.184,0,0,5772456,5612580,406716,4455460,45383.442,24348.261,0,4.027,0,1.007,4816,5651,1.530,1.890,1.790,2,0,41.275,0,0,20,311,0,5,4
17-08 14:49:43,25.461,11.482,57.911,0,0,5749180,5635848,406716,4455468,61095.595,33284.569,0,0,0,0,8779,15294,1.530,1.890,1.790,1,0,7.988,0,0,20,311,0,5,4
17-08 14:49:44,24.449,9.480,63.867,0,0,5773388,5611568,406772,4455484,44807.736,23303.495,0,961.998,0,33.929,4700,5324,1.490,1.880,1.790,2,0,19.958,0,0,20,311,0,5,4
17-08 14:49:45,17.225,7.489,71.894,0.250,0,5772060,5612876,406784,4455496,36909.741,18072.433,0,11499.096,0,49.927,4057,4843,1.490,1.880,1.790,1,0,16.975,0,0,20,312,0,4,4
17-08 14:49:46,27.267,6.254,65.040,0,0,5761080,5618240,406832,4460712,16045.840,7636.683,0,1084.665,0,25.015,4278,5047,1.490,1.880,1.790,2,0,2.001,0,0,20,311,0,4,4
17-08 14:49:47,25.588,9.784,59.956,0,0,5766612,5612196,406848,4461016,15487.109,7646.221,0,353.211,0,6.021,8444,14829,1.490,1.880,1.790,2,0,9.031,0,0,20,311,0,4,4
17-08 14:49:48,22.993,8.997,64.979,0,0,5773988,5603656,406848,4462024,15619.989,7831.487,0,91.970,0,1.999,4265,4903,1.490,1.880,1.790,2,0,7.997,0,0,20,311,0,4,4
17-08 14:49:49,24.787,11.267,59.590,0,0,5774188,5603432,406848,4462044,15790.846,7535.379,0,0,0,0,7696,13980,1.530,1.880,1.790,1,0,12.018,0,0,20,311,0,3,4
17-08 14:49:50,20.251,12.500,65.502,0,0,5774312,5603208,406848,4462108,15857.444,7458.209,0,176.005,0,2.000,4166,4515,1.530,1.880,1.790,4,0,9.000,0,0,20,311,0,3,4
17-08 14:49:51,22.982,9.492,64.948,0,0,5760192,5624496,406924,4455488,945.249,0,0,963.235,0,31.975,4281,5207,1.530,1.880,1.790,2,0,4.996,0,0,20,311,0,3,4
17-08 14:49:52,25.439,7.731,64.345,0,0,5765228,5619460,406956,4455456,15515.629,7440.080,0,191.539,0,12.969,4500,5163,1.530,1.880,1.790,1,0,17.957,0,0,20,311,0,3,4
17-08 14:49:53,22.000,13.000,62.999,0.250,0,5742712,5641868,407020,4455500,15979.685,19561.614,0,475.991,0,30.999,5005,5273,1.530,1.880,1.790,1,0,56.999,0,0,20,311,0,3,4
17-08 14:49:54,26.300,7.587,64.486,0,0,5744700,5639852,407048,4455500,46657.745,23332.413,0,202.310,0,13.150,4913,5741,1.570,1.880,1.790,1,0,40.462,0,0,20,311,0,3,4
17-08 14:49:55,24.008,9.900,62.867,0,0,5756896,5619804,407100,4462896,56905.681,584754.651,0,578.175,0,13.860,4925,5435,1.570,1.880,1.790,2,0,3.960,0,0,20,311,0,3,4
17-08 14:49:56,28.264,8.504,61.280,0,0,5763048,5609608,407284,4466176,44557.031,22192.973,0,25316.518,0,161.080,4588,4579,1.570,1.880,1.790,3,0,2.001,0,0,20,311,0,3,4
17-08 14:49:57,19.697,6.482,71.806,0,0,5748864,5623564,407324,4466400,35585.760,16848.434,0,1535.846,0,24.933,4017,4802,1.570,1.880,1.790,4,0,16.954,0,0,20,311,0,3,4
17-08 14:49:58,19.553,3.509,75.453,0,0,5749052,5623088,407356,4466620,22693.096,11064.789,0,268.723,0,7.019,3662,4692,1.570,1.880,1.790,2,0,0,0,0,20,312,0,3,4
17-08 14:49:59,20.272,4.004,73.080,0,0,5765988,5605952,407396,4466736,24458.783,13142.391,0,772.846,0,24.026,3872,4761,1.600,1.880,1.790,1,0,2.002,0,0,20,312,0,3,4
17-08 14:50:00,27.896,12.205,56.540,0,0,5795176,5576468,407440,4470572,27373.220,14964.359,0,1099.910,0,31.881,5100,12681,1.600,1.880,1.790,3,0,38.856,0,0,20,312,0,4,4
17-08 14:50:01,14.124,12.107,71.630,0,0,5777036,5594228,407488,4467264,52970.018,13209.211,0,69818.244,0,230.024,4288,5013,1.600,1.880,1.790,1,0,2.018,0,0,20,313,0,3,4
17-08 14:50:02,13.154,3.971,79.918,0,0,5778764,5592144,407640,4467416,127779.968,16334.980,0,2759.891,0,225.358,4467,5476,1.600,1.880,1.790,0,0,4.964,0,0,20,313,0,3,4
17-08 14:50:03,18.778,3.505,75.113,0.250,0,5787800,5582776,407736,4467580,31262.093,14228.434,0,981.479,0,39.059,3821,4884,1.600,1.880,1.790,2,0,1.002,0,0,20,313,0,3,4
17-08 14:50:04,29.743,7.498,60.985,0,0,5799732,5570664,407804,4467692,5819.561,3313.181,0,963.762,0,48.988,4973,6101,1.550,1.870,1.790,6,0,5.999,0,0,20,313,0,5,4
17-08 14:50:05,22.459,3.028,72.930,0,0,5799712,5570440,407840,4467852,25066.819,14724.346,0,940.775,0,30.282,4007,4962,1.550,1.870,1.790,1,0,2.019,0,0,20,315,0,3,4
17-08 14:50:06,21.786,3.218,71.548,0.248,0,5799304,5570440,407888,4468156,7898.453,4176.000,0,764.494,0,32.679,3782,4722,1.550,1.870,1.790,1,0,0,0,0,20,315,0,3,4
17-08 14:50:07,17.260,4.753,75.292,0,0,5793292,5575996,407976,4468508,353710.518,16064.061,0,2305.300,0,90.051,4345,5020,1.550,1.870,1.790,1,0,0,0,0,20,315,0,3,4
17-08 14:50:08,11.009,3.753,82.066,0.250,0,5793100,5575496,408256,4468752,79211.550,20657.573,0,2241.799,0,101.081,3991,5251,1.550,1.870,1.790,2,0,2.002,0,0,20,315,0,3,4
17-08 14:50:09,11.502,3.251,82.767,0.250,0,5792704,5575272,408528,4468952,69422.102,12682.576,0,1736.353,0,76.015,3665,4950,1.510,1.850,1.790,1,0,0,0,0,20,315,0,3,4
17-08 14:50:10,20.994,3.249,72.980,0,0,5792760,5575032,408568,4469052,23691.590,12361.656,0,711.807,0,22.994,3734,4571,1.510,1.850,1.790,2,0,0,0,0,20,315,0,3,4
17-08 14:50:11,14.756,4.752,76.779,0,0,5786604,5569384,408612,4480468,1504316.033,65615.169,0,1980.760,0,20.008,5469,5252,1.510,1.850,1.790,0,0,3.001,0,0,20,315,0,3,4
17-08 14:50:12,7.189,4.710,81.553,0,0,5779124,5569260,408620,4487836,3936703.865,82805.636,0,230.035,0,7.932,9037,8367,1.510,1.850,1.790,2,0,0.992,0,0,20,315,0,3,4
17-08 14:50:13,7.295,4.779,83.509,0.503,0,5786528,5558328,408700,4491188,1805471.425,47576.243,0,5026.666,0,27.166,5862,6146,1.510,1.850,1.790,1,0,3.018,0,0,20,315,0,3,4
17-08 14:50:14,10.229,6.736,76.090,0,0,5788780,5543928,408728,4502968,6632602.512,123736.600,0,375.213,0,26.944,11429,10519,1.470,1.840,1.780,1,0,1.996,0,0,20,315,0,3,4
17-08 14:50:15,8.780,10.787,72.248,1.505,0,5811504,5510408,408760,4513368,4638731.848,85046.563,0,11655.960,0,22.076,9595,8930,1.470,1.840,1.780,2,0,7.024,0,0,20,315,0,3,4
17-08 14:50:16,17.048,4.942,74.617,0,0,5804756,5508644,408940,4521440,641561.519,16275.441,0,1877.783,0,62.263,4738,5566,1.470,1.840,1.780,2,0,0,0,0,20,315,0,3,4
17-08 14:50:17,26.540,5.813,66.223,0,0,5813828,5492068,409104,4528076,15543.773,7704.147,0,748.172,0,32.353,4267,5111,1.470,1.840,1.780,3,0,3.033,0,0,20,315,0,3,4
17-08 14:50:18,23.496,7.499,66.238,0.250,0,5808520,5481496,411904,4537900,782.861,147.974,0,4127.269,0,88.984,4279,4970,1.470,1.840,1.780,2,0,0,0,0,20,315,0,3,4
17-08 14:50:19,26.807,5.762,66.142,0.501,0,5813096,5465704,412332,4547664,1117.394,0,68.146,1262.706,2.004,37.079,4033,4584,1.510,1.840,1.780,3,0,0,0,0,20,315,0,3,4
17-08 14:50:20,28.941,5.239,63.121,0,0,5813376,5455216,412504,4556448,781.405,0,63.870,562.851,1.996,20.957,4501,5367,1.510,1.840,1.780,4,0,1.996,0,0,20,315,0,3,4
17-08 14:50:21,25.723,6.244,65.682,0.250,0,5817716,5430392,413024,4574436,1158.794,0,3.996,2137.775,0.999,95.900,4564,5596,1.510,1.840,1.780,1,0,0,0,0,20,315,0,3,4
17-08 14:50:22,25.970,7.312,65.302,0,0,5830688,5383228,413676,4605172,15810.681,7521.596,72.614,1319.154,2.017,41.350,4178,4874,1.510,1.840,1.780,1,0,0,0,0,20,315,0,3,4
17-08 14:50:23,26.718,5.443,64.569,0.247,0,5823740,5372040,414200,4620648,1333.928,146.455,0,1876.208,0,64.321,4484,5417,1.510,1.840,1.780,1,0,2.969,0,0,20,315,0,3,4
17-08 14:50:24,27.045,5.259,65.107,0.250,0,5825284,5358780,414592,4630744,1028.694,0,0,1246.052,0,48.079,4380,5391,1.470,1.830,1.780,4,0,0,0,0,20,315,0,3,4
17-08 14:50:25,34.735,12.495,50.729,0,0,5833676,5332444,415492,4646172,723.695,0,255.892,443.813,1.999,17.992,4778,5058,1.470,1.830,1.780,3,0,4.998,0,0,20,315,0,3,4
17-08 14:50:26,41.416,13.722,43.163,0,0,5839472,5317660,415856,4653508,901.178,0,638.709,0,4.990,0,4988,4543,1.470,1.830,1.780,6,0,8.982,0,0,20,315,0,3,4
17-08 14:50:27,29.397,7.538,61.557,0,0,5836072,5310924,416096,4662420,15592.879,7561.767,257.285,25358.654,2.010,323.616,4742,4628,1.470,1.830,1.780,1,0,0,0,0,20,315,0,3,4
17-08 14:50:28,25.405,6.540,66.154,0.252,0,5837644,5290120,416892,4679568,1348.235,148.910,0,1686.300,0,58.356,4262,5166,1.470,1.830,1.780,2,0,0,0,0,20,315,0,3,4
17-08 14:50:29,24.820,5.212,65.029,1.241,0,5837672,5276132,417616,4690996,841.905,0,0,1405.822,0,48.648,4207,5201,1.430,1.810,1.770,1,1,1.986,0,0,20,315,0,3,4
17-08 14:50:30,23.983,7.994,65.453,0.250,0,5765832,5384480,417656,4655160,1778.721,347.750,0,663.523,0,28.979,4176,5063,1.430,1.810,1.770,2,0,1.999,0,0,20,313,0,3,4
17-08 14:50:31,24.008,9.003,65.273,0,0,5798060,5352224,417668,4655172,544.189,0,0,384.133,0,10.003,4297,5067,1.430,1.810,1.770,4,0,18.006,0,0,20,313,0,3,4
17-08 14:50:32,17.781,6.762,73.126,0.250,0,5814528,5335716,417692,4655188,7278.494,2960.081,0,1999.432,0,312.536,4435,4872,1.430,1.810,1.770,2,0,19.033,0,0,20,314,0,3,4
17-08 14:50:33,26.186,6.484,65.092,0,0,5785620,5359964,417708,4659620,883.852,321.219,0,1029.498,0,13.966,4052,4493,1.430,1.810,1.770,2,0,2.993,0,0,20,313,0,3,4
17-08 14:50:34,26.260,6.502,64.274,0,0,5803624,5340840,417736,4660544,30568.461,15911.966,0,676.254,0,21.008,4446,5402,1.400,1.800,1.770,2,0,2.001,0,0,20,313,0,3,4
17-08 14:50:35,26.805,11.524,59.372,0,0,5819512,5323776,417736,4661592,30465.695,14688.227,0,0,0,0,8341,13435,1.400,1.800,1.770,1,0,11.023,0,0,20,313,0,3,4
17-08 14:50:36,21.153,11.584,66.229,0.252,0,5803400,5339680,417764,4661704,30477.615,15091.239,0,2864.737,0,29.211,4190,4463,1.400,1.800,1.770,1,0,3.022,0,0,20,313,0,3,4
17-08 14:50:37,26.824,9.935,58.367,0,0,5819348,5323704,417780,4661716,30019.245,14979.818,0,206.646,0,11.922,8323,14889,1.400,1.800,1.770,1,0,5.961,0,0,20,313,0,3,4
17-08 14:50:38,19.664,11.948,64.716,0,0,5818640,5324376,417788,4661744,15538.886,7638.517,0,294.708,0,11.948,4099,4679,1.400,1.800,1.770,3,0,8.961,0,0,20,313,0,3,4
17-08 14:50:39,20.342,11.804,66.050,0,0,5818080,5324696,417796,4661936,15622.959,7817.507,0,305.387,0,6.027,4144,4775,1.370,1.790,1.770,2,0,7.032,0,0,20,313,0,3,4
17-08 14:50:40,24.438,7.980,65.084,0,0,5737680,5411916,417816,4655408,1199.936,0,0,235.399,0,9.975,3942,4616,1.370,1.790,1.770,3,0,3.990,0,0,20,313,0,3,4
17-08 14:50:41,25.723,8.241,63.183,0.499,0,5754108,5393884,418052,4656768,48097.116,607721.066,247.738,3.996,3.996,0.999,4626,5400,1.370,1.790,1.770,4,0,4.995,0,0,20,313,0,3,4
17-08 14:50:42,24.168,7.225,64.780,1.495,0,5765408,5380528,418252,4658448,34075.111,15311.924,390.671,3.986,9.966,0.997,4101,4850,1.370,1.790,1.770,4,0,0,0,0,20,313,0,3,4
17-08 14:50:43,27.516,7.754,61.285,0,0,5764984,5380528,418460,4658580,41610.514,22114.497,0,5455.083,0,319.180,6811,8471,1.370,1.790,1.770,3,0,1.001,0,0,20,315,0,4,4
17-08 14:50:44,27.157,8.801,61.104,0.251,0,5765116,5380024,418608,4658804,46120.830,22695.303,0,1351.821,0,121.704,6851,8766,1.340,1.770,1.760,4,0,2.012,0,0,20,316,0,8,4
17-08 14:50:45,29.999,9.750,56.749,0.250,0,5765248,5379520,418916,4658868,30263.339,14753.678,0,1507.967,0,220.995,7421,10025,1.340,1.770,1.760,2,0,1.000,0,0,20,316,0,8,4
17-08 14:50:46,17.249,17.499,61.747,0,0,5715656,5428732,418960,4659204,30657.517,15377.256,127.994,299.985,1.000,23.999,5778,6219,1.340,1.770,1.760,1,0,90.996,0,0,20,315,0,8,4
17-08 14:50:47,10.456,26.388,59.498,0,0,5718900,5425460,418960,4659232,61004.076,49060.573,0,7.966,0,0.996,6144,5863,1.340,1.770,1.760,2,0,150.364,0,0,20,315,0,8,4
17-08 14:50:48,11.792,26.094,59.464,0,0,5721260,5422972,419088,4659232,61222.840,33301.580,0,12942.474,0,250.901,6570,6634,1.340,1.770,1.760,2,0,123.443,0,0,20,315,0,8,4
17-08 14:50:49,16.255,17.005,63.518,0,0,5722512,5421712,419100,4659228,45890.999,25529.231,0,120.034,0,9.003,5529,5718,1.310,1.760,1.760,2,0,69.020,0,0,20,315,0,10,4
17-08 14:50:50,14.476,5.990,76.372,0,0,5710120,5435748,419108,4657588,110535.293,218942.163,0,239.597,0,9.983,4077,4953,1.310,1.760,1.760,5,0,8.985,0,0,20,315,0,10,4
17-08 14:50:51,15.034,12.529,70.662,0,0,5718900,5426968,419112,4657592,61840.573,381188.664,0,1447.313,0,29.067,4760,5579,1.310,1.760,1.760,0,0,24.055,0,0,20,316,0,10,4
17-08 14:50:52,6.496,1.999,88.694,0,0,5718368,5427468,419136,4657600,50741.774,16597.459,0,91.942,0,11.992,3199,4900,1.310,1.760,1.760,0,0,0,0,0,20,316,0,10,4
17-08 14:50:53,10.750,20.500,64.500,1.250,0,5689256,5456372,419232,4657692,87312.090,31731.033,20.000,93756.097,5.000,889.001,6365,5643,1.310,1.760,1.760,0,0,15.000,0,0,20,315,0,10,4
17-08 14:50:54,10.257,11.757,74.798,0,0,5690488,5455068,419284,4657712,191602.716,52724.493,0,312.198,0,31.020,4918,5779,1.200,1.730,1.750,1,0,39.025,0,0,20,315,0,11,4
17-08 14:50:55,27.232,6.246,65.207,0,0,5688640,5456916,419284,4657712,45873.717,23650.388,0,0,0,0,4066,4185,1.200,1.730,1.750,4,0,10.993,0,0,20,315,0,11,4
17-08 14:50:56,11.753,25.258,59.518,0.250,0,5690696,5454784,419348,4657724,59604.703,30911.181,0,792.235,0,56.017,6789,6598,1.200,1.730,1.750,1,0,232.069,0,0,20,315,0,11,4
17-08 14:50:57,14.991,8.495,63.713,9.494,0,5707860,5436472,419448,4658620,29874.593,14583.503,987.425,43.974,97.943,3.998,4269,5181,1.200,1.730,1.750,1,0,29.983,0,0,20,315,0,11,4
17-08 14:50:58,16.967,9.981,61.880,7.985,0,5712308,5427892,419612,4661568,18151.853,431053.352,3090.017,550.933,574.887,13.973,5242,6291,1.200,1.730,1.750,2,0,0,0,0,20,315,0,11,4
17-08 14:50:59,11.779,13.283,56.640,16.290,0,5715516,5419660,420048,4665716,15369.991,24422.366,4563.279,70754.888,201.498,395.979,5134,5326,1.190,1.720,1.740,2,0,1.002,0,0,20,315,0,11,4
17-08 14:51:00,18.236,7.494,67.946,4.247,0,5725780,5404624,420272,4667480,16171.255,7804.849,1970.447,3.997,173.863,0.999,4241,4999,1.190,1.720,1.740,0,0,1.998,0,0,20,316,0,11,4
17-08 14:51:01,24.968,13.482,58.674,0,0,5736284,5394096,420272,4667484,23384.569,15322.061,0,3.995,0,0.999,5466,14816,1.190,1.720,1.740,2,0,37.951,0,0,20,317,0,12,4
17-08 14:51:02,22.773,9.009,66.067,0,0,5716092,5414320,420292,4667496,23492.850,12734.929,0,1301.321,0,23.023,4631,5735,1.190,1.720,1.740,1,0,1.001,0,0,20,315,0,13,4
17-08 14:51:03,16.119,5.037,76.817,0,0,5729136,5401260,420296,4667508,43627.114,24657.051,0,88.655,0,10.074,3923,5107,1.190,1.720,1.740,1,0,3.022,0,0,20,316,0,12,4
17-08 14:51:04,23.232,9.144,63.764,0,0,5726612,5403636,420380,4667568,34775.475,19142.971,0,6022.463,0,82.053,5609,6933,1.170,1.710,1.740,6,0,3.954,0,0,20,317,0,14,4
17-08 14:51:05,33.523,11.508,53.287,0,0,5728504,5401556,420408,4667728,15624.748,7625.245,0,184.127,0,18.012,5373,5908,1.170,1.710,1.740,2,0,3.002,0,0,20,315,0,15,4
17-08 14:51:06,11.038,3.763,83.033,0,0,5728788,5401108,420428,4667872,24737.414,16783.271,0,140.479,0,14.048,3940,5388,1.170,1.710,1.740,3,0,2.007,0,0,20,316,0,15,4
17-08 14:51:07,20.469,8.237,68.395,0,0,5715736,5414096,420484,4667880,17419.373,8534.954,0,399.390,0,34.947,4418,5517,1.170,1.710,1.740,2,0,0.998,0,0,20,315,0,14,4
17-08 14:51:08,18.522,6.007,73.089,0,0,5732832,5396868,420576,4667920,17763.541,9830.921,0,4982.041,0,597.725,5055,5355,1.170,1.710,1.740,5,0,0,0,0,20,316,0,14,4
17-08 14:51:09,17.782,4.508,75.135,0,0,5726220,5403428,420616,4667932,22426.211,14297.636,0,428.769,0,30.054,4344,5613,1.240,1.710,1.740,1,0,3.005,0,0,20,315,0,15,4
17-08 14:51:10,17.485,6.494,73.435,0,0,5730440,5399172,420628,4667956,17351.730,10341.899,0,227.800,0,11.989,3809,4886,1.240,1.710,1.740,0,0,0,0,0,20,316,0,15,4
17-08 14:51:11,15.212,3.242,78.306,0.249,0,5730224,5399172,420700,4668100,49432.798,26648.123,0,1663.887,0,90.776,4497,5772,1.240,1.710,1.740,3,0,0,0,0,20,315,0,16,4
17-08 14:51:12,21.531,8.763,67.849,0,0,5732960,5396428,420704,4668104,34287.117,18758.419,0,112.164,0,9.013,4224,5223,1.240,1.710,1.740,0,0,3.004,0,0,20,316,0,16,4
17-08 14:51:13,10.520,3.006,82.910,0,0,5733168,5396176,420740,4668112,24558.485,16435.779,0,392.759,0,26.050,4091,5770,1.240,1.710,1.740,1,0,2.004,0,0,20,316,0,16,4
17-08 14:51:14,51.233,13.430,32.332,0,0,5685480,5443816,420776,4668124,46353.673,23482.744,0,2789.477,0,34.819,5820,5426,1.380,1.730,1.750,6,0,1.990,0,0,20,307,0,19,4
17-08 14:51:15,53.845,25.916,20.129,0,0,5414764,5714504,420792,4668132,30145.344,15048.517,0,273.756,0,13.084,5780,5049,1.380,1.730,1.750,6,0,10.065,0,0,20,292,0,22,4
17-08 14:51:16,73.648,25.964,0,0,0,5487904,5641344,420816,4668112,30236.268,14835.524,0,339.531,0,21.970,6597,5850,1.380,1.730,1.750,4,0,4.993,0,0,20,291,0,22,4
17-08 14:51:17,79.004,21.319,0,0,0,5550108,5579100,420848,4668120,15421.672,7584.429,0,152.491,0,18.058,6363,5260,1.380,1.730,1.750,4,0,0,0,0,20,291,0,22,4
17-08 14:51:18,78.649,20.973,0.499,0,0,5506488,5622444,420888,4668356,15748.798,7632.210,0,539.308,0,22.971,6658,5995,1.380,1.730,1.750,5,0,8.988,0,0,20,276,0,24,4
17-08 14:51:19,78.262,18.253,4.001,0,0,5520620,5606936,420944,4669680,81278.012,280255.420,0,756.112,0,49.007,8529,13085,1.750,1.800,1.770,9,0,6.001,0,0,20,280,0,28,4
17-08 14:51:20,53.489,30.459,13.372,0,0,5572496,5554812,420944,4669928,62560.286,371797.766,0,0,0,0,6828,6013,1.750,1.800,1.770,6,0,233.767,0,0,20,278,0,29,4
17-08 14:51:21,60.968,20.323,17.061,0,0,5671008,5456280,420968,4669924,30023.557,15557.735,0,220.791,0,23.083,6165,5105,1.750,1.800,1.770,8,0,45.162,0,0,20,280,0,30,4
17-08 14:51:22,69.077,19.272,11.263,0,0,5775748,5349180,421028,4672224,109446.478,32215.051,0,732.820,0,59.066,8735,10453,1.750,1.800,1.770,4,0,2.002,0,0,20,286,1,36,4
17-08 14:51:23,37.345,10.276,49.125,0,0,5803696,5320956,421072,4672456,85081.973,20361.686,0,320.814,0,32.081,6300,7789,1.750,1.800,1.770,3,0,3.008,0,0,20,297,0,36,4
17-08 14:51:24,23.759,6.252,67.026,0,0,5808176,5316420,421104,4672484,24475.600,9993.920,0,9779.836,0,806.316,5730,5969,1.690,1.790,1.760,1,0,0,0,0,20,299,0,36,4
17-08 14:51:25,25.747,2.723,68.330,0,0,5820768,5303820,421112,4672484,17040.871,8977.948,0,289.164,0,9.903,3949,4759,1.690,1.790,1.760,5,0,0,0,0,20,303,0,36,4
17-08 14:51:26,17.676,16.161,64.138,0,0,5804644,5319892,421160,4672488,15507.285,2246.349,0,848.441,0,44.442,5440,5524,1.690,1.790,1.760,1,0,130.296,0,0,20,302,0,37,4
17-08 14:51:27,15.468,19.210,61.872,0,0,5805080,5319448,421168,4672488,44751.401,23068.268,0,59.876,0,6.986,5641,5893,1.690,1.790,1.760,1,0,141.707,0,0,20,302,0,37,4
17-08 14:51:28,25.253,6.751,65.508,0,0,5845700,5278816,421176,4672488,36563.674,18546.371,0,1316.168,0,11.001,4014,4848,1.690,1.790,1.760,4,0,0,0,0,20,302,0,37,4
17-08 14:51:29,18.259,6.753,73.787,0,0,5857324,5267180,421184,4672492,28962.719,16499.385,0,5550.821,0,1144.582,5069,4855,1.550,1.760,1.750,1,0,2.001,0,0,20,303,0,37,4
17-08 14:51:30,19.278,4.256,73.856,0,0,5852452,5272036,421184,4672508,19015.350,11005.830,0,4.006,0,1.001,4104,5084,1.550,1.760,1.750,2,0,0,0,0,20,303,0,37,4
17-08 14:51:31,18.718,5.740,72.127,0,0,5837472,5287008,421188,4672512,112136.972,39822.162,0,103.823,0,5.990,4291,5019,1.550,1.760,1.750,1,0,20.964,0,0,20,304,0,38,4
17-08 14:51:32,12.736,24.472,58.684,0.499,0,5821952,5302356,421336,4672536,47393.692,482545.241,131.852,183.793,4.994,17.980,6714,6436,1.550,1.760,1.750,3,0,202.772,0,0,20,304,0,38,4
17-08 14:51:33,10.768,25.542,60.350,0,0,5813820,5310468,421356,4672536,60728.754,38748.286,0,88.146,0,13.022,6544,6244,1.550,1.760,1.750,2,0,198.329,0,0,20,304,0,38,4
17-08 14:51:34,11.252,24.253,61.008,0,0,5807140,5317064,421448,4672528,45899.286,28863.953,0,920.126,0,75.010,6964,7107,1.510,1.750,1.750,1,0,177.024,0,0,20,304,0,38,4
17-08 14:51:35,10.696,23.381,62.433,0,0,5804256,5319916,421448,4672560,60732.078,38524.674,0,1707.343,0,107.455,6467,5895,1.510,1.750,1.750,2,0,173.122,0,0,20,304,0,38,4
17-08 14:51:36,10.303,24.123,62.319,0,0,5789520,5334656,421480,4672568,61653.597,39544.423,0,345.770,0,27.139,6521,6282,1.510,1.750,1.750,2,0,174.895,0,0,20,304,0,38,4
17-08 14:51:37,10.250,24.249,62.498,0,0,5784708,5339460,421492,4672564,45738.338,28704.957,0,79.997,0,9.000,6530,6175,1.510,1.750,1.750,4,0,188.993,0,0,20,304,0,38,4
17-08 14:51:38,10.006,24.515,62.038,0,0,5777616,5346516,421504,4672580,61145.983,37708.808,0,208.126,0,12.007,6565,6186,1.510,1.750,1.750,3,0,206.125,0,0,20,304,0,38,4
17-08 14:51:39,10.486,25.466,60.418,0,0,5780112,5344000,421512,4672592,60703.946,37984.656,0,35.951,0,3.995,6403,5909,1.390,1.720,1.740,3,0,194.737,0,0,20,304,0,38,4
17-08 14:51:40,9.765,28.293,58.340,0,0,5769364,5354724,421516,4672596,45885.439,28307.455,0,68.105,0,6.009,6438,6037,1.390,1.720,1.740,3,0,207.318,0,0,20,304,0,38,4
17-08 14:51:41,11.606,24.474,61.310,0,0,5771804,5352276,421516,4672604,64929.187,637891.717,0,0,0,0,6703,6418,1.390,1.720,1.740,2,0,191.752,0,0,20,304,0,38,4
17-08 14:51:42,10.875,23.728,61.544,0,0,5774964,5349104,421548,4672584,45455.876,28188.832,0,371.738,0,24.717,6459,6232,1.390,1.720,1.740,4,0,170.050,0,0,20,304,0,38,4
17-08 14:51:43,15.097,19.057,62.121,0,0,5774968,5349056,421564,4672612,60340.848,35852.871,0,95.037,0,11.880,5737,5671,1.390,1.720,1.740,3,0,109.887,0,0,20,304,0,38,4
17-08 14:51:44,25.806,10.120,62.239,0,0,5803612,5320328,421636,4672624,45229.704,22150.846,0,716.502,0,65.781,4870,6115,1.360,1.710,1.740,6,0,0,0,0,20,304,0,37,4
17-08 14:51:45,26.965,5.742,65.664,0,0,5831328,5292608,421636,4672628,29489.189,14572.821,0,3.995,0,0.999,4166,4869,1.360,1.710,1.740,2,0,0,0,0,20,304,0,37,4
17-08 14:51:46,24.290,8.514,64.856,0,0,5791992,5331924,421644,4672636,45934.843,24013.125,0,76.124,0,6.010,4486,5254,1.360,1.710,1.740,1,0,7.011,0,0,20,304,0,37,4
17-08 14:51:47,25.969,5.743,65.421,0,0,5813136,5310756,421652,4672648,29953.880,14574.425,0,79.904,0,8.989,4026,4892,1.360,1.710,1.740,1,0,0,0,0,20,304,0,37,4
17-08 14:51:48,26.724,6.743,64.686,0,0,5829220,5294668,421652,4672652,29677.609,14725.417,0,3.996,0,0.999,4510,5043,1.360,1.710,1.740,3,0,0,0,0,20,305,0,35,4
17-08 14:51:49,35.544,11.514,50.562,0.501,0,5801568,5321888,422004,4672724,14962.324,7304.946,0,4721.783,0,344.422,6716,8343,1.410,1.710,1.740,3,0,4.005,0,0,20,305,0,36,4
17-08 14:51:50,26.211,11.483,59.413,0,0,5838228,5285008,422068,4672880,47620.965,24500.967,0,2743.965,0,539.207,5752,6137,1.410,1.710,1.740,2,0,20.969,0,0,20,305,0,36,4
17-08 14:51:51,26.809,5.957,64.539,0,0,5873540,5249696,422072,4672876,29199.619,14619.668,0,107.235,0,12.908,4389,5279,1.410,1.710,1.740,2,0,0,0,0,20,305,0,37,4
17-08 14:51:52,26.174,7.047,64.176,0,0,5837168,5286036,422084,4672892,29845.093,14755.941,0,140.935,0,15.100,4631,5391,1.410,1.710,1.740,5,0,16.107,0,0,20,305,0,35,4
17-08 14:51:53,25.330,9.685,62.332,0,0,5790124,5333040,422120,4672896,33801.589,558240.775,0,154.962,0,17.880,4827,5679,1.410,1.710,1.740,3,0,8.940,0,0,20,305,0,35,4
17-08 14:51:54,28.528,6.816,63.366,0,0,5827332,5295784,422164,4672900,45016.973,22169.690,0,266.594,0,43.422,4931,6085,1.460,1.720,1.740,2,0,0,0,0,20,305,0,36,4
17-08 14:51:55,26.404,5.978,64.018,0,0,5804136,5318968,422164,4672912,30234.583,17476.753,0,0,0,0,4348,4866,1.460,1.720,1.740,3,0,6.975,0,0,20,305,0,36,4
17-08 14:51:56,24.070,8.274,65.441,0.251,0,5848976,5274128,422164,4672912,51585.646,22910.907,0,722.109,0,159.466,4485,4937,1.460,1.720,1.740,5,1,2.006,0,0,20,305,0,35,4
17-08 14:51:57,27.493,6.498,64.734,0,0,5866684,5256348,422220,4672924,29580.515,14654.292,0,1623.589,0,131.967,4302,4677,1.460,1.720,1.740,1,0,0,0,0,20,305,0,35,4
17-08 14:51:58,28.216,6.550,62.730,0.252,0,5773792,5348992,422400,4672984,44573.846,16840.777,0,1048.014,0,134.025,6086,7442,1.460,1.720,1.740,0,0,5.039,0,0,20,305,0,35,4
17-08 14:51:59,7.935,9.671,78.607,0,0,5773644,5349212,422404,4672908,112833.466,43244.431,0,353.113,0,7.935,4506,5371,1.340,1.690,1.730,1,0,66.457,0,0,20,305,0,35,4
17-08 14:52:00,10.212,24.908,60.527,0,0,5778340,5344444,422456,4672924,45853.361,27219.891,0,1227.486,0,62.769,6561,6135,1.340,1.690,1.730,4,0,209.230,0,0,20,305,0,35,4
17-08 14:52:01,18.569,31.869,47.678,0,0,5793916,5328832,422484,4675616,61126.015,38084.063,0,172.644,0,18.067,7067,11122,1.340,1.690,1.730,5,0,218.816,0,0,20,305,0,35,4
17-08 14:52:02,13.958,25.673,56.830,0,0,5778768,5343960,422496,4672940,56486.136,99329.058,0,111.666,0,9.970,6861,9498,1.340,1.690,1.730,3,0,175.475,0,0,20,305,0,36,4
17-08 14:52:03,10.765,23.532,62.585,0,0,5773256,5349460,422508,4672940,53122.259,469110.105,0,92.125,0,10.014,6531,6241,1.340,1.690,1.730,2,0,183.249,0,0,20,305,0,36,4
17-08 14:52:04,10.518,24.041,62.356,0,0,5776032,5346616,422576,4672936,61156.957,39028.342,0,689.171,0,59.100,7002,7136,1.310,1.680,1.720,1,0,183.312,0,0,20,305,0,34,4
17-08 14:52:05,15.514,26.524,53.549,0,0,5758752,5363672,422600,4673136,46077.245,28390.029,0,164.150,0,13.012,7094,7091,1.310,1.680,1.720,2,0,203.186,0,0,20,305,0,36,4
17-08 14:52:06,10.983,24.711,61.654,0,0,5763260,5359140,422616,4673144,61425.296,36856.575,0,99.844,0,13.978,6661,6443,1.310,1.680,1.720,1,0,191.701,0,0,20,305,0,36,4
17-08 14:52:07,11.273,26.304,58.621,0,0,5761816,5360532,422636,4673172,61604.876,38018.299,0,124.256,0,15.031,6559,6332,1.310,1.680,1.720,3,0,198.409,0,0,20,305,0,36,4
17-08 14:52:08,11.000,26.999,58.748,0,0,5762692,5359572,422680,4673212,46095.501,29061.055,0,843.973,0,50.998,6680,6513,1.310,1.680,1.720,2,0,206.993,0,0,20,305,0,32,4
17-08 14:52:09,10.249,24.497,61.991,0,0,5762440,5359816,422680,4673220,61105.616,37986.788,0,39.995,0,3.999,6366,5949,1.210,1.650,1.720,2,0,187.974,0,0,20,305,0,32,4
17-08 14:52:10,10.243,24.733,61.707,0,0,5766712,5355540,422680,4673224,61561.626,38287.025,0,1762.758,0,362.744,6673,6000,1.210,1.650,1.720,1,0,178.874,0,0,20,305,0,32,4
17-08 14:52:11,19.650,14.359,63.735,0,0,5793860,5328388,422680,4673228,49402.216,591421.900,0,213.627,0,40.307,5147,5490,1.210,1.650,1.720,1,0,55.422,0,0,20,305,0,32,4
17-08 14:52:12,25.835,5.714,64.837,0,0,5844736,5277484,422696,4673236,44070.255,22041.586,0,162.962,0,9.937,4324,5238,1.210,1.650,1.720,1,0,0,0,0,20,305,0,30,4
17-08 14:52:13,26.736,6.497,63.716,0,0,5844944,5277232,422740,4673236,15382.758,7571.943,0,347.814,0,31.983,4994,6101,1.210,1.650,1.720,1,0,0.999,0,0,20,306,0,32,4
17-08 14:52:14,27.643,10.709,57.776,0.249,0,5844444,5277232,423032,4673436,29658.219,14732.981,0,4566.328,0,292.867,7144,9128,1.270,1.650,1.720,2,0,2.988,0,0,20,306,0,32,4
17-08 14:52:15,25.282,9.512,61.578,0.250,0,5844872,5276756,423112,4673404,15874.116,9700.292,0,1281.624,0,114.145,5987,7705,1.270,1.650,1.720,2,0,0,0,0,20,305,0,32,4
17-08 14:52:16,14.514,24.024,59.309,0,0,5794092,5327432,423116,4673488,53556.203,29251.058,0,168.167,0,7.007,6031,5779,1.270,1.650,1.720,2,0,151.150,0,0,20,306,0,27,4
17-08 14:52:17,10.511,23.274,63.065,0,0,5790496,5330880,423124,4673628,66111.682,37552.445,0,204.209,0,11.011,6177,5845,1.270,1.650,1.720,3,0,145.149,0,0,20,305,0,28,4
17-08 14:52:18,19.249,13.999,63.247,0,0,5822104,5299260,423172,4673584,59934.074,33762.352,0,1883.908,0,79.996,5258,5684,1.270,1.650,1.720,2,0,65.997,0,0,20,305,0,28,4
17-08 14:52:19,23.460,9.733,64.889,0,0,5847428,5273700,423184,4673676,30445.862,15695.123,15.973,738.735,0.998,15.973,4273,5338,1.250,1.640,1.710,1,0,1.997,0,0,20,305,0,28,4
17-08 14:52:20,25.750,6.750,64.749,0,0,5880024,5238852,423296,4675480,44508.572,22925.780,0,799.992,0,24.000,4361,5293,1.250,1.640,1.710,2,0,2.000,0,0,20,305,0,21,4
17-08 14:52:21,26.998,6.499,64.745,0,0,5891132,5225200,423356,4677456,29711.559,15076.761,0,471.961,0,13.999,4267,4987,1.250,1.640,1.710,5,0,3.000,0,0,20,305,0,21,4
17-08 14:52:22,23.978,8.742,65.191,0.250,0,5888664,5227668,423360,4677452,15049.373,7355.340,0,235.786,0,11.989,4150,5150,1.250,1.640,1.710,6,0,0,0,0,20,305,0,21,4
17-08 14:52:23,29.559,8.016,59.869,0.250,0,5888700,5227416,423444,4677580,15232.296,8329.567,0,1795.571,0,118.235,6708,8692,1.250,1.640,1.710,1,0,3.006,0,0,20,306,0,21,4
17-08 14:52:24,29.914,9.722,57.085,0,0,5888328,5227572,423548,4677680,58757.585,577297.485,0,981.171,0,119.655,7760,9946,1.230,1.630,1.710,3,0,0.997,0,0,20,305,0,18,4
17-08 14:52:25,25.111,9.040,63.280,0,0,5888400,5227336,423552,4677840,29719.469,14656.837,0,176.782,0,11.049,5478,6567,1.230,1.630,1.710,3,0,1.004,0,0,20,307,0,17,4
17-08 14:52:26,33.763,10.254,52.270,0,0,5889924,5225572,423688,4677940,29790.512,15645.046,0,4337.676,0,772.298,7465,8732,1.230,1.630,1.710,1,0,3.001,0,0,20,306,0,20,4
17-08 14:52:27,9.740,2.997,84.667,0.250,0,5889876,5225572,423728,4677948,17900.532,7420.758,0,327.680,0,40.960,3804,5603,1.230,1.630,1.710,1,0,0,0,0,20,308,0,20,4
17-08 14:52:28,26.774,8.258,60.305,0.250,0,5890168,5224564,424180,4678196,21290.377,8803.012,0,5789.269,0,461.420,7619,10111,1.230,1.630,1.710,2,0,0,0,0,20,306,0,21,4
17-08 14:52:29,12.105,3.279,82.972,0,0,5890100,5224564,424232,4678212,18831.937,8242.755,0,330.880,0,40.351,4123,5743,1.130,1.600,1.700,1,0,2.018,0,0,20,306,0,20,4
17-08 14:52:30,10.869,3.211,82.503,0,0,5889912,5224564,424368,4678260,27190.339,8646.486,0,1580.891,0,116.591,4509,6529,1.130,1.600,1.700,2,0,0,0,0,20,307,0,20,4
17-08 14:52:31,26.310,8.018,61.139,0.251,0,5890392,5223808,424520,4678380,803.829,0,0,2072.716,0,159.363,6879,9011,1.130,1.600,1.700,3,0,0,0,0,20,309,0,20,4
17-08 14:52:32,29.910,10.718,56.082,0.249,0,5890336,5223304,424872,4678576,45032.132,22773.794,0,3345.979,0,317.050,7704,10137,1.130,1.600,1.700,5,0,1.994,0,0,20,309,0,20,4
17-08 14:52:33,27.084,8.276,61.440,0.251,0,5890704,5222800,424928,4678652,29860.450,14785.778,0,1279.963,0,114.354,6882,8939,1.130,1.600,1.700,1,0,1.003,0,0,20,309,0,19,4
17-08 14:52:34,28.745,7.998,59.989,0,0,5890380,5222800,425052,4678844,30143.238,14589.211,0,1063.797,0,108.979,7121,9369,1.120,1.590,1.700,1,0,0,0,0,20,310,0,20,4
17-08 14:52:35,27.002,9.751,58.504,0.250,0,5890384,5222548,425220,4678912,15136.930,8175.503,0,2656.163,0,233.014,6737,8636,1.120,1.590,1.700,2,0,2.000,0,0,20,308,0,21,4
17-08 14:52:36,15.530,3.698,78.141,0,0,5890276,5222548,425320,4678920,17666.338,7259.004,0,1175.324,0,102.545,4578,6267,1.120,1.590,1.700,2,0,0,0,0,20,310,0,21,4
17-08 14:52:37,13.958,5.329,77.656,0,0,5889756,5222548,425620,4679132,44811.849,17565.392,0,5615.566,0,367.468,5612,7858,1.120,1.590,1.700,0,0,0,0,0,20,308,0,21,4
17-08 14:52:38,25.476,7.992,62.940,0.500,0,5889812,5222296,425752,4679188,29499.720,14725.883,0,1950.131,0,157.849,6924,8955,1.120,1.590,1.700,2,0,1.998,0,0,20,309,0,21,4
17-08 14:52:39,27.784,9.762,57.320,0.501,0,5889680,5221792,426148,4679416,29815.585,14742.089,0,2695.307,0,308.378,7767,10373,1.190,1.600,1.700,2,0,0,0,0,20,309,0,21,4
17-08 14:52:40,26.967,8.240,60.926,0,0,5890212,5221060,426248,4679492,29856.539,15191.448,0,954.834,0,83.898,6717,8778,1.190,1.600,1.700,1,0,0,0,0,20,309,0,22,4
17-08 14:52:41,27.985,9.245,59.469,0,0,5890048,5221060,426336,4679560,15056.179,7616.044,0,6740.498,0,908.528,8051,8339,1.190,1.600,1.700,1,0,1.999,0,0,20,310,0,22,4
17-08 14:52:42,26.537,9.263,60.335,0.250,0,5890192,5220556,426612,4679636,16001.432,8735.246,0,2791.914,0,256.359,6586,8694,1.190,1.600,1.700,1,0,0,0,0,20,308,0,23,4
17-08 14:52:43,15.892,5.215,75.985,0.248,0,5889976,5220556,426684,4679780,3657.212,212.559,0,826.399,0,68.535,4431,5929,1.190,1.600,1.700,1,0,0.993,0,0,20,309,0,23,4
17-08 14:52:44,27.890,9.799,59.046,0.754,0,5890396,5219548,427116,4679916,29311.114,9826.319,0,6303.638,0,477.396,7574,10070,1.500,1.660,1.720,0,0,3.015,0,0,20,308,0,26,4
17-08 14:52:45,14.778,8.266,73.639,0,0,5890364,5219548,427192,4679872,15967.170,7796.732,0,849.605,0,72.136,4569,6046,1.500,1.660,1.720,1,0,0,0,0,20,309,0,27,4
17-08 14:52:46,19.119,4.221,73.745,0.248,0,5890716,5218792,427324,4680136,10472.222,1066.689,0,866.064,0,115.210,5060,7229,1.500,1.660,1.720,0,0,0,0,0,20,308,0,29,4
17-08 14:52:47,26.006,5.807,66.151,0,0,5891432,5218036,427324,4680172,20526.869,447080.752,0,1567.415,0,139.371,5154,5632,1.500,1.660,1.720,2,0,2.020,0,0,20,309,0,29,4
17-08 14:52:48,25.181,5.485,65.819,0,0,5891588,5217532,427456,4680396,76355.327,166895.702,0,1144.856,0,141.611,6350,8048,1.500,1.660,1.720,1,0,0.997,0,0,20,308,0,30,4
17-08 14:52:49,14.478,4.743,77.384,0.499,0,5891416,5217532,427580,4680440,56833.124,23998.160,0,798.807,0,119.821,4936,6920,1.700,1.700,1.730,2,0,0,0,0,20,308,0,29,4
17-08 14:52:50,13.499,3.750,79.993,0,0,5891620,5217280,427648,4680408,21294.253,7824.358,0,531.956,0,67.994,4488,6269,1.700,1.700,1.730,3,0,2.000,0,0,20,308,0,29,4
17-08 14:52:51,10.752,3.751,83.014,0,0,5891456,5217280,427728,4680492,37809.557,15971.770,0,824.143,0,92.016,4228,6057,1.700,1.700,1.730,1,0,0,0,0,20,309,0,29,4
17-08 14:52:52,28.309,10.522,57.619,0,0,5892032,5216356,427988,4680568,18172.677,7377.295,0,6790.078,0,238.494,7744,10304,1.700,1.700,1.730,7,0,0,0,0,20,309,0,30,4
17-08 14:52:53,29.702,9.734,56.409,0.499,0,5892356,5215376,428420,4680776,15472.102,7593.780,0,6617.351,0,454.269,8318,10994,1.700,1.700,1.730,4,0,2.995,0,0,20,309,0,28,4
17-08 14:52:54,28.661,7.975,59.564,0,0,5892856,5214620,428564,4680880,641.998,131.590,0,1068.667,0,114.642,7159,9305,1.800,1.720,1.740,4,0,0,0,0,20,309,0,30,4
17-08 14:52:55,28.047,7.513,61.603,0,0,5893016,5214368,428616,4680916,15300.462,7470.432,0,532.887,0,50.083,6637,8472,1.800,1.720,1.740,2,0,0,0,0,20,309,0,31,4
17-08 14:52:56,25.951,8.733,60.884,0,0,5892936,5214116,428756,4681104,15388.649,9240.375,0,1493.152,0,142.728,6799,8897,1.800,1.720,1.740,3,0,1.996,0,0,20,309,0,31,4
17-08 14:52:57,29.079,9.776,57.656,0.501,0,5892872,5213864,428944,4681220,44814.015,22079.623,0,2017.448,0,236.639,7745,10269,1.800,1.720,1.740,2,0,0,0,0,20,308,0,30,4
17-08 14:52:58,33.459,7.931,54.030,0,0,5892944,5213612,429068,4681272,30238.697,14904.222,0,1883.599,0,147.714,7447,9569,1.800,1.720,1.740,8,0,0,0,0,20,309,0,31,4
17-08 14:52:59,28.772,7.756,58.796,0.500,0,5892808,5213360,429216,4681504,15617.091,7367.704,0,1613.249,0,134.104,7170,9306,1.740,1.710,1.730,1,0,2.002,0,0,20,310,0,31,4
17-08 14:53:00,28.925,8.049,59.863,0.252,0,5893676,5212352,429364,4681492,15155.835,7503.467,0,1247.559,0,115.701,7155,8990,1.740,1.710,1.730,3,0,2.012,0,0,20,311,0,32,4
17-08 14:53:01,27.011,10.254,59.024,0,0,5893812,5211848,429536,4681676,60859.480,30280.180,0,2593.043,0,162.065,7138,9295,1.740,1.710,1.730,3,0,2.001,0,0,20,311,0,33,4
17-08 14:53:02,38.292,20.272,37.541,0.250,0,5907212,5197776,429964,4681888,29740.407,14607.918,0,14003.259,0,1470.602,11092,22238,1.740,1.710,1.730,3,0,38.041,0,0,20,311,0,34,4
17-08 14:53:03,29.497,7.749,58.494,0.250,0,5906516,5198248,430112,4681956,30352.143,15496.541,0,1963.815,0,173.984,7249,9600,1.740,1.710,1.730,1,0,1.000,0,0,20,311,0,34,4
17-08 14:53:04,29.026,9.008,58.552,0,0,5894472,5210104,430224,4682028,33139.216,456334.317,0,1020.900,0,115.101,7547,9628,1.680,1.690,1.730,4,0,0,0,0,20,311,0,35,4
17-08 14:53:05,28.510,7.002,60.772,0,0,5894840,5209600,430300,4682084,31302.100,145421.566,0,868.308,0,78.028,6660,8516,1.680,1.690,1.730,2,0,3.001,0,0,20,311,0,32,4
17-08 14:53:06,19.266,3.753,73.312,0.250,0,5895156,5209096,430440,4682128,29613.195,15090.839,0,1144.974,0,120.102,5011,6919,1.680,1.690,1.730,0,0,0,0,0,20,310,0,33,4
17-08 14:53:07,21.654,12.196,61.974,0,0,5897852,5206084,430608,4682264,15462.258,7490.698,0,1632.741,0,166.261,6070,7928,1.680,1.690,1.730,5,0,5.973,0,0,20,311,0,35,4
17-08 14:53:08,23.839,5.019,69.008,0.251,0,5902948,5200792,430784,4682280,18400.751,8605.152,0,1670.241,0,152.570,5605,7495,1.680,1.690,1.730,0,0,2.008,0,0,20,310,0,38,4
17-08 14:53:09,21.464,4.992,70.131,0.499,0,5903600,5199796,430944,4682440,538.088,0,3.993,1357.698,0.998,141.760,5224,6823,1.620,1.680,1.720,3,0,0,0,0,20,310,0,39,4
17-08 14:53:10,11.242,4.247,80.943,0,0,5905304,5198032,431168,4682260,18180.274,8291.196,0,4888.578,0,276.806,4449,6416,1.620,1.680,1.720,3,0,0,0,0,20,311,0,39,4
17-08 14:53:11,30.213,10.238,56.182,0,0,5906620,5196016,431312,4682804,18426.696,8069.233,0,1837.775,0,180.781,6832,8457,1.620,1.680,1.720,9,0,1.998,0,0,20,310,0,42,4
17-08 14:53:12,33.846,7.020,56.410,0.251,0,5910128,5192236,431384,4683000,3633.319,464.319,0,4934.013,0,789.242,7106,7071,1.620,1.680,1.720,1,0,0,0,0,20,310,0,47,4
17-08 14:53:13,12.251,3.750,80.760,0.250,0,5911972,5190220,431520,4683028,26353.185,8822.066,0,1036.125,0,125.015,4748,6622,1.620,1.680,1.720,4,0,2.000,0,0,20,311,0,47,4
17-08 14:53:14,23.251,5.750,67.753,0,0,5912716,5189212,431712,4683092,3853.177,463.021,0,1572.072,0,184.008,5892,8000,1.650,1.690,1.720,1,0,2.000,0,0,20,312,0,46,4
17-08 14:53:15,20.461,4.741,71.363,0,0,5913432,5188456,431800,4683040,15786.764,7839.984,0,790.486,0,71.862,4662,6052,1.650,1.690,1.720,4,0,0,0,0,20,313,0,50,4
17-08 14:53:16,13.740,7.495,75.445,0.250,0,5914344,5187200,431916,4683264,14311.610,1441.953,0,1259.086,0,143.896,4816,6613,1.650,1.690,1.720,0,0,5.996,0,0,20,312,0,50,4
17-08 14:53:17,21.829,6.022,68.248,0.251,0,5916340,5184932,432080,4683364,601.186,0,0,1605.839,0,160.584,6103,8222,1.650,1.690,1.720,0,0,2.007,0,0,20,312,0,51,4
17-08 14:53:18,12.744,5.247,78.712,0.250,0,5916444,5184680,432152,4683436,30263.576,15458.632,0,883.579,0,74.964,4259,5855,1.650,1.690,1.720,2,0,0,0,0,20,313,0,49,4
17-08 14:53:19,25.756,7.502,63.014,0.250,0,5916660,5183924,432616,4683504,32640.211,15723.474,0,7177.586,0,473.105,6553,8863,1.520,1.660,1.720,2,0,0,0,0,20,312,0,52,4
17-08 14:53:20,16.201,5.982,74.772,0,0,5916988,5183420,432648,4683636,29617.768,14547.680,0,275.162,0,24.924,4270,5621,1.520,1.660,1.720,3,0,1.994,0,0,20,313,0,53,4
17-08 14:53:21,27.079,5.015,65.440,0,0,5916704,5183420,432836,4683728,32788.165,15735.672,0,1083.144,0,140.408,5790,7597,1.520,1.660,1.720,1,0,0,0,0,20,312,0,56,4
17-08 14:53:22,16.499,3.750,75.997,0,0,5917372,5182664,432908,4683748,16118.287,7517.667,0,1367.939,0,119.995,4614,6185,1.520,1.660,1.720,1,0,0,0,0,20,310,0,58,6
17-08 14:53:23,11.244,3.748,82.959,0,0,5918116,5181908,432928,4683740,15364.427,7853.129,0,355.825,0,22.989,3748,5195,1.520,1.660,1.720,3,0,2.999,0,0,20,311,0,58,6
17-08 14:53:24,12.507,3.752,80.295,0.500,0,5918712,5181152,433028,4683796,12314.870,1108.618,0,792.442,0,89.050,4523,6484,1.400,1.630,1.710,0,0,0,0,0,20,312,0,58,6
17-08 14:53:25,11.749,3.500,82.244,0,0,5918624,5181152,433084,4683820,15121.945,7619.468,0,595.958,0,50.996,3961,5669,1.400,1.630,1.710,0,0,0,0,0,20,312,0,58,6
17-08 14:53:26,12.748,3.249,81.237,0,0,5918296,5181152,433152,4684080,15001.685,7588.829,0,571.912,0,49.992,4009,5758,1.400,1.630,1.710,2,0,2.000,0,0,20,312,0,55,6
17-08 14:53:27,19.815,4.211,72.079,0,0,5918404,5180900,433300,4684072,771.812,0,0,1153.259,0,140.690,4932,6652,1.400,1.630,1.710,5,0,0,0,0,20,313,0,58,6
17-08 14:53:28,11.856,3.279,81.981,0,0,5918736,5180396,433376,4684160,21713.509,9300.889,0,807.194,0,78.701,4149,6028,1.400,1.630,1.710,1,0,0,0,0,20,312,0,59,6
17-08 14:53:29,28.015,5.753,63.533,0,0,5918868,5179892,433648,4684252,6434.381,926.487,0,1764.928,0,220.116,6408,8413,1.450,1.640,1.710,0,0,2.001,0,0,20,312,0,62,6
17-08 14:53:30,12.706,2.990,80.968,0,0,5918860,5179892,433660,4684244,15352.587,7336.476,0,422.530,0,23.917,3679,5117,1.450,1.640,1.710,2,0,0,0,0,20,313,0,60,6
17-08 14:53:31,25.547,6.261,65.119,0.250,0,5918384,5179892,433872,4684500,17647.304,2373.344,0,1755.213,0,228.418,6261,8196,1.450,1.640,1.710,1,0,0,0,0,20,312,0,61,6
17-08 14:53:32,20.016,5.755,70.557,0.250,0,5918768,5179388,433964,4684524,1153.932,0,0,1949.575,0,131.106,5520,7567,1.450,1.640,1.710,3,0,2.002,0,0,20,312,0,62,6
17-08 14:53:33,8.754,4.252,84.535,0,0,5918868,5179136,434000,4684636,30367.570,15326.344,0,6258.591,0,873.362,5295,5401,1.450,1.640,1.710,3,0,1.000,0,0,20,313,0,62,6
17-08 14:53:34,33.249,10.250,51.248,1.000,0,5919260,5178128,434512,4684724,44362.515,22788.237,0,8239.724,0,558.981,7961,10386,1.570,1.660,1.720,2,0,0,0,0,20,312,0,65,6
17-08 14:53:35,10.468,2.742,83.741,0,0,5919340,5177876,434556,4684848,17921.505,7632.366,0,450.605,0,43.864,3765,5379,1.570,1.660,1.720,3,0,1.994,0,0,20,313,0,66,6
17-08 14:53:36,18.292,4.761,73.922,0,0,5919600,5177400,434704,4684912,42877.617,451709.448,0,1278.971,0,160.373,5540,7462,1.570,1.660,1.720,0,0,1.002,0,0,20,312,0,66,6
17-08 14:53:37,22.065,5.516,68.954,0.251,0,5919376,5177400,434848,4684988,21672.230,147855.202,0,1339.971,0,150.446,5919,7850,1.570,1.660,1.720,1,0,0,0,0,20,312,0,67,6
17-08 14:53:38,8.923,3.222,85.268,0,0,5919364,5177400,434852,4684996,15562.398,7997.344,0,400.561,0,22.804,3503,5097,1.570,1.660,1.720,2,0,1.983,0,0,20,311,0,67,6
17-08 14:53:39,22.655,5.790,68.470,0.252,0,5919180,5177400,434964,4685060,14722.025,1852.714,0,1276.761,0,153.050,5651,7424,1.520,1.650,1.710,0,0,0,0,0,20,312,0,68,6
17-08 14:53:40,17.473,5.491,73.137,0,0,5919272,5177148,435028,4685152,14980.788,7284.713,0,886.626,0,87.864,5310,7335,1.520,1.650,1.710,2,0,0,0,0,20,313,0,70,6
17-08 14:53:41,28.422,9.972,57.092,0.249,0,5919152,5176896,435192,4685348,15482.256,7838.359,0,2150.064,0,221.389,7681,10169,1.520,1.650,1.710,3,0,2.992,0,0,20,313,0,70,6
17-08 14:53:42,30.123,9.539,57.986,0.251,0,5919284,5176420,435476,4685400,44412.951,22272.745,0,2791.373,0,283.154,7817,10271,1.520,1.650,1.710,3,0,0,0,0,20,313,0,69,6
17-08 14:53:43,29.849,8.209,57.709,0.249,0,5919564,5175664,435776,4685568,29883.064,14731.592,0,5675.335,0,356.201,7541,9515,1.520,1.650,1.710,4,0,0.995,0,0,20,313,0,69,6
17-08 14:53:44,30.053,8.765,57.101,0,0,5920224,5174656,435964,4685716,27010.608,8754.430,0,1995.517,0,180.318,7534,9678,1.480,1.640,1.710,5,0,2.004,0,0,20,313,0,69,6
17-08 14:53:45,28.278,6.817,62.868,0,0,5920324,5174404,436032,4685792,16130.508,7368.406,0,803.900,0,78.774,6723,8803,1.480,1.640,1.710,2,0,0,0,0,20,314,0,69,6
17-08 14:53:46,13.169,4.473,77.775,0.248,0,5920364,5174152,436108,4685928,15032.097,7251.665,0,1057.534,0,98.398,4531,6417,1.480,1.640,1.710,0,0,0,0,0,20,312,0,63,6
17-08 14:53:47,26.706,8.486,61.399,0,0,5920632,5173648,436232,4686036,15910.831,7349.911,0,1960.775,0,189.688,6094,7992,1.480,1.640,1.710,3,0,1.997,0,0,20,311,0,66,6
17-08 14:53:48,12.506,4.002,81.042,0,0,5920800,5173396,436304,4686044,18059.300,8580.419,0,3557.832,0,365.188,4611,5929,1.480,1.640,1.710,3,0,0,0,0,20,312,0,66,6
17-08 14:53:49,20.265,5.004,71.302,0,0,5921036,5172892,436492,4686116,18760.737,8192.999,0,4355.189,0,690.506,6275,7344,1.680,1.680,1.720,1,0,0,0,0,20,312,0,67,6
17-08 14:53:50,15.215,3.492,77.574,0.249,0,5920760,5172892,436580,4686300,658.502,0,0,1085.531,0,84.807,4623,6652,1.680,1.680,1.720,4,0,1.995,0,0,20,313,0,67,6
17-08 14:53:51,31.821,7.517,56.375,1.002,0,5920772,5172640,436832,4686280,18454.065,8174.190,0,6217.836,0,420.937,7282,9234,1.680,1.680,1.720,0,0,0,0,0,20,312,0,70,6
17-08 14:53:52,14.229,4.493,77.633,0.250,0,5920736,5172388,436960,4686432,14360.310,1440.824,0,1385.907,0,174.736,5024,7119,1.680,1.680,1.720,4,0,0,0,0,20,313,0,71,6
17-08 14:53:53,27.340,8.128,60.099,0.493,0,5920724,5172136,437124,4686524,590.149,145.813,0,1501.482,0,160.592,7105,9158,1.680,1.680,1.720,7,0,0.985,0,0,20,313,0,72,6
17-08 14:53:54,30.451,10.658,56.335,0,0,5920376,5171884,437472,4686768,45433.274,22773.479,0,3686.632,0,374.550,8084,11078,1.710,1.680,1.720,1,0,2.030,0,0,20,313,0,72,6
17-08 14:53:55,29.693,9.731,56.891,0,0,5920388,5171632,437644,4686824,37181.950,17037.444,0,2403.407,0,252.517,7894,10341,1.710,1.680,1.720,1,0,0,0,0,20,313,0,69,6
17-08 14:53:56,27.859,6.526,61.490,0.251,0,5920976,5170876,437716,4686916,22995.886,12944.598,0,1112.348,0,81.318,6687,8550,1.710,1.680,1.720,2,0,0,0,0,20,313,0,72,6
17-08 14:53:57,27.059,8.440,60.820,0,0,5921712,5169868,437796,4687104,15016.908,7244.817,0,1092.283,0,95.327,6912,8935,1.710,1.680,1.720,3,0,1.986,0,0,20,314,0,72,6
17-08 14:53:58,28.867,9.539,58.237,0.251,0,5921428,5169616,438184,4687232,15453.893,7474.419,0,7482.451,0,473.929,8391,11229,1.710,1.680,1.720,2,0,0,0,0,20,313,0,72,6
17-08 14:53:59,26.700,9.233,59.138,0.250,0,5921188,5169616,438316,4687340,45089.781,22395.673,0,1788.620,0,192.636,7343,9842,1.650,1.670,1.720,3,0,0,0,0,20,313,0,70,6
17-08 14:54:00,30.071,10.274,56.132,0.501,0,5921496,5168888,438600,4687468,32543.491,456346.608,0,3383.954,0,320.754,8051,10895,1.650,1.670,1.720,2,0,2.005,0,0,20,313,0,70,6
17-08 14:54:01,29.535,7.759,59.821,0.250,0,5921608,5168412,438720,4687704,30547.233,148424.050,0,1257.492,0,141.167,7052,9145,1.650,1.670,1.720,7,0,3.004,0,0,20,313,0,70,6
17-08 14:54:02,31.133,11.955,53.299,0,0,5953120,5136660,438808,4689840,14887.826,7268.575,0,1087.895,0,77.707,7157,11658,1.650,1.670,1.720,6,0,33.872,0,0,20,313,0,70,6
17-08 14:54:03,34.522,12.508,49.782,0,0,5947244,5142236,438880,4688072,15192.773,7514.834,0,1845.187,0,82.053,7579,16533,1.650,1.670,1.720,3,0,5.003,0,0,20,313,0,69,6
17-08 14:54:04,29.062,7.015,59.377,0,0,5946056,5142956,439104,4688304,18846.259,8055.207,0,2144.581,0,224.480,7462,9818,1.600,1.660,1.710,3,0,0,0,0,20,313,0,70,6
17-08 14:54:05,28.234,10.994,57.717,0.500,0,5942912,5145968,439352,4688184,40927.620,22199.319,0,6548.259,0,435.751,8011,10684,1.600,1.660,1.710,4,0,0,0,0,20,313,0,70,6
17-08 14:54:06,28.770,8.756,57.791,0,0,5940044,5148400,439524,4688436,29669.044,14830.519,0,2934.081,0,283.201,7665,10283,1.600,1.660,1.710,1,0,2.001,0,0,20,313,0,70,6
17-08 14:54:07,28.987,8.746,58.223,0.250,0,5937416,5150928,439592,4688468,15182.026,7520.545,0,1279.412,0,134.938,7193,9319,1.600,1.660,1.710,5,0,0,0,0,20,313,0,68,6
17-08 14:54:08,33.223,10.741,51.709,0,0,5934552,5153484,439632,4688724,26676.600,11514.763,0,1219.022,0,115.907,7688,9849,1.600,1.660,1.710,2,0,5.995,0,0,20,313,0,71,6
17-08 14:54:09,27.659,8.721,60.052,0.249,0,5934384,5153484,439672,4688848,4412.434,3546.294,0,4716.431,0,406.658,7558,9020,1.550,1.650,1.710,4,0,1.993,0,0,20,313,0,71,6
17-08 14:54:10,14.586,4.778,77.709,0,0,5934272,5153484,439744,4688884,15720.832,7405.731,0,5484.385,0,832.918,5873,6524,1.550,1.650,1.710,0,0,0,0,0,20,312,0,71,6
17-08 14:54:11,15.250,4.000,77.748,0.250,0,5934016,5153484,439816,4689064,15806.626,7559.821,0,963.977,0,87.998,4675,6318,1.550,1.650,1.710,2,0,0,0,0,20,312,0,65,6
17-08 14:54:12,15.934,8.216,72.449,0,0,5934156,5153232,439916,4689076,14941.879,7427.122,0,1306.568,0,147.387,5077,6800,1.550,1.650,1.710,7,0,1.992,0,0,20,309,0,69,6
17-08 14:54:13,26.049,4.258,66.625,0,0,5934216,5152980,440004,4689172,3531.634,1108.081,0,1414.657,0,116.218,5163,6726,1.550,1.650,1.710,3,0,1.002,0,0,20,312,0,70,6
17-08 14:54:14,21.786,4.507,71.117,0,0,5934140,5152980,440044,4689204,15236.150,7374.172,0,901.488,0,69.114,5244,6507,1.510,1.640,1.710,2,0,0,0,0,20,311,0,73,6
17-08 14:54:15,24.538,6.760,65.351,0.501,0,5933748,5152980,440228,4689404,14938.977,1908.936,0,6137.440,0,410.632,6636,8570,1.510,1.640,1.710,0,0,2.003,0,0,20,312,0,64,6
17-08 14:54:16,15.244,6.997,75.220,0,0,5934164,5152476,440280,4689432,11643.431,1376.460,0,863.661,0,79.969,4732,6218,1.510,1.640,1.710,2,0,5.998,0,0,20,312,0,65,6
17-08 14:54:17,13.003,3.251,80.518,0,0,5934104,5152476,440300,4689468,15126.441,7429.690,0,544.124,0,44.010,4128,5500,1.510,1.640,1.710,1,0,0,0,0,20,313,0,66,6
17-08 14:54:18,15.999,4.500,75.747,0.250,0,5934180,5152224,440376,4689564,673.977,147.995,0,1127.961,0,129.995,5156,7266,1.510,1.640,1.710,0,0,2.000,0,0,20,312,0,67,6
17-08 14:54:19,23.016,7.919,65.335,0.247,0,5934008,5152224,440492,4689612,29902.703,15197.348,0,1476.970,0,177.197,5704,7374,1.550,1.640,1.710,5,0,0,0,0,20,313,0,63,6
17-08 14:54:20,16.926,4.295,75.535,0.253,0,5934032,5151972,440548,4689784,35729.486,18293.198,0,4902.977,0,744.743,5783,6594,1.550,1.640,1.710,0,0,0,0,0,20,312,0,65,6
17-08 14:54:21,26.214,7.989,62.164,0,0,5934148,5151720,440632,4689832,29665.992,14931.360,0,1098.482,0,118.836,5612,7145,1.550,1.640,1.710,4,0,1.997,0,0,20,313,0,69,6
17-08 14:54:22,16.222,4.492,76.118,0,0,5934064,5151720,440668,4689876,17898.882,8237.678,0,1022.223,0,96.832,4639,6578,1.550,1.640,1.710,1,0,0,0,0,20,312,0,70,6
17-08 14:54:23,15.261,4.253,77.305,0.250,0,5934236,5151468,440712,4689908,29854.409,15163.874,0,768.551,0,62.044,4728,6428,1.550,1.640,1.710,2,0,1.001,0,0,20,312,0,65,6
17-08 14:54:24,21.054,5.264,71.183,0,0,5934256,5151216,440764,4690084,11672.068,1032.660,0,1327.420,0,150.387,5523,7275,1.500,1.630,1.700,0,0,2.005,0,0,20,312,0,67,6
17-08 14:54:25,6.990,2.247,87.629,0,0,5934248,5151216,440768,4690088,15623.462,7285.956,0,495.317,0,26.963,3300,5064,1.500,1.630,1.700,1,0,0,0,0,20,313,0,67,6
17-08 14:54:26,30.027,5.505,61.556,0.250,0,5934032,5151216,440924,4690144,18007.464,8163.464,0,5092.656,0,302.276,5813,6978,1.500,1.630,1.700,0,0,0,0,0,20,312,0,73,6
17-08 14:54:27,13.895,4.218,76.916,0,0,5933884,5151216,441032,4690180,28925.460,8673.172,0,1317.997,0,177.652,5161,7240,1.500,1.630,1.700,2,0,1.985,0,0,20,314,0,71,6
17-08 14:54:28,27.154,8.549,61.600,0,0,5933656,5151216,441140,4690288,932.291,148.845,0,1174.667,0,119.679,7156,9355,1.500,1.630,1.700,2,0,0,0,0,20,313,0,72,6
17-08 14:54:29,29.258,9.753,57.015,0.500,0,5933580,5150992,441248,4690476,27378.423,445612.814,0,2904.788,0,282.076,8209,10796,1.460,1.620,1.700,2,0,0,0,0,20,313,0,72,6
17-08 14:54:30,29.554,9.267,57.355,0.250,0,5933856,5150488,441356,4690588,48592.128,153798.096,0,2476.542,0,281.516,8044,10618,1.460,1.620,1.700,1,0,3.006,0,0,20,313,0,73,6
17-08 14:54:31,27.377,7.218,61.723,0,0,5934500,5149732,441404,4690648,29394.854,14592.399,0,1258.343,0,91.588,6911,8732,1.460,1.620,1.700,3,0,0,0,0,20,313,0,66,6
17-08 14:54:32,27.065,7.769,61.648,0.251,0,5935232,5148724,441464,4690860,17544.147,9129.933,0,1283.082,0,106.255,6971,9076,1.460,1.620,1.700,1,0,0,0,0,20,313,0,66,6
17-08 14:54:33,21.512,6.254,67.788,0.250,0,5935116,5148724,441516,4690924,15131.585,7448.226,0,1632.926,0,155.088,6226,8300,1.460,1.620,1.700,0,0,3.002,0,0,20,312,0,66,6
17-08 14:54:34,15.718,7.235,73.601,0,0,5935100,5148724,441556,4690896,15300.042,7442.940,0,6023.811,0,317.358,5525,7516,1.510,1.630,1.700,3,0,0,0,0,20,313,0,66,6
17-08 14:54:35,25.568,7.019,64.422,0.251,0,5934764,5148724,441632,4691148,18037.214,8281.136,0,2205.896,0,201.539,5945,7735,1.510,1.630,1.700,0,0,0,0,0,20,312,0,71,6
17-08 14:54:36,16.484,4.496,75.925,0,0,5934748,5148724,441652,4691144,14989.239,7288.822,0,935.079,0,83.917,4631,6276,1.510,1.630,1.700,2,0,1.998,0,0,20,313,0,66,6
17-08 14:54:37,27.796,7.262,62.102,0,0,5934868,5148472,441700,4691228,22877.734,9173.130,0,1109.831,0,113.187,5922,7269,1.510,1.630,1.700,2,0,0,0,0,20,312,0,69,6
17-08 14:54:38,9.738,2.247,85.143,0,0,5934868,5148472,441700,4691228,7453.658,630.210,0,507.364,0,24.969,3412,4832,1.510,1.630,1.700,2,0,0,0,0,20,313,0,70,6
17-08 14:54:39,9.757,3.002,85.064,0,0,5934824,5148472,441716,4691252,18590.914,7718.777,0,772.578,0,71.053,3851,5617,1.470,1.620,1.700,2,0,2.001,0,0,20,312,0,70,6
17-08 14:54:40,29.484,5.747,61.716,0.250,0,5934764,5148472,441744,4691268,3800.885,462.743,0,911.493,0,78.956,5498,6690,1.470,1.620,1.700,3,0,0,0,0,20,312,0,71,6
17-08 14:54:41,11.257,4.253,81.549,0.250,0,5934920,5148220,441764,4691336,11834.063,1377.822,0,6980.166,0,957.572,5713,5820,1.470,1.620,1.700,1,0,0,0,0,20,313,0,71,6
17-08 14:54:42,21.506,4.501,70.769,0,0,5936520,5146456,441764,4691500,25160.818,9088.463,0,696.189,0,49.013,4674,5851,1.470,1.620,1.700,0,0,2.001,0,0,20,312,0,73,6
17-08 14:54:43,13.749,4.000,77.996,0.250,0,5936456,5146456,441808,4691520,3900.798,213.989,0,1179.939,0,136.993,4623,6479,1.470,1.620,1.700,3,0,1.000,0,0,20,312,0,74,6
17-08 14:54:44,17.235,4.996,74.687,0.250,0,5936300,5146456,441868,4691608,37426.501,10107.493,0,1326.883,0,152.871,5465,7418,1.350,1.590,1.690,3,0,0,0,0,20,313,0,71,6
17-08 14:54:45,26.516,8.255,61.287,0,0,5936440,5146204,441932,4691652,719.429,0,0,2049.221,0,186.111,7331,9650,1.350,1.590,1.690,1,0,2.001,0,0,20,313,0,71,6
17-08 14:54:46,31.127,8.965,55.530,0.249,0,5936112,5146204,442032,4691876,717.165,0,0,2187.352,0,229.094,7609,9934,1.350,1.590,1.690,1,0,0.996,0,0,20,313,0,71,6
17-08 14:54:47,28.258,10.253,57.766,0.500,0,5935860,5146204,442204,4691952,16117.546,8058.273,0,5961.681,0,427.120,7849,10362,1.350,1.590,1.690,4,0,0,0,0,20,313,0,71,6
17-08 14:54:48,28.837,7.272,59.680,0,0,5936232,5145700,442240,4692040,44305.864,22560.162,0,978.958,0,87.264,6656,8421,1.350,1.590,1.690,1,0,2.006,0,0,20,313,0,68,6
17-08 14:54:49,28.266,7.254,60.784,0,0,5937008,5144692,442272,4692232,29723.602,14600.155,0,996.557,0,73.041,6836,8792,1.240,1.560,1.680,3,0,0,0,0,20,313,0,68,6
17-08 14:54:50,25.017,7.505,63.793,0.500,0,5937116,5144440,442360,4692288,15014.189,7366.999,0,2757.872,0,202.137,6862,9109,1.240,1.560,1.680,0,0,0,0,0,20,312,0,68,6
17-08 14:54:51,12.976,5.240,79.601,0,0,5937348,5144188,442396,4692272,15034.926,7348.279,0,4715.196,0,714.666,5034,5994,1.240,1.560,1.680,3,0,1.996,0,0,20,313,0,68,6
17-08 14:54:52,18.250,4.500,73.499,0,0,5937216,5144188,442416,4692380,26517.513,8672.841,0,1035.981,0,96.998,5333,7213,1.240,1.560,1.680,1,0,0,0,0,20,312,0,62,6
17-08 14:54:53,22.262,7.004,67.286,0,0,5937016,5144188,442496,4692492,15071.125,7742.174,0,1584.854,0,164.088,6776,9195,1.240,1.560,1.680,2,0,1.001,0,0,20,313,0,63,6
17-08 14:54:54,29.153,9.718,56.811,0.249,0,5936620,5144188,442604,4692776,29988.326,15043.997,0,2659.162,0,251.165,7738,10176,1.540,1.620,1.700,3,0,1.993,0,0,20,313,0,65,6
17-08 14:54:55,30.125,10.544,55.480,0.251,0,5936704,5143936,442808,4692736,44507.901,22141.985,0,6145.531,0,486.019,8179,11138,1.540,1.620,1.700,7,0,0,0,0,20,313,0,65,6
17-08 14:54:56,28.529,7.508,60.811,0.250,0,5936512,5143684,442912,4693064,14991.020,7303.317,0,2350.355,0,207.208,7204,9650,1.540,1.620,1.700,1,0,0,0,0,20,313,0,60,6
17-08 14:54:57,27.155,8.221,59.541,0,0,5927876,5152224,442940,4693128,40616.601,449942.533,0,1048.325,0,94.668,7423,9325,1.540,1.620,1.700,3,0,2.990,0,0,20,313,0,61,6
17-08 14:54:58,26.034,9.262,61.581,0.250,0,5928736,5151244,443016,4693168,18195.886,146514.332,0,1081.420,0,100.131,6685,8621,1.540,1.620,1.700,6,0,0,0,0,20,313,0,62,6
17-08 14:54:59,21.037,6.261,68.871,0,0,5929116,5150488,443172,4693384,18584.758,8362.740,0,1875.305,0,193.341,5744,7811,1.420,1.590,1.690,0,0,0,0,0,20,312,0,63,6
17-08 14:55:00,21.466,8.237,66.895,0.250,0,5929304,5150236,443312,4693308,299.531,0,0,1737.280,0,170.733,5609,7413,1.420,1.590,1.690,3,0,1.997,0,0,20,311,0,64,6
17-08 14:55:01,15.521,4.506,76.856,0,0,5930808,5148472,443364,4693504,18013.744,8359.483,0,925.271,0,85.117,4828,6485,1.420,1.590,1.690,0,0,5.007,0,0,20,312,0,64,6
17-08 14:55:02,28.879,8.216,59.501,0.498,0,5931248,5147716,443472,4693708,14881.754,7265.610,0,1724.786,0,183.234,6521,8324,1.420,1.590,1.690,4,0,0,0,0,20,312,0,66,6
17-08 14:55:03,27.228,25.230,44.964,0,0,5959604,5119228,443520,4693772,3702.053,1133.098,0,911.275,0,77.938,6748,17074,1.420,1.590,1.690,4,1,151.879,0,0,20,313,0,68,6
17-08 14:55:04,30.121,30.623,36.898,0.251,0,5962292,5116236,443720,4693812,15076.465,8315.349,0,5843.436,0,429.723,8906,10336,1.620,1.630,1.700,4,0,208.838,0,0,20,312,0,66,6
17-08 14:55:05,21.870,25.846,48.958,0,0,5965584,5112708,443828,4693892,3193.971,65.609,0,2703.891,0,116.307,6978,7233,1.620,1.630,1.700,5,0,174.958,0,0,20,313,0,66,6
17-08 14:55:06,25.118,19.090,52.498,0.251,0,5964916,5112960,444008,4694108,22384.573,9338.041,0,1559.354,0,166.787,6928,8232,1.620,1.630,1.700,2,0,100.474,0,0,20,312,0,66,6
17-08 14:55:07,17.792,7.768,71.667,0,0,5963684,5114112,444104,4694092,51519.398,23113.014,0,7349.175,0,1029.406,7022,7043,1.620,1.630,1.700,0,0,0,0,0,20,312,0,66,6
17-08 14:55:08,12.183,3.978,79.562,0,0,5962984,5114564,444208,4694232,43193.459,16094.489,0,1201.393,0,127.300,4650,6507,1.620,1.630,1.700,6,0,0,0,0,20,313,0,63,6
17-08 14:55:09,24.764,13.508,58.784,0.750,0,5960352,5117008,444320,4694300,29048.730,9141.265,0,1488.857,0,152.088,6972,8756,1.730,1.660,1.710,0,0,26.015,0,0,20,312,0,65,6
17-08 14:55:10,22.762,15.758,58.281,0,0,5960588,5116456,444444,4694484,25734.680,9074.824,0,1340.713,0,136.072,6097,7369,1.730,1.660,1.710,2,0,14.007,0,0,20,312,0,65,6
17-08 14:55:11,18.480,16.732,61.933,0,0,5961500,5115448,444484,4694532,18414.162,7420.006,0,879.053,0,73.920,5463,6707,1.730,1.660,1.710,6,0,12.986,0,0,20,313,0,65,6
17-08 14:55:12,31.020,19.263,46.030,0,0,5961312,5115448,444632,4694552,15416.063,7300.766,0,1677.095,0,161.105,7539,9037,1.730,1.660,1.710,6,0,15.010,0,0,20,313,0,63,6
17-08 14:55:13,31.693,19.808,44.321,0.248,0,5961440,5114972,444860,4694660,15242.563,7693.582,0,2686.019,0,282.270,8078,10038,1.730,1.660,1.710,7,0,15.847,0,0,20,313,0,63,6
17-08 14:55:14,34.849,21.970,40.657,0.505,0,5960672,5115224,445260,4694756,363.637,0,0,5967.694,0,490.911,8637,11094,2.160,1.750,1.740,6,0,13.131,0,0,20,313,0,64,6
17-08 14:55:15,30.107,17.562,49.676,0.251,0,5960328,5115224,445384,4694956,15625.361,7484.518,0,2565.088,0,157.558,7090,8765,2.160,1.750,1.740,1,0,15.053,0,0,20,313,0,66,6
17-08 14:55:16,30.014,24.761,42.019,0,0,5960296,5115224,445452,4694928,15352.996,7461.400,0,1028.469,0,76.035,7428,8815,2.160,1.750,1.740,5,0,46.021,0,0,20,313,0,66,6
17-08 14:55:17,28.753,14.752,52.756,0,0,5957304,5117808,445604,4695188,662.075,0,0,1716.194,0,165.019,7599,9633,2.160,1.750,1.740,6,0,66.007,0,0,20,313,0,57,6
17-08 14:55:18,28.354,6.964,59.443,0,0,5957136,5117556,445732,4695472,298.459,147.240,0,1444.542,0,144.255,7289,9340,2.160,1.750,1.740,2,0,1.990,0,0,20,313,0,58,6
17-08 14:55:19,28.632,9.042,59.524,0,0,5956940,5117556,445856,4695540,45294.129,23232.756,0,1719.903,0,146.674,7349,9457,2.380,1.800,1.760,1,0,0,0,0,20,313,0,58,6
17-08 14:55:20,29.553,10.182,55.133,0.248,0,5956560,5117556,446212,4695552,29392.551,14561.174,0,6159.045,0,472.856,8233,11267,2.380,1.800,1.760,10,0,0,0,0,20,313,0,59,6
17-08 14:55:21,30.716,9.064,56.901,0.252,0,5956272,5117332,446500,4695760,29736.484,14925.143,0,3021.284,0,301.121,7813,10770,2.380,1.800,1.760,1,0,2.014,0,0,20,313,0,54,6
17-08 14:55:22,27.932,6.734,60.353,0.249,0,5956252,5117080,446616,4695912,14967.539,7278.270,0,1177.132,0,99.757,6975,9205,2.380,1.800,1.760,1,0,0,0,0,20,313,0,54,6
17-08 14:55:23,28.769,8.255,60.040,0.250,0,5955992,5117080,446728,4696056,15667.421,8186.445,0,1112.740,0,99.066,7121,9246,2.380,1.800,1.760,5,0,1.001,0,0,20,313,0,54,6
17-08 14:55:24,30.516,11.006,55.779,0.500,0,5955700,5117080,446956,4696112,26386.922,8654.566,0,2165.142,0,225.119,7351,9353,2.590,1.850,1.770,4,0,3.002,0,0,20,310,0,55,6
17-08 14:55:25,12.533,3.509,80.711,0,0,5955416,5117080,447052,4696292,18096.298,8263.599,0,1455.805,0,154.404,4490,6348,2.590,1.850,1.770,0,0,0,0,0,20,313,0,47,6
17-08 14:55:26,15.745,3.999,76.477,0.250,0,5955480,5116828,447184,4696344,3862.843,882.736,0,1463.562,0,160.952,5094,7226,2.590,1.850,1.770,0,0,0,0,0,20,312,0,47,6
17-08 14:55:27,22.939,7.730,64.829,0.249,0,5955412,5116828,447292,4696300,22249.279,444353.254,0,9215.678,0,1186.868,7890,7893,2.590,1.850,1.770,1,0,1.995,0,0,20,312,0,47,6
17-08 14:55:28,8.071,2.774,88.026,0,0,5955248,5116828,447320,4696432,3556.357,215.904,0,762.725,0,60.534,3645,5704,2.590,1.850,1.770,2,0,0,0,0,20,313,0,47,6
17-08 14:55:29,13.416,4.223,78.756,0.248,0,5955484,5116324,447416,4696600,51385.430,157832.213,0,1105.063,0,107.326,5061,6898,2.550,1.860,1.770,1,0,0.994,0,0,20,312,0,41,6
17-08 14:55:30,17.493,5.748,72.719,0.750,0,5955380,5116072,447704,4696656,44932.954,23408.078,0,5273.765,0,334.858,5928,7878,2.550,1.860,1.770,4,0,1.999,0,0,20,312,0,41,6
17-08 14:55:31,12.756,4.252,80.540,0,0,5955252,5116072,447784,4696700,36949.284,15554.697,0,1528.756,0,104.051,4567,6359,2.550,1.860,1.770,0,0,0,0,0,20,312,0,42,6
17-08 14:55:32,12.468,3.740,80.044,0,0,5955684,5115568,447868,4696684,32485.397,15266.710,0,901.679,0,91.764,4465,6193,2.550,1.860,1.770,1,0,0,0,0,20,313,0,43,6
17-08 14:55:33,14.508,4.252,77.794,0,0,5955444,5115568,448000,4696788,47909.246,23417.318,0,1160.660,0,125.071,5021,6805,2.550,1.860,1.770,1,0,3.002,0,0,20,312,0,41,6
17-08 14:55:34,16.497,4.749,75.487,0.250,0,5955056,5115568,448184,4696984,32383.486,15052.437,0,1339.772,0,148.975,5468,7560,2.420,1.840,1.770,0,0,0,0,0,20,312,0,42,6
17-08 14:55:35,16.986,5.496,74.441,0.250,0,5954948,5115568,448340,4696932,33145.546,16027.209,0,2338.134,0,160.872,5187,7240,2.420,1.840,1.770,2,0,0,0,0,20,312,0,42,6
17-08 14:55:36,9.506,3.252,83.799,0,0,5954784,5115568,448404,4697028,44377.824,22128.877,0,708.412,0,58.034,4125,5885,2.420,1.840,1.770,2,0,2.001,0,0,20,313,0,43,6
17-08 14:55:37,11.988,4.246,81.421,0,0,5954560,5115568,448548,4697100,32596.434,15040.435,0,1182.855,0,129.874,4577,6674,2.420,1.840,1.770,3,0,0,0,0,20,312,0,35,6
17-08 14:55:38,21.053,6.015,68.171,0.251,0,5954732,5115064,448656,4697316,48486.282,23818.579,0,4763.916,0,747.871,7540,8730,2.420,1.840,1.770,2,0,0,0,0,20,312,0,35,6
17-08 14:55:39,13.975,3.494,80.104,0,0,5954700,5115064,448732,4697272,33020.901,15452.875,0,746.641,0,59.891,4289,5863,2.230,1.810,1.760,2,0,1.996,0,0,20,312,0,35,6
17-08 14:55:40,11.527,4.260,81.187,0.251,0,5954460,5115064,448848,4697396,41614.697,16396.706,0,1142.628,0,115.265,4569,6468,2.230,1.810,1.760,1,0,0,0,0,20,313,0,35,6
17-08 14:55:41,27.282,9.921,58.285,0,0,5954800,5114588,449096,4697272,29007.566,439150.280,0,3603.252,0,271.831,7742,10250,2.230,1.810,1.760,3,0,0,0,0,20,313,0,29,6
17-08 14:55:42,29.722,10.240,55.198,0.250,0,5954640,5114112,449468,4697520,22838.633,133405.190,0,6002.384,0,450.578,8228,10935,2.230,1.810,1.760,4,0,2.997,0,0,20,313,0,29,6
17-08 14:55:43,30.238,8.315,57.704,0.504,0,5954556,5113860,449720,4697600,1086.558,149.175,0,1931.211,0,229.810,7491,9962,2.230,1.810,1.760,5,0,1.008,0,0,20,313,0,29,6
17-08 14:55:44,30.712,8.240,58.178,0,0,5954180,5113860,449848,4697836,26590.955,8889.952,0,1590.024,0,138.827,7311,9594,2.130,1.800,1.760,2,0,0,0,0,20,313,0,29,6
17-08 14:55:45,27.315,7.518,61.647,0,0,5954280,5113608,449936,4697896,15459.883,7475.835,0,958.286,0,82.196,6962,9105,2.130,1.800,1.760,1,0,2.005,0,0,20,313,0,26,6
17-08 14:55:46,33.315,12.182,51.464,0,0,5986396,5081100,450112,4698104,15100.031,7255.652,0,1841.758,0,190.938,7547,9460,2.130,1.800,1.760,4,0,0.994,0,0,20,312,0,28,6
17-08 14:55:47,9.124,3.295,85.661,0.253,0,5986344,5081100,450152,4698116,668.055,0,0,1034.016,0,82.113,3794,5707,2.130,1.800,1.760,1,0,0,0,0,20,313,0,28,6
17-08 14:55:48,26.358,8.868,59.860,0,0,5986168,5080848,450464,4698220,15245.437,7859.204,0,2187.492,0,254.222,6821,9165,2.130,1.800,1.760,1,0,1.971,0,0,20,312,0,28,6
17-08 14:55:49,15.082,5.279,76.417,0.754,0,5986188,5080596,450736,4698172,44413.475,22008.153,0,4371.868,0,254.389,4990,7129,2.040,1.780,1.750,3,0,0,0,0,20,312,0,30,6
17-08 14:55:50,26.027,7.007,63.816,0,0,5985764,5080344,451080,4698488,44790.293,22903.672,0,3267.377,0,260.269,6933,9176,2.040,1.780,1.750,2,0,0,0,0,20,313,0,30,6
17-08 14:55:51,28.743,9.248,57.736,0,0,5985352,5080344,451428,4698540,29672.040,14588.578,0,1891.556,0,192.955,7616,10128,2.040,1.780,1.750,2,0,2.999,0,0,20,313,0,31,6
17-08 14:55:52,29.242,8.997,57.484,0,0,5984916,5080092,451892,4698748,29671.598,15235.686,0,2367.330,0,262.926,7679,10311,2.040,1.780,1.750,1,0,0,0,0,20,313,0,31,6
17-08 14:55:53,29.398,7.723,58.546,0.498,0,5985400,5079336,452040,4698872,21940.663,9630.493,0,1391.160,0,140.511,7134,9133,2.040,1.780,1.750,6,0,0.997,0,0,20,313,0,32,6
17-08 14:55:54,28.830,8.022,59.164,0,0,5985676,5078836,452208,4698920,22833.295,13000.037,0,1636.537,0,146.406,7207,9553,1.950,1.770,1.750,4,0,2.006,0,0,20,313,0,34,6
17-08 14:55:55,27.264,7.504,62.283,0,0,5986224,5078080,452260,4699068,7388.867,3902.042,0,808.423,0,58.030,6452,8286,1.950,1.770,1.750,2,0,0,0,0,20,313,0,35,6
17-08 14:55:56,27.184,8.479,61.102,0.249,0,5986644,5077324,452408,4699252,53082.305,26497.758,0,1747.763,0,183.555,7197,9115,1.950,1.770,1.750,3,0,0,0,0,20,313,0,36,6
17-08 14:55:57,27.053,10.270,58.115,0.250,0,5986124,5077324,452828,4699340,30273.753,14620.858,0,4797.469,0,366.724,7910,10541,1.950,1.770,1.750,5,1,2.004,0,0,20,313,0,32,6
17-08 14:55:58,29.501,10.660,55.531,0.248,0,5986116,5076820,453128,4699540,29783.231,14777.084,0,11431.366,0,1302.985,9325,10336,1.950,1.770,1.750,2,0,0,0,0,20,313,0,32,6
17-08 14:55:59,27.526,8.081,62.376,0.253,0,5986580,5076064,453204,4699744,31049.391,15376.206,0,929.320,0,71.719,6682,8586,1.880,1.760,1.740,1,0,0,0,0,20,313,0,32,6
17-08 14:56:00,28.095,7.210,60.168,0,0,5986664,5075812,453316,4699796,45597.063,171480.521,0,1097.934,0,105.418,7319,9462,1.880,1.760,1.740,7,0,1.989,0,0,20,314,0,34,6
17-08 14:56:01,28.656,8.798,58.819,0,0,5986532,5075812,453376,4699864,38506.069,458453.172,0,1222.638,0,100.546,7391,9106,1.880,1.760,1.740,1,0,2.011,0,0,20,314,0,35,6
17-08 14:56:02,28.983,8.995,58.217,0.500,0,5986652,5075308,453636,4699980,44230.735,22747.007,0,2138.778,0,218.875,7514,9783,1.880,1.760,1.740,2,1,0,0,0,20,313,0,32,6
17-08 14:56:03,29.702,9.235,57.158,0,0,5986652,5074804,453964,4700144,15305.333,7432.022,0,2296.299,0,267.569,7840,10377,1.880,1.760,1.740,5,0,2.995,0,0,20,313,0,32,6
17-08 14:56:04,38.835,16.286,41.591,0.251,0,6004888,5056296,454148,4700220,29772.911,14690.027,0,1591.470,0,144.315,8262,18712,1.890,1.760,1.740,2,0,36.079,0,0,20,313,0,35,6
17-08 14:56:05,27.225,7.425,61.628,0,0,6002260,5058652,454248,4700388,15693.656,7223.121,0,1239.494,0,92.071,6858,8998,1.890,1.760,1.740,1,0,0,0,0,20,313,0,36,6
17-08 14:56:06,27.867,8.285,59.501,0.251,0,6000288,5060164,454624,4700460,15945.230,8039.899,0,6627.946,0,375.584,7690,9962,1.890,1.760,1.740,2,0,2.008,0,0,20,313,0,32,6
17-08 14:56:07,28.659,9.301,58.574,0.503,0,6000296,5059884,454872,4700476,45074.294,22952.947,0,3109.196,0,253.401,7661,10178,1.890,1.760,1.740,2,0,0,0,0,20,313,0,32,6
17-08 14:56:08,27.478,10.242,57.455,0.250,0,5999680,5059912,455120,4700804,44557.015,22514.323,0,6574.838,0,966.241,8693,10161,1.890,1.760,1.740,1,0,0,0,0,20,313,0,32,6
17-08 14:56:09,29.787,9.762,56.320,0.250,0,5999540,5059660,455432,4700876,30071.420,14652.233,0,2507.120,0,284.354,7870,10512,1.740,1.730,1.730,1,0,2.002,0,0,20,312,0,33,7
17-08 14:56:10,34.828,10.946,50.003,0.249,0,6001348,5057644,455600,4700908,14936.162,7325.784,0,1970.260,0,183.095,7986,10201,1.740,1.730,1.730,5,0,3.980,0,0,20,315,0,32,6
17-08 14:56:11,37.105,9.778,50.142,0,0,6001896,5056636,455752,4701204,15836.794,7545.342,0,1420.017,0,105.298,7672,9678,1.740,1.730,1.730,1,0,2.006,0,0,20,313,0,34,6
17-08 14:56:12,27.566,7.518,61.647,0.251,0,6001772,5056636,455892,4701188,15427.824,7313.456,0,1499.579,0,130.311,7125,9312,1.740,1.730,1.730,2,0,2.005,0,0,20,313,0,35,6
17-08 14:56:13,27.982,7.495,60.960,0,0,6001784,5056384,455984,4701320,15439.917,7439.142,0,1203.214,0,95.937,6844,8780,1.740,1.730,1.730,3,0,0.999,0,0,20,313,0,36,6
17-08 14:56:14,26.651,10.959,57.784,0.498,0,6001544,5056132,456356,4701432,30069.800,15211.242,0,4459.361,0,352.684,7343,9870,1.680,1.720,1.730,7,0,0,0,0,20,313,0,37,6
17-08 14:56:15,22.090,5.271,69.783,0,0,6001484,5055880,456492,4701596,48145.365,23487.307,0,3835.564,0,259.051,5894,7769,1.680,1.720,1.730,1,0,2.008,0,0,20,312,0,38,6
17-08 14:56:16,18.074,7.029,72.044,0,0,6001548,5055628,456620,4701652,34274.102,12408.723,0,1257.139,0,125.513,5240,6745,1.680,1.720,1.730,0,0,6.025,0,0,20,312,0,38,6
17-08 14:56:17,16.177,7.217,73.418,0.249,0,6001260,5055628,456720,4701836,25122.557,12075.472,0,931.792,0,76.654,5117,6586,1.680,1.720,1.730,3,0,0,0,0,20,313,0,38,6
17-08 14:56:18,22.505,6.001,68.765,0.250,0,6001608,5054900,456916,4702016,60647.443,601581.341,0,1348.299,0,158.035,5994,7618,1.680,1.720,1.730,1,0,2.000,0,0,20,312,0,35,6
17-08 14:56:19,25.012,5.503,65.781,0,0,6001144,5054900,457120,4702268,30003.118,14796.963,0,1316.620,0,150.071,6212,7893,1.780,1.740,1.740,3,0,0,0,0,20,313,0,36,6
17-08 14:56:20,24.242,6.998,65.727,0.500,0,6000900,5054396,457556,4702560,29283.846,9294.777,0,2843.014,0,349.879,7067,9623,1.780,1.740,1.740,2,0,0,0,0,20,312,0,37,6
17-08 14:56:21,16.446,4.485,74.753,0,0,6001152,5053892,457756,4702604,14893.823,7337.772,0,1467.156,0,138.543,5303,7151,1.780,1.740,1.740,6,0,1.993,0,0,20,313,0,38,6
17-08 14:56:22,27.415,9.632,57.793,0.247,0,6001104,5053640,458132,4702520,58787.035,30121.613,0,4856.604,0,356.638,8473,11369,1.780,1.740,1.740,5,0,0,0,0,20,313,0,36,6
17-08 14:56:23,29.088,10.281,56.922,0,0,6000852,5053136,458504,4702888,30414.049,15199.000,0,5139.555,0,360.090,7631,9997,1.780,1.740,1.740,6,0,1.003,0,0,20,313,0,36,6
17-08 14:56:24,32.186,10.310,54.314,0.754,0,6000524,5052884,458984,4702976,41309.533,15875.671,0,2590.961,0,322.864,8266,10971,1.720,1.730,1.730,7,0,2.012,0,0,20,313,0,36,6
17-08 14:56:25,28.729,8.743,58.706,0,0,6000092,5052884,459316,4703060,15111.698,7422.449,0,2178.371,0,242.818,7538,10172,1.720,1.730,1.730,5,0,0,0,0,20,313,0,36,6
17-08 14:56:26,28.193,8.307,60.666,0,0,6000184,5052632,459480,4703056,14926.238,7346.319,0,1623.118,0,136.938,7140,9299,1.720,1.730,1.730,4,0,0,0,0,20,313,0,35,6
17-08 14:56:27,27.726,6.994,61.196,0.250,0,5999772,5052632,459612,4703324,15049.792,7289.603,0,1638.562,0,156.862,7198,9307,1.720,1.730,1.730,1,0,1.998,0,0,20,313,0,35,6
17-08 14:56:28,25.770,7.756,63.050,0,0,5999924,5052380,459652,4703380,15283.029,7515.916,0,936.737,0,64.050,6488,8479,1.720,1.730,1.730,2,0,0,0,0,20,313,0,35,6
17-08 14:56:29,18.522,8.760,69.582,0.751,0,6000096,5051624,459972,4703628,902.066,890.052,0,12098.301,0,1315.555,7422,8305,1.660,1.720,1.730,2,0,0,0,0,20,312,0,36,6
17-08 14:56:30,7.998,2.999,85.979,0,0,6000032,5051624,460068,4703596,15576.185,7360.197,0,2235.452,0,125.969,3678,5453,1.660,1.720,1.730,1,0,2.000,0,0,20,312,0,35,6
17-08 14:56:31,7.002,2.501,87.773,0,0,5999956,5051624,460092,4703644,945.250,0,0,392.104,0,21.006,3230,4877,1.660,1.720,1.730,0,0,0,0,0,20,312,0,35,6
17-08 14:56:32,17.740,6.246,72.458,0,0,6001892,5049608,460180,4703636,18349.301,7489.633,0,835.513,0,88.948,5088,6880,1.660,1.720,1.730,1,0,0,0,0,20,313,0,35,6
17-08 14:56:33,26.761,7.253,62.026,0.250,0,6001440,5049356,460376,4704136,3347.378,958.395,0,1608.662,0,180.074,6526,8755,1.660,1.720,1.730,2,0,3.001,0,0,20,312,0,35,6
17-08 14:56:34,13.499,4.750,77.996,0,0,6001364,5049356,460552,4704036,41496.061,16457.231,0,1275.940,0,149.993,5135,7201,1.530,1.690,1.720,3,0,0,0,0,20,313,0,32,6
17-08 14:56:35,26.252,9.501,61.006,0.250,0,6001096,5049104,460752,4704340,44295.022,22021.999,0,1344.122,0,154.014,7330,9699,1.530,1.690,1.720,1,0,0,0,0,20,313,0,32,6
17-08 14:56:36,28.998,9.170,57.004,0.248,0,6000792,5048852,461100,4704540,14934.109,7363.951,0,2514.133,0,282.543,7711,10426,1.530,1.690,1.720,3,0,1.983,0,0,20,313,0,32,6
17-08 14:56:37,30.455,8.054,57.386,0.252,0,6000696,5048600,461384,4704596,30029.238,15150.031,0,2891.473,0,267.804,7868,10374,1.530,1.690,1.720,2,0,0,0,0,20,313,0,32,6
17-08 14:56:38,28.020,7.505,61.795,0,0,6001016,5048096,461480,4704676,15014.865,7463.401,0,1401.014,0,102.074,6926,8900,1.530,1.690,1.720,3,0,0,0,0,20,313,0,31,6
17-08 14:56:39,28.238,8.746,59.726,0.250,0,6001704,5047088,461584,4704884,15176.787,7440.954,0,5241.854,0,802.671,7987,9243,1.490,1.680,1.710,1,0,1.999,0,0,20,314,0,32,6
17-08 14:56:40,28.014,10.412,57.267,0.248,0,6001536,5046836,461944,4704940,1139.385,0,0,3871.330,0,307.406,6943,8995,1.490,1.680,1.710,7,0,0,0,0,20,312,0,34,6
17-08 14:56:41,15.355,5.035,76.777,0,0,5990528,5057508,462176,4705032,24064.074,458780.120,0,4293.452,0,256.761,5447,7319,1.490,1.680,1.710,2,0,0,0,0,20,313,0,34,6
17-08 14:56:42,24.299,5.010,67.887,0,0,5991368,5056248,462380,4705232,37970.607,142422.343,0,1194.410,0,140.283,5816,7435,1.490,1.680,1.710,1,0,3.006,0,0,20,312,0,34,6
17-08 14:56:43,21.612,4.472,69.557,0,0,5991736,5055776,462476,4705240,11931.040,1421.947,0,719.420,0,73.532,5415,6994,1.490,1.680,1.710,1,0,0.994,0,0,20,312,0,34,6
17-08 14:56:44,17.268,4.004,74.579,0,0,5991616,5055524,462608,4705472,59107.942,12910.748,0,1033.100,0,107.114,5490,7146,1.370,1.650,1.710,2,0,0,0,0,20,313,0,34,6
17-08 14:56:45,23.854,6.344,69.026,0.508,0,5992880,5054012,462780,4705540,15136.893,1867.750,0,1384.571,0,141.096,5681,7236,1.370,1.650,1.710,0,0,2.030,0,0,20,312,0,34,6
17-08 14:56:46,15.574,4.450,75.644,0,0,5993056,5053760,462896,4705496,15417.541,7821.495,0,1032.319,0,78.116,4936,6714,1.370,1.650,1.710,3,0,0,0,0,20,313,0,34,6
17-08 14:56:47,27.290,9.514,59.086,0.250,0,5993104,5053284,463144,4705664,45118.472,22148.139,0,2111.063,0,211.307,7568,9931,1.370,1.650,1.710,5,0,0,0,0,20,313,0,32,6
17-08 14:56:48,28.712,9.487,57.174,0.250,0,5993336,5052528,463436,4705884,29870.312,14572.638,0,2880.173,0,308.590,7719,10559,1.370,1.650,1.710,3,0,1.997,0,0,20,313,0,33,6
17-08 14:56:49,29.291,8.011,59.332,0.250,0,5993524,5052024,463680,4705948,15591.666,7454.359,0,3613.021,0,272.379,7371,9621,1.340,1.640,1.700,3,0,0,0,0,20,313,0,33,6
17-08 14:56:50,27.435,7.981,61.105,0,0,5993880,5051520,463876,4705896,15207.837,7344.535,0,3663.289,0,223.469,6788,8894,1.340,1.640,1.700,1,0,0,0,0,20,313,0,34,6
17-08 14:56:51,28.021,8.756,60.044,0,0,5994488,5050512,463972,4706196,15254.220,7367.419,0,1076.792,0,92.068,6960,9122,1.340,1.640,1.700,4,0,2.001,0,0,20,314,0,33,6
17-08 14:56:52,28.286,9.262,58.074,0.501,0,5995172,5049504,464252,4706228,15525.913,7437.539,0,3456.433,0,259.333,7159,9254,1.340,1.640,1.700,4,0,0,0,0,20,312,0,36,6
17-08 14:56:53,14.245,3.249,79.725,0,0,5995020,5049504,464320,4706308,18265.177,8389.325,0,879.720,0,68.978,4470,6204,1.340,1.640,1.700,5,0,1.999,0,0,20,313,0,36,6
17-08 14:56:54,17.528,5.008,73.620,0,0,5994800,5049252,464632,4706460,12174.765,1527.480,0,2083.382,0,220.358,5631,7946,1.230,1.610,1.690,1,0,2.003,0,0,20,312,0,36,6
17-08 14:56:55,19.000,4.750,72.999,0,0,5994828,5049000,464816,4706492,25840.626,9231.866,0,1239.982,0,126.998,5348,7107,1.230,1.610,1.690,0,0,0,0,0,20,312,0,32,6
17-08 14:56:56,13.696,4.233,77.942,0,0,5995180,5048496,464900,4706556,19475.124,7960.577,0,948.257,0,68.729,4705,6457,1.230,1.610,1.690,1,0,0,0,0,20,313,0,32,6
17-08 14:56:57,28.082,11.032,58.422,0.251,0,5995028,5048244,465184,4706660,44869.795,22084.869,0,8569.170,0,1168.432,8632,10091,1.230,1.610,1.690,5,0,4.012,0,0,20,313,0,32,6
17-08 14:56:58,30.195,8.910,55.687,0.495,0,5995328,5047488,465604,4706688,29529.543,14511.333,0,2510.625,0,276.208,7926,10784,1.230,1.610,1.690,11,0,0.990,0,0,20,313,0,32,6
17-08 14:56:59,29.220,8.564,58.439,0.756,0,5995236,5046984,465928,4706948,15596.176,7893.304,0,4187.461,0,315.369,7612,10326,1.210,1.600,1.690,5,0,0,0,0,20,313,0,30,6
17-08 14:57:00,27.584,8.024,61.437,0,0,5996200,5045724,466136,4707024,18815.385,9444.806,0,3751.442,0,228.698,7253,9535,1.210,1.600,1.690,1,0,2.006,0,0,20,313,0,31,6
17-08 14:57:01,27.430,7.481,61.094,0,0,5996224,5045472,466216,4707172,15599.227,7504.865,0,953.569,0,82.789,6899,8829,1.210,1.600,1.690,2,0,1.995,0,0,20,313,0,32,6
17-08 14:57:02,29.265,7.504,60.030,0.250,0,5995940,5045472,466384,4707280,45100.744,23854.029,0,1408.710,0,141.071,6073,7577,1.210,1.600,1.690,7,0,0,0,0,20,310,0,33,6
17-08 14:57:03,15.223,4.242,77.113,0.499,0,5996788,5044464,466504,4707324,32754.812,15806.920,0,1078.085,0,103.816,4850,6882,1.210,1.600,1.690,2,0,2.995,0,0,20,312,0,30,6
17-08 14:57:04,32.460,13.628,50.301,0,0,6029936,5010948,466664,4710700,43984.641,16724.809,0,1756.333,0,192.285,7821,18020,1.280,1.610,1.690,7,0,35.682,0,0,20,314,0,30,6
17-08 14:57:05,20.019,8.362,68.672,0,0,6016336,5024240,466784,4707704,35945.787,459669.818,0,1500.148,0,119.606,6208,11653,1.280,1.610,1.690,2,0,1.014,0,0,20,313,0,31,6
17-08 14:57:06,28.004,9.251,59.758,0,0,6012352,5027968,466980,4707756,32132.403,151376.742,0,2116.290,0,211.029,7209,9273,1.280,1.610,1.690,1,0,2.000,0,0,20,313,0,31,6
17-08 14:57:07,29.700,9.653,55.688,0.495,0,6012712,5027224,467328,4707780,29529.205,14672.036,0,4102.626,0,363.336,8310,11246,1.280,1.610,1.690,3,0,0,0,0,20,313,0,26,6
17-08 14:57:08,27.938,7.551,61.161,0,0,6012724,5026720,467500,4708076,29908.847,15016.843,0,4147.854,0,248.670,7316,9676,1.280,1.610,1.690,2,0,0,0,0,20,313,0,26,6
17-08 14:57:09,26.846,7.527,62.223,0,0,6013292,5025964,467588,4708172,15580.911,7633.392,0,1055.789,0,89.321,7120,9400,1.250,1.600,1.690,3,0,2.007,0,0,20,312,0,26,7
17-08 14:57:10,28.005,9.002,59.510,0,0,6013384,5025712,467680,4708232,16187.713,8275.387,0,6493.088,0,926.155,8434,9096,1.250,1.600,1.690,1,0,0,0,0,20,313,0,26,6
17-08 14:57:11,28.929,8.729,59.355,0.249,0,6013516,5025208,467868,4708412,44242.772,21834.588,0,1632.008,0,174.573,7113,9332,1.250,1.600,1.690,3,0,0,0,0,20,313,0,22,6
17-08 14:57:12,34.790,11.764,49.307,0.501,0,6012152,5026048,468252,4708536,29742.568,14608.979,0,2651.081,0,300.349,8788,11622,1.250,1.600,1.690,2,0,8.009,0,0,20,313,0,26,6
17-08 14:57:13,30.197,7.237,58.397,0.250,0,6012340,5025544,468464,4708628,14976.648,7444.900,0,2080.340,0,196.654,7646,10216,1.250,1.600,1.690,7,0,1.996,0,0,20,313,0,26,6
17-08 14:57:14,28.280,8.509,59.314,0.250,0,6012608,5025040,468632,4708696,15473.688,7518.108,0,1537.658,0,140.151,7265,9519,1.150,1.570,1.680,4,0,0,0,0,20,313,0,26,6
17-08 14:57:15,28.043,7.512,61.595,0,0,6013048,5024284,468748,4708884,15488.827,7307.241,0,1165.793,0,102.157,6832,8738,1.150,1.570,1.680,2,0,2.003,0,0,20,313,0,22,6
17-08 14:57:16,25.401,10.459,60.763,0,0,6014232,5022772,469040,4708912,17979.919,8225.937,0,3183.591,0,254.010,6388,8241,1.150,1.570,1.680,4,0,2.988,0,0,20,312,0,23,6
17-08 14:57:17,17.575,7.281,72.058,0.502,0,6014036,5022268,469464,4709172,18661.729,8393.861,0,5338.809,0,367.570,5969,7854,1.150,1.570,1.680,2,0,3.013,0,0,20,312,0,23,6
17-08 14:57:18,9.233,2.994,84.841,0,0,6013928,5022268,469548,4709192,538.990,0,0,910.294,0,71.865,3954,5727,1.150,1.570,1.680,1,0,1.996,0,0,20,313,0,23,6
17-08 14:57:19,19.976,5.493,70.665,0,0,6013700,5022268,469736,4709224,18364.004,8059.347,0,1326.411,0,142.829,5758,7899,1.300,1.590,1.680,2,0,0,0,0,20,312,0,22,6
17-08 14:57:20,24.307,4.304,70.135,0,0,6013764,5022016,469876,4709268,22944.493,9323.637,0,1235.590,0,130.648,5185,6737,1.300,1.590,1.680,4,0,0,0,0,20,313,0,23,6
17-08 14:57:21,28.153,7.656,58.529,0.247,0,6013736,5021764,470084,4709332,50832.583,22929.437,0,1766.234,0,202.505,7624,9982,1.300,1.590,1.680,2,0,1.976,0,0,20,314,0,23,6
17-08 14:57:22,29.576,9.775,56.645,0.251,0,6013596,5021512,470392,4709408,29603.885,14629.500,0,2598.661,0,258.663,7677,9988,1.300,1.590,1.680,3,0,0,0,0,20,313,0,23,6
17-08 14:57:23,31.000,9.500,56.500,0.500,0,6013608,5021012,470652,4709624,15307.064,7296.031,0,3552.015,0,277.001,7929,10444,1.300,1.590,1.680,4,0,1.000,0,0,20,313,0,23,6
17-08 14:57:24,29.234,7.746,59.217,0.250,0,6013368,5021012,470832,4709680,15243.414,7571.735,0,1671.059,0,150.915,7426,9559,1.360,1.600,1.690,2,0,1.999,0,0,20,313,0,21,6
17-08 14:57:25,28.181,7.232,60.602,0,0,6013884,5020256,470976,4709772,15269.709,7278.226,0,3000.672,0,199.513,7251,9417,1.360,1.600,1.690,2,0,0,0,0,20,313,0,21,6
17-08 14:57:26,26.806,8.017,61.628,0,0,6014260,5019500,471180,4709932,15950.126,7798.196,0,3735.759,0,241.502,7305,9444,1.360,1.600,1.690,1,0,0,0,0,20,313,0,22,6
17-08 14:57:27,27.473,10.739,59.940,0.250,0,6015104,5018548,471356,4709860,23158.859,443406.935,0,1794.207,0,196.803,7283,9413,1.360,1.600,1.690,2,0,1.998,0,0,20,311,0,24,6
17-08 14:57:28,17.793,3.509,75.685,0,0,6014664,5018548,471452,4710200,4451.854,992.420,0,1335.255,0,138.337,4904,6564,1.360,1.600,1.690,1,0,0,0,0,20,312,0,24,6
17-08 14:57:29,16.730,4.744,75.161,0,0,6015056,5018044,471668,4710088,31368.773,146184.514,0,1474.250,0,149.822,5438,7432,1.250,1.570,1.680,3,0,0.999,0,0,20,312,0,24,6
17-08 14:57:30,22.209,6.738,67.126,0.499,0,6014844,5017792,471868,4710340,869.393,0,0,8751.826,0,1134.903,7768,8090,1.250,1.570,1.680,2,0,1.996,0,0,20,313,0,25,6
17-08 14:57:31,27.541,8.513,60.090,0,0,6014676,5017540,472112,4710508,52091.759,24791.007,0,1822.721,0,186.278,7682,9969,1.250,1.570,1.680,4,0,0,0,0,20,313,0,25,6
17-08 14:57:32,29.235,8.995,57.220,0.750,0,6014688,5017036,472488,4710612,37696.451,20017.619,0,2866.513,0,289.850,7845,10596,1.250,1.570,1.680,3,0,0,0,0,20,313,0,24,6
17-08 14:57:33,30.574,8.451,55.680,0.249,0,6014976,5016280,472936,4710620,15159.741,7415.318,0,3547.580,0,331.094,7876,10507,1.250,1.570,1.680,7,0,2.983,0,0,20,313,0,24,6
17-08 14:57:34,30.207,10.824,55.379,0.252,0,6014828,5015776,473448,4710740,15867.657,7658.443,0,5022.392,0,440.013,8401,11298,1.230,1.560,1.670,1,0,0,0,0,20,313,0,24,6
17-08 14:57:35,27.995,7.249,60.988,0.250,0,6015112,5015272,473592,4710812,15304.070,7360.591,0,1467.719,0,116.978,7106,9237,1.230,1.560,1.670,2,0,0,0,0,20,313,0,24,6
17-08 14:57:36,27.259,7.753,60.521,0,0,6015432,5014516,473736,4711096,15481.344,7364.542,0,1000.345,0,96.033,7002,9178,1.230,1.560,1.670,1,0,2.001,0,0,20,313,0,24,6
17-08 14:57:37,28.206,7.488,60.905,0.250,0,6015808,5013760,473908,4711296,30191.968,15116.452,0,1745.281,0,145.773,7111,9104,1.230,1.560,1.670,1,0,0,0,0,20,313,0,25,6
17-08 14:57:38,28.045,8.263,60.346,0.250,0,6016396,5013004,474032,4711332,45303.900,23361.075,0,2019.205,0,173.275,7545,9770,1.230,1.560,1.670,1,0,0,0,0,20,313,0,27,6
17-08 14:57:39,28.168,9.472,57.831,0.249,0,6016308,5012752,474256,4711444,45183.216,22360.781,0,2193.602,0,220.357,7484,9567,1.210,1.550,1.670,3,0,1.994,0,0,20,313,0,27,6
17-08 14:57:40,29.229,10.403,56.228,0.248,0,6016532,5011996,474568,4711644,14988.860,7294.288,0,6709.714,0,976.931,8643,10523,1.210,1.550,1.670,7,0,0,0,0,20,313,0,25,6
17-08 14:57:41,29.565,7.833,59.130,0.253,0,6016672,5011492,474932,4711640,30482.915,14815.922,0,6117.203,0,373.986,7909,10529,1.210,1.550,1.670,2,0,0,0,0,20,313,0,25,6
17-08 14:57:42,27.253,8.251,60.757,0.250,0,6016416,5011492,475024,4711792,15249.872,7296.896,0,952.117,0,79.010,6860,8809,1.210,1.550,1.670,3,0,2.000,0,0,20,313,0,26,6
17-08 14:57:43,28.071,6.575,63.224,0,0,6017068,5010736,475140,4711780,17005.616,7544.339,0,1007.530,0,89.019,6202,7987,1.210,1.550,1.670,3,0,0,0,0,20,313,0,26,6
17-08 14:57:44,28.953,7.671,57.906,0.247,0,6017564,5009728,475364,4712060,11652.488,1509.518,0,1658.985,0,176.193,7382,9519,1.190,1.540,1.670,4,0,0.990,0,0,20,313,0,25,6
17-08 14:57:45,27.741,9.497,58.231,0,0,6017144,5009728,475684,4712144,45390.224,22798.578,0,2299.252,0,233.924,7404,10052,1.190,1.540,1.670,5,0,1.999,0,0,20,313,0,26,7
17-08 14:57:46,30.043,6.009,60.586,0,0,6016920,5009728,475900,4712144,30589.575,14745.004,0,1842.625,0,183.261,6227,8122,1.190,1.540,1.670,2,0,0,0,0,20,313,0,27,6
17-08 14:57:47,30.240,8.427,56.018,0.496,0,6017048,5009000,476232,4712404,39106.339,452524.283,0,3136.994,0,306.363,8091,10449,1.190,1.540,1.670,5,0,0,0,0,20,313,0,27,6
17-08 14:57:48,28.930,8.553,60.124,0,0,6018012,5007740,476476,4712440,19555.498,143497.549,0,5325.085,0,302.882,7382,9378,1.190,1.540,1.670,3,0,3.019,0,0,20,313,0,27,6
17-08 14:57:49,27.532,7.509,61.071,0,0,6017936,5007488,476560,4712684,15324.750,7452.632,0,877.016,0,87.101,7078,9321,1.340,1.570,1.670,4,0,0,0,0,20,313,0,27,6
17-08 14:57:50,29.525,7.256,60.802,0.250,0,6018200,5006984,476692,4712780,31405.902,17174.712,0,1136.974,0,103.088,6690,8268,1.340,1.570,1.670,1,0,0,0,0,20,313,0,27,6
17-08 14:57:51,27.232,9.244,59.212,0,0,6018632,5006480,476896,4712644,44572.071,22005.717,0,1754.861,0,195.873,7662,9993,1.340,1.570,1.670,1,0,1.999,0,0,20,313,0,27,6
17-08 14:57:52,31.404,9.969,55.081,0.498,0,6018740,5005752,477272,4712876,29924.343,14774.745,0,2488.378,0,286.124,7948,10604,1.340,1.570,1.670,5,0,0,0,0,20,313,0,24,6
17-08 14:57:53,30.780,16.631,48.901,0,0,6019100,5001216,477468,4716756,15138.865,7244.255,0,1676.028,0,181.702,7459,9120,1.340,1.570,1.670,4,1,0.993,0,0,20,313,0,24,6
17-08 14:57:54,32.095,24.766,40.182,1.264,0,6021176,4995936,477612,4719692,30818.984,15033.454,88.955,8280.934,7.076,972.444,8845,9035,1.470,1.590,1.680,1,0,4.043,0,0,20,313,0,26,6
17-08 14:57:55,27.351,7.459,60.670,0,0,6021268,4995684,477780,4719680,1225.330,0,0,2327.331,0,172.063,7029,9317,1.470,1.590,1.680,5,0,0,0,0,20,313,0,26,6
17-08 14:57:56,28.895,7.789,59.298,0.251,0,6021580,4994928,478064,4719828,60363.448,31633.019,0,4960.939,0,313.576,7510,9639,1.470,1.590,1.680,1,0,0,0,0,20,313,0,24,6
17-08 14:57:57,27.971,8.741,59.189,0.499,0,6021380,4994676,478300,4720032,29860.024,14804.642,0,1678.259,0,195.797,7390,10056,1.470,1.590,1.680,4,0,1.998,0,0,20,313,0,24,6
17-08 14:57:58,30.707,9.237,56.171,0.250,0,6021224,4994424,478616,4720112,30429.118,14571.465,0,1965.230,0,242.658,7885,10442,1.470,1.590,1.680,5,0,0.999,0,0,20,313,0,24,6
17-08 14:57:59,28.656,7.725,59.554,0.498,0,6021088,4994172,478788,4720324,30413.840,14757.400,0,1782.131,0,190.373,7301,9279,1.510,1.600,1.680,2,0,0,0,0,20,313,0,25,6
17-08 14:58:00,29.154,6.283,62.079,0,0,6020932,4994172,478912,4720352,15268.831,7660.554,0,1053.577,0,86.458,6451,8484,1.510,1.600,1.680,2,0,2.011,0,0,20,313,0,24,6
17-08 14:58:01,26.748,7.500,61.496,0,0,6020860,4993920,479000,4720580,15430.002,7295.528,0,935.939,0,77.995,6737,8902,1.510,1.600,1.680,4,0,2.000,0,0,20,313,0,24,6
17-08 14:58:02,25.257,9.753,62.517,0,0,6020828,4993668,479304,4720548,676.187,885.245,0,1924.533,0,208.058,6029,8132,1.510,1.600,1.680,0,0,0,0,0,20,312,0,25,6
17-08 14:58:03,14.503,5.251,77.018,0.250,0,6020864,4993416,479376,4720688,18225.237,7525.750,0,864.201,0,68.016,4329,5891,1.510,1.600,1.680,4,0,2.000,0,0,20,313,0,25,6
17-08 14:58:04,23.002,7.251,65.755,0,0,6020912,4992912,479804,4720708,18655.319,8395.594,0,3184.225,0,293.021,6083,8670,1.470,1.590,1.680,3,0,1.000,0,0,20,312,0,24,6
17-08 14:58:05,32.486,27.774,35.710,0.248,0,6020172,4993140,480088,4720908,955.239,0,0,4578.800,0,282.703,7617,17912,1.470,1.590,1.680,6,0,139.864,0,0,20,313,0,26,6
17-08 14:58:06,17.139,4.537,75.361,0.252,0,6019964,4993140,480208,4720988,18960.675,8314.388,0,1153.348,0,115.940,5125,7283,1.470,1.590,1.680,2,0,2.016,0,0,20,312,0,27,6
17-08 14:58:07,26.172,9.721,59.821,0.249,0,6019840,4992888,480396,4721168,1142.582,0,0,1447.670,0,171.487,6183,8071,1.470,1.590,1.680,3,0,0,0,0,20,312,0,29,6
17-08 14:58:08,12.529,3.258,81.441,0,0,6019828,4992636,480476,4721344,18743.973,8324.529,0,854.003,0,77.181,4204,5922,1.470,1.590,1.680,3,0,0,0,0,20,313,0,29,6
17-08 14:58:09,28.781,6.257,60.816,0.250,0,6019856,4992132,480800,4721484,34926.698,5708.161,0,2730.948,0,275.297,6975,9136,1.430,1.580,1.670,2,0,2.002,0,0,20,313,0,28,6
17-08 14:58:10,16.224,3.994,76.376,0,0,6019848,4991880,480892,4721644,11663.066,1771.125,0,1249.971,0,127.793,5053,7026,1.430,1.580,1.670,0,0,0,0,0,20,313,0,29,6
17-08 14:58:11,14.258,3.752,79.042,0,0,6019708,4991880,480996,4721676,34325.266,15743.378,0,1008.537,0,92.049,4610,6268,1.430,1.580,1.670,1,0,0,0,0,20,313,0,30,6
17-08 14:58:12,12.749,4.499,79.491,0.250,0,6019992,4991432,481100,4721732,62258.708,607749.814,0,1095.872,0,102.988,5409,6929,1.430,1.580,1.670,4,0,3.000,0,0,20,314,0,30,6
17-08 14:58:13,31.955,14.615,49.295,0,0,6062904,4948340,481280,4721728,29855.144,14749.715,0,1684.436,0,157.544,8229,10479,1.430,1.580,1.670,5,0,2.973,0,0,20,314,0,27,6
17-08 14:58:14,34.701,10.235,50.678,0.499,0,6062476,4948088,481672,4722000,30526.639,15655.762,0,3175.489,0,370.474,8647,11604,1.640,1.620,1.690,2,0,3.994,0,0,20,314,0,29,6
17-08 14:58:15,30.834,10.109,56.360,0.505,0,6062180,4947836,482104,4722104,15480.663,7442.607,0,7436.541,0,495.365,8234,11056,1.640,1.620,1.690,2,0,2.022,0,0,20,314,0,30,6
17-08 14:58:16,27.252,8.001,61.005,0,0,6062428,4947332,482180,4722276,15775.201,7296.556,0,9632.733,0,106.008,6987,8901,1.640,1.620,1.690,1,0,0,0,0,20,315,0,30,6
17-08 14:58:17,26.929,11.719,57.099,0,0,6062728,4946856,482288,4722340,900.625,0,0,1208.813,0,116.692,7024,8964,1.640,1.620,1.690,4,0,5.984,0,0,20,314,0,29,6
17-08 14:58:18,28.823,8.271,59.400,0,0,6063008,4946380,482464,4722356,45728.842,22853.894,0,1796.551,0,205.521,7331,9509,1.640,1.620,1.690,4,0,2.005,0,0,20,314,0,29,6
17-08 14:58:19,29.505,18.003,48.757,0.250,0,6065332,4943636,482572,4722616,29835.552,15036.294,0,1664.254,0,94.014,7615,9012,1.750,1.640,1.690,2,0,86.013,0,0,20,314,0,29,6
17-08 14:58:20,27.423,9.972,58.585,0.499,0,6065076,4943636,482804,4722632,45310.218,22261.220,0,2110.049,0,232.345,7567,10122,1.750,1.640,1.690,4,0,0,0,0,20,314,0,29,6
17-08 14:58:21,28.072,8.271,59.653,0,0,6064660,4943636,482964,4722880,30707.807,14858.131,0,1824.683,0,180.463,7287,9434,1.750,1.640,1.690,2,0,2.005,0,0,20,314,0,28,6
17-08 14:58:22,28.870,6.471,61.224,0,0,6064472,4943636,483092,4722936,30236.450,14914.644,0,1286.191,0,97.559,6652,8498,1.750,1.640,1.690,7,0,0,0,0,20,314,0,29,6
17-08 14:58:23,29.584,11.031,56.160,0.251,0,6057028,4950520,483612,4722964,20262.638,364025.493,0,6622.839,0,462.315,7380,9423,1.750,1.640,1.690,2,0,0,0,0,20,313,0,30,6
17-08 14:58:24,19.533,6.261,70.871,0.250,0,6056720,4950268,483952,4723180,31131.084,9588.350,0,2151.669,0,245.418,6216,8576,1.610,1.610,1.680,0,0,3.005,0,0,20,313,0,30,6
17-08 14:58:25,8.481,2.494,86.553,0,0,6057036,4949792,484024,4723248,18370.284,7477.021,0,754.287,0,56.871,3687,5471,1.610,1.610,1.680,2,0,0,0,0,20,314,0,30,6
17-08 14:58:26,29.261,6.252,60.522,0.250,0,6056972,4949540,484264,4723320,18947.939,8438.090,0,1744.639,0,203.074,7163,9457,1.610,1.610,1.680,1,0,0,0,0,20,313,0,32,6
17-08 14:58:27,10.282,3.511,83.759,0,0,6056832,4949540,484352,4723368,45001.220,22575.843,0,806.495,0,66.205,3954,5534,1.610,1.610,1.680,1,0,2.006,0,0,20,314,0,32,6
17-08 14:58:28,13.503,4.001,75.269,4.751,0,6056528,4949540,484512,4723504,44541.378,16988.340,0,1272.325,0,141.036,5206,7398,1.610,1.610,1.680,1,0,0,0,0,20,313,0,32,6
17-08 14:58:29,24.574,8.688,62.800,0,0,6056080,4949540,484836,4723616,15545.606,7391.039,0,2466.327,0,224.392,7120,9693,1.640,1.620,1.690,4,0,0,0,0,20,314,0,30,6
17-08 14:58:30,29.376,8.215,57.756,0.249,0,6055696,4949540,485144,4723688,15488.563,7331.027,0,3051.109,0,317.658,7784,10231,1.640,1.620,1.690,4,0,1.992,0,0,20,313,0,31,6
17-08 14:58:31,27.777,8.333,60.604,0,0,6055448,4949288,485436,4723876,16136.844,7369.455,0,4941.252,0,288.879,7036,9166,1.640,1.620,1.690,2,0,0,0,0,20,314,0,30,6
17-08 14:58:32,26.987,9.246,58.972,0,0,6055408,4949036,485640,4723960,45058.805,22813.269,0,2178.975,0,235.889,7742,10278,1.640,1.620,1.690,2,0,0,0,0,20,314,0,30,6
17-08 14:58:33,29.433,7.732,58.616,0.499,0,6055244,4948784,485860,4724152,29882.812,14852.110,0,2274.809,0,206.529,7344,9679,1.640,1.620,1.690,6,0,1.995,0,0,20,314,0,29,6
17-08 14:58:34,28.850,7.777,59.706,0.251,0,6056008,4947780,486036,4724208,29995.600,14953.648,0,1729.975,0,163.565,7354,9725,1.510,1.590,1.680,4,0,1.003,0,0,20,314,0,30,6
17-08 14:58:35,26.500,8.250,61.751,0,0,6056108,4947528,486096,4724288,15694.190,7296.089,0,992.012,0,64.001,6531,8539,1.510,1.590,1.680,4,0,0,0,0,20,314,0,30,6
17-08 14:58:36,23.496,7.999,64.490,0.250,0,6055516,4947528,486384,4724580,18111.078,8401.644,0,2255.636,0,244.960,6200,8661,1.510,1.590,1.680,1,0,2.000,0,0,20,313,0,31,6
17-08 14:58:37,17.716,5.489,74.606,0,0,6055744,4947024,486472,4724764,30741.483,15734.537,0,5585.187,0,338.345,5285,6762,1.510,1.590,1.680,5,0,0,0,0,20,313,0,30,6
17-08 14:58:38,13.992,4.997,77.704,0,0,6055424,4947024,486624,4724928,43768.935,16025.457,0,1571.064,0,148.911,5088,7050,1.510,1.590,1.680,6,0,0,0,0,20,314,0,30,6
17-08 14:58:39,27.847,10.443,57.435,0.249,0,6055428,4946772,486932,4724864,29793.582,14725.232,0,6313.371,0,415.720,7895,10624,1.550,1.600,1.680,8,0,1.989,0,0,20,314,0,30,6
17-08 14:58:40,28.461,9.571,57.930,0,0,6055052,4946772,487188,4724972,30459.837,14700.997,0,1922.252,0,230.711,7597,10252,1.550,1.600,1.680,2,0,0,0,0,20,314,0,30,6
17-08 14:58:41,28.732,6.996,60.712,0.250,0,6055296,4946268,487300,4725112,15357.268,7453.277,0,1419.101,0,152.903,7006,9165,1.550,1.600,1.680,2,0,0,0,0,20,314,0,28,6
17-08 14:58:42,28.299,7.263,60.856,0,0,6055772,4945512,487368,4725320,15579.222,7374.886,0,1282.240,0,100.175,6649,8421,1.550,1.600,1.680,3,0,2.004,0,0,20,315,0,29,6
17-08 14:58:43,29.683,8.481,58.119,0.499,0,6055796,4945260,487584,4725324,1807.922,0,0,2143.166,0,219.505,6529,8753,1.550,1.600,1.680,2,0,0,0,0,20,313,0,31,6
17-08 14:58:44,18.157,5.223,72.878,0.249,0,6056044,4944504,487808,4725600,29637.903,9782.130,0,1954.038,0,217.889,5769,8273,1.500,1.590,1.680,6,0,0.995,0,0,20,313,0,31,6
17-08 14:58:45,7.996,3.248,84.953,0,0,6055972,4944504,487880,4725596,18875.663,8175.523,0,1503.177,0,86.952,3950,5794,1.500,1.590,1.680,1,0,1.999,0,0,20,313,0,30,6
17-08 14:58:46,14.356,4.533,78.832,0,0,6055960,4944252,488068,4725664,4214.109,890.574,0,1370.114,0,139.026,4907,6833,1.500,1.590,1.680,0,0,0,0,0,20,313,0,29,6
17-08 14:58:47,18.727,4.744,72.163,0.250,0,6055992,4944000,488424,4725520,22441.893,8674.522,0,2341.172,0,250.697,5906,8256,1.500,1.590,1.680,3,0,0,0,0,20,313,0,29,6
17-08 14:58:48,9.011,3.754,84.099,0.501,0,6056096,4943496,488600,4725736,3799.486,66.078,0,4541.362,0,255.301,4203,6007,1.500,1.590,1.680,1,0,2.002,0,0,20,313,0,29,6
17-08 14:58:49,17.918,5.475,72.170,0,0,6056404,4942992,488704,4725820,27063.327,9230.817,0,959.615,0,92.577,5311,7010,1.540,1.600,1.680,3,0,0,0,0,20,314,0,29,6
17-08 14:58:50,22.860,7.285,68.328,0.251,0,6056304,4942740,488896,4725976,48414.384,23270.697,0,1571.543,0,194.936,6017,8088,1.540,1.600,1.680,2,0,0,0,0,20,313,0,29,6
17-08 14:58:51,16.747,4.999,75.235,0.250,0,6056224,4942488,489112,4726080,33307.325,15538.886,0,1515.696,0,175.965,5341,7520,1.540,1.600,1.680,0,0,2.000,0,0,20,313,0,29,6
17-08 14:58:52,13.730,4.993,78.636,0,0,6056468,4942236,489168,4726032,15589.452,7351.367,0,790.856,0,60.912,4225,5750,1.540,1.600,1.680,2,0,0,0,0,20,314,0,29,6
17-08 14:58:53,22.676,6.977,66.782,0,0,6056548,4941732,489324,4726292,18946.105,8188.250,0,1487.142,0,167.453,5800,8001,1.540,1.600,1.680,3,0,0,0,0,20,313,0,30,6
17-08 14:58:54,16.322,6.529,73.074,0.251,0,6056688,4941456,489472,4726276,49034.434,474739.140,0,1245.523,0,129.575,6036,7956,1.740,1.640,1.690,4,0,3.013,0,0,20,313,0,30,6
17-08 14:58:55,8.759,2.753,86.084,0,0,6056076,4941992,489496,4726324,32535.684,338958.085,0,588.573,0,28.027,3542,4923,1.740,1.640,1.690,1,0,1.001,0,0,20,313,0,30,6
17-08 14:58:56,7.999,2.500,86.743,0,0,6055880,4941992,489520,4726492,26482.859,9301.248,0,531.957,0,27.998,3413,4853,1.740,1.640,1.690,0,0,0,0,0,20,313,0,30,6
17-08 14:58:57,11.226,3.991,82.572,0,0,6056036,4941740,489636,4726468,9645.230,1512.743,0,993.860,0,91.802,4268,6193,1.740,1.640,1.690,2,0,1.996,0,0,20,313,0,30,6
17-08 14:58:58,12.023,4.759,79.399,0.250,0,6056052,4941488,489784,4726552,29576.587,8917.760,0,4744.918,0,398.749,4997,6449,1.740,1.640,1.690,3,0,0,0,0,20,314,0,27,6
17-08 14:58:59,15.708,4.488,76.046,0.249,0,6055948,4941236,489972,4726716,29738.233,9486.554,0,1547.848,0,157.577,5193,7313,1.760,1.640,1.690,2,0,0,0,0,20,313,0,27,6
17-08 14:59:00,23.428,7.726,65.797,0,0,6056288,4940484,490264,4726824,1233.196,0,0,5574.805,0,334.967,6342,8418,1.760,1.640,1.690,5,0,1.994,0,0,20,314,0,27,6
17-08 14:59:01,29.407,9.300,57.809,0,0,6057284,4939252,490600,4726720,787.206,0,0,1757.389,0,218.166,7545,10093,1.760,1.640,1.690,3,0,3.016,0,0,20,314,0,28,6
17-08 14:59:02,27.439,6.985,61.614,0,0,6058040,4937992,490708,4727100,45166.379,22630.086,0,937.931,0,78.826,6914,8806,1.760,1.640,1.690,3,0,0,0,0,20,315,0,27,6
17-08 14:59:03,28.664,9.222,58.325,0.499,0,6058256,4937516,490924,4727140,29980.964,14548.310,0,1539.377,0,177.467,6603,8450,1.760,1.640,1.690,4,0,1.994,0,0,20,313,0,29,6
17-08 14:59:04,15.293,4.513,77.466,0,0,6058072,4937516,491088,4727152,33619.569,15892.231,0,1444.019,0,154.430,5299,7605,1.620,1.620,1.680,3,0,1.003,0,0,20,314,0,30,6
17-08 14:59:05,32.254,10.251,53.256,0,0,6087588,4907528,491248,4728856,33535.747,16033.792,0,2568.287,0,182.020,7553,12396,1.620,1.620,1.680,6,0,34.004,0,0,20,313,0,30,6
17-08 14:59:06,19.803,9.526,66.679,0.251,0,6071668,4923272,491376,4727480,55919.931,23208.225,0,1732.646,0,115.309,5893,10678,1.620,1.620,1.680,5,0,4.011,0,0,20,314,0,26,6
17-08 14:59:07,28.498,9.749,58.746,0,0,6071736,4923020,491548,4727484,15549.947,7361.501,0,1563.894,0,168.989,7052,9157,1.620,1.620,1.680,4,0,0,0,0,20,314,0,26,6
17-08 14:59:08,29.233,8.495,58.465,0.250,0,6070876,4923020,492124,4727752,30119.986,15296.851,0,6264.253,0,415.751,8037,10708,1.620,1.620,1.680,4,0,0,0,0,20,314,0,27,6
17-08 14:59:09,27.375,7.715,60.724,0,0,6072988,4920752,492308,4727720,15948.396,7637.232,0,1202.526,0,100.542,7034,9176,1.730,1.640,1.690,3,0,1.991,0,0,20,314,0,27,6
17-08 14:59:10,28.579,8.273,60.418,0.251,0,6072568,4920752,492508,4727928,15470.985,7382.512,0,1107.076,0,103.287,7246,9260,1.730,1.640,1.690,3,0,0,0,0,20,314,0,25,6
17-08 14:59:11,26.130,9.954,60.224,0,0,6073508,4919492,492844,4727908,1442.398,0,0,1433.439,0,163.253,6684,8898,1.730,1.640,1.690,5,0,0,0,0,20,312,0,26,6
17-08 14:59:12,14.863,4.283,78.096,0.252,0,6073500,4919016,493060,4728156,18801.387,8306.347,0,1172.945,0,103.792,4698,6703,1.730,1.640,1.690,0,0,2.015,0,0,20,313,0,26,6
17-08 14:59:13,28.691,6.925,59.361,0.495,0,6073256,4918512,493672,4728280,15704.884,7283.568,0,2437.749,0,318.570,7567,9852,1.730,1.640,1.690,5,0,0.989,0,0,20,314,0,26,6
17-08 14:59:14,20.934,5.801,70.369,0,0,6073404,4918008,493996,4728300,15126.041,2005.641,0,1973.357,0,208.837,6384,8746,1.910,1.680,1.700,1,0,1.009,0,0,20,313,0,21,6
17-08 14:59:15,25.033,10.906,59.980,0,0,6077512,4913476,494120,4728588,30725.804,15091.255,0,1165.899,0,125.909,6006,7722,1.910,1.680,1.700,7,0,7.931,0,0,20,312,0,24,6
17-08 14:59:16,17.170,5.050,76.256,0.253,0,6075556,4915292,494232,4728612,40020.829,508192.007,0,1741.266,0,121.202,5111,6967,1.910,1.680,1.700,1,0,1.010,0,0,20,313,0,24,6
17-08 14:59:17,24.952,8.983,61.382,0.250,0,6076780,4913808,494392,4728704,44141.468,16532.340,0,5513.442,0,378.276,7053,9156,1.910,1.680,1.700,5,0,5.989,0,0,20,313,0,24,6
17-08 14:59:18,15.486,5.245,76.180,0.500,0,6076928,4913584,494448,4728720,30737.669,15485.727,0,859.208,0,77.928,5095,6972,1.910,1.680,1.700,6,0,1.998,0,0,20,314,0,23,6
17-08 14:59:19,27.527,9.672,58.278,0.248,0,6076656,4913584,494516,4728920,45495.220,22406.376,0,5713.685,0,413.647,8121,10289,2,1.700,1.710,7,0,0,0,0,20,314,0,23,6
17-08 14:59:20,29.215,8.059,58.178,0,0,6076372,4913584,494704,4729008,33496.279,17405.976,0,2405.688,0,284.089,7761,10520,2,1.700,1.710,9,1,0,0,0,20,314,0,23,6
17-08 14:59:21,29.584,8.775,58.165,0.251,0,6076328,4913332,494892,4729108,15775.697,7316.730,0,2294.501,0,261.742,7853,10424,2,1.700,1.710,4,0,2.006,0,0,20,314,0,23,6
17-08 14:59:22,29.279,8.759,57.556,0,0,6076232,4913080,495028,4729316,16131.797,7369.216,0,2226.180,0,246.241,7624,10272,2,1.700,1.710,7,0,0,0,0,20,314,0,21,6
17-08 14:59:23,27.326,7.139,60.560,0.246,0,6077112,4912072,495108,4729360,15711.089,7526.158,0,1358.903,0,101.425,6900,8997,2,1.700,1.710,10,0,0,0,0,20,314,0,21,6
17-08 14:59:24,30.127,10.042,56.488,0.251,0,6076752,4912072,495268,4729548,26582.203,8576.200,0,6583.790,0,400.691,8004,10536,2,1.710,1.710,6,0,3.013,0,0,20,314,0,21,6
17-08 14:59:25,28.104,7.779,61.477,0.251,0,6076880,4911820,495280,4729656,15610.543,7551.837,0,1035.818,0,94.348,7157,9438,2,1.710,1.710,4,0,0,0,0,20,315,0,21,6
17-08 14:59:26,28.452,9.316,59.170,0.252,0,6076712,4911820,495340,4729760,1611.451,891.334,0,1603.394,0,200.424,6599,8634,2,1.710,1.710,5,0,0,0,0,20,313,0,20,6
17-08 14:59:27,14.450,4.485,78.479,0,0,6076660,4911820,495344,4729808,18277.849,7336.652,0,1032.433,0,75.738,4672,6502,2,1.710,1.710,6,0,1.993,0,0,20,315,0,21,6
17-08 14:59:28,28.844,6.270,60.949,0,0,6076552,4911568,495532,4729968,875.859,398.300,0,2191.152,0,302.989,7169,9730,2,1.710,1.710,2,0,0,0,0,20,313,0,22,6
17-08 14:59:29,9.991,3.497,83.678,0.250,0,6076444,4911568,495612,4729992,29692.593,9173.151,0,991.152,0,101.913,4453,6466,1.840,1.680,1.700,3,0,0,0,0,20,314,0,22,6
17-08 14:59:30,24.993,8.248,62.983,0.250,0,6076168,4911568,495708,4730168,3650.994,1016.720,0,1091.699,0,133.963,5923,7848,1.840,1.680,1.700,2,0,1.999,0,0,20,313,0,22,6
17-08 14:59:31,15.882,4.219,75.935,0,0,6076112,4911568,495752,4730176,44890.911,22512.457,0,1373.776,0,134.003,5045,6774,1.840,1.680,1.700,3,0,0,0,0,20,314,0,22,6
17-08 14:59:32,14.281,4.510,78.168,0,0,6076124,4911316,495836,4730328,45811.732,18283.404,0,1306.816,0,156.337,5113,7185,1.840,1.680,1.700,4,0,0,0,0,20,313,0,23,6
17-08 14:59:33,25.454,7.661,62.769,0,0,6075872,4911316,495956,4730456,30225.221,15046.876,0,1514.375,0,170.021,7123,9493,1.840,1.680,1.700,8,0,1.977,0,0,20,314,0,25,6
17-08 14:59:34,29.741,11.439,55.924,0.508,0,6075392,4911316,496160,4730720,44853.021,22869.835,0,6613.258,0,452.475,8299,10943,1.770,1.670,1.700,4,0,1.017,0,0,20,314,0,25,6
17-08 14:59:35,29.419,9.394,56.118,0.247,0,6075488,4911064,496352,4730680,29874.659,14560.077,0,2590.831,0,279.849,7816,10738,1.770,1.670,1.700,3,0,0,0,0,20,314,0,24,6
17-08 14:59:36,29.438,8.303,58.625,0.252,0,6075440,4910812,496556,4730768,15161.049,7409.429,0,2733.498,0,192.231,7352,9677,1.770,1.670,1.700,1,0,2.013,0,0,20,314,0,24,6
17-08 14:59:37,28.507,8.002,59.015,0.250,0,6075384,4910560,496700,4730924,15278.836,7297.832,0,1684.423,0,198.050,7565,10091,1.770,1.670,1.700,2,0,0,0,0,20,314,0,25,6
17-08 14:59:38,28.548,7.513,61.103,0.250,0,6075272,4910560,496776,4730956,15001.348,7308.349,0,1374.322,0,111.188,6936,9087,1.770,1.670,1.700,4,0,0,0,0,20,314,0,26,6
17-08 14:59:39,28.040,9.263,59.334,0,0,6074560,4911008,496860,4731128,22176.494,607885.295,0,5619.981,0,386.549,7683,9396,1.790,1.670,1.700,3,0,3.004,0,0,20,314,0,25,6
17-08 14:59:40,26.059,8.519,61.138,0.251,0,6075304,4910000,496940,4731308,15104.189,7541.070,0,1218.759,0,90.204,6775,8773,1.790,1.670,1.700,2,0,0,0,0,20,314,0,25,6
17-08 14:59:41,23.243,9.497,63.732,0.250,0,6075212,4909496,497304,4731524,4168.823,950.732,0,6482.170,0,475.866,7047,9624,1.790,1.670,1.700,0,0,0,0,0,20,313,0,26,6
17-08 14:59:42,18.020,4.755,74.332,0,0,6075640,4908996,497340,4731560,18624.453,7436.166,0,820.902,0,57.063,5043,6687,1.790,1.670,1.700,2,0,2.002,0,0,20,314,0,26,6
17-08 14:59:43,28.180,6.235,60.600,0.499,0,6075360,4908996,497596,4731576,18244.883,8217.679,0,2461.912,0,353.127,7464,10042,1.790,1.670,1.700,3,0,0,0,0,20,313,0,26,6
17-08 14:59:44,13.755,5.002,78.278,0,0,6075056,4908996,497636,4731836,23160.428,2555.930,0,888.323,0,82.030,4983,6877,1.650,1.640,1.690,2,0,1.000,0,0,20,314,0,26,6
17-08 14:59:45,25.314,7.770,64.414,0.251,0,6075076,4908744,497756,4731940,4487.418,953.426,0,1547.939,0,182.464,6182,8199,1.650,1.640,1.690,1,0,2.005,0,0,20,313,0,27,6
17-08 14:59:46,19.985,4.996,72.196,0,0,6075256,4908492,497812,4731952,44978.181,23287.490,0,1211.089,0,100.924,5318,7224,1.650,1.640,1.690,3,0,0,0,0,20,313,0,28,6
17-08 14:59:47,10.750,3.750,82.002,0,0,6074968,4908492,497884,4732164,44323.001,16425.371,0,1076.024,0,114.003,4590,6616,1.650,1.640,1.690,4,0,0,0,0,20,314,0,26,6
17-08 14:59:48,28.093,8.204,59.666,0.249,0,6075076,4908240,498012,4732176,44331.526,22458.124,0,1515.506,0,171.041,7455,9734,1.650,1.640,1.690,5,0,1.989,0,0,20,314,0,26,6
17-08 14:59:49,28.351,10.538,57.455,0.251,0,6074856,4907988,498336,4732312,30222.778,14955.332,0,7454.584,0,485.732,7658,10206,1.760,1.670,1.700,2,0,0,0,0,20,314,0,26,6
17-08 14:59:50,28.963,8.989,58.176,0.499,0,6074580,4907988,498584,4732332,29616.317,14573.457,0,1945.525,0,255.675,7621,10543,1.760,1.670,1.700,3,0,0,0,0,20,314,0,26,6
17-08 14:59:51,28.858,8.783,57.967,0.251,0,6074840,4907232,498800,4732604,15523.044,7485.992,0,2384.918,0,261.980,7811,10690,1.760,1.670,1.700,1,0,2.008,0,0,20,314,0,26,6
17-08 14:59:52,28.453,8.236,59.152,0,0,6074888,4906980,498984,4732616,14919.241,7283.912,0,1864.905,0,190.684,7189,9470,1.760,1.670,1.700,2,0,0,0,0,20,314,0,26,6
17-08 14:59:53,25.729,8.743,61.700,0.250,0,6075428,4906224,499084,4732720,15050.793,7290.088,0,1406.859,0,121.901,6744,8716,1.760,1.670,1.700,4,0,0,0,0,20,314,0,26,6
17-08 14:59:54,23.809,7.268,65.662,0,0,6076168,4904964,499376,4732940,17974.274,8407.710,0,2185.383,0,244.602,6368,8696,1.620,1.640,1.690,2,0,3.007,0,0,20,313,0,27,6
17-08 14:59:55,21.332,8.186,66.973,0,0,6076040,4904964,499576,4732864,534.793,0,0,1658.950,0,152.798,5269,7055,1.620,1.640,1.690,5,0,0,0,0,20,311,0,27,6
17-08 14:59:56,15.100,4.782,77.511,0.503,0,6075556,4904964,499844,4733072,25097.418,9441.227,0,6088.127,0,365.408,5077,7385,1.620,1.640,1.690,1,0,0,0,0,20,314,0,27,6
17-08 14:59:57,17.987,4.747,73.948,0,0,6075580,4904712,499940,4733196,14900.600,1838.717,0,1179.177,0,120.916,5202,7044,1.620,1.640,1.690,5,0,1.999,0,0,20,313,0,29,6
17-08 14:59:58,16.259,4.002,76.543,0,0,6075416,4904712,500012,4733284,18388.250,8110.521,0,1260.703,0,134.075,5131,7039,1.620,1.640,1.690,2,0,0,0,0,20,313,0,29,6
17-08 14:59:59,15.756,4.752,76.031,0,0,6075308,4904712,500100,4733296,12060.951,1244.511,0,908.373,0,76.031,5130,6870,1.650,1.650,1.690,1,0,0,0,0,20,314,0,29,6
17-08 15:00:00,28.930,9.976,58.110,0.249,0,6075416,4904236,500368,4733388,44858.550,22431.769,0,5562.552,0,469.864,7616,9598,1.650,1.650,1.690,1,0,0,0,0,20,314,0,29,6
17-08 15:00:01,28.099,7.276,61.216,0.502,0,6075508,4903732,500540,4733624,29752.204,14643.781,0,1730.118,0,157.557,7356,9859,1.650,1.650,1.690,4,0,4.014,0,0,20,314,0,29,6
17-08 15:00:02,26.977,9.992,58.951,0,0,6076392,4902724,500788,4733496,29563.210,14579.774,0,2110.231,0,220.815,6722,8652,1.650,1.650,1.690,4,0,0,0,0,20,313,0,31,6
17-08 15:00:03,14.984,3.930,76.887,0,0,6076256,4902472,500932,4733732,18223.898,8396.140,0,1882.622,0,128.718,4723,6625,1.650,1.650,1.690,4,0,0,0,0,20,314,0,28,6
17-08 15:00:04,20.593,5.847,70.678,0,0,6076320,4901996,501156,4733908,36184.126,456055.647,0,1944.410,0,191.187,6166,8398,1.590,1.640,1.690,2,0,3.051,0,0,20,313,0,28,6
17-08 15:00:05,20.945,6.982,68.569,0.249,0,6076264,4901744,501384,4733976,17321.292,128774.187,0,4899.072,0,289.237,6449,8502,1.590,1.640,1.690,6,0,0.997,0,0,20,314,0,29,6
17-08 15:00:06,40.820,20.034,35.561,0,0,6092828,4884800,501652,4734064,44187.669,22087.824,0,2376.069,0,256.439,8843,19870,1.590,1.640,1.690,4,0,40.069,0,0,20,314,0,30,6
17-08 15:00:07,28.039,9.013,59.583,0.250,0,6093068,4884308,501788,4734176,30210.923,14744.461,0,2335.241,0,98.136,6857,8750,1.590,1.640,1.690,5,0,2.003,0,0,20,314,0,28,6
17-08 15:00:08,27.426,9.724,59.090,0.499,0,6091784,4884308,502056,4735176,14903.627,7276.289,0,1771.202,0,203.449,6631,8804,1.590,1.640,1.690,1,0,0,0,0,20,313,0,30,6
17-08 15:00:09,13.733,3.745,78.901,0,0,6091400,4884580,502148,4735196,28649.208,12238.710,0,1254.433,0,81.898,4487,6106,1.470,1.610,1.680,6,0,0,0,0,20,314,0,30,6
17-08 15:00:10,27.850,9.032,60.215,0,0,6091064,4884580,502320,4735352,4455.944,4447.915,0,4323.470,0,493.767,6925,8329,1.470,1.610,1.680,3,0,2.007,0,0,20,313,0,32,6
17-08 15:00:11,14.657,4.223,77.009,0,0,6090948,4884580,502464,4735320,18208.913,7541.918,0,1426.903,0,121.227,4702,6531,1.470,1.610,1.680,3,1,0,0,0,20,314,0,32,6
17-08 15:00:12,11.805,4.270,81.378,0,0,6090592,4884580,502572,4735560,29227.764,9178.635,0,1161.395,0,110.513,4577,6596,1.470,1.610,1.680,3,0,0,0,0,20,313,0,33,6
17-08 15:00:13,17.506,4.752,75.026,0,0,6090516,4884328,502736,4735716,29668.350,9205.211,0,1228.429,0,132.046,5439,7412,1.470,1.610,1.680,0,0,2.001,0,0,20,313,0,33,6
17-08 15:00:14,22.693,8.977,64.836,0.499,0,6090172,4884328,502960,4735824,544.621,213.460,0,1356.566,0,160.593,5926,8257,1.510,1.610,1.680,4,0,0.997,0,0,20,313,0,34,6
17-08 15:00:15,14.816,5.022,78.097,0.502,0,6089848,4884328,503248,4735852,18659.974,8823.234,0,5492.423,0,313.394,5191,7198,1.510,1.610,1.680,2,0,0,0,0,20,314,0,34,6
17-08 15:00:16,26.535,9.512,60.329,0,0,6089540,4884328,503344,4736060,44482.037,22644.545,0,1193.557,0,139.182,6225,7879,1.510,1.610,1.680,1,0,2.003,0,0,20,313,0,31,6
17-08 15:00:17,16.663,9.451,71.128,0,0,6093288,4880548,503356,4736080,43260.502,16352.384,0,569.021,0,33.823,5055,6544,1.510,1.610,1.680,1,0,13.927,0,0,20,313,0,33,6
17-08 15:00:18,13.062,4.019,79.880,0,0,6093144,4880548,503432,4736144,18604.620,7882.547,0,884.212,0,91.436,4433,6195,1.510,1.610,1.680,1,0,0,0,0,20,314,0,33,6
17-08 15:00:19,27.032,8.760,61.322,0,0,6092864,4880548,503628,4736216,15212.891,8328.795,0,1241.460,0,146.172,6305,8269,1.550,1.620,1.680,0,0,3.004,0,0,20,313,0,34,6
17-08 15:00:20,17.467,4.741,74.857,0.250,0,6092572,4880548,503796,4736340,18288.945,7347.916,0,1169.758,0,121.767,5059,7294,1.550,1.620,1.680,5,0,0,0,0,20,314,0,34,6
17-08 15:00:21,11.007,4.003,82.054,0,0,6092232,4880548,504000,4736464,29753.580,9208.060,0,1288.848,0,134.088,4588,6914,1.550,1.620,1.680,0,0,0,0,0,20,313,0,34,6
17-08 15:00:22,16.998,4.499,75.240,0,0,6092044,4880548,504120,4736528,28908.038,9200.739,0,1759.759,0,167.977,5491,7641,1.550,1.620,1.680,2,0,2.000,0,0,20,313,0,34,6
17-08 15:00:23,14.167,3.977,78.540,0,0,6091952,4880548,504172,4736564,21147.132,5775.172,0,775.458,0,64.621,4471,6228,1.550,1.620,1.680,4,0,0,0,0,20,313,0,34,6
17-08 15:00:24,11.328,3.524,82.818,0.252,0,6092116,4880296,504264,4736560,18734.576,5034.552,0,745.114,0,72.498,4443,6331,1.420,1.590,1.670,2,0,1.007,0,0,20,313,0,34,6
17-08 15:00:25,17.452,5.734,73.300,0,0,6091812,4880296,504432,4736684,26744.896,9195.864,0,1236.620,0,139.618,5747,8072,1.420,1.590,1.670,2,0,1.995,0,0,20,314,0,34,6
17-08 15:00:26,28.110,9.950,56.966,0.498,0,6091412,4880044,504924,4736832,43893.026,22071.887,0,7009.033,0,449.756,7887,10282,1.420,1.590,1.670,3,0,0,0,0,20,314,0,34,6
17-08 15:00:27,28.721,7.558,60.969,0,0,6091308,4879792,505124,4736976,30058.429,14705.220,0,1422.956,0,161.241,7493,9830,1.420,1.590,1.670,2,0,0,0,0,20,314,0,35,6
17-08 15:00:28,26.474,7.742,61.689,0.250,0,6091236,4879792,505200,4736972,15169.046,7288.815,0,951.062,0,78.922,6885,9100,1.420,1.590,1.670,1,0,1.998,0,0,20,314,0,32,6
17-08 15:00:29,29.776,9.008,57.300,0.250,0,6090836,4879540,505628,4737176,52655.248,600161.126,0,1917.684,0,248.218,8297,11046,1.390,1.580,1.670,3,0,1.001,0,0,20,314,0,32,6
17-08 15:00:30,26.974,7.743,61.941,0.250,0,6090596,4879540,505708,4737328,29892.610,14871.876,0,1258.804,0,109.896,7130,9269,1.390,1.580,1.670,3,0,0,0,0,20,315,0,32,6
17-08 15:00:31,25.932,8.976,61.837,0,0,6090252,4879540,505784,4737592,30221.478,15496.224,0,1432.231,0,163.570,6420,8457,1.390,1.580,1.670,0,0,1.995,0,0,20,313,0,33,6
17-08 15:00:32,13.776,5.010,78.399,0,0,6090184,4879540,505832,4737612,18012.287,7376.040,0,1302.479,0,123.235,4420,6111,1.390,1.580,1.670,3,0,0,0,0,20,314,0,31,6
17-08 15:00:33,21.785,7.011,67.607,0.250,0,6089884,4879540,506032,4737700,18017.626,8254.114,0,2031.227,0,219.348,5904,8179,1.390,1.580,1.670,1,0,0,0,0,20,313,0,32,6
17-08 15:00:34,23.102,9.439,62.599,0.497,0,6089972,4879288,506288,4737608,14848.764,7396.561,0,6331.392,0,429.247,6863,9149,1.360,1.570,1.670,3,0,2.981,0,0,20,311,0,34,6
17-08 15:00:35,13.840,4.026,79.267,0,0,6089668,4879288,506400,4737792,18167.563,8459.205,0,982.411,0,93.611,4605,6589,1.360,1.570,1.670,1,0,0,0,0,20,313,0,34,6
17-08 15:00:36,27.975,6.994,62.693,0,0,6090140,4878532,506460,4738004,359.676,0,0,655.409,0,43.960,5232,6264,1.360,1.570,1.670,1,0,0,0,0,20,314,0,34,6
17-08 15:00:37,27.526,7.257,62.308,0,0,6091752,4876516,506472,4738392,46240.105,23822.207,0,540.504,0,26.024,5238,6028,1.360,1.570,1.670,3,0,2.002,0,0,20,313,0,34,6
17-08 15:00:38,27.554,6.951,61.811,0,0,6095420,4872736,506484,4738492,45373.836,23252.899,0,1592.692,0,33.760,5406,6280,1.360,1.570,1.670,4,0,0,0,0,20,314,0,35,6
17-08 15:00:39,16.867,4.280,76.530,0.252,0,6095444,4872484,506644,4738552,74263.632,32591.855,0,1087.536,0,112.782,5249,7224,1.410,1.580,1.670,1,0,0,0,0,20,313,0,35,6
17-08 15:00:40,17.010,4.753,74.293,0,0,6095592,4872232,506736,4738560,43881.210,16441.446,0,1244.715,0,143.082,5322,7301,1.410,1.580,1.670,0,0,2.001,0,0,20,313,0,35,6
17-08 15:00:41,16.247,5.249,75.486,0.250,0,6095556,4871980,506804,4738776,22606.732,8522.391,0,6658.743,0,420.921,5652,7141,1.410,1.580,1.670,0,0,0,0,0,20,313,0,35,6
17-08 15:00:42,12.730,4.243,80.125,0,0,6095528,4871980,506860,4738744,22553.859,7895.698,0,850.675,0,71.888,4696,6615,1.410,1.580,1.670,2,0,0,0,0,20,314,0,35,6
17-08 15:00:43,27.441,7.840,58.557,0,0,6095252,4871980,506988,4738888,15238.569,7309.103,0,1501.414,0,164.646,7126,9415,1.410,1.580,1.670,5,0,1.960,0,0,20,314,0,35,6
17-08 15:00:44,32.812,8.902,56.721,0,0,6095264,4871728,507236,4738872,26999.353,8974.688,0,2291.237,0,247.234,7841,10352,1.300,1.560,1.660,2,0,1.017,0,0,20,314,0,33,6
17-08 15:00:45,26.669,11.322,59.879,0.503,0,6096008,4870468,507444,4739172,15460.811,7342.451,0,5748.366,0,376.381,7277,9333,1.300,1.560,1.660,5,0,0,0,0,20,314,0,33,6
17-08 15:00:46,17.945,3.988,74.021,0.249,0,6096036,4870216,507596,4739232,3694.579,943.085,0,2284.937,0,166.485,5010,7166,1.300,1.560,1.660,1,0,1.994,0,0,20,313,0,34,6
17-08 15:00:47,26.002,4.750,65.754,0,0,6095976,4870216,507628,4739260,15466.040,7524.506,0,512.034,0,26.002,5564,6874,1.300,1.560,1.660,2,0,0,0,0,20,316,0,36,6
17-08 15:00:48,28.743,6.498,61.735,0,0,6096512,4869460,507712,4739396,239.941,0,0,987.759,0,89.978,6584,8526,1.300,1.560,1.660,2,0,2.000,0,0,20,319,0,37,6
17-08 15:00:49,28.412,6.480,60.562,0,0,6097088,4868704,507768,4739508,15457.099,7648.298,0,877.281,0,67.790,6527,8093,1.270,1.550,1.650,2,0,3.988,0,0,20,317,0,53,6
17-08 15:00:50,27.825,6.267,62.418,0,0,6098240,4867444,507828,4739552,481.293,0,0,1002.694,0,93.251,6548,8317,1.270,1.550,1.650,2,0,0,0,0,20,319,0,60,6
17-08 15:00:51,30.313,6.460,59.631,0,0,6098044,4867444,507860,4739716,51299.830,585804.170,0,834.838,0,73.545,7042,8567,1.270,1.550,1.650,5,0,0.994,0,0,20,320,0,62,6
17-08 15:00:52,29.884,6.973,59.519,0.498,0,6097884,4867444,507912,4739820,29665.053,14697.051,0,952.310,0,82.680,6941,8411,1.270,1.550,1.650,5,0,1.992,0,0,20,317,0,81,6
17-08 15:00:53,31.827,6.820,59.108,0,0,6098296,4866688,507960,4740108,46175.621,27050.036,0,1168.005,0,64.665,6465,7686,1.270,1.550,1.650,2,0,0,0,0,20,317,0,81,6
17-08 15:00:54,16.496,4.999,73.982,0.250,0,6098588,4866184,508112,4740160,73299.755,32533.902,0,1635.593,0,197.951,5902,8269,1.410,1.570,1.660,0,0,1.000,0,0,20,316,0,81,6
17-08 15:00:55,22.384,8.456,64.913,0,0,6098724,4865932,508208,4740180,29750.501,14743.435,0,1074.420,0,108.437,6379,8289,1.410,1.570,1.660,2,0,1.990,0,0,20,317,0,81,6
17-08 15:00:56,30.253,9.251,57.255,0.250,0,6098276,4865932,508436,4740384,14945.293,7296.631,0,2864.248,0,299.026,7865,10478,1.410,1.570,1.660,3,0,0,0,0,20,317,0,79,6
17-08 15:00:57,27.135,10.301,59.044,0.251,0,6097924,4865680,508696,4740720,15258.906,7332.476,0,6456.116,0,357.780,7523,9726,1.410,1.570,1.660,1,0,0,0,0,20,317,0,80,6
17-08 15:00:58,26.660,8.970,61.542,0,0,6098180,4865176,508852,4740808,18632.058,8383.679,0,1626.505,0,197.333,6291,8329,1.410,1.570,1.660,4,0,1.993,0,0,20,316,0,81,6
17-08 15:00:59,15.541,5.514,76.199,0,0,6098088,4865176,508980,4740768,18584.444,8421.953,0,1961.112,0,207.541,5295,7459,1.380,1.560,1.660,3,0,0,0,0,20,316,0,81,6
17-08 15:01:00,10.520,2.755,83.659,0.250,0,6098160,4864924,509048,4740876,14912.295,7309.870,0,873.658,0,72.137,3978,5667,1.380,1.560,1.660,4,0,0,0,0,20,317,0,81,6
17-08 15:01:01,10.250,3.500,83.498,0,0,6098152,4864672,509144,4741036,4221.910,889.981,0,967.979,0,98.998,4197,6143,1.380,1.560,1.660,0,0,4.000,0,0,20,316,0,79,6
17-08 15:01:02,16.249,4.500,75.747,0.500,0,6097960,4864672,509252,4741112,18130.342,8348.697,0,5891.786,0,454.983,5549,7151,1.380,1.560,1.660,1,0,0,0,0,20,316,0,79,6
17-08 15:01:03,20.948,5.486,70.324,0,0,6098644,4863916,509260,4741172,569.578,0,0,690.277,0,60.848,4780,5923,1.380,1.560,1.660,1,0,0,0,0,20,317,0,80,6
17-08 15:01:04,23.548,7.515,65.634,0,0,6100116,4862152,509344,4741376,63618.661,32996.249,0,1483.023,0,164.335,6370,8225,1.270,1.530,1.650,1,0,3.006,0,0,20,316,0,82,6
17-08 15:01:05,12.253,3.751,81.517,0,0,6100220,4861900,509400,4741456,43844.055,20675.270,0,1076.222,0,102.021,4496,6376,1.270,1.530,1.650,0,0,0,0,0,20,316,0,80,6
17-08 15:01:06,11.735,4.744,80.649,0.250,0,6100436,4861648,509444,4741448,21665.897,9720.840,0,1050.686,0,96.879,4294,6101,1.270,1.530,1.650,4,0,5.993,0,0,20,316,0,81,6
17-08 15:01:07,20.976,12.736,63.179,0,0,6116816,4845044,509576,4741536,29679.672,14575.633,0,4954.437,0,293.670,6116,14879,1.270,1.530,1.650,3,0,31.964,0,0,20,317,0,83,6
17-08 15:01:08,14.278,3.757,78.404,0.250,0,6117144,4844568,509684,4741572,29089.011,9153.941,0,2292.493,0,143.281,4989,7218,1.270,1.530,1.650,0,0,0,0,0,20,316,0,83,6
17-08 15:01:09,26.176,6.232,64.318,0.249,0,6117264,4844344,509736,4741624,24396.043,449950.195,0,833.644,0,75.786,6228,7680,1.250,1.520,1.640,2,0,0,0,0,20,317,0,79,6
17-08 15:01:10,30.290,9.262,57.075,0.250,0,6117124,4844120,509960,4741744,3724.900,133057.049,0,2090.751,0,244.321,7758,10402,1.250,1.520,1.640,3,0,3.004,0,0,20,317,0,79,6
17-08 15:01:11,27.050,7.514,61.112,0,0,6116864,4844120,510032,4741920,15276.997,7375.516,0,1450.658,0,122.224,6872,9036,1.250,1.520,1.640,4,0,0,0,0,20,318,0,79,6
17-08 15:01:12,28.011,10.754,57.773,0.250,0,6116648,4844120,510216,4741944,15940.363,8375.343,0,4589.832,0,559.223,7214,8295,1.250,1.520,1.640,1,0,0,0,0,20,316,0,81,6
17-08 15:01:13,14.991,4.747,76.453,0,0,6116468,4843868,510388,4742200,47320.206,22993.009,0,2414.531,0,166.898,5119,7157,1.250,1.520,1.640,3,0,2.998,0,0,20,316,1,77,6
17-08 15:01:14,17.511,4.253,74.547,0.250,0,6116328,4843616,510600,4742372,33234.073,15710.962,0,1813.150,0,209.133,5671,7916,1.150,1.500,1.640,3,0,1.001,0,0,20,316,0,77,6
17-08 15:01:15,14.218,4.739,78.076,0,0,6116128,4843616,510736,4742424,17884.055,7741.709,0,1400.871,0,123.724,4683,6368,1.150,1.500,1.640,1,0,0,0,0,20,316,0,77,6
17-08 15:01:16,15.774,4.757,75.866,0.501,0,6115924,4843616,511036,4742324,21903.546,8537.075,0,5516.449,0,364.558,5609,7676,1.150,1.500,1.640,0,0,2.003,0,0,20,316,0,77,6
17-08 15:01:17,19.761,12.007,65.286,0,0,6118092,4841096,511144,4742560,22237.190,7912.337,0,1292.709,0,95.052,5814,7507,1.150,1.500,1.640,3,0,10.005,0,0,20,319,0,75,6
17-08 15:01:18,34.671,10.975,51.134,0.249,0,6118040,4840844,511328,4742672,45051.540,22578.650,0,1548.478,0,177.596,8011,10360,1.150,1.500,1.640,2,0,1.995,0,0,20,317,0,77,6
17-08 15:01:19,30.795,4.719,60.101,0.248,0,6117728,4840844,511500,4742804,29451.286,14803.625,0,2018.586,0,175.832,6107,7782,1.130,1.490,1.630,3,0,1.987,0,0,20,316,0,77,6
17-08 15:01:20,18.405,6.555,73.368,0,0,5976872,4981644,511528,4742824,110789.616,36882.809,0,774.527,0,38.323,4379,5380,1.130,1.490,1.630,2,0,20.170,0,0,20,316,0,77,6
17-08 15:01:21,7.239,6.740,73.141,9.735,0,5971516,4981604,511568,4748164,126042.384,44906.799,4677.001,758.864,53.919,42.936,4482,5697,1.130,1.490,1.630,1,0,9.985,0,0,20,316,0,74,6
17-08 15:01:22,18.245,16.245,62.982,0,0,5959216,4991884,511636,4750092,32572.522,448381.532,0,2783.190,0,134.961,4772,5507,1.130,1.490,1.630,4,0,0,0,0,20,316,0,74,6
17-08 15:01:23,16.287,16.537,64.646,0,0,5957220,4991632,511664,4752252,30744.621,60866.833,0,252.572,0,21.048,4475,5319,1.130,1.490,1.630,2,0,3.007,0,0,20,316,0,74,6
17-08 15:01:24,15.982,14.234,61.929,4.994,0,5951800,4991128,511728,4758084,56154.899,23766.870,3372.151,767.124,40.953,58.933,5080,6200,1.120,1.480,1.630,2,0,3.995,0,0,20,316,0,74,6
17-08 15:01:25,14.212,12.217,64.827,5.984,0,5943220,4994800,511756,4762880,57962.274,22956.719,3063.821,351.063,43.883,17.952,4455,5246,1.120,1.480,1.630,1,0,1.995,0,0,20,316,0,74,6
17-08 15:01:26,13.313,13.564,65.558,6.028,0,5939736,4991776,511764,4769312,45572.287,22859.488,4219.842,237.115,80.378,12.057,4424,5184,1.120,1.480,1.630,2,0,2.009,0,0,20,316,0,74,6
17-08 15:01:27,13.986,14.735,65.434,2.747,0,5940572,4986752,511764,4773468,45516.756,22996.636,3276.671,3.996,32.967,0.999,4316,5077,1.120,1.480,1.630,0,1,5.994,0,0,20,316,0,74,6
17-08 15:01:28,6.253,6.003,65.782,19.259,0,5934584,4976412,511768,4789704,45195.762,22596.881,15263.349,164.079,171.082,18.009,4500,5584,1.120,1.480,1.630,0,1,2.001,0,0,20,316,0,74,6
17-08 15:01:29,6.757,5.005,65.316,21.021,0,5934384,4957260,511780,4808980,44688.232,22839.117,17481.694,200.203,189.191,21.021,4673,5930,1.110,1.470,1.620,0,1,0,0,0,20,316,0,73,6
17-08 15:01:30,8.227,7.230,65.320,16.455,0,5934912,4942392,511804,4823216,29572.371,14683.469,12437.668,478.679,134.628,26.926,4146,5211,1.110,1.470,1.620,2,0,1.994,0,0,20,316,0,73,6
17-08 15:01:31,17.255,15.254,65.269,0,0,5934788,4940124,511816,4825552,15079.400,7596.216,0,76.022,0,9.003,4003,4667,1.110,1.470,1.620,1,0,0,0,0,20,316,0,73,6
17-08 15:01:32,16.701,15.704,65.307,0,0,5934772,4937604,511816,4828032,14846.076,7340.283,0,0,0,0,3976,4727,1.110,1.470,1.620,2,0,0,0,0,20,316,0,73,6
17-08 15:01:33,16.025,15.775,65.352,0,0,5935512,4934080,511828,4830716,14966.263,7307.358,0,80.125,0,10.016,4083,4791,1.110,1.470,1.620,2,0,2.003,0,0,20,316,0,70,6
17-08 15:01:34,10.270,9.518,62.622,16.031,0,5938212,4919728,511860,4842260,44919.167,22874.388,11069.481,965.874,111.216,131.255,5242,6437,1.100,1.470,1.620,1,1,5.010,0,0,20,316,0,70,6
17-08 15:01:35,6.253,5.002,64.779,20.759,0,5938424,4905388,511868,4856300,44916.833,22986.149,13722.059,288.127,145.064,14.006,4381,5419,1.100,1.470,1.620,1,1,2.001,0,0,20,316,0,70,6
17-08 15:01:36,8.010,6.508,63.332,19.525,0,5936716,4892816,511892,4870508,67163.088,633485.422,14006.161,248.322,135.175,23.030,5069,6152,1.100,1.470,1.620,2,0,5.006,0,0,20,316,0,70,6
17-08 15:01:37,7.472,4.483,65.009,19.926,0,5936860,4882232,511904,4880888,44631.546,22466.714,10321.736,243.099,100.627,13.948,4145,5308,1.100,1.470,1.620,4,1,1.993,0,0,20,316,0,66,6
17-08 15:01:38,6.773,5.017,64.217,21.322,0,5938576,4872152,511920,4889200,45020.186,22728.833,8288.017,276.936,84.285,21.071,4155,5605,1.100,1.470,1.620,1,1,2.007,0,0,20,316,0,66,6
17-08 15:01:39,6.002,4.501,65.520,21.006,0,5937272,4861820,511932,4900776,44686.693,22270.824,11319.469,196.060,114.035,16.005,4337,5678,1.100,1.460,1.620,0,1,2.001,0,0,20,316,0,66,6
