"pcp-dstat 6.2.0 CSV Output"
"Author:","PCP team <pcp@groups.io> and Dag Wieers <dag@wieers.com>",,,,"URL:","https://pcp.io/ and http://dag.wieers.com/home-made/dstat/"
"Host:","ubuntu",,,,"User:","stack"
"Cmdline:","dstat -tcmndrylpg --tcp --output /opt/stack/logs/dstat-csv.log",,,,"Date:","05 Aug 2026 23:32:34 UTC"
"system","total usage",,,,,"memory usage",,,,"net/total",,"dsk/total",,"io/total",,"system",,"load avg",,,"procs",,,"paging",,"tcp sockets",,,,
"time","total usage:usr","total usage:sys","total usage:idl","total usage:wai","total usage:stl","used","free","buf","cach","net/total:recv","net/total:send","dsk/total:read","dsk/total:writ","read","writ","int","csw","1m","5m","15m","run","blk","new","in","out","lis","act","syn","tim","clo"
05-08 23:32:34,,1289644,11510684,152968,3204644,,,,,,,3.150,2.050,1.790,2,0,,,,11,13,0,9,3
05-08 23:32:35,25.019,26.257,45.826,0,0,1291948,11507952,153032,3204944,73371.795,169820.283,0,6495.955,0,54.496,6940,6787,3.150,2.050,1.790,5,0,133.764,0,0,11,13,0,9,3
05-08 23:32:36,24.050,26.055,46.347,0,0,1273228,11509224,153116,3221692,229807.898,452700.325,0,962.013,0,21.044,6712,5138,3.060,2.050,1.790,4,0,133.279,0,0,11,13,0,9,3
05-08 23:32:37,33.000,26.000,40.000,0,0,1284264,11489124,153404,3229676,60978.410,32811.682,0,1067.990,0,42.000,6713,5419,3.060,2.050,1.790,2,0,137.999,0,0,11,13,0,9,3
05-08 23:32:38,32.019,27.266,40.024,0,0,1284012,11478620,153936,3238060,60560.560,34626.904,0,652.394,0,26.016,6540,5020,3.060,2.050,1.790,3,0,125.076,0,0,11,13,0,9,3
05-08 23:32:39,32.507,26.800,37.967,0,0,1291372,11456584,154236,3250828,45505.218,24012.700,0,1377.713,0,32.755,6206,4980,3.060,2.050,1.790,3,0,115.140,0,0,11,13,0,9,3
05-08 23:32:40,33.957,28.423,36.221,0,0,1291968,11451992,154304,3254292,60881.257,31170.077,0,9976.839,0,33.202,6454,5019,3.060,2.050,1.790,3,0,111.681,0,0,11,13,0,9,3
05-08 23:32:41,36.227,29.938,32.705,0.252,0,1302360,11422688,154804,3271696,49631.930,23748.779,0,2511.735,0,70.441,7074,7396,3.060,2.070,1.800,3,0,120.757,0,0,11,13,0,9,3
05-08 23:32:42,35.899,22.530,38.128,0,0,1297684,11418036,155352,3278636,55785.159,30084.175,0,1457.762,0,66.352,6429,5260,3.060,2.070,1.800,4,0,77.246,0,0,11,13,0,9,3
05-08 23:32:43,32.873,28.356,36.637,0,0,1300112,11406568,155768,3286172,45143.570,23234.761,0,1369.112,0,39.146,6538,5395,3.060,2.070,1.800,5,0,107.401,0,0,11,13,0,9,3
05-08 23:32:44,43.612,25.236,29.156,0,0,1305396,11378120,156384,3306868,51523.022,452999.203,0,1442.629,0,47.042,8002,8628,3.060,2.070,1.800,9,0,64.683,0,0,11,13,0,9,3
05-08 23:32:45,41.661,25.754,32.319,0.252,0,1300548,11373012,156948,3314480,49814.836,151410.922,0,3013.756,0,60.598,6942,7076,3.060,2.070,1.800,5,0,72.718,0,0,11,13,0,9,4
05-08 23:32:46,19.477,22.259,57.924,0,0,1372392,11318384,156984,3422296,61517.009,31593.726,0,230.685,0,8.094,6492,5644,3.050,2.080,1.810,3,0,73.860,0,0,12,13,0,9,3
05-08 23:32:47,20.214,15.971,62.638,0,0,1376184,11314564,156988,3422320,61534.503,32691.296,15.971,2475.555,0.998,472.152,6591,5118,3.050,2.080,1.810,2,0,54.901,0,0,12,13,0,9,3
05-08 23:32:48,25.003,9.751,63.758,0,0,1366624,11324124,156988,3422320,45455.377,24724.925,0,16.002,0,4.000,5477,4670,3.050,2.080,1.810,2,0,22.003,0,0,12,13,0,9,3
05-08 23:32:49,20.517,14.512,63.804,0,0,1371912,11318832,156988,3422324,61055.364,33027.785,0,16.013,0,4.003,6090,5079,3.050,2.080,1.810,4,0,65.055,0,0,12,13,0,9,3
05-08 23:32:50,15.769,20.024,63.076,0,0,1361020,11329680,157036,3422320,61737.991,32827.342,0,424.509,0,15.018,6538,5512,3.050,2.080,1.810,1,0,102.122,0,0,12,13,0,11,3
05-08 23:32:51,22.228,13.986,58.193,2.747,0,1369860,11320280,157120,3422788,59636.432,30699.850,363.643,26841.639,20.979,116.885,6006,4951,3.130,2.120,1.820,1,0,19.980,0,0,12,13,0,11,3
05-08 23:32:52,21.015,6.254,64.045,8.256,0,1387428,11300384,157264,3424904,44539.365,22870.105,2049.443,4.003,112.079,1.001,5572,4743,3.130,2.120,1.820,0,1,0,0,0,12,13,0,11,3
05-08 23:32:53,27.584,6.018,63.192,3.009,0,1413552,11272944,157324,3425996,42973.346,571429.244,866.629,589.789,65.198,8.024,5756,4971,3.130,2.120,1.820,2,0,1.003,0,0,12,13,0,11,3
05-08 23:32:54,28.676,6.733,64.334,0.748,0,1442352,11242956,157456,3426824,30896.226,14714.008,111.712,219.433,4.987,2.992,5307,4415,3.130,2.120,1.820,1,0,1.995,0,0,12,13,0,11,3
05-08 23:32:55,30.706,4.953,64.631,0,0,1450996,11233660,157684,3427192,14860.638,7357.517,15.848,1901.781,0.991,70.326,5705,5058,3.130,2.120,1.820,4,0,0.991,0,0,12,15,0,11,3
05-08 23:32:56,23.181,18.142,53.921,2.772,0,1465956,11207996,162952,3432468,30006.185,16373.790,0,40439.613,0,2588.200,15197,19624,3.040,2.110,1.820,5,0,29.228,0,0,12,15,0,11,3
05-08 23:32:57,23.507,18.756,51.016,1.751,0,1465484,11198924,168660,3436032,29821.334,14824.640,0,39248.284,0,2671.836,15416,21391,3.040,2.110,1.820,2,0,34.011,0,0,12,15,0,11,3
05-08 23:32:58,33.199,7.988,55.165,2.746,0,1466568,11194388,171512,3436528,44445.859,26365.578,0,17113.763,0,1289.024,10101,12619,3.040,2.110,1.820,1,0,20.968,0,0,12,13,0,11,3
05-08 23:32:59,17.957,17.708,63.100,0.249,0,1395264,11265636,171560,3436536,44928.255,24082.782,0,570.644,0,30.927,6203,5117,3.040,2.110,1.820,1,0,74.822,0,0,12,13,0,11,3
05-08 23:33:00,29.366,8.283,61.994,0,0,1432352,11227976,172120,3436536,59817.871,31731.121,0,6686.365,0,330.302,6306,5711,3.040,2.110,1.820,2,0,2.008,0,0,12,13,0,11,3
05-08 23:33:01,28.504,6.501,64.509,0,0,1459560,11200732,172152,3436536,29443.280,15242.216,0,2032.295,0,16.002,5478,4684,2.870,2.100,1.820,2,0,0,0,0,12,13,0,11,3
05-08 23:33:02,31.233,4.248,65.464,0,0,1470260,11190024,172160,3436536,29483.565,15267.489,0,47.973,0,3.998,5440,4471,2.870,2.100,1.820,1,0,0,0,0,12,13,0,11,3
05-08 23:33:03,27.990,6.498,62.977,0.500,0,1434172,11226052,172172,3436552,45138.842,25021.044,3.999,0,1.000,0,5373,4414,2.870,2.100,1.820,2,0,11.996,0,0,12,13,0,10,3
05-08 23:33:04,29.512,8.503,63.276,0,0,1424452,11235736,172172,3436552,59710.070,31970.888,0,4.002,0,1.000,5518,4719,2.870,2.100,1.820,2,0,2.001,0,0,12,13,0,10,3
05-08 23:33:05,31.996,6.499,62.992,0,0,1449120,11211068,172172,3436552,53236.571,455896.942,0,4.000,0,1.000,5653,4776,2.870,2.100,1.820,2,0,1.000,0,0,12,13,0,10,3
05-08 23:33:06,32.740,4.999,64.731,0,0,1460180,11200008,172176,3436548,18194.718,140011.358,0,0,0,0,5412,4506,2.720,2.080,1.810,1,0,2.999,0,0,12,13,0,10,3
05-08 23:33:07,24.775,11.261,64.565,0,0,1420592,11239564,172184,3436572,56331.847,31631.921,0,84.085,0,2.002,5807,4734,2.720,2.080,1.810,3,0,52.053,0,0,12,13,0,9,3
05-08 23:33:08,10.747,23.993,62.232,0,0,1418888,11241184,172240,3436580,49371.942,28173.978,0,907.742,0,125.964,6951,6014,2.720,2.080,1.810,1,0,141.960,0,0,12,13,0,9,3
05-08 23:33:09,12.516,25.031,60.325,0,0,1399300,11260628,172248,3436716,60086.132,32024.043,0,92.115,0,7.009,6496,5521,2.720,2.080,1.810,2,0,124.155,0,0,12,13,0,9,3
05-08 23:33:10,11.749,24.498,60.494,0,0,1383308,11276612,172248,3436724,60082.174,30968.997,0,19.998,0,5.000,6584,5518,2.720,2.080,1.810,1,0,121.988,0,0,12,13,0,9,3
05-08 23:33:11,11.963,25.172,59.066,0,0,1377748,11282104,172248,3436792,45541.156,23135.940,0,15.950,0,3.988,6552,5470,2.590,2.060,1.810,4,0,129.596,0,0,12,13,0,9,3
05-08 23:33:12,11.523,31.062,53.857,0,0,1366288,11293536,172248,3436808,60923.442,31584.960,0,51626.911,0,159.318,6765,5523,2.590,2.060,1.810,2,0,116.232,0,0,12,13,0,6,3
05-08 23:33:13,24.403,24.901,50.051,0,0,1365688,11294124,172248,3436808,44838.070,22689.960,0,0,0,0,7139,7471,2.590,2.060,1.810,6,0,78.688,0,0,12,13,0,6,3
05-08 23:33:14,31.427,28.158,39.723,0,0,1362784,11296980,172256,3436868,44743.371,23105.810,0,2236.565,0,279.571,6930,15759,2.590,2.060,1.810,2,0,81.458,0,0,12,13,0,7,3
05-08 23:33:15,38.807,25.125,31.344,2.239,0,1412124,11245656,172264,3439240,57916.371,577336.814,1882.618,3.980,24.876,0.995,6813,5676,2.590,2.060,1.810,7,0,85.574,0,0,12,13,0,7,3
05-08 23:33:16,50.903,18.305,30.592,1.003,0,1484712,11171960,172264,3440348,60345.273,32140.548,1103.314,4.012,14.042,1.003,5895,4362,2.780,2.110,1.820,2,0,49.148,0,0,12,14,0,6,3
05-08 23:33:17,52.521,12.005,35.014,2.251,0,1507952,11148496,172292,3440476,40271.174,18403.391,24.010,39695.943,5.002,126.051,5458,3662,2.780,2.110,1.820,3,0,0,0,0,12,14,0,6,3
05-08 23:33:18,44.909,13.223,41.166,0.249,0,1537856,11117532,172316,3441432,18929.447,10993.610,491.000,1484.976,5.988,1.996,5355,4039,2.780,2.110,1.820,3,0,1.996,0,0,12,14,0,6,3
05-08 23:33:19,45.677,13.653,38.726,0,0,1552232,11101908,172368,3442460,29738.811,14636.551,0,1318.680,0,22.839,5707,5104,2.780,2.110,1.820,4,0,0,0,0,12,14,0,6,3
05-08 23:33:20,31.570,16.669,51.270,0.505,0,1563108,11089076,172456,3444112,15630.572,8829.576,8.082,0,2.020,0,6953,6923,2.780,2.110,1.820,2,0,76.779,0,0,12,13,0,7,3
05-08 23:33:21,21.750,17.750,56.999,2.750,0,1590808,11060564,172588,3444716,60608.861,31905.400,723.986,0,15.000,0,6025,5122,2.640,2.090,1.820,1,0,62.999,0,0,13,13,0,7,3
05-08 23:33:22,28.493,6.998,64.483,0,0,1627848,11023520,172588,3444720,44736.336,23141.966,0,7.998,0,1.999,5808,4732,2.640,2.090,1.820,1,0,0,0,0,13,13,0,7,3
05-08 23:33:23,31.261,6.252,65.522,0,0,1659600,10991768,172588,3444720,29775.021,14728.957,0,384.129,0,6.002,5775,4645,2.640,2.090,1.820,1,0,0,0,0,13,13,0,7,3
05-08 23:33:24,31.261,4.752,65.022,0,0,1664356,10986980,172600,3444720,29717.020,15039.071,0,800.270,0,3.001,5588,4486,2.640,2.090,1.820,1,0,2.001,0,0,13,13,0,4,3
05-08 23:33:25,29.702,5.990,62.649,0.749,0,1683036,10967352,173144,3445112,30763.207,25620.531,159.741,6289.819,6.989,316.488,6757,6194,2.640,2.090,1.820,1,0,0.998,0,0,13,19,0,4,3
05-08 23:33:26,32.225,5.746,60.453,0,0,1684172,10965588,173728,3445144,69349.921,461352.240,0,3165.532,0,262.795,7384,7629,2.670,2.100,1.830,4,0,0.999,0,0,13,13,0,6,3
05-08 23:33:27,19.997,14.998,63.741,0,0,1625412,11024332,173744,3445144,49713.614,151221.532,0,143.979,0,6.999,5438,4507,2.670,2.100,1.830,3,0,43.993,0,0,13,13,0,6,3
05-08 23:33:28,24.039,6.510,65.355,3.756,0,1652088,10997204,173792,3445508,29487.505,14843.914,372.600,4639.474,13.021,183.295,5070,4042,2.670,2.100,1.830,1,0,0,0,0,13,13,0,6,3
05-08 23:33:29,30.266,5.003,66.034,0.250,0,1671952,10977060,173824,3445716,30611.938,15469.054,0,6291.275,0,697.363,6394,4396,2.670,2.100,1.830,0,0,0,0,0,13,14,0,6,3
05-08 23:33:30,21.573,4.264,70.989,0,0,1671448,10977492,173880,3445732,17754.890,9231.138,0,357.205,0,21.071,5522,4892,2.670,2.100,1.830,3,0,3.010,0,0,13,22,0,6,3
05-08 23:33:31,22.916,6.476,65.510,4.733,0,1670800,10977732,173948,3445928,16738.631,9091.667,231.153,1159.748,56.792,20.923,5865,5237,2.530,2.090,1.820,2,0,0,0,0,13,26,0,6,3
05-08 23:33:32,22.671,4.235,69.756,2.491,0,1674660,10973476,173964,3446112,16202.322,9124.083,183.359,0,45.840,0,5458,4656,2.530,2.090,1.820,0,0,1.993,0,0,13,38,0,6,3
05-08 23:33:33,20.580,9.286,68.264,0,0,1628524,11019596,173964,3446124,19436.094,10732.467,0,44.171,0,2.008,5675,4910,2.530,2.090,1.820,3,0,44.171,0,0,13,37,0,7,3
05-08 23:33:34,27.247,8.749,64.743,0,0,1638324,11009796,173964,3446124,44601.310,22813.601,0,4.000,0,1.000,5322,4529,2.530,2.090,1.820,1,0,1.000,0,0,13,37,0,7,3
05-08 23:33:35,26.811,5.763,68.656,0,0,1675824,10972288,173972,3446124,30222.560,15702.621,0,92.209,0,5.011,5172,4317,2.530,2.090,1.820,1,0,0,0,0,13,38,0,7,3
05-08 23:33:36,19.671,5.478,71.714,0,0,1676508,10971544,174028,3446128,18453.297,10787.913,0,533.868,0,30.877,5448,4831,2.330,2.050,1.810,2,0,2.988,0,0,13,38,0,7,3
05-08 23:33:37,20.279,6.509,71.101,0,0,1640196,11007844,174028,3446140,18405.167,10293.635,0,0,0,0,5579,4916,2.330,2.050,1.810,1,0,20.028,0,0,13,37,0,8,3
05-08 23:33:38,25.182,27.952,46.334,0,0,1658572,10989456,174028,3446152,60782.654,31890.144,0,20.145,0,4.029,6397,5221,2.330,2.050,1.810,2,0,136.989,0,0,13,37,0,8,3
05-08 23:33:39,46.485,13.745,41.486,0,0,1734300,10913720,174036,3446152,29849.147,15190.986,0,111.963,0,3.999,5331,3864,2.330,2.050,1.810,2,0,1.999,0,0,13,37,0,8,3
05-08 23:33:40,37.662,7.433,54.759,0,0,1773440,10874448,174036,3446284,32109.884,18187.804,0,3.964,0,0.991,5963,4700,2.330,2.050,1.810,1,0,0,0,0,13,39,0,8,3
05-08 23:33:41,41.206,8.241,49.697,0,0,1774764,10873112,174036,3446292,20771.981,12917.307,0,7.992,0,1.998,6279,5391,2.220,2.030,1.810,3,0,0,0,0,13,39,0,8,3
05-08 23:33:42,34.027,7.005,56.794,0,0,1773504,10874292,174052,3446352,36763.672,21396.687,0,96.075,0,6.005,7060,7292,2.220,2.030,1.810,2,0,2.002,0,0,13,39,0,8,3
05-08 23:33:43,45.146,9.836,44.642,0,0,1685160,10962548,174100,3446376,5024.114,3634.916,0,217.913,0,22.195,6716,6088,2.220,2.030,1.810,2,0,16.142,0,0,13,37,0,9,3
05-08 23:33:44,33.583,42.226,21.977,0,0,1662216,10985456,174120,3446392,72196.265,588968.695,0,177.794,0,12.841,7189,6235,2.220,2.030,1.810,5,0,237.059,0,0,13,37,0,9,3
05-08 23:33:45,59.502,38.575,1.765,0,0,1770728,10876884,174160,3446412,48380.954,26265.474,0,471.980,0,27.230,6754,6501,2.220,2.030,1.810,8,0,241.032,0,0,13,37,0,9,3
05-08 23:33:46,72.877,27.047,0.501,0,0,1922624,10724972,174168,3446420,65419.723,36461.383,0,84.146,0,8.014,6806,6694,2.600,2.120,1.830,7,0,93.162,0,0,13,39,0,9,3
05-08 23:33:47,81.828,16.664,0.249,0,0,2035184,10612380,174168,3446432,36708.786,22106.055,0,3.979,0,0.995,7124,7074,2.600,2.120,1.830,6,0,0,0,0,13,40,0,9,3
05-08 23:33:48,60.703,11.491,24.731,0,0,2089612,10557780,174168,3446600,45315.726,30904.943,0,15.988,0,0.999,7225,7998,2.600,2.120,1.830,2,0,1.998,0,0,13,43,0,9,3
05-08 23:33:49,77.178,16.341,6.033,0,0,2068828,10578416,174248,3446668,26567.383,17685.108,0,607.369,0,34.190,7687,9030,2.600,2.120,1.830,4,0,50.279,0,0,13,40,0,12,3
05-08 23:33:50,57.167,23.364,17.647,0,0,1872848,10774288,174336,3446688,35628.176,20205.141,0,3034.301,0,432.477,8261,8185,2.600,2.120,1.830,5,0,139.188,0,0,13,38,0,14,3
05-08 23:33:51,23.249,21.749,52.998,0,0,1736856,10910220,174384,3446692,61549.060,32604.973,0,1687.947,0,24.999,6503,5654,2.640,2.130,1.840,2,0,121.996,0,0,13,37,0,15,3
05-08 23:33:52,25.685,8.229,64.835,0,0,1726108,10920952,174400,3446692,44048.161,22706.348,0,167.575,0,8.977,5479,4640,2.640,2.130,1.840,2,0,0,0,0,13,37,0,13,3
05-08 23:33:53,26.819,6.266,64.917,0,0,1746220,10900784,174456,3446692,29739.666,15249.311,0,673.737,0,36.093,5390,4447,2.640,2.130,1.840,2,0,0,0,0,13,37,0,13,3
05-08 23:33:54,18.007,5.252,75.529,0,0,1741532,10905456,174468,3446696,18816.151,11366.320,0,44.017,0,3.001,5293,4855,2.640,2.130,1.840,2,0,2.001,0,0,13,38,0,13,3
05-08 23:33:55,20.720,3.994,72.393,0,0,1734528,10912456,174468,3446700,17207.670,9897.431,0,0,0,0,5452,5054,2.640,2.130,1.840,2,0,0,0,0,13,38,0,13,3
05-08 23:33:56,24.800,10.271,64.881,0,0,1683100,10963812,174524,3446712,16180.584,8326.768,0,244.492,0,23.046,6103,5422,2.590,2.130,1.840,3,0,53.107,0,0,13,37,0,14,3
05-08 23:33:57,24.029,11.263,62.825,0,0,1698660,10948220,174540,3446712,55012.387,460120.893,0,112.133,0,6.007,5830,4995,2.590,2.130,1.840,2,0,18.021,0,0,13,37,0,14,3
05-08 23:33:58,26.331,5.962,64.338,0,0,1734336,10912504,174580,3446712,34381.686,137389.621,0,381.555,0,22.854,5403,4456,2.590,2.130,1.840,3,0,0.994,0,0,13,37,0,14,3
05-08 23:33:59,18.585,5.023,74.844,0,0,1728916,10917780,174588,3446848,33534.986,18581.322,0,2121.743,0,261.199,5697,4828,2.590,2.130,1.840,3,0,0,0,0,13,38,0,14,3
05-08 23:34:00,19.768,4.754,72.816,0,0,1724072,10922620,174588,3446852,16435.842,9512.590,0,0,0,0,5203,4873,2.590,2.130,1.840,0,0,2.002,0,0,13,38,0,14,3
05-08 23:34:01,24.069,8.933,65.011,0,0,1676932,10969668,174668,3446876,16578.206,8385.874,0,369.221,0,30.768,5696,5378,2.380,2.090,1.830,3,0,35.731,0,0,13,37,0,15,3
05-08 23:34:02,11.672,26.896,59.628,0,0,1671100,10975484,174684,3446876,31115.940,17643.666,0,178.629,0,8.119,6369,5246,2.380,2.090,1.830,3,0,159.345,0,0,13,37,0,15,3
05-08 23:34:03,11.426,26.329,58.619,0,0,1658148,10988352,174756,3446872,61292.271,32991.379,0,886.235,0,41.729,6540,5512,2.380,2.090,1.830,1,0,175.856,0,0,13,37,0,15,3
05-08 23:34:04,12.393,27.265,57.256,0,0,1645060,11001372,174788,3446904,60898.179,32473.609,0,436.233,0,18.837,6755,5669,2.380,2.090,1.830,6,0,157.639,0,0,13,37,0,15,3
05-08 23:34:05,24.144,44.767,28.671,0,0,1663696,10982716,174796,3446916,45393.936,23961.013,0,80.480,0,8.048,6750,5735,2.380,2.090,1.830,5,0,241.441,0,0,13,37,0,15,3
05-08 23:34:06,56.913,40.041,2.518,0,0,1738568,10907824,174796,3446936,60927.123,31309.198,0,24.175,0,6.044,6391,5829,2.430,2.110,1.840,7,0,254.849,0,0,13,37,0,15,3
05-08 23:34:07,78.125,20.966,0.499,0,0,1880692,10765696,174796,3446940,47585.892,27717.669,0,0,0,0,6467,5595,2.430,2.110,1.840,4,0,20.966,0,0,13,38,0,15,3
05-08 23:34:08,79.523,13.960,4.238,0,0,1988480,10657892,174796,3446952,36840.009,21656.281,0,0,0,0,6134,5191,2.430,2.110,1.840,4,0,0,0,0,13,40,0,15,3
05-08 23:34:09,64.247,10.585,22.893,0,0,2008324,10638012,174796,3446984,27168.923,19154.027,0,43.324,0,2.954,6862,6349,2.430,2.110,1.840,7,0,1.969,0,0,13,42,0,15,3
05-08 23:34:10,78.697,12.359,8.576,0,0,2011276,10634988,174836,3447012,26670.109,18437.224,0,1803.970,0,325.885,7459,7561,2.430,2.110,1.840,4,0,0,0,0,13,41,0,15,3
05-08 23:34:11,66.023,17.202,15.431,0,0,1991172,10654684,174980,3447272,39105.099,584917.043,0,542.353,0,58.687,8606,9339,2.550,2.140,1.850,5,0,31.367,0,0,13,39,0,16,3
05-08 23:34:12,66.338,29.179,2.743,0,0,1829280,10816496,175060,3447268,51770.479,28602.100,0,494.791,0,37.907,7596,8353,2.550,2.140,1.850,8,0,218.466,0,0,13,37,0,16,3
05-08 23:34:13,75.597,24.613,0,0,0,1866504,10779224,175076,3447300,45140.003,22933.167,0,200.921,0,9.041,6729,6408,2.550,2.140,1.850,6,0,63.290,0,0,13,37,0,16,3
05-08 23:34:14,77.711,20.230,0.740,0,0,2000472,10644976,175340,3450876,33250.597,18737.568,0,2767.018,0,151.969,7283,14456,2.550,2.140,1.850,7,0,35.525,0,0,13,38,0,17,3
05-08 23:34:15,73.577,14.015,11.512,0,0,2072516,10572916,175340,3447316,38154.696,23373.318,0,0,0,0,6284,5705,2.550,2.140,1.850,6,0,2.002,0,0,13,41,0,17,3
05-08 23:34:16,74.095,15.019,10.263,0,0,2091124,10554268,175340,3447356,34327.806,25968.138,0,4.005,0,1.001,7607,8193,2.830,2.200,1.870,7,0,1.001,0,0,13,43,0,17,3
05-08 23:34:17,63.538,16.260,18.261,0,0,2053080,10592132,175340,3447536,33517.022,25676.338,0,8.005,0,2.001,8658,10568,2.830,2.200,1.870,2,0,50.030,0,0,13,42,0,17,3
05-08 23:34:18,66.754,11.839,18.893,0,0,1958272,10686808,175420,3447580,44574.243,27763.432,0,358.706,0,31.236,8400,8982,2.830,2.200,1.870,7,0,22.167,0,0,13,38,0,20,3
05-08 23:34:19,64.251,32.001,3.250,0,0,1705200,10939848,175436,3447592,63854.098,34112.587,0,204.004,0,12.000,6987,6745,2.830,2.200,1.870,4,0,227.004,0,0,13,37,0,21,3
05-08 23:34:20,49.566,10.013,40.303,0,0,1776724,10868324,175436,3447592,44790.231,22732.061,0,4.005,0,1.001,5616,3916,2.830,2.200,1.870,2,0,1.001,0,0,13,37,0,21,3
05-08 23:34:21,32.347,6.420,58.768,0.247,0,1800936,10844008,175524,3447608,35207.684,20515.592,0,3804.634,0,485.950,6567,5096,2.840,2.220,1.880,2,0,1.975,0,0,13,39,0,20,3
05-08 23:34:22,43.474,8.341,49.287,0,0,1797392,10847528,175540,3447616,33057.463,19726.096,0,56.617,0,7.077,5540,4796,2.840,2.220,1.880,1,0,0,0,0,13,39,0,20,3
05-08 23:34:23,36.337,8.462,53.510,0.249,0,1737320,10907372,175612,3447768,21132.387,12662.309,0,310.609,0,29.866,6855,6778,2.840,2.220,1.880,1,0,20.906,0,0,13,38,0,21,3
05-08 23:34:24,34.784,34.534,28.528,0,0,1744472,10900172,175636,3447788,52375.678,27389.024,0,240.237,0,13.013,7187,6517,2.840,2.220,1.880,7,0,197.195,0,0,13,37,0,22,3
05-08 23:34:25,51.175,37.127,12.041,0,0,1730380,10914232,175652,3447800,57930.193,578366.734,0,172.590,0,9.031,6818,5873,2.840,2.220,1.880,5,0,163.560,0,0,13,37,0,22,3
05-08 23:34:26,63.722,12.149,24.794,0,0,1820532,10824028,175700,3447804,45186.404,23794.741,0,519.692,0,26.778,6040,4217,2.940,2.250,1.890,4,0,0.992,0,0,13,38,0,22,3
05-08 23:34:27,48.067,9.215,42.837,0,0,1856748,10787768,175732,3447816,22299.246,15718.259,0,131.500,0,11.955,6027,5033,2.940,2.250,1.890,1,0,1.992,0,0,13,40,0,22,3
05-08 23:34:28,53.351,9.060,36.993,0,0,1856728,10787768,175732,3447836,39198.540,23302.098,0,4.026,0,1.007,7177,6803,2.940,2.250,1.890,4,0,0,0,0,13,40,0,22,3
05-08 23:34:29,51.677,6.708,40.249,0,0,1856820,10787544,175820,3447872,24923.337,16687.774,0,302.113,0,35.777,7947,8192,2.940,2.250,1.890,3,0,0,0,0,13,38,0,21,3
05-08 23:34:30,47.175,36.887,14.554,0,0,1701096,10943184,175876,3447896,16143.900,9273.408,0,337.251,0,27.101,6976,6403,2.940,2.250,1.890,4,0,233.868,0,0,13,37,0,21,3
05-08 23:34:31,73.667,26.238,0.505,0,0,1794320,10849944,175892,3447896,45246.739,23523.017,0,149.352,0,7.064,6444,5531,3.020,2.280,1.900,5,0,27.247,0,0,13,37,0,21,3
05-08 23:34:32,77.147,13.395,8.682,0,0,1921712,10722484,175956,3447900,31734.042,17057.718,0,666.790,0,35.721,6306,4809,3.020,2.280,1.900,4,0,0,0,0,13,38,1,21,3
05-08 23:34:33,56.119,11.524,32.068,0,0,1939324,10704676,176004,3448048,42270.470,28263.824,0,136.288,0,18.038,6749,6378,3.020,2.280,1.900,5,0,4.008,0,0,13,45,0,20,3
05-08 23:34:34,58.129,9.730,30.437,0,0,1941296,10702660,176004,3448088,28484.685,20233.866,0,183.618,0,33.929,7991,8554,3.020,2.280,1.900,2,0,0,0,0,13,45,0,20,3
05-08 23:34:35,62.904,11.392,21.793,0,0,1911816,10732040,176100,3448092,26807.962,17090.051,0,408.132,0,37.643,8195,8356,3.020,2.280,1.900,4,0,32.690,0,0,13,43,0,22,3
05-08 23:34:36,45.476,41.204,12.060,0,0,1726792,10916972,176124,3448156,32204.779,18329.941,0,233.157,0,15.075,7019,6668,3.020,2.290,1.910,5,0,277.376,0,0,13,41,0,23,3
05-08 23:34:37,64.466,20.983,15.927,0,0,1783512,10860232,176140,3448156,60184.888,31374.695,0,2871.918,0,458.091,6740,4691,3.020,2.290,1.910,3,0,18.202,0,0,13,41,0,23,3
05-08 23:34:38,63.862,11.182,25.098,0,0,1864284,10779392,176204,3448160,30828.824,17644.870,0,652.041,0,33.795,6019,4230,3.020,2.290,1.910,0,0,0,0,0,13,43,1,22,3
05-08 23:34:39,48.878,9.776,41.609,0,0,1864744,10778916,176212,3448168,39760.527,24213.656,0,32.084,0,3.008,6420,5282,3.020,2.290,1.910,3,0,2.005,0,0,13,44,0,22,3
05-08 23:34:40,45.300,6.931,44.557,0,0,1864580,10778916,176276,3448264,24489.781,17267.508,0,229.719,0,27.725,8050,8426,3.020,2.290,1.910,3,0,0,0,0,13,43,0,23,3
05-08 23:34:41,45.696,23.099,29.125,0,0,1824044,10819208,176324,3448440,51945.097,585593.041,0,313.346,0,23.099,8209,8316,3.020,2.300,1.910,7,0,114.492,0,0,13,41,0,23,4
05-08 23:34:42,55.256,36.670,7.535,0,0,1702564,10940668,176340,3448444,61037.541,31927.793,0,196.911,0,9.042,6535,6269,3.020,2.300,1.910,3,0,187.870,0,0,13,41,0,24,3
05-08 23:34:43,67.995,16.749,15.999,0,0,1798760,10844416,176356,3448444,29870.850,14590.950,0,135.990,0,6.000,6240,4541,3.020,2.300,1.910,4,0,6.000,0,0,13,41,0,24,3
05-08 23:34:44,41.298,8.210,49.259,0,0,1863244,10779744,176404,3448584,36571.276,23001.591,0,616.985,0,30.849,5962,5053,3.020,2.300,1.910,4,0,0,0,0,13,44,0,24,3
05-08 23:34:45,54.722,11.296,34.389,0,0,1863232,10779744,176404,3448596,23992.174,15295.952,0,8.033,0,2.008,6448,5719,3.020,2.300,1.910,3,0,2.008,0,0,13,44,0,24,3
05-08 23:34:46,47.946,11.737,36.709,0,0,1810128,10832748,176468,3448628,40662.560,24737.356,0,267.701,0,25.971,8234,8484,3.100,2.330,1.930,4,0,32.963,0,0,13,42,0,25,3
05-08 23:34:47,47.281,38.981,13.078,0,0,1761012,10881832,176484,3448644,49969.533,27768.788,0,164.979,0,10.060,6912,6754,3.100,2.330,1.930,5,0,206.224,0,0,13,41,0,26,3
05-08 23:34:48,64.781,23.670,11.710,0,0,1790012,10852812,176500,3448644,59495.892,31172.630,0,151.488,0,7.973,6346,5236,3.100,2.330,1.930,3,0,51.825,0,0,13,41,0,26,3
05-08 23:34:49,48.481,8.996,42.983,0,0,1866384,10776272,176524,3448784,36417.639,22550.108,0,295.883,0,12.995,5816,4477,3.100,2.330,1.930,3,0,0,0,0,13,44,0,26,3
05-08 23:34:50,57.853,10.061,32.700,0,0,1867104,10775516,176548,3448796,36479.617,21670.243,0,108.663,0,10.061,6855,6218,3.100,2.330,1.930,1,0,0,0,0,13,44,0,23,3
05-08 23:34:51,46.326,6.441,43.353,0,0,1866960,10775516,176644,3448840,26121.861,17159.905,0,352.770,0,38.646,8062,8726,3.090,2.340,1.930,3,0,1.982,0,0,13,42,0,24,3
05-08 23:34:52,49.457,27.976,20.482,0,0,1712228,10930212,176664,3448856,32411.983,17739.666,3.997,3213.222,0.999,473.591,7375,5576,3.090,2.340,1.930,5,0,111.903,0,0,13,41,0,25,3
05-08 23:34:53,67.045,17.643,18.148,0,0,1778708,10863684,176704,3448864,45214.568,22297.264,0,185.508,0,17.139,6352,4673,3.090,2.340,1.930,3,0,0,0,0,13,41,0,25,3
05-08 23:34:54,51.891,10.924,34.760,0,0,1855940,10786388,176760,3448872,44712.690,447265.936,0,587.933,0,32.773,6122,4851,3.090,2.340,1.930,3,0,1.986,0,0,13,43,1,22,3
05-08 23:34:55,48.684,10.929,38.749,0,0,1858668,10783644,176760,3448888,30285.637,146216.971,0,23.845,0,1.987,6451,5616,3.090,2.340,1.930,4,0,0.994,0,0,13,44,0,22,3
05-08 23:34:56,46.894,6.807,43.868,0,0,1858472,10783644,176796,3449044,25462.878,16921.131,0,149.254,0,14.119,7822,8058,2.920,2.320,1.930,3,0,1.008,0,0,13,42,0,24,3
05-08 23:34:57,41.598,26.219,31.009,0,0,1752588,10889452,176844,3449064,17937.958,10094.387,0,250.091,0,22.185,6964,6189,2.920,2.320,1.930,4,0,144.206,0,0,13,41,0,24,3
05-08 23:34:58,46.765,42.013,10.253,0,0,1716916,10925084,176864,3449080,46354.528,25089.864,0,180.056,0,14.004,6666,5931,2.920,2.320,1.930,5,0,224.070,0,0,13,41,0,23,3
05-08 23:34:59,70.465,28.385,0,0,0,1852360,10789576,176904,3449104,60635.032,32391.139,0,517.908,0,30.875,6975,6598,2.920,2.320,1.930,7,0,187.244,0,0,13,41,1,23,3
05-08 23:35:00,67.378,31.059,0.501,0,0,1968672,10673244,176912,3449116,52783.171,31493.768,0,72.137,0,5.010,6970,6845,2.920,2.320,1.930,7,0,173.329,0,0,13,43,0,23,3
05-08 23:35:01,70.994,26.156,2.242,0,0,2050296,10591588,176912,3449144,71819.600,48435.061,0,0,0,0,7184,7302,3.250,2.400,1.950,7,0,190.313,0,0,13,45,0,23,3
05-08 23:35:02,69.646,27.057,2.756,0,0,2071684,10570132,176944,3449176,76369.125,49067.882,0,180.378,0,13.027,7988,8849,3.250,2.400,1.950,6,0,169.355,0,0,13,46,0,22,3
05-08 23:35:03,62.222,32.604,3.236,0,0,2066512,10575044,177032,3449348,65350.734,45861.893,0,426.094,0,35.840,8098,9267,3.250,2.400,1.950,7,0,249.882,0,0,13,44,0,23,3
05-08 23:35:04,63.231,32.979,2.976,0,0,1982896,10658496,177080,3449464,73383.820,46340.733,0,309.461,0,21.821,7965,8542,3.250,2.400,1.950,8,0,220.193,0,0,13,42,0,23,3
05-08 23:35:05,69.730,30.174,0,0,0,1867824,10773512,177128,3449472,75810.846,578580.421,0,478.731,0,55.784,7449,7367,3.250,2.400,1.950,5,0,217.052,0,0,13,42,0,23,3
05-08 23:35:06,74.981,24.494,0,0,0,1941212,10700100,177144,3449480,49356.404,28042.843,0,171.956,0,7.998,6842,6434,3.390,2.440,1.970,5,0,91.977,0,0,13,43,0,23,3
05-08 23:35:07,75.434,13.444,10.207,0,0,2002404,10638864,177160,3449504,53741.053,31861.635,0,115.516,0,6.971,6817,6392,3.390,2.440,1.970,3,0,0,0,0,13,45,0,23,3
05-08 23:35:08,68.269,12.504,18.005,0,0,2012532,10628560,177176,3449664,46289.039,30039.461,0,108.030,0,7.002,7671,7723,3.390,2.440,1.970,8,0,0,0,0,13,45,0,24,3
05-08 23:35:09,55.108,25.435,16.956,0,0,1987972,10653064,177192,3449700,58192.317,37183.356,0,219.436,0,11.969,8003,9114,3.390,2.440,1.970,4,0,131.661,0,0,13,44,0,25,3
05-08 23:35:10,57.241,18.578,21.842,0,0,1902428,10738568,177192,3449740,68942.687,38209.103,0,56.237,0,4.017,7944,8834,3.390,2.440,1.970,6,0,75.318,0,0,13,42,0,27,3
05-08 23:35:11,40.718,36.746,20.607,0,0,1684344,10956640,177192,3449752,52338.861,31999.591,0,23.835,0,3.973,6957,6355,3.440,2.470,1.980,5,0,243.316,0,0,13,41,0,28,3
05-08 23:35:12,10.280,30.591,56.919,0,0,1672588,10968400,177192,3449748,61308.668,34660.705,0,4.012,0,1.003,6660,5535,3.440,2.470,1.980,2,0,189.562,0,0,13,41,0,28,3
05-08 23:35:13,11.477,31.685,53.391,0,0,1656396,10984488,177272,3449764,60514.562,31825.083,0,830.306,0,43.910,7018,6120,3.440,2.470,1.980,6,0,191.609,0,0,13,41,0,28,3
05-08 23:35:14,28.759,41.121,28.507,0,0,1661852,10979016,177280,3449772,60157.514,585025.897,0,68.619,0,6.055,7323,6311,3.440,2.470,1.980,4,0,225.029,0,0,13,41,0,27,3
05-08 23:35:15,50.470,45.723,2.998,0,0,1734272,10906580,177280,3449788,60716.232,32089.096,0,27.984,0,6.996,7086,18430,3.440,2.470,1.980,6,0,382.775,0,0,13,41,0,28,3
05-08 23:35:16,63.083,29.921,5.735,0,0,1850448,10790388,177280,3449800,62953.428,34749.055,0,3.989,0,0.997,6388,6041,3.640,2.530,2,5,0,206.454,0,0,13,42,0,28,3
05-08 23:35:17,69.643,12.101,17.781,0,0,1927400,10713300,177280,3449936,51073.221,29287.433,0,3.951,0,0.988,6476,5143,3.640,2.530,2,3,0,0,0,0,13,44,0,28,3
05-08 23:35:18,56.776,11.013,29.367,0,0,1941456,10699188,177304,3449968,41444.567,26217.814,0,2310.198,0,212.421,7901,7435,3.640,2.530,2,11,0,1.958,0,0,13,44,0,24,4
05-08 23:35:19,59.173,18.031,22.349,0,0,1923752,10716836,177352,3449992,22852.486,14968.501,0,2612.758,0,452.052,7955,7458,3.640,2.530,2,6,0,68.062,0,0,13,43,0,26,3
05-08 23:35:20,58.668,30.864,10.713,0,0,1825652,10814812,177448,3450016,19470.561,10836.704,0,399.961,0,38.772,7255,7306,3.640,2.530,2,6,0,127.539,0,0,13,41,0,28,3
05-08 23:35:21,69.276,25.259,5.002,0,0,1832440,10808008,177464,3450016,16488.083,9241.409,0,184.068,0,9.003,6331,5546,3.670,2.550,2.010,3,0,78.029,0,0,13,42,0,28,3
05-08 23:35:22,73.350,14.173,12.184,0,0,1916328,10723880,177688,3450024,19650.916,11925.017,0,2351.188,0,130.290,6619,5894,3.670,2.550,2.010,3,0,0,0,0,13,44,0,28,3
05-08 23:35:23,57.044,11.308,30.909,0,0,1933896,10706268,177704,3450052,27811.119,19503.366,0,60.310,0,7.036,7254,6755,3.670,2.550,2.010,4,0,0,0,0,13,45,0,26,3
05-08 23:35:24,56.475,11.693,29.108,0,0,1934476,10705512,177704,3450224,13613.812,13053.536,0,1588.278,0,219.931,9016,9178,3.670,2.550,2.010,4,0,1.990,0,0,13,45,0,26,3
05-08 23:35:25,49.560,8.966,37.606,0,0,1934432,10705512,177704,3450268,28966.036,19665.664,0,0,0,0,9049,9837,3.670,2.550,2.010,4,0,0,0,0,13,45,0,26,3
05-08 23:35:26,52.996,8.499,36.747,0,0,1934728,10705008,177740,3450432,27245.998,18971.606,0,191.986,0,12.999,8858,9480,3.780,2.590,2.030,5,0,1.000,0,0,13,44,0,26,3
05-08 23:35:27,58.410,16.225,23.963,0,0,1887796,10751884,177740,3450484,11747.986,11576.249,0,11.982,0,0.998,8584,9231,3.780,2.590,2.030,6,0,31.951,0,0,13,44,0,24,3
05-08 23:35:28,71.898,15.190,12.658,0.253,0,1806028,10833532,177844,3450500,7881.396,6741.161,0,421.259,0,44.556,7426,7766,3.780,2.590,2.030,6,0,44.556,0,0,13,42,0,24,3
05-08 23:35:29,67.404,21.390,9.700,0,0,1810476,10829020,177868,3450536,17649.496,10240.488,0,147.245,0,9.949,6576,5689,3.780,2.590,2.030,5,0,45.765,0,0,13,42,0,24,3
05-08 23:35:30,72.821,13.375,12.880,0,0,1930380,10709096,177884,3450540,4607.020,5495.730,0,114.928,0,6.935,6075,4835,3.780,2.590,2.030,2,0,1.982,0,0,13,44,0,24,3
05-08 23:35:31,59.545,11.710,27.405,0,0,1950344,10688964,177900,3450692,28990.002,19702.040,0,151.477,0,7.972,7282,7067,3.640,2.580,2.030,4,0,0,0,0,13,45,0,23,3
05-08 23:35:32,52.854,9.564,36.243,0,0,1950296,10688964,177900,3450740,13178.272,13058.470,0,12.081,0,1.007,8190,8867,3.640,2.580,2.030,3,0,0,0,0,13,45,0,23,3
05-08 23:35:33,51.751,10.000,37.001,0,0,1950208,10688964,177932,3450788,13956.251,12936.233,0,120.002,0,12.000,9052,9989,3.640,2.580,2.030,3,0,2.000,0,0,13,45,0,23,3
05-08 23:35:34,55.594,8.514,32.555,0,0,1950024,10688964,177932,3450968,14732.824,13598.914,0,8.014,0,2.003,9191,9788,3.640,2.580,2.030,2,0,0,0,0,13,44,0,24,3
05-08 23:35:35,51.777,19.167,24.395,0,0,1895296,10743652,177932,3451008,26479.839,17970.525,0,3.983,0,0.996,8308,8932,3.640,2.580,2.030,3,0,70.695,0,0,13,44,0,23,3
05-08 23:35:36,66.442,21.474,12.126,0,0,1787324,10851596,177932,3451036,8199.413,6645.223,0,161.684,0,29.305,7229,6837,3.590,2.590,2.040,6,0,102.063,0,0,13,41,0,26,3
05-08 23:35:37,64.748,29.614,5.270,0,0,1795660,10843260,177932,3451036,2485.530,1816.966,0,8.031,0,1.004,6028,5057,3.590,2.590,2.040,3,0,122.470,0,0,13,42,0,26,3
05-08 23:35:38,77.771,17.005,4.501,0,0,1910988,10727872,177972,3451052,17830.759,10090.693,0,212.057,0,17.005,6451,5232,3.590,2.590,2.040,6,0,0,0,0,13,42,0,26,3
05-08 23:35:39,50.667,10.432,37.255,0,0,1940232,10698456,177988,3451204,15650.282,14682.633,0,111.270,0,6.954,7467,7191,3.590,2.590,2.040,4,0,1.987,0,0,13,45,0,24,3
05-08 23:35:40,60.799,9.926,27.297,0,0,1941440,10697196,178004,3451240,10715.497,10174.511,0,115.146,0,7.941,7710,8118,3.590,2.590,2.040,2,0,0,0,0,13,45,0,24,3
05-08 23:35:41,61.870,8.448,27.581,0,0,1925304,10713268,178020,3451284,11698.227,10692.398,0,147.097,0,7.951,8191,8523,3.460,2.580,2.040,4,0,0,0,0,13,43,0,26,3
05-08 23:35:42,57.740,26.844,14.435,0,0,1867176,10771244,178020,3451436,8171.773,6840.707,0,4.052,0,1.013,7300,7514,3.460,2.580,2.040,3,0,70.909,0,0,13,43,0,26,3
05-08 23:35:43,72.292,16.664,8.332,0,0,1851256,10787088,178068,3451452,19365.356,11200.069,0,239.175,0,19.605,6814,6543,3.460,2.580,2.040,4,0,35.288,0,0,13,42,0,24,3
05-08 23:35:44,64.026,18.293,18.293,0,0,1857792,10780488,178116,3451468,8588.641,8190.257,0,5857.878,0,716.482,7527,6246,3.460,2.580,2.040,6,0,30.489,0,0,13,43,0,24,3
05-08 23:35:45,67.386,13.829,19.864,0,0,1918524,10719680,178164,3451492,6855.316,6400.708,0,164.946,0,20.115,6314,5713,3.460,2.580,2.040,3,0,2.012,0,0,13,43,0,25,3
05-08 23:35:46,64.658,24.215,10.235,0,0,1840324,10797820,178212,3451504,5050.795,5083.748,0,251.641,0,21.969,6946,6749,3.500,2.600,2.050,3,0,95.863,0,0,13,43,0,26,3
05-08 23:35:47,67.271,19.006,13.504,0,0,1913432,10724680,178228,3451520,7961.437,6116.872,0,124.038,0,8.002,6874,6161,3.500,2.600,2.050,6,0,25.008,0,0,13,43,0,24,3
05-08 23:35:48,59.571,11.562,29.157,0,0,1969892,10667796,178244,3451928,9884.343,9905.457,0,136.738,0,8.043,6781,6702,3.500,2.600,2.050,5,0,2.011,0,0,13,45,0,24,3
05-08 23:35:49,54.381,10.827,32.973,0,0,1966424,10670944,178260,3452228,29211.289,21281.976,0,114.176,0,6.890,7576,7653,3.500,2.600,2.050,3,0,0,0,0,13,45,0,24,3
05-08 23:35:50,56.363,9.902,32.498,0,0,1963220,10674080,178276,3452272,13385.993,12469.965,0,113.742,0,7.109,8539,9180,3.500,2.600,2.050,2,0,0,0,0,13,44,0,25,3
05-08 23:35:51,57.193,17.996,21.447,0,0,1947036,10690216,178292,3452304,11775.863,9460.529,0,134.108,0,8.875,8060,8450,3.700,2.660,2.070,6,0,60.151,0,0,13,43,0,25,3
05-08 23:35:52,64.981,32.237,3.046,0,0,1790540,10846692,178292,3452324,2988.101,2060.094,0,8.123,0,2.031,6329,5827,3.700,2.660,2.070,4,0,161.437,0,0,13,41,0,27,3
05-08 23:35:53,73.486,17.875,7.944,0,0,1887940,10749292,178292,3452324,2435.948,2114.200,0,15.889,0,1.986,6292,4866,3.700,2.660,2.070,3,0,8.937,0,0,13,42,0,27,3
05-08 23:35:54,63.085,12.915,23.595,0,0,1940920,10696148,178316,3452464,10620.198,9368.426,0,1108.713,0,17.882,6391,5477,3.700,2.660,2.070,3,0,1.987,0,0,13,45,0,27,3
05-08 23:35:55,63.738,11.635,24.534,0,0,1940784,10696148,178348,3452568,28073.862,19924.561,0,149.733,0,12.140,7610,7604,3.700,2.660,2.070,2,0,0,0,0,13,44,0,26,3
05-08 23:35:56,53.700,14.467,28.934,0,0,1917448,10719420,178364,3452608,11373.554,10383.910,0,113.775,0,6.866,7536,8139,3.730,2.680,2.080,2,0,34.329,0,0,13,44,0,26,3
05-08 23:35:57,73.692,20.214,7.676,0,0,1805636,10831128,178452,3452620,4681.511,3188.218,0,323.428,0,35.823,7219,7305,3.730,2.680,2.080,4,0,124.868,0,0,13,41,0,29,3
05-08 23:35:58,54.251,19.481,25.893,0,0,1847596,10789144,178452,3452628,2566.586,2165.125,0,7.891,0,1.973,5969,5060,3.730,2.680,2.080,3,0,51.292,0,0,13,42,0,29,3
05-08 23:35:59,51.801,10.010,38.538,0,0,1912160,10724520,178508,3452632,6621.545,7173.090,0,772.764,0,39.039,5834,4477,3.730,2.680,2.080,1,0,0,0,0,13,44,0,27,3
05-08 23:36:00,54.107,17.785,26.803,0,0,1837184,10799448,178540,3452648,7422.630,6371.558,0,96.190,0,12.024,6889,5839,3.730,2.680,2.080,6,0,55.109,0,0,13,43,0,28,3
05-08 23:36:01,50.474,12.371,35.381,0,0,1820188,10816188,178604,3452836,5512.573,4486.265,0,281.072,0,25.732,7368,7149,3.590,2.670,2.080,4,0,12.866,0,0,13,42,0,29,3
05-08 23:36:02,51.316,26.807,23.488,0,0,1797088,10839264,178620,3452844,1951.536,2341.639,0,126.630,0,8.170,6534,5275,3.590,2.670,2.080,2,0,111.312,0,0,13,42,0,30,3
05-08 23:36:03,54.453,19.306,25.247,0,0,1808924,10827424,178620,3452848,19137.842,11125.294,0,0,0,0,6380,4932,3.590,2.670,2.080,5,0,42.573,0,0,13,42,0,30,3
05-08 23:36:04,51.071,11.015,36.801,0,0,1856144,10780144,178620,3452904,67440.264,603435.449,0,4.006,0,1.001,6832,6295,3.590,2.670,2.080,3,0,1.001,0,0,13,43,0,29,3
05-08 23:36:05,52.365,9.476,38.151,0,0,1864184,10772080,178620,3452924,38882.543,23579.081,0,4368.713,0,623.389,7422,6504,3.590,2.670,2.080,5,0,0,0,0,13,43,0,30,3
05-08 23:36:06,44.957,18.132,35.021,0,0,1814840,10821220,178636,3453108,21708.313,13534.661,0,143.066,0,6.955,7165,7424,3.460,2.660,2.080,4,0,45.702,0,0,13,43,0,30,3
05-08 23:36:07,59.729,17.716,23.790,0,0,1798180,10837852,178652,3453120,18488.760,10379.744,0,125.533,0,7.087,6543,5508,3.460,2.660,2.080,4,0,60.742,0,0,13,41,0,32,3
05-08 23:36:08,37.199,20.223,42.193,0,0,1831932,10804076,178668,3453128,20662.948,11956.768,0,179.756,0,8.988,6227,5343,3.460,2.660,2.080,2,0,68.906,0,0,13,42,0,32,3
05-08 23:36:09,36.729,7.445,54.598,0,0,1851400,10784584,178684,3453136,48656.605,26510.727,0,166.772,0,7.942,6044,5144,3.460,2.660,2.080,5,0,1.985,0,0,13,43,0,32,3
05-08 23:36:10,35.520,6.754,56.031,0.250,0,1835724,10800220,178700,3453156,37882.887,21956.106,0,136.075,0,9.005,6776,6524,3.460,2.660,2.080,3,0,0,0,0,13,43,0,32,3
05-08 23:36:11,36.038,12.513,49.803,0,0,1782100,10853624,178772,3453304,34526.675,19584.804,0,292.311,0,30.032,7460,7340,3.260,2.630,2.070,3,0,45.048,0,0,13,42,0,33,3
05-08 23:36:12,40.765,13.420,48.361,0,0,1782404,10853240,178836,3453320,19521.812,9990.306,0,445.634,0,56.717,6768,5937,3.260,2.630,2.070,2,0,24.307,0,0,13,41,0,29,3
05-08 23:36:13,35.979,19.988,41.975,0,0,1800180,10835444,178852,3453320,14951.083,7527.510,0,155.907,0,7.995,5890,4702,3.260,2.630,2.070,1,0,67.959,0,0,13,41,1,29,3
05-08 23:36:14,35.672,8.918,53.508,0,0,1832448,10803112,178908,3453328,19591.921,12183.020,0,733.260,0,37.654,5083,4380,3.260,2.630,2.070,4,0,0,0,0,13,42,0,29,3
05-08 23:36:15,41.048,13.683,43.784,0,0,1849708,10785820,178924,3456028,20867.223,12542.226,0,2022.041,0,356.245,6859,10913,3.260,2.630,2.070,8,0,35.824,0,0,13,43,0,29,3
05-08 23:36:16,40.260,14.846,42.525,0,0,1779768,10855752,178932,3453344,4672.230,4057.251,0,76.495,0,5.033,6511,8642,3.560,2.700,2.100,2,0,37.241,0,0,13,42,0,30,3
05-08 23:36:17,43.440,10.236,47.684,0,0,1815680,10819772,178940,3453400,18735.145,10764.145,0,55.923,0,6.990,6077,5706,3.560,2.700,2.100,2,0,0,0,0,13,41,0,31,3
05-08 23:36:18,28.745,20.172,50.683,0,0,1753204,10882236,178940,3453412,2678.861,2213.893,0,8.069,0,2.017,6216,5027,3.560,2.700,2.100,2,0,106.912,0,0,13,42,0,31,3
05-08 23:36:19,42.080,9.351,48.478,0,0,1796536,10838884,178956,3453412,17932.446,10561.815,0,224.426,0,8.859,6251,4993,3.560,2.700,2.100,2,0,0,0,0,13,42,0,31,3
05-08 23:36:20,39.709,15.079,44.987,0,0,1758688,10876696,178980,3453424,1430.529,1356.138,0,896.720,0,151.799,6145,4945,3.560,2.700,2.100,2,0,58.307,0,0,13,42,0,29,3
05-08 23:36:21,39.783,11.510,49.791,0,0,1786780,10848596,178980,3453432,19900.437,11575.561,0,8.007,0,1.001,5433,4454,3.440,2.690,2.100,6,0,4.003,0,0,13,42,0,29,3
05-08 23:36:22,35.372,7.275,55.692,0,0,1819136,10816096,178980,3453576,6463.301,6298.734,0,36.125,0,5.017,5913,5594,3.440,2.690,2.100,1,0,0,0,0,13,43,0,29,3
05-08 23:36:23,37.902,7.481,53.361,0,0,1735604,10899456,179012,3453712,6506.096,4186.124,0,139.637,0,11.969,6360,5584,3.440,2.690,2.100,2,0,4.987,0,0,13,42,0,30,3
05-08 23:36:24,39.156,9.727,49.631,0,0,1760768,10874284,179012,3453720,20066.781,10477.822,0,3.990,0,0.998,6099,5693,3.440,2.690,2.100,2,0,1.995,0,0,13,42,0,29,3
05-08 23:36:25,37.455,6.074,56.942,0,0,1792492,10842544,179012,3453736,5787.350,5468.474,0,469.710,0,1.012,5645,4952,3.440,2.690,2.100,1,0,0,0,0,13,42,0,30,3
05-08 23:36:26,35.737,16.379,46.408,0,0,1744104,10890928,179012,3453740,4678.552,3589.570,0,3.971,0,0.993,5870,4964,3.240,2.660,2.090,5,0,43.678,0,0,13,42,0,30,3
05-08 23:36:27,40.278,7.755,52.537,0,0,1789928,10845092,179012,3453752,18735.029,11299.858,0,120.084,0,24.017,6478,5876,3.240,2.660,2.090,1,0,2.001,0,0,13,42,0,30,3
05-08 23:36:28,35.889,9.788,53.959,0,0,1765140,10869788,179068,3453780,7118.574,5803.480,0,301.167,0,24.093,6112,5567,3.240,2.660,2.090,3,0,5.019,0,0,13,42,0,31,3
05-08 23:36:29,41.611,10.403,46.317,0,0,1780508,10854416,179068,3453784,2606.628,1953.733,0,3.963,0,0.991,5737,4831,3.240,2.660,2.090,2,0,0,0,0,13,42,0,31,3
05-08 23:36:30,27.621,5.775,65.788,0,0,1804360,10830544,179068,3453804,7504.881,6400.040,0,0,0,0,5829,5441,3.240,2.660,2.090,4,0,2.009,0,0,13,43,0,31,3
05-08 23:36:31,40.181,14.725,44.174,0,0,1762636,10872040,179284,3453812,19085.243,12060.300,0,2012.546,0,115.801,7343,6974,3.220,2.670,2.100,2,0,62.892,0,0,13,42,0,32,3
05-08 23:36:32,20.005,27.006,49.512,0,0,1752868,10881624,179300,3453980,5143.215,3664.866,0,76.018,0,8.002,6969,6604,3.220,2.670,2.100,3,0,155.037,0,0,13,42,0,32,3
05-08 23:36:33,27.008,16.912,56.288,0,0,1662644,10971812,179332,3453980,1554.852,988.441,0,185.774,0,12.116,6042,5365,3.220,2.670,2.100,1,0,66.636,0,0,13,41,0,33,3
05-08 23:36:34,31.031,5.710,65.289,0,0,1705608,10928720,179332,3454108,475.642,146.963,0,3.972,0,0.993,5199,4234,3.220,2.670,2.100,1,0,0,0,0,13,41,0,33,3
05-08 23:36:35,19.977,3.995,74.662,0,0,1729836,10904316,179372,3454244,18139.700,22113.034,0,327.615,0,19.977,5192,4668,3.220,2.670,2.100,3,0,0,0,0,13,42,0,33,3
05-08 23:36:36,25.731,6.245,67.450,0,0,1728880,10905256,179388,3454244,47615.511,25457.026,0,59.955,0,5.996,5828,5165,2.960,2.620,2.080,3,0,2.998,0,0,13,42,0,30,3
05-08 23:36:37,17.024,3.755,77.357,0,0,1726056,10908068,179388,3454256,34574.990,18823.127,0,4.006,0,1.001,5770,5677,2.960,2.620,2.080,1,0,0,0,0,13,42,0,30,3
05-08 23:36:38,22.213,13.727,63.394,0,0,1683760,10950316,179420,3454268,16689.988,8331.017,0,115.806,0,13.977,6225,5381,2.960,2.620,2.080,3,0,74.874,0,0,13,41,0,31,3
05-08 23:36:39,9.758,27.773,60.049,0,0,1682456,10951596,179436,3454272,15314.603,7612.265,0,104.086,0,10.008,6721,5694,2.960,2.620,2.080,1,0,168.138,0,0,13,41,0,31,3
05-08 23:36:40,23.002,14.751,62.505,0,0,1694588,10939440,179460,3454272,24528.993,581701.270,0,320.026,0,15.001,5880,4953,2.960,2.620,2.080,2,0,44.004,0,0,13,41,0,30,3
05-08 23:36:41,29.744,5.546,66.295,0,0,1727416,10906604,179468,3454272,15172.689,7356.455,0,32.265,0,4.033,5171,4239,2.890,2.610,2.080,1,0,0,0,0,13,41,0,30,3
05-08 23:36:42,17.546,4.943,74.385,0.494,0,1736032,10897920,179468,3454340,20039.956,12427.481,63.264,3.954,0.989,0.989,5177,4709,2.890,2.610,2.080,2,0,1.977,0,0,13,42,0,30,3
05-08 23:36:43,24.843,8.030,67.251,0,0,1732972,10900976,179468,3454344,9092.972,5513.599,0,0,0,0,5708,5123,2.890,2.610,2.080,2,0,6.023,0,0,13,42,0,30,3
05-08 23:36:44,22.242,3.499,71.224,0,0,1730552,10903376,179468,3454364,12191.477,7818.100,0,0,0,0,5773,5594,2.890,2.610,2.080,2,0,0,0,0,13,41,0,29,3
05-08 23:36:45,19.788,14.779,63.874,0,0,1671976,10961948,179468,3454368,14989.081,7310.183,0,4.008,0,1.002,5556,4704,2.890,2.610,2.080,1,0,48.093,0,0,13,41,0,29,3
05-08 23:36:46,28.494,7.498,65.237,0,0,1713716,10920196,179476,3454368,358.928,0,0,2435.509,0,408.918,5209,4138,2.730,2.590,2.080,1,0,1.000,0,0,13,41,0,29,3
05-08 23:36:47,18.583,3.964,75.818,0,0,1725796,10908112,179476,3454372,5098.166,4842.465,0,0,0,0,4877,4461,2.730,2.590,2.080,2,0,0,0,0,13,42,0,29,3
05-08 23:36:48,25.206,5.797,69.570,0,0,1725840,10908020,179512,3454384,17084.930,9183.213,0,387.171,0,50.413,5993,5606,2.730,2.590,2.080,3,0,2.017,0,0,13,42,0,29,3
05-08 23:36:49,19.242,4.998,73.720,0,0,1725356,10908488,179512,3454400,4808.051,4230.285,0,0,0,0,6151,6074,2.730,2.590,2.080,2,0,0,0,0,13,42,0,27,3
05-08 23:36:50,22.732,3.997,70.944,0,0,1725436,10908236,179544,3454540,18542.349,10561.655,0,107.915,0,11.991,6357,6194,2.730,2.590,2.080,2,0,0,0,0,13,41,0,27,3
05-08 23:36:51,15.987,19.734,61.699,0,0,1677776,10955868,179544,3454568,239.801,0,0,3.997,0,0.999,6093,4990,2.680,2.580,2.080,4,0,114.905,0,0,13,41,0,27,3
05-08 23:36:52,10.259,27.523,60.551,0,0,1671972,10961612,179584,3454584,539.458,0,0,432.367,0,23.020,6440,5366,2.680,2.580,2.080,3,0,169.144,0,0,13,41,0,27,3
05-08 23:36:53,10.768,26.293,60.600,0,0,1663948,10969616,179592,3454596,11981.767,36706.558,0,60.099,0,4.007,6433,5304,2.680,2.580,2.080,2,0,153.253,0,0,13,41,0,23,3
05-08 23:36:54,21.057,33.939,41.371,0.248,0,1640328,10993148,179672,3454604,50346.362,26527.292,0,459.793,0,29.728,7015,5876,2.680,2.580,2.080,3,0,189.268,0,0,13,41,0,25,3
05-08 23:36:55,48.338,12.336,41.037,0.504,0,1724528,10908560,179700,3454924,44986.994,22791.584,173.213,0,6.042,0,6514,4922,2.680,2.580,2.080,4,0,2.014,0,0,13,41,0,25,3
05-08 23:36:56,52.218,8.994,40.725,0.250,0,1795308,10837020,179800,3455452,59412.660,30667.243,27.983,951.418,1.999,12.992,6516,4945,2.700,2.580,2.080,3,0,0.999,0,0,13,41,0,25,3
05-08 23:36:57,42.411,14.719,38.170,3.992,0,1835056,10789944,181720,3460508,29438.178,14627.282,3129.428,10386.188,43.908,822.273,9455,10109,2.700,2.580,2.080,5,0,28.939,0,0,13,45,0,24,3
05-08 23:36:58,46.736,18.245,31.241,1.749,0,1839844,10776152,186844,3463836,15880.346,7683.748,0,29091.473,0,2261.337,15418,19839,2.700,2.580,2.080,4,0,67.980,0,0,13,45,0,24,3
05-08 23:36:59,44.294,18.268,31.781,3.754,0,1806732,10802612,191696,3465432,15361.103,7451.326,0,26718.269,0,2176.140,14835,19980,2.700,2.580,2.080,4,0,46.045,0,0,13,45,0,24,3
05-08 23:37:00,47.197,14.734,31.465,4.495,0,1803516,10800092,196152,3466556,44637.179,23202.103,0,25171.905,0,1982.787,13178,17234,2.700,2.580,2.080,5,1,23.973,0,0,13,45,0,24,3
05-08 23:37:01,49.257,13.822,35.435,2.513,0,1833652,10767080,199352,3466124,30939.614,15456.739,0,20096.977,0,1690.832,10440,13737,2.730,2.590,2.090,2,0,10.053,0,0,13,41,0,20,3
05-08 23:37:02,49.179,11.484,40.941,0,0,1746880,10853768,199416,3466144,30157.750,15026.450,0,738.940,0,35.948,6375,4823,2.730,2.590,2.090,4,0,5.991,0,0,13,41,0,20,3
05-08 23:37:03,52.013,11.503,38.509,0.250,0,1784004,10816024,199896,3466272,39504.599,451341.671,0,6201.507,0,339.082,7105,5947,2.730,2.590,2.090,3,0,2.000,0,0,13,41,0,20,3
05-08 23:37:04,46.720,14.662,36.282,0.994,0,1827536,10769668,202432,3466484,32313.241,135861.340,0,8926.475,0,1038.771,10650,13535,2.730,2.590,2.090,3,0,4.970,0,0,13,43,0,20,3
05-08 23:37:05,47.630,14.713,35.411,2.244,0,1851468,10742200,205696,3466652,29425.840,15040.095,0,7812.311,0,1249.850,13252,16969,2.730,2.590,2.090,3,0,0,0,0,13,43,0,18,3
05-08 23:37:06,46.543,14.263,39.036,1.001,0,1777364,10814740,207040,3466816,31011.542,15814.555,0,3975.659,0,543.500,9003,9690,2.910,2.630,2.100,3,0,20.018,0,0,13,41,0,18,3
05-08 23:37:07,30.967,17.623,51.108,0,0,1780040,10811980,207120,3466816,45003.111,23492.494,0,1031.221,0,46.324,6190,5080,2.910,2.630,2.100,2,0,82.578,0,0,13,41,0,18,3
05-08 23:37:08,26.854,8.951,63.156,0.249,0,1801760,10789760,207608,3466816,44364.271,22837.564,0,6098.769,0,253.618,6045,5527,2.910,2.630,2.100,2,0,1.989,0,0,13,41,0,18,3
05-08 23:37:09,29.161,7.793,64.859,0.503,0,1799008,10792408,207640,3466880,16180.501,7648.306,40.222,217.201,3.017,13.072,5312,4406,2.910,2.630,2.100,2,0,0,0,0,13,41,0,15,3
05-08 23:37:10,29.518,7.004,64.539,0,0,1745892,10845516,207648,3466880,29964.061,15087.094,0,40.024,0,4.002,5537,4562,2.910,2.630,2.100,2,0,3.002,0,0,13,41,0,15,3
05-08 23:37:11,29.005,7.251,65.512,0,0,1744540,10846868,207648,3466880,15294.876,8181.538,0,0,0,0,5503,4505,2.760,2.600,2.100,2,0,0,0,0,13,41,0,15,3
05-08 23:37:12,29.718,6.243,65.180,0,0,1774228,10817180,207648,3466880,44726.877,23003.250,0,3.996,0,0.999,5352,4350,2.760,2.600,2.100,3,0,1.998,0,0,13,41,0,15,3
05-08 23:37:13,31.524,4.964,64.537,0,0,1780444,10810952,207648,3466892,29672.905,15101.549,0,0,0,0,5379,4370,2.760,2.600,2.100,1,0,1.986,0,0,13,41,0,13,3
05-08 23:37:14,24.486,9.087,65.631,0,0,1742080,10849316,207648,3466892,16642.117,8116.086,0,0,0,0,5347,4444,2.760,2.600,2.100,1,0,1.010,0,0,13,41,0,13,3
05-08 23:37:15,27.494,5.999,64.986,0,0,1761964,10829424,207656,3466892,44624.275,24016.766,0,63.986,0,2.000,5402,4378,2.760,2.600,2.100,1,0,0,0,0,13,41,0,13,3
05-08 23:37:16,37.665,16.712,44.649,0,0,1775240,10816080,207720,3466892,29818.633,14882.377,0,446.990,0,31.928,6439,13977,2.940,2.640,2.110,2,0,40.908,0,0,13,41,0,14,3
05-08 23:37:17,29.513,4.502,65.029,1.501,0,1781572,10809492,207744,3467112,29512.972,14598.417,152.067,32.014,6.003,4.002,5181,4334,2.940,2.640,2.110,3,0,0,0,0,13,41,0,11,3
05-08 23:37:18,26.560,7.266,65.398,0,0,1703736,10887328,207744,3467112,15441.060,7312.604,0,1731.932,0,166.378,4936,3968,2.940,2.640,2.110,1,0,1.002,0,0,13,41,0,11,3
05-08 23:37:19,25.734,7.495,64.711,0,0,1741608,10849452,207744,3467116,24737.085,442854.979,0,0,0,0,4775,4260,2.940,2.640,2.110,2,0,1.999,0,0,13,41,0,11,3
05-08 23:37:20,25.922,6.979,64.804,0,0,1779952,10811108,207744,3467116,37158.699,152752.352,0,0,0,0,4860,3981,2.940,2.640,2.110,4,0,2.991,0,0,13,41,0,11,3
05-08 23:37:21,24.821,9.026,65.186,0,0,1801372,10789688,207744,3467116,40740.408,22016.909,0,0,0,0,5357,4367,2.860,2.630,2.110,1,0,0,0,0,13,41,0,10,3
05-08 23:37:22,27.522,5.004,64.801,0,0,1803268,10787692,207756,3467200,30029.721,14801.692,0,200.158,0,3.002,5292,4211,2.860,2.630,2.110,1,0,2.002,0,0,13,41,0,10,3
05-08 23:37:23,25.422,7.975,64.801,0,0,1778720,10812212,207764,3467216,16032.704,8286.521,0,59.816,0,3.988,5321,4473,2.860,2.630,2.110,1,0,0.997,0,0,13,41,0,10,3
05-08 23:37:24,26.055,6.764,65.138,0,0,1756304,10834616,207764,3467228,44432.981,22311.191,0,0,0,0,5337,4505,2.860,2.630,2.110,1,0,1.002,0,0,13,41,0,10,3
05-08 23:37:25,25.514,8.004,64.785,0,0,1756204,10834716,207764,3467228,44813.995,22982.306,0,0,0,0,5411,4570,2.860,2.630,2.110,1,0,2.001,0,0,13,41,0,8,3
05-08 23:37:26,26.753,7.001,64.258,0,0,1759692,10831188,207812,3467236,29742.633,14983.830,0,460.056,0,25.003,5649,4891,2.710,2.610,2.110,1,0,3.000,0,0,13,41,0,8,3
05-08 23:37:27,27.324,6.707,65.080,0,0,1787904,10802964,207820,3467236,29479.900,15207.932,0,27.821,0,2.981,5384,4372,2.710,2.610,2.110,2,0,0,0,0,13,41,0,8,3
05-08 23:37:28,30.653,5.528,64.571,0,0,1744580,10846268,207820,3467256,29827.429,15316.218,0,237.180,0,55.275,5488,4301,2.710,2.610,2.110,2,0,3.015,0,0,13,41,0,8,3
05-08 23:37:29,29.246,7.749,65.241,0,0,1788852,10801972,207828,3467264,15245.967,8392.881,0,2111.718,0,7.999,5427,4467,2.710,2.610,2.110,2,0,0,0,0,13,41,0,8,3
05-08 23:37:30,31.751,4.500,65.002,0,0,1770388,10820368,207828,3467300,44489.548,22734.791,0,4.000,0,1.000,5498,4367,2.710,2.610,2.110,2,0,1.000,0,0,13,41,0,7,3
05-08 23:37:31,27.426,7.729,64.326,0,0,1738576,10852176,207828,3467304,30168.379,16212.138,0,0,0,0,5455,4597,2.570,2.580,2.100,3,0,1.995,0,0,13,41,0,7,3
05-08 23:37:32,26.766,5.003,66.040,0,0,1714208,10876536,207836,3467304,44633.057,21901.277,0,220.133,0,3.002,4441,3841,2.570,2.580,2.100,2,0,0,0,0,13,41,0,7,3
05-08 23:37:33,26.338,8.027,64.214,0,0,1746940,10843804,207836,3467304,40007.310,451693.101,0,0,0,0,5290,4353,2.570,2.580,2.100,2,0,2.007,0,0,13,41,0,7,3
05-08 23:37:34,28.324,5.466,64.101,0,0,1755720,10835012,207836,3467316,17752.391,141069.050,0,27.827,0,2.981,5461,4441,2.570,2.580,2.100,2,0,2.981,0,0,13,41,0,5,3
05-08 23:37:35,11.075,23.409,62.928,0,0,1692744,10897856,207844,3467436,61270.350,34270.881,0,0,0,0,6516,5515,2.570,2.580,2.100,1,0,138.944,0,0,13,41,0,5,3
05-08 23:37:36,11.220,27.177,59.340,0,0,1691172,10899352,207908,3467444,45662.173,24047.315,0,873.650,0,35.903,6877,6082,2.450,2.550,2.090,4,0,166.552,0,0,13,41,0,5,3
05-08 23:37:37,11.278,26.316,60.151,0,0,1679408,10911100,207916,3467452,60730.341,32567.696,0,320.805,0,6.015,6623,5598,2.450,2.550,2.090,1,0,161.405,0,0,13,41,0,5,3
05-08 23:37:38,11.503,26.008,59.518,0,0,1671596,10918888,207916,3467456,61096.114,31817.433,0,528.157,0,45.013,6805,5645,2.450,2.550,2.090,2,0,161.048,0,0,13,41,0,4,3
05-08 23:37:39,11.247,24.244,62.235,0,0,1675996,10914460,207920,3467480,61114.300,34119.793,0,23.994,0,3.999,6579,5628,2.450,2.550,2.090,3,0,116.972,0,0,13,41,0,4,3
05-08 23:37:40,11.229,25.952,60.389,0,0,1676448,10914008,207920,3467480,45463.710,24045.947,0,179.671,0,2.995,6671,5667,2.450,2.550,2.090,1,0,148.728,0,0,13,41,0,4,3
05-08 23:37:41,12.020,26.543,59.847,0,0,1676804,10913648,207920,3467484,60720.614,32150.214,0,92.150,0,2.003,6724,5616,2.330,2.530,2.090,1,0,155.252,0,0,13,41,0,4,3
05-08 23:37:42,11.254,25.259,60.771,0.250,0,1678016,10912412,207932,3467492,72067.838,581224.317,8.003,128.044,2.001,2.001,7060,5868,2.330,2.530,2.090,2,0,138.048,0,0,13,41,0,4,3
05-08 23:37:43,11.573,26.841,58.852,0,0,1671840,10918580,207932,3467496,59901.156,32119.982,0,0,0,0,6701,5477,2.330,2.530,2.090,3,0,156.611,0,0,13,41,0,4,3
05-08 23:37:44,22.834,14.462,63.682,0,0,1680916,10909520,207932,3467480,45931.012,23796.159,0,36.535,0,1.015,5643,4805,2.330,2.530,2.090,2,0,37.549,0,0,13,41,0,4,3
05-08 23:37:45,29.172,6.233,65.076,0,0,1728796,10861640,207932,3467480,44778.143,22549.642,0,0,0,0,5462,4641,2.330,2.530,2.090,1,0,0,0,0,13,41,0,4,3
05-08 23:37:46,27.313,8.269,64.649,0,0,1769048,10821332,207980,3467488,44305.243,22101.003,0,412.953,0,25.058,5759,4997,2.300,2.520,2.090,3,0,5.012,0,0,13,41,0,3,3
05-08 23:37:47,27.741,5.498,65.229,0,0,1744456,10845900,207988,3467504,14775.194,7293.628,0,47.984,0,4.998,5337,4356,2.300,2.520,2.090,2,0,1.000,0,0,13,41,0,3,3
05-08 23:37:48,24.961,7.988,64.649,0,0,1784544,10805832,207988,3467484,15382.070,7350.565,0,0,0,0,5174,4450,2.300,2.520,2.090,2,0,0,0,0,13,41,0,3,3
05-08 23:37:49,26.575,6.769,65.184,0,0,1820860,10769516,207988,3467484,45893.441,23247.569,0,621.754,0,116.328,5459,4455,2.300,2.520,2.090,2,0,4.011,0,0,13,41,0,3,3
05-08 23:37:50,29.656,5.981,64.296,0,0,1827576,10762780,207988,3467504,29989.635,14707.232,0,19.937,0,0.997,5561,4467,2.300,2.520,2.090,1,0,0,0,0,13,41,0,3,3
05-08 23:37:51,30.792,6.310,65.875,0,0,1804176,10786192,207988,3467492,30052.326,14865.134,0,0,0,0,5357,4428,2.200,2.490,2.080,1,0,1.010,0,0,13,41,0,3,3
05-08 23:37:52,28.569,6.956,64.838,0,0,1825076,10765276,208000,3467496,30320.536,15575.135,0,99.369,0,2.981,5354,4561,2.200,2.490,2.080,2,0,1.987,0,0,13,41,0,3,3
05-08 23:37:53,29.877,5.478,65.232,0,0,1848500,10741852,208000,3467496,29498.910,14663.807,0,0,0,0,5423,4406,2.200,2.490,2.080,1,0,1.992,0,0,13,41,0,3,3
05-08 23:37:54,29.830,5.766,65.176,0,0,1848852,10741484,208000,3467512,30207.374,15074.609,0,541.459,0,66.178,5544,4490,2.200,2.490,2.080,1,0,0,0,0,13,41,0,2,3
05-08 23:37:55,30.246,7.749,63.741,0,0,1800920,10789436,208000,3467492,40518.514,455842.284,0,0,0,0,5738,4711,2.200,2.490,2.080,2,0,3.000,0,0,13,41,0,2,3
05-08 23:37:56,28.519,6.254,64.793,0,0,1790724,10799596,208048,3467496,47910.929,157186.753,0,428.285,0,25.017,5836,4981,2.100,2.470,2.080,2,0,2.001,0,0,13,41,0,2,3
05-08 23:37:57,28.248,6.750,65.496,0,0,1809784,10780528,208056,3467496,30112.147,14591.102,0,27.998,0,3.000,5395,4416,2.100,2.470,2.080,1,0,2.000,0,0,13,41,0,2,3
05-08 23:37:58,28.699,7.736,64.885,0,0,1805576,10784712,208056,3467520,15967.740,7576.591,0,31.943,0,2.995,5334,4286,2.100,2.470,2.080,2,0,1.996,0,0,13,41,0,1,3
05-08 23:37:59,28.798,6.761,65.360,0,0,1753768,10836532,208056,3467508,15045.271,7654.858,0,228.384,0,42.071,5637,4587,2.100,2.470,2.080,2,0,1.002,0,0,13,41,0,1,3
05-08 23:38:00,28.229,6.745,64.702,0,0,1773996,10816304,208056,3467508,44979.643,23018.929,0,0,0,0,5433,4560,2.100,2.470,2.080,1,0,0,0,0,13,41,0,1,3
05-08 23:38:01,29.233,6.996,64.963,0,0,1794768,10795532,208056,3467508,30393.495,14649.563,0,0,0,0,5330,4387,2.020,2.440,2.070,1,0,3.998,0,0,13,41,0,1,3
05-08 23:38:02,32.043,6.560,64.843,0,0,1812912,10777364,208064,3467520,30358.521,14890.117,0,100.923,0,4.037,5289,4378,2.020,2.440,2.070,2,0,0,0,0,13,41,0,1,3
05-08 23:38:03,27.977,6.932,65.114,0,0,1772872,10817432,208064,3467492,15139.125,7356.147,0,0,0,0,5191,4515,2.020,2.440,2.070,2,0,0.990,0,0,13,41,0,1,3
05-08 23:38:04,30.793,7.010,64.089,0,0,1769516,10820756,208064,3467524,45251.739,23059.971,0,184.255,0,34.047,5443,4561,2.020,2.440,2.070,1,0,2.003,0,0,13,41,0,1,3
05-08 23:38:05,27.009,8.003,66.021,0,0,1799012,10791260,208064,3467524,29911.437,14596.605,0,4.001,0,1.000,5314,4490,2.020,2.440,2.070,2,0,2.001,0,0,13,41,0,1,3
05-08 23:38:06,31.997,5.500,63.745,0,0,1783388,10806696,208216,3467560,30063.597,14950.805,0,1611.871,0,87.993,5671,4985,2.090,2.450,2.070,1,0,1.000,0,0,13,41,0,1,3
05-08 23:38:07,25.276,8.259,65.068,0,0,1751404,10838756,208224,3467476,15438.023,7303.580,0,28.029,0,3.003,5620,4661,2.090,2.450,2.070,3,0,3.003,0,0,13,41,0,1,3
05-08 23:38:08,30.755,5.751,64.761,0,0,1767740,10822420,208224,3467476,30925.371,15676.722,0,0,0,0,5563,4428,2.090,2.450,2.070,1,0,0,0,0,13,41,0,1,3
05-08 23:38:09,27.933,8.230,65.593,0,0,1792068,10798092,208224,3467476,29533.156,14704.726,0,79.809,0,5.986,5411,4449,2.090,2.450,2.070,1,0,1.995,0,0,13,41,0,1,3
05-08 23:38:10,29.767,6.253,64.786,0,0,1798644,10791432,208224,3467560,29695.560,14762.232,0,228.127,0,34.019,5332,4252,2.090,2.450,2.070,1,0,2.001,0,0,13,41,0,1,3
05-08 23:38:11,30.282,6.814,65.612,0,0,1747872,10842216,208224,3467548,39799.060,451027.076,0,0,0,0,5582,4821,2.010,2.430,2.070,1,0,1.009,0,0,13,41,0,1,3
05-08 23:38:12,28.542,6.949,65.026,0,0,1769532,10820544,208232,3467548,15722.432,8120.824,0,83.392,0,2.978,5315,4506,2.010,2.430,2.070,1,0,0.993,0,0,13,41,0,1,3
05-08 23:38:13,28.492,7.998,64.731,0,0,1743712,10846368,208232,3467544,47465.926,154648.146,0,19.994,0,1.999,5643,4726,2.010,2.430,2.070,4,0,2.999,0,0,13,41,0,1,3
05-08 23:38:14,28.713,6.549,65.739,0,0,1769036,10821044,208232,3467544,45775.170,23158.095,0,0,0,0,5618,4612,2.010,2.430,2.070,1,0,0,0,0,13,41,0,1,3
05-08 23:38:15,27.279,7.192,64.477,0,0,1805588,10784492,208232,3467544,30179.340,14540.125,0,138.874,0,32.735,5591,4552,2.010,2.430,2.070,1,0,1.984,0,0,13,41,0,1,3
05-08 23:38:16,36.715,8.492,55.947,0,0,1809800,10780260,208232,3469692,29770.665,14578.125,0,23.977,0,1.998,5793,7113,1.930,2.410,2.060,3,0,36.965,0,0,13,41,0,1,3
05-08 23:38:17,30.776,13.118,55.497,0,0,1739196,10850876,208240,3467544,15425.277,7495.189,0,72.651,0,2.018,5054,11976,1.930,2.410,2.060,1,0,3.027,0,0,13,41,0,2,3
05-08 23:38:18,26.567,5.462,65.798,0,0,1744720,10845352,208240,3467544,31971.316,15286.959,0,3.973,0,0.993,4328,3637,1.930,2.410,2.060,1,0,0,0,0,13,41,0,2,3
05-08 23:38:19,28.436,6.543,65.176,0,0,1717868,10872192,208240,3467556,44919.364,22343.926,0,24.158,0,1.007,5140,4303,1.930,2.410,2.060,1,0,3.020,0,0,13,41,0,1,3
05-08 23:38:20,28.568,6.707,65.086,0,0,1726964,10863092,208240,3467560,45026.739,22532.746,0,23.848,0,1.987,5480,4557,1.930,2.410,2.060,1,0,0,0,0,13,41,0,1,3
05-08 23:38:21,28.244,6.749,64.986,0,0,1775860,10814196,208240,3467560,29737.615,14654.854,0,151.967,0,34.992,5456,4416,1.930,2.400,2.060,1,0,2.000,0,0,13,41,0,1,3
05-08 23:38:22,30.999,5.750,64.998,0,0,1783924,10806108,208252,3467572,30508.156,14753.592,0,115.997,0,4.000,5412,4390,1.930,2.400,2.060,3,0,2.000,0,0,13,41,0,1,3
05-08 23:38:23,11.194,25.871,59.952,0,0,1725304,10864700,208252,3467600,31188.032,16663.203,0,75.624,0,3.980,6558,5494,1.930,2.400,2.060,4,0,150.253,0,0,13,41,0,1,3
05-08 23:38:24,10.043,27.116,60.259,0,0,1713644,10876360,208252,3467600,46398.120,24107.458,0,120.517,0,5.022,6589,5501,1.930,2.400,2.060,3,0,155.668,0,0,13,41,0,1,3
05-08 23:38:25,12.992,25.983,58.712,0,0,1707448,10882552,208252,3467604,73876.614,597216.931,0,47.969,0,1.999,7183,5896,1.930,2.400,2.060,3,0,155.900,0,0,13,41,0,1,3
05-08 23:38:26,22.704,11.227,64.618,0,0,1719532,10870456,208252,3467616,44839.281,22839.282,0,151.690,0,32.933,5120,4318,1.940,2.390,2.060,1,0,5.988,0,0,13,41,0,1,3
05-08 23:38:27,26.986,6.746,66.215,0,0,1731368,10858612,208260,3467616,45088.193,23377.657,0,107.943,0,1.999,4662,3827,1.940,2.390,2.060,3,0,0,0,0,13,41,0,1,3
05-08 23:38:28,27.975,5.745,65.692,0,0,1747236,10842736,208260,3467624,33492.267,15490.248,0,3.996,0,0.999,4500,3579,1.940,2.390,2.060,5,0,1.998,0,0,13,41,0,1,3
05-08 23:38:29,25.572,8.023,66.187,0,0,1727632,10862076,208260,3467884,26462.877,15407.596,0,4.011,0,1.003,4898,4128,1.940,2.390,2.060,1,0,9.026,0,0,13,41,0,1,3
05-08 23:38:30,28.525,8.257,65.057,0,0,1766428,10823272,208260,3467892,45096.686,25786.693,0,160.141,0,33.029,5642,4845,1.940,2.390,2.060,2,0,0,0,0,13,41,0,1,3
05-08 23:38:31,30.456,5.242,65.155,0,0,1795776,10793924,208260,3467892,30507.557,15217.831,0,0,0,0,5468,4376,1.940,2.380,2.060,4,0,1.997,0,0,13,41,0,1,3
05-08 23:38:32,22.686,16.204,60.579,0,0,1761488,10828188,208260,3467916,30628.586,27588.164,0,147.584,0,31.910,6064,4929,1.940,2.380,2.060,3,0,86.755,0,0,13,41,0,1,3
05-08 23:38:33,12.818,26.641,58.057,1.005,0,1750912,10838624,208268,3468016,46318.895,44929.549,40.213,172.914,2.011,4.021,6612,5550,1.940,2.380,2.060,1,0,157.834,0,0,13,41,0,1,3
05-08 23:38:34,10.736,25.467,60.921,0,0,1734028,10855488,208268,3468020,61632.041,33103.054,0,59.922,0,2.996,6739,5653,1.940,2.380,2.060,1,0,149.806,0,0,13,41,0,1,3
05-08 23:38:35,11.263,26.531,59.320,0,0,1728024,10861488,208268,3468024,71660.556,475358.903,0,532.628,0,25.030,7194,5974,1.940,2.380,2.060,1,0,149.176,0,0,13,41,0,1,3
05-08 23:38:36,10.980,27.700,59.642,0,0,1709464,10880048,208268,3468024,58986.199,144071.143,0,59.892,0,2.995,6914,5762,1.870,2.360,2.060,3,0,157.714,0,0,13,41,0,1,3
05-08 23:38:37,11.011,26.525,60.308,0,0,1697672,10891832,208268,3468032,49851.884,27594.505,0,172.165,0,31.030,6710,5615,1.870,2.360,2.060,1,0,156.150,0,0,13,41,0,1,3
05-08 23:38:38,10.508,27.520,60.044,0,0,1677012,10912476,208280,3468032,60859.741,31895.448,0,292.215,0,4.003,6703,5587,1.870,2.360,2.060,2,0,155.114,0,0,13,41,0,1,3
05-08 23:38:39,12.753,26.506,59.263,0,0,1670064,10919424,208280,3468032,60588.960,31328.701,0,4.001,0,1.000,6644,5454,1.870,2.360,2.060,1,0,158.034,0,0,13,41,0,1,3
05-08 23:38:40,11.500,27.249,58.998,0,0,1657672,10931808,208280,3468036,60945.303,31985.110,0,4.000,0,1.000,6711,5585,1.870,2.360,2.060,1,0,160.996,0,0,13,41,0,1,3
05-08 23:38:41,11.240,26.976,59.698,0,0,1658076,10931396,208280,3468044,45528.274,23943.108,0,263.770,0,2.997,6647,5465,1.800,2.340,2.050,2,0,157.862,0,0,13,41,0,1,3
05-08 23:38:42,10.737,26.218,60.427,0,0,1655624,10933844,208280,3468044,61019.371,32896.306,0,267.677,0,3.995,6664,5609,1.800,2.340,2.050,3,0,148.820,0,0,13,41,0,1,3
05-08 23:38:43,11.256,27.014,59.530,0,0,1653744,10935720,208288,3468044,60853.010,31924.268,0,580.296,0,39.020,6784,5490,1.800,2.340,2.050,2,0,154.079,0,0,13,41,0,1,3
05-08 23:38:44,12.990,28.979,55.459,0,0,1656724,10932724,208288,3468048,65404.511,578623.023,0,351.739,0,3.997,6997,5737,1.800,2.340,2.050,3,0,157.883,0,0,13,41,0,1,3
05-08 23:38:45,11.260,26.774,59.805,0,0,1654732,10934712,208288,3468052,56479.506,32111.284,0,352.321,0,4.004,6728,5525,1.800,2.340,2.050,1,0,149.136,0,0,13,41,0,1,3
05-08 23:38:46,11.504,27.508,58.768,0,0,1653852,10935584,208288,3468060,61566.866,31433.632,0,360.110,0,6.002,6717,5655,1.890,2.350,2.060,3,0,161.049,0,0,13,41,0,1,3
05-08 23:38:47,11.509,26.021,60.798,0,0,1653800,10935636,208288,3468060,61800.816,32341.546,0,356.281,0,5.004,6776,5590,1.890,2.350,2.060,1,0,151.119,0,0,13,41,0,1,3
05-08 23:38:48,11.003,26.757,59.516,0,0,1653736,10935692,208296,3468060,61202.785,31564.656,0,576.158,0,38.010,6604,5438,1.890,2.350,2.060,3,0,153.042,0,0,13,41,0,1,3
05-08 23:38:49,11.461,24.667,61.294,0,0,1652160,10937260,208296,3468064,45534.898,24350.128,0,263.115,0,2.990,6546,5321,1.890,2.350,2.060,1,0,142.521,0,0,13,41,0,1,3
05-08 23:38:50,11.274,25.305,61.132,0,0,1652728,10936668,208296,3468072,64604.810,34007.595,0,56.121,0,2.004,6705,5570,1.890,2.350,2.060,2,0,144.312,0,0,13,41,0,1,3
05-08 23:38:51,11.760,26.022,59.801,0,0,1652720,10936676,208296,3468072,69455.259,472040.743,0,56.048,0,2.002,6872,5727,2.140,2.390,2.070,2,0,151.129,0,0,13,41,0,1,3
05-08 23:38:52,12.746,24.742,60.481,0,0,1654424,10934964,208296,3468080,63980.669,144496.084,0,87.972,0,3.999,6837,5563,2.140,2.390,2.070,1,0,142.955,0,0,13,41,0,1,3
05-08 23:38:53,11.499,25.499,61.497,0,0,1654416,10934964,208304,3468080,46414.695,24732.772,0,143.993,0,4.000,6767,5556,2.140,2.390,2.070,2,0,149.993,0,0,13,41,0,1,3
05-08 23:38:54,10.477,26.443,60.869,0,0,1652880,10936492,208304,3468088,61317.911,33092.713,0,295.364,0,36.920,6876,5660,2.140,2.390,2.070,1,0,148.680,0,0,13,41,0,1,3
05-08 23:38:55,11.770,24.791,61.101,0,0,1652840,10936528,208304,3468092,60856.841,33203.018,0,96.159,0,3.005,6643,5482,2.140,2.390,2.070,1,0,138.229,0,0,13,41,0,1,3
05-08 23:38:56,11.498,27.246,59.491,0,0,1650096,10939268,208304,3468096,60913.953,31663.298,0,19.997,0,4.999,6741,5611,2.210,2.400,2.080,3,0,161.976,0,0,13,41,0,1,3
05-08 23:38:57,10.741,27.477,59.201,0,0,1650908,10938456,208304,3468096,45514.187,23786.239,0,15.987,0,3.997,6646,5502,2.210,2.400,2.080,2,0,160.866,0,0,13,41,0,1,3
05-08 23:38:58,11.272,26.301,60.367,0,0,1656628,10932724,208312,3468100,63587.440,33320.684,0,124.241,0,7.014,6718,5547,2.210,2.400,2.080,1,0,152.296,0,0,13,41,0,1,3
05-08 23:38:59,12.495,27.240,59.478,0,0,1658140,10931200,208312,3468108,71361.405,478681.604,0,351.869,0,79.970,7311,5821,2.210,2.400,2.080,3,0,142.947,0,0,13,41,0,1,3
05-08 23:39:00,25.035,31.976,39.660,0,0,1636564,10949776,208320,3471040,62953.279,151269.115,0,146.742,0,4.957,9161,12645,2.210,2.400,2.080,21,0,117.988,0,0,13,41,0,1,3
05-08 23:39:01,13.803,32.877,51.700,0,0,1635904,10949676,208320,3471776,46368.061,24129.181,0,12.047,0,3.012,6907,6283,2.190,2.400,2.080,4,0,179.694,0,0,13,43,0,1,3
05-08 23:39:02,23.870,34.674,38.191,0,0,1651640,10933856,208392,3471780,61302.290,31885.834,0,635.184,0,29.146,6784,5708,2.190,2.400,2.080,3,0,168.846,0,0,13,41,0,3,3
05-08 23:39:03,31.362,32.365,36.129,0,0,1700600,10884872,208408,3471788,60896.966,31781.231,0,96.343,0,9.032,6889,5522,2.190,2.400,2.080,6,0,158.565,0,0,13,41,0,3,3
05-08 23:39:04,39.083,40.567,18.305,0,0,1727036,10858280,208484,3471864,45588.419,23633.749,0,1868.062,0,34.630,6963,5779,2.190,2.400,2.080,5,0,196.898,0,0,13,41,0,5,3
05-08 23:39:05,56.028,34.364,9.462,0,0,1834448,10750556,208572,3472048,60780.677,31385.388,0,8769.183,0,843.650,7998,5561,2.190,2.400,2.080,4,0,124.506,0,0,13,41,0,7,3
05-08 23:39:06,73.147,12.233,15.728,0,0,1922572,10660152,208672,3473840,46370.953,22648.230,15.978,99.860,0.999,3.994,6385,4409,2.420,2.440,2.090,6,0,0.999,0,0,13,43,0,7,3
05-08 23:39:07,58.409,18.471,18.971,3.245,0,1949640,10626424,211224,3477368,29578.087,15282.278,427.337,17029.566,8.986,1122.258,10642,11995,2.420,2.440,2.090,7,0,44.930,0,0,13,45,0,8,3
05-08 23:39:08,54.406,18.891,21.914,4.282,0,1958688,10604540,217092,3483776,15317.431,7677.355,8.060,34836.248,2.015,2643.750,14830,21450,2.420,2.440,2.090,4,1,44.331,0,0,13,47,0,8,3
05-08 23:39:09,50.396,20.560,22.565,5.015,0,1940772,10613108,222248,3487692,15067.690,7790.589,0,45327.430,0,2822.183,16273,22208,2.420,2.440,2.090,5,1,47.137,0,0,13,45,0,8,3
05-08 23:39:10,41.788,27.112,22.386,5.223,0,1963780,10580348,227112,3492232,15352.971,7485.954,0,34098.699,0,2311.253,15376,20204,2.420,2.440,2.090,4,0,95.515,0,0,13,45,0,8,3
05-08 23:39:11,56.302,20.269,17.016,4.754,0,1982548,10552960,232052,3495656,27156.892,448322.934,0,39672.364,0,2705.480,16118,20470,2.870,2.530,2.120,4,0,42.039,0,0,13,45,0,8,3
05-08 23:39:12,46.275,17.913,27.367,5.225,0,1992352,10534764,237632,3498200,21208.728,136633.691,0,42751.829,0,2810.316,16699,22652,2.870,2.530,2.120,4,0,45.777,0,0,13,46,0,8,3
05-08 23:39:13,54.540,18.180,20.705,5.050,0,1986644,10533580,242432,3500100,4421.791,3357.249,0,30902.040,0,2313.916,15111,20209,2.870,2.530,2.120,4,0,29.290,0,0,13,46,0,8,3
05-08 23:39:14,46.652,16.964,26.943,5.239,0,1981820,10530096,247368,3503256,18500.138,10338.283,0,42917.845,0,2810.097,16822,23191,2.870,2.530,2.120,4,0,41.912,0,0,13,46,0,8,3
05-08 23:39:15,57.266,19.172,17.180,3.984,0,1948304,10558004,251580,3504492,17067.392,8336.998,0,30874.082,0,2220.942,13934,18647,2.870,2.530,2.120,4,0,54.777,0,0,13,45,0,9,3
05-08 23:39:16,42.038,31.528,19.768,3.253,0,1849892,10651760,254816,3505796,663.595,0,0,21999.716,0,1688.513,12874,17466,2.960,2.560,2.130,4,0,115.103,0,0,13,43,0,9,3
05-08 23:39:17,53.597,33.310,9.016,1.503,0,1903340,10595516,257216,3506180,484.874,0,0,21118.084,0,1377.484,11832,27114,2.960,2.560,2.130,5,0,137.248,0,0,13,45,0,10,3
05-08 23:39:18,37.408,23.348,26.110,9.540,0,1894556,10596572,261464,3509412,18191.597,12655.286,2096.829,23651.586,23.097,2020.507,14683,19228,2.960,2.560,2.130,2,1,82.347,0,0,13,46,0,10,3
05-08 23:39:19,43.479,29.151,17.540,4.694,0,1897180,10587792,264788,3512532,4446.757,900.221,1154.181,24712.111,19.763,1762.892,13864,18900,2.960,2.560,2.130,6,0,104.746,0,0,13,46,0,10,3
05-08 23:39:20,44.745,35.695,14.580,2.514,0,1886604,10594816,267536,3513232,18236.679,10388.784,0,20870.073,0,1607.788,13629,19032,2.960,2.560,2.130,6,0,96.528,0,0,13,46,0,9,3
05-08 23:39:21,50.045,23.653,17.678,5.229,0,1869020,10607880,270472,3514040,4747.540,3853.206,657.306,20766.879,56.767,1562.595,12676,16764,3.200,2.620,2.160,4,1,38.841,0,0,13,46,0,9,3
05-08 23:39:22,49.032,26.032,20.219,2.780,0,1892604,10581464,272116,3515116,4008.453,2878.201,1221.239,11579.526,101.096,953.334,10987,14192,3.200,2.620,2.160,5,0,76.833,0,0,13,46,0,9,3
05-08 23:39:23,40.256,27.334,23.855,2.485,0,1891028,10578972,275060,3516092,4706.473,3672.738,791.204,21147.816,12.922,1665.902,13409,18679,3.200,2.620,2.160,3,0,110.331,0,0,13,46,0,9,3
05-08 23:39:24,45.836,13.525,34.815,4.759,0,1888784,10576452,278396,3517400,46373.181,24601.250,0,23876.888,0,1991.744,13298,18299,3.200,2.620,2.160,2,0,30.057,0,0,13,45,0,9,3
05-08 23:39:25,40.822,23.542,30.053,4.758,0,1837940,10623368,280512,3519120,29720.755,15008.641,0,30049.338,0,2136.793,13859,18713,3.200,2.620,2.160,5,0,44.078,0,0,13,45,0,9,3
05-08 23:39:26,50.238,15.996,28.993,5.499,0,1875796,10582040,282824,3520184,29735.924,14654.513,0,28225.284,0,2116.496,13978,18814,3.670,2.720,2.190,5,0,30.993,0,0,13,45,0,9,3
05-08 23:39:27,37.943,14.978,38.942,5.741,0,1881676,10572968,284492,3521632,20001.988,12229.650,0,26344.472,0,2049.924,14087,18484,3.670,2.720,2.190,5,0,20.969,0,0,13,46,0,9,3
05-08 23:39:28,41.201,14.822,36.679,5.276,0,1879208,10571496,286664,3523288,17461.322,9222.062,0,26179.925,0,2133.425,14937,19859,3.670,2.720,2.190,4,0,26.128,0,0,13,46,0,9,3
05-08 23:39:29,40.769,15.007,37.268,4.752,0,1876524,10569508,289608,3524904,19079.124,11530.514,0,27004.914,0,2107.008,14842,20567,3.670,2.720,2.190,5,0,51.024,0,0,13,46,0,9,3
05-08 23:39:30,43.253,14.666,33.061,4.972,0,1874864,10565756,293132,3526660,18880.968,10337.850,0,31225.337,0,2626.969,15369,20739,3.670,2.720,2.190,5,0,35.795,0,0,13,46,0,9,3
05-08 23:39:31,38.152,16.064,37.901,5.773,0,1873092,10561724,297696,3527740,4749.865,3887.440,0,29661.807,0,2353.347,15470,21376,3.770,2.760,2.210,2,0,32.128,0,0,13,46,0,9,3
05-08 23:39:32,47.258,11.939,34.324,4.726,0,1876712,10553912,301032,3528496,18739.028,10223.639,0,19301.149,0,1701.287,13246,17033,3.770,2.760,2.210,4,1,14.924,0,0,13,45,0,10,3
05-08 23:39:33,34.910,27.376,31.645,4.521,0,1799428,10626252,304612,3529732,754.469,0,0,27659.161,0,1947.956,13696,18148,3.770,2.760,2.210,4,1,86.397,0,0,13,45,0,10,3
05-08 23:39:34,45.752,15.751,33.002,3.500,0,1837176,10583480,307964,3531228,15143.694,7444.341,0,22225.019,0,1738.080,12120,16466,3.770,2.760,2.210,8,0,14.001,0,0,13,45,0,10,3
05-08 23:39:35,44.205,13.486,37.711,3.746,0,1870164,10546436,311280,3531856,1698.255,1808.142,0,26800.461,0,1883.065,12062,16271,3.770,2.760,2.210,2,0,20.978,0,0,13,44,0,11,3
05-08 23:39:36,43.881,11.033,44.383,0.251,0,1733936,10682264,311536,3531988,18887.399,11188.409,0,4152.399,0,203.608,6510,5550,3.870,2.800,2.220,2,0,21.063,0,0,13,42,0,11,3
05-08 23:39:37,24.274,26.777,45.796,0,0,1734808,10681284,311596,3532032,4974.950,2810.796,0,3295.279,0,63.063,7342,6955,3.870,2.800,2.220,3,0,135.134,0,0,13,42,0,11,3
05-08 23:39:38,22.491,13.995,61.226,0,0,1729888,10686140,311648,3532044,4704.179,3933.477,0,763.704,0,38.985,6686,6169,3.870,2.800,2.220,2,0,58.977,0,0,13,42,0,11,3
05-08 23:39:39,22.258,4.502,71.775,0,0,1730304,10685664,311692,3532056,49404.508,41707.781,0,568.201,0,32.011,6480,6272,3.870,2.800,2.220,1,0,0,0,0,13,42,0,11,3
05-08 23:39:40,24.038,4.758,70.111,0.250,0,1730080,10685664,311772,3532200,33373.961,18577.480,0,637.011,0,42.067,6638,6616,3.870,2.800,2.220,3,0,2.003,0,0,13,41,0,11,3
05-08 23:39:41,22.689,10.472,63.829,0.249,0,1673836,10741860,311820,3532200,29913.890,14816.322,0,494.675,0,27.925,5872,4888,3.800,2.800,2.230,3,0,29.920,0,0,13,41,0,11,3
05-08 23:39:42,26.475,7.493,64.189,0,0,1714608,10701064,311844,3532200,15358.507,7355.059,0,2917.247,0,98.907,5455,4475,3.800,2.800,2.230,2,0,0,0,0,13,41,0,11,3
05-08 23:39:43,17.998,4.750,74.993,0,0,1731332,10684220,311960,3532204,19926.039,12180.801,0,1227.879,0,68.993,5618,5341,3.800,2.800,2.230,2,0,2.000,0,0,13,42,0,11,3
05-08 23:39:44,26.455,8.236,65.640,0,0,1731536,10683968,311988,3532212,17037.330,9237.456,0,439.261,0,21.963,6082,5522,3.800,2.800,2.230,3,0,5.990,0,0,13,42,0,11,3
05-08 23:39:45,20.789,3.507,73.389,0,0,1731744,10683744,311988,3532228,19451.774,11468.682,0,0,0,0,6225,6139,3.800,2.800,2.230,1,0,0,0,0,13,42,0,11,3
05-08 23:39:46,19.979,5.245,71.925,0,0,1731728,10683744,311988,3532244,5263.526,3850.995,0,1590.346,0,302.685,6583,6053,3.580,2.770,2.220,1,0,2.997,0,0,13,42,0,11,3
05-08 23:39:47,21.237,5.497,71.957,0,0,1731456,10683744,311988,3532516,29734.090,446862.840,0,3.998,0,0.999,6403,6194,3.580,2.770,2.220,1,0,0,0,0,13,42,0,11,3
05-08 23:39:48,22.275,10.261,65.072,0,0,1674028,10741168,311988,3532520,2287.528,1191.316,0,12.013,0,2.002,5929,5069,3.580,2.770,2.220,3,0,48.053,0,0,13,41,0,12,3
05-08 23:39:49,23.251,10.000,64.252,0,0,1712932,10702256,311992,3532520,18222.508,143349.993,0,72.002,0,3.000,4742,4060,3.580,2.770,2.220,1,0,10.000,0,0,13,41,0,12,3
05-08 23:39:50,23.555,6.265,69.413,0,0,1750680,10664508,311992,3532520,1200.814,1303.054,0,0,0,0,4314,3720,3.580,2.770,2.220,0,0,0,0,0,13,42,0,12,3
05-08 23:39:51,20.834,4.465,70.688,0,0,1748112,10667072,311992,3532524,20004.004,10861.669,0,0,0,0,5357,4678,3.370,2.740,2.210,2,0,0,0,0,13,42,0,12,3
05-08 23:39:52,21.621,4.525,71.901,0,0,1748072,10667100,311992,3532536,4018.408,3074.142,0,12.067,0,2.011,6100,5887,3.370,2.740,2.210,1,0,2.011,0,0,13,42,0,12,3
05-08 23:39:53,23.011,9.254,64.531,0,0,1715416,10699716,312020,3532548,1339.633,771.365,0,132.062,0,13.006,5728,5029,3.370,2.740,2.210,3,0,34.016,0,0,13,41,0,13,3
05-08 23:39:54,24.508,8.753,64.020,0,0,1716376,10698736,312040,3532548,15207.856,7578.420,0,256.082,0,14.004,5210,4494,3.370,2.740,2.210,2,0,0,0,0,13,41,0,13,3
05-08 23:39:55,21.772,5.506,68.070,0,0,1746336,10668760,312056,3532548,1210.241,1301.334,0,80.082,0,7.007,4972,4182,3.370,2.740,2.210,1,0,2.002,0,0,13,42,0,13,3
05-08 23:39:56,20.232,5.245,71.684,0,0,1746316,10668760,312064,3532552,5141.301,3582.726,0,43.960,0,3.996,5212,4744,3.180,2.710,2.210,3,0,0.999,0,0,13,42,0,13,3
05-08 23:39:57,20.254,7.251,70.263,0,0,1699540,10715500,312092,3532560,20687.864,11072.068,0,168.031,0,18.003,5919,5503,3.180,2.710,2.210,3,0,18.003,0,0,13,41,0,14,3
05-08 23:39:58,20.922,14.116,64.784,0,0,1707760,10707256,312112,3532564,608.012,0,0,346.859,0,17.141,5868,4915,3.180,2.710,2.210,1,0,44.366,0,0,13,41,0,14,3
05-08 23:39:59,28.531,5.954,64.752,0,0,1735912,10679088,312128,3532564,480.308,146.871,0,111.146,0,6.947,5340,4277,3.180,2.710,2.210,2,0,0,0,0,13,41,0,14,3
05-08 23:40:00,19.516,4.504,73.059,0,0,1753464,10661528,312132,3532568,3152.544,2262.826,0,36.029,0,4.003,5238,4663,3.180,2.710,2.210,2,0,0,0,0,13,42,0,14,3
05-08 23:40:01,23.470,5.493,68.662,0,0,1750760,10664220,312132,3532580,19199.333,11926.677,0,1046.655,0,210.729,5866,5004,3.170,2.720,2.210,0,0,1.997,0,0,13,42,0,14,3
05-08 23:40:02,22.214,4.493,71.883,0,0,1747968,10667000,312132,3532592,5080.736,3731.930,0,15.974,0,2.995,6212,5951,3.170,2.720,2.210,1,0,0,0,0,13,41,0,14,4
05-08 23:40:03,21.721,12.629,64.154,0,0,1698940,10716028,312132,3532592,831.477,66.680,0,0,0,0,5606,4685,3.170,2.720,2.210,1,0,43.443,0,0,13,41,0,15,3
05-08 23:40:04,28.768,8.928,61.007,0,0,1722820,10692100,312132,3532636,721.178,146.815,0,3.968,0,0.992,5362,4494,3.170,2.720,2.210,2,0,4.960,0,0,13,41,0,15,3
05-08 23:40:05,20.262,6.254,71.792,0,0,1747228,10667684,312136,3532636,16501.563,9518.516,0,88.051,0,2.001,4904,4270,3.170,2.720,2.210,0,0,0,0,0,13,42,0,9,3
05-08 23:40:06,22.746,5.249,69.989,0,0,1747224,10667684,312136,3532640,5095.175,3569.422,0,187.970,0,2.000,5514,5008,3.390,2.770,2.230,2,0,1.000,0,0,13,42,0,9,3
05-08 23:40:07,16.963,3.991,76.332,0,0,1747064,10667684,312156,3532780,4924.167,4207.743,0,131.710,0,11.974,5814,5986,3.390,2.770,2.230,1,0,1.996,0,0,13,42,0,9,3
05-08 23:40:08,20.773,12.013,64.571,0.250,0,1701428,10713232,312228,3532792,1977.168,919.008,0,432.474,0,34.037,6370,5752,3.390,2.770,2.230,2,0,61.067,0,0,13,41,0,10,3
05-08 23:40:09,9.998,27.494,59.988,0,0,1699432,10715140,312244,3532864,827.830,147.970,0,355.927,0,17.996,6262,5221,3.390,2.770,2.230,3,0,158.967,0,0,13,41,0,9,3
05-08 23:40:10,10.020,26.552,59.867,0,0,1697996,10716532,312264,3532892,724.417,0,0,276.541,0,15.029,6383,5385,3.390,2.770,2.230,3,0,159.312,0,0,13,41,0,9,3
05-08 23:40:11,10.241,26.977,59.948,0,0,1687640,10726880,312272,3532892,46797.650,75944.519,0,87.924,0,3.997,6532,5385,3.440,2.790,2.240,2,0,146.873,0,0,13,41,0,9,3
05-08 23:40:12,20.154,35.331,39.312,0,0,1687332,10727108,312320,3532920,60663.506,31079.684,0,509.568,0,63.696,6775,5659,3.440,2.790,2.240,5,0,192.083,0,0,13,41,0,11,3
05-08 23:40:13,55.075,24.506,20.464,0,0,1724024,10690132,312428,3533088,46952.533,24475.708,0,594.208,0,42.443,6788,5800,3.440,2.790,2.240,3,0,82.866,0,0,13,41,0,15,3
05-08 23:40:14,66.458,13.991,18.488,0,0,1842244,10571468,312472,3533448,60200.737,31148.203,0,239.848,0,10.993,6135,4170,3.440,2.790,2.240,4,0,2.998,0,0,13,41,0,15,3
05-08 23:40:15,66.148,15.284,17.289,0,0,1952032,10460348,312504,3534536,29975.073,14624.725,0,220.493,0,6.013,6107,4086,3.440,2.790,2.240,4,0,0,0,0,13,41,0,15,3
05-08 23:40:16,72.306,10.400,16.591,0,0,2023976,10386076,312580,3536524,29957.395,14649.359,11.886,2056.259,1.981,239.699,6645,4470,3.490,2.810,2.250,6,0,2.971,0,0,13,41,0,15,3
05-08 23:40:17,66.856,12.270,17.277,2.504,0,2112728,10293940,312660,3539540,31680.415,15322.383,797.269,4298.841,11.018,128.204,6411,4514,3.490,2.810,2.250,8,0,16.026,0,0,13,47,0,13,3
05-08 23:40:18,57.301,25.412,11.709,1.495,0,2144004,10251364,317720,3545384,45322.942,23648.052,0,28062.754,0,2384.736,16334,32507,3.490,2.810,2.250,7,0,118.589,0,0,13,47,0,14,3
05-08 23:40:19,41.421,24.204,25.452,2.745,0,2142192,10241536,323464,3550976,43173.834,552528.457,0,58484.695,0,3508.323,19368,26180,3.490,2.810,2.250,4,0,97.814,0,0,13,47,0,14,3
05-08 23:40:20,38.873,18.818,28.474,5.942,0,2138004,10234256,329052,3556496,30313.286,14612.416,0,53667.995,0,3283.188,18208,26369,3.490,2.810,2.250,6,1,92.108,0,0,13,47,0,14,3
05-08 23:40:21,39.641,19.694,29.289,7.070,0,2135272,10226696,334924,3560632,15782.831,7532.371,0,49739.097,0,3331.897,18585,26830,3.930,2.920,2.290,5,0,130.286,0,0,13,47,0,14,3
05-08 23:40:22,35.479,19.489,30.982,7.496,0,2134004,10218128,340776,3564292,30489.111,15339.000,0,54016.307,0,3421.992,18513,25915,3.930,2.920,2.290,5,0,70.958,0,0,13,47,0,14,3
05-08 23:40:23,57.303,14.700,18.686,5.481,0,2132596,10209056,345608,3569596,44995.686,23128.680,0,31719.218,0,2391.797,14731,20414,3.930,2.920,2.290,6,0,77.733,0,0,13,47,0,14,3
05-08 23:40:24,41.793,30.464,20.645,4.280,0,2024260,10308948,349892,3573512,61220.757,32181.910,0,29229.183,0,2195.411,15058,20790,3.930,2.920,2.290,4,0,148.039,0,0,13,45,0,14,3
05-08 23:40:25,52.286,21.164,20.168,5.478,0,2054932,10267368,355720,3578296,44972.314,23663.349,0,53537.331,0,3314.462,18394,24704,3.930,2.920,2.290,6,0,62.744,0,0,13,45,0,14,3
05-08 23:40:26,58.140,18.625,19.128,3.272,0,2095844,10220016,359764,3580476,44845.606,22694.122,0,32042.787,0,2206.792,14970,19640,4.010,2.950,2.300,4,0,55.371,0,0,13,45,0,14,3
05-08 23:40:27,53.398,18.379,21.856,5.216,0,2125256,10178716,364560,3587188,29570.809,14818.188,0,47061.357,0,2907.806,16976,22451,4.010,2.950,2.300,10,0,0,0,0,13,45,0,14,3
05-08 23:40:28,52.278,17.759,23.262,5.003,0,2135628,10155032,369908,3594692,14966.937,7624.043,0,46052.420,0,2897.536,17155,22793,4.010,2.950,2.300,5,0,4.002,0,0,13,47,0,14,3
05-08 23:40:29,37.990,28.243,25.243,5.499,0,2084324,10199700,374748,3596308,44948.152,23525.799,0,40273.384,0,2835.253,16633,23754,4.010,2.950,2.300,4,1,116.969,0,0,13,45,0,14,3
05-08 23:40:30,39.741,18.361,33.201,6.791,0,2063208,10212788,380420,3598448,59751.073,30402.228,0,47813.737,0,3185.302,17153,24812,4.010,2.950,2.300,4,0,42.256,0,0,13,45,0,14,3
05-08 23:40:31,39.228,14.742,36.230,5.247,0,2052124,10218612,383600,3600380,39383.908,455618.423,0,32010.044,0,2478.610,16339,21808,4.090,2.980,2.320,3,0,61.965,0,0,13,45,0,14,3
05-08 23:40:32,47.371,17.044,35.842,1.253,0,1743380,10526760,384184,3600380,20351.111,150613.661,0,13979.797,0,714.830,7858,7253,4.090,2.980,2.320,3,0,75.193,0,0,13,41,0,14,3
05-08 23:40:33,10.481,27.700,58.894,0.250,0,1730020,10540032,384240,3600408,45967.496,37440.800,0,1437.420,0,73.867,6855,5865,4.090,2.980,2.320,1,0,164.704,0,0,13,41,0,14,3
05-08 23:40:34,25.406,9.714,63.267,0.249,0,1757452,10512416,384420,3600408,44929.372,23624.909,0,5491.755,0,263.030,5656,5074,4.090,2.980,2.320,3,0,11.956,0,0,13,41,0,13,3
05-08 23:40:35,26.553,6.763,65.630,0.250,0,1789676,10480188,384420,3600408,59269.683,29971.510,0,44.088,0,4.008,4698,3851,4.090,2.980,2.320,1,0,1.002,0,0,13,41,0,13,3
05-08 23:40:36,26.239,7.747,65.722,0,0,1819752,10450112,384420,3600408,29726.202,14747.651,0,0,0,0,4656,3829,4.010,2.980,2.320,3,0,1.000,0,0,13,41,0,13,3
05-08 23:40:37,27.248,5.499,65.494,0,0,1856864,10413000,384420,3600408,14778.647,7361.326,0,0,0,0,4716,3955,4.010,2.980,2.320,2,0,4.000,0,0,13,45,0,13,3
05-08 23:40:38,32.842,4.011,64.933,0,0,1856940,10412896,384444,3600412,45282.534,24896.117,0,445.254,0,59.167,5417,4571,4.010,2.980,2.320,1,0,0,0,0,13,47,0,12,3
05-08 23:40:39,23.197,9.977,64.853,0,0,1734100,10535736,384444,3600412,44917.906,23821.855,0,107.755,0,5.986,5347,4423,4.010,2.980,2.320,2,0,26.939,0,0,13,41,0,12,3
05-08 23:40:40,26.018,7.255,64.295,0,0,1770168,10499640,384464,3600420,60431.191,31544.023,0,120.084,0,13.009,5636,4924,4.010,2.980,2.320,2,0,3.002,0,0,13,41,0,12,3
05-08 23:40:41,26.007,7.252,64.267,0,0,1805844,10463936,384476,3600428,43975.323,22769.863,0,328.084,0,18.005,5488,4701,3.770,2.950,2.310,1,0,0,0,0,13,41,0,12,3
05-08 23:40:42,27.491,6.998,63.730,0,0,1839572,10429988,384692,3600428,15074.162,7455.607,0,6010.071,0,306.901,5794,5318,3.770,2.950,2.310,2,0,1.999,0,0,13,41,0,12,3
05-08 23:40:43,28.473,5.245,63.690,0.250,0,1845452,10423940,384848,3600436,30169.693,16158.839,0,6226.158,0,346.675,5653,5078,3.770,2.950,2.310,3,0,1.998,0,0,13,43,0,12,3
05-08 23:40:44,17.648,27.093,53.191,0.249,0,1735620,10533752,384860,3600444,55602.215,572241.994,0,497.114,0,23.861,6470,5273,3.770,2.950,2.310,5,0,131.238,0,0,13,41,0,12,3
05-08 23:40:45,13.856,46.104,37.538,0,0,1731612,10537740,384868,3600448,60980.600,33197.100,0,161.239,0,10.077,7189,6178,3.770,2.950,2.310,4,0,276.122,0,0,13,41,0,12,3
05-08 23:40:46,14.399,44.687,36.991,0,0,1713964,10555364,384876,3600464,60236.645,33316.399,0,166.830,0,13.903,7187,6100,3.780,2.970,2.320,2,0,263.155,0,0,13,41,0,12,3
05-08 23:40:47,13.601,48.612,35.515,0,0,1707060,10562252,384876,3600480,45791.153,29354.698,0,12.090,0,3.023,7117,6073,3.780,2.970,2.320,2,0,298.222,0,0,13,41,0,12,3
05-08 23:40:48,12.755,43.518,41.017,0,0,1692096,10577212,384876,3600484,61057.570,31758.780,0,3105.250,0,20.008,7017,5808,3.780,2.970,2.320,4,0,259.104,0,0,13,41,0,12,3
05-08 23:40:49,12.004,26.258,59.517,0,0,1693992,10575316,384876,3600484,44395.020,22270.532,0,312.092,0,70.021,6634,5459,3.780,2.970,2.320,3,0,161.047,0,0,13,41,0,12,3
05-08 23:40:50,9.989,26.719,60.430,0,0,1694280,10575024,384876,3600488,29644.882,14749.025,0,15.982,0,3.995,6594,5425,3.780,2.970,2.320,1,0,156.820,0,0,13,41,0,11,3
05-08 23:40:51,11.765,27.035,60.077,0,0,1695888,10573408,384876,3600496,45634.371,29313.495,0,232.297,0,4.005,6654,5450,3.720,2.970,2.330,1,0,166.213,0,0,13,41,0,11,3
05-08 23:40:52,10.973,24.938,61.347,0,0,1694200,10574956,384876,3600636,48982.671,25627.997,0,11.970,0,2.993,6615,5506,3.720,2.970,2.330,1,0,140.649,0,0,13,41,0,11,3
05-08 23:40:53,12.338,25.180,61.943,0,0,1696392,10572748,384892,3600636,71068.726,590370.005,0,165.182,0,12.087,7352,6235,3.720,2.970,2.330,2,0,130.937,0,0,13,41,0,11,3
05-08 23:40:54,11.928,23.608,61.133,0,0,1687524,10581572,384916,3600652,60102.391,32797.220,0,803.181,0,115.308,6853,5688,3.720,2.970,2.330,1,0,126.243,0,0,13,41,0,10,3
05-08 23:40:55,11.514,26.532,59.823,0,0,1688300,10580792,384916,3600656,60949.431,31574.559,0,12.015,0,3.004,6652,5550,3.720,2.970,2.330,2,0,131.160,0,0,13,41,0,10,3
05-08 23:40:56,11.246,25.490,60.226,0,0,1690756,10578332,384916,3600660,45017.125,22912.902,0,11.995,0,2.999,6590,5586,3.580,2.950,2.320,2,0,122.951,0,0,13,41,0,10,3
05-08 23:40:57,12.485,25.469,60.427,0,0,1687944,10581132,384916,3600672,60407.062,31951.421,0,11.986,0,2.996,6597,5509,3.580,2.950,2.320,1,0,124.849,0,0,13,41,0,10,3
05-08 23:40:58,21.767,25.520,51.291,0,0,1693464,10575588,384916,3601136,45009.554,22635.881,0,8.006,0,2.002,6570,7124,3.580,2.950,2.320,1,0,85.067,0,0,13,41,0,9,3
05-08 23:40:59,23.237,22.737,54.469,0,0,1680624,10588416,384920,3600680,55112.258,26646.653,0,95.945,0,2.998,6645,7431,3.580,2.950,2.320,3,0,65.962,0,0,13,41,0,9,3
05-08 23:41:00,42.179,25.707,30.698,0,0,1731660,10537296,384932,3601208,49877.073,28328.332,0,3.993,0,0.998,6540,5408,3.580,2.950,2.320,3,0,88.850,0,0,13,41,0,9,3
05-08 23:41:01,46.505,20.502,32.504,0,0,1814016,10454896,384932,3601252,45172.981,24660.719,0,0,0,0,6079,4614,3.620,2.970,2.330,3,0,44.005,0,0,13,42,0,9,3
05-08 23:41:02,51.635,8.272,39.854,0,0,1878680,10390216,384932,3601268,55921.051,583554.086,0,4.010,0,1.003,6004,4177,3.620,2.970,2.330,3,0,1.003,0,0,13,42,0,9,3
05-08 23:41:03,56.139,7.236,34.931,0.499,0,1921728,10346704,384960,3601632,15152.127,7605.006,87.827,291.425,0.998,15.969,6486,5487,3.620,2.970,2.330,6,0,16.967,0,0,13,58,0,8,3
05-08 23:41:04,50.497,11.749,39.498,0,0,1943328,10324288,384984,3602312,29903.506,15291.236,0,319.984,0,13.999,6295,4698,3.620,2.970,2.330,4,0,4.000,0,0,13,58,0,8,3
05-08 23:41:05,46.033,16.011,38.277,0,0,1961244,10303400,385008,3604996,14850.533,7625.408,0,2245.593,0,366.260,8328,8630,3.620,2.970,2.330,4,0,41.029,0,0,13,57,0,8,3
05-08 23:41:06,10.771,24.547,63.371,0,0,1966516,10298112,385020,3605000,15522.729,10602.305,0,116.223,0,10.019,6674,5653,3.410,2.940,2.330,3,0,133.255,0,0,13,57,0,8,3
05-08 23:41:07,10.493,25.984,60.212,0.250,0,1972464,10292100,385032,3605012,60473.945,32461.573,11.992,0,2.998,0,6752,5698,3.410,2.940,2.330,1,0,153.903,0,0,13,57,0,8,3
05-08 23:41:08,22.392,23.649,53.589,0,0,1963256,10301236,385032,3605212,60589.999,31368.284,0,0,0,0,7194,7530,3.410,2.940,2.330,1,0,90.573,0,0,13,57,0,8,3
05-08 23:41:09,24.468,23.719,51.432,0.250,0,1961948,10302508,385040,3605016,44748.636,23209.210,11.984,91.878,2.996,2.996,6427,7166,3.410,2.940,2.330,0,1,67.910,0,0,13,57,0,8,3
05-08 23:41:10,18.141,11.432,62.625,5.716,0,1963752,10290928,385060,3615136,44301.668,23127.485,9674.060,7.952,132.208,1.988,6159,5650,3.410,2.940,2.330,4,0,56.661,0,0,14,57,0,8,3
05-08 23:41:11,25.034,23.795,50.811,0,0,1961452,10293192,385068,3615140,44127.058,22293.543,0,174.494,0,2.974,7826,8684,3.370,2.940,2.330,6,0,67.418,0,0,14,57,0,7,3
05-08 23:41:12,18.394,21.922,57.198,1.512,0,1969584,10283584,385072,3616216,60293.555,31327.532,1467.502,4.032,21.166,1.008,6276,5786,3.370,2.940,2.330,1,0,107.845,0,0,14,57,0,7,3
05-08 23:41:13,35.052,30.044,31.547,2.253,0,2039868,10212368,385124,3617032,60016.849,597356.323,785.162,1141.690,26.039,30.044,7482,6469,3.370,2.940,2.330,2,0,117.173,0,0,14,73,0,7,3
05-08 23:41:14,13.229,23.962,61.403,0,0,2048164,10204060,385124,3617036,60939.192,33397.493,0,658.964,0,76.879,6807,5719,3.370,2.940,2.330,2,0,108.829,0,0,14,73,0,7,3
05-08 23:41:15,18.527,26.288,53.828,0,0,2054332,10197832,385128,3617516,45025.628,23902.840,4.006,16.023,1.001,4.006,7113,7566,3.370,2.940,2.330,1,0,125.182,0,0,14,73,0,1,3
05-08 23:41:16,21.991,24.240,51.980,0,0,2043480,10208668,385128,3617516,44785.380,22914.984,0,7.997,0,1.999,6997,7769,3.180,2.910,2.320,2,0,69.972,0,0,14,73,0,1,3
05-08 23:41:17,12.008,22.014,61.039,1.501,0,2034424,10216032,385168,3618588,59717.823,30831.527,1464.928,288.183,33.021,10.006,5783,5653,3.180,2.910,2.320,0,0,123.078,0,0,14,73,0,1,3
05-08 23:41:18,9.951,17.166,70.652,0,0,2044776,10205668,385168,3618796,44814.478,24149.167,0,43.785,0,2.985,5790,5144,3.180,2.910,2.320,2,0,88.564,0,0,14,73,0,1,3
05-08 23:41:19,23.956,30.130,40.256,1.482,0,2037916,10210764,385168,3620804,59961.481,31819.159,1703.081,15.806,19.757,0.988,8454,18698,3.180,2.910,2.320,7,0,137.313,0,0,16,73,0,1,3
05-08 23:41:20,22.605,29.971,48.004,0,0,2048944,10199688,385168,3620808,46124.229,23750.930,0,5104.144,0,433.812,8018,8116,3.180,2.910,2.320,2,0,91.436,0,0,16,73,0,1,3
05-08 23:41:21,18.700,22.939,56.598,0.997,0,2048308,10198432,385172,3622212,50110.729,24404.608,1870.987,0,23.936,0,6178,5318,3.170,2.910,2.330,3,0,76.794,0,0,16,75,0,1,3
05-08 23:41:22,12.299,25.854,59.990,0,0,2053984,10192740,385176,3622216,65089.659,472291.342,0,204.820,0,11.044,7027,5941,3.170,2.910,2.330,2,0,157.631,0,0,16,75,0,1,3
05-08 23:41:23,11.479,24.205,62.134,0,0,2055148,10191568,385176,3622224,64437.029,159211.575,0,0,0,0,6827,5705,3.170,2.910,2.330,1,0,137.744,0,0,16,75,0,1,3
05-08 23:41:24,11.845,25.202,60.990,0,0,2044384,10202324,385176,3622232,53566.059,26410.035,0,16.129,0,4.032,6537,5548,3.170,2.910,2.330,3,0,132.060,0,0,16,75,0,1,3
05-08 23:41:25,13.170,25.346,58.644,0,0,2043132,10203568,385176,3622236,53046.105,28918.516,0,4651.772,0,780.265,7912,5548,3.170,2.910,2.330,2,0,119.276,0,0,16,75,0,1,3
05-08 23:41:26,12.996,24.492,60.479,0,0,2045116,10201580,385176,3622632,60294.491,30927.480,0,19.993,0,4.998,6517,5528,3.070,2.890,2.330,2,0,103.965,0,0,16,75,0,1,3
05-08 23:41:27,23.719,23.969,50.434,0,0,2044604,10202020,385180,3622724,44701.319,22536.416,0,95.874,0,1.997,7798,9282,3.070,2.890,2.330,4,0,69.908,0,0,16,75,0,1,3
05-08 23:41:28,22.413,25.152,49.558,0,0,2053132,10193488,385180,3622256,44498.404,22966.918,0,7.969,0,1.992,6535,6811,3.070,2.890,2.330,3,0,89.652,0,0,16,75,0,1,3
05-08 23:41:29,31.412,31.161,38.951,0,0,2100508,10146088,385188,3622272,61087.680,33635.265,0,64.331,0,4.021,6753,5245,3.070,2.890,2.330,2,0,135.699,0,0,16,75,0,1,3
05-08 23:41:30,31.884,29.165,37.074,0,0,2144856,10101740,385188,3622272,63074.849,185253.142,0,98.865,0,4.943,6916,5605,3.070,2.890,2.330,4,0,142.366,0,0,16,75,0,1,3
05-08 23:41:31,31.752,29.484,39.816,0,0,2192768,10053712,385208,3622352,57582.673,431916.922,0,92.737,0,1.008,6977,5547,2.990,2.880,2.320,2,0,124.993,0,0,16,75,0,1,3
05-08 23:41:32,29.809,30.554,36.764,0.497,0,2225956,10018956,385248,3623768,60649.491,33618.095,35.770,647.839,2.981,6.955,7598,7431,2.990,2.880,2.320,4,0,145.068,0,0,16,79,0,3,3
05-08 23:41:33,29.963,30.712,36.954,0.749,0,2274552,9970348,385256,3623772,60600.940,32286.011,7.990,0,1.998,0,6734,5356,2.990,2.880,2.320,2,0,159.802,0,0,16,79,0,3,3
05-08 23:41:34,28.823,31.858,38.937,0,0,2294164,9950728,385256,3623776,61383.891,31612.780,0,958.760,0,6.068,6743,5357,2.990,2.880,2.320,3,0,146.646,0,0,16,79,0,3,3
05-08 23:41:35,32.372,25.897,40.091,0.498,0,2303428,9941444,385260,3623792,45515.713,27728.169,3.984,0,0.996,0,6718,5448,2.990,2.880,2.320,3,0,131.479,0,0,16,79,0,3,3
05-08 23:41:36,28.120,28.873,42.933,0,0,2299620,9945020,385260,3624012,60464.197,31865.547,0,1229.229,0,6.026,6668,5414,2.990,2.880,2.330,2,0,121.517,0,0,16,79,0,3,3
05-08 23:41:37,11.984,25.466,59.921,0,0,2297356,9947276,385260,3624020,60084.731,30997.106,0,315.584,0,5.992,6716,5734,2.990,2.880,2.330,1,0,124.835,0,0,16,79,0,3,3
05-08 23:41:38,12.727,25.453,60.139,0,0,2298180,9946448,385260,3624024,45985.343,23422.879,0,11.978,0,2.994,6619,5608,2.990,2.880,2.330,3,0,128.763,0,0,16,79,0,3,3
05-08 23:41:39,13.533,25.062,59.647,0,0,2291128,9953492,385260,3624028,74132.210,598072.002,0,64.158,0,5.012,7029,5841,2.990,2.880,2.330,2,0,114.281,0,0,16,79,0,3,3
05-08 23:41:40,24.735,23.736,50.720,0,0,2292908,9951628,385260,3624028,44574.668,23252.264,0,43.974,0,3.998,7424,8441,2.990,2.880,2.330,3,0,72.957,0,0,16,79,0,3,3
05-08 23:41:41,23.732,22.983,53.210,0,0,2291596,9952920,385260,3624036,44414.547,22906.747,0,3.997,0,0.999,7159,7838,3.230,2.930,2.350,1,0,71.946,0,0,16,79,0,3,3
05-08 23:41:42,43.769,29.843,24.620,0,0,2366524,9877824,385272,3624644,60432.212,32568.199,0,119.370,0,2.984,6642,5222,3.230,2.930,2.350,5,0,101.465,0,0,16,79,0,3,3
05-08 23:41:43,50.280,30.769,18.761,0,0,2441752,9802588,385272,3624652,60844.638,34436.736,0,0,0,0,6707,5224,3.230,2.930,2.350,7,0,123.074,0,0,16,79,0,3,3
05-08 23:41:44,55.058,31.283,14.015,0,0,2488448,9755544,385280,3624984,46057.199,24843.999,0,8.008,0,2.002,6813,5849,3.230,2.930,2.350,4,0,119.125,0,0,16,79,0,3,3
05-08 23:41:45,52.936,29.684,16.326,0,0,2540464,9703124,385296,3625324,59476.192,31577.494,0,55.410,0,2.968,6685,5200,3.230,2.930,2.350,5,0,118.735,0,0,16,79,0,3,3
05-08 23:41:46,51.598,33.134,15.176,0,0,2579916,9661332,385396,3627256,61302.960,31947.995,0,5471.365,0,829.608,7956,5542,3.450,2.990,2.370,6,0,121.406,0,0,16,79,0,3,3
05-08 23:41:47,49.143,28.438,16.464,5.488,0,2599272,9640412,386432,3627880,54636.362,447268.797,1025.773,1081.651,134.707,4.989,8001,8293,3.450,2.990,2.370,3,0,83.818,0,0,16,83,0,3,3
05-08 23:41:48,59.948,23.930,14.062,0.247,0,2696068,9542152,386996,3628264,46826.383,144022.731,0,3678.772,0,483.530,9213,11896,3.450,2.990,2.370,3,0,74.010,0,0,16,83,0,3,3
05-08 23:41:49,47.141,35.292,15.377,1.008,0,2688976,9537640,388472,3638028,45989.054,24599.828,0,20025.930,0,1399.597,11864,15797,3.450,2.990,2.370,7,0,94.785,0,0,16,83,0,3,3
05-08 23:41:50,51.331,31.550,13.020,1.502,0,2729752,9490804,391092,3641268,60950.879,33897.322,0,12319.379,0,1515.384,12270,16494,3.450,2.990,2.370,5,0,108.170,0,0,16,83,0,3,3
05-08 23:41:51,53.921,29.321,13.667,1.491,0,2748556,9465348,393092,3645748,59782.777,32712.156,0,15783.575,0,1410.384,11226,14027,3.500,3,2.380,5,0,103.369,0,0,16,83,0,3,3
05-08 23:41:52,60.999,34.676,4.556,1.012,0,2790516,9421072,393188,3647668,46250.990,24415.841,534.565,1551.048,7.087,56.696,7703,8973,3.500,3,2.380,6,0,167.051,0,0,16,87,0,7,3
05-08 23:41:53,53.201,32.874,13.049,0,0,2855944,9354808,393272,3648396,60392.471,31595.529,0,1156.375,0,62.235,7893,8472,3.500,3,2.380,3,0,136.516,0,0,16,93,0,11,3
05-08 23:41:54,43.673,24.781,30.179,0.245,0,2875548,9334656,393324,3649256,44220.870,22486.319,3.926,753.731,0.981,37.294,7941,8959,3.500,3,2.380,9,0,80.477,0,0,16,93,0,11,3
05-08 23:41:55,37.123,32.800,31.020,0,0,2906480,9301640,393376,3650892,45556.383,22967.366,0,862.471,0,36.614,8522,12391,3.500,3,2.380,5,0,102.724,0,0,16,105,0,19,3
05-08 23:41:56,28.948,30.195,40.676,0,0,2955540,9252540,393408,3650900,70145.931,462562.070,0,1956.456,0,36.933,7140,5898,3.380,2.990,2.370,4,0,116.788,0,0,16,105,0,19,3
05-08 23:41:57,34.107,28.132,38.838,0,0,3005672,9202144,393656,3650908,63331.250,154105.775,0,4437.450,0,212.113,7425,6187,3.380,2.990,2.370,3,0,124.480,0,0,16,105,0,19,3
05-08 23:41:58,31.405,30.651,38.188,0,0,3043916,9163896,393660,3650920,45722.050,23855.420,0,2753.553,0,18.089,6657,5370,3.380,2.990,2.370,3,0,127.628,0,0,16,105,0,19,3
05-08 23:41:59,33.550,28.253,38.595,0,0,3049640,9157876,393660,3651216,61041.957,32480.504,0,12.108,0,3.027,6812,5612,3.380,2.990,2.370,3,0,119.065,0,0,16,107,0,19,3
05-08 23:42:00,36.067,27.668,35.326,0,0,3080812,9126088,393660,3651836,48053.650,22900.853,0,15.810,0,3.953,7418,7035,3.380,2.990,2.370,3,0,105.730,0,0,16,105,0,20,3
05-08 23:42:01,26.516,27.260,44.855,0,0,3088044,9117416,393664,3653600,56067.637,30013.365,0,0,0,0,7449,8557,3.590,3.040,2.390,3,0,88.222,0,0,16,105,0,21,3
05-08 23:42:02,23.490,24.248,51.275,0,0,3096940,9108416,393664,3653212,44965.220,22769.042,0,0,0,0,6671,7573,3.590,3.040,2.390,1,0,72.745,0,0,16,105,0,21,3
05-08 23:42:03,29.917,29.917,39.391,0,0,3139972,9065340,393680,3653224,45318.174,26061.640,0,307.147,0,13.961,6890,6050,3.590,3.040,2.390,3,0,107.701,0,0,16,105,0,21,3
05-08 23:42:04,35.513,31.483,31.987,0.504,0,3174108,9031072,393752,3653272,61427.680,33322.650,0,16038.717,0,1937.340,9797,5755,3.590,3.040,2.390,3,0,119.887,0,0,16,109,0,21,3
05-08 23:42:05,31.649,28.658,37.131,0,0,3213280,8991868,393776,3653280,57230.550,575325.818,0,99.680,0,12.958,6805,5717,3.590,3.040,2.390,3,0,124.601,0,0,16,111,0,21,3
05-08 23:42:06,31.296,27.600,39.428,0,0,3230588,8974452,393776,3653388,60130.141,33801.888,0,3.943,0,0.986,6958,6077,3.540,3.030,2.400,2,0,127.156,0,0,16,111,1,21,3
05-08 23:42:07,34.608,27.992,38.680,0,0,3271384,8933476,393800,3653540,61102.079,31725.688,4.072,374.585,1.018,16.286,6734,5809,3.540,3.030,2.400,4,0,122.147,0,0,16,113,0,21,3
05-08 23:42:08,33.102,33.600,31.111,0,0,3281956,8921560,393824,3654896,44878.699,23220.363,0,378.312,0,23.893,8437,9774,3.540,3.030,2.400,4,0,123.449,0,0,16,115,0,23,3
05-08 23:42:09,20.056,27.577,49.890,0,0,3293196,8910236,393832,3654980,60889.435,31712.767,0,296.831,0,15.042,6753,5827,3.540,3.030,2.400,2,0,117.328,0,0,16,115,0,24,3
05-08 23:42:10,16.247,25.995,55.988,0,0,3302336,8900956,393936,3654992,55845.484,27620.304,0,1431.705,0,77.984,6908,6135,3.540,3.030,2.400,2,0,107.978,0,0,16,117,0,24,3
05-08 23:42:11,22.643,23.398,53.840,0,0,3310512,8892696,393944,3654992,48769.665,26638.047,0,136.863,0,8.051,6403,7356,3.740,3.080,2.420,2,0,74.470,0,0,16,117,0,24,3
05-08 23:42:12,23.634,22.888,52.493,0,0,3314472,8888552,393964,3655128,45199.712,23176.533,0,226.889,0,12.937,6956,7450,3.740,3.080,2.420,1,0,74.635,0,0,16,117,0,24,3
05-08 23:42:13,51.042,27.637,20.417,0,0,3376416,8826572,393992,3655592,45412.947,24856.711,0,191.221,0,11.951,6720,5348,3.740,3.080,2.420,5,0,107.562,0,0,16,117,0,24,3
05-08 23:42:14,52.320,14.519,36.299,0,0,3440576,8762368,394020,3655600,73888.982,588602.493,0,408.547,0,16.021,6875,5202,3.740,3.080,2.420,3,0,14.019,0,0,16,118,0,24,3
05-08 23:42:15,23.758,20.507,54.769,0,0,3453892,8748032,394092,3656500,45614.183,24924.843,0,836.297,0,53.019,7298,6619,3.740,3.080,2.420,2,0,100.035,0,0,16,121,0,24,3
05-08 23:42:16,11.778,24.307,62.396,0,0,3445704,8756200,394104,3656504,45840.393,25551.862,0,192.451,0,10.023,6699,5708,3.440,3.030,2.400,1,0,134.315,0,0,16,121,0,24,3
05-08 23:42:17,10.982,24.959,61.649,0,0,3449176,8752672,394140,3656508,61001.998,34209.919,0,487.201,0,26.956,6797,5820,3.440,3.030,2.400,2,0,126.792,0,0,16,121,0,24,3
05-08 23:42:18,14.490,24.234,59.460,0,0,3453012,8748784,394180,3656512,60709.715,33547.187,0,599.592,0,20.986,6706,5793,3.440,3.030,2.400,3,0,122.916,0,0,16,123,0,24,3
05-08 23:42:19,29.261,36.264,32.512,0,0,3552172,8649604,394184,3659852,60982.943,33606.643,0,72.027,0,6.002,7201,18126,3.440,3.030,2.400,6,0,159.060,0,0,17,126,0,24,3
05-08 23:42:20,21.041,25.300,51.100,0,0,3558424,8643304,394216,3656536,45712.695,25163.374,0,1034.029,0,123.242,7161,6393,3.440,3.030,2.400,1,0,126.248,0,0,16,125,0,24,3
05-08 23:42:21,12.247,25.993,59.735,0,0,3553352,8648352,394232,3656544,60612.552,34215.280,0,8649.795,0,1065.728,8498,5553,3.320,3.020,2.400,1,0,125.968,0,0,16,125,0,24,3
05-08 23:42:22,12.255,26.011,59.024,0,0,3533492,8668184,394252,3656552,73960.436,591359.355,0,152.063,0,16.007,7315,6212,3.320,3.020,2.400,1,0,137.056,0,0,16,125,0,24,3
05-08 23:42:23,22.733,10.992,64.701,0,0,3573488,8628144,394288,3656560,44246.543,22069.312,0,283.785,0,21.983,5100,4447,3.320,3.020,2.400,3,0,7.994,0,0,16,125,0,24,3
05-08 23:42:24,26.525,6.006,66.313,0,0,3599676,8601936,394300,3656564,29767.132,15048.222,0,144.136,0,9.009,4348,3567,3.320,3.020,2.400,1,0,0,0,0,16,125,0,24,3
05-08 23:42:25,21.946,5.985,69.827,0.249,0,3613712,8587824,394364,3656576,20498.101,12966.802,0,335.168,0,34.913,5471,5126,3.320,3.020,2.400,1,0,3.990,0,0,16,130,0,24,3
05-08 23:42:26,25.763,6.503,66.284,0,0,3614420,8587068,394404,3656588,15755.122,7966.107,0,252.130,0,20.010,5867,5436,3.140,2.980,2.390,1,0,1.001,0,0,16,132,0,24,3
05-08 23:42:27,21.519,9.508,68.811,0,0,3566512,8634948,394412,3656604,33600.899,25037.279,0,148.132,0,8.007,5496,4653,3.140,2.980,2.390,3,0,44.039,0,0,16,131,0,25,3
05-08 23:42:28,23.139,11.067,64.136,0,0,3604276,8597164,394428,3656604,45008.191,27346.775,0,1484.947,0,16.097,5700,4807,3.140,2.980,2.390,1,0,21.127,0,0,16,131,0,25,3
05-08 23:42:29,43.388,10.909,45.619,0,0,3643552,8557664,394468,3656784,29196.168,15421.210,0,218.178,0,23.801,7520,6326,3.140,2.980,2.390,2,0,5.950,0,0,16,133,0,26,3
05-08 23:42:30,22.908,5.976,68.474,0,0,3643180,8557924,394528,3656836,34989.929,20152.749,0,418.313,0,33.863,6218,6224,3.140,2.980,2.390,4,0,1.992,0,0,16,134,0,26,3
05-08 23:42:31,21.858,5.527,70.346,0,0,3637216,8563872,394528,3656848,15761.558,8294.817,0,148.732,0,8.040,5327,4669,2.960,2.950,2.380,2,0,1.005,0,0,16,136,0,26,3
05-08 23:42:32,29.521,7.505,64.046,0,0,3639588,8561140,394608,3657056,15089.891,7367.317,0,440.318,0,42.030,6378,5710,2.960,2.950,2.380,1,0,3.002,0,0,16,136,0,26,3
05-08 23:42:33,34.521,11.757,51.781,0.500,0,3644300,8555792,394956,3657332,15089.152,7300.428,0,1624.986,0,195.118,8340,9661,2.960,2.950,2.380,1,0,4.002,0,0,16,141,0,24,3
05-08 23:42:34,26.720,9.240,61.681,0,0,3649188,8550732,395088,3657372,15122.106,7435.693,0,795.112,0,72.919,6451,6939,2.960,2.950,2.380,3,0,0,0,0,16,141,0,24,3
05-08 23:42:35,38.433,6.239,53.906,0,0,3654976,8544716,395272,3657400,1524.350,1206.902,0,1201.910,0,112.804,7721,8334,2.960,2.950,2.380,1,0,1.997,0,0,16,140,0,26,3
05-08 23:42:36,16.295,20.055,61.669,0,0,3593992,8605644,395304,3657408,45732.199,25269.179,0,481.318,0,22.060,6524,5598,2.810,2.920,2.380,1,0,111.305,0,0,16,140,0,26,3
05-08 23:42:37,28.033,9.511,65.326,0,0,3625064,8574508,395364,3657412,44211.550,22045.705,0,500.584,0,35.041,5130,4422,2.810,2.920,2.380,1,0,1.001,0,0,16,140,0,26,3
05-08 23:42:38,22.467,5.742,70.897,0,0,3658516,8540880,395536,3657412,31644.089,16787.643,0,2436.465,0,134.804,5395,4968,2.810,2.920,2.380,0,0,1.997,0,0,16,141,0,26,3
05-08 23:42:39,25.232,6.495,67.702,0,0,3658720,8540660,395548,3657416,19890.955,11832.645,0,151.893,0,7.994,5588,4876,2.810,2.920,2.380,2,0,1.999,0,0,16,144,0,26,3
05-08 23:42:40,25.046,7.764,66.373,0,0,3661404,8537936,395576,3657428,16231.063,9227.090,0,196.364,0,17.032,5396,5065,2.810,2.920,2.380,1,0,1.002,0,0,16,145,0,26,3
05-08 23:42:41,25.959,10.483,61.403,0,0,3664912,8534212,395796,3657432,27109.162,588695.745,0,3258.850,0,201.681,7481,7527,2.740,2.900,2.370,2,0,2.995,0,0,16,145,0,26,3
05-08 23:42:42,27.202,10.981,59.895,0,0,3671828,8527156,395916,3657448,15274.238,7349.123,0,4408.276,0,583.977,7259,6697,2.740,2.900,2.370,5,0,1.997,0,0,16,145,0,26,3
05-08 23:42:43,38.486,20.493,40.236,0,0,3666864,8531992,396016,3657472,32536.361,17499.740,0,787.718,0,64.977,6875,6078,2.740,2.900,2.370,4,0,71.974,0,0,16,144,0,27,3
05-08 23:42:44,42.611,21.556,36.846,0,0,3712108,8486716,396036,3657476,44727.726,23262.709,0,300.785,0,12.031,6355,4972,2.740,2.900,2.370,2,0,33.086,0,0,16,144,0,27,3
05-08 23:42:45,45.524,9.755,45.775,0.250,0,3786340,8412376,396140,3657480,31194.744,16476.844,0,1128.606,0,69.037,5841,4589,2.740,2.900,2.370,2,0,0,0,0,16,145,0,27,3
05-08 23:42:46,26.251,7.250,65.002,0,0,3795372,8403316,396156,3657488,35122.999,35947.022,0,364.010,0,18.001,5579,4906,2.600,2.870,2.370,0,0,1.000,0,0,16,145,0,27,3
05-08 23:42:47,22.243,11.996,65.229,0,0,3770144,8428564,396156,3657500,32590.642,8217.388,0,0,0,0,5722,4819,2.600,2.870,2.370,1,0,56.982,0,0,16,144,0,28,3
05-08 23:42:48,22.972,9.239,65.920,0,0,3770840,8427864,396160,3657500,30056.413,19072.783,0,87.893,0,6.991,4402,3848,2.600,2.870,2.370,1,0,0,0,0,16,144,0,28,3
05-08 23:42:49,25.045,5.760,67.872,0,0,3781912,8416788,396160,3657504,44511.058,23092.535,0,0,0,0,4465,3776,2.600,2.870,2.370,0,0,0,0,0,16,145,0,28,3
05-08 23:42:50,20.358,5.027,74.395,0,0,3783672,8415024,396160,3657508,35225.044,18122.228,0,0,0,0,5230,4519,2.600,2.870,2.370,4,0,2.011,0,0,16,145,0,28,3
05-08 23:42:51,24.366,8.205,67.380,0,0,3721640,8477028,396168,3657528,33798.435,27145.959,0,381.903,0,63.651,5767,4784,2.390,2.820,2.350,2,0,30.831,0,0,16,146,0,29,3
05-08 23:42:52,25.911,10.817,63.645,0,0,3734452,8464180,396204,3657528,30625.291,18987.983,0,185.150,0,22.138,5804,5198,2.390,2.820,2.350,2,0,21.131,0,0,16,146,0,29,3
05-08 23:42:53,26.548,6.699,66.245,0,0,3778132,8420332,396240,3657660,29793.968,15219.030,0,1325.897,0,234.215,5726,4863,2.390,2.820,2.350,1,0,1.985,0,0,16,147,0,24,3
05-08 23:42:54,17.776,5.759,74.861,0,0,3778104,8420332,396256,3657668,35572.545,20526.320,0,116.172,0,8.012,4719,4280,2.390,2.820,2.350,0,0,0,0,0,16,147,0,24,3
05-08 23:42:55,24.866,6.782,67.817,0,0,3778152,8420108,396396,3657700,31216.834,14922.714,0,530.478,0,67.314,6516,6598,2.390,2.820,2.350,1,0,0,0,0,16,147,0,24,3
05-08 23:42:56,20.650,11.942,64.439,0,0,3718520,8479540,396460,3657832,16459.585,9251.364,0,402.060,0,35.827,6077,5631,2.280,2.790,2.350,3,0,50.755,0,0,16,146,0,25,3
05-08 23:42:57,20.235,14.240,62.954,0,0,3720848,8477196,396476,3657832,59228.659,583580.958,0,231.830,0,11.991,6169,5372,2.280,2.790,2.350,2,0,34.974,0,0,16,146,0,14,3
05-08 23:42:58,27.756,6.001,64.765,0,0,3760564,8437408,396548,3657832,29832.724,14595.290,0,912.206,0,53.012,5661,4749,2.280,2.790,2.350,5,0,0,0,0,16,146,0,14,3
05-08 23:42:59,17.975,5.243,75.146,0,0,3768852,8429104,396560,3657836,35382.040,20135.138,0,95.867,0,8.988,5034,4435,2.280,2.790,2.350,3,0,1.997,0,0,16,147,0,14,3
05-08 23:43:00,25.557,4.761,70.158,0,0,3720848,8477096,396560,3657848,34053.480,25556.397,0,28.063,0,4.009,5243,4541,2.280,2.790,2.350,3,0,1.002,0,0,16,146,0,15,3
05-08 23:43:01,20.750,15.000,63.751,0,0,3750188,8447744,396560,3657860,44514.407,26700.244,0,12.000,0,2.000,6009,5141,2.180,2.760,2.340,1,0,54.000,0,0,16,146,0,13,3
05-08 23:43:02,29.455,6.740,64.900,0,0,3790444,8407488,396560,3657860,29854.906,14635.404,0,3.994,0,0.998,5524,4524,2.180,2.760,2.340,2,0,1.997,0,0,16,146,0,13,3
05-08 23:43:03,18.232,4.745,75.926,0,0,3794828,8403100,396560,3657864,35174.768,20341.204,0,0,0,0,4755,4271,2.180,2.760,2.340,2,0,0,0,0,16,147,0,13,3
05-08 23:43:04,22.728,9.241,65.685,0.250,0,3789372,8408184,396824,3657960,15904.359,8362.776,0,1003.014,0,141.860,6939,7549,2.180,2.760,2.340,1,0,0,0,0,16,147,0,13,3
05-08 23:43:05,28.067,11.026,58.890,0.251,0,3789596,8407576,397132,3658024,14815.186,7461.722,0,1387.295,0,165.393,7667,8479,2.180,2.760,2.340,3,0,3.007,0,0,16,148,0,13,3
05-08 23:43:06,28.482,7.495,61.212,0.250,0,3789640,8407324,397308,3658052,16925.385,8692.548,0,1435.100,0,111.930,7550,8271,2.080,2.730,2.330,2,0,0.999,0,0,16,147,0,15,3
05-08 23:43:07,18.971,15.726,63.404,0,0,3743812,8453104,397348,3658056,4523.145,1965.022,0,627.050,0,39.939,5952,5425,2.080,2.730,2.330,1,0,52.920,0,0,16,147,0,15,3
05-08 23:43:08,27.291,7.762,63.345,0,0,3783564,8413320,397380,3658056,55812.594,29065.533,0,1998.994,0,322.483,5896,4901,2.080,2.730,2.330,1,0,2.003,0,0,16,147,0,15,3
05-08 23:43:09,18.742,6.247,72.721,0.250,0,3789744,8406808,397696,3658064,35399.687,20152.852,0,5021.969,0,255.897,5884,5454,2.080,2.730,2.330,2,0,0,0,0,16,148,0,15,3
05-08 23:43:10,18.254,5.501,75.765,0,0,3790980,8405548,397716,3658068,20039.954,11845.337,0,216.043,0,11.002,5183,4783,2.080,2.730,2.330,2,0,0,0,0,16,148,0,12,3
05-08 23:43:11,26.792,10.419,61.026,0,0,3794124,8402272,397836,3658076,14969.827,7561.321,0,567.595,0,52.592,6908,7086,2,2.700,2.320,3,0,1.985,0,0,16,148,0,12,3
05-08 23:43:12,25.488,12.618,60.313,0,0,3797660,8398492,398028,3658120,15220.997,7497.948,0,912.513,0,99.932,7299,7945,2,2.700,2.320,2,0,0,0,0,16,148,0,12,3
05-08 23:43:13,47.474,9.643,40.798,0,0,3802284,8393452,398256,3658296,15844.343,8137.781,0,882.219,0,95.936,8101,8503,2,2.700,2.320,5,0,0.989,0,0,16,149,0,13,3
05-08 23:43:14,33.242,19.391,46.086,0,0,3762960,8432604,398388,3658332,30374.240,16782.239,0,882.427,0,61.448,6926,7045,2,2.700,2.320,5,0,79.580,0,0,16,149,0,13,3
05-08 23:43:15,25.834,7.023,66.216,0,0,3806480,8389060,398412,3658332,29716.779,14788.161,0,333.085,0,14.046,4518,3857,2,2.700,2.320,3,0,0,0,0,16,149,0,13,3
05-08 23:43:16,19.268,5.255,73.570,0.250,0,3816996,8378516,398436,3658336,48208.052,600905.035,0,280.268,0,16.015,5283,4689,2.080,2.710,2.330,4,0,1.001,0,0,16,150,0,13,3
05-08 23:43:17,22.000,5.500,72.001,0,0,3814656,8380680,398564,3658380,32911.400,17440.212,0,884.011,0,99.001,6205,6302,2.080,2.710,2.330,3,0,2.000,0,0,16,150,0,13,3
05-08 23:43:18,23.172,13.704,62.538,0,0,3774852,8420392,398640,3658392,16699.495,9445.041,0,1909.539,0,295.002,6596,5920,2.080,2.710,2.330,4,0,59.798,0,0,16,149,0,14,3
05-08 23:43:19,16.528,19.533,61.102,0,0,3783140,8412064,398672,3658400,60265.021,32815.007,0,476.799,0,24.040,6292,5386,2.080,2.710,2.330,2,0,87.146,0,0,16,149,0,14,3
05-08 23:43:20,39.426,16.219,43.418,0,0,3852088,8343020,398768,3658400,30128.276,15490.835,0,2878.580,0,148.720,6290,16716,2.080,2.710,2.330,4,0,37.929,0,0,16,149,0,15,3
05-08 23:43:21,17.794,5.514,76.187,0.251,0,3855676,8339412,398776,3658408,36193.050,20830.251,0,140.345,0,16.039,4937,4487,1.990,2.680,2.320,2,0,0,0,0,16,150,0,15,3
05-08 23:43:22,25.270,3.964,68.377,0,0,3848140,8346920,398792,3658416,32084.672,16836.599,0,218.014,0,19.819,5743,5202,1.990,2.680,2.320,5,0,0,0,0,16,150,0,14,3
05-08 23:43:23,20.437,4.794,73.674,0,0,3842724,8352304,398816,3658424,19060.392,10856.330,0,197.810,0,19.175,5835,5485,1.990,2.680,2.320,2,0,2.018,0,0,16,150,0,14,3
05-08 23:43:24,25.270,10.759,62.050,0.250,0,3838336,8356600,398900,3658432,14971.008,7433.962,0,532.427,0,55.044,7261,7416,1.990,2.680,2.320,2,0,0,0,0,16,150,0,14,3
05-08 23:43:25,27.983,9.994,59.213,0,0,3835584,8359204,399016,3658460,1208.254,147.909,0,795.509,0,87.946,6556,6865,1.990,2.680,2.320,1,0,0,0,0,16,150,0,14,3
05-08 23:43:26,22.002,13.251,63.755,0,0,3831360,8363412,399032,3658460,15526.312,7524.636,0,324.027,0,14.001,5967,5663,2.150,2.700,2.330,1,0,3.000,0,0,16,150,0,14,3
05-08 23:43:27,47.255,16.002,35.254,0,0,3746452,8447996,399144,3658660,16635.744,9150.959,0,1244.130,0,133.014,9621,11414,2.150,2.700,2.330,4,0,14.001,0,0,16,151,0,15,3
05-08 23:43:28,32.953,26.213,37.696,0,0,3749396,8444724,399280,3658848,478.320,0,0,1174.331,0,115.835,8300,8600,2.150,2.700,2.330,2,0,125.821,0,0,16,151,0,15,3
05-08 23:43:29,29.524,28.524,38.782,0.250,0,3749224,8444472,399676,3658868,31282.779,20883.209,0,5820.797,0,318.262,8658,8895,2.150,2.700,2.330,1,0,149.123,0,0,16,151,0,15,3
05-08 23:43:30,26.291,9.265,64.852,0,0,3795572,8398108,399688,3658868,44691.470,22247.080,0,240.379,0,14.022,5481,4704,2.150,2.700,2.330,1,0,1.002,0,0,16,151,0,13,3
05-08 23:43:31,22.991,5.248,71.221,0,0,3827052,8366608,399708,3658868,31340.417,16807.252,0,203.918,0,10.996,5225,4530,2.060,2.670,2.320,0,0,0,0,0,16,152,0,13,3
05-08 23:43:32,23.951,5.988,68.611,0,0,3828000,8365600,399760,3658876,19227.007,11166.354,0,498.988,0,31.935,5843,5208,2.060,2.670,2.320,3,0,3.992,0,0,16,152,0,13,3
05-08 23:43:33,26.300,3.006,68.129,0,0,3828232,8365348,399776,3658880,17097.355,9082.187,0,92.174,0,6.011,5511,4737,2.060,2.670,2.320,1,0,0,0,0,16,151,0,14,3
05-08 23:43:34,15.482,21.225,61.427,0,0,3752624,8440952,399776,3658884,15121.096,7287.372,0,1829.833,0,361.572,6708,5236,2.060,2.670,2.320,2,0,107.872,0,0,16,151,0,14,3
05-08 23:43:35,10.973,24.190,62.095,0,0,3752248,8441316,399780,3658892,45915.543,26735.355,0,79.801,0,3.990,6744,5674,2.060,2.670,2.320,2,0,135.662,0,0,16,151,0,14,3
05-08 23:43:36,13.519,26.037,59.334,0,0,3750932,8442616,399780,3658908,70865.243,603433.596,0,8.011,0,2.003,7039,5998,1.970,2.640,2.320,2,0,136.193,0,0,16,151,0,14,3
05-08 23:43:37,12.752,26.254,58.760,0,0,3752416,8441104,399788,3658924,45473.594,23099.858,0,296.049,0,31.005,6768,6102,1.970,2.640,2.320,1,0,117.020,0,0,16,151,0,14,3
05-08 23:43:38,11.768,25.539,59.842,0,0,3754548,8438940,399812,3658932,61132.305,31865.156,0,628.970,0,40.062,6829,6145,1.970,2.640,2.320,2,0,123.190,0,0,16,151,0,12,3
05-08 23:43:39,21.772,25.276,52.554,0,0,3758460,8435008,399820,3659416,60814.224,30633.343,0,160.164,0,8.008,7169,7635,1.970,2.640,2.320,1,0,94.096,0,0,16,151,0,12,3
05-08 23:43:40,22.754,23.754,52.009,0,0,3758476,8434948,399828,3659416,45294.801,23364.024,0,232.040,0,13.002,6993,8153,1.970,2.640,2.320,1,0,75.013,0,0,16,151,0,12,3
05-08 23:43:41,30.195,24.955,44.169,0,0,3777588,8415800,399828,3658952,57923.424,392524.550,0,0,0,0,6770,5342,1.900,2.620,2.310,2,0,89.836,0,0,16,151,0,12,3
05-08 23:43:42,30.073,28.830,39.766,0,0,3829200,8364176,399832,3658960,45399.553,24875.460,0,127.250,0,5.965,6735,5390,1.900,2.620,2.310,3,0,126.256,0,0,16,151,0,12,3
05-08 23:43:43,34.457,26.967,38.702,0,0,3863508,8329520,399852,3659240,61428.903,33720.228,0,283.649,0,15.980,6917,5971,1.900,2.620,2.310,4,0,126.843,0,0,16,154,0,12,3
05-08 23:43:44,28.718,29.474,41.314,0.252,0,3860660,8332324,399872,3659264,61260.965,32611.518,4.031,270.050,1.008,15.115,7049,6345,1.900,2.620,2.310,5,0,126.964,0,0,16,157,0,12,3
05-08 23:43:45,23.669,31.721,40.262,0,0,3865784,8325952,399872,3660528,47326.269,24801.198,0,46.850,0,4.880,8013,9008,1.900,2.620,2.310,7,0,121.029,0,0,16,157,0,12,3
05-08 23:43:46,21.765,31.496,47.116,0,0,3910356,8279992,399904,3661840,62269.596,32118.595,0,733.367,0,31.752,7458,9175,2.150,2.660,2.320,3,0,137.250,0,0,16,163,0,11,3
05-08 23:43:47,18.010,30.766,49.276,0,0,3914404,8275888,399944,3662324,60316.187,30924.502,0,372.199,0,28.015,7867,8463,2.150,2.660,2.320,1,0,130.069,0,0,16,163,0,11,3
05-08 23:43:48,23.383,22.886,52.488,0,0,3918180,8272072,399972,3662332,44628.457,22649.059,0,457.718,0,31.841,7185,8123,2.150,2.660,2.320,3,0,75.623,0,0,16,163,0,11,3
05-08 23:43:49,31.027,22.270,45.540,0,0,3948556,8241608,399972,3662324,45255.813,23312.509,0,0,0,0,6097,5216,2.150,2.660,2.320,4,0,54.048,0,0,18,163,0,11,3
05-08 23:43:50,51.231,32.330,15.419,0,0,4011016,8179096,399980,3662332,60833.234,34136.564,0,9466.241,0,752.047,8144,5434,2.150,2.660,2.320,5,0,128.325,0,0,18,163,0,10,3
05-08 23:43:51,52.343,31.708,16.105,0,0,4091088,8098992,400008,3662332,60626.906,32830.934,0,366.399,0,21.138,6771,5591,2.210,2.660,2.330,5,0,130.857,0,0,18,163,0,10,3
05-08 23:43:52,56.024,26.654,15.548,0,0,4144388,8045496,400056,3662476,56571.617,467274.354,0,276.417,0,27.642,7977,7664,2.210,2.660,2.330,5,0,144.132,0,0,18,179,0,10,3
05-08 23:43:53,25.561,28.818,43.603,0,0,4143900,8044040,400096,3664336,67949.946,324446.484,0,344.817,0,23.055,8425,10419,2.210,2.660,2.330,4,0,142.337,0,0,18,179,0,10,3
05-08 23:43:54,22.067,27.140,49.715,0,0,4148972,8038804,400120,3664472,61825.660,32523.481,0,405.833,0,27.394,6765,5715,2.210,2.660,2.330,1,0,122.765,0,0,18,185,0,10,3
05-08 23:43:55,14.472,26.948,56.891,0,0,4145764,8041976,400128,3664480,45470.859,23313.322,0,11274.394,0,1622.890,9303,5656,2.210,2.660,2.330,2,0,118.772,0,0,18,185,0,9,3
05-08 23:43:56,22.734,24.483,51.963,0,0,4142692,8044968,400152,3664488,44835.134,22388.088,0,279.801,0,17.987,6887,7873,2.280,2.670,2.330,3,0,84.940,0,0,18,185,0,9,3
05-08 23:43:57,23.107,25.117,51.489,0,0,4153200,8034396,400152,3664492,59882.421,30198.407,0,152.710,0,7.033,7146,7585,2.280,2.670,2.330,5,0,81.378,0,0,18,185,0,9,3
05-08 23:43:58,31.561,28.054,40.327,0,0,4190024,7997532,400176,3664508,47936.998,27450.682,0,769.477,0,94.181,7073,5824,2.280,2.670,2.330,4,0,125.240,0,0,18,185,0,9,3
05-08 23:43:59,33.425,28.720,35.405,0,0,4228044,7959480,400188,3664524,60326.657,32412.431,0,225.802,0,8.913,10181,5243,2.280,2.670,2.330,4,0,131.718,0,0,18,185,0,8,3
05-08 23:44:00,35.090,28.072,38.097,0,0,4250428,7937088,400188,3664532,76233.591,527522.537,0,4.010,0,1.003,7275,5607,2.280,2.670,2.330,3,0,130.333,0,0,18,185,0,8,3
05-08 23:44:01,19.782,28.045,50.581,0,0,4261136,7926260,400224,3664584,45457.170,23587.969,0,208.335,0,15.024,6817,5858,2.250,2.660,2.330,1,0,158.255,0,0,19,189,0,8,3
05-08 23:44:02,30.207,24.360,40.438,0,0,4261564,7925772,400292,3664576,59112.258,32480.805,0,261.140,0,28.258,6705,5776,2.250,2.660,2.330,7,0,126.673,0,0,19,203,0,8,3
05-08 23:44:03,15.151,25.680,59.578,0,0,4270748,7916536,400308,3664616,62282.066,34253.493,0,275.293,0,23.626,6863,6039,2.250,2.660,2.330,1,0,140.728,0,0,19,205,0,7,3
05-08 23:44:04,13.512,26.774,58.802,0,0,4272460,7914784,400308,3664656,60155.907,31051.309,0,20.018,0,4.004,6565,5533,2.250,2.660,2.330,3,0,119.105,0,0,19,205,0,7,3
05-08 23:44:05,11.478,24.953,61.134,0,0,4277996,7909244,400308,3664660,45809.191,23683.120,0,11.977,0,2.994,6625,5669,2.250,2.660,2.330,1,0,127.758,0,0,19,205,0,7,3
05-08 23:44:06,21.465,24.960,52.665,0,0,4276284,7910908,400328,3665152,59658.226,30508.511,0,531.138,0,35.942,7215,7962,2.150,2.630,2.320,2,0,87.857,0,0,19,205,0,7,3
05-08 23:44:07,22.758,24.008,50.767,0,0,4278988,7908184,400332,3665160,44642.944,22719.605,0,156.052,0,15.005,7124,7871,2.150,2.630,2.320,2,0,78.026,0,0,19,205,0,5,3
05-08 23:44:08,26.822,25.332,46.193,0,0,4307288,7879856,400356,3664692,45512.352,24558.690,0,325.833,0,21.855,7025,6235,2.150,2.630,2.320,3,0,92.386,0,0,19,205,0,5,3
05-08 23:44:09,31.495,29.731,38.802,0,0,4352064,7835068,400368,3664692,60405.818,614489.312,0,161.254,0,9.071,6960,5691,2.150,2.630,2.320,3,0,133.035,0,0,19,205,0,5,3
05-08 23:44:10,32.434,25.698,41.166,0,0,4386556,7800332,400376,3664924,60834.147,34513.733,0,159.675,0,10.978,6854,5812,2.150,2.630,2.320,4,0,129.736,0,0,19,205,0,5,3
05-08 23:44:11,23.594,27.108,47.940,0,0,4396076,7790796,400384,3664932,60482.136,31567.334,0,148.590,0,9.036,6844,6072,2.300,2.650,2.330,1,0,126.502,0,0,19,211,0,5,3
05-08 23:44:12,29.007,31.957,35.399,0,0,4405456,7779240,400384,3667080,44459.845,23241.245,0,15.733,0,3.933,8937,11589,2.300,2.650,2.330,5,0,120.946,0,0,19,211,0,5,3
05-08 23:44:13,24.405,32.794,42.200,0,0,4444928,7739344,400400,3667924,61711.804,31844.299,0,585.717,0,27.455,8542,10462,2.300,2.650,2.330,1,0,149.480,0,0,19,217,0,5,3
05-08 23:44:14,22.750,23.750,51.499,0,0,4445924,7738288,400404,3667924,44926.136,22807.561,0,163.997,0,6.000,7242,7953,2.300,2.650,2.330,3,0,80.998,0,0,19,217,0,5,3
05-08 23:44:15,25.849,21.624,52.443,0,0,4459020,7725172,400408,3667448,44368.500,23347.447,0,178.953,0,12.924,6479,5637,2.300,2.650,2.330,2,0,56.669,0,0,19,217,0,4,3
05-08 23:44:16,32.000,30.000,38.250,0,0,4509624,7674524,400436,3667460,46144.610,29163.753,0,547.995,0,35.000,7138,5963,2.280,2.640,2.330,5,0,142.999,0,0,19,217,0,4,3
05-08 23:44:17,33.478,28.192,38.009,0,0,4549024,7635108,400444,3667468,72129.863,477999.543,0,128.879,0,11.076,7291,5893,2.280,2.640,2.330,5,0,147.002,0,0,19,218,0,4,3
05-08 23:44:18,36.262,30.978,27.376,0.240,0,4564148,7618500,400552,3668856,61139.380,134349.295,0,2151.679,0,118.150,8914,10147,2.280,2.640,2.330,7,0,142.165,0,0,19,217,0,4,5
05-08 23:44:19,19.279,30.221,50.803,0,0,4603176,7578216,400588,3670036,63027.128,34241.821,0,583.585,0,41.685,7530,7261,2.280,2.640,2.330,1,0,167.781,0,0,19,223,0,3,3
05-08 23:44:20,20.404,32.596,45.287,0,0,4636164,7545212,400596,3672812,45408.997,24040.701,0,107.493,0,8.958,7019,11517,2.280,2.640,2.330,4,0,196.076,0,0,19,223,0,3,3
05-08 23:44:21,23.327,29.346,45.148,0.251,0,4629472,7551872,400624,3670048,63770.216,33052.438,0,8828.966,0,1067.502,8855,11852,2.260,2.630,2.330,2,0,145.477,0,0,19,229,0,4,3
05-08 23:44:22,11.515,26.034,60.328,0,0,4621628,7559684,400644,3670060,60829.506,33218.872,0,2935.789,0,21.027,7043,6072,2.260,2.630,2.330,1,0,134.173,0,0,19,229,0,4,3
05-08 23:44:23,11.988,24.226,61.688,0,0,4623756,7557512,400680,3670068,45964.750,26149.688,0,347.650,0,25.974,6941,6051,2.260,2.630,2.330,1,0,137.861,0,0,19,229,0,3,3
05-08 23:44:24,14.002,25.254,58.758,0,0,4626544,7554688,400708,3670076,60668.617,31534.479,0,280.040,0,24.003,6838,6070,2.260,2.630,2.330,2,0,121.017,0,0,19,229,0,3,3
05-08 23:44:25,12.759,25.768,59.792,0,0,4617792,7563436,400708,3670080,61007.681,32468.715,0,12.008,0,3.002,6580,5516,2.260,2.630,2.330,3,0,122.085,0,0,19,229,0,3,3
05-08 23:44:26,15.148,27.316,54.384,0,0,4615816,7565220,400756,3670612,59571.964,584942.195,0,11188.678,0,1557.515,10005,6729,2.150,2.600,2.320,5,0,102.311,0,0,19,229,0,3,3
05-08 23:44:27,22.589,24.095,52.457,0,0,4610988,7570020,400756,3670220,45154.116,22558.987,0,152.602,0,4.016,6950,7400,2.150,2.600,2.320,2,0,75.297,0,0,19,229,0,2,3
05-08 23:44:28,29.523,22.458,47.691,0,0,4615836,7565108,400784,3670716,60362.798,30792.546,0,706.529,0,100.933,6923,7498,2.150,2.600,2.320,1,0,81.755,0,0,19,235,0,2,3
05-08 23:44:29,24.517,28.479,45.072,0,0,4647316,7533616,400784,3670244,46120.856,24491.335,0,0,0,0,6582,5629,2.150,2.600,2.320,4,0,98.068,0,0,19,235,0,2,3
05-08 23:44:30,47.492,13.498,39.993,0,0,4711072,7469860,400784,3670244,60563.659,32214.500,0,3.999,0,1.000,6549,5184,2.150,2.600,2.320,3,0,19.997,0,0,19,235,0,2,3
05-08 23:44:31,52.072,14.520,36.300,0,0,4779892,7400056,400784,3671212,45987.863,23176.184,0,0,0,0,6891,6478,2.140,2.590,2.320,3,0,1.001,0,0,19,235,0,2,3
05-08 23:44:32,46.201,14.158,38.998,0,0,4870680,7308580,400800,3671864,29685.056,15464.010,0,214.612,0,8.942,6069,5138,2.140,2.590,2.320,3,0,10.929,0,0,19,238,0,2,3
05-08 23:44:33,44.043,15.856,41.527,0,0,4894480,7284668,400820,3671936,30686.479,17148.267,0,189.261,0,9.060,6635,5567,2.140,2.590,2.320,2,0,46.309,0,0,19,241,0,2,3
05-08 23:44:34,24.344,44.923,28.359,2.008,0,4846492,7331588,400996,3672728,60548.773,31308.880,847.271,811.132,95.368,23.089,7023,6230,2.140,2.590,2.320,5,0,159.616,0,0,19,239,0,2,3
05-08 23:44:35,40.527,49.670,7.660,0.247,0,4831968,7341004,401168,3677324,54639.619,453011.248,1625.014,185.829,62.272,12.850,10040,15914,2.140,2.590,2.320,7,0,140.360,0,0,19,239,0,2,3
05-08 23:44:36,42.859,32.834,22.558,0.251,0,4876932,7295652,401196,3677620,63665.635,156212.047,20.051,292.748,2.005,23.059,8104,8793,2.290,2.620,2.330,3,0,119.305,0,0,19,241,0,1,3
05-08 23:44:37,44.319,29.796,24.538,0,0,4891848,7280580,401256,3677684,65933.657,37065.710,0,572.892,0,47.073,7744,7571,2.290,2.620,2.330,5,0,124.193,0,0,19,245,0,2,3
05-08 23:44:38,36.110,28.029,35.352,0,0,4894100,7277944,401400,3677904,49616.638,26486.045,0,1745.400,0,215.145,8818,9756,2.290,2.620,2.330,2,0,114.138,0,0,19,247,0,2,4
05-08 23:44:39,29.986,30.730,37.421,0,0,4912824,7259200,401412,3677912,60137.677,31122.068,0,1482.947,0,22.799,6853,5907,2.290,2.620,2.330,3,0,120.936,0,0,19,247,0,3,3
05-08 23:44:40,34.553,26.847,38.282,0,0,4963556,7208452,401424,3677916,56212.317,27892.875,0,322.162,0,17.898,6651,5557,2.290,2.620,2.330,5,0,105.399,0,0,19,247,0,3,3
05-08 23:44:41,27.970,30.490,40.317,0,0,4938592,7233324,401468,3678416,57573.821,32686.078,0,1753.794,0,89.706,7752,8460,2.110,2.570,2.310,4,0,125.991,0,0,19,248,0,3,3
05-08 23:44:42,31.752,24.752,43.503,0,0,4884204,7287616,401488,3678424,48691.453,27024.917,0,244.017,0,22.002,7235,8118,2.110,2.570,2.310,3,0,82.006,0,0,19,248,0,3,3
05-08 23:44:43,55.738,25.245,19.246,0,0,4860656,7311016,401532,3678428,62183.586,32875.908,0,263.943,0,27.994,6891,6328,2.110,2.570,2.310,5,0,111.976,0,0,19,249,0,4,3
05-08 23:44:44,65.928,18.589,15.119,0,0,4976564,7195080,401544,3678436,53929.115,447426.168,0,273.626,0,19.828,6869,5417,2.110,2.570,2.310,3,0,27.759,0,0,19,250,0,4,3
05-08 23:44:45,59.949,15.177,23.777,2.024,0,5060028,7110672,401572,3679356,34757.216,135429.907,736.587,222.595,9.106,7.083,6150,4697,2.110,2.570,2.310,2,0,10.118,0,0,19,255,0,4,3
05-08 23:44:46,60.949,16.419,23.882,0,0,5093052,7075952,401624,3680716,35361.144,20349.375,0,1293.603,0,80.601,6890,5656,2.180,2.580,2.320,2,0,0.995,0,0,19,255,0,4,3
05-08 23:44:47,50.172,16.808,33.615,0,0,5106776,7061776,401680,3681040,34454.007,19093.396,12.041,939.217,1.003,50.172,7813,7581,2.180,2.580,2.320,2,0,62.213,0,0,19,253,0,12,3
05-08 23:44:48,29.176,29.426,39.650,0.249,0,5112144,7056364,401708,3681056,60386.294,33702.772,0,311.213,0,26.932,6887,5911,2.180,2.580,2.320,3,0,124.685,0,0,19,253,0,12,3
05-08 23:44:49,30.063,27.057,41.838,0,0,5152344,7016148,401716,3681060,45934.610,26887.550,0,116.244,0,7.015,6494,5459,2.180,2.580,2.320,1,0,122.257,0,0,19,254,0,12,3
05-08 23:44:50,25.172,28.193,46.065,0,0,5153500,7014808,401756,3681204,66341.368,37480.134,0,632.321,0,32.220,6998,6007,2.180,2.580,2.320,4,0,120.826,0,0,19,254,0,12,3
05-08 23:44:51,18.279,25.689,52.366,0,0,5138008,7030128,401792,3681332,65111.485,36173.925,0,312.219,0,29.641,6870,6387,2.080,2.550,2.310,3,0,115.600,0,0,19,253,0,13,3
05-08 23:44:52,34.140,33.891,29.903,0,0,5115140,7052932,401836,3681820,46610.440,23484.142,0,10270.824,0,652.891,8261,8063,2.080,2.550,2.310,5,0,139.549,0,0,19,253,0,13,3
05-08 23:44:53,43.203,27.220,29.468,0,0,5114064,7053992,401840,3681836,45220.444,22523.317,0,811.111,0,166.817,7377,7906,2.080,2.550,2.310,3,0,84.907,0,0,19,254,0,13,3
05-08 23:44:54,36.686,24.374,38.697,0.251,0,5134964,7032984,401860,3681372,60636.957,460338.922,0,253.286,0,21.107,6581,6077,2.080,2.550,2.310,5,0,60.306,0,0,19,254,0,13,3
05-08 23:44:55,38.766,27.408,32.346,0,0,5174972,6992924,401896,3681388,68211.073,161419.933,0,284.447,0,27.655,7167,6147,2.080,2.550,2.310,5,0,110.618,0,0,19,253,0,14,3
05-08 23:44:56,48.237,34.095,17.931,0,0,5213832,6953808,401916,3681608,61437.904,34916.877,0,157.593,0,8.082,6809,5464,2.240,2.580,2.320,7,0,133.348,0,0,19,253,0,14,3
05-08 23:44:57,58.738,30.624,9.790,0,0,5248800,6917476,401976,3682808,50577.169,25832.792,0,570.314,0,43.175,8335,9302,2.240,2.580,2.320,4,0,101.411,0,0,19,261,0,16,3
05-08 23:44:58,23.777,29.033,45.052,0.250,0,5262120,6903932,402104,3682896,66052.015,36601.122,0,12974.932,0,1496.722,9606,6683,2.240,2.580,2.320,3,0,126.145,0,0,19,262,0,16,3
05-08 23:44:59,20.526,25.783,52.066,0,0,5259688,6906336,402120,3682908,63865.546,35667.984,0,196.248,0,15.019,6889,6100,2.240,2.580,2.320,3,0,109.138,0,0,19,262,0,16,3
05-08 23:45:00,37.807,29.102,31.838,0,0,5218284,6947760,402148,3683400,46186.326,24338.807,0,581.035,0,22.883,7242,7819,2.240,2.580,2.320,3,0,92.528,0,0,19,261,0,17,3
05-08 23:45:01,42.669,29.208,29.462,0,0,5222780,6943204,402148,3683412,45216.977,23618.322,0,154.421,0,6.096,7186,8082,2.220,2.570,2.320,2,0,88.386,0,0,19,261,0,17,3
05-08 23:45:02,37.248,26.394,34.041,0,0,5260400,6905408,402188,3683060,46332.336,25957.041,0,398.626,0,25.654,6804,5829,2.220,2.570,2.320,2,0,72.029,0,0,19,262,0,17,3
05-08 23:45:03,45.110,28.910,24.923,0,0,5309948,6855820,402208,3683080,64862.495,577825.899,0,175.455,0,11.963,7518,6418,2.220,2.570,2.320,5,0,126.607,0,0,19,262,0,17,3
05-08 23:45:04,52.374,31.475,16.115,0,0,5272464,6893144,402252,3683212,63668.025,37066.911,0,1265.041,0,165.181,7310,6136,2.220,2.570,2.320,4,0,125.900,0,0,19,263,0,20,3
05-08 23:45:05,45.359,30.983,21.316,0,0,5302080,6862208,402308,3684448,59379.695,31032.266,0,579.005,0,31.726,7873,10067,2.220,2.570,2.320,3,0,108.068,0,0,19,269,0,20,3
05-08 23:45:06,28.212,27.204,44.837,0,0,5338828,6825432,402312,3684456,47984.457,26106.108,0,169.272,0,10.076,6591,5501,2.360,2.590,2.330,3,0,113.855,0,0,19,270,0,20,3
05-08 23:45:07,29.003,26.003,44.004,0,0,5340960,6823168,402332,3684956,64948.268,37104.581,0,312.030,0,23.002,7297,7098,2.360,2.590,2.330,6,0,98.009,0,0,19,270,0,20,3
05-08 23:45:08,33.977,25.793,39.186,0,0,5336788,6827220,402384,3684784,49618.030,26268.311,0,749.985,0,56.546,7743,8558,2.360,2.590,2.330,3,0,85.316,0,0,19,271,0,21,3
05-08 23:45:09,39.776,28.769,30.520,0,0,5305984,6857992,402392,3684596,45206.405,22482.624,0,308.200,0,14.009,6879,7255,2.360,2.590,2.330,3,0,98.064,0,0,19,271,0,21,3
05-08 23:45:10,49.912,30.850,19.313,0,0,5376236,6787720,402396,3684608,60931.127,33363.487,0,200.652,0,9.029,6648,5282,2.360,2.590,2.330,2,0,110.359,0,0,19,272,0,21,3
05-08 23:45:11,51.961,21.234,25.981,0,0,5442692,6721204,402436,3684612,61621.930,32835.451,0,819.387,0,42.968,6680,5341,2.650,2.650,2.350,7,0,49.963,0,0,19,272,0,21,3
05-08 23:45:12,55.909,10.233,33.695,0,0,5509456,6654032,402480,3684936,54297.348,582617.754,0,403.341,0,39.935,6857,5702,2.650,2.650,2.350,3,0,1.997,0,0,19,273,0,24,3
05-08 23:45:13,56.495,18.581,26.364,0,0,5529700,6633180,402520,3685476,36042.252,20515.941,0,1482.427,0,27.118,7420,7254,2.650,2.650,2.350,6,0,9.039,0,0,19,274,0,28,3
05-08 23:45:14,55.041,19.675,24.158,0,0,5572516,6590072,402572,3685704,16022.216,8380.208,904.568,410.443,7.970,33.872,6650,6028,2.650,2.650,2.350,6,0,12.951,0,0,19,276,0,28,3
05-08 23:45:15,46.187,11.045,33.887,8.535,0,5590056,6572220,402724,3685852,22974.215,14743.821,718.917,775.145,32.130,29.118,6327,5528,2.650,2.650,2.350,3,1,5.020,0,0,19,283,0,28,3
05-08 23:45:16,40.772,22.512,29.266,6.504,0,5563944,6590208,406420,3689116,20932.273,13129.070,6907.720,1307.704,130.070,70.038,6993,6979,2.680,2.660,2.350,6,0,49.026,0,0,19,284,0,29,3
05-08 23:45:17,39.568,36.830,22.646,0,0,5559428,6594672,406440,3689144,62358.394,33809.068,1417.462,342.421,11.945,24.885,7037,6216,2.680,2.660,2.350,6,0,145.330,0,0,19,283,0,30,3
05-08 23:45:18,43.295,35.787,19.520,0,0,5575788,6578280,406460,3689156,61703.483,34227.214,512.527,248.255,4.004,16.016,6815,5582,2.680,2.660,2.350,6,0,128.132,0,0,19,283,0,30,3
05-08 23:45:19,34.872,36.604,26.463,0,0,5584440,6569388,406524,3689304,51257.849,28884.168,633.143,1749.057,4.946,59.357,6937,5977,2.680,2.660,2.350,6,0,120.693,0,0,19,284,0,30,3
05-08 23:45:20,37.698,35.674,26.819,0,0,5564424,6589360,406528,3689320,64536.921,35508.969,518.157,198.357,4.048,10.120,6968,6159,2.680,2.660,2.350,6,0,137.636,0,0,19,285,0,30,3
05-08 23:45:21,42.469,40.221,15.239,0,0,5487632,6666084,406564,3689336,63352.204,34059.379,895.353,443.679,6.995,36.973,7614,15358,2.790,2.680,2.360,5,0,167.879,0,0,19,283,0,32,3
05-08 23:45:22,41.182,38.187,19.967,0,0,5532232,6621440,406592,3689352,45843.589,23627.134,511.159,375.383,3.993,24.959,7051,6528,2.790,2.680,2.360,4,0,127.790,0,0,19,285,0,32,3
05-08 23:45:23,49.869,32.327,17.542,0,0,5546416,6607216,406600,3689480,59110.498,572390.497,641.525,1070.545,5.012,168.400,8357,9117,2.790,2.680,2.360,2,0,92.219,0,0,19,291,0,32,3
05-08 23:45:24,47.130,31.503,20.341,0,0,5558344,6595204,406636,3689488,65505.360,36570.246,508.017,631.052,3.969,35.720,7571,8833,2.790,2.680,2.360,7,0,93.269,0,0,19,293,0,32,3
05-08 23:45:25,58.838,35.353,7.071,0,0,5553912,6599520,406700,3689876,50263.086,28816.856,646.458,618.175,5.050,48.484,7316,7617,2.790,2.680,2.360,7,0,173.735,0,0,20,292,0,32,3
05-08 23:45:26,53.452,11.490,37.466,0,0,5591532,6561748,406716,3690008,44852.382,23918.340,0,215.805,0,12.988,6711,5497,2.800,2.680,2.360,3,0,30.972,0,0,20,295,0,32,3
05-08 23:45:27,48.084,10.906,39.905,0,0,5649636,6503312,406732,3690264,29187.563,14788.101,3.966,241.908,0.991,7.931,5779,4516,2.800,2.680,2.360,3,0,2.974,0,0,20,295,0,32,3
05-08 23:45:28,53.763,8.291,36.931,0,0,5677172,6475116,406828,3690740,29825.120,15417.534,0,12211.828,0,1464.173,8229,5267,2.800,2.680,2.360,6,0,6.030,0,0,20,299,0,32,3
05-08 23:45:29,20.873,26.658,51.052,0.251,0,5679836,6471456,406884,3691656,46464.671,24649.714,0,1042.161,0,57.339,8102,9313,2.800,2.680,2.360,2,0,125.743,0,0,20,296,0,34,3
05-08 23:45:30,11.938,17.161,68.645,0,0,5682096,6469192,406888,3691656,45506.621,26255.197,0,39.794,0,1.990,6261,5596,2.800,2.680,2.360,1,0,83.568,0,0,20,297,0,34,3
05-08 23:45:31,7.790,3.016,87.198,0,0,5682280,6468968,406916,3691668,70608.995,32906.168,0,217.116,0,16.083,5110,5014,2.580,2.640,2.350,0,0,0,0,0,20,298,0,34,3
05-08 23:45:32,11.995,5.998,78.720,0,0,5685112,6465440,406948,3692312,775223.343,54565.049,0,399.846,0,24.990,6454,5802,2.580,2.640,2.350,1,0,7.997,0,0,20,298,0,34,3
05-08 23:45:33,16.257,7.003,73.032,0,0,5684976,6462164,406976,3695616,3541485.655,675252.522,0,316.140,0,30.013,9730,7330,2.580,2.640,2.350,2,0,3.001,0,0,20,299,0,34,3
05-08 23:45:34,11.249,6.000,78.994,0,0,5678032,6464508,407004,3700056,4845194.709,109264.371,0,231.984,0,25.998,11478,8759,2.580,2.640,2.350,0,0,0,0,0,20,299,0,34,3
05-08 23:45:35,10.221,5.983,79.525,0,0,5676376,6462260,407048,3703848,4312296.876,96460.763,0,1200.599,0,162.540,10341,7875,2.580,2.640,2.350,3,0,1.994,0,0,20,299,0,34,3
05-08 23:45:36,12.458,13.953,69.764,0,0,5676192,6458484,407060,3707696,3824660.313,89436.970,0,255.136,0,17.939,9722,8396,2.370,2.590,2.340,5,0,54.814,0,0,20,298,0,34,3
05-08 23:45:37,11.780,22.306,61.906,1.754,0,5677880,6454452,407080,3710004,54678.354,32419.439,2305.792,128.322,27.068,12.030,6995,6289,2.370,2.590,2.340,2,0,132.332,0,0,20,298,0,33,3
05-08 23:45:38,18.480,18.980,60.435,0,0,5687640,6444656,407112,3710008,60468.909,33589.843,0,279.699,0,21.976,6282,5677,2.370,2.590,2.340,6,0,72.922,0,0,20,298,0,33,3
05-08 23:45:39,34.036,8.009,60.064,0,0,5732940,6399352,407116,3710008,36220.577,16697.784,0,556.593,0,8.009,5850,4924,2.370,2.590,2.340,3,0,2.002,0,0,20,302,0,33,3
05-08 23:45:40,19.813,4.264,75.240,0,0,5757700,6374444,407116,3710148,29199.208,18510.087,0,8.026,0,1.003,5362,4811,2.370,2.590,2.340,1,0,0,0,0,20,303,0,33,3
05-08 23:45:41,20.476,5.494,72.165,0,0,5757668,6374444,407140,3710156,32935.035,18222.441,0,311.631,0,23.972,5573,5102,2.260,2.570,2.330,1,0,1.998,0,0,20,308,0,34,3
05-08 23:45:42,29.920,7.231,60.838,0,0,5757512,6374444,407256,3710192,14925.140,7342.391,0,2585.096,0,147.606,7610,7900,2.260,2.570,2.330,2,0,0,0,0,20,308,0,34,3
05-08 23:45:43,15.797,4.764,75.725,0,0,5757992,6373876,407316,3710216,63271.939,1733173.115,0,409.216,0,39.116,6514,6189,2.260,2.570,2.330,1,0,1.003,0,0,20,306,0,35,3
05-08 23:45:44,7.510,4.256,83.613,0,0,5759128,6372712,407344,3710216,300409.601,9359683.903,0,228.307,0,20.027,7331,4989,2.260,2.570,2.330,2,0,2.003,0,0,20,306,0,35,3
05-08 23:45:45,8.491,6.743,82.164,0,0,5757356,6374460,407352,3710220,167221.806,4588128.560,0,175.817,0,10.989,6107,4932,2.260,2.570,2.330,1,0,5.994,0,0,20,306,0,34,3
05-08 23:45:46,13.754,4.001,79.021,0,0,5757956,6373816,407392,3710224,675209.766,825279.387,0,672.182,0,36.010,6531,5735,2.080,2.520,2.320,4,0,1.000,0,0,20,311,0,34,3
05-08 23:45:47,31.157,7.478,58.325,0,0,5755176,6376524,407428,3710256,2255723.823,61447.874,0,279.163,0,24.925,10367,8972,2.080,2.520,2.320,1,0,2.991,0,0,20,312,0,34,3
05-08 23:45:48,15.803,4.766,76.257,0,0,5741328,6386832,407456,3713668,1033685.607,31371.908,0,228.772,0,18.061,6598,5626,2.080,2.520,2.320,4,0,0,0,0,20,311,0,34,3
05-08 23:45:49,5.503,3.002,88.048,0,0,5741116,6386772,407464,3713924,263190.637,16873.273,0,124.068,0,7.004,5124,4693,2.080,2.520,2.320,0,0,0,0,0,20,311,0,26,3
05-08 23:45:50,9.200,4.973,82.797,0.249,0,5741220,6385540,407472,3715016,1100222.724,57189.327,0,369.977,0,16.908,7308,6352,2.080,2.520,2.320,1,0,1.989,0,0,20,311,0,26,3
05-08 23:45:51,18.027,11.768,65.600,0,0,5742584,6377896,407500,3721096,7054461.592,132022.371,0,312.474,0,25.038,15700,11824,2.070,2.520,2.320,1,0,0,0,0,20,311,0,26,3
05-08 23:45:52,15.047,9.781,72.730,0,0,5747808,6367336,407552,3726248,4909949.171,88510.382,0,268.849,0,37.117,11277,9342,2.070,2.520,2.320,1,0,0,0,0,20,308,2,28,3
05-08 23:45:53,19.176,14.445,64.254,0,0,5680124,6434916,407612,3726276,33367.072,26740.478,0,697.326,0,43.832,6329,5704,2.070,2.520,2.320,1,0,71.725,0,0,20,308,0,30,3
05-08 23:45:54,13.772,26.543,57.843,0,0,5684040,6430956,407628,3726300,74467.962,610170.938,0,536.865,0,83.134,7446,6386,2.070,2.520,2.320,2,0,148.239,0,0,20,308,0,30,3
05-08 23:45:55,12.507,24.014,61.535,0,0,5687108,6427872,407632,3726312,45602.130,28138.123,0,124.071,0,6.003,7307,6496,2.070,2.520,2.320,2,0,220.126,0,0,20,308,0,30,3
05-08 23:45:56,25.050,11.523,61.122,0,0,5730624,6384332,407656,3726312,59864.297,32300.368,0,292.583,0,19.038,5981,5313,1.990,2.490,2.310,4,0,31.062,0,0,20,308,0,30,3
05-08 23:45:57,29.005,6.251,63.260,0.250,0,5770124,6344780,407700,3726320,29308.650,14594.315,0,304.048,0,43.007,5876,5223,1.990,2.490,2.310,3,0,0,0,0,20,308,0,27,3
05-08 23:45:58,15.474,20.466,62.147,0,0,5749156,6365708,407720,3726336,45788.123,25667.465,0,435.279,0,26.955,6778,5886,1.990,2.490,2.310,3,0,107.821,0,0,20,308,0,27,3
05-08 23:45:59,13.243,24.737,60.718,0.250,0,5738460,6376400,407720,3726340,61133.425,34713.503,0,6852.349,0,918.511,8263,5874,1.990,2.490,2.310,1,0,121.935,0,0,20,308,0,27,3
05-08 23:46:00,11.506,24.512,61.530,0,0,5735836,6379016,407720,3726348,60720.647,33604.408,0,4.002,0,1.000,6782,5982,1.990,2.490,2.310,2,0,128.063,0,0,20,308,0,27,3
05-08 23:46:01,12.494,23.989,61.722,0,0,5730196,6384620,407748,3726352,60735.207,33986.447,0,823.623,0,30.986,6907,6070,1.990,2.480,2.310,4,0,120.945,0,0,20,308,0,27,3
05-08 23:46:02,11.990,27.476,57.701,0,0,5719464,6395312,407768,3726372,63734.423,208635.343,0,159.863,0,14.987,7045,6192,1.990,2.480,2.310,5,0,147.873,0,0,20,308,0,26,3
05-08 23:46:03,9.529,9.278,78.238,0,0,5716448,6398304,407788,3726376,56607.305,411753.324,0,104.318,0,12.037,5706,5192,1.990,2.480,2.310,2,0,47.143,0,0,20,308,0,26,3
05-08 23:46:04,18.242,8.746,69.720,0.750,0,5716500,6398052,407824,3726536,45116.633,22718.248,0,315.864,0,28.988,5824,5453,1.990,2.480,2.310,1,0,8.996,0,0,20,308,0,26,3
05-08 23:46:05,27.684,6.983,63.349,0,0,5760840,6353700,407828,3726544,43994.901,22049.326,0,39.905,0,2.993,5884,5009,1.990,2.480,2.310,1,0,1.995,0,0,20,308,0,26,3
05-08 23:46:06,18.889,6.045,74.801,0,0,5769108,6345412,407828,3726548,20881.852,13028.994,0,16360.540,0,81.601,5447,4815,1.830,2.440,2.290,2,0,1.007,0,0,20,309,0,23,3
05-08 23:46:07,25.536,3.967,69.665,0,0,5769072,6345412,407844,3726568,33443.299,18192.306,0,170.568,0,17.850,5799,5621,1.830,2.440,2.290,4,0,2.975,0,0,20,312,0,24,3
05-08 23:46:08,13.027,23.049,62.131,0,0,5728856,6385588,407868,3726580,31133.596,17775.452,0,212.448,0,20.042,6838,6103,1.830,2.440,2.290,5,0,113.239,0,0,20,312,0,24,3
05-08 23:46:09,7.012,5.259,64.109,21.036,0,5718064,6381312,407980,3741136,44745.985,22672.501,10826.385,116.197,166.282,7.012,5414,5217,1.830,2.440,2.290,1,1,0,0,0,20,312,0,24,3
05-08 23:46:10,5.748,4.498,64.723,21.491,0,5714364,6365096,408000,3760908,29470.503,14961.655,18756.046,123.947,199.915,7.997,5153,5037,1.830,2.440,2.290,1,1,0,0,0,20,312,0,23,3
05-08 23:46:11,6.234,5.486,62.593,22.444,0,5710356,6352420,408040,3777472,29350.503,14621.386,15373.503,16430.855,154.613,47.880,5312,5106,1.760,2.420,2.290,2,1,1.995,0,0,20,312,0,23,3
05-08 23:46:12,5.765,4.762,64.666,21.806,0,5699700,6343360,408048,3797052,15057.692,7314.796,18611.825,4.010,200.515,1.003,5321,5026,1.760,2.420,2.290,0,1,0,0,0,20,312,0,23,3
05-08 23:46:13,6.245,4.496,64.444,21.731,0,5693792,6328784,408052,3817396,15476.606,7289.691,19227.360,0,188.837,0,5240,5053,1.760,2.420,2.290,3,1,0,0,0,20,312,0,23,3
05-08 23:46:14,7.262,7.012,63.609,19.784,0,5693820,6309632,408080,3836384,15311.277,7308.543,16969.122,272.468,170.292,21.036,5772,5529,1.760,2.420,2.290,2,0,6.010,0,0,20,312,0,16,3
05-08 23:46:15,9.232,8.983,63.628,16.718,0,5694216,6292256,408088,3853272,15751.777,12464.085,16376.579,47.908,153.705,2.994,5696,5372,1.760,2.420,2.290,0,1,11.977,0,0,20,312,0,16,3
05-08 23:46:16,6.740,4.244,63.655,22.467,0,5693960,6276632,408088,3869056,44213.241,22214.959,14829.943,87.869,138.794,6.990,5209,5060,1.700,2.390,2.280,0,1,0.999,0,0,20,312,0,16,3
05-08 23:46:17,10.033,12.040,63.459,12.541,0,5692380,6266884,408120,3880292,30647.972,20108.248,11008.267,156.516,103.340,18.059,5808,5390,1.700,2.390,2.280,0,1,28.093,0,0,20,312,0,16,3
05-08 23:46:18,9.248,5.749,62.239,20.746,0,5687720,6254072,408156,3897632,70944.942,608840.518,17113.091,351.940,171.971,30.995,6137,5652,1.700,2.390,2.280,1,1,1.000,0,0,20,312,0,14,3
05-08 23:46:19,8.732,9.481,63.372,16.467,0,5686660,6239700,408160,3912980,29973.339,19310.918,14917.809,1345.277,155.685,290.412,6192,5181,1.700,2.390,2.280,2,0,18.962,0,0,20,312,0,14,3
05-08 23:46:20,6.513,7.265,64.630,18.537,0,5683344,6237196,408160,3918784,44760.834,22889.940,5474.988,340.684,60.121,67.135,5412,5021,1.700,2.390,2.280,1,1,9.018,0,0,20,312,0,14,3
05-08 23:46:21,13.973,8.983,54.394,19.712,0,5705700,6198136,408160,3937840,29546.599,14887.079,15769.365,0,175.659,0,6031,7929,1.730,2.390,2.280,4,1,33.934,0,0,20,312,0,14,3
05-08 23:46:22,13.524,14.276,57.103,12.272,0,5696144,6196964,408176,3946080,31023.101,18944.258,10466.928,152.275,107.194,15.027,6417,12316,1.730,2.390,2.280,2,1,18.033,0,0,20,312,0,13,3
05-08 23:46:23,7.502,4.751,64.014,21.004,0,5693648,6188064,408188,3957416,46620.835,22698.789,11330.390,264.056,112.024,21.004,5724,5558,1.730,2.390,2.280,2,1,2.000,0,0,20,312,0,13,3
05-08 23:46:24,8.709,11.943,62.701,12.690,0,5693392,6178024,408208,3967644,30183.244,19095.055,10195.441,127.393,98.531,18.910,6101,5683,1.730,2.390,2.280,0,1,25.877,0,0,20,312,0,13,3
05-08 23:46:25,6.516,5.012,64.659,21.302,0,5692484,6160648,408208,3985864,44453.397,22252.763,17779.755,0,182.449,0,5643,5188,1.730,2.390,2.280,1,1,0,0,0,20,312,0,13,3
05-08 23:46:26,8.764,10.768,63.355,15.526,0,5684412,6156112,408232,3998400,45414.132,26583.980,12304.356,380.630,119.197,19.031,5935,5432,1.670,2.360,2.270,0,1,19.031,0,0,20,312,0,12,3
05-08 23:46:27,5.501,3.750,64.757,22.002,0,5684500,6144520,408232,4009856,29751.338,14755.656,10965.230,12.001,108.012,2.000,5296,5010,1.670,2.360,2.270,0,1,0,0,0,20,312,0,12,3
05-08 23:46:28,8.754,10.754,63.026,14.506,0,5683176,6133684,408244,4021952,45065.350,28409.568,11544.701,148.060,121.049,10.004,5868,5441,1.670,2.360,2.270,2,1,16.007,0,0,20,312,0,12,3
05-08 23:46:29,6.736,6.237,64.611,19.708,0,5682904,6118312,408244,4037532,36704.995,16710.033,14883.963,0,153.669,0,5535,5202,1.670,2.360,2.270,3,0,5.987,0,0,20,312,0,12,3
05-08 23:46:30,10.016,9.515,62.347,16.526,0,5674128,6113584,408244,4050972,66063.408,585721.956,12395.214,4.006,133.206,1.002,6208,5681,1.670,2.360,2.270,2,1,13.020,0,0,20,312,0,10,3
05-08 23:46:31,9.507,13.760,63.798,11.008,0,5678524,6098992,408244,4061116,46667.266,27550.820,9411.112,68.051,102.077,2.002,6125,5480,1.610,2.340,2.260,1,0,39.029,0,0,20,312,0,10,3
05-08 23:46:32,9.998,11.998,62.488,12.498,0,5677020,6090676,408256,4070892,45734.162,23315.494,9554.154,83.984,93.982,5.999,6003,5382,1.610,2.340,2.260,0,1,30.994,0,0,20,312,0,10,3
05-08 23:46:33,8.501,9.501,63.509,16.252,0,5677240,6076564,408264,4084712,45395.741,26954.002,13546.011,132.020,135.020,11.002,5849,5391,1.610,2.340,2.260,4,0,16.002,0,0,20,312,0,10,3
05-08 23:46:34,15.479,16.977,57.171,7.739,0,5682464,6065980,408292,4090040,60313.735,31586.394,5116.936,279.614,62.913,24.966,6858,6508,1.610,2.340,2.260,1,1,43.939,0,0,20,313,0,12,3
05-08 23:46:35,10.013,6.008,61.831,20.527,0,5683052,6054164,408300,4101212,29782.800,14933.455,10161.238,2054.677,157.205,400.522,6561,5672,1.610,2.340,2.260,1,1,4.005,0,0,20,312,0,12,3
05-08 23:46:36,9.494,11.743,62.711,12.992,0,5684084,6043584,408300,4110680,45622.853,26825.450,8970.466,183.887,124.923,32.980,6113,5419,1.560,2.320,2.260,1,1,26.983,0,0,20,312,0,12,3
05-08 23:46:37,7.742,5.744,63.185,21.478,0,5678192,6036540,408316,4123540,44748.235,22129.368,12259.462,343.649,170.825,23.975,5610,5424,1.560,2.320,2.260,1,1,0,0,0,20,312,0,12,3
05-08 23:46:38,14.369,13.865,55.963,14.873,0,5690832,6013608,408404,4133708,30975.203,18670.427,9607.465,2222.382,131.084,107.892,6431,5741,1.560,2.320,2.260,2,1,21.175,0,0,20,312,0,12,3
05-08 23:46:39,19.862,15.393,43.448,19.117,0,5701204,5991056,408416,4145828,44301.606,21963.109,11909.098,135.060,143.005,6.952,6298,5256,1.560,2.320,2.260,2,1,6.952,0,0,20,312,0,12,3
05-08 23:46:40,15.731,13.234,55.182,13.983,0,5708344,5971684,408416,4158008,60468.585,592568.764,11565.767,7.990,140.827,1.998,6445,5618,1.560,2.320,2.260,0,1,17.978,0,0,20,312,0,12,3
05-08 23:46:41,8.761,10.764,64.083,14.769,0,5702352,5965912,408428,4169696,45065.335,27207.218,10858.055,140.181,146.189,10.013,5841,5321,1.520,2.290,2.250,1,0,18.023,0,0,20,312,0,12,3
05-08 23:46:42,6.250,5.500,64.749,21.250,0,5686796,5963896,408428,4187188,45028.146,22049.582,16507.687,4.000,204.996,1.000,5527,5172,1.520,2.290,2.250,0,1,0,0,0,20,312,0,12,3
05-08 23:46:43,9.969,9.969,61.807,14.953,0,5687184,5956336,408448,4194308,30472.666,18571.898,6663.154,151.526,88.722,12.959,5993,5697,1.520,2.290,2.250,0,1,16.947,0,0,20,312,0,10,3
05-08 23:46:44,9.028,6.520,64.196,19.309,0,5685056,5941468,408480,4211204,44418.726,21955.086,15800.279,433.324,215.659,31.095,6121,5696,1.520,2.290,2.250,6,0,3.009,0,0,20,312,0,10,3
05-08 23:46:45,9.752,12.752,59.009,16.002,0,5682620,5934160,408496,4220880,44855.964,27856.325,9553.483,84.013,103.016,6.001,5944,5418,1.520,2.290,2.250,0,1,21.003,0,0,20,312,0,10,3
05-08 23:46:46,8.231,9.228,64.597,14.715,0,5683260,5924080,408496,4230288,45097.418,24553.970,9046.620,3.991,95.774,0.998,5710,5260,1.720,2.320,2.260,2,0,16.960,0,0,20,312,0,10,3
05-08 23:46:47,7.769,8.020,65.162,17.042,0,5683964,5910724,408500,4242888,29942.263,14628.281,12370.682,68.169,143.356,6.015,5639,5252,1.720,2.320,2.260,3,0,15.037,0,0,20,312,0,9,3
05-08 23:46:48,8.738,6.491,63.411,19.972,0,5684600,5898124,408500,4254788,59443.715,34781.269,11491.899,63.910,137.807,6.990,5554,5148,1.720,2.320,2.260,2,1,2.996,0,0,20,312,0,9,3
05-08 23:46:49,13.006,16.258,61.779,6.753,0,5697584,5881464,408500,4258448,46026.865,27515.071,3677.747,0,46.022,0,6197,5420,1.720,2.320,2.260,2,0,69.033,0,0,20,312,0,9,3
05-08 23:46:50,29.187,6.486,62.365,0,0,5733864,5845176,408500,4258456,55829.761,455678.453,0,11.974,0,1.996,6114,5154,1.720,2.320,2.260,3,0,2.993,0,0,20,312,0,9,3
05-08 23:46:51,27.337,9.029,63.703,0,0,5774692,5804352,408500,4258456,47660.222,145045.260,0,1645.255,0,348.112,5723,4310,1.660,2.300,2.250,2,0,1.003,0,0,20,312,0,9,3
05-08 23:46:52,28.000,6.750,63.501,0,0,5813976,5765040,408520,4258460,30047.307,14592.149,0,152.002,0,14.000,5312,4597,1.660,2.300,2.250,2,0,2.000,0,0,20,312,0,9,3
05-08 23:46:53,32.842,4.727,62.699,0,0,5830264,5748688,408568,4258476,45810.243,23781.915,0,489.651,0,50.757,6091,5643,1.660,2.300,2.250,3,0,3.981,0,0,20,316,0,9,3
05-08 23:46:54,29.072,8.270,63.908,0,0,5797412,5781500,408600,4258500,44982.117,22589.803,0,192.475,0,20.050,5524,4975,1.660,2.300,2.250,4,0,5.012,0,0,20,312,0,9,3
05-08 23:46:55,30.854,5.972,63.698,0,0,5824880,5754032,408600,4258500,44660.350,23018.911,0,11.943,0,0.995,5750,4894,1.660,2.300,2.250,3,0,0,0,0,20,312,0,4,3
05-08 23:46:56,26.873,8.790,63.792,0,0,5846588,5732292,408632,4258500,30687.292,14821.760,0,683.123,0,36.165,5940,5213,1.610,2.280,2.250,2,0,4.018,0,0,20,312,0,4,3
05-08 23:46:57,25.055,7.516,68.650,0,0,5860588,5718276,408648,4258500,31314.592,16488.116,0,96.211,0,9.020,5565,4947,1.610,2.280,2.250,0,0,2.004,0,0,20,315,0,4,3
05-08 23:46:58,9.496,3.499,83.715,0,0,5853528,5725324,408648,4258512,26795.705,18632.146,0,3.998,0,1.000,5176,4979,1.610,2.280,2.250,0,0,0,0,0,20,315,0,5,3
05-08 23:46:59,21.011,4.252,72.537,0,0,5851884,5726956,408648,4258524,21287.923,13113.728,0,0,0,0,5434,4960,1.610,2.280,2.250,2,0,3.002,0,0,20,318,0,5,4
05-08 23:47:00,31.946,8.236,61.647,0,0,5787368,5791472,408648,4258524,31364.393,17724.272,0,3.993,0,0.998,5860,5106,1.610,2.280,2.250,1,0,14.975,0,0,20,312,0,6,3
05-08 23:47:01,27.514,8.004,65.033,0,0,5820164,5758676,408648,4258524,44610.789,22193.337,0,24.012,0,2.001,5612,4996,1.560,2.260,2.240,1,0,0,0,0,20,312,0,6,3
05-08 23:47:02,31.008,6.752,64.017,0,0,5834104,5744716,408660,4258528,30078.147,14727.989,0,144.039,0,10.003,5693,4813,1.560,2.260,2.240,1,0,2.001,0,0,20,312,0,6,3
05-08 23:47:03,26.754,10.002,62.760,0,0,5809216,5769436,408668,4258684,15488.587,7367.231,0,216.036,0,7.001,5944,5116,1.560,2.260,2.240,2,0,42.007,0,0,20,312,0,6,3
05-08 23:47:04,14.001,27.252,57.004,0,0,5765436,5813132,408712,4258724,70869.713,479757.904,512.034,612.041,4.000,54.004,7419,6518,1.560,2.260,2.240,2,0,129.009,0,0,20,312,0,6,3
05-08 23:47:05,12.259,24.517,61.043,0,0,5751992,5826556,408712,4258736,64271.349,167308.051,0,204.144,0,5.004,7170,6316,1.560,2.260,2.240,1,0,134.095,0,0,20,312,0,6,3
05-08 23:47:06,11.488,26.471,60.185,0,0,5742736,5835728,408712,4258820,47415.745,62919.985,0,3.996,0,0.999,6847,5944,1.510,2.240,2.230,1,0,167.819,0,0,20,312,0,6,3
05-08 23:47:07,15.264,21.269,61.807,0,0,5732680,5845764,408724,4258824,60855.696,34471.549,0,476.436,0,52.048,6877,6132,1.510,2.240,2.230,3,0,130.119,0,0,20,312,0,6,3
05-08 23:47:08,25.757,12.253,62.017,0,0,5755112,5823292,408756,4258832,60163.357,31092.453,0,292.079,0,24.007,6086,5428,1.510,2.240,2.230,1,0,37.010,0,0,20,312,0,6,3
05-08 23:47:09,29.713,7.491,63.920,0,0,5783484,5794908,408760,4258840,30054.447,15234.964,0,71.910,0,2.996,5765,4902,1.510,2.240,2.230,1,0,17.978,0,0,20,312,0,6,3
05-08 23:47:10,19.974,5.743,73.156,0,0,5787080,5791296,408768,4258848,51222.093,25524.158,0,263.661,0,9.987,5250,4631,1.510,2.240,2.230,2,0,0,0,0,20,313,0,6,3
05-08 23:47:11,27.718,7.242,64.675,0.250,0,5787852,5784388,408792,4263784,30055.324,14880.832,0,1098.732,0,23.972,5561,4789,1.550,2.230,2.230,1,0,3.995,0,0,20,312,0,5,3
05-08 23:47:12,29.361,7.780,62.989,0,0,5793700,5776852,408792,4265248,46168.094,24207.809,0,1557.908,0,313.188,6463,5609,1.550,2.230,2.230,4,0,6.023,0,0,20,312,0,5,3
05-08 23:47:13,27.504,13.002,56.507,0,0,5790212,5779324,408792,4266132,44939.942,23223.070,0,0,0,0,11269,15872,1.550,2.230,2.230,1,0,9.001,0,0,20,312,0,5,3
05-08 23:47:14,21.986,9.494,66.209,0.250,0,5760760,5808524,408824,4266248,47397.871,559728.008,0,2098.710,0,32.980,5630,5048,1.550,2.230,2.230,1,0,2.998,0,0,20,313,0,5,3
05-08 23:47:15,22.669,8.470,66.015,0,0,5762920,5806088,408844,4266456,62501.306,40438.915,0,924.705,0,9.964,6917,7352,1.550,2.230,2.230,2,0,4.982,0,0,20,313,0,5,3
05-08 23:47:16,24.551,13.027,60.124,0,0,5760128,5808852,408844,4266484,29804.374,14688.246,0,8.017,0,2.004,8605,10780,1.510,2.210,2.220,3,0,9.019,0,0,20,313,0,5,3
05-08 23:47:17,22.839,11.043,65.003,0,0,5733300,5835676,408856,4266468,29619.414,14715.339,0,381.486,0,8.031,5027,4346,1.510,2.210,2.220,3,0,9.035,0,0,20,313,0,5,3
05-08 23:47:18,24.162,12.455,63.022,0,0,5697332,5878384,409024,4260504,60681.200,30947.900,0,928.636,0,28.895,6236,5424,1.510,2.210,2.220,3,0,53.805,0,0,20,312,0,5,3
05-08 23:47:19,12.004,24.508,62.021,0,0,5697920,5877788,409024,4260512,46020.215,27837.204,0,0,0,0,6972,6079,1.510,2.210,2.220,4,0,149.049,0,0,20,312,0,5,3
05-08 23:47:20,17.485,17.985,60.700,0,0,5710284,5865424,409024,4260512,59937.222,31477.858,0,0,0,0,6443,5662,1.510,2.210,2.220,2,0,67.944,0,0,20,312,0,5,3
05-08 23:47:21,28.308,5.711,64.313,0,0,5743296,5832412,409024,4260512,29543.138,14559.014,0,0,0,0,5784,4770,1.470,2.190,2.220,3,0,0,0,0,20,312,0,5,3
05-08 23:47:22,31.029,11.857,57.265,0,0,5778344,5797128,409044,4260728,31629.294,16973.564,0,137.233,0,13.118,6447,14677,1.470,2.190,2.220,0,0,36.327,0,0,20,313,0,6,3
05-08 23:47:23,22.452,5.987,69.600,0,0,5775664,5799768,409072,4260740,22605.413,13837.259,0,311.331,0,24.946,5880,5358,1.470,2.190,2.220,2,0,1.996,0,0,20,315,0,8,3
05-08 23:47:24,22.021,15.014,62.308,0,0,5736184,5839192,409112,4260756,32395.339,18074.928,0,348.326,0,38.036,6714,6177,1.470,2.190,2.220,3,0,75.070,0,0,20,312,0,10,3
05-08 23:47:25,22.464,14.727,61.153,0,0,5747360,5828012,409116,4260756,45206.152,23494.659,0,103.835,0,11.981,6369,5683,1.470,2.190,2.220,1,0,40.935,0,0,20,312,0,10,3
05-08 23:47:26,28.720,7.242,63.434,0,0,5787808,5787556,409124,4260756,42734.495,566178.371,0,423.559,0,24.974,5417,4673,1.510,2.190,2.220,5,0,3.996,0,0,20,312,0,10,3
05-08 23:47:27,17.811,5.017,75.509,0,0,5780984,5794376,409124,4260760,35739.544,20298.600,0,0,0,0,5345,4817,1.510,2.190,2.220,2,0,0,0,0,20,313,0,10,3
05-08 23:47:28,22.262,11.256,66.035,0,0,5735364,5839992,409124,4260764,18307.712,10390.512,0,1060.563,0,230.122,6438,5260,1.510,2.190,2.220,2,0,48.025,0,0,20,312,0,11,3
05-08 23:47:29,28.057,13.160,59.839,0,0,5771820,5803532,409124,4260768,45857.007,22678.223,0,99.318,0,4.966,6066,5268,1.510,2.190,2.220,4,0,23.836,0,0,20,312,0,11,3
05-08 23:47:30,31.700,7.044,60.129,0,0,5804272,5771020,409176,4260776,32296.637,16552.366,0,438.767,0,39.247,6308,5990,1.510,2.190,2.220,3,0,0,0,0,20,313,0,11,3
05-08 23:47:31,20.984,5.496,71.196,0,0,5800624,5774660,409176,4260784,34477.639,19227.299,0,0,0,0,5349,4771,1.390,2.150,2.200,1,0,0,0,0,20,313,0,11,3
05-08 23:47:32,21.439,7.479,69.552,0,0,5764616,5810648,409176,4260804,23253.950,14598.535,0,0,0,0,5771,5172,1.390,2.150,2.200,3,0,34.901,0,0,20,312,0,13,3
05-08 23:47:33,23.040,12.521,62.607,0,0,5780292,5794968,409176,4260808,30717.720,17752.468,0,68.117,0,4.007,6052,5160,1.390,2.150,2.200,3,0,25.043,0,0,20,312,0,13,3
05-08 23:47:34,25.792,6.511,66.859,0,0,5816048,5759172,409208,4260816,45075.474,23424.182,0,404.660,0,32.052,5866,5173,1.390,2.150,2.200,1,0,0,0,0,20,313,0,13,3
05-08 23:47:35,25.293,8.014,65.863,0,0,5805768,5769408,409216,4260852,20306.767,12181.856,0,124.213,0,8.014,6070,5866,1.390,2.150,2.200,3,0,7.012,0,0,20,315,0,15,3
05-08 23:47:36,22.087,10.423,64.771,0.248,0,5764100,5810916,409228,4261000,34921.762,19878.007,0,138.972,0,12.905,6241,5698,1.360,2.130,2.200,1,0,32.758,0,0,20,312,0,16,3
05-08 23:47:37,26.313,9.021,63.902,0,0,5765076,5809904,409252,4261012,46090.709,23497.932,0,132.315,0,16.038,5140,4721,1.360,2.130,2.200,5,0,1.002,0,0,20,312,0,16,3
05-08 23:47:38,26.332,9.279,64.701,0,0,5800056,5774892,409324,4261016,31778.646,17655.806,0,4084.679,0,249.775,5799,5229,1.360,2.130,2.200,3,0,5.016,0,0,20,313,0,16,3
05-08 23:47:39,33.782,15.265,50.298,0,0,5793708,5781232,409324,4261024,35666.957,21251.233,1024.976,56.053,8.008,2.002,6106,5085,1.360,2.130,2.200,2,0,8.008,0,0,20,313,0,16,3
05-08 23:47:40,26.209,7.987,64.399,0,0,5701280,5873612,409360,4261036,19603.181,10518.463,255.598,411.353,1.997,45.928,6365,6035,1.360,2.130,2.200,1,0,8.986,0,0,20,312,0,18,3
05-08 23:47:41,23.479,13.987,62.194,0,0,5736100,5838788,409360,4261040,51005.992,465488.126,0,115.895,0,6.994,6546,5703,1.250,2.100,2.180,3,0,41.962,0,0,20,312,0,18,3
05-08 23:47:42,28.809,6.764,65.134,0,0,5776604,5798272,409372,4261040,37868.742,156832.969,0,120.247,0,8.016,5761,4822,1.250,2.100,2.180,1,0,0,0,0,20,313,0,18,3
05-08 23:47:43,19.158,5.971,72.404,0,0,5778196,5796664,409384,4261044,35320.278,19751.648,0,2579.677,0,448.856,6131,4885,1.250,2.100,2.180,5,0,0,0,0,20,313,0,18,3
05-08 23:47:44,19.326,9.286,68.769,0,0,5754292,5820544,409396,4261056,20720.135,12357.389,0,152.598,0,14.055,6001,5551,1.250,2.100,2.180,2,0,34.134,0,0,20,312,0,21,3
05-08 23:47:45,28.275,12.011,60.554,0,0,5784600,5790228,409404,4261056,30531.234,16334.571,0,96.086,0,7.006,5780,5135,1.250,2.100,2.180,1,0,6.005,0,0,20,312,0,21,3
05-08 23:47:46,23.244,5.249,72.481,0,0,5813200,5761616,409416,4261056,31529.770,17294.486,0,199.948,0,12.997,4767,4289,1.310,2.090,2.180,3,0,0,0,0,20,313,0,21,3
05-08 23:47:47,19.977,5.743,71.668,0,0,5808072,5766716,409428,4261072,36955.822,20776.288,0,95.891,0,8.990,5027,4609,1.310,2.090,2.180,2,0,2.997,0,0,20,313,0,21,3
05-08 23:47:48,19.985,4.553,74.879,0.253,0,5802868,5771872,409468,4261084,34730.634,19780.160,0,1987.325,0,41.487,5810,5668,1.310,2.090,2.180,1,0,0,0,0,20,312,0,22,3
05-08 23:47:49,13.116,23.014,60.381,0,0,5715660,5859076,409468,4261088,45267.996,23847.559,0,114.823,0,6.929,6764,5901,1.310,2.090,2.180,3,0,132.640,0,0,20,312,0,22,3
05-08 23:47:50,10.749,11.499,74.492,0,0,5711728,5862884,409512,4261168,64498.439,34420.499,0,35.996,0,4.999,5758,5337,1.310,2.090,2.180,0,0,46.995,0,0,20,314,0,22,3
05-08 23:47:51,9.984,12.480,75.381,0,0,5705288,5869216,409576,4261212,55662.481,25201.375,0,774.782,0,45.928,6149,5843,1.200,2.060,2.170,3,0,63.900,0,0,20,312,0,23,3
05-08 23:47:52,12.521,12.772,71.871,0,0,5713068,5861404,409600,4261220,65288.332,34622.509,0,252.427,0,20.034,6215,5804,1.200,2.060,2.170,2,0,60.102,0,0,20,314,0,23,3
05-08 23:47:53,10.439,17.150,69.593,0,0,5709620,5864824,409624,4261224,56653.536,459749.137,0,632.301,0,27.837,6660,6170,1.200,2.060,2.170,1,0,93.453,0,0,20,312,0,24,3
05-08 23:47:54,15.898,21.611,59.616,0,0,5705920,5868428,409664,4261280,64026.736,157692.627,0,266.285,0,27.821,6976,6245,1.200,2.060,2.170,3,0,116.251,0,0,20,312,0,24,3
05-08 23:47:55,25.961,9.985,63.655,0,0,5736684,5832964,409884,4265156,59626.576,30843.743,0,0,0,0,5830,5049,1.200,2.060,2.170,4,0,4.993,0,0,20,312,0,24,3
05-08 23:47:56,27.549,8.341,63.691,0,0,5760004,5803576,410116,4270200,45242.110,22833.865,0,1128.247,0,23.252,5903,5084,1.190,2.040,2.160,3,0,3.033,0,0,20,312,0,24,3
05-08 23:47:57,25.338,6.774,68.238,0,0,5765708,5795388,410196,4272184,34406.070,16015.892,0,361.261,0,3.011,5680,5034,1.190,2.040,2.160,3,0,18.063,0,0,20,313,0,24,3
05-08 23:47:58,17.935,4.733,75.725,0.249,0,5761540,5798424,410252,4273200,36503.533,17754.571,0,856.890,0,37.863,5186,4868,1.190,2.040,2.160,4,0,0,0,0,20,313,0,24,3
05-08 23:47:59,27.120,7.282,63.782,0,0,5765824,5791396,410280,4275676,15498.622,7569.515,0,1759.792,0,335.485,6089,4977,1.190,2.040,2.160,2,0,5.022,0,0,20,312,0,24,3
05-08 23:48:00,13.988,18.734,62.198,1.499,0,5686844,5867076,410356,4278824,30643.138,19635.428,1358.853,3237.268,20.982,84.928,7171,7157,1.190,2.040,2.160,2,0,122.896,0,0,20,312,0,22,3
05-08 23:48:01,11.495,27.237,58.973,0,0,5690036,5863832,410404,4278828,61195.599,32798.778,0,255.881,0,23.989,7090,6272,1.250,2.040,2.160,3,0,167.922,0,0,20,312,0,22,3
05-08 23:48:02,26.233,9.993,63.958,0,0,5727572,5826284,410416,4278828,45915.741,22567.128,0,99.934,0,6.995,5735,5110,1.250,2.040,2.160,1,0,11.992,0,0,20,312,0,22,3
05-08 23:48:03,29.076,7.207,63.618,0,0,5770648,5783192,410428,4278832,29447.292,14731.598,0,67.594,0,5.964,5519,4752,1.250,2.040,2.160,1,0,0,0,0,20,312,0,22,3
05-08 23:48:04,21.378,5.533,73.943,0,0,5771772,5781984,410460,4278876,35538.776,20610.397,0,269.614,0,22.133,5655,5257,1.250,2.040,2.160,3,0,0,0,0,20,313,0,22,3
05-08 23:48:05,23.531,7.260,68.842,0,0,5742852,5810884,410460,4278896,34124.604,25695.339,0,4.005,0,1.001,5749,5105,1.250,2.040,2.160,2,0,28.037,0,0,20,312,0,24,3
05-08 23:48:06,26.740,12.495,61.727,0,0,5775912,5777800,410468,4278896,63279.873,613371.825,0,91.966,0,4.998,5996,4868,1.230,2.020,2.160,1,0,20.992,0,0,20,312,0,24,3
05-08 23:48:07,26.243,6.498,69.233,0,0,5811248,5742444,410484,4278900,31122.149,16787.765,0,87.978,0,11.997,5188,4626,1.230,2.020,2.160,1,0,1.000,0,0,20,313,0,24,3
05-08 23:48:08,20.487,5.746,70.954,0,0,5806644,5746912,410504,4279012,35428.115,19064.685,0,299.806,0,21.986,5673,5301,1.230,2.020,2.160,5,0,1.999,0,0,20,314,0,25,3
05-08 23:48:09,22.015,8.006,68.797,0,0,5771432,5781988,410504,4279148,17843.300,10021.909,0,1348.930,0,82.057,5230,4755,1.230,2.020,2.160,1,0,14.010,0,0,20,312,0,26,3
05-08 23:48:10,24.254,9.001,65.010,0,0,5768348,5785072,410504,4279148,30139.821,15838.533,0,8.001,0,1.000,4586,4159,1.230,2.020,2.160,1,0,0,0,0,20,312,0,26,3
05-08 23:48:11,18.989,5.247,73.956,0,0,5792316,5761092,410524,4279148,31816.094,17656.508,0,327.805,0,19.988,4820,4381,1.210,2.010,2.150,2,0,1.999,0,0,20,313,0,26,3
05-08 23:48:12,24.472,6.243,69.919,0,0,5788984,5764404,410556,4279136,34258.364,19650.265,0,167.806,0,23.972,5682,5352,1.210,2.010,2.150,2,0,0,0,0,20,313,0,26,3
05-08 23:48:13,30.504,10.416,55.551,0.496,0,5786668,5766356,410808,4279244,29674.269,14475.059,0,1118.960,0,152.766,8541,9744,1.210,2.010,2.150,3,0,0.992,0,0,20,313,0,26,3
05-08 23:48:14,29.529,9.843,61.330,0,0,5737468,5815400,410944,4279260,17409.636,11708.725,0,1970.636,0,386.656,7175,6942,1.210,2.010,2.150,1,0,7.067,0,0,20,312,0,27,3
05-08 23:48:15,31.193,7.237,63.384,0,0,5778772,5774096,410944,4279260,44442.520,23163.533,0,0,0,0,5933,5055,1.210,2.010,2.150,2,0,0,0,0,20,312,0,27,3
05-08 23:48:16,20.301,6.015,73.685,0,0,5791680,5760952,411172,4279264,35721.642,20767.114,0,3568.956,0,180.453,5974,5543,1.280,2,2.150,1,0,0,0,0,20,313,0,27,3
05-08 23:48:17,18.961,5.239,74.349,0,0,5790536,5762056,411204,4279272,19448.497,11237.176,0,151.692,0,14.970,5423,5152,1.280,2,2.150,4,0,2.994,0,0,20,313,0,27,3
05-08 23:48:18,26.977,10.990,60.697,0.500,0,5790260,5762176,411340,4279284,15429.573,7289.656,0,723.370,0,84.926,7511,8051,1.280,2,2.150,3,0,0,0,0,20,313,0,27,3
05-08 23:48:19,26.147,11.704,59.766,0,0,5745664,5806412,411664,4279308,16453.497,8650.089,0,3450.473,0,213.164,7053,7216,1.280,2,2.150,1,0,37.852,0,0,20,312,0,28,3
05-08 23:48:20,11.559,27.892,58.800,0,0,5737060,5814988,411684,4279316,61192.998,33597.299,0,253.291,0,13.067,6945,6074,1.280,2,2.150,2,0,173.887,0,0,20,312,0,28,3
05-08 23:48:21,13.754,27.259,57.268,0,0,5726032,5825924,411776,4279316,56181.854,470857.635,0,1216.387,0,60.019,7544,6522,1.330,2,2.150,1,0,170.054,0,0,20,312,0,28,3
05-08 23:48:22,19.195,30.911,47.115,0,0,5735512,5816380,411832,4281564,62644.941,161505.787,0,347.003,0,26.923,7376,9741,1.330,2,2.150,5,0,197.433,0,0,20,312,0,28,3
05-08 23:48:23,16.567,31.878,49.700,0,0,5719628,5832220,411872,4279324,61890.475,31811.716,0,365.467,0,25.101,7343,11680,1.330,2,2.150,3,0,164.661,0,0,20,312,0,29,3
05-08 23:48:24,12.370,26.224,57.644,0,0,5718668,5833144,411896,4279328,60603.683,31621.464,0,324.587,0,22.761,7037,6334,1.330,2,2.150,2,0,166.252,0,0,20,312,0,29,3
05-08 23:48:25,12.880,27.274,58.590,0,0,5713260,5838548,411896,4279332,46761.516,24179.293,0,1070.774,0,224.256,7292,5995,1.330,2,2.150,2,0,164.657,0,0,20,312,0,23,3
05-08 23:48:26,12.234,27.215,58.175,0,0,5699564,5852212,411924,4279332,61227.817,32268.269,0,431.442,0,23.969,7093,6137,1.310,1.990,2.140,3,0,170.779,0,0,20,312,0,23,3
05-08 23:48:27,12.018,27.291,58.839,0,0,5699760,5852012,411928,4279332,60663.852,31958.389,0,96.146,0,8.012,6952,6052,1.310,1.990,2.140,2,0,168.255,0,0,20,312,0,23,3
05-08 23:48:28,13.235,28.217,57.433,0,0,5702464,5849244,411976,4279348,60985.751,32366.187,0,295.655,0,25.970,7230,6417,1.310,1.990,2.140,6,0,166.805,0,0,20,312,0,23,3
05-08 23:48:29,12.514,29.032,55.562,0,0,5688568,5863096,412000,4279368,56909.490,467637.715,0,14716.418,0,68.076,7355,6243,1.310,1.990,2.140,2,0,160.179,0,0,20,312,0,22,3
05-08 23:48:30,10.981,27.702,57.900,0,0,5692300,5859344,412008,4279376,64120.759,148089.395,0,359.382,0,7.986,7083,6038,1.310,1.990,2.140,2,0,167.712,0,0,20,312,0,22,3
05-08 23:48:31,11.260,28.024,58.801,0,0,5684796,5866848,412008,4279376,60838.779,32470.169,0,20.017,0,5.004,6891,5981,1.280,1.970,2.140,2,0,168.146,0,0,20,312,0,22,3
05-08 23:48:32,11.511,28.026,57.553,0,0,5682992,5868484,412040,4279512,60999.546,33208.784,0,148.137,0,15.014,6967,6114,1.280,1.970,2.140,3,0,175.162,0,0,20,312,0,22,3
05-08 23:48:33,12.214,26.672,58.578,0,0,5686180,5865264,412072,4279512,45660.072,24222.950,0,147.567,0,16.950,6921,5988,1.280,1.970,2.140,4,0,164.517,0,0,20,312,0,20,3
05-08 23:48:34,11.760,27.773,58.547,0,0,5687288,5864016,412120,4279604,61332.717,32272.160,0,444.360,0,30.024,7045,6334,1.280,1.970,2.140,5,0,165.134,0,0,20,312,0,20,3
05-08 23:48:35,12.026,27.059,58.376,0,0,5689792,5861496,412128,4279608,61199.313,32768.846,0,160.347,0,8.017,6797,6012,1.280,1.970,2.140,3,0,167.362,0,0,20,312,0,20,3
05-08 23:48:36,11.245,27.487,59.222,0,0,5690120,5861164,412128,4279612,60782.163,32242.703,0,15.992,0,3.998,6920,5970,1.340,1.970,2.140,2,0,164.922,0,0,20,312,0,20,3
05-08 23:48:37,16.411,29.092,51.222,0,0,5695308,5855916,412152,4279648,57464.050,461980.086,0,175.050,0,14.919,7664,7048,1.340,1.970,2.140,3,0,161.125,0,0,20,313,0,17,3
05-08 23:48:38,19.024,30.539,48.812,0,0,5709128,5841820,412264,4279808,64126.086,153065.548,0,716.907,0,52.066,7742,7315,1.340,1.970,2.140,4,0,173.219,0,0,20,312,0,17,3
05-08 23:48:39,23.311,36.846,38.099,0,0,5720436,5830504,412264,4279816,61363.911,32280.120,898.341,100.261,7.018,7.018,6975,5920,1.340,1.970,2.140,5,0,174.455,0,0,20,312,0,17,3
05-08 23:48:40,16.770,29.035,51.312,0,0,5725548,5825388,412264,4279820,60950.497,32174.798,256.309,12.014,2.002,3.004,6988,6037,1.340,1.970,2.140,5,0,163.197,0,0,20,312,0,17,3
05-08 23:48:41,11.985,28.465,57.928,0,0,5722340,5828544,412312,4279820,60490.917,30042.710,0,1845.709,0,288.642,7239,6063,1.310,1.950,2.130,6,0,166.793,0,0,20,312,0,15,3
05-08 23:48:42,11.765,26.533,59.825,0,0,5720968,5829908,412312,4279828,46162.835,25598.070,0,20.025,0,5.006,6856,5915,1.310,1.950,2.130,1,0,155.194,0,0,20,312,0,15,3
05-08 23:48:43,21.910,15.188,61.248,0,0,5734912,5815932,412324,4279848,60451.504,32490.443,0,235.034,0,13.943,6888,6228,1.310,1.950,2.130,1,0,99.591,0,0,20,312,0,15,3
05-08 23:48:44,16.784,20.792,62.375,0.251,0,5734192,5932496,412352,4175572,44957.158,22416.955,0,1835.681,0,88.177,6312,5725,1.310,1.950,2.130,2,0,4.008,0,0,20,312,0,15,3
05-08 23:48:45,26.760,13.005,59.273,0,0,5737944,5921156,412368,4182752,32046.344,16874.500,0,24.009,0,4.002,5650,4906,1.310,1.950,2.130,2,0,11.004,0,0,20,312,0,12,3
05-08 23:48:46,30.715,6.742,62.679,0,0,5751084,5904104,412392,4186264,55224.180,566597.468,0,2365.309,0,20.976,5710,5211,1.370,1.960,2.130,4,0,0.999,0,0,20,312,0,12,3
05-08 23:48:47,12.526,6.012,79.164,0,0,5751032,5903852,412412,4186472,33806.979,15832.773,0,472.979,0,9.019,4955,4793,1.370,1.960,2.130,2,0,18.037,0,0,20,313,0,12,3
05-08 23:48:48,13.017,10.013,75.097,0,0,5722336,5932524,412448,4186488,40698.554,16208.931,0,216.279,0,21.027,5850,5478,1.370,1.960,2.130,2,0,52.067,0,0,20,312,0,12,3
05-08 23:48:49,20.704,14.717,62.861,0.499,0,5723000,5931344,412464,4186936,44970.243,30045.351,391.132,395.124,7.982,15.965,6292,5358,1.370,1.960,2.130,1,0,64.856,0,0,20,312,0,11,3
05-08 23:48:50,14.239,20.983,61.950,0.749,0,5718188,5934828,412468,4188252,30368.520,15051.867,1187.043,151.878,26.978,2.998,6286,5680,1.370,1.960,2.130,2,0,42.965,0,0,20,312,0,11,3
05-08 23:48:51,19.308,20.298,59.410,0.495,0,5717100,5935256,412468,4188668,29532.611,14579.164,403.987,15.843,7.921,1.980,5739,4792,1.340,1.940,2.120,4,0,6.931,0,0,20,312,0,11,3
05-08 23:48:52,33.428,30.135,35.707,0.506,0,5685936,5962300,412508,4192800,15440.497,7390.531,4.052,9302.993,1.013,30.389,11748,18496,1.340,1.940,2.120,1,0,12.155,0,0,20,312,0,11,3
05-08 23:48:53,6.996,3.748,86.450,0,0,5687548,5962300,412548,4191152,31875.586,13598.145,0,327.811,0,20.988,4963,5076,1.340,1.940,2.120,0,0,0,0,0,20,312,0,11,3
05-08 23:48:54,7.007,6.507,70.575,12.513,0,5684892,5952220,412576,4203860,97076.289,30108.035,12136.914,160.170,109.116,14.015,5649,5460,1.340,1.940,2.120,0,1,11.012,0,0,20,312,0,9,3
05-08 23:48:55,6.248,4.498,65.478,21.243,0,5685080,5938864,412584,4217020,44205.246,22256.571,12455.843,0,116.961,0,5353,5141,1.340,1.940,2.120,0,1,0,0,0,20,312,0,9,3
05-08 23:48:56,10.005,8.504,64.533,15.258,0,5672340,5938108,412604,4230496,30036.281,15297.783,12594.407,1228.625,116.059,22.011,5704,5215,1.310,1.920,2.120,1,1,3.002,0,0,20,312,0,9,3
05-08 23:48:57,9.995,9.246,61.470,16.992,0,5673152,5930044,412604,4237748,44078.725,22075.345,7036.604,8451.921,63.969,1110.464,7237,4921,1.310,1.920,2.120,1,0,2.999,0,0,20,312,0,9,3
05-08 23:48:58,9.248,4.749,62.737,20.746,0,5666192,5930112,412616,4244596,46139.381,465600.938,6262.694,163.966,68.986,11.997,5947,5540,1.310,1.920,2.120,0,1,2.000,0,0,20,312,0,9,3
05-08 23:48:59,12.486,9.739,63.930,11.987,0,5667016,5920324,412632,4253512,46364.911,110448.299,8170.997,291.679,82.909,14.983,5694,5078,1.310,1.920,2.120,1,0,0.999,0,0,20,312,0,9,3
05-08 23:49:00,17.491,14.243,64.218,4.748,0,5668548,5914780,412632,4257524,26377.867,13971.044,3274.370,47.976,43.978,3.998,5672,5043,1.310,1.920,2.120,0,1,3.998,0,0,20,312,0,9,3
05-08 23:49:01,10.201,7.713,63.691,15.674,0,5668440,5899408,412636,4272968,47810.147,24588.758,14633.038,63.691,192.069,2.986,5928,5216,1.370,1.930,2.110,5,0,0,0,0,20,312,0,9,3
05-08 23:49:02,10.822,12.080,64.176,12.080,0,5667736,5887692,412644,4285348,45440.443,22944.208,11786.187,1248.281,142.948,56.374,5905,5227,1.370,1.930,2.110,0,1,4.027,0,0,20,312,0,9,3
05-08 23:49:03,6.999,6.499,63.988,19.246,0,5670024,5867308,412652,4303356,44619.723,22515.823,17708.715,79.985,165.969,5.999,5850,5447,1.370,1.930,2.110,1,1,3.999,0,0,20,312,0,9,3
05-08 23:49:04,7.000,5.500,63.748,20.749,0,5667884,5852944,412692,4319740,44337.794,21953.403,14547.604,371.990,158.996,31.999,5892,5709,1.370,1.930,2.110,2,1,0,0,0,20,312,0,9,3
05-08 23:49:05,7.004,6.254,64.036,19.261,0,5667752,5833792,412696,4338940,29636.760,14814.378,17209.732,36.020,186.105,3.002,5889,5464,1.370,1.930,2.110,1,0,0,0,0,20,312,0,9,3
05-08 23:49:06,17.252,17.252,65.007,0,0,5669708,5829772,412696,4340972,15080.615,7296.781,0,24.003,0,3.000,4679,3886,1.340,1.910,2.110,1,0,2.000,0,0,20,312,0,7,3
05-08 23:49:07,10.991,9.742,64.699,12.240,0,5668308,5820196,412704,4351892,15068.009,7290.199,9644.325,139.889,92.926,11.990,5411,5103,1.340,1.910,2.110,0,1,2.998,0,0,20,312,0,7,3
05-08 23:49:08,7.505,6.504,65.291,18.512,0,5669380,5803896,412724,4367052,60640.966,30202.909,14969.372,332.208,140.088,22.014,5743,5683,1.340,1.910,2.110,2,0,2.001,0,0,20,312,0,7,3
05-08 23:49:09,7.246,6.746,63.965,19.239,0,5668348,5788020,412728,4383876,44603.603,22375.761,16842.787,67.963,155.915,2.998,5642,5385,1.340,1.910,2.110,0,1,3.998,0,0,20,312,0,7,3
05-08 23:49:10,7.255,7.005,64.296,19.514,0,5669184,5771892,412840,4399008,44703.314,23008.632,15082.903,2181.577,143.103,118.085,5934,5667,1.340,1.910,2.110,0,1,2.001,0,0,20,312,0,5,3
05-08 23:49:11,8.750,6.250,63.502,19.501,0,5666888,5761768,412840,4411348,58454.226,618697.559,12244.466,0,120.005,0,5934,5339,1.470,1.930,2.110,1,1,3.000,0,0,20,312,0,5,3
05-08 23:49:12,8.992,8.742,63.191,16.235,0,5669292,5744660,412860,4425952,44749.362,22499.065,14490.517,19.981,145.864,2.997,5923,5287,1.470,1.930,2.110,2,0,7.993,0,0,20,312,0,5,3
