"pcp-dstat 6.2.0 CSV Output"
"Author:","PCP team <pcp@groups.io> and Dag Wieers <dag@wieers.com>",,,,"URL:","https://pcp.io/ and http://dag.wieers.com/home-made/dstat/"
"Host:","ubuntu",,,,"User:","stack"
"Cmdline:","dstat -tcmndrylpg --tcp --output /opt/stack/logs/dstat-csv.log",,,,"Date:","18 Sep 2026 16:49:26 UTC"
"system","total usage",,,,,"memory usage",,,,"net/total",,"dsk/total",,"io/total",,"system",,"load avg",,,"procs",,,"paging",,"tcp sockets",,,,
"time","total usage:usr","total usage:sys","total usage:idl","total usage:wai","total usage:stl","used","free","buf","cach","net/total:recv","net/total:send","dsk/total:read","dsk/total:writ","read","writ","int","csw","1m","5m","15m","run","blk","new","in","out","lis","act","syn","tim","clo"
18-09 16:49:26,,1090724,11802036,166852,3107136,,,,,,,1.710,1.300,0.860,2,0,,,,11,4,0,9,2
18-09 16:49:27,24.175,23.677,49.597,0,0,1104572,11787928,166884,3107332,50359.535,28851.931,0,458.584,0,11.963,4700,2436,1.710,1.300,0.860,2,0,131.594,0,0,11,4,0,9,2
18-09 16:49:28,21.065,22.820,53.666,0,0,1106996,11785168,166948,3107548,70453.635,39812.984,0,898.776,0,26.081,4639,2444,1.710,1.300,0.860,2,0,137.425,0,0,11,4,0,9,2
18-09 16:49:29,22.253,28.254,47.007,0,0,1100336,11774476,167024,3124228,244443.411,40465.193,4.001,11289.728,1.000,45.007,5104,2568,1.890,1.350,0.870,2,0,140.021,0,0,11,4,0,9,2
18-09 16:49:30,28.713,25.967,43.194,0,0,1110744,11757960,167124,3129792,58028.327,589457.468,0,415.465,0,13.982,4949,2543,1.890,1.350,0.870,2,0,128.834,0,0,11,4,0,9,2
18-09 16:49:31,29.532,26.279,43.548,0.250,0,1095200,11762412,167784,3138516,60699.468,31956.994,0,1433.570,0,57.062,4897,2543,1.890,1.350,0.870,3,0,127.139,0,0,11,4,0,9,2
18-09 16:49:32,30.432,24.741,42.308,0,0,1116420,11731292,168096,3147780,59549.539,30699.108,0,1306.345,0,36.617,5377,3450,1.890,1.350,0.870,4,0,99.955,0,0,11,4,0,9,2
18-09 16:49:33,35.531,24.695,38.807,0,0,1101852,11737776,168140,3154160,45424.599,23270.216,0,0,0,0,4621,2572,1.890,1.350,0.870,2,0,91.726,0,0,11,4,0,9,2
18-09 16:49:34,28.249,26.749,43.998,0.250,0,1110788,11711756,168464,3169672,45663.888,24228.879,0,1455.933,0,51.998,4831,2412,1.900,1.360,0.880,2,0,119.994,0,0,11,4,0,9,2
18-09 16:49:35,35.459,25.044,37.442,0,0,1105376,11707376,169036,3177484,59081.625,30777.156,0,1749.626,0,79.348,4619,4011,1.900,1.360,0.880,5,0,76.373,0,0,11,4,0,9,2
18-09 16:49:36,38.023,24.677,36.764,0.252,0,1106748,11697004,169548,3184516,45359.979,23859.466,0,1297.323,0,35.253,6387,5746,1.900,1.360,0.880,3,0,66.478,0,0,11,4,0,9,2
18-09 16:49:37,24.322,14.041,59.927,0,0,1238424,11543404,169988,3329088,44975.819,23009.951,0,1043.080,0,38.113,4343,3277,1.900,1.360,0.880,1,0,11.033,0,0,12,4,0,9,2
18-09 16:49:38,31.843,17.912,47.267,0.995,0,1243060,11529812,170400,3336532,53721.963,113408.499,15.921,1233.912,0.995,36.818,4468,2727,1.900,1.360,0.880,4,0,70.651,0,0,12,6,0,9,2
18-09 16:49:39,39.470,13.576,46.006,0.251,0,1258248,11526652,170780,3323456,66370.648,489520.362,0,3181.720,0,394.195,4745,2301,1.910,1.370,0.890,2,0,26.146,0,0,12,4,0,9,0
18-09 16:49:40,32.460,18.727,45.943,0.999,0,1218976,11564932,170780,3324464,63622.098,33652.266,994.766,43.946,13.983,6.991,4105,2151,1.910,1.370,0.890,2,0,70.912,0,0,12,4,0,9,0
18-09 16:49:41,29.440,24.450,45.159,0.249,0,1226736,11557160,170816,3324448,61157.152,32753.671,0,634.715,0,11.976,4892,2626,1.910,1.370,0.890,3,0,123.749,0,0,12,4,0,11,0
18-09 16:49:42,36.249,12.500,46.748,2.500,0,1227284,11550452,170932,3329932,44776.263,22947.110,251.990,2031.921,18.999,35.999,3960,2254,1.910,1.370,0.890,2,0,31.999,0,0,12,4,0,11,0
18-09 16:49:43,38.124,11.537,45.899,3.010,0,1252260,11523236,170948,3331860,45452.566,22699.697,1127.661,0,25.081,0,4893,4516,1.910,1.370,0.890,3,0,8.026,0,0,12,4,0,11,0
18-09 16:49:44,40.496,17.998,38.496,0.750,0,1310364,11462924,171100,3333576,30134.125,15532.518,131.987,14486.618,2.000,53.995,7447,9608,1.920,1.380,0.890,2,0,13.999,0,0,12,4,0,11,0
18-09 16:49:45,38.766,11.328,48.583,1.007,0,1330076,11442540,171108,3334012,29948.471,15004.946,112.774,88.608,5.035,1.007,3231,1482,1.920,1.380,0.890,2,0,1.007,0,0,12,4,0,11,0
18-09 16:49:46,39.136,14.458,42.377,0,0,1340100,11432460,171112,3334056,30392.717,15277.623,15.954,3.988,0.997,0.997,7590,10079,1.920,1.380,0.890,2,0,14.957,0,0,12,6,0,11,0
18-09 16:49:47,34.696,20.818,39.157,1.983,0,1338932,11423400,175804,3339228,44465.327,23603.153,0,27661.587,0,1966.764,12718,16078,1.920,1.380,0.890,1,1,33.705,0,0,12,6,0,11,0
18-09 16:49:48,38.124,20.703,36.609,3.282,0,1325428,11434640,181348,3336408,30038.669,14869.868,0,37091.858,0,2450.034,14230,18309,1.920,1.380,0.890,3,0,32.317,0,0,12,6,0,11,0
18-09 16:49:49,44.995,14.170,35.548,3.232,0,1305488,11450108,184828,3337288,40260.652,449440.887,0,35077.052,0,1659.587,10439,12697,2.240,1.460,0.920,4,0,50.712,0,0,12,6,0,11,0
18-09 16:49:50,33.024,22.016,43.531,0,0,1210016,11545680,184876,3337284,64566.097,159309.740,0,16799.994,0,357.255,4757,2465,2.240,1.460,0.920,3,0,99.071,0,0,12,4,0,11,0
18-09 16:49:51,22.248,10.249,64.993,0.500,0,1232568,11522600,185400,3337284,45977.912,23845.361,0,6803.247,0,301.967,3635,2934,2.240,1.460,0.920,2,0,26.997,0,0,12,4,0,11,0
18-09 16:49:52,22.259,4.752,72.278,0,0,1262420,11492724,185424,3337284,44393.162,21962.491,0,176.068,0,10.004,2471,1527,2.240,1.460,0.920,2,0,2.001,0,0,12,4,0,11,0
18-09 16:49:53,21.773,4.755,72.577,0,0,1275028,11480116,185424,3337284,30452.386,14835.778,0,0,0,0,2276,1303,2.240,1.460,0.920,2,0,0,0,0,12,4,0,10,0
18-09 16:49:54,24.715,1.997,72.646,0,0,1276464,11478660,185428,3337300,15030.494,7285.576,0,3.994,0,0.999,2046,1100,2.140,1.450,0.920,2,0,0,0,0,12,4,0,10,0
18-09 16:49:55,18.990,7.996,71.464,0,0,1233468,11521656,185428,3337300,60848.197,32657.468,0,375.810,0,33.983,2659,1492,2.140,1.450,0.920,2,0,11.994,0,0,12,4,0,10,0
18-09 16:49:56,21.265,5.504,72.051,0,0,1251032,11504088,185428,3337304,44870.050,22131.808,0,4.003,0,1.001,2377,1411,2.140,1.450,0.920,2,0,0,0,0,12,4,0,10,0
18-09 16:49:57,22.502,4.500,71.508,0,0,1266836,11488212,185436,3337332,30328.240,14593.559,0,132.014,0,2.000,2378,1439,2.140,1.450,0.920,2,0,2.000,0,0,12,4,0,10,0
18-09 16:49:58,24.743,2.249,72.480,0,0,1271348,11483676,185440,3337348,30269.662,16353.496,0,3.999,0,1.000,2167,1190,2.140,1.450,0.920,2,0,1.999,0,0,12,4,0,10,0
18-09 16:49:59,7.498,21.496,69.236,0,0,1215108,11539812,185528,3337364,45643.768,24081.130,0,543.890,0,38.992,4447,2978,2.210,1.480,0.930,3,0,129.974,0,0,12,4,0,10,0
18-09 16:50:00,8.249,24.996,64.489,0,0,1199188,11555724,185528,3337376,68062.429,475109.227,0,435.926,0,88.985,5128,3380,2.210,1.480,0.930,1,0,140.976,0,0,12,4,0,10,0
18-09 16:50:01,8.004,22.763,67.037,0,0,1199672,11555228,185528,3337388,65505.112,162001.309,0,12.007,0,3.002,4470,2653,2.210,1.480,0.930,1,0,127.070,0,0,12,4,0,6,0
18-09 16:50:02,7.499,22.997,66.992,0,0,1199956,11554940,185528,3337392,45894.717,23399.306,0,31.996,0,5.999,4420,2653,2.210,1.480,0.930,2,0,120.986,0,0,12,4,0,6,0
18-09 16:50:03,7.500,23.500,67.249,0,0,1189896,11564996,185528,3337396,60447.956,30939.466,0,12.000,0,3.000,4558,2678,2.210,1.480,0.930,2,0,124.998,0,0,12,4,0,6,0
18-09 16:50:04,13.257,25.514,59.032,0,0,1173992,11580876,185536,3337856,59796.556,30686.707,0,144.078,0,4.002,5123,4794,2.120,1.470,0.930,1,0,104.057,0,0,12,4,0,6,0
18-09 16:50:05,16.858,29.438,51.579,0,0,1157472,11597344,185540,3337884,30344.838,15515.108,4.026,50265.086,1.006,389.488,5906,5045,2.120,1.470,0.930,1,0,62.399,0,0,12,4,0,6,0
18-09 16:50:06,19.584,13.634,62.222,2.975,0,1171744,11581268,185544,3339676,47945.251,22457.479,1800.723,3.966,22.807,0.992,3714,2114,2.120,1.470,0.930,5,0,28.756,0,0,12,4,0,6,0
18-09 16:50:07,51.934,29.962,15.730,0.250,0,1231672,11519332,185544,3341672,57889.061,33497.216,1933.530,3.995,22.971,0.999,5490,16505,2.120,1.470,0.930,2,0,139.821,0,0,12,5,0,7,0
18-09 16:50:08,42.120,8.524,47.385,0.501,0,1286480,11464396,185564,3341776,44414.413,22016.664,20.057,4.011,4.011,1.003,3334,1524,2.120,1.470,0.930,3,0,0,0,0,12,5,0,7,0
18-09 16:50:09,47.747,4.250,46.998,0,0,1304336,11446000,185576,3342276,29741.439,14885.219,0,0,0,0,3099,1179,2.110,1.480,0.940,4,0,0,0,0,12,5,0,6,0
18-09 16:50:10,35.610,17.183,45.820,0.249,0,1316724,11433576,185592,3342272,15259.220,7414.951,0,8662.066,0,37.852,3493,1732,2.110,1.480,0.940,3,1,2.988,0,0,12,5,0,6,0
18-09 16:50:11,45.015,14.005,38.263,2.001,0,1341676,11406464,185740,3344216,23321.705,437984.699,152.050,35343.677,10.003,116.038,4802,4038,2.110,1.480,0.940,2,0,0,0,0,12,5,0,6,0
18-09 16:50:12,18.273,19.024,60.827,0,0,1353024,11394556,185760,3344724,18762.902,136261.584,8.010,192.245,2.003,17.022,4798,3226,2.110,1.480,0.940,2,0,112.143,0,0,12,4,0,7,0
18-09 16:50:13,19.913,11.091,66.041,2.017,0,1388268,11358536,185900,3345328,56448.208,32102.864,734.010,0,15.124,0,3041,1816,2.110,1.480,0.940,3,0,28.231,0,0,13,4,0,7,0
18-09 16:50:14,22.123,4.723,71.836,0,0,1419248,11327540,185900,3345328,48527.424,24566.468,0,7.954,0,1.989,2408,1353,2.020,1.470,0.940,2,0,0,0,0,13,4,0,4,0
18-09 16:50:15,21.241,5.498,71.969,0,0,1450828,11295788,185916,3345456,30132.860,15381.293,0,1519.337,0,3.998,2382,1389,2.020,1.470,0.940,2,0,0,0,0,13,4,0,4,0
18-09 16:50:16,24.007,3.001,72.520,0,0,1459676,11286744,185916,3345652,15737.373,7592.110,0,1312.365,0,10.003,2194,1150,2.020,1.470,0.940,2,0,2.001,0,0,13,4,0,4,0
18-09 16:50:17,23.989,4.748,69.220,0.500,0,1475108,11270644,186488,3345740,46735.534,35770.336,19.991,2167.051,1.000,232.898,4845,4905,2.020,1.470,0.940,1,0,1.000,0,0,13,10,0,4,0
18-09 16:50:18,20.712,8.734,68.874,0,0,1380912,11364392,186920,3345744,44946.561,23834.284,0,5134.582,0,261.520,3486,2586,2.020,1.470,0.940,2,0,32.940,0,0,13,4,0,6,0
18-09 16:50:19,18.494,8.747,71.976,0,0,1420704,11324576,186920,3345744,45230.847,22830.352,0,0,0,0,2336,1492,1.940,1.460,0.940,1,0,10.996,0,0,13,4,0,6,0
18-09 16:50:20,21.552,5.263,70.922,1.754,0,1442816,11301908,187096,3346064,44596.846,20501.578,328.795,3179.689,10.024,115.279,2594,1718,1.940,1.460,0.940,2,0,1.002,0,0,13,4,0,6,0
18-09 16:50:21,20.243,4.248,74.224,0,0,1465388,11279028,187120,3346276,15827.352,10380.296,0,8245.058,0,494.823,2616,1151,1.940,1.460,0.940,0,0,0,0,0,13,5,0,6,0
18-09 16:50:22,17.501,3.500,77.253,0.500,0,1465612,11278804,187144,3346284,17715.658,8357.311,4.000,1388.052,1.000,14.001,2483,1849,1.940,1.460,0.940,1,0,3.000,0,0,13,13,0,6,0
18-09 16:50:23,16.008,4.502,72.538,6.003,0,1470052,11274044,187200,3346476,17451.032,8997.657,192.099,876.454,48.025,23.012,2786,2140,1.940,1.460,0.940,0,1,0,0,0,13,17,0,6,0
18-09 16:50:24,18.243,3.249,73.721,3.749,0,1471420,11272280,187244,3346664,16851.259,8335.665,223.910,303.878,54.978,2.999,2243,1412,1.860,1.450,0.940,2,0,1.999,0,0,13,29,0,6,0
18-09 16:50:25,14.747,4.749,78.985,0,0,1433092,11310588,187244,3346684,19801.293,11513.845,0,0,0,0,2453,1614,1.860,1.450,0.940,4,0,19.996,0,0,13,28,0,7,0
18-09 16:50:26,16.505,10.253,71.770,0,0,1433092,11310588,187244,3346684,1061.302,0,0,12.003,0,2.001,2555,1576,1.860,1.450,0.940,1,0,25.007,0,0,13,28,0,7,0
18-09 16:50:27,23.703,4.990,69.861,0,0,1454384,11289252,187276,3346692,58533.136,478432.790,0,143.713,0,13.972,3074,1947,1.860,1.450,0.940,1,0,0.998,0,0,13,28,0,7,0
18-09 16:50:28,12.769,4.006,82.375,0,0,1466944,11276652,187308,3346696,37710.296,145236.668,0,448.682,0,23.035,2132,1508,1.860,1.450,0.940,1,0,2.003,0,0,13,29,0,7,0
18-09 16:50:29,17.945,2.991,77.263,0,0,1467912,11275672,187308,3346708,32686.651,18167.226,0,0,0,0,2236,1508,1.710,1.430,0.930,1,0,0,0,0,13,28,0,8,0
18-09 16:50:30,13.499,24.998,59.995,0,0,1400012,11343524,187316,3346716,31315.538,16766.682,0,95.992,0,6.000,4419,2544,1.710,1.430,0.930,2,0,153.988,0,0,13,28,0,8,0
18-09 16:50:31,38.359,13.789,47.636,0,0,1484432,11259104,187316,3346716,45499.444,23181.952,0,8.023,0,1.003,3367,1582,1.710,1.430,0.930,2,0,5.014,0,0,13,28,0,8,0
18-09 16:50:32,35.478,7.995,56.215,0,0,1545120,11198412,187316,3346720,31507.133,17436.005,0,3.997,0,0.999,2785,1194,1.710,1.430,0.930,0,0,0,0,0,13,30,0,8,0
18-09 16:50:33,31.222,5.745,61.446,0,0,1545112,11198412,187316,3346728,36512.642,20837.533,0,7.993,0,0.999,3574,2350,1.710,1.430,0.930,2,0,0,0,0,13,30,0,8,0
18-09 16:50:34,29.405,5.731,63.295,0,0,1545600,11197656,187332,3346980,22205.115,14751.246,0,103.664,0,6.977,5507,5332,1.570,1.400,0.930,1,0,1.994,0,0,13,30,0,8,0
18-09 16:50:35,39.901,8.532,50.441,0,0,1517280,11225888,187396,3347004,18887.663,10575.124,0,232.884,0,25.095,5085,4011,1.570,1.400,0.930,2,0,36.137,0,0,13,28,0,9,0
18-09 16:50:36,37.296,44.100,19.152,0,0,1502020,11241064,187412,3347024,46103.048,24520.689,0,185.473,0,13.104,5309,3254,1.570,1.400,0.930,4,0,294.337,0,0,13,28,0,9,0
18-09 16:50:37,64.223,34.736,0.250,0,0,1582336,11160676,187460,3347032,45826.989,24353.897,0,1063.559,0,32.986,5402,3608,1.570,1.400,0.930,7,0,243.899,0,0,13,28,0,9,0
18-09 16:50:38,79.742,19.248,0.250,0,0,1732008,11010988,187460,3347044,51088.614,27594.091,0,11.999,0,3.000,4923,2460,1.570,1.400,0.930,5,0,7.999,0,0,13,29,0,9,0
18-09 16:50:39,81.036,15.365,1.239,0,0,1844952,10897896,187460,3347184,50495.398,31526.416,0,0,0,0,5548,3433,1.770,1.450,0.950,4,0,0,0,0,13,32,0,9,0
18-09 16:50:40,67.450,11.698,17.920,0,0,1867520,10875284,187460,3347224,33358.808,24107.904,0,3.982,0,0.996,6106,5962,1.770,1.450,0.950,4,0,2.987,0,0,13,34,0,9,0
18-09 16:50:41,81.035,10.689,5.966,0,0,1871756,10870748,187564,3347420,26479.026,18726.521,0,429.535,0,40.766,6546,7082,1.770,1.450,0.950,4,0,0,0,0,13,31,0,12,0
18-09 16:50:42,58.998,30.003,10.085,0,0,1603496,11138896,187652,3347444,61842.640,583565.348,0,2666.492,0,291.458,6897,5607,1.770,1.450,0.950,5,0,205.735,0,0,13,28,0,13,0
18-09 16:50:43,15.512,20.015,61.797,0,0,1583072,11159300,187668,3347444,45226.098,23996.092,0,196.148,0,8.006,3602,2266,1.770,1.450,0.950,1,0,109.082,0,0,13,28,0,13,0
18-09 16:50:44,23.339,8.282,68.261,0,0,1572204,11170036,187740,3347444,44726.128,23116.447,0,742.842,0,43.165,2615,1475,1.710,1.440,0.950,1,0,6.023,0,0,13,28,0,13,0
18-09 16:50:45,13.471,2.744,81.076,0,0,1567684,11174548,187740,3347452,33781.623,19198.867,0,0,0,0,2224,1689,1.710,1.440,0.950,1,0,0,0,0,13,29,0,13,0
18-09 16:50:46,14.627,3.783,81.710,0,0,1557080,11185144,187740,3347460,16771.762,9932.321,0,4.035,0,1.009,2198,1683,1.710,1.440,0.950,0,0,2.018,0,0,13,29,0,13,0
18-09 16:50:47,16.809,9.146,71.440,0,0,1460148,11282036,187776,3347464,16871.764,8537.233,0,387.607,0,14.832,3666,2672,1.710,1.440,0.950,1,0,46.473,0,0,13,28,0,14,0
18-09 16:50:48,17.585,9.546,72.098,0,0,1454908,11287276,187776,3347464,30472.256,14636.731,0,148.719,0,1.005,2677,1599,1.710,1.440,0.950,2,0,21.102,0,0,13,28,0,14,0
18-09 16:50:49,22.367,5.026,71.375,0,0,1487860,11254292,187808,3347464,29907.084,17075.688,0,273.436,0,14.074,2236,1213,1.650,1.430,0.950,1,0,2.011,0,0,13,28,0,14,0
18-09 16:50:50,12.676,3.231,81.775,0,0,1500276,11241872,187808,3347468,33371.208,18550.275,0,11.931,0,1.988,2204,1693,1.650,1.430,0.950,2,0,0.994,0,0,13,29,0,14,0
18-09 16:50:51,15.739,2.498,80.196,0,0,1500272,11241872,187808,3347472,17422.161,9725.391,0,0,0,0,2514,2086,1.650,1.430,0.950,1,0,0,0,0,13,29,0,14,0
18-09 16:50:52,15.710,14.214,68.577,0,0,1450800,11291236,187888,3347500,31135.329,16453.426,0,1827.383,0,253.360,4373,2737,1.650,1.430,0.950,1,0,81.793,0,0,13,28,0,15,0
18-09 16:50:53,5.500,26.000,65.250,0,0,1447892,11294132,187904,3347496,46145.647,26357.799,0,179.999,0,8.000,4656,2575,1.650,1.430,0.950,1,0,169.999,0,0,13,28,0,15,0
18-09 16:50:54,6.763,26.051,64.377,0,0,1443552,11298392,187984,3347492,61721.730,33385.845,0,901.779,0,45.089,4887,2905,1.680,1.440,0.950,2,0,168.332,0,0,13,28,0,15,0
18-09 16:50:55,9.486,32.203,55.918,0,0,1426160,11315768,188008,3347500,68722.817,470465.319,0,175.741,0,11.982,5375,3335,1.680,1.440,0.950,2,0,216.681,0,0,13,28,0,15,0
18-09 16:50:56,34.970,45.285,18.869,0,0,1459264,11282644,188008,3347520,49383.515,153736.668,0,28.177,0,7.044,5212,3039,1.680,1.440,0.950,4,0,268.689,0,0,13,28,0,15,0
18-09 16:50:57,70.019,28.861,0.251,0,0,1612796,11129104,188008,3347528,61362.326,33749.430,0,44.169,0,6.023,5113,2893,1.680,1.440,0.950,5,0,139.535,0,0,13,29,0,15,0
18-09 16:50:58,81.774,14.211,2.742,0,0,1749296,10992600,188008,3347532,49004.306,28090.217,0,554.465,0,111.691,5103,2255,1.680,1.440,0.950,2,0,1.994,0,0,13,31,0,15,0
18-09 16:50:59,68.542,11.465,17.696,0,0,1789716,10952028,188008,3347684,28793.674,21281.457,0,0,0,0,5316,4391,1.860,1.480,0.970,4,0,0,0,0,13,33,0,15,0
18-09 16:51:00,69.711,10.706,17.926,0,0,1793916,10947744,188040,3347732,46224.138,29533.416,0,163.322,0,11.950,7051,7276,1.860,1.480,0.970,4,0,0.996,0,0,13,32,0,15,0
18-09 16:51:01,64.782,17.061,14.341,0.247,0,1725032,11016476,188152,3347764,26838.541,18882.718,0,439.133,0,43.518,6674,7131,1.860,1.480,0.970,11,0,36.594,0,0,13,31,0,16,0
18-09 16:51:02,68.306,31.095,1.274,0,0,1645284,11096120,188208,3347808,19656.966,11777.256,0,403.722,0,29.565,5754,4781,1.860,1.480,0.970,6,0,249.777,0,0,13,28,0,16,0
18-09 16:51:03,71.676,26.972,0.250,0,0,1656780,11084604,188224,3347812,47962.582,26402.796,0,203.790,0,8.991,5193,3234,1.860,1.480,0.970,6,0,29.969,0,0,13,29,0,16,0
18-09 16:51:04,83.541,14.757,0,0,0,1794544,10946760,188304,3347796,30405.852,15691.665,0,764.373,0,43.021,5004,2732,2.200,1.560,1,8,0,2.001,0,0,13,29,0,16,0
18-09 16:51:05,69.276,11.918,17.629,0,0,1868196,10872936,188304,3347968,28896.081,24470.394,0,0,0,0,5319,4590,2.200,1.560,1,2,0,0,0,0,13,34,0,16,0
18-09 16:51:06,79.137,10.701,6.719,0,0,1874460,10866636,188304,3348000,32320.545,21126.959,0,0,0,0,5673,5315,2.200,1.560,1,4,0,0,0,0,13,33,0,17,0
18-09 16:51:07,52.868,16.133,28.792,0,0,1866788,10874060,188304,3348220,33224.807,25005.229,0,19.856,0,1.986,7341,8480,2.200,1.560,1,4,0,65.526,0,0,13,32,0,18,0
18-09 16:51:08,75.483,18.682,4.292,0,0,1717496,11023188,188408,3348264,57372.437,33991.263,0,565.494,0,44.432,6789,18082,2.200,1.560,1,5,0,98.962,0,0,13,28,0,22,0
18-09 16:51:09,40.646,28.427,29.674,0,0,1551588,11189104,188424,3348272,69132.648,460045.803,0,2521.531,0,279.284,4874,2934,2.180,1.570,1,2,0,172.557,0,0,13,28,0,22,0
18-09 16:51:10,44.005,9.807,47.022,0,0,1596636,11143872,188608,3348272,32897.341,137654.455,0,2200.733,0,117.681,3472,1939,2.180,1.570,1,2,0,3.017,0,0,13,28,0,22,0
18-09 16:51:11,26.266,5.754,66.291,0,0,1604344,11136152,188608,3348284,37573.440,22478.023,0,0,0,0,3113,2203,2.180,1.570,1,2,0,0,0,0,13,30,0,21,0
18-09 16:51:12,32.765,6.253,60.527,0,0,1592876,11147528,188672,3348308,20915.501,12262.570,0,248.113,0,22.010,4548,3978,2.180,1.570,1,2,0,0,0,0,13,29,0,22,0
18-09 16:51:13,27.328,19.627,49.191,0,0,1534980,11205392,188688,3348324,35005.870,20391.769,0,166.950,0,9.938,5236,4099,2.180,1.570,1,4,0,119.250,0,0,13,29,0,22,0
18-09 16:51:14,39.999,43.520,14.339,0,0,1496048,11244164,188704,3348468,62855.656,34393.762,0,217.351,0,13.081,5077,3207,2.330,1.610,1.020,3,0,261.626,0,0,13,28,0,23,0
18-09 16:51:15,60.481,14.995,23.243,0,0,1618176,11122020,188720,3348468,44481.714,22424.798,0,171.945,0,7.997,3898,1684,2.330,1.610,1.020,3,0,0,0,0,13,28,0,22,0
18-09 16:51:16,40.246,6.956,51.425,0,0,1657548,11082584,188768,3348484,38068.623,24080.945,0,552.511,0,27.824,3822,2507,2.330,1.610,1.020,2,0,1.987,0,0,13,31,0,22,0
18-09 16:51:17,48.572,10.318,40.518,0,0,1653840,11086256,188784,3348500,23959.724,15602.360,0,64.427,0,6.040,4950,4244,2.330,1.610,1.020,1,0,0,0,0,13,31,0,22,0
18-09 16:51:18,44.712,5.188,45.454,0,0,1652540,11087420,188868,3348548,26795.866,16864.262,0,320.151,0,34.584,6511,6435,2.330,1.610,1.020,4,0,0,0,0,13,29,0,23,0
18-09 16:51:19,45.028,41.466,13.737,0,0,1519776,11220104,188916,3348580,63155.755,34240.361,0,374.467,0,27.475,5673,4114,2.460,1.650,1.040,7,0,261.517,0,0,13,28,0,21,0
18-09 16:51:20,77.938,20.484,0,0,0,1622608,11117256,188932,3348580,45194.020,23001.688,0,635.494,0,9.992,4801,1974,2.460,1.650,1.040,4,0,3.997,0,0,13,28,0,21,0
18-09 16:51:21,55.994,9.955,31.855,0,0,1716948,11022824,189004,3348592,38200.670,24890.412,0,943.693,0,47.782,4218,2264,2.460,1.650,1.040,3,0,0,0,0,13,32,0,21,0
18-09 16:51:22,66.976,12.745,19.243,0,0,1719540,11020052,189036,3348740,25574.825,18593.330,0,107.961,0,12.995,5041,3939,2.460,1.650,1.040,0,0,2.999,0,0,13,34,0,21,0
18-09 16:51:23,43.462,6.954,45.448,0,0,1719344,11020052,189068,3348904,29796.229,19726.069,0,294.048,0,47.684,7223,7493,2.460,1.650,1.040,6,0,0,0,0,13,33,0,22,0
18-09 16:51:24,59.285,24.869,14.319,0,0,1577016,11162292,189132,3348924,23482.731,14064.518,0,357.717,0,28.135,5708,5086,2.500,1.670,1.050,7,0,158.762,0,0,13,30,0,24,0
18-09 16:51:25,49.641,36.604,11.784,0,0,1508188,11231084,189148,3348944,58035.063,584558.595,0,2158.138,0,270.770,5333,2929,2.500,1.670,1.050,3,0,169.482,0,0,13,30,0,24,0
18-09 16:51:26,60.454,11.491,26.480,0,0,1624576,11114672,189164,3348952,45175.582,23655.977,0,135.896,0,8.993,3664,1401,2.500,1.670,1.050,2,0,0,0,0,13,31,0,24,0
18-09 16:51:27,42.114,7.725,47.845,0,0,1644636,11094552,189212,3348960,24331.195,16041.046,0,426.618,0,23.923,3823,2548,2.500,1.670,1.050,3,0,0.997,0,0,13,35,0,23,0
18-09 16:51:28,45.824,9.265,43.320,0,0,1646368,11092788,189212,3348988,39419.060,23820.711,0,20.033,0,2.003,5294,4835,2.500,1.670,1.050,2,0,2.003,0,0,13,35,0,23,0
18-09 16:51:29,47.853,5.732,44.364,0,0,1575120,11163768,189308,3349160,24890.763,17050.776,0,466.571,0,40.875,6383,5941,2.540,1.690,1.060,4,0,1.994,0,0,13,33,0,25,0
18-09 16:51:30,30.396,46.223,21.855,0,0,1436924,11301900,189356,3349176,16188.932,9864.487,0,353.703,0,25.121,5613,3758,2.540,1.690,1.060,4,0,299.441,0,0,13,32,0,25,0
18-09 16:51:31,58.015,18.005,23.256,0,0,1561096,11177692,189388,3349176,45057.323,22319.609,0,204.051,0,12.003,3966,1830,2.540,1.690,1.060,4,0,2.001,0,0,13,32,0,24,0
18-09 16:51:32,46.741,8.498,44.491,0.500,0,1647412,11091308,189452,3349180,34532.161,22155.612,0,743.853,0,37.992,3687,2084,2.540,1.690,1.060,2,0,0,0,0,13,35,0,24,0
18-09 16:51:33,48.182,8.987,41.940,0,0,1647400,11091308,189452,3349192,24594.071,14764.032,0,23.966,0,2.996,4088,2830,2.540,1.690,1.060,3,0,0,0,0,13,35,0,24,0
18-09 16:51:34,44.187,5.991,46.933,0,0,1647044,11091308,189500,3349492,25368.820,17426.148,0,167.761,0,19.972,6348,6295,2.500,1.700,1.060,7,0,1.997,0,0,13,34,0,25,0
18-09 16:51:35,43.365,37.314,19.414,0,0,1494500,11243808,189516,3349520,65233.546,36905.906,0,193.631,0,10.085,5515,4189,2.500,1.700,1.060,4,0,275.319,0,0,13,32,0,26,0
18-09 16:51:36,59.083,18.526,22.031,0,0,1589580,11148708,189548,3349504,44786.626,23080.274,0,468.655,0,16.022,4052,1913,2.500,1.700,1.060,3,0,14.020,0,0,13,32,0,26,0
18-09 16:51:37,42.811,8.166,47.513,0,0,1644872,11093332,189604,3349528,34510.151,22512.172,0,673.098,0,35.635,3816,2273,2.500,1.700,1.060,0,0,1.980,0,0,13,35,0,26,0
18-09 16:51:38,51.060,9.261,38.545,0,0,1645612,11092576,189604,3349544,41648.644,24426.529,0,4.005,0,1.001,5103,3804,2.500,1.700,1.060,2,0,0,0,0,13,35,0,26,0
18-09 16:51:39,48.044,6.756,44.041,0,0,1622552,11115508,189684,3349588,24826.970,16778.524,0,248.230,0,31.029,6229,5851,2.620,1.740,1.080,4,0,12.011,0,0,13,33,0,27,0
18-09 16:51:40,49.508,26.639,22.869,0,0,1553328,11184708,189700,3349596,45703.157,575087.760,0,164.859,0,8.042,5578,3520,2.620,1.740,1.080,3,0,104.545,0,0,13,32,0,28,0
18-09 16:51:41,61.022,13.699,23.662,0,0,1591104,11146908,189724,3349596,44789.927,21938.167,0,2032.419,0,277.963,4292,1577,2.620,1.740,1.080,3,0,0,0,0,13,32,0,28,0
18-09 16:51:42,42.484,7.997,49.981,0,0,1645640,11092320,189764,3349608,22432.339,16677.561,0,527.796,0,24.990,3894,2363,2.620,1.740,1.080,2,0,0,0,0,13,35,0,28,0
18-09 16:51:43,47.600,8.972,40.872,0,0,1647260,11090556,189764,3349752,37710.531,21508.431,0,7.975,0,0.997,4616,3461,2.620,1.740,1.080,4,0,1.994,0,0,13,35,0,28,0
18-09 16:51:44,46.014,14.101,37.108,0,0,1605428,11132208,189820,3349792,25055.363,16546.237,0,249.366,0,22.760,6140,5940,2.570,1.740,1.080,3,0,46.509,0,0,13,33,0,24,0
18-09 16:51:45,44.428,44.428,12.511,0,0,1468036,11269512,189868,3349812,20494.056,11944.483,0,384.021,0,27.576,5386,3851,2.570,1.740,1.080,4,0,274.738,0,0,13,32,0,24,0
18-09 16:51:46,67.276,32.512,0,0,0,1613876,11123620,189892,3349824,60903.378,33360.806,0,240.092,0,18.007,5134,3253,2.570,1.740,1.080,6,0,223.086,0,0,13,32,0,24,0
18-09 16:51:47,70.816,28.426,0,0,0,1760908,10976540,189924,3349832,62772.911,36212.916,0,522.642,0,21.943,5292,3543,2.570,1.740,1.080,7,0,180.531,0,0,13,33,1,24,0
18-09 16:51:48,71.274,27.259,0.750,0,0,1848324,10889096,189924,3349860,57351.592,39185.387,0,52.018,0,4.001,5724,4391,2.570,1.740,1.080,5,0,213.073,0,0,13,36,0,23,0
18-09 16:51:49,62.563,26.638,7.576,0,0,1882796,10854392,189960,3350048,83715.894,57893.091,0,195.509,0,11.731,7146,6897,2.850,1.810,1.110,5,0,195.509,0,0,13,37,0,23,0
18-09 16:51:50,71.461,25.522,3.063,0,0,1838520,10898540,190032,3350104,82903.521,55346.260,0,347.094,0,30.626,7114,7151,2.850,1.810,1.110,9,0,233.778,0,0,13,34,0,24,0
18-09 16:51:51,66.232,31.622,0.498,0,0,1672888,11064072,190080,3350152,65433.565,577931.419,0,314.728,0,19.919,6372,5194,2.850,1.810,1.110,7,0,247.002,0,0,13,33,0,24,0
18-09 16:51:52,69.067,29.996,0.252,0,0,1637108,11099788,190128,3350164,66832.027,37154.223,0,334.750,0,21.174,5556,4044,2.850,1.810,1.110,7,0,237.955,0,0,13,32,0,23,0
18-09 16:51:53,72.457,17.429,8.715,0,0,1750444,10986428,190144,3350172,68178.870,38876.547,0,151.387,0,7.968,4993,2941,2.850,1.810,1.110,5,0,21.911,0,0,13,34,0,23,0
18-09 16:51:54,59.676,11.250,25.191,0,0,1803616,10933056,190192,3350320,41496.044,27277.606,0,473.491,0,25.435,5701,4524,2.780,1.820,1.120,7,0,0,0,0,13,37,0,23,0
18-09 16:51:55,69.203,12.721,19.336,0,0,1806084,10930536,190192,3350368,46070.914,29703.374,0,0,0,0,6416,6375,2.780,1.820,1.120,5,0,2.035,0,0,13,37,0,23,0
18-09 16:51:56,64.741,14.442,17.928,0,0,1704708,11031876,190192,3350404,28322.759,20793.861,0,7.968,0,1.992,6981,6976,2.780,1.820,1.120,7,0,47.809,0,0,13,35,0,25,0
18-09 16:51:57,56.095,31.192,11.320,0,0,1685788,11050632,190192,3350564,40091.879,26570.617,0,2869.671,0,286.766,6562,5486,2.780,1.820,1.120,5,0,214.320,0,0,13,32,0,28,0
18-09 16:51:58,13.999,39.498,42.747,0,0,1536000,11200416,190192,3350568,60816.276,33901.924,0,111.993,0,21.999,5199,3163,2.780,1.820,1.120,1,0,272.983,0,0,13,32,0,28,0
18-09 16:51:59,6.496,25.485,66.462,0,0,1515068,11221340,190200,3350564,45998.508,25331.411,0,119.931,0,2.998,4628,2592,2.630,1.800,1.110,1,0,162.906,0,0,13,32,0,28,0
18-09 16:52:00,12.448,34.356,49.791,0,0,1483804,11252572,190224,3350572,60745.427,31981.969,0,131.449,0,11.950,5253,3258,2.630,1.800,1.110,5,0,213.107,0,0,13,32,0,28,0
18-09 16:52:01,32.542,44.808,21.277,0,0,1496444,11239876,190272,3350580,66382.410,460260.190,0,504.649,0,30.039,5437,3558,2.630,1.800,1.110,5,0,252.325,0,0,13,32,0,28,0
18-09 16:52:02,52.966,44.895,1.766,0,0,1569036,11167260,190272,3350604,50802.958,146353.602,0,20.178,0,5.044,5020,3420,2.630,1.800,1.110,4,0,383.373,0,0,13,33,0,28,0
18-09 16:52:03,66.099,19.310,13.121,0,0,1679896,11056396,190272,3350608,64674.433,35793.696,0,0,0,0,4952,3072,2.630,1.800,1.110,5,0,64.366,0,0,13,34,0,28,0
18-09 16:52:04,59.106,9.768,29.553,0,0,1724664,11011564,190312,3350632,41102.875,26272.220,0,180.324,0,17.031,5233,4328,2.660,1.820,1.120,4,0,2.004,0,0,13,35,0,28,0
18-09 16:52:05,55.130,17.040,27.064,0,0,1661036,11075100,190360,3350668,39597.492,24578.030,0,220.521,0,19.045,5698,5157,2.660,1.820,1.120,4,0,67.159,0,0,13,34,0,29,0
18-09 16:52:06,57.508,26.638,13.692,0,0,1597116,11138936,190456,3350656,20906.061,12368.971,0,442.140,0,40.828,5992,5428,2.660,1.820,1.120,5,0,119.497,0,0,13,32,0,30,1
18-09 16:52:07,69.043,24.102,6.277,0,0,1621196,11114760,190472,3350728,16776.151,9572.600,0,176.750,0,9.038,4719,2396,2.660,1.820,1.120,3,0,83.354,0,0,13,33,0,31,0
18-09 16:52:08,73.774,16.394,8.445,0,0,1706060,11029876,190488,3350732,21234.865,12690.047,0,182.819,0,9.936,5104,11924,2.660,1.820,1.120,3,0,35.769,0,0,13,34,1,27,0
18-09 16:52:09,52.918,9.781,36.114,0,0,1734340,11001428,190504,3350884,28070.885,19879.949,0,236.750,0,11.035,5413,4744,2.610,1.830,1.130,3,0,0,0,0,13,36,0,27,0
18-09 16:52:10,56.104,10.223,31.668,0,0,1734048,11001428,190736,3350940,14512.236,14490.294,0,2325.947,0,130.660,7513,7607,2.610,1.830,1.130,2,0,2.992,0,0,13,36,0,27,0
18-09 16:52:11,47.413,6.773,42.898,0,0,1734112,11001204,190736,3351096,28678.842,19515.259,0,0,0,0,7354,7436,2.610,1.830,1.130,6,0,0,0,0,13,36,0,27,0
18-09 16:52:12,48.587,8.766,40.072,0,0,1734020,11001204,190772,3351148,14513.958,13040.322,0,168.301,0,13.023,7501,8088,2.610,1.830,1.130,3,0,0,0,0,13,35,0,26,0
18-09 16:52:13,57.719,13.151,25.572,0,0,1702948,11032200,190804,3351188,25761.796,17114.132,0,116.900,0,12.664,7169,7147,2.610,1.830,1.130,5,0,31.173,0,0,13,34,0,26,0
18-09 16:52:14,72.042,19.108,10.845,0,0,1609080,11125980,190876,3351200,6078.342,5421.447,0,293.330,0,30.986,5299,4551,2.720,1.860,1.140,3,0,61.971,0,0,13,33,0,26,0
18-09 16:52:15,68.190,19.837,10.167,0,0,1625732,11109280,190900,3351224,19121.015,11319.069,0,134.893,0,8.927,4747,2531,2.720,1.860,1.140,5,0,29.756,0,0,13,33,0,26,0
18-09 16:52:16,58.401,12.479,28.701,0,0,1698184,11036744,190948,3351256,9029.680,9250.305,0,219.627,0,19.966,5311,4006,2.720,1.860,1.140,4,0,1.997,0,0,13,35,0,24,0
18-09 16:52:17,60.788,11.806,26.375,0,0,1722280,11012608,190964,3351280,11782.860,10377.196,0,2925.871,0,275.305,5890,4796,2.720,1.860,1.140,2,0,0,0,0,13,36,0,24,0
18-09 16:52:18,53.873,7.732,36.414,0,0,1722220,11012608,190980,3351320,29526.260,20850.751,0,814.077,0,10.974,7273,7240,2.720,1.860,1.140,2,0,0,0,0,13,36,0,24,0
18-09 16:52:19,46.512,7.502,42.511,0,0,1721952,11012608,191000,3351568,13951.453,13043.228,0,228.056,0,10.002,7419,7811,2.820,1.900,1.160,3,0,2.000,0,0,13,36,0,24,0
18-09 16:52:20,54.817,14.768,27.534,0,0,1650960,11083420,191000,3351744,12819.629,11976.601,0,8.010,0,2.002,6811,6969,2.820,1.900,1.160,4,0,45.055,0,0,13,35,0,24,0
18-09 16:52:21,61.151,15.475,22.464,0,0,1678392,11055952,191000,3351776,26301.470,18167.623,0,0,0,0,6380,6074,2.820,1.900,1.160,3,0,26.956,0,0,13,34,0,25,0
18-09 16:52:22,62.529,26.726,10.085,0,0,1634128,11100192,191000,3351800,6033.068,4814.755,0,0,0,0,5429,3892,2.820,1.900,1.160,4,0,168.426,0,0,13,32,0,27,0
18-09 16:52:23,65.319,23.274,10.261,0,0,1636344,11097952,191016,3351804,4461.691,3759.953,0,96.101,0,8.008,4614,2532,2.820,1.900,1.160,4,0,55.058,0,0,13,33,0,27,0
18-09 16:52:24,61.677,12.385,23.779,0,0,1706860,11027420,191016,3351820,7916.489,8893.417,0,0,0,0,4850,3269,2.760,1.900,1.170,2,0,0,0,0,13,35,0,27,0
18-09 16:52:25,58.280,10.505,29.515,0,0,1717760,11016360,191016,3351980,27837.316,19456.006,0,0,0,0,5464,4910,2.760,1.900,1.170,2,0,2.001,0,0,13,36,0,24,0
18-09 16:52:26,51.590,9.016,36.313,0,0,1719428,11014596,191056,3352032,14615.481,12062.029,0,240.419,0,19.033,7264,7427,2.760,1.900,1.170,2,0,0,0,0,13,36,0,24,0
18-09 16:52:27,62.171,13.180,21.884,0,0,1667784,11066004,191120,3352200,11024.693,9640.017,0,238.737,0,24.868,6908,6501,2.760,1.900,1.170,7,0,33.821,0,0,13,33,1,26,0
18-09 16:52:28,64.413,24.311,10.276,0,0,1597324,11136428,191136,3352216,5454.778,4895.365,0,140.355,0,9.023,5264,4286,2.760,1.900,1.170,4,0,66.167,0,0,13,33,0,26,0
18-09 16:52:29,72.992,17.056,9.782,0,0,1640104,11093588,191184,3352228,18003.575,11034.514,0,208.691,0,19.063,4771,2595,2.860,1.930,1.180,4,0,30.100,0,0,13,33,0,26,0
18-09 16:52:30,56.653,12.864,28.698,0,0,1694188,11039476,191200,3352240,11456.269,9966.964,0,114.790,0,6.927,4528,3188,2.860,1.930,1.180,6,0,0.990,0,0,13,35,0,26,0
18-09 16:52:31,60.541,17.584,20.096,0,0,1709280,11024256,191296,3352268,7195.534,6890.068,0,422.025,0,39.188,5502,4268,2.860,1.930,1.180,4,0,62.299,0,0,13,34,0,28,0
18-09 16:52:32,60.694,22.321,17.305,0,0,1711544,11021944,191312,3352296,9836.484,8212.285,0,160.514,0,8.026,5404,5067,2.860,1.930,1.180,5,0,60.193,0,0,13,34,0,28,0
18-09 16:52:33,67.265,11.958,19.930,0,0,1746840,10986472,191328,3352456,9812.716,8701.598,0,3188.859,0,289.987,6467,5080,2.860,1.930,1.180,3,0,0,0,0,13,35,0,26,0
18-09 16:52:34,55.816,10.355,33.843,0,0,1764748,10968512,191344,3352492,16570.963,14900.026,0,347.522,0,42.430,6811,6240,2.950,1.970,1.200,3,0,2.020,0,0,13,35,0,26,1
18-09 16:52:35,54.980,16.917,25.127,0,0,1668948,11064252,191360,3352528,25892.981,17673.303,0,135.336,0,6.966,5700,5395,2.950,1.970,1.200,4,0,58.712,0,0,13,35,0,27,0
18-09 16:52:36,65.031,16.008,18.259,0,0,1667556,11065596,191376,3352556,10898.278,9063.389,0,116.056,0,7.003,5940,5456,2.950,1.970,1.200,3,0,54.026,0,0,13,33,0,29,0
18-09 16:52:37,61.552,27.523,9.508,0,0,1616308,11116688,191392,3352696,3656.091,2962.505,0,116.098,0,7.006,4946,2986,2.950,1.970,1.200,3,0,116.098,0,0,13,33,0,27,0
18-09 16:52:38,75.316,16.460,7.482,0,0,1694924,11038064,191392,3352704,5561.449,3806.725,0,11.971,0,1.995,4727,2604,2.950,1.970,1.200,4,0,0,0,0,13,33,0,27,0
18-09 16:52:39,59.057,12.619,28.519,0,0,1687704,11045260,191392,3352728,11509.477,11273.251,0,0,0,0,4476,3205,2.950,1.990,1.210,4,0,34.324,0,0,13,35,0,28,0
18-09 16:52:40,62.230,12.594,23.707,0,0,1707748,11025192,191392,3352752,10627.481,8961.103,0,3.951,0,0.988,5054,4656,2.950,1.990,1.210,5,0,2.963,0,0,13,34,0,29,0
18-09 16:52:41,53.701,15.558,29.611,0,0,1728352,11004384,191432,3352916,11728.824,10497.222,0,244.915,0,17.064,5217,5034,2.950,1.990,1.210,4,0,34.128,0,0,13,35,0,27,0
18-09 16:52:42,64.646,18.720,14.726,0,0,1663816,11068812,191512,3352940,21570.291,13482.306,0,355.428,0,32.947,5602,4208,2.950,1.990,1.210,3,0,75.878,0,0,13,33,0,29,0
18-09 16:52:43,44.947,24.471,29.216,0,0,1658060,11074488,191560,3352956,5187.930,3184.275,0,291.659,0,20.975,4868,3466,2.950,1.990,1.210,3,0,122.856,0,0,13,33,0,30,0
18-09 16:52:44,52.199,14.053,33.126,0,0,1688060,11044428,191608,3352964,5946.615,5629.408,0,289.099,0,24.092,4396,2726,2.960,2,1.220,2,0,7.027,0,0,13,33,0,30,1
18-09 16:52:45,50.189,17.229,32.211,0,0,1616960,11115488,191632,3352976,5279.568,4700.274,0,175.786,0,10.987,4512,2470,2.960,2,1.220,2,0,59.927,0,0,13,34,0,29,0
18-09 16:52:46,46.153,11.601,41.866,0,0,1655636,11076728,191664,3353028,7676.105,6907.385,0,209.834,0,15.132,4564,3983,2.960,2,1.220,2,0,2.018,0,0,13,34,0,29,0
18-09 16:52:47,40.755,17.043,39.026,0,0,1590596,11141612,191680,3353168,7128.375,5474.473,0,158.079,0,8.892,4903,3364,2.960,2,1.220,5,0,83.979,0,0,13,34,0,30,0
18-09 16:52:48,54.126,13.281,33.328,0,0,1632436,11099732,191696,3353188,7625.743,6557.257,0,184.429,0,8.019,5197,3978,2.960,2,1.220,4,0,11.026,0,0,13,33,0,31,0
18-09 16:52:49,49.459,16.821,32.638,0,0,1612720,11119416,191712,3353204,4829.385,4520.079,0,851.595,0,10.042,4715,3561,2.960,2.020,1.230,2,0,45.191,0,0,13,33,0,31,0
18-09 16:52:50,48.689,15.310,36.141,0,0,1616068,11116056,191712,3353216,52319.461,28903.400,0,32.125,0,4.016,4841,3044,2.960,2.020,1.230,3,0,44.172,0,0,13,33,0,32,0
18-09 16:52:51,43.314,11.633,43.066,0,0,1667204,11064828,191744,3353268,36916.343,21123.340,0,198.007,0,13.860,4547,3563,2.960,2.020,1.230,3,0,0,0,0,13,34,0,32,0
18-09 16:52:52,52.234,16.574,30.386,0,0,1616400,11115604,191760,3353280,47143.262,590161.684,0,124.558,0,8.036,5441,3477,2.960,2.020,1.230,3,0,59.266,0,0,13,34,0,33,0
18-09 16:52:53,28.744,10.248,57.987,0,0,1615564,11116400,191776,3353300,38861.528,23757.821,0,3267.288,0,305.933,5520,4062,2.960,2.020,1.230,0,0,29.993,0,0,13,34,0,32,0
18-09 16:52:54,29.505,8.502,60.011,0.250,0,1591948,11139904,191856,3353328,51375.488,27391.058,0,340.063,0,32.006,5155,4791,2.800,2,1.220,4,0,29.005,0,0,13,33,0,33,0
18-09 16:52:55,30.997,13.999,53.244,0,0,1593972,11137824,191904,3353336,17850.112,9784.965,0,251.973,0,22.998,4388,3385,2.800,2,1.220,2,0,39.996,0,0,13,32,0,34,0
18-09 16:52:56,33.256,19.003,46.508,0.250,0,1525780,11206000,191920,3353336,30466.402,15228.700,0,184.033,0,8.001,4032,2071,2.800,2,1.220,2,0,68.012,0,0,13,32,0,34,0
18-09 16:52:57,33.638,7.226,57.060,0,0,1563220,11168540,191936,3353340,17355.198,9943.881,0,147.509,0,8.970,2921,1464,2.800,2,1.220,3,0,0,0,0,13,33,0,29,0
18-09 16:52:58,31.329,6.767,61.906,0,0,1580772,11150912,192016,3353336,24110.758,16316.116,0,822.072,0,46.116,4019,3135,2.800,2,1.220,1,0,2.005,0,0,13,34,0,29,0
18-09 16:52:59,35.265,5.252,57.524,0,0,1580480,11150912,192032,3353608,4231.758,3533.468,0,68.028,0,6.002,4351,3653,2.660,1.990,1.220,1,0,0,0,0,13,33,0,30,0
18-09 16:53:00,33.259,12.253,53.264,0,0,1559268,11172112,192032,3353616,19182.904,10627.717,0,8.002,0,1.000,3874,2963,2.660,1.990,1.220,2,0,35.009,0,0,13,32,0,31,0
18-09 16:53:01,30.732,21.987,45.974,0,0,1521876,11209492,192032,3353628,15467.163,7637.636,0,7.995,0,1.999,4433,2273,2.660,1.990,1.220,3,0,105.939,0,0,13,32,0,31,0
18-09 16:53:02,31.631,8.966,57.783,0,0,1575856,11155488,192048,3353632,5531.241,4613.684,0,247.073,0,9.963,3137,1907,2.660,1.990,1.220,2,0,0,0,0,13,33,0,31,0
18-09 16:53:03,30.619,6.274,62.242,0,0,1596672,11134636,192080,3353636,18752.899,11144.322,0,100.390,0,12.047,3323,2266,2.660,1.990,1.220,2,0,0,0,0,13,33,0,32,0
18-09 16:53:04,33.209,15.095,50.317,0,0,1543212,11187960,192080,3353772,5000.485,3251.472,0,4.025,0,1.006,4158,2781,2.690,2,1.230,3,0,62.393,0,0,13,33,0,32,0
18-09 16:53:05,31.316,7.953,59.401,0,0,1575048,11156100,192088,3353788,19681.298,11978.581,0,71.579,0,4.971,3969,3076,2.690,2,1.230,2,0,0,0,0,13,33,0,32,0
18-09 16:53:06,33.743,8.248,57.739,0,0,1564208,11166888,192136,3353792,3701.282,3189.381,0,199.961,0,18.996,3314,2029,2.690,2,1.230,1,0,4.999,0,0,13,33,0,31,0
18-09 16:53:07,38.766,9.004,50.521,0,0,1576872,11154180,192136,3353836,4923.030,3233.333,0,4.002,0,1.000,3454,2184,2.690,2,1.230,3,0,0,0,0,13,33,0,31,0
18-09 16:53:08,29.660,7.477,60.815,0,0,1592452,11138568,192136,3354256,21682.186,14121.137,0,7.976,0,1.994,4239,3650,2.690,2,1.230,2,0,15.952,0,0,13,34,0,31,0
18-09 16:53:09,41.880,17.805,38.620,0,0,1558508,11172504,192136,3353872,6868.308,5865.196,0,1564.855,0,241.750,5410,15305,2.630,2,1.240,1,0,65.202,0,0,13,33,0,33,0
18-09 16:53:10,33.491,8.498,56.984,0,0,1603472,11127504,192184,3353888,5274.519,3860.916,0,371.896,0,46.987,4280,3596,2.630,2,1.240,4,0,1.000,0,0,13,32,0,30,1
18-09 16:53:11,34.509,9.252,55.265,0,0,1569252,11161704,192200,3353892,17084.588,10443.805,0,116.031,0,7.002,2965,1551,2.630,2,1.240,2,0,7.002,0,0,13,33,0,31,0
18-09 16:53:12,38.709,7.991,52.944,0,0,1605140,11125796,192216,3353896,5006.658,3302.476,0,107.885,0,5.994,3269,2075,2.630,2,1.240,3,0,0,0,0,13,33,0,31,0
18-09 16:53:13,26.140,4.730,66.718,0,0,1616096,11114432,192236,3354280,10075.460,9133.437,0,195.176,0,9.958,4289,3931,2.630,2,1.240,2,0,0,0,0,13,34,0,31,0
18-09 16:53:14,32.421,8.796,58.308,0,0,1573716,11156752,192284,3354292,4699.836,4488.720,0,213.126,0,20.106,4664,3858,2.580,2,1.240,1,0,24.128,0,0,13,33,0,32,0
18-09 16:53:15,19.659,25.632,52.507,0,0,1558168,11172100,192332,3354440,19115.705,10438.783,0,218.988,0,20.903,5401,4013,2.580,2,1.240,3,0,157.274,0,0,13,32,0,33,0
18-09 16:53:16,22.358,20.599,56.523,0,0,1508492,11221732,192348,3354464,1092.268,148.717,0,144.698,0,8.039,3803,2034,2.580,2,1.240,1,0,102.494,0,0,13,32,0,33,0
18-09 16:53:17,22.495,4.499,72.485,0,0,1532008,11198200,192364,3354464,543.886,0,0,115.976,0,6.999,2074,1118,2.580,2,1.240,1,0,2.000,0,0,13,32,0,33,0
18-09 16:53:18,12.746,3.499,81.975,0,0,1533564,11196584,192420,3354468,5901.179,4884.493,0,459.858,0,27.991,2252,1748,2.580,2,1.240,1,0,0,0,0,13,33,0,33,0
18-09 16:53:19,18.744,3.749,76.976,0,0,1532164,11197976,192420,3354476,2664.161,2555.195,0,359.887,0,1.000,3061,2576,2.450,1.980,1.240,0,0,0,0,0,13,33,0,33,0
18-09 16:53:20,14.752,3.000,80.012,0,0,1529896,11200056,192460,3354624,50836.367,38400.565,0,160.023,0,17.002,3329,2948,2.450,1.980,1.240,1,0,3.000,0,0,13,32,0,34,0
18-09 16:53:21,9.503,21.007,67.773,0,0,1480092,11249840,192476,3354628,30068.231,15069.128,0,164.056,0,11.004,4214,2375,2.450,1.980,1.240,2,0,138.047,0,0,13,32,0,34,0
18-09 16:53:22,7.500,22.500,67.499,0,0,1478252,11251680,192476,3354628,29998.739,15239.868,0,16.000,0,4.000,4327,2491,2.450,1.980,1.240,1,0,145.999,0,0,13,32,0,31,0
18-09 16:53:23,18.253,9.001,71.761,0,0,1491728,11238072,192604,3354628,15178.407,7459.183,0,1624.258,0,83.013,2637,1786,2.450,1.980,1.240,2,0,2.000,0,0,13,32,0,31,0
18-09 16:53:24,17.927,4.233,77.186,0,0,1528728,11201056,192628,3354620,16629.327,9391.780,0,1230.990,0,211.141,2307,1312,2.340,1.970,1.240,0,0,0,0,0,13,33,0,31,0
18-09 16:53:25,16.047,4.012,79.233,0,0,1528700,11201056,192644,3354632,19560.523,11199.936,0,48.142,0,6.018,2298,1692,2.340,1.970,1.240,2,0,0,0,0,13,33,0,31,0
18-09 16:53:26,16.012,3.252,79.059,0,0,1528684,11201056,192644,3354648,20470.349,11868.899,0,20.015,0,2.002,3705,3372,2.340,1.970,1.240,1,0,2.002,0,0,13,33,0,30,0
18-09 16:53:27,17.256,9.003,72.526,0,0,1486668,11243064,192644,3354656,1389.507,821.300,0,4.001,0,1.000,3035,1966,2.340,1.970,1.240,1,0,46.017,0,0,13,32,0,31,0
18-09 16:53:28,18.749,8.000,72.246,0,0,1513200,11216532,192644,3354656,15396.051,7523.536,0,4.000,0,1.000,2169,1343,2.340,1.970,1.240,1,0,0,0,0,13,32,0,31,0
18-09 16:53:29,20.756,5.001,73.521,0,0,1542392,11187340,192644,3354656,484.140,74.021,0,0,0,0,1970,993,2.230,1.950,1.240,0,0,2.001,0,0,13,32,1,31,0
18-09 16:53:30,14.992,3.998,79.958,0,0,1539088,11190600,192680,3354660,30287.278,438920.154,0,187.902,0,11.994,2810,2219,2.230,1.950,1.240,1,0,0.999,0,0,13,33,0,29,0
18-09 16:53:31,15.493,2.999,79.966,0,0,1535208,11194432,192712,3354676,4164.237,3919.341,0,155.934,0,13.994,3511,3343,2.230,1.950,1.240,0,0,0,0,0,13,33,0,29,0
18-09 16:53:32,15.257,3.001,79.286,0,0,1532724,11196884,192728,3354692,21933.087,133689.484,0,140.064,0,9.004,3682,3376,2.230,1.950,1.240,1,0,3.001,0,0,13,33,0,29,0
18-09 16:53:33,16.750,9.250,72.749,0,0,1480212,11249352,192760,3354704,1813.969,670.988,0,103.998,0,13.000,3505,2580,2.230,1.950,1.240,1,0,50.999,0,0,13,32,0,29,0
18-09 16:53:34,5.252,26.008,66.521,0,0,1478244,11251276,192760,3354748,949.301,0,0,4.001,0,1.000,4491,2464,2.050,1.920,1.230,2,0,171.054,0,0,13,32,0,27,0
18-09 16:53:35,6.500,25.749,65.246,0,0,1469344,11260188,192792,3354748,62008.416,60932.479,0,399.977,0,18.999,4744,2705,2.050,1.920,1.230,1,0,162.991,0,0,13,32,0,27,0
18-09 16:53:36,12.170,30.052,55.136,0,0,1457492,11272000,192808,3354768,60662.654,31955.111,0,107.292,0,5.961,5054,2914,2.050,1.920,1.230,2,0,190.741,0,0,13,34,0,28,0
18-09 16:53:37,32.475,18.881,47.328,1.007,0,1513044,11216200,192876,3354944,45603.992,23827.099,173.200,455.154,6.042,21.147,4151,2415,2.050,1.920,1.230,2,0,51.356,0,0,13,32,0,29,0
18-09 16:53:38,43.389,7.980,47.379,0,0,1563040,11165604,192924,3355420,45349.013,23198.666,0,494.735,0,2.992,3354,1521,2.050,1.920,1.230,4,0,1.995,0,0,13,32,0,25,0
18-09 16:53:39,39.810,9.514,46.821,2.504,0,1608836,11115984,193148,3358688,29945.432,15329.257,2183.312,1442.188,36.055,59.090,3876,2297,2.050,1.920,1.230,2,0,5.008,0,0,13,36,0,25,0
18-09 16:53:40,43.243,16.247,36.494,2.250,0,1622684,11092812,198308,3362388,30434.913,14751.534,0,25167.793,0,2300.615,12462,16486,2.050,1.920,1.230,3,0,69.988,0,0,13,36,0,25,0
18-09 16:53:41,43.178,16.223,32.446,5.241,0,1583836,11124316,203508,3364368,15150.752,7497.506,0,33140.772,0,2595.674,14519,18969,2.050,1.920,1.230,3,0,62.895,0,0,13,36,0,25,0
18-09 16:53:42,43.020,15.007,35.516,5.503,0,1585184,11116264,208672,3365712,44981.874,22914.633,0,23727.010,0,2152.999,12687,16660,2.050,1.920,1.230,4,0,30.014,0,0,13,36,0,21,0
18-09 16:53:43,45.307,12.516,38.298,3.504,0,1621536,11076700,212228,3365256,29905.668,14742.569,0,23045.026,0,1662.093,9597,11468,2.050,1.920,1.230,2,0,8.010,0,0,13,32,0,21,0
18-09 16:53:44,43.597,12.348,44.605,0.504,0,1603004,11095168,212276,3365280,30828.307,15005.401,0,629.005,0,29.233,3615,1704,2.040,1.920,1.240,2,0,13.104,0,0,13,32,0,21,0
18-09 16:53:45,41.464,9.683,46.430,0.248,0,1617628,11080084,212724,3365280,15380.066,7472.531,0,5847.722,0,293.975,3980,2554,2.040,1.920,1.240,2,0,0.993,0,0,13,32,0,21,0
18-09 16:53:46,43.791,13.187,38.317,3.235,0,1650216,11043700,216204,3365488,41500.791,455894.629,0,12512.241,0,1448.084,12486,15186,2.040,1.920,1.240,3,0,0.995,0,0,13,34,0,21,0
18-09 16:53:47,42.704,14.821,39.439,2.261,0,1687680,11002244,219868,3365720,33937.263,137810.910,0,9638.082,0,1455.961,11927,15348,2.040,1.920,1.240,2,0,5.024,0,0,13,34,0,19,0
18-09 16:53:48,38.214,13.487,47.205,0,0,1592820,11096988,219916,3365784,29904.772,15387.475,0,507.521,0,27.974,4126,2184,2.040,1.920,1.240,2,0,64.939,0,0,13,32,0,19,0
18-09 16:53:49,20.581,11.043,66.762,0,0,1602876,11086824,220004,3365784,45145.308,23403.919,0,1092.290,0,51.201,3066,1861,1.960,1.910,1.240,2,0,34.134,0,0,13,32,0,19,0
18-09 16:53:50,22.425,6.229,70.015,0.249,0,1616296,11073068,220332,3365784,45119.320,23377.411,0,4548.708,0,229.229,3153,2174,1.960,1.910,1.240,1,0,2.990,0,0,13,32,0,19,0
18-09 16:53:51,21.361,6.031,72.629,0,0,1642700,11046632,220364,3365784,30419.754,15468.728,0,128.672,0,13.068,2377,1420,1.960,1.910,1.240,1,0,2.010,0,0,13,32,0,16,0
18-09 16:53:52,23.621,2.486,72.355,0,0,1638572,11050732,220372,3365804,30091.782,14996.162,0,31.826,0,3.978,2215,1211,1.960,1.910,1.240,1,0,0,0,0,13,32,0,16,0
18-09 16:53:53,19.256,7.752,72.272,0,0,1610180,11079124,220372,3365804,15120.682,7688.381,0,0,0,0,2278,1386,1.960,1.910,1.240,1,0,3.001,0,0,13,32,0,16,0
18-09 16:53:54,21.482,5.495,72.188,0,0,1606712,11082592,220372,3365804,44988.553,23531.890,0,0,0,0,2365,1401,1.880,1.890,1.240,2,0,0,0,0,13,32,0,16,0
18-09 16:53:55,20.750,5.250,72.500,0,0,1616416,11072856,220404,3365804,29992.005,15240.003,0,244.000,0,38.000,2275,1250,1.880,1.890,1.240,3,0,4.000,0,0,13,32,0,14,0
18-09 16:53:56,22.520,4.504,72.565,0,0,1628912,11060340,220404,3365816,30244.105,14981.427,0,40.036,0,2.002,2168,1182,1.880,1.890,1.240,1,0,2.002,0,0,13,32,0,14,0
18-09 16:53:57,22.007,5.002,72.273,0,0,1580452,11108724,220464,3365828,15423.835,7688.410,0,524.164,0,31.010,2542,1708,1.880,1.890,1.240,1,0,1.000,0,0,13,32,0,14,0
18-09 16:53:58,21.502,5.250,72.256,0,0,1565868,11123284,220480,3365836,31911.448,16521.267,0,84.006,0,6.000,2413,1439,1.880,1.890,1.240,1,0,0,0,0,13,32,0,14,0
18-09 16:53:59,21.001,5.250,72.002,0,0,1580728,11108416,220488,3365836,29749.016,15276.522,0,28.001,0,3.000,2291,1243,1.970,1.910,1.250,1,0,4.000,0,0,13,32,0,13,0
18-09 16:54:00,20.979,5.994,72.179,0,0,1590452,11098692,220488,3365836,30348.002,15129.045,0,0,0,0,2243,1292,1.970,1.910,1.250,1,0,0.999,0,0,13,32,0,13,0
18-09 16:54:01,23.513,4.002,72.791,0.750,0,1545772,11143100,220504,3366060,29884.798,15366.637,152.085,4.002,6.003,1.001,2141,1146,1.970,1.910,1.250,1,0,1.001,0,0,13,32,0,13,0
18-09 16:54:02,21.497,6.249,70.741,0,0,1556356,11132516,220504,3366060,25131.774,449760.266,0,7.999,0,2.000,2707,1612,1.970,1.910,1.250,2,0,3.000,0,0,13,32,0,13,0
18-09 16:54:03,22.262,4.752,71.788,0,0,1581812,11107060,220504,3366060,48251.343,163187.710,0,4.002,0,1.001,2321,1254,1.970,1.910,1.250,1,0,2.001,0,0,13,32,0,11,0
18-09 16:54:04,20.751,5.750,72.252,0,0,1593520,11095340,220512,3366060,30214.754,15078.376,0,152.004,0,2.000,2084,1273,1.890,1.890,1.240,2,0,0,0,0,13,32,0,11,0
18-09 16:54:05,24.495,2.250,72.736,0,0,1593608,11095168,220512,3366144,15475.980,7750.488,0,0,0,0,2029,1038,1.890,1.890,1.240,1,0,2.000,0,0,13,32,0,11,0
18-09 16:54:06,19.741,6.997,72.466,0,0,1544700,11144056,220520,3366156,15228.842,7710.376,0,39.981,0,2.999,2285,1330,1.890,1.890,1.240,1,0,1.000,0,0,13,32,0,11,0
18-09 16:54:07,22.252,5.750,70.756,0,0,1545816,11142848,220568,3366200,44910.810,23700.010,0,448.038,0,25.002,2750,1855,1.890,1.890,1.240,1,0,1.000,0,0,13,32,0,9,0
18-09 16:54:08,19.967,6.489,72.631,0,0,1557268,11131380,220584,3366200,30147.419,15508.494,0,107.823,0,6.989,2385,1479,1.890,1.890,1.240,1,0,1.997,0,0,13,32,0,9,0
18-09 16:54:09,35.077,13.028,51.613,0,0,1540272,11148352,220592,3366200,59973.859,30103.684,0,28.061,0,3.007,3980,10527,1.900,1.900,1.250,1,0,36.079,0,0,13,32,0,10,0
18-09 16:54:10,19.730,6.743,72.176,0,0,1533020,11155604,220592,3366200,29941.280,14642.976,0,3.996,0,0.999,2291,1314,1.900,1.900,1.250,2,0,2.997,0,0,13,32,0,10,0
18-09 16:54:11,23.771,3.253,72.564,0,0,1536724,11151880,220592,3366220,15308.563,7450.601,0,0,0,0,1978,1055,1.900,1.900,1.250,2,0,2.002,0,0,13,32,0,7,0
18-09 16:54:12,19.968,6.739,72.134,0,0,1512436,11176168,220596,3366216,15211.483,7445.999,0,2507.958,0,77.874,2236,1295,1.900,1.900,1.250,1,0,0.998,0,0,13,32,0,7,0
18-09 16:54:13,21.039,5.009,72.635,0,0,1551012,11137568,220600,3366236,45421.325,23579.776,0,40.074,0,2.004,2271,1400,1.900,1.900,1.250,1,0,0,0,0,13,32,0,7,0
18-09 16:54:14,22.242,4.498,71.975,0,0,1543172,11145380,220612,3366260,29737.469,15204.615,0,207.926,0,3.999,2199,1251,1.830,1.880,1.250,1,0,2.999,0,0,13,32,0,7,0
18-09 16:54:15,19.733,7.244,71.437,0,0,1569116,11119436,220612,3366260,30248.291,15983.886,0,0,0,0,2249,1315,1.830,1.880,1.250,1,0,0,0,0,13,32,0,6,0
18-09 16:54:16,23.015,5.003,70.547,0,0,1583612,11104940,220612,3366260,54162.995,468381.267,0,4.003,0,1.001,2636,1543,1.830,1.880,1.250,1,0,2.001,0,0,13,32,0,6,0
18-09 16:54:17,22.744,4.999,71.732,0,0,1598856,11089620,220668,3366280,33068.923,145958.351,0,471.885,0,28.993,2533,1579,1.830,1.880,1.250,1,0,2.999,0,0,13,32,0,6,0
18-09 16:54:18,13.722,13.722,71.602,0,0,1539604,11148716,220692,3366408,15448.141,7765.984,0,119.753,0,5.988,3522,2097,1.830,1.880,1.250,1,0,90.813,0,0,13,32,0,6,0
18-09 16:54:19,6.015,25.063,66.416,0,0,1528796,11159508,220700,3366412,61474.559,35021.481,0,316.791,0,7.018,4800,2844,1.760,1.870,1.250,1,0,165.413,0,0,13,32,0,5,0
18-09 16:54:20,6.735,25.193,66.102,0,0,1517152,11171152,220700,3366412,60867.321,31784.627,0,255.426,0,3.991,4654,2843,1.760,1.870,1.250,1,0,161.637,0,0,13,32,0,5,0
18-09 16:54:21,6.003,25.762,66.031,0,0,1505516,11182776,220700,3366420,46044.388,24653.452,0,580.270,0,51.024,4752,2785,1.760,1.870,1.250,1,0,171.079,0,0,13,32,0,5,0
18-09 16:54:22,6.266,22.306,69.675,0,0,1494652,11193480,220704,3366572,61097.521,33006.937,0,144.363,0,7.018,4335,2662,1.760,1.870,1.250,1,0,117.295,0,0,13,32,0,5,0
18-09 16:54:23,5.743,25.470,66.671,0,0,1484272,11203860,220704,3366572,61240.823,33120.964,0,175.793,0,1.998,4707,2736,1.760,1.870,1.250,1,0,165.805,0,0,13,32,0,4,0
18-09 16:54:24,6.501,25.004,66.762,0,0,1472596,11215516,220712,3366576,61014.775,31779.612,0,256.045,0,3.001,4637,2677,1.700,1.850,1.240,1,0,151.027,0,0,13,32,0,4,0
18-09 16:54:25,5.747,23.988,67.715,0.500,0,1472392,11215712,220716,3366580,46005.384,24873.232,7.996,11.994,1.999,1.999,4681,2690,1.700,1.850,1.240,1,0,147.924,0,0,13,32,0,4,0
18-09 16:54:26,8.006,24.769,65.550,0,0,1459888,11228208,220716,3366588,75401.354,593913.761,0,8.006,0,2.002,5166,3019,1.700,1.850,1.240,2,0,160.122,0,0,13,32,0,4,0
18-09 16:54:27,13.996,12.496,70.479,0,0,1486200,11201840,220776,3366580,60746.880,32236.385,0,547.837,0,29.991,3413,2230,1.700,1.850,1.240,1,0,45.986,0,0,13,32,0,3,0
18-09 16:54:28,21.505,6.001,72.266,0,0,1528284,11159748,220784,3366580,45221.724,23329.017,0,28.006,0,3.001,2318,1352,1.700,1.850,1.240,3,0,0,0,0,13,32,0,3,0
18-09 16:54:29,21.254,5.251,72.515,0,0,1553136,11134892,220784,3366580,30834.481,15081.170,0,0,0,0,2176,1183,1.640,1.840,1.240,2,0,4.001,0,0,13,32,0,3,0
18-09 16:54:30,22.503,4.251,72.259,0,0,1571012,11117000,220784,3366596,30003.561,15145.797,0,16.002,0,1.000,2126,1239,1.640,1.840,1.240,1,0,1.000,0,0,13,32,0,3,0
18-09 16:54:31,21.747,4.999,72.490,0,0,1535776,11152256,220784,3366576,15292.858,7670.925,0,7.999,0,2.000,2079,1164,1.640,1.840,1.240,1,0,1.000,0,0,13,32,0,3,0
18-09 16:54:32,21.005,5.751,72.267,0,0,1565760,11122272,220784,3366576,45369.574,24109.619,0,80.019,0,2.000,2312,1393,1.640,1.840,1.240,1,0,2.000,0,0,13,32,0,3,0
18-09 16:54:33,21.002,6.001,72.258,0,0,1584144,11103880,220792,3366576,30378.351,15241.682,0,64.007,0,2.000,2072,1140,1.640,1.840,1.240,1,0,2.000,0,0,13,32,0,3,0
18-09 16:54:34,23.485,3.748,72.703,0,0,1591704,11096300,220792,3366596,29920.671,15038.285,0,23.985,0,1.999,2025,1114,1.590,1.820,1.240,2,0,0,0,0,13,32,0,3,0
18-09 16:54:35,21.495,5.749,72.483,0,0,1547120,11140896,220792,3366584,15291.357,7618.185,0,0,0,0,2121,1214,1.590,1.820,1.240,2,0,2.999,0,0,13,32,0,3,0
18-09 16:54:36,21.363,4.775,73.138,0,0,1576344,11111664,220792,3366592,31038.713,16407.067,0,0,0,0,2092,1232,1.590,1.820,1.240,1,0,0,0,0,13,32,0,3,0
18-09 16:54:37,21.146,5.473,71.897,0,0,1612372,11075588,220840,3366592,29863.236,15069.938,0,545.320,0,27.863,2397,1600,1.590,1.820,1.240,1,0,1.990,0,0,13,32,0,3,0
18-09 16:54:38,23.743,2.999,72.227,0,0,1598544,11089396,220848,3366604,29674.663,15367.165,0,43.986,0,4.998,2092,1170,1.590,1.820,1.240,2,0,1.999,0,0,13,32,0,3,0
18-09 16:54:39,20.856,6.282,73.122,0,0,1542592,11145368,220848,3366584,30771.430,16109.896,0,4.020,0,1.005,2182,1301,1.630,1.830,1.250,2,0,1.005,0,0,13,32,0,3,0
18-09 16:54:40,22.881,4.974,70.385,0,0,1517252,11170708,220848,3366584,57255.131,584803.778,0,0,0,0,2510,1489,1.630,1.830,1.250,2,0,1.990,0,0,13,32,0,1,0
18-09 16:54:41,21.512,5.503,72.289,0,0,1543552,11144408,220848,3366584,30141.300,15204.222,0,0,0,0,2095,1124,1.630,1.830,1.250,1,0,4.002,0,0,13,32,0,1,0
18-09 16:54:42,23.185,2.992,72.298,0,0,1552352,11135588,220848,3366604,15129.694,7664.568,0,39.888,0,1.994,1957,1089,1.630,1.830,1.250,1,0,0,0,0,13,32,0,1,0
18-09 16:54:43,21.560,5.014,72.702,0,0,1531068,11156876,220856,3366592,15213.190,7478.741,0,68.189,0,3.008,2066,1154,1.630,1.830,1.250,1,0,1.003,0,0,13,32,0,1,0
18-09 16:54:44,22.446,7.731,69.333,0,0,1566552,11121380,220856,3366592,44676.414,23429.579,0,3.990,0,0.998,2499,1429,1.580,1.810,1.240,1,0,7.981,0,0,13,32,0,1,0
18-09 16:54:45,21.300,6.766,71.919,0,0,1584360,11103484,220944,3366592,29692.941,15570.676,0,1379.249,0,66.156,2418,1510,1.580,1.810,1.240,2,0,2.005,0,0,13,32,0,1,0
18-09 16:54:46,22.250,4.500,72.499,0,0,1598912,11088912,220952,3366604,30190.426,15489.706,0,39.999,0,4.000,2164,1235,1.580,1.810,1.240,1,0,0,0,0,13,32,0,1,0
18-09 16:54:47,22.248,4.500,71.994,0,0,1561596,11126160,221008,3366612,15289.666,7847.315,0,763.933,0,79.993,2380,1464,1.580,1.810,1.240,1,0,3.000,0,0,13,32,0,1,0
18-09 16:54:48,20.757,6.002,72.273,0,0,1562796,11124984,221008,3366588,15302.840,7754.453,0,0,0,0,2213,1319,1.580,1.810,1.240,2,0,0,0,0,13,32,0,1,0
18-09 16:54:49,22.497,4.499,72.489,0,0,1590472,11097292,221024,3366588,30278.353,16495.468,0,107.983,0,6.999,2105,1137,1.530,1.800,1.240,1,0,2.000,0,0,13,32,0,1,0
18-09 16:54:50,21.748,6.749,71.242,0,0,1598764,11088992,221032,3366588,44371.154,22209.574,0,35.996,0,4.999,2529,1407,1.530,1.800,1.240,1,0,3.000,0,0,13,32,0,1,0
18-09 16:54:51,24.220,2.247,72.409,0,0,1588316,11099408,221032,3366620,15211.974,7566.536,0,27.965,0,0.999,2082,1050,1.530,1.800,1.240,1,0,0,0,0,13,32,0,1,0
18-09 16:54:52,20.281,7.011,72.111,0,0,1540236,11147568,221032,3366540,30318.492,15631.971,0,536.823,0,110.169,2693,1486,1.530,1.800,1.240,2,0,1.002,0,0,13,32,0,1,0
18-09 16:54:53,22.488,4.747,71.961,0,0,1540236,11147568,221032,3366540,44562.926,22589.797,0,75.959,0,3.998,2225,1210,1.530,1.800,1.240,2,0,1.999,0,0,13,32,0,1,0
18-09 16:54:54,20.996,5.749,72.485,0,0,1564680,11123124,221032,3366540,29829.646,15074.789,0,0,0,0,2165,1195,1.490,1.790,1.240,1,0,2.000,0,0,13,32,0,1,0
18-09 16:54:55,24.749,1.750,72.247,0,0,1570132,11117580,221040,3366624,15790.339,7781.674,0,187.992,0,4.000,2011,1018,1.490,1.790,1.240,1,0,0,0,0,13,32,0,1,0
18-09 16:54:56,20.514,6.254,72.300,0,0,1513948,11173776,221040,3366612,15368.702,7449.187,0,4.003,0,1.001,2237,1274,1.490,1.790,1.240,1,0,3.002,0,0,13,32,0,1,0
18-09 16:54:57,23.946,5.488,69.842,0,0,1506684,11181028,221040,3366624,59503.962,602215.334,0,11.973,0,0.998,2905,1683,1.490,1.790,1.240,2,0,0.998,0,0,13,32,0,1,0
18-09 16:54:58,19.008,7.503,72.779,0,0,1521044,11166684,221040,3366608,29695.959,14729.932,0,12.005,0,2.001,2387,1468,1.490,1.790,1.240,4,0,1.000,0,0,13,32,0,1,0
18-09 16:54:59,23.788,3.506,72.366,0,0,1553580,11134148,221040,3366608,59913.112,30344.678,0,0,0,0,2380,1324,1.450,1.770,1.240,3,0,2.003,0,0,13,32,0,1,0
18-09 16:55:00,20.008,7.503,70.777,0,0,1575456,11112260,221052,3366608,30097.596,14729.675,0,80.031,0,2.001,2334,1263,1.450,1.770,1.240,1,0,3.001,0,0,13,32,0,1,0
18-09 16:55:01,27.178,21.390,50.833,0,0,1586520,11101136,221068,3366640,15573.026,7493.091,0,56.369,0,5.033,4557,2740,1.450,1.770,1.240,3,0,166.088,0,0,13,32,0,1,0
18-09 16:55:02,27.359,25.387,43.873,0,0,1547348,11140216,221068,3366644,15795.188,7258.234,0,23.662,0,5.915,5027,3068,1.450,1.770,1.240,2,0,213.941,0,0,13,32,0,1,0
18-09 16:55:03,27.532,27.031,44.301,0,0,1546792,11140740,221072,3366644,45074.648,22768.088,0,8.009,0,2.002,4920,2844,1.450,1.770,1.240,2,0,180.206,0,0,13,32,0,1,0
18-09 16:55:04,22.473,5.555,71.711,0,0,1518560,11169004,221072,3366628,30205.357,15234.990,0,28.280,0,2.020,2409,1398,1.410,1.760,1.240,2,0,12.120,0,0,13,32,0,1,0
18-09 16:55:05,20.192,6.980,71.543,0,0,1538420,11149156,221072,3366616,30524.886,15628.885,0,0,0,0,2448,1511,1.410,1.760,1.240,1,0,1.994,0,0,13,32,0,1,0
18-09 16:55:06,22.977,3.996,72.678,0,0,1560572,11126984,221084,3366620,44392.190,23021.280,0,155.846,0,3.996,2263,1286,1.410,1.760,1.240,1,0,0,0,0,13,32,0,1,0
18-09 16:55:07,20.522,8.509,70.325,0,0,1582124,11105392,221084,3366660,30357.311,15160.136,0,0,0,0,2392,1337,1.410,1.760,1.240,1,0,2.002,0,0,13,32,0,1,0
18-09 16:55:08,23.715,3.495,72.143,0,0,1586120,11101384,221084,3366672,15089.721,7512.908,0,227.664,0,43.935,2209,1148,1.410,1.760,1.240,1,0,1.997,0,0,13,32,0,1,0
18-09 16:55:09,8.992,21.981,67.191,0,0,1531560,11155920,221084,3366696,15157.604,7517.356,0,75.933,0,3.996,4119,2342,1.540,1.780,1.250,4,0,136.879,0,0,13,32,0,1,0
18-09 16:55:10,22.293,41.831,33.565,0,0,1491348,11196128,221084,3366696,76147.592,487803.477,0,104.202,0,6.012,6468,14403,1.540,1.780,1.250,2,0,260.505,0,0,13,32,0,2,0
18-09 16:55:11,6.987,25.454,65.132,0,0,1478296,11209172,221096,3366692,64248.871,161735.666,0,227.589,0,4.991,4696,2687,1.540,1.780,1.250,3,0,149.729,0,0,13,32,0,2,0
18-09 16:55:12,15.488,12.990,70.693,0,0,1484080,11203376,221096,3366704,45275.659,23233.351,0,7.994,0,0.999,3214,2038,1.540,1.780,1.250,1,0,42.966,0,0,13,32,0,2,0
18-09 16:55:13,21.302,6.015,71.677,0,0,1522020,11165420,221096,3366720,60085.066,30274.605,0,52.128,0,3.007,2498,1439,1.540,1.780,1.250,1,0,0,0,0,13,32,0,1,0
18-09 16:55:14,23.503,4.000,72.258,0,0,1543284,11144116,221096,3366728,29954.261,14659.596,0,8.001,0,2.000,2155,1126,1.500,1.770,1.250,1,0,2.000,0,0,13,32,0,1,0
18-09 16:55:15,24.729,2.248,72.690,0,0,1549380,11137760,221096,3366984,15158.393,7289.937,0,0,0,0,1938,920,1.500,1.770,1.250,1,0,0,0,0,13,32,0,1,0
18-09 16:55:16,17.212,9.479,72.093,0,0,1506944,11180188,221096,3366992,45638.374,25320.726,0,3.991,0,0.998,2644,1582,1.500,1.770,1.250,1,0,8.980,0,0,13,32,0,1,0
18-09 16:55:17,21.555,6.015,71.433,0.251,0,1511764,11175352,221108,3366992,44937.162,22238.993,0,160.411,0,2.005,2322,1272,1.500,1.770,1.250,1,0,2.005,0,0,13,32,0,1,0
18-09 16:55:18,24.005,3.501,72.764,0,0,1531168,11155948,221108,3366992,29629.634,14660.788,0,520.099,0,52.010,2154,1124,1.500,1.770,1.250,1,0,0,0,0,13,32,0,1,0
18-09 16:55:19,21.404,5.724,71.677,0,0,1515852,11171264,221108,3366992,15341.851,7328.967,0,0,0,0,2336,1215,1.460,1.750,1.250,3,0,20.906,0,0,13,32,0,1,0
18-09 16:55:20,8.514,29.046,60.597,0.250,0,1491876,11195116,221108,3367116,46454.342,56899.057,40.064,4.006,2.003,1.002,4735,2804,1.460,1.750,1.250,1,0,170.272,0,0,13,32,0,1,0
18-09 16:55:21,7.761,24.534,65.590,0,0,1477888,11209104,221108,3367116,72814.418,491003.138,0,56.077,0,2.003,5308,3258,1.460,1.750,1.250,1,0,148.204,0,0,13,32,0,1,0
18-09 16:55:22,6.796,23.911,68.209,0,0,1478036,11208932,221120,3367128,62500.659,147959.840,0,197.328,0,6.041,4746,2817,1.460,1.750,1.250,2,0,162.091,0,0,13,32,0,1,0
18-09 16:55:23,6.954,23.843,66.811,0,0,1476084,11210880,221120,3367132,60459.553,31111.481,0,305.989,0,54.641,4890,2782,1.460,1.750,1.250,3,0,166.903,0,0,13,32,0,1,0
18-09 16:55:24,6.050,24.957,67.814,0,0,1473228,11213736,221120,3367132,46575.040,26330.810,0,36.302,0,2.017,4605,2722,1.420,1.740,1.240,2,0,163.358,0,0,13,32,0,1,0
18-09 16:55:25,6.452,25.559,65.510,0,0,1472852,11214108,221120,3367136,60708.165,31383.388,0,174.694,0,1.985,4677,2762,1.420,1.740,1.240,2,0,160.798,0,0,13,32,0,1,0
18-09 16:55:26,7.250,24.502,66.255,0,0,1469292,11217668,221120,3367136,61063.170,32474.218,0,8.001,0,2.000,4674,2731,1.420,1.740,1.240,1,0,149.010,0,0,13,32,0,1,0
18-09 16:55:27,6.233,26.178,65.070,0,0,1469292,11217656,221128,3367140,60772.345,31401.372,0,119.670,0,2.992,4630,2708,1.420,1.740,1.240,1,0,142.607,0,0,13,32,0,1,0
18-09 16:55:28,6.761,24.289,67.359,0,0,1467424,11219520,221128,3367144,46768.373,24164.945,0,88.142,0,1.002,4438,2615,1.420,1.740,1.240,1,0,145.234,0,0,13,32,0,1,0
18-09 16:55:29,7.010,24.535,67.096,0,0,1461496,11225444,221128,3367148,61474.975,32740.855,0,264.378,0,3.004,4628,2673,1.390,1.730,1.240,1,0,143.205,0,0,13,32,0,1,0
18-09 16:55:30,7.752,26.005,63.513,0,0,1461444,11225488,221128,3367152,64840.313,588680.864,0,356.073,0,5.001,4957,3022,1.390,1.730,1.240,1,0,149.031,0,0,13,32,0,1,0
18-09 16:55:31,6.995,25.982,66.205,0,0,1461732,11225200,221128,3367152,45748.709,24137.491,0,351.759,0,3.997,4531,2551,1.390,1.730,1.240,2,0,150.897,0,0,13,32,0,1,0
18-09 16:55:32,6.721,25.392,65.222,0,0,1454168,11232756,221136,3367152,61265.689,32278.326,0,422.199,0,6.970,4663,2726,1.390,1.730,1.240,2,0,150.359,0,0,13,32,0,1,0
18-09 16:55:33,7.265,24.800,66.634,0,0,1453284,11233640,221136,3367152,61712.284,31794.031,0,352.710,0,4.008,4602,2568,1.390,1.730,1.240,2,0,140.283,0,0,13,32,0,1,0
18-09 16:55:34,6.265,26.313,65.657,0,0,1452796,11234128,221136,3367152,61237.280,31579.435,0,685.638,0,62.148,4794,2703,1.350,1.720,1.240,1,0,152.364,0,0,13,32,0,1,0
18-09 16:55:35,6.241,25.464,66.406,0,0,1448400,11238516,221136,3367160,45529.894,23946.284,0,351.505,0,3.994,4629,2605,1.350,1.720,1.240,3,0,151.786,0,0,13,32,0,1,0
18-09 16:55:36,7.241,26.218,65.669,0,0,1447824,11239092,221136,3367160,61229.480,32441.986,0,355.561,0,4.994,4738,2764,1.350,1.720,1.240,1,0,157.805,0,0,13,32,0,1,0
18-09 16:55:37,6.519,23.318,68.449,0,0,1448840,11238064,221144,3367164,61574.253,34656.892,0,156.455,0,3.009,4537,2714,1.350,1.720,1.240,2,0,135.394,0,0,13,32,0,1,0
18-09 16:55:38,8.215,23.897,65.468,0,0,1450456,11236440,221144,3367172,51857.794,583737.479,0,91.606,0,4.979,4765,2892,1.350,1.720,1.240,1,0,137.409,0,0,13,32,0,1,0
18-09 16:55:39,7.270,23.065,67.940,0,0,1442476,11244412,221144,3367180,61333.804,32910.186,0,56.157,0,2.006,4533,2623,1.330,1.700,1.240,1,0,134.376,0,0,13,32,0,1,0
18-09 16:55:40,6.757,24.024,67.318,0,0,1445116,11241768,221144,3367184,61330.078,32847.248,0,60.061,0,3.003,4634,2615,1.330,1.700,1.240,1,0,130.132,0,0,13,32,0,1,0
18-09 16:55:41,6.246,24.984,67.207,0,0,1446844,11240032,221144,3367188,61366.565,33088.737,0,55.964,0,1.999,4620,2662,1.330,1.700,1.240,1,0,149.904,0,0,13,32,0,1,0
18-09 16:55:42,6.003,25.011,67.280,0,0,1446448,11240420,221152,3367188,46323.386,24408.742,0,336.148,0,7.003,4501,2568,1.330,1.700,1.240,1,0,138.061,0,0,13,32,0,1,0
18-09 16:55:43,6.752,24.007,67.269,0,0,1448652,11238204,221152,3367200,60836.853,32434.985,0,8.002,0,2.001,4574,2671,1.330,1.700,1.240,1,0,136.038,0,0,13,32,0,1,0
18-09 16:55:44,7.244,27.975,62.945,0,0,1449560,11237296,221152,3367200,60819.719,31578.336,0,23.979,0,5.995,4797,2779,1.300,1.690,1.240,3,0,161.858,0,0,13,32,0,1,0
18-09 16:55:45,6.505,26.272,65.304,0,0,1444484,11242372,221152,3367200,49302.861,25783.368,0,16.013,0,4.003,4509,2645,1.300,1.690,1.240,5,0,163.135,0,0,13,32,0,1,0
18-09 16:55:46,7.985,25.202,65.127,0,0,1444972,11241884,221152,3367200,65352.212,591399.786,0,19.962,0,4.991,4823,2715,1.300,1.690,1.240,1,0,143.728,0,0,13,32,0,1,0
18-09 16:55:47,7.250,24.501,66.754,0,0,1443008,11243824,221160,3367212,60763.701,33306.029,0,104.006,0,4.000,4617,2637,1.300,1.690,1.240,2,0,139.008,0,0,13,32,0,1,0
18-09 16:55:48,16.907,26.354,53.206,0,0,1416380,11267884,221160,3369400,45389.220,23770.665,0,7.956,0,1.989,7869,10691,1.300,1.690,1.240,4,0,47.736,0,0,13,32,0,1,0
18-09 16:55:49,15.094,34.464,49.307,0,0,1425284,11254708,221160,3373912,60379.634,30499.745,0,92.576,0,4.025,6357,6855,1.270,1.680,1.240,2,0,201.252,0,0,13,32,0,1,0
18-09 16:55:50,19.175,36.358,41.339,0,0,1428960,11250916,221228,3373920,45720.582,24050.148,0,589.699,0,28.887,5458,3269,1.270,1.680,1.240,3,0,184.281,0,0,13,32,0,3,0
18-09 16:55:51,27.470,29.718,42.204,0,0,1481612,11198248,221244,3373920,60754.327,32454.918,0,183.801,0,7.991,5066,2807,1.270,1.680,1.240,2,0,136.852,0,0,13,32,0,3,0
18-09 16:55:52,34.652,37.665,26.617,0,0,1512320,11167504,221268,3373932,60677.582,30608.476,0,180.794,0,12.053,5292,2901,1.270,1.680,1.240,7,0,199.878,0,0,13,34,0,4,0
18-09 16:55:53,50.387,37.101,13.036,0,0,1587320,11092216,221404,3374064,45856.986,26223.474,0,2875.838,0,50.137,5353,3360,1.270,1.680,1.240,3,0,187.511,0,0,13,32,0,7,0
18-09 16:55:54,64.884,12.977,21.711,0,0,1708048,10969784,221504,3375436,47823.298,451121.568,0,998.211,0,178.680,4887,2087,1.410,1.700,1.250,3,0,1.996,0,0,13,32,0,7,0
18-09 16:55:55,58.454,16.168,21.640,2.736,0,1731728,10937944,224776,3379532,30137.235,131485.501,441.761,20874.189,9.950,1366.075,9753,11564,1.410,1.700,1.250,7,0,39.798,0,0,13,34,0,8,0
18-09 16:55:56,50.634,18.549,25.568,3.259,0,1746312,10912996,229984,3384268,15211.255,7463.752,0,34591.543,0,2444.469,13489,18806,1.410,1.700,1.250,6,1,44.117,0,0,13,38,0,8,0
18-09 16:55:57,43.580,23.794,25.296,5.260,0,1735404,10915304,233104,3389496,15019.516,7507.754,0,28924.990,0,2287.190,13672,18934,1.410,1.700,1.250,3,0,105.193,0,0,13,36,0,8,0
18-09 16:55:58,47.975,22.620,20.135,6.463,0,1765332,10875740,237128,3394740,15193.944,7254.435,0,58894.555,0,3609.320,14942,23576,1.410,1.700,1.250,6,0,53.692,0,0,13,36,0,8,0
18-09 16:55:59,45.060,17.370,30.460,6.293,0,1786136,10847024,240384,3399184,17267.880,9790.402,0,48699.268,0,3424.576,15826,20032,1.620,1.740,1.260,4,0,50.347,0,0,13,37,0,8,0
18-09 16:56:00,51.778,17.425,23.649,5.725,0,1780068,10847876,243740,3400896,19633.821,10837.534,0,42525.672,0,2958.316,15612,21401,1.620,1.740,1.260,5,1,36.842,0,0,13,37,0,8,0
18-09 16:56:01,44.567,15.686,31.122,5.975,0,1777028,10842412,248244,3404668,3513.575,3051.472,0,39047.692,0,2804.486,15750,22681,1.620,1.740,1.260,5,1,47.804,0,0,13,37,0,8,0
18-09 16:56:02,51.734,19.589,22.351,4.269,0,1733340,10880376,252268,3406180,16491.573,8396.970,0,23546.474,0,2011.094,12486,17161,1.620,1.740,1.260,3,0,87.395,0,0,13,36,0,9,0
18-09 16:56:03,40.628,31.599,22.320,4.013,0,1656636,10950692,256280,3408364,15382.315,7547.707,0,33525.301,0,2201.916,12704,17223,1.620,1.740,1.260,5,0,98.309,0,0,13,34,0,9,0
18-09 16:56:04,43.944,30.711,20.973,3.496,0,1691276,10911920,259612,3409032,1014.706,522.334,0,22167.737,0,1716.811,11100,14817,1.890,1.800,1.280,3,0,127.837,0,0,13,35,0,9,0
18-09 16:56:05,38.457,25.307,25.804,8.684,0,1687312,10907640,263628,3413132,5130.956,4395.552,3231.411,21619.487,42.675,1902.523,12589,16754,1.890,1.800,1.280,4,1,104.207,0,0,13,35,0,9,0
18-09 16:56:06,45.664,33.050,16.651,3.784,0,1687368,10902668,267456,3414012,18840.867,11198.559,0,30629.780,0,2108.118,13928,19562,1.890,1.800,1.280,2,0,82.750,0,0,13,37,0,9,0
18-09 16:56:07,46.271,30.013,20.759,1.501,0,1687776,10899704,269476,3414416,4269.910,2870.284,20.009,16743.491,5.002,1211.542,11263,15440,1.890,1.800,1.280,4,1,78.035,0,0,13,37,0,9,0
18-09 16:56:08,43.588,27.647,17.186,9.465,0,1684884,10897492,272400,3416256,18993.206,11563.897,1841.137,22433.383,151.436,1671.769,11809,16287,1.890,1.800,1.280,2,0,83.688,0,0,13,37,0,9,0
18-09 16:56:09,45.469,24.367,25.121,2.261,0,1687316,10891064,275228,3417320,3915.868,2895.954,799.854,13597.518,13.063,1421.851,11399,15577,2.140,1.850,1.300,11,0,98.474,0,0,13,37,0,9,0
18-09 16:56:10,44.528,22.388,27.115,4.478,0,1623564,10949984,278788,3421128,3679.621,2220.907,0,27590.192,0,2072.648,13053,23274,2.140,1.850,1.300,5,0,86.568,0,0,13,36,0,9,0
18-09 16:56:11,39.677,22.350,32.394,4.771,0,1619376,10948268,282648,3420348,1497.676,148.663,0,26606.603,0,2259.070,14187,21846,2.140,1.850,1.300,3,0,57.255,0,0,13,36,0,10,0
18-09 16:56:12,40.250,16.250,36.500,5.750,0,1658528,10904460,285456,3422080,59683.666,31263.349,0,36304.405,0,2672.030,14585,19181,2.140,1.850,1.300,1,0,36.000,0,0,13,37,0,10,0
18-09 16:56:13,33.654,15.705,41.133,6.482,0,1657724,10900932,288172,3423580,34336.066,19289.981,0,38139.218,0,2820.954,14893,20809,2.140,1.850,1.300,3,1,32.906,0,0,13,37,0,10,0
18-09 16:56:14,34.743,14.497,41.991,5.499,0,1656444,10897908,290196,3425756,19307.834,11056.614,0,32836.915,0,2531.454,14869,20978,2.370,1.900,1.320,4,0,52.989,0,0,13,37,0,9,0
18-09 16:56:15,35.542,14.267,41.048,5.757,0,1655752,10894128,293124,3427192,20212.864,11634.737,0,33659.741,0,2500.953,14696,20623,2.370,1.900,1.320,3,0,45.053,0,0,13,37,0,9,0
18-09 16:56:16,33.283,13.764,44.795,5.505,0,1658384,10886092,297020,3428556,19833.786,11808.780,0,32156.078,0,2510.504,14778,20112,2.370,1.900,1.320,2,1,27.027,0,0,13,37,0,9,0
18-09 16:56:17,36.992,12.497,42.740,5.499,0,1659328,10879760,301012,3429824,20527.332,11415.404,0,27293.793,0,2113.519,13503,17724,2.370,1.900,1.320,5,0,16.996,0,0,13,36,0,10,0
18-09 16:56:18,32.236,21.241,39.233,4.498,0,1596036,10937468,304840,3431436,15256.463,7358.847,0,25297.160,0,1973.155,12569,16574,2.370,1.900,1.320,3,1,91.961,0,0,13,36,0,10,0
18-09 16:56:19,40.335,17.036,36.577,5.261,0,1641272,10886060,309468,3432756,605.271,0,0,31935.057,0,2353.943,12762,18047,2.420,1.920,1.330,2,0,24.051,0,0,13,34,0,11,0
18-09 16:56:20,35.477,9.494,53.465,0.500,0,1559792,10966848,310140,3432760,17204.620,9748.552,0,11672.279,0,809.465,4382,3623,2.420,1.920,1.330,2,0,31.979,0,0,13,33,0,11,0
18-09 16:56:21,22.956,27.197,47.907,0.250,0,1558840,10967552,310228,3432920,4647.998,4499.286,0,1453.185,0,67.869,5467,3789,2.420,1.920,1.330,2,0,155.698,0,0,13,33,0,11,0
18-09 16:56:22,15.793,7.019,75.708,0,0,1556516,10969772,310312,3432936,64845.790,49121.679,0,1271.486,0,61.168,4157,3696,2.420,1.920,1.330,0,0,27.074,0,0,13,33,0,11,0
18-09 16:56:23,15.487,3.247,79.935,0,0,1553492,10972692,310392,3432956,34792.833,18725.840,0,1075.130,0,55.955,3881,3730,2.420,1.920,1.330,1,0,1.998,0,0,13,33,0,11,0
18-09 16:56:24,15.765,3.503,78.826,0,0,1550420,10975708,310436,3432968,35548.130,19481.705,0,604.580,0,32.031,3777,3549,2.230,1.890,1.320,2,0,0,0,0,13,33,0,11,0
18-09 16:56:25,19.490,10.245,69.963,0,0,1474940,11051088,310516,3432984,29001.498,576221.002,0,4649.515,0,231.876,4063,2776,2.230,1.890,1.320,2,0,30.983,0,0,13,32,0,11,0
18-09 16:56:26,19.515,7.005,72.306,0,0,1508408,11017572,310564,3432988,15987.474,7876.145,0,636.497,0,33.026,2155,1328,2.230,1.890,1.320,1,0,2.002,0,0,13,32,0,11,0
18-09 16:56:27,16.488,3.997,78.694,0.500,0,1535472,10990356,310716,3432988,16562.177,9327.342,0,2106.496,0,105.924,2073,1423,2.230,1.890,1.320,0,0,0,0,0,13,33,0,11,0
18-09 16:56:28,17.239,3.997,77.700,0,0,1535684,10990132,310724,3432992,19837.360,11155.892,0,39.975,0,3.997,2612,1985,2.230,1.890,1.320,1,0,0,0,0,13,33,0,11,0
18-09 16:56:29,16.752,3.250,79.261,0,0,1535664,10990132,310724,3433012,4852.655,3922.529,0,0,0,0,3613,3427,2.130,1.870,1.320,1,0,2.000,0,0,13,33,0,11,0
18-09 16:56:30,15.761,4.503,78.555,0,0,1528892,10996892,310724,3433024,19692.736,11379.938,0,1861.298,0,7.005,3727,3351,2.130,1.870,1.320,1,0,1.001,0,0,13,33,0,11,0
18-09 16:56:31,14.733,3.246,81.155,0,0,1528876,10996892,310724,3433040,5488.557,4893.256,0,0,0,0,3427,3176,2.130,1.870,1.320,3,0,0,0,0,13,33,0,11,0
18-09 16:56:32,16.003,8.252,73.514,0,0,1471572,11054060,310724,3433176,17632.429,9494.846,0,12.002,0,2.000,3284,2193,2.130,1.870,1.320,2,0,52.010,0,0,13,32,0,12,0
18-09 16:56:33,19.276,7.760,72.847,0,0,1505036,11020584,310732,3433176,420.558,0,0,156.207,0,3.004,2311,1360,2.130,1.870,1.320,1,0,5.007,0,0,13,32,0,12,0
18-09 16:56:34,21.493,4.998,72.727,0,0,1543560,10982056,310732,3433180,15529.049,7521.602,0,0,0,0,2109,1115,2.040,1.860,1.320,1,0,0,0,0,13,32,0,12,0
18-09 16:56:35,14.745,3.249,81.725,0,0,1540764,10984788,310784,3433184,5502.290,4884.482,0,415.871,0,29.991,2520,2073,2.040,1.860,1.320,1,0,1.999,0,0,13,33,0,12,0
18-09 16:56:36,16.759,4.002,77.790,0,0,1537572,10987676,311068,3433196,3813.973,3338.727,0,4250.199,0,214.111,3893,3744,2.040,1.860,1.320,1,0,0,0,0,13,33,0,12,0
18-09 16:56:37,16.746,9.498,72.484,0,0,1504400,11020812,311104,3433196,16065.366,8323.118,0,551.875,0,29.993,2679,1618,2.040,1.860,1.320,1,0,33.992,0,0,13,32,0,13,0
18-09 16:56:38,21.244,5.748,72.730,0,0,1517228,11007948,311140,3433196,2968.193,2019.451,0,475.871,0,25.993,2255,1250,2.040,1.860,1.320,1,0,1.999,0,0,13,32,0,13,0
18-09 16:56:39,13.998,3.250,81.488,0,0,1533952,10991104,311248,3433204,2716.600,2194.676,0,1811.733,0,89.987,2162,1568,1.870,1.830,1.310,1,0,0,0,0,13,33,0,13,0
18-09 16:56:40,16.483,4.246,78.418,0,0,1533944,10991104,311256,3433204,19940.242,11638.884,0,91.904,0,6.993,2095,1386,1.870,1.830,1.310,1,0,0.999,0,0,13,33,0,13,0
18-09 16:56:41,16.522,11.265,70.595,0,0,1492412,11032592,311284,3433220,1401.883,1045.404,0,1726.319,0,257.346,4119,2650,1.870,1.830,1.310,1,0,62.083,0,0,13,32,0,14,0
18-09 16:56:42,19.494,6.998,72.979,0,0,1501688,11023296,311304,3433220,4018.849,131.962,0,279.920,0,13.996,2099,1327,1.870,1.830,1.310,1,0,0,0,0,13,32,0,14,0
18-09 16:56:43,21.501,4.750,73.505,0,0,1530140,10994832,311316,3433220,782.049,74.005,0,144.009,0,8.001,2041,1080,1.870,1.830,1.310,0,0,0,0,0,13,32,1,14,0
18-09 16:56:44,13.261,3.503,81.565,0,0,1529876,10995084,311324,3433224,20201.040,12220.703,0,36.029,0,4.003,2250,1649,1.800,1.810,1.310,1,0,2.002,0,0,13,33,0,14,0
18-09 16:56:45,16.493,5.248,76.719,0,0,1529864,10995084,311324,3433240,4651.116,4513.172,0,203.917,0,1.000,3564,3167,1.800,1.810,1.310,0,0,5.998,0,0,13,33,0,14,0
18-09 16:56:46,16.001,9.250,73.754,0,0,1489904,11035040,311324,3433244,2300.121,1127.059,0,8.000,0,2.000,3167,2126,1.800,1.810,1.310,2,0,43.002,0,0,13,32,0,15,0
18-09 16:56:47,17.979,8.241,72.916,0,0,1494944,11030000,311324,3433244,601.309,0,0,0,0,0,2235,1312,1.800,1.810,1.310,1,0,1.998,0,0,13,32,0,15,0
18-09 16:56:48,21.026,5.256,73.590,0,0,1529972,10994972,311324,3433244,14884.291,5991.363,0,0,0,0,2097,1134,1.800,1.810,1.310,1,0,0,0,0,13,32,1,15,0
18-09 16:56:49,13.754,3.501,82.272,0,0,1529956,10994972,311332,3433248,9384.469,8621.268,0,56.015,0,2.001,2187,1601,1.740,1.800,1.310,1,0,0,0,0,13,33,0,15,0
18-09 16:56:50,15.243,2.999,79.466,0,0,1530416,10994496,311332,3433264,6687.140,6446.243,0,35.985,0,2.999,3512,3226,1.740,1.800,1.310,0,0,2.999,0,0,13,33,0,15,0
18-09 16:56:51,17.722,3.495,77.129,0.250,0,1474492,11050348,311388,3433280,2699.752,1441.731,0,263.585,0,28.954,3136,2714,1.740,1.800,1.310,1,0,9.984,0,0,13,32,0,14,0
18-09 16:56:52,5.755,25.023,67.812,0,0,1474716,11050080,311408,3433304,762.692,0,0,272.247,0,16.015,4508,2552,1.740,1.800,1.310,1,0,159.144,0,0,13,32,0,14,0
18-09 16:56:53,5.500,26.501,66.502,0,0,1475140,11049604,311408,3433356,1049.037,0,0,0,0,0,4476,2494,1.740,1.800,1.310,3,0,167.006,0,0,13,32,0,14,0
18-09 16:56:54,6.506,24.522,67.562,0,0,1476416,11048248,311452,3433388,31584.855,68356.448,0,584.534,0,29.027,4613,2684,1.680,1.790,1.310,2,0,154.141,0,0,13,32,0,14,0
18-09 16:56:55,13.248,32.996,51.494,0,0,1459324,11065292,311500,3433388,60736.970,31932.304,0,331.962,0,24.997,5172,3214,1.680,1.790,1.310,2,0,204.976,0,0,13,32,0,12,0
18-09 16:56:56,49.511,26.256,22.755,0,0,1508364,11015944,311608,3433580,61239.349,32547.094,0,1384.302,0,188.041,5667,3231,1.680,1.790,1.310,4,0,106.023,0,0,13,32,0,16,0
18-09 16:56:57,63.643,13.477,23.211,0,0,1637068,10886456,311632,3434232,44707.778,23750.040,0,183.691,0,7.987,4387,1665,1.680,1.790,1.310,4,0,2.995,0,0,13,32,0,16,0
18-09 16:56:58,62.853,13.522,22.787,0,0,1754584,10767512,311680,3435432,44268.834,22867.623,0,260.428,0,7.012,4341,1576,1.680,1.790,1.310,4,0,0,0,0,13,32,0,16,0
18-09 16:56:59,65.370,11.314,22.880,0.754,0,1890284,10629764,311744,3437116,15576.242,7663.415,12.068,2329.195,2.011,81.461,4589,1817,1.790,1.810,1.320,3,0,2.011,0,0,13,32,0,15,0
18-09 16:57:00,60.151,12.326,23.666,1.479,0,1908184,10604884,313340,3442088,38954.047,435718.529,784.919,10783.755,8.875,765.197,7918,7673,1.790,1.810,1.320,4,0,37.471,0,0,13,38,0,15,0
18-09 16:57:01,45.209,20.093,26.623,5.274,0,1905840,10593292,319052,3449944,47287.574,126319.880,0,46515.003,0,3247.008,17096,23249,1.790,1.810,1.320,1,1,114.529,0,0,13,38,0,15,0
18-09 16:57:02,38.596,18.296,32.832,6.266,0,1906788,10579192,325140,3456624,30058.886,14694.609,0,48091.812,0,3252.102,16921,24462,1.790,1.810,1.320,4,1,125.312,0,0,13,38,0,15,0
18-09 16:57:03,39.146,18.202,32.663,6.732,0,1907160,10568356,330508,3461404,15130.913,7276.721,0,46724.211,0,3186.558,17054,23910,1.790,1.810,1.320,5,1,140.627,0,0,13,38,0,14,0
18-09 16:57:04,31.279,20.018,37.284,8.007,0,1907196,10556792,337232,3465832,45433.876,22827.039,0,58433.858,0,3766.472,18404,26451,2.040,1.860,1.340,2,0,75.069,0,0,13,38,0,14,0
18-09 16:57:05,53.369,16.383,22.092,5.709,0,1875352,10578604,342972,3469804,44769.163,24008.480,0,46368.736,0,3215.031,14532,22452,2.040,1.860,1.340,5,0,91.347,0,0,13,38,0,14,0
18-09 16:57:06,41.202,27.636,23.867,5.527,0,1817864,10624720,348352,3475484,60643.571,32017.104,0,40506.762,0,2813.807,15688,21536,2.040,1.860,1.340,3,0,168.828,0,0,13,36,0,14,0
18-09 16:57:07,50.459,18.735,22.482,6.745,0,1836188,10594408,354452,3480976,45127.623,23447.100,0,49432.154,0,3320.324,15905,22537,2.040,1.860,1.340,3,0,64.948,0,0,13,36,0,14,0
18-09 16:57:08,53.540,15.082,25.388,3.770,0,1882768,10538996,358408,3485600,29966.457,14737.899,0,26531.837,0,1901.308,11919,15898,2.040,1.860,1.340,5,0,17.093,0,0,13,36,0,14,0
18-09 16:57:09,49.288,21.267,21.016,6.755,0,1913828,10494644,364456,3492360,29946.375,14993.704,0,73309.223,0,3936.072,17458,24890,2.360,1.930,1.360,4,0,0,0,0,13,36,0,14,0
18-09 16:57:10,47.980,16.493,26.489,6.247,0,1927692,10470200,369900,3497228,14985.743,7292.955,0,49211.454,0,3147.686,15437,22832,2.360,1.930,1.360,2,0,32.986,0,0,13,38,0,14,0
18-09 16:57:11,40.619,31.399,22.178,3.489,0,1880088,10512316,374136,3498304,60396.248,31406.727,0,32953.738,0,2309.553,14055,28573,2.360,1.930,1.360,2,0,148.521,0,0,13,36,0,14,0
18-09 16:57:12,34.989,15.495,39.987,7.248,0,1869136,10513940,380448,3501096,55300.682,454225.753,0,43814.279,0,3320.960,16825,23688,2.360,1.930,1.360,6,0,65.979,0,0,13,36,0,14,0
18-09 16:57:13,51.036,4.548,42.446,1.769,0,1860128,10521388,381848,3501212,33648.208,153733.756,0,15838.255,0,982.311,6574,6528,2.360,1.930,1.360,2,0,13.138,0,0,13,32,0,14,0
18-09 16:57:14,7.200,29.545,61.076,0.248,0,1572608,10808840,381900,3501228,45475.982,30428.549,0,1279.111,0,64.551,5016,3098,2.250,1.910,1.360,2,0,187.696,0,0,13,32,0,14,0
18-09 16:57:15,15.489,13.740,68.451,0.999,0,1582048,10799188,382092,3501244,46153.792,29958.444,0,4736.592,0,229.835,3904,2685,2.250,1.910,1.360,1,0,61.955,0,0,13,32,0,14,0
18-09 16:57:16,21.519,5.255,72.813,0,0,1569776,10811452,382096,3501244,60055.972,31002.830,0,52.045,0,4.003,2393,1347,2.250,1.910,1.360,1,0,1.001,0,0,13,32,0,14,0
18-09 16:57:17,22.493,4.749,71.977,0,0,1605704,10775524,382096,3501244,29973.543,14785.335,0,0,0,0,2288,1263,2.250,1.910,1.360,1,0,1.999,0,0,13,32,0,14,0
18-09 16:57:18,22.756,4.501,72.269,0,0,1635344,10745884,382096,3501244,30279.979,15372.050,0,132.035,0,27.007,2338,1333,2.250,1.910,1.360,1,0,2.001,0,0,13,34,0,14,0
18-09 16:57:19,25.745,1.750,71.235,0,0,1639620,10741576,382116,3501256,60758.505,32813.252,0,195.960,0,14.997,3026,2075,2.150,1.900,1.360,1,0,0,0,0,13,38,0,12,0
18-09 16:57:20,20.743,9.247,69.475,0,0,1494704,10886248,382356,3501256,30079.158,14718.694,0,6329.718,0,308.889,3786,2566,2.150,1.900,1.360,1,0,29.989,0,0,13,32,0,12,0
18-09 16:57:21,22.871,4.775,71.882,0,0,1533484,10847440,382384,3501256,61037.997,31760.589,0,1085.763,0,49.261,2628,1517,2.150,1.900,1.360,2,0,0,0,0,13,32,0,12,0
18-09 16:57:22,21.134,6.713,70.862,0,0,1568976,10811828,382492,3501264,45056.409,22126.901,0,3652.013,0,179.020,3128,2195,2.150,1.900,1.360,1,0,0.995,0,0,13,32,0,12,0
18-09 16:57:23,23.764,4.503,71.293,0.250,0,1601568,10779212,382516,3501264,38817.507,448473.589,0,420.255,0,23.014,2698,1685,2.150,1.900,1.360,1,0,3.002,0,0,13,32,0,12,0
18-09 16:57:24,23.735,3.748,71.706,0,0,1618408,10762332,382540,3501272,31320.728,136961.725,0,291.820,0,44.972,2613,1687,2.060,1.880,1.360,1,0,1.999,0,0,13,34,0,12,0
18-09 16:57:25,12.750,21.501,64.252,0,0,1561240,10819452,382576,3501284,60472.801,30876.919,0,552.016,0,30.001,4152,2439,2.060,1.880,1.360,3,0,127.004,0,0,13,32,0,12,0
18-09 16:57:26,10.475,46.387,40.901,0,0,1543548,10837120,382596,3501288,60852.163,33251.218,0,566.623,0,23.942,5901,3728,2.060,1.880,1.360,3,0,304.261,0,0,13,32,0,12,0
18-09 16:57:27,10.029,44.627,42.621,0,0,1532188,10848460,382600,3501300,45909.738,25703.196,0,124.354,0,8.023,5649,3386,2.060,1.880,1.360,2,0,282.805,0,0,13,32,0,12,0
18-09 16:57:28,11.233,47.928,39.940,0,0,1519324,10861312,382600,3501312,61181.827,36774.598,0,11.982,0,2.995,5693,3481,2.060,1.880,1.360,4,0,294.556,0,0,13,32,0,12,0
18-09 16:57:29,8.009,39.045,50.559,0,0,1502808,10877820,382600,3501320,60975.686,31904.986,0,252.292,0,53.062,5343,3139,1.970,1.870,1.350,2,0,246.286,0,0,13,32,0,12,0
18-09 16:57:30,5.999,25.996,66.990,0,0,1502092,10878536,382600,3501320,33335.200,15075.829,0,19.997,0,4.999,4637,2595,1.970,1.870,1.350,2,0,163.976,0,0,13,32,0,12,0
18-09 16:57:31,5.502,25.509,66.523,0,0,1489552,10891060,382600,3501336,26456.283,15393.401,0,3405.195,0,63.022,4633,2587,1.970,1.870,1.350,2,0,160.056,0,0,13,32,0,12,0
18-09 16:57:32,6.488,26.950,65.128,0,0,1487696,10892900,382604,3501344,63413.436,322802.459,0,263.507,0,5.989,4893,2938,1.970,1.870,1.350,3,0,164.692,0,0,13,32,0,12,0
18-09 16:57:33,6.260,23.037,69.112,0,0,1489636,10890948,382604,3501352,54170.932,298029.774,0,4.007,0,1.002,4695,2702,1.970,1.870,1.350,2,0,134.218,0,0,13,32,0,12,0
18-09 16:57:34,6.751,23.002,69.006,0,0,1493868,10886688,382624,3501364,60885.365,34893.075,0,196.017,0,14.001,4706,3085,1.890,1.850,1.350,2,0,139.012,0,0,13,32,0,12,0
18-09 16:57:35,7.753,23.758,66.773,0,0,1491744,10888776,382636,3501380,60672.111,31691.027,0,724.252,0,90.031,4544,2659,1.890,1.850,1.350,1,0,122.042,0,0,13,32,0,12,0
18-09 16:57:36,7.243,24.228,66.938,0,0,1489484,10891024,382644,3501384,45797.760,23931.927,0,87.919,0,5.994,4580,2638,1.890,1.850,1.350,2,0,130.879,0,0,13,32,0,11,0
18-09 16:57:37,7.006,23.519,67.055,0,0,1490088,10890416,382644,3501388,61085.453,31117.701,0,12.010,0,3.002,4529,2639,1.890,1.850,1.350,1,0,126.104,0,0,13,32,0,11,0
18-09 16:57:38,8.394,23.208,65.672,0,0,1487532,10892964,382644,3501784,60782.945,31899.961,0,71.104,0,6.913,4865,3370,1.890,1.850,1.350,3,0,107.643,0,0,13,32,0,11,0
18-09 16:57:39,18.995,25.074,55.972,0,0,1479436,10901028,382644,3501856,45490.080,22749.599,0,4.052,0,1.013,6102,6469,1.820,1.840,1.350,1,0,98.268,0,0,13,32,0,11,0
18-09 16:57:40,21.175,21.424,56.051,0,0,1490928,10889440,382648,3501920,60584.184,31137.594,0,3.986,0,0.996,4237,2689,1.820,1.840,1.350,3,0,56.799,0,0,13,32,0,10,0
18-09 16:57:41,47.141,26.580,26.329,0,0,1572680,10807572,382656,3502028,51705.981,573466.883,0,208.625,0,4.012,5263,2891,1.820,1.840,1.350,3,0,102.307,0,0,13,33,0,10,0
18-09 16:57:42,42.778,8.756,47.281,0,0,1645248,10734996,382656,3502036,44557.164,21968.379,0,0,0,0,3268,1400,1.820,1.840,1.350,3,0,0,0,0,13,33,0,10,0
18-09 16:57:43,52.423,5.714,40.746,0,0,1686004,10694200,382656,3502072,29888.671,14567.187,0,15.901,0,1.988,3536,1707,1.820,1.840,1.350,3,0,8.944,0,0,13,45,0,10,0
18-09 16:57:44,44.190,9.290,46.701,0,0,1736828,10642888,382700,3502428,16285.154,7556.552,0,546.354,0,26.112,4032,2603,1.840,1.840,1.350,3,0,12.052,0,0,13,49,0,9,0
18-09 16:57:45,50.571,11.403,36.689,0,0,1767212,10609132,382724,3505492,15102.792,7430.919,0,876.559,0,51.562,5539,5990,1.840,1.840,1.350,5,0,5.949,0,0,13,49,0,9,0
18-09 16:57:46,10.855,25.498,62.356,0,0,1767168,10608416,382732,3506208,61537.676,33360.004,0,5715.511,0,267.599,6978,5024,1.840,1.840,1.350,2,0,134.304,0,0,13,48,0,9,0
18-09 16:57:47,6.252,23.258,68.273,0.500,0,1768940,10606616,382744,3506220,60839.247,32744.898,8.003,0,2.001,0,4529,2785,1.840,1.840,1.350,1,0,134.045,0,0,13,48,0,9,0
18-09 16:57:48,12.744,28.237,58.473,0,0,1774504,10601032,382744,3506692,45056.940,23477.026,0,831.611,0,3.998,5407,4835,1.840,1.840,1.350,1,0,140.934,0,0,13,48,0,8,0
18-09 16:57:49,16.862,21.140,60.401,0,0,1756912,10618596,382744,3506700,53902.440,26938.637,0,0,0,0,4881,4503,1.770,1.830,1.350,1,0,66.441,0,0,13,48,0,8,0
18-09 16:57:50,12.890,10.659,68.910,6.693,0,1754280,10616352,382772,3511004,52635.719,26810.644,4747.388,3.966,81.304,0.992,4141,2871,1.770,1.830,1.350,1,0,45.610,0,0,13,48,0,8,0
18-09 16:57:51,15.531,20.541,59.367,2.004,0,1760616,10602496,382776,3518956,30210.767,15464.594,7498.835,156.309,82.163,3.006,4722,4556,1.770,1.830,1.350,1,0,78.155,0,0,14,48,0,8,0
18-09 16:57:52,18.234,22.480,58.198,0,0,1764304,10598784,382776,3518956,54551.233,460088.696,0,671.400,0,61.945,5017,4780,1.770,1.830,1.350,1,0,64.942,0,0,14,48,0,7,0
18-09 16:57:53,19.422,21.912,54.282,3.237,0,1827892,10532988,382792,3520612,63211.601,158412.459,2091.582,147.407,43.824,6.972,4717,2981,1.770,1.830,1.350,6,0,86.651,0,0,14,52,0,7,0
18-09 16:57:54,24.376,23.873,50.511,0,0,1828492,10532324,382812,3520636,45896.840,24783.892,0,225.162,0,21.109,4918,3291,1.790,1.830,1.360,1,0,106.550,0,0,14,64,0,7,0
18-09 16:57:55,5.497,24.488,67.967,0,0,1830996,10529820,382812,3520636,60736.611,33167.951,0,11.994,0,2.999,4397,2718,1.790,1.830,1.360,1,0,133.935,0,0,14,64,0,7,0
18-09 16:57:56,16.660,23.374,57.688,0,0,1828024,10532764,382812,3521028,45001.770,22766.947,0,3.978,0,0.995,5429,5175,1.790,1.830,1.360,1,0,79.570,0,0,14,64,0,1,0
18-09 16:57:57,17.830,26.117,53.740,2.009,0,1832720,10528032,382820,3520664,44984.704,22731.419,88.394,0,7.031,0,5284,4890,1.790,1.830,1.360,5,0,101.453,0,0,14,64,0,1,0
18-09 16:57:58,5.757,11.513,81.344,0.501,0,1832428,10526588,382844,3522288,59952.619,30831.803,1373.595,220.256,25.029,13.015,2359,2004,1.790,1.830,1.360,0,0,80.093,0,0,14,64,0,1,0
18-09 16:57:59,7.250,18.501,72.003,0.750,0,1829228,10528004,382844,3524016,45728.080,25463.158,1724.078,36.002,20.001,3.000,4060,2534,1.720,1.820,1.350,1,0,104.005,0,0,16,64,0,1,0
18-09 16:58:00,13.753,25.756,58.263,0,0,1835540,10521652,382844,3524492,60654.578,31507.053,0,0,0,0,5287,5228,1.720,1.820,1.350,1,0,108.024,0,0,16,64,0,1,0
18-09 16:58:01,18.992,32.486,47.730,0,0,1835668,10521460,382848,3524492,55656.154,486947.367,0,0,0,0,5804,4662,1.720,1.820,1.350,4,0,171.926,0,0,16,64,0,1,0
18-09 16:58:02,10.740,29.723,57.448,0,0,1838952,10516220,382848,3525908,51419.848,104688.037,1870.321,95.914,22.979,14.987,5384,3251,1.720,1.820,1.350,2,0,122.890,0,0,16,66,0,1,0
18-09 16:58:03,6.008,25.283,67.338,0,0,1846244,10508920,382852,3525908,60911.729,33632.022,0,244.320,0,9.012,4631,2773,1.720,1.820,1.350,2,0,156.204,0,0,16,66,0,1,0
18-09 16:58:04,6.744,21.732,69.692,0,0,1848724,10506424,382852,3525924,60828.316,34986.848,0,3.997,0,0.999,4451,2774,1.590,1.790,1.350,1,0,140.883,0,0,16,66,0,1,0
18-09 16:58:05,6.745,25.729,65.946,0,0,1848144,10506992,382852,3525936,45622.861,23562.819,0,27.977,0,4.996,4379,2636,1.590,1.790,1.350,1,0,124.898,0,0,16,66,0,1,0
18-09 16:58:06,7.512,24.037,67.104,0,0,1853428,10501704,382852,3525940,61549.621,32057.804,0,1931.000,0,291.453,4877,2657,1.590,1.790,1.350,1,0,122.190,0,0,16,66,0,1,0
18-09 16:58:07,13.237,29.471,55.446,0,0,1834980,10519892,382852,3526588,60047.108,30703.887,0,11.988,0,2.997,5688,5501,1.590,1.790,1.350,1,0,118.883,0,0,16,66,0,1,0
18-09 16:58:08,18.268,22.022,59.059,0,0,1839920,10514976,382860,3526588,45230.516,23383.531,0,180.181,0,3.003,4689,3903,1.590,1.790,1.350,1,0,69.070,0,0,16,66,0,1,0
18-09 16:58:09,21.462,23.209,53.655,0,0,1863244,10491612,382860,3526124,45112.200,24291.031,0,43.922,0,1.996,4887,2844,1.700,1.810,1.360,2,0,89.841,0,0,16,66,0,1,0
18-09 16:58:10,27.408,29.900,41.112,0,0,1918072,10436660,382884,3526188,74486.103,596367.221,0,95.679,0,5.980,5548,3210,1.700,1.810,1.360,2,0,163.452,0,0,16,66,0,1,0
18-09 16:58:11,30.653,38.442,29.648,0,0,1959860,10394804,382892,3526636,61475.107,32425.988,0,96.482,0,5.025,5522,4910,1.700,1.810,1.360,8,0,249.245,0,0,16,66,0,1,0
18-09 16:58:12,36.380,33.369,29.104,0.502,0,1980832,10372984,382920,3527016,45949.491,25119.925,32.115,176.632,2.007,2.007,5772,13689,1.700,1.810,1.360,3,0,145.521,0,0,16,66,0,2,0
18-09 16:58:13,24.337,30.546,42.466,0.497,0,2026824,10326368,382944,3527576,60296.488,32931.618,11.920,540.384,2.980,4.967,5600,3807,1.700,1.810,1.360,5,0,168.870,0,0,16,70,0,3,0
18-09 16:58:14,24.325,32.350,42.381,0,0,2102624,10250528,382944,3527596,61398.180,32277.981,0,4.012,0,1.003,5117,2778,1.800,1.830,1.370,2,0,164.510,0,0,16,70,0,3,0
18-09 16:58:15,26.647,26.647,44.826,0,0,2136368,10216776,382944,3527600,60590.986,34994.268,0,605.651,0,2.988,4914,2703,1.800,1.830,1.370,2,0,135.475,0,0,16,70,0,3,0
18-09 16:58:16,29.072,25.563,43.859,0.251,0,2127124,10225688,382948,3527940,45610.106,24805.514,4.010,1355.361,1.002,7.017,4830,2681,1.800,1.830,1.370,2,0,129.321,0,0,16,70,0,3,0
18-09 16:58:17,15.268,27.031,57.316,0,0,2130272,10222484,382948,3527960,61263.053,33080.367,0,16.019,0,4.005,4639,2800,1.800,1.830,1.370,1,0,127.147,0,0,16,70,0,3,0
18-09 16:58:18,7.748,23.744,65.483,0,0,2127892,10224852,382956,3527964,73634.297,573546.322,0,287.927,0,5.998,4871,2975,1.800,1.830,1.370,1,0,124.968,0,0,16,70,0,3,0
18-09 16:58:19,7.500,24.250,67.501,0,0,2125828,10226892,382956,3527972,46062.414,23952.215,0,20.000,0,4.000,4480,2600,1.740,1.810,1.360,1,0,121.001,0,0,16,70,0,3,0
18-09 16:58:20,16.247,24.745,57.239,0,0,2113228,10239448,382956,3527972,44894.502,22481.744,0,11.998,0,2.999,5478,4964,1.740,1.810,1.360,2,0,76.985,0,0,16,70,0,3,0
18-09 16:58:21,18.519,21.022,58.561,0,0,2115404,10237260,382956,3528148,60006.529,30962.264,0,1541.606,0,273.285,5613,4738,1.740,1.810,1.360,1,0,69.072,0,0,16,70,0,3,0
18-09 16:58:22,42.162,33.181,23.950,0,0,2179100,10173536,382964,3528456,45623.730,25063.663,0,7.983,0,1.996,5271,2775,1.740,1.810,1.360,4,0,120.748,0,0,16,70,0,3,0
18-09 16:58:23,47.104,30.157,21.184,0,0,2269544,10083076,382972,3528464,60952.485,34439.485,0,159.507,0,1.994,5324,2696,1.740,1.810,1.360,3,0,136.578,0,0,16,70,0,3,0
18-09 16:58:24,51.664,29.594,18.810,0,0,2311636,10040488,382980,3528940,60663.303,32270.297,0,8.025,0,2.006,5203,3212,2,1.860,1.380,5,0,118.375,0,0,16,70,0,3,0
18-09 16:58:25,48.839,30.400,19.436,0,0,2357304,9994404,383004,3529300,45895.821,23953.099,0,15.947,0,3.987,5275,2790,2,1.860,1.380,5,0,125.586,0,0,16,70,0,3,0
18-09 16:58:26,46.179,35.638,17.066,0.753,0,2402708,9946320,383268,3531828,70785.841,457005.968,168.652,843.262,11.043,39.151,6087,4695,2,1.860,1.380,3,2,156.606,0,0,16,70,0,3,0
18-09 16:58:27,48.509,22.254,19.254,9.252,0,2422500,9925632,383836,3531860,46838.596,148781.304,572.105,244.045,113.021,2.000,5768,5063,2,1.860,1.380,3,0,71.013,0,0,16,74,0,3,0
18-09 16:58:28,57.036,29.510,11.903,0.496,0,2507428,9837360,385472,3532952,60388.172,33047.395,0,8102.147,0,915.558,9643,10873,2,1.860,1.380,6,0,129.944,0,0,16,74,0,3,0
18-09 16:58:29,44.915,33.056,18.673,1.262,0,2560012,9772624,387328,3542944,46543.193,26369.732,0,20646.836,0,1399.939,11693,14308,2.240,1.920,1.400,8,0,118.092,0,0,16,74,0,3,0
18-09 16:58:30,50.218,29.833,17.402,0.746,0,2580196,9747188,388860,3546532,60689.712,31644.569,0,10839.224,0,1201.264,10724,13629,2.240,1.920,1.400,5,0,100.437,0,0,16,74,0,3,0
18-09 16:58:31,48.676,30.013,18.159,2.018,0,2584744,9739168,389896,3548872,60818.429,31796.358,0,8623.494,0,928.125,9674,11496,2.240,1.920,1.400,5,0,112.989,0,0,16,74,0,3,0
18-09 16:58:32,61.114,28.936,8.232,0.748,0,2631412,9688668,390392,3552212,45803.142,23936.769,534.811,3935.249,7.982,249.445,7126,8724,2.240,1.920,1.400,6,0,144.678,0,0,16,78,0,6,0
18-09 16:58:33,56.584,30.660,11.716,0,0,2688168,9631224,390500,3552864,44898.572,22960.789,0,3003.209,0,261.235,8443,10156,2.240,1.920,1.400,3,0,143.580,0,0,16,84,0,9,0
18-09 16:58:34,47.527,32.505,17.976,0,0,2728264,9589132,390564,3554308,59960.420,31601.041,0,748.606,0,36.445,6920,8393,2.620,2,1.430,4,0,108.351,0,0,16,96,0,14,0
18-09 16:58:35,27.433,30.227,42.419,0,0,2784180,9533136,390628,3554324,73054.065,590183.212,0,715.280,0,34.545,5685,4266,2.620,2,1.430,3,0,139.195,0,0,16,96,0,14,0
18-09 16:58:36,28.770,27.019,43.031,0,0,2812536,9504432,390948,3554340,46003.709,25664.247,0,4146.948,0,195.139,5382,3468,2.620,2,1.430,3,0,124.088,0,0,16,96,0,14,0
18-09 16:58:37,27.470,29.468,42.204,0,0,2847800,9469140,390956,3554356,60285.823,31861.025,0,8558.605,0,328.639,5547,2954,2.620,2,1.430,5,0,121.866,0,0,16,96,0,14,0
18-09 16:58:38,29.227,26.729,43.215,0,0,2869144,9447772,390956,3554380,61384.732,32096.239,0,11.990,0,2.998,5138,2999,2.620,2,1.430,2,0,126.898,0,0,16,98,0,14,0
18-09 16:58:39,38.587,28.815,31.070,0,0,2875640,9439960,390956,3555660,45029.989,22867.794,0,4.009,0,1.002,7843,9898,2.730,2.030,1.450,1,0,92.209,0,0,16,96,0,15,0
18-09 16:58:40,19.717,24.459,54.908,0,0,2897384,9418168,390960,3555668,45175.498,23123.354,0,3.993,0,0.998,5456,4708,2.730,2.030,1.450,2,0,98.835,0,0,16,96,0,15,0
18-09 16:58:41,23.247,29.497,46.495,0,0,2933104,9382448,390960,3555672,60873.451,33838.360,0,0,0,0,5027,2759,2.730,2.030,1.450,2,0,125.986,0,0,16,96,0,15,0
18-09 16:58:42,28.521,26.019,44.533,0,0,2966212,9349320,390968,3555680,61043.657,33692.648,0,1733.268,0,7.005,5169,2847,2.730,2.030,1.450,4,0,134.098,0,0,16,96,0,15,0
18-09 16:58:43,27.488,27.488,43.231,0,0,3000748,9314732,390992,3555700,68831.049,474848.478,0,2674.797,0,27.987,5472,3306,2.730,2.030,1.450,5,0,136.938,0,0,16,96,0,15,0
18-09 16:58:44,31.837,28.603,37.806,0,0,3029188,9286004,391048,3555932,47718.110,142482.777,0,421.835,0,29.847,5179,3255,2.750,2.050,1.460,2,0,131.326,0,0,16,102,0,15,0
18-09 16:58:45,33.188,29.417,37.714,0,0,3050060,9265088,391080,3555940,61046.585,31860.887,0,197.119,0,15.086,4964,2788,2.750,2.050,1.460,3,0,130.742,0,0,16,104,0,15,0
18-09 16:58:46,29.495,30.995,36.744,0,0,3058768,9254848,391084,3557436,60962.221,31588.415,0,15.997,0,3.999,6435,7103,2.750,2.050,1.460,4,0,125.978,0,0,16,106,0,19,0
18-09 16:58:47,10.500,26.501,61.003,0,0,3059996,9253504,391120,3557528,45944.045,23905.064,4.000,428.019,1.000,17.001,4690,3054,2.750,2.050,1.460,1,0,126.006,0,0,16,106,0,19,0
18-09 16:58:48,17.738,23.234,57.460,0,0,3073628,9239760,391208,3557628,59900.819,30290.670,0,487.657,0,38.973,5314,5298,2.750,2.050,1.460,1,0,79.944,0,0,16,106,0,19,0
18-09 16:58:49,19.682,24.416,54.314,0,0,3064672,9248552,391296,3557636,44571.126,22538.695,0,972.664,0,53.815,5603,5423,2.610,2.030,1.450,4,0,72.750,0,0,16,108,0,19,0
18-09 16:58:50,40.519,26.012,32.516,0,0,3134588,9178532,391316,3558020,53466.583,28263.524,0,248.119,0,10.005,5385,2964,2.610,2.030,1.450,4,0,104.050,0,0,16,108,0,19,0
18-09 16:58:51,44.141,13.543,42.134,0,0,3198048,9115028,391336,3558040,53241.709,28278.137,0,357.138,0,16.051,3822,1874,2.610,2.030,1.450,2,0,25.080,0,0,16,109,0,19,0
18-09 16:58:52,36.535,13.012,49.797,0.250,0,3246504,9065708,391452,3558736,39770.556,452815.600,0,1289.217,0,154.146,4882,3425,2.610,2.030,1.450,2,0,33.031,0,0,16,112,0,20,0
18-09 16:58:53,7.244,22.981,68.442,0,0,3252840,9059320,391488,3558748,48722.767,145964.474,0,1075.090,0,50.957,4680,2914,2.610,2.030,1.450,2,0,135.885,0,0,16,112,0,20,0
18-09 16:58:54,6.500,22.249,69.247,0,0,3261852,9050288,391504,3558752,60876.132,32666.461,0,115.995,0,11.999,4661,2917,2.480,2.020,1.450,1,0,131.994,0,0,16,112,0,20,0
18-09 16:58:55,6.455,22.840,68.025,0,0,3264100,9048024,391516,3558756,61127.743,33789.823,0,5060.628,0,204.570,4949,2730,2.480,2.020,1.450,5,0,132.077,0,0,16,112,0,20,0
18-09 16:58:56,9.574,23.935,65.505,0.756,0,3262248,9049860,391524,3558764,61593.883,34123.086,0,2696.792,0,132.018,4972,2958,2.480,2.020,1.450,1,0,136.049,0,0,16,114,0,20,0
18-09 16:58:57,19.504,29.506,49.260,0,0,3342460,8969600,391560,3558776,61300.133,33448.620,0,216.043,0,18.004,5409,3629,2.480,2.020,1.450,3,0,133.026,0,0,16,116,0,20,0
18-09 16:58:58,11.489,23.477,63.686,0,0,3349844,8962168,391584,3558796,46520.540,25216.816,0,1026.974,0,26.973,4879,3172,2.480,2.020,1.450,1,0,132.867,0,0,16,116,0,20,0
18-09 16:58:59,6.754,22.763,69.038,0,0,3353288,8958724,391584,3558796,61005.893,33062.369,0,0,0,0,4685,2753,2.530,2.030,1.460,1,0,135.075,0,0,16,116,0,20,0
18-09 16:59:00,15.996,11.747,70.983,0,0,3382316,8929692,391588,3558796,45256.294,23294.490,0,43.990,0,2.999,2970,1834,2.530,2.030,1.460,1,0,35.991,0,0,16,116,0,20,0
18-09 16:59:01,22.508,6.002,71.026,0,0,3425352,8886656,391588,3558796,42855.430,560653.862,0,0,0,0,2617,1386,2.530,2.030,1.460,1,0,1.000,0,0,16,116,0,20,0
18-09 16:59:02,18.206,5.237,75.319,0,0,3426556,8885396,391636,3558804,35248.116,20180.402,0,231.443,0,33.918,2953,2514,2.530,2.030,1.460,1,0,3.990,0,0,16,121,0,20,0
18-09 16:59:03,19.043,4.260,76.173,0,0,3427368,8884388,391696,3558944,34149.402,26220.431,0,1439.262,0,142.323,3368,2807,2.530,2.030,1.460,1,0,0,0,0,16,123,0,20,0
18-09 16:59:04,15.499,12.499,70.245,0,0,3359804,8951924,391712,3558956,15584.903,7655.461,0,147.990,0,7.999,3273,1978,2.320,2,1.450,1,0,62.996,0,0,16,122,0,21,0
18-09 16:59:05,20.426,7.473,71.739,0,0,3407148,8904576,391712,3558960,30226.980,19590.694,0,0,0,0,2420,1440,2.320,2,1.450,1,0,1.993,0,0,16,122,0,21,0
18-09 16:59:06,14.552,4.516,80.288,0,0,3431284,8880396,391752,3558964,47041.727,25036.801,0,192.691,0,16.058,2377,1810,2.320,2,1.450,1,0,0,0,0,16,123,0,21,0
18-09 16:59:07,33.673,7.982,56.869,0,0,3440884,8870568,391832,3559100,26085.972,14012.754,0,415.045,0,33.922,4927,4576,2.320,2,1.450,2,0,6.984,0,0,16,128,0,21,0
18-09 16:59:08,22.059,5.515,71.192,0.251,0,3444800,8866312,391880,3559340,22939.849,13025.118,0,2041.504,0,315.852,3245,2024,2.320,2,1.450,1,0,2.005,0,0,16,127,0,21,0
18-09 16:59:09,26.484,7.995,62.962,0,0,3447220,8863288,392320,3559492,15443.685,7585.425,0,1826.898,0,206.875,6420,7050,2.220,1.980,1.450,1,0,2.998,0,0,16,130,0,21,0
18-09 16:59:10,21.486,8.744,68.956,0.250,0,3453300,8856988,392472,3559552,15228.203,7453.205,0,791.491,0,71.954,4581,4338,2.220,1.980,1.450,2,0,0.999,0,0,16,130,0,21,0
18-09 16:59:11,34.757,6.251,57.261,0.250,0,3459728,8850184,392680,3559712,1001.188,1093.206,0,932.175,0,94.018,5613,5762,2.220,1.980,1.450,0,0,3.001,0,0,16,132,0,22,0
18-09 16:59:12,25.513,22.762,50.277,0,0,3405628,8904180,392756,3559724,16353.627,7792.111,0,624.329,0,45.024,4666,14137,2.220,1.980,1.450,1,0,115.061,0,0,16,131,0,24,0
18-09 16:59:13,16.498,11.749,70.741,0,0,3436592,8873184,392780,3559728,30207.154,17253.803,0,727.907,0,23.997,3014,1931,2.220,1.980,1.450,1,0,33.996,0,0,16,131,0,24,0
18-09 16:59:14,22.246,5.249,71.738,0,0,3471820,8837932,392804,3559728,44690.465,22796.157,0,367.938,0,17.997,2384,1399,2.120,1.960,1.450,2,0,2.000,0,0,16,131,0,21,0
18-09 16:59:15,12.985,3.995,81.907,0,0,3473032,8836584,392924,3559736,20848.286,13239.940,0,1937.796,0,98.888,2505,2040,2.120,1.960,1.450,1,0,0,0,0,16,132,0,21,0
18-09 16:59:16,19.519,6.006,74.324,0,0,3475228,8834352,392952,3559740,30822.709,15995.937,0,132.132,0,13.013,2765,2047,2.120,1.960,1.450,1,0,0,0,0,16,132,0,21,0
18-09 16:59:17,19.500,5.500,73.000,0.250,0,3477688,8831608,393088,3559884,17260.964,9673.980,0,607.999,0,83.000,3863,3622,2.120,1.960,1.450,1,0,3.000,0,0,16,134,0,21,0
18-09 16:59:18,20.239,8.495,69.961,0,0,3477612,8831608,393156,3559892,15163.546,7291.934,0,403.775,0,33.981,3905,3323,2.120,1.960,1.450,1,0,0,0,0,16,134,0,21,0
18-09 16:59:19,35.757,9.002,54.261,0.250,0,3501616,8807416,393272,3559928,1817.362,1194.238,0,716.143,0,69.014,4437,3622,2.110,1.970,1.450,2,0,4.001,0,0,16,133,0,22,0
18-09 16:59:20,29.752,26.251,43.002,0,0,3495252,8813564,393476,3559932,45536.565,24161.361,0,3264.184,0,169.010,5073,3104,2.110,1.970,1.450,2,0,98.006,0,0,16,133,0,22,0
18-09 16:59:21,43.423,9.789,46.435,0,0,3533020,8775768,393536,3559900,55159.884,455919.430,0,361.441,0,26.104,3799,1955,2.110,1.970,1.450,2,0,1.004,0,0,16,133,0,22,0
18-09 16:59:22,29.149,6.727,63.280,0,0,3580732,8727928,393620,3559944,19548.064,143860.037,0,1291.512,0,71.751,2941,1735,2.110,1.970,1.450,1,0,0,0,0,16,134,0,22,0
18-09 16:59:23,17.714,4.740,76.093,0,0,3586724,8721908,393636,3559956,46077.145,36225.426,0,115.762,0,11.975,2723,1917,2.110,1.970,1.450,1,0,3.992,0,0,16,136,0,22,0
18-09 16:59:24,17.269,10.011,71.827,0,0,3543112,8765508,393636,3559968,22647.327,12221.127,0,12.013,0,3.003,3061,1755,2.020,1.950,1.450,1,0,55.059,0,0,16,135,0,23,0
18-09 16:59:25,20.268,6.756,72.064,0,0,3587220,8721388,393640,3559968,44594.612,22201.721,0,60.053,0,3.003,2548,1513,2.020,1.950,1.450,1,0,0,0,0,16,135,0,23,0
18-09 16:59:26,14.747,3.499,81.233,0,0,3608872,8699732,393640,3559972,32188.451,17097.521,0,3.999,0,1.000,1957,1237,2.020,1.950,1.450,3,0,1.000,0,0,16,136,0,23,0
18-09 16:59:27,17.252,3.500,77.760,0,0,3606856,8701740,393640,3559980,37574.933,28720.771,0,0,0,0,2121,1387,2.020,1.950,1.450,1,0,1.000,0,0,16,136,0,23,0
18-09 16:59:28,17.394,10.336,71.342,0,0,3601980,8706604,393640,3559992,30916.738,19469.680,0,112.938,0,25.209,3121,1771,2.020,1.950,1.450,2,0,51.427,0,0,16,135,0,24,0
18-09 16:59:29,20.080,7.437,71.395,0,0,3600404,8708132,393684,3559996,44303.343,22507.157,0,182.453,0,20.823,2373,1564,1.940,1.930,1.440,1,0,0,0,0,16,135,0,24,0
18-09 16:59:30,14.250,3.500,81.249,0,0,3600448,8708084,393684,3560000,32262.465,17046.718,0,0,0,0,2035,1415,1.940,1.930,1.440,1,0,3.000,0,0,16,136,0,24,0
18-09 16:59:31,16.247,4.999,77.987,0.250,0,3601124,8707328,393756,3560008,19552.718,11549.061,0,259.956,0,35.994,2717,2108,1.940,1.930,1.440,1,0,0,0,0,16,136,0,24,0
18-09 16:59:32,21.237,7.495,70.206,0,0,3603216,8705060,393896,3560040,16555.559,8762.474,0,695.561,0,79.950,3824,3598,1.940,1.930,1.440,2,0,0,0,0,16,135,0,25,0
18-09 16:59:33,14.770,15.270,68.841,0,0,3557292,8750924,393948,3560048,15131.053,7630.112,0,340.451,0,25.033,3943,2501,1.940,1.930,1.440,3,0,84.111,0,0,16,135,0,25,0
18-09 16:59:34,20.240,6.996,71.964,0,0,3593908,8714288,393964,3560052,44887.513,23967.993,0,607.696,0,68.965,2392,1659,1.860,1.920,1.440,1,0,0,0,0,16,135,0,25,0
18-09 16:59:35,17.503,2.750,78.761,0,0,3620324,8687744,393964,3560180,31235.553,16890.462,0,4.001,0,1.000,2018,1205,1.860,1.920,1.440,0,0,0,0,0,16,136,0,14,0
18-09 16:59:36,15.754,4.501,79.772,0,0,3618444,8689572,394004,3560188,46223.757,37172.259,0,1148.317,0,55.015,2385,1684,1.860,1.920,1.440,0,0,2.001,0,0,16,136,0,14,0
18-09 16:59:37,17.736,10.492,70.194,0,0,3550120,8757864,394024,3560200,37957.807,20407.767,0,131.895,0,14.988,3345,2224,1.860,1.920,1.440,2,0,54.956,0,0,16,135,0,15,0
18-09 16:59:38,21.277,8.010,70.090,0,0,3571008,8736976,394024,3560200,58693.193,583535.581,0,1990.550,0,325.417,3316,1724,1.860,1.920,1.440,1,0,1.001,0,0,16,135,0,15,0
18-09 16:59:39,14.996,3.499,80.977,0,0,3594912,8713064,394028,3560204,32151.042,17140.225,0,243.932,0,3.999,1911,1272,1.710,1.890,1.430,1,0,1.999,0,0,16,136,0,15,0
18-09 16:59:40,16.494,3.998,78.469,0,0,3596664,8711300,394048,3560192,19781.270,11966.324,0,179.930,0,21.991,2440,1861,1.710,1.890,1.430,1,0,1.000,0,0,16,136,0,15,0
18-09 16:59:41,23.035,9.164,64.894,0.248,0,3598196,8709284,394424,3560288,15208.932,7696.110,0,1660.489,0,214.001,6414,7194,1.710,1.890,1.430,6,0,0.991,0,0,16,137,0,15,0
18-09 16:59:42,23.682,7.810,67.015,0,0,3601552,8705756,394540,3560340,15273.289,7352.462,0,850.532,0,72.557,4464,4321,1.710,1.890,1.430,4,0,2.015,0,0,16,137,0,16,0
18-09 16:59:43,19.272,11.012,69.078,0,0,3566780,8740424,394624,3560356,16573.772,8545.679,0,736.835,0,57.065,4007,3050,1.710,1.890,1.430,1,0,53.060,0,0,16,136,0,16,0
18-09 16:59:44,19.992,6.747,71.972,0,0,3610944,8696224,394656,3560360,30380.330,15755.948,0,479.816,0,23.991,2486,1587,1.660,1.870,1.430,1,0,0,0,0,16,136,0,16,0
18-09 16:59:45,17.270,7.759,74.336,0,0,3634268,8672772,394808,3560364,45763.954,23725.453,0,2879.332,0,143.166,2708,1837,1.660,1.870,1.430,0,0,8.009,0,0,16,137,0,16,0
18-09 16:59:46,15.751,3.750,79.756,0.250,0,3630680,8676324,394832,3560372,21398.703,13731.093,0,184.015,0,15.001,2432,1807,1.660,1.870,1.430,0,0,0,0,0,16,137,0,16,0
18-09 16:59:47,16.976,5.991,76.390,0,0,3629848,8677068,394904,3560384,33595.760,17025.553,0,335.518,0,44.935,3754,3544,1.660,1.870,1.430,2,0,0,0,0,16,137,0,12,0
18-09 16:59:48,24.288,10.016,64.602,0,0,3628568,8678176,395048,3560408,15256.096,7373.646,0,765.209,0,93.147,5980,6606,1.660,1.870,1.430,2,0,3.005,0,0,16,139,0,12,0
18-09 16:59:49,19.407,10.699,68.671,0.249,0,3625536,8680956,395148,3560556,15158.429,7422.465,0,537.427,0,55.733,4589,4569,1.680,1.870,1.430,4,0,0,0,0,16,139,0,12,0
18-09 16:59:50,28.105,7.277,62.233,0,0,3624208,8681956,395436,3560592,542.027,0,0,3830.322,0,204.766,7190,8603,1.680,1.870,1.430,1,0,1.004,0,0,16,139,0,12,0
18-09 16:59:51,34.475,10.992,52.712,0,0,3560548,8745440,395580,3560620,16093.367,8501.855,0,751.457,0,69.949,6686,6848,1.680,1.870,1.430,1,0,43.968,0,0,16,140,0,13,0
18-09 16:59:52,16.875,12.090,70.523,0,0,3580596,8725368,395604,3560620,30558.513,16770.309,0,229.703,0,13.097,2987,1898,1.680,1.870,1.430,1,0,36.269,0,0,16,140,0,13,0
18-09 16:59:53,21.617,5.218,71.809,0.248,0,3622400,8683532,395636,3560620,29680.676,14795.116,0,270.339,0,18.884,2549,1541,1.680,1.870,1.430,1,0,0,0,0,16,140,1,13,0
18-09 16:59:54,13.257,3.752,81.790,0,0,3620588,8685260,395712,3560624,35799.573,20238.935,0,1060.521,0,53.026,2273,1628,1.630,1.860,1.430,3,0,2.001,0,0,16,141,0,13,0
18-09 16:59:55,15.979,4.744,77.400,0,0,3618788,8686744,395960,3560680,32896.509,18419.209,0,774.999,0,110.857,4121,4293,1.630,1.860,1.430,0,0,0,0,0,16,141,0,12,0
18-09 16:59:56,13.517,15.770,69.338,0,0,3552176,8753316,395996,3560684,17006.589,9564.141,0,424.539,0,28.036,3790,2397,1.630,1.860,1.430,2,0,97.123,0,0,16,140,0,13,0
18-09 16:59:57,16.962,13.220,68.096,0.249,0,3582096,8723360,396028,3560688,59247.844,593927.161,0,391.114,0,21.950,3852,2483,1.630,1.860,1.430,1,0,52.880,0,0,16,140,0,13,0
18-09 16:59:58,22.282,5.508,71.604,0,0,3624804,8680548,396128,3560688,44380.626,22118.208,0,1950.841,0,95.139,2631,1692,1.630,1.860,1.430,1,0,0,0,0,16,140,0,13,0
18-09 16:59:59,13.486,3.247,82.412,0,0,3622344,8683004,396128,3560692,27846.224,14775.201,0,35.962,0,2.997,1969,1352,1.580,1.840,1.430,2,0,0,0,0,16,141,0,13,0
18-09 17:00:00,10.504,3.501,85.283,0,0,3622332,8683008,396128,3560700,29348.493,18532.257,0,0,0,0,2439,1956,1.580,1.840,1.430,1,0,3.001,0,0,16,141,0,13,0
18-09 17:00:01,21.530,8.261,69.096,0,0,3622744,8682516,396184,3560704,15428.367,7682.640,0,224.311,0,28.039,4148,3711,1.580,1.840,1.430,2,0,3.004,0,0,16,141,0,13,0
18-09 17:00:02,24.498,8.999,63.745,0,0,3622792,8682264,396336,3560748,15350.768,7457.401,0,975.922,0,111.991,5439,5764,1.580,1.840,1.430,1,0,0,0,0,16,141,0,13,0
18-09 17:00:03,19.000,10.250,69.999,0,0,3624504,8680500,396380,3560752,658.986,0,0,451.991,0,25.999,3783,3237,1.580,1.840,1.430,1,0,2.000,0,0,16,141,0,13,0
18-09 17:00:04,29.887,17.185,51.555,0,0,3625548,8679268,396488,3560828,15055.058,7429.898,0,789.016,0,65.751,6890,7426,1.690,1.860,1.440,2,0,0.996,0,0,16,141,0,13,0
18-09 17:00:05,39.369,13.290,45.137,0,0,3542112,8762368,396660,3560988,17164.043,9043.420,0,974.956,0,95.289,6255,5631,1.690,1.860,1.440,3,0,59.179,0,0,16,140,0,14,0
18-09 17:00:06,30.688,24.451,41.915,0,0,3546632,8757616,396848,3561020,359.273,147.701,0,1193.584,0,108.780,7186,6803,1.690,1.860,1.440,5,0,130.735,0,0,16,140,0,14,0
18-09 17:00:07,16.302,23.325,58.940,0,0,3555808,8748316,396892,3561076,30561.320,20602.281,0,630.027,0,42.136,4547,3393,1.690,1.860,1.440,1,0,98.316,0,0,16,140,0,13,0
18-09 17:00:08,21.499,7.000,70.498,0.250,0,3599168,8704720,397120,3561080,44748.906,22525.449,0,4035.901,0,203.995,2998,2197,1.690,1.860,1.440,1,0,0,0,0,16,140,0,13,0
18-09 17:00:09,13.911,4.720,80.487,0,0,3630872,8672980,397152,3561084,17391.114,10035.017,0,1613.711,0,197.739,2251,1398,1.560,1.830,1.430,4,0,1.987,0,0,16,141,0,13,0
18-09 17:00:10,19.479,4.995,74.420,0,0,3631056,8672728,397212,3561092,34528.653,19710.680,0,2517.277,0,256.722,3003,1980,1.560,1.830,1.430,1,0,0.999,0,0,16,140,0,13,1
18-09 17:00:11,14.101,15.108,69.497,0,0,3581464,8722292,397236,3561092,31099.554,16483.962,0,181.297,0,12.086,3683,2270,1.560,1.830,1.430,1,0,87.627,0,0,16,140,0,14,0
18-09 17:00:12,6.739,23.460,67.636,0,0,3577248,8726492,397244,3561100,46135.918,26053.905,0,39.932,0,2.995,4596,2869,1.560,1.830,1.430,2,0,147.750,0,0,16,140,0,13,0
18-09 17:00:13,18.763,30.020,49.784,0,0,3558748,8744968,397244,3561120,61040.349,34063.075,0,56.038,0,4.003,5416,12585,1.560,1.830,1.430,1,0,156.106,0,0,16,140,0,14,0
18-09 17:00:14,8.508,24.774,65.312,0,0,3554592,8749120,397244,3561124,64847.653,470889.689,0,16.015,0,4.004,4834,3029,1.830,1.880,1.450,1,0,125.119,0,0,16,140,0,14,0
18-09 17:00:15,7.491,24.469,65.918,0,0,3556368,8747292,397288,3561128,64472.574,158893.788,0,527.342,0,32.959,4849,3136,1.830,1.880,1.450,3,0,125.843,0,0,16,140,0,14,0
18-09 17:00:16,14.470,25.946,57.629,0,0,3561832,8741812,397288,3561616,44943.722,22864.038,0,11.975,0,2.994,5017,4686,1.830,1.880,1.450,2,0,106.776,0,0,16,140,0,12,0
18-09 17:00:17,18.549,23.312,57.403,0,0,3563728,8739848,397324,3561628,45115.263,22939.148,0,308.823,0,27.072,5749,5446,1.830,1.880,1.450,1,0,73.195,0,0,16,140,0,12,0
18-09 17:00:18,23.760,25.261,50.022,0.250,0,3598016,8705492,397360,3561152,60542.272,32298.016,0,308.134,0,21.009,5642,3572,1.830,1.880,1.450,2,0,99.043,0,0,16,140,0,12,0
18-09 17:00:19,26.507,27.007,45.261,0,0,3640688,8662800,397372,3561160,45730.261,25652.317,0,116.029,0,8.002,5014,2766,1.850,1.890,1.450,2,0,133.033,0,0,16,140,0,12,0
18-09 17:00:20,28.819,26.086,43.229,0,0,3673228,8629832,397424,3561456,60347.494,32529.968,0,528.684,0,33.788,5398,3639,1.850,1.890,1.450,2,0,124.221,0,0,16,143,0,12,0
18-09 17:00:21,20.868,26.148,51.541,0,0,3675380,8627512,397440,3561604,62002.513,33149.400,0,281.592,0,16.091,5290,3950,1.850,1.890,1.450,1,0,139.790,0,0,16,146,0,12,0
18-09 17:00:22,22.235,30.635,44.223,0,0,3665220,8635980,397440,3563292,44718.859,23231.038,0,15.811,0,3.953,6209,7205,1.850,1.890,1.450,6,0,128.468,0,0,16,146,0,12,0
18-09 17:00:23,16.962,28.608,53.925,0,0,3706228,8593952,397500,3564208,72570.695,606690.690,0,797.992,0,34.431,5936,5942,1.850,1.890,1.450,4,0,141.775,0,0,16,152,0,12,0
18-09 17:00:24,16.021,23.908,57.430,0,0,3706780,8593356,397532,3564296,44270.637,22169.333,0,280.000,0,17.747,5181,5443,1.780,1.870,1.450,1,0,81.831,0,0,16,152,0,11,0
18-09 17:00:25,17.861,25.261,58.177,0.255,0,3710424,8589612,397540,3564208,45770.294,23164.807,0,522.576,0,24.496,5731,4698,1.780,1.870,1.450,1,0,82.673,0,0,16,152,0,11,0
18-09 17:00:26,43.296,28.947,25.730,0,0,3797916,8502092,397548,3564688,60366.073,33704.613,0,95.004,0,4.948,5328,2899,1.780,1.870,1.450,3,0,112.817,0,0,18,152,0,11,0
18-09 17:00:27,45.205,35.215,18.481,0,0,3867784,8432216,397556,3564688,60818.871,31919.917,0,63.936,0,5.994,5402,2803,1.780,1.870,1.450,3,0,155.843,0,0,18,152,0,11,0
18-09 17:00:28,53.913,26.587,17.478,0,0,3916768,8383132,397632,3564712,48507.510,26675.635,0,397.820,0,33.480,5718,3783,1.780,1.870,1.450,5,0,138.843,0,0,18,162,0,10,0
18-09 17:00:29,41.344,29.604,29.859,0,0,3937868,8359992,397656,3566656,58593.753,33356.728,0,257.250,0,20.417,6660,7945,2.200,1.960,1.480,1,0,164.354,0,0,18,168,0,10,0
18-09 17:00:30,7.457,24.361,65.874,0,0,3933804,8364032,397672,3566664,60128.008,31633.551,0,159.092,0,8.949,4461,2748,2.200,1.960,1.480,2,0,119.319,0,0,18,168,0,10,0
18-09 17:00:31,19.074,25.599,54.461,0,0,3936200,8361584,397716,3566672,66005.213,480929.541,0,401.553,0,26.101,5223,3395,2.200,1.960,1.480,3,0,121.470,0,0,18,174,0,10,0
18-09 17:00:32,14.766,27.530,56.562,0,0,3943396,8354316,397768,3567160,56585.141,143884.012,0,300.330,0,26.029,5700,5584,2.200,1.960,1.480,1,0,97.107,0,0,18,174,0,10,0
18-09 17:00:33,17.517,24.774,56.556,0.250,0,3948452,8349104,397844,3567168,44828.012,22602.191,0,644.633,0,44.043,5928,6107,2.200,1.960,1.480,1,0,77.076,0,0,18,174,0,10,0
18-09 17:00:34,23.136,24.629,50.003,0,0,3969580,8327896,397860,3566696,45207.979,24023.487,0,151.254,0,7.961,5410,3065,2.180,1.960,1.480,2,0,97.519,0,0,18,174,0,10,0
18-09 17:00:35,28.621,30.880,40.169,0,0,4014144,8283304,397860,3566724,61324.348,33209.907,0,546.301,0,107.453,9336,2727,2.180,1.960,1.480,2,0,128.542,0,0,18,174,0,10,0
18-09 17:00:36,27.738,26.489,44.731,0,0,4051412,8246016,397876,3566724,61336.283,33050.143,0,339.858,0,8.996,5210,2819,2.180,1.960,1.480,3,0,137.942,0,0,18,174,0,9,0
18-09 17:00:37,15.262,26.270,56.544,0,0,4077488,8219844,397884,3566780,61453.762,32559.305,0,0,0,0,5066,2861,2.180,1.960,1.480,1,0,158.123,0,0,19,174,0,9,0
18-09 17:00:38,17.229,24.719,56.430,0,0,4080472,8216812,397932,3566780,49557.243,26608.841,0,231.711,0,18.976,4824,2918,2.180,1.960,1.480,2,0,133.833,0,0,19,182,0,9,0
18-09 17:00:39,22.757,24.257,52.015,0,0,4087152,8210052,397988,3566804,58113.216,32745.701,0,292.087,0,28.008,4885,3336,2.090,1.940,1.480,1,0,137.041,0,0,19,194,0,9,0
18-09 17:00:40,8.755,26.014,63.533,0,0,4090820,8206356,398012,3566808,73979.843,591112.365,0,9545.012,0,538.283,5824,3212,2.090,1.940,1.480,2,0,120.063,0,0,19,194,0,8,0
18-09 17:00:41,6.995,24.980,66.448,0,0,4093324,8203836,398020,3566816,52806.488,27574.323,0,1938.476,0,10.991,4562,2729,2.090,1.940,1.480,2,0,121.904,0,0,19,194,0,8,0
18-09 17:00:42,13.265,27.782,57.817,0,0,4080052,8216308,398036,3568072,53953.198,27285.455,0,100.115,0,7.008,4823,4333,2.090,1.940,1.480,1,0,121.140,0,0,19,194,0,8,0
18-09 17:00:43,18.994,21.743,57.982,0,0,4080932,8215320,398116,3568084,45137.607,23610.472,0,555.823,0,36.988,5135,5166,2.090,1.940,1.480,1,0,75.976,0,0,19,194,0,8,0
18-09 17:00:44,21.369,25.594,50.939,0,0,4110448,8185752,398124,3567608,60044.259,32563.110,0,43.733,0,3.976,5103,2832,2.080,1.940,1.480,3,0,94.423,0,0,19,194,0,6,0
18-09 17:00:45,26.960,30.705,41.190,0,0,4140788,8155408,398124,3567612,45776.764,25262.894,0,0,0,0,5115,2707,2.080,1.940,1.480,2,0,135.801,0,0,19,194,0,6,0
18-09 17:00:46,27.681,25.919,44.793,0,0,4166944,8129040,398128,3567820,61646.000,34700.851,0,603.948,0,92.605,5100,2866,2.080,1.940,1.480,2,0,132.869,0,0,19,195,0,6,0
18-09 17:00:47,27.211,26.961,44.186,0,0,4171484,8124288,398160,3567992,60449.092,31412.838,0,227.673,0,14.978,5421,3886,2.080,1.940,1.480,1,0,125.819,0,0,19,200,0,6,0
18-09 17:00:48,15.770,27.035,55.071,0,0,4176368,8118776,398176,3568592,58432.505,578191.121,0,324.419,0,23.030,6086,5544,2.080,1.940,1.480,4,0,117.151,0,0,19,200,0,6,0
18-09 17:00:49,33.732,41.228,23.487,0.250,0,4240340,8052312,398224,3571488,60383.428,30711.434,0,671.638,0,31.983,8439,12253,2.310,1.990,1.500,1,0,149.919,0,0,19,206,0,6,0
18-09 17:00:50,16.512,23.767,58.041,0,0,4238436,8054164,398236,3571496,29948.282,14764.492,0,108.077,0,8.006,5109,4798,2.310,1.990,1.500,1,0,78.055,0,0,19,206,0,6,0
18-09 17:00:51,20.400,18.908,59.211,0,0,4250280,8042296,398244,3571020,60181.869,31579.659,0,143.300,0,6.966,4487,2807,2.310,1.990,1.500,2,0,54.733,0,0,19,206,0,6,0
18-09 17:00:52,25.332,30.348,43.390,0,0,4298340,7994204,398256,3571036,61519.680,38707.005,0,345.115,0,16.052,5165,2910,2.310,1.990,1.500,2,0,142.460,0,0,19,206,0,5,0
18-09 17:00:53,27.579,28.833,42.623,0,0,4337540,7954988,398272,3571036,61244.290,31879.765,0,292.843,0,18.052,5343,3237,2.310,1.990,1.500,3,0,147.424,0,0,19,206,0,5,0
18-09 17:00:54,33.361,33.361,29.464,0,0,4348148,7941672,398288,3573708,44769.326,23735.155,0,319.482,0,21.429,7799,8573,2.530,2.040,1.520,7,0,151.949,0,0,19,206,0,8,2
18-09 17:00:55,12.064,30.031,58.779,0,0,4382572,7906744,398320,3574156,63612.824,34310.555,0,369.615,0,24.641,6006,5105,2.530,2.040,1.520,1,0,177.621,0,0,19,212,0,6,0
18-09 17:00:56,6.504,25.764,66.036,0,0,4386844,7902460,398332,3574156,62336.734,32475.574,0,160.087,0,11.006,4786,2855,2.530,2.040,1.520,1,0,156.084,0,0,19,212,0,6,0
18-09 17:00:57,17.488,26.232,54.463,0,0,4390944,7898168,398380,3574300,60271.173,572538.165,0,551.626,0,30.979,5439,3456,2.530,2.040,1.520,1,0,155.894,0,0,19,218,0,5,0
18-09 17:00:58,6.254,23.013,68.539,0,0,4395896,7893172,398424,3574300,61548.446,32786.882,0,216.124,0,20.012,4756,3053,2.530,2.040,1.520,1,0,131.075,0,0,19,218,0,5,0
18-09 17:00:59,6.491,23.468,68.408,0,0,4391660,7897388,398432,3574312,60388.545,34221.840,0,51.930,0,4.993,4544,2853,2.490,2.040,1.530,1,0,129.825,0,0,19,218,0,5,0
18-09 17:01:00,7.755,25.516,64.791,0,0,4397148,7891852,398468,3574320,47342.942,24379.419,0,384.243,0,24.015,4858,3205,2.490,2.040,1.530,3,0,124.078,0,0,19,218,0,5,0
18-09 17:01:01,8.003,25.259,65.273,0,0,4394980,7894004,398484,3574320,60677.620,31207.119,0,8647.081,0,703.251,5946,2777,2.490,2.040,1.530,1,0,124.044,0,0,19,218,0,5,0
18-09 17:01:02,11.000,31.000,56.000,0,0,4400992,7887720,398512,3575032,61289.122,31232.062,0,164.000,0,16.000,5728,5136,2.490,2.040,1.530,2,0,154.000,0,0,19,218,0,5,0
18-09 17:01:03,16.490,25.484,55.715,0,0,4396752,7891848,398584,3575056,45123.657,22761.703,0,631.603,0,46.970,5646,5449,2.490,2.040,1.530,1,0,79.950,0,0,19,218,0,5,0
18-09 17:01:04,27.715,16.729,54.681,0,0,4402660,7885852,398628,3574580,29948.960,15160.743,0,275.650,0,25.967,4194,2718,2.770,2.110,1.550,2,0,48.938,0,0,19,224,0,5,0
18-09 17:01:05,32.315,22.044,45.091,0,0,4477192,7811316,398628,3574584,69539.910,474604.873,0,0,0,0,4597,2408,2.770,2.110,1.550,2,0,71.143,0,0,19,224,0,4,0
18-09 17:01:06,42.235,10.496,46.483,0,0,4541932,7746552,398636,3574592,49035.372,147592.942,0,3210.846,0,187.932,3957,1657,2.770,2.110,1.550,2,0,2.999,0,0,19,224,0,4,0
18-09 17:01:07,42.010,15.254,42.010,0,0,4630920,7656112,398640,3575988,44630.988,22769.606,40.010,52.013,3.001,3.001,4089,3349,2.770,2.110,1.550,2,0,2.000,0,0,19,224,0,4,0
18-09 17:01:08,40.004,13.169,45.222,0,0,4679196,7607488,398652,3576320,18839.270,7543.659,0,242.510,0,7.951,4480,3292,2.770,2.110,1.550,4,0,35.780,0,0,19,228,0,5,0
18-09 17:01:09,28.299,23.040,48.584,0,0,4656060,7630564,398652,3576400,27319.067,17321.843,0,685.180,0,4.007,4372,2279,2.710,2.110,1.550,5,0,52.090,0,0,19,228,0,5,0
18-09 17:01:10,27.625,57.277,11.658,3.041,0,4655428,7624904,399040,3581888,61842.334,31838.112,2514.122,2603.333,159.160,126.720,9254,11354,2.710,2.110,1.550,6,0,195.655,0,0,19,228,0,5,0
18-09 17:01:11,39.962,35.769,21.708,0.247,0,4660680,7618388,399072,3582972,60253.194,33179.515,19.734,3650.871,1.973,44.402,8483,9928,2.710,2.110,1.550,5,0,123.340,0,0,19,232,0,5,0
18-09 17:01:12,38.268,29.571,29.074,0.248,0,4664864,7613624,399512,3583092,58612.334,31710.577,0,2043.599,0,279.305,8098,8828,2.710,2.110,1.550,6,0,121.264,0,0,19,235,0,5,0
18-09 17:01:13,32.985,33.489,32.733,0,0,4672572,7605872,399528,3586568,56566.483,33826.280,0,1663.868,0,33.237,6075,13283,2.710,2.110,1.550,8,0,160.142,0,0,20,239,0,4,0
18-09 17:01:14,29.078,26.822,43.116,0,0,4600900,7677512,399552,3583128,61429.800,32360.341,0,360.974,0,20.054,5216,4229,2.650,2.100,1.560,2,0,124.336,0,0,19,236,0,6,0
18-09 17:01:15,26.117,30.594,41.538,0,0,4639580,7638804,399576,3583132,51061.278,459851.971,0,290.517,0,16.914,5146,3146,2.650,2.100,1.560,3,0,123.370,0,0,19,236,0,6,0
18-09 17:01:16,24.955,29.198,44.420,0,0,4670132,7608176,399640,3583616,65684.910,156058.433,0,1373.531,0,69.874,5915,5237,2.650,2.100,1.560,9,0,152.725,0,0,19,237,0,6,0
18-09 17:01:17,30.027,27.024,41.537,0,0,4667200,7611036,399676,3583620,50884.353,28362.279,0,404.360,0,26.023,6140,5506,2.650,2.100,1.560,12,0,89.079,0,0,19,237,0,6,0
18-09 17:01:18,34.739,18.971,44.102,0,0,4661992,7616092,399740,3583624,48111.534,25679.392,0,488.812,0,52.232,5519,4122,2.650,2.100,1.560,4,0,23.652,0,0,19,238,0,7,0
18-09 17:01:19,64.379,27.591,9.708,0,0,4700888,7577160,399748,3583652,62528.995,34228.979,0,200.289,0,9.197,4755,2591,2.680,2.120,1.560,4,0,119.560,0,0,19,239,0,7,0
18-09 17:01:20,60.219,15.428,23.888,0,0,4798076,7479928,399772,3583656,44485.351,23075.289,0,274.718,0,20.902,4322,2236,2.680,2.120,1.560,2,0,2.986,0,0,19,240,0,7,0
18-09 17:01:21,52.867,12.395,32.378,3.035,0,4847048,7429780,399804,3584784,35997.358,20979.993,736.602,477.577,16.189,17.201,4335,2430,2.680,2.120,1.560,2,0,4.047,0,0,19,244,0,6,0
18-09 17:01:22,53.911,9.645,34.869,0,0,4872788,7402128,399876,3586336,21681.119,12344.132,0,2243.488,0,202.784,5579,4951,2.680,2.120,1.560,5,0,2.968,0,0,19,243,0,11,0
18-09 17:01:23,32.095,27.080,40.119,0,0,4864544,7410156,399892,3586536,15221.019,7708.800,0,232.688,0,12.036,5143,3372,2.680,2.120,1.560,3,0,115.341,0,0,19,242,0,13,0
18-09 17:01:24,26.964,27.214,44.691,0,0,4918224,7356456,399900,3586544,61284.884,35958.406,0,143.810,0,5.992,5067,2862,2.620,2.120,1.570,5,0,128.829,0,0,19,242,0,13,0
18-09 17:01:25,19.267,26.273,53.547,0,0,4917036,7357600,399928,3586556,66363.322,37798.218,0,812.714,0,41.036,4887,3058,2.620,2.120,1.570,2,0,114.100,0,0,19,243,0,13,0
18-09 17:01:26,15.994,26.740,55.479,0.250,0,4915440,7359132,399972,3586572,68438.487,599420.544,0,443.835,0,37.986,5714,4000,2.620,2.120,1.570,2,0,121.955,0,0,19,243,0,13,0
18-09 17:01:27,26.019,30.022,42.281,0,0,4849724,7424820,399992,3586576,61581.823,31681.060,0,9006.556,0,511.372,5919,3063,2.620,2.120,1.570,2,0,122.089,0,0,19,242,0,14,0
18-09 17:01:28,36.381,26.302,35.152,0,0,4868612,7405856,399992,3587016,44332.312,21869.703,0,204.518,0,13.766,5706,4968,2.620,2.120,1.570,3,0,85.544,0,0,19,242,0,14,0
18-09 17:01:29,28.924,24.900,46.027,0,0,4887416,7387036,400000,3586588,51261.896,28518.850,0,265.600,0,11.067,4597,4579,2.570,2.120,1.570,4,0,75.455,0,0,19,243,0,14,0
18-09 17:01:30,36.047,27.035,36.297,0,0,4921312,7353020,400036,3586608,65931.796,37367.626,0,352.459,0,33.043,5970,3927,2.570,2.120,1.570,3,0,108.141,0,0,19,245,0,14,0
18-09 17:01:31,43.766,32.951,23.141,0,0,4902964,7371324,400060,3586624,62523.540,35857.239,0,221.347,0,20.122,5451,3291,2.570,2.120,1.570,4,0,137.839,0,0,19,244,0,15,0
18-09 17:01:32,49.200,31.399,17.801,0,0,4961896,7312008,400104,3586924,45380.010,24320.291,0,2931.252,0,356.022,5916,3429,2.570,2.120,1.570,7,0,123.619,0,0,19,248,0,15,0
18-09 17:01:33,39.822,29.677,29.930,0.254,0,4987812,7284540,400176,3588376,67089.272,37568.978,129.867,1310.841,1.015,79.137,7177,8364,2.570,2.120,1.570,2,0,109.575,0,0,19,253,0,17,0
18-09 17:01:34,20.760,26.512,50.774,0,0,4991932,7280332,400188,3588400,72315.873,473735.901,0,220.103,0,16.007,5441,3790,2.770,2.160,1.590,1,0,121.057,0,0,19,253,0,17,0
18-09 17:01:35,29.243,32.016,38.318,0,0,4971388,7300832,400204,3588896,50567.115,144423.884,0,572.759,0,21.176,6085,5536,2.770,2.160,1.590,2,0,133.106,0,0,19,252,0,18,0
18-09 17:01:36,34.528,30.775,34.028,0,0,5009088,7263108,400216,3588908,61917.953,35136.914,0,152.125,0,7.006,6352,6036,2.770,2.160,1.590,2,0,86.071,0,0,19,252,0,18,0
18-09 17:01:37,36.146,22.282,39.365,0,0,5032040,7240160,400220,3588424,60862.029,31065.799,0,368.393,0,12.874,5137,2972,2.770,2.160,1.590,6,0,68.331,0,0,19,253,0,18,0
18-09 17:01:38,39.782,29.339,30.085,0,0,5070520,7201644,400236,3588444,54863.799,35489.809,0,230.737,0,16.907,5446,3445,2.770,2.160,1.590,4,0,128.298,0,0,19,253,0,18,0
18-09 17:01:39,45.451,30.967,22.226,0,0,5021532,7250548,400236,3588528,64870.999,37371.673,0,3.996,0,0.999,5430,3144,2.790,2.180,1.590,4,0,140.848,0,0,19,254,0,19,0
18-09 17:01:40,44.560,31.292,22.280,0,0,5069940,7200664,400280,3589924,61225.827,31211.714,0,736.985,0,48.064,7207,8023,2.790,2.180,1.590,2,0,115.154,0,0,19,260,0,21,0
18-09 17:01:41,18.527,27.541,52.828,0,0,5078608,7191976,400288,3589936,51606.216,28663.332,0,184.272,0,10.015,4751,2885,2.790,2.180,1.590,3,0,118.175,0,0,19,261,0,21,0
18-09 17:01:42,19.914,29.373,48.789,0,0,5090300,7180244,400320,3590416,80520.363,562322.238,0,1413.896,0,41.819,6727,6352,2.790,2.180,1.590,11,0,144.377,0,0,19,261,0,21,0
18-09 17:01:43,36.526,26.018,36.776,0,0,5058660,7211832,400348,3590436,46056.700,23291.537,0,524.372,0,24.017,5907,5708,2.790,2.180,1.590,12,0,86.061,0,0,19,262,0,22,0
18-09 17:01:44,40.413,25.854,33.134,0,0,5097852,7172596,400352,3589972,49394.099,23311.967,0,128.518,0,9.036,5112,3040,2.880,2.210,1.610,3,0,46.186,0,0,19,262,0,22,0
18-09 17:01:45,39.417,32.387,27.617,0,0,5140064,7130344,400368,3589988,67174.075,39250.990,0,204.866,0,13.055,5232,3191,2.880,2.210,1.610,4,0,136.578,0,0,19,263,0,22,0
18-09 17:01:46,45.376,16.188,36.056,0,0,5207516,7062836,400412,3590000,48572.944,27066.946,0,549.423,0,34.339,4227,2516,2.880,2.210,1.610,5,0,12.754,0,0,19,263,0,22,0
18-09 17:01:47,60.167,13.002,28.044,0,0,5250632,7019312,400448,3590328,33298.603,18758.699,0,513.965,0,42.830,4763,2719,2.880,2.210,1.610,2,0,6.119,0,0,19,265,0,25,0
18-09 17:01:48,54.252,16.013,25.333,0,0,5299836,6969668,400564,3590644,32873.106,18956.025,11.472,2489.358,0.956,141.484,5155,4283,2.880,2.210,1.610,4,0,5.736,0,0,19,266,0,30,0
18-09 17:01:49,48.869,18.129,36.520,0.263,0,5324988,6944004,400596,3591112,26708.735,16648.031,941.647,470.824,7.357,40.987,5427,4555,2.890,2.220,1.620,4,0,9.459,0,0,19,270,0,28,0
18-09 17:01:50,40.807,13.766,40.807,2.458,0,5343028,6921252,403676,3591416,24616.054,15695.512,3539.898,1385.477,102.264,71.781,5117,4172,2.890,2.220,1.620,5,0,8.850,0,0,19,273,0,29,0
18-09 17:01:51,41.631,35.245,20.432,3.576,0,5264924,6995804,403856,3594692,32519.831,17050.640,3477.554,986.873,51.080,48.016,5822,4707,2.890,2.220,1.620,6,0,120.550,0,0,19,272,0,30,0
18-09 17:01:52,40.414,35.703,22.314,0,0,5303436,6957212,403860,3594712,60506.946,33965.610,1412.258,10040.523,11.901,821.173,6493,3208,2.890,2.220,1.620,3,0,143.804,0,0,19,272,0,30,0
18-09 17:01:53,33.222,33.726,31.209,0,0,5314888,6945644,403916,3594732,66684.502,38992.081,515.451,1155.739,4.027,54.364,5465,3508,2.890,2.220,1.620,5,0,134.903,0,0,19,273,0,30,0
18-09 17:01:54,28.588,35.243,33.271,0.246,0,5290076,6970364,403972,3594744,61575.350,588068.150,630.915,1131.704,4.929,41.404,6237,4495,3.060,2.270,1.630,5,0,130.126,0,0,19,273,0,29,0
18-09 17:01:55,38.764,38.515,21.867,0,0,5282408,6977972,403984,3594760,62165.252,32077.564,763.349,218.668,5.964,14.909,5574,3605,3.060,2.270,1.630,5,0,144.122,0,0,19,272,0,30,0
18-09 17:01:56,41.174,36.627,22.229,0,0,5324680,6935548,403996,3594900,46381.633,24663.987,646.659,198.039,5.052,10.104,5354,3156,3.060,2.270,1.630,5,0,129.332,0,0,19,274,0,30,0
18-09 17:01:57,37.121,39.114,22.671,0,0,5344956,6915220,404032,3595416,65727.608,36438.383,510.227,426.518,3.986,21.924,6009,5504,3.060,2.270,1.630,3,0,120.581,0,0,19,275,0,30,0
18-09 17:01:58,42.569,33.249,23.426,0,0,5330008,6930096,404080,3595436,49685.460,27443.728,644.834,2857.420,5.038,415.112,7711,6896,3.060,2.270,1.630,2,0,92.695,0,0,19,280,0,31,0
18-09 17:01:59,51.117,29.423,18.951,0,0,5280620,6979396,404140,3595388,48199.416,25550.428,893.672,402.950,6.982,34.909,5866,3813,3.060,2.280,1.640,4,0,93.756,0,0,20,279,0,32,0
18-09 17:02:00,51.367,28.314,20.046,0,0,5326780,6933108,404216,3595436,61998.042,33395.974,256.584,509.158,2.005,52.119,5535,3983,3.060,2.280,1.640,2,0,115.262,0,0,20,284,0,32,0
18-09 17:02:01,40.479,9.245,46.476,3.248,0,5390012,6868876,404260,3596352,44536.288,22090.734,931.525,195.900,46.976,12.993,3656,2012,3.060,2.280,1.640,5,0,1.999,0,0,20,284,0,32,0
18-09 17:02:02,44.754,6.251,45.254,2.500,0,5423764,6832376,404352,3598724,29930.554,14593.245,2336.199,1016.087,148.013,51.004,4112,2660,3.060,2.280,1.640,3,0,2.000,0,0,20,284,0,32,0
18-09 17:02:03,46.706,7.243,46.206,0,0,5459816,6795492,404404,3599368,15330.515,7289.113,0,679.358,0,32.969,3942,2317,3.060,2.280,1.640,2,0,3.996,0,0,20,288,0,32,0
18-09 17:02:04,24.005,19.754,54.261,0,0,5454036,6800072,404456,3600496,25549.202,449917.603,0,492.100,0,47.010,6373,6566,2.890,2.260,1.640,2,0,94.019,0,0,20,285,0,33,0
18-09 17:02:05,8.255,20.512,69.291,0,0,5448192,6805904,404460,3600504,65724.133,161754.311,0,0,0,0,4627,2929,2.890,2.260,1.640,0,0,118.070,0,0,20,286,0,33,0
18-09 17:02:06,2.249,1.999,94.444,0,0,5445912,6808148,404492,3600504,55348.405,25672.881,0,591.652,0,25.985,1936,1812,2.890,2.260,1.640,0,0,1.999,0,0,20,287,0,33,0
18-09 17:02:07,2.744,3.243,91.566,0,0,5439864,6813092,404512,3601564,1178207.855,60564.422,0,119.760,0,12.974,3753,2794,2.890,2.260,1.640,1,0,0,0,0,20,286,0,33,0
18-09 17:02:08,16.544,8.523,71.941,0.251,0,5440148,6808428,404560,3605772,4506427.737,115894.908,0,425.126,0,38.101,10250,7498,2.890,2.260,1.640,1,0,7.019,0,0,20,288,0,33,0
18-09 17:02:09,4.499,4.499,85.989,0,0,5435148,6808548,404596,3610472,5307085.625,112409.059,0,263.965,0,30.996,9347,6048,2.740,2.240,1.630,1,0,2.000,0,0,20,288,0,33,0
18-09 17:02:10,5.754,5.754,86.053,0,0,5435456,6804140,404636,3614416,3994541.171,92901.472,0,840.520,0,33.020,6841,5587,2.740,2.240,1.630,0,0,1.001,0,0,20,288,0,32,0
18-09 17:02:11,5.997,15.742,74.964,1.249,0,5436884,6799984,404644,3617080,2340922.747,67543.677,427.795,151.927,6.997,7.996,5989,4525,2.740,2.240,1.630,0,1,87.958,0,0,20,287,0,32,0
18-09 17:02:12,6.756,21.770,69.064,0.250,0,5440848,6794192,404668,3618884,45892.432,25593.664,1873.732,456.422,20.019,28.026,4746,3287,2.740,2.240,1.630,1,0,142.131,0,0,20,287,0,32,0
18-09 17:02:13,18.492,10.745,69.969,0,0,5478604,6756420,404680,3618888,60490.027,31837.803,0,651.709,0,13.994,3295,2191,2.740,2.240,1.630,1,0,30.986,0,0,20,287,0,32,0
18-09 17:02:14,34.747,12.749,51.745,0,0,5522672,6712312,404696,3618892,30280.353,15956.605,0,83.993,0,6.999,3956,12338,2.600,2.220,1.630,1,0,37.997,0,0,20,292,0,30,0
18-09 17:02:15,15.001,4.250,79.003,0.250,0,5508620,6726360,404700,3618892,53767.295,475793.305,0,56.002,0,3.000,3072,2122,2.600,2.220,1.630,0,0,3.000,0,0,20,292,0,32,0
18-09 17:02:16,19.964,4.741,74.365,0,0,5509040,6725884,404716,3618928,20090.396,134137.608,0,111.796,0,12.976,4151,3844,2.600,2.220,1.630,1,0,0,0,0,20,297,0,33,0
18-09 17:02:17,16.764,4.754,76.314,0.500,0,5509540,6725320,404760,3618948,32958.518,674476.130,0,268.224,0,36.030,4596,4407,2.600,2.220,1.630,0,0,1.001,0,0,20,295,0,34,0
18-09 17:02:18,3.749,3.249,89.464,0,0,5509684,6725148,404784,3618952,270290.511,7848190.947,0,6189.539,0,635.747,5692,2103,2.600,2.220,1.630,0,0,1.999,0,0,20,295,0,34,0
18-09 17:02:19,2.750,1.500,92.247,0,0,5507572,6727244,404800,3618952,285549.603,7988899.109,0,175.994,0,7.000,4086,1529,2.390,2.180,1.620,0,0,0,0,0,20,295,0,33,0
18-09 17:02:20,18.724,5.243,74.145,0,0,5509356,6725368,404836,3618976,1821155.404,50650.561,0,319.549,0,29.958,6246,5047,2.390,2.180,1.620,1,0,0.999,0,0,20,300,0,34,0
18-09 17:02:21,24.531,5.058,68.030,0,0,5500096,6730388,404884,3623048,2688655.713,58529.218,0,441.058,0,35.406,8139,6196,2.390,2.180,1.620,0,0,3.035,0,0,20,300,0,34,0
18-09 17:02:22,1.734,1.734,94.356,0,0,5499844,6730356,404900,3623304,299131.700,20578.944,0,249.634,0,12.878,2235,1902,2.390,2.180,1.620,0,0,0,0,0,20,300,0,34,0
18-09 17:02:23,2.000,2.000,93.765,0,0,5498240,6731480,404920,3623752,701909.851,47533.710,0,856.139,0,102.017,2973,1931,2.390,2.180,1.620,0,0,0,0,0,20,300,0,27,0
18-09 17:02:24,3.001,3.502,92.044,0,0,5499932,6728964,404956,3624520,869777.947,57367.170,0,792.375,0,38.018,3724,2721,2.280,2.160,1.620,1,0,2.001,0,0,20,300,0,27,0
18-09 17:02:25,4.247,2.998,90.182,0,0,5499676,6727776,404956,3625928,1365677.896,74129.922,0,123.906,0,12.990,4769,3635,2.280,2.160,1.620,1,0,0,0,0,20,300,0,27,0
18-09 17:02:26,2.753,3.504,91.613,0,0,5497592,6728280,404960,3627464,1785103.859,32007.516,0,56.069,0,5.006,4085,2724,2.280,2.160,1.620,0,0,0,0,0,20,300,0,27,0
18-09 17:02:27,11.748,9.999,74.739,0,0,5498900,6720436,404980,3633804,6856680.526,132710.481,0,107.984,0,11.998,11853,7324,2.280,2.160,1.620,1,0,2.000,0,0,20,300,0,26,0
18-09 17:02:28,15.252,7.001,75.509,0,0,5430872,6787044,405016,3635148,1065220.589,31003.597,0,1976.229,0,287.033,5207,3580,2.280,2.160,1.620,2,0,20.002,0,0,20,297,0,30,0
18-09 17:02:29,5.985,26.183,66.081,0,0,5433368,6784524,405016,3635172,1111.160,0,0,0,0,0,4747,2892,2.180,2.140,1.610,1,0,163.582,0,0,20,297,0,30,0
18-09 17:02:30,7.245,24.233,65.954,0,0,5435988,6781788,405128,3635176,885.378,0,0,2314.374,0,129.909,5499,4147,2.180,2.140,1.610,2,0,198.860,0,0,20,297,0,30,0
18-09 17:02:31,15.043,15.795,67.943,0,0,5468952,6748780,405152,3635196,31540.594,42502.734,0,276.786,0,26.074,3930,2939,2.180,2.140,1.610,1,0,85.242,0,0,20,297,0,29,0
18-09 17:02:32,21.753,6.751,70.009,0.750,0,5507696,6710000,405188,3635188,44772.492,22346.741,0,16205.988,0,49.006,2892,2099,2.180,2.140,1.610,1,0,0,0,0,20,297,0,29,0
18-09 17:02:33,16.246,14.247,68.735,0,0,5477812,6739844,405220,3635196,46590.564,25264.341,0,583.869,0,37.991,3890,2761,2.180,2.140,1.610,1,0,59.987,0,0,20,297,0,29,0
18-09 17:02:34,5.987,22.451,68.600,0,0,5474388,6743256,405220,3635208,60934.995,34169.417,0,3.991,0,0.998,4788,3172,2.080,2.120,1.610,1,0,116.745,0,0,20,297,0,29,0
18-09 17:02:35,7.265,23.298,68.893,0,0,5475200,6742440,405220,3635212,46184.879,25639.227,0,0,0,0,4673,2905,2.080,2.120,1.610,1,0,127.264,0,0,20,297,0,26,0
18-09 17:02:36,6.245,22.230,68.440,0,0,5466740,6750884,405224,3635224,61887.618,34281.876,0,195.828,0,8.992,4831,3079,2.080,2.120,1.610,1,0,115.898,0,0,20,297,0,26,0
18-09 17:02:37,9.257,25.019,64.798,0,0,5459164,6758432,405232,3635240,74942.605,596634.681,0,100.074,0,6.004,5263,3422,2.080,2.120,1.610,2,0,140.104,0,0,20,297,0,26,0
18-09 17:02:38,5.975,21.162,70.210,0,0,5459384,6758172,405260,3635248,56691.481,30912.124,0,8982.840,0,41.827,4555,2957,2.080,2.120,1.610,2,0,113.530,0,0,20,297,0,26,0
18-09 17:02:39,4.018,3.515,91.652,0,0,5457956,6759600,405260,3635248,49795.578,25003.754,0,7267.902,0,9.040,2042,1665,1.920,2.080,1.600,1,0,11.048,0,0,20,297,0,25,0
18-09 17:02:40,20.998,8.249,69.745,0,0,5483620,6733896,405296,3635252,44718.777,22600.371,0,327.976,0,27.998,3261,2556,1.920,2.080,1.600,1,0,1.000,0,0,20,297,0,25,0
18-09 17:02:41,16.008,3.502,80.042,0,0,5515308,6702184,405304,3635268,31545.390,17692.193,0,220.114,0,19.010,2387,1763,1.920,2.080,1.600,0,0,0,0,0,20,298,0,25,0
18-09 17:02:42,16.996,4.249,76.983,0.250,0,5515288,6702184,405312,3635280,21685.270,13454.066,0,63.986,0,5.999,2669,2083,1.920,2.080,1.600,2,0,3.999,0,0,20,298,0,25,0
18-09 17:02:43,16.734,11.989,70.183,0,0,5474488,6742944,405328,3635288,17414.449,8725.707,0,111.894,0,8.991,3585,2456,1.920,2.080,1.600,1,0,60.942,0,0,20,301,0,23,0
18-09 17:02:44,5.505,14.262,69.810,9.258,0,5471304,6741492,405392,3639644,60283.669,32339.718,2209.894,1213.040,55.047,233.200,4101,2571,1.840,2.070,1.600,0,1,51.044,0,0,20,301,0,23,0
18-09 17:02:45,2.502,4.753,69.792,21.513,0,5447956,6740748,405456,3663444,30028.056,14762.877,21889.162,484.291,234.141,24.014,2888,2152,1.840,2.070,1.600,2,1,5.003,0,0,20,301,0,23,0
18-09 17:02:46,1.750,5.500,69.005,21.752,0,5438308,6729912,405468,3683780,29746.178,14807.084,19221.407,36.003,202.015,4.000,2661,1951,1.840,2.070,1.600,0,1,3.000,0,0,20,301,0,23,0
18-09 17:02:47,1.997,3.245,71.391,22.216,0,5434888,6716304,405472,3700688,15088.015,7284.902,15983.650,75.884,165.747,9.985,2399,1973,1.840,2.070,1.600,0,1,0,0,0,20,301,0,22,0
18-09 17:02:48,3.001,4.001,70.520,21.756,0,5434688,6694380,405500,3722632,29572.454,14596.173,20889.972,256.073,240.069,21.006,3089,2510,1.840,2.070,1.600,0,1,2.001,0,0,20,301,0,22,0
18-09 17:02:49,1.500,2.501,71.515,23.005,0,5435116,6678516,405508,3737964,419.087,0,14422.985,0,174.036,0,2204,1819,1.770,2.050,1.600,0,1,0,0,0,20,301,0,22,0
18-09 17:02:50,2.499,4.249,70.229,21.744,0,5434684,6653820,405540,3762888,15227.475,7293.833,23804.926,207.938,251.925,19.994,3042,2489,1.770,2.050,1.600,0,1,1.000,0,0,20,301,0,22,0
18-09 17:02:51,3.755,8.761,70.591,15.770,0,5436372,6637704,405544,3777208,15374.822,7615.819,12247.791,0,138.178,0,3019,2141,1.770,2.050,1.600,0,1,18.023,0,0,20,301,0,15,0
18-09 17:02:52,2.248,3.497,70.941,22.481,0,5436072,6620820,405572,3794284,16053.666,12329.759,16494.300,387.678,155.871,31.973,2570,2094,1.770,2.050,1.600,0,1,0,0,0,20,301,0,15,0
18-09 17:02:53,2.750,5.250,70.001,20.750,0,5437144,6597424,405596,3816472,57451.021,591922.516,21912.389,112.002,205.004,12.000,3120,2375,1.770,2.050,1.600,0,1,1.000,0,0,20,301,0,15,0
18-09 17:02:54,5.754,10.007,69.045,13.759,0,5438496,6585844,405616,3826628,30885.257,19925.068,9878.479,1072.704,93.061,201.132,3689,2683,1.870,2.060,1.600,1,0,28.018,0,0,20,301,0,15,0
18-09 17:02:55,1.999,4.499,71.479,20.494,0,5438716,6566188,405628,3845972,45112.667,22769.271,18982.390,263.922,190.944,13.996,2826,2224,1.870,2.060,1.600,0,1,0,0,0,20,301,0,14,0
18-09 17:02:56,1.499,3.998,71.715,21.490,0,5438644,6545032,405628,3867104,30310.225,14798.786,20645.936,39.981,211.897,3.998,2801,2083,1.870,2.060,1.600,0,1,0,0,0,20,301,0,14,0
18-09 17:02:57,5.245,10.241,70.190,13.239,0,5440164,6535484,405640,3875088,44871.374,26701.015,7701.371,63.945,94.918,5.995,3147,2293,1.870,2.060,1.600,0,1,27.976,0,0,20,301,0,14,0
18-09 17:02:58,1.750,4.000,71.258,21.502,0,5440072,6514064,405640,3896504,30268.233,14821.583,20626.203,52.006,221.024,7.001,2770,2281,1.870,2.060,1.600,0,1,0,0,0,20,301,0,14,0
18-09 17:02:59,3.750,8.251,70.754,15.251,0,5439872,6500468,405640,3910220,29745.808,14658.891,13376.813,292.018,147.009,46.003,3098,2184,1.800,2.050,1.600,0,1,16.001,0,0,20,301,0,12,0
18-09 17:03:00,2.253,4.005,70.590,21.527,0,5439460,6484856,405652,3926152,45326.583,25782.755,15351.503,292.371,142.181,21.027,3004,2554,1.800,2.050,1.600,0,1,3.004,0,0,20,301,0,12,0
18-09 17:03:01,3.493,6.987,70.618,17.218,0,5440088,6469736,405656,3940576,29688.479,14712.486,14233.382,31.940,133.750,2.994,2971,2235,1.800,2.050,1.600,1,0,17.966,0,0,20,301,0,12,0
18-09 17:03:02,3.506,7.012,70.623,18.031,0,5439028,6455624,405676,3955676,46204.166,27279.330,15050.112,132.229,142.247,13.023,3144,2544,1.800,2.050,1.600,0,1,8.014,0,0,20,301,0,12,0
18-09 17:03:03,2.501,3.501,70.514,22.255,0,5437508,6444800,405704,3967960,30294.216,14823.042,12214.506,256.053,126.026,21.004,2641,2326,1.800,2.050,1.600,0,1,2.000,0,0,20,301,0,12,0
18-09 17:03:04,3.999,8.497,70.477,15.745,0,5439908,6435228,405716,3975088,45408.260,26611.362,7001.727,95.969,70.977,10.996,2891,2236,1.820,2.050,1.600,0,1,15.995,0,0,20,301,0,12,0
18-09 17:03:05,2.751,3.751,70.776,21.508,0,5440904,6418916,405716,3990340,38478.187,458695.120,14973.521,0,158.058,0,2953,2223,1.820,2.050,1.600,1,1,0,0,0,20,301,0,12,0
18-09 17:03:06,3.748,8.744,69.954,15.240,0,5441200,6405056,405716,4003840,31602.255,140359.861,13411.196,0,130.914,0,3305,2445,1.820,2.050,1.600,0,1,18.988,0,0,20,301,0,12,0
18-09 17:03:07,2.750,5.250,70.500,21.250,0,5439648,6385652,405732,4024696,45298.191,27876.118,18888.080,196.001,188.001,9.000,3016,2256,1.820,2.050,1.600,1,1,0,0,0,20,301,0,12,0
18-09 17:03:08,4.003,8.006,70.553,15.261,0,5440328,6372548,405732,4037072,30005.526,14765.085,11280.469,36.027,113.085,4.003,3026,2241,1.820,2.050,1.600,0,1,16.012,0,0,20,301,0,11,0
18-09 17:03:09,8.239,7.241,63.916,18.476,0,5439484,6355916,405748,4054432,45476.395,26201.658,15851.224,223.707,172.774,13.982,4173,3623,1.750,2.030,1.600,0,1,7.990,0,0,20,301,0,13,0
18-09 17:03:10,2.748,7.494,69.946,18.236,0,5440208,6346100,405768,4063472,30061.825,14712.658,8133.730,1502.841,91.929,303.766,3435,2535,1.750,2.030,1.600,3,0,10.992,0,0,20,301,0,13,0
18-09 17:03:11,6.747,16.742,69.218,5.497,0,5445628,6335272,405768,4068860,60977.548,36023.192,5333.511,0,51.976,0,3935,2648,1.750,2.030,1.600,0,1,55.974,0,0,20,301,0,13,0
18-09 17:03:12,2.255,5.011,70.404,20.795,0,5443388,6317128,405792,4089136,44472.225,22068.245,20043.820,356.780,202.443,21.046,3004,2259,1.750,2.030,1.600,0,1,2.004,0,0,20,301,0,13,0
18-09 17:03:13,7.245,17.738,68.704,4.997,0,5439668,6315832,405804,4094124,45701.648,30439.784,4932.724,99.934,54.963,8.994,4095,2689,1.750,2.030,1.600,0,1,57.962,0,0,20,301,0,13,0
18-09 17:03:14,18.396,16.656,45.244,17.650,0,5483016,6252340,405808,4117028,44916.279,22421.347,19259.210,87.506,237.658,5.966,4145,7378,1.850,2.040,1.610,6,0,40.770,0,0,20,301,0,13,0
18-09 17:03:15,22.588,22.839,43.671,10.290,0,5489592,6233188,405808,4126676,41014.457,18564.628,12492.875,72.283,157.617,2.008,4654,6692,1.850,2.040,1.610,3,1,34.134,0,0,20,301,0,14,0
18-09 17:03:16,7.518,7.518,62.902,20.299,0,5455488,6244952,405808,4148936,60720.000,477091.012,21227.390,4.010,307.745,1.002,3844,2554,1.850,2.040,1.610,0,1,1.002,0,0,20,301,0,11,0
18-09 17:03:17,3.992,8.483,70.611,15.220,0,5452172,6237936,405824,4159216,33963.902,141464.526,9477.277,127.748,111.779,11.976,3228,2462,1.850,2.040,1.610,0,1,16.966,0,0,20,301,0,11,0
18-09 17:03:18,3.503,4.254,69.067,21.771,0,5450816,6223072,405872,4175324,44832.413,22461.751,15058.582,548.531,171.166,46.045,3491,3010,1.850,2.040,1.610,0,1,3.003,0,0,20,301,0,11,0
18-09 17:03:19,4.493,8.736,69.891,15.725,0,5451268,6213256,405876,4184604,45171.310,27323.241,8378.888,83.869,107.831,5.991,3051,2475,1.780,2.030,1.600,0,1,15.975,0,0,20,301,0,11,0
18-09 17:03:20,3.002,5.003,70.038,21.011,0,5451616,6198160,405900,4199260,29942.100,14599.851,13959.506,1808.973,178.096,346.186,3401,2521,1.780,2.030,1.600,0,1,1.001,0,0,20,301,0,9,0
18-09 17:03:21,4.008,7.766,70.395,16.534,0,5453308,6187840,405900,4207856,29892.699,14836.623,7888.282,0,109.225,0,3020,2255,1.780,2.030,1.600,0,1,18.037,0,0,20,301,0,9,0
18-09 17:03:22,1.000,3.749,71.473,21.492,0,5439972,6182044,405912,4226880,44832.043,26807.860,18121.146,311.882,221.916,15.994,2681,2173,1.780,2.030,1.600,0,1,0,0,0,20,301,0,9,0
18-09 17:03:23,3.751,9.252,71.015,15.003,0,5438692,6167448,405912,4242688,45613.467,26711.544,14987.111,32.007,196.041,3.001,3207,2273,1.780,2.030,1.600,0,1,16.003,0,0,20,301,0,9,0
18-09 17:03:24,3.000,7.999,70.239,16.747,0,5440016,6147832,405912,4260900,44769.778,21884.470,16685.308,0,226.963,0,3287,2359,1.720,2.010,1.600,2,0,14.998,0,0,20,301,0,8,0
18-09 17:03:25,3.002,7.756,71.552,17.012,0,5439656,6133972,405912,4275072,44888.567,27694.092,14090.223,68.049,130.094,1.001,2981,2366,1.720,2.010,1.600,1,0,8.006,0,0,20,301,0,8,0
18-09 17:03:26,2.999,7.499,70.487,16.997,0,5441008,6115576,405912,4292036,45296.803,24741.523,16281.054,7.999,194.965,1.000,3256,2259,1.720,2.010,1.600,1,0,10.998,0,0,20,301,0,8,0
18-09 17:03:27,4.742,9.235,69.638,14.976,0,5441872,6102980,405916,4303732,55787.994,468052.866,11429.560,91.852,130.789,5.990,3404,2438,1.720,2.010,1.600,0,1,17.971,0,0,20,301,0,8,0
18-09 17:03:28,3.006,6.514,70.651,18.540,0,5442468,6086348,405920,4319684,48679.114,151189.361,15589.342,68.146,189.405,7.015,3064,2309,1.720,2.010,1.600,2,0,12.026,0,0,20,301,0,4,0
18-09 17:03:29,15.492,13.993,69.466,0,0,5469612,6059204,405924,4319680,46084.160,27180.529,0,51.974,0,2.999,3516,2250,1.660,1.990,1.600,4,0,57.971,0,0,20,301,0,4,0
18-09 17:03:30,22.488,6.497,70.213,0,0,5501324,6027452,405956,4319688,60253.357,30841.803,0,543.714,0,53.972,3047,2139,1.660,1.990,1.600,4,0,3.998,0,0,20,301,0,4,0
18-09 17:03:31,21.990,5.248,71.468,0,0,5554244,5974532,405956,4319688,30274.503,14733.431,0,31.986,0,2.999,2473,1608,1.660,1.990,1.600,3,0,0,0,0,20,301,0,4,0
18-09 17:03:32,22.260,6.253,71.031,0,0,5587996,5940764,405972,4319688,29816.052,14760.462,0,92.040,0,13.006,2793,2053,1.660,1.990,1.600,3,0,2.001,0,0,20,301,0,4,0
18-09 17:03:33,27.198,3.493,68.371,0,0,5594024,5934568,406124,4319700,30101.001,16215.295,0,2351.547,0,134.745,3810,3128,1.660,1.990,1.600,3,0,3.992,0,0,20,303,0,4,1
18-09 17:03:34,21.749,6.750,70.246,0.250,0,5556188,5972368,406136,4319724,45352.613,22628.809,0,147.992,0,8.000,3006,1906,1.690,1.990,1.600,1,0,5.000,0,0,20,301,0,4,0
18-09 17:03:35,23.282,5.007,71.098,0,0,5556184,5972368,406136,4319728,45071.935,23011.621,0,0,0,0,2630,1610,1.690,1.990,1.600,4,0,0,0,0,20,301,0,4,0
18-09 17:03:36,21.215,7.488,70.383,0,0,5557180,5971364,406140,4319728,29753.360,14715.449,0,1126.121,0,218.635,3278,1983,1.690,1.990,1.600,3,0,2.995,0,0,20,301,0,4,0
18-09 17:03:37,17.041,5.764,76.936,0,0,5576564,5951960,406156,4319732,31556.406,16588.164,0,124.301,0,12.029,2695,2000,1.690,1.990,1.600,0,0,2.005,0,0,20,304,0,4,0
18-09 17:03:38,5.000,2.000,91.250,0,0,5576556,5951960,406156,4319740,26785.122,18736.085,0,4.000,0,1.000,2153,1853,1.690,1.990,1.600,0,0,0,0,0,20,304,0,5,0
18-09 17:03:39,19.752,2.500,76.759,0,0,5581832,5946668,406156,4319752,21319.469,13432.556,0,0,0,0,2502,1777,1.720,1.990,1.600,1,0,3.000,0,0,20,307,0,6,0
18-09 17:03:40,20.436,9.719,69.032,0,0,5460848,6067632,406172,4319752,34047.653,17187.810,0,123.610,0,12.959,3182,2338,1.720,1.990,1.600,5,0,15.950,0,0,20,301,0,6,0
18-09 17:03:41,23.058,6.517,69.927,0,0,5495416,6033060,406172,4319756,54117.212,587204.833,0,64.163,0,3.008,2906,2012,1.720,1.990,1.600,3,0,1.003,0,0,20,301,0,6,0
18-09 17:03:42,22.733,5.496,71.196,0,0,5520852,6007608,406188,4319756,30038.372,15294.479,0,235.822,0,15.988,2384,1523,1.720,1.990,1.600,2,0,1.998,0,0,20,301,0,6,0
18-09 17:03:43,20.019,9.259,70.067,0,0,5493188,6035104,406200,4319908,15072.468,7531.229,0,264.254,0,10.010,2934,1865,1.720,1.990,1.600,1,0,40.038,0,0,20,301,0,6,0
18-09 17:03:44,6.496,24.235,66.709,0,0,5482256,6046028,406200,4319916,60835.905,33683.461,511.688,3.998,3.998,0.999,4643,2967,1.660,1.980,1.600,1,0,122.925,0,0,20,301,0,6,0
18-09 17:03:45,6.501,23.755,68.515,0,0,5485008,6043264,406200,4319924,60839.603,33849.568,0,224.050,0,2.000,4707,3049,1.660,1.980,1.600,1,0,129.029,0,0,20,301,0,5,0
18-09 17:03:46,7.246,28.734,61.966,0,0,5470488,6057704,406200,4319984,61705.826,60744.358,0,67.962,0,2.998,5044,3134,1.660,1.980,1.600,3,0,166.908,0,0,20,301,0,5,0
18-09 17:03:47,10.267,19.032,69.366,0,0,5465056,6063108,406212,4319996,45676.330,24947.690,0,200.335,0,12.020,4476,3151,1.660,1.980,1.600,2,0,112.187,0,0,20,301,0,5,0
18-09 17:03:48,17.477,12.484,68.411,0,0,5485260,6042868,406240,4320004,59865.049,31339.193,0,303.605,0,23.969,3888,2782,1.660,1.980,1.600,2,0,53.930,0,0,20,301,0,5,0
18-09 17:03:49,20.013,7.505,71.297,0,0,5500320,6027800,406240,4320012,29805.694,14733.735,0,36.024,0,3.002,2860,1880,1.600,1.960,1.590,4,0,18.012,0,0,20,301,0,5,0
18-09 17:03:50,19.982,7.244,71.686,0,0,5513328,6014720,406264,4320024,45007.679,23634.826,0,243.782,0,18.983,3139,2221,1.600,1.960,1.590,1,0,17.984,0,0,20,302,0,5,0
18-09 17:03:51,19.529,4.507,74.863,0,0,5518700,6005372,406272,4323528,52751.669,589611.469,0,1830.765,0,270.408,3851,2405,1.600,1.960,1.590,2,0,4.006,0,0,20,302,0,5,0
18-09 17:03:52,21.434,6.480,70.283,0.249,0,5510572,6010880,406296,4325404,46359.631,23006.851,0,1036.794,0,27.914,3125,2069,1.600,1.960,1.590,4,0,2.991,0,0,20,301,0,5,0
18-09 17:03:53,22.768,10.258,65.303,0,0,5548780,5972004,406300,4325968,60538.789,30488.571,0,240.194,0,3.002,7653,11561,1.600,1.960,1.590,3,0,5.004,0,0,20,301,0,5,0
18-09 17:03:54,17.043,8.521,72.932,0,0,5518104,6001972,406300,4326552,30798.968,16917.277,0,88.220,0,1.003,2719,1719,1.640,1.960,1.600,1,0,9.023,0,0,20,302,0,5,0
18-09 17:03:55,17.465,4.491,77.842,0,0,5531464,5988356,406320,4326756,51682.961,33887.129,0,906.158,0,82.832,2857,1831,1.640,1.960,1.600,1,0,2.994,0,0,20,302,0,5,0
18-09 17:03:56,20.895,10.945,63.681,0,0,5529192,5990588,406320,4326792,44673.184,22123.162,0,3.980,0,0.995,7229,10458,1.640,1.960,1.600,1,0,11.940,0,0,20,302,0,5,0
18-09 17:03:57,17.718,10.884,72.139,0,0,5529108,5990464,406328,4326948,30582.908,14974.549,0,356.392,0,8.100,2623,1651,1.640,1.960,1.600,1,0,9.112,0,0,20,302,0,5,0
18-09 17:03:58,21.865,6.709,70.566,0,0,5470128,6055352,406468,4321720,45826.940,24093.706,0,926.299,0,27.829,2966,1949,1.640,1.960,1.600,2,0,9.939,0,0,20,301,0,5,0
18-09 17:03:59,7.006,22.270,68.561,0.250,0,5472132,6053336,406472,4321728,61663.665,33613.799,0,96.085,0,12.011,5054,3477,1.590,1.950,1.590,1,0,145.129,0,0,20,301,0,5,0
18-09 17:04:00,12.330,21.892,64.418,0,0,5474324,6051100,406516,4321728,46264.967,25547.643,0,1550.050,0,143.933,4693,3601,1.590,1.950,1.590,1,0,113.737,0,0,20,301,0,5,0
18-09 17:04:01,22.852,5.465,70.544,0,0,5496728,6028692,406520,4321728,54141.963,450926.681,0,67.563,0,2.981,2879,2014,1.590,1.950,1.590,1,0,0,0,0,20,301,0,5,0
18-09 17:04:02,22.967,3.245,72.897,0,0,5520920,6004276,406536,4321936,33576.339,146317.307,0,119.830,0,12.982,2780,1927,1.590,1.950,1.590,1,0,0.999,0,0,20,302,0,5,0
18-09 17:04:03,14.115,3.781,81.163,0,0,5522892,6002264,406568,4321944,20871.553,13066.776,0,310.538,0,24.198,2743,2106,1.590,1.950,1.590,0,0,2.016,0,0,20,302,0,5,0
18-09 17:04:04,14.625,9.172,74.116,0,0,5451284,6073848,406568,4321952,34917.228,20152.563,0,3.966,0,0.992,3397,2375,1.620,1.950,1.600,1,0,45.610,0,0,20,301,0,10,0
18-09 17:04:05,13.246,16.746,68.982,0,0,5469788,6055212,406568,4322084,44532.085,23929.597,0,0,0,0,3530,2326,1.620,1.950,1.600,2,0,65.982,0,0,20,301,0,10,0
18-09 17:04:06,22.508,5.502,71.026,0,0,5511364,6013632,406572,4322084,30020.946,15363.602,0,280.102,0,13.005,2659,1740,1.620,1.950,1.600,2,0,2.001,0,0,20,301,0,10,0
18-09 17:04:07,23.997,6.249,68.742,0,0,5527412,5997516,406592,4322132,35724.736,20646.536,0,151.982,0,15.998,3465,2971,1.620,1.950,1.600,3,0,0,0,0,20,302,0,10,0
18-09 17:04:08,19.959,6.237,72.852,0,0,5448468,6076428,406616,4322140,18495.345,10363.900,0,371.244,0,29.939,3188,2349,1.620,1.950,1.600,3,0,21.955,0,0,20,301,0,11,0
18-09 17:04:09,15.038,14.286,69.425,0,0,5483232,6041652,406620,4322148,30107.802,16068.455,0,84.212,0,6.015,3468,2344,1.570,1.930,1.590,1,0,50.126,0,0,20,301,0,9,0
18-09 17:04:10,21.771,6.506,71.569,0,0,5528812,5996040,406644,4322156,44819.917,22844.875,0,296.284,0,28.027,3074,2264,1.570,1.930,1.590,0,0,1.001,0,0,20,302,0,9,0
18-09 17:04:11,19.706,7.234,71.092,0,0,5521652,6003136,406660,4322204,21327.574,13239.560,0,131.707,0,12.971,3603,3046,1.570,1.930,1.590,0,0,5.987,0,0,20,302,0,11,0
18-09 17:04:12,15.022,9.764,74.609,0,0,5450320,6074456,406660,4322216,38038.320,23396.025,0,1518.208,0,302.440,3826,2284,1.570,1.930,1.590,2,0,53.077,0,0,20,301,0,13,0
18-09 17:04:13,19.004,9.752,69.764,0,0,5491388,6033380,406664,4322220,59736.167,29548.019,0,64.013,0,5.001,2997,1977,1.570,1.930,1.590,2,0,7.001,0,0,20,301,0,13,0
18-09 17:04:14,26.463,11.234,61.165,0,0,5535668,5989088,406672,4322224,32493.617,17811.124,383.464,223.688,2.996,12.982,3294,1905,1.600,1.930,1.600,4,0,4.993,0,0,20,302,0,13,0
18-09 17:04:15,39.551,22.279,37.048,0,0,5564120,5960628,406672,4322232,22050.391,14434.585,640.825,0,5.006,0,4683,15107,1.600,1.930,1.600,1,0,45.058,0,0,20,302,0,15,0
18-09 17:04:16,18.251,10.000,70.252,0,0,5485992,6038748,406672,4322240,17425.572,9116.299,256.008,28.001,2.000,3.000,3385,2273,1.600,1.930,1.600,2,0,32.001,0,0,20,301,0,17,0
18-09 17:04:17,22.970,8.239,68.161,0,0,5519636,6005064,406708,4322244,59453.399,599815.092,0,363.526,0,27.964,3623,2730,1.600,1.930,1.600,1,0,0,0,0,20,301,0,16,0
18-09 17:04:18,14.018,4.756,79.851,0,0,5541284,5983392,406720,4322256,32001.467,20188.529,0,324.410,0,27.034,2875,2394,1.600,1.930,1.600,0,0,2.003,0,0,20,302,0,16,0
18-09 17:04:19,14.983,3.995,79.908,0,0,5541268,5983392,406732,4322260,35892.459,17229.059,0,75.912,0,8.990,2568,1991,1.470,1.900,1.590,2,0,0,0,0,20,302,0,16,0
18-09 17:04:20,14.759,8.755,75.297,0,0,5504172,6020424,406780,4322276,33592.040,20181.641,0,352.221,0,40.025,3796,3149,1.470,1.900,1.590,1,0,47.029,0,0,20,301,0,18,0
18-09 17:04:21,20.028,8.762,70.598,0,0,5538204,5986380,406792,4322276,45149.884,23835.197,0,184.257,0,14.020,2852,2025,1.470,1.900,1.590,1,0,3.004,0,0,20,301,0,18,0
18-09 17:04:22,17.964,4.491,76.595,0,0,5564596,5959968,406808,4322280,32045.017,17374.766,0,451.085,0,20.958,2362,1617,1.470,1.900,1.590,0,0,0,0,0,20,302,0,18,0
18-09 17:04:23,14.264,3.754,80.831,0,0,5560080,5964480,406808,4322284,36956.999,21885.911,0,0,0,0,2302,1697,1.470,1.900,1.590,0,0,0,0,0,20,302,0,19,0
18-09 17:04:24,19.242,8.247,71.472,0,0,5533768,5990776,406816,4322292,17689.990,9670.168,0,55.978,0,5.998,3366,2382,1.440,1.880,1.580,1,0,33.987,0,0,20,301,0,21,0
18-09 17:04:25,20.509,7.753,71.031,0,0,5572648,5951896,406816,4322292,44982.623,23286.158,0,0,0,0,2779,1839,1.440,1.880,1.580,1,0,0,0,0,20,301,0,21,0
18-09 17:04:26,13.484,3.496,81.655,0,0,5588272,5936256,406828,4322296,35411.676,20419.172,0,91.893,0,6.992,2356,1732,1.440,1.880,1.580,1,0,0,0,0,20,302,0,21,0
18-09 17:04:27,13.502,5.251,79.762,0,0,5577960,5946400,406848,4322444,33682.984,18802.782,0,1964.291,0,371.055,3263,2180,1.440,1.880,1.580,0,0,2.000,0,0,20,302,0,21,0
18-09 17:04:28,14.760,8.756,75.302,0,0,5483464,6040856,406884,4322448,32437.274,17688.146,0,392.269,0,43.030,3561,2706,1.440,1.880,1.580,2,0,50.034,0,0,20,301,0,22,0
18-09 17:04:29,17.762,12.008,69.797,0,0,5494460,6029832,406908,4322452,45515.793,23629.987,0,144.097,0,12.008,3351,2349,1.400,1.870,1.580,1,0,38.026,0,0,20,301,0,22,0
18-09 17:04:30,23.616,5.778,71.099,0.251,0,5527440,5996820,406940,4322452,30071.768,15285.109,0,550.706,0,33.163,2899,2064,1.400,1.870,1.580,1,0,3.015,0,0,20,301,0,22,0
18-09 17:04:31,14.362,4.457,79.483,0,0,5531676,5992576,406944,4322456,45872.616,462308.609,0,1881.852,0,55.465,2700,1907,1.400,1.870,1.580,1,0,0,0,0,20,302,0,22,0
18-09 17:04:32,17.822,5.020,75.807,0,0,5440228,6084004,406944,4322476,37277.991,152153.281,0,156.634,0,10.041,2868,2161,1.400,1.870,1.580,1,0,23.094,0,0,20,301,0,24,0
18-09 17:04:33,18.838,11.154,68.164,0,0,5479772,6044440,406964,4322476,30256.806,18679.366,0,146.738,0,21.812,3447,2501,1.400,1.870,1.580,1,0,26.770,0,0,20,301,0,24,0
18-09 17:04:34,22.405,5.287,71.747,0,0,5517476,6006640,407052,4322484,44760.255,22559.370,0,1788.396,0,95.663,3093,2147,1.370,1.850,1.580,0,0,0,0,0,20,302,0,24,0
18-09 17:04:35,14.794,4.012,80.991,0,0,5518448,6005660,407052,4322492,27930.999,15363.654,0,0,0,0,2238,1532,1.370,1.850,1.580,2,0,0,0,0,20,302,0,24,0
18-09 17:04:36,17.992,5.497,75.215,0,0,5504988,6019112,407052,4322500,26086.813,16055.500,0,251.882,0,3.998,3091,2240,1.370,1.850,1.580,1,0,15.993,0,0,20,301,0,26,0
18-09 17:04:37,20.485,7.744,71.198,0,0,5543948,5980120,407076,4322504,30428.989,15676.660,0,135.902,0,11.991,2690,1836,1.370,1.850,1.580,2,0,0,0,0,20,301,0,26,0
18-09 17:04:38,15.715,3.492,79.823,0,0,5563940,5960092,407104,4322512,32392.066,17268.651,0,283.371,0,30.931,2610,1937,1.370,1.850,1.580,5,0,0,0,0,20,302,0,26,0
18-09 17:04:39,16.766,5.005,76.071,0,0,5552952,5970996,407164,4322532,35035.634,18792.504,0,240.224,0,26.024,2981,2364,1.260,1.820,1.570,3,0,2.002,0,0,20,302,0,26,0
18-09 17:04:40,27.508,10.003,60.768,0.250,0,5544368,5979276,407412,4322580,29872.970,15052.520,0,1464.440,0,195.059,7399,8641,1.260,1.820,1.570,3,0,2.001,0,0,20,302,0,26,0
18-09 17:04:41,21.541,7.264,70.884,0,0,5502132,6021460,407420,4322624,16995.240,11768.325,0,156.296,0,9.017,3044,2259,1.260,1.820,1.570,1,0,5.010,0,0,20,301,0,27,0
18-09 17:04:42,22.257,6.002,70.524,0,0,5529332,5994248,407432,4322624,44510.947,22027.397,0,1804.606,0,338.114,3295,1703,1.260,1.820,1.570,1,0,2.001,0,0,20,301,0,25,0
18-09 17:04:43,14.230,4.494,80.638,0.250,0,5535620,5987848,407536,4322628,35582.717,20201.021,0,3247.502,0,153.787,2812,2287,1.260,1.820,1.570,2,0,0,0,0,20,302,0,25,0
18-09 17:04:44,14.242,2.998,81.203,0,0,5533272,5990144,407592,4322624,19460.807,11415.434,0,315.818,0,48.972,3454,3263,1.160,1.790,1.560,1,0,0,0,0,20,302,0,25,0
18-09 17:04:45,21.210,9.482,66.875,0.250,0,5532988,5990380,407632,4322632,15202.652,7282.421,0,415.226,0,42.920,4737,4480,1.160,1.790,1.560,11,0,1.996,0,0,20,302,0,25,0
18-09 17:04:46,20.055,14.289,64.678,0.251,0,5462936,6060188,407696,4322808,16467.294,8830.288,0,449.236,0,60.165,4425,3658,1.160,1.790,1.560,1,0,63.174,0,0,20,301,0,26,0
18-09 17:04:47,7.498,25.991,64.728,0,0,5466964,6056120,407724,4322816,61098.627,33868.707,0,291.903,0,22.992,5230,3525,1.160,1.790,1.560,1,0,169.943,0,0,20,301,0,26,0
18-09 17:04:48,8.255,26.768,61.790,0,0,5456256,6066740,407808,4322816,59961.203,599227.784,0,2517.646,0,123.080,5892,4279,1.160,1.790,1.560,1,0,178.116,0,0,20,301,0,26,0
18-09 17:04:49,7.249,25.745,64.988,0,0,5455212,6067768,407816,4322824,61107.856,31754.209,0,111.980,0,10.998,5135,3330,1.150,1.780,1.560,2,0,173.968,0,0,20,301,0,26,0
18-09 17:04:50,7.003,26.760,64.274,0,0,5445292,6077676,407824,4322828,60722.341,31901.737,0,196.072,0,23.008,5346,3712,1.150,1.780,1.560,3,0,170.063,0,0,20,301,0,26,0
18-09 17:04:51,6.735,26.193,64.109,0,0,5451988,6070980,407824,4322828,60745.827,31698.507,0,23.947,0,5.987,5213,3428,1.150,1.780,1.560,1,0,176.613,0,0,20,301,0,26,0
18-09 17:04:52,6.508,26.784,64.831,0,0,5452288,6070668,407832,4322832,45717.239,24160.249,0,352.441,0,20.025,5016,3177,1.150,1.780,1.560,1,0,179.224,0,0,20,301,0,26,0
18-09 17:04:53,7.007,25.025,65.816,0.250,0,5452988,6069960,407836,4322836,61387.321,31675.641,0,140.140,0,10.010,4885,3210,1.150,1.780,1.560,1,0,163.163,0,0,20,301,0,26,0
18-09 17:04:54,8.495,25.984,63.710,0,0,5450192,6072740,407848,4322840,61063.745,31660.166,0,207.870,0,18.988,5304,3555,1.130,1.770,1.550,3,0,175.890,0,0,20,301,0,26,0
18-09 17:04:55,7.249,25.748,64.495,0,0,5452804,6070124,407852,4322840,62912.796,33399.238,0,223.981,0,12.999,5004,3324,1.130,1.770,1.550,2,0,168.986,0,0,20,301,0,26,0
18-09 17:04:56,8.005,26.765,63.786,0,0,5452496,6070420,407860,4322844,57710.859,573964.802,0,144.082,0,15.009,5511,3813,1.130,1.770,1.550,2,0,179.102,0,0,20,301,0,26,0
18-09 17:04:57,6.998,25.494,65.235,0,0,5454200,6068700,407868,4322852,61044.626,31670.542,0,147.965,0,15.996,5019,3269,1.130,1.770,1.550,1,0,169.960,0,0,20,301,0,26,0
18-09 17:04:58,7.254,26.014,65.036,0,0,5458628,6064248,407888,4322856,60847.645,32163.784,0,1484.821,0,245.136,5441,3326,1.130,1.770,1.550,1,0,168.093,0,0,20,301,0,26,0
18-09 17:04:59,6.744,25.977,65.193,0,0,5458620,6064248,407892,4322860,61218.624,31748.319,0,87.923,0,5.995,4919,3194,1.120,1.750,1.550,1,0,172.849,0,0,20,301,0,26,0
18-09 17:05:00,7.758,25.275,65.064,0,0,5457924,6064904,407924,4322868,45951.183,24748.334,0,396.390,0,31.031,5278,3775,1.120,1.750,1.550,3,0,167.164,0,0,20,301,0,26,0
18-09 17:05:01,6.748,26.242,64.980,0,0,5461072,6061756,407924,4322868,61160.227,32072.156,0,75.977,0,5.998,5156,3259,1.120,1.750,1.550,1,0,178.945,0,0,20,301,0,26,0
18-09 17:05:02,6.490,25.461,65.399,0,0,5464828,6057980,407940,4322872,61085.675,32074.473,0,195.698,0,17.972,5119,3482,1.120,1.750,1.550,1,0,163.747,0,0,20,301,0,26,0
18-09 17:05:03,8.244,25.483,64.457,0,0,5459804,6062972,407968,4322876,61017.865,31802.561,0,427.712,0,30.979,5281,3668,1.120,1.750,1.550,4,0,168.886,0,0,20,301,0,26,0
18-09 17:05:04,7.743,26.226,63.441,0,0,5461244,6061516,407976,4322884,60006.132,585684.706,0,139.870,0,11.989,5519,3799,1.110,1.740,1.540,2,0,170.841,0,0,20,301,0,26,0
18-09 17:05:05,7.521,25.573,65.938,0,0,5466520,6056240,407976,4322884,61403.818,32191.650,0,84.240,0,5.014,4962,3145,1.110,1.740,1.540,1,0,162.463,0,0,20,301,0,26,0
18-09 17:05:06,6.501,27.003,64.758,0,0,5454756,6067992,407984,4322888,61961.392,32137.834,0,228.027,0,11.001,5037,3269,1.110,1.740,1.540,1,0,168.020,0,0,20,301,0,21,0
18-09 17:05:07,7.755,23.515,66.792,0,0,5460884,6061788,407992,4322956,61229.464,34771.843,0,528.332,0,61.038,4706,3200,1.110,1.740,1.540,1,0,133.084,0,0,20,301,0,21,0
18-09 17:05:08,15.988,12.740,70.696,0,0,5476152,6111872,407996,4262124,45016.506,22972.397,0,423.675,0,96.926,3417,2359,1.110,1.740,1.540,2,0,38.970,0,0,20,301,0,21,0
18-09 17:05:09,14.997,12.748,71.238,0,0,5493548,6135928,408328,4226708,44427.440,22436.182,0,223.962,0,38.993,2816,1776,1.100,1.730,1.540,1,0,4.999,0,0,20,301,0,21,0
18-09 17:05:10,25.267,5.254,68.547,0,0,5498512,6127892,408372,4229576,44874.672,22583.436,0,2593.773,0,27.018,3436,2614,1.100,1.730,1.540,1,0,2.001,0,0,20,301,0,21,0
18-09 17:05:11,27.217,8.989,63.424,0,0,5509936,6114608,408380,4231124,29767.320,15509.410,0,707.152,0,15.981,3927,3219,1.100,1.730,1.540,0,0,22.972,0,0,20,301,1,20,0
18-09 17:05:12,13.762,3.253,81.820,0.250,0,5517656,6106796,408416,4231176,39796.073,20286.369,0,656.562,0,21.018,2327,1667,1.100,1.730,1.540,3,0,2.002,0,0,20,302,0,20,0
18-09 17:05:13,16.503,2.500,80.013,0.250,0,5517624,6106572,408448,4231320,24760.072,13824.274,0,1032.170,0,39.006,2398,1730,1.100,1.730,1.540,1,0,2.000,0,0,20,302,0,20,0
18-09 17:05:14,22.986,7.995,66.958,0,0,5531020,6092712,408480,4231696,25879.712,15156.461,255.839,983.381,1.999,30.981,2921,1792,1.260,1.750,1.550,1,0,4.997,0,0,20,302,0,20,0
18-09 17:05:15,37.065,18.783,44.328,0,0,5579956,6043612,408488,4234184,22282.273,11583.416,641.130,629.109,5.009,19.034,4079,7986,1.260,1.750,1.550,5,0,42.074,0,0,20,302,0,16,0
18-09 17:05:16,22.972,7.491,67.916,0,0,5576872,6046564,408504,4231920,34764.039,452539.760,255.684,767.052,1.998,23.970,3372,9033,1.260,1.750,1.550,0,0,2.996,0,0,20,302,0,17,0
18-09 17:05:17,17.991,2.998,78.210,0.250,0,5572020,6051140,408552,4232104,12280.770,136262.876,0,879.554,0,35.982,2704,1984,1.260,1.750,1.550,1,0,0,0,0,20,302,0,17,0
18-09 17:05:18,21.212,3.743,73.368,0,0,5571848,6050888,408768,4232268,22082.294,11595.151,0,4264.332,0,216.611,3691,3071,1.260,1.750,1.550,3,0,2.995,0,0,20,302,0,17,0
18-09 17:05:19,15.288,2.005,81.453,0,0,5571316,6050888,408836,4232688,11579.882,7147.828,0,1098.740,0,34.085,2241,1643,1.240,1.740,1.550,1,0,0,0,0,20,302,0,13,0
18-09 17:05:20,24.235,5.247,69.958,0,0,5574372,6026752,408896,4253408,15384.689,7519.449,0,619.625,0,27.983,3054,2154,1.240,1.740,1.550,2,0,1.999,0,0,20,302,0,13,0
18-09 17:05:21,22.498,5.499,70.493,0,0,5566216,6025100,409084,4262044,1000.907,147.986,0,1259.883,0,60.994,3202,2350,1.240,1.740,1.550,2,0,2.000,0,0,20,302,0,13,0
18-09 17:05:22,23.274,5.005,71.324,0.250,0,5566196,6010504,409296,4275140,14991.493,7856.119,0,1441.490,0,46.048,3030,2130,1.240,1.740,1.550,3,0,0,0,0,20,302,0,13,0
18-09 17:05:23,24.242,3.749,71.226,0,0,5564044,6006812,409304,4280040,1000.661,0,0,231.921,0,2.999,2845,1922,1.240,1.740,1.550,2,0,0,0,0,20,302,0,11,0
18-09 17:05:24,21.999,5.750,70.746,0.250,0,5577524,5972148,409528,4299180,746.961,0,0,3451.819,0,338.982,3639,2301,1.220,1.720,1.540,2,0,2.000,0,0,20,302,0,11,0
18-09 17:05:25,23.498,5.000,71.244,0,0,5577180,5962640,409992,4307016,15691.641,7781.326,0,1291.888,0,47.996,2981,2051,1.220,1.720,1.540,2,0,0,0,0,20,302,0,11,0
18-09 17:05:26,22.757,4.501,71.523,0,0,5579216,5942604,410488,4322820,942.298,148.047,0,1596.504,0,55.017,2882,2028,1.220,1.720,1.540,2,0,0,0,0,20,302,0,11,0
18-09 17:05:27,23.006,4.751,71.269,0.250,0,5585704,5919292,411036,4337340,600.164,0,0,1520.415,0,54.015,2873,2056,1.220,1.720,1.540,1,0,2.001,0,0,20,302,0,8,0
18-09 17:05:28,22.692,5.985,71.317,0,0,5549332,5968980,411284,4323004,15473.381,7612.508,0,969.518,0,32.916,2856,1915,1.220,1.720,1.540,2,0,1.995,0,0,20,301,0,8,0
18-09 17:05:29,19.280,7.512,71.610,0,0,5572476,5945828,411284,4323012,947.459,0,0,16.025,0,2.003,2607,1674,1.200,1.710,1.540,3,0,19.029,0,0,20,301,0,8,0
18-09 17:05:30,21.251,8.000,70.252,0,0,5580972,5936504,411316,4323808,719.018,0,0,572.015,0,21.001,2993,2104,1.200,1.710,1.540,1,0,20.001,0,0,20,301,0,8,0
18-09 17:05:31,21.519,5.255,71.564,0,0,5560348,5951944,411352,4328396,780.696,148.132,0,1137.013,0,16.014,2761,1835,1.200,1.710,1.540,2,0,3.003,0,0,20,301,0,7,0
18-09 17:05:32,22.498,11.749,63.243,0,0,5552784,5959280,411376,4328544,45138.343,23149.612,0,383.960,0,12.999,8791,13597,1.200,1.710,1.540,3,0,5.999,0,0,20,301,0,7,0
18-09 17:05:33,19.742,8.996,70.222,0,0,5547832,5963060,411404,4329548,30595.979,14586.269,0,1715.326,0,24.990,3261,2292,1.200,1.710,1.540,1,0,8.996,0,0,20,301,0,7,0
18-09 17:05:34,22.612,9.442,65.103,0,0,5547824,5963060,411404,4329556,29861.089,14825.683,0,3.976,0,0.994,8121,12159,1.180,1.700,1.540,2,0,4.970,0,0,20,301,0,7,0
18-09 17:05:35,16.861,11.576,69.458,0,0,5548048,5962808,411404,4329584,15616.875,7736.967,0,100.663,0,2.013,4246,4550,1.180,1.700,1.540,2,0,12.080,0,0,20,301,0,5,0
18-09 17:05:36,18.241,10.245,70.965,0,0,5505928,6012024,411432,4323096,18152.109,8415.878,0,679.667,0,18.991,2791,1889,1.180,1.700,1.540,1,0,4.998,0,0,20,301,0,5,0
18-09 17:05:37,20.499,7.500,71.497,0,0,5496204,6021720,411436,4323120,15443.327,7457.675,0,343.985,0,5.000,2859,1881,1.180,1.700,1.540,1,0,10.000,0,0,20,301,0,5,0
18-09 17:05:38,21.263,6.754,70.794,0,0,5506392,6011388,411440,4323248,16466.263,9882.159,0,20.012,0,3.002,3501,2722,1.180,1.700,1.540,2,0,44.027,0,0,20,301,0,5,0
18-09 17:05:39,22.238,9.995,64.216,0,0,5511148,6006492,411440,4323388,45468.246,24753.068,0,0,0,0,8287,12652,1.170,1.690,1.530,1,0,5.997,0,0,20,301,0,3,0
18-09 17:05:40,22.248,7.999,69.494,0,0,5543520,5974044,411496,4323404,60378.454,30283.219,0,1235.886,0,166.985,3708,2694,1.170,1.690,1.530,1,0,18.998,0,0,20,301,0,3,0
18-09 17:05:41,20.516,7.756,70.804,0.250,0,5560640,5952448,411524,4327452,29946.773,14913.341,0,832.633,0,16.012,2869,1814,1.170,1.690,1.530,2,0,19.014,0,0,20,301,0,3,0
18-09 17:05:42,21.984,5.996,70.949,0,0,5557316,5954236,411544,4328784,15340.014,7776.431,0,403.711,0,8.994,2859,1899,1.170,1.690,1.530,1,0,3.997,0,0,20,301,0,3,0
18-09 17:05:43,21.501,12.751,62.004,0,0,5567336,5943576,411552,4329404,15298.969,7620.483,0,17461.106,0,243.015,8252,11880,1.170,1.690,1.530,2,0,5.000,0,0,20,301,0,2,0
18-09 17:05:44,17.927,9.595,72.972,0,0,5529000,5981328,411552,4329932,16220.479,7435.564,0,92.919,0,2.020,2722,1664,1.150,1.680,1.530,1,0,8.080,0,0,20,301,0,2,0
18-09 17:05:45,20.066,11.643,64.658,0,0,5543328,5966964,411552,4329960,14974.786,7229.754,0,0,0,0,7012,10280,1.150,1.680,1.530,1,0,13.873,0,0,20,301,0,2,0
18-09 17:05:46,17.502,14.002,67.758,0,0,5543684,5966488,411552,4330028,15292.850,7510.909,0,184.022,0,4.000,2758,1612,1.150,1.680,1.530,2,0,13.002,0,0,20,301,0,2,0
18-09 17:05:47,20.979,7.742,70.929,0,0,5526836,5990564,411580,4323404,599.404,0,0,799.205,0,21.978,2862,2131,1.150,1.680,1.530,1,0,4.995,0,0,20,301,0,1,0
18-09 17:05:48,22.254,8.251,68.012,0,0,5521888,5995492,411600,4323404,58283.389,586954.627,0,432.077,0,29.005,3736,2866,1.150,1.680,1.530,1,0,21.004,0,0,20,301,0,1,0
18-09 17:05:49,19.473,9.487,69.153,0,0,5495076,6022292,411600,4323416,46069.692,33445.314,0,0,0,0,3549,2368,1.140,1.660,1.530,2,0,47.933,0,0,20,301,0,1,0
18-09 17:05:50,22.030,8.011,69.595,0,0,5511360,6005948,411640,4323436,45084.539,22532.757,0,885.208,0,155.212,4013,3151,1.140,1.660,1.530,1,0,47.064,0,0,20,301,0,1,0
18-09 17:05:51,19.245,9.498,70.732,0,0,5506152,6003764,411744,4330368,44892.559,23212.085,0,7.998,0,1.999,2818,1909,1.140,1.660,1.530,2,0,4.999,0,0,20,301,0,1,0
18-09 17:05:52,24.067,4.218,70.216,0,0,5510028,5995728,411832,4333948,44623.862,23088.529,0,1067.884,0,16.872,2979,2002,1.140,1.660,1.530,1,0,0,0,0,20,301,0,1,0
18-09 17:05:53,15.615,9.570,74.296,0,0,5494744,6010604,411860,4334232,42878.858,21181.535,0,30693.381,0,112.828,3060,1900,1.140,1.660,1.530,1,0,17.126,0,0,20,301,0,1,0
18-09 17:05:54,23.024,3.253,73.576,0,0,5511724,5992740,411864,4334932,23268.151,11256.684,0,0,0,0,2452,1524,1.130,1.650,1.530,1,0,2.002,0,0,20,302,0,1,0
18-09 17:05:55,9.971,1.745,86.498,0,0,5511664,5992740,411876,4334976,55304.136,12309.196,0,670.051,0,11.965,2043,1637,1.130,1.650,1.530,0,0,0,0,0,20,303,0,1,0
18-09 17:05:56,14.286,2.757,82.206,0.251,0,5527832,5976108,411932,4335252,132727.357,13716.450,0,922.316,0,37.093,2350,1661,1.130,1.650,1.530,1,0,0,0,0,20,303,0,1,0
18-09 17:05:57,25.488,2.749,71.216,0,0,5532268,5971348,411948,4335476,15344.682,7616.368,0,447.786,0,8.996,2500,1514,1.130,1.650,1.530,2,0,1.000,0,0,20,303,0,1,0
18-09 17:05:58,15.510,2.251,81.301,0.250,0,5547836,5955248,411956,4335944,338158.408,22631.215,0,148.093,0,8.005,2595,1543,1.130,1.650,1.530,0,0,1.001,0,0,20,303,0,1,0
18-09 17:05:59,11.751,10.501,76.008,0.250,0,5546564,5956132,412056,4336128,73533.634,9207.956,4.000,64178.663,1.000,232.024,3308,2280,1.040,1.630,1.520,0,0,0,0,0,20,303,0,1,0
18-09 17:06:00,11.237,2.997,84.155,0.499,0,5546080,5956132,412224,4336312,92415.708,19524.966,0,2189.529,0,116.868,2953,2738,1.040,1.630,1.520,1,0,0.999,0,0,20,303,0,1,0
18-09 17:06:01,16.521,2.754,79.852,0.250,0,5546092,5955656,412308,4336556,32210.311,6599.464,0,1638.101,0,159.204,2484,1611,1.040,1.630,1.520,1,0,2.003,0,0,20,303,0,1,0
18-09 17:06:02,6.998,3.749,86.973,0.250,0,5535940,5952776,412344,4349200,2596941.494,92420.725,0,2119.352,0,31.990,5154,2939,1.040,1.630,1.520,0,0,1.999,0,0,20,303,0,1,0
18-09 17:06:03,3.751,3.501,90.516,0,0,5533796,5948588,412360,4355348,3083086.917,73140.737,0,256.045,0,21.004,5169,3684,1.040,1.630,1.520,0,0,0,0,0,20,303,0,1,0
18-09 17:06:04,3.745,3.495,90.373,0.749,0,5541252,5938636,412392,4357676,1445547.958,34459.702,0,4969.036,0,29.958,3469,2747,0.960,1.600,1.510,0,0,3.994,0,0,20,303,0,1,0
18-09 17:06:05,7.749,5.750,84.494,0,0,5533656,5932580,412392,4370988,6897744.155,132775.148,0,0,0,0,8708,7495,0.960,1.600,1.510,0,0,0,0,0,20,303,0,1,0
18-09 17:06:06,5.003,7.255,81.301,1.251,0,5545104,5910248,412412,4381516,4613991.692,106228.875,0,12143.645,0,41.026,8668,6472,0.960,1.600,1.510,1,0,1.001,0,0,20,303,0,1,0
18-09 17:06:07,14.520,5.007,79.360,0.250,0,5544716,5902440,412472,4389316,653426.952,22258.929,0,1758.443,0,52.072,3018,2083,0.960,1.600,1.510,3,0,2.003,0,0,20,303,0,1,0
18-09 17:06:08,26.727,4.746,67.942,0,0,5554920,5884576,412580,4396256,598.488,0,0,979.162,0,45.961,3334,2448,0.960,1.600,1.510,2,0,3.997,0,0,20,303,0,1,0
18-09 17:06:09,21.507,6.502,71.273,0,0,5553228,5870000,414728,4406904,867.274,0,0,4061.285,0,93.029,3157,2281,0.960,1.590,1.510,2,0,0,0,0,20,303,0,1,0
18-09 17:06:10,24.010,5.752,69.028,0.500,0,5554780,5852736,415128,4420668,15177.104,7623.066,0,1844.742,0,65.026,3519,2753,0.960,1.590,1.510,2,0,3.001,0,0,20,303,0,1,0
18-09 17:06:11,30.985,6.247,61.719,0,0,5554048,5848508,415172,4424880,719.643,147.927,0,1263.373,0,168.916,4343,3425,0.960,1.590,1.510,3,0,5.997,0,0,20,303,0,3,0
18-09 17:06:12,22.511,5.753,71.285,0.250,0,5561856,5820160,415628,4443080,1193.586,0,0,2193.077,0,90.044,3156,2309,0.960,1.590,1.510,2,0,0,0,0,20,303,0,3,0
18-09 17:06:13,20.996,6.749,70.485,0,0,5580344,5765684,415964,4475884,691.854,0,0,1283.728,0,38.992,2855,1936,0.960,1.590,1.510,2,0,3.999,0,0,20,303,0,3,0
18-09 17:06:14,29.956,10.734,58.165,0,0,5592276,5738368,416468,4488816,15648.060,7770.608,255.625,1585.675,1.997,55.918,3529,2296,1.040,1.600,1.510,2,0,4.993,0,0,20,303,0,3,0
18-09 17:06:15,37.492,14.997,46.490,0,0,5600296,5718556,416908,4499116,719.838,0,899.797,11385.434,7.998,249.944,4303,2271,1.040,1.600,1.510,4,0,6.998,0,0,20,303,0,3,0
18-09 17:06:16,35.817,15.780,48.341,0.250,0,5589372,5705912,418124,4519000,660.241,148.279,0,561.054,0,20.038,4317,11930,1.040,1.600,1.510,1,0,38.072,0,0,20,303,0,3,0
18-09 17:06:17,24.679,3.241,70.298,0,0,5583252,5705464,418284,4524632,897.426,0,0,1663.229,0,20.940,2977,2243,1.040,1.600,1.510,3,0,0,0,0,20,303,0,3,0
18-09 17:06:18,23.309,5.514,70.678,0.251,0,5585048,5680388,418992,4545352,15570.311,7476.877,0,1997.042,0,75.190,3283,2569,1.040,1.600,1.510,2,0,0,0,0,20,303,0,3,0
18-09 17:06:19,23.237,5.247,70.211,0,0,5580908,5671188,419596,4556600,899.500,0,0,1547.140,0,48.973,3128,2347,1.040,1.580,1.510,4,0,1.999,0,0,20,303,0,3,0
18-09 17:06:20,22.746,6.749,69.487,0,0,5527332,5757576,419900,4523740,1042.809,347.936,0,2971.455,0,130.976,3452,2843,1.040,1.580,1.510,1,0,2.999,0,0,20,301,0,3,0
18-09 17:06:21,21.526,7.009,71.087,0,0,5536132,5748756,419900,4523752,1045.278,148.181,0,308.377,0,9.011,2870,1968,1.040,1.580,1.510,1,0,18.022,0,0,20,301,0,3,0
18-09 17:06:22,20.472,6.741,71.151,0,0,5546232,5734168,419900,4528040,538.254,0,0,3.994,0,0.999,2648,1646,1.040,1.580,1.510,1,0,19.972,0,0,20,301,0,3,0
18-09 17:06:23,22.243,5.498,71.478,0,0,5529280,5749580,419908,4529132,1150.644,0,0,1115.655,0,12.996,2871,1866,1.040,1.580,1.510,3,0,2.999,0,0,20,301,0,3,0
18-09 17:06:24,22.776,11.012,63.071,0,0,5540944,5736744,419908,4530164,59804.228,590934.290,0,0,0,0,8326,12228,1.040,1.580,1.500,2,0,9.010,0,0,20,301,0,3,0
18-09 17:06:25,17.231,13.485,68.423,0.250,0,5533260,5744244,419912,4530284,30037.383,15061.144,3.996,11087.591,0.999,45.949,2883,1815,1.040,1.580,1.500,1,0,4.994,0,0,20,301,0,3,0
18-09 17:06:26,22.007,9.753,65.021,0,0,5539288,5738200,419912,4530300,30677.055,14972.908,0,12.004,0,2.001,7943,12163,1.040,1.580,1.500,1,0,6.002,0,0,20,301,0,3,0
18-09 17:06:27,17.520,10.763,71.333,0,0,5539260,5738200,419920,4530328,15249.742,7304.498,0,2583.005,0,10.012,2622,1577,1.040,1.580,1.500,1,0,7.008,0,0,20,301,0,3,0
18-09 17:06:28,17.251,12.251,70.255,0,0,5534780,5742532,419964,4530396,15232.033,7296.495,0,512.035,0,29.002,3145,2156,1.040,1.580,1.500,2,0,9.001,0,0,20,301,0,3,0
18-09 17:06:29,20.974,6.991,71.161,0,0,5508716,5775776,420000,4523848,15419.806,7610.527,0,451.438,0,13.983,2779,1768,1.030,1.570,1.500,1,0,0.999,0,0,20,301,0,3,0
18-09 17:06:30,21.380,6.961,69.608,0.497,0,5519316,5763820,420160,4525000,15617.021,9488.546,246.611,747.787,3.978,21.877,3256,2333,1.030,1.570,1.500,1,0,5.966,0,0,20,301,0,3,0
18-09 17:06:31,18.611,7.042,71.175,3.270,0,5535020,5745552,420368,4526908,45620.371,23128.083,394.354,1271.592,10.060,5.030,2697,1800,1.030,1.570,1.500,1,0,2.012,0,0,20,301,0,3,0
18-09 17:06:32,24.261,7.253,66.531,0.250,0,5534700,5745644,420444,4527052,44863.628,23546.827,0,3181.463,0,375.173,6322,5988,1.030,1.570,1.500,3,0,0,0,0,20,303,0,4,0
18-09 17:06:33,23.847,7.949,65.580,0,0,5534420,5745648,420528,4527260,44033.946,21748.691,0,874.399,0,111.287,6146,6303,1.030,1.570,1.500,3,0,0,0,0,20,304,0,10,0
18-09 17:06:34,27.168,7.547,63.391,0.503,0,5534396,5745396,420716,4527348,30392.396,14682.531,0,1308.065,0,175.080,6627,7237,1.270,1.610,1.510,2,0,3.019,0,0,20,303,0,11,0
18-09 17:06:35,10.982,20.217,67.389,0,0,5498960,5780620,420760,4527516,45848.229,35123.953,127.789,950.429,0.998,52.913,4339,2967,1.270,1.610,1.510,2,0,121.799,0,0,20,303,0,11,0
18-09 17:06:36,8.001,24.754,65.260,0,0,5488236,5791324,420760,4527536,61124.658,38314.054,0,220.035,0,10.002,5159,3436,1.270,1.610,1.510,2,0,161.025,0,0,20,303,0,11,0
18-09 17:06:37,7.767,23.050,66.895,0.251,0,5477484,5801996,420832,4527540,56134.570,467799.105,0,3471.518,0,160.347,5264,3640,1.270,1.610,1.510,2,0,116.252,0,0,20,303,0,11,0
18-09 17:06:38,17.747,13.497,67.737,0,0,5470096,5809380,420840,4527540,65864.626,159390.055,0,339.936,0,25.995,4056,2803,1.270,1.610,1.510,1,0,41.992,0,0,20,303,0,13,0
18-09 17:06:39,9.250,10.250,79.498,0,0,5468340,5812756,420848,4525912,123912.001,44538.922,0,971.976,0,10.000,3136,2303,1.170,1.580,1.510,0,0,25.999,0,0,20,304,0,13,0
18-09 17:06:40,2.749,6.998,89.223,0,0,5465680,5815412,420864,4525924,65652.312,24148.758,3.999,25804.262,1.000,114.966,2838,2461,1.170,1.580,1.510,0,0,1.000,0,0,20,304,0,13,0
18-09 17:06:41,3.497,1.748,93.419,0,0,5465060,5816024,420868,4525928,53636.726,18803.777,0,711.386,0,3.997,1788,1626,1.170,1.580,1.510,0,0,0,0,0,20,304,0,13,0
18-09 17:06:42,5.753,9.754,83.537,0,0,5453508,5827200,421000,4526104,132933.473,37937.688,0,480.211,0,2.001,2978,2169,1.170,1.580,1.510,2,0,33.015,0,0,20,303,0,14,0
18-09 17:06:43,12.002,8.001,78.264,0.250,0,5469808,5810876,421016,4526112,129022.491,469727.883,0,432.075,0,14.002,3186,2274,1.170,1.580,1.510,2,0,22.004,0,0,20,303,0,14,0
18-09 17:06:44,19.713,11.229,68.124,0,0,5454332,5826296,421060,4526120,59899.029,31345.927,0,335.379,0,40.924,4048,2887,1.150,1.570,1.500,1,0,88.835,0,0,20,303,0,14,0
18-09 17:06:45,10.022,20.545,66.145,1.253,0,5455744,5824788,421072,4526204,29868.657,14786.504,44.097,296.652,6.013,15.033,4569,2933,1.150,1.570,1.500,1,0,182.401,0,0,20,303,0,14,0
18-09 17:06:46,10.998,21.247,54.742,12.248,0,5456724,5822348,421192,4527256,30068.702,15001.856,1207.827,94686.466,127.982,617.912,4598,2590,1.150,1.570,1.500,1,0,7.999,0,0,20,303,0,14,0
18-09 17:06:47,7.483,3.742,70.093,16.463,0,5455244,5821676,421420,4528740,15717.781,7279.688,1708.172,3041.186,367.177,458.972,3717,2609,1.150,1.570,1.500,1,0,0,0,0,20,303,0,14,0
18-09 17:06:48,8.019,4.260,70.671,16.289,0,5458856,5812660,421732,4533292,29882.335,15744.111,4891.842,128.311,312.757,14.034,3076,2627,1.150,1.570,1.500,1,0,0,0,0,20,303,0,14,0
18-09 17:06:49,14.472,6.737,73.358,4.741,0,5472084,5794572,421956,4535116,4349.565,506.019,1980.160,0,175.659,0,2598,1969,1.140,1.560,1.500,2,0,1.996,0,0,20,304,0,14,0
18-09 17:06:50,8.263,3.506,86.139,0,0,5472268,5794092,421972,4535380,22471.312,16787.127,0,288.466,0,27.044,2974,2824,1.140,1.560,1.500,1,0,1.002,0,0,20,305,0,14,0
18-09 17:06:51,20.989,9.245,68.714,0,0,5458044,5808284,421996,4535384,46248.795,24521.166,0,16763.227,0,103.946,3762,2847,1.140,1.560,1.500,4,0,0.999,0,0,20,303,0,15,0
18-09 17:06:52,10.002,8.251,81.512,0,0,5469136,5797176,421996,4535400,37623.751,22955.509,0,40210.146,0,130.020,2887,2144,1.140,1.560,1.500,2,0,2.000,0,0,20,305,0,15,0
18-09 17:06:53,16.005,5.502,77.024,0.250,0,5464948,5801208,422000,4535552,32365.932,17246.292,0,1860.571,0,68.021,3182,2663,1.140,1.560,1.500,3,0,1.000,0,0,20,303,0,17,0
18-09 17:06:54,14.489,6.245,78.440,0.250,0,5483572,5782560,422016,4535560,16885.992,9361.788,0,163.874,0,20.984,2684,2059,1.050,1.530,1.490,0,0,0,0,0,20,304,0,17,0
18-09 17:06:55,12.507,3.752,83.043,0.250,0,5481176,5784896,422064,4535572,24273.712,15655.198,0,3445.805,0,162.085,3509,3118,1.050,1.530,1.490,3,0,2.001,0,0,20,303,0,18,0
18-09 17:06:56,17.492,8.246,73.217,0,0,5478484,5787580,422068,4535576,15251.064,8403.178,0,171.922,0,13.994,2684,1767,1.050,1.530,1.490,0,0,1.000,0,0,20,304,0,18,0
18-09 17:06:57,8.748,2.249,88.226,0,0,5476280,5789624,422076,4535728,25016.150,16667.436,0,167.954,0,18.995,2695,2401,1.050,1.530,1.490,1,0,0,0,0,20,303,0,19,0
18-09 17:06:58,19.257,8.003,71.276,0,0,5476568,5789332,422080,4535728,44398.089,22366.105,0,152.055,0,13.005,2994,2031,1.050,1.530,1.490,0,0,3.001,0,0,20,303,1,19,0
18-09 17:06:59,5.489,1.747,91.070,0,0,5476556,5789328,422080,4535740,39380.040,23963.560,0,39.921,0,1.996,2292,2051,0.970,1.510,1.480,2,0,0,0,0,20,304,0,19,0
18-09 17:07:00,20.305,7.520,71.192,0,0,5465748,5800112,422096,4535744,15981.068,8053.704,0,188.508,0,24.065,3410,2694,0.970,1.510,1.480,1,0,2.005,0,0,20,303,0,20,0
18-09 17:07:01,11.751,4.000,83.254,0,0,5479520,5786332,422096,4535752,22054.998,14975.677,0,4.000,0,1.000,2377,1789,0.970,1.510,1.480,0,0,2.000,0,0,20,304,0,20,0
18-09 17:07:02,21.783,7.098,68.286,0,0,5429084,5836744,422132,4535768,19187.628,10356.953,0,3583.179,0,75.384,3840,3224,0.970,1.510,1.480,4,0,1.958,0,0,20,297,0,23,0
18-09 17:07:03,68.257,24.031,9.970,0,0,5067256,6198568,422156,4535468,57326.556,480507.817,0,2302.838,0,390.624,5894,2892,0.970,1.510,1.480,3,0,7.158,0,0,20,272,0,26,0
18-09 17:07:04,80.205,18.740,0.500,0,0,5111916,6153864,422164,4535792,32677.833,203189.041,0,211.882,0,15.991,5178,2646,1.210,1.550,1.500,4,0,6.996,0,0,20,270,0,26,0
18-09 17:07:05,83.001,17.250,0,0,0,5249760,6016020,422164,4535792,29683.535,15324.276,0,68.001,0,6.000,5020,2254,1.210,1.550,1.500,6,0,2.000,0,0,20,266,0,27,0
18-09 17:07:06,84.295,15.053,0.251,0,0,5294644,5970916,422172,4536004,108785.335,37156.247,0,590.068,0,18.063,5476,3350,1.210,1.550,1.500,7,0,102.359,0,0,20,264,0,30,0
18-09 17:07:07,72.129,25.443,1.235,0,0,5379988,5884060,422224,4537416,44547.147,22221.700,0,873.454,0,52.368,7036,6945,1.210,1.550,1.500,9,0,185.757,0,0,20,269,0,32,0
18-09 17:07:08,82.865,16.927,1.011,0,0,5490668,5772424,422236,4538360,116047.473,34138.386,0,307.207,0,27.285,8097,8406,1.210,1.550,1.500,4,0,1.011,0,0,20,270,0,38,0
18-09 17:07:09,49.077,12.456,38.115,0,0,5550064,5712728,422252,4538632,107523.928,21072.514,0,1096.125,0,26.905,5519,5717,1.430,1.590,1.510,2,0,2.989,0,0,20,283,0,38,0
18-09 17:07:10,37.541,9.260,51.557,0,0,5558540,5703180,422288,4539676,20503.500,9358.269,0,392.431,0,47.052,6295,8381,1.430,1.590,1.510,1,0,1.001,0,0,20,289,0,39,0
18-09 17:07:11,22.992,2.249,74.224,0,0,5571380,5690328,422296,4539680,17024.943,9210.723,0,39.986,0,2.999,2519,1584,1.430,1.590,1.510,1,0,0,0,0,20,291,0,39,0
18-09 17:07:12,35.469,13.488,49.707,0,0,5547704,5713420,422308,4540248,17087.085,9475.729,0,727.365,0,9.991,5006,4302,1.430,1.590,1.510,2,0,63.944,0,0,20,293,0,42,0
18-09 17:07:13,12.013,24.025,62.316,0,0,5547004,5713928,422336,4540396,30632.372,15350.222,0,232.245,0,18.019,5337,3793,1.430,1.590,1.510,2,0,215.227,0,0,20,292,0,40,0
18-09 17:07:14,20.744,7.248,70.980,0,0,5589192,5671740,422336,4540396,44375.301,23177.367,0,11.997,0,1.999,2870,1974,1.400,1.580,1.510,1,0,0,0,0,20,292,0,40,0
18-09 17:07:15,14.256,4.252,80.032,0.250,0,5611096,5649780,422388,4540400,17322.869,9984.959,0,1236.490,0,62.025,2528,1873,1.400,1.580,1.510,2,0,2.001,0,0,20,293,0,40,0
18-09 17:07:16,22.758,9.253,67.273,0,0,5619688,5641028,422404,4542788,35324.927,21536.272,0,120.041,0,13.004,3584,6242,1.400,1.580,1.510,1,0,34.011,0,0,20,293,0,40,0
18-09 17:07:17,23.433,7.977,66.808,0,0,5509224,5751492,422408,4540540,47999.153,456093.165,0,163.530,0,12.963,4452,9216,1.400,1.580,1.510,1,0,3.989,0,0,20,294,0,42,0
18-09 17:07:18,9.524,25.064,61.157,0.752,0,5504292,5756116,422704,4540580,109960.799,87324.583,260.670,11277.002,8.021,776.998,6808,4348,1.400,1.580,1.510,2,0,200.516,0,0,20,294,0,41,0
18-09 17:07:19,7.747,24.992,65.478,0,0,5503844,5756528,422736,4540584,61104.267,37475.284,0,191.935,0,18.994,5480,3774,1.370,1.570,1.500,1,0,210.928,0,0,20,294,0,41,0
18-09 17:07:20,8.003,23.509,66.025,0.250,0,5507888,5752436,422776,4540592,61237.427,39335.048,0,336.129,0,41.016,5711,4230,1.370,1.570,1.500,1,0,186.071,0,0,20,294,0,41,0
18-09 17:07:21,7.233,22.197,68.836,0,0,5509404,5750908,422776,4540604,45808.161,29406.132,0,155.630,0,10.974,5162,3288,1.370,1.570,1.500,1,0,189.550,0,0,20,294,0,41,0
18-09 17:07:22,5.759,23.286,68.855,0,0,5522636,5737664,422780,4540612,61057.482,39378.290,0,765.172,0,39.060,5179,3398,1.370,1.570,1.500,1,0,192.294,0,0,20,294,0,41,0
18-09 17:07:23,7.259,24.030,67.585,0,0,5520856,5739436,422784,4540616,61159.665,38582.364,0,1313.647,0,227.285,5608,3353,1.370,1.570,1.500,1,0,205.257,0,0,20,294,0,41,0
18-09 17:07:24,7.249,22.747,67.991,0,0,5512972,5747312,422784,4540624,61337.606,37166.914,0,0,0,0,5241,3336,1.340,1.560,1.500,3,0,206.972,0,0,20,294,0,41,0
18-09 17:07:25,9.003,25.509,62.773,0,0,5508420,5751856,422784,4540632,61019.216,596739.258,0,456.166,0,2.001,5629,3725,1.340,1.560,1.500,1,0,211.077,0,0,20,294,0,41,0
18-09 17:07:26,6.997,25.740,65.226,0,0,5508508,5751756,422784,4540644,60989.429,38135.887,0,107.960,0,6.997,5189,3329,1.340,1.560,1.500,1,0,214.920,0,0,20,294,0,41,0
18-09 17:07:27,6.502,23.508,67.273,0,0,5513316,5746940,422796,4540640,61091.541,38402.912,0,52.017,0,6.002,5176,3296,1.340,1.560,1.500,1,0,199.067,0,0,20,294,0,41,0
18-09 17:07:28,6.986,23.952,67.863,0,0,5515156,5745064,422812,4540660,56815.540,32061.409,0,419.156,0,30.938,5414,3704,1.340,1.560,1.500,2,0,184.628,0,0,20,294,0,41,0
18-09 17:07:29,19.523,9.011,70.584,0,0,5559740,5700460,422824,4540668,49339.965,28367.902,0,128.153,0,18.022,3111,2333,1.310,1.550,1.500,1,0,12.014,0,0,20,294,0,41,0
18-09 17:07:30,23.748,6.500,69.246,0,0,5595456,5664676,422880,4540680,29622.121,14753.064,0,707.955,0,64.996,3578,3010,1.310,1.550,1.500,2,0,3.000,0,0,20,294,0,41,0
18-09 17:07:31,21.044,7.516,70.648,0,0,5588384,5671736,422880,4540692,30154.124,16410.353,0,0,0,0,2963,1999,1.310,1.550,1.500,3,0,5.010,0,0,20,294,0,41,0
18-09 17:07:32,21.468,5.991,70.896,0,0,5630708,5629400,422892,4540692,44572.437,22407.041,0,135.800,0,15.976,2825,2030,1.310,1.550,1.500,4,0,0,0,0,20,294,0,41,0
18-09 17:07:33,22.729,5.745,70.185,0,0,5648436,5611656,422900,4540700,29781.381,15387.730,0,287.733,0,23.978,3060,2201,1.310,1.550,1.500,2,0,1.998,0,0,20,294,0,41,0
18-09 17:07:34,25.449,9.730,63.872,0.249,0,5635148,5624684,423100,4540752,15141.588,7347.243,0,4079.806,0,289.419,5388,5609,1.280,1.540,1.500,3,0,0.998,0,0,20,293,0,35,0
18-09 17:07:35,30.291,10.264,58.328,0,0,5593740,5665892,423120,4540928,18241.462,8231.038,0,628.843,0,82.110,4188,3683,1.280,1.540,1.500,5,0,22.030,0,0,20,295,0,35,0
18-09 17:07:36,22.496,6.249,70.986,0,0,5620816,5638800,423124,4540940,59464.585,30842.080,0,127.975,0,9.998,2901,1955,1.280,1.540,1.500,2,0,2.000,0,0,20,295,0,35,0
18-09 17:07:37,23.724,4.745,70.172,0,0,5624260,5635344,423124,4540952,29879.653,14803.479,0,0,0,0,3103,2220,1.280,1.540,1.500,1,0,0,0,0,20,295,0,37,0
18-09 17:07:38,20.064,8.277,70.476,0,0,5563772,5695828,423124,4540956,30321.306,16079.602,0,20.064,0,2.006,3108,2072,1.280,1.540,1.500,1,0,21.068,0,0,20,295,0,37,0
18-09 17:07:39,23.488,5.997,70.465,0,0,5606088,5653512,423124,4540956,44352.714,22008.941,0,91.954,0,11.994,3177,2208,1.260,1.530,1.490,1,0,1.999,0,0,20,295,0,37,0
18-09 17:07:40,24.247,5.499,68.991,0,0,5605568,5653960,423168,4540984,15401.998,7361.043,0,263.966,0,38.995,3923,3305,1.260,1.530,1.490,1,0,1.000,0,0,20,295,0,37,0
18-09 17:07:41,21.246,7.249,70.988,0,0,5608040,5651484,423168,4540988,59982.675,32870.342,0,3.999,0,1.000,2843,1896,1.260,1.530,1.490,1,0,4.999,0,0,20,295,0,37,0
18-09 17:07:42,22.495,5.499,71.233,0,0,5646220,5613292,423172,4540992,29736.783,15044.349,0,99.976,0,6.998,2629,1717,1.260,1.530,1.490,1,0,2.000,0,0,20,296,0,35,0
18-09 17:07:43,25.996,5.249,67.239,0.250,0,5639976,5619420,423264,4541012,29864.111,15541.456,0,2803.541,0,159.974,3911,3322,1.260,1.530,1.490,1,0,0,0,0,20,295,0,36,0
18-09 17:07:44,11.676,5.465,79.990,0.248,0,5537028,5722332,423324,4540956,131511.001,891637.635,0,667.740,0,77.506,4510,3992,1.400,1.560,1.500,2,0,14.905,0,0,20,295,0,36,0
18-09 17:07:45,8.038,24.366,65.812,0,0,5529944,5729380,423336,4540980,47191.076,67566.826,0,180.859,0,8.038,5184,3159,1.400,1.560,1.500,1,0,215.021,0,0,20,295,0,36,0
18-09 17:07:46,7.020,28.078,62.925,0,0,5520852,5738456,423340,4540992,61194.236,37949.572,0,148.413,0,8.022,5288,3304,1.400,1.560,1.500,1,0,211.589,0,0,20,295,0,35,0
18-09 17:07:47,7.247,23.240,67.971,0,0,5525040,5734212,423384,4541004,61176.665,39127.157,0,851.633,0,48.979,5464,3677,1.400,1.560,1.500,3,0,185.920,0,0,20,295,0,35,0
18-09 17:07:48,7.742,22.476,68.178,0,0,5535576,5723668,423396,4541004,61586.879,38986.776,0,535.434,0,71.924,5496,3706,1.400,1.560,1.500,2,0,182.807,0,0,20,295,0,35,0
18-09 17:07:49,8.002,24.006,65.768,0,0,5527232,5731980,423412,4541020,56762.147,401495.136,0,2740.731,0,500.133,6073,3830,1.370,1.550,1.500,1,0,184.049,0,0,20,295,0,35,0
18-09 17:07:50,8.255,24.014,65.788,0.250,0,5534108,5725076,423428,4541032,60992.918,38480.029,0,380.218,0,48.027,5766,4413,1.370,1.550,1.500,1,0,199.114,0,0,20,295,0,35,0
18-09 17:07:51,5.251,24.253,68.260,0,0,5529612,5729564,423432,4541036,61193.732,37143.300,0,112.016,0,7.001,5123,3290,1.370,1.550,1.500,2,0,208.030,0,0,20,295,0,35,0
18-09 17:07:52,6.743,24.723,65.928,0,0,5521344,5737816,423440,4541044,61125.565,38723.913,0,423.540,0,23.974,5256,3400,1.370,1.550,1.500,1,0,208.773,0,0,20,295,0,35,0
18-09 17:07:53,7.008,26.029,64.573,0,0,5521632,5737508,423452,4541052,61199.786,37638.304,0,164.185,0,18.020,5224,3580,1.370,1.550,1.500,2,0,211.237,0,0,20,295,0,35,0
18-09 17:07:54,6.995,24.232,67.201,0,0,5524968,5734136,423464,4541072,46010.540,28237.465,0,403.706,0,26.980,5344,3734,1.340,1.540,1.500,1,0,195.858,0,0,20,295,0,32,0
18-09 17:07:55,5.756,23.774,68.570,0,0,5526720,5732380,423464,4541076,61193.030,37702.218,0,36.037,0,3.003,5134,3238,1.340,1.540,1.500,1,0,182.185,0,0,20,295,0,32,0
18-09 17:07:56,17.647,10.439,69.841,0,0,5562496,5696600,423464,4541080,73173.299,33390.375,0,163.045,0,1.988,3191,2097,1.340,1.540,1.500,1,0,26.843,0,0,20,295,0,32,0
18-09 17:07:57,23.353,5.273,71.817,0,0,5603816,5655272,423472,4541080,30115.749,15335.599,0,84.372,0,6.027,2594,1611,1.340,1.540,1.500,1,0,2.009,0,0,20,296,0,32,0
18-09 17:07:58,23.280,5.257,70.091,0,0,5605816,5653256,423484,4541080,29968.764,15391.909,0,156.202,0,20.026,3482,2801,1.340,1.540,1.500,1,0,0,0,0,20,296,0,32,0
18-09 17:07:59,24.724,9.240,63.932,0,0,5605820,5653004,423656,4541148,15814.078,7515.957,0,4523.160,0,283.696,6128,6620,1.310,1.530,1.490,2,0,0.999,0,0,20,296,0,32,0
18-09 17:08:00,26.770,8.506,62.546,0,0,5598580,5660120,423740,4541188,31485.019,628751.695,0,1497.095,0,142.104,6157,6053,1.310,1.530,1.490,2,0,3.002,0,0,20,295,0,32,0
18-09 17:08:01,8.477,20.694,69.063,0,0,5516572,5742100,423744,4541212,43384.526,25588.713,0,263.287,0,9.973,4587,2840,1.310,1.530,1.490,1,0,149.595,0,0,20,295,0,34,0
18-09 17:08:02,6.018,22.817,68.451,0,0,5523164,5735492,423748,4541220,46509.434,27440.496,0,316.930,0,24.071,5026,3477,1.310,1.530,1.490,1,0,161.474,0,0,20,295,0,34,0
18-09 17:08:03,19.490,11.744,68.216,0.250,0,5554140,5704400,423812,4541240,59979.761,32777.475,0,2810.583,0,121.939,3976,2969,1.310,1.530,1.490,1,0,44.977,0,0,20,295,0,30,0
18-09 17:08:04,19.504,7.501,71.264,0.250,0,5590804,5667608,423816,4541268,45031.604,22536.306,16.003,16.003,1.000,3.001,2813,2060,1.290,1.520,1.490,1,0,2.000,0,0,20,295,0,30,0
18-09 17:08:05,24.007,5.502,70.271,0,0,5619860,5635448,423980,4543732,30094.874,14824.371,0,1984.585,0,289.085,3394,2079,1.290,1.520,1.490,1,0,0,0,0,20,295,0,30,0
18-09 17:08:06,21.760,5.753,70.783,0,0,5630724,5622840,424040,4545052,29756.801,14826.877,0,636.295,0,9.004,2723,1949,1.290,1.520,1.490,2,0,5.002,0,0,20,295,0,30,0
18-09 17:08:07,21.463,7.737,70.129,0,0,5663428,5590024,424044,4545156,15026.027,7658.761,0,175.696,0,14.974,2901,2033,1.290,1.520,1.490,3,0,0,0,0,20,295,0,23,0
18-09 17:08:08,26.546,6.010,65.863,0,0,5655464,5597780,424104,4545300,30313.130,16181.828,0,761.309,0,53.091,5583,5662,1.290,1.520,1.490,1,0,0,0,0,20,296,0,24,0
18-09 17:08:09,24.977,7.993,65.191,0,0,5651776,5601144,424232,4545500,44650.418,22359.678,0,863.215,0,101.907,6236,6558,1.180,1.490,1.480,1,0,1.998,0,0,20,297,0,25,0
18-09 17:08:10,23.507,8.503,66.020,0,0,5646760,5605976,424352,4545560,29751.954,14728.433,0,928.279,0,120.036,5457,5537,1.180,1.490,1.480,2,0,2.001,0,0,20,297,0,26,0
18-09 17:08:11,26.771,8.257,63.800,0.500,0,5646452,5605916,424552,4545720,18178.312,8388.605,0,1469.157,0,173.136,5488,5666,1.180,1.490,1.480,0,0,1.001,0,0,20,296,0,19,0
18-09 17:08:12,8.735,2.995,86.852,0,0,5642016,5610236,424640,4545744,15546.574,7431.368,0,479.185,0,61.895,2877,2821,1.180,1.490,1.480,2,0,1.997,0,0,20,298,0,19,0
18-09 17:08:13,25.488,9.246,62.721,0.500,0,5644444,5607016,425024,4546136,21126.295,8875.923,0,5817.328,0,394.819,6633,7452,1.180,1.490,1.480,1,0,7.996,0,0,20,296,0,24,0
18-09 17:08:14,12.012,3.253,83.581,0,0,5644288,5607016,425136,4546172,18055.402,8348.046,0,620.598,0,87.084,3648,3686,1.170,1.490,1.480,0,0,0,0,0,20,296,0,25,0
18-09 17:08:15,9.257,3.503,85.565,0,0,5644088,5607016,425152,4546356,26158.899,8500.466,0,136.104,0,13.010,3091,2918,1.170,1.490,1.480,2,0,2.002,0,0,20,297,0,22,0
18-09 17:08:16,23.689,8.728,65.082,0,0,5643712,5607016,425456,4546424,477.769,0,0,2310.047,0,219.435,6748,7474,1.170,1.490,1.480,3,0,0,0,0,20,299,0,23,0
18-09 17:08:17,38.763,17.006,42.264,0,0,5633040,5617332,425740,4546492,54600.082,563902.748,0,2056.681,0,217.072,7855,16723,1.170,1.490,1.480,2,0,37.012,0,0,20,299,0,25,0
18-09 17:08:18,24.279,6.007,66.829,0.501,0,5633028,5617080,425896,4546588,30078.677,14609.328,0,1677.990,0,125.148,6147,6618,1.170,1.490,1.480,1,0,2.002,0,0,20,299,0,25,0
18-09 17:08:19,22.972,8.739,65.919,0,0,5633756,5616072,425988,4546788,29647.617,14574.115,0,2660.735,0,226.722,6036,6046,1.150,1.480,1.480,3,0,0,0,0,20,300,0,23,0
18-09 17:08:20,24.255,7.251,66.263,0.250,0,5634392,5615064,426300,4546836,18100.543,8245.614,0,2920.572,0,347.068,6123,6131,1.150,1.480,1.480,1,0,1.000,0,0,20,300,0,24,0
18-09 17:08:21,11.024,3.758,83.185,0,0,5634440,5614840,426368,4546908,15151.614,7875.472,0,5183.500,0,575.276,4248,3257,1.150,1.480,1.480,0,0,2.004,0,0,20,300,0,26,0
18-09 17:08:22,10.962,4.484,82.214,0.747,0,5634304,5614588,426600,4547060,47529.608,18535.501,0,5209.871,0,346.793,4829,5194,1.150,1.480,1.480,8,0,0,0,0,20,301,0,26,0
18-09 17:08:23,24.548,8.266,64.625,0.501,0,5634200,5614336,426832,4547172,40799.031,20066.871,0,2252.363,0,244.474,6946,7785,1.150,1.480,1.480,1,0,0,0,0,20,301,0,26,0
18-09 17:08:24,25.008,7.502,65.770,0,0,5633992,5614336,426968,4547236,29632.225,15148.716,0,1924.599,0,155.048,6119,6352,1.140,1.470,1.470,1,0,2.001,0,0,20,301,0,27,0
18-09 17:08:25,23.779,7.009,66.833,0,0,5634404,5613580,427092,4547448,15262.866,7761.594,0,1061.312,0,98.121,6010,6304,1.140,1.470,1.470,2,0,0,0,0,20,301,0,27,0
18-09 17:08:26,21.975,9.239,67.423,0,0,5634708,5613076,427244,4547492,15551.232,7353.598,0,1310.503,0,157.820,5926,6062,1.140,1.470,1.470,4,0,0,0,0,20,301,0,27,0
18-09 17:08:27,14.269,4.256,80.355,0.501,0,5634760,5612824,427364,4547564,18426.119,8466.082,0,1878.459,0,143.187,3953,4072,1.140,1.470,1.470,0,0,2.003,0,0,20,298,0,29,0
18-09 17:08:28,22.978,7.742,66.435,0.250,0,5634912,5612324,427504,4547764,1340.696,878.146,0,1678.368,0,151.852,5358,5462,1.140,1.470,1.470,1,0,0,0,0,20,298,0,31,0
18-09 17:08:29,10.501,3.000,85.759,0,0,5635060,5612072,427556,4547812,18027.871,7524.781,0,848.088,0,80.008,3389,3313,1.290,1.500,1.480,2,0,0,0,0,20,299,0,31,0
18-09 17:08:30,23.207,7.985,66.129,0,0,5635248,5611568,427796,4547880,18423.158,8549.295,0,1800.692,0,211.611,5429,5497,1.290,1.500,1.480,1,0,2.994,0,0,20,300,0,32,0
18-09 17:08:31,15.028,5.510,78.394,0.250,0,5635548,5610812,428076,4548044,870.601,0,0,5726.531,0,322.593,4228,4168,1.290,1.500,1.480,1,0,0,0,0,20,302,0,32,0
18-09 17:08:32,26.259,4.001,67.774,0,0,5636128,5610056,428192,4548100,48845.583,25059.020,0,956.344,0,101.036,4895,4552,1.290,1.500,1.480,3,0,0,0,0,20,300,0,32,0
18-09 17:08:33,7.497,2.749,87.711,0,0,5635952,5610056,428308,4548160,41445.798,16618.701,0,859.622,0,93.959,3401,3537,1.290,1.500,1.480,4,0,1.999,0,0,20,301,0,32,0
18-09 17:08:34,7.494,2.748,87.924,0.250,0,5635824,5610056,428388,4548200,44252.965,16915.461,0,675.419,0,86.925,3519,3636,1.190,1.470,1.470,0,0,0,0,0,20,300,0,32,0
18-09 17:08:35,11.517,3.756,83.625,0.250,0,5635496,5610056,428528,4548384,29229.627,9556.263,0,893.333,0,117.175,3887,4048,1.190,1.470,1.470,0,0,0,0,0,20,300,0,31,0
18-09 17:08:36,18.214,6.487,72.608,0,0,5635540,5609804,428696,4548412,29936.505,15048.596,0,1976.139,0,163.680,5555,5958,1.190,1.470,1.470,1,0,1.996,0,0,20,302,0,31,0
18-09 17:08:37,26.261,8.254,64.278,0.500,0,5635404,5609552,428980,4548508,600.257,190.081,0,2240.959,0,284.122,6529,7664,1.190,1.470,1.470,1,0,0,0,0,20,301,0,31,0
18-09 17:08:38,24.288,7.512,65.854,0,0,5635716,5608892,429100,4548728,23922.790,441847.979,0,1454.297,0,119.188,6255,6404,1.190,1.470,1.470,1,0,0,0,0,20,301,0,32,0
18-09 17:08:39,24.698,7.484,64.364,0.249,0,5636024,5608416,429208,4548788,19491.792,160233.250,0,5356.675,0,112.762,6438,6514,1.170,1.460,1.470,1,0,2.994,0,0,20,302,0,31,0
18-09 17:08:40,27.502,10.001,60.753,0.250,0,5636268,5607672,429584,4548896,15771.887,8904.501,0,7168.403,0,441.025,7608,8566,1.170,1.460,1.470,1,0,1.000,0,0,20,302,0,33,0
18-09 17:08:41,25.227,8.742,63.443,0.500,0,5636492,5606944,429872,4549100,44863.656,22000.216,0,2789.492,0,424.618,7127,7424,1.170,1.460,1.470,2,0,0,0,0,20,301,0,34,0
18-09 17:08:42,24.811,7.017,66.412,0,0,5637784,5605436,429996,4549184,29996.207,14908.384,0,6110.914,0,505.233,6780,6275,1.170,1.460,1.470,2,0,2.005,0,0,20,301,0,36,0
18-09 17:08:43,24.000,6.500,66.999,0.250,0,5638092,5604932,430108,4549260,15051.826,7295.916,0,875.990,0,82.999,6075,6286,1.170,1.460,1.470,1,0,0,0,0,20,301,0,36,0
18-09 17:08:44,23.226,6.993,67.929,0,0,5638340,5604428,430176,4549444,15440.825,7516.126,0,771.192,0,66.930,5925,6016,1.160,1.450,1.470,1,0,0,0,0,20,302,0,35,0
18-09 17:08:45,25.123,6.716,64.923,0.249,0,5639348,5603196,430328,4549516,14976.520,7259.414,0,1385.020,0,135.318,6591,7077,1.160,1.450,1.470,2,0,3.980,0,0,20,303,0,35,0
18-09 17:08:46,25.558,9.772,62.641,0,0,5640172,5601936,430492,4549776,56606.754,23873.880,0,1519.429,0,154.348,6468,6892,1.160,1.450,1.470,5,0,3.007,0,0,20,303,0,35,0
18-09 17:08:47,26.173,10.719,60.074,0.499,0,5640020,5601684,430800,4549860,29776.576,14696.850,0,2269.337,0,271.204,7321,8345,1.160,1.450,1.470,4,0,2.991,0,0,20,303,0,35,0
18-09 17:08:48,25.903,8.802,63.626,0.251,0,5640980,5600172,431244,4549944,30794.896,15604.169,0,7258.876,0,453.680,7285,8049,1.160,1.450,1.470,1,0,2.012,0,0,20,303,0,36,0
18-09 17:08:49,25.503,7.001,65.257,0.250,0,5641168,5599668,431352,4550148,55597.704,23666.428,0,680.070,0,82.008,6280,6465,1.140,1.450,1.460,3,0,0,0,0,20,303,0,37,0
18-09 17:08:50,25.456,7.238,64.638,0,0,5642008,5598660,431456,4550208,29751.655,14566.861,0,1241.857,0,157.728,6486,6924,1.140,1.450,1.460,5,0,0.998,0,0,20,303,0,37,0
18-09 17:08:51,24.286,6.259,68.102,0,0,5641828,5598660,431568,4550272,15198.811,7469.210,0,1157.738,0,104.156,5357,5486,1.140,1.450,1.460,3,0,2.003,0,0,20,303,0,37,0
18-09 17:08:52,11.262,4.004,83.839,0,0,5642720,5597652,431644,4550308,30326.291,14983.955,0,4697.001,0,629.670,4247,3347,1.140,1.450,1.460,0,0,0,0,0,20,302,0,37,0
18-09 17:08:53,25.018,7.506,65.298,0,0,5647120,5592864,431820,4550516,636.467,0,0,1176.863,0,173.127,5070,5404,1.140,1.450,1.460,3,0,0,0,0,20,299,0,41,0
18-09 17:08:54,6.997,2.249,88.711,0,0,5647776,5592108,431880,4550548,18364.834,8261.327,0,763.660,0,66.970,3078,3180,1.050,1.420,1.460,0,0,1.999,0,0,20,300,0,42,0
18-09 17:08:55,18.490,4.747,74.459,0.500,0,5649520,5590092,432104,4550592,18839.548,8294.398,0,2846.421,0,421.766,4983,4567,1.050,1.420,1.460,0,0,1.999,0,0,20,300,0,43,0
18-09 17:08:56,10.999,3.500,85.244,0.250,0,5649620,5589840,432200,4550640,15353.974,7361.508,0,1027.931,0,94.994,3242,3329,1.050,1.420,1.460,1,0,0,0,0,20,301,0,43,0
18-09 17:08:57,30.922,9.725,57.604,0.249,0,5656452,5582532,432480,4550828,3839.299,931.646,0,6435.738,0,486.770,6280,6090,1.050,1.420,1.460,2,0,1.995,0,0,20,301,0,46,0
18-09 17:08:58,24.432,4.986,69.058,0.249,0,5656424,5582280,432680,4550900,29167.850,9284.170,0,1208.637,0,171.523,5101,5145,1.050,1.420,1.460,2,0,0,0,0,20,300,0,49,0
18-09 17:08:59,13.783,3.759,81.443,0,0,5656876,5581776,432712,4550920,3533.365,467.106,0,1675.968,0,62.147,3272,3206,0.970,1.400,1.450,3,0,0,0,0,20,301,0,51,0
18-09 17:09:00,24.300,5.010,68.392,0,0,5658944,5579256,432932,4551140,1193.476,400.832,0,1487.085,0,176.366,5079,5298,0.970,1.400,1.450,1,0,3.006,0,0,20,300,0,52,0
18-09 17:09:01,14.437,4.481,79.903,0.249,0,5658948,5579004,433140,4551176,28997.916,8710.128,0,1397.922,0,180.216,4508,4770,0.970,1.400,1.450,1,0,0,0,0,20,301,0,53,0
18-09 17:09:02,12.571,4.023,81.963,0,0,5661160,5576484,433304,4551304,1557.804,148.841,0,1456.230,0,147.836,4214,4781,0.970,1.400,1.450,0,0,0,0,0,20,300,0,53,0
18-09 17:09:03,23.218,7.240,66.909,0.499,0,5663340,5573992,433548,4551368,42384.039,451428.659,0,1481.973,0,174.761,5405,5290,0.970,1.400,1.450,4,0,2.996,0,0,20,299,0,56,0
18-09 17:09:04,13.013,2.753,82.831,0,0,5667604,5569456,433652,4551532,36068.113,136904.280,0,1033.006,0,89.087,3292,3100,0.890,1.370,1.440,0,0,0,0,0,20,300,0,54,0
18-09 17:09:05,23.827,7.446,66.764,0.248,0,5679284,5557612,433752,4551588,29473.553,14552.120,0,548.013,0,82.400,4382,4063,0.890,1.370,1.440,3,0,0,0,0,20,299,0,58,0
18-09 17:09:06,10.830,5.037,83.367,0.252,0,5679004,5557360,434116,4551748,18477.698,8393.092,0,7354.408,0,444.287,4404,4741,0.890,1.370,1.440,0,0,2.015,0,0,20,300,0,59,0
18-09 17:09:07,19.730,4.246,73.176,0.250,0,5679360,5556856,434184,4551820,30201.474,14791.050,0,671.321,0,72.926,4710,4504,0.890,1.370,1.440,0,0,0,0,0,20,300,0,60,0
18-09 17:09:08,9.513,2.754,87.123,0,0,5679780,5556352,434236,4551852,1338.883,156.220,0,448.631,0,43.061,2861,2792,0.890,1.370,1.440,1,0,0,0,0,20,298,0,60,2
18-09 17:09:09,7.990,3.246,86.891,0,0,5679704,5556352,434316,4551844,15097.104,7286.879,0,651.185,0,61.922,3067,3190,0.980,1.390,1.440,0,0,1.997,0,0,20,298,0,60,2
18-09 17:09:10,6.497,3.248,89.457,0,0,5679608,5556352,434372,4551880,15933.293,7616.316,0,951.540,0,64.969,3228,3285,0.980,1.390,1.440,3,0,1.000,0,0,20,299,0,60,2
18-09 17:09:11,4.506,2.003,92.622,0,0,5679540,5556352,434416,4551904,15810.840,7630.057,0,444.586,0,43.057,2287,2363,0.980,1.390,1.440,1,0,0,0,0,20,298,0,60,2
18-09 17:09:12,21.961,5.241,70.126,0.250,0,5683668,5551816,434636,4552084,7196.313,1926.603,0,5378.518,0,740.694,6019,5217,0.980,1.390,1.440,2,0,1.996,0,0,20,298,0,59,2
18-09 17:09:13,18.768,6.506,73.072,0,0,5684596,5550716,434704,4552184,18301.025,8170.047,0,768.757,0,69.068,4873,4828,0.980,1.390,1.440,3,0,8.008,0,0,20,298,0,61,2
18-09 17:09:14,13.753,4.751,79.770,0.250,0,5686084,5548952,434924,4552236,3578.893,66.016,0,1492.373,0,183.046,3946,4289,0.900,1.360,1.430,0,0,0,0,0,20,298,0,61,2
18-09 17:09:15,21.499,3.750,73.746,0,0,5686732,5548196,434976,4552280,18221.905,8161.509,0,995.940,0,44.997,3691,3226,0.900,1.360,1.430,0,0,2.000,0,0,20,298,0,65,2
18-09 17:09:16,8.994,3.747,84.691,0.250,0,5686424,5548196,435208,4552348,14966.508,1516.937,0,1574.896,0,215.849,4055,4539,0.900,1.360,1.430,2,0,0,0,0,20,299,0,59,2
18-09 17:09:17,19.145,7.708,70.364,0.497,0,5695160,5538876,435516,4553012,1022.394,188.964,0,6548.099,0,437.601,5849,6421,0.900,1.360,1.430,2,0,13.924,0,0,20,298,0,62,2
18-09 17:09:18,24.358,13.309,60.770,0,0,5698876,5534960,435644,4552668,30590.808,15305.951,0,1096.870,0,141.629,5827,12100,0.900,1.360,1.430,4,1,25.111,0,0,20,295,0,65,2
18-09 17:09:19,20.024,3.504,75.090,0.250,0,5696060,5537600,435764,4552716,33013.570,15806.946,0,901.080,0,91.109,4157,4098,0.830,1.340,1.430,0,0,0,0,0,20,298,0,66,2
18-09 17:09:20,17.508,5.753,75.286,0,0,5694580,5538740,435920,4552896,33307.755,15860.502,0,1708.808,0,231.109,5083,5189,0.830,1.340,1.430,0,0,1.000,0,0,20,298,0,65,2
18-09 17:09:21,6.506,2.502,89.834,0,0,5694536,5538740,435936,4552924,30477.388,14671.666,0,432.403,0,20.019,2603,2294,0.830,1.340,1.430,1,0,2.002,0,0,20,299,0,65,2
18-09 17:09:22,27.464,5.493,65.663,0.250,0,5694540,5538488,436084,4553012,18745.101,8298.976,0,1406.132,0,152.797,5354,5449,0.830,1.340,1.430,0,0,0,0,0,20,298,0,71,2
18-09 17:09:23,9.951,3.483,84.082,0,0,5694312,5538488,436260,4553060,25806.687,8800.244,0,1532.381,0,168.164,3975,4110,0.830,1.340,1.430,1,0,0,0,0,20,299,0,71,2
18-09 17:09:24,24.111,8.539,65.301,0.251,0,5693928,5538488,436408,4553284,3930.091,66.305,0,1776.176,0,181.837,6830,7532,1,1.370,1.440,1,0,2.009,0,0,20,300,0,68,2
18-09 17:09:25,28.629,9.211,59.996,0.249,0,5694528,5537508,436664,4553400,45416.662,22518.634,0,3425.493,0,312.676,7384,8463,1,1.370,1.440,3,0,0.996,0,0,20,299,0,68,2
18-09 17:09:26,25.611,9.542,62.020,0.251,0,5693916,5537508,437176,4553488,29998.542,14655.776,0,7669.374,0,539.347,7704,8927,1,1.370,1.440,1,0,0,0,0,20,299,0,70,2
18-09 17:09:27,24.022,6.506,67.061,0,0,5694028,5537256,437236,4553556,30258.700,14885.627,0,1269.162,0,105.096,6075,6342,1,1.370,1.440,2,0,2.002,0,0,20,299,0,71,2
18-09 17:09:28,24.468,7.240,65.913,0.250,0,5692824,5538328,437296,4553624,21477.509,590832.243,0,727.036,0,78.895,6296,6385,1,1.370,1.440,3,0,0,0,0,20,299,0,71,2
18-09 17:09:29,24.290,7.512,66.108,0.250,0,5694172,5536816,437368,4553708,15500.278,7307.918,0,985.607,0,93.152,6213,6578,1.240,1.410,1.450,1,0,0,0,0,20,300,0,67,2
18-09 17:09:30,21.214,6.239,69.880,0,0,5694308,5536312,437488,4553952,15209.835,7283.471,0,2455.775,0,211.636,5900,6319,1.240,1.410,1.450,1,0,2.995,0,0,20,300,0,66,2
18-09 17:09:31,9.254,5.752,84.033,0.250,0,5694456,5536060,437556,4553980,15360.992,7622.974,0,812.317,0,77.030,3027,2952,1.240,1.410,1.450,1,0,0,0,0,20,301,0,66,2
18-09 17:09:32,20.532,4.757,73.365,0.501,0,5694356,5535808,437708,4554176,3785.930,1188.862,0,1866.924,0,196.307,4758,5473,1.240,1.410,1.450,1,0,0,0,0,20,298,0,71,2
18-09 17:09:33,14.733,4.994,78.409,0,0,5694408,5535556,437840,4554240,15529.040,8439.240,0,7087.803,0,769.111,4714,4138,1.240,1.410,1.450,0,0,1.998,0,0,20,298,0,71,2
18-09 17:09:34,7.461,4.228,86.549,0.249,0,5694096,5535556,438116,4554268,3514.671,65.658,0,5821.640,0,338.236,3783,3894,1.140,1.390,1.440,1,0,0,0,0,20,299,0,71,2
18-09 17:09:35,31.178,6.035,60.094,0.503,0,5694120,5535052,438368,4554484,18200.137,7806.668,0,1890.819,0,214.226,6318,6740,1.140,1.390,1.440,2,0,0,0,0,20,297,0,78,2
18-09 17:09:36,9.988,2.996,85.394,0.250,0,5694140,5534800,438520,4554560,7447.712,1235.459,0,1138.580,0,127.841,3562,3750,1.140,1.390,1.440,0,0,1.998,0,0,20,298,0,78,2
18-09 17:09:37,22.475,6.243,68.923,0,0,5693932,5534548,438716,4554808,38047.331,16604.379,0,1869.903,0,191.785,6459,7053,1.140,1.390,1.440,2,0,0,0,0,20,299,0,77,2
18-09 17:09:38,25.527,8.008,64.318,0.501,0,5693948,5534296,438872,4554884,44366.668,22625.800,0,2038.144,0,185.195,6464,6790,1.140,1.390,1.440,2,0,0,0,0,20,299,0,77,2
18-09 17:09:39,26.713,10.236,60.416,0.250,0,5693644,5534044,439324,4554972,15910.868,7741.232,0,7002.260,0,518.279,7856,8936,1.290,1.410,1.450,2,0,1.997,0,0,20,299,0,78,2
18-09 17:09:40,26.300,7.514,63.873,0.250,0,5693716,5533540,439544,4555176,29925.416,14782.362,0,2749.275,0,240.461,6912,7780,1.290,1.410,1.450,1,0,0,0,0,20,299,0,79,2
18-09 17:09:41,24.105,6.710,66.350,0.249,0,5693764,5533288,439656,4555260,15322.560,7574.305,0,1602.333,0,110.334,6176,6450,1.290,1.410,1.450,1,0,0.994,0,0,20,299,0,76,2
18-09 17:09:42,24.623,6.784,66.835,0,0,5694864,5532028,439752,4555320,15618.233,7644.291,0,1065.336,0,92.463,6044,6280,1.290,1.410,1.450,2,0,2.010,0,0,20,299,0,76,2
18-09 17:09:43,24.031,7.510,66.838,0.250,0,5694428,5532028,439952,4555544,904.185,0,0,1602.099,0,164.215,6379,6693,1.290,1.410,1.450,1,0,0,0,0,20,299,0,76,2
18-09 17:09:44,22.768,7.506,66.553,0,0,5694456,5531776,440088,4555632,45331.386,22794.296,0,1509.211,0,148.119,6642,7208,1.350,1.420,1.450,3,0,0,0,0,20,299,0,77,2
18-09 17:09:45,26.471,8.740,63.431,0.499,0,5694196,5531776,440260,4555708,29954.252,14803.816,0,2341.440,0,270.704,7027,7873,1.350,1.420,1.450,1,0,1.998,0,0,20,299,0,74,2
18-09 17:09:46,27.019,10.257,60.043,0.250,0,5694352,5531020,440624,4555932,41110.265,16055.430,0,7765.528,0,536.382,7677,8846,1.350,1.420,1.450,2,0,0,0,0,20,299,0,74,2
18-09 17:09:47,26.007,10.003,63.017,0,0,5695668,5529524,440700,4556004,16202.427,7608.079,0,1296.354,0,101.028,5931,6082,1.350,1.420,1.450,1,0,6.002,0,0,20,299,0,75,2
18-09 17:09:48,24.481,6.995,66.198,0.250,0,5695564,5529524,440740,4556068,15376.013,7290.317,0,1031.196,0,94.926,6224,6505,1.350,1.420,1.450,1,0,1.998,0,0,20,299,0,76,2
18-09 17:09:49,24.610,7.209,65.130,0.249,0,5695544,5529272,440804,4556268,26968.889,8632.988,0,950.603,0,89.492,6116,6351,1.240,1.400,1.450,1,0,0,0,0,20,299,0,76,2
18-09 17:09:50,26.115,7.533,64.534,0.251,0,5696072,5528516,440924,4556368,15893.879,8007.204,0,1916.426,0,217.958,7083,7739,1.240,1.400,1.450,1,0,0,0,0,20,298,1,78,2
18-09 17:09:51,23.551,9.521,64.389,0.251,0,5695860,5528516,441064,4556436,45043.164,22097.667,0,2084.497,0,232.502,6850,7479,1.240,1.400,1.450,1,0,3.006,0,0,20,299,0,78,2
18-09 17:09:52,26.953,8.236,62.391,0,0,5695736,5528292,441216,4556624,40439.584,447255.208,0,2228.120,0,242.578,7521,8097,1.240,1.400,1.450,5,0,0,0,0,20,299,0,78,2
18-09 17:09:53,25.013,6.753,65.533,0,0,5696288,5527536,441328,4556712,17601.827,131241.812,0,1764.885,0,169.085,6212,6627,1.240,1.400,1.450,4,0,1.001,0,0,20,299,0,77,2
18-09 17:09:54,24.698,8.482,64.615,0,0,5696872,5526780,441424,4556780,15489.537,7280.741,0,7588.097,0,719.492,7275,6729,1.300,1.410,1.450,2,0,1.996,0,0,20,299,0,78,2
18-09 17:09:55,25.570,6.768,65.679,0.501,0,5697304,5526024,441540,4556984,16142.967,7315.926,0,6822.582,0,378.030,6509,6847,1.300,1.410,1.450,1,0,0,0,0,20,299,0,78,2
18-09 17:09:56,23.242,7.247,67.225,0.250,0,5697188,5526024,441588,4557048,15230.435,7455.276,0,2211.192,0,120.956,6157,6474,1.300,1.410,1.450,2,0,0,0,0,20,299,0,79,2
18-09 17:09:57,6.997,2.249,89.458,0.250,0,5697392,5525772,441604,4557076,15591.731,7482.512,0,703.672,0,54.974,2754,2840,1.300,1.410,1.450,0,0,1.999,0,0,20,298,0,73,2
18-09 17:09:58,10.258,3.002,85.065,0.250,0,5697196,5525772,441632,4557244,15936.164,7301.573,0,820.626,0,79.060,3402,3457,1.300,1.410,1.450,0,0,0,0,0,20,298,0,73,2
18-09 17:09:59,18.783,7.662,70.931,0.247,0,5697328,5525520,441684,4557304,1376.112,0,0,1285.162,0,161.140,4568,4709,1.360,1.420,1.450,2,0,0,0,0,20,299,0,75,2
18-09 17:10:00,11.388,4.049,83.513,0.253,0,5697696,5525016,441756,4557368,18567.152,8358.357,0,1267.369,0,136.657,3973,4481,1.360,1.420,1.450,0,0,2.025,0,0,20,298,0,76,2
18-09 17:10:01,21.978,3.746,72.679,0,0,5697628,5525016,441784,4557404,1123.897,0,0,651.361,0,45.955,3710,3159,1.360,1.420,1.450,2,0,0.999,0,0,20,299,0,73,2
18-09 17:10:02,14.765,4.755,79.330,0,0,5700832,5521488,441916,4557592,14997.139,2002.021,0,1689.706,0,180.182,4296,4637,1.360,1.420,1.450,0,0,3.003,0,0,20,298,0,75,2
18-09 17:10:03,11.754,3.751,82.529,0,0,5700712,5521488,441984,4557636,26979.620,8847.155,0,1280.457,0,114.041,3778,3886,1.360,1.420,1.450,0,0,2.001,0,0,20,298,0,75,2
18-09 17:10:04,16.447,4.984,76.752,0,0,5700564,5521488,442044,4557720,488.422,65.787,0,4242.290,0,571.154,5091,4226,1.410,1.430,1.460,2,0,0,0,0,20,299,0,77,2
18-09 17:10:05,6.268,2.758,90.768,0,0,5700492,5521488,442076,4557760,30490.956,15888.876,0,653.929,0,52.154,2605,2669,1.410,1.430,1.460,0,0,0,0,0,20,298,0,70,2
18-09 17:10:06,30.226,9.243,58.204,0.250,0,5700188,5521236,442392,4557984,30422.122,15961.472,0,7442.159,0,484.620,6506,6906,1.410,1.430,1.460,0,0,1.998,0,0,20,298,0,73,2
18-09 17:10:07,6.955,3.229,88.177,0.248,0,5700080,5521236,442440,4558040,32913.045,15258.808,0,532.538,0,55.638,2707,2632,1.410,1.430,1.460,1,0,0,0,0,20,299,0,74,2
18-09 17:10:08,28.437,7.298,63.669,0.252,0,5699840,5521236,442596,4558120,18282.177,8703.210,0,1272.364,0,150.993,5327,5332,1.410,1.430,1.460,2,0,0,0,0,20,298,0,78,2
18-09 17:10:09,6.452,2.233,89.086,0,0,5700036,5520984,442640,4558132,30533.460,14936.690,0,520.124,0,46.652,2571,2565,1.300,1.410,1.450,1,0,1.985,0,0,20,299,0,79,2
18-09 17:10:10,7.563,3.277,88.742,0.252,0,5700228,5520732,442672,4558156,427.574,0,0,822.879,0,87.733,3190,3531,1.300,1.410,1.450,0,0,0,0,0,20,298,0,76,2
18-09 17:10:11,14.000,3.250,82.002,0,0,5700012,5520732,442716,4558328,15599.286,7524.138,0,696.013,0,64.001,3430,3312,1.300,1.410,1.450,1,0,1.000,0,0,20,298,0,78,2
18-09 17:10:12,12.993,2.998,82.955,0,0,5700724,5519976,442736,4558348,15167.764,7571.889,0,819.555,0,33.982,2746,2223,1.300,1.410,1.450,1,0,1.999,0,0,20,299,0,81,2
18-09 17:10:13,22.496,4.749,70.489,0.250,0,5700584,5519976,442808,4558416,28857.349,9708.435,0,1735.720,0,239.961,5584,5883,1.300,1.410,1.450,0,0,2.000,0,0,20,298,0,83,2
18-09 17:10:14,20.228,6.743,71.424,0.250,0,5703140,5517204,442872,4558556,3728.032,65.930,0,994.941,0,91.902,5473,5798,1.270,1.400,1.450,1,0,5.994,0,0,20,299,0,81,2
18-09 17:10:15,23.696,8.980,64.852,0,0,5703036,5516952,443012,4558764,16236.987,7698.451,0,2151.097,0,207.527,6533,7287,1.270,1.400,1.450,3,0,1.995,0,0,20,299,0,81,2
18-09 17:10:16,25.074,10.029,62.684,0.501,0,5702804,5516952,443168,4558836,44494.586,22343.576,0,6944.381,0,506.486,8025,9193,1.270,1.400,1.450,2,0,0,0,0,20,299,0,81,2
18-09 17:10:17,25.260,7.253,65.776,0,0,5702636,5516952,443228,4558936,30501.221,14811.935,0,2757.105,0,204.082,6173,6634,1.270,1.400,1.450,1,0,0,0,0,20,299,0,82,2
18-09 17:10:18,33.261,14.005,50.016,0,0,5720564,5498808,443260,4559120,15703.179,7364.429,0,852.281,0,77.025,6839,16123,1.270,1.400,1.450,3,0,38.013,0,0,20,299,0,75,2
18-09 17:10:19,24.740,8.746,64.473,0.250,0,5720436,5498808,443296,4559204,30224.484,14813.866,0,5889.561,0,743.692,7401,6622,1.330,1.410,1.450,2,0,0,0,0,20,299,0,75,2
18-09 17:10:20,24.970,7.741,65.422,0.250,0,5717044,5502076,443360,4559264,483.420,0,0,1226.529,0,139.832,6648,7173,1.330,1.410,1.450,3,0,0,0,0,20,299,0,77,2
18-09 17:10:21,7.765,3.006,87.416,0,0,5713880,5505064,443368,4559428,15384.219,7309.884,0,1126.139,0,94.179,2933,3217,1.330,1.410,1.450,0,0,3.006,0,0,20,298,0,77,2
18-09 17:10:22,25.750,9.000,64.500,0.250,0,5711856,5506960,443404,4559512,24175.817,447531.615,0,1835.986,0,203.998,5486,5527,1.330,1.410,1.450,0,0,0,0,0,20,298,0,71,2
18-09 17:10:23,5.252,1.751,91.279,0,0,5711812,5506960,443432,4559528,18620.876,7562.386,0,1184.374,0,78.025,2470,2485,1.330,1.410,1.450,2,0,1.000,0,0,20,297,0,72,2
18-09 17:10:24,26.987,7.923,62.640,0.495,0,5711272,5506960,443504,4559988,12066.482,141718.777,0,1667.757,0,157.466,5809,5541,1.390,1.420,1.450,2,0,1.981,0,0,20,299,0,74,2
18-09 17:10:25,7.065,1.766,90.583,0,0,5711124,5506960,443512,4560128,21676.372,8181.248,0,581.347,0,28.260,2075,1829,1.390,1.420,1.450,1,0,0,0,0,20,298,0,75,2
18-09 17:10:26,7.503,2.751,88.540,0,0,5711076,5506960,443540,4560148,4184.875,420.188,0,1652.741,0,68.030,2685,2547,1.390,1.420,1.450,0,0,0,0,0,20,298,0,72,2
18-09 17:10:27,15.645,3.973,78.225,0,0,5710980,5506960,443612,4560168,718.181,147.014,0,4851.446,0,252.307,3325,3007,1.390,1.420,1.450,1,0,1.987,0,0,20,299,0,75,2
18-09 17:10:28,16.600,4.276,78.223,0,0,5710712,5506960,443692,4560352,29428.046,9366.670,0,1428.644,0,177.071,4484,4862,1.390,1.420,1.450,0,0,0,0,0,20,298,0,76,2
18-09 17:10:29,17.731,3.246,76.417,0,0,5710660,5506960,443700,4560396,11253.780,1800.045,0,591.358,0,50.945,3831,3409,1.350,1.410,1.450,0,0,0,0,0,20,298,0,78,2
18-09 17:10:30,7.503,3.501,87.785,0.250,0,5711096,5506456,443752,4560412,15422.150,7364.937,0,916.365,0,96.038,3449,3462,1.350,1.410,1.450,2,0,2.001,0,0,20,299,0,77,2
18-09 17:10:31,8.260,3.004,87.357,0.250,0,5711024,5506456,443784,4560444,14749.046,1453.779,0,1253.534,0,148.181,3716,3756,1.350,1.410,1.450,0,0,1.001,0,0,20,298,0,77,2
18-09 17:10:32,22.733,7.245,67.201,0.250,0,5711076,5506204,443884,4560540,1050.237,147.893,0,1570.858,0,178.870,6439,6978,1.350,1.410,1.450,3,0,0,0,0,20,299,0,78,2
18-09 17:10:33,27.639,8.964,60.507,0,0,5711912,5505196,443976,4560616,16319.368,8280.697,0,2043.780,0,196.211,6787,7420,1.350,1.410,1.450,2,0,2.988,0,0,20,301,0,79,2
18-09 17:10:34,26.355,8.534,63.252,0.251,0,5711664,5505196,444080,4560752,44923.186,22788.899,0,2457.803,0,271.081,7152,8169,1.410,1.420,1.450,1,0,0,0,0,20,301,0,72,2
18-09 17:10:35,25.983,7.245,64.207,0.500,0,5711704,5504692,444188,4561100,30212.767,15199.821,0,1938.702,0,196.868,6541,7150,1.410,1.420,1.450,1,0,0,0,0,20,301,0,72,2
18-09 17:10:36,24.777,7.759,65.072,0.250,0,5711980,5504200,444316,4561164,15640.201,7694.462,0,5309.840,0,309.340,6518,6832,1.410,1.420,1.450,1,0,2.002,0,0,20,301,0,72,2
18-09 17:10:37,24.489,6.497,67.469,0,0,5713304,5502688,444376,4561292,15587.951,7776.483,0,1099.503,0,86.961,6016,6386,1.410,1.420,1.450,1,0,0,0,0,20,301,0,73,2
18-09 17:10:38,22.984,7.745,67.704,0,0,5712972,5502688,444476,4561512,15469.434,7680.754,0,1550.941,0,165.887,5957,6423,1.410,1.420,1.450,1,0,0,0,0,20,300,0,66,2
18-09 17:10:39,6.002,2.751,89.523,0,0,5713140,5502464,444520,4561524,15239.879,7525.915,0,772.197,0,54.014,2803,2756,1.290,1.400,1.450,3,0,2.001,0,0,20,301,0,66,2
18-09 17:10:40,17.242,4.998,74.214,0.250,0,5713216,5502212,444616,4561600,26948.775,9001.582,0,6636.743,0,750.632,6010,5391,1.290,1.400,1.450,1,0,0,0,0,20,300,0,67,2
18-09 17:10:41,14.514,5.255,79.578,0.250,0,5713104,5502212,444660,4561668,664.649,0,0,1125.098,0,105.103,4391,4510,1.290,1.400,1.450,3,0,1.001,0,0,20,301,0,67,2
18-09 17:10:42,24.454,8.734,64.130,0,0,5713464,5501456,444860,4561856,44996.725,22753.385,0,2447.416,0,225.578,6914,7603,1.290,1.400,1.450,4,0,1.996,0,0,20,301,0,64,2
18-09 17:10:43,26.237,8.496,62.720,0.250,0,5713176,5501456,445060,4561936,33451.737,15460.484,0,2818.630,0,290.859,7221,8076,1.290,1.400,1.450,5,0,0,0,0,20,301,0,64,2
18-09 17:10:44,26.051,7.264,64.376,0.501,0,5713336,5500964,445308,4561992,26803.477,15203.767,0,6107.959,0,366.718,6702,7073,1.270,1.390,1.440,1,0,0,0,0,20,301,0,64,2
18-09 17:10:45,24.007,6.752,67.270,0,0,5713808,5500208,445392,4562188,15567.656,7298.183,0,928.278,0,94.028,6039,6317,1.270,1.390,1.440,2,0,2.001,0,0,20,301,0,64,2
18-09 17:10:46,24.424,6.729,66.293,0,0,5714380,5499452,445484,4562276,26425.472,8654.970,0,813.460,0,75.763,5849,6208,1.270,1.390,1.440,1,0,0,0,0,20,301,0,65,2
18-09 17:10:47,25.032,10.764,62.830,0.250,0,5716016,5497688,445540,4562332,15255.536,7453.545,0,865.108,0,83.106,6012,6061,1.270,1.390,1.440,2,0,6.008,0,0,20,301,0,65,2
18-09 17:10:48,20.796,7.516,70.154,0.251,0,5715688,5497688,445668,4562528,18848.307,8303.197,0,1864.085,0,222.488,5428,5826,1.270,1.390,1.440,0,0,2.004,0,0,20,300,0,66,2
18-09 17:10:49,14.176,6.964,77.100,0,0,5715720,5497436,445812,4562600,11755.952,1444.499,0,1305.222,0,141.266,4432,4501,1.250,1.390,1.440,1,0,0,0,0,20,301,0,66,2
18-09 17:10:50,16.830,5.024,76.113,0.251,0,5715700,5497196,445992,4562668,18893.098,8323.695,0,5405.779,0,730.484,5581,4789,1.250,1.390,1.440,0,0,0,0,0,20,300,0,66,2
18-09 17:10:51,22.149,7.466,67.941,0.249,0,5715344,5497196,446148,4562864,601.262,0,0,1449.400,0,173.211,5288,5273,1.250,1.390,1.440,2,0,2.986,0,0,20,300,0,64,2
18-09 17:10:52,10.012,2.753,86.600,0,0,5715232,5497196,446212,4562904,18764.765,8508.869,0,961.115,0,71.082,3205,3026,1.250,1.390,1.440,2,0,0,0,0,20,301,0,64,2
18-09 17:10:53,22.042,7.514,68.131,0.250,0,5715240,5496944,446376,4562976,4003.695,1058.034,0,2196.221,0,262.505,5480,5781,1.250,1.390,1.440,1,0,0,0,0,20,300,0,65,2
18-09 17:10:54,13.507,3.502,81.794,0.250,0,5715268,5496692,446408,4563164,15363.303,7786.208,0,920.497,0,57.031,3463,3211,1.230,1.380,1.440,2,0,2.001,0,0,20,301,0,66,2
18-09 17:10:55,18.009,5.503,74.789,0.250,0,5715228,5496440,446600,4563256,15069.835,2051.066,0,5730.980,0,348.181,5001,5313,1.230,1.380,1.440,0,0,0,0,0,20,300,0,65,2
18-09 17:10:56,14.248,3.250,80.739,0,0,5715364,5496188,446716,4563256,3927.467,815.889,0,1459.802,0,144.980,3931,4150,1.230,1.380,1.440,0,0,0,0,0,20,300,0,65,2
18-09 17:10:57,10.751,4.000,83.504,0,0,5715332,5495936,446780,4563468,83707.329,594982.767,0,1932.100,0,88.005,4018,3730,1.230,1.380,1.440,2,0,3.000,0,0,20,301,0,65,2
18-09 17:10:58,10.252,3.501,84.517,0.250,0,5715172,5495936,446904,4563496,43705.872,16579.366,0,1224.249,0,136.028,4087,4340,1.230,1.380,1.440,0,0,0,0,0,20,300,0,65,2
18-09 17:10:59,15.013,3.503,78.818,0,0,5714988,5495936,447008,4563576,29433.245,9155.853,0,1409.209,0,162.139,4855,5041,1.130,1.360,1.430,0,0,0,0,0,20,300,0,63,2
18-09 17:11:00,15.992,5.747,76.213,0.500,0,5715388,5495432,447104,4563580,15565.403,7454.362,0,1327.352,0,153.925,5594,6000,1.130,1.360,1.430,1,0,1.999,0,0,20,301,0,64,2
18-09 17:11:01,24.751,7.500,65.754,0,0,5715504,5494928,447256,4563804,15841.888,7296.409,0,1484.083,0,161.009,5927,6534,1.130,1.360,1.430,2,0,1.000,0,0,20,301,0,64,2
18-09 17:11:02,26.654,7.224,63.520,0.249,0,5715380,5494676,447596,4563832,15397.277,7548.681,0,2897.514,0,311.871,6956,8020,1.130,1.360,1.430,2,0,0,0,0,20,301,0,64,2
18-09 17:11:03,26.050,8.767,63.373,0.250,0,5715164,5494424,447936,4563948,15021.103,7376.291,0,5598.848,0,386.749,7153,7994,1.130,1.360,1.430,1,0,2.004,0,0,20,301,0,54,2
18-09 17:11:04,25.251,6.000,66.753,0.250,0,5715656,5493668,448016,4564128,783.038,0,0,1204.058,0,101.005,6054,6283,1.120,1.350,1.430,2,0,0,0,0,20,301,0,54,2
18-09 17:11:05,23.615,6.960,66.121,0.249,0,5715976,5493164,448116,4564204,14998.136,7415.546,0,962.490,0,93.465,6183,6468,1.120,1.350,1.430,1,0,0,0,0,20,301,0,58,2
18-09 17:11:06,25.119,7.033,67.069,0,0,5716296,5492660,448236,4564264,824.918,0,0,1306.204,0,125.597,6136,6379,1.120,1.350,1.430,2,0,2.010,0,0,20,301,0,58,2
18-09 17:11:07,25.259,7.503,64.774,0,0,5716312,5492156,448384,4564596,14997.526,7608.804,0,1812.668,0,172.063,6509,6922,1.120,1.350,1.430,2,0,0,0,0,20,301,0,55,2
18-09 17:11:08,25.010,6.753,65.775,0.250,0,5716452,5491652,448508,4564820,928.359,0,0,1440.557,0,148.057,6556,6945,1.120,1.350,1.430,3,0,0,0,0,20,301,0,55,2
18-09 17:11:09,25.041,9.265,64.104,0.250,0,5716152,5491652,448700,4564924,45295.439,23620.296,0,2103.410,0,226.367,6900,7686,1.350,1.390,1.440,3,0,2.003,0,0,20,301,0,55,2
18-09 17:11:10,28.004,10.904,56.999,0.496,0,5716456,5490672,449288,4564996,29711.812,15238.047,0,11340.311,0,764.281,8580,9732,1.350,1.390,1.440,2,0,0.991,0,0,20,301,0,56,2
18-09 17:11:11,26.755,7.067,65.120,0.252,0,5716816,5489916,449464,4565208,30362.087,15289.577,0,4834.026,0,603.748,6738,6518,1.350,1.390,1.440,2,0,1.010,0,0,20,301,0,49,2
18-09 17:11:12,24.608,6.214,67.362,0,0,5717356,5489160,449572,4565304,15209.426,7467.006,0,1030.069,0,91.473,5951,6220,1.350,1.390,1.440,1,0,1.989,0,0,20,301,0,49,2
18-09 17:11:13,24.361,6.530,66.806,0,0,5717184,5489160,449656,4565388,15121.168,7329.527,0,2069.466,0,96.441,6419,6685,1.350,1.390,1.440,1,0,2.009,0,0,20,301,0,51,2
18-09 17:11:14,27.003,12.251,59.257,0.250,0,5749408,5456652,449772,4565556,15499.750,7494.846,0,1148.130,0,125.014,6874,7064,1.320,1.390,1.440,3,0,2.000,0,0,20,301,0,51,2
18-09 17:11:15,17.523,4.256,76.352,0.501,0,5749196,5456652,449904,4565624,18128.106,8711.584,0,1317.752,0,145.193,4474,4645,1.320,1.390,1.440,0,0,2.003,0,0,20,300,0,44,2
18-09 17:11:16,19.000,6.750,72.499,0.250,0,5751736,5453880,450032,4565724,4061.948,885.989,0,1791.977,0,186.998,5305,5774,1.320,1.390,1.440,0,0,6.000,0,0,20,300,0,46,2
18-09 17:11:17,13.476,3.993,80.855,0,0,5751760,5453628,450100,4565884,15932.331,7472.554,0,786.585,0,57.896,3653,3474,1.320,1.390,1.440,2,0,0,0,0,20,301,0,46,2
18-09 17:11:18,12.252,7.251,78.511,0.250,0,5762976,5442036,450388,4566544,3960.562,886.126,0,5932.841,0,402.057,4971,5487,1.320,1.390,1.440,1,0,23.003,0,0,20,300,0,46,2
18-09 17:11:19,21.783,10.767,66.102,0,0,5765016,5439796,450548,4565992,48107.932,23099.499,0,1277.964,0,128.197,5566,13203,1.210,1.360,1.430,0,0,16.025,0,0,20,300,0,45,2
18-09 17:11:20,17.253,4.001,77.014,0.250,0,5764992,5439544,450736,4566072,45043.182,23424.255,0,1452.264,0,157.029,4822,4958,1.210,1.360,1.430,0,0,0,0,0,20,300,0,45,2
18-09 17:11:21,6.000,4.000,88.494,0,0,5760716,5443740,450800,4566088,44606.871,467079.239,0,4683.671,0,633.956,4332,2993,1.210,1.360,1.430,1,0,3.000,0,0,20,301,0,45,2
18-09 17:11:22,7.999,2.750,87.489,0.250,0,5761084,5443236,450896,4566124,36169.589,145856.211,0,1007.877,0,93.989,3396,3456,1.210,1.360,1.430,0,0,1.000,0,0,20,300,0,45,2
18-09 17:11:23,13.744,4.748,79.713,0,0,5760828,5443236,451068,4566204,18224.555,8179.210,0,1447.329,0,177.918,4416,4514,1.210,1.360,1.430,0,0,0,0,0,20,300,0,41,2
18-09 17:11:24,11.507,3.752,83.298,0,0,5761160,5442736,451220,4566204,62674.779,30247.267,0,1180.674,0,125.071,3848,3965,1.120,1.340,1.420,0,0,2.001,0,0,20,300,0,41,2
18-09 17:11:25,6.743,2.498,89.413,0.250,0,5761284,5442512,451244,4566276,30122.836,15061.418,0,567.451,0,33.967,2494,2429,1.120,1.340,1.420,2,0,0,0,0,20,301,0,41,2
18-09 17:11:26,8.502,3.251,86.770,0.250,0,5761304,5442260,451424,4566320,47848.850,23787.394,0,1236.280,0,140.032,3731,3862,1.120,1.340,1.420,0,0,0,0,0,20,300,0,41,2
18-09 17:11:27,10.764,3.504,83.857,0.250,0,5761324,5442008,451544,4566432,32712.626,15615.871,0,1201.529,0,121.154,3865,3889,1.120,1.340,1.420,0,0,2.003,0,0,20,300,0,33,2
18-09 17:11:28,14.981,4.744,78.900,0,0,5761352,5441504,451668,4566776,15157.788,7848.053,0,1182.501,0,108.862,4585,4791,1.120,1.340,1.420,1,0,0,0,0,20,300,0,34,2
18-09 17:11:29,8.738,3.995,85.135,0.499,0,5761056,5441504,451924,4566808,47394.887,22697.296,0,5464.608,0,335.546,4277,4409,1.030,1.320,1.420,2,0,0,0,0,20,301,0,34,2
18-09 17:11:30,12.279,4.511,81.695,0,0,5761108,5441252,452076,4566852,44189.512,16483.358,0,1431.418,0,163.390,4326,4651,1.030,1.320,1.420,0,0,2.005,0,0,20,300,0,34,2
18-09 17:11:31,20.757,6.752,70.774,0,0,5760940,5441252,452200,4566892,29573.823,14596.848,0,1196.397,0,122.041,6145,6481,1.030,1.320,1.420,1,0,1.000,0,0,20,301,0,30,2
18-09 17:11:32,25.450,7.735,64.124,0.250,0,5760616,5441252,452436,4566968,15081.470,7591.136,0,1876.326,0,224.560,6668,7391,1.030,1.320,1.420,4,0,0,0,0,20,301,0,31,2
18-09 17:11:33,25.020,8.257,63.802,0.250,0,5760800,5440496,452784,4567176,15004.238,7301.956,0,2401.959,0,270.220,6976,7919,1.030,1.320,1.420,1,0,2.002,0,0,20,301,0,31,2
18-09 17:11:34,24.757,6.252,67.020,0,0,5761112,5439992,452900,4567248,15175.535,7298.181,0,920.275,0,78.023,5884,6067,1.020,1.310,1.410,2,0,0,0,0,20,301,0,31,2
18-09 17:11:35,23.254,7.001,67.762,0.250,0,5761056,5439740,453024,4567428,15725.721,7297.263,0,1000.173,0,85.015,6085,6266,1.020,1.310,1.410,1,0,0,0,0,20,301,0,31,2
18-09 17:11:36,22.951,7.734,66.858,0.249,0,5761584,5438984,453156,4567516,477.986,0,0,1033.808,0,92.803,5955,6336,1.020,1.310,1.410,2,0,1.996,0,0,20,302,0,29,2
18-09 17:11:37,24.301,9.269,66.138,0,0,5761744,5438480,453420,4567588,15526.450,7784.269,0,1988.155,0,224.469,5847,6360,1.020,1.310,1.410,0,0,0,0,0,20,300,0,30,2
18-09 17:11:38,6.744,3.247,87.418,0.250,0,5761876,5437976,453792,4567580,3146.032,2179.944,0,5582.734,0,307.710,3520,3634,1.020,1.310,1.410,1,0,0,0,0,20,301,0,30,2
18-09 17:11:39,24.854,9.445,62.881,0,0,5761844,5437220,454296,4567844,14844.837,7414.465,0,2016.162,0,242.576,6215,6689,1.020,1.310,1.410,1,0,1.988,0,0,20,300,0,31,2
18-09 17:11:40,6.037,3.270,89.793,0.252,0,5761868,5436968,454476,4567884,592.585,0,0,929.625,0,98.597,3220,3565,1.020,1.310,1.410,3,0,0,0,0,20,301,0,30,2
18-09 17:11:41,24.714,6.490,66.402,0.250,0,5761800,5436716,454696,4567976,30369.210,15051.801,0,1549.714,0,181.732,6383,7000,1.020,1.310,1.410,1,0,0.999,0,0,20,301,0,32,2
18-09 17:11:42,26.408,9.872,60.220,0.247,0,5761668,5436364,454964,4568176,58094.673,583308.148,0,6926.304,0,764.105,8411,7848,1.020,1.310,1.410,14,0,2.962,0,0,20,301,0,32,2
18-09 17:11:43,27.670,9.392,61.940,0,0,5761492,5436140,455260,4568268,15229.025,7542.419,0,4443.407,0,352.345,7542,8718,1.020,1.310,1.410,1,0,1.015,0,0,20,301,0,32,2
18-09 17:11:44,26.504,8.251,62.759,1.000,0,5761660,5435636,455536,4568324,29747.104,14660.022,0,6408.884,0,364.050,6868,7288,1.020,1.300,1.410,2,0,1.000,0,0,20,301,0,33,2
18-09 17:11:45,24.498,6.999,66.744,0,0,5762068,5434880,455672,4568532,15460.501,7361.286,0,1083.895,0,101.990,5964,6274,1.020,1.300,1.410,1,0,2.000,0,0,20,301,0,33,2
18-09 17:11:46,25.249,6.750,65.998,0,0,5762604,5434124,455800,4568616,26590.122,8747.711,0,1211.960,0,109.996,6265,6475,1.020,1.300,1.410,1,0,0,0,0,20,301,0,34,2
18-09 17:11:47,24.197,10.726,63.610,0,0,5764608,5431860,455856,4568812,419.075,147.674,0,790.257,0,58.870,5485,5265,1.020,1.300,1.410,1,0,5.987,0,0,20,301,0,34,2
18-09 17:11:48,24.428,7.727,65.558,0.249,0,5764360,5431860,456036,4568868,44717.902,22854.997,0,1280.247,0,138.594,6955,7496,1.020,1.300,1.410,1,0,1.994,0,0,20,301,0,31,2
18-09 17:11:49,27.105,8.784,60.987,0.251,0,5764176,5431608,456348,4568984,41662.873,16172.836,0,2505.736,0,316.229,7447,8478,1.020,1.300,1.410,5,0,0,0,0,20,301,0,31,2
18-09 17:11:50,28.010,9.253,60.521,0,0,5764288,5431104,456664,4569044,32253.178,16409.687,0,2656.921,0,309.107,7389,8424,1.020,1.300,1.410,2,0,0,0,0,20,301,0,32,2
18-09 17:11:51,25.287,5.758,66.596,0.501,0,5765204,5429844,456784,4569264,30435.097,15472.418,0,1434.078,0,111.161,6249,6525,1.020,1.300,1.410,2,0,3.004,0,0,20,301,0,33,2
18-09 17:11:52,23.712,8.486,65.396,0,0,5765280,5429592,456896,4569324,44586.986,22000.959,0,5539.178,0,685.908,7206,6519,1.020,1.300,1.410,1,0,0,0,0,20,301,0,30,2
18-09 17:11:53,24.250,9.000,65.000,0.250,0,5765772,5428584,457200,4569524,15453.064,7362.031,0,5948.025,0,316.001,6602,7071,1.020,1.300,1.410,1,0,0,0,0,20,302,0,30,2
18-09 17:11:54,25.500,7.750,65.500,0,0,5765836,5428332,457320,4569584,30494.218,15268.109,0,1280.009,0,144.001,6733,7096,1.020,1.290,1.400,1,0,2.000,0,0,20,301,0,30,2
18-09 17:11:55,25.781,8.510,63.577,0.250,0,5765752,5428080,457632,4569600,44669.423,22142.978,0,2022.464,0,233.284,6812,7493,1.020,1.290,1.400,2,0,0,0,0,20,301,0,30,2
18-09 17:11:56,25.982,7.995,63.456,0.500,0,5765352,5427828,457988,4569884,30125.299,14581.980,0,2182.500,0,274.811,7007,8039,1.020,1.290,1.400,1,0,0,0,0,20,301,0,29,2
18-09 17:11:57,24.740,6.497,66.724,0.250,0,5765376,5427576,458128,4569964,15224.970,7483.036,0,1327.474,0,108.957,5960,6463,1.020,1.290,1.400,1,0,1.999,0,0,20,300,0,30,2
18-09 17:11:58,23.759,6.252,67.776,0,0,5765696,5427072,458252,4570016,14997.660,7298.755,0,1204.455,0,92.035,5799,6041,1.020,1.290,1.400,1,0,0,0,0,20,301,0,33,2
18-09 17:11:59,24.732,7.245,66.452,0,0,5766372,5426064,458376,4570220,15486.902,7290.775,0,1283.081,0,141.898,6295,6635,1.020,1.290,1.400,1,0,0,0,0,20,302,0,36,2
18-09 17:12:00,27.098,7.955,62.399,0.249,0,5766872,5425056,458780,4570308,21666.116,437363.594,0,6479.549,0,426.600,7457,7930,1.020,1.290,1.400,1,0,3.978,0,0,20,301,0,38,2
18-09 17:12:01,24.889,7.291,65.364,0.251,0,5767020,5424580,459028,4570380,33843.353,143494.612,0,1544.596,0,192.069,7036,7605,1.020,1.290,1.400,1,0,2.011,0,0,20,301,0,40,2
18-09 17:12:02,25.504,8.251,64.509,0,0,5766756,5424328,459344,4570568,44829.347,22429.175,0,1800.255,0,216.031,6849,7462,1.020,1.290,1.400,1,0,0,0,0,20,301,0,41,2
18-09 17:12:03,25.523,8.508,63.057,0.500,0,5766820,5423824,459688,4570652,30656.479,14965.414,0,2366.121,0,263.236,7319,8140,1.020,1.290,1.400,1,0,2.002,0,0,20,301,0,41,2
18-09 17:12:04,24.970,6.492,65.920,0,0,5767360,5423068,459828,4570720,15778.750,7580.752,0,1649.987,0,147.820,6310,6726,1.010,1.280,1.400,1,0,0,0,0,20,301,0,40,2
18-09 17:12:05,23.530,6.759,67.837,0.250,0,5767048,5423068,459944,4570912,15639.124,7629.818,0,1341.727,0,104.134,5873,6038,1.010,1.280,1.400,1,0,0,0,0,20,301,0,41,2
18-09 17:12:06,23.994,7.248,67.234,0.250,0,5767108,5422816,460060,4570980,15108.456,7522.235,0,1043.755,0,97.977,6141,6404,1.010,1.280,1.400,3,0,2.000,0,0,20,301,0,41,2
18-09 17:12:07,24.228,7.493,65.940,0.250,0,5767704,5422060,460204,4570988,1104.997,147.866,0,1446.687,0,153.860,6330,6588,1.010,1.280,1.400,2,0,0,0,0,20,301,0,41,2
18-09 17:12:08,25.003,9.251,64.258,0.250,0,5767664,5421556,460428,4571300,64004.756,31175.778,0,1548.188,0,176.021,5932,5870,1.010,1.280,1.400,1,0,0,0,0,20,300,0,36,2
18-09 17:12:09,10.008,5.254,81.815,0,0,5769312,5419540,460740,4571340,32941.267,15559.407,0,6513.193,0,380.303,4618,5015,0.930,1.260,1.390,1,0,2.002,0,0,20,300,0,36,2
18-09 17:12:10,13.493,4.747,79.956,0.250,0,5769080,5419540,460912,4571396,44120.909,16662.902,0,1563.146,0,162.911,4726,4933,0.930,1.260,1.390,0,0,0,0,0,20,300,0,36,2
18-09 17:12:11,20.490,7.246,70.214,0,0,5769084,5419288,461064,4571484,30605.460,15036.365,0,1279.350,0,144.926,4918,4862,0.930,1.260,1.390,2,0,0.999,0,0,20,300,0,37,2
18-09 17:12:12,10.242,4.496,83.933,0.250,0,5769176,5419036,461128,4571576,32823.647,15681.410,0,6546.744,0,664.467,4277,3190,0.930,1.260,1.390,1,0,1.998,0,0,20,301,0,35,2
18-09 17:12:13,25.740,6.498,65.975,0,0,5768808,5418784,461516,4571796,29971.675,14586.488,0,2283.137,0,302.886,6558,7000,0.930,1.260,1.390,1,0,1.999,0,0,20,301,0,36,2
18-09 17:12:14,11.035,3.260,83.512,0.502,0,5768472,5418784,461672,4571968,44344.051,16658.236,0,1829.738,0,153.481,3880,4279,0.940,1.260,1.390,0,0,0,0,0,20,300,0,36,2
18-09 17:12:15,21.751,5.250,71.505,0.500,0,5768352,5418532,461948,4572056,16228.036,8490.542,0,1584.101,0,195.012,5722,5976,0.940,1.260,1.390,2,0,2.000,0,0,20,301,0,36,2
18-09 17:12:16,37.922,13.472,46.155,0.249,0,5761988,5424592,462156,4572140,45413.222,21842.895,0,1692.505,0,162.664,7960,8809,0.940,1.260,1.390,4,0,3.992,0,0,20,302,0,37,2
18-09 17:12:17,36.496,14.498,47.245,0,0,5821668,5364168,462668,4572356,42890.514,575077.847,0,7563.209,0,524.945,9531,10818,0.940,1.260,1.390,1,0,3.000,0,0,20,301,0,31,2
18-09 17:12:18,26.045,8.264,63.360,0.501,0,5821492,5363916,462996,4572448,15961.750,7470.988,0,2756.793,0,265.462,7280,8120,0.940,1.260,1.390,1,0,2.003,0,0,20,301,0,32,2
18-09 17:12:19,34.946,15.226,47.676,0.250,0,5845512,5339504,463300,4572520,15668.668,7284.688,0,1901.048,0,231.640,7578,15531,1.020,1.270,1.390,2,0,35.944,0,0,20,301,0,33,2
18-09 17:12:20,25.049,7.014,65.126,0,0,5836840,5347684,463492,4572812,15239.522,7442.418,0,1510.927,0,135.262,6564,7040,1.020,1.270,1.390,1,0,0,0,0,20,301,0,33,2
18-09 17:12:21,24.246,6.999,67.239,0,0,5833020,5351320,463584,4572900,15260.450,7294.781,0,1419.763,0,106.982,6308,6650,1.020,1.270,1.390,1,0,2.999,0,0,20,301,0,32,2
18-09 17:12:22,23.992,6.248,67.727,0.250,0,5830288,5353928,463632,4572968,15318.872,7441.509,0,891.701,0,73.975,5671,5768,1.020,1.270,1.390,1,0,0,0,0,20,302,0,32,2
18-09 17:12:23,21.763,8.005,68.291,0,0,5827128,5356628,463808,4573248,1178.703,892.533,0,2013.202,0,198.118,5286,5367,1.020,1.270,1.390,0,0,0,0,0,20,300,0,33,2
18-09 17:12:24,11.494,4.498,83.210,0.250,0,5824964,5358672,463892,4573280,18359.174,7586.353,0,2474.810,0,107.948,3545,3528,1.020,1.260,1.390,2,0,1.999,0,0,20,301,0,33,2
18-09 17:12:25,24.241,9.247,63.976,0.250,0,5824804,5358440,464196,4573356,15825.078,9014.626,0,5625.895,0,348.869,6388,6617,1.020,1.260,1.390,0,0,0,0,0,20,300,0,32,2
18-09 17:12:26,6.752,3.001,88.774,0,0,5824672,5358440,464288,4573392,58526.034,24192.628,0,1200.329,0,111.030,3288,3535,1.020,1.260,1.390,1,0,0,0,0,20,301,0,32,2
18-09 17:12:27,24.248,8.249,65.246,0.250,0,5823880,5358692,464604,4573604,29981.048,14805.036,0,2295.851,0,263.983,7245,8114,1.020,1.260,1.390,1,0,2.000,0,0,20,301,0,32,2
18-09 17:12:28,24.961,8.986,63.400,0.499,0,5823596,5358692,464896,4573588,15088.192,7416.297,0,2220.496,0,243.616,6784,7386,1.020,1.260,1.390,2,0,0,0,0,20,301,0,33,2
18-09 17:12:29,26.355,7.708,62.904,0.249,0,5823232,5358440,465328,4573756,15087.948,7321.698,0,2776.716,0,325.210,7338,8298,1.020,1.260,1.390,2,0,0,0,0,20,301,0,32,2
18-09 17:12:30,26.594,7.276,64.227,0,0,5823304,5357936,465548,4573960,15569.105,7484.490,0,1966.962,0,197.700,6660,7231,1.020,1.260,1.390,1,0,2.007,0,0,20,301,0,32,2
18-09 17:12:31,24.339,6.022,67.999,0.251,0,5823904,5357180,465644,4574016,15511.868,7322.846,0,1192.371,0,85.313,5280,5283,1.020,1.260,1.390,2,0,1.004,0,0,20,301,0,32,2
18-09 17:12:32,23.988,6.996,66.716,0.250,0,5823908,5356928,465812,4574080,15626.130,7668.138,0,1487.251,0,115.942,6017,6462,1.020,1.260,1.390,1,0,0,0,0,20,301,0,32,2
18-09 17:12:33,23.722,11.237,63.174,0,0,5823924,5356424,466224,4574152,924.890,0,0,12129.439,0,1084.698,7272,7172,1.020,1.260,1.390,3,0,1.998,0,0,20,301,0,31,2
18-09 17:12:34,16.749,5.000,75.497,0.500,0,5823880,5356172,466444,4574220,18157.244,8367.652,0,1419.941,0,155.994,4692,5006,0.940,1.240,1.380,0,0,0,0,0,20,300,0,32,2
18-09 17:12:35,16.530,4.007,78.140,0,0,5823684,5356172,466568,4574284,29901.759,9551.172,0,965.736,0,93.168,3951,3832,0.940,1.240,1.380,0,0,0,0,0,20,300,0,32,2
18-09 17:12:36,14.492,3.248,80.956,0.250,0,5823424,5356172,466704,4574404,18627.846,2396.694,3.998,931.492,0.999,80.956,3575,3427,0.940,1.240,1.380,3,0,1.999,0,0,20,301,0,32,2
18-09 17:12:37,13.014,3.253,82.088,0,0,5823172,5355920,466864,4574740,29969.067,4632.957,0,1077.153,0,108.116,3895,4042,0.940,1.240,1.380,0,0,0,0,0,20,300,0,32,2
18-09 17:12:38,20.002,5.500,73.506,0,0,5822976,5355920,467044,4574752,21288.687,8244.653,0,1260.100,0,122.010,4555,4422,0.940,1.240,1.380,1,0,0,0,0,20,300,0,33,2
18-09 17:12:39,9.739,3.496,84.902,0.250,0,5822772,5355920,467132,4574860,11612.643,1034.810,0,962.892,0,84.902,3716,3765,0.940,1.230,1.380,1,0,1.998,0,0,20,301,0,33,2
18-09 17:12:40,25.004,7.501,65.009,0.250,0,5822620,5355668,467440,4574940,15849.229,7977.122,0,2132.300,0,223.031,6860,7613,0.940,1.230,1.380,2,0,0,0,0,20,301,0,33,2
18-09 17:12:41,26.006,9.002,63.265,0.500,0,5822200,5355416,467880,4575160,44855.936,22121.393,0,2992.730,0,327.080,7434,8287,0.940,1.230,1.380,1,0,1.000,0,0,20,301,0,30,2
18-09 17:12:42,26.001,9.000,62.501,0.250,0,5822124,5354912,468384,4575220,29804.698,14968.350,0,7376.173,0,488.011,7495,8548,0.940,1.230,1.380,2,0,2.000,0,0,20,301,0,31,2
18-09 17:12:43,24.236,6.746,66.463,0,0,5822968,5353904,468460,4575300,15222.511,7357.897,0,4701.378,0,661.631,6723,5951,0.940,1.230,1.380,1,0,0,0,0,20,301,0,33,2
18-09 17:12:44,23.753,6.751,67.258,0.500,0,5822940,5353652,468548,4575492,15113.728,7296.834,0,1052.120,0,96.011,6163,6514,0.950,1.230,1.370,1,0,0,0,0,20,301,0,33,2
18-09 17:12:45,23.951,7.235,67.114,0,0,5823560,5352896,468616,4575552,15708.177,7347.116,0,1409.145,0,89.818,5792,5842,0.950,1.230,1.370,4,0,1.996,0,0,20,301,0,30,2
18-09 17:12:46,26.738,8.746,61.722,0,0,5823140,5352896,468844,4575732,46255.671,589999.946,0,1879.134,0,196.909,6449,6751,0.950,1.230,1.370,0,0,1.000,0,0,20,300,0,32,2
18-09 17:12:47,10.531,6.770,81.237,0,0,5823336,5352392,468988,4575892,18318.361,7664.326,0,1123.272,0,104.304,3695,3804,0.950,1.230,1.370,1,0,6.018,0,0,20,301,0,32,2
18-09 17:12:48,12.253,3.501,82.520,0,0,5823184,5352392,469092,4575936,12486.996,1452.348,0,3392.814,0,503.121,4447,3897,0.950,1.230,1.370,1,0,2.000,0,0,20,300,0,32,2
18-09 17:12:49,19.730,4.495,73.926,0.499,0,5822972,5352392,469220,4576012,33787.016,10070.871,0,1230.762,0,123.875,4729,4645,0.950,1.230,1.370,0,0,0.999,0,0,20,302,0,31,2
18-09 17:12:50,13.743,5.247,79.462,0.250,0,5822792,5352392,469340,4576068,23131.864,8470.922,0,1267.390,0,119.942,4643,4994,0.950,1.230,1.370,1,0,0,0,0,20,303,0,31,2
18-09 17:12:51,23.269,9.257,64.802,0.250,0,5822556,5352140,469632,4576252,44650.920,22037.728,0,5976.808,0,367.295,7253,7982,0.950,1.230,1.370,2,0,3.002,0,0,20,303,0,31,2
18-09 17:12:52,26.259,8.753,61.771,0.500,0,5822200,5352140,469920,4576316,30054.086,15069.057,0,2072.696,0,251.084,7485,8576,0.950,1.230,1.370,1,0,1.000,0,0,20,303,0,31,2
18-09 17:12:53,28.010,7.252,63.022,0,0,5822028,5351888,470212,4576432,15683.396,7298.511,0,2128.732,0,242.083,6925,7630,0.950,1.230,1.370,2,0,0,0,0,20,303,0,29,2
18-09 17:12:54,23.727,6.993,66.187,0,0,5822708,5350880,470332,4576636,15439.297,7450.904,0,1090.961,0,91.912,6062,6394,1.040,1.240,1.380,3,0,1.998,0,0,20,303,0,29,2
18-09 17:12:55,24.263,6.754,66.786,0.250,0,5823260,5350124,470468,4576700,15746.422,7299.904,0,2289.224,0,101.054,6155,6419,1.040,1.240,1.380,1,0,0,0,0,20,303,0,31,2
18-09 17:12:56,24.499,7.000,66.998,0,0,5823184,5349872,470576,4576916,15800.555,7295.794,0,975.972,0,76.998,5914,5900,1.040,1.240,1.380,1,0,0,0,0,20,304,0,31,2
18-09 17:12:57,22.270,9.258,67.059,0.500,0,5823120,5349620,470804,4576984,31751.146,17547.555,0,2005.778,0,206.183,5327,5579,1.040,1.240,1.380,0,0,2.002,0,0,20,302,0,30,2
18-09 17:12:58,13.983,3.246,80.403,0,0,5823016,5349620,470904,4576988,47298.888,22488.845,0,1150.611,0,100.878,3896,4003,1.040,1.240,1.380,2,0,0,0,0,20,302,0,31,2
18-09 17:12:59,5.994,2.497,89.410,0,0,5822796,5349620,471052,4577056,29721.978,9128.779,0,1154.834,0,110.888,3483,3797,0.950,1.220,1.370,0,0,0,0,0,20,303,0,31,2
18-09 17:13:00,26.117,9.452,61.436,0.249,0,5822344,5349368,471536,4577264,44914.503,22449.292,0,6411.241,0,429.804,7680,8692,0.950,1.220,1.370,1,0,1.990,0,0,20,304,0,31,2
18-09 17:13:01,25.895,8.799,64.361,0.503,0,5823144,5348136,471880,4577332,30737.489,14674.348,0,2727.305,0,296.665,6865,7578,0.950,1.220,1.370,1,0,1.006,0,0,20,303,0,31,2
18-09 17:13:02,25.513,8.004,63.031,0.250,0,5823216,5347632,472212,4577420,30118.808,14951.351,0,2133.049,0,255.125,7104,8121,0.950,1.220,1.370,2,0,0,0,0,20,303,0,22,2
18-09 17:13:03,25.506,6.502,66.267,0,0,5823288,5347380,472320,4577488,15414.871,7459.873,0,1488.374,0,114.029,6281,6606,0.950,1.220,1.370,4,0,2.001,0,0,20,303,0,23,2
18-09 17:13:04,24.767,6.755,67.046,0,0,5823712,5346624,472496,4577636,15428.529,7367.028,0,1384.945,0,110.075,6049,6389,0.960,1.210,1.370,1,0,0,0,0,20,303,0,24,2
18-09 17:13:05,23.242,5.998,67.727,0,0,5823920,5346120,472600,4577824,15405.736,7293.508,0,1435.509,0,88.970,5936,6168,0.960,1.210,1.370,2,0,0,0,0,20,304,0,24,2
18-09 17:13:06,24.123,7.212,65.656,0,0,5823840,5345868,472772,4577972,19016.277,8523.303,0,1289.239,0,142.254,6369,6774,0.960,1.210,1.370,2,0,1.990,0,0,20,303,0,22,2
18-09 17:13:07,25.132,9.550,63.080,0.754,0,5823936,5345420,472968,4578120,55660.603,594954.939,0,1821.543,0,191.001,6745,7214,0.960,1.210,1.370,1,0,1.005,0,0,20,303,0,23,2
18-09 17:13:08,26.731,9.993,60.958,0.250,0,5824256,5344412,473560,4578204,29952.241,15067.557,0,8050.420,0,581.597,8101,9325,0.960,1.210,1.370,1,0,0,0,0,20,303,0,23,2
18-09 17:13:09,26.284,7.009,64.835,0.250,0,5824348,5343908,473780,4578388,15538.304,7629.970,0,7734.106,0,825.078,6577,6284,0.960,1.210,1.360,3,0,2.003,0,0,20,303,0,23,2
18-09 17:13:10,25.461,7.239,64.652,0,0,5824572,5343404,473964,4578472,29937.412,14797.467,0,1493.725,0,147.775,6752,7283,0.960,1.210,1.360,2,0,0,0,0,20,303,0,22,2
18-09 17:13:11,24.014,6.754,66.788,0,0,5825420,5342396,474052,4578540,660.371,0,0,996.560,0,79.044,6137,6402,0.960,1.210,1.360,2,0,1.001,0,0,20,303,0,22,2
18-09 17:13:12,23.007,7.502,67.521,0,0,5825660,5341892,474128,4578720,15914.990,7446.335,0,976.306,0,91.029,5647,5662,0.960,1.210,1.360,1,0,2.001,0,0,20,303,0,22,2
18-09 17:13:13,19.996,7.748,70.235,0.250,0,5825548,5341640,474368,4578836,18094.209,8260.269,0,2267.525,0,232.951,5550,6100,0.960,1.210,1.360,0,0,2.000,0,0,20,302,0,23,2
18-09 17:13:14,12.256,3.752,81.789,0.500,0,5825772,5341136,474580,4578896,18646.831,8202.885,0,1448.686,0,168.080,4055,4478,0.880,1.190,1.360,0,0,0,0,0,20,302,0,21,2
18-09 17:13:15,8.505,3.002,88.049,0,0,5825944,5340884,474644,4578912,540.304,0,0,1120.630,0,55.031,2810,2815,0.880,1.190,1.360,1,0,2.001,0,0,20,303,0,21,2
18-09 17:13:16,13.250,4.750,80.501,0.500,0,5825956,5340380,474952,4579084,18962.257,8568.116,0,6316.086,0,374.005,5032,5432,0.880,1.190,1.360,0,0,0,0,0,20,302,0,24,2
18-09 17:13:17,14.246,3.499,79.975,0.250,0,5826024,5340128,475132,4579084,58371.843,24042.521,0,1199.627,0,140.956,4473,4574,0.880,1.190,1.360,0,0,0,0,0,20,302,0,24,2
18-09 17:13:18,19.994,7.748,71.230,0,0,5829876,5335884,475368,4579212,30034.571,14587.906,0,1379.613,0,160.955,5937,6244,0.880,1.190,1.360,1,0,8.997,0,0,20,303,0,24,2
18-09 17:13:19,24.933,10.368,61.467,0.247,0,5839172,5326308,475656,4579392,15283.426,7269.452,0,1753.674,0,201.436,7002,7762,0.970,1.200,1.360,3,0,13.824,0,0,20,303,0,25,2
18-09 17:13:20,38.066,17.395,43.108,0,0,5844236,5320524,476064,4579492,15764.037,7423.709,0,2871.872,0,335.791,8388,20684,0.970,1.200,1.360,1,0,22.184,0,0,20,303,0,26,2
18-09 17:13:21,25.793,7.012,65.109,0,0,5843948,5320524,476276,4579560,15419.816,7308.235,0,2031.401,0,201.337,6539,7378,0.970,1.200,1.360,2,0,3.005,0,0,20,303,0,28,2
18-09 17:13:22,25.043,6.261,67.115,0.250,0,5843732,5320524,476428,4579624,15317.300,7619.082,0,1466.518,0,116.200,6136,6446,0.970,1.200,1.360,2,0,0,0,0,20,303,0,29,2
18-09 17:13:23,23.450,6.736,66.358,0.499,0,5843332,5320524,476624,4579816,15751.371,7280.456,0,1592.600,0,139.702,6358,6842,0.970,1.200,1.360,1,0,0,0,0,20,303,0,30,2
18-09 17:13:24,23.297,7.265,67.387,0,0,5843120,5320524,476748,4579900,15604.786,7539.357,0,1094.229,0,93.190,5830,6135,0.980,1.200,1.360,2,0,2.004,0,0,20,303,0,30,2
18-09 17:13:25,23.512,7.003,67.533,0.250,0,5842544,5320524,477244,4579964,3893.905,995.487,0,6110.990,0,433.212,6008,6592,0.980,1.200,1.360,2,1,0,0,0,20,302,0,31,2
18-09 17:13:26,9.763,4.256,85.364,0.250,0,5842516,5320272,477344,4580140,15557.819,7772.401,0,993.329,0,79.106,3239,3312,0.980,1.200,1.360,0,0,0,0,0,20,302,0,30,2
18-09 17:13:27,8.963,3.237,85.402,0,0,5842288,5320272,477548,4580152,14608.507,1635.340,0,1481.965,0,141.424,3793,4117,0.980,1.200,1.360,2,0,1.992,0,0,20,303,0,30,2
18-09 17:13:28,25.325,7.522,65.694,0.251,0,5842156,5320020,477784,4580288,943.790,0,0,2198.500,0,233.691,7191,7971,0.980,1.200,1.360,1,0,0,0,0,20,303,0,31,2
18-09 17:13:29,23.745,8.748,64.736,0,0,5841860,5320020,477948,4580420,44834.278,22853.045,0,2139.536,0,232.949,6690,7259,1.060,1.210,1.360,2,0,0,0,0,20,303,0,31,2
18-09 17:13:30,28.114,10.698,58.716,0.746,0,5841584,5319768,478264,4580620,44281.146,22105.244,0,9315.014,0,1044.953,8901,8657,1.060,1.210,1.360,1,0,1.990,0,0,20,303,0,31,2
18-09 17:13:31,25.126,9.297,62.313,0.754,0,5841092,5319516,478772,4580840,15127.944,7561.962,0,7377.033,0,548.755,7534,8650,1.060,1.210,1.360,1,0,1.005,0,0,20,303,0,31,2
18-09 17:13:32,25.241,5.748,66.475,0.250,0,5840888,5319516,478924,4580884,15567.187,7669.136,0,1483.446,0,143.946,5639,5989,1.060,1.210,1.360,1,0,0,0,0,20,303,0,31,2
18-09 17:13:33,25.764,7.004,65.537,0.250,0,5840696,5319516,479036,4580960,27475.308,459255.876,0,1676.934,0,125.070,6450,6645,1.060,1.210,1.360,2,0,2.001,0,0,20,303,0,31,2
18-09 17:13:34,24.181,7.479,65.812,0,0,5841332,5318536,479160,4581172,18956.907,144296.252,0,1124.790,0,100.713,6258,6537,1.050,1.210,1.360,1,0,0.997,0,0,20,303,0,31,2
18-09 17:13:35,23.553,6.515,67.651,0,0,5841616,5318032,479332,4581208,15272.055,7510.748,0,1290.878,0,126.282,5806,6060,1.050,1.210,1.360,1,0,0,0,0,20,303,0,32,2
18-09 17:13:36,25.772,4.754,67.807,0,0,5841592,5317780,479484,4581328,659.550,0,0,1201.002,0,103.086,5189,5362,1.050,1.210,1.360,2,0,2.002,0,0,20,303,0,33,2
18-09 17:13:37,23.996,7.749,66.240,0.250,0,5841204,5317780,479688,4581504,44938.901,23078.354,0,1607.746,0,170.973,6689,7447,1.050,1.210,1.360,1,0,0,0,0,20,303,0,33,2
18-09 17:13:38,25.965,8.988,62.665,0.749,0,5840980,5317528,480108,4581548,30430.920,14572.328,0,2616.468,0,292.605,7263,8248,1.050,1.210,1.360,3,0,0,0,0,20,303,0,32,2
18-09 17:13:39,27.268,9.506,60.540,0.500,0,5840436,5317276,480720,4581708,30289.979,15087.952,0,7240.776,0,505.333,7939,9059,1.050,1.210,1.360,1,0,2.001,0,0,20,303,0,32,2
18-09 17:13:40,25.491,8.247,64.476,0,0,5840040,5317276,480912,4581904,15432.336,7779.145,0,5549.963,0,690.746,7019,6443,1.050,1.210,1.360,1,0,0,0,0,20,303,0,33,2
18-09 17:13:41,23.268,7.006,66.803,0,0,5840616,5316520,481016,4581976,15183.997,7692.077,0,828.655,0,80.063,6228,6534,1.050,1.210,1.360,1,0,1.001,0,0,20,303,0,33,2
18-09 17:13:42,23.428,7.726,66.794,0,0,5840444,5316520,481124,4582036,15299.859,7648.434,0,809.506,0,79.754,5887,6044,1.050,1.210,1.360,1,0,1.994,0,0,20,303,0,35,2
18-09 17:13:43,24.332,7.275,66.977,0,0,5840212,5316268,481348,4582280,15632.903,8175.667,0,1629.514,0,163.553,6166,6455,1.050,1.210,1.360,2,0,0,0,0,20,303,0,34,2
18-09 17:13:44,24.215,6.990,66.155,0.250,0,5839896,5316268,481584,4582352,44311.660,21856.757,0,1362.053,0,141.797,6255,6699,1.120,1.220,1.360,1,0,0,0,0,20,303,0,34,2
18-09 17:13:45,25.090,8.198,64.090,0.248,0,5839440,5316016,481940,4582696,30003.209,14499.315,0,2345.010,0,250.399,6835,7528,1.120,1.220,1.360,3,0,1.987,0,0,20,303,0,34,2
18-09 17:13:46,26.461,8.316,64.515,0,0,5839140,5316016,482168,4582756,26567.990,8751.832,0,3096.709,0,210.681,6815,7268,1.120,1.220,1.360,1,0,0,0,0,20,303,0,34,2
18-09 17:13:47,24.939,11.472,60.850,0.249,0,5838732,5316016,482488,4582832,15356.229,7587.338,0,6687.551,0,361.112,7105,7470,1.120,1.220,1.360,3,0,2.993,0,0,20,303,0,31,2
18-09 17:13:48,24.012,8.254,65.534,0.250,0,5838724,5315764,482564,4583008,15238.919,7299.793,0,848.441,0,77.040,6158,6480,1.120,1.220,1.360,1,0,5.003,0,0,20,303,0,33,2
18-09 17:13:49,26.021,8.257,64.301,0.500,0,5838680,5315512,482728,4583132,26225.930,8754.987,0,1253.000,0,130.104,6556,7112,1.110,1.220,1.360,1,0,0,0,0,20,303,0,34,2
18-09 17:13:50,27.013,7.754,63.280,0,0,5838648,5315260,482912,4583228,30411.405,16731.925,0,1568.743,0,171.081,6759,7309,1.110,1.220,1.360,1,0,0,0,0,20,303,0,35,2
18-09 17:13:51,24.496,8.749,65.240,0.250,0,5838524,5315008,483104,4583404,44188.909,21950.478,0,1639.737,0,180.971,6615,7240,1.110,1.220,1.360,1,0,3.000,0,0,20,303,0,35,2
18-09 17:13:52,24.520,8.257,63.553,0,0,5838056,5315008,483472,4583488,15189.647,7882.563,0,2458.047,0,258.215,6931,7884,1.110,1.220,1.360,1,0,1.001,0,0,20,303,0,35,2
18-09 17:13:53,26.054,6.948,63.770,0,0,5834040,5318560,483636,4583784,38316.486,451013.968,0,1734.936,0,150.864,6785,7265,1.110,1.220,1.360,2,0,0,0,0,20,304,0,35,2
18-09 17:13:54,24.387,7.542,67.126,0.503,0,5836248,5316044,483752,4583968,18176.782,138433.164,0,1110.217,0,95.535,6154,6326,1.110,1.210,1.360,3,0,3.017,0,0,20,303,0,37,2
18-09 17:13:55,24.323,7.694,64.779,0.248,0,5835916,5316044,483988,4584052,14824.199,7308.850,0,7068.597,0,443.773,7201,7243,1.110,1.210,1.360,2,0,1.986,0,0,20,303,0,36,2
18-09 17:13:56,24.202,7.563,66.050,0.252,0,5836028,5315792,484056,4584120,604.034,0,0,4303.868,0,594.958,6755,5896,1.110,1.210,1.360,1,0,0,0,0,20,303,0,36,2
18-09 17:13:57,24.510,7.253,66.777,0.500,0,5835944,5315540,484212,4584296,44922.310,23399.538,0,1316.537,0,145.059,6718,7225,1.110,1.210,1.360,2,0,2.001,0,0,20,303,0,36,2
18-09 17:13:58,26.193,8.232,62.863,0.249,0,5835572,5315540,484480,4584388,29738.022,14787.689,0,2227.134,0,254.444,7002,7723,1.110,1.210,1.360,2,0,0,0,0,20,303,0,37,2
18-09 17:13:59,25.886,7.965,62.724,0.498,0,5835324,5315288,484772,4584588,29894.514,14528.101,0,2277.981,0,243.927,7082,7967,1.100,1.210,1.360,3,0,0,0,0,20,303,0,35,2
18-09 17:14:00,25.759,7.002,65.022,0,0,5836368,5314028,484900,4584664,15176.095,7298.450,0,1480.497,0,121.041,6262,6620,1.100,1.210,1.360,2,0,2.001,0,0,20,303,0,36,2
18-09 17:14:01,24.140,7.795,66.638,0,0,5836400,5313776,485040,4584736,15321.152,7501.651,0,1307.609,0,100.585,6257,6372,1.100,1.210,1.360,2,0,1.006,0,0,20,303,0,36,2
18-09 17:14:02,24.769,6.755,66.550,0,0,5836620,5313272,485164,4584892,15308.558,7839.919,0,1228.928,0,117.088,6174,6299,1.100,1.210,1.360,2,0,0,0,0,20,303,0,38,2
18-09 17:14:03,21.737,9.244,66.710,0.500,0,5836388,5313020,485492,4585036,18027.152,8245.039,0,2494.499,0,273.835,5663,6136,1.100,1.210,1.360,1,0,1.999,0,0,20,302,0,39,2
18-09 17:14:04,9.986,5.492,82.133,0,0,5836344,5312768,485780,4585040,664.055,65.906,0,5955.523,0,312.555,3905,4116,1.090,1.200,1.350,1,0,0,0,0,20,303,0,39,2
18-09 17:14:05,17.543,5.263,75.937,0.501,0,5836160,5312516,485988,4585260,18088.493,8822.702,0,1407.462,0,163.402,4678,4951,1.090,1.200,1.350,0,0,0,0,0,20,302,0,40,2
18-09 17:14:06,18.934,6.976,71.502,0,0,5836696,5311764,486144,4585312,596.929,0,0,1219.768,0,129.551,4565,4510,1.090,1.200,1.350,6,0,1.993,0,0,20,302,0,41,2
18-09 17:14:07,10.769,3.506,84.401,0.250,0,5837012,5311272,486232,4585392,18010.120,8640.410,0,921.644,0,79.141,3405,3420,1.090,1.200,1.350,1,0,0,0,0,20,302,0,39,2
18-09 17:14:08,24.027,9.010,65.575,0,0,5836820,5311020,486468,4585592,491.559,814.926,0,1541.752,0,169.192,5428,5850,1.090,1.200,1.350,0,0,0,0,0,20,302,0,40,2
18-09 17:14:09,9.997,2.999,85.227,0,0,5837184,5310516,486572,4585624,18389.995,7521.953,0,951.741,0,86.976,3385,3334,1.160,1.220,1.360,3,0,1.000,0,0,20,303,0,40,2
18-09 17:14:10,22.011,4.752,70.035,0.250,0,5837760,5309508,486888,4585728,33258.505,5514.737,0,2621.301,0,298.148,5945,6836,1.160,1.220,1.360,0,0,1.000,0,0,20,303,0,40,2
18-09 17:14:11,12.999,5.250,80.496,0.500,0,5837868,5309256,486984,4585768,14553.286,1851.909,0,6439.684,0,776.962,5402,4395,1.160,1.220,1.360,0,0,1.000,0,0,20,303,0,40,2
18-09 17:14:12,11.472,4.240,82.051,0,0,5837824,5309004,487120,4585924,51917.296,24086.680,0,1416.570,0,158.616,4092,4371,1.160,1.220,1.360,0,0,0,0,0,20,303,0,40,2
18-09 17:14:13,10.267,5.008,82.886,0.501,0,5837532,5309004,487344,4585984,51911.196,22702.259,0,5825.561,0,337.554,4712,5023,1.160,1.220,1.360,1,0,4.007,0,0,20,304,0,40,2
18-09 17:14:14,23.948,7.983,66.356,0,0,5837312,5309004,487504,4586040,15019.399,7573.561,0,1396.968,0,156.660,6535,7109,1.150,1.210,1.360,4,1,0,0,0,20,304,0,40,2
18-09 17:14:15,26.508,8.253,63.020,0.250,0,5837180,5308752,487800,4586116,15235.823,7526.382,0,2152.681,0,255.081,7086,7882,1.150,1.210,1.360,4,0,0,0,0,20,304,0,39,2
18-09 17:14:16,24.816,8.021,64.923,0.251,0,5837208,5308248,488060,4586324,15032.135,7381.709,0,1680.487,0,195.522,6345,7165,1.150,1.210,1.360,2,0,2.005,0,0,20,304,0,39,2
18-09 17:14:17,24.984,6.496,65.957,0.500,0,5837964,5307240,488216,4586408,15640.744,7481.094,3.997,3089.974,0.999,126.917,6147,6328,1.150,1.210,1.360,1,0,0,0,0,20,304,0,40,2
18-09 17:14:18,23.746,7.749,66.739,0,0,5838496,5306484,488376,4586468,15289.439,7294.778,0,1407.764,0,114.981,6002,6420,1.150,1.210,1.360,1,0,0,0,0,20,304,0,40,2
18-09 17:14:19,29.260,11.406,56.040,0,0,5840440,5303964,488700,4586708,600.079,65.463,0,2178.137,0,226.145,7555,8678,1.140,1.210,1.350,1,0,7.935,0,0,20,304,0,36,2
18-09 17:14:20,38.285,16.876,43.826,0.504,0,5865956,5277784,489224,4590304,44999.023,23033.487,0,7858.507,0,540.021,8799,18932,1.140,1.210,1.350,4,0,37.278,0,0,21,304,0,37,2
18-09 17:14:21,25.526,7.758,64.817,0,0,5849636,5293912,489320,4586884,44813.018,596620.659,0,1349.386,0,109.112,6796,6902,1.140,1.210,1.350,1,0,2.002,0,0,20,304,0,40,2
18-09 17:14:22,22.991,7.247,66.973,0,0,5849304,5293912,489452,4587080,30019.887,15331.814,0,1039.581,0,96.961,6227,6610,1.140,1.210,1.350,1,0,1.999,0,0,20,304,0,42,2
18-09 17:14:23,24.762,8.754,64.530,0.500,0,5849048,5293912,489644,4587140,44722.875,22162.345,0,1712.799,0,183.085,6750,7291,1.140,1.210,1.350,1,0,0,0,0,20,304,0,37,2
18-09 17:14:24,25.491,7.497,65.477,0.250,0,5849036,5293660,489808,4587232,29553.523,15366.552,0,1763.375,0,179.936,6736,7220,1.130,1.210,1.350,2,0,0,0,0,20,304,0,38,2
18-09 17:14:25,24.273,7.007,66.312,0.500,0,5848484,5293156,489880,4588208,15698.686,7759.259,4.004,1185.109,1.001,97.091,6181,6573,1.130,1.210,1.350,2,0,2.002,0,0,20,304,0,38,2
18-09 17:14:26,24.091,10.816,62.194,0.246,0,5848412,5292904,490020,4588388,14800.743,7557.701,0,6690.423,0,826.962,6495,5694,1.130,1.210,1.350,3,0,0,0,0,20,303,0,39,2
18-09 17:14:27,9.149,3.558,86.406,0,0,5848612,5292400,490140,4588564,18579.394,9030.986,0,1532.950,0,120.969,3542,3799,1.130,1.210,1.350,2,0,0,0,0,20,304,0,39,2
18-09 17:14:28,11.260,6.006,80.825,0.250,0,5849124,5291392,490572,4588616,18452.160,8193.620,0,7058.564,0,467.435,4874,5496,1.130,1.210,1.350,0,0,2.002,0,0,20,303,0,38,2
18-09 17:14:29,20.248,5.999,71.991,0.250,0,5849100,5291140,490764,4588688,15109.166,7619.075,0,1603.805,0,173.979,5323,5546,1.200,1.220,1.360,1,0,0,0,0,20,304,0,39,2
18-09 17:14:30,9.249,3.500,85.738,0,0,5848844,5291140,490964,4588740,19191.348,8664.803,0,1347.814,0,139.981,3956,4318,1.200,1.220,1.360,0,0,0,0,0,20,303,0,39,2
18-09 17:14:31,11.001,4.250,82.755,0,0,5848968,5290636,491144,4588932,47626.628,23905.319,0,1292.071,0,135.007,4181,4304,1.200,1.220,1.360,0,0,3.000,0,0,20,303,0,39,2
18-09 17:14:32,17.244,6.248,74.225,0.250,0,5849000,5290384,491340,4588952,40697.384,16064.625,0,2051.314,0,163.945,5491,5984,1.200,1.220,1.360,3,0,0,0,0,20,304,0,38,2
18-09 17:14:33,26.456,8.486,62.396,0.499,0,5848708,5290132,491764,4589056,15205.537,7283.803,0,2651.560,0,311.478,7033,7766,1.200,1.220,1.360,3,0,0,0,0,20,304,0,38,2
18-09 17:14:34,24.271,7.006,66.057,0,0,5848572,5289880,491936,4589264,15124.948,7302.251,0,1753.501,0,145.124,6360,6696,1.340,1.250,1.370,3,0,2.002,0,0,20,304,0,40,2
18-09 17:14:35,25.246,8.499,65.240,0.500,0,5848448,5289628,492212,4589356,15234.752,7360.914,0,5519.185,0,311.954,6840,7089,1.340,1.250,1.370,2,0,0,0,0,20,305,0,40,2
18-09 17:14:36,24.253,7.251,67.009,0,0,5848296,5289628,492312,4589400,44789.951,22731.020,0,1268.169,0,111.015,6300,6436,1.340,1.250,1.370,1,0,0,0,0,20,304,0,38,2
18-09 17:14:37,25.487,8.246,63.968,0,0,5848256,5289124,492636,4589612,29968.004,14732.628,0,2106.946,0,245.877,7020,7814,1.340,1.250,1.370,1,0,1.999,0,0,20,304,0,38,2
18-09 17:14:38,24.860,5.966,66.376,0.497,0,5849324,5287864,492760,4589668,29458.137,14510.300,0,1137.595,0,99.440,6048,6139,1.340,1.250,1.370,2,0,0,0,0,20,304,0,39,2
18-09 17:14:39,24.662,6.543,66.687,0,0,5849420,5287612,492836,4589748,15924.428,7344.161,0,1211.948,0,105.693,6133,6509,1.390,1.260,1.370,2,0,0,0,0,20,304,0,40,2
18-09 17:14:40,24.699,7.983,65.614,0,0,5849840,5286856,492972,4589936,15026.852,7670.101,0,1277.352,0,120.750,6144,6608,1.390,1.260,1.370,1,0,1.996,0,0,20,304,0,39,2
18-09 17:14:41,21.774,9.510,66.824,0.250,0,5849820,5286632,493136,4590012,31205.441,462684.657,0,2070.285,0,204.225,6055,6157,1.390,1.260,1.370,3,0,1.001,0,0,20,303,0,40,2
18-09 17:14:42,11.767,3.255,83.623,0,0,5849760,5286632,493160,4590044,16071.707,8644.751,0,1073.584,0,87.129,3593,3581,1.390,1.260,1.370,2,0,1.001,0,0,20,303,0,40,2
18-09 17:14:43,8.992,3.746,85.420,0.250,0,5849868,5286380,493200,4590144,61543.370,154888.959,0,1226.851,0,119.888,3871,3881,1.390,1.260,1.370,2,0,1.998,0,0,20,304,0,40,2
18-09 17:14:44,23.194,7.233,66.839,0.249,0,5849848,5286128,493280,4590332,29612.858,14784.482,0,1763.763,0,166.600,6431,6889,1.360,1.260,1.370,1,0,0,0,0,20,304,0,37,2
18-09 17:14:45,25.282,9.512,62.830,0.250,0,5849628,5285876,493540,4590536,15070.085,7467.457,0,6980.840,0,475.602,7313,8430,1.360,1.260,1.370,2,0,0,0,0,20,304,0,38,2
18-09 17:14:46,26.780,8.760,63.822,0,0,5849688,5285372,493780,4590732,26577.049,8691.827,0,1874.119,0,220.249,6965,7640,1.360,1.260,1.370,2,0,2.002,0,0,20,304,0,38,2
18-09 17:14:47,25.493,7.748,64.232,0.250,0,5850520,5284364,493864,4590816,15286.795,7507.935,0,7082.052,0,778.786,7276,6368,1.360,1.260,1.370,1,0,0,0,0,20,304,0,39,2
18-09 17:14:48,25.272,10.509,62.555,0,0,5851024,5283608,493924,4591008,15005.270,7302.458,0,1585.402,0,93.082,6116,6270,1.360,1.260,1.370,1,0,6.005,0,0,20,304,0,36,2
18-09 17:14:49,20.266,7.756,69.304,0.250,0,5850680,5283608,494156,4591108,29495.079,9962.795,0,2309.807,0,250.196,5855,6476,1.330,1.250,1.360,0,0,2.002,0,0,20,303,0,38,2
18-09 17:14:50,14.244,4.748,79.215,0.750,0,5850632,5283384,494400,4591124,3359.498,886.604,0,2147.040,0,226.899,4631,5187,1.330,1.250,1.360,1,0,0,0,0,20,303,0,39,2
18-09 17:14:51,5.491,2.496,90.355,0,0,5850536,5283384,494452,4591168,14966.903,7673.645,0,790.727,0,50.918,2456,2427,1.330,1.250,1.360,1,0,0.998,0,0,20,304,0,39,2
18-09 17:14:52,7.267,4.009,86.697,0.251,0,5846812,5286744,494644,4591332,18214.365,8349.963,0,5243.909,0,335.763,4147,4531,1.330,1.250,1.360,0,0,2.005,0,0,20,303,0,37,2
18-09 17:14:53,14.747,3.749,79.232,0.250,0,5847768,5285496,494836,4591404,6265.549,1331.692,0,1927.554,0,220.949,4820,5246,1.330,1.250,1.360,0,0,0,0,0,20,303,0,38,2
18-09 17:14:54,7.243,2.747,88.909,0.250,0,5847912,5285244,494924,4591424,7259.532,836.140,0,935.038,0,92.904,2978,3161,1.550,1.300,1.380,0,0,0,0,0,20,303,0,38,2
18-09 17:14:55,14.224,7.487,76.362,0,0,5848720,5284268,495004,4591508,22879.748,7896.762,0,938.308,0,81.852,4226,4101,1.550,1.300,1.380,2,1,1.996,0,0,20,304,0,39,2
18-09 17:14:56,15.049,4.013,80.762,0.251,0,5848668,5284016,495108,4591700,3603.691,1019.307,0,1227.984,0,133.433,4072,4259,1.550,1.300,1.380,0,0,0,0,0,20,303,0,37,2
18-09 17:14:57,11.737,4.245,81.411,0,0,5848704,5283764,495256,4591764,19260.857,9162.942,0,4914.605,0,703.228,4908,4157,1.550,1.300,1.380,0,0,0,0,0,20,303,0,37,2
18-09 17:14:58,12.478,8.485,77.861,0.250,0,5848864,5283512,495364,4591748,44400.488,21980.638,0,1161.919,0,120.784,3903,3789,1.550,1.300,1.380,2,0,1.996,0,0,20,304,0,37,2
18-09 17:14:59,16.534,3.758,78.660,0,0,5848892,5283260,495472,4591856,32870.891,15545.635,0,1302.651,0,135.275,4185,4488,1.420,1.280,1.370,0,0,0,0,0,20,303,0,40,2
18-09 17:15:00,13.751,3.750,81.003,0.250,0,5848916,5283008,495524,4592028,41417.633,11201.442,0,1248.049,0,112.004,4049,4141,1.420,1.280,1.370,0,0,0,0,0,20,303,0,38,2
18-09 17:15:01,3.000,2.750,92.503,0,0,5849656,5282252,495532,4592036,21754.789,7848.285,0,628.023,0,32.001,2235,1991,1.420,1.280,1.370,0,0,6.000,0,0,20,303,0,38,2
18-09 17:15:02,4.994,2.497,91.882,0,0,5849632,5282252,495552,4592040,32038.742,10335.690,0,643.172,0,42.945,2352,2246,1.420,1.280,1.370,1,0,0,0,0,20,303,0,38,2
18-09 17:15:03,7.228,2.742,88.233,0,0,5849540,5282252,495600,4592080,18103.229,8137.380,0,2281.099,0,146.557,3194,3346,1.420,1.280,1.370,0,0,0,0,0,20,303,0,38,2
18-09 17:15:04,13.815,4.019,80.127,0.251,0,5849364,5282252,495712,4592140,29209.284,9649.352,0,1499.046,0,157.741,4209,4613,1.470,1.290,1.370,1,0,2.009,0,0,20,303,0,34,2
18-09 17:15:05,7.740,3.745,87.135,0.499,0,5849176,5282252,495868,4592164,14408.016,1450.089,0,6219.805,0,371.510,4092,4395,1.470,1.290,1.370,2,0,0,0,0,20,304,0,34,2
18-09 17:15:06,23.754,7.751,67.011,0,0,5849148,5282000,495924,4592380,15114.454,7687.248,0,1228.199,0,134.022,6122,6580,1.470,1.290,1.370,3,0,0,0,0,20,304,0,34,2
18-09 17:15:07,28.028,11.011,59.560,0.250,0,5848880,5282000,496032,4592536,15714.748,8058.075,0,1925.930,0,221.222,7553,8446,1.470,1.290,1.370,1,0,3.003,0,0,20,304,0,34,2
18-09 17:15:08,23.955,6.987,65.626,0,0,5848948,5281776,496092,4592628,49903.768,464496.900,0,1325.497,0,100.810,6264,6489,1.470,1.290,1.370,1,0,0,0,0,20,304,0,34,2
18-09 17:15:09,24.795,6.762,66.622,0,0,5848720,5281776,496136,4592808,33063.380,144796.428,0,945.727,0,84.154,5895,6021,1.430,1.280,1.370,1,0,1.002,0,0,20,304,0,32,2
18-09 17:15:10,21.002,7.251,68.506,0.500,0,5848780,5281524,496236,4592892,18251.699,8244.767,0,2260.210,0,261.024,5621,6182,1.430,1.280,1.370,0,0,2.000,0,0,20,303,0,33,2
18-09 17:15:11,15.720,4.242,78.599,0.250,0,5849084,5281020,496256,4593068,15359.578,7347.925,0,1289.530,0,108.792,4133,4236,1.430,1.280,1.370,6,0,0.998,0,0,20,304,0,33,2
18-09 17:15:12,18.528,4.757,74.864,0,0,5848916,5281020,496328,4593160,74634.022,32391.486,0,1930.950,0,184.282,5214,5596,1.430,1.280,1.370,0,0,0,0,0,20,303,0,33,2
18-09 17:15:13,13.984,5.993,77.409,0.250,0,5849004,5280768,496448,4593196,29817.975,14736.690,0,5445.603,0,322.621,5235,5732,1.430,1.280,1.370,1,0,3.995,0,0,20,304,0,33,2
18-09 17:15:14,24.777,8.009,64.570,0.250,0,5848856,5280768,496560,4593228,29776.341,14607.866,0,2498.714,0,224.244,6550,6996,1.400,1.280,1.370,1,0,0,0,0,20,304,0,34,2
18-09 17:15:15,26.003,6.751,65.508,0,0,5848792,5280516,496624,4593476,15292.823,7296.870,0,1628.194,0,167.020,6873,7474,1.400,1.280,1.370,1,0,0,0,0,20,304,0,34,2
18-09 17:15:16,23.998,5.999,67.994,0,0,5849700,5279508,496660,4593536,15050.660,7295.351,0,1107.901,0,91.992,5716,5770,1.400,1.280,1.370,1,0,2.000,0,0,20,304,0,35,2
18-09 17:15:17,25.005,8.002,65.264,0.250,0,5850076,5279004,496740,4593580,15820.444,7445.621,0,7177.563,0,857.187,7645,6971,1.400,1.280,1.370,1,0,0,0,0,20,304,0,35,2
18-09 17:15:18,24.740,7.497,65.973,0.250,0,5849984,5278752,496844,4593812,15225.877,7293.067,0,1223.508,0,109.956,6561,7042,1.400,1.280,1.370,1,0,1.000,0,0,20,304,0,36,2
18-09 17:15:19,21.950,7.732,67.596,0.249,0,5850004,5278248,497136,4593996,3939.014,1012.690,0,2669.909,0,242.447,5887,6164,1.280,1.260,1.360,2,0,1.995,0,0,20,303,0,38,2
18-09 17:15:20,22.060,7.019,68.185,0,0,5853596,5274216,497336,4594228,15159.054,7706.872,0,1600.334,0,134.364,5669,6161,1.280,1.260,1.360,1,0,7.019,0,0,20,306,0,41,2
18-09 17:15:21,37.482,15.992,43.729,0.250,0,5875148,5251456,497884,4594864,604.708,399.807,0,2750.672,0,326.842,7639,17399,1.280,1.260,1.360,0,0,36.982,0,0,20,305,0,38,2
18-09 17:15:22,6.228,4.235,87.444,0.498,0,5874960,5251204,498280,4594900,29018.467,9319.392,0,5333.339,0,338.815,4106,4504,1.280,1.260,1.360,2,0,1.993,0,0,20,306,0,38,2
18-09 17:15:23,21.824,7.275,69.487,0,0,5873276,5252572,498356,4595132,3717.681,953.252,0,2500.529,0,168.575,4872,5026,1.280,1.260,1.360,1,0,0,0,0,20,305,0,39,2
18-09 17:15:24,13.914,3.727,80.999,0,0,5873664,5252068,498420,4595180,30086.019,15223.891,0,1113.119,0,101.373,4007,4170,1.260,1.250,1.360,1,0,0,0,0,20,307,0,39,2
18-09 17:15:25,9.309,3.271,85.540,0.252,0,5873100,5252280,498600,4595348,44156.002,16681.402,0,1259.961,0,130.827,3771,4149,1.260,1.250,1.360,0,0,2.013,0,0,20,305,0,34,2
18-09 17:15:26,22.483,7.245,68.700,0.500,0,5872612,5252532,498760,4595416,44942.973,22713.309,0,1351.007,0,139.897,6354,6742,1.260,1.250,1.360,2,0,0,0,0,20,306,0,34,2
18-09 17:15:27,25.030,7.759,65.078,0,0,5872324,5252532,498984,4595472,44788.781,22777.351,0,1678.015,0,182.219,6657,7187,1.260,1.250,1.360,1,0,0,0,0,20,306,0,34,2
18-09 17:15:28,25.499,8.250,63.749,0.500,0,5872380,5252028,499316,4595572,15615.635,7361.828,0,2507.941,0,276.994,7216,7973,1.260,1.250,1.360,2,0,2.000,0,0,20,306,0,34,2
18-09 17:15:29,26.011,9.414,60.693,0.248,0,5872176,5251776,499544,4595796,29773.589,14459.221,0,2524.815,0,284.388,7500,8290,1.240,1.250,1.360,1,0,0,0,0,20,306,0,33,2
18-09 17:15:30,28.482,8.318,61.249,0.252,0,5872200,5251328,499904,4595848,24057.189,452647.391,0,7037.391,0,469.832,7792,8576,1.240,1.250,1.360,1,0,1.008,0,0,20,306,0,33,2
18-09 17:15:31,23.778,7.509,66.830,0.250,0,5871996,5251328,500012,4595936,19412.259,143161.529,0,1661.991,0,120.144,6177,6405,1.240,1.250,1.360,1,0,3.004,0,0,20,306,0,34,2
18-09 17:15:32,24.201,6.986,66.365,0,0,5871716,5251328,500100,4596124,538.900,189.613,0,1077.800,0,99.796,6078,6600,1.240,1.250,1.360,3,0,0,0,0,20,306,0,35,2
18-09 17:15:33,24.534,6.259,67.093,0,0,5871532,5251328,500180,4596220,15582.506,7372.174,0,1125.553,0,102.141,6180,6692,1.240,1.250,1.360,1,0,0,0,0,20,306,0,33,2
18-09 17:15:34,23.962,9.485,63.899,0.250,0,5871508,5251076,500384,4596284,15428.532,7284.448,0,1777.182,0,223.645,5827,5979,1.380,1.280,1.370,1,0,1.997,0,0,20,305,0,34,2
18-09 17:15:35,10.464,2.990,84.706,0,0,5871304,5250824,500460,4596660,3699.159,1016.472,0,920.804,0,92.678,3401,3547,1.380,1.280,1.370,1,0,0,0,0,20,306,0,34,2
18-09 17:15:36,25.873,6.782,66.064,0.502,0,5871072,5250600,500720,4596844,15309.661,7493.565,0,2258.720,0,310.474,6716,7151,1.380,1.280,1.370,2,0,0,0,0,20,306,0,34,2
18-09 17:15:37,13.759,4.503,79.800,0.250,0,5870872,5250600,500852,4596904,14563.103,2001.251,0,1332.833,0,143.089,4276,4751,1.380,1.280,1.370,0,0,2.001,0,0,20,305,0,33,2
18-09 17:15:38,18.953,8.229,71.321,0.249,0,5870796,5250348,500968,4597112,15671.731,8067.784,0,7229.884,0,809.970,5619,4395,1.380,1.280,1.370,2,0,0,0,0,20,305,0,35,2
18-09 17:15:39,12.278,3.759,81.438,0.251,0,5870768,5250096,501196,4597156,47874.407,23027.105,0,5472.621,0,327.756,4673,4862,1.270,1.260,1.360,3,0,0,0,0,20,306,0,35,2
18-09 17:15:40,19.000,5.000,73.000,0.250,0,5870980,5249592,501392,4597244,43750.174,16606.066,0,1992.008,0,223.001,5705,6261,1.270,1.260,1.360,0,0,2.000,0,0,20,305,0,35,2
18-09 17:15:41,14.987,4.746,78.933,0.500,0,5870872,5249592,501492,4597248,15427.847,7289.785,0,1099.063,0,105.910,4503,4756,1.270,1.260,1.360,2,0,0.999,0,0,20,306,0,32,2
18-09 17:15:42,23.512,8.504,66.535,0,0,5870700,5249340,501660,4597492,44932.479,22677.850,0,1436.751,0,142.074,6436,6927,1.270,1.260,1.360,2,0,0,0,0,20,306,0,33,2
18-09 17:15:43,24.710,8.736,62.897,0.499,0,5870584,5249088,501940,4597572,29635.684,14891.722,0,2663.657,0,286.533,7205,8010,1.270,1.260,1.360,3,0,1.997,0,0,20,306,0,34,2
18-09 17:15:44,25.535,8.261,64.088,0.250,0,5870180,5249088,502268,4597640,30296.568,15002.584,0,2395.286,0,252.346,7065,7872,1.250,1.250,1.360,2,0,0,0,0,20,306,0,35,2
18-09 17:15:45,26.244,8.748,62.486,0.250,0,5869972,5248584,502748,4597856,14988.575,7360.318,0,6754.457,0,467.893,7304,8375,1.250,1.250,1.360,1,0,0,0,0,20,306,0,34,2
18-09 17:15:46,25.245,7.249,65.738,0.250,0,5870040,5248332,502868,4597912,26661.054,8842.359,0,1127.791,0,84.984,5895,6026,1.250,1.250,1.360,1,0,2.000,0,0,20,306,0,34,2
18-09 17:15:47,24.265,7.004,66.791,0,0,5870032,5248080,503028,4598004,15583.632,7610.704,0,1112.688,0,103.064,6136,6375,1.250,1.250,1.360,3,0,0,0,0,20,306,0,34,2
18-09 17:15:48,25.077,11.173,61.326,0,0,5871076,5246568,503284,4598208,14947.679,7472.350,0,1314.911,0,128.114,6322,6820,1.250,1.250,1.360,1,0,5.959,0,0,20,306,0,35,2
18-09 17:15:49,23.836,8.782,65.488,0,0,5871176,5246316,503372,4598264,11615.131,1391.046,0,1922.975,0,93.339,5850,6043,1.230,1.250,1.350,1,0,2.007,0,0,20,306,0,35,2
18-09 17:15:50,18.054,7.272,72.467,0.752,0,5871088,5246064,503612,4598356,18332.019,8599.810,0,2519.562,0,257.774,5494,6323,1.230,1.250,1.350,0,0,0,0,0,20,305,0,33,2
18-09 17:15:51,18.002,5.001,75.510,0,0,5871228,5245572,503792,4598508,480.063,0,0,1356.179,0,149.020,4692,4752,1.230,1.250,1.350,1,0,1.000,0,0,20,306,0,33,2
18-09 17:15:52,23.021,5.505,69.563,0.250,0,5871276,5245068,504116,4598624,26026.548,9562.652,0,2454.220,0,284.257,6236,6765,1.230,1.250,1.350,0,0,2.002,0,0,20,305,0,33,2
18-09 17:15:53,9.941,4.473,83.750,0,0,5871200,5245068,504144,4598672,3646.231,65.608,0,664.036,0,40.757,2982,2765,1.230,1.250,1.350,2,0,0,0,0,20,306,0,34,2
18-09 17:15:54,18.622,6.795,72.728,0.252,0,5871216,5244564,504404,4598888,34048.816,16445.100,0,6132.310,0,431.839,5851,6180,1.130,1.230,1.350,0,0,0,0,0,20,305,0,33,2
18-09 17:15:55,18.226,4.494,74.653,0.250,0,5871048,5244564,504568,4598884,47457.020,22324.843,0,1390.184,0,155.797,4864,4984,1.130,1.230,1.350,4,0,1.997,0,0,20,305,0,34,2
18-09 17:15:56,8.164,3.711,86.342,0,0,5868808,5246644,504620,4598988,37248.305,464568.692,0,633.340,0,41.563,3580,3330,1.130,1.230,1.350,4,0,0,0,0,20,306,0,35,2
18-09 17:15:57,24.256,7.580,65.946,0.253,0,5868772,5246420,504812,4599048,64087.702,161705.448,0,1782.825,0,201.124,7194,7739,1.130,1.230,1.350,1,0,1.011,0,0,20,306,0,36,2
18-09 17:15:58,25.464,9.487,62.912,0.250,0,5868816,5245916,505040,4599272,30022.962,14733.370,0,8100.657,0,936.688,7859,7331,1.130,1.230,1.350,1,0,1.997,0,0,20,306,0,34,2
18-09 17:15:59,26.303,9.018,63.127,0.251,0,5868708,5245664,505316,4599344,15022.190,7701.478,0,2705.437,0,293.590,7369,8269,1.280,1.260,1.360,3,0,0,0,0,20,306,0,34,2
18-09 17:16:00,27.422,9.057,61.636,0.503,0,5868944,5245160,505548,4599376,15206.240,7408.401,0,2572.110,0,299.878,7155,8282,1.280,1.260,1.360,3,0,0,0,0,20,306,0,34,2
18-09 17:16:01,24.228,6.428,65.761,0.494,0,5868952,5244908,505616,4599540,15563.095,7280.182,0,1289.508,0,98.889,6145,6416,1.280,1.260,1.360,1,0,2.967,0,0,20,306,0,34,2
18-09 17:16:02,24.087,8.280,65.738,0,0,5870048,5243648,505716,4599600,15045.427,7471.026,0,1401.068,0,124.450,6401,6723,1.280,1.260,1.360,1,0,0,0,0,20,307,0,32,2
18-09 17:16:03,25.233,10.743,61.208,0.500,0,5870080,5243144,505964,4599816,14981.768,7518.865,0,8482.207,0,537.633,6698,7389,1.280,1.260,1.360,1,0,0,0,0,20,305,0,33,2
18-09 17:16:04,8.015,3.256,87.159,0.250,0,5870012,5243144,506008,4599836,3657.686,1012.851,0,757.384,0,58.106,2936,2957,1.260,1.250,1.350,1,0,2.004,0,0,20,306,0,33,2
18-09 17:16:05,19.715,7.986,70.873,0.250,0,5870108,5242388,506224,4600272,24645.982,9438.143,3.993,1924.563,0.998,236.577,5373,5758,1.260,1.250,1.350,2,0,0,0,0,20,305,0,34,2
18-09 17:16:06,14.023,3.506,80.880,0.250,0,5870040,5242136,506352,4600460,3794.101,817.314,0,1217.958,0,132.213,3999,4209,1.260,1.250,1.350,0,0,0,0,0,20,305,0,33,2
18-09 17:16:07,9.744,3.998,84.699,0,0,5870168,5241884,506400,4600532,26309.087,8874.632,0,823.502,0,70.957,3639,3554,1.260,1.250,1.350,0,0,1.999,0,0,20,305,0,33,2
18-09 17:16:08,5.745,3.497,89.168,0,0,5870068,5241884,506468,4600564,14593.629,1450.671,0,3476.815,0,540.505,3644,3278,1.260,1.250,1.350,4,0,0,0,0,20,306,0,33,2
18-09 17:16:09,23.231,8.993,64.947,0,0,5870204,5241380,506628,4600764,44807.552,22467.724,0,2933.614,0,343.720,7007,7290,1.240,1.250,1.350,2,0,0,0,0,20,306,0,34,2
18-09 17:16:10,29.950,8.985,58.653,0.749,0,5870220,5240880,506872,4600992,30379.778,14645.789,0,2939.141,0,291.518,7642,8792,1.240,1.250,1.350,1,0,2.995,0,0,20,305,0,32,3
18-09 17:16:11,24.056,7.016,67.157,0,0,5871020,5239840,506912,4601188,29934.009,14920.897,0,1475.451,0,105.246,6043,6209,1.240,1.250,1.350,2,0,1.002,0,0,20,305,0,32,3
18-09 17:16:12,23.781,9.262,64.835,0,0,5871256,5239336,507100,4601264,15431.139,7453.728,0,5294.910,0,309.404,6575,6781,1.240,1.250,1.350,2,0,1.001,0,0,20,305,0,32,3
18-09 17:16:13,19.011,6.754,72.540,0.250,0,5871368,5238832,507268,4601472,17927.952,8253.582,0,2377.320,0,234.130,5191,5753,1.240,1.250,1.350,0,0,4.002,0,0,20,304,0,34,3
18-09 17:16:14,14.992,3.998,78.959,0.500,0,5871588,5238328,507380,4601644,22242.556,8528.612,0,1327.317,0,148.923,4212,4278,1.220,1.240,1.350,0,0,0,0,0,20,304,0,34,3
18-09 17:16:15,8.754,3.752,85.789,0,0,5871476,5238328,507440,4601688,22973.470,8478.864,0,960.438,0,78.036,3540,3532,1.220,1.240,1.350,2,0,0,0,0,20,305,0,34,3
18-09 17:16:16,25.185,9.226,63.836,0,0,5871476,5238076,507596,4601772,44201.458,21993.504,0,1879.173,0,218.439,7026,7696,1.220,1.240,1.350,1,0,1.995,0,0,20,305,0,34,3
18-09 17:16:17,25.788,6.259,65.097,0.250,0,5871400,5237824,507716,4601976,29788.453,14762.029,0,2143.198,0,162.242,6413,6612,1.220,1.240,1.350,1,0,0,0,0,20,305,0,34,3
18-09 17:16:18,23.856,7.703,65.851,0,0,5871724,5237320,507812,4602052,15139.317,7252.082,0,1343.862,0,122.260,6384,6760,1.220,1.240,1.350,1,0,0,0,0,20,305,0,33,3
18-09 17:16:19,23.961,10.483,64.146,0.250,0,5872724,5236060,507880,4602244,15207.384,7284.209,0,1673.291,0,184.701,6148,6364,1.200,1.240,1.350,6,0,2.995,0,0,20,303,0,36,3
18-09 17:16:20,15.648,5.805,77.230,0.252,0,5872704,5235836,508060,4602296,30802.157,463210.494,0,7082.952,0,365.454,5715,5984,1.200,1.240,1.350,0,0,0,0,0,20,304,0,37,3
18-09 17:16:21,30.586,13.320,52.786,0,0,5897840,5210440,508256,4604940,17124.422,146451.495,0,1401.053,0,163.785,6024,10122,1.200,1.240,1.350,5,0,35.520,0,0,20,304,0,41,3
18-09 17:16:22,19.492,9.873,69.869,0.253,0,5885592,5222284,508404,4602588,19118.829,8603.017,0,1838.875,0,153.915,5439,11477,1.200,1.240,1.350,1,0,10.126,0,0,20,305,0,37,3
18-09 17:16:23,14.502,4.001,80.263,0.250,0,5884972,5222688,508556,4602644,14256.241,1852.291,0,1424.224,0,150.024,4528,4774,1.200,1.240,1.350,1,0,0,0,0,20,304,0,38,3
18-09 17:16:24,13.494,3.499,81.216,0.250,0,5884768,5222688,508712,4602692,28932.888,9306.104,0,1207.494,0,130.945,4003,4305,1.100,1.220,1.340,1,0,0,0,0,20,304,0,38,3
18-09 17:16:25,9.996,6.497,81.464,0,0,5884892,5222436,508808,4602716,15605.017,7906.462,0,999.553,0,83.962,3605,3663,1.100,1.220,1.340,3,0,2.999,0,0,20,305,0,38,3
18-09 17:16:26,16.026,3.255,78.626,0,0,5884676,5222436,508912,4602820,48158.372,23000.954,0,1262.028,0,130.209,3965,4341,1.100,1.220,1.340,0,0,0,0,0,20,304,0,37,3
18-09 17:16:27,21.487,7.995,68.208,0,0,5884480,5222436,509036,4602888,29817.504,14862.780,0,1383.142,0,140.913,4971,5031,1.100,1.220,1.340,3,0,0,0,0,20,304,0,38,3
18-09 17:16:28,6.255,2.002,89.572,0.751,0,5884356,5222436,509080,4602968,28933.289,9660.776,0,784.632,0,54.044,2833,2871,1.100,1.220,1.340,0,0,2.002,0,0,20,304,0,38,3
18-09 17:16:29,4.996,3.247,90.179,0,0,5884300,5222436,509120,4602980,18893.165,7937.767,0,6902.580,0,797.374,3350,2444,1.020,1.200,1.330,0,0,0,0,0,20,304,0,38,3
18-09 17:16:30,6.249,3.500,88.489,0,0,5884228,5222436,509164,4603004,18692.760,7781.068,0,1119.866,0,109.987,3452,3604,1.020,1.200,1.330,1,0,0,0,0,20,305,0,38,3
18-09 17:16:31,26.261,9.754,62.777,0,0,5883852,5222212,509408,4603348,15344.588,7299.134,0,6186.656,0,387.166,6249,6522,1.020,1.200,1.330,1,0,3.001,0,0,20,304,0,39,3
18-09 17:16:32,8.247,3.499,86.217,0.500,0,5883728,5222212,509500,4603376,18149.980,8383.757,0,843.674,0,86.966,3272,3514,1.020,1.200,1.330,1,0,0,0,0,20,305,0,40,3
18-09 17:16:33,12.011,3.754,82.578,0,0,5883564,5222212,509604,4603436,14507.674,1853.747,0,1357.279,0,157.148,4221,4652,1.020,1.200,1.330,0,0,0,0,0,20,304,0,42,3
18-09 17:16:34,13.244,3.748,80.966,0,0,5883420,5222212,509700,4603480,29292.592,9144.127,0,1203.490,0,124.947,4209,4388,1.010,1.190,1.330,0,0,1.999,0,0,20,304,0,42,3
18-09 17:16:35,9.754,2.751,86.035,0,0,5883228,5222212,509724,4603648,25100.111,9233.719,0,752.303,0,65.026,3149,3182,1.010,1.190,1.330,0,0,0,0,0,20,304,0,40,3
18-09 17:16:36,3.499,2.000,93.733,0.250,0,5883188,5222212,509752,4603656,598.894,0,0,807.857,0,79.986,2073,2118,1.010,1.190,1.330,0,0,0,0,0,20,304,0,40,3
18-09 17:16:37,11.245,4.248,82.960,0,0,5883248,5221960,509832,4603760,14420.964,1599.220,0,1287.372,0,130.936,4135,4432,1.010,1.190,1.330,1,0,1.999,0,0,20,305,0,40,3
18-09 17:16:38,24.795,9.174,63.971,0.248,0,5883048,5221960,509980,4603804,47063.777,24677.911,0,1789.203,0,202.327,6953,7410,1.010,1.190,1.330,2,0,0,0,0,20,305,0,40,3
18-09 17:16:39,25.802,8.267,62.876,0.251,0,5882800,5221960,510124,4603900,30029.964,14849.652,0,5515.012,0,716.431,7039,7103,1.010,1.190,1.330,3,0,0,0,0,20,305,0,37,3
18-09 17:16:40,25.666,9.058,63.912,0.252,0,5882600,5221708,510360,4604108,29919.975,15012.828,0,5173.367,0,325.097,6978,7582,1.010,1.190,1.330,1,0,2.013,0,0,20,305,0,37,3
18-09 17:16:41,23.447,7.982,66.600,0.249,0,5882396,5221708,510492,4604172,15359.501,7441.286,0,1253.185,0,105.762,6208,6513,1.010,1.190,1.330,3,0,0.998,0,0,20,305,0,37,3
18-09 17:16:42,23.994,8.998,64.985,0.250,0,5882376,5221456,510696,4604240,30443.792,15658.293,0,1963.535,0,205.951,6584,7223,1.010,1.190,1.330,1,0,0,0,0,20,305,0,37,3
18-09 17:16:43,25.271,8.007,65.053,0,0,5881964,5221456,510896,4604436,48015.260,22200.152,0,2337.912,0,208.170,6582,7039,1.010,1.190,1.330,2,0,2.002,0,0,20,305,0,38,3
18-09 17:16:44,24.718,7.740,64.917,0.250,0,5881796,5221456,510968,4604528,29391.247,551491.613,0,1246.399,0,109.859,6651,6834,1.090,1.200,1.330,2,0,0.999,0,0,20,305,0,38,3
18-09 17:16:45,23.076,10.033,64.964,0,0,5881640,5221456,511072,4604576,29777.940,14706.370,0,1533.042,0,167.551,5827,6088,1.090,1.200,1.330,2,0,0,0,0,20,302,0,40,3
18-09 17:16:46,11.218,3.739,83.509,0.249,0,5881596,5221204,511172,4604768,29107.159,9603.338,0,1531.588,0,124.641,3742,3823,1.090,1.200,1.330,0,0,1.994,0,0,20,305,0,40,3
18-09 17:16:47,24.565,8.272,66.176,0,0,5881372,5221204,511312,4604844,15404.067,8522.721,0,1764.705,0,161.430,5518,5515,1.090,1.200,1.330,0,0,0,0,0,20,304,0,42,3
18-09 17:16:48,10.961,8.470,79.217,0.249,0,5881784,5220700,511388,4604852,3142.791,65.765,0,1203.707,0,86.691,3633,3426,1.090,1.200,1.330,2,0,5.979,0,0,20,305,0,42,3
18-09 17:16:49,20.975,8.240,67.671,0.499,0,5881152,5220700,511776,4605080,29095.966,9780.559,0,6580.303,0,471.449,6025,6593,1,1.180,1.330,0,0,1.998,0,0,20,304,0,43,3
18-09 17:16:50,18.074,5.272,75.812,0,0,5881296,5220460,511808,4605144,33032.142,17652.756,0,1707.036,0,64.265,4158,3777,1,1.180,1.330,1,0,0,0,0,20,305,0,44,3
18-09 17:16:51,24.017,7.005,67.798,0,0,5881204,5220460,511820,4605220,45403.478,23000.453,0,840.601,0,28.020,4156,3289,1,1.180,1.330,1,0,1.001,0,0,20,305,0,42,3
18-09 17:16:52,22.500,7.750,67.751,0,0,5882992,5218444,511828,4605432,60760.863,32020.455,0,364.005,0,17.000,4038,3249,1,1.180,1.330,1,0,2.000,0,0,20,305,0,44,3
18-09 17:16:53,22.223,4.744,71.412,0.250,0,5883200,5217940,512028,4605524,67061.020,32522.757,0,1050.700,0,118.853,5006,4862,1,1.180,1.330,0,0,0,0,0,20,304,0,46,3
18-09 17:16:54,11.757,3.752,82.051,0.250,0,5883244,5217688,512220,4605528,46900.949,19519.048,0,1052.650,0,100.062,3894,4059,0.920,1.160,1.320,2,1,0,0,0,20,304,0,46,3
18-09 17:16:55,9.477,2.993,86.544,0,0,5883092,5217436,512424,4605720,34276.320,12342.588,0,1113.347,0,118.717,3638,3751,0.920,1.160,1.320,5,0,1.995,0,0,20,305,0,43,3
18-09 17:16:56,9.020,2.756,86.947,0,0,5882872,5217436,512580,4605780,44101.849,16547.464,0,1150.605,0,116.263,3641,3834,0.920,1.160,1.320,0,0,0,0,0,20,304,0,43,3
18-09 17:16:57,21.991,6.997,68.973,0,0,5882560,5217436,512836,4605828,15289.055,7441.107,0,1275.504,0,129.949,6041,6308,0.920,1.160,1.320,5,0,0,0,0,20,305,0,43,3
18-09 17:16:58,24.247,8.249,64.242,0.250,0,5882244,5217184,513308,4605908,15174.187,7295.128,0,2399.713,0,258.969,6663,7440,0.920,1.160,1.320,1,0,2.000,0,0,20,305,0,43,3
18-09 17:16:59,24.423,7.476,66.788,0.249,0,5882872,5216176,513476,4606112,840.339,0,0,1124.439,0,100.681,5985,6285,0.930,1.160,1.320,3,0,0,0,0,20,305,0,42,3
18-09 17:17:00,24.569,9.527,63.930,0.251,0,5883044,5215672,513744,4606172,15523.818,7479.111,0,8106.883,0,865.443,7104,6298,0.930,1.160,1.320,1,0,0,0,0,20,305,0,43,3
18-09 17:17:01,21.275,8.760,67.080,0.751,0,5883648,5214412,514252,4606300,18488.955,8415.994,0,6780.051,0,464.552,6053,6730,0.930,1.160,1.320,0,0,6.007,0,0,20,304,0,44,3
18-09 17:17:02,15.480,3.496,78.898,0,0,5883344,5214412,514276,4606572,1051.647,147.810,0,655.157,0,41.946,3541,3346,0.930,1.160,1.320,1,0,0,0,0,20,308,0,45,3
18-09 17:17:03,25.075,5.958,66.536,0.497,0,5883504,5214160,514348,4606592,15189.078,7245.473,0,842.127,0,62.564,5705,5583,0.930,1.160,1.320,1,0,0.993,0,0,20,308,0,45,3
18-09 17:17:04,25.714,5.546,67.815,0,0,5884004,5213404,514496,4606688,1492.425,66.554,0,1093.100,0,101.848,5588,5733,0.940,1.160,1.320,1,0,4.034,0,0,20,310,0,50,3
18-09 17:17:05,24.241,5.248,67.226,0.250,0,5884404,5212648,514640,4606896,16026.333,7761.255,0,995.648,0,89.968,5495,5451,0.940,1.160,1.320,1,0,0,0,0,20,311,0,66,3
18-09 17:17:06,26.233,5.247,66.458,0,0,5882036,5214912,514708,4606932,59088.743,598062.904,0,943.405,0,93.941,5841,5480,0.940,1.160,1.320,1,0,0.999,0,0,20,311,0,67,3
18-09 17:17:07,25.709,5.990,65.894,0,0,5882924,5213656,514812,4607184,30340.339,14782.291,0,878.591,0,73.882,5809,5555,0.940,1.160,1.320,1,0,1.997,0,0,20,308,0,80,3
18-09 17:17:08,28.558,5.463,63.573,0,0,5883308,5212900,514892,4607464,41844.945,24704.073,0,770.823,0,56.620,5475,5025,0.940,1.160,1.320,3,0,0,0,0,20,308,0,80,3
18-09 17:17:09,12.859,3.782,81.441,0,0,5883268,5212648,515124,4607520,63784.518,26160.094,0,1299.028,0,141.199,4649,4845,0.860,1.140,1.310,0,0,0,0,0,20,307,0,80,3
18-09 17:17:10,20.968,7.489,69.395,0.250,0,5882948,5212648,515400,4607556,30164.377,14569.963,0,5966.975,0,767.839,7078,6607,0.860,1.140,1.310,1,0,1.997,0,0,20,309,0,80,3
18-09 17:17:11,27.507,10.003,60.266,0.250,0,5882344,5212396,515880,4607916,30397.166,14757.965,0,2752.739,0,302.081,7309,8267,0.860,1.140,1.310,1,0,2.001,0,0,20,308,0,79,3
18-09 17:17:12,24.751,7.250,65.504,0.250,0,5883168,5210884,516228,4608244,15356.841,7648.419,0,5384.295,0,317.017,6618,7150,0.860,1.140,1.310,1,0,0,0,0,20,308,0,80,3
18-09 17:17:13,24.042,7.764,66.618,0.250,0,5883248,5210632,516312,4608320,15837.979,7633.485,0,729.288,0,72.127,6028,6282,0.860,1.140,1.310,2,0,4.007,0,0,20,309,0,81,3
18-09 17:17:14,21.744,9.497,66.232,0,0,5883140,5210380,516588,4608396,15829.678,8346.721,0,2959.192,0,235.936,5633,5916,0.950,1.150,1.310,0,0,0,0,0,20,307,0,83,3
18-09 17:17:15,12.983,3.745,81.395,0.499,0,5883232,5209876,516824,4608568,18415.135,7514.262,0,1398.188,0,156.797,4038,4282,0.950,1.150,1.310,4,0,0,0,0,20,307,0,84,3
18-09 17:17:16,2.986,2.489,92.332,0,0,5883116,5209876,516908,4608592,3767.932,888.973,0,1803.829,0,72.671,2464,2632,0.950,1.150,1.310,1,0,1.991,0,0,20,308,0,81,3
18-09 17:17:17,12.303,4.268,82.859,0.251,0,5883076,5209624,517176,4608612,18960.088,8374.257,0,1466.349,0,170.739,4299,4479,0.950,1.150,1.310,0,0,0,0,0,20,307,0,81,3
18-09 17:17:18,13.013,4.505,81.334,0,0,5883028,5209372,517376,4608700,4131.279,893.926,0,1813.879,0,184.191,4576,4968,0.950,1.150,1.310,0,0,1.001,0,0,20,307,0,81,3
18-09 17:17:19,14.223,3.992,80.098,0,0,5883008,5209120,517428,4608916,15509.546,7348.045,0,794.491,0,48.907,3774,3563,1.040,1.170,1.320,1,0,1.996,0,0,20,308,0,84,3
18-09 17:17:20,25.548,6.512,67.126,0,0,5884816,5207104,517528,4609016,3597.760,533.002,0,1049.973,0,84.158,4867,4645,1.040,1.170,1.320,1,0,0,0,0,20,307,0,79,3
18-09 17:17:21,5.753,3.002,89.553,0,0,5885068,5206600,517616,4609176,30599.259,17280.311,0,1028.614,0,94.056,2932,3128,1.040,1.170,1.320,1,0,1.001,0,0,20,308,0,79,3
18-09 17:17:22,15.666,12.433,68.632,0.497,0,5914584,5176648,517948,4609252,47102.181,22306.272,0,5991.839,0,338.185,5053,11541,1.040,1.170,1.320,0,0,37.797,0,0,20,308,0,80,3
18-09 17:17:23,8.546,3.016,87.718,0,0,5911012,5180036,518092,4609288,18373.976,8032.834,0,1029.490,0,111.595,3125,3336,1.040,1.170,1.320,0,0,0,0,0,20,307,0,80,3
18-09 17:17:24,39.793,10.694,47.255,0,0,5907524,5183056,518336,4609500,44238.218,16520.191,0,1727.029,0,202.946,7060,7764,1.110,1.180,1.320,3,0,3.979,0,0,20,309,0,74,3
18-09 17:17:25,25.610,9.792,63.271,0.251,0,5901720,5188536,518544,4609608,15481.389,7490.120,0,1655.098,0,175.754,6793,7562,1.110,1.180,1.320,3,0,4.017,0,0,20,308,0,75,3
18-09 17:17:26,26.265,7.504,63.785,0.500,0,5900308,5189592,518792,4609708,15304.494,7300.051,0,2393.328,0,211.117,6626,7263,1.110,1.180,1.320,3,0,0,0,0,20,308,0,75,3
18-09 17:17:27,23.743,6.998,67.230,0,0,5900504,5189088,518916,4609884,1248.626,147.956,0,1723.483,0,103.969,5977,6400,1.110,1.180,1.320,1,0,0,0,0,20,308,0,76,3
18-09 17:17:28,24.258,8.753,65.023,0.250,0,5901340,5188108,518980,4609964,29664.380,579934.933,0,748.262,0,51.018,5520,5171,1.110,1.180,1.320,1,0,3.001,0,0,20,308,0,74,3
18-09 17:17:29,18.008,6.753,73.034,0.250,0,5900900,5188108,519200,4610172,33911.963,17123.060,0,2313.089,0,252.119,5643,6163,1.020,1.160,1.310,0,0,0,0,0,20,307,0,76,3
18-09 17:17:30,16.247,6.499,74.737,0.500,0,5900564,5188108,519468,4610232,33299.263,15972.248,0,12965.766,0,1244.786,7098,6455,1.020,1.160,1.310,0,0,0,0,0,20,307,0,76,3
18-09 17:17:31,9.250,3.500,85.250,0,0,5900772,5187856,519508,4610236,33154.148,15544.069,0,784.004,0,61.000,3282,3144,1.020,1.160,1.310,3,0,3.000,0,0,20,307,0,77,3
18-09 17:17:32,5.500,3.750,89.998,0.250,0,5900672,5187856,519560,4610280,30053.265,15387.624,0,1411.965,0,95.998,2726,2940,1.020,1.160,1.310,1,0,1.000,0,0,20,308,0,76,3
18-09 17:17:33,11.002,3.501,83.263,0.250,0,5900500,5187856,519684,4610324,29835.699,9539.502,0,1448.228,0,158.025,4193,4592,1.020,1.160,1.310,1,0,0,0,0,20,307,0,76,3
18-09 17:17:34,20.590,7.194,69.459,0.248,0,5901012,5187100,519724,4610520,15582.691,7815.160,0,1202.638,0,106.173,5859,6189,1.020,1.160,1.310,1,0,1.985,0,0,20,308,0,76,3
18-09 17:17:35,26.417,8.051,63.150,0,0,5901028,5186848,519888,4610584,45215.552,22812.574,0,2620.608,0,285.811,7086,7929,1.020,1.160,1.310,1,0,0,0,0,20,307,0,76,3
18-09 17:17:36,24.000,4.000,71.249,0,0,5771744,5315972,519908,4610720,30473.457,15689.721,0,695.988,0,35.999,2833,1990,1.020,1.160,1.310,1,0,0,0,0,20,307,0,72,3
18-09 17:17:37,5.254,6.005,87.068,0,0,5728336,5359444,519928,4610604,205514.835,63593.458,0,992.772,0,73.057,3192,2503,1.020,1.160,1.310,1,0,30.023,0,0,20,307,0,72,3
18-09 17:17:38,3.502,5.253,78.546,11.006,0,5730308,5353704,519964,4614336,123004.354,497684.751,3217.893,2849.676,37.022,133.078,3186,2733,1.020,1.160,1.310,0,1,11.006,0,0,20,307,0,72,3
18-09 17:17:39,10.990,12.488,69.934,5.745,0,5731096,5347668,519980,4619508,30262.315,14871.903,3448.731,171.837,42.959,20.980,3205,2358,1.020,1.160,1.310,1,0,0,0,0,20,307,0,72,3
18-09 17:17:40,14.759,15.759,68.791,0.250,0,5731276,5345400,520016,4621508,30227.846,14864.776,0,1108.655,0,81.048,3810,3032,1.020,1.160,1.310,1,0,0,0,0,20,307,0,72,3
18-09 17:17:41,10.687,13.918,70.334,3.479,0,5729020,5343396,520016,4625724,15384.013,7318.714,2533.019,75.553,28.829,4.971,2812,1838,1.020,1.160,1.310,1,0,4.971,0,0,20,307,0,72,3
18-09 17:17:42,11.051,12.809,70.824,4.521,0,5728040,5340624,520016,4629432,61509.297,31043.972,1993.115,0,30.138,0,2995,1913,1.020,1.160,1.310,1,0,2.009,0,0,20,307,0,72,3
18-09 17:17:43,11.273,14.029,71.898,2.255,0,5726712,5337348,520016,4633948,30052.672,14622.006,1575.233,16.033,28.058,2.004,2763,1743,1.020,1.160,1.310,0,1,2.004,0,0,20,307,0,72,3
18-09 17:17:44,9.729,12.473,69.846,6.735,0,5723596,5336592,520028,4637772,60609.434,30879.949,2729.984,147.675,42.905,12.971,3188,2256,1.020,1.150,1.310,0,1,5.987,0,0,20,307,0,70,3
18-09 17:17:45,2.504,2.754,70.358,22.785,0,5719556,5332056,520048,4646296,45102.336,22216.153,8561.161,212.326,85.131,30.046,2651,2257,1.020,1.150,1.310,0,1,0,0,0,20,307,0,70,3
18-09 17:17:46,3.501,5.001,69.771,19.756,0,5708384,5324508,520048,4664936,56464.862,23847.121,16893.045,0,186.056,0,3207,2462,1.020,1.150,1.310,0,1,2.001,0,0,20,307,0,70,3
18-09 17:17:47,4.248,6.996,69.962,17.241,0,5708476,5304096,520060,4685164,29970.882,14864.007,18230.196,107.942,194.895,9.995,3200,2543,1.020,1.150,1.310,1,0,1.999,0,0,20,307,0,70,3
18-09 17:17:48,14.736,18.233,66.438,0,0,5711232,5298804,520068,4687604,29666.430,15385.702,0,315.707,0,26.975,3295,2274,1.020,1.150,1.310,1,0,5.994,0,0,20,307,0,64,3
18-09 17:17:49,15.028,15.278,69.128,0.250,0,5711316,5295780,520096,4690452,26621.123,8830.294,0,464.858,0,38.070,3273,2602,1.020,1.150,1.300,2,0,1.002,0,0,20,307,0,64,3
18-09 17:17:50,15.746,15.996,67.484,0,0,5711292,5292756,520176,4693328,15172.468,7618.227,0,3219.251,0,178.958,3775,3364,1.020,1.150,1.300,1,0,2.000,0,0,20,307,0,64,3
18-09 17:17:51,5.991,8.737,70.396,12.482,0,5711744,5280168,520188,4705372,30676.865,15555.113,11051.739,343.495,107.841,13.979,3158,2284,1.020,1.150,1.300,0,1,4.993,0,0,20,307,0,64,3
18-09 17:17:52,3.252,6.754,68.543,19.512,0,5711868,5262092,520200,4723232,61224.682,625371.113,17635.142,712.450,171.108,30.019,3966,2853,1.020,1.150,1.300,0,1,3.002,0,0,20,307,0,60,3
18-09 17:17:53,3.746,6.742,69.922,18.230,0,5712808,5242940,520200,4741348,59939.828,30347.990,17796.057,3.996,168.811,0.999,3658,2643,1.020,1.150,1.300,0,1,5.993,0,0,20,307,0,60,3
18-09 17:17:54,3.503,5.005,70.819,19.769,0,5712740,5224544,520200,4759732,45196.131,22445.917,18065.640,16.016,174.170,2.002,3445,2516,1.020,1.150,1.300,0,1,2.002,0,0,20,307,0,60,3
