"pcp-dstat 6.2.0 CSV Output"
"Author:","PCP team <pcp@groups.io> and Dag Wieers <dag@wieers.com>",,,,"URL:","https://pcp.io/ and http://dag.wieers.com/home-made/dstat/"
"Host:","ubuntu",,,,"User:","stack"
"Cmdline:","dstat -tcmndrylpg --tcp --output /opt/stack/logs/dstat-csv.log",,,,"Date:","06 Sep 2026 04:20:02 UTC"
"system","total usage",,,,,"memory usage",,,,"net/total",,"dsk/total",,"io/total",,"system",,"load avg",,,"procs",,,"paging",,"tcp sockets",,,,
"time","total usage:usr","total usage:sys","total usage:idl","total usage:wai","total usage:stl","used","free","buf","cach","net/total:recv","net/total:send","dsk/total:read","dsk/total:writ","read","writ","int","csw","1m","5m","15m","run","blk","new","in","out","lis","act","syn","tim","clo"
06-09 04:20:02,,1030620,11515232,206052,3397960,,,,,,,1.740,1.250,0.830,3,0,,,,11,5,0,9,0
06-09 04:20:03,23.398,25.914,48.809,0.252,0,1050032,11495660,206100,3398076,68563.325,38989.988,0,712.514,0,20.128,5603,4237,1.840,1.280,0.840,1,0,138.880,0,0,11,5,0,9,0
06-09 04:20:04,24.776,29.031,44.798,0,0,1074556,11470928,206188,3401032,88845.670,39325.904,0,736.785,0,26.028,5357,7548,1.840,1.280,0.840,3,0,174.186,0,0,11,6,0,9,0
06-09 04:20:05,22.235,24.983,50.465,0.250,0,1076080,11468980,206252,3398448,66142.383,34284.355,0,863.405,0,24.983,5024,6858,1.840,1.280,0.840,3,0,149.897,0,0,11,5,0,10,1
06-09 04:20:06,23.383,28.110,46.767,0,0,1095572,11449124,206300,3398732,57285.291,36012.389,0,644.784,0,19.901,4615,2423,1.840,1.280,0.840,3,0,135.325,0,0,11,4,0,10,2
06-09 04:20:07,25.660,24.905,49.056,0,0,1096032,11448416,206340,3398880,78939.194,475775.509,0,3582.336,0,34.213,5049,2785,1.840,1.280,0.840,2,0,124.778,0,0,11,4,0,9,2
06-09 04:20:08,19.255,24.006,55.763,0,0,1099892,11444180,206440,3399076,78937.646,156813.040,0,1008.238,0,30.007,4635,2447,1.780,1.270,0.840,1,0,126.030,0,0,11,4,0,9,2
06-09 04:20:09,35.044,23.279,41.051,0,0,1082836,11460968,206472,3399304,64442.807,33118.528,0,512.643,0,15.019,4579,3700,1.780,1.270,0.840,2,0,76.095,0,0,11,4,0,9,2
06-09 04:20:10,20.762,25.015,52.781,0,0,1079692,11463744,206536,3399464,54814.930,29267.048,0,956.557,0,27.016,4562,2358,1.780,1.270,0.840,2,0,126.073,0,0,11,4,0,9,2
06-09 04:20:11,26.416,25.170,46.352,0,0,1076828,11449484,206628,3416440,234576.614,34902.796,0,1104.481,0,25.917,4863,3552,1.780,1.270,0.840,2,0,88.717,0,0,11,4,0,9,2
06-09 04:20:12,42.625,21.062,36.106,0,0,1093152,11428920,206764,3419780,53168.207,27432.596,0,429.261,0,13.038,5929,5269,1.780,1.270,0.840,2,0,75.221,0,0,11,4,0,9,2
06-09 04:20:13,24.860,14.062,61.523,0.251,0,1217144,11292664,207552,3554360,45163.282,23287.270,0,1245.523,0,55.245,3940,3120,1.790,1.280,0.850,2,0,31.138,0,0,12,6,0,9,2
06-09 04:20:14,35.275,15.898,45.956,0.248,0,1228936,11271064,207920,3562776,60880.899,33223.661,15.898,1100.964,0.994,28.816,4297,2271,1.790,1.280,0.850,3,0,47.695,0,0,12,6,0,9,2
06-09 04:20:15,40.611,10.962,48.085,0,0,1240072,11249740,208148,3571532,45622.887,24731.374,0,219.250,0,10.962,3698,1873,1.790,1.280,0.850,2,0,24.915,0,0,12,6,0,9,2
06-09 04:20:16,35.423,19.093,45.220,0,0,1251840,11219872,208660,3587740,71005.933,582009.489,0,1390.776,0,51.250,5039,2951,1.790,1.280,0.850,3,0,91.446,0,0,12,6,0,9,2
06-09 04:20:17,33.707,20.224,44.943,0.499,0,1240808,11219528,209568,3596628,60736.208,32974.309,0,12488.211,0,121.846,5029,3031,1.790,1.280,0.850,3,0,87.889,0,0,12,6,0,11,2
06-09 04:20:18,39.931,9.484,47.169,2.745,0,1256228,11194492,210208,3604028,44587.379,22912.626,359.382,2272.096,19.966,54.906,3498,2083,1.810,1.300,0.850,3,0,4.991,0,0,12,6,0,11,2
06-09 04:20:19,40.667,9.980,46.406,2.495,0,1293228,11132636,211020,3626156,44802.089,23388.541,1153.659,5113.624,25.947,507.969,4398,1902,1.810,1.300,0.850,2,0,1.996,0,0,12,6,0,11,2
06-09 04:20:20,43.380,9.332,46.406,1.009,0,1330296,11084616,211792,3634788,41424.551,21256.035,246.154,2655.239,7.062,52.459,3671,1862,1.810,1.300,0.850,2,0,0,0,0,12,6,0,11,2
06-09 04:20:21,43.170,7.443,47.387,0.992,0,1271384,11159252,211932,3618868,19608.908,10305.122,754.227,535.898,5.954,13.894,3316,1454,1.810,1.300,0.850,2,0,1.985,0,0,12,4,0,11,0
06-09 04:20:22,38.085,18.918,40.574,1.494,0,1321700,11100816,215476,3623296,45116.161,23567.698,15.931,30973.551,0.996,1509.448,11093,12907,1.810,1.300,0.850,4,0,32.857,0,0,12,6,0,11,0
06-09 04:20:23,40.570,19.283,35.562,4.007,0,1338596,11070380,220668,3630736,44752.665,22154.447,0,35016.769,0,2393.153,14800,18577,1.990,1.340,0.870,3,1,60.104,0,0,12,6,0,11,0
06-09 04:20:24,44.515,15.505,33.761,7.252,0,1334300,11066096,225488,3634108,15639.294,7364.493,0,33799.442,0,2274.770,13511,17344,1.990,1.340,0.870,3,0,29.010,0,0,12,6,0,11,0
06-09 04:20:25,40.701,17.336,39.193,0.502,0,1259432,11139844,226084,3634544,61325.551,35702.137,0,5917.193,0,314.552,8331,10505,1.990,1.340,0.870,3,0,58.288,0,0,12,4,0,11,0
06-09 04:20:26,34.578,17.413,46.767,0,0,1262440,11135824,226084,3635360,56522.586,30219.543,0,2340.348,0,15.921,3734,1922,1.990,1.340,0.870,6,0,31.841,0,0,12,4,0,11,0
06-09 04:20:27,44.130,17.452,36.899,0,0,1310264,11087344,226668,3635360,61515.453,592382.555,0,26703.270,0,427.835,7703,8665,1.990,1.340,0.870,3,0,4.986,0,0,12,4,0,11,0
06-09 04:20:28,39.726,13.577,46.012,0,0,1325984,11071472,226696,3635440,30279.159,15037.499,0,740.209,0,11.063,3987,2453,1.990,1.350,0.880,6,0,15.086,0,0,12,4,0,11,0
06-09 04:20:29,39.490,12.747,47.238,0,0,1223436,11181060,226740,3628988,31097.209,17029.733,0,367.908,0,11.997,3424,1440,1.990,1.350,0.880,4,0,13.996,0,0,12,4,0,11,0
06-09 04:20:30,41.927,9.733,46.919,0,0,1254640,11150068,226740,3628936,59433.050,30876.516,0,7.986,0,1.997,3331,1597,1.990,1.350,0.880,4,0,8.984,0,0,12,4,0,11,0
06-09 04:20:31,42.828,9.825,47.866,0,0,1297908,11106800,226740,3628936,30498.221,15639.597,0,0,0,0,3209,1461,1.990,1.350,0.880,4,0,19.146,0,0,12,4,0,11,0
06-09 04:20:32,27.665,11.216,60.315,0,0,1290516,11114196,226744,3628928,45179.734,24885.840,0,10356.306,0,301.079,3619,1638,1.990,1.350,0.880,3,0,49.847,0,0,12,4,0,11,0
06-09 04:20:33,7.735,20.960,69.367,0,0,1245400,11159292,226744,3628948,60888.655,33959.111,0,0,0,0,4244,2509,1.910,1.350,0.880,2,0,129.752,0,0,12,4,0,11,0
06-09 04:20:34,6.548,23.422,68.755,0,0,1224844,11179908,226788,3628972,45713.803,25122.545,0,604.440,0,16.118,4740,3017,1.910,1.350,0.880,2,0,141.036,0,0,12,4,0,11,0
06-09 04:20:35,7.451,24.092,66.564,0,0,1209652,11194996,226828,3629032,60601.789,31541.264,0,449.057,0,26.824,4596,2701,1.910,1.350,0.880,3,0,123.193,0,0,12,4,0,11,0
06-09 04:20:36,9.227,23.441,66.083,0,0,1207108,11197536,226828,3629036,63677.165,332105.173,0,19.950,0,4.987,4579,2741,1.910,1.350,0.880,2,0,119.698,0,0,12,4,0,11,0
06-09 04:20:37,7.782,23.345,67.524,0,0,1198216,11206296,226828,3629168,53183.080,284809.164,0,12.049,0,3.012,4722,2678,1.910,1.350,0.880,1,0,133.543,0,0,12,4,0,11,0
06-09 04:20:38,15.245,23.493,59.981,0,0,1182844,11221648,226828,3629624,60087.286,30888.380,0,31.990,0,2.999,4634,4475,1.840,1.340,0.880,1,0,97.969,0,0,12,4,0,11,0
06-09 04:20:39,18.378,20.896,59.919,0,0,1163204,11241284,226828,3629236,45099.226,22559.684,0,0,0,0,4375,4405,1.840,1.340,0.880,1,0,63.443,0,0,12,4,0,11,0
06-09 04:20:40,35.478,22.329,37.463,3.225,0,1191252,11211300,226840,3631512,60878.152,32856.041,1873.632,146.874,23.817,1.985,4823,2775,1.840,1.340,0.880,4,0,110.155,0,0,12,4,0,8,0
06-09 04:20:41,43.391,11.222,41.895,2.494,0,1252324,11148300,226840,3633444,44671.771,23024.157,1859.329,0,21.945,0,3663,1776,1.840,1.340,0.880,2,0,21.945,0,0,12,5,0,8,0
06-09 04:20:42,46.132,4.764,47.887,1.003,0,1281732,11118816,226864,3633496,29888.507,14958.795,20.057,8.023,4.011,2.006,3099,1303,1.840,1.340,0.880,2,0,0,0,0,12,5,0,8,0
06-09 04:20:43,45.737,6.534,47.998,0,0,1309068,11091096,226888,3633852,29838.303,15518.250,0,4547.517,0,29.151,3230,1328,1.850,1.350,0.880,2,0,2.010,0,0,12,5,0,8,0
06-09 04:20:44,33.007,18.504,47.760,0,0,1317128,11082276,226928,3634572,16206.305,8045.641,0,20.004,0,2.000,3357,1950,1.850,1.350,0.880,2,0,0,0,0,12,5,0,6,0
06-09 04:20:45,39.734,15.494,44.232,0.250,0,1341572,11055568,227024,3636612,15045.827,7520.914,75.969,907.628,4.998,3.998,5042,4700,1.850,1.350,0.880,1,0,64.973,0,0,12,4,0,7,0
06-09 04:20:46,14.409,17.141,65.584,0.994,0,1364796,11031896,227164,3636892,30020.661,17664.005,401.455,0,10.931,0,3452,2151,1.850,1.350,0.880,2,0,73.534,0,0,13,4,0,7,0
06-09 04:20:47,22.044,4.760,72.395,0,0,1406372,10990316,227164,3636896,44879.807,23761.548,0,4.008,0,1.002,2291,1393,1.850,1.350,0.880,1,0,0,0,0,13,4,0,7,0
06-09 04:20:48,23.485,13.991,62.961,0,0,1424280,10972420,227164,3636896,53731.482,454482.493,0,52627.171,0,183.885,3524,1968,1.780,1.350,0.890,1,0,0.999,0,0,13,4,0,7,0
06-09 04:20:49,23.766,2.252,72.299,0,0,1432900,10963600,227164,3637096,18469.447,139536.040,0,376.254,0,2.001,2168,1119,1.780,1.350,0.890,1,0,3.002,0,0,13,4,0,7,0
06-09 04:20:50,23.208,4.991,69.625,1.497,0,1460688,10935124,227732,3637184,61092.998,43397.860,19.964,2978.637,0.998,234.578,5015,5109,1.780,1.350,0.890,2,0,0.998,0,0,13,10,0,7,0
06-09 04:20:51,20.769,9.759,68.813,0.250,0,1356320,11038976,228236,3637184,44764.993,23601.613,0,10081.232,0,610.559,4050,2617,1.780,1.350,0.890,1,0,42.038,0,0,13,4,0,9,0
06-09 04:20:52,19.465,6.987,71.870,0,0,1399892,10995380,228260,3637184,48177.535,24491.536,0,247.551,0,12.976,2436,1410,1.780,1.350,0.890,2,0,1.996,0,0,13,4,0,6,0
06-09 04:20:53,23.194,8.729,66.588,1.247,0,1410356,10984200,228372,3637708,40675.204,20141.079,327.205,33311.091,9.976,154.624,2857,1597,1.720,1.340,0.890,1,0,0,0,0,13,4,0,6,0
06-09 04:20:54,13.599,3.778,82.855,0.504,0,1432088,10962368,228400,3637728,17455.437,9824.727,4.029,4992.448,1.007,15.110,1888,1203,1.720,1.340,0.890,1,0,0,0,0,13,9,0,6,0
06-09 04:20:55,22.166,3.487,71.728,0,0,1435808,10958588,228464,3637736,16775.416,9120.431,0,247.064,0,23.909,3318,2703,1.720,1.340,0.890,1,0,2.989,0,0,13,17,0,6,0
06-09 04:20:56,12.204,3.487,72.474,10.958,0,1435760,10958364,228504,3637904,15053.645,7870.015,163.378,1036.053,40.844,16.935,1722,1140,1.720,1.340,0.890,0,1,0,0,0,13,17,0,6,0
06-09 04:20:57,15.074,2.010,74.865,7.286,0,1435500,10958140,228548,3638108,16254.344,8217.111,253.236,36.177,62.304,3.015,1943,1307,1.720,1.340,0.890,1,0,1.005,0,0,13,27,0,6,0
06-09 04:20:58,18.059,1.254,80.262,0,0,1437492,10956124,228548,3638132,18926.726,11176.450,0,0,0,0,2392,1673,1.660,1.330,0.890,1,0,4.013,0,0,13,28,0,7,0
06-09 04:20:59,17.126,9.928,71.233,0,0,1409764,10983848,228548,3638136,482.499,0,0,103.251,0,5.957,2856,1657,1.660,1.330,0.890,1,0,42.690,0,0,13,28,0,7,0
06-09 04:21:00,22.696,5.044,72.376,0,0,1411528,10982084,228576,3638108,45518.660,23690.886,0,141.221,0,10.087,2562,1546,1.660,1.330,0.890,3,0,0,0,0,13,28,0,7,0
06-09 04:21:01,14.143,3.226,81.385,0,0,1434184,10959236,228608,3638264,31602.189,17389.591,0,2155.710,0,23.820,2100,1420,1.660,1.330,0.890,2,0,1.985,0,0,13,29,0,7,0
06-09 04:21:02,16.544,3.259,79.714,0,0,1435156,10958256,228608,3638272,34226.886,19059.166,0,0,0,0,2280,1597,1.660,1.330,0.890,3,0,0,0,0,13,28,0,7,1
06-09 04:21:03,16.005,15.755,67.271,0,0,1401076,10992320,228608,3638288,31109.543,16030.917,0,12.004,0,3.001,3572,2043,1.690,1.350,0.890,2,0,114.035,0,0,13,28,0,8,0
06-09 04:21:04,35.960,17.112,45.136,0,0,1436064,10957320,228616,3638292,71062.192,583792.249,0,178.561,0,3.968,4224,2590,1.690,1.350,0.890,2,0,44.640,0,0,13,28,0,8,0
06-09 04:21:05,53.410,16.376,30.484,0,0,1531372,10862008,228616,3638292,30183.575,15231.862,0,0,0,0,4202,12475,1.690,1.350,0.890,1,0,36.278,0,0,13,29,0,9,0
06-09 04:21:06,28.005,8.502,63.012,0,0,1518644,10874676,228616,3638336,37125.899,21799.051,0,8.001,0,2.000,3174,2210,1.690,1.350,0.890,3,0,6.001,0,0,13,30,0,9,0
06-09 04:21:07,29.688,5.535,64.409,0,0,1520856,10872408,228632,3638376,21371.659,13469.499,0,84.537,0,7.045,4726,4907,1.690,1.350,0.890,1,0,2.013,0,0,13,30,0,9,0
06-09 04:21:08,31.643,8.653,57.107,0,0,1454200,10938968,228672,3638424,20210.285,12292.497,0,122.618,0,15.822,5303,4507,1.710,1.360,0.900,3,0,47.465,0,0,13,28,0,10,0
06-09 04:21:09,37.704,47.320,15.942,0,0,1434648,10958356,228688,3638572,26580.088,14747.596,0,4461.730,0,347.181,5800,3281,1.710,1.360,0.900,5,0,298.596,0,0,13,28,0,9,0
06-09 04:21:10,66.810,32.408,0,0,0,1576004,10816984,228704,3638572,50224.035,26472.645,0,155.557,0,10.969,5411,3504,1.710,1.360,0.900,6,0,237.324,0,0,13,28,0,9,0
06-09 04:21:11,80.280,19.507,0.250,0,0,1742008,10650972,228752,3638584,48059.061,27126.194,0,808.304,0,92.035,5269,2708,1.710,1.360,0.900,5,0,0,0,0,13,30,0,9,0
06-09 04:21:12,81.329,14.719,3.992,0,0,1848520,10544428,228752,3638612,40998.728,25475.393,0,55.882,0,4.990,5699,3858,1.710,1.360,0.900,4,0,0,0,0,13,32,1,9,0
06-09 04:21:13,63.458,12.400,20.667,0,0,1854720,10538128,228804,3638656,33712.256,26581.566,0,202.289,0,18.478,6652,7773,1.900,1.400,0.920,4,0,1.945,0,0,13,34,0,9,0
06-09 04:21:14,79.935,19.032,2.030,0,0,1751176,10641424,228900,3638804,26083.642,16788.864,0,401.958,0,39.587,6362,6836,1.900,1.400,0.920,5,0,110.640,0,0,13,29,0,14,0
06-09 04:21:15,21.849,26.677,51.321,0,0,1573900,10818588,228948,3638868,62816.488,34017.976,0,337.395,0,24.390,5010,3758,1.900,1.400,0.920,1,0,204.266,0,0,13,28,0,15,0
06-09 04:21:16,20.224,6.741,72.408,0,0,1604596,10787876,228964,3638868,44760.317,22787.143,0,155.803,0,7.990,2448,1483,1.900,1.400,0.920,1,0,1.997,0,0,13,28,0,15,0
06-09 04:21:17,15.419,3.482,79.336,0.249,0,1618068,10774332,229036,3638868,30996.115,17175.298,0,696.363,0,40.787,2063,1298,1.900,1.400,0.920,1,0,0,0,0,13,29,0,15,0
06-09 04:21:18,18.485,3.997,77.188,0,0,1598292,10794104,229036,3638872,18287.271,9916.014,0,11.990,0,2.998,2754,2166,1.740,1.380,0.910,1,0,0.999,0,0,13,29,0,15,0
06-09 04:21:19,15.771,5.257,78.354,0,0,1541220,10851160,229068,3638856,27331.227,451938.035,0,332.441,0,14.019,3277,2720,1.740,1.380,0.910,1,0,15.020,0,0,13,28,0,16,0
06-09 04:21:20,14.504,14.004,70.270,0,0,1522308,10870020,229084,3638892,63518.675,158700.161,0,404.112,0,8.002,3417,2054,1.740,1.380,0.910,1,0,56.016,0,0,13,28,0,16,0
06-09 04:21:21,22.435,5.484,71.293,0,0,1513776,10878552,229100,3638876,29777.637,14828.992,0,721.906,0,69.798,2386,1316,1.740,1.380,0.910,2,0,0,0,0,13,28,0,14,0
06-09 04:21:22,12.857,4.286,82.688,0,0,1511844,10880420,229140,3638900,34088.627,18768.157,0,2270.895,0,242.014,2586,1789,1.740,1.380,0.910,1,0,2.017,0,0,13,29,0,14,0
06-09 04:21:23,16.470,2.994,80.102,0,0,1505596,10886652,229180,3638876,17764.191,9648.180,0,123.771,0,14.972,2910,2596,1.680,1.370,0.910,0,0,0,0,0,13,29,0,14,0
06-09 04:21:24,12.214,16.202,69.794,0,0,1456972,10935192,229220,3638920,31909.834,16799.425,0,243.282,0,18.944,3952,2543,1.680,1.370,0.910,2,0,100.703,0,0,13,28,0,15,0
06-09 04:21:25,5.742,26.212,65.406,0,0,1443900,10948252,229236,3638916,61196.222,33727.622,0,383.450,0,8.987,4944,2725,1.680,1.370,0.910,1,0,186.732,0,0,13,28,0,15,0
06-09 04:21:26,5.743,26.467,65.669,0.250,0,1433528,10958556,229308,3638912,61309.336,33736.365,0,751.073,0,38.952,4904,2730,1.680,1.370,0.910,1,0,175.783,0,0,13,28,0,15,0
06-09 04:21:27,12.282,37.097,48.377,0,0,1423776,10968292,229308,3638928,45950.344,24285.604,0,24.063,0,6.016,5168,2966,1.680,1.370,0.910,3,0,231.607,0,0,13,28,0,15,0
06-09 04:21:28,44.708,45.461,9.544,0,0,1494004,10898060,229308,3638932,61289.946,32400.636,0,20.093,0,5.023,5268,3090,1.950,1.430,0.930,7,0,229.065,0,0,13,28,0,15,0
06-09 04:21:29,73.630,26.046,0.250,0,0,1638372,10753676,229308,3638944,61394.726,33725.726,0,8.014,0,2.004,5148,2705,1.950,1.430,0.930,4,0,120.213,0,0,13,29,0,15,0
06-09 04:21:30,80.238,14.702,5.482,0,0,1737336,10654704,229308,3638952,47887.892,578210.113,0,59.805,0,4.984,5304,3141,1.950,1.430,0.930,4,0,0.997,0,0,13,31,0,15,0
06-09 04:21:31,62.670,10.779,26.322,0,0,1775020,10616956,229320,3639000,43969.461,31200.769,0,104.283,0,2.005,5909,5352,1.950,1.430,0.930,3,0,2.005,0,0,13,33,0,15,0
06-09 04:21:32,71.556,11.759,17.013,0,0,1736764,10655012,229352,3639168,29850.263,19459.165,0,96.075,0,12.009,6358,6493,1.950,1.430,0.930,3,0,7.005,0,0,13,32,0,15,0
06-09 04:21:33,72.177,17.671,8.711,0,0,1686156,10705452,229480,3639208,26497.310,16212.379,0,469.895,0,49.777,6678,6845,2.110,1.470,0.950,5,0,52.764,0,0,13,29,0,16,0
06-09 04:21:34,66.532,32.265,1.000,0,0,1617944,10773612,229528,3639212,17795.467,10855.165,0,292.139,0,23.011,5595,4282,2.110,1.470,0.950,7,0,226.108,0,0,13,28,0,16,0
06-09 04:21:35,78.267,22.828,0,0,0,1723200,10668316,229544,3639236,61474.761,32856.110,0,196.671,0,12.041,5010,2753,2.110,1.470,0.950,5,0,26.089,0,0,13,29,0,16,0
06-09 04:21:36,81.284,14.890,1.220,0,0,1829204,10562304,229616,3639172,38430.658,23860.986,0,773.300,0,38.079,5290,3095,2.110,1.470,0.950,6,0,0,0,0,13,32,0,16,0
06-09 04:21:37,67.457,10.905,22.570,0,0,1847804,10543444,229616,3639428,34276.219,27447.349,0,0,0,0,6907,6763,2.110,1.470,0.950,4,0,2.029,0,0,13,34,0,16,0
06-09 04:21:38,71.216,13.896,13.400,0,0,1844992,10546216,229616,3639468,34997.774,25692.495,0,0,0,0,6775,7353,2.190,1.500,0.960,6,0,18.859,0,0,13,33,0,17,0
06-09 04:21:39,64.815,18.769,15.766,0,0,1739444,10651552,229648,3639644,59777.290,35467.772,0,132.133,0,14.014,6823,7492,2.190,1.500,0.960,4,0,108.109,0,0,13,30,0,20,0
06-09 04:21:40,41.945,30.827,28.047,0,0,1539492,10851432,229700,3639660,65947.411,36406.108,0,287.044,0,25.268,5714,4340,2.190,1.500,0.960,3,0,175.865,0,0,13,28,0,21,0
06-09 04:21:41,39.236,11.996,47.733,0,0,1547128,10843796,229700,3639660,44300.671,22358.264,0,3.999,0,1.000,3354,1735,2.190,1.500,0.960,3,0,0,0,0,13,28,0,21,0
06-09 04:21:42,26.407,5.481,67.263,0,0,1582488,10808396,229732,3639664,34096.965,19274.148,0,1634.247,0,176.379,2680,1551,2.190,1.500,0.960,5,0,0,0,0,13,30,0,21,0
06-09 04:21:43,37.587,7.517,54.877,0,0,1579256,10811552,229788,3639684,20083.582,12355.658,0,1792.157,0,168.391,3957,2942,2.170,1.510,0.970,2,0,2.005,0,0,13,30,0,21,0
06-09 04:21:44,31.980,4.747,61.712,0,0,1488476,10902260,229844,3639700,23615.387,15544.381,0,251.844,0,21.986,4777,4263,2.170,1.510,0.970,2,0,0.999,0,0,13,29,0,22,0
06-09 04:21:45,28.887,34.366,35.362,0,0,1469844,10920836,229864,3639720,75637.466,595620.763,0,354.614,0,48.809,6246,4417,2.170,1.510,0.970,3,0,196.233,0,0,13,28,0,23,0
06-09 04:21:46,48.130,34.451,17.732,0,0,1491896,10898752,229880,3639736,46033.867,24960.892,0,162.123,0,10.133,4901,2877,2.170,1.510,0.970,3,0,185.428,0,0,13,28,0,22,0
06-09 04:21:47,57.893,10.436,31.059,0,0,1601964,10788668,229896,3639736,45422.200,24071.718,0,107.339,0,6.957,3707,1506,2.170,1.510,0.970,2,0,0,0,0,13,29,0,22,0
06-09 04:21:48,41.955,8.241,49.447,0.250,0,1617920,10772552,230024,3639764,25935.216,17496.257,0,1965.894,0,94.898,4401,3240,2.240,1.530,0.980,3,0,0.999,0,0,13,31,0,22,0
06-09 04:21:49,44.231,8.246,45.980,0,0,1618888,10771544,230040,3639788,37661.469,23262.789,0,59.974,0,5.997,5739,5108,2.240,1.530,0.980,2,0,1.999,0,0,13,31,0,22,0
06-09 04:21:50,46.810,13.196,38.842,0,0,1587124,10803044,230136,3639956,24923.703,15852.570,0,394.397,0,38.842,6439,6045,2.240,1.530,0.980,4,0,51.790,0,0,13,29,0,23,0
06-09 04:21:51,49.228,46.451,4.797,0,0,1502696,10887428,230180,3639956,61726.205,33197.261,0,387.764,0,23.225,5406,3626,2.240,1.530,0.980,4,0,208.019,0,0,13,28,0,23,0
06-09 04:21:52,82.986,16.997,0,0,0,1645820,10744292,230188,3639960,44487.461,22412.202,0,575.902,0,8.998,4831,1695,2.240,1.530,0.980,4,0,2.000,0,0,13,28,0,23,0
06-09 04:21:53,47.174,7.577,42.041,0,0,1694352,10695680,230240,3639988,28092.193,20454.417,0,2049.255,0,264.956,4686,3178,2.300,1.560,0.990,5,0,0,0,0,13,32,0,23,0
06-09 04:21:54,65.307,11.181,24.649,0,0,1697328,10692684,230240,3640008,39054.380,23357.207,0,4.066,0,1.016,5675,4418,2.300,1.560,0.990,6,0,0,0,0,13,32,0,21,0
06-09 04:21:55,54.313,13.888,28.769,0,0,1652936,10736844,230292,3640184,28651.484,21148.847,0,341.254,0,33.729,7352,7605,2.300,1.560,0.990,3,0,46.625,0,0,13,33,0,22,0
06-09 04:21:56,58.168,34.037,8.890,0,0,1548004,10841716,230340,3640196,69498.044,39161.169,0,308.876,0,27.433,6370,5450,2.300,1.560,0.990,5,0,207.272,0,0,13,30,0,24,0
06-09 04:21:57,57.808,21.271,21.021,0,0,1544904,10844788,230356,3640208,44939.256,23669.837,0,148.149,0,9.009,4312,2118,2.300,1.560,0.990,4,0,76.077,0,0,13,30,0,24,0
06-09 04:21:58,49.864,8.931,39.940,0,0,1625620,10763988,230412,3640232,48974.464,565680.161,0,496.155,0,29.769,4006,2405,2.110,1.530,0.990,2,0,3.969,0,0,13,35,0,24,0
06-09 04:21:59,46.466,7.994,44.967,0,0,1625608,10763988,230412,3640244,36539.498,22161.926,0,11.991,0,2.998,4242,2867,2.110,1.530,0.990,2,0,0,0,0,13,35,0,24,0
06-09 04:22:00,42.171,13.225,42.670,0,0,1617504,10771888,230444,3640416,25696.696,17136.787,0,387.272,0,31.940,6957,6941,2.110,1.530,0.990,2,0,39.925,0,0,13,34,0,25,0
06-09 04:22:01,49.416,34.793,15.632,0,0,1544856,10844488,230460,3640444,51733.217,29681.704,0,326.749,0,21.178,5962,4774,2.110,1.530,0.990,5,0,193.629,0,0,13,32,0,26,0
06-09 04:22:02,60.411,21.131,17.651,0,0,1574852,10814484,230460,3640452,44754.798,22983.000,0,3.978,0,0.994,4240,2032,2.110,1.530,0.990,3,0,68.615,0,0,13,32,0,25,0
06-09 04:22:03,39.881,7.727,51.846,0,0,1648716,10740612,230460,3640460,36055.611,22985.540,0,0,0,0,3653,2275,1.940,1.510,0.980,1,0,0,0,0,13,35,0,25,0
06-09 04:22:04,48.596,9.268,40.580,0,0,1650200,10739072,230500,3640476,39240.414,22949.275,0,737.455,0,39.077,5057,3985,1.940,1.510,0.980,3,0,2.004,0,0,13,35,0,25,0
06-09 04:22:05,45.778,15.837,35.632,0,0,1644504,10744560,230552,3643476,25269.353,15984.128,0,281.101,0,24.745,6577,11265,1.940,1.510,0.980,4,0,79.183,0,0,13,33,0,27,0
06-09 04:22:06,48.306,43.984,8.390,0,0,1484776,10904232,230564,3640640,33750.994,19731.131,0,187.121,0,15.254,5709,8390,1.940,1.510,0.980,4,0,204.410,0,0,13,32,0,27,0
06-09 04:22:07,62.906,16.975,19.721,0,0,1577052,10811832,230572,3640684,60153.186,31019.685,0,155.767,0,7.988,4477,1865,1.940,1.510,0.980,3,0,49.925,0,0,13,32,0,27,0
06-09 04:22:08,37.109,8.219,53.546,0,0,1625540,10763276,230616,3640708,38248.609,26311.983,0,2809.321,0,326.758,4746,3198,1.950,1.510,0.990,1,0,0.996,0,0,13,35,0,27,0
06-09 04:22:09,50.059,9.215,39.599,0,0,1628044,10760756,230620,3640720,38324.484,20766.608,0,75.711,0,5.977,5309,4024,1.950,1.510,0.990,2,0,0,0,0,13,35,0,27,0
06-09 04:22:10,48.997,6.000,43.497,0,0,1549076,10839636,230668,3640752,24265.520,15820.035,0,235.986,0,29.998,5952,5390,1.950,1.510,0.990,6,0,7.000,0,0,13,32,0,28,0
06-09 04:22:11,46.366,29.987,23.435,0,0,1525068,10863616,230672,3640760,30711.426,17004.226,0,133.050,0,8.064,4413,2397,1.950,1.510,0.990,4,0,107.851,0,0,13,32,0,28,0
06-09 04:22:12,59.652,11.232,28.204,0,0,1607904,10780764,230680,3640768,48190.705,203505.145,0,179.704,0,8.985,3897,1692,1.950,1.510,0.990,3,0,0,0,0,13,33,1,28,0
06-09 04:22:13,40.893,7.730,50.618,0,0,1621944,10766696,230692,3640784,35591.108,397442.689,0,422.896,0,22.940,4292,2909,2.110,1.560,1,2,0,1.995,0,0,13,35,0,28,0
06-09 04:22:14,42.039,6.965,49.750,0.249,0,1622516,10765940,230708,3640948,39398.058,24212.353,0,99.500,0,12.935,5809,5710,2.110,1.560,1,3,0,0,0,0,13,35,0,24,0
06-09 04:22:15,44.382,21.693,32.663,0,0,1537304,10851092,230752,3640964,25725.865,13181.090,0,307.186,0,28.923,6015,4806,2.110,1.560,1,4,0,120.680,0,0,13,32,0,26,0
06-09 04:22:16,44.773,44.267,11.889,0,0,1497160,10891224,230768,3640960,61858.386,33636.813,0,182.127,0,14.165,5303,3221,2.110,1.560,1,4,0,217.540,0,0,13,32,0,26,0
06-09 04:22:17,68.691,31.087,0.251,0,0,1612992,10775324,230780,3640980,49232.134,23734.110,0,164.458,0,14.039,5180,3048,2.110,1.560,1,7,0,182.508,0,0,13,32,0,26,0
06-09 04:22:18,70.043,29.413,0.499,0,0,1751216,10637072,230812,3640976,61541.332,37940.999,0,490.552,0,28.915,5373,3664,2.350,1.610,1.020,5,0,195.423,0,0,13,35,0,24,0
06-09 04:22:19,74.860,23.706,0.998,0,0,1834532,10553676,230812,3641028,72897.238,46226.275,0,0,0,0,5852,4634,2.350,1.610,1.020,8,0,161.697,0,0,13,36,0,24,0
06-09 04:22:20,61.172,26.886,10.360,0,0,1861516,10526492,230812,3641224,85668.749,60750.232,0,7.893,0,1.973,6889,6497,2.350,1.610,1.020,3,0,174.635,0,0,13,38,0,24,0
06-09 04:22:21,70.157,25.673,4.575,0,0,1851604,10536324,230860,3641256,63766.759,40094.309,0,451.446,0,58.973,6615,6155,2.350,1.610,1.020,7,0,169.801,0,0,13,35,0,25,0
06-09 04:22:22,62.333,36.549,0.751,0,0,1646140,10741704,230900,3641300,77466.865,467132.284,0,973.292,0,39.052,6576,6291,2.350,1.610,1.020,5,0,294.391,0,0,13,33,0,24,0
06-09 04:22:23,67.598,32.297,0,0,0,1606812,10780972,230936,3641316,50098.732,135263.373,0,284.413,0,21.031,5458,3970,2.640,1.690,1.050,6,0,238.346,0,0,13,32,0,24,0
06-09 04:22:24,70.907,22.392,6.966,0,0,1717380,10670384,230948,3641340,68598.463,41525.308,0,143.307,0,6.966,5173,3455,2.640,1.690,1.050,5,0,109.471,0,0,13,34,0,24,0
06-09 04:22:25,60.187,11.192,27.109,0,0,1782208,10605392,230964,3641488,53449.003,33002.349,0,569.040,0,33.824,5015,3840,2.640,1.690,1.050,3,0,1.990,0,0,13,37,0,24,0
06-09 04:22:26,68.677,11.695,17.667,0,0,1785716,10601864,230964,3641508,48340.849,31374.573,0,3.981,0,0.995,6380,6404,2.640,1.690,1.050,3,0,0,0,0,13,37,0,24,0
06-09 04:22:27,62.010,19.833,17.574,0,0,1733736,10653768,230964,3641580,29856.007,19594.040,0,8.034,0,2.008,6982,7250,2.640,1.690,1.050,4,0,111.467,0,0,13,35,0,25,0
06-09 04:22:28,48.915,31.105,18.312,0,0,1640972,10746372,230964,3641736,71495.590,44367.923,0,4.014,0,1.003,6225,5733,2.910,1.760,1.080,3,0,210.712,0,0,13,32,0,28,0
06-09 04:22:29,15.997,35.493,47.741,0,0,1555076,10832268,230964,3641736,46604.440,25993.226,0,15.997,0,3.999,5213,3171,2.910,1.760,1.080,1,0,288.947,0,0,13,32,0,28,0
06-09 04:22:30,5.742,28.460,63.911,0,0,1527476,10859856,230964,3641744,60988.988,32980.029,0,99.861,0,5.992,4842,2787,2.910,1.760,1.080,5,0,184.742,0,0,13,32,0,28,0
06-09 04:22:31,21.473,42.446,34.206,0,0,1508752,10878572,230964,3641752,60925.093,31969.120,0,131.831,0,8.989,5360,3112,2.910,1.760,1.080,3,0,245.686,0,0,13,32,0,28,0
06-09 04:22:32,46.052,45.297,8.808,0,0,1547404,10839884,231004,3641748,54263.439,451197.459,0,720.721,0,41.270,5590,3855,2.910,1.760,1.080,5,0,320.097,0,0,13,32,0,28,0
06-09 04:22:33,64.147,33.828,2.255,0,0,1631788,10755464,231004,3641784,67277.392,156469.074,0,4.009,0,1.002,5402,3387,3,1.800,1.090,4,0,249.573,0,0,13,33,0,28,0
06-09 04:22:34,55.271,9.666,33.956,0,0,1694700,10692504,231024,3641812,40729.232,24572.173,0,146.729,0,13.880,4705,3933,3,1.800,1.090,5,0,1.983,0,0,13,34,0,28,1
06-09 04:22:35,55.410,18.134,26.194,0,0,1671904,10715260,231036,3641840,39688.616,25451.289,0,193.431,0,12.089,5213,4423,3,1.800,1.090,2,0,67.499,0,0,13,35,0,28,0
06-09 04:22:36,60.959,16.173,22.144,0,0,1663096,10723976,231088,3641880,37700.164,22129.439,0,398.101,0,42.796,6125,5750,3,1.800,1.090,4,0,45.782,0,0,13,33,0,30,0
06-09 04:22:37,59.631,30.809,8.696,0,0,1600624,10786412,231108,3641892,18482.536,10253.499,0,294.178,0,20.871,5551,3627,3,1.800,1.090,3,0,149.077,0,0,13,33,0,31,0
06-09 04:22:38,68.938,17.171,14.646,0,0,1683544,10703488,231108,3641896,20443.021,12612.876,0,177.774,0,9.091,4529,2285,3,1.820,1.100,4,0,8.081,0,0,13,34,0,31,0
06-09 04:22:39,60.252,10.706,28.134,0,0,1699984,10686884,231116,3642048,11141.165,10105.426,0,3816.299,0,307.734,5727,4187,3,1.820,1.100,2,0,0,0,0,13,36,0,29,0
06-09 04:22:40,55.733,9.908,33.440,0,0,1699936,10686884,231124,3642084,28348.098,19389.183,0,146.640,0,8.917,6317,6054,3,1.820,1.100,5,0,1.982,0,0,13,36,0,29,0
06-09 04:22:41,48.633,7.812,42.837,0,0,1700104,10686660,231136,3642128,29498.342,21078.020,0,120.953,0,8.064,7573,7952,3,1.820,1.100,2,0,0,0,0,13,36,0,29,0
06-09 04:22:42,49.795,7.220,43.073,0,0,1700416,10686184,231164,3642260,15140.623,12686.733,0,207.147,0,17.926,7816,8167,3,1.820,1.100,4,0,0,0,0,13,35,1,29,0
06-09 04:22:43,55.393,14.287,29.576,0,0,1646428,10740116,231180,3642296,27579.954,19959.348,0,128.330,0,8.021,6651,6738,3,1.840,1.110,2,0,32.083,0,0,13,35,0,26,0
06-09 04:22:44,68.534,13.257,17.509,0,0,1642796,10743644,231240,3642340,10403.195,7291.641,0,336.168,0,33.016,6491,5778,3,1.840,1.110,4,0,30.015,0,0,13,33,0,26,0
06-09 04:22:45,64.502,24.944,11.086,0,0,1563704,10822576,231388,3642348,20001.799,12230.265,0,2455.124,0,143.115,5246,3916,3,1.840,1.110,4,0,60.471,0,0,13,33,0,26,0
06-09 04:22:46,68.047,14.955,15.952,0,0,1660884,10725372,231388,3642368,5967.178,5249.322,0,11.964,0,1.994,4885,3175,3,1.840,1.110,3,0,1.994,0,0,13,34,0,26,0
06-09 04:22:47,57.051,9.426,32.991,0,0,1704456,10681776,231388,3642392,12153.451,10757.426,0,3.969,0,0.992,5303,4779,3,1.840,1.110,4,0,0,0,0,13,36,0,24,0
06-09 04:22:48,54.223,8.746,36.482,0,0,1705356,10680768,231388,3642496,27989.978,20268.846,0,0,0,0,6204,5764,2.920,1.840,1.120,6,0,0.999,0,0,13,36,0,24,0
06-09 04:22:49,49.691,7.241,42.200,0,0,1705052,10680768,231388,3642800,14637.682,13368.184,0,11.986,0,0.999,7091,7347,2.920,1.840,1.120,3,0,1.998,0,0,13,36,0,24,0
06-09 04:22:50,53.857,13.899,29.783,0,0,1672968,10712800,231396,3642840,12096.837,10499.479,0,83.392,0,1.986,6830,6598,2.920,1.840,1.120,3,0,54.602,0,0,13,35,0,25,0
06-09 04:22:51,59.691,14.417,25.799,0,0,1672924,10712800,231396,3642880,27835.268,18996.941,0,0,0,0,7174,6718,2.920,1.840,1.120,4,0,16.187,0,0,13,34,0,25,0
06-09 04:22:52,59.683,19.228,20.227,0,0,1652100,10733464,231396,3643040,8631.342,8299.713,0,131.852,0,25.971,5601,4623,2.920,1.840,1.120,3,0,71.920,0,0,13,34,0,26,0
06-09 04:22:53,60.125,28.679,11.321,0,0,1505136,10880408,231396,3643056,6921.197,4658.072,0,12.075,0,3.019,5250,3414,3.080,1.890,1.140,4,0,150.942,0,0,13,33,0,27,0
06-09 04:22:54,75.641,19.099,5.780,0,0,1623568,10761968,231428,3643032,2606.465,2611.491,0,860.445,0,16.083,5008,3193,3.080,1.890,1.140,3,0,0,0,0,13,33,0,27,0
06-09 04:22:55,58.271,9.175,30.747,0,0,1702572,10682896,231440,3643096,29278.314,19852.798,0,51.576,0,5.951,5277,4018,3.080,1.890,1.140,2,0,0,0,0,13,36,0,26,0
06-09 04:22:56,57.277,10.459,31.378,0,0,1704304,10681132,231440,3643128,13772.343,12719.445,0,0,0,0,5309,5425,3.080,1.890,1.140,3,0,1.992,0,0,13,36,0,26,0
06-09 04:22:57,48.440,7.279,42.918,0,0,1704108,10681132,231448,3643312,15859.258,13598.383,0,76.300,0,10.039,7744,8299,3.080,1.890,1.140,8,0,0,0,0,13,34,1,27,0
06-09 04:22:58,62.089,22.372,16.088,0,0,1588188,10797052,231456,3643332,6758.918,5518.141,0,32.176,0,4.022,5697,4879,3.160,1.930,1.160,3,0,99.544,0,0,13,33,0,28,0
06-09 04:22:59,76.232,15.496,7.748,0,0,1664244,10720976,231484,3643324,4895.864,3439.202,0,4179.030,0,289.933,5578,3674,3.160,1.930,1.160,5,0,2.000,0,0,13,32,0,26,0
06-09 04:23:00,56.477,13.933,28.860,0,0,1659392,10725792,231484,3643360,24392.019,17123.177,0,0,0,0,4585,2730,3.160,1.930,1.160,3,0,29.856,0,0,13,35,0,26,0
06-09 04:23:01,63.919,12.436,23.130,0,0,1693364,10691772,231504,3643388,8496.985,7818.500,0,131.320,0,16.912,4828,3638,3.160,1.930,1.160,3,0,0,0,0,13,34,0,27,0
06-09 04:23:02,55.136,24.059,20.049,0,0,1582844,10802248,231520,3643408,9732.926,8067.832,0,220.542,0,32.079,5779,5302,3.160,1.930,1.160,4,0,120.296,0,0,13,34,0,28,0
06-09 04:23:03,68.490,15.748,15.998,0,0,1653504,10731436,231520,3643560,7172.990,5966.160,0,0,0,0,4869,3954,3.310,1.980,1.180,5,0,2.000,0,0,13,34,0,26,0
06-09 04:23:04,55.537,8.255,35.023,0,0,1712152,10672748,231520,3643600,13227.729,12049.951,0,16.011,0,2.001,5262,4798,3.310,1.980,1.180,3,0,0,0,0,13,36,0,26,0
06-09 04:23:05,62.881,15.471,21.210,0,0,1681420,10703484,231520,3643612,26216.522,17225.491,0,3.992,0,0.998,5743,4897,3.310,1.980,1.180,3,0,53.898,0,0,13,35,0,27,0
06-09 04:23:06,58.028,20.760,20.010,0,0,1731764,10652884,231520,3643820,14525.087,12269.987,0,0,0,0,6561,16610,3.310,1.980,1.180,3,0,49.024,0,0,13,35,0,28,0
06-09 04:23:07,62.524,21.008,16.006,0,0,1679092,10705508,231532,3643852,7459.855,7053.699,0,188.072,0,22.008,5406,4059,3.310,1.980,1.180,3,0,118.045,0,0,13,33,0,27,0
06-09 04:23:08,65.234,25.691,9.067,0,0,1636488,10748060,231532,3643920,4333.132,3259.168,0,0,0,0,4913,2614,3.360,2.010,1.190,3,0,53.396,0,0,13,33,0,27,0
06-09 04:23:09,68.054,10.719,21.688,0,0,1692364,10692172,231532,3643932,7323.922,5917.968,0,0,0,0,4295,3192,3.360,2.010,1.190,3,0,0,0,0,13,34,0,28,0
06-09 04:23:10,57.015,16.504,26.257,0,0,1703552,10680832,231532,3644084,12586.281,11072.886,0,8.002,0,1.000,5017,3655,3.360,2.010,1.190,5,0,34.009,0,0,13,35,0,28,0
06-09 04:23:11,63.138,9.904,25.750,0,0,1704128,10680076,231556,3644248,10002.982,8775.883,0,154.502,0,14.856,5207,5103,3.360,2.010,1.190,3,0,1.981,0,0,13,34,1,29,0
06-09 04:23:12,56.617,20.114,21.604,0,0,1607868,10776292,231576,3644276,24854.054,16192.582,0,270.174,0,38.738,6169,5199,3.360,2.010,1.190,5,0,63.570,0,0,13,34,0,28,0
06-09 04:23:13,66.976,19.100,15.025,0,0,1629104,10754992,231632,3644284,5210.394,4241.658,0,228.178,0,27.504,5190,3993,3.410,2.040,1.210,4,0,57.044,0,0,13,32,0,30,0
06-09 04:23:14,48.091,20.931,30.649,0,0,1621352,10762732,231632,3644300,5568.579,4442.305,0,3.987,0,0.997,4176,2377,3.410,2.040,1.210,2,0,113.624,0,0,13,33,1,30,0
06-09 04:23:15,48.942,9.489,40.452,0,0,1664156,10719884,231656,3644316,7193.519,6117.788,0,191.774,0,16.980,4088,2665,3.410,2.040,1.210,2,0,0,0,0,13,33,1,31,0
06-09 04:23:16,38.046,15.666,44.511,0,0,1651592,10732248,231664,3644500,8779.903,7840.939,0,75.594,0,5.968,4967,4279,3.410,2.040,1.210,3,0,59.680,0,0,13,34,0,29,0
06-09 04:23:17,47.029,19.012,33.270,0,0,1639368,10744456,231664,3644516,5507.368,4143.534,0,116.071,0,27.017,5164,3607,3.410,2.040,1.210,4,0,84.051,0,0,13,33,0,30,0
06-09 04:23:18,45.884,12.787,40.869,0,0,1681140,10702660,231664,3644540,7048.552,7996.316,0,0,0,0,4332,3466,3.300,2.040,1.210,2,0,15.044,0,0,13,33,0,31,0
06-09 04:23:19,48.068,18.929,33.623,0,0,1631380,10752404,231664,3644552,5609.816,3738.881,0,0,0,0,4149,2828,3.300,2.040,1.210,1,0,42.838,0,0,13,34,0,31,0
06-09 04:23:20,48.765,8.503,41.263,0,0,1631360,10752404,231664,3644572,39952.411,23634.342,0,8.002,0,1.000,4735,3619,3.300,2.040,1.210,3,0,2.001,0,0,13,33,0,31,1
06-09 04:23:21,42.968,13.569,43.470,0,0,1560728,10822844,231676,3644748,51756.521,27318.566,0,144.734,0,6.031,5063,4171,3.300,2.040,1.210,4,0,43.219,0,0,13,34,0,32,0
06-09 04:23:22,53.108,18.613,27.299,0,0,1534248,10849308,231676,3644764,23024.134,11206.323,0,35.736,0,7.941,4940,2924,3.300,2.040,1.210,4,0,75.443,0,0,13,33,0,33,0
06-09 04:23:23,27.784,7.009,63.828,0,0,1549140,10834392,231676,3644788,76472.024,609234.065,0,12.015,0,3.004,4871,4303,3.110,2.030,1.210,1,0,13.016,0,0,13,34,0,33,0
06-09 04:23:24,31.746,7.810,59.964,0,0,1502724,10880768,231700,3644800,37358.290,19384.104,0,830.431,0,15.117,4095,3308,3.110,2.030,1.210,2,0,13.101,0,0,13,33,0,33,0
06-09 04:23:25,24.184,16.206,58.091,0,0,1516068,10867412,231708,3644804,19712.116,11494.579,0,95.738,0,9.973,4748,3943,3.110,2.030,1.210,2,0,53.853,0,0,13,33,0,33,0
06-09 04:23:26,35.608,16.550,47.895,0,0,1535860,10847580,231724,3644828,16732.606,8581.955,0,244.740,0,42.127,4481,2662,3.110,2.030,1.210,2,0,70.212,0,0,13,32,0,34,0
06-09 04:23:27,31.477,8.993,58.707,0,0,1594572,10788864,231724,3644832,20354.220,12050.250,0,39.971,0,4.996,3108,1922,3.110,2.030,1.210,2,0,0,0,0,13,33,0,34,0
06-09 04:23:28,33.504,6.501,58.256,0.250,0,1618848,10764348,231828,3644968,19462.109,11255.220,0,2488.270,0,130.014,4199,3227,2.950,2.010,1.210,1,0,1.000,0,0,13,34,0,31,0
06-09 04:23:29,29.493,10.247,59.735,0,0,1555288,10827896,231828,3644980,21211.618,13387.603,0,3.999,0,1.000,3885,2675,2.950,2.010,1.210,1,0,35.991,0,0,13,33,0,32,0
06-09 04:23:30,35.765,9.504,53.523,0,0,1579264,10803852,231840,3645028,5128.165,3418.443,0,4077.721,0,318.134,4632,3819,2.950,2.010,1.210,2,0,0,0,0,13,32,0,33,0
06-09 04:23:31,26.560,20.045,52.869,0,0,1578756,10804348,231840,3645040,17040.378,9274.889,0,8.018,0,2.005,4187,2111,2.950,2.010,1.210,1,0,104.235,0,0,13,33,0,33,0
06-09 04:23:32,33.739,8.619,56.396,0,0,1578872,10804228,231840,3645044,5392.305,3616.213,0,3.940,0,0.985,2947,1794,2.950,2.010,1.210,2,0,1.970,0,0,13,33,0,31,0
06-09 04:23:33,30.119,13.415,56.695,0,0,1495316,10887752,231856,3645056,18021.005,10370.177,0,259.179,0,35.435,3966,2620,2.870,2.010,1.210,1,0,60.745,0,0,13,33,0,32,0
06-09 04:23:34,37.764,10.254,52.020,0,0,1538264,10844800,231856,3645060,5436.082,3240.241,0,0,0,0,3170,1794,2.870,2.010,1.210,2,0,0,0,0,13,33,0,32,0
06-09 04:23:35,29.253,5.250,64.256,0,0,1579192,10803856,231856,3645076,21119.963,13103.218,0,8.001,0,2.000,3717,3081,2.870,2.010,1.210,0,0,2.000,0,0,13,34,0,32,0
06-09 04:23:36,33.259,8.752,57.766,0,0,1520752,10862264,231880,3645084,7260.989,5046.383,0,212.058,0,19.005,3948,3089,2.870,2.010,1.210,2,0,5.001,0,0,13,33,0,31,0
06-09 04:23:37,33.234,7.996,57.723,0,0,1548572,10834292,231880,3645232,19426.854,12449.139,0,0,0,0,3848,3273,2.870,2.010,1.210,2,0,0,0,0,13,33,0,31,0
06-09 04:23:38,33.766,11.005,55.277,0,0,1560436,10822424,231880,3645236,5110.461,3437.655,0,8.004,0,1.000,3865,2240,2.720,1.990,1.210,1,0,46.022,0,0,13,33,0,32,0
06-09 04:23:39,35.897,10.041,53.468,0,0,1607024,10775832,231880,3645240,4384.916,2928.967,0,0,0,0,3183,1745,2.720,1.990,1.210,2,0,0,0,0,13,33,0,32,0
06-09 04:23:40,27.636,4.481,67.222,0,0,1625744,10757096,231880,3645256,6938.302,6503.102,0,0,0,0,3635,3068,2.720,1.990,1.210,0,0,0,0,0,13,34,0,30,0
06-09 04:23:41,35.992,6.999,55.988,0,0,1529468,10853312,231912,3645284,21625.490,12427.408,0,359.925,0,42.991,4364,3550,2.720,1.990,1.210,1,0,6.999,0,0,13,33,0,31,0
06-09 04:23:42,28.262,9.004,61.776,0,0,1539796,10842980,231916,3645284,6370.669,4756.993,0,120.050,0,7.003,4037,3313,2.720,1.990,1.210,1,0,0,0,0,13,33,0,31,0
06-09 04:23:43,35.239,9.497,54.483,0,0,1552300,10830408,231956,3645308,3538.866,2426.222,0,203.935,0,20.993,3762,2460,2.580,1.970,1.210,1,0,32.989,0,0,13,33,0,32,0
06-09 04:23:44,21.761,26.263,50.026,0,0,1541816,10840900,231956,3645316,5514.818,3587.834,0,124.063,0,7.004,5093,3087,2.580,1.970,1.210,3,0,168.086,0,0,13,33,0,32,0
06-09 04:23:45,15.736,14.487,69.188,0.250,0,1507560,10875132,231968,3645328,65263.531,48311.718,0,143.871,0,6.994,4449,3766,2.580,1.970,1.210,0,0,77.930,0,0,13,33,0,32,0
06-09 04:23:46,15.754,5.501,77.020,0,0,1437344,10945308,231980,3645356,46562.060,23970.208,0,108.028,0,13.003,2928,2394,2.580,1.970,1.210,1,0,5.001,0,0,13,32,0,33,0
06-09 04:23:47,21.510,5.503,72.533,0,0,1481896,10900756,231980,3645356,15302.976,7623.475,0,60.027,0,15.007,2218,1225,2.580,1.970,1.210,1,0,2.001,0,0,13,32,0,33,0
06-09 04:23:48,12.752,3.751,82.514,0,0,1496432,10886172,232024,3645360,35922.957,19775.279,0,796.132,0,43.007,2462,1989,2.450,1.960,1.210,1,0,1.000,0,0,13,33,0,33,0
06-09 04:23:49,17.497,3.999,77.988,0,0,1496092,10886496,232032,3645364,18765.210,10078.501,0,79.988,0,6.999,2911,2449,2.450,1.960,1.210,1,0,0,0,0,13,33,0,33,0
06-09 04:23:50,15.200,2.741,80.736,0,0,1495824,10886736,232044,3645380,19724.583,10556.524,0,1758.258,0,260.150,3523,2733,2.450,1.960,1.210,2,0,1.993,0,0,13,32,0,34,0
06-09 04:23:51,8.025,23.072,68.214,0,0,1449400,10933020,232052,3645512,666.090,148.466,0,112.353,0,10.031,4284,2634,2.450,1.960,1.210,3,0,165.519,0,0,13,32,0,34,0
06-09 04:23:52,9.002,20.505,68.267,0,0,1440880,10941540,232052,3645512,15658.983,7621.939,0,12.003,0,3.001,3929,2307,2.450,1.960,1.210,2,0,119.030,0,0,13,32,0,34,0
06-09 04:23:53,21.001,6.000,72.502,0,0,1472996,10909424,232060,3645504,15416.443,7620.219,0,452.013,0,44.001,2332,1272,2.340,1.940,1.210,1,0,2.000,0,0,13,32,0,31,0
06-09 04:23:54,12.485,2.747,84.151,0,0,1489828,10892580,232060,3645516,6370.488,4880.245,0,0,0,0,2068,1551,2.340,1.940,1.210,2,0,0,0,0,13,33,0,31,0
06-09 04:23:55,17.248,3.999,77.239,0,0,1489824,10892580,232076,3645504,17555.576,9343.710,0,339.953,0,7.999,2551,1858,2.340,1.940,1.210,1,0,0,0,0,13,33,0,31,0
06-09 04:23:56,16.507,2.501,78.782,0,0,1490040,10892328,232076,3645540,5200.133,4102.683,0,0,0,0,3382,3011,2.340,1.940,1.210,1,0,2.001,0,0,13,32,0,32,0
06-09 04:23:57,17.228,9.488,70.410,0,0,1453112,10929252,232076,3645544,16269.199,7514.393,0,3.995,0,0.999,2907,1596,2.340,1.940,1.210,1,0,45.941,0,0,13,32,0,31,0
06-09 04:23:58,19.486,7.245,72.948,0,0,1485144,10897220,232076,3645544,962.308,0,0,0,0,0,2273,1387,2.230,1.930,1.210,1,0,0.999,0,0,13,32,0,31,0
06-09 04:23:59,17.024,4.256,77.359,0,0,1512536,10869828,232076,3645544,2423.412,1812.552,0,8.011,0,2.003,1926,1108,2.230,1.930,1.210,0,0,2.003,0,0,13,33,0,31,0
06-09 04:24:00,17.249,4.250,75.995,0,0,1509228,10873124,232096,3645532,29840.903,454958.026,0,195.986,0,17.999,3193,2676,2.230,1.930,1.210,1,0,0,0,0,13,33,0,31,0
06-09 04:24:01,15.990,2.748,78.450,0,0,1506024,10876288,232096,3645572,4419.180,3447.800,0,7.995,0,0.999,3293,3171,2.230,1.930,1.210,1,0,0,0,0,13,33,0,29,0
06-09 04:24:02,13.515,3.003,81.591,0,0,1503556,10878752,232096,3645576,5008.581,3798.233,0,0,0,0,2980,2695,2.230,1.930,1.210,1,0,2.002,0,0,13,33,0,29,0
06-09 04:24:03,20.275,3.004,74.341,0,0,1501552,10880584,232244,3645592,21558.306,140519.467,0,1818.219,0,114.139,3273,2756,2.130,1.910,1.200,1,0,1.001,0,0,13,32,0,29,0
06-09 04:24:04,5.477,24.396,67.213,0,0,1448244,10933864,232244,3645620,1060.472,0,0,91.609,0,20.911,4385,2277,2.130,1.910,1.200,2,0,155.337,0,0,13,32,0,29,0
06-09 04:24:05,5.761,25.550,66.880,0,0,1445936,10936148,232244,3645648,665.295,0,0,8.016,0,2.004,4423,2333,2.130,1.910,1.200,2,0,158.308,0,0,13,32,0,26,0
06-09 04:24:06,12.812,31.150,53.507,0,0,1454972,10927116,232244,3647860,847.069,148.714,0,12.058,0,3.014,4729,4945,2.130,1.910,1.200,4,0,173.835,0,0,13,32,0,26,0
06-09 04:24:07,22.413,37.854,34.865,0,0,1429268,10952732,232284,3645688,31872.655,47085.781,0,239.075,0,16.934,5910,9700,2.130,1.910,1.200,2,0,182.295,0,0,13,32,0,29,0
06-09 04:24:08,39.513,10.754,46.515,1.000,0,1485952,10895780,232336,3645900,45359.801,23663.722,172.056,444.145,6.002,19.006,3505,1869,2.120,1.910,1.210,2,0,3.001,0,0,13,32,0,29,0
06-09 04:24:09,43.221,7.745,47.718,0,0,1558852,10822488,232392,3646224,45064.059,23454.416,0,0,0,0,3181,1412,2.120,1.910,1.210,2,0,0,0,0,13,32,0,25,0
06-09 04:24:10,37.505,8.251,47.256,5.501,0,1602428,10775708,232500,3649036,42870.715,20888.785,2048.273,1080.144,31.004,11.001,3351,1641,2.120,1.910,1.210,3,0,4.001,0,0,13,36,0,25,0
06-09 04:24:11,43.254,17.603,36.464,3.521,0,1624236,10747496,235232,3652452,17742.219,9865.953,132.780,22194.372,5.030,1918.268,12044,15569,2.120,1.910,1.210,5,0,63.372,0,0,13,36,0,25,0
06-09 04:24:12,46.825,12.322,34.503,4.683,0,1548632,10817552,238028,3654864,15495.784,7511.793,0,25015.650,0,2122.426,12972,16945,2.120,1.910,1.210,7,0,57.176,0,0,13,36,0,25,0
06-09 04:24:13,43.830,16.721,33.949,5.320,0,1582868,10779268,240900,3655932,15940.898,7722.164,0,31752.081,0,2443.325,12141,17178,2.110,1.910,1.210,2,0,30.402,0,0,13,36,0,22,0
06-09 04:24:14,44.491,12.428,37.283,4.722,0,1614300,10744872,243252,3656464,45042.390,23671.986,0,18802.377,0,1769.682,10720,14291,2.110,1.910,1.210,4,1,19.884,0,0,13,36,0,22,0
06-09 04:24:15,43.056,11.515,42.806,1.752,0,1564700,10793768,244320,3656092,30277.721,15392.193,0,12981.030,0,844.107,5965,6405,2.110,1.910,1.210,7,0,7.009,0,0,13,32,0,22,0
06-09 04:24:16,45.505,6.501,47.005,0,0,1599500,10758872,244348,3656140,29866.422,15293.753,0,1688.193,0,231.026,3386,1459,2.110,1.910,1.210,3,0,0,0,0,13,32,0,22,0
06-09 04:24:17,42.945,10.297,45.457,0.502,0,1609296,10748880,244596,3656088,15584.823,7853.690,0,6352.870,0,313.424,3895,2480,2.110,1.910,1.210,4,0,3.014,0,0,13,32,0,18,0
06-09 04:24:18,44.093,10.961,42.349,0.747,0,1622592,10734292,245672,3656268,30623.851,16132.501,0,4021.666,0,634.738,6931,8210,2.100,1.920,1.220,9,0,1.993,0,0,13,34,0,18,0
06-09 04:24:19,43.182,14.642,39.211,1.489,0,1623052,10731752,247600,3656392,30295.054,15355.000,0,7743.018,0,1253.773,11986,14949,2.100,1.920,1.220,7,0,1.985,0,0,13,34,0,18,0
06-09 04:24:20,46.651,10.902,42.848,1.014,0,1635716,10717596,248808,3656620,30285.620,15358.317,0,6790.762,0,875.213,8208,9809,2.100,1.920,1.220,3,0,2.028,0,0,13,34,0,18,0
06-09 04:24:21,31.525,19.265,48.038,0,0,1555352,10797940,248832,3656616,37273.719,322641.249,0,720.575,0,32.026,4568,2480,2.100,1.920,1.220,4,0,99.079,0,0,13,32,0,16,0
06-09 04:24:22,21.334,5.706,70.949,0,0,1547628,10805596,248872,3656640,49564.367,272868.464,0,674.764,0,25.800,2700,1627,2.100,1.920,1.220,1,0,0.992,0,0,13,32,0,16,0
06-09 04:24:23,22.236,6.996,69.706,0.250,0,1548940,10803880,249268,3656640,44768.003,22072.196,0,7551.278,0,326.796,3215,2568,2.010,1.900,1.220,2,0,3.998,0,0,13,32,0,16,0
06-09 04:24:24,20.521,6.006,72.574,0,0,1554828,10797972,249288,3656640,15889.123,7369.478,0,132.134,0,14.014,2382,1368,2.010,1.900,1.220,2,0,0,0,0,13,32,0,16,0
06-09 04:24:25,23.484,3.498,71.702,0,0,1493920,10858860,249312,3656636,29843.820,14714.051,0,91.938,0,8.994,2229,1152,2.010,1.900,1.220,2,0,0.999,0,0,13,32,0,14,0
06-09 04:24:26,19.751,7.000,72.503,0,0,1493180,10859572,249312,3656660,16101.729,8328.377,0,68.003,0,1.000,2357,1384,2.010,1.900,1.220,3,0,2.000,0,0,13,32,0,14,0
06-09 04:24:27,22.888,4.276,72.687,0,0,1535988,10816764,249312,3656660,44885.693,22249.686,0,0,0,0,2299,1275,2.010,1.900,1.220,2,0,0,0,0,13,32,0,14,0
06-09 04:24:28,19.884,5.965,71.831,0,0,1565064,10787688,249312,3656660,30268.555,14573.049,0,3.977,0,0.994,2192,1161,1.930,1.880,1.210,3,0,2.983,0,0,13,32,0,14,0
06-09 04:24:29,23.059,4.010,72.937,0,0,1568692,10784060,249312,3656660,15441.640,7585.472,0,8.021,0,2.005,2031,1058,1.930,1.880,1.210,4,0,2.005,0,0,13,32,0,12,0
06-09 04:24:30,20.701,5.238,72.081,0,0,1518616,10834092,249348,3656668,22057.222,11397.246,0,391.082,0,23.944,2361,1559,1.930,1.880,1.210,5,0,0.998,0,0,13,32,0,12,0
06-09 04:24:31,20.710,4.990,72.111,0,0,1531964,10820736,249352,3656672,8517.622,3926.450,0,59.885,0,2.994,2042,1139,1.930,1.880,1.210,2,0,0,0,0,13,32,0,12,0
06-09 04:24:32,22.050,4.761,72.165,0,0,1556952,10795744,249352,3656676,45408.881,23702.223,0,0,0,0,2184,1156,1.930,1.880,1.210,2,0,2.005,0,0,13,32,0,12,0
06-09 04:24:33,19.731,6.993,71.931,0,0,1575088,10777604,249352,3656680,30108.021,15387.190,0,0,0,0,2245,1222,1.860,1.870,1.210,3,0,1.998,0,0,13,32,0,10,0
06-09 04:24:34,23.230,2.248,71.938,0.749,0,1573484,10778952,249368,3656884,30023.102,15005.056,151.869,0,5.995,0,1949,1011,1.860,1.870,1.210,2,0,0,0,0,13,32,0,10,0
06-09 04:24:35,21.251,5.250,72.504,0,0,1525320,10827100,249368,3656900,15499.869,7590.425,0,12.001,0,3.000,2158,1170,1.860,1.870,1.210,2,0,3.000,0,0,13,32,0,10,0
06-09 04:24:36,20.776,5.757,72.841,0,0,1535400,10817020,249368,3656900,15430.273,7909.880,0,0,0,0,2024,1101,1.860,1.870,1.210,2,0,0,0,0,13,32,0,10,0
06-09 04:24:37,20.510,5.753,72.036,0,0,1560424,10791984,249376,3656900,30347.318,15952.052,0,160.081,0,2.001,2077,1138,1.860,1.870,1.210,2,0,2.001,0,0,13,32,0,10,0
06-09 04:24:38,21.887,5.721,70.139,0,0,1577240,10775168,249376,3656900,53999.128,463282.011,0,461.625,0,70.637,2696,1572,1.790,1.850,1.210,3,0,3.980,0,0,13,32,0,9,0
06-09 04:24:39,24.319,2.256,72.204,0,0,1575328,10776996,249376,3656984,19017.841,145656.365,0,0,0,0,1971,937,1.790,1.850,1.210,3,0,0,0,0,13,32,0,9,0
06-09 04:24:40,21.539,5.760,71.378,0,0,1524016,10828276,249400,3656992,30251.151,15429.620,0,428.768,0,28.050,2460,1610,1.790,1.850,1.210,3,0,1.002,0,0,13,32,0,9,0
06-09 04:24:41,21.665,5.479,71.720,0,0,1546404,10805860,249408,3657004,30673.329,16192.824,0,7.969,0,1.992,2213,1213,1.790,1.850,1.210,4,0,1.992,0,0,13,32,0,9,0
06-09 04:24:42,22.337,4.016,72.032,0,0,1517064,10835188,249408,3657016,29981.199,15498.585,0,0,0,0,2051,1084,1.790,1.850,1.210,2,0,1.004,0,0,13,32,0,7,0
06-09 04:24:43,20.214,6.738,70.124,0,0,1516692,10835556,249408,3657020,44942.210,23282.147,0,2116.196,0,6.987,2277,1317,1.720,1.840,1.210,2,0,0,0,0,13,32,0,7,0
06-09 04:24:44,22.436,4.238,71.545,0,0,1543844,10808404,249408,3657020,29790.545,15100.683,0,0,0,0,2109,1090,1.720,1.840,1.210,3,0,1.994,0,0,13,32,0,7,0
06-09 04:24:45,20.104,6.283,72.627,0,0,1560904,10791344,249408,3657020,30145.453,15289.351,0,0,0,0,2155,1182,1.720,1.840,1.210,2,0,2.010,0,0,13,32,0,7,0
06-09 04:24:46,23.737,2.499,72.710,0,0,1561056,10791192,249408,3657020,29787.549,15391.500,0,171.905,0,2.998,2082,1118,1.720,1.840,1.210,3,0,0,0,0,13,32,0,6,0
06-09 04:24:47,20.257,6.002,72.527,0,0,1534652,10817572,249408,3657044,15100.549,7298.682,0,4.001,0,1.000,2168,1170,1.720,1.840,1.210,2,0,3.001,0,0,13,32,0,6,0
06-09 04:24:48,21.253,5.251,72.509,0,0,1567376,10784832,249416,3657052,15909.038,8151.044,0,276.035,0,57.007,2440,1335,1.670,1.830,1.210,1,0,1.000,0,0,13,32,0,6,0
06-09 04:24:49,23.146,3.019,72.709,0,0,1571516,10780680,249420,3657060,44959.104,22389.483,0,0,0,0,2218,1176,1.670,1.830,1.210,1,0,0,0,0,13,32,0,6,0
06-09 04:24:50,20.851,5.957,70.993,0,0,1551852,10800256,249472,3657092,29473.717,14488.630,0,702.984,0,65.532,2679,1777,1.670,1.830,1.210,2,0,4.965,0,0,13,32,0,5,0
06-09 04:24:51,21.089,5.458,71.701,0,0,1585120,10766984,249472,3657096,30166.209,15971.805,0,31.757,0,2.977,2274,1289,1.670,1.830,1.210,1,0,0,0,0,13,32,0,5,0
06-09 04:24:52,22.805,4.054,72.975,0,0,1595136,10756968,249472,3657096,45323.336,23139.044,0,8.108,0,2.027,2206,1135,1.670,1.830,1.210,1,0,2.027,0,0,13,32,0,5,0
06-09 04:24:53,21.621,4.970,72.072,0,0,1606224,10745876,249472,3657096,15260.291,7837.413,0,47.716,0,3.976,2168,1151,1.610,1.810,1.210,1,0,1.988,0,0,13,32,0,5,0
06-09 04:24:54,21.711,5.740,70.624,0,0,1533384,10818704,249472,3657108,39225.759,442551.527,0,0,0,0,2612,1453,1.610,1.810,1.210,2,0,18.966,0,0,13,32,0,4,0
06-09 04:24:55,5.762,22.295,70.140,0,0,1522844,10829112,249480,3657228,18327.658,137793.611,0,0,0,0,4287,2434,1.610,1.810,1.210,1,0,136.273,0,0,13,32,0,4,0
06-09 04:24:56,6.481,25.674,65.059,0,0,1508684,10843256,249488,3657232,60821.031,32155.381,0,454.662,0,5.982,4652,2685,1.610,1.810,1.210,1,0,161.525,0,0,13,32,0,4,0
06-09 04:24:57,6.522,23.579,67.476,0,0,1500344,10851560,249488,3657232,61203.734,32027.135,0,252.846,0,3.010,4545,2637,1.610,1.810,1.210,1,0,146.490,0,0,13,32,0,4,0
06-09 04:24:58,7.004,24.514,66.537,0,0,1488992,10862904,249488,3657240,60974.008,31811.743,0,356.199,0,5.003,4684,2677,1.560,1.800,1.210,1,0,153.085,0,0,13,32,0,3,0
06-09 04:24:59,7.219,21.408,68.706,0,0,1478844,10873024,249492,3657260,45661.772,25447.200,0,35.847,0,4.979,4069,2416,1.560,1.800,1.210,1,0,103.557,0,0,13,32,0,3,0
06-09 04:25:00,7.025,23.584,66.737,0.251,0,1462712,10889140,249504,3657264,61318.141,33332.581,0,690.456,0,29.104,4762,2998,1.560,1.800,1.210,1,0,139.496,0,0,13,32,0,3,0
06-09 04:25:01,8.233,29.689,59.379,0,0,1448936,10902892,249516,3657268,60934.484,32098.409,0,155.682,0,3.992,4858,2912,1.560,1.800,1.210,2,0,189.613,0,0,13,32,0,3,0
06-09 04:25:02,10.750,43.499,41.999,0,0,1441984,10909824,249520,3657292,60752.600,32373.254,0,12.000,0,1.000,5696,3736,1.560,1.800,1.210,2,0,327.992,0,0,13,32,0,3,0
06-09 04:25:03,12.511,42.039,40.537,0.500,0,1435976,10915796,249528,3657300,56775.136,575972.907,8.007,20.018,2.002,5.005,5955,4001,1.600,1.800,1.210,3,0,331.304,0,0,13,32,0,3,0
06-09 04:25:04,12.762,35.033,50.298,0,0,1432096,10919664,249528,3657284,60817.545,32724.964,0,28.027,0,5.005,4959,3107,1.600,1.800,1.210,2,0,238.225,0,0,13,32,0,3,0
06-09 04:25:05,20.770,5.755,72.318,0,0,1456304,10895472,249528,3657268,44804.164,22040.742,0,4.004,0,1.001,2394,1365,1.600,1.800,1.210,1,0,2.002,0,0,13,32,0,3,0
06-09 04:25:06,21.970,6.491,70.404,0,0,1492592,10859184,249532,3657264,45064.714,23020.693,0,155.788,0,1.997,2432,1345,1.600,1.800,1.210,1,0,0,0,0,13,32,0,3,0
06-09 04:25:07,34.781,16.265,46.041,0,0,1527280,10824448,249532,3657308,30242.250,15127.631,0,0,0,0,4089,11344,1.600,1.800,1.210,1,0,44.040,0,0,13,32,0,4,0
06-09 04:25:08,22.744,4.499,71.982,0,0,1549960,10801768,249532,3657308,29616.668,15074.268,0,15.996,0,1.000,2253,1275,1.550,1.790,1.210,1,0,2.999,0,0,13,32,0,4,0
06-09 04:25:09,22.765,4.003,72.298,0,0,1522952,10828760,249532,3657324,15247.060,7625.031,0,76.050,0,1.001,2164,1130,1.550,1.790,1.210,1,0,1.001,0,0,13,32,0,4,0
06-09 04:25:10,20.184,6.479,71.764,0,0,1519868,10831844,249556,3657300,30340.403,15652.618,0,458.495,0,31.895,2699,1855,1.550,1.790,1.210,1,0,0,0,0,13,32,0,1,0
06-09 04:25:11,24.777,9.260,65.570,0,0,1518200,10833488,249556,3657328,45429.714,23393.084,0,4.004,0,1.001,2900,1600,1.550,1.790,1.210,2,0,41.044,0,0,13,32,0,1,0
06-09 04:25:12,21.048,10.775,67.655,0,0,1533368,10818332,249556,3657316,15573.629,7475.101,0,60.138,0,5.011,2664,1575,1.550,1.790,1.210,1,0,50.115,0,0,13,32,0,1,0
06-09 04:25:13,22.745,3.999,72.485,0,0,1537220,10814480,249556,3657316,29976.797,15206.853,0,19.996,0,1.000,2156,1190,1.510,1.770,1.210,2,0,0,0,0,13,32,0,1,0
06-09 04:25:14,21.493,3.999,72.475,0,0,1463168,10888512,249556,3657336,15508.640,7521.401,0,419.855,0,51.982,2232,1185,1.510,1.770,1.210,1,0,2.999,0,0,13,32,0,1,0
06-09 04:25:15,21.108,6.031,72.873,0,0,1499692,10852000,249556,3657324,15840.112,8222.103,0,0,0,0,2206,1287,1.510,1.770,1.210,1,0,0,0,0,13,32,0,1,0
06-09 04:25:16,20.407,5.475,72.169,0,0,1507648,10844040,249560,3657324,44358.807,23034.487,0,131.398,0,2.986,2219,1219,1.510,1.770,1.210,1,0,1.991,0,0,13,32,0,1,0
06-09 04:25:17,21.737,5.996,70.208,0,0,1518352,10833332,249560,3657328,44422.543,590528.291,0,3.998,0,0.999,2702,1612,1.510,1.770,1.210,1,0,2.998,0,0,13,32,0,1,0
06-09 04:25:18,24.271,2.002,72.814,0,0,1478524,10873148,249560,3657340,15512.556,7530.581,0,12.010,0,1.001,2026,1057,1.470,1.760,1.210,2,0,2.002,0,0,13,32,0,1,0
06-09 04:25:19,20.486,6.995,71.451,0,0,1499032,10852660,249560,3657320,15968.056,7291.003,0,571.608,0,111.923,2525,1411,1.470,1.760,1.210,2,0,0,0,0,13,32,0,1,0
06-09 04:25:20,21.606,6.030,72.104,0,0,1526924,10824700,249620,3657328,15394.591,7597.304,0,1475.244,0,85.419,2807,1968,1.470,1.760,1.210,1,0,2.010,0,0,13,32,0,1,0
06-09 04:25:21,21.403,4.978,72.423,0,0,1559248,10792376,249620,3657328,44940.100,23014.094,0,0,0,0,2329,1271,1.470,1.760,1.210,1,0,1.991,0,0,13,32,0,1,0
06-09 04:25:22,19.982,5.495,72.434,0,0,1573336,10778288,249620,3657328,30478.101,14578.655,0,23.978,0,1.998,2286,1246,1.470,1.760,1.210,1,0,0,0,0,13,32,0,1,0
06-09 04:25:23,23.261,3.502,72.283,0,0,1519552,10832052,249620,3657348,30176.798,15511.092,0,4.002,0,1.000,2230,1162,1.430,1.750,1.200,1,0,3.001,0,0,13,32,0,1,0
06-09 04:25:24,20.006,6.502,72.270,0,0,1545840,10805772,249620,3657340,15236.222,7364.040,0,424.118,0,68.019,2348,1368,1.430,1.750,1.200,2,0,0,0,0,13,32,0,1,0
06-09 04:25:25,23.231,3.497,71.692,0,0,1554228,10797384,249620,3657340,45439.344,23517.029,0,0,0,0,2228,1247,1.430,1.750,1.200,1,0,0,0,0,13,32,0,1,0
06-09 04:25:26,20.269,6.756,71.819,0,0,1568332,10783276,249624,3657340,30012.693,15276.605,0,96.092,0,2.002,2251,1239,1.430,1.750,1.200,1,0,4.004,0,0,13,32,0,1,0
06-09 04:25:27,22.978,3.497,71.932,0,0,1567820,10783788,249624,3657340,30356.262,14967.830,0,11.989,0,0.999,2084,1157,1.430,1.750,1.200,1,0,0,0,0,13,32,0,1,0
06-09 04:25:28,20.967,4.992,72.385,0,0,1526116,10825480,249624,3657352,15239.763,7446.158,0,7.987,0,0.998,2089,1158,1.390,1.740,1.200,1,0,1.997,0,0,13,32,0,1,0
06-09 04:25:29,21.539,5.009,71.879,0,0,1555956,10795664,249624,3657328,30750.348,15960.728,0,44.079,0,3.005,2229,1292,1.390,1.740,1.200,1,0,2.004,0,0,13,32,0,1,0
06-09 04:25:30,21.240,5.497,72.715,0,0,1581436,10770184,249624,3657328,44894.534,23112.949,0,0,0,0,2178,1218,1.390,1.740,1.200,2,0,1.999,0,0,13,32,0,1,0
06-09 04:25:31,20.764,5.504,72.799,0,0,1599708,10751776,249632,3657456,15273.192,7881.259,0,72.048,0,2.001,2092,1172,1.390,1.740,1.200,1,0,0,0,0,13,32,0,1,0
06-09 04:25:32,24.256,2.001,72.519,0,0,1594488,10756968,249632,3657484,29571.781,14985.943,0,48.013,0,3.001,2068,1088,1.390,1.740,1.200,1,0,2.001,0,0,13,32,0,1,0
06-09 04:25:33,19.483,6.744,72.185,0,0,1546604,10804852,249632,3657484,15217.352,7517.258,0,0,0,0,2249,1335,1.360,1.720,1.200,1,0,0.999,0,0,13,32,0,1,0
06-09 04:25:34,21.264,5.003,73.048,0,0,1551976,10799560,249632,3657404,15977.412,8395.471,0,4.003,0,1.001,2050,1138,1.360,1.720,1.200,1,0,0,0,0,13,32,0,1,0
06-09 04:25:35,22.265,5.754,70.047,0,0,1577344,10774192,249632,3657404,52009.842,591432.204,0,4.003,0,1.001,2590,1472,1.360,1.720,1.200,1,0,5.003,0,0,13,32,0,1,0
06-09 04:25:36,21.249,4.500,72.997,0,0,1597384,10754148,249636,3657404,30370.612,14805.323,0,75.997,0,2.000,2219,1250,1.360,1.720,1.200,1,0,0,0,0,13,32,0,1,0
06-09 04:25:37,23.249,3.250,72.246,0,0,1526928,10824520,249636,3657488,15572.136,7361.591,0,83.995,0,1.000,2072,1067,1.360,1.720,1.200,1,0,1.000,0,0,13,32,0,1,0
06-09 04:25:38,20.997,5.249,72.241,0,0,1528684,10822776,249636,3657476,15475.982,8044.951,0,0,0,0,2338,1346,1.330,1.710,1.200,1,0,3.000,0,0,13,32,0,1,0
06-09 04:25:39,22.225,4.745,72.168,0,0,1532884,10818564,249636,3657488,44917.855,23231.548,0,11.986,0,0.999,2338,1309,1.330,1.710,1.200,2,0,0.999,0,0,13,32,0,1,0
06-09 04:25:40,19.755,6.502,71.767,0,0,1526492,10824976,249636,3657468,29871.229,15051.643,0,4.001,0,1.000,2401,1427,1.330,1.710,1.200,1,0,0,0,0,13,32,0,1,0
06-09 04:25:41,22.757,3.501,72.022,0,0,1541188,10810272,249644,3657468,45260.595,23839.161,0,60.018,0,3.001,2375,1331,1.330,1.710,1.200,1,0,2.001,0,0,13,32,0,1,0
06-09 04:25:42,20.723,5.992,72.156,0,0,1557152,10794308,249644,3657468,44198.601,21152.530,0,0,0,0,2240,1206,1.330,1.710,1.200,2,0,1.997,0,0,13,32,0,1,0
06-09 04:25:43,23.034,3.756,72.607,0,0,1568268,10783192,249644,3657468,15379.719,9512.051,0,20.030,0,1.001,2083,1084,1.310,1.700,1.200,1,0,0,0,0,13,32,0,1,0
06-09 04:25:44,21.499,5.250,71.996,0,0,1523008,10828432,249644,3657488,15051.123,7685.552,0,0,0,0,2189,1198,1.310,1.700,1.200,1,0,3.000,0,0,13,32,0,1,0
06-09 04:25:45,21.253,4.751,72.259,0,0,1530672,10820792,249644,3657464,44848.716,23164.952,0,0,0,0,2346,1380,1.310,1.700,1.200,1,0,0,0,0,13,32,0,1,0
06-09 04:25:46,22.357,4.720,71.791,0,0,1528764,10822700,249644,3657464,29755.765,15421.408,0,27.822,0,1.987,2231,1184,1.310,1.700,1.200,2,0,0,0,0,13,32,0,1,0
06-09 04:25:47,20.378,5.786,72.455,0,0,1480524,10870908,249648,3657492,30051.904,15239.796,0,60.380,0,3.019,2467,1419,1.310,1.700,1.200,2,0,3.019,0,0,13,32,0,1,0
06-09 04:25:48,22.259,5.002,72.029,0,0,1498652,10852792,249648,3657480,30566.425,15872.452,0,0,0,0,2306,1314,1.280,1.690,1.200,3,0,1.000,0,0,13,32,0,1,0
06-09 04:25:49,20.722,5.492,72.900,0,0,1545524,10805920,249648,3657480,33119.763,17142.585,0,0,0,0,2209,1217,1.280,1.690,1.200,2,0,1.997,0,0,13,32,0,1,0
06-09 04:25:50,23.768,4.253,70.554,0,0,1558056,10793380,249648,3657488,40594.107,590034.133,0,404.310,0,88.067,2829,1642,1.280,1.690,1.200,3,0,4.003,0,0,13,32,0,1,0
06-09 04:25:51,15.714,13.220,69.842,0,0,1504040,10847356,249648,3657528,30142.835,16670.302,0,23.946,0,0.998,3236,1800,1.280,1.690,1.200,2,0,79.819,0,0,13,32,0,1,0
06-09 04:25:52,5.501,25.254,66.260,0,0,1495500,10855888,249656,3657528,45667.018,23503.612,0,204.031,0,8.001,4534,2641,1.280,1.690,1.200,1,0,157.024,0,0,13,32,0,1,0
06-09 04:25:53,6.267,26.320,65.424,0,0,1477180,10874208,249656,3657528,61167.624,31828.622,0,76.203,0,4.011,4723,2762,1.340,1.690,1.200,1,0,160.427,0,0,13,32,0,1,0
06-09 04:25:54,11.753,16.755,70.521,0,0,1480484,10870904,249656,3657528,60249.622,31153.112,0,24.007,0,1.000,3462,2085,1.340,1.690,1.200,1,0,69.020,0,0,13,32,0,1,0
06-09 04:25:55,19.501,6.500,72.255,0,0,1515668,10835704,249656,3657544,44966.059,22905.558,0,40.003,0,3.000,2391,1481,1.340,1.690,1.200,2,0,0,0,0,13,32,0,1,0
06-09 04:25:56,21.991,5.248,71.972,0,0,1541300,10810072,249656,3657544,44238.507,22027.290,0,0,0,0,2153,1140,1.340,1.690,1.200,3,0,1.999,0,0,13,32,0,1,0
06-09 04:25:57,24.249,2.000,72.247,0.250,0,1542036,10809120,249664,3657748,15110.460,7295.739,0,135.995,0,2.000,1942,987,1.340,1.690,1.200,2,0,0,0,0,13,32,0,1,0
06-09 04:25:58,20.264,6.254,72.550,0,0,1454740,10896348,249664,3657812,30058.710,17738.221,0,8.006,0,2.001,2388,1413,1.390,1.700,1.210,2,0,11.008,0,0,13,32,0,1,0
06-09 04:25:59,19.638,6.546,71.755,0,0,1466080,10885008,249664,3657812,45040.792,23295.850,0,0,0,0,2500,1494,1.390,1.700,1.210,1,0,2.014,0,0,13,32,0,1,0
06-09 04:26:00,22.326,4.217,72.434,0,0,1491280,10859808,249664,3657812,44031.083,21783.851,0,369.117,0,26.791,2345,1278,1.390,1.700,1.210,3,0,0,0,0,13,32,0,1,0
06-09 04:26:01,24.212,4.493,69.141,0,0,1517892,10833196,249664,3657812,44567.479,595663.460,0,0,0,0,2939,1526,1.390,1.700,1.210,1,0,0,0,0,13,32,0,1,0
06-09 04:26:02,11.217,24.927,61.319,0.249,0,1463312,10887664,249668,3657920,46497.915,48640.598,39.882,143.577,1.994,1.994,4299,2403,1.390,1.700,1.210,2,0,149.559,0,0,13,32,0,1,0
06-09 04:26:03,6.510,23.538,68.610,0,0,1453124,10897832,249668,3657940,61449.370,39861.812,0,56.090,0,2.003,4359,2579,1.360,1.690,1.200,3,0,139.223,0,0,13,32,0,1,0
06-09 04:26:04,6.009,24.035,67.598,0,0,1459412,10891540,249668,3657944,45845.745,24900.251,0,72.105,0,4.006,4592,2648,1.360,1.690,1.200,1,0,142.207,0,0,13,32,0,1,0
06-09 04:26:05,7.009,24.532,67.337,0,0,1462680,10888268,249668,3657948,61165.594,32409.644,0,60.077,0,3.004,4576,2666,1.360,1.690,1.200,1,0,142.183,0,0,13,32,0,1,0
06-09 04:26:06,6.985,25.198,65.613,0,0,1466888,10884020,249668,3657984,60686.652,32538.256,0,27.942,0,0.998,4510,2644,1.360,1.690,1.200,2,0,140.707,0,0,13,32,0,1,0
06-09 04:26:07,8.012,27.541,62.093,0,0,1470352,10880544,249672,3657992,60790.779,32322.267,0,112.168,0,4.006,4638,2620,1.360,1.690,1.200,3,0,160.239,0,0,13,32,0,1,0
06-09 04:26:08,19.272,33.288,45.552,0,0,1462732,10888164,249672,3657996,46111.251,23867.045,0,176.200,0,2.002,5391,15175,1.330,1.670,1.200,1,0,173.196,0,0,13,32,0,1,0
06-09 04:26:09,5.739,26.201,66.127,0,0,1463368,10887528,249672,3657996,60767.118,32006.544,0,3.993,0,0.998,4709,2706,1.330,1.670,1.200,1,0,155.711,0,0,13,32,0,1,0
06-09 04:26:10,7.747,26.491,63.728,0,0,1452256,10898640,249672,3657996,70521.301,581472.352,0,3.999,0,1.000,5250,3346,1.330,1.670,1.200,1,0,153.946,0,0,13,32,0,1,0
06-09 04:26:11,6.505,25.771,66.555,0,0,1443332,10907556,249672,3658004,52581.279,25929.342,0,180.148,0,3.002,4721,2658,1.330,1.670,1.200,4,0,152.125,0,0,13,32,0,1,0
06-09 04:26:12,7.230,23.684,67.313,0,0,1424312,10926572,249672,3658008,54031.003,30329.801,0,418.837,0,5.983,4723,2732,1.330,1.670,1.200,2,0,147.590,0,0,13,32,0,1,0
06-09 04:26:13,6.526,25.600,66.008,0,0,1430912,10919972,249672,3658008,61245.822,31906.939,0,441.730,0,5.020,4812,2896,1.300,1.660,1.200,1,0,154.605,0,0,13,32,0,1,0
06-09 04:26:14,6.493,25.723,65.181,0,0,1421932,10928952,249672,3658008,60802.446,31550.503,0,351.627,0,3.996,4883,2768,1.300,1.660,1.200,1,0,161.828,0,0,13,32,0,1,0
06-09 04:26:15,6.761,24.792,67.364,0,0,1428944,10921928,249672,3658020,60923.447,31521.523,0,352.599,0,4.007,4540,2622,1.300,1.660,1.200,1,0,146.248,0,0,13,32,0,1,0
06-09 04:26:16,6.497,25.989,66.473,0,0,1431172,10919700,249672,3658020,45880.437,23840.354,0,359.854,0,5.998,4623,2638,1.300,1.660,1.200,2,0,154.937,0,0,13,32,0,1,0
06-09 04:26:17,7.502,25.007,66.519,0,0,1437788,10913072,249680,3658020,60957.644,31979.256,0,336.097,0,6.002,4781,2706,1.300,1.660,1.200,1,0,148.043,0,0,13,32,0,1,0
06-09 04:26:18,8.000,25.499,64.749,0,0,1441924,10908936,249680,3658020,77458.431,593293.979,0,439.991,0,5.000,5109,2986,1.200,1.640,1.190,1,0,149.997,0,0,13,32,0,1,0
06-09 04:26:19,5.747,24.738,67.466,0,0,1440736,10910124,249680,3658020,46960.365,24231.804,0,263.867,0,2.998,4532,2633,1.200,1.640,1.190,1,0,146.926,0,0,13,32,0,1,0
06-09 04:26:20,6.751,24.503,67.257,0,0,1436112,10914740,249680,3658028,60885.655,33421.653,0,28.003,0,1.000,4645,2719,1.200,1.640,1.190,5,0,143.016,0,0,13,32,0,1,0
06-09 04:26:21,6.243,23.475,68.176,0,0,1435308,10915540,249680,3658032,60874.164,32914.403,0,331.641,0,52.943,4629,2684,1.200,1.640,1.190,1,0,140.848,0,0,13,32,0,1,0
06-09 04:26:22,6.754,23.516,67.795,0,0,1429028,10921812,249684,3658036,61045.309,33338.014,0,140.093,0,5.003,4635,2754,1.200,1.640,1.190,2,0,145.096,0,0,13,32,0,1,0
06-09 04:26:23,6.741,24.217,67.407,0,0,1427168,10923668,249684,3658040,60736.172,32383.305,0,87.879,0,3.994,4662,2741,1.180,1.620,1.190,1,0,145.799,0,0,13,32,0,1,0
06-09 04:26:24,6.514,24.553,67.647,0,0,1426240,10924588,249684,3658048,45818.234,25174.523,0,56.122,0,2.004,4585,2680,1.180,1.620,1.190,2,0,147.319,0,0,13,32,0,1,0
06-09 04:26:25,6.997,22.742,68.225,0,0,1427364,10923456,249684,3658052,60662.108,32498.272,0,179.935,0,2.999,4533,2649,1.180,1.620,1.190,2,0,123.955,0,0,13,32,0,1,0
06-09 04:26:26,7.751,26.505,63.511,0,0,1418392,10932424,249684,3658056,74334.230,593963.710,0,16.003,0,4.001,5208,3063,1.180,1.620,1.190,2,0,164.029,0,0,13,32,0,1,0
06-09 04:26:27,6.746,25.234,66.459,0,0,1426168,10924648,249688,3658052,60722.195,31698.265,0,99.938,0,5.996,4617,2666,1.180,1.620,1.190,2,0,155.903,0,0,13,32,0,1,0
06-09 04:26:28,6.252,25.758,66.272,0,0,1426956,10923852,249688,3658060,45896.058,23797.808,0,24.008,0,6.002,4698,2729,1.250,1.630,1.200,1,0,154.051,0,0,13,32,0,1,0
06-09 04:26:29,6.993,25.224,66.431,0,0,1421192,10929612,249688,3658064,60756.495,32324.214,0,15.983,0,3.996,4585,2694,1.250,1.630,1.200,2,0,153.839,0,0,13,32,0,1,0
06-09 04:26:30,10.999,21.748,65.744,0,0,1401116,10948696,249688,3659064,60993.533,32327.102,0,0,0,0,4793,4215,1.250,1.630,1.200,4,0,78.993,0,0,13,32,0,1,0
06-09 04:26:31,15.748,35.247,46.495,0,0,1398640,10945796,249688,3664304,68373.381,37548.365,0,83.992,0,2.000,9290,11885,1.250,1.630,1.200,3,0,163.984,0,0,13,32,0,1,0
06-09 04:26:32,15.457,36.148,46.120,0,0,1408336,10936068,249708,3664312,54164.783,29349.520,0,374.946,0,17.950,5464,3247,1.250,1.630,1.200,3,0,207.417,0,0,13,32,0,3,0
06-09 04:26:33,26.801,29.557,42.832,0,0,1457668,10886716,249728,3664312,72099.878,572677.140,0,404.774,0,19.036,5605,3283,1.310,1.640,1.200,2,0,137.262,0,0,13,32,0,3,0
06-09 04:26:34,32.232,38.228,28.983,0,0,1498224,10846152,249728,3664320,56981.560,27726.215,0,87.950,0,6.996,5388,3003,1.310,1.640,1.200,6,0,208.881,0,0,13,34,0,4,0
06-09 04:26:35,47.634,39.360,12.284,0,0,1580896,10763344,249852,3664328,49884.040,27912.359,0,2394.723,0,49.138,5384,3473,1.310,1.640,1.200,3,0,200.563,0,0,13,32,0,7,0
06-09 04:26:36,63.513,12.703,23.163,0,0,1689252,10653300,249984,3665772,45378.538,22922.398,0,482.199,0,81.695,4006,1679,1.310,1.640,1.200,4,0,0,0,0,13,32,0,7,0
06-09 04:26:37,59.370,15.650,21.860,2.484,0,1714976,10621336,251496,3669636,29554.810,15113.255,441.176,11760.716,9.936,878.377,7922,8961,1.310,1.640,1.200,7,0,30.803,0,0,13,36,0,8,0
06-09 04:26:38,44.904,19.957,27.691,3.991,0,1727800,10598212,255212,3675772,17925.540,9361.913,0,45781.772,0,3036.485,15473,21805,1.600,1.690,1.220,6,0,58.874,0,0,13,38,0,8,0
06-09 04:26:39,46.258,21.233,24.266,6.825,0,1721596,10596712,258316,3680176,15219.053,7740.969,0,42583.419,0,2835.120,15234,20883,1.600,1.690,1.220,5,0,89.988,0,0,13,36,0,8,0
06-09 04:26:40,47.339,20.571,23.050,6.444,0,1736808,10571680,262568,3685404,15705.614,7233.188,0,45639.670,0,2944.431,15568,21711,1.600,1.690,1.220,5,1,60.475,0,0,13,36,0,8,0
06-09 04:26:41,51.482,20.189,21.199,6.814,0,1764120,10537428,265824,3688884,15194.353,7514.401,0,49091.932,0,3057.646,15073,20526,1.600,1.690,1.220,3,4,47.444,0,0,13,36,0,8,0
06-09 04:26:42,47.605,14.877,27.522,7.934,0,1768492,10527480,269004,3691116,20088.249,12147.167,0,43348.170,0,3077.454,15100,19282,1.600,1.690,1.220,4,0,29.753,0,0,13,37,0,8,0
06-09 04:26:43,51.643,16.466,24.200,5.988,0,1765920,10525124,272336,3692576,1308.294,631.693,0,36676.144,0,2613.594,14702,20181,2.120,1.800,1.260,4,1,41.913,0,0,13,37,0,8,0
06-09 04:26:44,49.088,15.859,28.194,5.790,0,1757908,10526296,275932,3695612,21912.832,13177.706,0,40365.849,0,2684.478,14672,20373,2.120,1.800,1.260,4,1,38.263,0,0,13,36,0,8,1
06-09 04:26:45,45.077,29.050,21.036,4.007,0,1607812,10671220,279432,3697100,15558.628,7506.848,0,15887.191,0,1611.759,10827,14655,2.120,1.800,1.260,2,1,139.238,0,0,13,34,0,9,0
06-09 04:26:46,41.359,35.131,18.188,4.236,0,1636556,10637824,282932,3698124,477.377,147.499,0,30508.304,0,2061.991,12856,16413,2.120,1.800,1.260,3,1,130.556,0,0,13,34,0,9,0
06-09 04:26:47,48.683,23.218,17.476,8.488,0,1667548,10599356,286524,3701872,359.507,0,3023.857,21582.432,35.951,1770.574,11796,14319,2.120,1.800,1.260,6,1,66.908,0,0,13,36,0,9,0
06-09 04:26:48,37.894,34.609,20.968,4.042,0,1676696,10585388,289360,3704176,17747.296,12309.831,230.393,18779.010,7.073,1430.859,11595,15549,3.230,2.030,1.340,3,1,117.217,0,0,13,37,0,9,0
06-09 04:26:49,49.838,19.698,18.274,4.272,0,1664116,10593044,293016,3705232,3654.806,724.316,41.769,20508.682,4.747,1672.667,11292,15080,3.230,2.030,1.340,8,0,20.885,0,0,13,37,0,9,0
06-09 04:26:50,52.457,31.633,17.925,2.109,0,1668416,10586564,295016,3705012,18837.248,10723.471,0,24825.310,0,1387.619,10076,12672,3.230,2.030,1.340,7,0,66.429,0,0,13,37,0,9,0
06-09 04:26:51,42.418,25.353,15.114,9.995,0,1669136,10581336,297640,3706584,3637.189,3852.690,1509.482,9124.176,142.367,1058.003,10314,13400,3.230,2.030,1.340,4,1,90.686,0,0,13,37,0,9,0
06-09 04:26:52,49.427,23.949,22.930,2.038,0,1679092,10566972,300580,3707888,4368.916,2901.401,978.344,20488.148,16.306,1736.560,11814,15797,3.230,2.030,1.340,2,0,73.376,0,0,13,37,0,9,0
06-09 04:26:53,37.368,19.311,36.867,3.010,0,1678488,10562968,304000,3708952,4190.260,4258.475,0,19224.835,0,1785.650,12840,17443,3.130,2.030,1.340,2,2,73.232,0,0,13,37,0,9,0
06-09 04:26:54,39.754,14.342,37.490,6.290,0,1595420,10640092,308352,3710368,46730.552,23780.931,0,33502.037,0,2514.062,14303,18655,3.130,2.030,1.340,3,2,28.180,0,0,13,36,0,9,0
06-09 04:26:55,35.950,17.851,36.694,5.702,0,1598436,10631048,312452,3712148,40049.719,18243.726,0,28121.282,0,2254.185,13339,17410,3.130,2.030,1.340,4,1,55.536,0,0,13,36,0,9,0
06-09 04:26:56,41.172,15.221,34.934,6.238,0,1631632,10592772,315452,3714056,19098.926,10981.258,0,32035.491,0,2610.070,16000,20114,3.130,2.030,1.340,5,0,31.940,0,0,13,36,0,9,0
06-09 04:26:57,30.860,13.297,44.910,6.021,0,1644416,10575636,318164,3715584,20147.580,12291.670,0,36345.127,0,2693.570,15214,20324,3.130,2.030,1.340,6,0,33.118,0,0,13,37,0,9,0
06-09 04:26:58,39.676,13.225,37.679,5.240,0,1643424,10572876,319984,3717408,25997.311,442200.833,0,27624.264,0,2248.788,14311,19084,3.120,2.050,1.350,3,0,54.897,0,0,13,37,0,9,0
06-09 04:26:59,36.312,13.773,39.818,5.509,0,1643212,10569348,321960,3719084,22193.706,146700.237,0,29329.830,0,2390.061,14693,20110,3.120,2.050,1.350,1,2,45.077,0,0,13,37,0,9,0
06-09 04:27:00,35.579,13.029,43.096,5.262,0,1644368,10563552,325296,3720260,19261.976,10191.739,0,29173.089,0,2229.975,13871,18604,3.120,2.050,1.350,4,1,18.040,0,0,13,37,0,9,0
06-09 04:27:01,33.007,12.252,44.009,5.251,0,1643872,10558776,329156,3721528,4576.928,3954.802,0,28193.715,0,2164.439,13011,17769,3.120,2.050,1.350,5,0,21.004,0,0,13,37,0,9,0
06-09 04:27:02,37.872,11.959,42.107,4.485,0,1640644,10556788,332592,3723168,18089.691,10271.189,0,25601.233,0,2117.822,12059,15379,3.120,2.050,1.350,9,0,10.963,0,0,13,36,0,10,0
06-09 04:27:03,29.752,24.252,37.252,4.750,0,1570508,10621828,336852,3723848,480.032,0,0,30570.047,0,2267.152,13254,16969,3.110,2.070,1.360,3,1,95.006,0,0,13,34,0,11,0
06-09 04:27:04,42.238,9.247,45.737,0.500,0,1494984,10696840,337428,3723772,15615.550,7359.902,0,6710.088,0,355.899,3990,2730,3.110,2.070,1.360,2,0,3.999,0,0,13,32,0,11,0
06-09 04:27:05,18.793,25.558,53.372,0.251,0,1522956,10668460,337744,3723848,2608.941,2266.161,0,4049.221,0,202.461,5132,3286,3.110,2.070,1.360,2,1,141.322,0,0,13,33,0,11,0
06-09 04:27:06,21.035,15.526,61.853,0.250,0,1514928,10676272,337832,3723972,49331.358,41002.453,0,1242.074,0,64.107,4084,3054,3.110,2.070,1.360,2,0,69.115,0,0,13,33,0,11,0
06-09 04:27:07,14.716,6.485,75.823,0,0,1515136,10676048,337832,3723980,33641.367,18566.602,0,2047.215,0,10.974,3660,3229,3.110,2.070,1.360,2,0,5.986,0,0,13,33,0,11,0
06-09 04:27:08,24.512,10.005,63.281,0,0,1535644,10655388,337832,3726900,34766.034,18677.151,0,0,0,0,4160,7247,2.940,2.050,1.360,6,0,37.018,0,0,13,33,0,11,0
06-09 04:27:09,17.270,5.757,74.338,0,0,1505608,10685396,337832,3724140,32974.940,18353.674,0,0,0,0,3831,8409,2.940,2.050,1.360,0,0,2.002,0,0,13,33,0,11,0
06-09 04:27:10,19.997,2.250,75.990,0,0,1506100,10684892,337884,3724100,18116.542,9592.699,0,383.948,0,21.997,3266,2756,2.940,2.050,1.360,1,0,0,0,0,13,32,0,11,0
06-09 04:27:11,17.268,10.761,70.573,0,0,1489360,10701532,337928,3724152,15409.852,7613.832,0,580.597,0,27.028,3038,2029,2.940,2.050,1.360,1,0,32.033,0,0,13,32,0,11,0
06-09 04:27:12,21.226,5.993,71.669,0,0,1523148,10667744,337932,3724148,1123.729,0,0,4055.411,0,188.786,2447,1208,2.940,2.050,1.360,1,0,0,0,0,13,32,0,11,0
06-09 04:27:13,12.758,3.002,83.301,0,0,1531144,10659736,337932,3724156,20334.349,12741.738,0,0,0,0,2204,1722,2.700,2.010,1.350,1,0,0,0,0,13,33,0,11,0
06-09 04:27:14,17.731,3.246,77.166,0,0,1529408,10661468,337932,3724160,17321.111,9418.729,0,0,0,0,2616,2028,2.700,2.010,1.350,1,0,1.998,0,0,13,33,0,11,0
06-09 04:27:15,14.668,2.983,81.047,0,0,1525928,10664928,337932,3724180,4772.324,3996.660,0,0,0,0,3142,2999,2.700,2.010,1.350,1,0,0,0,0,13,33,0,11,0
06-09 04:27:16,14.596,3.020,81.283,0,0,1522784,10668060,337932,3724192,19761.499,11506.403,0,36.237,0,2.013,3354,3129,2.700,2.010,1.350,1,0,0,0,0,13,33,0,11,0
06-09 04:27:17,14.476,2.995,80.370,0,0,1520280,10670544,337932,3724208,5515.045,4334.961,0,7.987,0,1.997,3329,3091,2.700,2.010,1.350,1,0,1.997,0,0,13,33,0,11,0
06-09 04:27:18,17.255,9.003,72.022,0,0,1441112,10749716,337936,3724212,16820.050,8878.666,0,1376.413,0,239.072,3617,2208,2.570,2,1.350,2,0,45.014,0,0,13,32,0,12,0
06-09 04:27:19,18.531,7.763,72.621,0,0,1475132,10715696,337936,3724212,660.100,0,0,0,0,0,2387,1355,2.570,2,1.350,2,0,11.018,0,0,13,32,0,12,0
06-09 04:27:20,21.249,5.000,72.245,0,0,1517216,10673612,337936,3724212,659.954,0,0,0,0,0,2098,1083,2.570,2,1.350,2,0,2.000,0,0,13,32,0,12,0
06-09 04:27:21,13.495,3.998,81.719,0,0,1517144,10673612,337992,3724228,20307.281,12325.315,0,471.821,0,28.989,2501,1980,2.570,2,1.350,2,0,0,0,0,13,33,0,12,0
06-09 04:27:22,15.005,3.251,80.275,0,0,1517132,10673612,337996,3724236,4000.268,3057.969,0,84.027,0,5.002,3045,2678,2.570,2,1.350,2,0,0,0,0,13,33,0,12,0
06-09 04:27:23,18.003,8.001,71.762,0,0,1494320,10696292,337996,3724368,1328.225,705.119,0,4.001,0,1.000,2960,1900,2.440,1.980,1.350,1,0,36.006,0,0,13,32,0,13,0
06-09 04:27:24,19.251,7.500,72.502,0,0,1510288,10680324,337996,3724368,14932.445,7296.217,0,0,0,0,2295,1352,2.440,1.980,1.350,1,0,0,0,0,13,32,0,13,0
06-09 04:27:25,21.383,4.476,72.604,0,0,1545276,10645336,337996,3724368,697.196,0,0,0,0,0,2075,1076,2.440,1.980,1.350,1,0,0,0,0,13,32,0,14,0
06-09 04:27:26,13.319,3.267,83.183,0,0,1539784,10650816,337996,3724376,5412.182,5060.350,0,4.021,0,1.005,2206,1649,2.440,1.980,1.350,1,0,2.010,0,0,13,33,0,13,0
06-09 04:27:27,16.751,3.000,78.003,0.250,0,1534704,10655848,338044,3724376,2199.098,1750.078,0,408.018,0,30.001,2698,2309,2.440,1.980,1.350,1,0,0,0,0,13,32,0,14,0
06-09 04:27:28,13.238,14.237,70.438,0,0,1511160,10679384,338060,3724368,15044.725,7289.568,0,115.898,0,7.993,3178,1942,2.330,1.960,1.350,1,0,60.946,0,0,13,32,0,14,0
06-09 04:27:29,21.515,4.753,73.051,0,0,1545212,10645312,338068,3724380,419.295,0,0,40.028,0,4.003,2165,1193,2.330,1.960,1.350,1,0,2.001,0,0,13,32,0,14,0
06-09 04:27:30,13.750,3.250,82.749,0,0,1553968,10636544,338068,3724392,2602.962,4856.929,0,0,0,0,2126,1578,2.330,1.960,1.350,0,0,0,0,0,13,33,0,14,0
06-09 04:27:31,18.255,3.501,77.019,0,0,1546752,10643756,338068,3724396,4776.191,2044.510,0,4.001,0,1.000,2395,1705,2.330,1.960,1.350,0,0,0,0,0,13,33,0,14,0
06-09 04:27:32,15.997,2.999,77.735,0,0,1540652,10649836,338068,3724416,5007.057,3597.322,0,31.994,0,2.999,3348,3001,2.330,1.960,1.350,1,0,2.000,0,0,13,32,0,15,0
06-09 04:27:33,16.003,11.502,71.514,0,0,1504704,10685784,338068,3724416,15174.028,7459.489,0,0,0,0,2834,1623,2.220,1.950,1.340,1,0,43.009,0,0,13,32,0,15,0
06-09 04:27:34,20.504,6.751,71.263,0,0,1521092,10669180,338368,3724332,360.064,0,0,5220.927,0,246.044,2741,1989,2.220,1.950,1.340,2,0,0,0,0,13,32,0,13,0
06-09 04:27:35,12.957,3.488,81.480,0,0,1549284,10640800,338456,3724424,2647.232,2187.754,0,1522.956,0,76.746,1881,1264,2.220,1.950,1.340,1,0,1.993,0,0,13,33,0,13,0
06-09 04:27:36,18.532,4.257,75.883,0,0,1545660,10644420,338456,3724428,3964.951,3584.284,0,0,0,0,2246,1462,2.220,1.950,1.340,3,0,0,0,0,13,33,0,13,0
06-09 04:27:37,14.523,3.005,81.126,0,0,1540912,10649092,338516,3724444,4353.780,3844.988,0,472.736,0,35.055,3671,3569,2.220,1.950,1.340,0,0,0,0,0,13,33,0,13,0
06-09 04:27:38,16.451,6.979,74.527,0.249,0,1481480,10708456,338576,3724448,17000.020,8889.343,0,366.900,0,30.907,3419,2630,2.040,1.910,1.340,1,0,28.913,0,0,13,32,0,9,0
06-09 04:27:39,5.737,25.942,65.604,0,0,1476676,10713224,338592,3724464,657.535,0,0,1273.163,0,211.529,4854,2529,2.040,1.910,1.340,2,0,165.631,0,0,13,32,0,9,0
06-09 04:27:40,6.027,25.114,66.553,0,0,1472192,10717608,338604,3724552,1216.539,0,0,144.659,0,8.037,4452,2501,2.040,1.910,1.340,1,0,159.727,0,0,13,32,0,9,0
06-09 04:27:41,6.244,23.978,68.436,0,0,1472308,10717484,338612,3724552,478.552,147.862,0,63.940,0,3.996,4495,2533,2.040,1.910,1.340,2,0,145.864,0,0,13,32,0,9,0
06-09 04:27:42,14.348,33.478,50.092,0,0,1475100,10714604,338688,3724560,422.884,0,0,777.302,0,73.501,5200,3048,2.040,1.910,1.340,6,0,210.435,0,0,13,32,0,11,0
06-09 04:27:43,48.364,24.306,24.554,0,0,1507260,10682180,338776,3724732,1039.703,0,0,515.883,0,37.699,5054,2963,2.120,1.930,1.350,5,0,92.264,0,0,13,32,0,15,0
06-09 04:27:44,62.337,14.270,23.032,0,0,1609440,10579392,338816,3725300,642.900,0,0,240.336,0,7.010,4151,1523,2.120,1.930,1.350,5,0,5.007,0,0,13,32,0,15,0
06-09 04:27:45,62.658,12.731,22.467,0.250,0,1713980,10473340,338892,3726464,31353.052,70251.047,3.994,291.573,0.999,11.982,4405,1803,2.120,1.930,1.350,5,0,0,0,0,13,32,0,15,0
06-09 04:27:46,67.150,9.593,23.225,0.252,0,1784208,10401296,338964,3728044,44749.218,23069.335,12.117,739.156,2.020,8.078,4352,1717,2.120,1.930,1.350,3,0,0,0,0,13,32,0,14,0
06-09 04:27:47,63.411,9.449,20.888,5.222,0,1874640,10307872,339044,3730712,28046.984,543809.314,791.765,2697.571,8.952,36.803,4472,1889,2.120,1.930,1.350,4,0,7.957,0,0,13,32,0,14,0
06-09 04:27:48,57.228,14.307,22.694,1.727,0,1873964,10300312,342392,3735252,30036.777,15650.856,0,17377.561,0,1577.715,10944,13638,2.190,1.950,1.360,6,1,69.068,0,0,13,38,0,14,0
06-09 04:27:49,43.135,20.063,27.837,6.019,0,1872856,10288268,348220,3742148,44454.106,22089.121,0,51232.316,0,3397.632,17435,24220,2.190,1.950,1.360,7,0,102.320,0,0,13,38,0,14,0
06-09 04:27:50,43.634,15.798,29.591,7.021,0,1873168,10276172,353480,3748316,30079.056,15094.195,0,37061.426,0,2778.504,15743,21742,2.190,1.950,1.360,5,1,119.365,0,0,13,38,0,14,0
06-09 04:27:51,39.439,18.589,30.647,8.290,0,1873944,10264832,359200,3752860,15574.678,7678.819,0,53287.504,0,3450.545,17289,24634,2.190,1.950,1.360,6,0,111.535,0,0,13,38,0,14,0
06-09 04:27:52,36.416,17.709,34.171,7.483,0,1874196,10255256,364764,3756352,44686.476,22849.066,0,48918.671,0,3252.465,16569,23000,2.190,1.950,1.360,6,0,68.841,0,0,13,38,0,14,0
06-09 04:27:53,52.268,14.255,26.259,6.752,0,1873764,10245428,369836,3761224,45140.861,22826.020,0,27157.542,0,2333.820,13615,18743,2.490,2.020,1.380,7,0,80.028,0,0,13,38,0,14,0
06-09 04:27:54,45.982,24.969,19.283,5.933,0,1777064,10334120,374600,3764244,44629.035,23380.504,0,39099.354,0,2631.345,13490,19354,2.490,2.020,1.380,7,0,113.718,0,0,13,36,0,14,0
06-09 04:27:55,48.565,21.137,20.131,6.291,0,1775868,10326812,379172,3767952,64605.860,33692.439,0,36182.583,0,2518.327,13380,18715,2.490,2.020,1.380,5,2,83.542,0,0,13,36,0,14,0
06-09 04:27:56,50.575,19.529,20.530,6.510,0,1791440,10301108,384740,3772172,48455.815,22731.690,0,45635.635,0,3016.471,14264,20968,2.490,2.020,1.380,2,1,60.089,0,0,13,36,0,14,0
06-09 04:27:57,55.447,14.293,22.672,4.682,0,1830852,10254236,388608,3775544,29655.422,14703.017,0,26448.871,0,1898.499,12369,15754,2.490,2.020,1.380,8,1,17.743,0,0,13,36,0,14,0
06-09 04:27:58,53.075,19.999,21.794,6.666,0,1866808,10207616,393620,3780848,31631.498,15400.382,0,59004.712,0,3337.296,15611,21406,2.780,2.080,1.410,2,0,3.077,0,0,13,36,0,14,0
06-09 04:27:59,51.657,14.335,24.963,6.179,0,1874924,10187960,398640,3786976,29868.188,15076.954,0,31613.160,0,2390.562,14526,19377,2.780,2.080,1.410,4,1,19.773,0,0,13,38,0,14,0
06-09 04:28:00,39.188,28.889,23.111,6.029,0,1820504,10235232,403404,3789160,59059.467,592174.254,0,56876.992,0,3245.578,16379,22316,2.780,2.080,1.410,3,0,94.453,0,0,13,36,0,14,0
06-09 04:28:01,33.406,18.947,36.647,6.980,0,1813000,10234848,409172,3791068,44761.139,22748.036,0,42600.216,0,3081.336,16372,22433,2.780,2.080,1.410,2,0,68.807,0,0,13,36,0,14,0
06-09 04:28:02,44.652,22.075,24.333,5.268,0,1804700,10238440,412404,3792412,29775.681,14870.782,0,33056.886,0,2378.121,12992,18029,2.780,2.080,1.410,3,1,138.473,0,0,13,36,0,13,0
06-09 04:28:03,37.761,18.005,42.012,1.500,0,1653496,10388840,412840,3792760,30351.851,21950.401,0,8202.392,0,611.178,6298,5866,2.870,2.120,1.420,2,0,106.031,0,0,13,32,0,13,0
06-09 04:28:04,14.009,24.766,58.787,0,0,1521320,10520968,412876,3792772,61050.378,39460.806,0,800.503,0,46.029,4513,2741,2.870,2.120,1.420,2,0,152.096,0,0,13,32,0,13,0
06-09 04:28:05,21.894,6.220,69.664,0,0,1538888,10503152,413112,3792776,44866.556,23809.141,0,6118.483,0,310.502,2809,2222,2.870,2.120,1.420,1,0,1.990,0,0,13,32,0,13,0
06-09 04:28:06,21.820,6.772,69.724,0,0,1567496,10474512,413112,3792808,59823.857,29344.108,0,4.013,0,1.003,2375,1295,2.870,2.120,1.420,2,0,1.003,0,0,13,32,0,12,0
06-09 04:28:07,22.544,8.516,68.382,0,0,1597052,10444948,413112,3792808,30376.727,17018.903,0,0,0,0,2490,1362,2.870,2.120,1.420,1,0,6.012,0,0,13,32,0,12,0
06-09 04:28:08,21.382,5.470,71.855,0,0,1617464,10424536,413112,3792808,15029.344,7578.322,0,0,0,0,2251,1233,2.720,2.100,1.420,2,0,4.973,0,0,13,32,0,12,0
06-09 04:28:09,36.307,11.518,49.829,0,0,1615660,10426312,413136,3792808,46662.759,24905.368,0,148.234,0,12.019,4271,11303,2.720,2.100,1.420,1,0,36.057,0,0,13,38,0,13,0
06-09 04:28:10,25.857,1.506,71.547,0,0,1623720,10418248,413160,3792788,45133.273,23967.449,0,164.683,0,19.079,2590,1676,2.720,2.100,1.420,1,0,0,0,0,13,34,0,13,0
06-09 04:28:11,19.911,11.449,66.949,0,0,1562440,10479488,413176,3792816,60531.141,589815.004,0,557.496,0,83.624,3906,2251,2.720,2.100,1.420,2,0,37.830,0,0,13,32,0,12,0
06-09 04:28:12,24.562,14.035,60.904,0,0,1587436,10454444,413192,3792800,49194.292,23886.350,0,268.679,0,14.035,3451,2047,2.720,2.100,1.420,3,0,78.198,0,0,13,32,0,12,0
06-09 04:28:13,22.287,5.509,71.619,0,0,1616144,10425716,413192,3792816,41026.928,22056.519,0,1562.587,0,113.187,2580,1468,2.580,2.080,1.410,1,0,0,0,0,13,32,0,12,0
06-09 04:28:14,22.509,4.752,72.278,0,0,1646384,10395476,413192,3792816,29815.411,14597.587,0,0,0,0,2297,1295,2.580,2.080,1.410,2,0,2.001,0,0,13,32,0,12,0
06-09 04:28:15,23.582,2.730,71.241,0,0,1650760,10391076,413216,3792828,15468.484,8296.723,0,607.659,0,38.723,2572,1749,2.580,2.080,1.410,1,0,1.986,0,0,13,34,0,12,0
06-09 04:28:16,14.353,16.368,68.240,0,0,1579624,10462204,413232,3792820,60027.337,30646.214,0,116.840,0,9.065,3665,2114,2.580,2.080,1.410,5,0,86.622,0,0,13,32,0,12,0
06-09 04:28:17,11.653,43.885,41.406,0.248,0,1558140,10483656,413248,3792836,45520.439,24424.876,0,222.153,0,13.885,5640,3439,2.580,2.080,1.410,5,0,267.773,0,0,13,32,0,12,0
06-09 04:28:18,10.810,46.256,40.474,0,0,1549596,10492184,413248,3792852,61874.849,34561.505,0,4002.176,0,22.123,5653,3347,2.780,2.130,1.430,3,0,270.499,0,0,13,32,0,12,0
06-09 04:28:19,10.763,46.804,39.796,0,0,1535380,10506380,413248,3792872,61694.753,36934.957,0,12.014,0,3.003,5677,3383,2.780,2.130,1.430,2,0,289.337,0,0,13,32,0,11,0
06-09 04:28:20,10.468,45.112,42.370,0,0,1523804,10517952,413248,3792876,45731.869,23747.234,0,11.963,0,2.991,5649,3395,2.780,2.130,1.430,1,0,284.129,0,0,13,32,0,11,0
06-09 04:28:21,8.775,25.322,63.932,0,0,1513380,10528376,413248,3792876,74019.615,606503.742,0,20.057,0,5.014,5274,3118,2.780,2.130,1.430,2,0,154.439,0,0,13,32,0,11,0
06-09 04:28:22,5.784,25.401,67.653,0,0,1515084,10526660,413252,3792880,30457.601,16828.338,0,249.488,0,7.042,4515,2537,2.780,2.130,1.430,1,0,151.906,0,0,13,32,0,11,0
06-09 04:28:23,6.703,25.571,66.037,0,0,1507832,10533904,413252,3792888,30721.623,21719.731,0,15.889,0,3.972,4553,2550,2.640,2.110,1.430,1,0,157.893,0,0,13,32,0,10,0
06-09 04:28:24,7.007,25.275,66.066,0,0,1491476,10550252,413252,3792896,60880.685,32636.532,0,8.008,0,2.002,4688,2667,2.640,2.110,1.430,1,0,144.144,0,0,13,32,0,10,0
06-09 04:28:25,6.506,22.771,69.064,0,0,1486596,10555108,413272,3792900,61187.436,35340.596,0,468.432,0,27.025,4881,3203,2.640,2.110,1.430,1,0,140.129,0,0,13,32,0,10,0
06-09 04:28:26,6.997,23.991,68.224,0,0,1483684,10558004,413272,3792916,46108.116,25336.173,0,3.998,0,1.000,4451,2693,2.640,2.110,1.430,1,0,131.949,0,0,13,32,0,10,0
06-09 04:28:27,6.963,23.625,66.648,0,0,1483992,10557696,413272,3792916,60433.846,31179.341,0,11.937,0,2.984,4480,2539,2.640,2.110,1.430,1,0,115.391,0,0,13,32,0,10,0
06-09 04:28:28,8.045,24.387,66.623,0,0,1482336,10559216,413272,3793052,61162.357,31667.258,0,16.090,0,4.023,4377,2573,2.500,2.090,1.430,1,0,115.647,0,0,13,32,0,10,0
06-09 04:28:29,7.255,23.766,67.046,0,0,1476656,10564896,413272,3793052,45582.073,23550.054,0,16.011,0,4.003,4301,2510,2.500,2.090,1.430,1,0,119.081,0,0,13,32,0,10,0
06-09 04:28:30,13.475,27.699,55.647,0,0,1468968,10572576,413272,3793524,77691.657,594481.512,0,7.985,0,1.996,6172,5055,2.500,2.090,1.430,7,0,131.755,0,0,13,32,0,10,0
06-09 04:28:31,17.294,23.811,58.400,0,0,1467388,10574148,413276,3793528,45145.003,23765.066,0,76.196,0,2.005,4678,4811,2.500,2.090,1.430,1,0,62.160,0,0,13,32,0,9,0
06-09 04:28:32,16.640,13.163,68.049,0,0,1471132,10570404,413276,3793512,45027.351,23112.702,0,0,0,0,3186,2116,2.500,2.090,1.430,4,0,11.921,0,0,13,32,0,9,0
06-09 04:28:33,47.446,29.873,21.840,0,0,1525264,10516228,413284,3793556,61727.998,34239.443,0,40.166,0,1.004,5211,2561,2.540,2.110,1.440,4,0,116.481,0,0,13,32,0,9,0
06-09 04:28:34,42.503,10.251,46.253,0,0,1594980,10446424,413284,3793640,45439.287,23409.693,0,72.005,0,3.000,3421,1544,2.540,2.110,1.440,3,0,5.000,0,0,13,33,0,9,0
06-09 04:28:35,45.066,6.798,47.583,0,0,1654200,10387204,413284,3793640,30538.868,15546.877,0,4.028,0,1.007,3003,1108,2.540,2.110,1.440,3,0,2.014,0,0,13,33,0,8,0
06-09 04:28:36,51.106,6.202,39.446,0,0,1698420,10342908,413328,3793668,29813.975,15335.680,0,722.426,0,90.303,4654,3238,2.540,2.110,1.440,3,0,16.870,0,0,13,49,0,8,0
06-09 04:28:37,43.370,9.330,46.900,0,0,1718912,10322060,413456,3793888,15422.466,7588.689,0,2577.976,0,139.186,3690,1947,2.540,2.110,1.440,3,0,2.017,0,0,13,49,0,8,0
06-09 04:28:38,50.958,8.493,39.717,0,0,1746880,10290812,413540,3796684,15219.505,7451.882,0,1314.920,0,93.923,5337,5649,2.740,2.150,1.460,6,0,2.998,0,0,13,49,0,8,0
06-09 04:28:39,10.196,22.878,63.910,0.249,0,1742632,10294556,413600,3797116,45722.701,25882.276,0,2458.916,0,116.381,5137,4139,2.740,2.150,1.460,3,0,124.338,0,0,13,48,0,7,0
06-09 04:28:40,5.990,22.214,68.388,0.749,0,1744320,10292804,413628,3797144,45763.920,24837.252,11.980,195.679,2.995,9.984,4396,2750,2.740,2.150,1.460,3,0,113.813,0,0,13,48,0,7,0
06-09 04:28:41,12.775,30.559,54.856,0,0,1749284,10287808,413628,3797608,71313.768,468919.888,0,5779.165,0,299.579,6382,5232,2.740,2.150,1.460,1,0,169.327,0,0,13,48,0,7,0
06-09 04:28:42,19.449,17.703,60.839,0,0,1744200,10292848,413628,3797596,47812.590,149253.394,0,0,0,0,4367,3909,2.740,2.150,1.460,9,0,54.855,0,0,13,48,0,7,0
06-09 04:28:43,13.978,17.972,65.149,1.248,0,1739396,10297504,413644,3797228,45197.167,23122.274,251.611,0,18.971,0,3572,2445,2.680,2.150,1.460,2,0,43.932,0,0,13,48,0,1,0
06-09 04:28:44,17.288,9.270,69.652,3.257,0,1735256,10291268,413652,3807952,44532.403,22164.479,10174.253,52.114,123.270,2.004,3361,2421,2.680,2.150,1.460,2,0,29.064,0,0,14,48,0,1,0
06-09 04:28:45,19.985,28.978,48.213,0,0,1744500,10281960,413652,3808024,59772.052,30240.753,0,0,0,0,5471,5702,2.680,2.150,1.460,9,0,118.909,0,0,14,48,0,1,0
06-09 04:28:46,36.598,16.681,43.320,0.249,0,1748572,10276680,413688,3808796,46673.993,23817.001,1334.453,286.808,15.934,21.909,4307,2996,2.680,2.150,1.460,2,1,53.776,0,0,14,62,0,1,0
06-09 04:28:47,12.800,28.111,55.719,1.506,0,1825072,10199120,413708,3809712,45491.047,24253.459,771.035,80.316,27.107,10.040,4593,2909,2.680,2.150,1.460,1,0,102.403,0,0,14,64,0,1,0
06-09 04:28:48,7.517,21.549,68.656,0,0,1825572,10198616,413708,3809724,61083.547,33443.856,0,890.019,0,4.009,4303,2634,2.550,2.130,1.460,1,0,92.209,0,0,14,64,0,1,0
06-09 04:28:49,11.808,29.144,58.540,0,0,1832300,10191876,413708,3810192,61182.592,32534.909,0,538.664,0,68.338,5517,5156,2.550,2.130,1.460,1,0,148.736,0,0,14,64,0,1,0
06-09 04:28:50,21.743,20.243,56.231,0,0,1812024,10212116,413708,3810196,54862.243,465938.697,0,0,0,0,5196,5094,2.550,2.130,1.460,1,0,64.978,0,0,14,64,0,1,0
06-09 04:28:51,15.292,22.562,59.664,1.003,0,1806520,10216004,413744,3811244,64101.929,153649.695,1447.974,336.925,28.077,10.028,3985,3059,2.550,2.130,1.460,0,0,123.339,0,0,14,64,0,1,0
06-09 04:28:52,2.976,7.191,88.032,0,0,1810772,10211752,413744,3811244,30909.067,14485.928,0,3.968,0,0.992,2255,1648,2.550,2.130,1.460,1,0,39.677,0,0,14,64,0,1,0
06-09 04:28:53,6.510,17.777,68.603,5.008,0,1805204,10215560,413744,3812988,62547.882,33688.565,1726.592,4.006,20.030,1.002,3899,2426,2.420,2.110,1.450,2,0,88.132,0,0,16,64,0,1,0
06-09 04:28:54,16.734,21.230,59.944,0,0,1810672,10210080,413744,3813464,44921.332,22493.136,0,847.214,0,2.997,4556,4328,2.420,2.110,1.450,1,0,79.926,0,0,16,64,0,1,0
06-09 04:28:55,21.508,20.007,58.271,0,0,1810256,10210432,413744,3813464,44860.283,22282.088,0,0,0,0,4549,4185,2.420,2.110,1.450,1,0,65.024,0,0,16,64,0,1,0
06-09 04:28:56,9.232,27.446,58.634,2.246,0,1816324,10202448,413748,3814872,56637.672,30240.026,1864.303,131.739,21.956,3.992,4977,3388,2.420,2.110,1.450,2,0,106.788,0,0,16,66,0,1,0
06-09 04:28:57,6.014,23.804,68.155,0,0,1814768,10204000,413748,3814872,50326.696,26386.135,0,36.082,0,4.009,4552,2639,2.420,2.110,1.450,1,0,139.318,0,0,16,66,0,1,0
06-09 04:28:58,6.744,22.232,69.193,0,0,1819296,10199464,413748,3814880,60895.007,34133.977,0,3.997,0,0.999,4595,2717,2.310,2.090,1.450,2,0,129.893,0,0,16,66,0,1,0
06-09 04:28:59,8.221,23.916,65.521,0,0,1819116,10199636,413748,3814888,67843.068,469287.085,0,15.944,0,3.986,4735,2815,2.310,2.090,1.450,2,0,124.565,0,0,16,66,0,1,0
06-09 04:29:00,7.533,24.609,66.544,0,0,1824744,10194004,413748,3814892,48398.502,146439.997,0,12.053,0,3.013,4343,2496,2.310,2.090,1.450,1,0,117.518,0,0,16,66,0,1,0
06-09 04:29:01,8.217,22.658,66.480,0,0,1826352,10192252,413752,3815028,60168.004,30880.771,0,123.499,0,5.976,4428,2547,2.310,2.090,1.450,1,0,103.580,0,0,16,66,0,1,0
06-09 04:29:02,18.321,23.341,57.223,0,0,1816176,10202420,413752,3815028,45018.601,23045.894,0,12.047,0,2.008,4787,4468,2.310,2.090,1.450,1,0,69.270,0,0,16,66,0,1,0
06-09 04:29:03,18.240,22.738,56.720,0,0,1828456,10190136,413752,3815032,45050.358,23023.917,0,0,0,0,4980,5116,2.200,2.080,1.450,2,0,71.962,0,0,16,66,0,1,0
06-09 04:29:04,25.681,28.922,44.630,0,0,1863068,10155516,413764,3815028,60894.655,33312.096,0,47.871,0,2.992,5045,2733,2.200,2.080,1.450,2,0,136.631,0,0,16,66,0,1,0
06-09 04:29:05,26.501,29.751,42.252,0,0,1904396,10114160,413764,3815056,61092.305,33185.252,0,100.004,0,5.000,5093,2682,2.200,2.080,1.450,3,0,148.006,0,0,16,66,0,1,0
06-09 04:29:06,28.216,27.208,43.584,0,0,1926112,10092368,413776,3815104,61349.066,33305.190,0,205.575,0,3.023,4897,2754,2.200,2.080,1.450,3,0,120.927,0,0,16,66,0,1,0
06-09 04:29:07,27.299,28.788,41.445,0,0,1959704,10058636,413816,3815156,45666.327,24043.268,0,174.716,0,1.985,4973,2582,2.200,2.080,1.450,3,0,138.978,0,0,16,66,0,1,0
06-09 04:29:08,26.709,31.701,38.690,0.250,0,1962088,10054708,413852,3816604,74080.070,579596.794,35.944,0,2.995,0,6077,4554,2.350,2.110,1.460,3,0,164.744,0,0,16,70,0,3,0
06-09 04:29:09,32.292,31.050,35.521,0.248,0,2023536,9993248,413860,3818356,60316.912,32486.439,7.949,604.103,1.987,2.981,5409,5749,2.350,2.110,1.460,4,0,182.821,0,0,16,70,0,3,0
06-09 04:29:10,32.382,31.629,33.888,0,0,2080612,9936152,413860,3816612,46315.356,25816.993,0,8.033,0,2.008,5607,11239,2.350,2.110,1.460,2,0,140.572,0,0,16,70,0,4,0
06-09 04:29:11,28.425,27.419,43.267,0,0,2092812,9923912,413868,3816628,61462.923,34446.364,0,519.201,0,5.031,4979,2819,2.350,2.110,1.460,2,0,126.782,0,0,16,70,0,4,0
06-09 04:29:12,29.406,24.671,42.614,1.994,0,2100904,9915612,413872,3816828,60416.308,31651.052,3.987,6036.746,0.997,627.997,5494,2639,2.350,2.110,1.460,2,0,118.622,0,0,16,70,0,3,0
06-09 04:29:13,13.708,25.920,56.825,0,0,2102576,9913912,413872,3816852,45118.726,23724.766,0,11.963,0,2.991,4570,2627,2.240,2.090,1.460,1,0,112.652,0,0,16,70,0,3,0
06-09 04:29:14,7.775,24.077,66.964,0,0,2096244,9920244,413872,3816852,61417.440,31472.664,0,12.039,0,3.010,4583,2656,2.240,2.090,1.460,2,0,125.401,0,0,16,70,0,3,0
06-09 04:29:15,17.745,21.494,59.733,0,0,2096308,9920148,413872,3816856,44651.474,22773.611,0,47.987,0,1.999,4602,4338,2.240,2.090,1.460,1,0,77.978,0,0,16,70,0,3,0
06-09 04:29:16,20.574,23.083,55.199,0,0,2091576,9924864,413872,3816940,69662.194,465155.295,0,4.014,0,1.004,5316,5351,2.240,2.090,1.460,2,0,67.242,0,0,16,70,0,3,0
06-09 04:29:17,34.908,30.918,32.664,0,0,2144424,9871972,413884,3817328,48896.581,142664.398,0,147.609,0,2.992,5186,3066,2.240,2.090,1.460,3,0,99.736,0,0,16,70,0,3,0
06-09 04:29:18,45.865,31.408,20.939,0,0,2220460,9795904,413892,3817352,60826.348,34843.661,0,3.988,0,0.997,5408,2864,2.380,2.120,1.470,4,0,150.558,0,0,16,70,0,3,0
06-09 04:29:19,52.454,27.476,18.734,0,0,2268492,9747848,413900,3817364,45212.532,23587.410,0,51.955,0,2.997,5169,3155,2.380,2.120,1.470,7,0,122.893,0,0,16,70,0,3,0
06-09 04:29:20,49.206,31.130,18.327,0,0,2318864,9696540,413920,3818176,61477.770,32397.312,0,44.185,0,8.034,5325,3307,2.380,2.120,1.470,3,0,116.487,0,0,16,70,0,3,0
06-09 04:29:21,48.638,29.432,20.204,0,0,2339172,9675956,413964,3818352,45513.430,23605.765,0,187.569,0,21.950,5149,2648,2.380,2.120,1.470,3,0,106.755,0,0,16,70,0,3,0
06-09 04:29:22,52.549,25.143,16.343,5.532,0,2370512,9641504,414640,3820712,60117.465,31388.810,575.277,1512.617,80.458,46.264,5351,5098,2.380,2.120,1.470,5,0,67.384,0,0,16,70,0,3,0
06-09 04:29:23,59.094,22.940,15.958,1.496,0,2407992,9603608,414944,3820740,44786.124,22925.660,303.202,3.989,46.877,0.997,6118,5934,2.510,2.150,1.490,4,0,68.819,0,0,16,74,0,3,0
06-09 04:29:24,52.708,32.224,12.990,0.250,0,2490460,9518084,416604,3821592,45680.616,25018.073,0,9488.442,0,909.276,8826,10345,2.510,2.150,1.490,11,0,97.922,0,0,16,74,0,3,0
06-09 04:29:25,43.469,33.167,18.845,1.508,0,2497548,9499452,417972,3831476,55738.403,452500.395,4.020,17777.433,1.005,1174.911,10504,11912,2.510,2.150,1.490,4,0,105.531,0,0,16,74,0,3,0
06-09 04:29:26,49.615,28.386,16.785,1.975,0,2521016,9471984,419692,3833644,62508.425,149418.328,0,8787.455,0,1053.507,9944,12145,2.510,2.150,1.490,5,0,96.761,0,0,16,74,0,3,0
06-09 04:29:27,49.921,29.601,16.055,2.509,0,2539396,9450076,421048,3835724,45287.245,23370.113,0,8107.794,0,904.099,9433,11482,2.510,2.150,1.490,6,1,114.392,0,0,16,74,0,3,0
06-09 04:29:28,50.595,30.701,14.245,0.491,0,2581956,9402728,422392,3838996,60327.759,31602.640,0,7340.678,0,606.156,8283,8768,2.790,2.220,1.510,7,0,108.067,0,0,16,74,0,3,0
06-09 04:29:29,66.842,30.615,2.806,0,0,2625492,9356164,422512,3842060,46307.857,25179.604,542.901,1089.885,7.143,50.004,6513,7513,2.790,2.220,1.510,3,0,147.971,0,0,16,80,0,6,0
06-09 04:29:30,61.396,26.313,12.279,0,0,2708248,9272336,422624,3842984,59736.893,30995.624,0,1018.419,0,59.140,6791,7465,2.790,2.220,1.510,5,0,79.188,0,0,16,84,0,9,0
06-09 04:29:31,47.604,33.967,15.620,0,0,2694300,9283760,422672,3844964,45402.031,24601.197,3.967,646.617,0.992,25.785,5911,6875,2.790,2.220,1.510,4,0,113.059,0,0,16,91,0,13,1
06-09 04:29:32,29.707,29.455,39.022,0.252,0,2736540,9241432,422744,3844976,61904.796,36156.196,0,717.001,0,38.267,5810,4889,2.790,2.220,1.510,3,0,138.969,0,0,16,96,0,14,0
06-09 04:29:33,29.896,27.886,41.453,0.251,0,2757572,9219984,423076,3845052,61612.188,32995.296,0,12923.174,0,691.380,6209,3435,2.890,2.250,1.530,4,0,122.599,0,0,16,96,0,14,0
06-09 04:29:34,28.450,27.701,41.427,0,0,2788968,9188572,423076,3845068,56121.493,567807.237,0,23.958,0,4.991,5140,3294,2.890,2.250,1.530,3,0,116.793,0,0,16,96,0,14,0
06-09 04:29:35,27.947,26.949,43.168,0,0,2823552,9153840,423076,3845216,45704.142,23068.160,0,75.856,0,5.989,4940,2696,2.890,2.250,1.530,2,0,120.770,0,0,16,96,0,14,0
06-09 04:29:36,38.774,24.926,35.753,0,0,2859828,9117384,423076,3845844,61151.426,31035.464,0,4.028,0,1.007,5159,4386,2.890,2.250,1.530,3,0,78.555,0,0,16,98,0,14,0
06-09 04:29:37,41.897,26.279,29.997,0,0,2849636,9126584,423080,3846420,44469.480,22913.027,0,0,0,0,6784,7649,2.890,2.250,1.530,2,0,72.390,0,0,16,96,0,16,0
06-09 04:29:38,24.492,29.490,42.736,0,0,2885632,9090144,423092,3846740,60978.853,33338.985,0,119.960,0,1.999,5550,4084,2.980,2.280,1.540,2,0,114.962,0,0,16,96,0,16,0
06-09 04:29:39,25.344,28.857,44.415,0,0,2934992,9040772,423092,3846752,46399.082,25341.987,0,0,0,0,4936,2743,2.980,2.280,1.540,2,0,124.462,0,0,16,96,0,17,0
06-09 04:29:40,28.225,25.727,44.710,0,0,2968708,9007016,423156,3846728,61106.180,33030.368,0,407.634,0,31.971,5190,2994,2.980,2.280,1.540,2,0,125.887,0,0,16,96,0,17,0
06-09 04:29:41,34.348,28.374,34.099,0,0,2997324,8978292,423212,3846776,62160.990,34196.708,0,167.260,0,21.903,5058,2945,2.980,2.280,1.540,4,0,124.449,0,0,16,102,0,17,0
06-09 04:29:42,29.246,28.246,40.994,0,0,3020152,8955412,423212,3846816,54800.887,456308.446,0,11.998,0,3.000,5383,3364,2.980,2.280,1.540,4,0,116.983,0,0,16,104,0,17,0
06-09 04:29:43,32.316,25.051,41.084,0,0,3050000,8925428,423212,3846952,64918.058,159312.076,0,5435.056,0,394.803,5681,2674,2.900,2.270,1.540,3,0,105.214,0,0,16,104,0,17,0
06-09 04:29:44,30.622,27.386,39.087,0,0,3071576,8903556,423260,3847180,60441.314,31411.199,0,382.408,0,24.896,5509,4123,2.900,2.270,1.540,4,0,108.548,0,0,16,104,0,17,0
06-09 04:29:45,25.678,31.972,40.280,0,0,3074660,8899092,423316,3848464,46166.405,24445.658,0,435.019,0,23.161,6265,5947,2.900,2.270,1.540,1,0,129.902,0,0,16,106,0,20,0
06-09 04:29:46,17.987,22.734,58.707,0,0,3079080,8894628,423352,3848944,59365.938,27721.892,0,287.791,0,21.984,4686,4364,2.900,2.270,1.540,2,0,76.944,0,0,16,106,0,20,0
06-09 04:29:47,23.489,20.990,53.974,0,0,3055784,8917844,423380,3848532,45571.944,24929.934,0,187.909,0,13.993,4522,4394,2.900,2.270,1.540,1,0,69.966,0,0,16,108,0,20,0
06-09 04:29:48,36.956,26.397,36.201,0,0,3116600,8856944,423384,3848956,46424.318,24027.697,0,20.112,0,2.011,4864,2867,2.910,2.280,1.550,4,0,92.515,0,0,16,108,0,20,0
06-09 04:29:49,43.027,16.913,38.799,0,0,3184372,8789156,423384,3848972,59844.504,32147.743,0,0,0,0,3900,1948,2.910,2.280,1.550,5,0,37.804,0,0,16,109,0,20,0
06-09 04:29:50,37.650,15.210,44.632,0.249,0,3221908,8750656,423612,3849664,30537.930,16163.092,0,2170.239,0,173.539,5038,4139,2.910,2.280,1.550,2,0,50.865,0,0,16,112,0,20,0
06-09 04:29:51,7.515,25.549,65.627,0,0,3224124,8748420,423624,3849668,67328.171,473723.892,0,6003.607,0,499.967,6138,3097,2.910,2.280,1.550,2,0,140.271,0,0,16,112,0,20,0
06-09 04:29:52,6.474,22.162,68.975,0,0,3228108,8744416,423636,3849676,65197.151,158291.117,0,107.571,0,9.960,4761,2910,2.910,2.280,1.550,1,0,127.492,0,0,16,112,0,20,0
06-09 04:29:53,6.535,22.621,68.867,0,0,3221236,8751280,423636,3849680,45904.541,24623.171,0,1431.626,0,7.037,4386,2585,2.750,2.260,1.550,2,0,125.669,0,0,16,112,0,20,0
06-09 04:29:54,9.743,23.484,64.705,0,0,3220324,8752172,423644,3849684,60837.149,33704.814,0,135.907,0,2.998,4472,2699,2.750,2.260,1.550,1,0,127.912,0,0,16,114,0,20,0
06-09 04:29:55,9.173,23.304,63.713,0,0,3229420,8743048,423656,3849684,60132.980,33079.089,3.967,2641.726,0.992,12.891,4569,2738,2.750,2.260,1.550,3,0,121.972,0,0,16,116,0,20,0
06-09 04:29:56,25.170,28.694,45.307,0,0,3310756,8661652,423696,3849716,61233.303,33444.283,0,1127.630,0,127.865,5639,3574,2.750,2.260,1.550,2,0,112.763,0,0,16,116,0,20,0
06-09 04:29:57,9.528,23.820,65.441,0,0,3305872,8666512,423712,3849724,46461.594,24874.594,0,116.340,0,9.026,4737,2951,2.750,2.260,1.550,1,0,126.369,0,0,16,116,0,20,0
06-09 04:29:58,11.494,16.991,69.463,0,0,3321960,8650416,423712,3849732,60780.280,32092.723,0,59.968,0,4.997,3734,2358,2.610,2.240,1.540,1,0,72.961,0,0,16,116,0,20,0
06-09 04:29:59,22.438,5.546,71.600,0,0,3358704,8613624,423748,3849744,44630.112,22073.027,0,1085.096,0,33.279,2773,1877,2.610,2.240,1.540,1,0,0,0,0,16,116,0,20,0
06-09 04:30:00,22.224,4.692,71.362,0.247,0,3384652,8587456,423832,3849876,26970.575,440689.273,0,312.118,0,35.558,3107,2256,2.610,2.240,1.540,1,0,2.963,0,0,16,119,0,20,0
06-09 04:30:01,19.822,5.018,74.522,0,0,3384624,8587456,423856,3849880,36896.543,140826.522,0,188.688,0,11.040,2858,2113,2.610,2.240,1.540,1,0,2.007,0,0,16,121,0,20,0
06-09 04:30:02,19.402,4.477,73.879,0.249,0,3385788,8586208,423912,3849896,19726.850,25431.179,0,262.680,0,22.885,3249,2614,2.610,2.240,1.540,1,0,2.985,0,0,16,123,0,20,0
06-09 04:30:03,16.061,11.042,72.526,0,0,3354780,8617184,423928,3849908,30078.335,12539.666,0,156.595,0,8.031,3063,1765,2.400,2.200,1.540,1,0,60.229,0,0,16,122,0,21,0
06-09 04:30:04,19.512,7.755,71.796,0.250,0,3395168,8576760,423960,3849908,44862.605,22904.604,0,540.345,0,19.012,2452,1526,2.400,2.200,1.540,2,0,5.003,0,0,16,122,0,21,0
06-09 04:30:05,25.464,5.492,67.406,0,0,3424240,8547660,423968,3849928,30175.844,15902.784,0,43.939,0,3.994,2679,1891,2.400,2.200,1.540,2,0,2.996,0,0,16,123,0,21,0
06-09 04:30:06,30.012,7.753,61.025,0,0,3423360,8548168,424076,3850176,35600.593,20139.255,0,812.333,0,63.026,4398,4189,2.400,2.200,1.540,1,0,6.002,0,0,16,125,0,21,0
06-09 04:30:07,19.025,7.009,73.346,0,0,3420816,8550696,424076,3850192,16035.988,8671.349,0,4.005,0,1.001,2510,1675,2.400,2.200,1.540,1,0,6.008,0,0,16,127,0,21,0
06-09 04:30:08,22.476,4.745,71.175,0,0,3420084,8551000,424200,3850444,15297.976,7516.127,0,451.527,0,42.955,3194,2674,2.290,2.180,1.530,1,0,2.997,0,0,16,127,0,21,0
06-09 04:30:09,26.697,9.731,60.381,0.250,0,3420376,8549944,424976,3850412,15482.500,7281.655,0,5129.894,0,431.151,6930,7672,2.290,2.180,1.530,2,0,4.990,0,0,16,130,0,19,0
06-09 04:30:10,30.045,16.024,53.080,0,0,3449860,8520180,425100,3850540,15134.895,7631.545,0,636.964,0,60.091,5372,13824,2.290,2.180,1.530,2,0,36.055,0,0,16,130,0,20,0
06-09 04:30:11,35.039,5.756,56.813,0,0,3444228,8525620,425212,3850600,539.597,0,0,692.767,0,70.078,4954,4485,2.290,2.180,1.530,3,0,1.001,0,0,16,132,0,21,0
06-09 04:30:12,20.264,10.257,67.797,0,0,3377536,8592164,425336,3850624,16170.210,8725.049,0,888.616,0,88.061,5097,4895,2.290,2.180,1.530,2,0,48.033,0,0,16,131,0,22,0
06-09 04:30:13,13.000,14.999,69.997,0,0,3382848,8586824,425360,3850624,1000.962,0,0,291.989,0,13.999,3357,2093,2.190,2.160,1.530,1,0,64.998,0,0,16,131,0,21,0
06-09 04:30:14,23.371,6.283,70.615,0,0,3419144,8550428,425456,3850628,45813.020,26068.871,0,4310.300,0,495.564,3534,2037,2.190,2.160,1.530,2,0,0,0,0,16,131,0,21,0
06-09 04:30:15,12.688,2.985,82.347,0.249,0,3429036,8540504,425484,3850632,35737.243,20546.526,0,195.046,0,18.908,2669,2153,2.190,2.160,1.530,3,0,1.990,0,0,16,132,0,21,0
06-09 04:30:16,21.974,6.243,70.667,0,0,3431640,8537724,425520,3850768,30478.213,15717.545,0,267.686,0,20.975,2735,1843,2.190,2.160,1.530,2,0,0.999,0,0,16,134,0,21,0
06-09 04:30:17,17.225,4.993,76.638,0.250,0,3431784,8537472,425628,3850768,17298.774,9483.171,0,535.220,0,60.911,3591,3271,2.190,2.160,1.530,1,0,0,0,0,16,134,0,21,0
06-09 04:30:18,19.755,7.752,70.269,0,0,3434504,8534700,425656,3850788,16029.306,7297.960,0,532.143,0,17.005,3544,2830,2.090,2.140,1.530,2,0,3.001,0,0,16,134,0,21,0
06-09 04:30:19,28.067,10.024,61.146,0,0,3445404,8523640,425780,3850792,16917.415,8510.331,0,769.839,0,83.199,4758,4389,2.090,2.140,1.530,3,0,4.010,0,0,16,133,0,22,0
06-09 04:30:20,32.962,20.476,44.449,0,0,3428276,8540712,425796,3850824,16012.466,8827.782,0,271.686,0,13.984,4462,2332,2.090,2.140,1.530,3,0,90.895,0,0,16,133,0,22,0
06-09 04:30:21,38.972,13.240,46.966,0,0,3477860,8491096,425820,3850832,59910.007,28177.779,0,251.819,0,11.991,3700,1945,2.090,2.140,1.530,6,0,5.996,0,0,16,133,0,22,0
06-09 04:30:22,39.949,7.990,51.434,0,0,3519252,8449600,425916,3850840,43975.413,581232.082,0,1426.165,0,74.904,3917,2595,2.090,2.140,1.530,2,0,0.999,0,0,16,134,0,22,0
06-09 04:30:23,22.757,6.252,69.773,0,0,3532584,8436244,425936,3850844,20162.599,11726.838,0,124.041,0,13.004,2548,1600,1.920,2.110,1.520,0,0,0,0,0,16,134,0,22,0
06-09 04:30:24,15.514,8.508,74.568,0,0,3498752,8470068,425936,3850852,35083.984,24935.732,0,12.011,0,3.003,2942,1764,1.920,2.110,1.520,2,0,41.037,0,0,16,133,0,23,0
06-09 04:30:25,18.475,9.487,70.654,0,0,3536288,8432520,425936,3850864,45271.731,26356.330,0,3.995,0,0.999,2735,1639,1.920,2.110,1.520,2,0,15.978,0,0,16,133,0,23,0
06-09 04:30:26,21.807,5.765,71.688,0,0,3569184,8399612,425944,3850864,31889.693,14848.971,0,709.863,0,64.168,2475,1352,1.920,2.110,1.520,0,0,0,0,0,16,133,1,23,0
06-09 04:30:27,13.332,3.522,83.009,0,0,3565060,8403732,425944,3850868,36218.097,20494.678,0,0,0,0,2056,1355,1.920,2.110,1.520,1,0,2.012,0,0,16,134,0,23,0
06-09 04:30:28,18.594,2.231,76.854,0,0,3560116,8408672,425944,3850872,34160.087,25496.850,0,3.967,0,0.992,2168,1340,1.850,2.090,1.520,1,0,0.992,0,0,16,133,0,24,0
06-09 04:30:29,14.127,15.389,69.122,0,0,3563044,8405720,425980,3850860,31105.023,19204.892,0,1493.445,0,275.480,3850,2440,1.850,2.090,1.520,1,0,51.463,0,0,16,133,0,24,0
06-09 04:30:30,21.553,5.450,70.604,0,0,3574848,8393848,426016,3850892,44316.808,22236.688,0,178.369,0,18.828,2742,1795,1.850,2.090,1.520,1,0,1.982,0,0,16,133,0,21,0
06-09 04:30:31,23.314,5.515,70.442,0.251,0,3606120,8362556,426032,3850896,15993.594,8944.380,0,112.306,0,8.022,2407,1388,1.850,2.090,1.520,0,0,2.005,0,0,16,136,0,21,0
06-09 04:30:32,13.744,3.748,81.217,0,0,3599272,8369384,426052,3850896,35026.935,20152.908,0,235.905,0,17.993,2340,1742,1.850,2.090,1.520,0,0,0,0,0,16,136,0,21,0
06-09 04:30:33,20.123,7.546,71.184,0,0,3589564,8378916,426184,3850936,16685.843,7929.398,0,656.004,0,72.442,3822,3613,1.780,2.070,1.510,3,0,2.012,0,0,16,136,0,21,0
06-09 04:30:34,18.249,8.499,71.994,0,0,3528760,8439664,426232,3850940,16982.699,8605.341,0,487.963,0,43.997,3194,2301,1.780,2.070,1.510,2,0,32.997,0,0,16,135,0,14,0
06-09 04:30:35,14.914,12.180,70.843,0,0,3527412,8441004,426236,3850944,838.183,0,0,226.697,0,12.926,2997,1849,1.780,2.070,1.510,2,0,48.720,0,0,16,135,0,14,0
06-09 04:30:36,22.237,6.746,70.458,0.250,0,3552936,8415276,426428,3850952,45246.830,23803.707,0,3142.113,0,162.902,2909,1980,1.780,2.070,1.510,4,0,1.999,0,0,16,135,0,14,0
06-09 04:30:37,13.248,3.000,82.488,0,0,3563952,8404096,426456,3851084,36358.907,20602.114,0,231.968,0,16.998,2132,1543,1.780,2.070,1.510,1,0,0,0,0,16,136,0,14,0
06-09 04:30:38,19.252,2.750,76.756,0,0,3561060,8406976,426456,3851096,48431.029,33069.751,0,8.001,0,1.000,2230,1420,1.720,2.050,1.510,2,0,1.000,0,0,16,135,0,13,0
06-09 04:30:39,15.527,14.776,68.620,0,0,3518952,8449072,426456,3851108,40808.241,461427.534,0,24.042,0,3.005,3750,2416,1.720,2.050,1.510,1,0,57.100,0,0,16,135,0,13,0
06-09 04:30:40,21.976,5.744,71.171,0,0,3563936,8404080,426460,3851108,47213.406,150406.454,0,79.911,0,3.996,2687,1581,1.720,2.050,1.510,2,0,0.999,0,0,16,135,0,13,0
06-09 04:30:41,12.256,3.502,83.794,0,0,3576072,8391940,426460,3851112,35936.746,20335.608,0,4.002,0,1.001,2045,1460,1.720,2.050,1.510,1,0,0,0,0,16,136,0,13,0
06-09 04:30:42,17.246,5.249,75.733,0,0,3573740,8394176,426532,3851136,16193.311,8385.090,0,659.850,0,76.982,3245,2867,1.720,2.050,1.510,1,0,2.000,0,0,16,136,0,12,0
06-09 04:30:43,24.125,8.456,64.664,0.249,0,3573024,8394552,426804,3851196,29831.889,14516.521,0,1627.538,0,204.934,6070,6698,1.660,2.030,1.510,1,0,0.995,0,0,16,137,0,12,0
06-09 04:30:44,23.794,7.764,66.873,0.250,0,3573384,8394000,426960,3851224,1153.115,0,0,1077.977,0,105.193,5077,5136,1.660,2.030,1.510,1,0,0,0,0,16,137,0,13,0
06-09 04:30:45,17.638,11.591,69.292,0,0,3525676,8441516,427020,3851356,17499.994,8929.906,0,2233.484,0,292.288,4641,3563,1.660,2.030,1.510,1,0,55.434,0,0,16,136,0,14,0
06-09 04:30:46,20.166,7.469,71.701,0,0,3556008,8411172,427028,3851360,44906.781,24075.627,0,474.024,0,25.892,2532,1601,1.660,2.030,1.510,1,0,0,0,0,16,136,0,11,0
06-09 04:30:47,22.362,5.528,71.106,0,0,3594736,8372340,427128,3851360,30204.291,15791.096,0,2914.599,0,143.720,2619,1685,1.660,2.030,1.510,1,0,0,0,0,16,136,0,11,0
06-09 04:30:48,12.192,3.981,82.109,0,0,3591468,8375604,427136,3851356,36389.541,20387.817,0,179.146,0,14.929,2305,1670,1.770,2.050,1.520,1,0,2.986,0,0,16,137,0,11,0
06-09 04:30:49,12.485,2.747,83.402,0,0,3588252,8378804,427136,3851372,20388.028,11843.075,0,0,0,0,2214,1659,1.770,2.050,1.520,1,0,0,0,0,16,137,0,11,0
06-09 04:30:50,21.999,8.250,67.746,0,0,3585912,8381080,427176,3851392,15682.146,7295.603,0,511.972,0,47.997,3996,3527,1.770,2.050,1.520,1,0,1.000,0,0,16,139,0,11,0
06-09 04:30:51,23.726,7.742,66.432,0,0,3584316,8382600,427260,3851384,15523.020,7288.497,0,795.181,0,90.906,5596,5988,1.770,2.050,1.520,1,0,1.998,0,0,16,139,0,11,0
06-09 04:30:52,16.525,11.517,69.856,0.250,0,3584468,8382376,427292,3851420,15411.365,7455.303,0,388.589,0,31.047,3933,3471,1.770,2.050,1.520,1,0,0,0,0,16,139,0,11,0
06-09 04:30:53,25.461,5.741,67.646,0,0,3584364,8382376,427348,3851468,1346.938,0,0,567.132,0,51.921,4721,4945,1.710,2.030,1.510,2,0,0,0,0,16,139,0,11,0
06-09 04:30:54,32.959,6.443,57.244,0,0,3584100,8382376,427420,3851656,15859.905,8251.115,0,626.466,0,63.440,6768,7506,1.710,2.030,1.510,3,0,1.982,0,0,16,138,0,12,0
06-09 04:30:55,27.232,15.633,56.733,0,0,3507020,8459340,427464,3851724,1080.194,66.567,0,528.498,0,43.369,4914,3798,1.710,2.030,1.510,1,0,77.661,0,0,16,138,0,12,0
06-09 04:30:56,21.411,6.549,71.285,0,0,3546080,8420280,427476,3851712,45187.087,24546.196,0,1160.710,0,191.437,2812,1539,1.710,2.030,1.510,1,0,0,0,0,16,138,0,12,0
06-09 04:30:57,18.391,4.722,75.552,0.249,0,3577440,8388792,427592,3851724,31138.406,16935.603,0,4028.121,0,191.863,2785,2102,1.710,2.030,1.510,0,0,1.988,0,0,16,139,0,12,0
06-09 04:30:58,17.012,4.753,77.553,0,0,3577332,8388792,427596,3851828,34777.745,18821.851,0,136.093,0,17.012,2652,1960,1.650,2.020,1.510,1,0,1.001,0,0,16,139,0,12,0
06-09 04:30:59,16.463,4.739,77.577,0.249,0,3577160,8388792,427732,3851860,18090.597,10283.034,0,2143.213,0,170.619,4237,4395,1.650,2.020,1.510,2,0,0,0,0,16,139,0,12,0
06-09 04:31:00,15.729,14.980,67.159,0.250,0,3538752,8427128,427780,3851880,43567.659,459365.327,0,535.271,0,50.931,4572,3256,1.650,2.020,1.510,2,0,84.884,0,0,16,138,0,13,0
06-09 04:31:01,13.504,16.255,69.022,0,0,3547388,8418476,427796,3851880,52822.025,157618.803,0,232.075,0,12.004,3508,2287,1.650,2.020,1.510,2,0,65.021,0,0,16,138,0,13,0
06-09 04:31:02,22.072,5.518,71.733,0,0,3582180,8383628,427840,3851892,41951.368,22204.177,0,1232.005,0,84.274,2546,1579,1.650,2.020,1.510,1,0,0,0,0,16,138,0,13,0
06-09 04:31:03,13.450,2.740,82.192,0,0,3599156,8366632,427860,3851892,36129.798,20247.233,0,115.568,0,11.955,2250,1634,1.600,2,1.510,1,0,1.993,0,0,16,139,0,13,0
06-09 04:31:04,18.311,4.013,77.006,0,0,3595944,8369836,427860,3851900,17977.860,9726.385,0,76.254,0,2.007,2394,1650,1.600,2,1.510,1,0,0,0,0,16,139,0,13,0
06-09 04:31:05,13.965,2.743,81.047,0,0,3593616,8372156,427860,3851908,19980.880,11053.274,0,11.970,0,1.995,2516,1930,1.600,2,1.510,1,0,0,0,0,16,139,0,13,0
06-09 04:31:06,21.029,9.013,68.346,0,0,3593112,8372616,427904,3851908,15377.566,7468.474,0,516.725,0,52.073,4500,4095,1.600,2,1.510,1,0,2.003,0,0,16,139,0,13,0
06-09 04:31:07,26.608,9.201,62.167,0,0,3590884,8374652,428012,3851984,842.494,147.213,0,907.148,0,99.468,5001,4954,1.600,2,1.510,2,0,2.984,0,0,16,139,0,12,0
06-09 04:31:08,18.812,11.789,67.723,0,0,3591120,8374400,428024,3851984,15695.594,7645.131,0,329.082,0,14.046,3470,2720,1.550,1.980,1.500,1,0,6.020,0,0,16,139,0,12,0
06-09 04:31:09,31.350,17.556,49.158,0,0,3591056,8374400,428052,3852020,15678.255,7807.024,0,698.238,0,60.193,6002,5833,1.550,1.980,1.500,1,0,4.013,0,0,16,141,0,12,0
06-09 04:31:10,38.536,13.923,44.751,0,0,3527972,8437400,428144,3852204,2650.281,1579.229,0,1070.057,0,114.365,7923,8981,1.550,1.980,1.500,3,0,51.713,0,0,16,140,0,13,0
06-09 04:31:11,40.079,30.560,27.053,0.250,0,3512468,8452560,428220,3852268,34755.475,17985.435,0,2577.077,0,394.778,7546,20889,1.550,1.980,1.500,5,0,138.272,0,0,16,140,0,13,0
06-09 04:31:12,23.524,26.277,48.549,0,0,3510868,8454068,428276,3852284,57586.139,34258.587,0,780.788,0,62.063,5954,5005,1.550,1.980,1.500,2,0,136.137,0,0,16,140,0,13,0
06-09 04:31:13,19.494,8.248,71.479,0,0,3546888,8418032,428288,3852288,44883.929,22609.416,0,391.886,0,18.994,2727,1695,1.500,1.970,1.500,1,0,0,0,0,16,140,0,13,0
06-09 04:31:14,20.925,5.042,73.617,0,0,3585660,8379224,428320,3852292,30457.069,15561.322,0,544.561,0,36.304,2799,1899,1.500,1.970,1.500,2,0,0,0,0,16,141,0,13,0
06-09 04:31:15,13.236,3.746,81.913,0,0,3585652,8379224,428324,3852296,21027.734,13167.057,0,383.594,0,26.971,2322,1826,1.500,1.970,1.500,0,0,1.998,0,0,16,141,0,11,0
06-09 04:31:16,15.423,10.945,70.894,0.249,0,3557408,8407456,428332,3852300,17060.307,8221.703,0,282.581,0,13.930,3231,2133,1.500,1.970,1.500,1,0,52.735,0,0,16,140,0,12,0
06-09 04:31:17,6.487,23.454,68.116,0,0,3555980,8408872,428332,3852312,61538.067,34051.084,0,287.435,0,16.967,4628,2840,1.500,1.970,1.500,3,0,130.743,0,0,16,140,0,12,0
06-09 04:31:18,8.530,22.831,66.989,0,0,3534380,8430464,428340,3852312,76138.346,603107.387,0,252.901,0,13.046,5190,3164,1.460,1.950,1.500,1,0,129.461,0,0,16,140,0,12,0
06-09 04:31:19,7.451,24.091,66.064,0,0,3523208,8441584,428376,3852328,45435.126,23345.916,0,1100.735,0,57.620,4438,2787,1.460,1.950,1.500,2,0,117.226,0,0,16,140,0,12,0
06-09 04:31:20,7.290,24.384,66.365,0,0,3523028,8441732,428392,3852340,61402.082,31533.625,0,635.499,0,39.216,4627,2980,1.460,1.950,1.500,2,0,118.653,0,0,16,140,0,12,0
06-09 04:31:21,10.869,23.221,63.240,0,0,3524672,8439988,428392,3852832,59994.811,30637.708,0,11.857,0,2.964,5283,4672,1.460,1.950,1.500,7,0,107.705,0,0,16,140,0,12,0
06-09 04:31:22,19.939,25.492,53.509,0,0,3517456,8447084,428612,3852804,45701.316,23210.578,0,3997.994,0,188.794,5647,5925,1.460,1.950,1.500,1,0,101.969,0,0,16,140,0,12,0
06-09 04:31:23,16.266,18.268,64.565,0,0,3505836,8458516,428620,3852440,45311.845,22204.466,0,36.036,0,4.004,3159,2121,1.590,1.970,1.510,1,0,29.029,0,0,16,140,0,11,0
06-09 04:31:24,26.756,26.756,46.192,0,0,3535496,8428832,428648,3852452,46774.017,25817.286,0,141.354,0,12.116,4869,2605,1.590,1.970,1.510,2,0,117.122,0,0,16,140,0,11,0
06-09 04:31:25,26.648,25.414,44.660,0,0,3586880,8377432,428652,3852464,60242.086,34387.673,0,43.426,0,3.948,4950,2693,1.590,1.970,1.510,2,0,128.305,0,0,16,140,0,11,0
06-09 04:31:26,31.327,26.315,40.600,0,0,3611136,8353008,428676,3852612,71119.564,467223.374,0,144.356,0,17.042,5264,3176,1.590,1.970,1.510,3,0,126.312,0,0,16,142,0,11,0
06-09 04:31:27,30.525,28.023,40.283,0.250,0,3620444,8343248,428716,3852988,48866.065,144932.830,0,2466.022,0,357.293,6227,4496,1.590,1.970,1.510,1,0,126.103,0,0,16,146,0,10,0
06-09 04:31:28,9.213,24.650,62.248,0,0,3618364,8345280,428716,3853032,61065.771,31701.654,0,15.935,0,3.984,4662,3220,1.620,1.970,1.510,5,0,113.540,0,0,16,146,0,10,0
06-09 04:31:29,35.196,35.448,28.408,0.251,0,3661012,8299812,428756,3855720,45630.488,23362.295,0,937.227,0,50.280,8067,9881,1.620,1.970,1.510,2,0,123.690,0,0,16,152,0,10,0
06-09 04:31:30,16.258,27.514,53.778,0,0,3663204,8297572,428780,3856200,60350.297,30487.810,0,272.141,0,21.011,5594,5593,1.620,1.970,1.510,1,0,107.056,0,0,16,152,0,10,0
06-09 04:31:31,19.501,21.751,57.253,0,0,3653276,8307452,428784,3856212,45714.211,22565.091,0,172.008,0,7.000,4501,4072,1.620,1.970,1.510,1,0,72.003,0,0,16,152,0,9,0
06-09 04:31:32,26.096,21.622,50.452,0,0,3689024,8271684,428788,3856184,45227.569,23413.555,0,477.178,0,23.859,4373,2968,1.620,1.970,1.510,3,0,51.694,0,0,18,152,0,9,0
06-09 04:31:33,48.824,30.546,20.281,0,0,3765340,8195340,428804,3856204,61340.944,34352.050,0,520.789,0,85.129,5386,2873,1.730,1.990,1.520,3,0,128.194,0,0,18,152,0,9,0
06-09 04:31:34,47.229,32.315,18.892,0,0,3833608,8127052,428812,3856216,52199.650,25811.976,0,334.084,0,24.857,5342,3112,1.730,1.990,1.520,4,0,136.219,0,0,18,152,0,9,0
06-09 04:31:35,54.645,26.570,18.298,0,0,3876104,8084524,428812,3856228,64110.822,459455.044,0,4.011,0,1.003,5654,3476,1.730,1.990,1.520,7,0,133.353,0,0,18,160,0,8,0
06-09 04:31:36,44.813,28.879,23.651,0,0,3895136,8063676,428832,3857976,63557.595,158213.329,0,274.852,0,19.917,7633,9602,1.730,1.990,1.520,5,0,142.405,0,0,18,168,0,8,0
06-09 04:31:37,18.538,24.471,54.132,0,0,3899872,8058596,428836,3858280,45326.336,23056.674,0,296.612,0,18.785,4914,3522,1.730,1.990,1.520,4,0,118.645,0,0,18,174,0,8,0
06-09 04:31:38,8.936,25.532,65.106,0,0,3906860,8051580,428860,3858284,64774.521,34208.709,0,433.022,0,29.617,4891,3247,1.750,1.990,1.520,1,0,124.596,0,0,18,174,0,8,0
06-09 04:31:39,18.193,21.184,58.567,0,0,3896296,8062124,428868,3858772,45447.759,22722.883,0,470.527,0,33.894,5176,5242,1.750,1.990,1.520,1,0,81.744,0,0,18,174,0,7,0
06-09 04:31:40,19.730,23.477,55.195,0,0,3903896,8054428,428876,3858776,48694.796,23175.058,0,111.889,0,6.993,4875,5239,1.750,1.990,1.520,2,0,72.928,0,0,18,174,0,7,0
06-09 04:31:41,24.872,24.872,48.990,0,0,3945008,8013224,428876,3858304,57584.611,32637.610,0,40.197,0,4.020,5080,3000,1.750,1.990,1.520,3,0,109.536,0,0,18,174,0,7,0
06-09 04:31:42,29.992,29.992,37.924,0,0,3990336,7967872,428876,3858328,61064.445,31679.864,0,8562.447,0,463.023,9372,2797,1.750,1.990,1.520,3,0,132.859,0,0,18,174,0,7,0
06-09 04:31:43,29.941,25.160,45.792,0,0,4031292,7926908,428876,3858336,46325.423,27161.211,0,0,0,0,5048,2649,1.770,1.990,1.520,3,0,121.777,0,0,18,174,0,7,0
06-09 04:31:44,18.723,25.963,52.674,0,0,4040536,7917576,428908,3858388,74869.122,576683.067,0,519.252,0,32.953,5416,3614,1.770,1.990,1.520,1,0,152.780,0,0,19,178,0,7,0
06-09 04:31:45,10.894,23.814,64.350,0,0,4041272,7916820,428916,3858400,53366.535,28804.269,0,226.997,0,23.308,4906,3234,1.770,1.990,1.520,2,0,138.833,0,0,19,180,0,7,0
06-09 04:31:46,29.613,23.392,44.544,0.249,0,4043940,7914128,428928,3858412,54240.157,30705.995,0,2257.560,0,37.825,4970,3170,1.770,1.990,1.520,1,0,132.388,0,0,19,194,0,7,0
06-09 04:31:47,8.202,24.607,65.122,0,0,4044640,7913404,428940,3858424,64004.730,31457.525,0,2390.136,0,430.503,5055,2642,1.770,1.990,1.520,1,0,113.343,0,0,19,194,0,7,0
06-09 04:31:48,7.749,23.498,66.243,0,0,4048780,7909256,428944,3858428,46384.243,22919.649,0,111.989,0,8.999,4520,2652,1.790,1.990,1.530,2,0,114.988,0,0,19,194,0,5,0
06-09 04:31:49,12.326,29.432,57.354,0,0,4059700,7898300,428972,3858824,61157.302,31148.164,0,462.856,0,29.180,6088,5862,1.790,1.990,1.530,1,0,137.850,0,0,19,194,0,5,0
06-09 04:31:50,18.417,21.901,57.241,0,0,4054232,7903800,428972,3858900,46209.638,22675.265,0,0,0,0,4869,5000,1.790,1.990,1.530,3,0,73.666,0,0,19,194,0,5,0
06-09 04:31:51,18.190,16.446,64.788,0,0,4026724,7931324,428976,3858440,45243.655,22524.148,0,131.569,0,3.987,3576,2342,1.790,1.990,1.530,3,0,32.892,0,0,19,194,0,5,0
06-09 04:31:52,26.684,27.433,43.393,0,0,4067824,7890212,428976,3858448,71627.095,469670.562,0,3.990,0,0.998,5136,2867,1.790,1.990,1.530,4,0,120.704,0,0,19,194,0,5,0
06-09 04:31:53,27.540,27.290,44.315,0,0,4117540,7840492,428976,3858452,64358.622,155616.792,0,4.006,0,1.001,5106,2737,1.970,2.020,1.540,4,0,124.183,0,0,19,194,0,5,0
06-09 04:31:54,29.852,26.340,42.896,0,0,4140764,7816892,428984,3858820,61231.367,32637.062,0,148.505,0,7.024,5135,3104,1.970,2.020,1.540,3,0,128.437,0,0,19,196,0,5,0
06-09 04:31:55,20.242,24.490,53.728,0,0,4143000,7814640,428992,3858828,46911.103,24418.164,0,111.955,0,8.996,4847,3171,1.970,2.020,1.540,2,0,119.952,0,0,19,200,0,5,0
06-09 04:31:56,26.927,32.749,35.660,0,0,4157436,7797872,428992,3861144,59839.261,30495.521,0,11.644,0,2.911,7247,9153,1.970,2.020,1.540,4,0,117.410,0,0,19,202,0,4,0
06-09 04:31:57,26.586,30.458,44.654,0,0,4189804,7765180,429020,3861852,46637.444,23420.420,0,8726.388,0,598.829,6902,6807,1.970,2.020,1.540,1,0,106.344,0,0,19,206,0,4,0
06-09 04:31:58,18.554,22.018,56.158,0,0,4191740,7763208,429032,3861836,44741.564,22700.805,0,150.415,0,12.864,5111,5224,1.890,2,1.540,2,0,76.197,0,0,19,206,0,4,0
06-09 04:31:59,24.233,25.495,49.475,0,0,4226612,7728324,429096,3861320,61250.504,33295.912,0,634.092,0,51.495,5296,3630,1.890,2,1.540,3,0,99.960,0,0,19,206,0,4,0
06-09 04:32:00,27.206,29.203,42.182,0,0,4261800,7693056,429116,3861380,46772.598,29139.025,0,159.742,0,13.977,5280,3176,1.890,2,1.540,3,0,159.742,0,0,19,206,0,3,0
06-09 04:32:01,29.795,28.043,41.062,0,0,4301952,7652872,429116,3861412,76486.242,606682.023,0,4.006,0,1.002,5868,3480,1.890,2,1.540,3,0,145.221,0,0,19,206,0,3,0
06-09 04:32:02,39.958,37.194,20.356,0,0,4352108,7600048,429164,3864004,62703.440,32282.063,0,659.433,0,47.246,8388,10429,1.890,2,1.540,4,0,137.717,0,0,19,212,0,3,0
06-09 04:32:03,6.668,25.189,65.195,0,0,4363624,7588504,429180,3864000,46446.504,24527.152,0,189.658,0,11.854,4763,3033,1.820,1.990,1.530,2,0,156.073,0,0,19,212,0,3,0
06-09 04:32:04,7.541,26.144,65.360,0,0,4364612,7587496,429184,3864012,61642.187,31632.056,0,502.766,0,88.487,4835,2778,1.820,1.990,1.530,2,0,146.808,0,0,19,212,0,3,0
06-09 04:32:05,15.996,26.493,55.986,0,0,4357756,7594328,429204,3864016,61866.437,32009.948,0,431.891,0,23.994,4945,2926,1.820,1.990,1.530,1,0,144.964,0,0,19,218,0,3,0
06-09 04:32:06,7.479,23.184,67.309,0,0,4355364,7596664,429220,3864052,61887.550,34167.137,0,167.525,0,12.963,4616,2890,1.820,1.990,1.530,2,0,123.649,0,0,19,218,0,3,0
06-09 04:32:07,5.724,23.392,68.186,0,0,4361676,7590328,429228,3864064,45693.352,25930.459,0,39.816,0,4.977,4441,2728,1.820,1.990,1.530,1,0,126.417,0,0,19,218,0,3,0
06-09 04:32:08,9.587,28.510,61.056,0,0,4362784,7588828,429248,3864436,61726.314,31240.596,0,367.346,0,24.221,4851,3286,1.750,1.970,1.530,1,0,128.168,0,0,19,218,0,3,0
06-09 04:32:09,9.238,24.969,63.420,0,0,4360404,7591164,429272,3864452,57064.317,586299.506,0,479.398,0,30.961,5057,3252,1.750,1.970,1.530,1,0,120.848,0,0,19,218,0,3,0
06-09 04:32:10,9.653,23.760,63.856,0,0,4362532,7588884,429292,3864976,60290.541,30969.453,0,245.522,0,16.830,5108,4150,1.750,1.970,1.530,7,0,99.991,0,0,19,218,0,3,0
06-09 04:32:11,27.976,30.496,40.578,0,0,4376652,7574724,429304,3868284,45273.926,22882.951,0,274.216,0,19.155,5972,11092,1.750,1.970,1.530,6,0,107.872,0,0,20,219,0,3,0
06-09 04:32:12,25.747,25.997,47.245,0,0,4377292,7573956,429312,3864592,45142.042,22853.490,0,239.974,0,18.998,5404,5803,1.750,1.970,1.530,3,0,96.989,0,0,19,224,0,2,0
06-09 04:32:13,27.998,24.719,46.159,0,0,4417344,7533896,429312,3864604,62015.148,34156.458,0,0,0,0,4534,2535,1.770,1.970,1.530,2,0,94.840,0,0,19,224,0,2,0
06-09 04:32:14,44.325,8.765,46.579,0,0,4478868,7472364,429320,3864604,60169.304,30439.756,0,292.497,0,21.036,3804,2121,1.770,1.970,1.530,3,0,1.002,0,0,19,224,0,2,0
06-09 04:32:15,45.457,10.681,41.979,0,0,4540656,7409868,429332,3865280,29891.312,14498.538,0,111.283,0,11.923,4361,3695,1.770,1.970,1.530,4,0,1.987,0,0,19,224,0,2,0
06-09 04:32:16,40.068,11.553,45.968,0.246,0,4606324,7343648,429340,3865812,29516.909,14640.953,39.331,2312.661,2.950,6.883,3363,1433,1.770,1.970,1.530,3,0,2.950,0,0,19,225,0,1,0
06-09 04:32:17,42.170,11.547,45.182,0,0,4642792,7306916,429352,3866036,26860.389,14878.037,0,441.783,0,17.069,4496,3248,1.770,1.970,1.530,3,0,40.162,0,0,19,230,0,1,0
06-09 04:32:18,20.064,35.614,43.138,0,0,4588764,7360880,429356,3866112,48919.513,24893.645,0,9498.389,0,642.054,6120,3343,1.950,2,1.550,9,0,140.449,0,0,19,228,0,1,0
06-09 04:32:19,36.189,54.786,4.272,3.016,0,4593392,7351636,430288,3869444,69169.952,595248.202,2971.506,2734.268,158.829,143.750,7675,7646,1.950,2,1.550,7,0,142.745,0,0,19,228,0,1,0
06-09 04:32:20,41.516,39.527,17.153,0,0,4615692,7326508,430308,3872096,50208.520,26864.323,35.798,361.956,8.949,32.815,8534,12115,1.950,2,1.550,4,0,112.366,0,0,19,228,0,1,0
06-09 04:32:21,37.485,29.183,31.699,0.252,0,4647292,7294584,430336,3872328,63271.880,38725.913,16.101,462.904,1.006,32.202,5890,4740,1.950,2,1.550,6,0,126.795,0,0,19,233,0,1,0
06-09 04:32:22,45.703,26.723,26.223,0,0,4655864,7285976,430360,3872336,51333.509,26326.080,3.996,1458.509,0.999,31.967,5574,3971,1.950,2,1.550,4,0,117.879,0,0,19,236,0,1,0
06-09 04:32:23,41.421,29.372,28.869,0,0,4592496,7348988,430568,3872480,61696.329,32360.925,0,9459.146,0,935.873,8100,7723,1.960,2,1.550,4,0,122.507,0,0,19,236,0,2,0
06-09 04:32:24,25.919,28.910,42.368,0,0,4635812,7305652,430580,3872484,48903.305,23400.933,0,398.755,0,21.932,4902,2872,1.960,2,1.550,4,0,123.614,0,0,19,236,0,2,0
06-09 04:32:25,31.380,30.376,36.903,0,0,4655364,7286012,430628,3872996,57126.923,31618.130,0,1674.947,0,85.354,5504,4874,1.960,2,1.550,2,0,130.541,0,0,19,237,0,2,0
06-09 04:32:26,33.660,21.037,43.560,0,0,4636992,7304288,430636,3872984,50032.198,27735.606,0,170.279,0,11.880,5094,4513,1.960,2,1.550,13,0,76.229,0,0,19,237,0,2,0
06-09 04:32:27,27.783,17.175,54.303,0,0,4642600,7298508,430644,3873100,50028.760,27771.978,0,133.359,0,12.124,4174,3134,1.960,2,1.550,4,0,23.237,0,0,19,239,0,2,0
06-09 04:32:28,68.864,29.154,1.759,0,0,4681492,7259548,430692,3873124,75851.101,589299.219,0,558.956,0,50.266,6063,4270,2.200,2.050,1.570,5,0,118.627,0,0,19,239,0,3,0
06-09 04:32:29,61.252,16.367,21.822,0,0,4752940,7188092,430708,3873116,44702.350,22562.456,0,269.805,0,19.839,4515,2348,2.200,2.050,1.570,4,0,0.992,0,0,19,239,0,3,0
06-09 04:32:30,55.811,12.263,29.532,1.752,0,4823428,7116592,430748,3874044,31488.540,16699.318,728.799,664.729,13.014,26.029,4456,2508,2.200,2.050,1.570,3,0,6.007,0,0,19,244,0,3,0
06-09 04:32:31,62.899,12.378,24.755,0,0,4844196,7093700,430808,3875788,34157.236,18578.586,0,0,0,0,4520,3045,2.200,2.050,1.570,2,0,1.010,0,0,19,248,0,3,0
06-09 04:32:32,35.297,16.291,45.170,0.247,0,4861172,7076564,430832,3875908,34840.709,21007.305,0,951.781,0,40.480,5628,4643,2.200,2.050,1.570,2,0,70.100,0,0,19,243,0,10,0
06-09 04:32:33,25.754,27.254,44.506,0,0,4809756,7127960,430836,3875924,61912.613,33550.667,0,340.047,0,25.003,5249,3134,2.180,2.050,1.570,3,0,126.018,0,0,19,242,0,11,0
06-09 04:32:34,27.921,26.924,44.125,0,0,4834120,7103580,430836,3875932,60425.722,33439.216,0,1288.348,0,144.590,5165,2795,2.180,2.050,1.570,5,0,124.647,0,0,19,242,0,11,0
06-09 04:32:35,22.068,26.080,50.655,0,0,4852800,7084744,430860,3876064,47946.067,26253.529,0,850.609,0,42.129,4686,2695,2.180,2.050,1.570,2,0,108.332,0,0,19,243,0,11,0
06-09 04:32:36,26.108,26.359,46.191,0,0,4857056,7080464,430872,3876076,65299.824,35240.617,0,224.929,0,15.062,5114,3140,2.180,2.050,1.570,3,0,118.490,0,0,19,243,0,11,0
06-09 04:32:37,21.026,28.199,48.730,0,0,4870272,7067168,430900,3876592,64839.784,35129.960,0,364.113,0,31.662,6170,6128,2.180,2.050,1.570,2,0,126.648,0,0,19,242,0,12,0
06-09 04:32:38,37.757,28.192,32.974,0,0,4827116,7110252,430912,3876592,54568.391,578736.870,0,241.645,0,21.144,5269,4828,2.170,2.050,1.570,2,0,85.582,0,0,19,242,0,12,0
06-09 04:32:39,40.912,23.699,34.426,0,0,4859004,7078324,430924,3876104,45739.520,24205.883,0,263.433,0,14.968,4565,2722,2.170,2.050,1.570,5,0,59.871,0,0,19,242,0,12,0
06-09 04:32:40,38.957,28.219,32.214,0,0,4910796,7026504,430928,3876124,66901.145,40274.539,0,359.603,0,19.978,5198,2984,2.170,2.050,1.570,5,0,127.859,0,0,19,243,0,12,0
06-09 04:32:41,36.372,28.596,34.114,0,0,4939260,6998028,430940,3876124,49775.998,30623.742,0,172.579,0,17.057,5208,3281,2.170,2.050,1.570,4,0,121.407,0,0,19,243,0,12,0
06-09 04:32:42,48.797,31.120,17.676,0,0,4907948,7029044,431000,3876352,61948.971,32547.434,0,1892.119,0,39.834,5423,3507,2.170,2.050,1.570,5,0,122.490,0,0,19,246,0,13,0
06-09 04:32:43,52.817,29.316,14.779,0,0,4944044,6992216,431024,3876984,47735.756,47449.867,0,430.288,0,26.166,6408,5456,2.400,2.100,1.590,6,0,111.448,0,0,19,248,0,15,0
06-09 04:32:44,27.361,27.361,46.462,0.258,0,4973976,6961556,431036,3878128,75517.490,368602.706,132.159,433.647,1.032,25.812,6703,6797,2.400,2.100,1.590,4,0,146.614,0,0,19,251,0,15,0
06-09 04:32:45,31.330,24.562,43.110,0,0,4968444,6967024,431048,3878124,47662.137,25851.704,0,585.488,0,21.054,5421,5415,2.400,2.100,1.590,5,0,74.189,0,0,19,252,0,15,0
06-09 04:32:46,32.386,21.591,44.186,0,0,4942388,6992996,431072,3877656,47447.340,25633.694,0,361.519,0,34.143,5041,4317,2.400,2.100,1.590,4,0,54.228,0,0,19,250,0,16,0
06-09 04:32:47,44.153,32.495,22.077,0,0,4976348,6959012,431080,3877676,40925.821,22015.228,0,190.505,0,8.930,5293,2987,2.400,2.100,1.590,3,0,140.894,0,0,19,250,0,16,0
06-09 04:32:48,52.437,27.703,17.809,0,0,5042252,6893064,431104,3877688,51500.230,31307.961,0,1488.028,0,30.671,5386,3148,2.440,2.120,1.600,3,0,115.758,0,0,19,252,0,16,0
06-09 04:32:49,41.066,28.823,31.119,0,0,5064784,6870444,431112,3877780,53935.024,30627.764,0,803.980,0,124.474,5549,3413,2.440,2.120,1.600,4,0,142.839,0,0,19,253,0,17,0
06-09 04:32:50,41.397,28.259,28.507,0,0,5065080,6868760,431136,3879112,67770.454,36824.634,0,606.820,0,35.695,6917,7276,2.440,2.120,1.600,6,0,124.933,0,0,19,260,0,19,0
06-09 04:32:51,26.882,28.641,43.213,0,0,5082400,6851468,431136,3879312,60770.008,31878.854,0,205.009,0,11.054,4797,2764,2.440,2.120,1.600,2,0,111.549,0,0,19,260,0,19,0
06-09 04:32:52,41.048,23.277,34.791,0,0,5112156,6821672,431148,3879512,44956.841,22726.712,0,857.007,0,34.040,5522,5541,2.440,2.120,1.600,2,0,81.095,0,0,19,260,0,19,0
06-09 04:32:53,29.881,20.590,48.212,0,0,5118100,6815712,431156,3879124,51022.116,28080.344,0,216.953,0,14.062,5022,4675,2.650,2.160,1.620,2,0,80.353,0,0,19,261,0,19,0
06-09 04:32:54,41.629,29.913,27.670,0,0,5119836,6813952,431160,3879140,63214.438,34960.482,0,9137.467,0,749.823,6292,3128,2.650,2.160,1.620,6,0,120.650,0,0,19,264,0,19,0
06-09 04:32:55,50.110,18.541,29.565,0,0,5076712,6856992,431216,3879168,48328.536,26337.058,0,3199.052,0,178.393,5219,3622,2.650,2.160,1.620,3,0,53.117,0,0,19,262,0,20,0
06-09 04:32:56,61.645,16.406,20.383,0,0,5195780,6737728,431216,3879364,64920.486,763519.166,0,0,0,0,4766,2158,2.650,2.160,1.620,3,0,1.989,0,0,19,262,0,20,0
06-09 04:32:57,52.305,9.577,35.606,0,0,5263048,6670204,431232,3879576,21034.790,13680.717,0,282.887,0,18.663,4076,2198,2.650,2.160,1.620,6,0,3.929,0,0,19,266,0,21,0
06-09 04:32:58,50.954,17.834,30.318,0,0,5292592,6639740,431268,3880440,36515.757,22274.082,12.229,436.167,1.019,45.859,5525,6262,2.600,2.160,1.620,2,0,7.134,0,0,19,268,0,24,0
06-09 04:32:59,42.104,13.126,43.095,0,0,5322532,6609752,431292,3880464,22089.156,14209.300,887.648,1062.007,6.935,69.347,4696,3703,2.600,2.160,1.620,6,0,6.935,0,0,19,271,0,26,0
06-09 04:33:00,58.925,16.620,21.153,1.511,0,5340228,6591776,431444,3880588,16400.252,8867.941,737.316,503.631,36.261,44.320,4933,3217,2.600,2.160,1.620,2,1,14.102,0,0,19,272,0,27,0
06-09 04:33:01,38.231,36.232,19.990,4.248,0,5302636,6620904,435268,3883792,45348.253,23322.301,7100.438,946.525,142.928,36.981,5737,4445,2.600,2.160,1.620,4,0,118.940,0,0,19,272,0,27,0
06-09 04:33:02,29.844,33.857,34.108,0,0,5317996,6605380,435296,3883912,61295.362,33864.830,1171.696,1263.987,10.032,60.190,5325,3309,2.600,2.160,1.620,3,0,125.396,0,0,19,272,1,27,0
06-09 04:33:03,22.935,32.159,40.884,0,0,5307480,6615868,435300,3883928,52784.022,33206.648,510.549,179.490,3.989,12.963,5179,3313,2.790,2.210,1.640,4,0,127.637,0,0,19,273,0,27,0
06-09 04:33:04,33.618,35.112,28.886,0,0,5315512,6607688,435300,3884072,61802.001,31663.502,637.493,15.937,4.980,3.984,5239,3023,2.790,2.210,1.640,2,0,124.510,0,0,19,274,0,27,0
06-09 04:33:05,37.978,32.947,27.163,0,0,5292088,6631060,435324,3884076,51228.907,28417.245,515.086,1118.702,4.024,132.796,5736,3885,2.790,2.210,1.640,4,0,101.609,0,0,19,272,0,28,0
06-09 04:33:06,39.766,39.516,19.258,0,0,5256812,6666292,435324,3884104,71170.792,504051.911,512.207,164.066,4.002,9.004,5516,3516,2.790,2.210,1.640,3,0,125.051,0,0,19,272,0,28,0
06-09 04:33:07,41.674,32.796,21.453,0,0,5278420,6644616,435344,3884140,44692.911,23293.853,631.270,437.943,4.932,26.632,5441,3450,2.790,2.210,1.640,6,0,105.540,0,0,19,274,0,28,0
06-09 04:33:08,54.372,28.202,18.039,0,0,5309748,6612964,435372,3884664,48030.071,24606.519,520.343,264.237,4.065,31.505,5441,5109,2.810,2.220,1.650,3,0,94.515,0,0,19,279,0,28,0
06-09 04:33:09,44.129,30.915,23.436,0,0,5303940,6618840,435388,3884692,50641.346,28633.603,638.252,359.017,4.986,30.915,5343,5802,2.810,2.220,1.650,2,0,91.749,0,0,19,281,0,28,0
06-09 04:33:10,48.720,29.963,17.539,0,0,5316100,6606460,435428,3884692,48130.656,25467.007,498.895,623.618,3.898,49.695,6264,5139,2.810,2.220,1.650,5,0,66.259,0,0,20,281,0,29,0
06-09 04:33:11,69.910,31.871,0.771,0,0,5313344,6609152,435452,3884784,64050.832,34488.198,657.976,238.516,5.140,18.506,5470,3432,2.810,2.220,1.650,5,0,110.005,0,0,20,284,0,29,0
06-09 04:33:12,71.910,17.915,9.206,0,0,5409920,6512532,435468,3884796,44513.336,22851.851,0,887.798,0,40.807,5383,14578,2.810,2.220,1.650,4,0,39.812,0,0,20,284,0,30,0
06-09 04:33:13,49.051,7.332,33.122,11.125,0,5446484,6473552,435508,3886968,35915.512,20458.856,2220.952,1585.817,110.239,17.193,4195,2607,2.820,2.240,1.650,3,0,0,0,0,20,285,0,30,0
06-09 04:33:14,58.784,8.433,30.508,0.992,0,5457992,6460700,435580,3888056,33003.402,18788.078,1063.570,6627.468,86.316,733.188,5649,2966,2.820,2.240,1.650,2,0,1.984,0,0,20,285,0,29,0
06-09 04:33:15,60.310,12.313,27.391,0,0,5455852,6461928,435644,3888768,16931.984,8580.078,0,960.937,0,55.284,5030,3289,2.820,2.240,1.650,2,0,43.222,0,0,20,288,0,30,0
06-09 04:33:16,26.408,16.941,53.315,0,0,5450132,6466600,435664,3889772,46432.869,24760.078,0,426.520,0,39.862,6046,6505,2.820,2.240,1.650,3,0,78.727,0,0,20,285,0,31,0
06-09 04:33:17,14.744,24.989,54.727,0,0,5447008,6469656,435680,3889820,45579.470,24811.369,0,319.863,0,19.991,5474,4365,2.820,2.240,1.650,1,0,135.942,0,0,20,285,0,31,0
06-09 04:33:18,5.754,3.002,89.819,0,0,5445248,6471404,435688,3889824,79284.953,625581.936,0,288.222,0,21.016,2683,2214,2.600,2.200,1.640,0,0,3.002,0,0,20,286,1,31,0
06-09 04:33:19,2.001,1.751,93.568,0,0,5441668,6474936,435692,3889868,97371.279,24622.772,0,196.142,0,12.009,1792,1527,2.600,2.200,1.640,1,0,1.001,0,0,20,286,0,31,0
06-09 04:33:20,2.751,3.251,88.024,0.250,0,5433160,6480724,435716,3892496,3007316.919,79557.267,0,704.188,0,30.008,5742,3902,2.600,2.200,1.640,1,0,0,0,0,20,286,0,31,0
06-09 04:33:21,2.744,2.494,88.553,0.748,0,5429808,6481748,435732,3894748,2314684.653,65649.754,0,115.742,0,11.973,5000,3274,2.600,2.200,1.640,2,0,1.996,0,0,20,286,0,31,0
06-09 04:33:22,10.013,5.007,82.609,0,0,5429736,6477160,435744,3899268,4928197.400,113830.630,0,104.138,0,14.019,7150,5264,2.600,2.200,1.640,0,0,2.003,0,0,20,290,0,31,0
06-09 04:33:23,8.009,6.757,81.589,0,0,5417792,6482264,435748,3905920,6954512.742,148024.587,0,44.048,0,5.005,9107,6918,2.470,2.180,1.640,1,0,11.012,0,0,20,289,0,31,0
06-09 04:33:24,6.495,20.734,66.699,4.247,0,5425240,6472456,435772,3908236,60779.622,34125.960,2298.246,4836.310,26.979,569.565,5414,3132,2.470,2.180,1.640,1,0,121.907,0,0,20,289,0,31,0
06-09 04:33:25,8.194,20.610,68.286,0,0,5428252,6469436,435788,3908228,60798.460,34574.828,0,150.973,0,19.865,4550,3066,2.470,2.180,1.640,2,0,125.149,0,0,20,289,0,31,0
06-09 04:33:26,24.612,9.292,64.042,0,0,5455944,6441724,435796,3908240,44579.555,22771.979,0,68.312,0,6.028,2948,1897,2.470,2.180,1.640,2,0,2.009,0,0,20,293,0,30,0
06-09 04:33:27,23.187,5.735,69.562,0.249,0,5500024,6397624,435812,3908244,29722.751,15316.646,0,163.558,0,14.960,2868,1882,2.470,2.180,1.640,1,0,1.995,0,0,20,294,0,30,0
06-09 04:33:28,13.338,4.278,80.277,0,0,5500464,6397160,435824,3908252,20837.778,13247.959,0,261.718,0,22.145,2568,2107,2.350,2.160,1.640,1,0,0,0,0,20,294,0,30,0
06-09 04:33:29,16.432,3.735,78.176,0.249,0,5500440,6397160,435844,3908260,18888.673,11129.847,0,314.695,0,34.855,3414,3187,2.350,2.160,1.640,2,0,0.996,0,0,20,298,0,31,1
06-09 04:33:30,26.265,7.004,65.286,0,0,5501364,6396152,435876,3908308,26252.644,435202.753,0,452.252,0,48.027,5458,5278,2.350,2.160,1.640,1,0,2.001,0,0,20,299,0,30,0
06-09 04:33:31,2.498,2.248,92.164,0,0,5501824,6395692,435880,3908304,163377.225,5080209.551,0,223.792,0,14.986,3565,1856,2.350,2.160,1.640,0,0,1.998,0,0,20,297,0,31,0
06-09 04:33:32,2.507,2.006,91.510,0,0,5499792,6397716,435884,3908308,396151.818,11535121.500,0,180.513,0,9.026,4234,1453,2.350,2.160,1.640,1,0,0,0,0,20,297,0,31,0
06-09 04:33:33,14.728,3.245,79.880,0,0,5494996,6402488,435892,3908324,874154.009,35892.131,0,766.849,0,36.945,4501,3373,2.240,2.140,1.630,1,0,1.997,0,0,20,302,0,31,0
06-09 04:33:34,28.041,6.509,63.091,0,0,5498476,6398968,436032,3908224,2565312.312,60741.901,0,2331.374,0,144.209,8636,6646,2.240,2.140,1.630,2,0,1.001,0,0,20,303,0,23,0
06-09 04:33:35,8.210,5.225,83.593,0,0,5486744,6405540,436036,3913272,1944073.787,40662.027,0,171.167,0,10.947,5389,4037,2.240,2.140,1.630,1,0,0,0,0,20,302,0,23,0
06-09 04:33:36,8.793,10.301,75.875,0,0,5485344,6401024,436036,3919000,6122584.428,121218.440,0,719.552,0,104.516,11279,6742,2.240,2.140,1.630,0,0,2.010,0,0,20,302,0,23,0
06-09 04:33:37,9.751,9.501,76.511,0.250,0,5486696,6394324,436052,3924244,5648392.106,106455.098,0,340.048,0,30.004,10934,7847,2.240,2.140,1.630,0,0,0,0,0,20,300,0,25,0
06-09 04:33:38,15.760,14.008,69.042,0,0,5419692,6461112,436088,3924356,48186.236,33426.280,0,320.194,0,30.018,4127,2841,2.140,2.120,1.630,1,0,82.050,0,0,20,299,0,27,0
06-09 04:33:39,7.236,25.950,64.874,0,0,5413672,6467088,436096,3924388,61204.546,43527.757,0,223.567,0,15.969,4937,3221,2.140,2.120,1.630,2,0,158.693,0,0,20,299,0,27,0
06-09 04:33:40,7.258,24.779,66.077,0,0,5421620,6459108,436116,3924400,61339.658,37205.464,0,500.585,0,30.035,5446,3739,2.140,2.120,1.630,1,0,227.265,0,0,20,299,0,27,0
06-09 04:33:41,19.701,8.230,70.825,0,0,5469232,6411480,436124,3924408,44824.518,22572.364,0,235.420,0,15.961,2880,1896,2.140,2.120,1.630,1,0,0,0,0,20,299,0,27,0
06-09 04:33:42,22.285,6.009,71.361,0,0,5490516,6390196,436124,3924408,29670.276,15189.691,0,28.044,0,3.005,2763,1619,2.140,2.120,1.630,1,0,14.022,0,0,20,299,0,26,0
06-09 04:33:43,6.759,22.280,69.094,0,0,5483640,6397064,436124,3924416,61082.375,34238.735,0,596.815,0,4.005,4799,3041,2.050,2.100,1.630,1,0,125.171,0,0,20,299,0,26,0
06-09 04:33:44,7.500,23.749,66.248,0,0,5466928,6413704,436172,3924440,61223.805,34130.776,0,903.968,0,64.998,5269,3804,2.050,2.100,1.630,3,0,129.995,0,0,20,299,0,26,0
06-09 04:33:45,9.002,23.506,65.516,0,0,5457504,6422980,436184,3924576,59125.277,588027.995,0,2120.512,0,405.098,5909,3533,2.050,2.100,1.630,2,0,121.029,0,0,20,299,0,26,0
06-09 04:33:46,5.743,25.220,66.671,0,0,5451276,6429188,436184,3924596,60819.861,37171.910,0,16296.670,0,16.980,4709,2918,2.050,2.100,1.630,1,0,132.842,0,0,20,299,0,23,0
06-09 04:33:47,7.499,23.996,66.738,0,0,5430528,6449912,436196,3924600,60927.714,33535.788,0,307.943,0,18.996,4886,3065,2.050,2.100,1.630,1,0,133.975,0,0,20,299,0,23,0
06-09 04:33:48,2.752,4.003,91.812,0,0,5430512,6449912,436208,3924604,45156.499,22969.514,0,360.243,0,34.023,2263,2103,1.890,2.060,1.620,0,0,18.012,0,0,20,299,0,23,0
06-09 04:33:49,17.491,7.746,73.464,0,0,5466764,6413656,436212,3924604,45207.596,22584.808,0,27.986,0,2.999,2774,1905,1.890,2.060,1.620,1,0,9.995,0,0,20,299,0,23,0
06-09 04:33:50,22.479,4.995,72.183,0,0,5508592,6371824,436212,3924608,29656.504,14718.354,0,0,0,0,2615,1629,1.890,2.060,1.620,0,0,0,0,0,20,299,1,23,0
06-09 04:33:51,13.766,4.755,79.591,0,0,5508812,6371600,436212,3924612,35618.814,20376.348,0,16042.382,0,28.032,2538,1655,1.890,2.060,1.620,2,0,2.002,0,0,20,300,0,20,0
06-09 04:33:52,19.621,2.515,77.476,0,0,5508788,6371612,436212,3924624,18480.578,10741.012,0,4.025,0,1.006,2603,1906,1.890,2.060,1.620,1,0,3.019,0,0,20,303,0,21,0
06-09 04:33:53,8.694,19.127,69.554,0,0,5479796,6400588,436212,3924636,45487.550,25184.636,0,3.975,0,0.994,4234,2653,1.820,2.050,1.610,1,0,104.332,0,0,20,303,0,21,0
06-09 04:33:54,3.754,5.255,70.572,20.020,0,5474816,6400956,436288,3928996,44709.445,23169.551,2286.324,560.570,50.051,41.042,2704,2373,1.820,2.050,1.610,1,1,8.008,0,0,20,303,0,21,0
06-09 04:33:55,1.999,3.249,70.972,21.991,0,5465620,6391380,436344,3947488,29731.324,15299.992,16605.479,131.948,192.924,11.995,2539,2010,1.820,2.050,1.610,0,1,0,0,0,20,303,0,21,0
06-09 04:33:56,1.750,3.750,71.757,22.002,0,5460544,6375688,436364,3968112,29626.774,14887.394,19509.827,36.003,207.019,4.000,2517,1880,1.820,2.050,1.610,2,1,0,0,0,20,303,0,21,0
06-09 04:33:57,3.000,4.250,69.258,22.252,0,5451608,6365020,436376,3987556,27750.093,460609.334,18214.030,0,199.022,0,3033,2217,1.820,2.050,1.610,0,1,2.000,0,0,20,303,0,21,0
06-09 04:33:58,2.522,3.026,71.119,21.941,0,5445336,6352016,436388,4006688,19717.730,147099.146,18283.236,290.530,194.696,22.193,2852,2340,1.750,2.030,1.610,0,1,1.009,0,0,20,303,0,21,0
06-09 04:33:59,1.982,3.469,70.117,22.547,0,5442416,6337540,436400,4023960,15374.251,7230.744,16082.856,190.283,175.417,22.794,2624,2283,1.750,2.030,1.610,1,1,0.991,0,0,20,303,0,16,0
06-09 04:34:00,2.502,3.253,70.307,22.018,0,5438156,6324384,436404,4041268,15004.062,7464.001,16229.047,92.074,160.129,12.010,2722,2384,1.750,2.030,1.610,0,1,2.002,0,0,20,303,0,16,0
06-09 04:34:01,0.999,3.497,71.683,22.729,0,5436204,6309512,436412,4057972,478.552,0,15845.166,39.963,159.850,2.997,2066,1806,1.750,2.030,1.610,0,1,0,0,0,20,303,0,16,0
06-09 04:34:02,5.001,8.251,69.512,16.003,0,5437472,6300212,436440,4065896,15054.600,7607.314,6153.063,604.104,69.012,49.008,3209,2632,1.750,2.030,1.610,0,1,16.003,0,0,20,303,0,16,0
06-09 04:34:03,1.501,3.253,71.318,22.772,0,5438028,6287112,436440,4078376,1210.162,0,12183.702,0,111.107,0,2192,1742,1.690,2.010,1.610,0,1,2.002,0,0,20,303,0,13,0
06-09 04:34:04,1.499,2.249,70.972,22.741,0,5438024,6277284,436444,4088172,45412.874,27774.914,9668.141,43.982,87.965,4.998,2199,1734,1.690,2.010,1.610,1,1,0,0,0,20,303,0,13,0
06-09 04:34:05,2.000,3.500,70.997,21.999,0,5437800,6259644,436444,4105940,30069.657,14591.348,16927.244,4.000,160.993,1.000,2518,1982,1.690,2.010,1.610,0,1,0,0,0,20,303,0,13,0
06-09 04:34:06,3.747,9.243,69.197,15.988,0,5439892,6245040,436444,4118388,30373.757,19283.244,11838.940,235.820,111.914,50.961,3071,2129,1.690,2.010,1.610,1,0,21.983,0,0,20,303,0,13,0
06-09 04:34:07,3.503,5.755,70.557,19.015,0,5440208,6227148,436444,4135876,60222.268,31325.107,17261.835,0,167.134,0,2940,2157,1.690,2.010,1.610,1,1,6.005,0,0,20,303,0,12,0
06-09 04:34:08,3.498,6.746,66.465,21.489,0,5439892,6207492,436456,4155732,30129.335,15202.096,19373.927,379.803,199.896,25.986,3347,2596,1.630,2,1.600,0,1,7.996,0,0,20,303,0,12,0
06-09 04:34:09,5.005,11.261,69.566,12.762,0,5438912,6196740,436460,4167396,30580.078,19542.583,11174.626,80.076,117.111,9.009,3353,2300,1.630,2,1.600,0,1,29.028,0,0,20,303,0,12,0
06-09 04:34:10,1.749,3.998,71.217,21.490,0,5423836,6193464,436460,4185648,44354.278,21877.779,17675.742,63.970,192.910,6.997,2840,2084,1.630,2,1.600,0,1,0,0,0,20,303,0,12,0
06-09 04:34:11,2.750,7.250,71.005,17.001,0,5424140,6178104,436460,4200636,29685.999,14820.998,14288.962,0,173.012,0,2891,2082,1.630,2,1.600,2,0,15.001,0,0,20,303,0,11,0
06-09 04:34:12,9.343,9.596,60.352,19.191,0,5454808,6132292,436460,4218136,47002.778,26304.344,14852.126,222.216,143.430,13.131,3650,6273,1.630,2,1.600,3,1,37.373,0,0,20,303,0,11,0
06-09 04:34:13,9.135,13.333,62.960,12.098,0,5429724,6144644,436460,4228376,30064.897,18681.676,12416.263,0,120.489,0,3873,8305,1.580,1.980,1.600,1,0,26.666,0,0,20,303,0,12,0
06-09 04:34:14,4.011,4.764,69.197,20.308,0,5421816,6135408,436472,4245440,58940.376,588370.830,16823.775,128.365,166.473,12.034,3379,2666,1.580,1.980,1.600,0,1,2.006,0,0,20,303,0,12,0
06-09 04:34:15,2.748,4.746,70.945,20.234,0,5422844,6117016,436472,4262724,29601.045,14646.642,16986.827,151.882,175.864,12.990,2983,2563,1.580,1.980,1.600,1,0,5.995,0,0,20,303,0,10,0
06-09 04:34:16,3.251,7.752,69.522,17.756,0,5421132,6107216,436472,4274196,60705.980,34038.642,10771.368,2156.674,119.037,461.144,3336,2119,1.580,1.980,1.600,1,0,12.004,0,0,20,303,0,10,0
06-09 04:34:17,2.493,3.490,70.303,22.437,0,5420988,6094616,436480,4286884,29660.891,14926.177,12098.102,279.218,127.642,15.955,2615,1991,1.580,1.980,1.600,3,1,0,0,0,20,303,0,10,0
06-09 04:34:18,11.286,12.038,61.446,13.543,0,5425092,6078752,436508,4298584,30828.444,20569.685,10722.239,561.794,102.327,42.135,4749,4079,1.540,1.960,1.600,0,1,24.077,0,0,20,303,0,12,0
06-09 04:34:19,1.500,3.251,71.520,22.256,0,5425200,6067676,436512,4309532,45238.923,22442.411,10242.926,32.009,108.031,3.001,2410,1877,1.540,1.960,1.600,0,1,1.000,0,0,20,303,0,11,0
06-09 04:34:20,1.499,2.998,71.453,21.986,0,5424956,6054320,436512,4323084,29723.450,14810.259,12191.981,0,115.924,0,2551,2024,1.540,1.960,1.600,0,1,0,0,0,20,303,0,11,0
06-09 04:34:21,3.499,8.749,70.489,15.498,0,5424940,6041216,436512,4336124,45083.131,26034.033,11678.221,0,128.980,0,3230,2286,1.540,1.960,1.600,0,1,17.997,0,0,20,303,0,11,0
06-09 04:34:22,2.760,4.517,71.520,21.582,0,5424516,6023324,436512,4354376,30480.119,15036.792,17052.405,52.197,179.679,2.008,2855,2101,1.540,1.960,1.600,0,1,0,0,0,20,303,0,11,0
06-09 04:34:23,5.976,17.430,68.725,4.482,0,5428504,6015260,436512,4358420,45836.411,27292.684,3609.543,7.968,43.824,1.992,4065,2589,1.490,1.950,1.590,1,0,63.745,0,0,20,303,0,11,0
06-09 04:34:24,3.244,5.490,71.126,19.466,0,5426120,6002156,436520,4373848,44944.739,22620.611,15113.683,107.812,150.738,7.986,2884,2070,1.490,1.950,1.590,0,1,3.993,0,0,20,303,0,11,0
06-09 04:34:25,1.251,2.752,71.313,22.770,0,5426136,5993336,436524,4382616,30010.457,14670.934,8615.595,88.078,86.076,7.006,2207,1747,1.490,1.950,1.590,1,1,0,0,0,20,303,0,11,0
06-09 04:34:26,7.011,15.523,68.353,7.511,0,5423412,5989252,436524,4389392,58639.596,594722.537,6609.987,0,63.095,0,4132,2695,1.490,1.950,1.590,2,0,56.085,0,0,20,303,0,11,0
06-09 04:34:27,2.999,4.998,70.977,19.994,0,5421584,5975404,436524,4405000,44181.835,22352.834,14711.284,199.936,182.941,33.989,2885,2108,1.490,1.950,1.590,1,1,2.999,0,0,20,303,0,11,0
06-09 04:34:28,3.961,9.160,68.084,15.350,0,5416636,5967352,436556,4417900,30102.739,18291.200,11923.446,586.269,166.374,46.545,3812,3230,1.450,1.930,1.590,1,0,19.806,0,0,20,303,0,11,0
06-09 04:34:29,3.786,6.562,70.673,18.678,0,5419144,5954012,436568,4428668,45456.660,23025.155,10241.479,133.268,144.374,16.154,3190,2519,1.450,1.930,1.590,0,1,8.077,0,0,20,303,0,11,0
06-09 04:34:30,4.498,8.747,69.474,15.494,0,5421368,5936648,436584,4443728,30173.618,14652.473,14142.665,91.965,225.915,11.995,3688,2778,1.450,1.930,1.590,3,0,16.994,0,0,20,303,0,11,0
06-09 04:34:31,2.503,4.755,70.578,20.022,0,5421572,5921780,436660,4458268,44839.530,25904.615,13554.973,1946.150,158.175,105.116,3208,2604,1.450,1.930,1.590,0,1,1.001,0,0,20,303,0,10,0
06-09 04:34:32,3.992,9.480,69.355,15.218,0,5421912,5906660,436672,4472972,29784.886,14775.187,13531.780,43.908,169.646,5.988,3340,2323,1.450,1.930,1.590,1,0,15.967,0,0,20,303,0,9,0
06-09 04:34:33,1.753,4.257,71.615,21.034,0,5422112,5889272,436672,4490080,59980.622,34094.923,15921.648,0,203.328,0,2641,2085,1.420,1.910,1.590,0,1,2.003,0,0,20,303,0,9,0
06-09 04:34:34,3.751,8.502,70.519,16.004,0,5422584,5876936,436672,4501880,45902.579,27407.511,11023.021,4.001,147.040,1.000,2949,2108,1.420,1.910,1.590,0,1,16.004,0,0,20,303,0,9,0
06-09 04:34:35,1.749,4.247,70.952,21.236,0,5422248,5857280,436672,4521776,29783.920,14744.060,18807.320,0,220.851,0,2716,2126,1.420,1.910,1.590,1,0,0,0,0,20,303,0,9,0
06-09 04:34:36,3.503,8.257,70.306,16.263,0,5422536,5844932,436672,4533756,45245.338,25864.773,11389.147,4.003,152.122,1.001,3055,2132,1.420,1.910,1.590,0,1,18.014,0,0,20,303,0,9,0
06-09 04:34:37,3.748,5.747,69.459,19.988,0,5422132,5825288,436676,4553720,40372.122,460307.751,18752.909,43.974,230.863,1.999,3369,2759,1.420,1.910,1.590,2,0,0.999,0,0,20,303,0,9,0
06-09 04:34:38,4.249,8.747,69.477,15.995,0,5421592,5811428,436688,4568040,63792.210,161113.493,14259.353,303.901,136.955,21.993,3564,2729,1.380,1.900,1.580,2,0,15.995,0,0,20,303,0,9,0
06-09 04:34:39,4.253,9.257,69.801,15.261,0,5421532,5797316,436692,4582144,44882.862,24696.082,13686.021,92.067,157.115,9.007,3385,2376,1.380,1.900,1.580,1,1,19.014,0,0,20,303,0,9,0
06-09 04:34:40,3.999,8.499,70.489,15.248,0,5422180,5783204,436696,4595556,45148.246,26931.971,13126.037,63.990,141.979,6.999,3228,2277,1.380,1.900,1.580,0,1,15.998,0,0,20,303,0,4,0
06-09 04:34:41,2.498,4.496,71.194,20.983,0,5420788,5768588,436696,4611500,29480.805,14742.401,15595.730,2042.393,167.868,407.679,3189,1958,1.380,1.900,1.580,0,1,0,0,0,20,303,0,4,0
06-09 04:34:42,9.004,15.257,68.031,4.752,0,5439292,5748428,436696,4613156,45463.669,27818.647,1728.786,0,21.010,0,3762,2455,1.380,1.900,1.580,1,0,71.032,0,0,20,303,0,4,0
06-09 04:34:43,23.267,5.504,71.554,0,0,5466728,5720988,436696,4613160,44937.645,23423.537,0,0,0,0,2623,1711,1.350,1.880,1.580,2,0,0,0,0,20,303,0,4,0
06-09 04:34:44,21.000,6.250,71.250,0,0,5515112,5672604,436724,4613132,44776.730,22313.865,0,259.998,0,18.000,2989,2064,1.350,1.880,1.580,2,0,1.000,0,0,20,303,0,4,0
06-09 04:34:45,23.753,5.251,70.259,0,0,5547836,5639844,436748,4613144,29807.748,14593.835,0,164.021,0,13.002,2986,2072,1.350,1.880,1.580,4,0,2.000,0,0,20,303,0,4,0
06-09 04:34:46,37.443,15.477,46.430,0,0,5589884,5597760,436748,4613180,15589.444,7284.992,511.228,319.517,3.994,31.952,4171,2656,1.350,1.880,1.580,2,0,11.982,0,0,20,307,0,4,0
06-09 04:34:47,36.043,10.763,52.062,0,0,5546020,5641608,436760,4613184,45029.199,24240.639,640.757,120.142,5.006,8.009,3790,2093,1.350,1.880,1.580,3,0,9.011,0,0,20,303,0,4,0
06-09 04:34:48,24.718,5.992,68.163,0,0,5543896,5643684,436772,4613220,70994.035,460857.501,0,339.565,0,29.962,3452,2568,1.400,1.890,1.580,3,0,1.997,0,0,20,303,0,4,0
06-09 04:34:49,23.524,4.755,71.322,0,0,5572040,5615536,436776,4613220,48378.979,151617.498,0,112.114,0,7.007,2847,1766,1.400,1.890,1.580,2,0,2.002,0,0,20,303,0,4,0
06-09 04:34:50,19.256,9.003,70.521,0,0,5572300,5615268,436784,4613220,29871.771,15700.610,0,420.123,0,23.007,2801,1946,1.400,1.890,1.580,2,0,1.000,0,0,20,303,0,4,0
06-09 04:34:51,15.199,3.987,79.984,0,0,5572524,5615016,436808,4613224,17529.743,9709.731,0,1072.436,0,218.275,2968,2014,1.400,1.890,1.580,1,0,5.980,0,0,20,306,0,4,0
06-09 04:34:52,4.997,1.749,91.949,0,0,5571100,5616432,436808,4613232,25996.545,18903.489,0,7.996,0,1.999,2104,1882,1.400,1.890,1.580,1,0,0,0,0,20,306,0,5,0
06-09 04:34:53,21.326,2.258,76.021,0,0,5573392,5614132,436808,4613240,21780.720,13252.288,0,0,0,0,2601,1838,1.370,1.870,1.580,2,0,1.004,0,0,20,309,0,6,0
06-09 04:34:54,20.899,9.064,69.494,0,0,5467072,5720452,436808,4613240,45883.477,25076.428,0,88.631,0,7.050,3001,1941,1.370,1.870,1.580,2,0,17.122,0,0,20,303,0,6,0
06-09 04:34:55,22.591,4.468,71.248,0,0,5497696,5689812,436820,4613240,44344.262,22735.657,0,127.104,0,11.916,2516,1633,1.370,1.870,1.580,3,0,0,0,0,20,303,0,6,0
06-09 04:34:56,22.890,5.282,71.688,0,0,5521376,5666124,436828,4613240,30056.647,15369.911,0,28.172,0,3.018,2459,1509,1.370,1.870,1.580,2,0,0,0,0,20,303,0,5,0
06-09 04:34:57,17.382,11.919,69.280,0,0,5500020,5687320,436828,4613396,14956.575,7554.769,0,154.949,0,1.987,3403,2120,1.370,1.870,1.580,2,0,60.589,0,0,20,303,0,5,0
06-09 04:34:58,7.994,24.482,65.703,0,0,5497728,5689584,436844,4613400,61462.750,33945.561,511.632,919.338,3.997,66.952,5036,3484,1.420,1.870,1.580,1,0,120.913,0,0,20,303,0,5,0
06-09 04:34:59,7.746,23.239,66.968,0,0,5486064,5701240,436844,4613408,60671.162,33713.975,0,119.943,0,12.994,4976,3442,1.420,1.870,1.580,2,0,132.937,0,0,20,303,0,5,0
06-09 04:35:00,7.000,25.499,64.998,0,0,5468084,5719168,436844,4613476,46449.601,52516.418,0,151.995,0,12.000,5301,3641,1.420,1.870,1.580,2,0,163.995,0,0,20,303,0,5,0
06-09 04:35:01,10.269,20.288,67.627,0,0,5465488,5721760,436844,4613480,73296.134,598061.111,0,0,0,0,4777,3229,1.420,1.870,1.580,2,0,129.244,0,0,20,303,0,5,0
06-09 04:35:02,19.255,10.503,69.017,0,0,5497972,5689260,436860,4613480,44946.157,23587.855,0,1472.365,0,263.065,3684,2096,1.420,1.870,1.580,1,0,33.008,0,0,20,303,0,5,0
06-09 04:35:03,21.711,7.237,69.874,0,0,5507528,5679684,436872,4613488,44795.277,22347.728,0,51.906,0,5.989,3026,1950,1.470,1.870,1.580,1,0,19.964,0,0,20,303,0,5,0
06-09 04:35:04,14.639,3.786,81.775,0,0,5497244,5689944,436880,4613500,51810.763,25094.703,0,234.219,0,7.067,2339,1580,1.470,1.870,1.580,1,0,0,0,0,20,304,0,5,0
06-09 04:35:05,22.090,4.964,70.738,0,0,5468932,5713272,436884,4617544,15045.109,7547.375,0,722.769,0,12.907,2663,1706,1.470,1.870,1.580,1,0,1.986,0,0,20,303,0,5,0
06-09 04:35:06,31.245,9.748,57.740,0.250,0,5495708,5684840,436900,4618940,60840.612,30716.756,0,839.857,0,38.993,4342,3279,1.470,1.870,1.580,1,0,3.999,0,0,20,303,0,5,0
06-09 04:35:07,22.893,9.308,65.156,0,0,5504348,5675808,436900,4619288,45109.162,22924.889,0,0,0,0,7693,11322,1.470,1.870,1.580,1,0,5.031,0,0,20,303,0,5,0
06-09 04:35:08,18.883,13.168,66.587,0,0,5511656,5667492,436924,4620092,30018.967,14736.674,0,751.344,0,27.828,3393,2340,1.350,1.840,1.580,0,0,14.908,0,0,20,303,1,5,0
06-09 04:35:09,16.966,3.742,78.592,0,0,5516468,5662452,436932,4620312,66935.607,43473.713,0,243.511,0,11.976,2798,1918,1.350,1.840,1.580,2,0,2.994,0,0,20,304,0,5,0
06-09 04:35:10,22.285,10.016,64.100,0,0,5527300,5651616,436940,4620308,45191.242,22186.485,0,436.679,0,22.034,7576,11156,1.350,1.840,1.580,2,0,6.009,0,0,20,304,0,5,0
06-09 04:35:11,16.870,11.164,70.705,0,0,5519332,5659456,436940,4620404,29576.145,14706.699,0,154.807,0,6.946,2788,1730,1.350,1.840,1.580,3,0,13.893,0,0,20,304,0,5,0
06-09 04:35:12,25.208,6.302,67.556,0,0,5503584,5673700,437092,4621560,48117.268,605155.742,0,786.477,0,28.233,3651,2250,1.350,1.840,1.580,1,0,1.008,0,0,20,304,0,5,0
06-09 04:35:13,21.009,27.011,51.521,0.250,0,5468932,5715568,437116,4615272,61593.274,33065.568,0,652.268,0,18.007,5391,12235,1.400,1.850,1.580,2,0,156.064,0,0,20,303,0,6,0
06-09 04:35:14,9.483,21.961,65.884,0,0,5471016,5713468,437128,4615276,60484.273,32852.031,0,279.507,0,20.963,4825,3410,1.400,1.850,1.580,2,0,145.743,0,0,20,303,0,6,0
06-09 04:35:15,20.963,8.235,70.625,0,0,5518260,5666208,437144,4615276,29811.249,15213.080,0,87.845,0,11.979,3071,2280,1.400,1.850,1.580,1,0,0,0,0,20,303,0,6,0
06-09 04:35:16,22.564,3.510,72.958,0,0,5537208,5647052,437144,4615484,30933.146,15541.286,0,96.274,0,7.020,2573,1583,1.400,1.850,1.580,0,0,2.006,0,0,20,304,0,6,0
06-09 04:35:17,13.076,3.521,82.482,0,0,5537200,5647052,437148,4615488,20943.504,13414.465,0,205.200,0,9.053,2325,1695,1.400,1.850,1.580,0,0,0,0,0,20,304,0,5,0
06-09 04:35:18,24.615,9.945,63.402,0,0,5448200,5735988,437156,4615544,35533.125,19919.754,0,1452.037,0,288.418,5158,4075,1.370,1.830,1.570,1,0,26.853,0,0,20,303,0,11,0
06-09 04:35:19,11.724,19.208,67.851,0,0,5463900,5720280,437156,4615552,45398.571,24855.563,0,0,0,0,4128,2721,1.370,1.830,1.570,2,0,93.795,0,0,20,303,0,11,0
06-09 04:35:20,23.537,5.258,70.861,0,0,5500688,5683488,437168,4615544,45074.417,22733.515,0,348.545,0,21.033,2777,1757,1.370,1.830,1.570,1,0,0,0,0,20,303,0,11,0
06-09 04:35:21,13.501,3.250,81.758,0,0,5524576,5659588,437168,4615556,21123.025,13030.249,0,32.003,0,3.000,2287,1660,1.370,1.830,1.570,1,0,0,0,0,20,304,0,9,0
06-09 04:35:22,21.226,4.495,73.417,0,0,5524432,5659588,437176,4615692,33447.184,17874.790,0,175.801,0,9.989,2634,1751,1.370,1.830,1.570,1,0,1.998,0,0,20,303,0,10,0
06-09 04:35:23,14.509,15.009,69.042,0,0,5473112,5710904,437176,4615696,30847.636,15809.551,0,4.002,0,1.001,3557,2342,1.340,1.820,1.570,1,0,70.042,0,0,20,303,0,10,0
06-09 04:35:24,21.755,5.501,71.266,0,0,5516704,5667308,437184,4615692,30379.825,15243.425,0,80.018,0,6.001,2506,1605,1.340,1.820,1.570,2,0,0,0,0,20,303,0,10,0
06-09 04:35:25,14.754,4.501,80.522,0,0,5529224,5654764,437192,4615708,45264.125,465607.721,0,60.016,0,6.002,2840,2102,1.340,1.820,1.570,1,0,2.001,0,0,20,304,0,10,0
06-09 04:35:26,18.980,2.997,76.668,0,0,5529216,5654764,437192,4615716,26196.862,142467.973,0,0,0,0,2650,1759,1.340,1.820,1.570,3,0,0.999,0,0,20,303,0,12,0
06-09 04:35:27,14.272,15.274,69.607,0,0,5533488,5650488,437192,4615720,30564.093,17765.373,0,12.019,0,2.003,3441,2299,1.340,1.820,1.570,1,0,56.086,0,0,20,303,0,12,0
06-09 04:35:28,22.951,6.237,69.603,0,0,5560116,5623844,437208,4615720,44342.164,21841.779,0,1097.677,0,112.761,3069,2105,1.310,1.800,1.570,1,0,1.996,0,0,20,303,0,12,0
06-09 04:35:29,15.025,3.506,80.133,0,0,5564016,5619940,437216,4615728,32677.435,17209.668,0,144.240,0,13.022,2631,2158,1.310,1.800,1.570,3,0,1.002,0,0,20,304,0,12,0
06-09 04:35:30,17.003,4.251,77.514,0,0,5559476,5624460,437224,4615740,23351.135,15359.720,0,120.021,0,12.002,2844,2336,1.310,1.800,1.570,1,0,0,0,0,20,303,0,15,0
06-09 04:35:31,18.248,10.749,70.244,0,0,5518812,5665124,437224,4615740,15229.601,7619.300,0,0,0,0,3129,2074,1.310,1.800,1.570,1,0,33.997,0,0,20,303,0,15,0
06-09 04:35:32,22.495,6.249,70.984,0,0,5535792,5648144,437252,4615712,45505.020,23544.836,0,395.913,0,21.995,2778,1824,1.310,1.800,1.570,1,0,0,0,0,20,303,0,15,0
06-09 04:35:33,12.241,4.497,81.440,0,0,5547544,5636356,437252,4615748,35665.941,21063.610,0,1650.794,0,341.750,2936,1785,1.290,1.790,1.560,3,0,0,0,0,20,304,0,15,0
06-09 04:35:34,11.764,4.005,82.599,0,0,5543500,5640388,437256,4615756,33739.258,18982.650,0,216.258,0,26.031,2820,2461,1.290,1.790,1.560,0,0,2.002,0,0,20,304,0,15,0
06-09 04:35:35,16.940,10.214,71.748,0.249,0,5500280,5683540,437308,4615772,32539.645,18584.687,0,2108.590,0,125.559,3973,3130,1.290,1.790,1.560,2,0,46.835,0,0,20,303,0,17,0
06-09 04:35:36,21.044,7.516,70.648,0,0,5506580,5677236,437312,4615772,59721.198,30004.902,0,124.260,0,8.017,2802,1938,1.290,1.790,1.560,2,0,0,0,0,20,303,0,17,0
06-09 04:35:37,14.754,3.501,80.523,0,0,5533948,5649864,437312,4615776,31474.059,16907.866,0,0,0,0,2245,1592,1.290,1.790,1.560,0,0,2.001,0,0,20,304,0,17,0
06-09 04:35:38,18.003,5.001,76.763,0,0,5531288,5652488,437332,4615792,23101.780,15161.481,0,592.097,0,37.006,3134,2629,1.260,1.780,1.560,1,0,0,0,0,20,304,0,20,0
06-09 04:35:39,19.954,9.093,71.230,0,0,5491144,5692624,437340,4615792,16900.195,7571.595,0,64.663,0,6.062,3122,2022,1.260,1.780,1.560,1,0,33.342,0,0,20,303,0,21,0
06-09 04:35:40,19.557,7.427,70.057,0.248,0,5491144,5692624,437340,4615792,44286.038,22917.361,0,126.747,0,13.863,2994,2099,1.260,1.780,1.560,1,0,1.980,0,0,20,303,0,21,0
06-09 04:35:41,15.249,4.250,79.745,0,0,5515772,5667984,437344,4615800,45247.363,595410.306,0,83.995,0,7.000,2699,1875,1.260,1.780,1.560,1,0,1.000,0,0,20,304,0,21,0
06-09 04:35:42,14.999,4.250,79.994,0,0,5515748,5667984,437352,4615816,35693.476,17396.770,0,119.992,0,13.999,2519,1860,1.260,1.780,1.560,3,0,0,0,0,20,304,0,21,0
06-09 04:35:43,14.241,7.495,76.700,0,0,5468540,5715176,437372,4615812,33908.830,19573.203,0,735.519,0,41.973,3413,2780,1.240,1.760,1.560,3,0,41.973,0,0,20,303,0,22,0
06-09 04:35:44,17.019,13.515,68.325,0,0,5497228,5686460,437380,4615832,59769.804,31092.231,0,1894.085,0,28.031,3874,2846,1.240,1.760,1.560,3,0,48.053,0,0,20,303,0,22,0
06-09 04:35:45,22.943,5.486,70.077,0,0,5531760,5651924,437380,4615836,29957.098,15106.733,0,95.764,0,11.970,2731,1967,1.240,1.760,1.560,2,0,0,0,0,20,303,0,22,0
06-09 04:35:46,27.001,14.131,58.797,0,0,5555676,5627996,437380,4615848,35664.676,20879.173,646.008,12.113,5.047,2.019,3540,2187,1.240,1.760,1.560,2,0,10.094,0,0,20,304,0,22,0
06-09 04:35:47,30.285,9.929,58.335,0,0,5558688,5624972,437384,4615856,33563.431,25676.492,635.483,79.435,4.965,6.951,3439,2314,1.240,1.760,1.560,1,0,3.972,0,0,20,303,0,24,0
06-09 04:35:48,16.243,14.244,68.222,0,0,5481000,5702636,437396,4615868,30756.540,18880.351,0,1967.203,0,380.846,4000,2723,1.460,1.800,1.570,2,0,46.981,0,0,20,303,0,24,0
06-09 04:35:49,22.008,5.752,71.526,0,0,5507208,5676428,437396,4615868,44727.046,22123.937,0,232.083,0,3.001,2732,1790,1.460,1.800,1.570,4,0,3.001,0,0,20,303,0,24,0
06-09 04:35:50,13.741,3.248,81.449,0.250,0,5522868,5660756,437404,4615872,21131.734,13248.683,0,367.769,0,17.989,2418,1841,1.460,1.800,1.570,1,0,0,0,0,20,304,0,24,0
06-09 04:35:51,17.448,3.739,77.518,0,0,5522736,5660756,437404,4616004,33254.590,18076.962,0,0,0,0,2647,1897,1.460,1.800,1.570,1,0,0,0,0,20,303,0,26,0
06-09 04:35:52,19.073,9.035,71.275,0,0,5500304,5683184,437404,4616008,15802.876,8247.772,0,132.510,0,3.012,2894,1908,1.460,1.800,1.570,1,0,16.062,0,0,20,303,0,26,0
06-09 04:35:53,22.449,6.485,70.090,0,0,5506588,5676884,437416,4616012,44734.749,22939.566,0,223.489,0,27.936,2724,1796,1.430,1.790,1.570,2,0,0,0,0,20,303,0,24,0
06-09 04:35:54,14.510,2.752,82.058,0,0,5520924,5662548,437416,4616012,35704.059,20471.368,0,0,0,0,2285,1629,1.430,1.790,1.570,1,0,0,0,0,20,304,0,24,0
06-09 04:35:55,18.490,4.997,75.208,0,0,5521116,5662324,437448,4616012,16362.876,8132.466,0,523.708,0,71.960,3879,3654,1.430,1.790,1.570,3,0,1.999,0,0,20,304,0,24,0
06-09 04:35:56,29.037,8.511,60.077,0,0,5520956,5662324,437508,4616112,16799.596,8546.987,0,869.117,0,121.156,6054,6602,1.430,1.790,1.570,2,0,1.001,0,0,20,303,0,25,0
06-09 04:35:57,21.261,8.004,69.786,0,0,5506020,5677248,437508,4616124,72796.528,594538.499,0,0,0,0,3088,2006,1.430,1.790,1.570,2,0,6.003,0,0,20,303,0,25,0
06-09 04:35:58,21.988,5.497,71.460,0,0,5544656,5638516,437604,4616124,29935.122,15430.300,0,3378.095,0,180.898,3264,2645,1.430,1.790,1.570,0,0,2.998,0,0,20,304,0,25,0
06-09 04:35:59,15.486,4.246,79.428,0,0,5540896,5642264,437616,4616124,35537.654,20861.012,0,251.771,0,21.980,2790,2312,1.310,1.760,1.560,0,0,0.999,0,0,20,304,0,25,0
06-09 04:36:00,14.755,3.501,79.026,0,0,5537780,5645312,437652,4616152,19344.255,11091.586,0,500.162,0,65.021,3884,3900,1.310,1.760,1.560,1,0,0,0,0,20,304,0,25,0
06-09 04:36:01,22.469,9.237,66.407,0.250,0,5535040,5648028,437672,4616156,15149.813,7609.358,0,563.212,0,60.915,4863,4761,1.310,1.760,1.560,3,0,1.997,0,0,20,304,0,25,0
06-09 04:36:02,17.048,14.541,66.937,0,0,5487344,5695652,437696,4616200,32302.296,18890.807,0,565.581,0,65.182,4839,3874,1.310,1.760,1.560,1,0,82.230,0,0,20,303,0,26,0
06-09 04:36:03,6.752,26.260,64.023,0,0,5477484,5705504,437696,4616208,60961.102,31821.537,0,208.075,0,12.004,5071,3221,1.310,1.760,1.560,3,0,175.063,0,0,20,303,0,26,0
06-09 04:36:04,7.490,27.464,62.918,0,0,5468484,5714468,437736,4616204,45966.331,24550.131,0,4282.441,0,510.338,5811,3600,1.290,1.750,1.550,2,0,176.771,0,0,20,303,0,26,0
06-09 04:36:05,7.756,25.521,64.553,0,0,5460128,5722808,437748,4616208,61048.826,31383.614,0,120.098,0,11.009,5252,3561,1.290,1.750,1.550,2,0,165.135,0,0,20,303,0,26,0
06-09 04:36:06,7.252,26.758,64.019,0,0,5460020,5722892,437756,4616236,60963.915,32419.527,0,140.041,0,12.004,5051,3251,1.290,1.750,1.550,4,0,171.050,0,0,20,303,0,26,0
06-09 04:36:07,8.495,26.983,62.711,0,0,5450592,5732304,437756,4616252,75478.063,483605.263,0,75.953,0,7.995,5614,3547,1.290,1.750,1.550,1,0,170.894,0,0,20,303,0,26,0
06-09 04:36:08,8.508,29.277,59.806,0,0,5451004,5731864,437776,4616260,59859.885,150730.723,0,408.381,0,30.028,5401,3726,1.290,1.750,1.550,2,0,175.164,0,0,20,303,0,26,0
06-09 04:36:09,6.494,26.226,65.190,0,0,5449112,5733744,437784,4616264,50225.083,28300.127,0,115.894,0,8.992,4847,3138,1.180,1.720,1.550,1,0,161.852,0,0,20,303,0,26,0
06-09 04:36:10,7.475,26.163,64.285,0,0,5453064,5729780,437788,4616268,60617.485,31478.833,0,83.720,0,7.973,5042,3163,1.180,1.720,1.550,1,0,172.424,0,0,20,303,0,26,0
06-09 04:36:11,6.520,25.829,65.451,0,0,5437088,5745756,437788,4616268,61415.197,32409.313,0,20.061,0,5.015,4835,3119,1.180,1.720,1.550,2,0,170.523,0,0,20,303,0,26,0
06-09 04:36:12,8.505,26.516,62.537,0.250,0,5441728,5741036,437860,4616276,61041.731,32446.993,0,3762.202,0,202.118,5744,4355,1.180,1.720,1.550,1,0,163.095,0,0,20,303,0,26,0
06-09 04:36:13,13.418,29.817,54.665,0,0,5462044,5720708,437860,4618364,45559.714,24539.570,0,15.903,0,3.976,5343,6873,1.180,1.720,1.550,5,0,212.696,0,0,20,303,0,26,0
06-09 04:36:14,11.571,28.675,57.853,0,0,5437260,5745476,437872,4616292,61523.929,32343.100,0,213.300,0,19.116,5775,10310,1.410,1.750,1.560,1,0,176.073,0,0,20,303,0,26,0
06-09 04:36:15,8.996,26.987,62.719,0,0,5435752,5746976,437876,4616296,69395.074,473118.701,0,139.932,0,14.993,5550,3836,1.410,1.750,1.560,3,0,170.916,0,0,20,303,0,26,0
06-09 04:36:16,6.488,25.202,65.376,0,0,5441216,5741508,437876,4616300,64411.833,150724.129,0,15.970,0,3.992,4971,3159,1.410,1.750,1.560,3,0,164.688,0,0,20,303,0,26,0
06-09 04:36:17,6.516,26.818,64.914,0,0,5446124,5736588,437884,4616304,46344.956,24463.737,0,300.759,0,18.046,4858,3222,1.410,1.750,1.560,3,0,167.423,0,0,20,303,0,26,0
06-09 04:36:18,7.949,24.593,65.332,0,0,5448344,5734356,437884,4616316,61355.814,31766.946,0,381.561,0,24.841,5077,3459,1.410,1.750,1.560,9,0,159.977,0,0,20,303,0,22,0
06-09 04:36:19,12.081,28.945,56.632,0,0,5446396,5736256,437892,4616356,61445.137,32493.001,0,213.439,0,17.115,5716,4542,1.460,1.760,1.560,1,0,171.154,0,0,20,303,0,24,0
06-09 04:36:20,6.998,25.743,64.734,0,0,5442180,5740460,437892,4616368,61208.413,31831.894,0,991.747,0,214.945,5331,3269,1.460,1.760,1.560,2,0,161.959,0,0,20,303,0,24,0
06-09 04:36:21,7.472,25.154,65.749,0.249,0,5437188,5745452,437904,4616356,61406.845,32336.694,0,227.134,0,11.954,4935,3160,1.460,1.760,1.560,2,0,160.388,0,0,20,303,0,24,0
06-09 04:36:22,6.778,26.860,64.514,0,0,5438916,5743688,437928,4616368,46395.577,24231.010,0,417.707,0,28.115,5132,3580,1.460,1.760,1.560,1,0,163.669,0,0,20,303,0,22,0
06-09 04:36:23,7.241,22.721,68.163,0,0,5439624,5742960,437936,4616380,61101.298,33217.757,0,199.746,0,7.990,4712,3037,1.460,1.760,1.560,1,0,136.826,0,0,20,303,0,22,0
06-09 04:36:24,19.238,10.494,68.458,0,0,5462648,5719784,437940,4616524,71751.729,590491.667,0,155.904,0,8.994,4079,2737,1.420,1.750,1.560,1,0,70.956,0,0,20,303,0,22,0
06-09 04:36:25,6.490,22.217,69.895,0,0,5439332,5856692,437952,4513616,45224.280,22698.012,0,1773.345,0,9.985,3130,2281,1.420,1.750,1.560,1,0,2.996,0,0,20,303,0,22,0
06-09 04:36:26,18.027,9.765,71.857,0,0,5462332,5827064,437952,4520180,29608.078,14679.854,0,8.012,0,2.003,2717,1752,1.420,1.750,1.560,1,0,3.004,0,0,20,303,0,19,0
06-09 04:36:27,24.788,4.006,70.859,0,0,5483776,5801640,437952,4523640,45098.508,23658.464,0,0,0,0,2997,2029,1.420,1.750,1.560,1,0,0,0,0,20,303,0,19,0
06-09 04:36:28,23.549,7.189,67.423,0,0,5486340,5797980,437968,4524608,29372.818,14628.901,0,2066.330,0,40.652,3672,2820,1.420,1.750,1.560,2,0,19.830,0,0,20,303,0,19,0
06-09 04:36:29,13.103,2.772,83.406,0,0,5486920,5797252,437988,4524692,40119.335,20014.311,0,709.577,0,34.269,2617,2160,1.390,1.730,1.550,2,0,1.008,0,0,20,304,0,19,0
06-09 04:36:30,16.757,3.251,78.782,0,0,5496340,5787676,438036,4524760,23327.522,13024.316,0,856.350,0,34.014,2714,2063,1.390,1.730,1.550,2,1,0,0,0,20,304,0,18,0
06-09 04:36:31,13.983,2.747,82.399,0.499,0,5496668,5786920,438056,4525088,26204.935,14573.168,0,1026.744,0,29.963,2278,1650,1.390,1.730,1.550,1,0,1.998,0,0,20,304,0,18,0
06-09 04:36:32,17.534,3.256,78.402,0,0,5520340,5762980,438120,4525248,22226.071,12309.855,0,1258.439,0,56.109,2666,2087,1.390,1.730,1.550,1,0,0,0,0,20,304,0,18,0
06-09 04:36:33,17.984,1.748,79.178,0,0,5520180,5762980,438148,4525340,22279.639,12843.263,0,623.430,0,20.981,2296,1605,1.390,1.730,1.550,0,0,0,0,0,20,304,0,18,0
06-09 04:36:34,14.760,3.502,80.553,0,0,5520160,5762756,438176,4525512,9954.522,6455.229,0,864.566,0,26.017,2279,1577,1.270,1.700,1.550,0,0,2.001,0,0,20,304,0,16,0
06-09 04:36:35,22.008,3.251,74.278,0,0,5535828,5746880,438188,4525668,18772.158,10035.827,0,3681.404,0,198.076,2831,1633,1.270,1.700,1.550,0,0,0,0,0,20,304,0,16,0
06-09 04:36:36,14.496,2.249,82.475,0,0,5535804,5746656,438208,4525892,10407.830,6456.034,0,795.758,0,23.993,2026,1511,1.270,1.700,1.550,1,0,0,0,0,20,304,0,16,0
06-09 04:36:37,18.723,3.994,76.140,0,0,5535268,5730780,438232,4542244,21135.329,10878.214,0,551.200,0,16.975,2286,1491,1.270,1.700,1.550,1,0,2.996,0,0,20,304,0,16,0
06-09 04:36:38,24.008,4.501,70.273,0.250,0,5536100,5722520,438300,4549336,3081.020,2020.669,0,1004.332,0,46.015,3060,2222,1.270,1.700,1.550,1,0,1.000,0,0,20,304,0,12,0
06-09 04:36:39,23.264,5.253,70.544,0,0,5532012,5717604,438344,4557044,15240.484,7624.745,0,1008.628,0,51.032,2950,2085,1.330,1.710,1.550,1,0,1.001,0,0,20,304,0,12,0
06-09 04:36:40,24.017,4.753,71.301,0,0,5533040,5704848,438384,4568064,480.346,0,0,1256.904,0,39.028,2976,1982,1.330,1.710,1.550,1,0,2.001,0,0,20,304,0,12,0
06-09 04:36:41,24.244,3.749,70.981,0,0,5533204,5698856,438384,4573016,807.784,0,0,0,0,0,2882,1952,1.330,1.710,1.550,1,0,0,0,0,20,304,0,12,0
06-09 04:36:42,23.243,5.248,70.977,0.250,0,5537508,5678764,438504,4587676,14927.200,7507.586,0,1099.646,0,36.988,2963,1968,1.330,1.710,1.550,2,0,0,0,0,20,304,0,12,0
06-09 04:36:43,22.251,5.000,70.755,0.250,0,5539528,5664288,438652,4598064,420.028,0,0,2056.139,0,96.006,3187,2456,1.330,1.710,1.550,2,0,2.000,0,0,20,304,0,10,0
06-09 04:36:44,24.744,4.999,70.734,0,0,5540772,5654556,438692,4605228,3096.294,1811.587,0,1635.627,0,56.987,3220,2445,1.470,1.730,1.560,1,0,0,0,0,20,304,0,10,0
06-09 04:36:45,22.349,5.894,68.765,0.246,0,5539524,5633008,438756,4626104,15063.409,7361.758,0,1504.966,0,61.888,3378,2758,1.470,1.730,1.560,3,0,0,0,0,20,304,0,10,0
06-09 04:36:46,38.714,14.008,47.628,0,0,5565748,5598832,439068,4632712,488.001,0,521.621,2355.444,4.075,260.810,4337,2280,1.470,1.730,1.560,2,0,10.188,0,0,20,304,0,10,0
06-09 04:36:47,31.465,12.486,55.688,0,0,5535060,5645244,439084,4616460,982.913,321.644,639.293,775.143,4.994,22.975,3583,2117,1.470,1.730,1.560,1,0,5.993,0,0,20,303,0,9,0
06-09 04:36:48,20.248,7.499,70.991,0,0,5540080,5640188,439116,4616464,760.907,0,0,499.939,0,21.997,3020,2146,1.470,1.730,1.560,1,0,17.998,0,0,20,303,0,9,0
06-09 04:36:49,20.766,7.506,70.305,0,0,5543336,5632632,439116,4620572,44699.160,22942.046,0,1024.806,0,17.013,2955,1886,1.510,1.740,1.560,3,0,22.017,0,0,20,303,0,9,0
06-09 04:36:50,22.741,6.317,71.761,0,0,5546568,5627872,439116,4621844,30467.935,14912.055,0,0,0,0,2998,2021,1.510,1.740,1.560,2,0,2.021,0,0,20,303,0,9,0
06-09 04:36:51,23.003,9.894,63.320,0,0,5546652,5627396,439116,4622196,38854.586,439763.627,0,19.787,0,1.979,8026,12000,1.510,1.740,1.560,4,0,5.936,0,0,20,303,0,7,0
06-09 04:36:52,18.759,9.255,71.036,0,0,5512268,5660844,439116,4623008,18426.210,142161.057,0,92.046,0,2.001,2773,1671,1.510,1.740,1.560,2,0,9.005,0,0,20,303,0,7,0
06-09 04:36:53,23.436,9.724,65.073,0,0,5518056,5655048,439116,4623012,15292.490,7342.071,0,3.989,0,0.997,8004,12414,1.510,1.740,1.560,2,0,5.984,0,0,20,303,0,7,0
06-09 04:36:54,16.292,11.279,70.682,0,0,5518144,5654824,439120,4623100,15492.948,7381.032,0,1740.488,0,10.026,2803,1777,1.550,1.740,1.560,1,0,14.036,0,0,20,303,0,7,0
06-09 04:36:55,19.008,9.504,70.778,0,0,5469060,5710768,439128,4616748,15004.036,7659.081,0,696.280,0,17.007,2628,1681,1.550,1.740,1.560,1,0,3.001,0,0,20,303,0,5,0
06-09 04:36:56,20.753,7.501,71.011,0,0,5473580,5706456,439128,4616580,359.054,0,0,828.124,0,184.027,3007,1699,1.550,1.740,1.560,1,0,9.001,0,0,20,303,0,5,0
06-09 04:36:57,21.723,7.241,69.913,0,0,5488448,5691588,439128,4616580,30240.258,17082.680,0,3.995,0,0.999,4162,4018,1.550,1.740,1.560,1,0,44.944,0,0,20,303,0,5,0
06-09 04:36:58,24.041,9.767,63.608,0,0,5489140,5690860,439152,4616592,60634.368,33599.279,0,749.277,0,23.039,7054,10040,1.550,1.740,1.560,2,0,5.009,0,0,20,303,0,5,0
06-09 04:36:59,20.630,8.202,69.595,0,0,5517348,5662636,439156,4616604,44749.306,22632.153,0,178.957,0,15.907,3109,2304,1.590,1.750,1.560,1,0,18.890,0,0,20,303,0,4,0
06-09 04:37:00,22.190,7.817,69.848,0.252,0,5530616,5644772,439196,4620828,30326.742,15274.826,0,899.706,0,27.233,3274,2381,1.590,1.750,1.560,5,0,18.155,0,0,20,303,0,4,0
06-09 04:37:01,22.354,7.535,70.076,0,0,5543508,5630592,439196,4621988,15122.274,7655.576,0,11099.580,0,47.219,3075,1964,1.590,1.750,1.560,1,0,5.023,0,0,20,303,0,4,0
06-09 04:37:02,21.710,9.482,65.129,0,0,5551932,5621804,439212,4622332,15202.846,7915.341,0,906.322,0,14.972,8232,12669,1.590,1.750,1.560,1,0,4.991,0,0,20,303,0,4,0
06-09 04:37:03,18.305,9.894,70.251,0,0,5510620,5662212,439216,4623140,15011.840,7539.561,0,237.466,0,4.947,2794,1777,1.590,1.750,1.560,2,0,7.916,0,0,20,303,0,3,0
06-09 04:37:04,20.822,11.540,64.722,0,0,5513616,5659188,439216,4623164,15506.248,7483.699,0,4.014,0,1.003,8153,12422,1.700,1.770,1.570,1,0,14.048,0,0,20,303,0,3,0
06-09 04:37:05,16.761,12.008,70.797,0,0,5513032,5659664,439216,4623232,15188.174,7625.108,0,176.118,0,2.001,2741,1765,1.700,1.770,1.570,1,0,7.005,0,0,20,303,0,3,0
06-09 04:37:06,19.514,10.257,69.799,0,0,5496188,5683620,439232,4616644,659.460,0,0,5555.871,0,125.087,3106,1858,1.700,1.770,1.570,1,0,6.004,0,0,20,303,0,3,0
06-09 04:37:07,21.243,6.498,70.477,0,0,5503252,5676556,439232,4616644,48745.768,25005.673,0,0,0,0,2976,1948,1.700,1.770,1.570,2,0,18.994,0,0,20,303,0,3,0
06-09 04:37:08,18.854,12.900,66.486,0,0,5476828,5703020,439244,4616656,48549.599,35176.008,0,766.076,0,28.777,4094,2883,1.700,1.770,1.570,2,0,58.547,0,0,20,303,0,3,0
06-09 04:37:09,23.426,10.076,65.997,0,0,5484320,5695512,439256,4616660,60199.500,457347.326,0,209.579,0,10.076,3916,2903,1.880,1.800,1.580,1,0,44.334,0,0,20,303,0,3,0
06-09 04:37:10,20.295,9.521,69.653,0.251,0,5484036,5687220,439440,4624728,51026.931,169018.754,0,1302.858,0,30.066,3585,2444,1.880,1.800,1.580,1,0,6.013,0,0,20,303,0,3,0
06-09 04:37:11,21.172,8.967,68.498,0,0,5490816,5676960,439616,4627456,44908.008,23135.999,0,28371.762,0,111.590,3440,2118,1.880,1.800,1.580,2,0,16.938,0,0,20,304,0,3,0
06-09 04:37:12,19.223,3.541,77.145,0,0,5485496,5682056,439656,4627640,20591.826,9602.369,0,2189.393,0,213.476,2657,1886,1.880,1.800,1.580,1,0,0,0,0,20,303,0,3,0
06-09 04:37:13,22.722,2.964,72.119,0.247,0,5496336,5670504,439704,4628132,29469.106,14737.023,0,2114.180,0,92.866,2806,2142,1.880,1.800,1.580,1,0,1.976,0,0,20,304,0,3,0
06-09 04:37:14,22.055,11.278,65.914,0,0,5517892,5648860,439728,4628192,51465.769,10944.170,0,493.224,0,31.077,3902,10796,1.970,1.820,1.590,0,0,36.090,0,0,20,305,0,4,0
06-09 04:37:15,10.001,2.500,86.009,0,0,5518256,5648104,439872,4628360,136350.945,15413.576,0,1140.117,0,52.005,2649,2207,1.970,1.820,1.590,1,0,0,0,0,20,305,0,3,0
06-09 04:37:16,25.068,6.267,68.184,0,0,5539880,5626084,439872,4628700,943.552,0,0,26070.525,0,91.247,2837,1566,1.970,1.820,1.590,3,0,2.005,0,0,20,305,0,3,0
06-09 04:37:17,19.184,7.225,71.755,0.249,0,5521532,5643780,439892,4629172,312018.298,21756.690,3.986,38169.631,0.997,111.619,3299,2161,1.970,1.820,1.590,0,0,2.990,0,0,20,305,0,3,0
06-09 04:37:18,11.973,2.744,83.561,0.249,0,5521376,5643556,440048,4629356,123403.933,18467.238,0,1336.977,0,53.878,2671,2202,1.970,1.820,1.590,1,0,0,0,0,20,305,0,3,0
06-09 04:37:19,15.293,6.017,77.468,0.251,0,5527300,5637048,440268,4629556,65095.856,11328.823,0,1881.285,0,82.231,3670,3287,2.060,1.840,1.600,0,0,9.025,0,0,20,305,0,1,0
06-09 04:37:20,14.995,2.749,80.975,0.250,0,5527252,5636572,440432,4629820,63513.480,15560.218,0,1319.594,0,56.982,2582,1973,2.060,1.840,1.600,2,0,0,0,0,20,305,0,1,0
06-09 04:37:21,9.000,2.750,85.997,0,0,5532796,5620472,440432,4640048,1476898.196,71648.487,0,475.983,0,14.999,4378,2564,2.060,1.840,1.600,2,0,1.000,0,0,20,305,0,1,0
06-09 04:37:22,2.500,2.250,93.514,0,0,5529724,5621992,440476,4641460,393960.227,27162.152,0,2216.339,0,26.004,2447,1868,2.060,1.840,1.600,0,0,3.000,0,0,20,305,0,1,0
06-09 04:37:23,3.250,5.000,86.756,0,0,5537260,5606524,440492,4649116,4028526.133,84759.578,0,3968.261,0,9.001,7776,5348,2.060,1.840,1.600,0,0,1.000,0,0,20,305,0,1,0
06-09 04:37:24,2.748,2.248,93.668,0,0,5535976,5606364,440564,4650444,657391.702,12217.271,0,1063.066,0,25.977,2512,1964,2.050,1.850,1.600,1,0,0.999,0,0,20,305,0,1,0
06-09 04:37:25,4.982,4.484,85.936,0,0,5532580,5600480,440572,4659596,5430341.576,103704.910,0,127.534,0,6.975,8527,5712,2.050,1.850,1.600,0,0,1.993,0,0,20,305,0,1,0
06-09 04:37:26,3.765,4.267,87.857,0,0,5533084,5589276,440572,4669904,5121889.269,89262.570,0,0,0,0,7851,4841,2.050,1.850,1.600,0,0,0,0,0,20,305,0,1,0
06-09 04:37:27,3.991,4.740,88.058,1.247,0,5541096,5577136,440600,4673832,1717927.763,39218.477,0,11694.498,0,23.948,4121,2766,2.050,1.850,1.600,0,0,0.998,0,0,20,305,0,1,0
06-09 04:37:28,12.282,4.762,81.710,0,0,5532980,5576184,440788,4682456,656679.633,22977.120,0,2975.656,0,278.717,3891,2703,2.050,1.850,1.600,1,0,2.005,0,0,20,305,0,1,0
06-09 04:37:29,25.129,3.732,70.163,0.249,0,5544340,5559080,440920,4687596,818.069,0,0,585.188,0,29.857,3103,2157,2.130,1.870,1.610,2,0,1.990,0,0,20,305,0,1,0
06-09 04:37:30,22.098,6.529,70.060,0.251,0,5533792,5555776,443776,4695812,601.663,70.311,0,4415.543,0,101.449,3673,2818,2.130,1.870,1.610,2,0,0,0,0,20,305,0,1,0
06-09 04:37:31,22.966,5.492,71.143,0,0,5543708,5533976,444408,4705524,539.192,0,0,1210.187,0,37.943,3072,2043,2.130,1.870,1.610,2,0,1.997,0,0,20,305,0,1,0
06-09 04:37:32,23.742,3.999,70.976,0.500,0,5536816,5528276,444640,4716508,15345.830,8125.263,3.999,1027.654,1.000,35.988,2898,1948,2.130,1.870,1.610,3,0,0,0,0,20,305,0,1,0
06-09 04:37:33,22.793,4.759,71.635,0,0,5551452,5495864,444948,4732712,748.411,0,0,1334.517,0,57.108,2962,2076,2.130,1.870,1.610,2,0,0,0,0,20,305,0,1,0
06-09 04:37:34,23.730,4.746,70.191,0.250,0,5553592,5483864,445552,4740616,810.323,0,0,1626.640,0,63.947,3285,2431,2.120,1.870,1.610,1,0,1.998,0,0,20,305,0,1,0
06-09 04:37:35,20.018,7.006,71.816,0,0,5555556,5440980,446160,4777504,1051.962,0,0,1425.304,0,48.044,2845,1966,2.120,1.870,1.610,2,0,0,0,0,20,305,0,1,0
06-09 04:37:36,23.489,5.997,70.718,0.250,0,5554512,5431292,446840,4785888,718.670,0,0,1627.252,0,46.978,3011,2087,2.120,1.870,1.610,2,0,0,0,0,20,305,0,1,0
06-09 04:37:37,25.273,4.004,69.563,0.250,0,5560628,5415232,446936,4795232,15125.799,7745.066,0,11058.088,0,203.185,3183,1879,2.120,1.870,1.610,2,0,2.002,0,0,20,305,0,1,0
06-09 04:37:38,23.501,5.500,69.753,0,0,5562800,5389684,448212,4814816,779.028,0,0,2756.100,0,201.007,3463,2386,2.120,1.870,1.610,2,0,0,0,0,20,305,0,1,0
06-09 04:37:39,23.987,4.797,71.456,0,0,5560424,5380232,448652,4824860,1168.553,0,0,1252.381,0,39.389,3075,2110,2.110,1.870,1.620,1,0,1.010,0,0,20,305,0,1,0
06-09 04:37:40,22.016,5.195,70.500,0,0,5558572,5363444,449244,4841472,770.801,0,0,1317.980,0,48.484,2984,2019,2.110,1.870,1.620,1,0,1.979,0,0,20,305,0,1,0
06-09 04:37:41,23.265,4.003,71.547,0,0,5565120,5345132,449804,4851452,480.316,0,0,1312.863,0,44.029,2866,1931,2.110,1.870,1.620,1,0,0,0,0,20,305,0,1,0
06-09 04:37:42,20.816,7.434,70.131,0,0,5497980,5446972,449928,4816936,15359.525,8045.040,0,2601.058,0,23.790,2805,1793,2.110,1.870,1.620,3,0,1.983,0,0,20,303,0,1,0
06-09 04:37:43,19.929,9.334,70.130,0,0,5530696,5414240,449928,4816944,484.349,0,0,8903.941,0,42.380,2922,1904,2.110,1.870,1.620,1,0,20.181,0,0,20,303,0,1,0
06-09 04:37:44,20.963,8.235,69.876,0.499,0,5547004,5392664,449964,4821836,478.150,0,0,1796.808,0,40.927,3050,2203,2.100,1.870,1.620,2,0,17.968,0,0,20,303,0,1,0
06-09 04:37:45,22.277,6.258,70.586,0.250,0,5556932,5381884,449976,4822336,823.007,0,0,620.760,0,18.022,3111,2367,2.100,1.870,1.620,2,0,2.002,0,0,20,303,0,1,0
06-09 04:37:46,37.764,18.507,40.765,0,0,5576416,5362240,449976,4822488,881.333,0,512.193,8.003,4.002,2.001,8622,11695,2.100,1.870,1.620,2,0,15.006,0,0,20,303,0,1,0
06-09 04:37:47,25.497,16.498,57.244,0,0,5579544,5358076,449980,4823384,419.957,147.985,639.934,1087.888,4.999,9.999,3749,2633,2.100,1.870,1.620,1,0,11.999,0,0,20,303,0,1,0
06-09 04:37:48,20.763,7.505,70.796,0,0,5561060,5376364,449984,4823504,926.599,0,0,884.572,0,16.010,2855,1977,2.100,1.870,1.620,1,0,1.001,0,0,20,303,0,1,0
06-09 04:37:49,19.992,12.245,64.724,0,0,5560720,5376676,449984,4823532,45107.799,23612.472,0,15.994,0,1.000,7533,11223,2.250,1.910,1.630,1,0,14.994,0,0,20,303,0,1,0
06-09 04:37:50,17.250,11.250,70.998,0,0,5546680,5390636,450000,4823596,29922.224,14915.613,0,1431.963,0,12.000,2801,1833,2.250,1.910,1.630,1,0,7.000,0,0,20,303,0,1,0
06-09 04:37:51,16.994,10.246,71.723,0,0,5514084,5423300,450004,4823524,29656.849,14946.380,0,123.953,0,3.998,2459,1501,2.250,1.910,1.630,3,0,0,0,0,20,303,0,1,0
06-09 04:37:52,20.748,7.249,71.243,0,0,5497872,5446684,450020,4817052,15049.540,7833.240,0,251.976,0,10.999,2823,1802,2.250,1.910,1.630,1,0,6.999,0,0,20,303,0,1,0
06-09 04:37:53,20.739,6.746,71.712,0.500,0,5510636,5432068,450332,4818592,30213.815,17866.429,247.867,3.998,3.998,0.999,2766,1842,2.250,1.910,1.630,1,0,0.999,0,0,20,303,0,1,0
06-09 04:37:54,22.022,7.007,68.818,1.001,0,5521232,5419272,450468,4820184,59446.129,597542.357,392.390,1737.728,10.010,10.010,3567,2618,2.230,1.910,1.630,1,0,1.001,0,0,20,304,0,2,0
06-09 04:37:55,25.736,6.496,65.964,0,0,5521704,5418516,450524,4820412,44759.713,22551.763,0,1043.434,0,86.953,5981,5992,2.230,1.910,1.630,2,0,1.999,0,0,20,304,0,7,0
06-09 04:37:56,24.239,8.746,64.970,0.250,0,5521808,5418264,450616,4820464,48524.820,24128.971,0,1127.485,0,164.925,6217,6659,2.230,1.910,1.630,1,0,0,0,0,20,306,0,8,0
06-09 04:37:57,27.002,6.001,64.256,0.250,0,5466976,5472528,450740,4820908,29446.679,14741.341,128.012,2540.231,1.000,197.018,5809,5970,2.230,1.910,1.630,2,0,1.000,0,0,20,305,0,8,0
06-09 04:37:58,8.994,25.733,63.457,0,0,5455428,5483784,450820,4821120,30982.140,27707.345,0,3401.710,0,188.873,5540,4121,2.230,1.910,1.630,2,0,147.900,0,0,20,305,0,8,0
06-09 04:37:59,7.736,26.203,64.135,0.250,0,5454704,5484480,450832,4821136,60968.366,37945.765,0,2495.513,0,456.180,5926,3503,2.210,1.910,1.640,2,0,155.720,0,0,20,305,0,8,0
06-09 04:38:00,9.282,20.822,68.237,0,0,5460308,5478864,450840,4821140,61157.345,33861.571,0,160.557,0,13.045,4948,3469,2.210,1.910,1.640,1,0,115.401,0,0,20,305,0,8,0
06-09 04:38:01,15.991,8.245,74.209,0,0,5459956,5479204,450844,4821148,45173.179,25474.003,0,91.949,0,5.997,3151,2119,2.210,1.910,1.640,0,0,24.986,0,0,20,305,0,10,0
06-09 04:38:02,16.484,11.738,70.680,0,0,5430776,5509932,450888,4819580,133586.670,476946.539,0,2933.094,0,86.914,4174,3235,2.210,1.910,1.640,2,0,25.974,0,0,20,306,0,10,0
06-09 04:38:03,10.776,7.268,80.197,0,0,5430120,5510548,450896,4819608,52731.616,96752.822,0,37961.310,0,145.357,2889,2081,2.210,1.910,1.640,0,0,0,0,0,20,306,0,10,0
06-09 04:38:04,2.748,2.498,93.926,0,0,5431392,5509292,450900,4819604,68519.377,19207.968,0,979.234,0,7.994,1951,1671,2.110,1.900,1.630,0,0,0,0,0,20,306,0,10,0
06-09 04:38:05,3.249,5.248,89.958,0,0,5433320,5507304,450920,4819644,19197.142,7568.508,0,515.762,0,4.998,2271,1912,2.110,1.900,1.630,1,0,15.993,0,0,20,305,0,10,0
06-09 04:38:06,4.997,7.995,85.948,0,0,5421896,5518684,450936,4819672,144562.832,51645.859,0,287.826,0,12.992,2990,2215,2.110,1.900,1.630,0,0,24.985,0,0,20,305,0,11,0
06-09 04:38:07,22.256,6.002,71.019,0,0,5442528,5498024,450952,4819684,109676.573,38394.353,0,576.155,0,40.011,3285,2336,2.110,1.900,1.630,1,0,14.004,0,0,20,305,0,11,0
06-09 04:38:08,8.739,23.471,65.169,0,0,5434460,5506052,450968,4819708,45236.045,23834.518,0,115.857,0,11.985,5278,3595,2.110,1.900,1.630,1,0,223.723,0,0,20,305,0,11,0
06-09 04:38:09,11.765,26.533,52.816,8.010,0,5425468,5514428,451056,4820172,30152.692,15675.595,584.731,104855.073,66.083,659.825,4527,2757,2.100,1.900,1.630,1,0,56.070,0,0,20,305,0,11,0
06-09 04:38:10,13.237,6.743,70.928,8.741,0,5435364,5500180,451280,4823344,29883.859,14871.001,3416.554,243.754,610.384,18.981,3868,3114,2.100,1.900,1.630,0,1,1.998,0,0,20,305,0,11,0
06-09 04:38:11,14.259,6.504,71.543,6.504,0,5450324,5477076,451824,4828060,15000.093,7462.524,5175.137,32.019,265.161,3.002,2778,2101,2.100,1.900,1.630,1,0,0,0,0,20,305,0,11,0
06-09 04:38:12,10.501,3.000,84.008,0.750,0,5457784,5468536,451852,4828864,21102.982,13564.274,644.060,140.013,47.004,10.001,2584,2199,2.100,1.900,1.630,1,0,0,0,0,20,306,0,11,0
06-09 04:38:13,15.862,5.287,78.807,0,0,5437348,5488948,451864,4828872,19152.401,10113.499,0,132.940,0,12.085,3204,2578,2.100,1.900,1.630,1,0,3.021,0,0,20,305,0,12,0
06-09 04:38:14,23.656,16.017,58.647,0.246,0,5474444,5451812,451888,4829684,24085.838,425423.154,3.943,33993.795,0.986,112.366,4059,5751,2.020,1.880,1.630,3,0,33.513,0,0,20,305,1,12,0
06-09 04:38:15,14.615,6.803,78.114,0.252,0,5471072,5454992,451916,4829028,54802.900,103934.206,0,2370.640,0,382.004,4318,7379,2.020,1.880,1.630,0,0,3.024,0,0,20,306,0,13,0
06-09 04:38:16,16.245,7.998,74.729,0,0,5474132,5451904,451936,4829036,31317.147,16295.394,0,259.927,0,25.993,3048,2425,2.020,1.880,1.630,1,0,2.999,0,0,20,305,0,15,0
06-09 04:38:17,13.510,4.253,81.312,0,0,5487412,5438612,451940,4829044,17445.273,13038.921,0,116.088,0,8.006,2399,1792,2.020,1.880,1.630,0,0,0,0,0,20,306,0,14,0
06-09 04:38:18,11.709,3.737,83.208,0,0,5477676,5448328,451964,4829040,27300.107,14496.082,0,286.992,0,31.888,3220,2861,2.020,1.880,1.630,2,0,0.996,0,0,20,305,0,15,0
06-09 04:38:19,17.176,6.970,74.677,0,0,5484060,5441924,451964,4829060,12163.427,6926.064,0,115.501,0,6.970,2510,1779,2.180,1.920,1.640,1,0,2.987,0,0,20,306,0,15,0
06-09 04:38:20,26.931,9.061,62.419,0,0,5479480,5446224,452012,4829292,24221.620,15265.490,0,1767.869,0,100.676,5672,5624,2.180,1.920,1.640,2,0,6.041,0,0,20,305,0,19,0
06-09 04:38:21,20.006,7.252,71.771,0,0,5479412,5446228,452016,4829352,44990.393,23810.088,0,48.014,0,6.002,2928,2081,2.180,1.920,1.640,1,0,1.000,0,0,20,306,0,19,0
06-09 04:38:22,5.251,3.000,89.763,0,0,5479492,5446004,452024,4829488,39124.511,24023.384,0,84.012,0,7.001,2623,2257,2.180,1.920,1.640,3,0,2.000,0,0,20,306,0,19,0
06-09 04:38:23,17.996,6.998,74.233,0,0,5463840,5461628,452040,4829500,32139.732,15744.440,0,107.976,0,13.997,2973,2276,2.180,1.920,1.640,1,0,1.000,0,0,20,305,0,20,0
06-09 04:38:24,11.256,3.752,83.795,0,0,5476940,5448524,452044,4829500,21217.486,13422.266,0,64.035,0,6.003,2312,1799,2.160,1.920,1.650,0,0,0,0,0,20,306,0,20,0
06-09 04:38:25,17.763,6.168,74.258,0,0,5431024,5494412,452064,4829508,20178.481,11448.091,0,2845.987,0,25.657,3253,2653,2.160,1.920,1.650,3,0,3.947,0,0,20,301,0,23,0
06-09 04:38:26,49.891,18.646,32.253,0,0,5191836,5733448,452068,4829200,30696.596,15178.971,0,48.379,0,3.024,3933,1767,2.160,1.920,1.650,5,0,4.032,0,0,20,287,0,25,0
06-09 04:38:27,73.238,24.161,2.265,0,0,5161280,5763996,452072,4829652,50144.929,15533.441,0,257.716,0,16.107,4845,2184,2.160,1.920,1.650,5,0,4.027,0,0,20,283,0,25,0
06-09 04:38:28,74.829,25.277,0,0,0,5266092,5659164,452084,4829656,30063.742,14871.702,0,416.440,0,36.038,5268,2838,2.160,1.920,1.650,4,0,3.003,0,0,20,283,0,25,0
06-09 04:38:29,76.206,22.237,0.500,0,0,5327868,5597176,452112,4829840,15346.093,7555.614,0,371.784,0,19.988,5041,2448,2.550,2,1.680,5,0,5.997,0,0,20,283,0,25,0
06-09 04:38:30,77.955,21.530,0.742,0,0,5220340,5704080,452148,4830444,29807.826,14575.267,0,2755.878,0,430.606,6449,5152,2.550,2,1.680,7,0,4.949,0,0,20,264,0,30,0
06-09 04:38:31,68.840,11.306,18.843,0,0,5275928,5647964,452148,4830972,12261.499,5673.996,0,32.159,0,3.015,4965,4741,2.550,2,1.680,2,0,0,0,0,20,266,0,34,0
06-09 04:38:32,48.423,27.812,22.598,0,0,5362192,5561628,452148,4831012,119849.700,579100.386,0,3.973,0,0.993,5467,3233,2.550,2,1.680,3,0,160.915,0,0,20,266,0,34,0
06-09 04:38:33,57.745,25.748,15.749,0,0,5421520,5500804,452200,4832456,45099.930,22761.946,0,855.923,0,52.995,6090,6417,2.550,2,1.680,7,0,121.989,0,0,20,268,0,39,0
06-09 04:38:34,56.920,14.544,27.081,0.251,0,5499072,5422432,452296,4833180,96221.810,24560.463,0,2820.436,0,159.477,5957,6302,2.830,2.070,1.700,2,0,1.003,0,0,20,278,0,41,0
06-09 04:38:35,27.163,7.797,64.134,0,0,5533596,5387696,452316,4833372,92206.155,27360.844,0,418.506,0,33.199,4394,3844,2.830,2.070,1.700,1,0,3.018,0,0,20,284,0,41,0
06-09 04:38:36,22.276,5.506,70.581,0,0,5540612,5380640,452328,4833408,31985.770,10737.343,0,228.262,0,23.026,3867,3444,2.830,2.070,1.700,1,0,0,0,0,20,289,0,41,0
06-09 04:38:37,22.206,3.028,74.440,0,0,5550176,5371064,452336,4833412,17436.637,9397.111,0,177.647,0,9.084,2533,1623,2.830,2.070,1.700,1,0,0,0,0,20,291,0,41,0
06-09 04:38:38,18.797,9.646,69.995,0.247,0,5541540,5379672,452364,4833408,3445.835,1939.086,0,965.586,0,32.648,3705,2600,2.830,2.070,1.700,3,0,73.210,0,0,20,292,0,42,0
06-09 04:38:39,10.001,23.002,64.505,0,0,5548136,5373052,452380,4833416,45462.391,22953.712,0,236.018,0,22.002,5032,3338,2.840,2.090,1.710,1,0,198.015,0,0,20,292,0,42,0
06-09 04:38:40,21.028,8.261,70.594,0,0,5586988,5334192,452392,4833412,30322.209,14743.551,0,2487.298,0,110.146,2944,1904,2.840,2.090,1.710,1,0,0,0,0,20,292,0,42,0
06-09 04:38:41,13.749,3.500,81.496,0,0,5604412,5316800,452392,4833424,32902.479,20162.068,0,0,0,0,2519,1835,2.840,2.090,1.710,0,0,2.000,0,0,20,293,0,42,0
06-09 04:38:42,16.463,4.490,77.575,0,0,5598708,5322488,452392,4833440,20734.251,10902.418,0,3.991,0,0.998,2796,2073,2.840,2.090,1.710,0,0,0,0,0,20,293,0,43,0
06-09 04:38:43,17.038,2.756,79.676,0,0,5569484,5351716,452392,4833436,66048.538,32230.019,0,144.318,0,9.020,2915,2255,2.840,2.090,1.710,0,0,1.002,0,0,20,294,0,44,0
06-09 04:38:44,7.754,21.260,68.781,0.500,0,5557420,5363488,452664,4833452,110940.091,46094.813,260.117,272.123,8.004,22.010,5109,3584,2.610,2.050,1.700,1,0,178.080,0,0,20,294,0,44,0
06-09 04:38:45,8.491,25.972,62.684,0,0,5539384,5381488,452688,4833464,55753.961,529359.454,0,1122.811,0,184.804,6215,4436,2.610,2.050,1.700,2,0,207.780,0,0,20,294,0,44,0
06-09 04:38:46,7.259,23.027,67.330,0,0,5537748,5383076,452732,4833468,61142.829,38708.106,0,316.377,0,36.043,5477,3938,2.610,2.050,1.700,1,0,180.215,0,0,20,294,0,44,0
06-09 04:38:47,6.248,22.244,68.982,0,0,5543080,5377724,452740,4833480,61299.314,39651.854,0,111.971,0,6.998,5160,3282,2.610,2.050,1.700,1,0,186.952,0,0,20,294,0,44,0
06-09 04:38:48,7.483,22.699,67.847,0,0,5532896,5387876,452760,4833492,61243.943,39283.447,0,423.046,0,29.933,5393,3702,2.610,2.050,1.700,3,0,181.591,0,0,20,294,0,44,0
06-09 04:38:49,6.762,23.291,68.369,0,0,5527900,5392852,452768,4833504,46929.851,29122.793,0,348.608,0,22.038,5231,3326,2.480,2.030,1.690,1,0,193.337,0,0,20,294,0,44,0
06-09 04:38:50,6.498,23.993,67.481,0,0,5520364,5400380,452768,4833516,61740.667,36825.662,0,0,0,0,5061,3314,2.480,2.030,1.690,2,0,214.940,0,0,20,294,0,44,0
06-09 04:38:51,6.998,24.492,66.479,0,0,5515272,5405464,452768,4833524,61565.548,38563.816,0,1387.562,0,7.997,5250,3311,2.480,2.030,1.690,1,0,200.937,0,0,20,294,0,44,0
06-09 04:38:52,7.237,25.953,64.632,0,0,5514900,5405824,452772,4833532,61465.542,37998.478,0,67.876,0,6.987,5241,3401,2.480,2.030,1.690,2,0,209.616,0,0,20,294,0,44,0
06-09 04:38:53,9.019,23.801,65.390,0,0,5492112,5428608,452792,4833516,59151.875,600235.447,0,412.886,0,26.056,5639,3792,2.480,2.030,1.690,1,1,199.428,0,0,20,294,0,44,0
06-09 04:38:54,6.497,22.988,68.465,0,0,5492792,5427896,452792,4833548,61111.078,37888.829,0,115.941,0,12.993,5092,3286,2.360,2.020,1.690,1,0,183.907,0,0,20,294,0,44,0
06-09 04:38:55,14.508,14.758,69.537,0,0,5520408,5400252,452820,4833548,61287.667,34638.463,0,284.151,0,28.015,3976,2871,2.360,2.020,1.690,1,0,76.041,0,0,20,294,0,44,0
06-09 04:38:56,23.015,7.255,68.295,0,0,5565728,5354892,452848,4833560,29887.507,14667.573,0,8545.577,0,637.416,4274,2558,2.360,2.020,1.690,1,0,2.001,0,0,20,294,0,44,0
06-09 04:38:57,24.254,4.751,70.260,0,0,5574460,5346112,452848,4833576,43021.316,15168.227,0,136.020,0,9.001,3233,2679,2.360,2.020,1.690,2,0,0,0,0,20,294,0,45,0
06-09 04:38:58,19.250,9.500,70.251,0,0,5570380,5350168,452864,4833584,45012.732,24252.394,0,260.004,0,20.000,3211,2528,2.360,2.020,1.690,2,0,5.000,0,0,20,294,0,38,0
06-09 04:38:59,23.745,5.499,70.485,0,0,5604008,5316400,452872,4833716,30336.356,15074.699,0,179.961,0,18.996,2900,2088,2.250,2,1.680,3,0,2.999,0,0,20,294,0,38,0
06-09 04:39:00,22.231,6.744,69.941,0,0,5599100,5321284,452884,4833728,30118.785,14741.658,0,227.809,0,17.985,3438,2778,2.250,2,1.680,3,0,0,0,0,20,295,0,39,0
06-09 04:39:01,31.755,10.752,55.259,0,0,5559836,5360184,453044,4833932,15489.434,8152.281,0,3056.480,0,555.087,5820,5252,2.250,2,1.680,2,0,17.003,0,0,20,295,0,41,0
06-09 04:39:02,22.497,9.249,67.741,0,0,5569516,5350444,453092,4833944,44073.954,19777.287,0,499.931,0,52.993,3572,2809,2.250,2,1.680,3,0,7.999,0,0,20,295,0,39,0
06-09 04:39:03,23.190,4.789,71.334,0,0,5599472,5320472,453100,4833948,34905.863,18299.867,0,112.925,0,7.058,2827,1898,2.250,2,1.680,2,0,0,0,0,20,295,0,39,0
06-09 04:39:04,22.830,5.707,70.226,0,0,5560836,5359092,453104,4833960,30236.586,15619.556,0,67.497,0,4.963,3211,2208,2.150,1.980,1.680,2,0,19.852,0,0,20,295,0,39,0
06-09 04:39:05,21.483,8.743,68.947,0,0,5566036,5353884,453116,4833956,56774.058,465631.608,0,263.796,0,24.981,3540,2430,2.150,1.980,1.680,1,0,3.997,0,0,20,295,0,39,0
06-09 04:39:06,24.540,6.260,68.612,0,0,5586664,5333192,453128,4834000,32783.525,122489.987,0,180.294,0,26.043,3599,2788,2.150,1.980,1.680,2,0,0,0,0,20,295,0,39,0
06-09 04:39:07,23.230,5.246,70.691,0,0,5544336,5375504,453128,4834016,30441.389,17994.860,0,0,0,0,3076,2118,2.150,1.980,1.680,2,0,4.996,0,0,20,295,0,39,0
06-09 04:39:08,22.438,6.233,69.807,0,0,5561560,5358260,453148,4834016,44818.382,21989.349,0,259.285,0,20.942,3104,2279,2.150,1.980,1.680,2,0,3.989,0,0,20,295,0,39,0
06-09 04:39:09,25.320,10.278,63.926,0.501,0,5584300,5335444,453204,4834028,30009.592,14632.271,0,3642.024,0,190.524,3968,3040,2.300,2.020,1.690,1,0,7.019,0,0,20,296,0,39,0
06-09 04:39:10,21.478,4.495,73.424,0,0,5549732,5369716,453312,4834216,29767.018,9126.501,0,978.981,0,133.861,4447,4322,2.300,2.020,1.690,1,0,4.995,0,0,20,295,0,38,0
06-09 04:39:11,5.748,16.995,74.478,0,0,5550540,5368972,453312,4834152,128344.667,51598.589,0,291.913,0,50.985,4458,2861,2.300,2.020,1.690,1,0,149.955,0,0,20,295,0,38,0
06-09 04:39:12,7.995,24.735,65.461,0,0,5543248,5376256,453316,4834156,61105.129,38396.831,0,3.998,0,0.999,5172,3209,2.300,2.020,1.690,2,0,202.878,0,0,20,295,0,38,0
06-09 04:39:13,7.008,22.526,68.830,0,0,5543204,5376240,453368,4834164,46535.037,28703.330,0,1529.776,0,76.088,5354,3649,2.300,2.020,1.690,3,0,186.216,0,0,20,295,0,38,0
06-09 04:39:14,6.753,22.761,68.284,0,0,5536976,5382452,453376,4834172,61296.426,39819.765,0,184.091,0,20.010,5295,3669,2.200,2,1.690,2,0,188.093,0,0,20,295,0,37,0
06-09 04:39:15,18.499,30.748,47.997,0.250,0,5545852,5373544,453396,4834180,72572.365,551032.808,0,323.979,0,30.998,6472,12935,2.200,2,1.690,3,0,220.986,0,0,20,295,0,38,0
06-09 04:39:16,7.502,23.506,67.518,0,0,5539964,5379404,453416,4834188,60966.103,38010.040,0,208.055,0,28.007,5640,4189,2.200,2,1.690,3,0,190.050,0,0,20,295,0,38,0
06-09 04:39:17,6.754,23.764,67.290,0,0,5532136,5387216,453424,4834196,46116.158,27730.331,0,96.057,0,7.004,5248,3380,2.200,2,1.690,1,0,212.125,0,0,20,295,0,38,0
06-09 04:39:18,7.492,24.223,65.927,0,0,5531984,5387344,453440,4834204,61704.778,38237.724,0,199.779,0,19.978,5423,3690,2.200,2,1.690,1,0,190.789,0,0,20,295,0,35,0
06-09 04:39:19,7.246,27.236,63.718,0,0,5529824,5389464,453464,4834216,61290.554,37709.268,0,555.724,0,32.984,5312,3505,2.180,2,1.690,1,0,215.893,0,0,20,295,0,35,0
06-09 04:39:20,6.251,24.752,66.757,0,0,5532708,5386544,453476,4834240,61529.068,38095.757,0,112.011,0,12.001,5305,3681,2.180,2,1.690,6,0,194.019,0,0,20,295,0,35,0
06-09 04:39:21,12.004,27.009,58.518,0,0,5538148,5381028,453508,4834284,53697.936,30319.562,0,3168.999,0,515.162,6416,4665,2.180,2,1.690,3,0,185.058,0,0,20,295,0,37,0
06-09 04:39:22,9.514,19.029,69.354,0,0,5539188,5379984,453508,4834288,54766.460,35124.886,0,0,0,0,4297,2860,2.180,2,1.690,1,0,119.179,0,0,20,295,0,32,0
06-09 04:39:23,22.973,6.492,69.168,0,0,5582024,5337140,453508,4834292,58257.085,576088.521,0,0,0,0,3244,2175,2.180,2,1.690,1,0,2.996,0,0,20,295,0,32,0
06-09 04:39:24,23.493,5.748,70.979,0,0,5601024,5318128,453516,4834296,29918.267,14815.676,0,283.917,0,18.994,2929,1984,2.090,1.980,1.690,3,0,0,0,0,20,297,0,33,0
06-09 04:39:25,24.428,6.730,65.307,0,0,5601120,5317900,453596,4834348,15256.824,7471.875,0,654.063,0,87.740,5508,5522,2.090,1.980,1.690,2,0,0.997,0,0,20,296,0,34,0
06-09 04:39:26,23.021,9.759,66.812,0.250,0,5601800,5317148,453648,4834364,15429.304,7464.921,0,564.523,0,56.052,4847,4764,2.090,1.980,1.690,1,0,2.002,0,0,20,296,0,28,0
06-09 04:39:27,14.298,14.800,68.481,0.251,0,5557884,5360864,453696,4834516,15915.691,7469.197,0,337.137,0,47.159,4418,3388,2.090,1.980,1.690,1,0,113.382,0,0,20,295,0,28,0
06-09 04:39:28,7.485,23.205,67.867,0,0,5541636,5377048,453720,4834548,73812.755,44387.258,0,167.672,0,17.965,5007,3451,2.090,1.980,1.690,2,0,136.733,0,0,20,295,0,30,0
06-09 04:39:29,12.758,17.511,67.544,0,0,5560284,5358368,453744,4834552,61037.724,35264.951,0,152.099,0,13.008,4466,3093,2,1.970,1.680,2,0,107.070,0,0,20,295,0,30,0
06-09 04:39:30,20.988,7.496,70.209,0,0,5577848,5340592,453764,4834600,30029.432,15069.184,15.991,815.523,0.999,12.992,3176,2334,2,1.970,1.680,1,0,1.999,0,0,20,295,0,30,0
06-09 04:39:31,22.274,6.757,70.577,0,0,5607652,5309384,453852,4835700,45275.434,23109.232,0,96.105,0,9.010,3044,2114,2,1.970,1.680,2,0,0,0,0,20,295,0,25,0
06-09 04:39:32,24.335,4.516,70.997,0,0,5616492,5297484,453992,4838200,31169.650,15574.288,0,4.014,0,1.003,3006,1993,2,1.970,1.680,2,0,2.007,0,0,20,295,0,25,0
06-09 04:39:33,20.587,7.937,69.697,0,0,5616008,5297512,454072,4838384,29632.687,14637.761,0,3980.392,0,171.637,3461,2704,2,1.970,1.680,1,0,2.976,0,0,20,295,0,25,0
06-09 04:39:34,26.559,5.763,66.398,0,0,5616296,5297128,454096,4838456,15329.093,7312.263,0,565.257,0,40.089,4113,3786,1.920,1.950,1.680,2,0,0,0,0,20,296,0,25,0
06-09 04:39:35,25.762,7.503,65.529,0,0,5616324,5296904,454172,4838572,45763.537,23202.413,0,1200.539,0,111.050,6260,6409,1.920,1.950,1.680,3,0,2.001,0,0,20,296,0,16,0
06-09 04:39:36,24.473,7.742,64.929,0.499,0,5616688,5296400,454268,4838612,30020.112,15001.565,0,3184.511,0,203.777,6267,6364,1.920,1.950,1.680,3,0,0.999,0,0,20,298,0,18,0
06-09 04:39:37,24.428,10.718,63.063,0,0,5619396,5293424,454368,4838776,40169.117,451762.984,0,1160.565,0,152.549,5704,5557,1.920,1.950,1.680,4,0,1.994,0,0,20,296,0,19,0
06-09 04:39:38,18.121,4.782,76.009,0.252,0,5621200,5291436,454460,4838864,20397.626,135478.452,0,1014.797,0,97.654,4406,4403,1.920,1.950,1.680,1,0,2.013,0,0,20,296,0,21,0
06-09 04:39:39,20.454,6.735,70.840,0,0,5621968,5290440,454608,4838940,18491.253,8392.053,0,1408.819,0,168.619,4661,4778,1.760,1.920,1.670,3,0,0.998,0,0,20,298,0,21,0
06-09 04:39:40,9.264,3.004,86.129,0,0,5621976,5290188,454676,4839112,18585.754,7770.604,0,1121.675,0,117.175,3500,3792,1.760,1.920,1.670,0,0,0,0,0,20,296,0,22,0
06-09 04:39:41,13.760,3.753,81.310,0.250,0,5622052,5289936,454780,4839180,29308.647,9208.801,0,1248.922,0,137.101,4169,4512,1.760,1.920,1.670,0,0,2.001,0,0,20,296,0,22,0
06-09 04:39:42,15.247,4.749,78.233,0,0,5622000,5289936,454872,4839136,1235.738,147.969,0,919.805,0,73.984,4190,4211,1.760,1.920,1.670,3,0,0,0,0,20,299,0,22,0
06-09 04:39:43,24.491,8.497,64.477,0,0,5621692,5289684,455120,4839440,30325.219,15312.556,0,1663.409,0,194.931,6458,7133,1.760,1.920,1.670,1,0,0,0,0,20,299,0,21,0
06-09 04:39:44,26.961,9.237,61.411,0.499,0,5621712,5289180,455504,4839524,44434.497,21988.081,0,7097.697,0,444.355,7171,7834,1.940,1.950,1.680,2,0,1.997,0,0,20,299,0,22,0
06-09 04:39:45,24.513,7.004,66.535,0,0,5621808,5288928,455580,4839600,15123.902,7365.849,0,1472.770,0,129.067,6399,6761,1.940,1.950,1.680,1,0,0,0,0,20,299,0,23,0
06-09 04:39:46,23.270,9.758,64.304,0.500,0,5621968,5288424,455716,4839804,41615.261,16114.654,0,912.773,0,131.111,6020,6357,1.940,1.950,1.680,2,0,0,0,0,20,300,0,23,0
06-09 04:39:47,18.001,6.000,74.254,0.250,0,5622040,5288200,455816,4839880,18102.893,8454.417,0,8540.421,0,974.048,5267,4627,1.940,1.950,1.680,0,0,2.000,0,0,20,298,0,23,0
06-09 04:39:48,15.465,4.241,77.577,0.249,0,5621684,5288200,455964,4840072,37011.299,10087.460,0,1640.335,0,164.632,4746,4821,1.940,1.950,1.680,1,0,0,0,0,20,298,0,24,0
06-09 04:39:49,11.257,4.503,82.798,0.250,0,5621832,5287948,456028,4840112,44586.001,21966.811,0,992.579,0,87.051,4100,4255,1.790,1.920,1.670,1,0,1.001,0,0,20,299,0,24,0
06-09 04:39:50,24.637,8.461,63.956,0.249,0,5621812,5287696,456204,4840200,30869.108,14590.932,0,1755.929,0,205.057,6722,7509,1.790,1.920,1.670,1,0,1.991,0,0,20,299,0,25,0
06-09 04:39:51,24.871,8.793,64.314,0.251,0,5621828,5287192,456488,4840396,16225.098,7398.066,0,7058.410,0,435.121,6645,7252,1.790,1.920,1.670,2,0,2.010,0,0,20,299,0,25,0
06-09 04:39:52,24.287,6.760,66.102,0,0,5622384,5286436,456632,4840444,19394.788,8546.126,0,2291.519,0,156.240,6044,6429,1.790,1.920,1.670,1,0,0,0,0,20,299,0,28,0
06-09 04:39:53,22.428,9.470,66.537,0.249,0,5622068,5286436,456848,4840540,22895.711,8205.734,0,1854.065,0,154.505,5600,5822,1.790,1.920,1.670,3,0,1.994,0,0,20,299,0,28,0
06-09 04:39:54,15.786,4.260,78.429,0,0,5622476,5285680,457000,4840728,19220.828,8322.978,0,1880.287,0,141.322,4112,4164,2.130,1.990,1.700,0,0,0,0,0,20,298,0,29,0
06-09 04:39:55,22.355,7.949,67.066,0.248,0,5622676,5285176,457224,4840792,15582.161,7571.005,0,1243.950,0,151.023,4912,4957,2.130,1.990,1.700,1,0,0,0,0,20,298,0,31,0
06-09 04:39:56,9.308,3.522,86.289,0.252,0,5622528,5285176,457308,4840856,3977.866,946.919,0,937.863,0,89.560,3635,3685,2.130,1.990,1.700,1,0,2.013,0,0,20,299,0,31,0
06-09 04:39:57,20.702,7.732,68.341,0,0,5622844,5284420,457532,4841064,18239.580,8689.790,0,1492.529,0,166.613,5085,5398,2.130,1.990,1.700,0,0,0,0,0,20,298,0,33,0
06-09 04:39:58,13.421,3.977,81.273,0,0,5623036,5284168,457584,4841068,15790.380,7686.912,0,612.408,0,45.732,3408,3110,2.130,1.990,1.700,3,0,0,0,0,20,300,0,33,0
06-09 04:39:59,27.484,5.295,66.063,0,0,5618936,5288056,457680,4841180,73030.921,457041.099,0,847.215,0,66.567,5316,4654,2.120,1.990,1.700,1,0,4.034,0,0,20,298,0,33,0
06-09 04:40:00,8.256,3.002,87.065,0.250,0,5618684,5288056,457784,4841324,45720.883,149533.817,0,1000.742,0,116.086,3851,3838,2.120,1.990,1.700,1,0,0,0,0,20,299,0,33,0
06-09 04:40:01,11.250,4.750,81.753,0.250,0,5618860,5287552,458048,4841376,43994.801,16918.693,0,5960.244,0,375.015,4549,5215,2.120,1.990,1.700,1,0,0,0,0,20,298,0,34,0
06-09 04:40:02,12.224,5.987,79.582,0.249,0,5614468,5291744,458176,4841436,29626.375,9491.936,0,5400.584,0,154.673,4373,4634,2.120,1.990,1.700,1,0,4.989,0,0,20,298,0,34,0
06-09 04:40:03,17.741,5.247,75.462,0.250,0,5615148,5290988,458316,4841368,30179.843,14816.559,0,1023.486,0,116.941,4765,4988,2.120,1.990,1.700,1,0,0,0,0,20,299,0,31,0
06-09 04:40:04,26.271,7.506,63.801,0,0,5614960,5290736,458560,4841560,7655.121,3837.068,0,1813.450,0,224.179,6851,7274,2.030,1.970,1.700,8,0,0,0,0,20,299,0,31,0
06-09 04:40:05,24.936,7.231,65.082,0.249,0,5615656,5289732,458676,4841744,8292.624,3776.266,0,1587.907,0,139.640,6455,6991,2.030,1.970,1.700,1,0,1.995,0,0,20,299,0,32,0
06-09 04:40:06,31.579,11.027,55.639,0,0,5616028,5288976,458904,4841884,15465.507,7675.110,0,2113.262,0,185.462,7102,7689,2.030,1.970,1.700,2,0,0,0,0,20,300,0,32,0
06-09 04:40:07,25.018,7.255,65.547,0.250,0,5615720,5288976,459000,4842092,15655.309,8764.331,0,2029.466,0,149.108,6001,6231,2.030,1.970,1.700,1,0,0,0,0,20,299,0,34,0
06-09 04:40:08,24.938,9.476,63.342,0.499,0,5615684,5288724,459272,4842096,44387.962,22384.006,0,4548.621,0,336.159,6763,7460,2.030,1.970,1.700,2,0,3.990,0,0,20,299,0,34,0
06-09 04:40:09,27.227,10.741,59.699,0,0,5616524,5287476,459464,4842288,29842.358,14579.473,0,2629.740,0,223.808,6916,7489,1.940,1.950,1.690,3,0,6.994,0,0,20,299,0,34,0
06-09 04:40:10,23.265,6.754,67.294,0.250,0,5616244,5287476,459556,4842476,15878.462,7462.917,0,1072.707,0,86.057,5908,6220,1.940,1.950,1.690,1,0,0,0,0,20,299,0,35,0
06-09 04:40:11,23.567,7.521,66.941,0,0,5616260,5287252,459696,4842536,15510.280,7383.078,0,1267.619,0,111.318,6031,6178,1.940,1.950,1.690,1,0,2.006,0,0,20,299,0,35,0
06-09 04:40:12,24.452,7.562,66.045,0.252,0,5616604,5286748,459772,4842612,15301.187,7505.900,0,1020.415,0,82.682,5936,5985,1.940,1.950,1.690,1,0,2.017,0,0,20,301,0,35,0
06-09 04:40:13,25.563,7.942,64.279,0.248,0,5616596,5286496,459960,4842680,44700.607,22753.351,0,1576.454,0,176.706,6739,7325,1.940,1.950,1.690,2,0,0,0,0,20,301,0,35,0
06-09 04:40:14,26.474,8.242,63.438,0,0,5615904,5286496,460280,4843044,29897.807,14967.385,0,2325.729,0,295.711,7362,8518,1.950,1.960,1.690,3,0,1.998,0,0,20,301,0,35,0
06-09 04:40:15,31.778,11.010,55.298,0.250,0,5649424,5252508,460460,4845324,45323.283,22989.926,0,1601.388,0,165.143,6934,9409,1.950,1.960,1.690,4,0,34.029,0,0,20,301,0,35,0
06-09 04:40:16,31.463,13.484,53.187,0,0,5640776,5260848,460792,4843276,30237.182,15060.160,0,7083.609,0,421.501,7442,14549,1.950,1.960,1.690,1,0,1.998,0,0,20,301,0,37,0
06-09 04:40:17,23.696,6.236,66.848,0.249,0,5638096,5263252,460876,4843468,29931.991,15418.966,0,666.486,0,61.859,5835,5860,1.950,1.960,1.690,1,0,1.995,0,0,20,301,0,38,0
06-09 04:40:18,26.062,9.272,62.649,0.251,0,5617260,5283892,461000,4843536,29457.057,586182.099,0,8845.036,0,889.115,7775,6388,1.950,1.960,1.690,1,0,1.002,0,0,20,302,0,38,0
06-09 04:40:19,18.771,4.255,76.085,0,0,5619664,5281376,461116,4843528,30496.174,14770.552,0,973.090,0,100.112,4113,4112,1.870,1.940,1.690,0,0,1.001,0,0,20,300,0,38,0
06-09 04:40:20,11.986,5.244,81.905,0,0,5620220,5280676,461192,4843592,786.091,0,0,731.154,0,79.908,3484,3246,1.870,1.940,1.690,4,0,1.998,0,0,20,301,0,39,0
06-09 04:40:21,29.023,9.007,59.297,0.250,0,5623712,5276896,461356,4843708,18482.597,8400.634,0,1497.182,0,181.143,5593,6100,1.870,1.940,1.690,0,0,6.005,0,0,20,300,0,45,0
06-09 04:40:22,12.244,3.498,82.710,0,0,5624004,5276392,461432,4843836,15473.431,7572.296,0,1199.413,0,102.950,3272,3127,1.870,1.940,1.690,6,0,0,0,0,20,301,0,47,0
06-09 04:40:23,8.751,3.000,86.259,0,0,5625600,5274628,461508,4843928,18747.057,8327.914,0,2304.253,0,146.016,3291,3349,1.870,1.940,1.690,0,0,2.000,0,0,20,300,0,47,0
06-09 04:40:24,23.753,7.251,67.007,0,0,5626724,5273368,461628,4843940,1027.111,0,0,1300.141,0,133.014,5195,5188,1.720,1.910,1.680,2,0,0,0,0,20,299,0,47,0
06-09 04:40:25,31.246,4.536,62.996,0,0,5632676,5267068,461712,4844196,18925.941,8372.892,0,1100.662,0,102.809,4751,4304,1.720,1.910,1.680,3,0,0,0,0,20,301,0,53,0
06-09 04:40:26,16.083,4.206,77.696,0.495,0,5632404,5267068,461932,4844240,14632.493,1821.144,0,1619.234,0,193.991,4682,5068,1.720,1.910,1.680,0,0,1.980,0,0,20,300,0,54,0
06-09 04:40:27,17.545,6.015,74.189,0.501,0,5632712,5266312,462288,4844312,3714.448,612.558,0,5927.077,0,376.959,4962,5398,1.720,1.910,1.680,0,0,0,0,0,20,300,0,56,0
06-09 04:40:28,9.974,2.743,85.028,0,0,5632936,5266060,462332,4844296,15494.478,7438.546,0,869.725,0,70.815,3146,3099,1.720,1.910,1.680,2,0,0.997,0,0,20,301,0,54,0
06-09 04:40:29,15.299,4.264,79.507,0,0,5632628,5266060,462532,4844396,14588.134,1845.964,0,1264.084,0,168.545,4443,4735,1.820,1.930,1.690,0,0,3.010,0,0,20,300,0,55,0
06-09 04:40:30,18.246,4.749,74.735,0,0,5632600,5265808,462696,4844512,30444.827,15446.868,0,1243.748,0,143.971,4996,5253,1.820,1.930,1.690,0,0,0,0,0,20,300,0,55,0
06-09 04:40:31,5.987,3.243,89.557,0.249,0,5632420,5265808,462720,4844660,30128.220,14626.551,0,383.176,0,21.953,2402,2150,1.820,1.930,1.690,2,0,0,0,0,20,301,0,55,0
06-09 04:40:32,26.284,7.510,64.083,0.501,0,5633192,5264800,462876,4844732,32957.904,15925.732,0,1137.481,0,172.224,5572,5725,1.820,1.930,1.690,0,0,2.003,0,0,20,300,0,58,0
06-09 04:40:33,8.723,2.741,87.727,0,0,5633124,5264800,462920,4844756,15391.043,7404.927,0,1028.794,0,40.873,2422,2126,1.820,1.930,1.690,1,0,0,0,0,20,301,0,60,0
06-09 04:40:34,26.814,7.769,63.653,0,0,5632736,5264800,463092,4844964,33763.040,15818.970,0,1591.821,0,169.407,5429,5428,1.760,1.910,1.680,1,0,0,0,0,20,298,0,65,2
06-09 04:40:35,7.972,2.740,87.692,0,0,5640764,5256736,463136,4844952,863.970,0,0,833.079,0,53.811,2443,2268,1.760,1.910,1.680,3,0,1.993,0,0,20,299,0,66,2
06-09 04:40:36,8.536,2.762,87.622,0.251,0,5640656,5256736,463208,4844988,15416.433,7489.790,0,883.751,0,86.367,3030,3064,1.760,1.910,1.680,1,0,0,0,0,20,298,0,64,2
06-09 04:40:37,9.758,3.503,84.820,0,0,5640648,5256484,463424,4845020,15468.688,7450.111,0,6097.001,0,336.276,3846,3900,1.760,1.910,1.680,0,0,0,0,0,20,298,0,64,2
06-09 04:40:38,9.243,3.248,86.686,0,0,5640600,5256484,463468,4845020,15219.705,7518.420,0,651.516,0,70.947,3235,3278,1.760,1.910,1.680,0,0,1.999,0,0,20,298,0,64,2
06-09 04:40:39,8.686,2.978,86.119,0.248,0,5640784,5256232,463512,4845044,1140.648,0,0,544.017,0,55.593,2888,2915,1.620,1.880,1.670,0,0,0.993,0,0,20,298,0,64,2
06-09 04:40:40,8.058,3.525,87.885,0,0,5640592,5256232,463532,4845216,15281.407,7675.455,0,386.795,0,29.211,2520,2305,1.620,1.880,1.670,1,0,0,0,0,20,297,0,61,2
06-09 04:40:41,17.483,3.996,76.176,0.250,0,5640840,5255728,463744,4845256,6527.635,1774.270,0,1330.702,0,184.820,4855,4900,1.620,1.880,1.670,0,0,1.998,0,0,20,298,0,61,2
06-09 04:40:42,18.151,5.222,74.842,0.497,0,5641000,5255476,463808,4845280,21217.202,8807.928,0,887.158,0,97.468,4346,4133,1.620,1.880,1.670,3,0,0,0,0,20,299,0,65,2
06-09 04:40:43,7.789,3.015,88.694,0,0,5641792,5254468,463928,4845364,541.711,0,0,1282.418,0,142.714,3105,3447,1.620,1.880,1.670,0,0,0,0,0,20,298,0,66,2
06-09 04:40:44,23.753,4.251,70.009,0,0,5641904,5254216,464020,4845408,6385.852,926.123,0,800.107,0,74.010,4315,3851,1.490,1.850,1.670,3,0,2.000,0,0,20,298,0,69,2
06-09 04:40:45,13.017,4.005,80.856,0.250,0,5641712,5253964,464232,4845632,26810.997,8684.336,0,1578.060,0,202.264,4768,5193,1.490,1.850,1.670,2,0,0,0,0,20,299,0,69,2
06-09 04:40:46,14.743,4.748,79.712,0.250,0,5641960,5253460,464368,4845744,11494.530,1376.345,0,1247.406,0,145.931,4723,4930,1.490,1.850,1.670,2,0,0,0,0,20,298,0,69,2
06-09 04:40:47,18.503,7.251,72.513,0,0,5641784,5253460,464520,4845764,419.075,148.027,0,1368.245,0,149.027,4424,4321,1.490,1.850,1.670,5,0,2.000,0,0,20,299,0,71,2
06-09 04:40:48,11.761,3.003,84.330,0,0,5642328,5252704,464640,4845852,18730.704,9012.518,0,1333.260,0,145.137,3578,3723,1.490,1.850,1.670,0,0,0,0,0,20,298,0,69,2
06-09 04:40:49,17.496,6.748,73.481,0.250,0,5642416,5252200,464884,4846024,47539.901,23242.085,0,13208.638,0,1132.712,6662,5599,1.370,1.820,1.660,0,0,1.000,0,0,20,298,0,70,2
06-09 04:40:50,13.726,3.244,81.605,0,0,5642624,5251948,464916,4846032,32487.423,15028.365,0,626.889,0,56.899,3539,3380,1.370,1.820,1.660,2,0,1.996,0,0,20,299,0,72,2
06-09 04:40:51,21.794,4.259,71.646,0.501,0,5646944,5247412,465020,4846140,15328.232,7708.707,0,1146.336,0,126.257,4471,4567,1.370,1.820,1.660,0,0,0,0,0,20,298,0,74,2
06-09 04:40:52,14.748,4.249,79.239,0.500,0,5647536,5246656,465140,4846180,32932.557,9650.698,0,1411.810,0,174.976,4718,5025,1.370,1.820,1.660,2,0,0,0,0,20,299,0,70,2
06-09 04:40:53,24.710,7.987,64.146,0.250,0,5647864,5245956,465272,4846412,64104.911,592939.230,0,1253.964,0,148.758,6931,7268,1.370,1.820,1.660,3,0,2.995,0,0,20,300,0,70,2
06-09 04:40:54,26.467,9.488,61.424,0.250,0,5647612,5245956,465524,4846408,29928.891,14963.447,0,5137.630,0,644.201,7316,7696,1.340,1.800,1.650,2,0,0.999,0,0,20,299,0,70,2
06-09 04:40:55,25.719,7.741,64.172,0.250,0,5647724,5245452,465776,4846536,29826.568,14574.198,0,3495.730,0,320.608,6841,7494,1.340,1.800,1.650,7,0,0,0,0,20,299,0,70,2
06-09 04:40:56,26.109,7.280,65.271,0,0,5647808,5244948,465912,4846808,15358.858,7326.461,0,1923.999,0,165.689,6453,6969,1.340,1.800,1.650,2,0,2.008,0,0,20,299,0,70,2
06-09 04:40:57,23.725,7.492,65.432,0.250,0,5648348,5244192,466072,4846856,15035.450,7436.309,0,4279.574,0,252.739,6397,6732,1.340,1.800,1.650,1,0,0,0,0,20,299,0,69,2
06-09 04:40:58,23.964,7.239,66.650,0.250,0,5648628,5243688,466204,4846940,15459.722,7350.931,0,1721.408,0,136.794,6017,6318,1.340,1.800,1.650,1,0,0,0,0,20,299,0,70,2
06-09 04:40:59,24.753,7.751,64.758,0.250,0,5649704,5242428,466372,4846956,15172.861,7722.947,0,1504.184,0,161.020,6043,6479,1.310,1.790,1.650,2,0,3.000,0,0,20,298,0,70,2
06-09 04:41:00,5.508,2.754,90.388,0,0,5650928,5240916,466464,4847144,480.732,0,0,1137.733,0,78.119,2720,2804,1.310,1.790,1.650,1,0,0,0,0,20,299,0,70,2
06-09 04:41:01,29.755,9.251,60.010,0.250,0,5656468,5235120,466732,4847124,15527.505,8202.323,0,1620.261,0,197.032,5431,5678,1.310,1.790,1.650,0,0,0,0,0,20,298,0,69,2
06-09 04:41:02,5.926,2.222,89.131,0,0,5656500,5234872,466824,4847248,3114.883,211.346,0,1193.018,0,83.946,2639,2740,1.310,1.790,1.650,2,0,1.975,0,0,20,297,0,72,2
06-09 04:41:03,15.699,4.051,79.762,0,0,5659036,5232100,467000,4847296,18583.820,8293.237,0,1778.569,0,185.352,4251,4432,1.310,1.790,1.650,0,0,0,0,0,20,298,0,70,2
06-09 04:41:04,19.113,4.964,73.225,0,0,5659112,5231848,467112,4847356,926.361,394.175,0,1620.388,0,118.153,4777,4849,1.210,1.760,1.640,2,0,0,0,0,20,298,0,73,2
06-09 04:41:05,11.053,3.768,84.151,0.251,0,5660828,5229832,467280,4847476,18052.026,7397.251,0,1438.857,0,151.723,3583,4043,1.210,1.760,1.640,0,0,2.010,0,0,20,298,0,72,2
06-09 04:41:06,24.762,6.503,65.033,0.250,0,5663064,5227060,467568,4847716,3342.672,463.232,0,6115.059,0,417.209,5947,6358,1.210,1.760,1.640,5,0,0,0,0,20,300,0,75,2
06-09 04:41:07,9.764,3.004,86.370,0,0,5663036,5227060,467604,4847708,11695.304,1527.129,0,660.921,0,53.074,3332,3294,1.210,1.760,1.640,1,0,0,0,0,20,301,0,76,2
06-09 04:41:08,24.317,7.940,65.506,0.496,0,5663196,5226556,467708,4847940,44514.120,22188.577,0,1274.384,0,143.914,6638,7077,1.210,1.760,1.640,1,0,3.970,0,0,20,301,0,76,2
06-09 04:41:09,26.201,12.345,58.197,0.252,0,5664028,5225296,468008,4848052,33421.844,17038.943,0,2487.113,0,320.463,7596,8764,1.190,1.750,1.640,1,0,7.054,0,0,20,301,0,74,2
06-09 04:41:10,25.758,8.503,63.521,0.500,0,5664044,5225044,468256,4848036,26156.503,13060.246,0,3189.037,0,287.093,6728,7583,1.190,1.750,1.640,1,0,0,0,0,20,301,0,74,2
06-09 04:41:11,24.203,7.485,66.870,0,0,5664012,5224792,468360,4848208,15081.695,7281.851,0,1301.471,0,109.787,5880,6072,1.190,1.750,1.640,1,0,1.996,0,0,20,301,0,76,2
06-09 04:41:12,25.312,7.268,64.909,0.251,0,5663656,5224792,468624,4848288,15199.337,7462.331,0,6227.297,0,362.891,6870,7234,1.190,1.750,1.640,1,0,0,0,0,20,301,0,76,2
06-09 04:41:13,24.253,7.001,67.509,0,0,5664600,5223532,468688,4848536,15233.100,7297.006,0,804.111,0,74.010,5869,6068,1.190,1.750,1.640,1,0,0,0,0,20,302,0,75,2
06-09 04:41:14,25.451,7.735,63.877,0,0,5664636,5223028,468924,4848760,30093.997,15340.433,0,7090.334,0,752.550,7901,7949,1.170,1.730,1.630,4,0,1.996,0,0,20,301,0,77,2
06-09 04:41:15,23.986,8.745,64.213,0.500,0,5664704,5222776,469068,4848796,30187.376,14745.391,0,2378.611,0,339.802,7021,7306,1.170,1.730,1.630,1,0,0,0,0,20,301,0,77,2
06-09 04:41:16,38.294,16.519,42.549,0.501,0,5681652,5205412,469312,4848924,29657.836,14608.667,0,2206.517,0,248.283,7777,18088,1.170,1.730,1.630,3,0,36.041,0,0,20,301,0,80,2
06-09 04:41:17,25.934,7.730,64.336,0.249,0,5681260,5205412,469496,4849124,15132.345,7425.033,0,1935.057,0,216.447,6733,7217,1.170,1.730,1.630,1,0,1.995,0,0,20,301,0,77,2
06-09 04:41:18,24.992,6.998,65.480,0,0,5681564,5204964,469568,4849188,42676.156,591925.856,0,1279.615,0,99.970,6461,6527,1.170,1.730,1.630,1,0,1.000,0,0,20,301,0,77,2
06-09 04:41:19,23.584,7.527,66.737,0,0,5681388,5204964,469672,4849256,480.707,0,0,1794.370,0,152.542,6016,6271,1.240,1.740,1.630,0,0,1.004,0,0,20,301,0,77,2
06-09 04:41:20,24.677,7.229,65.556,0.249,0,5681516,5204460,469852,4849440,15485.222,7340.301,0,4785.852,0,282.166,6489,6740,1.240,1.740,1.630,3,0,1.994,0,0,20,301,0,77,2
06-09 04:41:21,30.621,9.789,57.729,0.251,0,5682708,5203012,470020,4849528,45764.523,23157.855,0,1702.754,0,173.689,7125,7742,1.240,1.740,1.630,2,0,6.024,0,0,20,301,0,71,2
06-09 04:41:22,24.919,8.472,63.542,0.249,0,5682280,5203012,470232,4849732,29864.463,14823.586,0,1993.489,0,214.300,6901,7443,1.240,1.740,1.630,4,0,0,0,0,20,301,0,72,2
06-09 04:41:23,26.802,8.266,63.623,0.250,0,5682484,5202508,470384,4849872,30018.987,14914.811,0,2296.436,0,261.505,7148,7912,1.240,1.740,1.630,6,0,2.004,0,0,20,301,0,72,2
06-09 04:41:24,25.004,6.751,65.759,0,0,5682444,5202268,470496,4850016,30122.269,15146.147,0,1608.228,0,148.021,6144,6654,1.380,1.760,1.640,4,0,0,0,0,20,301,0,72,2
06-09 04:41:25,23.875,8.615,63.995,0.246,0,5683364,5201260,470588,4850012,15289.884,7407.668,0,6387.686,0,676.378,6934,6655,1.380,1.760,1.640,3,0,0,0,0,20,300,0,65,2
06-09 04:41:26,25.068,8.103,66.595,0.506,0,5683296,5201008,470644,4850272,15839.090,7620.751,0,1239.739,0,99.260,5837,5992,1.380,1.760,1.640,1,0,2.026,0,0,20,301,0,65,2
06-09 04:41:27,23.773,6.757,66.566,0,0,5683688,5200504,470720,4850300,479.473,148.146,0,1341.323,0,116.114,5841,6012,1.380,1.760,1.640,3,0,0,0,0,20,302,0,65,2
06-09 04:41:28,11.283,3.761,83.242,0,0,5683528,5200504,470796,4850380,15499.035,7383.454,0,1111.229,0,126.367,3793,4220,1.380,1.760,1.640,0,0,0,0,0,20,300,0,66,2
06-09 04:41:29,11.502,5.001,81.762,0.250,0,5683932,5199748,470968,4850552,15293.202,7459.074,0,5588.805,0,352.051,4643,5097,1.590,1.800,1.650,0,0,3.000,0,0,20,300,0,59,2
06-09 04:41:30,11.070,6.888,78.969,0,0,5683776,5199748,471072,4850604,753.770,0,0,1326.477,0,149.573,3872,4041,1.590,1.800,1.650,3,0,0,0,0,20,299,0,60,2
06-09 04:41:31,23.104,4.824,72.104,0.254,0,5683552,5199748,471132,4850760,18786.724,8778.444,0,1312.095,0,126.944,4483,4548,1.590,1.800,1.650,0,0,0,0,0,20,300,0,62,2
06-09 04:41:32,16.251,3.250,79.757,0,0,5683776,5199496,471132,4850788,762.065,148.013,0,540.046,0,25.002,3121,2716,1.590,1.800,1.650,1,0,2.000,0,0,20,301,0,65,2
06-09 04:41:33,21.456,4.241,72.101,0.249,0,5683912,5199244,471196,4850840,29557.742,9182.968,0,1516.856,0,183.619,4839,4956,1.590,1.800,1.650,0,0,0,0,0,20,300,0,63,2
06-09 04:41:34,11.531,2.507,84.479,0,0,5683896,5199020,471232,4851036,11591.457,1380.747,0,1291.505,0,88.239,3411,3378,1.460,1.770,1.650,0,0,0,0,0,20,300,0,64,2
06-09 04:41:35,9.242,3.247,86.426,0.250,0,5683868,5199020,471256,4851036,658.438,0,0,667.430,0,46.960,2826,2612,1.460,1.770,1.650,1,0,1.998,0,0,20,301,0,64,2
06-09 04:41:36,13.935,3.235,79.627,0.249,0,5683656,5199020,471348,4851152,30071.012,15053.422,0,1365.597,0,149.300,4501,4926,1.460,1.770,1.650,0,0,0,0,0,20,300,0,64,2
06-09 04:41:37,19.837,8.286,71.061,0,0,5683456,5199020,471504,4851192,44515.537,22199.011,0,1546.759,0,169.742,4757,4698,1.460,1.770,1.650,3,0,0,0,0,20,301,0,58,2
06-09 04:41:38,13.765,4.505,80.085,0.250,0,5683536,5198516,471728,4851380,20918.136,10428.035,0,6290.657,0,368.390,4372,4938,1.460,1.770,1.650,3,0,2.002,0,0,20,300,0,59,2
06-09 04:41:39,21.755,6.752,69.766,0,0,5684008,5198012,471792,4851348,30243.796,14859.339,0,896.201,0,101.023,4336,4186,1.350,1.740,1.640,3,0,1.000,0,0,20,301,0,63,2
06-09 04:41:40,13.963,2.992,81.536,0.249,0,5684072,5197760,471856,4851464,18766.656,8460.754,0,905.619,0,92.756,3296,3356,1.350,1.740,1.640,0,0,0,0,0,20,300,0,64,2
06-09 04:41:41,11.720,3.242,83.283,0,0,5683992,5197760,471900,4851496,15103.735,7504.491,0,662.278,0,57.850,3133,2979,1.350,1.740,1.640,0,0,1.995,0,0,20,300,0,65,2
06-09 04:41:42,14.818,4.018,80.618,0,0,5683828,5197760,471920,4851640,532.427,148.678,0,502.290,0,32.147,3232,2824,1.350,1.740,1.640,1,0,0,0,0,20,300,0,65,2
06-09 04:41:43,2.247,1.498,94.355,0,0,5683768,5197760,471944,4851676,15207.635,7284.808,0,503.227,0,44.931,1996,1972,1.350,1.740,1.640,4,0,0,0,0,20,301,0,65,2
06-09 04:41:44,28.304,4.759,66.126,0.250,0,5685616,5195744,471992,4851788,17307.057,9685.500,0,717.370,0,68.130,4309,3894,1.320,1.720,1.630,1,0,2.004,0,0,20,301,0,71,2
06-09 04:41:45,13.249,5.000,78.993,0.250,0,5685492,5195492,472188,4851960,17273.392,1905.823,0,6787.368,0,867.919,5960,5314,1.320,1.720,1.630,1,0,0,0,0,20,300,0,71,2
06-09 04:41:46,24.453,7.486,65.125,0.250,0,5685308,5195268,472328,4852224,50207.567,457077.098,0,1604.917,0,192.630,7002,7600,1.320,1.720,1.630,2,0,0.998,0,0,20,301,0,65,2
06-09 04:41:47,24.037,9.014,64.349,0.250,0,5685744,5194792,472412,4852180,33015.815,139278.366,0,1987.058,0,212.327,6546,7198,1.320,1.720,1.630,1,0,2.003,0,0,20,301,0,65,2
06-09 04:41:48,27.024,8.007,61.554,0.751,0,5685648,5194540,472532,4852396,29589.749,14832.908,0,2898.522,0,310.270,7078,8285,1.320,1.720,1.630,1,0,0,0,0,20,301,0,65,2
06-09 04:41:49,25.239,8.246,63.222,0.250,0,5685772,5194036,472716,4852584,29849.551,14585.428,0,6369.130,0,408.816,7045,7762,1.450,1.750,1.640,1,0,1.000,0,0,20,301,0,65,2
06-09 04:41:50,24.510,7.253,66.277,0,0,5686112,5193532,472800,4852660,15385.347,7299.011,0,2973.227,0,208.086,6467,6750,1.450,1.750,1.640,1,0,2.001,0,0,20,301,0,61,2
06-09 04:41:51,23.464,6.740,66.898,0.250,0,5686260,5193280,472832,4852728,15267.799,7446.684,0,734.883,0,66.898,6005,6132,1.450,1.750,1.640,1,0,0,0,0,20,301,0,61,2
06-09 04:41:52,25.026,7.758,65.568,0,0,5686960,5192272,472924,4852936,4314.483,913.950,0,1217.265,0,148.154,6394,6714,1.450,1.750,1.640,0,0,0,0,0,20,300,0,61,2
06-09 04:41:53,4.239,2.244,91.772,0,0,5686920,5192272,472940,4852960,22305.480,7888.365,0,538.659,0,28.928,2337,2226,1.450,1.750,1.640,1,0,1.995,0,0,20,301,0,61,2
06-09 04:41:54,27.272,8.257,63.052,0.250,0,5686708,5192272,473056,4853048,18399.143,8263.801,0,1569.292,0,177.146,5245,5539,1.500,1.750,1.640,2,0,0,0,0,20,300,0,61,2
06-09 04:41:55,8.006,2.752,88.071,0,0,5686704,5192272,473068,4853040,479.387,0,0,4895.952,0,601.485,3502,2651,1.500,1.750,1.640,1,0,0,0,0,20,300,0,62,2
06-09 04:41:56,26.995,8.498,62.989,0.500,0,5687448,5191264,473112,4853256,18921.620,8852.419,0,2583.539,0,206.963,5738,5861,1.500,1.750,1.640,1,0,2.000,0,0,20,303,0,64,2
06-09 04:41:57,8.257,2.252,88.573,0,0,5687420,5191264,473124,4853272,11440.461,1327.097,0,580.480,0,30.025,2284,1999,1.500,1.750,1.640,1,0,0,0,0,20,302,0,66,2
06-09 04:41:58,8.248,2.749,87.230,0.250,0,5687396,5191264,473128,4853288,18624.729,8036.157,0,935.785,0,90.979,3013,2998,1.500,1.750,1.640,0,0,0,0,0,20,302,0,64,2
06-09 04:41:59,15.954,3.241,79.273,0,0,5687348,5191264,473152,4853312,818.660,0,0,797.720,0,65.812,3283,2905,1.380,1.720,1.630,2,0,2.991,0,0,20,303,0,68,2
06-09 04:42:00,18.306,5.266,73.978,0,0,5687484,5191012,473244,4853336,14465.631,1845.695,0,5292.328,0,383.182,5563,5931,1.380,1.720,1.630,0,0,0,0,0,20,302,0,70,2
06-09 04:42:01,17.256,3.501,78.277,0.250,0,5687480,5190760,473276,4853552,22403.702,8625.966,0,672.231,0,50.017,3590,3174,1.380,1.720,1.630,0,0,0,0,0,20,302,0,73,2
06-09 04:42:02,5.499,2.250,90.983,0.500,0,5687704,5190508,473288,4853564,3286.388,676.874,0,735.863,0,57.989,2504,2475,1.380,1.720,1.630,1,0,2.000,0,0,20,301,0,71,2
06-09 04:42:03,8.994,3.248,85.194,0,0,5687656,5190508,473308,4853592,15246.961,1442.051,0,1187.218,0,143.905,3412,3609,1.380,1.720,1.630,0,0,0,0,0,20,302,0,71,2
06-09 04:42:04,22.211,6.239,69.628,0.250,0,5687544,5190508,473356,4853656,15791.388,7814.336,0,1285.752,0,138.757,6129,6644,1.270,1.690,1.620,1,0,0,0,0,20,303,0,72,2
06-09 04:42:05,25.493,9.497,62.732,0,0,5687408,5190508,473432,4853712,44990.235,21881.792,0,1623.539,0,174.950,6788,7384,1.270,1.690,1.620,2,0,2.999,0,0,20,303,0,72,2
06-09 04:42:06,25.961,9.486,62.656,0.250,0,5687232,5190256,473576,4853988,29758.490,14863.768,0,2456.326,0,290.565,7210,8045,1.270,1.690,1.620,1,0,0,0,0,20,303,0,67,2
06-09 04:42:07,25.048,6.763,65.376,0.250,0,5687280,5190004,473668,4854088,15381.533,7620.632,0,1895.640,0,187.360,6456,7092,1.270,1.690,1.620,1,0,0,0,0,20,303,0,67,2
06-09 04:42:08,24.770,7.256,66.805,0,0,5687916,5189248,473736,4854140,15303.561,7464.127,0,1369.124,0,103.085,5810,6047,1.270,1.690,1.620,3,0,4.003,0,0,20,303,0,67,2
06-09 04:42:09,24.235,10.244,62.712,0.250,0,5688700,5188240,473784,4854312,15282.749,7291.586,0,1343.187,0,113.931,6176,6278,1.250,1.680,1.620,1,0,6.996,0,0,20,302,0,67,2
06-09 04:42:10,23.803,8.268,65.396,0.251,0,5689180,5187484,473920,4854436,15875.431,7378.467,0,5291.810,0,327.731,6577,7139,1.250,1.680,1.620,0,0,1.002,0,0,20,302,0,65,2
06-09 04:42:11,4.747,3.248,91.438,0,0,5689164,5187484,473940,4854432,15161.721,7291.057,0,1259.146,0,69.953,2420,2377,1.250,1.680,1.620,1,0,1.999,0,0,20,303,0,65,2
06-09 04:42:12,17.258,3.752,76.787,0,0,5688864,5187484,474020,4854648,26383.817,8987.366,0,1228.597,0,125.061,4787,4994,1.250,1.680,1.620,0,0,0,0,0,20,302,0,65,2
06-09 04:42:13,13.971,4.491,80.084,0,0,5688824,5187484,474064,4854640,768.404,0,0,985.952,0,89.813,4221,4410,1.250,1.680,1.620,1,0,0,0,0,20,303,0,65,2
06-09 04:42:14,23.989,9.496,64.220,0.250,0,5688612,5187484,474136,4854776,15691.721,7824.371,0,1819.156,0,208.903,7070,7829,1.220,1.670,1.620,1,0,1.999,0,0,20,303,0,61,2
06-09 04:42:15,26.523,7.757,63.806,0.500,0,5688748,5187232,474280,4854744,44421.174,23042.320,0,2518.221,0,296.261,7106,8307,1.220,1.670,1.620,1,0,0,0,0,20,303,0,61,2
06-09 04:42:16,26.491,10.246,59.979,0.500,0,5697288,5178216,474444,4855044,42748.051,588650.155,0,7329.437,0,810.717,7875,7126,1.220,1.670,1.620,2,0,13.995,0,0,20,303,0,62,2
06-09 04:42:17,35.054,15.023,48.325,0,0,5686356,5188952,474556,4855108,15213.548,7749.996,0,1362.108,0,105.163,6760,16525,1.220,1.670,1.620,3,0,25.039,0,0,20,303,0,63,2
06-09 04:42:18,23.488,6.996,66.716,0.250,0,5686236,5188700,474712,4855316,15610.091,7454.223,0,1487.246,0,122.938,5904,6339,1.220,1.670,1.620,2,0,0,0,0,20,303,0,60,2
06-09 04:42:19,24.765,8.255,65.539,0,0,5686528,5188196,474880,4855356,15180.919,7300.289,0,4910.885,0,282.166,6438,6671,1.370,1.690,1.630,3,0,1.001,0,0,20,303,0,60,2
06-09 04:42:20,21.972,7.490,68.412,0.250,0,5686344,5188196,474984,4855424,18253.420,8433.106,0,1585.951,0,199.742,5316,5795,1.370,1.690,1.630,1,0,2.996,0,0,20,300,0,63,2
06-09 04:42:21,12.013,5.756,81.089,0.501,0,5686272,5188196,475008,4855472,15428.969,7304.033,0,1737.911,0,164.181,3917,3873,1.370,1.690,1.630,1,0,0,0,0,20,301,0,63,2
06-09 04:42:22,15.965,4.740,76.833,0,0,5686476,5187692,475092,4855688,14527.472,6603.668,0,1281.219,0,143.688,4471,4811,1.370,1.690,1.630,0,0,0,0,0,20,300,0,64,2
06-09 04:42:23,30.301,15.025,53.590,0,0,5730012,5143884,475236,4855800,4625.740,1815.037,0,1402.347,0,157.263,6527,6685,1.370,1.690,1.630,2,0,8.013,0,0,20,300,0,66,2
06-09 04:42:24,9.739,2.747,86.150,0.250,0,5730136,5143632,475316,4855848,18136.018,8434.242,0,847.020,0,80.906,3288,3448,1.340,1.680,1.620,4,0,0,0,0,20,300,0,66,2
06-09 04:42:25,24.735,7.995,65.460,0.250,0,5730012,5143380,475476,4856056,833.486,920.433,0,1519.064,0,189.883,5532,6066,1.340,1.680,1.620,0,0,0.999,0,0,20,300,0,67,2
06-09 04:42:26,12.512,4.754,80.825,0,0,5730172,5143128,475536,4856088,3682.413,66.061,0,5236.854,0,673.624,4964,3822,1.340,1.680,1.620,2,0,2.002,0,0,20,301,0,68,2
06-09 04:42:27,21.550,5.763,71.666,0,0,5729796,5143128,475672,4856316,71493.050,33265.262,0,2521.857,0,157.365,5109,5037,1.340,1.680,1.620,0,0,0,0,0,20,300,0,67,2
06-09 04:42:28,14.474,4.742,78.611,0.250,0,5729816,5142876,475872,4856340,33423.943,15256.044,0,4903.336,0,299.471,4808,5210,1.340,1.680,1.620,1,0,0.998,0,0,20,300,0,67,2
06-09 04:42:29,8.751,4.000,85.760,0.250,0,5730152,5142372,476004,4856372,43684.162,16036.895,0,1660.196,0,157.019,3928,4135,1.470,1.700,1.630,1,0,4.000,0,0,20,301,0,67,2
06-09 04:42:30,15.273,4.006,78.867,0.250,0,5729892,5142372,476176,4856452,43808.897,16522.476,0,1370.030,0,154.228,4674,4950,1.470,1.700,1.630,0,0,0,0,0,20,300,0,69,2
06-09 04:42:31,14.495,3.749,79.471,0.250,0,5729784,5142372,476300,4856436,25831.446,9066.647,0,1179.564,0,126.953,4394,4463,1.470,1.700,1.630,3,0,0,0,0,20,300,0,66,2
06-09 04:42:32,10.750,3.250,84.246,0.250,0,5729784,5142120,476388,4856596,18724.212,7575.681,0,855.964,0,68.997,3663,3649,1.470,1.700,1.630,1,0,2.000,0,0,20,301,0,66,2
06-09 04:42:33,23.193,8.230,65.589,0,0,5729528,5142120,476520,4856712,418.973,0,0,1456.431,0,159.609,6580,7117,1.470,1.700,1.630,3,0,0,0,0,20,301,0,66,2
06-09 04:42:34,26.262,8.004,63.278,0.250,0,5730100,5141364,476812,4856600,15237.816,7461.337,0,2140.958,0,268.120,7228,7992,1.350,1.670,1.620,2,0,0,0,0,20,301,0,67,2
06-09 04:42:35,27.512,8.754,62.027,0.250,0,5730196,5140608,477072,4856984,15445.699,7365.194,0,2477.074,0,262.114,6919,7515,1.350,1.670,1.620,4,0,2.001,0,0,20,301,0,61,2
06-09 04:42:36,25.532,7.259,64.332,0.250,0,5730048,5140356,477356,4857084,599.760,0,0,6251.926,0,360.457,6636,7377,1.350,1.670,1.620,2,0,0,0,0,20,301,0,62,2
06-09 04:42:37,24.989,6.747,66.471,0,0,5729908,5140356,477460,4857112,15105.473,7440.785,0,1027.556,0,89.961,6041,6201,1.350,1.670,1.620,1,0,0,0,0,20,301,0,62,2
06-09 04:42:38,24.274,7.507,66.315,0,0,5730324,5139600,477564,4857344,839.823,0,0,1021.001,0,95.093,6180,6389,1.350,1.670,1.620,2,0,2.002,0,0,20,301,0,63,2
06-09 04:42:39,25.988,6.747,64.719,0,0,5730280,5139348,477804,4857388,15572.512,7662.316,0,1823.123,0,199.904,6675,7363,1.320,1.660,1.620,1,1,1.999,0,0,20,301,0,60,2
06-09 04:42:40,24.630,7.464,64.933,0.746,0,5730060,5139096,477936,4857720,60947.825,31060.552,0,1341.459,0,111.457,6214,6322,1.320,1.660,1.620,4,0,0,0,0,20,301,0,61,2
06-09 04:42:41,25.559,7.517,65.402,0,0,5730780,5138144,478092,4857788,55737.568,469108.493,0,1579.672,0,131.305,6793,7091,1.320,1.660,1.620,4,0,2.005,0,0,20,301,0,61,2
06-09 04:42:42,26.803,9.519,61.122,0.250,0,5730908,5137640,478360,4857888,33009.789,139530.085,0,2537.056,0,306.611,7530,8351,1.320,1.660,1.620,2,0,1.002,0,0,20,301,0,61,2
06-09 04:42:43,26.241,9.747,60.979,0.250,0,5730624,5137388,478744,4858028,15396.618,7359.428,0,7737.295,0,524.817,7561,8681,1.320,1.660,1.620,1,0,0,0,0,20,301,0,54,2
06-09 04:42:44,24.762,7.504,65.782,0.250,0,5730860,5136884,478864,4858168,15708.603,7527.644,0,1384.670,0,114.055,6264,6498,1.460,1.680,1.630,1,0,2.001,0,0,20,301,0,54,2
06-09 04:42:45,24.760,7.003,65.775,0.250,0,5731232,5136380,478972,4858184,15177.839,7364.833,0,1184.456,0,112.043,6116,6259,1.460,1.680,1.630,1,0,0,0,0,20,301,0,55,2
06-09 04:42:46,24.554,7.192,64.236,0,0,5731840,5135372,479100,4858448,26286.715,9086.313,0,1170.635,0,114.087,6120,6326,1.460,1.680,1.630,1,0,0,0,0,20,302,0,55,2
06-09 04:42:47,24.720,11.099,63.062,0.252,0,5732036,5134868,479324,4858528,15508.151,8792.325,0,8112.267,0,884.883,6330,5808,1.460,1.680,1.630,0,0,2.018,0,0,20,300,0,49,2
06-09 04:42:48,11.438,3.979,82.058,0.249,0,5732192,5134616,479456,4858488,3434.487,65.646,0,1456.151,0,170.083,3904,4233,1.460,1.680,1.630,3,0,0,0,0,20,300,0,49,2
06-09 04:42:49,4.013,2.257,92.291,0,0,5732504,5134112,479532,4858596,18689.852,8204.836,0,955.007,0,69.218,2484,2617,1.340,1.660,1.620,1,0,1.003,0,0,20,300,0,49,2
06-09 04:42:50,20.790,5.761,71.636,0.501,0,5732580,5133608,479728,4858820,19194.527,8582.332,0,1474.807,0,178.339,5445,5940,1.340,1.660,1.620,0,0,2.004,0,0,20,300,0,50,2
06-09 04:42:51,9.506,3.502,85.809,0,0,5733024,5133104,479780,4858828,44412.330,22432.320,0,1180.806,0,108.074,3230,3093,1.340,1.660,1.620,0,0,0,0,0,20,300,0,49,2
06-09 04:42:52,5.694,3.961,87.890,0.495,0,5732704,5133104,480040,4858872,36473.225,15580.593,0,5153.588,0,299.075,3547,3923,1.340,1.660,1.620,1,0,0,0,0,20,301,0,49,2
06-09 04:42:53,14.757,4.252,80.038,0,0,5733272,5132348,480160,4858936,40418.173,16645.896,0,1268.602,0,145.069,4516,4806,1.340,1.660,1.620,0,0,2.001,0,0,20,300,0,49,2
06-09 04:42:54,10.856,3.030,85.081,0,0,5733256,5132096,480244,4859116,47701.987,22638.145,0,1030.062,0,100.987,3653,3771,1.230,1.630,1.610,0,0,0,0,0,20,300,0,50,2
06-09 04:42:55,11.223,3.492,82.799,0.249,0,5733172,5132096,480380,4859064,15328.724,7278.301,0,1217.040,0,127.689,3569,3709,1.230,1.630,1.610,3,0,0,0,0,20,300,0,46,2
06-09 04:42:56,5.001,2.751,90.517,0.250,0,5733192,5131844,480464,4859204,48120.941,23518.370,0,868.161,0,89.017,2986,3138,1.230,1.630,1.610,0,0,2.000,0,0,20,301,0,46,2
06-09 04:42:57,12.768,4.256,81.615,0.250,0,5732976,5131844,480624,4859252,33307.824,15224.403,0,5331.495,0,621.874,4820,4077,1.230,1.630,1.610,0,0,0,0,0,20,300,0,46,2
06-09 04:42:58,13.492,4.497,79.453,0,0,5733572,5130864,480796,4859456,48273.346,23823.859,0,1343.203,0,142.915,4694,4881,1.230,1.630,1.610,1,0,0,0,0,20,300,0,48,2
06-09 04:42:59,10.479,3.743,84.082,0,0,5734028,5130360,480892,4859408,32360.394,15348.358,0,870.263,0,68.863,3526,3470,1.130,1.600,1.600,1,0,2.994,0,0,20,300,0,38,2
06-09 04:43:00,7.773,3.761,87.509,0,0,5731040,5133040,481076,4859520,44298.330,601595.533,0,1127.342,0,118.351,4013,3905,1.130,1.600,1.600,3,0,1.003,0,0,20,301,0,38,2
06-09 04:43:01,15.237,4.496,78.434,0.250,0,5731280,5132536,481296,4859556,51669.395,23722.980,0,1302.900,0,130.890,4713,4820,1.130,1.600,1.600,0,0,0,0,0,20,300,0,39,2
06-09 04:43:02,13.004,3.751,81.276,0.250,0,5731784,5131784,481428,4859668,51886.295,23565.401,0,1292.406,0,136.043,3996,4116,1.130,1.600,1.600,2,0,2.001,0,0,20,300,0,39,2
06-09 04:43:03,10.474,4.489,82.546,0.249,0,5731756,5131532,481764,4859608,22508.368,7888.503,0,5889.444,0,333.177,4549,4862,1.130,1.600,1.600,3,0,0,0,0,20,301,0,33,2
06-09 04:43:04,24.153,8.964,64.988,0.498,0,5731944,5131028,482060,4859612,29623.530,14533.387,0,1426.248,0,170.313,6688,7191,1.360,1.640,1.610,2,0,0,0,0,20,301,0,33,2
06-09 04:43:05,27.101,7.528,62.985,0.251,0,5732000,5130272,482552,4859804,15451.649,7323.323,0,1895.070,0,237.888,6998,7736,1.360,1.640,1.610,5,0,2.007,0,0,20,301,0,33,2
06-09 04:43:06,26.043,9.766,62.352,0,0,5731940,5129780,482772,4860124,15698.793,7308.007,0,1742.864,0,203.334,6495,7161,1.360,1.640,1.610,1,0,1.002,0,0,20,301,0,33,2
06-09 04:43:07,24.276,6.507,68.073,0,0,5732688,5128772,482852,4860300,822.886,148.159,0,985.060,0,85.092,5561,5701,1.360,1.640,1.610,1,0,0,0,0,20,301,0,34,2
06-09 04:43:08,24.215,6.740,67.154,0.250,0,5733480,5127764,482960,4860400,15712.593,7285.611,0,1409.989,0,106.848,6109,6664,1.360,1.640,1.610,2,0,3.994,0,0,20,301,0,32,2
06-09 04:43:09,24.500,7.000,66.249,0.250,0,5733844,5126504,483028,4861224,15111.868,7457.935,0,1019.991,0,89.999,6267,6617,1.500,1.660,1.620,3,0,3.000,0,0,20,302,0,34,2
06-09 04:43:10,18.526,10.765,69.097,0,0,5734980,5124992,483192,4861428,539.760,0,0,1638.308,0,191.269,5189,5330,1.500,1.660,1.620,0,0,5.007,0,0,20,300,0,35,2
06-09 04:43:11,12.006,4.002,82.291,0,0,5735040,5124740,483292,4861516,15185.572,7623.801,0,1448.722,0,140.070,3922,4042,1.500,1.660,1.620,2,0,2.001,0,0,20,301,0,36,2
06-09 04:43:12,20.998,9.249,66.992,0.500,0,5734740,5124488,483640,4861704,478.945,147.983,0,6979.197,0,451.948,6213,6893,1.500,1.660,1.620,0,0,0,0,0,20,300,0,38,2
06-09 04:43:13,9.739,2.747,86.903,0,0,5734972,5124236,483688,4861676,15732.421,7981.082,0,759.152,0,45.949,2826,2564,1.500,1.660,1.620,2,0,0,0,0,20,301,0,38,2
06-09 04:43:14,24.481,7.994,65.200,0.250,0,5734764,5123984,483992,4861820,59811.113,29775.156,0,1910.534,0,241.814,7229,8065,1.540,1.670,1.620,3,0,1.998,0,0,20,301,0,39,2
06-09 04:43:15,25.471,7.991,64.927,0.749,0,5735104,5123480,484220,4861752,30214.008,14575.602,0,2009.739,0,221.751,6708,7159,1.540,1.670,1.620,3,0,0,0,0,20,301,0,39,2
06-09 04:43:16,24.284,8.011,63.839,0,0,5734568,5123480,484476,4862016,29730.424,14840.678,0,2575.589,0,282.393,7137,8045,1.540,1.670,1.620,1,0,0,0,0,20,301,0,39,2
06-09 04:43:17,34.094,16.306,45.953,0,0,5767256,5090468,484556,4865692,14756.439,7356.478,0,7305.090,0,798.500,7334,16671,1.540,1.670,1.620,3,0,35.577,0,0,21,302,0,41,2
06-09 04:43:18,25.308,7.846,65.549,0.253,0,5757968,5099428,484684,4862428,15995.912,7452.813,0,1486.108,0,108.320,6057,7680,1.540,1.670,1.620,1,0,2.025,0,0,20,301,0,44,2
06-09 04:43:19,23.977,8.242,65.187,0,0,5755480,5101600,484992,4862424,15037.517,7288.980,0,5390.808,0,335.677,6662,7150,1.570,1.680,1.620,1,0,0.999,0,0,20,302,0,45,2
06-09 04:43:20,22.542,7.764,67.877,0,0,5753424,5103328,485060,4862680,15548.015,7954.845,0,797.488,0,62.116,4995,4871,1.570,1.680,1.620,3,0,0,0,0,20,301,0,43,2
06-09 04:43:21,25.991,8.747,61.978,0.500,0,5753192,5103332,485220,4862740,59912.296,478148.784,0,1495.458,0,166.940,7240,7514,1.570,1.680,1.620,3,0,1.999,0,0,20,301,0,43,2
06-09 04:43:22,26.022,8.257,63.302,0.250,0,5753108,5103020,485512,4862832,33670.920,143362.876,0,2293.902,0,300.249,7381,7974,1.570,1.680,1.620,1,0,1.001,0,0,20,301,0,44,2
06-09 04:43:23,25.454,7.237,64.632,0.250,0,5753184,5102516,485740,4863024,15485.737,7282.708,0,1948.444,0,197.639,6492,7022,1.570,1.680,1.620,1,0,0,0,0,20,301,0,44,2
06-09 04:43:24,24.275,6.757,67.319,0,0,5753272,5102264,485868,4863056,44830.241,22313.015,0,1321.363,0,102.105,6007,6210,1.610,1.680,1.630,5,0,2.002,0,0,20,301,0,37,2
06-09 04:43:25,41.778,14.424,40.784,0,0,5757564,5097728,485972,4863188,29827.838,14676.179,0,1384.658,0,105.441,8067,8733,1.610,1.680,1.630,4,0,5.968,0,0,20,301,0,40,2
06-09 04:43:26,29.671,10.310,58.337,0,0,5790216,5064716,486092,4863420,29796.161,14839.743,0,1090.300,0,107.622,6746,7329,1.610,1.680,1.630,2,0,0,0,0,20,301,0,41,2
06-09 04:43:27,24.706,7.237,65.884,0,0,5789832,5064716,486288,4863600,30157.768,15454.721,0,1529.301,0,144.745,6543,7027,1.610,1.680,1.630,1,0,1.996,0,0,20,302,0,41,2
06-09 04:43:28,27.063,9.272,60.642,0.752,0,5789172,5064716,486724,4863808,30036.130,14692.304,0,6370.875,0,455.063,7503,8250,1.610,1.680,1.630,3,0,0,0,0,20,301,0,39,2
06-09 04:43:29,25.485,9.245,62.214,0.250,0,5789076,5064212,487116,4864008,29785.585,14745.379,0,3841.754,0,297.826,7188,8025,1.640,1.690,1.630,2,0,0.999,0,0,20,301,0,40,2
06-09 04:43:30,25.431,6.482,66.569,0.249,0,5789124,5063960,487236,4864084,29984.401,14552.397,0,1045.156,0,94.742,6152,6343,1.640,1.690,1.630,1,0,1.995,0,0,20,301,0,40,2
06-09 04:43:31,24.062,6.517,67.172,0,0,5789032,5063960,487348,4864060,15899.772,7477.174,0,958.458,0,80.206,5772,5659,1.640,1.690,1.630,2,0,0,0,0,20,301,0,40,2
06-09 04:43:32,23.505,7.002,66.515,0.250,0,5788600,5063960,487488,4864348,15061.475,7643.764,0,1168.270,0,113.026,6376,6726,1.640,1.690,1.630,1,0,0,0,0,20,301,0,38,2
06-09 04:43:33,24.739,7.247,66.971,0.250,0,5788928,5063456,487628,4864376,664.711,65.971,0,1359.408,0,145.936,6203,6319,1.640,1.690,1.630,1,0,1.999,0,0,20,301,0,38,2
06-09 04:43:34,25.475,7.243,65.436,0,0,5788824,5063232,487820,4864496,45549.223,23159.233,0,1570.456,0,167.835,6675,7146,1.590,1.680,1.630,1,0,0,0,0,20,301,0,38,2
06-09 04:43:35,24.444,7.732,65.100,0,0,5788752,5062980,487980,4864656,44213.231,22131.059,0,1747.977,0,183.577,6570,6998,1.590,1.680,1.630,1,0,0,0,0,20,301,0,38,2
06-09 04:43:36,26.935,8.978,61.601,0,0,5788936,5062476,488360,4864592,29618.392,15526.462,0,2701.469,0,316.235,7166,8198,1.590,1.680,1.630,1,0,1.995,0,0,20,301,0,35,2
06-09 04:43:37,27.277,8.008,62.061,0.500,0,5788428,5062224,488840,4864852,15125.809,7559.401,0,6726.586,0,473.464,7340,8301,1.590,1.680,1.630,1,0,0,0,0,20,301,0,35,2
06-09 04:43:38,25.644,8.799,64.361,0.503,0,5788396,5061972,488952,4865012,15076.642,7403.565,0,8958.293,0,879.940,6875,6497,1.590,1.680,1.630,1,0,0,0,0,20,301,0,36,2
06-09 04:43:39,23.981,7.744,65.449,0,0,5788980,5061216,489032,4865100,25255.231,442711.467,0,1139.108,0,98.923,6377,6648,1.940,1.750,1.650,1,0,2.998,0,0,20,301,0,38,2
06-09 04:43:40,23.979,6.744,66.941,0,0,5789724,5060208,489116,4865276,19934.549,145130.950,0,1019.108,0,81.928,5996,6126,1.940,1.750,1.650,2,0,0.999,0,0,20,302,0,36,2
06-09 04:43:41,24.461,5.741,66.894,0,0,5789712,5059956,489288,4865364,15455.450,7350.325,0,1214.072,0,128.795,5420,5337,1.940,1.750,1.650,1,0,0,0,0,20,301,0,36,2
06-09 04:43:42,21.298,8.519,68.654,1.002,0,5789468,5059956,489468,4865416,3293.396,1101.474,0,2040.583,0,179.403,5065,5155,1.940,1.750,1.650,2,0,2.005,0,0,20,300,0,37,2
06-09 04:43:43,11.985,2.746,83.394,0,0,5789348,5059956,489576,4865424,48616.927,25047.020,0,1414.194,0,103.867,3680,3701,1.940,1.750,1.650,1,0,0,0,0,20,300,0,37,2
06-09 04:43:44,11.273,5.010,82.171,0,0,5789032,5059956,489712,4865600,56085.599,22455.684,0,1178.450,0,115.240,4160,4139,2.030,1.770,1.660,4,0,0,0,0,20,301,0,38,2
06-09 04:43:45,22.446,7.981,67.339,0.249,0,5789632,5058948,489968,4865740,47248.247,22947.239,0,1679.991,0,187.552,5506,5864,2.030,1.770,1.660,3,0,1.995,0,0,20,302,0,39,2
06-09 04:43:46,17.776,5.508,74.361,0.250,0,5789996,5058192,490296,4865792,40824.767,15992.805,0,5179.710,0,337.502,5769,5978,2.030,1.770,1.660,1,0,0,0,0,20,303,0,39,2
06-09 04:43:47,25.225,5.994,66.683,0.749,0,5789576,5057940,490768,4865980,18079.734,8245.669,0,2929.041,0,358.638,6917,7496,2.030,1.770,1.660,0,0,0,0,0,20,302,0,41,2
06-09 04:43:48,10.510,4.755,83.583,0,0,5789304,5057940,490852,4866160,26152.008,8466.420,0,4552.527,0,628.625,4041,3477,2.030,1.770,1.660,1,0,2.002,0,0,20,303,0,41,2
06-09 04:43:49,24.984,7.245,65.707,0,0,5789568,5057436,491144,4866104,45745.242,23340.817,0,1786.838,0,239.844,7088,7735,2.180,1.810,1.670,4,0,0.999,0,0,20,303,0,38,2
06-09 04:43:50,24.772,9.008,64.557,0,0,5789308,5057184,491344,4866408,44697.769,21973.550,0,1685.500,0,185.165,6461,6752,2.180,1.810,1.670,2,0,0,0,0,20,303,0,38,2
06-09 04:43:51,25.842,8.200,62.865,0.745,0,5789156,5056932,491676,4866464,15197.892,7251.574,0,2301.898,0,284.259,7087,7862,2.180,1.810,1.670,3,0,1.988,0,0,20,303,0,39,2
06-09 04:43:52,27.374,8.539,61.781,0.251,0,5788528,5056932,492048,4866708,34171.343,15642.109,0,3198.541,0,320.457,7361,8055,2.180,1.810,1.670,1,0,0,0,0,20,303,0,40,2
06-09 04:43:53,25.996,8.749,63.740,0.500,0,5788580,5056428,492344,4866852,22579.414,8230.693,0,6954.895,0,462.926,7174,7776,2.180,1.810,1.670,1,0,0,0,0,20,303,0,39,2
06-09 04:43:54,24.537,7.011,66.852,0.250,0,5788840,5055924,492456,4866976,15297.315,7307.137,0,2095.193,0,145.221,6050,6329,2.250,1.830,1.680,1,0,2.003,0,0,20,303,0,39,2
06-09 04:43:55,23.740,6.747,66.723,0,0,5788692,5055924,492592,4866980,478.805,0,0,1123.543,0,103.958,6071,6428,2.250,1.830,1.680,2,0,0,0,0,20,303,0,39,2
06-09 04:43:56,22.982,7.994,67.197,0,0,5789112,5055168,492676,4867228,15040.242,7290.300,0,827.353,0,67.947,5556,5514,2.250,1.830,1.680,1,0,0,0,0,20,303,0,39,2
06-09 04:43:57,19.266,7.006,71.811,0,0,5789144,5054916,492856,4867260,18112.262,8405.083,0,1757.481,0,200.169,5052,5656,2.250,1.830,1.680,1,0,2.002,0,0,20,302,0,39,2
06-09 04:43:58,15.266,5.506,77.579,0,0,5791168,5052676,492932,4867392,300.305,0,0,1021.038,0,92.094,4197,4264,2.250,1.830,1.680,1,0,0,0,0,20,303,0,39,2
06-09 04:43:59,22.237,7.246,67.961,0.250,0,5791300,5052172,493132,4867556,37528.730,17214.243,0,2650.498,0,175.900,5971,6309,2.150,1.810,1.670,0,0,0.999,0,0,20,302,0,39,2
06-09 04:44:00,11.261,4.755,82.580,0.250,0,5791528,5051724,493272,4867636,66938.909,603164.875,0,1217.180,0,142.138,4795,4818,2.150,1.810,1.670,3,0,3.003,0,0,20,303,0,39,2
06-09 04:44:01,23.991,7.497,66.474,0.250,0,5791808,5051248,493464,4867628,29917.339,14784.237,0,1471.426,0,156.939,6526,7238,2.150,1.810,1.670,1,0,0,0,0,20,303,0,36,2
06-09 04:44:02,26.190,8.480,62.606,0.249,0,5791340,5051248,493768,4867780,14837.881,7492.771,0,2246.833,0,256.410,7139,7851,2.150,1.810,1.670,1,0,0,0,0,20,303,0,36,2
06-09 04:44:03,26.955,9.484,60.649,0.499,0,5791944,5049988,494380,4867808,17160.498,7607.365,0,7419.677,0,526.126,7534,8507,2.150,1.810,1.670,1,0,1.997,0,0,20,303,0,36,2
06-09 04:44:04,24.853,6.276,67.279,0,0,5791940,5049232,494520,4868420,13822.279,7326.360,0,1369.676,0,116.483,6050,6225,2.060,1.800,1.670,4,0,0,0,0,20,303,0,37,2
06-09 04:44:05,25.225,6.743,65.684,0.250,0,5792092,5048476,494684,4868852,15095.920,7288.719,0,1166.834,0,107.892,6386,6736,2.060,1.800,1.670,2,0,0,0,0,20,303,0,37,2
06-09 04:44:06,24.240,8.247,65.223,0.250,0,5792408,5047720,494844,4869124,15267.586,7292.936,0,1163.511,0,117.950,6323,6587,2.060,1.800,1.670,1,0,1.999,0,0,20,304,0,37,2
06-09 04:44:07,24.733,9.244,63.707,0,0,5792460,5047216,495084,4869324,15100.889,7600.910,0,1802.793,0,201.865,6096,6477,2.060,1.800,1.670,2,0,0,0,0,20,300,0,38,2
06-09 04:44:08,10.519,3.005,85.404,0,0,5792260,5047216,495240,4869360,4527.147,1004.808,0,1374.474,0,119.215,3471,3637,2.060,1.800,1.670,1,0,2.004,0,0,20,303,0,38,2
06-09 04:44:09,18.457,4.988,74.576,0,0,5792940,5046208,495368,4869552,36370.081,10694.031,0,7139.331,0,793.148,5292,3934,2.130,1.820,1.680,4,0,2.993,0,0,20,302,0,36,2
06-09 04:44:10,20.554,7.018,70.434,0.752,0,5794224,5044696,495516,4869628,14455.838,1848.839,0,1118.929,0,115.302,4944,4866,2.130,1.820,1.680,2,0,6.016,0,0,20,302,0,36,2
06-09 04:44:11,8.944,2.733,86.211,0,0,5793968,5044696,495620,4869776,29975.713,3985.101,0,882.486,0,85.466,3187,3101,2.130,1.820,1.680,1,0,0,0,0,20,303,0,36,2
06-09 04:44:12,19.361,6.538,72.919,0.251,0,5795300,5042932,495992,4869824,25901.920,10854.406,0,5608.244,0,356.047,5180,5263,2.130,1.820,1.680,0,0,2.012,0,0,20,302,0,37,2
06-09 04:44:13,12.733,4.494,81.139,0,0,5795116,5042932,496112,4869880,4912.257,545.252,0,1382.103,0,108.851,4025,4335,2.130,1.820,1.680,3,0,0,0,0,20,303,0,32,2
06-09 04:44:14,25.464,8.737,63.909,0,0,5794776,5042932,496336,4869988,29473.827,13390.839,0,1609.697,0,179.743,7231,8036,2.120,1.820,1.680,7,0,0,0,0,20,303,0,32,2
06-09 04:44:15,26.479,9.243,61.950,0.250,0,5794492,5042680,496632,4870220,33680.057,16942.446,0,2757.794,0,272.782,7529,8587,2.120,1.820,1.680,2,0,2.998,0,0,20,303,0,32,2
06-09 04:44:16,25.308,7.267,64.899,0.752,0,5794736,5042176,496804,4870296,31008.417,15016.586,0,2156.968,0,217.501,6777,7409,2.120,1.820,1.680,1,0,0,0,0,20,303,0,32,2
06-09 04:44:17,24.541,7.012,67.113,0,0,5795344,5041420,496920,4870324,15322.729,8075.560,0,1410.368,0,111.187,6042,6379,2.120,1.820,1.680,1,0,0,0,0,20,303,0,30,2
06-09 04:44:18,37.432,13.882,46.604,0,0,5807372,5029032,497028,4870548,29772.816,14629.592,0,1487.352,0,108.081,6691,15747,2.120,1.820,1.680,1,0,37.680,0,0,20,303,0,32,2
06-09 04:44:19,24.711,7.817,65.813,0.252,0,5808020,5028276,497108,4870576,1009.640,0,0,5196.468,0,684.861,6866,6088,2.110,1.830,1.680,1,0,1.009,0,0,20,304,0,32,2
06-09 04:44:20,24.003,8.251,66.509,0,0,5807580,5028276,497276,4870840,15518.155,8356.160,0,1788.248,0,204.028,5697,6036,2.110,1.830,1.680,1,0,0,0,0,20,302,0,33,2
06-09 04:44:21,11.949,4.979,81.153,0.498,0,5807608,5028024,497472,4870864,18159.345,7491.962,0,5452.683,0,327.599,4522,4850,2.110,1.830,1.680,2,0,1.991,0,0,20,303,0,27,2
06-09 04:44:22,8.280,2.760,87.317,0,0,5807520,5028024,497520,4870900,26807.243,9178.294,0,987.582,0,95.346,3254,3419,2.110,1.830,1.680,0,0,0,0,0,20,302,0,27,2
06-09 04:44:23,16.007,3.502,79.287,0.250,0,5807376,5028024,497636,4870920,14966.977,1840.858,0,1324.617,0,152.071,4050,4074,2.110,1.830,1.680,4,0,0,0,0,20,302,0,27,2
06-09 04:44:24,14.453,5.233,77.749,0.249,0,5807168,5028024,497736,4871024,15595.722,7834.742,0,1200.131,0,115.627,4620,4929,1.940,1.790,1.670,3,0,1.994,0,0,20,303,0,27,2
06-09 04:44:25,24.566,8.022,65.176,0,0,5807016,5027772,497920,4871232,44675.715,22338.359,0,1672.519,0,176.477,6843,7382,1.940,1.790,1.670,1,0,0,0,0,20,303,0,22,2
06-09 04:44:26,26.599,8.700,62.395,0.497,0,5806568,5027772,498280,4871308,30034.959,14509.373,0,2434.138,0,284.381,7087,8050,1.940,1.790,1.670,2,0,0,0,0,20,303,0,22,2
06-09 04:44:27,31.452,10.820,54.853,0.252,0,5800824,5033372,498508,4871220,31715.149,594687.987,0,2258.538,0,224.445,7649,8072,1.940,1.790,1.670,1,0,8.052,0,0,20,303,0,24,2
06-09 04:44:28,25.978,6.744,64.695,0,0,5800500,5033148,498660,4871604,15256.915,7355.692,0,1630.602,0,129.889,6026,6583,1.940,1.790,1.670,1,0,0.999,0,0,20,303,0,24,2
06-09 04:44:29,24.997,7.749,66.242,0.250,0,5801328,5032140,498800,4871640,15788.978,7361.057,0,1559.800,0,131.983,6125,6756,2.110,1.830,1.680,3,0,1.000,0,0,20,303,0,25,2
06-09 04:44:30,25.475,7.493,64.438,0,0,5800980,5031888,499132,4871892,15400.155,7612.662,0,5946.268,0,335.676,6626,7061,2.110,1.830,1.680,1,0,1.998,0,0,20,304,0,22,2
06-09 04:44:31,21.283,9.264,67.353,0.250,0,5800968,5031636,499332,4871948,45103.989,23790.389,0,1406.151,0,166.254,5434,5707,2.110,1.830,1.680,1,0,0,0,0,20,302,0,23,2
06-09 04:44:32,12.501,3.500,82.505,0,0,5801096,5031384,499432,4871968,32929.115,14968.962,0,984.063,0,89.006,3764,3643,2.110,1.830,1.680,1,0,0,0,0,20,303,0,23,2
06-09 04:44:33,7.498,2.999,87.472,0,0,5800868,5031384,499584,4872036,43849.995,16558.712,0,1075.656,0,109.965,3492,3633,2.110,1.830,1.680,0,0,1.999,0,0,20,302,0,23,2
06-09 04:44:34,23.633,6.717,67.166,0.249,0,5800508,5031384,499740,4872236,30122.282,15353.687,0,1329.392,0,138.313,6377,6781,2.180,1.850,1.690,1,0,0,0,0,20,304,0,22,2
06-09 04:44:35,26.610,8.535,63.261,0.502,0,5801044,5030628,500048,4872140,29910.510,14652.505,0,2140.840,0,260.074,6518,7306,2.180,1.850,1.690,1,0,0,0,0,20,303,0,22,2
06-09 04:44:36,27.685,8.729,61.604,0.249,0,5800684,5030376,500384,4872400,29733.720,14557.591,0,2877.199,0,294.304,7113,7838,2.180,1.850,1.690,9,0,1.995,0,0,20,303,0,22,2
06-09 04:44:37,24.812,6.516,66.166,0.251,0,5800808,5030124,500488,4872424,15389.545,7462.691,0,1656.148,0,137.344,6243,6655,2.180,1.850,1.690,1,0,0,0,0,20,303,0,22,2
06-09 04:44:38,24.543,6.762,66.366,0,0,5801188,5029368,500596,4872676,29976.407,14845.955,0,1402.452,0,107.187,6178,6345,2.180,1.850,1.690,1,0,0,0,0,20,303,0,21,2
06-09 04:44:39,25.224,8.491,64.685,0,0,5801956,5028360,500848,4872660,424.570,65.933,0,5110.830,0,305.691,6668,7080,2.410,1.900,1.710,1,0,2.997,0,0,20,303,0,21,2
06-09 04:44:40,25.235,7.745,65.210,0,0,5801884,5028108,500904,4872924,15628.428,7357.494,0,8055.067,0,772.527,6424,4935,2.410,1.900,1.710,2,0,0,0,0,20,303,0,21,2
06-09 04:44:41,23.746,8.248,65.488,0.750,0,5802256,5027604,501132,4872820,44894.534,23155.634,0,1683.683,0,183.965,6821,7534,2.410,1.900,1.710,2,0,0,0,0,20,303,0,22,2
06-09 04:44:42,26.668,8.474,61.062,0.498,0,5802140,5027100,501500,4873060,30607.812,14760.578,0,2592.024,0,293.098,7064,7994,2.410,1.900,1.710,4,0,1.994,0,0,20,303,0,20,2
06-09 04:44:43,25.617,7.283,65.549,0,0,5802396,5026596,501740,4873060,30309.099,14954.136,0,1968.971,0,198.906,6606,7312,2.410,1.900,1.710,2,0,0,0,0,20,303,0,20,2
06-09 04:44:44,24.793,6.694,66.198,0.248,0,5802960,5025616,501896,4873312,15106.009,7235.651,0,1816.847,0,118.016,5945,6331,2.610,1.950,1.730,4,0,0,0,0,20,303,0,20,2
06-09 04:44:45,25.535,6.759,65.589,0.250,0,5802892,5025364,502024,4873496,15649.269,7305.929,0,1429.943,0,113.154,6127,6545,2.610,1.950,1.730,1,0,2.003,0,0,20,303,0,20,2
06-09 04:44:46,25.146,8.550,64.373,0,0,5803532,5024356,502148,4873732,26464.407,8789.953,0,1219.067,0,113.659,6215,6410,2.610,1.950,1.730,2,0,0,0,0,20,303,0,17,2
06-09 04:44:47,25.935,10.224,61.097,0.249,0,5803644,5023628,502628,4873860,27289.844,452900.887,0,6950.641,0,477.807,6874,7139,2.610,1.950,1.730,6,0,0,0,0,20,302,0,18,2
06-09 04:44:48,11.038,3.261,84.794,0.251,0,5803864,5023152,502728,4874004,7829.138,138848.291,0,895.103,0,88.306,3805,3847,2.610,1.950,1.730,2,0,2.007,0,0,20,303,0,18,2
06-09 04:44:49,9.252,3.251,85.765,0,0,5803876,5022900,502916,4874052,18232.165,8197.423,0,1356.235,0,164.028,3726,4161,2.810,2.010,1.750,0,0,1.000,0,0,20,302,0,18,2
06-09 04:44:50,18.736,5.746,74.444,0.250,0,5803912,5022396,503048,4874376,3700.228,462.653,0,5088.188,0,703.473,5656,4978,2.810,2.010,1.750,2,0,0,0,0,20,302,0,17,2
06-09 04:44:51,8.748,2.999,86.228,0.250,0,5804088,5022144,503128,4874368,45281.240,22886.056,0,1459.621,0,189.951,3221,3013,2.810,2.010,1.750,2,0,3.999,0,0,20,302,0,18,2
06-09 04:44:52,6.994,3.247,88.174,0,0,5804408,5021640,503256,4874424,48350.309,17110.246,0,1047.097,0,105.909,3452,3588,2.810,2.010,1.750,3,0,0,0,0,20,302,0,18,2
06-09 04:44:53,24.701,6.487,66.367,0.250,0,5804392,5021388,503520,4874420,37211.651,15524.981,0,1564.873,0,190.619,6765,7182,2.810,2.010,1.750,1,0,0,0,0,20,303,0,18,2
06-09 04:44:54,24.758,7.753,64.772,0.250,0,5804408,5020884,503748,4874672,15116.185,7298.503,0,1944.667,0,222.076,6341,6675,2.900,2.040,1.760,2,0,2.001,0,0,20,303,0,16,2
06-09 04:44:55,26.971,8.908,62.108,0.247,0,5804232,5020632,504084,4874752,14941.491,7221.325,0,3052.435,0,309.796,7123,8256,2.900,2.040,1.760,3,0,0,0,0,20,303,0,16,2
06-09 04:44:56,27.334,8.605,62.261,0.253,0,5804424,5019876,504584,4874796,15541.056,7386.329,0,7357.983,0,484.930,7485,8464,2.900,2.040,1.760,1,0,0,0,0,20,303,0,16,2
06-09 04:44:57,24.003,6.751,67.009,0.250,0,5804944,5018868,504696,4875172,15054.090,7607.056,0,1080.150,0,96.013,5985,6324,2.900,2.040,1.760,1,0,2.000,0,0,20,303,0,16,2
06-09 04:44:58,24.756,7.002,66.767,0,0,5805176,5018364,504824,4875308,539.135,0,0,1116.280,0,101.025,6150,6419,2.900,2.040,1.760,2,0,0,0,0,20,303,0,16,2
06-09 04:44:59,22.708,8.235,66.626,0.250,0,5806056,5017104,505004,4875500,15933.392,7348.345,0,1293.596,0,137.744,6057,6225,2.910,2.060,1.760,3,0,0.998,0,0,20,303,0,17,2
06-09 04:45:00,17.275,5.007,75.859,0,0,5806044,5016852,505228,4875532,3650.250,992.427,0,1586.281,0,177.255,4663,5119,2.910,2.060,1.760,1,1,2.003,0,0,20,302,0,18,2
06-09 04:45:01,19.015,3.753,77.059,0.250,0,5805868,5016852,505316,4875616,17970.729,8155.230,0,1100.841,0,93.071,3592,3362,2.910,2.060,1.760,2,0,0,0,0,20,302,0,19,2
06-09 04:45:02,8.748,3.249,85.728,0,0,5807324,5015088,505440,4875796,11741.937,1590.585,0,1327.654,0,125.967,3553,3787,2.910,2.060,1.760,1,0,2.999,0,0,20,303,0,19,2
06-09 04:45:03,25.026,6.507,66.569,0.250,0,5807136,5015088,505672,4875748,30363.446,15512.065,0,1737.800,0,193.200,5802,6484,2.910,2.060,1.760,3,0,2.002,0,0,20,303,0,19,2
06-09 04:45:04,24.986,7.746,65.462,0.500,0,5806716,5015088,505884,4875936,29785.789,14583.573,0,1866.921,0,187.891,6580,7186,3.080,2.100,1.780,2,0,0,0,0,20,303,0,19,2
06-09 04:45:05,27.391,8.964,60.261,0.249,0,5806920,5014332,506348,4876016,29967.079,14922.781,0,7083.888,0,522.925,7792,8938,3.080,2.100,1.780,2,0,0,0,0,20,303,0,19,2
06-09 04:45:06,28.623,9.458,60.233,0.249,0,5806812,5014080,506508,4876204,29731.206,15142.874,0,1959.315,0,221.020,6998,7806,3.080,2.100,1.780,1,0,1.991,0,0,20,303,0,18,2
06-09 04:45:07,24.480,7.066,65.364,0.252,0,5806656,5013828,506768,4876340,15315.785,7514.547,0,1768.604,0,198.867,6653,7137,3.080,2.100,1.780,1,0,0,0,0,20,302,0,18,2
06-09 04:45:08,25.668,5.981,67.036,0.249,0,5807240,5013072,506892,4876384,15003.103,7272.782,0,1128.398,0,94.698,5707,5775,3.080,2.100,1.780,1,0,1.994,0,0,20,303,0,18,2
06-09 04:45:09,24.325,8.025,66.455,0.251,0,5807868,5012076,507028,4876608,541.672,0,0,1512.669,0,116.359,6147,6322,2.990,2.100,1.780,1,0,3.009,0,0,20,303,0,19,2
06-09 04:45:10,24.249,10.250,63.499,0,0,5809740,5010060,507128,4876648,15576.664,7295.842,0,1003.978,0,82.998,5721,5819,2.990,2.100,1.780,1,0,6.000,0,0,20,304,0,18,2
06-09 04:45:11,25.315,5.708,66.514,0,0,5809524,5009808,507340,4876892,15288.347,7979.723,0,2501.729,0,147.920,6011,6277,2.990,2.100,1.780,1,0,0.993,0,0,20,303,0,19,2
06-09 04:45:12,24.858,7.863,66.458,0,0,5809544,5009556,507596,4876860,60764.803,31169.242,0,1927.785,0,195.822,6714,7226,2.990,2.100,1.780,2,0,2.029,0,0,20,303,0,20,2
06-09 04:45:13,27.038,9.178,60.028,0.744,0,5809976,5008324,508080,4877164,44514.188,584091.945,0,7016.858,0,484.195,8075,8550,2.990,2.100,1.780,1,0,0.992,0,0,20,303,0,21,2
06-09 04:45:14,26.513,8.254,63.031,0.250,0,5809572,5008324,508396,4877240,29877.735,14599.200,0,2093.032,0,258.127,7082,7997,3.070,2.130,1.800,2,0,0,0,0,20,303,0,22,2
06-09 04:45:15,24.981,6.245,66.199,0.250,0,5809664,5008072,508512,4877276,15538.984,7290.363,0,1526.819,0,113.912,6499,6814,3.070,2.130,1.800,1,0,1.998,0,0,20,303,0,22,2
06-09 04:45:16,24.177,8.724,64.805,0,0,5810312,5007064,508628,4877516,15406.582,7435.597,0,8063.705,0,841.465,7510,6491,3.070,2.130,1.800,1,0,0,0,0,20,303,0,23,2
06-09 04:45:17,25.323,5.516,67.947,0.251,0,5811740,5005552,508736,4877488,15510.874,7597.982,0,1167.377,0,107.310,5785,5889,3.070,2.130,1.800,4,0,0,0,0,20,303,0,23,2
06-09 04:45:18,32.202,13.230,52.172,0,0,5849752,4967248,508880,4880288,15615.752,8008.078,0,1405.907,0,124.814,6580,10773,3.070,2.130,1.800,3,0,35.946,0,0,20,303,0,23,2
06-09 04:45:19,28.311,10.773,58.124,0.251,0,5834024,4982504,509120,4877832,44879.967,22794.742,0,1735.711,0,195.418,7568,13261,3.790,2.300,1.850,2,0,3.006,0,0,20,303,0,24,2
06-09 04:45:20,25.252,9.501,62.254,0.250,0,5833492,4982504,509544,4877928,30429.165,14659.043,0,6148.437,0,397.028,6807,7579,3.790,2.300,1.850,2,0,1.000,0,0,20,303,0,24,2
06-09 04:45:21,26.751,5.250,67.002,0.250,0,5832528,4983252,509684,4877996,29925.018,14754.502,0,1432.049,0,158.005,5226,5536,3.790,2.300,1.850,3,0,2.000,0,0,20,303,0,24,2
06-09 04:45:22,24.321,6.453,65.518,0.248,0,5832292,4983252,509864,4878044,15599.187,7389.611,0,1473.157,0,168.758,6395,6841,3.790,2.300,1.850,2,0,0,0,0,20,303,0,25,2
06-09 04:45:23,25.426,7.049,67.215,0,0,5832016,4983252,509948,4878232,15863.780,7346.841,0,974.745,0,85.592,6080,6355,3.790,2.300,1.850,1,0,0,0,0,20,303,0,25,2
06-09 04:45:24,24.105,6.710,66.102,0.249,0,5832092,4983000,510032,4878320,15437.941,7252.284,0,1061.601,0,95.425,5975,6430,3.720,2.310,1.860,1,0,1.988,0,0,20,303,0,26,2
06-09 04:45:25,24.614,7.786,66.307,0,0,5831964,4983000,510116,4878360,15893.632,7896.584,0,1277.920,0,133.619,5903,6143,3.720,2.310,1.860,1,0,0,0,0,20,302,0,26,2
06-09 04:45:26,25.518,6.755,64.546,0.250,0,5831540,4983000,510276,4878616,60285.537,31844.469,0,2013.421,0,158.112,6727,7149,3.720,2.310,1.860,5,0,0,0,0,20,303,0,26,2
06-09 04:45:27,23.731,8.493,65.698,0,0,5831712,4982748,510420,4878552,29900.458,14794.352,0,1666.688,0,157.876,6024,6435,3.720,2.310,1.860,2,0,1.998,0,0,20,303,0,24,2
06-09 04:45:28,24.716,8.738,63.412,0.250,0,5831164,4982748,510772,4878728,30061.324,14703.615,0,2404.666,0,266.630,6716,7546,3.720,2.310,1.860,2,0,0,0,0,20,303,0,24,2
06-09 04:45:29,30.996,10.749,55.243,0.250,0,5832568,4980732,511168,4878936,15632.152,7295.137,0,6999.172,0,438.948,7924,8893,4.070,2.400,1.890,1,0,6.999,0,0,20,303,0,26,2
06-09 04:45:30,24.079,6.772,66.720,0.251,0,5832340,4980732,511268,4879056,15684.716,7320.136,0,1171.864,0,98.324,6012,6127,4.070,2.400,1.890,1,0,2.007,0,0,20,303,0,26,2
06-09 04:45:31,24.707,6.738,66.883,0.250,0,5832208,4980732,511376,4879072,15085.591,7444.967,0,1070.127,0,93.836,6243,6649,4.070,2.400,1.890,1,0,0,0,0,20,303,0,26,2
06-09 04:45:32,24.531,6.758,66.583,0,0,5832732,4979976,511464,4879212,15730.668,8504.634,0,973.217,0,80.100,5979,5962,4.070,2.400,1.890,1,0,0,0,0,20,303,0,27,2
06-09 04:45:33,25.434,8.727,64.582,0.249,0,5830412,4981884,511620,4879456,58070.006,582182.203,0,1364.452,0,142.629,7241,7558,4.070,2.400,1.890,1,0,2.992,0,0,20,303,0,27,2
06-09 04:45:34,26.525,8.258,62.559,0,0,5830344,4981632,511812,4879580,29831.182,14605.798,0,1853.751,0,216.204,6597,7311,3.900,2.400,1.890,3,0,0,0,0,20,303,0,27,2
06-09 04:45:35,26.561,7.768,62.894,0.251,0,5830332,4981156,512116,4879752,30200.235,14787.902,0,2722.241,0,297.682,7438,8262,3.900,2.400,1.890,1,0,0,0,0,20,303,0,26,2
06-09 04:45:36,26.364,8.954,63.173,0,0,5830376,4980904,512264,4879804,15331.654,7389.756,0,8320.936,0,926.207,7196,6540,3.900,2.400,1.890,1,0,1.990,0,0,20,303,0,26,2
06-09 04:45:37,24.580,7.775,64.460,0.752,0,5830072,4980652,512608,4880004,15402.290,7534.601,0,6729.974,0,386.261,6545,7072,3.900,2.400,1.890,2,0,0,0,0,20,303,0,26,2
06-09 04:45:38,24.488,7.246,66.967,0.250,0,5830576,4979896,512764,4880092,15805.263,7496.330,0,1103.460,0,115.943,6243,6511,3.900,2.400,1.890,1,0,0,0,0,20,303,0,28,2
06-09 04:45:39,23.816,10.278,63.926,0.251,0,5831236,4979152,512972,4879964,15722.350,7935.881,0,1363.760,0,160.442,5568,5594,3.830,2.410,1.900,2,0,3.008,0,0,20,302,0,29,2
06-09 04:45:40,9.749,3.000,85.992,0,0,5830740,4979152,513096,4880328,3704.653,949.911,0,1003.906,0,92.991,3395,3606,3.830,2.410,1.900,1,0,0,0,0,20,302,0,29,2
06-09 04:45:41,21.759,7.753,69.028,0,0,5830488,4979152,513268,4880400,15370.187,8184.295,0,1260.507,0,135.054,4781,4903,3.830,2.410,1.900,0,0,0,0,0,20,302,0,30,2
06-09 04:45:42,11.479,4.742,82.353,0.250,0,5830636,4978900,513344,4880424,3732.324,213.618,0,746.665,0,64.884,3389,3282,3.830,2.410,1.900,1,0,1.996,0,0,20,303,0,30,2
06-09 04:45:43,17.264,5.505,75.562,0.250,0,5830292,4978900,513484,4880624,18112.898,8252.788,0,1365.123,0,153.126,4490,4906,3.830,2.410,1.900,0,0,0,0,0,20,302,0,30,2
06-09 04:45:44,14.245,6.747,76.721,0,0,5830152,4978900,513584,4880656,630.765,0,0,1031.616,0,97.964,4019,4017,3.600,2.380,1.890,1,0,0,0,0,20,303,0,30,2
06-09 04:45:45,18.250,5.250,74.999,0.250,0,5830432,4978396,513768,4880692,18179.854,8172.934,0,1943.984,0,184.999,4981,5380,3.600,2.380,1.890,1,0,2.000,0,0,20,302,0,31,2
06-09 04:45:46,25.443,6.984,65.853,0,0,5831272,4976884,514032,4881084,23538.547,4316.381,0,5842.980,0,805.206,6663,5795,3.600,2.380,1.890,2,0,0,0,0,20,303,0,31,2
06-09 04:45:47,12.508,5.754,79.050,0.750,0,5831584,4976128,514440,4881104,23087.654,2754.748,0,6396.060,0,411.261,4989,5364,3.600,2.380,1.890,2,0,0,0,0,20,303,1,30,2
06-09 04:45:48,7.505,3.503,88.064,0.250,0,5831348,4976128,514600,4881176,59004.860,24455.764,0,996.724,0,110.080,3596,3825,3.600,2.380,1.890,0,0,2.001,0,0,20,303,0,30,2
06-09 04:45:49,13.524,3.757,80.895,0,0,5831120,4976128,514792,4881208,43701.212,16461.461,0,1310.345,0,144.258,4545,4661,3.710,2.430,1.910,0,0,1.002,0,0,20,303,0,30,2
06-09 04:45:50,18.207,5.736,74.073,0,0,5830852,4976128,514996,4881264,29672.260,14557.295,0,1217.098,0,139.667,5618,6076,3.710,2.430,1.910,2,0,0,0,0,20,304,0,30,2
06-09 04:45:51,23.554,7.517,66.403,0.501,0,5830884,4975876,515176,4881304,15429.607,7312.876,0,1367.155,0,145.335,5939,6255,3.710,2.430,1.910,1,0,2.005,0,0,20,304,0,28,2
06-09 04:45:52,26.321,8.691,62.822,0.248,0,5830864,4975372,515492,4881496,19049.126,8314.314,0,2181.129,0,244.334,6800,7578,3.710,2.430,1.910,2,0,0,0,0,20,304,0,28,2
06-09 04:45:53,26.150,7.292,64.871,0.251,0,5830476,4975372,515700,4881668,22430.434,7953.541,0,1818.412,0,164.944,6539,7057,3.710,2.430,1.910,3,0,0,0,0,20,304,0,30,2
06-09 04:45:54,23.781,7.009,66.837,0,0,5830088,4975372,515824,4881924,15130.590,7305.459,0,1405.820,0,116.150,5906,6174,3.500,2.400,1.900,3,0,2.003,0,0,20,304,0,30,2
06-09 04:45:55,23.715,7.739,66.651,0,0,5829900,4975372,515992,4881940,643.047,0,0,1146.301,0,117.825,6084,6431,3.500,2.400,1.900,1,0,0,0,0,20,304,0,30,2
06-09 04:45:56,27.461,8.238,61.414,0.250,0,5829684,4975120,516440,4881948,44780.070,22308.649,0,6207.277,0,467.343,7423,8319,3.500,2.400,1.900,1,0,0,0,0,20,304,0,30,2
06-09 04:45:57,24.737,6.746,65.714,0.250,0,5829504,4974868,516552,4882260,29607.911,14731.995,0,2774.492,0,128.930,6294,6561,3.500,2.400,1.900,1,0,1.999,0,0,20,304,0,31,2
06-09 04:45:58,25.809,7.267,65.149,0.251,0,5828232,4975544,516648,4882736,40557.544,460875.622,0,1230.808,0,110.252,6468,6448,3.500,2.400,1.900,2,0,1.002,0,0,20,305,0,32,2
06-09 04:45:59,23.727,7.493,66.186,0.250,0,5828892,4974788,516732,4882744,34282.776,155635.171,0,1250.788,0,112.891,6230,6370,3.300,2.380,1.900,2,0,1.998,0,0,20,305,0,32,2
06-09 04:46:00,26.002,8.501,63.006,0,0,5828724,4974536,517024,4882860,29805.785,14659.370,0,1992.186,0,237.022,6802,7417,3.300,2.380,1.900,2,0,2.000,0,0,20,304,0,30,2
06-09 04:46:01,24.712,6.740,66.898,0.250,0,5828592,4974536,517112,4882900,29638.755,14635.658,0,1469.756,0,115.823,6022,6419,3.300,2.380,1.900,1,0,0,0,0,20,304,0,31,2
06-09 04:46:02,23.805,9.021,64.650,0.251,0,5829232,4973556,517208,4883132,15159.206,7822.166,0,6286.600,0,737.713,7058,6718,3.300,2.380,1.900,1,0,0,0,0,20,305,0,31,2
06-09 04:46:03,22.522,9.509,67.315,0.250,0,5829456,4973052,517412,4883204,29963.917,15756.206,0,1633.576,0,185.179,5598,5615,3.300,2.380,1.900,0,0,2.002,0,0,20,303,0,32,2
06-09 04:46:04,12.726,3.993,80.599,0.499,0,5829132,4973052,517688,4883244,3654.164,65.877,0,2599.137,0,231.567,4131,4434,3.190,2.370,1.900,5,0,0,0,0,20,303,0,30,2
06-09 04:46:05,5.006,3.504,90.103,0,0,5828828,4973052,517948,4883276,18489.081,8192.341,0,5754.561,0,314.358,3553,3747,3.190,2.370,1.900,2,0,0,0,0,20,304,0,30,2
06-09 04:46:06,27.442,6.237,64.614,0,0,5828636,4972800,518236,4883428,17935.183,7874.396,0,1947.893,0,222.531,6487,7167,3.190,2.370,1.900,1,0,1.996,0,0,20,303,0,31,2
06-09 04:46:07,6.001,2.501,89.269,0,0,5828384,4972800,518344,4883560,15462.335,8121.752,0,868.187,0,82.018,2823,2961,3.190,2.370,1.900,3,0,0,0,0,20,304,0,32,2
06-09 04:46:08,10.533,3.762,84.768,0.251,0,5828652,4972296,518536,4883600,58439.647,24230.559,0,1203.804,0,137.434,3964,4290,3.190,2.370,1.900,0,0,2.006,0,0,20,303,0,32,2
06-09 04:46:09,22.153,7.467,68.449,0.249,0,5828604,4972044,518680,4883748,29732.237,15047.820,0,1035.446,0,113.501,5938,6161,3.020,2.350,1.900,3,0,2.987,0,0,20,304,0,32,2
06-09 04:46:10,26.601,11.795,59.475,0.502,0,5829080,4971040,519072,4883872,15973.456,7323.719,0,2489.422,0,291.102,7260,8005,3.020,2.350,1.900,2,0,6.023,0,0,20,304,0,32,2
06-09 04:46:11,23.505,7.501,67.013,0,0,5828856,4971040,519252,4883904,15606.060,7459.463,0,2188.429,0,159.031,5988,6221,3.020,2.350,1.900,1,0,0,0,0,20,304,0,32,2
06-09 04:46:12,23.955,7.735,65.876,0,0,5828752,4970788,519344,4884164,14909.893,8076.774,0,1952.320,0,110.791,5941,6050,3.020,2.350,1.900,2,0,1.996,0,0,20,304,0,29,2
06-09 04:46:13,25.256,9.502,63.266,0.750,0,5828588,4970536,519692,4884224,45040.325,23315.862,0,6569.652,0,445.112,7996,8943,3.020,2.350,1.900,3,0,0,0,0,20,304,0,29,2
06-09 04:46:14,25.259,6.752,65.273,0,0,5828416,4970536,519872,4884212,29634.620,14663.255,0,2216.794,0,228.082,6690,7462,3.010,2.360,1.900,5,0,0,0,0,20,304,0,29,2
06-09 04:46:15,25.807,6.700,65.015,0,0,5828512,4970032,519956,4884524,29463.022,14710.170,0,2005.030,0,157.822,6668,7009,3.010,2.360,1.900,4,0,1.985,0,0,20,304,0,29,2
06-09 04:46:16,24.945,7.307,66.773,0.252,0,5829168,4969276,520044,4884532,15221.249,7680.169,0,1467.497,0,95.750,6046,6413,3.010,2.360,1.900,2,0,0,0,0,20,304,0,26,2
06-09 04:46:17,21.998,8.749,67.495,0,0,5829704,4968520,520132,4884656,15181.765,7427.396,0,1123.909,0,120.990,5723,6026,3.010,2.360,1.900,3,0,0,0,0,20,304,0,26,2
06-09 04:46:18,18.276,5.258,74.608,0.250,0,5829464,4968268,520344,4884928,18794.238,8467.271,0,1762.554,0,192.279,4735,5239,3.010,2.360,1.900,1,0,2.003,0,0,20,303,0,28,2
06-09 04:46:19,27.492,14.496,55.983,0,0,5837444,4960020,520432,4885104,35523.478,455037.223,0,1403.584,0,127.962,6189,13445,2.850,2.340,1.900,0,0,36.989,0,0,20,303,0,29,2
06-09 04:46:20,10.996,4.249,82.971,0.250,0,5837864,4959572,520480,4885084,51832.989,156343.674,0,1235.571,0,93.967,4219,4194,2.850,2.340,1.900,2,0,1.000,0,0,20,304,0,25,2
06-09 04:46:21,24.220,8.240,65.420,0.250,0,5837940,4959320,520540,4885192,30168.176,14574.210,0,1809.791,0,179.781,6621,7228,2.850,2.340,1.900,1,0,1.998,0,0,20,304,0,25,2
06-09 04:46:22,26.965,9.987,60.672,0.499,0,5837684,4959320,520792,4885192,15032.588,7352.506,0,7522.286,0,529.316,7832,9130,2.850,2.340,1.900,1,0,0.999,0,0,20,304,0,25,2
06-09 04:46:23,25.419,7.974,63.796,0,0,5837244,4959320,520936,4885480,15302.032,7420.254,0,8042.264,0,910.088,7335,6576,2.850,2.340,1.900,1,0,0,0,0,20,304,0,25,2
06-09 04:46:24,24.098,7.029,67.024,0,0,5837096,4959320,521012,4885544,15502.347,7651.265,0,1048.284,0,90.369,5987,5965,2.870,2.350,1.900,2,0,2.008,0,0,20,304,0,25,2
06-09 04:46:25,22.981,7.244,67.193,0.250,0,5837008,4959320,521056,4885588,15098.219,7289.829,0,947.198,0,75.936,5370,5544,2.870,2.350,1.900,2,0,0,0,0,20,304,0,26,2
06-09 04:46:26,20.049,7.268,71.423,0.501,0,5836596,4959320,521228,4885816,18262.235,8328.173,0,2165.245,0,285.692,5557,6055,2.870,2.350,1.900,0,0,0,0,0,20,303,0,28,2
06-09 04:46:27,13.256,4.502,80.538,0.250,0,5836492,4959320,521396,4885748,3657.706,884.412,0,1780.831,0,188.088,4194,4471,2.870,2.350,1.900,0,0,2.001,0,0,20,303,0,29,2
06-09 04:46:28,11.746,3.999,83.723,0,0,5836184,4959320,521532,4885912,15520.945,8258.310,0,2051.332,0,140.954,3969,4327,2.870,2.350,1.900,2,0,1.000,0,0,20,303,0,29,2
06-09 04:46:29,4.991,2.495,91.085,0.250,0,5836096,4959320,521616,4885912,18003.328,7510.370,0,1042.109,0,82.850,2851,3013,2.640,2.310,1.890,2,0,0.998,0,0,20,304,0,29,2
06-09 04:46:30,19.794,7.266,71.159,0,0,5836084,4958816,521876,4886160,6526.544,1325.955,0,1836.092,0,208.465,5456,6359,2.640,2.310,1.890,0,0,8.018,0,0,20,303,0,31,2
06-09 04:46:31,7.751,3.751,87.262,0.250,0,5835800,4958816,522268,4886044,11629.593,1377.189,0,5692.780,0,345.047,3626,4044,2.640,2.310,1.890,1,0,0,0,0,20,303,0,31,2
06-09 04:46:32,19.948,7.231,70.814,0.249,0,5835452,4958816,522408,4886244,18471.543,7635.968,0,1081.164,0,105.723,4804,4751,2.640,2.310,1.890,5,0,0,0,0,20,301,0,28,2
06-09 04:46:33,12.017,3.755,82.618,0,0,5835300,4958816,522480,4886316,4041.767,1096.565,0,4670.665,0,689.985,4533,3486,2.640,2.310,1.890,0,0,2.003,0,0,20,303,0,28,2
06-09 04:46:34,11.263,3.754,83.596,0.501,0,5835264,4958564,522572,4886508,18962.789,8804.116,0,1189.367,0,132.152,3785,3956,2.500,2.290,1.890,0,0,0,0,0,20,303,0,28,2
06-09 04:46:35,17.714,8.483,72.353,0,0,5835076,4958564,522708,4886556,44647.984,22005.142,0,1369.209,0,147.699,4439,4497,2.500,2.290,1.890,1,0,0,0,0,20,301,0,29,2
06-09 04:46:36,11.764,3.504,83.347,0,0,5835072,4958312,522808,4886708,33327.841,15661.252,0,1141.330,0,116.135,3651,3753,2.500,2.290,1.890,1,0,2.002,0,0,20,304,0,29,2
06-09 04:46:37,13.253,3.001,82.267,0,0,5834944,4958312,522872,4886768,38928.187,10581.225,0,888.187,0,72.015,3460,3278,2.500,2.290,1.890,0,0,0,0,0,20,303,0,29,2
06-09 04:46:38,4.249,2.499,91.978,0,0,5834908,4958312,522892,4886784,27233.621,11161.386,0,663.845,0,38.991,2325,2190,2.500,2.290,1.890,0,0,0,0,0,20,303,0,29,2
06-09 04:46:39,3.248,2.498,91.943,0,0,5835004,4958060,522912,4886916,26162.896,9591.096,0,563.653,0,34.978,2240,1997,2.300,2.250,1.880,0,0,2.998,0,0,20,303,0,29,2
06-09 04:46:40,7.503,3.001,88.534,0.500,0,5834800,4958060,522952,4887076,24074.140,9367.556,0,984.374,0,96.036,2814,3013,2.300,2.250,1.880,0,0,0,0,0,20,303,0,30,2
06-09 04:46:41,6.501,2.751,89.769,0,0,5834772,4958060,523016,4887040,18343.944,7776.672,0,1028.221,0,110.024,2967,3136,2.300,2.250,1.880,0,0,0,0,0,20,303,0,27,2
06-09 04:46:42,11.505,3.501,83.533,0.250,0,5834632,4958060,523052,4887136,23471.398,8984.597,0,748.300,0,60.024,3333,3169,2.300,2.250,1.880,1,0,2.001,0,0,20,303,0,28,2
06-09 04:46:43,8.740,2.497,86.648,0,0,5834576,4958060,523104,4887140,18368.308,1655.045,0,1078.726,0,105.875,3764,4021,2.300,2.250,1.880,1,0,0,0,0,20,304,0,28,2
06-09 04:46:44,24.283,8.762,64.337,0,0,5834124,4958060,523292,4887400,18004.302,9685.073,0,5964.050,0,393.531,7078,7603,2.200,2.230,1.870,1,0,0,0,0,20,304,0,30,2
06-09 04:46:45,26.948,8.484,62.379,0.749,0,5834364,4957556,523424,4887528,44656.617,21911.614,0,1980.170,0,243.529,7167,8043,2.200,2.230,1.870,1,0,1.996,0,0,20,304,0,27,2
06-09 04:46:46,27.049,7.263,63.615,0,0,5834220,4957332,523488,4887820,51673.711,455799.595,0,1238.246,0,117.213,6653,6930,2.200,2.230,1.870,1,0,0,0,0,20,304,0,28,2
06-09 04:46:47,23.193,7.482,67.334,0,0,5834200,4957108,523548,4887996,17505.742,139070.350,0,1276.845,0,79.803,5807,5903,2.200,2.230,1.870,1,0,0.998,0,0,20,304,0,28,2
06-09 04:46:48,22.316,7.773,67.951,0.251,0,5833968,4957108,523692,4888080,15233.051,8613.474,0,1761.209,0,211.626,5371,5671,2.200,2.230,1.870,1,0,2.006,0,0,20,303,0,30,2
06-09 04:46:49,14.229,4.493,78.635,0,0,5833760,4957108,523772,4888204,18568.772,7351.221,0,1629.610,0,134.802,4430,4488,2.020,2.190,1.860,2,0,0.999,0,0,20,304,0,30,2
06-09 04:46:50,19.218,5.740,73.876,0.499,0,5833576,4956856,523924,4888484,66888.977,32930.849,0,1681.184,0,178.701,5291,5568,2.020,2.190,1.860,0,0,0,0,0,20,303,0,30,2
06-09 04:46:51,13.751,4.250,80.007,0,0,5833496,4956856,523984,4888504,37126.349,15823.427,0,1036.093,0,92.008,4321,4421,2.020,2.190,1.860,4,0,2.000,0,0,20,304,0,30,2
06-09 04:46:52,24.566,10.027,63.421,0.251,0,5833240,4956856,524144,4888584,33787.145,15597.075,0,6260.890,0,424.144,7300,8080,2.020,2.190,1.860,1,0,0,0,0,20,304,0,30,2
06-09 04:46:53,25.724,8.491,62.186,0.250,0,5833364,4956604,524228,4888624,22402.017,8113.676,0,6992.826,0,863.114,7381,6945,2.020,2.190,1.860,2,0,0,0,0,20,304,0,31,2
06-09 04:46:54,24.188,7.232,66.829,0,0,5834088,4955596,524284,4888852,15137.277,7277.383,0,1184.969,0,106.727,5899,5992,1.940,2.170,1.860,3,0,1.995,0,0,20,304,0,31,2
06-09 04:46:55,24.563,6.015,67.423,0.251,0,5834224,4955344,524356,4888892,15759.397,7314.750,0,1074.755,0,90.231,5744,5816,1.940,2.170,1.860,0,1,0,0,0,20,304,0,31,2
06-09 04:46:56,24.495,7.498,65.987,0,0,5834540,4954588,524452,4889228,846.828,0,0,1243.747,0,121.975,6219,6707,1.940,2.170,1.860,1,0,0,0,0,20,304,0,31,2
06-09 04:46:57,20.992,9.746,67.223,0,0,5834880,4954084,524564,4889272,15288.944,7616.983,0,1343.468,0,146.942,5511,5554,1.940,2.170,1.860,3,0,1.999,0,0,20,304,0,28,2
06-09 04:46:58,17.271,4.255,76.341,0.501,0,5834700,4954084,524672,4889340,18249.695,8923.608,0,1513.800,0,159.189,4481,4853,1.940,2.170,1.860,0,0,0,0,0,20,303,0,29,2
06-09 04:46:59,21.652,5.724,70.183,0.249,0,5834500,4954084,524828,4889380,600.291,0,0,2994.488,0,227.971,5799,6066,1.790,2.140,1.850,2,0,0.996,0,0,20,304,0,29,2
06-09 04:47:00,21.857,6.030,70.596,0,0,5834512,4953580,525148,4889544,26501.005,9735.760,0,2347.516,0,261.282,5770,6232,1.790,2.140,1.850,1,0,2.010,0,0,20,303,0,29,2
06-09 04:47:01,9.727,5.237,82.052,0.499,0,5834008,4953580,525484,4889692,4017.298,65.841,0,4948.050,0,265.359,3907,3900,1.790,2.140,1.850,3,0,0,0,0,20,304,0,29,2
06-09 04:47:02,18.796,5.764,74.182,0.251,0,5833936,4953328,525724,4889772,33714.692,16598.712,0,1531.757,0,173.425,5036,5333,1.790,2.140,1.850,0,0,0,0,0,20,303,0,30,2
06-09 04:47:03,18.204,3.741,74.813,0.249,0,5833924,4953076,525904,4889848,33397.510,15715.712,0,1053.367,0,102.743,4641,4664,1.790,2.140,1.850,5,0,1.995,0,0,20,303,0,30,2
06-09 04:47:04,8.766,4.258,86.160,0,0,5833652,4953076,526032,4889988,41262.688,16161.036,0,4720.774,0,669.244,4407,3245,1.640,2.100,1.840,1,0,0,0,0,20,304,0,30,2
06-09 04:47:05,24.716,7.739,64.911,0.250,0,5833368,4953076,526240,4890056,45661.697,22926.717,0,1641.760,0,189.741,7230,7988,1.640,2.100,1.840,1,0,0,0,0,20,304,0,28,2
06-09 04:47:06,26.007,9.753,62.016,0.250,0,5833356,4952824,526392,4890156,29815.689,14661.781,0,1672.431,0,192.050,6502,7058,1.640,2.100,1.840,2,0,2.001,0,0,20,304,0,28,2
06-09 04:47:07,26.333,8.695,62.355,0.248,0,5833180,4952572,526784,4890188,29678.833,14631.236,0,2722.738,0,319.971,7006,8166,1.640,2.100,1.840,3,0,0,0,0,20,304,0,28,2
06-09 04:47:08,25.877,9.044,62.557,0.251,0,5832844,4952320,527096,4890444,25887.181,449281.278,0,2488.224,0,272.338,7327,8219,1.640,2.100,1.840,1,0,2.010,0,0,20,304,0,28,2
06-09 04:47:09,26.097,8.202,64.123,0,0,5832872,4952068,527292,4890468,17305.292,140502.230,0,1670.184,0,152.106,6362,6863,1.670,2.100,1.840,1,0,3.977,0,0,20,304,0,26,2
06-09 04:47:10,25.730,12.108,60.540,0.252,0,5834876,4949548,527540,4890724,15828.312,7361.724,0,6062.121,0,345.081,7007,7236,1.670,2.100,1.840,1,0,6.054,0,0,20,304,0,27,2
06-09 04:47:11,22.448,7.233,66.845,0.249,0,5834692,4949548,527644,4890796,15259.678,7279.151,0,985.718,0,87.797,6076,6377,1.670,2.100,1.840,1,0,0,0,0,20,304,0,27,2
06-09 04:47:12,23.774,7.007,67.318,0,0,5835564,4948540,527732,4890844,664.667,0,0,956.960,0,88.088,6035,6223,1.670,2.100,1.840,2,0,2.002,0,0,20,304,0,27,2
06-09 04:47:13,24.235,9.994,64.210,0,0,5835496,4948288,527852,4891032,15225.570,7439.392,0,1347.166,0,156.903,5940,6049,1.670,2.100,1.840,4,0,0,0,0,20,303,0,28,2
06-09 04:47:14,8.755,3.252,86.547,0.250,0,5835296,4948288,527976,4891104,3842.087,1017.553,0,992.539,0,98.053,3600,3753,1.700,2.100,1.840,1,0,0,0,0,20,304,0,28,2
06-09 04:47:15,27.028,6.507,64.316,0.501,0,5835372,4947784,528272,4891224,15310.824,7465.716,0,2494.578,0,336.348,7088,7683,1.700,2.100,1.840,1,0,2.002,0,0,20,305,0,28,2
06-09 04:47:16,13.252,5.001,79.010,0,0,5835460,4947532,528368,4891288,14834.865,1840.231,0,1432.180,0,163.020,4606,4940,1.700,2.100,1.840,0,0,0,0,0,20,303,0,29,2
06-09 04:47:17,18.433,7.224,72.487,0.249,0,5835524,4947280,528408,4891432,30410.508,15166.893,0,1665.947,0,123.551,4465,4213,1.700,2.100,1.840,1,0,0,0,0,20,303,0,30,2
06-09 04:47:18,10.284,3.512,84.533,0,0,5835624,4947028,528444,4891544,47793.176,23226.843,0,1224.103,0,104.350,3657,3952,1.700,2.100,1.840,2,0,2.007,0,0,20,304,0,30,2
06-09 04:47:19,22.152,8.712,66.955,0.249,0,5861152,4921352,528564,4892940,29285.055,9095.950,0,1740.337,0,178.215,5749,7870,1.720,2.100,1.840,3,0,34.847,0,0,20,303,0,30,2
06-09 04:47:20,22.615,11.810,63.826,0.251,0,5842356,4939760,528688,4891808,30676.628,15233.780,0,4913.085,0,306.565,6438,13850,1.720,2.100,1.840,2,0,2.010,0,0,20,304,0,32,2
06-09 04:47:21,24.242,7.498,66.229,0,0,5842524,4939508,528740,4891836,44784.678,22594.774,0,1451.536,0,134.957,6397,6620,1.720,2.100,1.840,2,0,1.999,0,0,20,304,0,32,2
06-09 04:47:22,26.213,8.738,62.662,0.499,0,5842556,4939284,528824,4891940,29706.500,14733.417,0,2109.054,0,259.637,7066,8048,1.720,2.100,1.840,2,0,0.999,0,0,20,304,0,29,2
06-09 04:47:23,24.520,9.258,63.802,0,0,5842392,4939284,529000,4891920,15612.724,7450.072,0,1885.537,0,237.193,6939,7550,1.720,2.100,1.840,1,0,0,0,0,20,304,0,29,2
06-09 04:47:24,24.994,8.498,63.735,0.500,0,5841992,4939284,529108,4892204,15291.289,7294.230,0,8126.028,0,958.767,7876,7290,1.740,2.090,1.840,2,0,2.000,0,0,20,304,0,30,2
06-09 04:47:25,24.903,6.973,65.744,0.249,0,5841944,4939284,529144,4892216,15497.674,7267.710,0,1187.378,0,91.643,5973,6132,1.740,2.090,1.840,3,0,0,0,0,20,304,0,30,2
06-09 04:47:26,24.863,7.534,65.547,0,0,5841740,4939284,529224,4892332,19041.178,7461.771,0,1253.674,0,115.523,6191,6530,1.740,2.090,1.840,2,0,1.005,0,0,20,304,0,27,2
06-09 04:47:27,25.012,6.753,66.281,0.250,0,5841500,4939284,529276,4892520,15183.028,7299.379,0,1076.498,0,98.045,6231,6656,1.740,2.090,1.840,1,0,2.001,0,0,20,304,0,29,2
06-09 04:47:28,24.901,8.300,64.892,0,0,5841256,4939284,529416,4892616,1236.474,148.900,0,6362.458,0,387.341,6411,6982,1.740,2.090,1.840,2,0,0,0,0,20,304,0,29,2
06-09 04:47:29,20.826,8.677,68.179,0.496,0,5841012,4939284,529624,4892644,18136.087,8243.946,0,1626.377,0,214.206,5451,5789,1.760,2.090,1.840,4,0,0.992,0,0,20,303,0,30,2
06-09 04:47:30,15.272,4.256,79.363,0,0,5840760,4939284,529664,4892852,15560.243,7468.676,0,1826.611,0,60.086,4128,4061,1.760,2.090,1.840,2,0,3.004,0,0,20,304,0,24,2
06-09 04:47:31,30.224,8.992,57.451,0.250,0,5843692,4936008,529844,4893004,489.583,396.662,0,2669.725,0,339.710,7349,8357,1.760,2.090,1.840,0,0,5.995,0,0,20,303,0,28,2
06-09 04:47:32,7.746,2.998,87.702,0.500,0,5843612,4936008,529868,4893056,14773.968,1508.180,0,983.465,0,96.947,3237,3427,1.760,2.090,1.840,1,0,0,0,0,20,304,0,28,2
06-09 04:47:33,21.435,8.723,67.794,0.249,0,5843564,4935756,529960,4893256,47991.965,23999.970,0,1451.583,0,145.557,5156,5304,1.760,2.090,1.840,3,0,1.994,0,0,20,303,0,29,2
06-09 04:47:34,13.812,4.520,81.114,0,0,5843704,4935504,530032,4893296,30571.131,14886.777,0,5424.332,0,786.528,4906,4097,1.620,2.060,1.830,2,0,0,0,0,20,304,0,28,2
06-09 04:47:35,11.957,4.484,80.959,0,0,5843664,4935312,530160,4893392,56701.274,584489.941,0,1626.157,0,172.381,4954,5087,1.620,2.060,1.830,1,0,0.996,0,0,20,303,0,29,2
06-09 04:47:36,21.836,8.785,66.764,0.502,0,5843556,4935060,530308,4893600,31019.576,15511.294,0,5618.201,0,388.535,7259,8247,1.620,2.060,1.830,1,0,3.012,0,0,20,304,0,30,2
06-09 04:47:37,23.904,9.213,63.992,0,0,5843448,4935060,530424,4893584,44321.530,21997.423,0,1788.797,0,215.134,6808,7487,1.620,2.060,1.830,1,0,0,0,0,20,304,0,30,2
06-09 04:47:38,27.018,9.256,61.541,0.500,0,5843364,4934808,530568,4893768,15729.372,7448.912,0,2389.576,0,283.187,7375,8267,1.620,2.060,1.830,4,0,0,0,0,20,304,0,29,2
06-09 04:47:39,27.831,9.026,62.181,0.501,0,5843436,4934556,530648,4893868,30015.376,15025.741,0,2318.750,0,242.707,6826,7356,1.570,2.040,1.830,1,0,3.009,0,0,20,304,0,29,2
06-09 04:47:40,24.856,7.208,65.122,0,0,5843304,4934304,530720,4894172,15325.992,7414.937,0,2250.927,0,227.678,6536,7162,1.570,2.040,1.830,4,0,0,0,0,20,304,0,30,2
06-09 04:47:41,24.396,7.042,67.654,0,0,5843992,4933548,530772,4894188,15327.623,7406.272,0,1348.058,0,107.643,5804,6191,1.570,2.040,1.830,1,0,0,0,0,20,304,0,30,2
06-09 04:47:42,22.653,8.558,67.457,0,0,5844352,4933044,530796,4894300,909.157,0,0,1119.582,0,86.586,5539,5617,1.570,2.040,1.830,2,0,2.014,0,0,20,304,0,29,2
06-09 04:47:43,18.638,6.958,72.065,0.497,0,5844344,4932792,530848,4894504,18414.855,8467.891,0,2019.809,0,223.650,5058,5607,1.570,2.040,1.830,0,0,0,0,0,20,303,0,30,2
06-09 04:47:44,15.473,9.983,72.124,0.250,0,5843992,4932792,531012,4894684,15388.092,7444.982,0,7494.894,0,473.173,5367,5710,1.450,2.010,1.820,5,0,0,0,0,20,302,0,31,2
06-09 04:47:45,14.025,4.257,80.390,0.250,0,5844096,4932540,531088,4894752,10610.543,2088.650,0,1923.361,0,133.233,4201,4544,1.450,2.010,1.820,1,0,2.004,0,0,20,303,0,31,2
06-09 04:47:46,16.241,3.998,77.705,0.250,0,5844084,4932288,531160,4894940,33329.553,9543.432,0,1323.228,0,143.916,4708,5013,1.450,2.010,1.820,1,0,0,0,0,20,303,0,26,2
06-09 04:47:47,16.002,3.750,77.508,0,0,5844700,4931532,531196,4895040,14654.506,1840.189,0,1196.123,0,132.014,4572,4688,1.450,2.010,1.820,2,0,1.000,0,0,20,305,0,26,2
06-09 04:47:48,11.485,4.744,82.390,0.250,0,5844852,4931280,531240,4895092,38377.772,16376.140,0,1214.379,0,102.863,4169,4402,1.450,2.010,1.820,1,0,1.997,0,0,20,306,0,26,2
06-09 04:47:49,24.976,9.241,64.687,0,0,5844956,4931056,531296,4895152,29838.764,15063.241,0,1770.266,0,202.801,6690,7372,1.410,1.990,1.810,1,0,0.999,0,0,20,306,0,26,2
06-09 04:47:50,25.064,7.770,64.916,0.251,0,5844660,4931056,531372,4895364,30659.518,14761.804,0,1660.252,0,152.390,6261,6577,1.410,1.990,1.810,1,0,0,0,0,20,306,0,24,2
06-09 04:47:51,24.711,6.739,66.396,0,0,5845080,4930552,531404,4895416,15152.250,7350.479,0,1757.246,0,134.789,6210,6645,1.410,1.990,1.810,3,0,1.997,0,0,20,306,0,26,2
06-09 04:47:52,21.027,10.637,65.803,0.495,0,5845644,4929796,531488,4895516,30115.939,14782.389,0,1741.549,0,184.050,5706,5975,1.410,1.990,1.810,2,0,0,0,0,20,306,0,26,2
06-09 04:47:53,15.937,5.312,77.915,0.253,0,5845340,4929796,531620,4895684,15275.333,2154.292,0,7224.820,0,395.645,4622,5187,1.410,1.990,1.810,1,0,0,0,0,20,305,0,28,2
06-09 04:47:54,16.992,4.498,77.212,0,0,5845456,4929544,531660,4895776,29311.583,9131.509,0,1295.363,0,135.933,4468,4499,1.380,1.970,1.810,2,0,1.999,0,0,20,305,0,27,2
06-09 04:47:55,14.641,6.452,76.682,0,0,5845444,4929544,531692,4895756,15534.845,7307.829,0,7289.962,0,861.613,6220,5127,1.380,1.970,1.810,2,0,0,0,0,20,306,0,27,2
06-09 04:47:56,25.648,9.052,64.624,0,0,5845240,4929544,531760,4895880,16383.823,8068.699,0,1480.569,0,177.025,6411,7097,1.380,1.970,1.810,3,0,0,0,0,20,306,0,28,2
06-09 04:47:57,25.561,6.766,65.157,0.752,0,5845292,4929292,531800,4896040,45110.372,22265.490,0,1832.402,0,178.429,6581,7114,1.380,1.970,1.810,2,0,2.005,0,0,20,306,0,29,2
06-09 04:47:58,25.213,7.739,64.655,0.499,0,5846132,4928284,531836,4896168,40281.579,451989.250,0,1933.148,0,183.729,6878,7121,1.380,1.970,1.810,2,0,0,0,0,20,306,0,28,2
06-09 04:47:59,24.079,10.284,63.458,0,0,5846288,4928032,531876,4896220,18861.781,143379.633,0,1577.166,0,170.559,6058,6128,1.350,1.950,1.800,4,0,2.007,0,0,20,305,0,29,2
06-09 04:48:00,9.945,2.735,86.024,0,0,5846652,4927528,531908,4896328,18677.683,8320.972,0,1396.276,0,107.406,3577,3594,1.350,1.950,1.800,1,0,1.989,0,0,20,306,0,29,2
06-09 04:48:01,25.552,8.517,64.131,0.501,0,5846512,4927528,531992,4896380,16307.336,7701.744,0,1960.007,0,190.389,5531,5874,1.350,1.950,1.800,3,0,0,0,0,20,305,0,32,2
06-09 04:48:02,10.499,4.250,83.243,0,0,5846340,4927528,532080,4896452,18279.421,8236.289,0,4435.617,0,272.976,4466,4704,1.350,1.950,1.800,2,0,0,0,0,20,305,0,32,2
06-09 04:48:03,10.772,4.008,83.672,0.251,0,5846544,4927276,532148,4896432,29899.484,9369.266,0,1795.693,0,172.354,4219,4626,1.350,1.950,1.800,1,0,2.004,0,0,20,305,0,30,2
06-09 04:48:04,13.734,3.995,80.408,0.250,0,5846600,4927024,532216,4896556,15395.396,1837.898,0,1769.976,0,157.820,4291,4474,1.240,1.920,1.790,0,0,0,0,0,20,305,0,30,2
06-09 04:48:05,15.760,7.505,75.547,0,0,5846548,4927024,532284,4896540,15691.857,7528.729,0,1232.774,0,133.084,4130,4193,1.240,1.920,1.790,2,0,0,0,0,20,303,0,31,2
06-09 04:48:06,12.252,4.501,82.261,0.250,0,5846204,4927024,532308,4896852,19153.462,8917.146,0,1228.158,0,122.016,3939,3856,1.240,1.920,1.790,1,0,2.000,0,0,20,306,0,31,2
06-09 04:48:07,24.978,8.992,64.194,0,0,5846288,4926520,532428,4897152,44994.679,23404.547,0,1586.613,0,181.841,5708,5667,1.240,1.920,1.790,1,0,0,0,0,20,305,0,32,2
06-09 04:48:08,5.000,2.250,91.745,0,0,5846232,4926520,532448,4897184,43888.692,16586.128,0,683.964,0,42.998,2515,2409,1.240,1.920,1.790,0,0,2.000,0,0,20,305,0,32,2
06-09 04:48:09,9.262,3.755,85.114,0.250,0,5846416,4926268,532492,4897200,19785.508,7856.526,0,1005.347,0,94.126,3248,3141,1.140,1.890,1.780,2,0,3.004,0,0,20,305,1,32,2
06-09 04:48:10,24.669,10.217,64.538,0.249,0,5847628,4924756,532552,4897436,15436.396,8144.301,0,1511.046,0,161.471,5606,5652,1.140,1.890,1.780,1,0,2.990,0,0,20,305,0,33,2
06-09 04:48:11,13.542,4.013,80.502,0.251,0,5847816,4924504,532616,4897432,18273.271,7783.394,0,1187.723,0,109.343,3992,3949,1.140,1.890,1.780,0,0,3.009,0,0,20,305,0,33,2
06-09 04:48:12,6.988,3.993,86.349,0.250,0,5847860,4924252,532744,4897508,29638.200,8789.638,0,6157.239,0,387.323,4453,4791,1.140,1.890,1.780,3,0,1.997,0,0,20,306,0,33,2
06-09 04:48:13,13.516,4.005,81.093,0.250,0,5847752,4924252,532796,4897560,29332.723,9294.686,0,1161.335,0,128.147,4173,4483,1.140,1.890,1.780,1,0,0,0,0,20,305,0,33,2
06-09 04:48:14,8.508,3.253,87.583,0.250,0,5847680,4924252,532832,4897596,7955.540,1328.259,0,816.774,0,74.070,3209,3240,1.050,1.860,1.770,0,0,0,0,0,20,305,0,33,2
06-09 04:48:15,18.496,5.499,74.235,0.250,0,5847376,4924252,532896,4897816,32089.546,9428.104,0,1575.683,0,184.963,5643,6346,1.050,1.860,1.770,2,0,2.000,0,0,20,306,0,32,2
06-09 04:48:16,25.227,10.241,61.944,0,0,5847268,4924252,532948,4897868,16194.333,7836.902,0,8556.250,0,943.146,7563,7201,1.050,1.860,1.770,2,0,0,0,0,20,306,0,32,2
06-09 04:48:17,25.464,6.740,64.907,0.499,0,5847164,4924252,532988,4897924,44704.263,22246.282,0,2320.691,0,215.692,6779,7455,1.050,1.860,1.770,1,0,0,0,0,20,306,0,32,2
06-09 04:48:18,23.805,7.267,66.905,0,0,5847864,4923244,533028,4898184,30273.051,14906.493,0,1695.924,0,127.295,6350,6685,1.050,1.860,1.770,1,0,2.005,0,0,20,307,0,32,2
06-09 04:48:19,23.741,7.747,66.976,0.250,0,5847816,4923244,533052,4898204,30476.911,14956.558,0,1223.555,0,108.960,6101,6386,1.040,1.840,1.770,2,0,1.000,0,0,20,306,0,30,2
06-09 04:48:20,35.747,17.749,44.747,0.250,0,5867568,4903112,533156,4898372,45389.751,22894.361,0,2467.823,0,274.980,8144,15936,1.040,1.840,1.770,1,0,35.997,0,0,20,306,0,31,2
06-09 04:48:21,24.748,7.999,65.245,0.250,0,5866872,4903544,533232,4898660,15876.768,7457.421,0,6291.512,0,355.972,6644,7136,1.040,1.840,1.770,1,0,2.000,0,0,20,306,0,32,2
06-09 04:48:22,23.483,8.744,65.953,0,0,5864760,4905444,533240,4898856,40770.100,462787.949,0,1095.224,0,86.938,6248,6242,1.040,1.840,1.770,2,0,0.999,0,0,20,306,0,33,2
06-09 04:48:23,19.784,7.263,71.123,0.250,0,5859964,4910068,533332,4898932,21653.562,140934.478,0,1787.100,0,221.384,5639,5987,1.040,1.840,1.770,0,0,0,0,0,20,305,0,33,2
06-09 04:48:24,13.172,7.456,77.790,0,0,5859952,4910028,533388,4898924,15324.410,7318.736,0,1304.290,0,100.406,4034,3905,0.960,1.810,1.760,3,0,1.988,0,0,20,306,0,33,2
06-09 04:48:25,13.830,3.520,81.468,0.251,0,5859948,4909776,533436,4899128,3994.974,951.472,0,1082.223,0,108.625,4009,4280,0.960,1.810,1.760,0,0,0,0,0,20,305,0,34,2
06-09 04:48:26,23.639,8.958,65.690,0.498,0,5859772,4909776,533512,4899228,16074.183,7422.988,0,1381.484,0,162.235,5365,5472,0.960,1.810,1.760,1,0,0,0,0,20,305,0,35,2
06-09 04:48:27,10.769,2.755,85.154,0,0,5859976,4909524,533532,4899252,18315.099,8581.508,0,813.470,0,61.110,3304,3099,0.960,1.810,1.760,1,0,2.004,0,0,20,306,0,34,2
06-09 04:48:28,23.561,7.770,66.922,0,0,5861748,4907508,533552,4899468,1252.222,148.382,0,810.084,0,58.150,4227,3638,0.960,1.810,1.760,1,0,1.003,0,0,20,306,0,35,2
06-09 04:48:29,24.222,6.742,67.173,0,0,5865708,4903476,533576,4899512,30954.464,16612.928,0,855.018,0,68.921,4337,3567,1.040,1.820,1.760,4,0,0.999,0,0,20,306,0,38,2
06-09 04:48:30,25.705,7.487,64.887,0,0,5867188,4901712,533624,4899748,61584.485,31850.395,0,1042.181,0,83.854,4766,4327,1.040,1.820,1.760,6,0,1.997,0,0,20,306,0,38,2
06-09 04:48:31,8.001,3.750,86.007,0.250,0,5866992,4901712,533728,4899832,58613.460,23957.823,0,5016.382,0,312.024,4157,4664,1.040,1.820,1.760,5,0,0,0,0,20,305,0,33,2
06-09 04:48:32,31.572,9.522,56.879,0,0,5871060,4897428,533856,4899916,44152.057,16992.508,0,1318.989,0,145.329,6613,6894,1.040,1.820,1.760,0,0,6.014,0,0,20,305,0,35,2
06-09 04:48:33,13.452,3.737,80.214,0.249,0,5871112,4897176,533972,4899988,29580.535,9251.017,0,1171.822,0,129.538,4379,4517,1.040,1.820,1.760,1,0,1.993,0,0,20,305,0,35,2
06-09 04:48:34,12.024,4.509,82.913,0,0,5871024,4897176,534032,4900012,15381.157,7310.333,0,989.941,0,68.134,3956,4168,0.960,1.790,1.750,1,0,0,0,0,20,306,0,36,2
06-09 04:48:35,25.789,8.012,63.345,0.250,0,5870924,4896924,534228,4900168,15462.115,7306.923,0,1670.497,0,189.283,6951,7683,0.960,1.790,1.750,1,0,1.001,0,0,20,306,0,33,2
06-09 04:48:36,25.479,6.994,64.947,0.500,0,5870936,4896672,534408,4900220,16511.420,8536.979,0,2042.320,0,199.836,6524,7118,0.960,1.790,1.750,3,0,1.998,0,0,20,306,0,34,2
06-09 04:48:37,24.528,8.510,64.324,0.250,0,5870668,4896672,534508,4900376,15591.956,7304.412,0,8581.883,0,918.057,7430,6296,0.960,1.790,1.750,2,0,0,0,0,20,306,0,35,2
06-09 04:48:38,21.465,10.233,65.891,0.250,0,5870584,4896420,534672,4900544,1046.276,147.757,0,1713.178,0,175.711,5885,6002,0.960,1.790,1.750,2,0,0,0,0,20,306,0,35,2
06-09 04:48:39,16.013,3.503,78.312,0,0,5870348,4896420,534816,4900632,18112.274,8572.756,0,1349.063,0,121.095,4031,4342,0.960,1.770,1.750,1,0,3.002,0,0,20,305,0,36,2
06-09 04:48:40,21.999,5.000,71.746,0,0,5870384,4896168,534904,4900748,15557.149,7523.588,0,1147.937,0,76.996,4742,4519,0.960,1.770,1.750,2,0,0,0,0,20,308,0,37,2
06-09 04:48:41,25.755,5.751,66.263,0.250,0,5870364,4895916,535104,4900816,420.080,0,0,5641.076,0,303.058,6196,6200,0.960,1.770,1.750,1,0,2.000,0,0,20,311,0,40,2
06-09 04:48:42,25.525,5.756,66.817,0,0,5870956,4895160,535164,4900916,479.479,0,0,844.844,0,70.070,5493,5319,0.960,1.770,1.750,1,0,3.003,0,0,20,309,0,64,2
06-09 04:48:43,25.483,5.746,66.956,0,0,5871096,4894908,535244,4900948,15323.860,7582.982,0,955.368,0,83.944,5529,5448,0.960,1.770,1.750,2,0,0,0,0,20,311,0,68,3
06-09 04:48:44,26.164,4.984,67.278,0.249,0,5871112,4894656,535288,4901136,598.024,0,0,685.734,0,55.816,5424,5443,1.130,1.790,1.750,2,0,0,0,0,20,311,0,68,3
06-09 04:48:45,26.694,6.985,64.117,0,0,5872272,4893396,535380,4901136,15480.802,8354.624,0,1221.460,0,110.770,5843,5811,1.130,1.790,1.750,1,0,1.996,0,0,20,308,0,87,3
06-09 04:48:46,31.029,6.006,62.307,0.250,0,5872020,4893144,535476,4901536,71904.112,35585.719,0,1048.964,0,92.085,5836,5562,1.130,1.790,1.750,5,0,0,0,0,20,308,0,90,3
06-09 04:48:47,10.034,4.766,82.031,0.251,0,5872144,4892920,535568,4901540,70963.490,471812.885,0,7088.321,0,799.744,5794,4760,1.130,1.790,1.750,0,0,1.003,0,0,20,307,0,90,3
06-09 04:48:48,23.238,7.496,67.715,0.250,0,5872432,4892444,535680,4901612,33661.589,143451.802,0,1239.359,0,123.936,6309,6458,1.130,1.790,1.750,1,0,1.999,0,0,20,308,0,89,3
06-09 04:48:49,26.391,8.465,62.740,0.249,0,5872592,4891940,535888,4901736,15168.191,7265.913,0,2597.245,0,288.804,7278,8024,1.120,1.780,1.750,3,0,0.996,0,0,20,308,0,89,3
06-09 04:48:50,23.847,7.531,67.274,0,0,5872512,4891436,535936,4902268,15053.365,7488.527,0,1457.943,0,105.430,5872,5888,1.120,1.780,1.750,2,0,0,0,0,20,308,0,89,3
06-09 04:48:51,23.777,7.759,66.825,0.250,0,5873292,4890428,536020,4902408,15308.073,7304.146,0,1301.451,0,94.105,6102,6090,1.120,1.780,1.750,1,0,2.002,0,0,20,308,0,89,3
06-09 04:48:52,23.736,10.494,63.713,0.250,0,5872768,4890428,536268,4902668,19889.360,10253.999,0,5372.855,0,385.774,5580,6174,1.120,1.780,1.750,0,0,0,0,0,20,308,0,88,2
06-09 04:48:53,14.763,4.003,79.068,0.500,0,5872656,4890428,536432,4902616,29430.490,9438.175,0,2450.122,0,228.198,4512,4716,1.120,1.780,1.750,0,0,0,0,0,20,308,0,88,2
06-09 04:48:54,4.496,2.498,91.417,0,0,5872696,4890176,536512,4902740,3850.508,65.940,0,815.261,0,63.942,2718,2670,1.030,1.750,1.740,2,0,1.998,0,0,20,309,0,88,2
06-09 04:48:55,9.244,3.498,85.698,0,0,5872824,4889924,536620,4902752,18276.839,8181.004,0,1758.926,0,170.896,4040,4367,1.030,1.750,1.740,0,0,0,0,0,20,308,0,88,2
06-09 04:48:56,11.262,4.254,82.835,0.250,0,5872500,4889924,536708,4902980,18367.869,8194.418,0,1525.567,0,172.177,4221,4671,1.030,1.750,1.740,0,0,0,0,0,20,308,0,86,2
06-09 04:48:57,16.007,4.252,78.033,0,0,5872412,4889924,536724,4903052,659.283,0,0,588.252,0,30.013,3576,3160,1.030,1.750,1.740,2,0,2.001,0,0,20,309,0,87,2
06-09 04:48:58,24.481,4.996,68.948,0,0,5873324,4888916,536736,4903132,3744.160,610.537,0,835.366,0,53.959,3938,3429,1.030,1.750,1.740,2,0,0.999,0,0,20,308,0,87,2
06-09 04:48:59,6.977,2.741,88.459,0.249,0,5873336,4888664,536800,4903304,45162.656,24182.568,0,1140.255,0,119.607,3331,3509,0.940,1.720,1.730,2,0,0.997,0,0,20,309,0,87,2
06-09 04:49:00,7.024,2.760,88.555,0.251,0,5873240,4888664,536868,4903332,32838.135,15107.047,0,1316.536,0,144.498,3464,3486,0.940,1.720,1.730,1,0,2.007,0,0,20,308,0,84,2
06-09 04:49:01,9.731,3.244,85.081,0,0,5873144,4888664,536952,4903344,32844.900,15091.089,0,1265.492,0,134.733,3685,3824,0.940,1.720,1.730,0,0,0,0,0,20,308,0,85,2
06-09 04:49:02,13.032,3.509,81.949,0.251,0,5872984,4888664,537036,4903412,29867.481,9224.385,0,1267.075,0,133.324,4078,4223,0.940,1.720,1.730,0,0,0,0,0,20,308,0,85,2
06-09 04:49:03,14.749,5.000,78.743,0,0,5873124,4888412,537124,4903428,15229.669,7443.349,0,1079.906,0,103.991,4565,4874,0.940,1.720,1.730,3,0,2.000,0,0,20,309,0,85,2
06-09 04:49:04,24.227,8.992,64.190,0.749,0,5872880,4888412,537344,4903444,15337.557,7612.831,0,6509.870,0,420.604,7016,7615,1.030,1.730,1.730,1,0,0,0,0,20,309,0,82,2
06-09 04:49:05,26.525,7.257,64.061,0.250,0,5872456,4888412,537488,4903720,16730.912,7627.254,0,1693.611,0,165.157,6720,7246,1.030,1.730,1.730,2,0,0,0,0,20,309,0,82,2
06-09 04:49:06,24.258,9.003,65.022,0,0,5873988,4886648,537596,4903836,600.206,0,0,1216.417,0,117.040,5965,6272,1.030,1.730,1.730,1,0,2.001,0,0,20,309,0,83,2
06-09 04:49:07,23.730,5.995,68.691,0,0,5874700,4885892,537624,4903852,15157.929,7289.714,0,563.514,0,28.975,4126,3504,1.030,1.730,1.730,1,0,0,0,0,20,309,0,83,2
06-09 04:49:08,22.241,9.246,66.472,0,0,5874392,4885892,537800,4903968,3859.364,1170.504,0,8016.603,0,972.588,6748,6005,1.030,1.730,1.730,1,0,1.999,0,0,20,308,0,82,2
06-09 04:49:09,13.232,4.993,80.393,0.250,0,5874532,4885640,537936,4903944,48760.923,23987.985,0,2025.297,0,192.743,4415,4490,0.950,1.700,1.720,0,0,2.996,0,0,20,308,0,82,2
06-09 04:49:10,7.757,2.002,87.580,0,0,5874432,4885388,537964,4904260,29717.144,15068.764,0,1012.925,0,55.050,2839,2700,0.950,1.700,1.720,1,0,0,0,0,20,308,0,82,2
06-09 04:49:11,6.465,5.968,86.281,0.249,0,5875592,4884156,538020,4904272,32302.499,14871.204,0,895.137,0,80.562,2966,2966,0.950,1.700,1.720,0,0,5.968,0,0,20,309,0,82,2
06-09 04:49:12,13.828,4.526,80.202,0.503,0,5875820,4883680,538080,4904456,34123.513,11090.569,0,1275.194,0,134.760,4324,4542,0.950,1.700,1.720,0,0,2.011,0,0,20,308,0,81,2
06-09 04:49:13,19.283,6.261,73.377,0,0,5875712,4883680,538140,4904500,43582.565,579747.189,0,1037.799,0,103.179,5665,5981,0.950,1.700,1.720,1,0,0,0,0,20,310,0,82,2
06-09 04:49:14,25.232,10.492,61.206,0,0,5875328,4883680,538392,4904620,44284.198,21872.293,0,7886.337,0,556.600,7995,9462,0.950,1.690,1.720,2,0,0,0,0,20,309,0,82,2
06-09 04:49:15,25.986,4.498,69.212,0,0,5745680,5013284,538452,4904604,14982.760,7651.792,0,1547.149,0,103.943,3593,2936,0.950,1.690,1.720,1,0,1.999,0,0,20,308,0,82,2
06-09 04:49:16,5.503,5.753,86.549,0,0,5705872,5053008,538496,4904636,205734.409,65981.013,0,716.402,0,47.026,3593,3094,0.950,1.690,1.720,1,0,30.017,0,0,20,308,0,82,2
06-09 04:49:17,2.991,5.234,82.993,7.726,0,5703396,5049996,538520,4910100,114555.781,38604.294,4398.361,610.108,57.821,26.917,2814,2315,0.950,1.690,1.720,1,1,9.969,0,0,20,308,0,82,2
06-09 04:49:18,13.041,14.295,69.719,2.759,0,5703372,5046468,538556,4913584,44954.108,22629.031,1934.071,3583.248,22.069,451.417,3872,2287,0.950,1.690,1.720,1,0,0,0,0,20,308,0,82,2
06-09 04:49:19,13.979,14.479,70.645,0,0,5703188,5044200,538572,4915964,29764.928,15243.429,0,515.237,0,27.959,2786,1837,0.960,1.670,1.710,1,0,0.999,0,0,20,308,0,82,2
06-09 04:49:20,11.017,14.523,66.102,7.512,0,5709888,5032388,538600,4920964,55702.322,454015.590,3156.892,1530.372,41.064,72.112,3602,2468,0.960,1.670,1.710,2,0,19.029,0,0,20,308,0,82,2
06-09 04:49:21,21.975,19.977,53.189,4.245,0,5728740,5009104,538600,4925344,30623.122,15140.756,2445.215,7.991,38.956,1.998,4143,13365,0.960,1.670,1.710,1,0,23.973,0,0,20,308,0,83,2
06-09 04:49:22,13.022,14.775,70.872,1.002,0,5713260,5020764,538600,4929072,44512.760,22124.152,757.306,4.007,16.028,1.002,2937,1839,0.960,1.670,1.710,0,1,2.003,0,0,20,308,0,83,2
06-09 04:49:23,8.727,13.216,70.816,6.234,0,5712700,5015684,538600,4934676,45319.555,23042.286,4612.048,0,60.842,0,3013,2094,0.960,1.670,1.710,0,1,5.984,0,0,20,308,0,83,2
06-09 04:49:24,3.253,5.254,69.558,19.266,0,5702184,5009928,538620,4950880,60276.596,30695.766,15561.062,324.272,159.134,33.028,3515,2935,0.960,1.660,1.710,0,1,2.002,0,0,20,308,0,78,2
06-09 04:49:25,2.749,4.248,70.216,21.240,0,5698864,4995060,538672,4968920,44740.284,21943.349,15896.284,531.742,180.912,47.977,3332,2875,0.960,1.660,1.710,0,1,0,0,0,20,308,0,78,2
06-09 04:49:26,4.254,4.254,70.069,20.270,0,5698892,4984224,538696,4979656,49568.590,15327.024,9373.188,296.290,107.105,30.029,3182,2796,0.960,1.660,1.710,2,0,2.002,0,0,20,308,0,78,2
06-09 04:49:27,13.760,14.510,71.300,0,0,5699096,4981704,538704,4981924,15469.856,7433.216,0,300.211,0,18.013,2622,1666,0.960,1.660,1.710,1,0,0,0,0,20,308,0,78,2
06-09 04:49:28,13.759,14.759,70.544,0,0,5700916,4977168,538716,4984560,15343.521,7448.622,0,232.144,0,20.012,2881,2012,0.960,1.660,1.710,2,0,0,0,0,20,308,0,78,2
06-09 04:49:29,13.726,15.723,70.129,0,0,5698916,4976160,538740,4987472,15024.980,7283.387,0,203.647,0,21.962,2973,2074,0.960,1.650,1.710,3,0,2.995,0,0,20,308,0,74,2
06-09 04:49:30,6.759,9.262,70.342,12.016,0,5698172,4967604,538764,4996628,15011.549,7305.514,7894.281,376.490,76.099,26.034,3098,2392,0.960,1.650,1.710,3,1,2.003,0,0,20,308,0,74,2
06-09 04:49:31,2.996,4.994,70.412,20.225,0,5697768,4954248,538772,5010364,30113.273,15057.136,13582.983,647.189,136.829,61.922,3151,2397,0.960,1.650,1.710,3,1,1.997,0,0,20,308,0,74,2
06-09 04:49:32,1.750,5.249,70.988,20.246,0,5690344,4948716,538772,5023208,45111.142,22678.049,12653.796,59.990,119.979,2.999,3000,2370,0.960,1.650,1.710,1,1,3.999,0,0,20,308,0,74,2
06-09 04:49:33,3.494,6.239,70.127,17.968,0,5689676,4935612,538772,5036948,44704.528,22532.448,13452.386,3.993,137.758,0.998,3019,2345,0.960,1.650,1.710,3,1,3.993,0,0,20,308,0,69,2
06-09 04:49:34,11.261,9.009,57.557,19.019,0,5690948,4922732,538808,5048456,60442.414,471877.851,11547.351,1689.661,111.109,326.321,5460,4641,1.370,1.720,1.730,1,1,8.008,0,0,20,308,0,71,2
