{0} setUpClass (tempest.api.compute.******.test_live_migration.LiveAutoBlockMigrationV225Test) ... SKIPPED: Less than 2 compute nodes, skipping migration test.
{0} setUpClass (tempest.api.compute.******.test_live_migration.LiveMigrationTest) ... SKIPPED: Less than 2 compute nodes, skipping migration test.
{0} setUpClass (tempest.api.compute.******.test_live_migration.LiveMigrationWithoutHostTest) ... SKIPPED: Less than 2 compute nodes, skipping migration test.
{0} setUpClass (tempest.api.compute.servers.test_server_rescue.ServerBootFromVolumeStableRescueTest) ... SKIPPED: Stable rescue not available.
{0} setUpClass (tempest.api.compute.servers.test_server_rescue.ServerStableDeviceRescueTest) ... SKIPPED: Stable rescue not available.
{0} tempest.api.compute.volumes.test_volume_snapshots.VolumesSnapshotsTestJSON.test_volume_snapshot_create_get_list_delete [5.813681s] ... ok
{0} tempest.api.compute.volumes.test_volumes_get.VolumesGetTestJSON.test_volume_create_get_delete [2.114415s] ... ok
{0} tempest.api.compute.volumes.test_volumes_list.VolumesTestJSON.test_volume_list [0.384278s] ... ok
{0} tempest.api.compute.volumes.test_volumes_list.VolumesTestJSON.test_volume_list_param_limit [0.188953s] ... ok
{0} tempest.api.compute.volumes.test_volumes_list.VolumesTestJSON.test_volume_list_param_offset_and_limit [0.183282s] ... ok
{0} tempest.api.compute.volumes.test_volumes_list.VolumesTestJSON.test_volume_list_with_detail_param_limit [0.086839s] ... ok
{0} tempest.api.compute.volumes.test_volumes_list.VolumesTestJSON.test_volume_list_with_detail_param_offset_and_limit [0.181767s] ... ok
{0} tempest.api.compute.volumes.test_volumes_list.VolumesTestJSON.test_volume_list_with_details [0.094021s] ... ok
{0} tempest.api.compute.volumes.test_volumes_negative.VolumesNegativeTest.test_create_volume_with_invalid_size [0.290584s] ... ok
{0} tempest.api.compute.volumes.test_volumes_negative.VolumesNegativeTest.test_create_volume_with_size_zero [0.020314s] ... ok
{0} tempest.api.compute.volumes.test_volumes_negative.VolumesNegativeTest.test_create_volume_without_passing_size [0.022207s] ... ok
{0} tempest.api.compute.volumes.test_volumes_negative.VolumesNegativeTest.test_delete_invalid_volume_id [0.066782s] ... ok
{0} tempest.api.compute.volumes.test_volumes_negative.VolumesNegativeTest.test_delete_volume_without_passing_volume_id [0.013474s] ... ok
{0} tempest.api.compute.volumes.test_volumes_negative.VolumesNegativeTest.test_get_volume_without_passing_volume_id [0.015714s] ... ok
{0} tempest.api.compute.volumes.test_volumes_negative.VolumesNegativeTest.test_volume_delete_nonexistent_volume_id [0.054464s] ... ok
{0} tempest.api.compute.volumes.test_volumes_negative.VolumesNegativeTest.test_volume_get_nonexistent_volume_id [0.059961s] ... ok
{0} tempest.api.volume.******.test_backends_capabilities.BackendsCapabilitiesAdminTestsJSON.test_compare_volume_stats_values [0.185397s] ... ok
{0} tempest.api.volume.******.test_backends_capabilities.BackendsCapabilitiesAdminTestsJSON.test_get_capabilities_backend [0.036412s] ... ok
{0} setUpClass (tempest.api.volume.******.test_encrypted_volumes_extend.EncryptedVolumesExtendAttachedTest) ... SKIPPED: Attached encrypted volume extend is disabled.
{0} tempest.api.volume.******.test_group_snapshots.GroupSnapshotsTest.test_create_group_from_group_snapshot [11.074750s] ... ok
{0} tempest.api.volume.******.test_group_snapshots.GroupSnapshotsTest.test_delete_group_snapshots_following_updated_volumes [15.638996s] ... ok
{0} tempest.api.volume.******.test_group_snapshots.GroupSnapshotsTest.test_group_snapshot_create_show_list_delete [7.968899s] ... ok
{0} tempest.api.volume.******.test_group_snapshots.GroupSnapshotsV319Test.test_reset_group_snapshot_status [7.498563s] ... ok
{0} tempest.api.volume.******.test_group_type_specs.GroupTypeSpecsTest.test_group_type_specs_create_show_update_list_delete [0.851649s] ... ok
{0} tempest.api.volume.******.test_group_types.GroupTypesTest.test_group_type_create_list_update_show_delete [0.498240s] ... ok
{0} tempest.api.volume.******.test_group_types.GroupTypesTest.test_group_type_list_by_optional_params [0.396228s] ... ok
{0} tempest.api.volume.******.test_groups.GroupsTest.test_group_create_show_list_delete [8.481140s] ... ok
{0} tempest.api.volume.******.test_groups.GroupsTest.test_group_update [10.314285s] ... ok
{0} tempest.api.volume.******.test_groups.GroupsV314Test.test_create_group_from_group [10.974717s] ... ok
{0} tempest.api.volume.******.test_groups.GroupsV320Test.test_reset_group_status [3.539602s] ... ok
{0} tempest.api.volume.******.test_multi_backend.VolumeMultiBackendTest.test_backend_name_distinction [0.142649s] ... ok
{0} tempest.api.volume.******.test_multi_backend.VolumeMultiBackendTest.test_backend_name_distinction_with_prefix [0.145452s] ... ok
{0} tempest.api.volume.******.test_multi_backend.VolumeMultiBackendTest.test_backend_name_reporting [0.136855s] ... ok
{0} tempest.api.volume.******.test_multi_backend.VolumeMultiBackendTest.test_backend_name_reporting_with_prefix [0.143296s] ... ok
{0} tempest.api.volume.******.test_qos.QosSpecsTestJSON.test_associate_disassociate_qos [0.850253s] ... ok
{0} tempest.api.volume.******.test_qos.QosSpecsTestJSON.test_create_delete_qos_with_back_end_consumer [0.232072s] ... ok
{0} tempest.api.volume.******.test_qos.QosSpecsTestJSON.test_create_delete_qos_with_both_consumer [0.231895s] ... ok
{0} tempest.api.volume.******.test_qos.QosSpecsTestJSON.test_create_delete_qos_with_front_end_consumer [0.198799s] ... ok
{0} tempest.api.volume.******.test_qos.QosSpecsTestJSON.test_get_qos [0.029075s] ... ok
{0} tempest.api.volume.******.test_qos.QosSpecsTestJSON.test_list_qos [0.029735s] ... ok
{0} tempest.api.volume.******.test_qos.QosSpecsTestJSON.test_set_unset_qos_key [0.210694s] ... ok
{0} tempest.api.volume.******.test_snapshots_actions.SnapshotsActionsTest.test_reset_snapshot_status [0.411466s] ... ok
{0} tempest.api.volume.******.test_snapshots_actions.SnapshotsActionsTest.test_snapshot_force_delete_when_snapshot_is_creating [2.698896s] ... ok
{0} tempest.api.volume.******.test_snapshots_actions.SnapshotsActionsTest.test_snapshot_force_delete_when_snapshot_is_deleting [2.633609s] ... ok
{0} tempest.api.volume.******.test_snapshots_actions.SnapshotsActionsTest.test_snapshot_force_delete_when_snapshot_is_error [2.636580s] ... ok
{0} tempest.api.volume.******.test_snapshots_actions.SnapshotsActionsTest.test_snapshot_force_delete_when_snapshot_is_error_deleting [2.649862s] ... ok
{0} tempest.api.volume.******.test_snapshots_actions.SnapshotsActionsTest.test_update_snapshot_status [0.290905s] ... ok
{0} tempest.api.volume.******.test_user_messages.UserMessagesTest.test_delete_message [2.593104s] ... ok
{0} tempest.api.volume.******.test_user_messages.UserMessagesTest.test_list_show_messages [2.167437s] ... ok
{0} tempest.api.volume.******.test_volume_hosts.VolumeHostsAdminTestsJSON.test_list_hosts [0.309547s] ... ok
{0} tempest.api.volume.******.test_volume_hosts.VolumeHostsAdminTestsJSON.test_show_host [0.304306s] ... ok
{0} setUpClass (tempest.api.volume.******.test_volume_manage.VolumeManageAdminTest) ... SKIPPED: Manage volume tests are disabled
{0} tempest.api.volume.******.test_volume_pools.VolumePoolsAdminTestsJSON.test_get_pools_with_details [0.323635s] ... ok
{0} tempest.api.volume.******.test_volume_pools.VolumePoolsAdminTestsJSON.test_get_pools_without_details [0.057114s] ... ok
{0} tempest.api.volume.******.test_volume_quota_classes.VolumeQuotaClassesTest.test_show_default_quota [0.318695s] ... ok
{0} tempest.api.volume.******.test_volume_quota_classes.VolumeQuotaClassesTest.test_update_default_quota [1.131449s] ... ok
{0} tempest.api.volume.******.test_volume_quotas.VolumeQuotasAdminTestJSON.test_delete_quota [0.454244s] ... ok
{0} tempest.api.volume.******.test_volume_quotas.VolumeQuotasAdminTestJSON.test_list_default_quotas [0.044275s] ... ok
{0} tempest.api.volume.******.test_volume_quotas.VolumeQuotasAdminTestJSON.test_list_quotas [0.061678s] ... ok
{0} tempest.api.volume.******.test_volume_quotas.VolumeQuotasAdminTestJSON.test_quota_usage [3.252507s] ... ok
{0} tempest.api.volume.******.test_volume_quotas.VolumeQuotasAdminTestJSON.test_quota_usage_after_volume_transfer [3.818013s] ... ok
{0} tempest.api.volume.******.test_volume_quotas.VolumeQuotasAdminTestJSON.test_show_quota_usage [0.075509s] ... ok
{0} tempest.api.volume.******.test_volume_quotas.VolumeQuotasAdminTestJSON.test_update_all_quota_resources_for_tenant [0.422008s] ... ok
{0} tempest.api.volume.******.test_volume_quotas_negative.VolumeQuotasNegativeTestJSON.test_quota_volume_gigabytes [0.407456s] ... ok
{0} tempest.api.volume.******.test_volume_quotas_negative.VolumeQuotasNegativeTestJSON.test_quota_volumes [0.411631s] ... ok
{0} tempest.api.volume.******.test_volume_quotas_negative.VolumeQuotasNegativeTestJSON.test_volume_extend_gigabytes_quota_deviation [0.245009s] ... ok
{0} tempest.api.volume.******.test_volume_retype.VolumeRetypeMultiattachTest.test_volume_retype_multiattach [6.413310s] ... ok
{0} tempest.api.volume.******.test_volume_retype.VolumeRetypeWithoutMigrationTest.test_available_volume_retype [4.599313s] ... ok
{0} tempest.api.volume.******.test_volume_services.VolumesServicesTestJSON.test_get_service_by_host_name [0.035777s] ... ok
{0} tempest.api.volume.******.test_volume_services.VolumesServicesTestJSON.test_get_service_by_service_and_host_name [0.032082s] ... ok
{0} tempest.api.volume.******.test_volume_services.VolumesServicesTestJSON.test_get_service_by_service_binary_name [0.026256s] ... ok
{0} tempest.api.volume.******.test_volume_services.VolumesServicesTestJSON.test_get_service_by_volume_host_name [3.197646s] ... ok
{0} tempest.api.volume.******.test_volume_services.VolumesServicesTestJSON.test_list_services [0.032193s] ... ok
{0} tempest.api.volume.******.test_volume_services_negative.VolumeServicesNegativeTest.test_disable_log_reason_with_no_reason [0.014671s] ... ok
{0} tempest.api.volume.******.test_volume_services_negative.VolumeServicesNegativeTest.test_disable_service_with_invalid_binary [0.029806s] ... ok
{0} tempest.api.volume.******.test_volume_services_negative.VolumeServicesNegativeTest.test_enable_service_with_invalid_host [0.024467s] ... ok
{0} tempest.api.volume.******.test_volume_services_negative.VolumeServicesNegativeTest.test_freeze_host_with_invalid_host [0.027840s] ... ok
{0} tempest.api.volume.******.test_volume_services_negative.VolumeServicesNegativeTest.test_thaw_host_with_invalid_host [0.034419s] ... ok
{0} tempest.api.volume.******.test_volume_snapshot_quotas_negative.VolumeSnapshotQuotasNegativeTestJSON.test_quota_volume_gigabytes_snapshots [0.365793s] ... ok
{0} tempest.api.volume.******.test_volume_snapshot_quotas_negative.VolumeSnapshotQuotasNegativeTestJSON.test_quota_volume_snapshots [0.093747s] ... ok
{0} tempest.api.volume.******.test_volume_type_access.VolumeTypesAccessTest.test_volume_type_access_add [3.520405s] ... ok
{0} tempest.api.volume.******.test_volume_type_access.VolumeTypesAccessTest.test_volume_type_access_list [0.368694s] ... ok
{0} tempest.api.volume.******.test_volume_types.VolumeTypesTest.test_volume_crud_with_volume_type_and_extra_specs [5.082276s] ... ok
{0} tempest.api.volume.******.test_volume_types.VolumeTypesTest.test_volume_type_create_get_delete [0.192512s] ... ok
{0} tempest.api.volume.******.test_volume_types.VolumeTypesTest.test_volume_type_encryption_create_get_update_delete [0.639344s] ... ok
{0} tempest.api.volume.******.test_volume_types.VolumeTypesTest.test_volume_type_list [0.076737s] ... ok
{0} tempest.api.volume.******.test_volume_types.VolumeTypesTest.test_volume_type_update [0.286501s] ... ok
{0} tempest.api.volume.******.test_volume_types_extra_specs.VolumeTypesExtraSpecsTest.test_volume_type_extra_spec_create_get_delete [0.277368s] ... ok
{0} tempest.api.volume.******.test_volume_types_extra_specs.VolumeTypesExtraSpecsTest.test_volume_type_extra_specs_list [0.330045s] ... ok
{0} tempest.api.volume.******.test_volume_types_extra_specs.VolumeTypesExtraSpecsTest.test_volume_type_extra_specs_update [0.309927s] ... ok
{0} tempest.api.volume.******.test_volume_types_extra_specs_negative.ExtraSpecsNegativeTest.test_create_invalid_body [0.021377s] ... ok
{0} tempest.api.volume.******.test_volume_types_extra_specs_negative.ExtraSpecsNegativeTest.test_create_none_body [0.021678s] ... ok
{0} tempest.api.volume.******.test_volume_types_extra_specs_negative.ExtraSpecsNegativeTest.test_create_nonexistent_type_id [0.045821s] ... ok
{0} tempest.api.volume.******.test_volume_types_extra_specs_negative.ExtraSpecsNegativeTest.test_delete_nonexistent_volume_type_id [0.029702s] ... ok
{0} tempest.api.volume.******.test_volume_types_extra_specs_negative.ExtraSpecsNegativeTest.test_get_nonexistent_extra_spec_name [0.043325s] ... ok
{0} tempest.api.volume.******.test_volume_types_extra_specs_negative.ExtraSpecsNegativeTest.test_get_nonexistent_volume_type_id [0.024685s] ... ok
{0} tempest.api.volume.******.test_volume_types_extra_specs_negative.ExtraSpecsNegativeTest.test_list_nonexistent_volume_type_id [0.026496s] ... ok
{0} tempest.api.volume.******.test_volume_types_extra_specs_negative.ExtraSpecsNegativeTest.test_update_multiple_extra_spec [0.019435s] ... ok
{0} tempest.api.volume.******.test_volume_types_extra_specs_negative.ExtraSpecsNegativeTest.test_update_no_body [0.019061s] ... ok
{0} tempest.api.volume.******.test_volume_types_extra_specs_negative.ExtraSpecsNegativeTest.test_update_none_extra_spec_id [0.053930s] ... ok
{0} tempest.api.volume.******.test_volume_types_extra_specs_negative.ExtraSpecsNegativeTest.test_update_nonexistent_extra_spec_id [0.045688s] ... ok
{0} tempest.api.volume.******.test_volume_types_extra_specs_negative.ExtraSpecsNegativeTest.test_update_nonexistent_type_id [0.042739s] ... ok
{0} tempest.api.volume.******.test_volume_types_negative.VolumeTypesNegativeTest.test_create_volume_type_encryption_nonexistent_type_id [0.337584s] ... ok
{0} tempest.api.volume.******.test_volume_types_negative.VolumeTypesNegativeTest.test_create_volume_with_private_volume_type [0.348529s] ... ok
{0} tempest.api.volume.******.test_volume_types_negative.VolumeTypesNegativeTest.test_create_with_empty_name [0.020678s] ... ok
{0} tempest.api.volume.******.test_volume_types_negative.VolumeTypesNegativeTest.test_create_with_repeated_name [0.176659s] ... ok
{0} tempest.api.volume.******.test_volume_types_negative.VolumeTypesNegativeTest.test_delete_nonexistent_type_id [0.024739s] ... ok
{0} tempest.api.volume.******.test_volume_types_negative.VolumeTypesNegativeTest.test_get_nonexistent_type_id [0.025141s] ... ok
{0} tempest.api.volume.******.test_volumes_list.VolumesListAdminTestJSON.test_volume_list_param_tenant [2.038934s] ... ok
{0} tempest.api.volume.test_availability_zone.AvailabilityZoneTestJSON.test_get_availability_zone_list [0.255012s] ... ok
{0} tempest.api.volume.test_extensions.ExtensionsTestJSON.test_list_extensions [0.284277s] ... ok
{0} tempest.api.volume.test_snapshot_metadata.SnapshotMetadataTestJSON.test_crud_snapshot_metadata [0.373639s] ... ok
{0} tempest.api.volume.test_snapshot_metadata.SnapshotMetadataTestJSON.test_update_show_snapshot_metadata_item [0.364141s] ... ok
{0} tempest.api.volume.test_versions.VersionsTest.test_list_versions [0.018018s] ... ok
{0} tempest.api.volume.test_versions.VersionsTest.test_show_version [0.303676s] ... ok
{0} tempest.api.volume.test_volume_absolute_limits.AbsoluteLimitsTests.test_get_volume_absolute_limits [0.083061s] ... ok
{0} tempest.api.volume.test_volume_delete_cascade.VolumesDeleteCascade.test_volume_delete_cascade [6.962914s] ... ok
{0} tempest.api.volume.test_volume_delete_cascade.VolumesDeleteCascade.test_volume_from_snapshot_cascade_delete [201.825406s] ... FAILED

Captured traceback:
~~~~~~~~~~~~~~~~~~~
    Traceback (most recent call last):

      File "/opt/stack/tempest/tempest/api/volume/test_volume_delete_cascade.py", line 117, in test_volume_from_snapshot_cascade_delete
    self.volumes_client.wait_for_resource_deletion(volume['id'])

      File "/opt/stack/tempest/tempest/lib/common/rest_client.py", line 993, in wait_for_resource_deletion
    raise exceptions.TimeoutException(message)

    tempest.lib.exceptions.TimeoutException: Request timed out
Details: (VolumesDeleteCascade:test_volume_from_snapshot_cascade_delete) Failed to delete volume 562cebe3-533a-45e6-922b-3d404b863af1 within the required time (196 s). Timer started at 1790330006. Timer ended at 1790330202. Waited for 196 s.


Captured traceback-1:
~~~~~~~~~~~~~~~~~~~~~
    Traceback (most recent call last):

      File "/opt/stack/tempest/tempest/lib/common/utils/test_utils.py", line 87, in call_and_ignore_notfound_exc
    return func(*args, **kwargs)
           ^^^^^^^^^^^^^^^^^^^^^

      File "/opt/stack/tempest/tempest/api/volume/base.py", line 242, in delete_snapshot
    snapshots_client.delete_snapshot(snapshot_id)

      File "/opt/stack/tempest/tempest/lib/services/volume/v3/snapshots_client.py", line 95, in delete_snapshot
    resp, body = self.delete("snapshots/%s" % snapshot_id)
                 ^^^^^^^^^^^^^^^^^^^^^^^^^^^^^^^^^^^^^^^^^

      File "/opt/stack/tempest/tempest/lib/common/rest_client.py", line 362, in delete
    return self.request('DELETE', url, extra_headers, headers, body)
           ^^^^^^^^^^^^^^^^^^^^^^^^^^^^^^^^^^^^^^^^^^^^^^^^^^^^^^^^^

      File "/opt/stack/tempest/tempest/lib/common/rest_client.py", line 767, in request
    self._error_checker(resp, resp_body)

      File "/opt/stack/tempest/tempest/lib/common/rest_client.py", line 882, in _error_checker
    raise exceptions.BadRequest(resp_body, resp=resp)

    tempest.lib.exceptions.BadRequest: Bad request
Details: {'code': 400, 'message': 'Invalid snapshot: Snapshot status must be available or error and must not be part of a group.'}


Captured traceback-2:
~~~~~~~~~~~~~~~~~~~~~
    Traceback (most recent call last):

      File "/opt/stack/tempest/tempest/lib/common/utils/test_utils.py", line 87, in call_and_ignore_notfound_exc
    return func(*args, **kwargs)
           ^^^^^^^^^^^^^^^^^^^^^

      File "/opt/stack/tempest/tempest/api/volume/base.py", line 170, in _delete_volume_for_cleanup
    BaseVolumeTest.delete_volume(volumes_client, volume_id)

      File "/opt/stack/tempest/tempest/api/volume/base.py", line 234, in delete_volume
    client.delete_volume(volume_id)

      File "/opt/stack/tempest/tempest/lib/services/volume/v3/volumes_client.py", line 145, in delete_volume
    resp, body = self.delete(url)
                 ^^^^^^^^^^^^^^^^

      File "/opt/stack/tempest/tempest/lib/common/rest_client.py", line 362, in delete
    return self.request('DELETE', url, extra_headers, headers, body)
           ^^^^^^^^^^^^^^^^^^^^^^^^^^^^^^^^^^^^^^^^^^^^^^^^^^^^^^^^^

      File "/opt/stack/tempest/tempest/lib/services/volume/base_client.py", line 39, in request
    resp, resp_body = super(BaseClient, self).request(
                      ^^^^^^^^^^^^^^^^^^^^^^^^^^^^^^^^

      File "/opt/stack/tempest/tempest/lib/common/rest_client.py", line 767, in request
    self._error_checker(resp, resp_body)

      File "/opt/stack/tempest/tempest/lib/common/rest_client.py", line 882, in _error_checker
    raise exceptions.BadRequest(resp_body, resp=resp)

    tempest.lib.exceptions.BadRequest: Bad request
Details: {'code': 400, 'message': 'Invalid volume: Volume status must be available or error or error_restoring or error_extending or error_managing and must not be migrating, attached, belong to a group, have snapshots, awaiting a transfer, or be disassociated from snapshots after volume transfer.'}


Captured pythonlogging:
~~~~~~~~~~~~~~~~~~~~~~~
    2026-09-25 09:53:22,193 3735175 INFO     [tempest.lib.common.rest_client] Request (VolumesDeleteCascade:test_volume_from_snapshot_cascade_delete): 202 POST http://10.132.239.110/volume/v3/volumes 0.484s
2026-09-25 09:53:22,194 3735175 DEBUG    [tempest.lib.common.rest_client] Request - Headers: {'Content-Type': 'application/json', 'Accept': 'application/json', 'X-Auth-Token': '<omitted>'}
        Body: {"volume": {"size": 1, "name": "tempest-VolumesDeleteCascade-Volume-1396893735"}}
    Response - Headers: {'date': 'Fri, 25 Sep 2026 09:53:21 GMT', 'server': 'Apache/2.4.58 (Ubuntu)', 'content-type': 'application/json', 'x-compute-request-id': 'req-47c9de9b-c4c0-4ed6-87d3-484250d79644', 'content-length': '757', 'openstack-api-version': 'volume 3.0', 'vary': 'OpenStack-API-Version', 'x-openstack-request-id': 'req-47c9de9b-c4c0-4ed6-87d3-484250d79644', 'connection': 'close', 'status': '202', 'content-location': 'http://10.132.239.110/volume/v3/volumes'}
        Body: b'{"volume": {"id": "562cebe3-533a-45e6-922b-3d404b863af1", "status": "creating", "size": 1, "availability_zone": "nova", "created_at": "2026-09-25T09:53:22.017913", "updated_at": null, "name": "tempest-VolumesDeleteCascade-Volume-1396893735", "description": null, "volume_type": "arcusfc1", "snapshot_id": null, "source_volid": null, "metadata": {}, "links": [{"rel": "self", "href": "http://10.132.239.110/volume/v3/volumes/562cebe3-533a-45e6-922b-3d404b863af1"}, {"rel": "bookmark", "href": "http://10.132.239.110/volume/volumes/562cebe3-533a-45e6-922b-3d404b863af1"}], "user_id": "16783d7c80c64e54afe935a0d27fa174", "bootable": "false", "encrypted": false, "replication_status": null, "consistencygroup_id": null, "multiattach": false, "attachments": []}}'
2026-09-25 09:53:22,272 3735175 INFO     [tempest.lib.common.rest_client] Request (VolumesDeleteCascade:test_volume_from_snapshot_cascade_delete): 200 GET http://10.132.239.110/volume/v3/volumes/562cebe3-533a-45e6-922b-3d404b863af1 0.064s
2026-09-25 09:53:22,273 3735175 DEBUG    [tempest.lib.common.rest_client] Request - Headers: {'Content-Type': 'application/json', 'Accept': 'application/json', 'X-Auth-Token': '<omitted>'}
        Body: None
    Response - Headers: {'date': 'Fri, 25 Sep 2026 09:53:22 GMT', 'server': 'Apache/2.4.58 (Ubuntu)', 'content-type': 'application/json', 'x-compute-request-id': 'req-d0d2b9d8-1c82-466b-af9a-6af0cecc7007', 'content-length': '825', 'openstack-api-version': 'volume 3.0', 'vary': 'OpenStack-API-Version', 'x-openstack-request-id': 'req-d0d2b9d8-1c82-466b-af9a-6af0cecc7007', 'connection': 'close', 'status': '200', 'content-location': 'http://10.132.239.110/volume/v3/volumes/562cebe3-533a-45e6-922b-3d404b863af1'}
        Body: b'{"volume": {"id": "562cebe3-533a-45e6-922b-3d404b863af1", "status": "creating", "size": 1, "availability_zone": "nova", "created_at": "2026-09-25T09:53:22.000000", "updated_at": null, "name": "tempest-VolumesDeleteCascade-Volume-1396893735", "description": null, "volume_type": "arcusfc1", "snapshot_id": null, "source_volid": null, "metadata": {}, "links": [{"rel": "self", "href": "http://10.132.239.110/volume/v3/volumes/562cebe3-533a-45e6-922b-3d404b863af1"}, {"rel": "bookmark", "href": "http://10.132.239.110/volume/volumes/562cebe3-533a-45e6-922b-3d404b863af1"}], "user_id": "16783d7c80c64e54afe935a0d27fa174", "bootable": "false", "encrypted": false, "replication_status": null, "consistencygroup_id": null, "multiattach": false, "attachments": [], "os-vol-tenant-attr:tenant_id": "234aae29f86546a2963cb3339c28a9c1"}}'
2026-09-25 09:53:23,356 3735175 INFO     [tempest.lib.common.rest_client] Request (VolumesDeleteCascade:test_volume_from_snapshot_cascade_delete): 200 GET http://10.132.239.110/volume/v3/volumes/562cebe3-533a-45e6-922b-3d404b863af1 0.054s
2026-09-25 09:53:23,356 3735175 DEBUG    [tempest.lib.common.rest_client] Request - Headers: {'Content-Type': 'application/json', 'Accept': 'application/json', 'X-Auth-Token': '<omitted>'}
        Body: None
    Response - Headers: {'date': 'Fri, 25 Sep 2026 09:53:23 GMT', 'server': 'Apache/2.4.58 (Ubuntu)', 'cont
    ent-type': 'application/json', 'x-compute-request-id': 'req-3d937322-c65c-475c-a3ac-e02672978e5b', 'content-length': '850', 'openstack-api-version': 'volume 3.0', 'vary': 'OpenStack-API-Version', 'x-openstack-request-id': 'req-3d937322-c65c-475c-a3ac-e02672978e5b', 'connection': 'close', 'status': '200', 'content-location': 'http://10.132.239.110/volume/v3/volumes/562cebe3-533a-45e6-922b-3d404b863af1'}
        Body: b'{"volume": {"id": "562cebe3-533a-45e6-922b-3d404b863af1", "status": "available", "size": 1, "availability_zone": "nova", "created_at": "2026-09-25T09:53:22.000000", "updated_at": "2026-09-25T09:53:23.000000", "name": "tempest-VolumesDeleteCascade-Volume-1396893735", "description": null, "volume_type": "arcusfc1", "snapshot_id": null, "source_volid": null, "metadata": {}, "links": [{"rel": "self", "href": "http://10.132.239.110/volume/v3/volumes/562cebe3-533a-45e6-922b-3d404b863af1"}, {"rel": "bookmark", "href": "http://10.132.239.110/volume/volumes/562cebe3-533a-45e6-922b-3d404b863af1"}], "user_id": "16783d7c80c64e54afe935a0d27fa174", "bootable": "false", "encrypted": false, "replication_status": null, "consistencygroup_id": null, "multiattach": false, "attachments": [], "os-vol-tenant-attr:tenant_id": "234aae29f86546a2963cb3339c28a9c1"}}'
2026-09-25 09:53:23,374 3735175 INFO     [tempest.common.waiters] volume 562cebe3-533a-45e6-922b-3d404b863af1 reached available after waiting for 1.374071 seconds
2026-09-25 09:53:23,553 3735175 INFO     [tempest.lib.common.rest_client] Request (VolumesDeleteCascade:test_volume_from_snapshot_cascade_delete): 202 POST http://10.132.239.110/volume/v3/snapshots 0.179s
2026-09-25 09:53:23,554 3735175 DEBUG    [tempest.lib.common.rest_client] Request - Headers: {'Content-Type': 'application/json', 'Accept': 'application/json', 'X-Auth-Token': '<omitted>'}
        Body: {"snapshot": {"volume_id": "562cebe3-533a-45e6-922b-3d404b863af1", "name": "tempest-VolumesDeleteCascade-Snapshot-1224194423"}}
    Response - Headers: {'date': 'Fri, 25 Sep 2026 09:53:23 GMT', 'server': 'Apache/2.4.58 (Ubuntu)', 'content-type': 'application/json', 'x-compute-request-id': 'req-2a18f0a1-7249-401c-a192-5af31fa5035c', 'content-length': '307', 'openstack-api-version': 'volume 3.0', 'vary': 'OpenStack-API-Version', 'x-openstack-request-id': 'req-2a18f0a1-7249-401c-a192-5af31fa5035c', 'connection': 'close', 'status': '202', 'content-location': 'http://10.132.239.110/volume/v3/snapshots'}
        Body: b'{"snapshot": {"id": "2118eaa3-75a6-4ed0-899c-f058f5c69646", "created_at": "2026-09-25T09:53:23.476984", "updated_at": null, "name": "tempest-VolumesDeleteCascade-Snapshot-1224194423", "description": null, "volume_id": "562cebe3-533a-45e6-922b-3d404b863af1", "status": "creating", "size": 1, "metadata": {}}}'
2026-09-25 09:53:23,593 3735175 INFO     [tempest.lib.common.rest_client] Request (VolumesDeleteCascade:test_volume_from_snapshot_cascade_delete): 200 GET http://10.132.239.110/volume/v3/snapshots/2118eaa3-75a6-4ed0-899c-f058f5c69646 0.030s
2026-09-25 09:53:23,594 3735175 DEBUG    [tempest.lib.common.rest_client] Request - Headers: {'Content-Type': 'application/json', 'Accept': 'application/json', 'X-Auth-Token': '<omitted>'}
        Body: None
    Response - Headers: {'date': 'Fri, 25 Sep 2026 09:53:23 GMT', 'server': 'Apache/2.4.58 (Ubuntu)', 'content-type': 'application/json', 'x-compute-request-id': 'req-87a7ef54-648d-459e-90e9-6d05329f0a00', 'content-length': '439', 'openstack-api-version': 'volume 3.0', 'vary': 'OpenStack-API-Version', 'x-openstack-request-id': 'req-87a7ef54-648d-459e-90e9-6d05329f0a00', 'connection': 'close', 'status': '200', 'content-location': 'http://10.132.239.110/volume/v3/snapshots/2118eaa3-75a6-4ed0-899c-f058f5c69646'}
        Body: b'{"snapshot": {"id": "2118eaa3-75a6-4ed0-899c-f058f5c69646", "created_at": "2026-09-25T09:53:23.000000", "updated_at": null, "name": "tempest-VolumesDeleteCascade-Snapshot-1224194423", "description": null, "volume_id": "562cebe3-533a-45e6-922b-3d404b863af1", "status": "creating", "size": 1, "metadata": {}, "os-extended-snapshot-attributes:
    project_id": "234aae29f86546a2963cb3339c28a9c1", "os-extended-snapshot-attributes:progress": "0%"}}'
2026-09-25 09:53:24,631 3735175 INFO     [tempest.lib.common.rest_client] Request (VolumesDeleteCascade:test_volume_from_snapshot_cascade_delete): 200 GET http://10.132.239.110/volume/v3/snapshots/2118eaa3-75a6-4ed0-899c-f058f5c69646 0.031s
2026-09-25 09:53:24,632 3735175 DEBUG    [tempest.lib.common.rest_client] Request - Headers: {'Content-Type': 'application/json', 'Accept': 'application/json', 'X-Auth-Token': '<omitted>'}
        Body: None
    Response - Headers: {'date': 'Fri, 25 Sep 2026 09:53:24 GMT', 'server': 'Apache/2.4.58 (Ubuntu)', 'content-type': 'application/json', 'x-compute-request-id': 'req-1bd1dbb3-590e-4942-8c22-12a738670281', 'content-length': '466', 'openstack-api-version': 'volume 3.0', 'vary': 'OpenStack-API-Version', 'x-openstack-request-id': 'req-1bd1dbb3-590e-4942-8c22-12a738670281', 'connection': 'close', 'status': '200', 'content-location': 'http://10.132.239.110/volume/v3/snapshots/2118eaa3-75a6-4ed0-899c-f058f5c69646'}
        Body: b'{"snapshot": {"id": "2118eaa3-75a6-4ed0-899c-f058f5c69646", "created_at": "2026-09-25T09:53:23.000000", "updated_at": "2026-09-25T09:53:24.000000", "name": "tempest-VolumesDeleteCascade-Snapshot-1224194423", "description": null, "volume_id": "562cebe3-533a-45e6-922b-3d404b863af1", "status": "available", "size": 1, "metadata": {}, "os-extended-snapshot-attributes:project_id": "234aae29f86546a2963cb3339c28a9c1", "os-extended-snapshot-attributes:progress": "100%"}}'
2026-09-25 09:53:24,637 3735175 INFO     [tempest.common.waiters] snapshot 2118eaa3-75a6-4ed0-899c-f058f5c69646 reached available after waiting for 1.637896 seconds
2026-09-25 09:53:25,223 3735175 INFO     [tempest.lib.common.rest_client] Request (VolumesDeleteCascade:test_volume_from_snapshot_cascade_delete): 202 POST http://10.132.239.110/volume/v3/volumes 0.584s
2026-09-25 09:53:25,224 3735175 DEBUG    [tempest.lib.common.rest_client] Request - Headers: {'Content-Type': 'application/json', 'Accept': 'application/json', 'X-Auth-Token': '<omitted>'}
        Body: {"volume": {"snapshot_id": "2118eaa3-75a6-4ed0-899c-f058f5c69646", "size": 1, "name": "tempest-VolumesDeleteCascade-Volume-1719666317"}}
    Response - Headers: {'date': 'Fri, 25 Sep 2026 09:53:24 GMT', 'server': 'Apache/2.4.58 (Ubuntu)', 'content-type': 'application/json', 'x-compute-request-id': 'req-b54f5e26-e8fa-417c-b16a-d963e50cd5ee', 'content-length': '791', 'openstack-api-version': 'volume 3.0', 'vary': 'OpenStack-API-Version', 'x-openstack-request-id': 'req-b54f5e26-e8fa-417c-b16a-d963e50cd5ee', 'connection': 'close', 'status': '202', 'content-location': 'http://10.132.239.110/volume/v3/volumes'}
        Body: b'{"volume": {"id": "3fe23c03-f23f-46c2-b021-9c486b742154", "status": "creating", "size": 1, "availability_zone": "nova", "created_at": "2026-09-25T09:53:25.040444", "updated_at": null, "name": "tempest-VolumesDeleteCascade-Volume-1719666317", "description": null, "volume_type": "arcusfc1", "snapshot_id": "2118eaa3-75a6-4ed0-899c-f058f5c69646", "source_volid": null, "metadata": {}, "links": [{"rel": "self", "href": "http://10.132.239.110/volume/v3/volumes/3fe23c03-f23f-46c2-b021-9c486b742154"}, {"rel": "bookmark", "href": "http://10.132.239.110/volume/volumes/3fe23c03-f23f-46c2-b021-9c486b742154"}], "user_id": "16783d7c80c64e54afe935a0d27fa174", "bootable": "false", "encrypted": false, "replication_status": null, "consistencygroup_id": null, "multiattach": false, "attachments": []}}'
2026-09-25 09:53:25,283 3735175 INFO     [tempest.lib.common.rest_client] Request (VolumesDeleteCascade:test_volume_from_snapshot_cascade_delete): 200 GET http://10.132.239.110/volume/v3/volumes/3fe23c03-f23f-46c2-b021-9c486b742154 0.046s
2026-09-25 09:53:25,284 3735175 DEBUG    [tempest.lib.common.rest_client] Request - Headers: {'Content-Type': 'application/json', 'Accept': 'application/json', 'X-Auth-Token': '<omitted>'}
        Body: None
    Response - Headers: {'date': 'Fri, 25 Sep 2026 09:53:25 GMT', 'server': 'Apache/2.4.58 (Ubuntu)', 'cont
    ent-type': 'application/json', 'x-compute-request-id': 'req-2f345fc1-5d6b-4250-bfc8-0fae7fd13bd3', 'content-length': '859', 'openstack-api-version': 'volume 3.0', 'vary': 'OpenStack-API-Version', 'x-openstack-request-id': 'req-2f345fc1-5d6b-4250-bfc8-0fae7fd13bd3', 'connection': 'close', 'status': '200', 'content-location': 'http://10.132.239.110/volume/v3/volumes/3fe23c03-f23f-46c2-b021-9c486b742154'}
        Body: b'{"volume": {"id": "3fe23c03-f23f-46c2-b021-9c486b742154", "status": "creating", "size": 1, "availability_zone": "nova", "created_at": "2026-09-25T09:53:25.000000", "updated_at": null, "name": "tempest-VolumesDeleteCascade-Volume-1719666317", "description": null, "volume_type": "arcusfc1", "snapshot_id": "2118eaa3-75a6-4ed0-899c-f058f5c69646", "source_volid": null, "metadata": {}, "links": [{"rel": "self", "href": "http://10.132.239.110/volume/v3/volumes/3fe23c03-f23f-46c2-b021-9c486b742154"}, {"rel": "bookmark", "href": "http://10.132.239.110/volume/volumes/3fe23c03-f23f-46c2-b021-9c486b742154"}], "user_id": "16783d7c80c64e54afe935a0d27fa174", "bootable": "false", "encrypted": false, "replication_status": null, "consistencygroup_id": null, "multiattach": false, "attachments": [], "os-vol-tenant-attr:tenant_id": "234aae29f86546a2963cb3339c28a9c1"}}'
2026-09-25 09:53:26,352 3735175 INFO     [tempest.lib.common.rest_client] Request (VolumesDeleteCascade:test_volume_from_snapshot_cascade_delete): 200 GET http://10.132.239.110/volume/v3/volumes/3fe23c03-f23f-46c2-b021-9c486b742154 0.053s
2026-09-25 09:53:26,353 3735175 DEBUG    [tempest.lib.common.rest_client] Request - Headers: {'Content-Type': 'application/json', 'Accept': 'application/json', 'X-Auth-Token': '<omitted>'}
        Body: None
    Response - Headers: {'date': 'Fri, 25 Sep 2026 09:53:26 GMT', 'server': 'Apache/2.4.58 (Ubuntu)', 'content-type': 'application/json', 'x-compute-request-id': 'req-aa87aa6f-b611-4ddc-8d3c-1797ebb2bb94', 'content-length': '884', 'openstack-api-version': 'volume 3.0', 'vary': 'OpenStack-API-Version', 'x-openstack-request-id': 'req-aa87aa6f-b611-4ddc-8d3c-1797ebb2bb94', 'connection': 'close', 'status': '200', 'content-location': 'http://10.132.239.110/volume/v3/volumes/3fe23c03-f23f-46c2-b021-9c486b742154'}
        Body: b'{"volume": {"id": "3fe23c03-f23f-46c2-b021-9c486b742154", "status": "available", "size": 1, "availability_zone": "nova", "created_at": "2026-09-25T09:53:25.000000", "updated_at": "2026-09-25T09:53:26.000000", "name": "tempest-VolumesDeleteCascade-Volume-1719666317", "description": null, "volume_type": "arcusfc1", "snapshot_id": "2118eaa3-75a6-4ed0-899c-f058f5c69646", "source_volid": null, "metadata": {}, "links": [{"rel": "self", "href": "http://10.132.239.110/volume/v3/volumes/3fe23c03-f23f-46c2-b021-9c486b742154"}, {"rel": "bookmark", "href": "http://10.132.239.110/volume/volumes/3fe23c03-f23f-46c2-b021-9c486b742154"}], "user_id": "16783d7c80c64e54afe935a0d27fa174", "bootable": "false", "encrypted": false, "replication_status": null, "consistencygroup_id": null, "multiattach": false, "attachments": [], "os-vol-tenant-attr:tenant_id": "234aae29f86546a2963cb3339c28a9c1"}}'
2026-09-25 09:53:26,372 3735175 INFO     [tempest.common.waiters] volume 3fe23c03-f23f-46c2-b021-9c486b742154 reached available after waiting for 1.372101 seconds
2026-09-25 09:53:26,421 3735175 INFO     [tempest.lib.common.rest_client] Request (VolumesDeleteCascade:test_volume_from_snapshot_cascade_delete): 200 GET http://10.132.239.110/volume/v3/volumes/3fe23c03-f23f-46c2-b021-9c486b742154 0.049s
2026-09-25 09:53:26,422 3735175 DEBUG    [tempest.lib.common.rest_client] Request - Headers: {'Content-Type': 'application/json', 'Accept': 'application/json', 'X-Auth-Token': '<omitted>'}
        Body: None
    Response - Headers: {'date': 'Fri, 25 Sep 2026 09:53:26 GMT', 'server': 'Apache/2.4.58 (Ubuntu)', 'content-type': 'application/json', 'x-compute-request-id': 'req-8a1c97e6-421e-4e52-b537-cf09ff799a64', 'content-length': '884', 'openstack-api-version': 'volume 3.0', 'vary': 'OpenStack-API-Version', 'x-openstack-request-id': 'req-8a1c97e
    6-421e-4e52-b537-cf09ff799a64', 'connection': 'close', 'status': '200', 'content-location': 'http://10.132.239.110/volume/v3/volumes/3fe23c03-f23f-46c2-b021-9c486b742154'}
        Body: b'{"volume": {"id": "3fe23c03-f23f-46c2-b021-9c486b742154", "status": "available", "size": 1, "availability_zone": "nova", "created_at": "2026-09-25T09:53:25.000000", "updated_at": "2026-09-25T09:53:26.000000", "name": "tempest-VolumesDeleteCascade-Volume-1719666317", "description": null, "volume_type": "arcusfc1", "snapshot_id": "2118eaa3-75a6-4ed0-899c-f058f5c69646", "source_volid": null, "metadata": {}, "links": [{"rel": "self", "href": "http://10.132.239.110/volume/v3/volumes/3fe23c03-f23f-46c2-b021-9c486b742154"}, {"rel": "bookmark", "href": "http://10.132.239.110/volume/volumes/3fe23c03-f23f-46c2-b021-9c486b742154"}], "user_id": "16783d7c80c64e54afe935a0d27fa174", "bootable": "false", "encrypted": false, "replication_status": null, "consistencygroup_id": null, "multiattach": false, "attachments": [], "os-vol-tenant-attr:tenant_id": "234aae29f86546a2963cb3339c28a9c1"}}'
2026-09-25 09:53:26,523 3735175 INFO     [tempest.lib.common.rest_client] Request (VolumesDeleteCascade:test_volume_from_snapshot_cascade_delete): 202 DELETE http://10.132.239.110/volume/v3/volumes/562cebe3-533a-45e6-922b-3d404b863af1?cascade=True 0.086s
2026-09-25 09:53:26,524 3735175 DEBUG    [tempest.lib.common.rest_client] Request - Headers: {'Content-Type': 'application/json', 'Accept': 'application/json', 'X-Auth-Token': '<omitted>'}
        Body: None
    Response - Headers: {'date': 'Fri, 25 Sep 2026 09:53:26 GMT', 'server': 'Apache/2.4.58 (Ubuntu)', 'content-length': '0', 'content-type': 'text/html; charset=UTF-8', 'openstack-api-version': 'volume 3.0', 'vary': 'OpenStack-API-Version', 'x-openstack-request-id': 'req-e15d574e-8b01-45de-9093-25fccd04a9cb', 'connection': 'close', 'status': '202', 'content-location': 'http://10.132.239.110/volume/v3/volumes/562cebe3-533a-45e6-922b-3d404b863af1?cascade=True'}
        Body: b''
2026-09-25 09:53:26,576 3735175 INFO     [tempest.lib.common.rest_client] Request (VolumesDeleteCascade:test_volume_from_snapshot_cascade_delete): 200 GET http://10.132.239.110/volume/v3/volumes/562cebe3-533a-45e6-922b-3d404b863af1 0.051s
2026-09-25 09:53:26,576 3735175 DEBUG    [tempest.lib.common.rest_client] Request - Headers: {'Content-Type': 'application/json', 'Accept': 'application/json', 'X-Auth-Token': '<omitted>'}
        Body: None
    Response - Headers: {'date': 'Fri, 25 Sep 2026 09:53:26 GMT', 'server': 'Apache/2.4.58 (Ubuntu)', 'content-type': 'application/json', 'x-compute-request-id': 'req-b1818b56-4c1d-44f8-aaf5-c39d3a9a4402', 'content-length': '849', 'openstack-api-version': 'volume 3.0', 'vary': 'OpenStack-API-Version', 'x-openstack-request-id': 'req-b1818b56-4c1d-44f8-aaf5-c39d3a9a4402', 'connection': 'close', 'status': '200', 'content-location': 'http://10.132.239.110/volume/v3/volumes/562cebe3-533a-45e6-922b-3d404b863af1'}
        Body: b'{"volume": {"id": "562cebe3-533a-45e6-922b-3d404b863af1", "status": "deleting", "size": 1, "availability_zone": "nova", "created_at": "2026-09-25T09:53:22.000000", "updated_at": "2026-09-25T09:53:26.000000", "name": "tempest-VolumesDeleteCascade-Volume-1396893735", "description": null, "volume_type": "arcusfc1", "snapshot_id": null, "source_volid": null, "metadata": {}, "links": [{"rel": "self", "href": "http://10.132.239.110/volume/v3/volumes/562cebe3-533a-45e6-922b-3d404b863af1"}, {"rel": "bookmark", "href": "http://10.132.239.110/volume/volumes/562cebe3-533a-45e6-922b-3d404b863af1"}], "user_id": "16783d7c80c64e54afe935a0d27fa174", "bootable": "false", "encrypted": false, "replication_status": null, "consistencygroup_id": null, "multiattach": false, "attachments": [], "os-vol-tenant-attr:tenant_id": "234aae29f86546a2963cb3339c28a9c1"}}'
2026-09-25 09:53:27,648 3735175 INFO     [tempest.lib.common.rest_client] Request (VolumesDeleteCascade:test_volume_from_snapshot_cascade_delete): 200 GET http://10.132.239.110/volume/v3/volumes/562cebe3-533a-45e6-922b-3d404b863af1 0.055s
2026-09-25 
    09:53:27,649 3735175 DEBUG    [tempest.lib.common.rest_client] Request - Headers: {'Content-Type': 'application/json', 'Accept': 'application/json', 'X-Auth-Token': '<omitted>'}
        Body: None
    Response - Headers: {'date': 'Fri, 25 Sep 2026 09:53:27 GMT', 'server': 'Apache/2.4.58 (Ubuntu)', 'content-type': 'application/json', 'x-compute-request-id': 'req-04417349-9e24-42b0-a78a-77ffc1627b99', 'content-length': '849', 'openstack-api-version': 'volume 3.0', 'vary': 'OpenStack-API-Version', 'x-openstack-request-id': 'req-04417349-9e24-42b0-a78a-77ffc1627b99', 'connection': 'close', 'status': '200', 'content-location': 'http://10.132.239.110/volume/v3/volumes/562cebe3-533a-45e6-922b-3d404b863af1'}
        Body: b'{"volume": {"id": "562cebe3-533a-45e6-922b-3d404b863af1", "status": "deleting", "size": 1, "availability_zone": "nova", "created_at": "2026-09-25T09:53:22.000000", "updated_at": "2026-09-25T09:53:26.000000", "name": "tempest-VolumesDeleteCascade-Volume-1396893735", "description": null, "volume_type": "arcusfc1", "snapshot_id": null, "source_volid": null, "metadata": {}, "links": [{"rel": "self", "href": "http://10.132.239.110/volume/v3/volumes/562cebe3-533a-45e6-922b-3d404b863af1"}, {"rel": "bookmark", "href": "http://10.132.239.110/volume/volumes/562cebe3-533a-45e6-922b-3d404b863af1"}], "user_id": "16783d7c80c64e54afe935a0d27fa174", "bootable": "false", "encrypted": false, "replication_status": null, "consistencygroup_id": null, "multiattach": false, "attachments": [], "os-vol-tenant-attr:tenant_id": "234aae29f86546a2963cb3339c28a9c1"}}'
2026-09-25 09:53:28,725 3735175 INFO     [tempest.lib.common.rest_client] Request (VolumesDeleteCascade:test_volume_from_snapshot_cascade_delete): 200 GET http://10.132.239.110/volume/v3/volumes/562cebe3-533a-45e6-922b-3d404b863af1 0.059s
2026-09-25 09:53:28,726 3735175 DEBUG    [tempest.lib.common.rest_client] Request - Headers: {'Content-Type': 'application/json', 'Accept': 'application/json', 'X-Auth-Token': '<omitted>'}
        Body: None
    Response - Headers: {'date': 'Fri, 25 Sep 2026 09:53:28 GMT', 'server': 'Apache/2.4.58 (Ubuntu)', 'content-type': 'application/json', 'x-compute-request-id': 'req-5ae78b94-f07d-41b3-81c5-71f332351019', 'content-length': '849', 'openstack-api-version': 'volume 3.0', 'vary': 'OpenStack-API-Version', 'x-openstack-request-id': 'req-5ae78b94-f07d-41b3-81c5-71f332351019', 'connection': 'close', 'status': '200', 'content-location': 'http://10.132.239.110/volume/v3/volumes/562cebe3-533a-45e6-922b-3d404b863af1'}
        Body: b'{"volume": {"id": "562cebe3-533a-45e6-922b-3d404b863af1", "status": "deleting", "size": 1, "availability_zone": "nova", "created_at": "2026-09-25T09:53:22.000000", "updated_at": "2026-09-25T09:53:26.000000", "name": "tempest-VolumesDeleteCascade-Volume-1396893735", "description": null, "volume_type": "arcusfc1", "snapshot_id": null, "source_volid": null, "metadata": {}, "links": [{"rel": "self", "href": "http://10.132.239.110/volume/v3/volumes/562cebe3-533a-45e6-922b-3d404b863af1"}, {"rel": "bookmark", "href": "http://10.132.239.110/volume/volumes/562cebe3-533a-45e6-922b-3d404b863af1"}], "user_id": "16783d7c80c64e54afe935a0d27fa174", "bootable": "false", "encrypted": false, "replication_status": null, "consistencygroup_id": null, "multiattach": false, "attachments": [], "os-vol-tenant-attr:tenant_id": "234aae29f86546a2963cb3339c28a9c1"}}'
2026-09-25 09:53:29,801 3735175 INFO     [tempest.lib.common.rest_client] Request (VolumesDeleteCascade:test_volume_from_snapshot_cascade_delete): 200 GET http://10.132.239.110/volume/v3/volumes/562cebe3-533a-45e6-922b-3d404b863af1 0.055s
2026-09-25 09:53:29,802 3735175 DEBUG    [tempest.lib.common.rest_client] Request - Headers: {'Content-Type': 'application/json', 'Accept': 'application/json', 'X-Auth-Token': '<omitted>'}
        Body: None
    Response - Headers: {'date': 'Fri, 25 Sep 2026 09:53:29 GMT', 'server': 'Apache/2.4.58 (Ubuntu)', 'content-type': 'application/json', 'x-compute-request-id': 'req-2b61ff84-1055-41fe-a583-cac2465912f8', 'content-length': '849', 'openstack-api
    -version': 'volume 3.0', 'vary': 'OpenStack-API-Version', 'x-openstack-request-id': 'req-2b61ff84-1055-41fe-a583-cac2465912f8', 'connection': 'close', 'status': '200', 'content-location': 'http://10.132.239.110/volume/v3/volumes/562cebe3-533a-45e6-922b-3d404b863af1'}
        Body: b'{"volume": {"id": "562cebe3-533a-45e6-922b-3d404b863af1", "status": "deleting", "size": 1, "availability_zone": "nova", "created_at": "2026-09-25T09:53:22.000000", "updated_at": "2026-09-25T09:53:26.000000", "name": "tempest-VolumesDeleteCascade-Volume-1396893735", "description": null, "volume_type": "arcusfc1", "snapshot_id": null, "source_volid": null, "metadata": {}, "links": [{"rel": "self", "href": "http://10.132.239.110/volume/v3/volumes/562cebe3-533a-45e6-922b-3d404b863af1"}, {"rel": "bookmark", "href": "http://10.132.239.110/volume/volumes/562cebe3-533a-45e6-922b-3d404b863af1"}], "user_id": "16783d7c80c64e54afe935a0d27fa174", "bootable": "false", "encrypted": false, "replication_status": null, "consistencygroup_id": null, "multiattach": false, "attachments": [], "os-vol-tenant-attr:tenant_id": "234aae29f86546a2963cb3339c28a9c1"}}'
2026-09-25 09:53:30,873 3735175 INFO     [tempest.lib.common.rest_client] Request (VolumesDeleteCascade:test_volume_from_snapshot_cascade_delete): 200 GET http://10.132.239.110/volume/v3/volumes/562cebe3-533a-45e6-922b-3d404b863af1 0.055s
2026-09-25 09:53:30,874 3735175 DEBUG    [tempest.lib.common.rest_client] Request - Headers: {'Content-Type': 'application/json', 'Accept': 'application/json', 'X-Auth-Token': '<omitted>'}
        Body: None
    Response - Headers: {'date': 'Fri, 25 Sep 2026 09:53:30 GMT', 'server': 'Apache/2.4.58 (Ubuntu)', 'content-type': 'application/json', 'x-compute-request-id': 'req-466ce220-ae7f-440a-b5f1-8f236be034e3', 'content-length': '849', 'openstack-api-version': 'volume 3.0', 'vary': 'OpenStack-API-Version', 'x-openstack-request-id': 'req-466ce220-ae7f-440a-b5f1-8f236be034e3', 'connection': 'close', 'status': '200', 'content-location': 'http://10.132.239.110/volume/v3/volumes/562cebe3-533a-45e6-922b-3d404b863af1'}
        Body: b'{"volume": {"id": "562cebe3-533a-45e6-922b-3d404b863af1", "status": "deleting", "size": 1, "availability_zone": "nova", "created_at": "2026-09-25T09:53:22.000000", "updated_at": "2026-09-25T09:53:26.000000", "name": "tempest-VolumesDeleteCascade-Volume-1396893735", "description": null, "volume_type": "arcusfc1", "snapshot_id": null, "source_volid": null, "metadata": {}, "links": [{"rel": "self", "href": "http://10.132.239.110/volume/v3/volumes/562cebe3-533a-45e6-922b-3d404b863af1"}, {"rel": "bookmark", "href": "http://10.132.239.110/volume/volumes/562cebe3-533a-45e6-922b-3d404b863af1"}], "user_id": "16783d7c80c64e54afe935a0d27fa174", "bootable": "false", "encrypted": false, "replication_status": null, "consistencygroup_id": null, "multiattach": false, "attachments": [], "os-vol-tenant-attr:tenant_id": "234aae29f86546a2963cb3339c28a9c1"}}'
2026-09-25 09:53:31,947 3735175 INFO     [tempest.lib.common.rest_client] Request (VolumesDeleteCascade:test_volume_from_snapshot_cascade_delete): 200 GET http://10.132.239.110/volume/v3/volumes/562cebe3-533a-45e6-922b-3d404b863af1 0.056s
2026-09-25 09:53:31,948 3735175 DEBUG    [tempest.lib.common.rest_client] Request - Headers: {'Content-Type': 'application/json', 'Accept': 'application/json', 'X-Auth-Token': '<omitted>'}
        Body: None
    Response - Headers: {'date': 'Fri, 25 Sep 2026 09:53:31 GMT', 'server': 'Apache/2.4.58 (Ubuntu)', 'content-type': 'application/json', 'x-compute-request-id': 'req-aa65dfe2-8a8e-4462-8b73-48d9bac688ab', 'content-length': '849', 'openstack-api-version': 'volume 3.0', 'vary': 'OpenStack-API-Version', 'x-openstack-request-id': 'req-aa65dfe2-8a8e-4462-8b73-48d9bac688ab', 'connection': 'close', 'status': '200', 'content-location': 'http://10.132.239.110/volume/v3/volumes/562cebe3-533a-45e6-922b-3d404b863af1'}
        Body: b'{"volume": {"id": "562cebe3-533a-45e6-922b-3d404b863af1", "status": "deleting", "size": 1, "availability_zone": "nova", "created_at": "2026-09-25T09:53:22.000
    000", "updated_at": "2026-09-25T09:53:26.000000", "name": "tempest-VolumesDeleteCascade-Volume-1396893735", "description": null, "volume_type": "arcusfc1", "snapshot_id": null, "source_volid": null, "metadata": {}, "links": [{"rel": "self", "href": "http://10.132.239.110/volume/v3/volumes/562cebe3-533a-45e6-922b-3d404b863af1"}, {"rel": "bookmark", "href": "http://10.132.239.110/volume/volumes/562cebe3-533a-45e6-922b-3d404b863af1"}], "user_id": "16783d7c80c64e54afe935a0d27fa174", "bootable": "false", "encrypted": false, "replication_status": null, "consistencygroup_id": null, "multiattach": false, "attachments": [], "os-vol-tenant-attr:tenant_id": "234aae29f86546a2963cb3339c28a9c1"}}'
2026-09-25 09:53:33,019 3735175 INFO     [tempest.lib.common.rest_client] Request (VolumesDeleteCascade:test_volume_from_snapshot_cascade_delete): 200 GET http://10.132.239.110/volume/v3/volumes/562cebe3-533a-45e6-922b-3d404b863af1 0.055s
2026-09-25 09:53:33,019 3735175 DEBUG    [tempest.lib.common.rest_client] Request - Headers: {'Content-Type': 'application/json', 'Accept': 'application/json', 'X-Auth-Token': '<omitted>'}
        Body: None
    Response - Headers: {'date': 'Fri, 25 Sep 2026 09:53:32 GMT', 'server': 'Apache/2.4.58 (Ubuntu)', 'content-type': 'application/json', 'x-compute-request-id': 'req-de4bfd9a-4e71-480a-8e88-b35ec44e9f75', 'content-length': '849', 'openstack-api-version': 'volume 3.0', 'vary': 'OpenStack-API-Version', 'x-openstack-request-id': 'req-de4bfd9a-4e71-480a-8e88-b35ec44e9f75', 'connection': 'close', 'status': '200', 'content-location': 'http://10.132.239.110/volume/v3/volumes/562cebe3-533a-45e6-922b-3d404b863af1'}
        Body: b'{"volume": {"id": "562cebe3-533a-45e6-922b-3d404b863af1", "status": "deleting", "size": 1, "availability_zone": "nova", "created_at": "2026-09-25T09:53:22.000000", "updated_at": "2026-09-25T09:53:26.000000", "name": "tempest-VolumesDeleteCascade-Volume-1396893735", "description": null, "volume_type": "arcusfc1", "snapshot_id": null, "source_volid": null, "metadata": {}, "links": [{"rel": "self", "href": "http://10.132.239.110/volume/v3/volumes/562cebe3-533a-45e6-922b-3d404b863af1"}, {"rel": "bookmark", "href": "http://10.132.239.110/volume/volumes/562cebe3-533a-45e6-922b-3d404b863af1"}], "user_id": "16783d7c80c64e54afe935a0d27fa174", "bootable": "false", "encrypted": false, "replication_status": null, "consistencygroup_id": null, "multiattach": false, "attachments": [], "os-vol-tenant-attr:tenant_id": "234aae29f86546a2963cb3339c28a9c1"}}'
2026-09-25 09:53:34,101 3735175 INFO     [tempest.lib.common.rest_client] Request (VolumesDeleteCascade:test_volume_from_snapshot_cascade_delete): 200 GET http://10.132.239.110/volume/v3/volumes/562cebe3-533a-45e6-922b-3d404b863af1 0.056s
2026-09-25 09:53:34,101 3735175 DEBUG    [tempest.lib.common.rest_client] Request - Headers: {'Content-Type': 'application/json', 'Accept': 'application/json', 'X-Auth-Token': '<omitted>'}
        Body: None
    Response - Headers: {'date': 'Fri, 25 Sep 2026 09:53:34 GMT', 'server': 'Apache/2.4.58 (Ubuntu)', 'content-type': 'application/json', 'x-compute-request-id': 'req-c1ae8f31-abf7-4338-9692-4adc35410632', 'content-length': '849', 'openstack-api-version': 'volume 3.0', 'vary': 'OpenStack-API-Version', 'x-openstack-request-id': 'req-c1ae8f31-abf7-4338-9692-4adc35410632', 'connection': 'close', 'status': '200', 'content-location': 'http://10.132.239.110/volume/v3/volumes/562cebe3-533a-45e6-922b-3d404b863af1'}
        Body: b'{"volume": {"id": "562cebe3-533a-45e6-922b-3d404b863af1", "status": "deleting", "size": 1, "availability_zone": "nova", "created_at": "2026-09-25T09:53:22.000000", "updated_at": "2026-09-25T09:53:26.000000", "name": "tempest-VolumesDeleteCascade-Volume-1396893735", "description": null, "volume_type": "arcusfc1", "snapshot_id": null, "source_volid": null, "metadata": {}, "links": [{"rel": "self", "href": "http://10.132.239.110/volume/v3/volumes/562cebe3-533a-45e6-922b-3d404b863af1"}, {"rel": "bookmark", "href": "http://10.132.239.110/volume/volumes/562cebe3-533a-45e6-922b-3d404b863af1"}], "user
    _id": "16783d7c80c64e54afe935a0d27fa174", "bootable": "false", "encrypted": false, "replication_status": null, "consistencygroup_id": null, "multiattach": false, "attachments": [], "os-vol-tenant-attr:tenant_id": "234aae29f86546a2963cb3339c28a9c1"}}'
2026-09-25 09:53:35,179 3735175 INFO     [tempest.lib.common.rest_client] Request (VolumesDeleteCascade:test_volume_from_snapshot_cascade_delete): 200 GET http://10.132.239.110/volume/v3/volumes/562cebe3-533a-45e6-922b-3d404b863af1 0.061s
2026-09-25 09:53:35,179 3735175 DEBUG    [tempest.lib.common.rest_client] Request - Headers: {'Content-Type': 'application/json', 'Accept': 'application/json', 'X-Auth-Token': '<omitted>'}
        Body: None
    Response - Headers: {'date': 'Fri, 25 Sep 2026 09:53:35 GMT', 'server': 'Apache/2.4.58 (Ubuntu)', 'content-type': 'application/json', 'x-compute-request-id': 'req-1d8bc29d-defb-4000-a278-e6b58669f722', 'content-length': '849', 'openstack-api-version': 'volume 3.0', 'vary': 'OpenStack-API-Version', 'x-openstack-request-id': 'req-1d8bc29d-defb-4000-a278-e6b58669f722', 'connection': 'close', 'status': '200', 'content-location': 'http://10.132.239.110/volume/v3/volumes/562cebe3-533a-45e6-922b-3d404b863af1'}
        Body: b'{"volume": {"id": "562cebe3-533a-45e6-922b-3d404b863af1", "status": "deleting", "size": 1, "availability_zone": "nova", "created_at": "2026-09-25T09:53:22.000000", "updated_at": "2026-09-25T09:53:26.000000", "name": "tempest-VolumesDeleteCascade-Volume-1396893735", "description": null, "volume_type": "arcusfc1", "snapshot_id": null, "source_volid": null, "metadata": {}, "links": [{"rel": "self", "href": "http://10.132.239.110/volume/v3/volumes/562cebe3-533a-45e6-922b-3d404b863af1"}, {"rel": "bookmark", "href": "http://10.132.239.110/volume/volumes/562cebe3-533a-45e6-922b-3d404b863af1"}], "user_id": "16783d7c80c64e54afe935a0d27fa174", "bootable": "false", "encrypted": false, "replication_status": null, "consistencygroup_id": null, "multiattach": false, "attachments": [], "os-vol-tenant-attr:tenant_id": "234aae29f86546a2963cb3339c28a9c1"}}'
2026-09-25 09:53:36,253 3735175 INFO     [tempest.lib.common.rest_client] Request (VolumesDeleteCascade:test_volume_from_snapshot_cascade_delete): 200 GET http://10.132.239.110/volume/v3/volumes/562cebe3-533a-45e6-922b-3d404b863af1 0.054s
2026-09-25 09:53:36,254 3735175 DEBUG    [tempest.lib.common.rest_client] Request - Headers: {'Content-Type': 'application/json', 'Accept': 'application/json', 'X-Auth-Token': '<omitted>'}
        Body: None
    Response - Headers: {'date': 'Fri, 25 Sep 2026 09:53:36 GMT', 'server': 'Apache/2.4.58 (Ubuntu)', 'content-type': 'application/json', 'x-compute-request-id': 'req-6834d636-ff85-4447-a8e5-979dddec31a0', 'content-length': '849', 'openstack-api-version': 'volume 3.0', 'vary': 'OpenStack-API-Version', 'x-openstack-request-id': 'req-6834d636-ff85-4447-a8e5-979dddec31a0', 'connection': 'close', 'status': '200', 'content-location': 'http://10.132.239.110/volume/v3/volumes/562cebe3-533a-45e6-922b-3d404b863af1'}
        Body: b'{"volume": {"id": "562cebe3-533a-45e6-922b-3d404b863af1", "status": "deleting", "size": 1, "availability_zone": "nova", "created_at": "2026-09-25T09:53:22.000000", "updated_at": "2026-09-25T09:53:26.000000", "name": "tempest-VolumesDeleteCascade-Volume-1396893735", "description": null, "volume_type": "arcusfc1", "snapshot_id": null, "source_volid": null, "metadata": {}, "links": [{"rel": "self", "href": "http://10.132.239.110/volume/v3/volumes/562cebe3-533a-45e6-922b-3d404b863af1"}, {"rel": "bookmark", "href": "http://10.132.239.110/volume/volumes/562cebe3-533a-45e6-922b-3d404b863af1"}], "user_id": "16783d7c80c64e54afe935a0d27fa174", "bootable": "false", "encrypted": false, "replication_status": null, "consistencygroup_id": null, "multiattach": false, "attachments": [], "os-vol-tenant-attr:tenant_id": "234aae29f86546a2963cb3339c28a9c1"}}'
2026-09-25 09:53:37,324 3735175 INFO     [tempest.lib.common.rest_client] Request (VolumesDeleteCascade:test_volume_from_snapshot_cascade_delete): 200 GET http://10.132.239.110/volume/v3/volu
    mes/562cebe3-533a-45e6-922b-3d404b863af1 0.054s
2026-09-25 09:53:37,325 3735175 DEBUG    [tempest.lib.common.rest_client] Request - Headers: {'Content-Type': 'application/json', 'Accept': 'application/json', 'X-Auth-Token': '<omitted>'}
        Body: None
    Response - Headers: {'date': 'Fri, 25 Sep 2026 09:53:37 GMT', 'server': 'Apache/2.4.58 (Ubuntu)', 'content-type': 'application/json', 'x-compute-request-id': 'req-4803677d-d132-4edd-9690-183cf22ea53e', 'content-length': '849', 'openstack-api-version': 'volume 3.0', 'vary': 'OpenStack-API-Version', 'x-openstack-request-id': 'req-4803677d-d132-4edd-9690-183cf22ea53e', 'connection': 'close', 'status': '200', 'content-location': 'http://10.132.239.110/volume/v3/volumes/562cebe3-533a-45e6-922b-3d404b863af1'}
        Body: b'{"volume": {"id": "562cebe3-533a-45e6-922b-3d404b863af1", "status": "deleting", "size": 1, "availability_zone": "nova", "created_at": "2026-09-25T09:53:22.000000", "updated_at": "2026-09-25T09:53:26.000000", "name": "tempest-VolumesDeleteCascade-Volume-1396893735", "description": null, "volume_type": "arcusfc1", "snapshot_id": null, "source_volid": null, "metadata": {}, "links": [{"rel": "self", "href": "http://10.132.239.110/volume/v3/volumes/562cebe3-533a-45e6-922b-3d404b863af1"}, {"rel": "bookmark", "href": "http://10.132.239.110/volume/volumes/562cebe3-533a-45e6-922b-3d404b863af1"}], "user_id": "16783d7c80c64e54afe935a0d27fa174", "bootable": "false", "encrypted": false, "replication_status": null, "consistencygroup_id": null, "multiattach": false, "attachments": [], "os-vol-tenant-attr:tenant_id": "234aae29f86546a2963cb3339c28a9c1"}}'
2026-09-25 09:53:38,397 3735175 INFO     [tempest.lib.common.rest_client] Request (VolumesDeleteCascade:test_volume_from_snapshot_cascade_delete): 200 GET http://10.132.239.110/volume/v3/volumes/562cebe3-533a-45e6-922b-3d404b863af1 0.056s
2026-09-25 09:53:38,398 3735175 DEBUG    [tempest.lib.common.rest_client] Request - Headers: {'Content-Type': 'application/json', 'Accept': 'application/json', 'X-Auth-Token': '<omitted>'}
        Body: None
    Response - Headers: {'date': 'Fri, 25 Sep 2026 09:53:38 GMT', 'server': 'Apache/2.4.58 (Ubuntu)', 'content-type': 'application/json', 'x-compute-request-id': 'req-95750b10-a057-40b3-91b4-530554cc0f62', 'content-length': '849', 'openstack-api-version': 'volume 3.0', 'vary': 'OpenStack-API-Version', 'x-openstack-request-id': 'req-95750b10-a057-40b3-91b4-530554cc0f62', 'connection': 'close', 'status': '200', 'content-location': 'http://10.132.239.110/volume/v3/volumes/562cebe3-533a-45e6-922b-3d404b863af1'}
        Body: b'{"volume": {"id": "562cebe3-533a-45e6-922b-3d404b863af1", "status": "deleting", "size": 1, "availability_zone": "nova", "created_at": "2026-09-25T09:53:22.000000", "updated_at": "2026-09-25T09:53:26.000000", "name": "tempest-VolumesDeleteCascade-Volume-1396893735", "description": null, "volume_type": "arcusfc1", "snapshot_id": null, "source_volid": null, "metadata": {}, "links": [{"rel": "self", "href": "http://10.132.239.110/volume/v3/volumes/562cebe3-533a-45e6-922b-3d404b863af1"}, {"rel": "bookmark", "href": "http://10.132.239.110/volume/volumes/562cebe3-533a-45e6-922b-3d404b863af1"}], "user_id": "16783d7c80c64e54afe935a0d27fa174", "bootable": "false", "encrypted": false, "replication_status": null, "consistencygroup_id": null, "multiattach": false, "attachments": [], "os-vol-tenant-attr:tenant_id": "234aae29f86546a2963cb3339c28a9c1"}}'
2026-09-25 09:53:39,470 3735175 INFO     [tempest.lib.common.rest_client] Request (VolumesDeleteCascade:test_volume_from_snapshot_cascade_delete): 200 GET http://10.132.239.110/volume/v3/volumes/562cebe3-533a-45e6-922b-3d404b863af1 0.056s
2026-09-25 09:53:39,471 3735175 DEBUG    [tempest.lib.common.rest_client] Request - Headers: {'Content-Type': 'application/json', 'Accept': 'application/json', 'X-Auth-Token': '<omitted>'}
        Body: None
    Response - Headers: {'date': 'Fri, 25 Sep 2026 09:53:39 GMT', 'server': 'Apache/2.4.58 (Ubuntu)', 'content-type': 'application/json', 'x-compute-request-id': 'req-b6fc712a-af35-4b79-
    9316-a7d1f540a55f', 'content-length': '849', 'openstack-api-version': 'volume 3.0', 'vary': 'OpenStack-API-Version', 'x-openstack-request-id': 'req-b6fc712a-af35-4b79-9316-a7d1f540a55f', 'connection': 'close', 'status': '200', 'content-location': 'http://10.132.239.110/volume/v3/volumes/562cebe3-533a-45e6-922b-3d404b863af1'}
        Body: b'{"volume": {"id": "562cebe3-533a-45e6-922b-3d404b863af1", "status": "deleting", "size": 1, "availability_zone": "nova", "created_at": "2026-09-25T09:53:22.000000", "updated_at": "2026-09-25T09:53:26.000000", "name": "tempest-VolumesDeleteCascade-Volume-1396893735", "description": null, "volume_type": "arcusfc1", "snapshot_id": null, "source_volid": null, "metadata": {}, "links": [{"rel": "self", "href": "http://10.132.239.110/volume/v3/volumes/562cebe3-533a-45e6-922b-3d404b863af1"}, {"rel": "bookmark", "href": "http://10.132.239.110/volume/volumes/562cebe3-533a-45e6-922b-3d404b863af1"}], "user_id": "16783d7c80c64e54afe935a0d27fa174", "bootable": "false", "encrypted": false, "replication_status": null, "consistencygroup_id": null, "multiattach": false, "attachments": [], "os-vol-tenant-attr:tenant_id": "234aae29f86546a2963cb3339c28a9c1"}}'
2026-09-25 09:53:40,544 3735175 INFO     [tempest.lib.common.rest_client] Request (VolumesDeleteCascade:test_volume_from_snapshot_cascade_delete): 200 GET http://10.132.239.110/volume/v3/volumes/562cebe3-533a-45e6-922b-3d404b863af1 0.057s
2026-09-25 09:53:40,545 3735175 DEBUG    [tempest.lib.common.rest_client] Request - Headers: {'Content-Type': 'application/json', 'Accept': 'application/json', 'X-Auth-Token': '<omitted>'}
        Body: None
    Response - Headers: {'date': 'Fri, 25 Sep 2026 09:53:40 GMT', 'server': 'Apache/2.4.58 (Ubuntu)', 'content-type': 'application/json', 'x-compute-request-id': 'req-9123be33-48a1-4b34-9a14-eda61d05d429', 'content-length': '849', 'openstack-api-version': 'volume 3.0', 'vary': 'OpenStack-API-Version', 'x-openstack-request-id': 'req-9123be33-48a1-4b34-9a14-eda61d05d429', 'connection': 'close', 'status': '200', 'content-location': 'http://10.132.239.110/volume/v3/volumes/562cebe3-533a-45e6-922b-3d404b863af1'}
        Body: b'{"volume": {"id": "562cebe3-533a-45e6-922b-3d404b863af1", "status": "deleting", "size": 1, "availability_zone": "nova", "created_at": "2026-09-25T09:53:22.000000", "updated_at": "2026-09-25T09:53:26.000000", "name": "tempest-VolumesDeleteCascade-Volume-1396893735", "description": null, "volume_type": "arcusfc1", "snapshot_id": null, "source_volid": null, "metadata": {}, "links": [{"rel": "self", "href": "http://10.132.239.110/volume/v3/volumes/562cebe3-533a-45e6-922b-3d404b863af1"}, {"rel": "bookmark", "href": "http://10.132.239.110/volume/volumes/562cebe3-533a-45e6-922b-3d404b863af1"}], "user_id": "16783d7c80c64e54afe935a0d27fa174", "bootable": "false", "encrypted": false, "replication_status": null, "consistencygroup_id": null, "multiattach": false, "attachments": [], "os-vol-tenant-attr:tenant_id": "234aae29f86546a2963cb3339c28a9c1"}}'
2026-09-25 09:53:41,615 3735175 INFO     [tempest.lib.common.rest_client] Request (VolumesDeleteCascade:test_volume_from_snapshot_cascade_delete): 200 GET http://10.132.239.110/volume/v3/volumes/562cebe3-533a-45e6-922b-3d404b863af1 0.054s
2026-09-25 09:53:41,615 3735175 DEBUG    [tempest.lib.common.rest_client] Request - Headers: {'Content-Type': 'application/json', 'Accept': 'application/json', 'X-Auth-Token': '<omitted>'}
        Body: None
    Response - Headers: {'date': 'Fri, 25 Sep 2026 09:53:41 GMT', 'server': 'Apache/2.4.58 (Ubuntu)', 'content-type': 'application/json', 'x-compute-request-id': 'req-5d1ee25e-acbb-4c41-86e7-b00e8800930d', 'content-length': '849', 'openstack-api-version': 'volume 3.0', 'vary': 'OpenStack-API-Version', 'x-openstack-request-id': 'req-5d1ee25e-acbb-4c41-86e7-b00e8800930d', 'connection': 'close', 'status': '200', 'content-location': 'http://10.132.239.110/volume/v3/volumes/562cebe3-533a-45e6-922b-3d404b863af1'}
        Body: b'{"volume": {"id": "562cebe3-533a-45e6-922b-3d404b863af1", "status": "deleting", "size": 1, "availab
    ility_zone": "nova", "created_at": "2026-09-25T09:53:22.000000", "updated_at": "2026-09-25T09:53:26.000000", "name": "tempest-VolumesDeleteCascade-Volume-1396893735", "description": null, "volume_type": "arcusfc1", "snapshot_id": null, "source_volid": null, "metadata": {}, "links": [{"rel": "self", "href": "http://10.132.239.110/volume/v3/volumes/562cebe3-533a-45e6-922b-3d404b863af1"}, {"rel": "bookmark", "href": "http://10.132.239.110/volume/volumes/562cebe3-533a-45e6-922b-3d404b863af1"}], "user_id": "16783d7c80c64e54afe935a0d27fa174", "bootable": "false", "encrypted": false, "replication_status": null, "consistencygroup_id": null, "multiattach": false, "attachments": [], "os-vol-tenant-attr:tenant_id": "234aae29f86546a2963cb3339c28a9c1"}}'
2026-09-25 09:53:42,690 3735175 INFO     [tempest.lib.common.rest_client] Request (VolumesDeleteCascade:test_volume_from_snapshot_cascade_delete): 200 GET http://10.132.239.110/volume/v3/volumes/562cebe3-533a-45e6-922b-3d404b863af1 0.057s
2026-09-25 09:53:42,691 3735175 DEBUG    [tempest.lib.common.rest_client] Request - Headers: {'Content-Type': 'application/json', 'Accept': 'application/json', 'X-Auth-Token': '<omitted>'}
        Body: None
    Response - Headers: {'date': 'Fri, 25 Sep 2026 09:53:42 GMT', 'server': 'Apache/2.4.58 (Ubuntu)', 'content-type': 'application/json', 'x-compute-request-id': 'req-dbf7d23b-9756-43b7-81f9-ab0e4706e7f4', 'content-length': '849', 'openstack-api-version': 'volume 3.0', 'vary': 'OpenStack-API-Version', 'x-openstack-request-id': 'req-dbf7d23b-9756-43b7-81f9-ab0e4706e7f4', 'connection': 'close', 'status': '200', 'content-location': 'http://10.132.239.110/volume/v3/volumes/562cebe3-533a-45e6-922b-3d404b863af1'}
        Body: b'{"volume": {"id": "562cebe3-533a-45e6-922b-3d404b863af1", "status": "deleting", "size": 1, "availability_zone": "nova", "created_at": "2026-09-25T09:53:22.000000", "updated_at": "2026-09-25T09:53:26.000000", "name": "tempest-VolumesDeleteCascade-Volume-1396893735", "description": null, "volume_type": "arcusfc1", "snapshot_id": null, "source_volid": null, "metadata": {}, "links": [{"rel": "self", "href": "http://10.132.239.110/volume/v3/volumes/562cebe3-533a-45e6-922b-3d404b863af1"}, {"rel": "bookmark", "href": "http://10.132.239.110/volume/volumes/562cebe3-533a-45e6-922b-3d404b863af1"}], "user_id": "16783d7c80c64e54afe935a0d27fa174", "bootable": "false", "encrypted": false, "replication_status": null, "consistencygroup_id": null, "multiattach": false, "attachments": [], "os-vol-tenant-attr:tenant_id": "234aae29f86546a2963cb3339c28a9c1"}}'
2026-09-25 09:53:43,759 3735175 INFO     [tempest.lib.common.rest_client] Request (VolumesDeleteCascade:test_volume_from_snapshot_cascade_delete): 200 GET http://10.132.239.110/volume/v3/volumes/562cebe3-533a-45e6-922b-3d404b863af1 0.052s
2026-09-25 09:53:43,760 3735175 DEBUG    [tempest.lib.common.rest_client] Request - Headers: {'Content-Type': 'application/json', 'Accept': 'application/json', 'X-Auth-Token': '<omitted>'}
        Body: None
    Response - Headers: {'date': 'Fri, 25 Sep 2026 09:53:43 GMT', 'server': 'Apache/2.4.58 (Ubuntu)', 'content-type': 'application/json', 'x-compute-request-id': 'req-433d3554-6c24-4e4d-bda9-d4dcef0436fc', 'content-length': '849', 'openstack-api-version': 'volume 3.0', 'vary': 'OpenStack-API-Version', 'x-openstack-request-id': 'req-433d3554-6c24-4e4d-bda9-d4dcef0436fc', 'connection': 'close', 'status': '200', 'content-location': 'http://10.132.239.110/volume/v3/volumes/562cebe3-533a-45e6-922b-3d404b863af1'}
        Body: b'{"volume": {"id": "562cebe3-533a-45e6-922b-3d404b863af1", "status": "deleting", "size": 1, "availability_zone": "nova", "created_at": "2026-09-25T09:53:22.000000", "updated_at": "2026-09-25T09:53:26.000000", "name": "tempest-VolumesDeleteCascade-Volume-1396893735", "description": null, "volume_type": "arcusfc1", "snapshot_id": null, "source_volid": null, "metadata": {}, "links": [{"rel": "self", "href": "http://10.132.239.110/volume/v3/volumes/562cebe3-533a-45e6-922b-3d404b863af1"}, {"rel": "bookmark", "href": "http://10.132.239.110/vo
    lume/volumes/562cebe3-533a-45e6-922b-3d404b863af1"}], "user_id": "16783d7c80c64e54afe935a0d27fa174", "bootable": "false", "encrypted": false, "replication_status": null, "consistencygroup_id": null, "multiattach": false, "attachments": [], "os-vol-tenant-attr:tenant_id": "234aae29f86546a2963cb3339c28a9c1"}}'
2026-09-25 09:53:44,828 3735175 INFO     [tempest.lib.common.rest_client] Request (VolumesDeleteCascade:test_volume_from_snapshot_cascade_delete): 200 GET http://10.132.239.110/volume/v3/volumes/562cebe3-533a-45e6-922b-3d404b863af1 0.052s
2026-09-25 09:53:44,828 3735175 DEBUG    [tempest.lib.common.rest_client] Request - Headers: {'Content-Type': 'application/json', 'Accept': 'application/json', 'X-Auth-Token': '<omitted>'}
        Body: None
    Response - Headers: {'date': 'Fri, 25 Sep 2026 09:53:44 GMT', 'server': 'Apache/2.4.58 (Ubuntu)', 'content-type': 'application/json', 'x-compute-request-id': 'req-7b4c2f05-ceb0-4e2c-bdf0-05cc75fa6f72', 'content-length': '849', 'openstack-api-version': 'volume 3.0', 'vary': 'OpenStack-API-Version', 'x-openstack-request-id': 'req-7b4c2f05-ceb0-4e2c-bdf0-05cc75fa6f72', 'connection': 'close', 'status': '200', 'content-location': 'http://10.132.239.110/volume/v3/volumes/562cebe3-533a-45e6-922b-3d404b863af1'}
        Body: b'{"volume": {"id": "562cebe3-533a-45e6-922b-3d404b863af1", "status": "deleting", "size": 1, "availability_zone": "nova", "created_at": "2026-09-25T09:53:22.000000", "updated_at": "2026-09-25T09:53:26.000000", "name": "tempest-VolumesDeleteCascade-Volume-1396893735", "description": null, "volume_type": "arcusfc1", "snapshot_id": null, "source_volid": null, "metadata": {}, "links": [{"rel": "self", "href": "http://10.132.239.110/volume/v3/volumes/562cebe3-533a-45e6-922b-3d404b863af1"}, {"rel": "bookmark", "href": "http://10.132.239.110/volume/volumes/562cebe3-533a-45e6-922b-3d404b863af1"}], "user_id": "16783d7c80c64e54afe935a0d27fa174", "bootable": "false", "encrypted": false, "replication_status": null, "consistencygroup_id": null, "multiattach": false, "attachments": [], "os-vol-tenant-attr:tenant_id": "234aae29f86546a2963cb3339c28a9c1"}}'
2026-09-25 09:53:45,893 3735175 INFO     [tempest.lib.common.rest_client] Request (VolumesDeleteCascade:test_volume_from_snapshot_cascade_delete): 200 GET http://10.132.239.110/volume/v3/volumes/562cebe3-533a-45e6-922b-3d404b863af1 0.049s
2026-09-25 09:53:45,893 3735175 DEBUG    [tempest.lib.common.rest_client] Request - Headers: {'Content-Type': 'application/json', 'Accept': 'application/json', 'X-Auth-Token': '<omitted>'}
        Body: None
    Response - Headers: {'date': 'Fri, 25 Sep 2026 09:53:45 GMT', 'server': 'Apache/2.4.58 (Ubuntu)', 'content-type': 'application/json', 'x-compute-request-id': 'req-497801ac-79d6-4503-9505-899c3012a49f', 'content-length': '849', 'openstack-api-version': 'volume 3.0', 'vary': 'OpenStack-API-Version', 'x-openstack-request-id': 'req-497801ac-79d6-4503-9505-899c3012a49f', 'connection': 'close', 'status': '200', 'content-location': 'http://10.132.239.110/volume/v3/volumes/562cebe3-533a-45e6-922b-3d404b863af1'}
        Body: b'{"volume": {"id": "562cebe3-533a-45e6-922b-3d404b863af1", "status": "deleting", "size": 1, "availability_zone": "nova", "created_at": "2026-09-25T09:53:22.000000", "updated_at": "2026-09-25T09:53:26.000000", "name": "tempest-VolumesDeleteCascade-Volume-1396893735", "description": null, "volume_type": "arcusfc1", "snapshot_id": null, "source_volid": null, "metadata": {}, "links": [{"rel": "self", "href": "http://10.132.239.110/volume/v3/volumes/562cebe3-533a-45e6-922b-3d404b863af1"}, {"rel": "bookmark", "href": "http://10.132.239.110/volume/volumes/562cebe3-533a-45e6-922b-3d404b863af1"}], "user_id": "16783d7c80c64e54afe935a0d27fa174", "bootable": "false", "encrypted": false, "replication_status": null, "consistencygroup_id": null, "multiattach": false, "attachments": [], "os-vol-tenant-attr:tenant_id": "234aae29f86546a2963cb3339c28a9c1"}}'
2026-09-25 09:53:46,962 3735175 INFO     [tempest.lib.common.rest_client] Request (VolumesDeleteCascade:test_volume_from_snapshot_ca
    scade_delete): 200 GET http://10.132.239.110/volume/v3/volumes/562cebe3-533a-45e6-922b-3d404b863af1 0.052s
2026-09-25 09:53:46,962 3735175 DEBUG    [tempest.lib.common.rest_client] Request - Headers: {'Content-Type': 'application/json', 'Accept': 'application/json', 'X-Auth-Token': '<omitted>'}
        Body: None
    Response - Headers: {'date': 'Fri, 25 Sep 2026 09:53:46 GMT', 'server': 'Apache/2.4.58 (Ubuntu)', 'content-type': 'application/json', 'x-compute-request-id': 'req-85150dae-76c0-41e9-92ed-cdee831e388f', 'content-length': '849', 'openstack-api-version': 'volume 3.0', 'vary': 'OpenStack-API-Version', 'x-openstack-request-id': 'req-85150dae-76c0-41e9-92ed-cdee831e388f', 'connection': 'close', 'status': '200', 'content-location': 'http://10.132.239.110/volume/v3/volumes/562cebe3-533a-45e6-922b-3d404b863af1'}
        Body: b'{"volume": {"id": "562cebe3-533a-45e6-922b-3d404b863af1", "status": "deleting", "size": 1, "availability_zone": "nova", "created_at": "2026-09-25T09:53:22.000000", "updated_at": "2026-09-25T09:53:26.000000", "name": "tempest-VolumesDeleteCascade-Volume-1396893735", "description": null, "volume_type": "arcusfc1", "snapshot_id": null, "source_volid": null, "metadata": {}, "links": [{"rel": "self", "href": "http://10.132.239.110/volume/v3/volumes/562cebe3-533a-45e6-922b-3d404b863af1"}, {"rel": "bookmark", "href": "http://10.132.239.110/volume/volumes/562cebe3-533a-45e6-922b-3d404b863af1"}], "user_id": "16783d7c80c64e54afe935a0d27fa174", "bootable": "false", "encrypted": false, "replication_status": null, "consistencygroup_id": null, "multiattach": false, "attachments": [], "os-vol-tenant-attr:tenant_id": "234aae29f86546a2963cb3339c28a9c1"}}'
2026-09-25 09:53:48,028 3735175 INFO     [tempest.lib.common.rest_client] Request (VolumesDeleteCascade:test_volume_from_snapshot_cascade_delete): 200 GET http://10.132.239.110/volume/v3/volumes/562cebe3-533a-45e6-922b-3d404b863af1 0.049s
2026-09-25 09:53:48,028 3735175 DEBUG    [tempest.lib.common.rest_client] Request - Headers: {'Content-Type': 'application/json', 'Accept': 'application/json', 'X-Auth-Token': '<omitted>'}
        Body: None
    Response - Headers: {'date': 'Fri, 25 Sep 2026 09:53:47 GMT', 'server': 'Apache/2.4.58 (Ubuntu)', 'content-type': 'application/json', 'x-compute-request-id': 'req-2bdc6160-a163-450e-9e87-4a3b3a9a1506', 'content-length': '849', 'openstack-api-version': 'volume 3.0', 'vary': 'OpenStack-API-Version', 'x-openstack-request-id': 'req-2bdc6160-a163-450e-9e87-4a3b3a9a1506', 'connection': 'close', 'status': '200', 'content-location': 'http://10.132.239.110/volume/v3/volumes/562cebe3-533a-45e6-922b-3d404b863af1'}
        Body: b'{"volume": {"id": "562cebe3-533a-45e6-922b-3d404b863af1", "status": "deleting", "size": 1, "availability_zone": "nova", "created_at": "2026-09-25T09:53:22.000000", "updated_at": "2026-09-25T09:53:26.000000", "name": "tempest-VolumesDeleteCascade-Volume-1396893735", "description": null, "volume_type": "arcusfc1", "snapshot_id": null, "source_volid": null, "metadata": {}, "links": [{"rel": "self", "href": "http://10.132.239.110/volume/v3/volumes/562cebe3-533a-45e6-922b-3d404b863af1"}, {"rel": "bookmark", "href": "http://10.132.239.110/volume/volumes/562cebe3-533a-45e6-922b-3d404b863af1"}], "user_id": "16783d7c80c64e54afe935a0d27fa174", "bootable": "false", "encrypted": false, "replication_status": null, "consistencygroup_id": null, "multiattach": false, "attachments": [], "os-vol-tenant-attr:tenant_id": "234aae29f86546a2963cb3339c28a9c1"}}'
2026-09-25 09:53:49,085 3735175 INFO     [tempest.lib.common.rest_client] Request (VolumesDeleteCascade:test_volume_from_snapshot_cascade_delete): 200 GET http://10.132.239.110/volume/v3/volumes/562cebe3-533a-45e6-922b-3d404b863af1 0.040s
2026-09-25 09:53:49,086 3735175 DEBUG    [tempest.lib.common.rest_client] Request - Headers: {'Content-Type': 'application/json', 'Accept': 'application/json', 'X-Auth-Token': '<omitted>'}
        Body: None
    Response - Headers: {'date': 'Fri, 25 Sep 2026 09:53:49 GMT', 'server': 'Apache/2.4.58 (Ubuntu)', 'content-type': 'applicat
    ion/json', 'x-compute-request-id': 'req-78e920de-f4b5-4e4c-aa4c-5ed639d29047', 'content-length': '849', 'openstack-api-version': 'volume 3.0', 'vary': 'OpenStack-API-Version', 'x-openstack-request-id': 'req-78e920de-f4b5-4e4c-aa4c-5ed639d29047', 'connection': 'close', 'status': '200', 'content-location': 'http://10.132.239.110/volume/v3/volumes/562cebe3-533a-45e6-922b-3d404b863af1'}
        Body: b'{"volume": {"id": "562cebe3-533a-45e6-922b-3d404b863af1", "status": "deleting", "size": 1, "availability_zone": "nova", "created_at": "2026-09-25T09:53:22.000000", "updated_at": "2026-09-25T09:53:26.000000", "name": "tempest-VolumesDeleteCascade-Volume-1396893735", "description": null, "volume_type": "arcusfc1", "snapshot_id": null, "source_volid": null, "metadata": {}, "links": [{"rel": "self", "href": "http://10.132.239.110/volume/v3/volumes/562cebe3-533a-45e6-922b-3d404b863af1"}, {"rel": "bookmark", "href": "http://10.132.239.110/volume/volumes/562cebe3-533a-45e6-922b-3d404b863af1"}], "user_id": "16783d7c80c64e54afe935a0d27fa174", "bootable": "false", "encrypted": false, "replication_status": null, "consistencygroup_id": null, "multiattach": false, "attachments": [], "os-vol-tenant-attr:tenant_id": "234aae29f86546a2963cb3339c28a9c1"}}'
2026-09-25 09:53:50,185 3735175 INFO     [tempest.lib.common.rest_client] Request (VolumesDeleteCascade:test_volume_from_snapshot_cascade_delete): 200 GET http://10.132.239.110/volume/v3/volumes/562cebe3-533a-45e6-922b-3d404b863af1 0.062s
2026-09-25 09:53:50,186 3735175 DEBUG    [tempest.lib.common.rest_client] Request - Headers: {'Content-Type': 'application/json', 'Accept': 'application/json', 'X-Auth-Token': '<omitted>'}
        Body: None
    Response - Headers: {'date': 'Fri, 25 Sep 2026 09:53:50 GMT', 'server': 'Apache/2.4.58 (Ubuntu)', 'content-type': 'application/json', 'x-compute-request-id': 'req-78749580-5038-4330-929a-b2a292c74d02', 'content-length': '849', 'openstack-api-version': 'volume 3.0', 'vary': 'OpenStack-API-Version', 'x-openstack-request-id': 'req-78749580-5038-4330-929a-b2a292c74d02', 'connection': 'close', 'status': '200', 'content-location': 'http://10.132.239.110/volume/v3/volumes/562cebe3-533a-45e6-922b-3d404b863af1'}
        Body: b'{"volume": {"id": "562cebe3-533a-45e6-922b-3d404b863af1", "status": "deleting", "size": 1, "availability_zone": "nova", "created_at": "2026-09-25T09:53:22.000000", "updated_at": "2026-09-25T09:53:26.000000", "name": "tempest-VolumesDeleteCascade-Volume-1396893735", "description": null, "volume_type": "arcusfc1", "snapshot_id": null, "source_volid": null, "metadata": {}, "links": [{"rel": "self", "href": "http://10.132.239.110/volume/v3/volumes/562cebe3-533a-45e6-922b-3d404b863af1"}, {"rel": "bookmark", "href": "http://10.132.239.110/volume/volumes/562cebe3-533a-45e6-922b-3d404b863af1"}], "user_id": "16783d7c80c64e54afe935a0d27fa174", "bootable": "false", "encrypted": false, "replication_status": null, "consistencygroup_id": null, "multiattach": false, "attachments": [], "os-vol-tenant-attr:tenant_id": "234aae29f86546a2963cb3339c28a9c1"}}'
2026-09-25 09:53:51,250 3735175 INFO     [tempest.lib.common.rest_client] Request (VolumesDeleteCascade:test_volume_from_snapshot_cascade_delete): 200 GET http://10.132.239.110/volume/v3/volumes/562cebe3-533a-45e6-922b-3d404b863af1 0.047s
2026-09-25 09:53:51,251 3735175 DEBUG    [tempest.lib.common.rest_client] Request - Headers: {'Content-Type': 'application/json', 'Accept': 'application/json', 'X-Auth-Token': '<omitted>'}
        Body: None
    Response - Headers: {'date': 'Fri, 25 Sep 2026 09:53:51 GMT', 'server': 'Apache/2.4.58 (Ubuntu)', 'content-type': 'application/json', 'x-compute-request-id': 'req-46c804f4-7247-42c1-a603-0321445dff44', 'content-length': '849', 'openstack-api-version': 'volume 3.0', 'vary': 'OpenStack-API-Version', 'x-openstack-request-id': 'req-46c804f4-7247-42c1-a603-0321445dff44', 'connection': 'close', 'status': '200', 'content-location': 'http://10.132.239.110/volume/v3/volumes/562cebe3-533a-45e6-922b-3d404b863af1'}
        Body: b'{"volume": {"id": "562cebe3-533a-45e6-92
    2b-3d404b863af1", "status": "deleting", "size": 1, "availability_zone": "nova", "created_at": "2026-09-25T09:53:22.000000", "updated_at": "2026-09-25T09:53:26.000000", "name": "tempest-VolumesDeleteCascade-Volume-1396893735", "description": null, "volume_type": "arcusfc1", "snapshot_id": null, "source_volid": null, "metadata": {}, "links": [{"rel": "self", "href": "http://10.132.239.110/volume/v3/volumes/562cebe3-533a-45e6-922b-3d404b863af1"}, {"rel": "bookmark", "href": "http://10.132.239.110/volume/volumes/562cebe3-533a-45e6-922b-3d404b863af1"}], "user_id": "16783d7c80c64e54afe935a0d27fa174", "bootable": "false", "encrypted": false, "replication_status": null, "consistencygroup_id": null, "multiattach": false, "attachments": [], "os-vol-tenant-attr:tenant_id": "234aae29f86546a2963cb3339c28a9c1"}}'
2026-09-25 09:53:52,330 3735175 INFO     [tempest.lib.common.rest_client] Request (VolumesDeleteCascade:test_volume_from_snapshot_cascade_delete): 200 GET http://10.132.239.110/volume/v3/volumes/562cebe3-533a-45e6-922b-3d404b863af1 0.058s
2026-09-25 09:53:52,331 3735175 DEBUG    [tempest.lib.common.rest_client] Request - Headers: {'Content-Type': 'application/json', 'Accept': 'application/json', 'X-Auth-Token': '<omitted>'}
        Body: None
    Response - Headers: {'date': 'Fri, 25 Sep 2026 09:53:52 GMT', 'server': 'Apache/2.4.58 (Ubuntu)', 'content-type': 'application/json', 'x-compute-request-id': 'req-00a804e5-da70-40cd-aa33-8142376e25d8', 'content-length': '849', 'openstack-api-version': 'volume 3.0', 'vary': 'OpenStack-API-Version', 'x-openstack-request-id': 'req-00a804e5-da70-40cd-aa33-8142376e25d8', 'connection': 'close', 'status': '200', 'content-location': 'http://10.132.239.110/volume/v3/volumes/562cebe3-533a-45e6-922b-3d404b863af1'}
        Body: b'{"volume": {"id": "562cebe3-533a-45e6-922b-3d404b863af1", "status": "deleting", "size": 1, "availability_zone": "nova", "created_at": "2026-09-25T09:53:22.000000", "updated_at": "2026-09-25T09:53:26.000000", "name": "tempest-VolumesDeleteCascade-Volume-1396893735", "description": null, "volume_type": "arcusfc1", "snapshot_id": null, "source_volid": null, "metadata": {}, "links": [{"rel": "self", "href": "http://10.132.239.110/volume/v3/volumes/562cebe3-533a-45e6-922b-3d404b863af1"}, {"rel": "bookmark", "href": "http://10.132.239.110/volume/volumes/562cebe3-533a-45e6-922b-3d404b863af1"}], "user_id": "16783d7c80c64e54afe935a0d27fa174", "bootable": "false", "encrypted": false, "replication_status": null, "consistencygroup_id": null, "multiattach": false, "attachments": [], "os-vol-tenant-attr:tenant_id": "234aae29f86546a2963cb3339c28a9c1"}}'
2026-09-25 09:53:53,417 3735175 INFO     [tempest.lib.common.rest_client] Request (VolumesDeleteCascade:test_volume_from_snapshot_cascade_delete): 200 GET http://10.132.239.110/volume/v3/volumes/562cebe3-533a-45e6-922b-3d404b863af1 0.061s
2026-09-25 09:53:53,418 3735175 DEBUG    [tempest.lib.common.rest_client] Request - Headers: {'Content-Type': 'application/json', 'Accept': 'application/json', 'X-Auth-Token': '<omitted>'}
        Body: None
    Response - Headers: {'date': 'Fri, 25 Sep 2026 09:53:53 GMT', 'server': 'Apache/2.4.58 (Ubuntu)', 'content-type': 'application/json', 'x-compute-request-id': 'req-35580992-df63-4aa8-a542-5bf914a01c93', 'content-length': '849', 'openstack-api-version': 'volume 3.0', 'vary': 'OpenStack-API-Version', 'x-openstack-request-id': 'req-35580992-df63-4aa8-a542-5bf914a01c93', 'connection': 'close', 'status': '200', 'content-location': 'http://10.132.239.110/volume/v3/volumes/562cebe3-533a-45e6-922b-3d404b863af1'}
        Body: b'{"volume": {"id": "562cebe3-533a-45e6-922b-3d404b863af1", "status": "deleting", "size": 1, "availability_zone": "nova", "created_at": "2026-09-25T09:53:22.000000", "updated_at": "2026-09-25T09:53:26.000000", "name": "tempest-VolumesDeleteCascade-Volume-1396893735", "description": null, "volume_type": "arcusfc1", "snapshot_id": null, "source_volid": null, "metadata": {}, "links": [{"rel": "self", "href": "http://10.132.239.110/volume/v3/volumes/562cebe3-533a-45e6-922b-3d404b863a
    f1"}, {"rel": "bookmark", "href": "http://10.132.239.110/volume/volumes/562cebe3-533a-45e6-922b-3d404b863af1"}], "user_id": "16783d7c80c64e54afe935a0d27fa174", "bootable": "false", "encrypted": false, "replication_status": null, "consistencygroup_id": null, "multiattach": false, "attachments": [], "os-vol-tenant-attr:tenant_id": "234aae29f86546a2963cb3339c28a9c1"}}'
2026-09-25 09:53:54,488 3735175 INFO     [tempest.lib.common.rest_client] Request (VolumesDeleteCascade:test_volume_from_snapshot_cascade_delete): 200 GET http://10.132.239.110/volume/v3/volumes/562cebe3-533a-45e6-922b-3d404b863af1 0.054s
2026-09-25 09:53:54,488 3735175 DEBUG    [tempest.lib.common.rest_client] Request - Headers: {'Content-Type': 'application/json', 'Accept': 'application/json', 'X-Auth-Token': '<omitted>'}
        Body: None
    Response - Headers: {'date': 'Fri, 25 Sep 2026 09:53:54 GMT', 'server': 'Apache/2.4.58 (Ubuntu)', 'content-type': 'application/json', 'x-compute-request-id': 'req-058b024c-1482-4ecd-9064-b385c58e5d69', 'content-length': '849', 'openstack-api-version': 'volume 3.0', 'vary': 'OpenStack-API-Version', 'x-openstack-request-id': 'req-058b024c-1482-4ecd-9064-b385c58e5d69', 'connection': 'close', 'status': '200', 'content-location': 'http://10.132.239.110/volume/v3/volumes/562cebe3-533a-45e6-922b-3d404b863af1'}
        Body: b'{"volume": {"id": "562cebe3-533a-45e6-922b-3d404b863af1", "status": "deleting", "size": 1, "availability_zone": "nova", "created_at": "2026-09-25T09:53:22.000000", "updated_at": "2026-09-25T09:53:26.000000", "name": "tempest-VolumesDeleteCascade-Volume-1396893735", "description": null, "volume_type": "arcusfc1", "snapshot_id": null, "source_volid": null, "metadata": {}, "links": [{"rel": "self", "href": "http://10.132.239.110/volume/v3/volumes/562cebe3-533a-45e6-922b-3d404b863af1"}, {"rel": "bookmark", "href": "http://10.132.239.110/volume/volumes/562cebe3-533a-45e6-922b-3d404b863af1"}], "user_id": "16783d7c80c64e54afe935a0d27fa174", "bootable": "false", "encrypted": false, "replication_status": null, "consistencygroup_id": null, "multiattach": false, "attachments": [], "os-vol-tenant-attr:tenant_id": "234aae29f86546a2963cb3339c28a9c1"}}'
2026-09-25 09:53:55,557 3735175 INFO     [tempest.lib.common.rest_client] Request (VolumesDeleteCascade:test_volume_from_snapshot_cascade_delete): 200 GET http://10.132.239.110/volume/v3/volumes/562cebe3-533a-45e6-922b-3d404b863af1 0.051s
2026-09-25 09:53:55,557 3735175 DEBUG    [tempest.lib.common.rest_client] Request - Headers: {'Content-Type': 'application/json', 'Accept': 'application/json', 'X-Auth-Token': '<omitted>'}
        Body: None
    Response - Headers: {'date': 'Fri, 25 Sep 2026 09:53:55 GMT', 'server': 'Apache/2.4.58 (Ubuntu)', 'content-type': 'application/json', 'x-compute-request-id': 'req-13f4dd06-9293-4ff7-b3c1-7cd01a54741b', 'content-length': '849', 'openstack-api-version': 'volume 3.0', 'vary': 'OpenStack-API-Version', 'x-openstack-request-id': 'req-13f4dd06-9293-4ff7-b3c1-7cd01a54741b', 'connection': 'close', 'status': '200', 'content-location': 'http://10.132.239.110/volume/v3/volumes/562cebe3-533a-45e6-922b-3d404b863af1'}
        Body: b'{"volume": {"id": "562cebe3-533a-45e6-922b-3d404b863af1", "status": "deleting", "size": 1, "availability_zone": "nova", "created_at": "2026-09-25T09:53:22.000000", "updated_at": "2026-09-25T09:53:26.000000", "name": "tempest-VolumesDeleteCascade-Volume-1396893735", "description": null, "volume_type": "arcusfc1", "snapshot_id": null, "source_volid": null, "metadata": {}, "links": [{"rel": "self", "href": "http://10.132.239.110/volume/v3/volumes/562cebe3-533a-45e6-922b-3d404b863af1"}, {"rel": "bookmark", "href": "http://10.132.239.110/volume/volumes/562cebe3-533a-45e6-922b-3d404b863af1"}], "user_id": "16783d7c80c64e54afe935a0d27fa174", "bootable": "false", "encrypted": false, "replication_status": null, "consistencygroup_id": null, "multiattach": false, "attachments": [], "os-vol-tenant-attr:tenant_id": "234aae29f86546a2963cb3339c28a9c1"}}'
2026-09-25 09:53:56,632 3735175 INFO     [tempest.lib.common.rest_client]
     Request (VolumesDeleteCascade:test_volume_from_snapshot_cascade_delete): 200 GET http://10.132.239.110/volume/v3/volumes/562cebe3-533a-45e6-922b-3d404b863af1 0.058s
2026-09-25 09:53:56,632 3735175 DEBUG    [tempest.lib.common.rest_client] Request - Headers: {'Content-Type': 'application/json', 'Accept': 'application/json', 'X-Auth-Token': '<omitted>'}
        Body: None
    Response - Headers: {'date': 'Fri, 25 Sep 2026 09:53:56 GMT', 'server': 'Apache/2.4.58 (Ubuntu)', 'content-type': 'application/json', 'x-compute-request-id': 'req-757ea27b-721b-42bd-880a-e92caee690ec', 'content-length': '849', 'openstack-api-version': 'volume 3.0', 'vary': 'OpenStack-API-Version', 'x-openstack-request-id': 'req-757ea27b-721b-42bd-880a-e92caee690ec', 'connection': 'close', 'status': '200', 'content-location': 'http://10.132.239.110/volume/v3/volumes/562cebe3-533a-45e6-922b-3d404b863af1'}
        Body: b'{"volume": {"id": "562cebe3-533a-45e6-922b-3d404b863af1", "status": "deleting", "size": 1, "availability_zone": "nova", "created_at": "2026-09-25T09:53:22.000000", "updated_at": "2026-09-25T09:53:26.000000", "name": "tempest-VolumesDeleteCascade-Volume-1396893735", "description": null, "volume_type": "arcusfc1", "snapshot_id": null, "source_volid": null, "metadata": {}, "links": [{"rel": "self", "href": "http://10.132.239.110/volume/v3/volumes/562cebe3-533a-45e6-922b-3d404b863af1"}, {"rel": "bookmark", "href": "http://10.132.239.110/volume/volumes/562cebe3-533a-45e6-922b-3d404b863af1"}], "user_id": "16783d7c80c64e54afe935a0d27fa174", "bootable": "false", "encrypted": false, "replication_status": null, "consistencygroup_id": null, "multiattach": false, "attachments": [], "os-vol-tenant-attr:tenant_id": "234aae29f86546a2963cb3339c28a9c1"}}'
2026-09-25 09:53:57,705 3735175 INFO     [tempest.lib.common.rest_client] Request (VolumesDeleteCascade:test_volume_from_snapshot_cascade_delete): 200 GET http://10.132.239.110/volume/v3/volumes/562cebe3-533a-45e6-922b-3d404b863af1 0.057s
2026-09-25 09:53:57,705 3735175 DEBUG    [tempest.lib.common.rest_client] Request - Headers: {'Content-Type': 'application/json', 'Accept': 'application/json', 'X-Auth-Token': '<omitted>'}
        Body: None
    Response - Headers: {'date': 'Fri, 25 Sep 2026 09:53:57 GMT', 'server': 'Apache/2.4.58 (Ubuntu)', 'content-type': 'application/json', 'x-compute-request-id': 'req-b23a2303-1ef3-4124-9224-609ef295c0b0', 'content-length': '849', 'openstack-api-version': 'volume 3.0', 'vary': 'OpenStack-API-Version', 'x-openstack-request-id': 'req-b23a2303-1ef3-4124-9224-609ef295c0b0', 'connection': 'close', 'status': '200', 'content-location': 'http://10.132.239.110/volume/v3/volumes/562cebe3-533a-45e6-922b-3d404b863af1'}
        Body: b'{"volume": {"id": "562cebe3-533a-45e6-922b-3d404b863af1", "status": "deleting", "size": 1, "availability_zone": "nova", "created_at": "2026-09-25T09:53:22.000000", "updated_at": "2026-09-25T09:53:26.000000", "name": "tempest-VolumesDeleteCascade-Volume-1396893735", "description": null, "volume_type": "arcusfc1", "snapshot_id": null, "source_volid": null, "metadata": {}, "links": [{"rel": "self", "href": "http://10.132.239.110/volume/v3/volumes/562cebe3-533a-45e6-922b-3d404b863af1"}, {"rel": "bookmark", "href": "http://10.132.239.110/volume/volumes/562cebe3-533a-45e6-922b-3d404b863af1"}], "user_id": "16783d7c80c64e54afe935a0d27fa174", "bootable": "false", "encrypted": false, "replication_status": null, "consistencygroup_id": null, "multiattach": false, "attachments": [], "os-vol-tenant-attr:tenant_id": "234aae29f86546a2963cb3339c28a9c1"}}'
2026-09-25 09:53:58,779 3735175 INFO     [tempest.lib.common.rest_client] Request (VolumesDeleteCascade:test_volume_from_snapshot_cascade_delete): 200 GET http://10.132.239.110/volume/v3/volumes/562cebe3-533a-45e6-922b-3d404b863af1 0.055s
2026-09-25 09:53:58,779 3735175 DEBUG    [tempest.lib.common.rest_client] Request - Headers: {'Content-Type': 'application/json', 'Accept': 'application/json', 'X-Auth-Token': '<omitted>'}
        Body: None
    Response - Headers: {'date': 'Fri, 25 Sep 2026 09:53:58 GMT', 's
    erver': 'Apache/2.4.58 (Ubuntu)', 'content-type': 'application/json', 'x-compute-request-id': 'req-6f0203ea-6664-4a58-b260-398e515ff5dd', 'content-length': '849', 'openstack-api-version': 'volume 3.0', 'vary': 'OpenStack-API-Version', 'x-openstack-request-id': 'req-6f0203ea-6664-4a58-b260-398e515ff5dd', 'connection': 'close', 'status': '200', 'content-location': 'http://10.132.239.110/volume/v3/volumes/562cebe3-533a-45e6-922b-3d404b863af1'}
        Body: b'{"volume": {"id": "562cebe3-533a-45e6-922b-3d404b863af1", "status": "deleting", "size": 1, "availability_zone": "nova", "created_at": "2026-09-25T09:53:22.000000", "updated_at": "2026-09-25T09:53:26.000000", "name": "tempest-VolumesDeleteCascade-Volume-1396893735", "description": null, "volume_type": "arcusfc1", "snapshot_id": null, "source_volid": null, "metadata": {}, "links": [{"rel": "self", "href": "http://10.132.239.110/volume/v3/volumes/562cebe3-533a-45e6-922b-3d404b863af1"}, {"rel": "bookmark", "href": "http://10.132.239.110/volume/volumes/562cebe3-533a-45e6-922b-3d404b863af1"}], "user_id": "16783d7c80c64e54afe935a0d27fa174", "bootable": "false", "encrypted": false, "replication_status": null, "consistencygroup_id": null, "multiattach": false, "attachments": [], "os-vol-tenant-attr:tenant_id": "234aae29f86546a2963cb3339c28a9c1"}}'
2026-09-25 09:53:59,855 3735175 INFO     [tempest.lib.common.rest_client] Request (VolumesDeleteCascade:test_volume_from_snapshot_cascade_delete): 200 GET http://10.132.239.110/volume/v3/volumes/562cebe3-533a-45e6-922b-3d404b863af1 0.060s
2026-09-25 09:53:59,855 3735175 DEBUG    [tempest.lib.common.rest_client] Request - Headers: {'Content-Type': 'application/json', 'Accept': 'application/json', 'X-Auth-Token': '<omitted>'}
        Body: None
    Response - Headers: {'date': 'Fri, 25 Sep 2026 09:53:59 GMT', 'server': 'Apache/2.4.58 (Ubuntu)', 'content-type': 'application/json', 'x-compute-request-id': 'req-81d591eb-c82b-4f50-9d73-5a8936ed0524', 'content-length': '849', 'openstack-api-version': 'volume 3.0', 'vary': 'OpenStack-API-Version', 'x-openstack-request-id': 'req-81d591eb-c82b-4f50-9d73-5a8936ed0524', 'connection': 'close', 'status': '200', 'content-location': 'http://10.132.239.110/volume/v3/volumes/562cebe3-533a-45e6-922b-3d404b863af1'}
        Body: b'{"volume": {"id": "562cebe3-533a-45e6-922b-3d404b863af1", "status": "deleting", "size": 1, "availability_zone": "nova", "created_at": "2026-09-25T09:53:22.000000", "updated_at": "2026-09-25T09:53:26.000000", "name": "tempest-VolumesDeleteCascade-Volume-1396893735", "description": null, "volume_type": "arcusfc1", "snapshot_id": null, "source_volid": null, "metadata": {}, "links": [{"rel": "self", "href": "http://10.132.239.110/volume/v3/volumes/562cebe3-533a-45e6-922b-3d404b863af1"}, {"rel": "bookmark", "href": "http://10.132.239.110/volume/volumes/562cebe3-533a-45e6-922b-3d404b863af1"}], "user_id": "16783d7c80c64e54afe935a0d27fa174", "bootable": "false", "encrypted": false, "replication_status": null, "consistencygroup_id": null, "multiattach": false, "attachments": [], "os-vol-tenant-attr:tenant_id": "234aae29f86546a2963cb3339c28a9c1"}}'
2026-09-25 09:54:00,928 3735175 INFO     [tempest.lib.common.rest_client] Request (VolumesDeleteCascade:test_volume_from_snapshot_cascade_delete): 200 GET http://10.132.239.110/volume/v3/volumes/562cebe3-533a-45e6-922b-3d404b863af1 0.056s
2026-09-25 09:54:00,929 3735175 DEBUG    [tempest.lib.common.rest_client] Request - Headers: {'Content-Type': 'application/json', 'Accept': 'application/json', 'X-Auth-Token': '<omitted>'}
        Body: None
    Response - Headers: {'date': 'Fri, 25 Sep 2026 09:54:00 GMT', 'server': 'Apache/2.4.58 (Ubuntu)', 'content-type': 'application/json', 'x-compute-request-id': 'req-9a750fab-37cc-4b17-a189-628135213551', 'content-length': '849', 'openstack-api-version': 'volume 3.0', 'vary': 'OpenStack-API-Version', 'x-openstack-request-id': 'req-9a750fab-37cc-4b17-a189-628135213551', 'connection': 'close', 'status': '200', 'content-location': 'http://10.132.239.110/volume/v3/volumes/562cebe3-533a-45e6-922b-3d404b863af1
    '}
        Body: b'{"volume": {"id": "562cebe3-533a-45e6-922b-3d404b863af1", "status": "deleting", "size": 1, "availability_zone": "nova", "created_at": "2026-09-25T09:53:22.000000", "updated_at": "2026-09-25T09:53:26.000000", "name": "tempest-VolumesDeleteCascade-Volume-1396893735", "description": null, "volume_type": "arcusfc1", "snapshot_id": null, "source_volid": null, "metadata": {}, "links": [{"rel": "self", "href": "http://10.132.239.110/volume/v3/volumes/562cebe3-533a-45e6-922b-3d404b863af1"}, {"rel": "bookmark", "href": "http://10.132.239.110/volume/volumes/562cebe3-533a-45e6-922b-3d404b863af1"}], "user_id": "16783d7c80c64e54afe935a0d27fa174", "bootable": "false", "encrypted": false, "replication_status": null, "consistencygroup_id": null, "multiattach": false, "attachments": [], "os-vol-tenant-attr:tenant_id": "234aae29f86546a2963cb3339c28a9c1"}}'
2026-09-25 09:54:02,013 3735175 INFO     [tempest.lib.common.rest_client] Request (VolumesDeleteCascade:test_volume_from_snapshot_cascade_delete): 200 GET http://10.132.239.110/volume/v3/volumes/562cebe3-533a-45e6-922b-3d404b863af1 0.068s
2026-09-25 09:54:02,013 3735175 DEBUG    [tempest.lib.common.rest_client] Request - Headers: {'Content-Type': 'application/json', 'Accept': 'application/json', 'X-Auth-Token': '<omitted>'}
        Body: None
    Response - Headers: {'date': 'Fri, 25 Sep 2026 09:54:01 GMT', 'server': 'Apache/2.4.58 (Ubuntu)', 'content-type': 'application/json', 'x-compute-request-id': 'req-e2b8f60e-6faf-4173-82d2-c9e3e671a348', 'content-length': '849', 'openstack-api-version': 'volume 3.0', 'vary': 'OpenStack-API-Version', 'x-openstack-request-id': 'req-e2b8f60e-6faf-4173-82d2-c9e3e671a348', 'connection': 'close', 'status': '200', 'content-location': 'http://10.132.239.110/volume/v3/volumes/562cebe3-533a-45e6-922b-3d404b863af1'}
        Body: b'{"volume": {"id": "562cebe3-533a-45e6-922b-3d404b863af1", "status": "deleting", "size": 1, "availability_zone": "nova", "created_at": "2026-09-25T09:53:22.000000", "updated_at": "2026-09-25T09:53:26.000000", "name": "tempest-VolumesDeleteCascade-Volume-1396893735", "description": null, "volume_type": "arcusfc1", "snapshot_id": null, "source_volid": null, "metadata": {}, "links": [{"rel": "self", "href": "http://10.132.239.110/volume/v3/volumes/562cebe3-533a-45e6-922b-3d404b863af1"}, {"rel": "bookmark", "href": "http://10.132.239.110/volume/volumes/562cebe3-533a-45e6-922b-3d404b863af1"}], "user_id": "16783d7c80c64e54afe935a0d27fa174", "bootable": "false", "encrypted": false, "replication_status": null, "consistencygroup_id": null, "multiattach": false, "attachments": [], "os-vol-tenant-attr:tenant_id": "234aae29f86546a2963cb3339c28a9c1"}}'
2026-09-25 09:54:03,089 3735175 INFO     [tempest.lib.common.rest_client] Request (VolumesDeleteCascade:test_volume_from_snapshot_cascade_delete): 200 GET http://10.132.239.110/volume/v3/volumes/562cebe3-533a-45e6-922b-3d404b863af1 0.060s
2026-09-25 09:54:03,090 3735175 DEBUG    [tempest.lib.common.rest_client] Request - Headers: {'Content-Type': 'application/json', 'Accept': 'application/json', 'X-Auth-Token': '<omitted>'}
        Body: None
    Response - Headers: {'date': 'Fri, 25 Sep 2026 09:54:03 GMT', 'server': 'Apache/2.4.58 (Ubuntu)', 'content-type': 'application/json', 'x-compute-request-id': 'req-c1d8c032-163e-4934-b13f-3b03346b7031', 'content-length': '849', 'openstack-api-version': 'volume 3.0', 'vary': 'OpenStack-API-Version', 'x-openstack-request-id': 'req-c1d8c032-163e-4934-b13f-3b03346b7031', 'connection': 'close', 'status': '200', 'content-location': 'http://10.132.239.110/volume/v3/volumes/562cebe3-533a-45e6-922b-3d404b863af1'}
        Body: b'{"volume": {"id": "562cebe3-533a-45e6-922b-3d404b863af1", "status": "deleting", "size": 1, "availability_zone": "nova", "created_at": "2026-09-25T09:53:22.000000", "updated_at": "2026-09-25T09:53:26.000000", "name": "tempest-VolumesDeleteCascade-Volume-1396893735", "description": null, "volume_type": "arcusfc1", "snapshot_id": null, "source_volid": null, "metadata": {}, "links": [{"rel": "self", "href": "http://10.132.2
    39.110/volume/v3/volumes/562cebe3-533a-45e6-922b-3d404b863af1"}, {"rel": "bookmark", "href": "http://10.132.239.110/volume/volumes/562cebe3-533a-45e6-922b-3d404b863af1"}], "user_id": "16783d7c80c64e54afe935a0d27fa174", "bootable": "false", "encrypted": false, "replication_status": null, "consistencygroup_id": null, "multiattach": false, "attachments": [], "os-vol-tenant-attr:tenant_id": "234aae29f86546a2963cb3339c28a9c1"}}'
2026-09-25 09:54:04,173 3735175 INFO     [tempest.lib.common.rest_client] Request (VolumesDeleteCascade:test_volume_from_snapshot_cascade_delete): 200 GET http://10.132.239.110/volume/v3/volumes/562cebe3-533a-45e6-922b-3d404b863af1 0.067s
2026-09-25 09:54:04,174 3735175 DEBUG    [tempest.lib.common.rest_client] Request - Headers: {'Content-Type': 'application/json', 'Accept': 'application/json', 'X-Auth-Token': '<omitted>'}
        Body: None
    Response - Headers: {'date': 'Fri, 25 Sep 2026 09:54:04 GMT', 'server': 'Apache/2.4.58 (Ubuntu)', 'content-type': 'application/json', 'x-compute-request-id': 'req-4db534f8-5b3f-4fb6-b613-f565900cafac', 'content-length': '849', 'openstack-api-version': 'volume 3.0', 'vary': 'OpenStack-API-Version', 'x-openstack-request-id': 'req-4db534f8-5b3f-4fb6-b613-f565900cafac', 'connection': 'close', 'status': '200', 'content-location': 'http://10.132.239.110/volume/v3/volumes/562cebe3-533a-45e6-922b-3d404b863af1'}
        Body: b'{"volume": {"id": "562cebe3-533a-45e6-922b-3d404b863af1", "status": "deleting", "size": 1, "availability_zone": "nova", "created_at": "2026-09-25T09:53:22.000000", "updated_at": "2026-09-25T09:53:26.000000", "name": "tempest-VolumesDeleteCascade-Volume-1396893735", "description": null, "volume_type": "arcusfc1", "snapshot_id": null, "source_volid": null, "metadata": {}, "links": [{"rel": "self", "href": "http://10.132.239.110/volume/v3/volumes/562cebe3-533a-45e6-922b-3d404b863af1"}, {"rel": "bookmark", "href": "http://10.132.239.110/volume/volumes/562cebe3-533a-45e6-922b-3d404b863af1"}], "user_id": "16783d7c80c64e54afe935a0d27fa174", "bootable": "false", "encrypted": false, "replication_status": null, "consistencygroup_id": null, "multiattach": false, "attachments": [], "os-vol-tenant-attr:tenant_id": "234aae29f86546a2963cb3339c28a9c1"}}'
2026-09-25 09:54:05,249 3735175 INFO     [tempest.lib.common.rest_client] Request (VolumesDeleteCascade:test_volume_from_snapshot_cascade_delete): 200 GET http://10.132.239.110/volume/v3/volumes/562cebe3-533a-45e6-922b-3d404b863af1 0.053s
2026-09-25 09:54:05,249 3735175 DEBUG    [tempest.lib.common.rest_client] Request - Headers: {'Content-Type': 'application/json', 'Accept': 'application/json', 'X-Auth-Token': '<omitted>'}
        Body: None
    Response - Headers: {'date': 'Fri, 25 Sep 2026 09:54:05 GMT', 'server': 'Apache/2.4.58 (Ubuntu)', 'content-type': 'application/json', 'x-compute-request-id': 'req-ee07a5e1-c99e-46f0-94c8-b8ca0ccbdf5b', 'content-length': '849', 'openstack-api-version': 'volume 3.0', 'vary': 'OpenStack-API-Version', 'x-openstack-request-id': 'req-ee07a5e1-c99e-46f0-94c8-b8ca0ccbdf5b', 'connection': 'close', 'status': '200', 'content-location': 'http://10.132.239.110/volume/v3/volumes/562cebe3-533a-45e6-922b-3d404b863af1'}
        Body: b'{"volume": {"id": "562cebe3-533a-45e6-922b-3d404b863af1", "status": "deleting", "size": 1, "availability_zone": "nova", "created_at": "2026-09-25T09:53:22.000000", "updated_at": "2026-09-25T09:53:26.000000", "name": "tempest-VolumesDeleteCascade-Volume-1396893735", "description": null, "volume_type": "arcusfc1", "snapshot_id": null, "source_volid": null, "metadata": {}, "links": [{"rel": "self", "href": "http://10.132.239.110/volume/v3/volumes/562cebe3-533a-45e6-922b-3d404b863af1"}, {"rel": "bookmark", "href": "http://10.132.239.110/volume/volumes/562cebe3-533a-45e6-922b-3d404b863af1"}], "user_id": "16783d7c80c64e54afe935a0d27fa174", "bootable": "false", "encrypted": false, "replication_status": null, "consistencygroup_id": null, "multiattach": false, "attachments": [], "os-vol-tenant-attr:tenant_id": "234aae29f86546a2963cb3339c28a9c1"}}'
2026-09-25 09:
    54:06,322 3735175 INFO     [tempest.lib.common.rest_client] Request (VolumesDeleteCascade:test_volume_from_snapshot_cascade_delete): 200 GET http://10.132.239.110/volume/v3/volumes/562cebe3-533a-45e6-922b-3d404b863af1 0.057s
2026-09-25 09:54:06,322 3735175 DEBUG    [tempest.lib.common.rest_client] Request - Headers: {'Content-Type': 'application/json', 'Accept': 'application/json', 'X-Auth-Token': '<omitted>'}
        Body: None
    Response - Headers: {'date': 'Fri, 25 Sep 2026 09:54:06 GMT', 'server': 'Apache/2.4.58 (Ubuntu)', 'content-type': 'application/json', 'x-compute-request-id': 'req-b07d8bd4-ea80-4ec9-b879-1d382c260d4b', 'content-length': '849', 'openstack-api-version': 'volume 3.0', 'vary': 'OpenStack-API-Version', 'x-openstack-request-id': 'req-b07d8bd4-ea80-4ec9-b879-1d382c260d4b', 'connection': 'close', 'status': '200', 'content-location': 'http://10.132.239.110/volume/v3/volumes/562cebe3-533a-45e6-922b-3d404b863af1'}
        Body: b'{"volume": {"id": "562cebe3-533a-45e6-922b-3d404b863af1", "status": "deleting", "size": 1, "availability_zone": "nova", "created_at": "2026-09-25T09:53:22.000000", "updated_at": "2026-09-25T09:53:26.000000", "name": "tempest-VolumesDeleteCascade-Volume-1396893735", "description": null, "volume_type": "arcusfc1", "snapshot_id": null, "source_volid": null, "metadata": {}, "links": [{"rel": "self", "href": "http://10.132.239.110/volume/v3/volumes/562cebe3-533a-45e6-922b-3d404b863af1"}, {"rel": "bookmark", "href": "http://10.132.239.110/volume/volumes/562cebe3-533a-45e6-922b-3d404b863af1"}], "user_id": "16783d7c80c64e54afe935a0d27fa174", "bootable": "false", "encrypted": false, "replication_status": null, "consistencygroup_id": null, "multiattach": false, "attachments": [], "os-vol-tenant-attr:tenant_id": "234aae29f86546a2963cb3339c28a9c1"}}'
2026-09-25 09:54:07,390 3735175 INFO     [tempest.lib.common.rest_client] Request (VolumesDeleteCascade:test_volume_from_snapshot_cascade_delete): 200 GET http://10.132.239.110/volume/v3/volumes/562cebe3-533a-45e6-922b-3d404b863af1 0.051s
2026-09-25 09:54:07,390 3735175 DEBUG    [tempest.lib.common.rest_client] Request - Headers: {'Content-Type': 'application/json', 'Accept': 'application/json', 'X-Auth-Token': '<omitted>'}
        Body: None
    Response - Headers: {'date': 'Fri, 25 Sep 2026 09:54:07 GMT', 'server': 'Apache/2.4.58 (Ubuntu)', 'content-type': 'application/json', 'x-compute-request-id': 'req-1be76275-ae4a-4bbd-b46b-06fe78f254f7', 'content-length': '849', 'openstack-api-version': 'volume 3.0', 'vary': 'OpenStack-API-Version', 'x-openstack-request-id': 'req-1be76275-ae4a-4bbd-b46b-06fe78f254f7', 'connection': 'close', 'status': '200', 'content-location': 'http://10.132.239.110/volume/v3/volumes/562cebe3-533a-45e6-922b-3d404b863af1'}
        Body: b'{"volume": {"id": "562cebe3-533a-45e6-922b-3d404b863af1", "status": "deleting", "size": 1, "availability_zone": "nova", "created_at": "2026-09-25T09:53:22.000000", "updated_at": "2026-09-25T09:53:26.000000", "name": "tempest-VolumesDeleteCascade-Volume-1396893735", "description": null, "volume_type": "arcusfc1", "snapshot_id": null, "source_volid": null, "metadata": {}, "links": [{"rel": "self", "href": "http://10.132.239.110/volume/v3/volumes/562cebe3-533a-45e6-922b-3d404b863af1"}, {"rel": "bookmark", "href": "http://10.132.239.110/volume/volumes/562cebe3-533a-45e6-922b-3d404b863af1"}], "user_id": "16783d7c80c64e54afe935a0d27fa174", "bootable": "false", "encrypted": false, "replication_status": null, "consistencygroup_id": null, "multiattach": false, "attachments": [], "os-vol-tenant-attr:tenant_id": "234aae29f86546a2963cb3339c28a9c1"}}'
2026-09-25 09:54:08,463 3735175 INFO     [tempest.lib.common.rest_client] Request (VolumesDeleteCascade:test_volume_from_snapshot_cascade_delete): 200 GET http://10.132.239.110/volume/v3/volumes/562cebe3-533a-45e6-922b-3d404b863af1 0.055s
2026-09-25 09:54:08,464 3735175 DEBUG    [tempest.lib.common.rest_client] Request - Headers: {'Content-Type': 'application/json', 'Accept': 'application/json', 'X-Auth-Token': '<omitted>'}
        Body: None
    Respo
    nse - Headers: {'date': 'Fri, 25 Sep 2026 09:54:08 GMT', 'server': 'Apache/2.4.58 (Ubuntu)', 'content-type': 'application/json', 'x-compute-request-id': 'req-f42964ff-3b4a-4142-bb67-250c277c4a24', 'content-length': '849', 'openstack-api-version': 'volume 3.0', 'vary': 'OpenStack-API-Version', 'x-openstack-request-id': 'req-f42964ff-3b4a-4142-bb67-250c277c4a24', 'connection': 'close', 'status': '200', 'content-location': 'http://10.132.239.110/volume/v3/volumes/562cebe3-533a-45e6-922b-3d404b863af1'}
        Body: b'{"volume": {"id": "562cebe3-533a-45e6-922b-3d404b863af1", "status": "deleting", "size": 1, "availability_zone": "nova", "created_at": "2026-09-25T09:53:22.000000", "updated_at": "2026-09-25T09:53:26.000000", "name": "tempest-VolumesDeleteCascade-Volume-1396893735", "description": null, "volume_type": "arcusfc1", "snapshot_id": null, "source_volid": null, "metadata": {}, "links": [{"rel": "self", "href": "http://10.132.239.110/volume/v3/volumes/562cebe3-533a-45e6-922b-3d404b863af1"}, {"rel": "bookmark", "href": "http://10.132.239.110/volume/volumes/562cebe3-533a-45e6-922b-3d404b863af1"}], "user_id": "16783d7c80c64e54afe935a0d27fa174", "bootable": "false", "encrypted": false, "replication_status": null, "consistencygroup_id": null, "multiattach": false, "attachments": [], "os-vol-tenant-attr:tenant_id": "234aae29f86546a2963cb3339c28a9c1"}}'
2026-09-25 09:54:09,537 3735175 INFO     [tempest.lib.common.rest_client] Request (VolumesDeleteCascade:test_volume_from_snapshot_cascade_delete): 200 GET http://10.132.239.110/volume/v3/volumes/562cebe3-533a-45e6-922b-3d404b863af1 0.056s
2026-09-25 09:54:09,538 3735175 DEBUG    [tempest.lib.common.rest_client] Request - Headers: {'Content-Type': 'application/json', 'Accept': 'application/json', 'X-Auth-Token': '<omitted>'}
        Body: None
    Response - Headers: {'date': 'Fri, 25 Sep 2026 09:54:09 GMT', 'server': 'Apache/2.4.58 (Ubuntu)', 'content-type': 'application/json', 'x-compute-request-id': 'req-604516d1-9bdc-41a8-94e1-cfc019ebe576', 'content-length': '849', 'openstack-api-version': 'volume 3.0', 'vary': 'OpenStack-API-Version', 'x-openstack-request-id': 'req-604516d1-9bdc-41a8-94e1-cfc019ebe576', 'connection': 'close', 'status': '200', 'content-location': 'http://10.132.239.110/volume/v3/volumes/562cebe3-533a-45e6-922b-3d404b863af1'}
        Body: b'{"volume": {"id": "562cebe3-533a-45e6-922b-3d404b863af1", "status": "deleting", "size": 1, "availability_zone": "nova", "created_at": "2026-09-25T09:53:22.000000", "updated_at": "2026-09-25T09:53:26.000000", "name": "tempest-VolumesDeleteCascade-Volume-1396893735", "description": null, "volume_type": "arcusfc1", "snapshot_id": null, "source_volid": null, "metadata": {}, "links": [{"rel": "self", "href": "http://10.132.239.110/volume/v3/volumes/562cebe3-533a-45e6-922b-3d404b863af1"}, {"rel": "bookmark", "href": "http://10.132.239.110/volume/volumes/562cebe3-533a-45e6-922b-3d404b863af1"}], "user_id": "16783d7c80c64e54afe935a0d27fa174", "bootable": "false", "encrypted": false, "replication_status": null, "consistencygroup_id": null, "multiattach": false, "attachments": [], "os-vol-tenant-attr:tenant_id": "234aae29f86546a2963cb3339c28a9c1"}}'
2026-09-25 09:54:10,608 3735175 INFO     [tempest.lib.common.rest_client] Request (VolumesDeleteCascade:test_volume_from_snapshot_cascade_delete): 200 GET http://10.132.239.110/volume/v3/volumes/562cebe3-533a-45e6-922b-3d404b863af1 0.054s
2026-09-25 09:54:10,608 3735175 DEBUG    [tempest.lib.common.rest_client] Request - Headers: {'Content-Type': 'application/json', 'Accept': 'application/json', 'X-Auth-Token': '<omitted>'}
        Body: None
    Response - Headers: {'date': 'Fri, 25 Sep 2026 09:54:10 GMT', 'server': 'Apache/2.4.58 (Ubuntu)', 'content-type': 'application/json', 'x-compute-request-id': 'req-edf4455c-5a5d-41b2-b3fd-c9ac5cdfd62d', 'content-length': '849', 'openstack-api-version': 'volume 3.0', 'vary': 'OpenStack-API-Version', 'x-openstack-request-id': 'req-edf4455c-5a5d-41b2-b3fd-c9ac5cdfd62d', 'connection': 'close', 'status': '200', 'content-location': 'http://10.132.239
    .110/volume/v3/volumes/562cebe3-533a-45e6-922b-3d404b863af1'}
        Body: b'{"volume": {"id": "562cebe3-533a-45e6-922b-3d404b863af1", "status": "deleting", "size": 1, "availability_zone": "nova", "created_at": "2026-09-25T09:53:22.000000", "updated_at": "2026-09-25T09:53:26.000000", "name": "tempest-VolumesDeleteCascade-Volume-1396893735", "description": null, "volume_type": "arcusfc1", "snapshot_id": null, "source_volid": null, "metadata": {}, "links": [{"rel": "self", "href": "http://10.132.239.110/volume/v3/volumes/562cebe3-533a-45e6-922b-3d404b863af1"}, {"rel": "bookmark", "href": "http://10.132.239.110/volume/volumes/562cebe3-533a-45e6-922b-3d404b863af1"}], "user_id": "16783d7c80c64e54afe935a0d27fa174", "bootable": "false", "encrypted": false, "replication_status": null, "consistencygroup_id": null, "multiattach": false, "attachments": [], "os-vol-tenant-attr:tenant_id": "234aae29f86546a2963cb3339c28a9c1"}}'
2026-09-25 09:54:11,676 3735175 INFO     [tempest.lib.common.rest_client] Request (VolumesDeleteCascade:test_volume_from_snapshot_cascade_delete): 200 GET http://10.132.239.110/volume/v3/volumes/562cebe3-533a-45e6-922b-3d404b863af1 0.051s
2026-09-25 09:54:11,676 3735175 DEBUG    [tempest.lib.common.rest_client] Request - Headers: {'Content-Type': 'application/json', 'Accept': 'application/json', 'X-Auth-Token': '<omitted>'}
        Body: None
    Response - Headers: {'date': 'Fri, 25 Sep 2026 09:54:11 GMT', 'server': 'Apache/2.4.58 (Ubuntu)', 'content-type': 'application/json', 'x-compute-request-id': 'req-970e6166-38b1-44e4-a31b-7d27fcb1f98d', 'content-length': '849', 'openstack-api-version': 'volume 3.0', 'vary': 'OpenStack-API-Version', 'x-openstack-request-id': 'req-970e6166-38b1-44e4-a31b-7d27fcb1f98d', 'connection': 'close', 'status': '200', 'content-location': 'http://10.132.239.110/volume/v3/volumes/562cebe3-533a-45e6-922b-3d404b863af1'}
        Body: b'{"volume": {"id": "562cebe3-533a-45e6-922b-3d404b863af1", "status": "deleting", "size": 1, "availability_zone": "nova", "created_at": "2026-09-25T09:53:22.000000", "updated_at": "2026-09-25T09:53:26.000000", "name": "tempest-VolumesDeleteCascade-Volume-1396893735", "description": null, "volume_type": "arcusfc1", "snapshot_id": null, "source_volid": null, "metadata": {}, "links": [{"rel": "self", "href": "http://10.132.239.110/volume/v3/volumes/562cebe3-533a-45e6-922b-3d404b863af1"}, {"rel": "bookmark", "href": "http://10.132.239.110/volume/volumes/562cebe3-533a-45e6-922b-3d404b863af1"}], "user_id": "16783d7c80c64e54afe935a0d27fa174", "bootable": "false", "encrypted": false, "replication_status": null, "consistencygroup_id": null, "multiattach": false, "attachments": [], "os-vol-tenant-attr:tenant_id": "234aae29f86546a2963cb3339c28a9c1"}}'
2026-09-25 09:54:12,747 3735175 INFO     [tempest.lib.common.rest_client] Request (VolumesDeleteCascade:test_volume_from_snapshot_cascade_delete): 200 GET http://10.132.239.110/volume/v3/volumes/562cebe3-533a-45e6-922b-3d404b863af1 0.053s
2026-09-25 09:54:12,747 3735175 DEBUG    [tempest.lib.common.rest_client] Request - Headers: {'Content-Type': 'application/json', 'Accept': 'application/json', 'X-Auth-Token': '<omitted>'}
        Body: None
    Response - Headers: {'date': 'Fri, 25 Sep 2026 09:54:12 GMT', 'server': 'Apache/2.4.58 (Ubuntu)', 'content-type': 'application/json', 'x-compute-request-id': 'req-59109509-5055-4dea-803e-3e0beacc309c', 'content-length': '849', 'openstack-api-version': 'volume 3.0', 'vary': 'OpenStack-API-Version', 'x-openstack-request-id': 'req-59109509-5055-4dea-803e-3e0beacc309c', 'connection': 'close', 'status': '200', 'content-location': 'http://10.132.239.110/volume/v3/volumes/562cebe3-533a-45e6-922b-3d404b863af1'}
        Body: b'{"volume": {"id": "562cebe3-533a-45e6-922b-3d404b863af1", "status": "deleting", "size": 1, "availability_zone": "nova", "created_at": "2026-09-25T09:53:22.000000", "updated_at": "2026-09-25T09:53:26.000000", "name": "tempest-VolumesDeleteCascade-Volume-1396893735", "description": null, "volume_type": "arcusfc1", "snapshot_id": null, "source_volid": null, "metada
    ta": {}, "links": [{"rel": "self", "href": "http://10.132.239.110/volume/v3/volumes/562cebe3-533a-45e6-922b-3d404b863af1"}, {"rel": "bookmark", "href": "http://10.132.239.110/volume/volumes/562cebe3-533a-45e6-922b-3d404b863af1"}], "user_id": "16783d7c80c64e54afe935a0d27fa174", "bootable": "false", "encrypted": false, "replication_status": null, "consistencygroup_id": null, "multiattach": false, "attachments": [], "os-vol-tenant-attr:tenant_id": "234aae29f86546a2963cb3339c28a9c1"}}'
2026-09-25 09:54:13,823 3735175 INFO     [tempest.lib.common.rest_client] Request (VolumesDeleteCascade:test_volume_from_snapshot_cascade_delete): 200 GET http://10.132.239.110/volume/v3/volumes/562cebe3-533a-45e6-922b-3d404b863af1 0.060s
2026-09-25 09:54:13,823 3735175 DEBUG    [tempest.lib.common.rest_client] Request - Headers: {'Content-Type': 'application/json', 'Accept': 'application/json', 'X-Auth-Token': '<omitted>'}
        Body: None
    Response - Headers: {'date': 'Fri, 25 Sep 2026 09:54:13 GMT', 'server': 'Apache/2.4.58 (Ubuntu)', 'content-type': 'application/json', 'x-compute-request-id': 'req-c9235faa-ddce-46d7-a0bb-d6d7e2f2b416', 'content-length': '849', 'openstack-api-version': 'volume 3.0', 'vary': 'OpenStack-API-Version', 'x-openstack-request-id': 'req-c9235faa-ddce-46d7-a0bb-d6d7e2f2b416', 'connection': 'close', 'status': '200', 'content-location': 'http://10.132.239.110/volume/v3/volumes/562cebe3-533a-45e6-922b-3d404b863af1'}
        Body: b'{"volume": {"id": "562cebe3-533a-45e6-922b-3d404b863af1", "status": "deleting", "size": 1, "availability_zone": "nova", "created_at": "2026-09-25T09:53:22.000000", "updated_at": "2026-09-25T09:53:26.000000", "name": "tempest-VolumesDeleteCascade-Volume-1396893735", "description": null, "volume_type": "arcusfc1", "snapshot_id": null, "source_volid": null, "metadata": {}, "links": [{"rel": "self", "href": "http://10.132.239.110/volume/v3/volumes/562cebe3-533a-45e6-922b-3d404b863af1"}, {"rel": "bookmark", "href": "http://10.132.239.110/volume/volumes/562cebe3-533a-45e6-922b-3d404b863af1"}], "user_id": "16783d7c80c64e54afe935a0d27fa174", "bootable": "false", "encrypted": false, "replication_status": null, "consistencygroup_id": null, "multiattach": false, "attachments": [], "os-vol-tenant-attr:tenant_id": "234aae29f86546a2963cb3339c28a9c1"}}'
2026-09-25 09:54:14,893 3735175 INFO     [tempest.lib.common.rest_client] Request (VolumesDeleteCascade:test_volume_from_snapshot_cascade_delete): 200 GET http://10.132.239.110/volume/v3/volumes/562cebe3-533a-45e6-922b-3d404b863af1 0.054s
2026-09-25 09:54:14,894 3735175 DEBUG    [tempest.lib.common.rest_client] Request - Headers: {'Content-Type': 'application/json', 'Accept': 'application/json', 'X-Auth-Token': '<omitted>'}
        Body: None
    Response - Headers: {'date': 'Fri, 25 Sep 2026 09:54:14 GMT', 'server': 'Apache/2.4.58 (Ubuntu)', 'content-type': 'application/json', 'x-compute-request-id': 'req-676bde15-febd-4133-aaef-9ade7e9b5a1a', 'content-length': '849', 'openstack-api-version': 'volume 3.0', 'vary': 'OpenStack-API-Version', 'x-openstack-request-id': 'req-676bde15-febd-4133-aaef-9ade7e9b5a1a', 'connection': 'close', 'status': '200', 'content-location': 'http://10.132.239.110/volume/v3/volumes/562cebe3-533a-45e6-922b-3d404b863af1'}
        Body: b'{"volume": {"id": "562cebe3-533a-45e6-922b-3d404b863af1", "status": "deleting", "size": 1, "availability_zone": "nova", "created_at": "2026-09-25T09:53:22.000000", "updated_at": "2026-09-25T09:53:26.000000", "name": "tempest-VolumesDeleteCascade-Volume-1396893735", "description": null, "volume_type": "arcusfc1", "snapshot_id": null, "source_volid": null, "metadata": {}, "links": [{"rel": "self", "href": "http://10.132.239.110/volume/v3/volumes/562cebe3-533a-45e6-922b-3d404b863af1"}, {"rel": "bookmark", "href": "http://10.132.239.110/volume/volumes/562cebe3-533a-45e6-922b-3d404b863af1"}], "user_id": "16783d7c80c64e54afe935a0d27fa174", "bootable": "false", "encrypted": false, "replication_status": null, "consistencygroup_id": null, "multiattach": false, "attachments": [], "os-vol-tenant-attr:tenan
    t_id": "234aae29f86546a2963cb3339c28a9c1"}}'
2026-09-25 09:54:15,961 3735175 INFO     [tempest.lib.common.rest_client] Request (VolumesDeleteCascade:test_volume_from_snapshot_cascade_delete): 200 GET http://10.132.239.110/volume/v3/volumes/562cebe3-533a-45e6-922b-3d404b863af1 0.051s
2026-09-25 09:54:15,961 3735175 DEBUG    [tempest.lib.common.rest_client] Request - Headers: {'Content-Type': 'application/json', 'Accept': 'application/json', 'X-Auth-Token': '<omitted>'}
        Body: None
    Response - Headers: {'date': 'Fri, 25 Sep 2026 09:54:15 GMT', 'server': 'Apache/2.4.58 (Ubuntu)', 'content-type': 'application/json', 'x-compute-request-id': 'req-f43e8977-8cf0-4401-886f-de76f50ef5eb', 'content-length': '849', 'openstack-api-version': 'volume 3.0', 'vary': 'OpenStack-API-Version', 'x-openstack-request-id': 'req-f43e8977-8cf0-4401-886f-de76f50ef5eb', 'connection': 'close', 'status': '200', 'content-location': 'http://10.132.239.110/volume/v3/volumes/562cebe3-533a-45e6-922b-3d404b863af1'}
        Body: b'{"volume": {"id": "562cebe3-533a-45e6-922b-3d404b863af1", "status": "deleting", "size": 1, "availability_zone": "nova", "created_at": "2026-09-25T09:53:22.000000", "updated_at": "2026-09-25T09:53:26.000000", "name": "tempest-VolumesDeleteCascade-Volume-1396893735", "description": null, "volume_type": "arcusfc1", "snapshot_id": null, "source_volid": null, "metadata": {}, "links": [{"rel": "self", "href": "http://10.132.239.110/volume/v3/volumes/562cebe3-533a-45e6-922b-3d404b863af1"}, {"rel": "bookmark", "href": "http://10.132.239.110/volume/volumes/562cebe3-533a-45e6-922b-3d404b863af1"}], "user_id": "16783d7c80c64e54afe935a0d27fa174", "bootable": "false", "encrypted": false, "replication_status": null, "consistencygroup_id": null, "multiattach": false, "attachments": [], "os-vol-tenant-attr:tenant_id": "234aae29f86546a2963cb3339c28a9c1"}}'
2026-09-25 09:54:17,031 3735175 INFO     [tempest.lib.common.rest_client] Request (VolumesDeleteCascade:test_volume_from_snapshot_cascade_delete): 200 GET http://10.132.239.110/volume/v3/volumes/562cebe3-533a-45e6-922b-3d404b863af1 0.061s
2026-09-25 09:54:17,032 3735175 DEBUG    [tempest.lib.common.rest_client] Request - Headers: {'Content-Type': 'application/json', 'Accept': 'application/json', 'X-Auth-Token': '<omitted>'}
        Body: None
    Response - Headers: {'date': 'Fri, 25 Sep 2026 09:54:16 GMT', 'server': 'Apache/2.4.58 (Ubuntu)', 'content-type': 'application/json', 'x-compute-request-id': 'req-8ca4fed9-247c-48d0-940e-721a6de12902', 'content-length': '849', 'openstack-api-version': 'volume 3.0', 'vary': 'OpenStack-API-Version', 'x-openstack-request-id': 'req-8ca4fed9-247c-48d0-940e-721a6de12902', 'connection': 'close', 'status': '200', 'content-location': 'http://10.132.239.110/volume/v3/volumes/562cebe3-533a-45e6-922b-3d404b863af1'}
        Body: b'{"volume": {"id": "562cebe3-533a-45e6-922b-3d404b863af1", "status": "deleting", "size": 1, "availability_zone": "nova", "created_at": "2026-09-25T09:53:22.000000", "updated_at": "2026-09-25T09:53:26.000000", "name": "tempest-VolumesDeleteCascade-Volume-1396893735", "description": null, "volume_type": "arcusfc1", "snapshot_id": null, "source_volid": null, "metadata": {}, "links": [{"rel": "self", "href": "http://10.132.239.110/volume/v3/volumes/562cebe3-533a-45e6-922b-3d404b863af1"}, {"rel": "bookmark", "href": "http://10.132.239.110/volume/volumes/562cebe3-533a-45e6-922b-3d404b863af1"}], "user_id": "16783d7c80c64e54afe935a0d27fa174", "bootable": "false", "encrypted": false, "replication_status": null, "consistencygroup_id": null, "multiattach": false, "attachments": [], "os-vol-tenant-attr:tenant_id": "234aae29f86546a2963cb3339c28a9c1"}}'
2026-09-25 09:54:18,106 3735175 INFO     [tempest.lib.common.rest_client] Request (VolumesDeleteCascade:test_volume_from_snapshot_cascade_delete): 200 GET http://10.132.239.110/volume/v3/volumes/562cebe3-533a-45e6-922b-3d404b863af1 0.058s
2026-09-25 09:54:18,107 3735175 DEBUG    [tempest.lib.common.rest_client] Request - Headers: {'Content-Type': 'application/json', 'Accept': 'application/json'
    , 'X-Auth-Token': '<omitted>'}
        Body: None
    Response - Headers: {'date': 'Fri, 25 Sep 2026 09:54:18 GMT', 'server': 'Apache/2.4.58 (Ubuntu)', 'content-type': 'application/json', 'x-compute-request-id': 'req-43301e94-ea63-41eb-bd7b-014098251a41', 'content-length': '849', 'openstack-api-version': 'volume 3.0', 'vary': 'OpenStack-API-Version', 'x-openstack-request-id': 'req-43301e94-ea63-41eb-bd7b-014098251a41', 'connection': 'close', 'status': '200', 'content-location': 'http://10.132.239.110/volume/v3/volumes/562cebe3-533a-45e6-922b-3d404b863af1'}
        Body: b'{"volume": {"id": "562cebe3-533a-45e6-922b-3d404b863af1", "status": "deleting", "size": 1, "availability_zone": "nova", "created_at": "2026-09-25T09:53:22.000000", "updated_at": "2026-09-25T09:53:26.000000", "name": "tempest-VolumesDeleteCascade-Volume-1396893735", "description": null, "volume_type": "arcusfc1", "snapshot_id": null, "source_volid": null, "metadata": {}, "links": [{"rel": "self", "href": "http://10.132.239.110/volume/v3/volumes/562cebe3-533a-45e6-922b-3d404b863af1"}, {"rel": "bookmark", "href": "http://10.132.239.110/volume/volumes/562cebe3-533a-45e6-922b-3d404b863af1"}], "user_id": "16783d7c80c64e54afe935a0d27fa174", "bootable": "false", "encrypted": false, "replication_status": null, "consistencygroup_id": null, "multiattach": false, "attachments": [], "os-vol-tenant-attr:tenant_id": "234aae29f86546a2963cb3339c28a9c1"}}'
2026-09-25 09:54:19,172 3735175 INFO     [tempest.lib.common.rest_client] Request (VolumesDeleteCascade:test_volume_from_snapshot_cascade_delete): 200 GET http://10.132.239.110/volume/v3/volumes/562cebe3-533a-45e6-922b-3d404b863af1 0.048s
2026-09-25 09:54:19,173 3735175 DEBUG    [tempest.lib.common.rest_client] Request - Headers: {'Content-Type': 'application/json', 'Accept': 'application/json', 'X-Auth-Token': '<omitted>'}
        Body: None
    Response - Headers: {'date': 'Fri, 25 Sep 2026 09:54:19 GMT', 'server': 'Apache/2.4.58 (Ubuntu)', 'content-type': 'application/json', 'x-compute-request-id': 'req-07576a95-fb76-4aed-b89a-5eb20c8287a0', 'content-length': '849', 'openstack-api-version': 'volume 3.0', 'vary': 'OpenStack-API-Version', 'x-openstack-request-id': 'req-07576a95-fb76-4aed-b89a-5eb20c8287a0', 'connection': 'close', 'status': '200', 'content-location': 'http://10.132.239.110/volume/v3/volumes/562cebe3-533a-45e6-922b-3d404b863af1'}
        Body: b'{"volume": {"id": "562cebe3-533a-45e6-922b-3d404b863af1", "status": "deleting", "size": 1, "availability_zone": "nova", "created_at": "2026-09-25T09:53:22.000000", "updated_at": "2026-09-25T09:53:26.000000", "name": "tempest-VolumesDeleteCascade-Volume-1396893735", "description": null, "volume_type": "arcusfc1", "snapshot_id": null, "source_volid": null, "metadata": {}, "links": [{"rel": "self", "href": "http://10.132.239.110/volume/v3/volumes/562cebe3-533a-45e6-922b-3d404b863af1"}, {"rel": "bookmark", "href": "http://10.132.239.110/volume/volumes/562cebe3-533a-45e6-922b-3d404b863af1"}], "user_id": "16783d7c80c64e54afe935a0d27fa174", "bootable": "false", "encrypted": false, "replication_status": null, "consistencygroup_id": null, "multiattach": false, "attachments": [], "os-vol-tenant-attr:tenant_id": "234aae29f86546a2963cb3339c28a9c1"}}'
2026-09-25 09:54:20,239 3735175 INFO     [tempest.lib.common.rest_client] Request (VolumesDeleteCascade:test_volume_from_snapshot_cascade_delete): 200 GET http://10.132.239.110/volume/v3/volumes/562cebe3-533a-45e6-922b-3d404b863af1 0.050s
2026-09-25 09:54:20,240 3735175 DEBUG    [tempest.lib.common.rest_client] Request - Headers: {'Content-Type': 'application/json', 'Accept': 'application/json', 'X-Auth-Token': '<omitted>'}
        Body: None
    Response - Headers: {'date': 'Fri, 25 Sep 2026 09:54:20 GMT', 'server': 'Apache/2.4.58 (Ubuntu)', 'content-type': 'application/json', 'x-compute-request-id': 'req-a4786173-9653-49f2-9efc-30bf9b55cdea', 'content-length': '849', 'openstack-api-version': 'volume 3.0', 'vary': 'OpenStack-API-Version', 'x-openstack-request-id': 'req-a4786173-9653-49f2-9efc-30bf9b55cdea', 'connection': 'clos
    e', 'status': '200', 'content-location': 'http://10.132.239.110/volume/v3/volumes/562cebe3-533a-45e6-922b-3d404b863af1'}
        Body: b'{"volume": {"id": "562cebe3-533a-45e6-922b-3d404b863af1", "status": "deleting", "size": 1, "availability_zone": "nova", "created_at": "2026-09-25T09:53:22.000000", "updated_at": "2026-09-25T09:53:26.000000", "name": "tempest-VolumesDeleteCascade-Volume-1396893735", "description": null, "volume_type": "arcusfc1", "snapshot_id": null, "source_volid": null, "metadata": {}, "links": [{"rel": "self", "href": "http://10.132.239.110/volume/v3/volumes/562cebe3-533a-45e6-922b-3d404b863af1"}, {"rel": "bookmark", "href": "http://10.132.239.110/volume/volumes/562cebe3-533a-45e6-922b-3d404b863af1"}], "user_id": "16783d7c80c64e54afe935a0d27fa174", "bootable": "false", "encrypted": false, "replication_status": null, "consistencygroup_id": null, "multiattach": false, "attachments": [], "os-vol-tenant-attr:tenant_id": "234aae29f86546a2963cb3339c28a9c1"}}'
2026-09-25 09:54:21,320 3735175 INFO     [tempest.lib.common.rest_client] Request (VolumesDeleteCascade:test_volume_from_snapshot_cascade_delete): 200 GET http://10.132.239.110/volume/v3/volumes/562cebe3-533a-45e6-922b-3d404b863af1 0.062s
2026-09-25 09:54:21,320 3735175 DEBUG    [tempest.lib.common.rest_client] Request - Headers: {'Content-Type': 'application/json', 'Accept': 'application/json', 'X-Auth-Token': '<omitted>'}
        Body: None
    Response - Headers: {'date': 'Fri, 25 Sep 2026 09:54:21 GMT', 'server': 'Apache/2.4.58 (Ubuntu)', 'content-type': 'application/json', 'x-compute-request-id': 'req-213a0b08-ca1c-4792-88c2-e856758b0426', 'content-length': '849', 'openstack-api-version': 'volume 3.0', 'vary': 'OpenStack-API-Version', 'x-openstack-request-id': 'req-213a0b08-ca1c-4792-88c2-e856758b0426', 'connection': 'close', 'status': '200', 'content-location': 'http://10.132.239.110/volume/v3/volumes/562cebe3-533a-45e6-922b-3d404b863af1'}
        Body: b'{"volume": {"id": "562cebe3-533a-45e6-922b-3d404b863af1", "status": "deleting", "size": 1, "availability_zone": "nova", "created_at": "2026-09-25T09:53:22.000000", "updated_at": "2026-09-25T09:53:26.000000", "name": "tempest-VolumesDeleteCascade-Volume-1396893735", "description": null, "volume_type": "arcusfc1", "snapshot_id": null, "source_volid": null, "metadata": {}, "links": [{"rel": "self", "href": "http://10.132.239.110/volume/v3/volumes/562cebe3-533a-45e6-922b-3d404b863af1"}, {"rel": "bookmark", "href": "http://10.132.239.110/volume/volumes/562cebe3-533a-45e6-922b-3d404b863af1"}], "user_id": "16783d7c80c64e54afe935a0d27fa174", "bootable": "false", "encrypted": false, "replication_status": null, "consistencygroup_id": null, "multiattach": false, "attachments": [], "os-vol-tenant-attr:tenant_id": "234aae29f86546a2963cb3339c28a9c1"}}'
2026-09-25 09:54:22,411 3735175 INFO     [tempest.lib.common.rest_client] Request (VolumesDeleteCascade:test_volume_from_snapshot_cascade_delete): 200 GET http://10.132.239.110/volume/v3/volumes/562cebe3-533a-45e6-922b-3d404b863af1 0.072s
2026-09-25 09:54:22,411 3735175 DEBUG    [tempest.lib.common.rest_client] Request - Headers: {'Content-Type': 'application/json', 'Accept': 'application/json', 'X-Auth-Token': '<omitted>'}
        Body: None
    Response - Headers: {'date': 'Fri, 25 Sep 2026 09:54:22 GMT', 'server': 'Apache/2.4.58 (Ubuntu)', 'content-type': 'application/json', 'x-compute-request-id': 'req-26e80762-dc10-4fb3-aa47-03bdbef0ff14', 'content-length': '849', 'openstack-api-version': 'volume 3.0', 'vary': 'OpenStack-API-Version', 'x-openstack-request-id': 'req-26e80762-dc10-4fb3-aa47-03bdbef0ff14', 'connection': 'close', 'status': '200', 'content-location': 'http://10.132.239.110/volume/v3/volumes/562cebe3-533a-45e6-922b-3d404b863af1'}
        Body: b'{"volume": {"id": "562cebe3-533a-45e6-922b-3d404b863af1", "status": "deleting", "size": 1, "availability_zone": "nova", "created_at": "2026-09-25T09:53:22.000000", "updated_at": "2026-09-25T09:53:26.000000", "name": "tempest-VolumesDeleteCascade-Volume-1396893735", "description": null, "volume_type": "ar
    cusfc1", "snapshot_id": null, "source_volid": null, "metadata": {}, "links": [{"rel": "self", "href": "http://10.132.239.110/volume/v3/volumes/562cebe3-533a-45e6-922b-3d404b863af1"}, {"rel": "bookmark", "href": "http://10.132.239.110/volume/volumes/562cebe3-533a-45e6-922b-3d404b863af1"}], "user_id": "16783d7c80c64e54afe935a0d27fa174", "bootable": "false", "encrypted": false, "replication_status": null, "consistencygroup_id": null, "multiattach": false, "attachments": [], "os-vol-tenant-attr:tenant_id": "234aae29f86546a2963cb3339c28a9c1"}}'
2026-09-25 09:54:23,485 3735175 INFO     [tempest.lib.common.rest_client] Request (VolumesDeleteCascade:test_volume_from_snapshot_cascade_delete): 200 GET http://10.132.239.110/volume/v3/volumes/562cebe3-533a-45e6-922b-3d404b863af1 0.056s
2026-09-25 09:54:23,486 3735175 DEBUG    [tempest.lib.common.rest_client] Request - Headers: {'Content-Type': 'application/json', 'Accept': 'application/json', 'X-Auth-Token': '<omitted>'}
        Body: None
    Response - Headers: {'date': 'Fri, 25 Sep 2026 09:54:23 GMT', 'server': 'Apache/2.4.58 (Ubuntu)', 'content-type': 'application/json', 'x-compute-request-id': 'req-497ec6d0-a0fe-4c17-ba86-b7ef36b71343', 'content-length': '849', 'openstack-api-version': 'volume 3.0', 'vary': 'OpenStack-API-Version', 'x-openstack-request-id': 'req-497ec6d0-a0fe-4c17-ba86-b7ef36b71343', 'connection': 'close', 'status': '200', 'content-location': 'http://10.132.239.110/volume/v3/volumes/562cebe3-533a-45e6-922b-3d404b863af1'}
        Body: b'{"volume": {"id": "562cebe3-533a-45e6-922b-3d404b863af1", "status": "deleting", "size": 1, "availability_zone": "nova", "created_at": "2026-09-25T09:53:22.000000", "updated_at": "2026-09-25T09:53:26.000000", "name": "tempest-VolumesDeleteCascade-Volume-1396893735", "description": null, "volume_type": "arcusfc1", "snapshot_id": null, "source_volid": null, "metadata": {}, "links": [{"rel": "self", "href": "http://10.132.239.110/volume/v3/volumes/562cebe3-533a-45e6-922b-3d404b863af1"}, {"rel": "bookmark", "href": "http://10.132.239.110/volume/volumes/562cebe3-533a-45e6-922b-3d404b863af1"}], "user_id": "16783d7c80c64e54afe935a0d27fa174", "bootable": "false", "encrypted": false, "replication_status": null, "consistencygroup_id": null, "multiattach": false, "attachments": [], "os-vol-tenant-attr:tenant_id": "234aae29f86546a2963cb3339c28a9c1"}}'
2026-09-25 09:54:24,558 3735175 INFO     [tempest.lib.common.rest_client] Request (VolumesDeleteCascade:test_volume_from_snapshot_cascade_delete): 200 GET http://10.132.239.110/volume/v3/volumes/562cebe3-533a-45e6-922b-3d404b863af1 0.055s
2026-09-25 09:54:24,558 3735175 DEBUG    [tempest.lib.common.rest_client] Request - Headers: {'Content-Type': 'application/json', 'Accept': 'application/json', 'X-Auth-Token': '<omitted>'}
        Body: None
    Response - Headers: {'date': 'Fri, 25 Sep 2026 09:54:24 GMT', 'server': 'Apache/2.4.58 (Ubuntu)', 'content-type': 'application/json', 'x-compute-request-id': 'req-91823756-3646-46f4-bcfc-7dd2156fad83', 'content-length': '849', 'openstack-api-version': 'volume 3.0', 'vary': 'OpenStack-API-Version', 'x-openstack-request-id': 'req-91823756-3646-46f4-bcfc-7dd2156fad83', 'connection': 'close', 'status': '200', 'content-location': 'http://10.132.239.110/volume/v3/volumes/562cebe3-533a-45e6-922b-3d404b863af1'}
        Body: b'{"volume": {"id": "562cebe3-533a-45e6-922b-3d404b863af1", "status": "deleting", "size": 1, "availability_zone": "nova", "created_at": "2026-09-25T09:53:22.000000", "updated_at": "2026-09-25T09:53:26.000000", "name": "tempest-VolumesDeleteCascade-Volume-1396893735", "description": null, "volume_type": "arcusfc1", "snapshot_id": null, "source_volid": null, "metadata": {}, "links": [{"rel": "self", "href": "http://10.132.239.110/volume/v3/volumes/562cebe3-533a-45e6-922b-3d404b863af1"}, {"rel": "bookmark", "href": "http://10.132.239.110/volume/volumes/562cebe3-533a-45e6-922b-3d404b863af1"}], "user_id": "16783d7c80c64e54afe935a0d27fa174", "bootable": "false", "encrypted": false, "replication_status": null, "consistencygroup_id": null, "multia
    ttach": false, "attachments": [], "os-vol-tenant-attr:tenant_id": "234aae29f86546a2963cb3339c28a9c1"}}'
2026-09-25 09:54:25,629 3735175 INFO     [tempest.lib.common.rest_client] Request (VolumesDeleteCascade:test_volume_from_snapshot_cascade_delete): 200 GET http://10.132.239.110/volume/v3/volumes/562cebe3-533a-45e6-922b-3d404b863af1 0.053s
2026-09-25 09:54:25,629 3735175 DEBUG    [tempest.lib.common.rest_client] Request - Headers: {'Content-Type': 'application/json', 'Accept': 'application/json', 'X-Auth-Token': '<omitted>'}
        Body: None
    Response - Headers: {'date': 'Fri, 25 Sep 2026 09:54:25 GMT', 'server': 'Apache/2.4.58 (Ubuntu)', 'content-type': 'application/json', 'x-compute-request-id': 'req-a9c034a7-69dc-4906-9b05-82c148239493', 'content-length': '849', 'openstack-api-version': 'volume 3.0', 'vary': 'OpenStack-API-Version', 'x-openstack-request-id': 'req-a9c034a7-69dc-4906-9b05-82c148239493', 'connection': 'close', 'status': '200', 'content-location': 'http://10.132.239.110/volume/v3/volumes/562cebe3-533a-45e6-922b-3d404b863af1'}
        Body: b'{"volume": {"id": "562cebe3-533a-45e6-922b-3d404b863af1", "status": "deleting", "size": 1, "availability_zone": "nova", "created_at": "2026-09-25T09:53:22.000000", "updated_at": "2026-09-25T09:53:26.000000", "name": "tempest-VolumesDeleteCascade-Volume-1396893735", "description": null, "volume_type": "arcusfc1", "snapshot_id": null, "source_volid": null, "metadata": {}, "links": [{"rel": "self", "href": "http://10.132.239.110/volume/v3/volumes/562cebe3-533a-45e6-922b-3d404b863af1"}, {"rel": "bookmark", "href": "http://10.132.239.110/volume/volumes/562cebe3-533a-45e6-922b-3d404b863af1"}], "user_id": "16783d7c80c64e54afe935a0d27fa174", "bootable": "false", "encrypted": false, "replication_status": null, "consistencygroup_id": null, "multiattach": false, "attachments": [], "os-vol-tenant-attr:tenant_id": "234aae29f86546a2963cb3339c28a9c1"}}'
2026-09-25 09:54:26,694 3735175 INFO     [tempest.lib.common.rest_client] Request (VolumesDeleteCascade:test_volume_from_snapshot_cascade_delete): 200 GET http://10.132.239.110/volume/v3/volumes/562cebe3-533a-45e6-922b-3d404b863af1 0.046s
2026-09-25 09:54:26,694 3735175 DEBUG    [tempest.lib.common.rest_client] Request - Headers: {'Content-Type': 'application/json', 'Accept': 'application/json', 'X-Auth-Token': '<omitted>'}
        Body: None
    Response - Headers: {'date': 'Fri, 25 Sep 2026 09:54:26 GMT', 'server': 'Apache/2.4.58 (Ubuntu)', 'content-type': 'application/json', 'x-compute-request-id': 'req-a0db4a5b-d0b8-4d92-8797-616ee720c57d', 'content-length': '849', 'openstack-api-version': 'volume 3.0', 'vary': 'OpenStack-API-Version', 'x-openstack-request-id': 'req-a0db4a5b-d0b8-4d92-8797-616ee720c57d', 'connection': 'close', 'status': '200', 'content-location': 'http://10.132.239.110/volume/v3/volumes/562cebe3-533a-45e6-922b-3d404b863af1'}
        Body: b'{"volume": {"id": "562cebe3-533a-45e6-922b-3d404b863af1", "status": "deleting", "size": 1, "availability_zone": "nova", "created_at": "2026-09-25T09:53:22.000000", "updated_at": "2026-09-25T09:53:26.000000", "name": "tempest-VolumesDeleteCascade-Volume-1396893735", "description": null, "volume_type": "arcusfc1", "snapshot_id": null, "source_volid": null, "metadata": {}, "links": [{"rel": "self", "href": "http://10.132.239.110/volume/v3/volumes/562cebe3-533a-45e6-922b-3d404b863af1"}, {"rel": "bookmark", "href": "http://10.132.239.110/volume/volumes/562cebe3-533a-45e6-922b-3d404b863af1"}], "user_id": "16783d7c80c64e54afe935a0d27fa174", "bootable": "false", "encrypted": false, "replication_status": null, "consistencygroup_id": null, "multiattach": false, "attachments": [], "os-vol-tenant-attr:tenant_id": "234aae29f86546a2963cb3339c28a9c1"}}'
2026-09-25 09:54:27,768 3735175 INFO     [tempest.lib.common.rest_client] Request (VolumesDeleteCascade:test_volume_from_snapshot_cascade_delete): 200 GET http://10.132.239.110/volume/v3/volumes/562cebe3-533a-45e6-922b-3d404b863af1 0.057s
2026-09-25 09:54:27,768 3735175 DEBUG    [tempest.lib.common.rest_client] Request - Headers: {'Cont
    ent-Type': 'application/json', 'Accept': 'application/json', 'X-Auth-Token': '<omitted>'}
        Body: None
    Response - Headers: {'date': 'Fri, 25 Sep 2026 09:54:27 GMT', 'server': 'Apache/2.4.58 (Ubuntu)', 'content-type': 'application/json', 'x-compute-request-id': 'req-647514cc-06ef-4a53-9456-0d7f1cf4f050', 'content-length': '849', 'openstack-api-version': 'volume 3.0', 'vary': 'OpenStack-API-Version', 'x-openstack-request-id': 'req-647514cc-06ef-4a53-9456-0d7f1cf4f050', 'connection': 'close', 'status': '200', 'content-location': 'http://10.132.239.110/volume/v3/volumes/562cebe3-533a-45e6-922b-3d404b863af1'}
        Body: b'{"volume": {"id": "562cebe3-533a-45e6-922b-3d404b863af1", "status": "deleting", "size": 1, "availability_zone": "nova", "created_at": "2026-09-25T09:53:22.000000", "updated_at": "2026-09-25T09:53:26.000000", "name": "tempest-VolumesDeleteCascade-Volume-1396893735", "description": null, "volume_type": "arcusfc1", "snapshot_id": null, "source_volid": null, "metadata": {}, "links": [{"rel": "self", "href": "http://10.132.239.110/volume/v3/volumes/562cebe3-533a-45e6-922b-3d404b863af1"}, {"rel": "bookmark", "href": "http://10.132.239.110/volume/volumes/562cebe3-533a-45e6-922b-3d404b863af1"}], "user_id": "16783d7c80c64e54afe935a0d27fa174", "bootable": "false", "encrypted": false, "replication_status": null, "consistencygroup_id": null, "multiattach": false, "attachments": [], "os-vol-tenant-attr:tenant_id": "234aae29f86546a2963cb3339c28a9c1"}}'
2026-09-25 09:54:28,837 3735175 INFO     [tempest.lib.common.rest_client] Request (VolumesDeleteCascade:test_volume_from_snapshot_cascade_delete): 200 GET http://10.132.239.110/volume/v3/volumes/562cebe3-533a-45e6-922b-3d404b863af1 0.051s
2026-09-25 09:54:28,838 3735175 DEBUG    [tempest.lib.common.rest_client] Request - Headers: {'Content-Type': 'application/json', 'Accept': 'application/json', 'X-Auth-Token': '<omitted>'}
        Body: None
    Response - Headers: {'date': 'Fri, 25 Sep 2026 09:54:28 GMT', 'server': 'Apache/2.4.58 (Ubuntu)', 'content-type': 'application/json', 'x-compute-request-id': 'req-05f9af9b-a116-4683-a82e-49c84f544bd8', 'content-length': '849', 'openstack-api-version': 'volume 3.0', 'vary': 'OpenStack-API-Version', 'x-openstack-request-id': 'req-05f9af9b-a116-4683-a82e-49c84f544bd8', 'connection': 'close', 'status': '200', 'content-location': 'http://10.132.239.110/volume/v3/volumes/562cebe3-533a-45e6-922b-3d404b863af1'}
        Body: b'{"volume": {"id": "562cebe3-533a-45e6-922b-3d404b863af1", "status": "deleting", "size": 1, "availability_zone": "nova", "created_at": "2026-09-25T09:53:22.000000", "updated_at": "2026-09-25T09:53:26.000000", "name": "tempest-VolumesDeleteCascade-Volume-1396893735", "description": null, "volume_type": "arcusfc1", "snapshot_id": null, "source_volid": null, "metadata": {}, "links": [{"rel": "self", "href": "http://10.132.239.110/volume/v3/volumes/562cebe3-533a-45e6-922b-3d404b863af1"}, {"rel": "bookmark", "href": "http://10.132.239.110/volume/volumes/562cebe3-533a-45e6-922b-3d404b863af1"}], "user_id": "16783d7c80c64e54afe935a0d27fa174", "bootable": "false", "encrypted": false, "replication_status": null, "consistencygroup_id": null, "multiattach": false, "attachments": [], "os-vol-tenant-attr:tenant_id": "234aae29f86546a2963cb3339c28a9c1"}}'
2026-09-25 09:54:29,925 3735175 INFO     [tempest.lib.common.rest_client] Request (VolumesDeleteCascade:test_volume_from_snapshot_cascade_delete): 200 GET http://10.132.239.110/volume/v3/volumes/562cebe3-533a-45e6-922b-3d404b863af1 0.071s
2026-09-25 09:54:29,926 3735175 DEBUG    [tempest.lib.common.rest_client] Request - Headers: {'Content-Type': 'application/json', 'Accept': 'application/json', 'X-Auth-Token': '<omitted>'}
        Body: None
    Response - Headers: {'date': 'Fri, 25 Sep 2026 09:54:29 GMT', 'server': 'Apache/2.4.58 (Ubuntu)', 'content-type': 'application/json', 'x-compute-request-id': 'req-877440e5-ef55-411e-98fa-516695aaed92', 'content-length': '849', 'openstack-api-version': 'volume 3.0', 'vary': 'OpenStack-API-Version', 'x-openstack-request-id': 'req
    -877440e5-ef55-411e-98fa-516695aaed92', 'connection': 'close', 'status': '200', 'content-location': 'http://10.132.239.110/volume/v3/volumes/562cebe3-533a-45e6-922b-3d404b863af1'}
        Body: b'{"volume": {"id": "562cebe3-533a-45e6-922b-3d404b863af1", "status": "deleting", "size": 1, "availability_zone": "nova", "created_at": "2026-09-25T09:53:22.000000", "updated_at": "2026-09-25T09:53:26.000000", "name": "tempest-VolumesDeleteCascade-Volume-1396893735", "description": null, "volume_type": "arcusfc1", "snapshot_id": null, "source_volid": null, "metadata": {}, "links": [{"rel": "self", "href": "http://10.132.239.110/volume/v3/volumes/562cebe3-533a-45e6-922b-3d404b863af1"}, {"rel": "bookmark", "href": "http://10.132.239.110/volume/volumes/562cebe3-533a-45e6-922b-3d404b863af1"}], "user_id": "16783d7c80c64e54afe935a0d27fa174", "bootable": "false", "encrypted": false, "replication_status": null, "consistencygroup_id": null, "multiattach": false, "attachments": [], "os-vol-tenant-attr:tenant_id": "234aae29f86546a2963cb3339c28a9c1"}}'
2026-09-25 09:54:31,007 3735175 INFO     [tempest.lib.common.rest_client] Request (VolumesDeleteCascade:test_volume_from_snapshot_cascade_delete): 200 GET http://10.132.239.110/volume/v3/volumes/562cebe3-533a-45e6-922b-3d404b863af1 0.057s
2026-09-25 09:54:31,008 3735175 DEBUG    [tempest.lib.common.rest_client] Request - Headers: {'Content-Type': 'application/json', 'Accept': 'application/json', 'X-Auth-Token': '<omitted>'}
        Body: None
    Response - Headers: {'date': 'Fri, 25 Sep 2026 09:54:30 GMT', 'server': 'Apache/2.4.58 (Ubuntu)', 'content-type': 'application/json', 'x-compute-request-id': 'req-7953c0e4-e0f5-4eaf-a065-1cc785bd560e', 'content-length': '849', 'openstack-api-version': 'volume 3.0', 'vary': 'OpenStack-API-Version', 'x-openstack-request-id': 'req-7953c0e4-e0f5-4eaf-a065-1cc785bd560e', 'connection': 'close', 'status': '200', 'content-location': 'http://10.132.239.110/volume/v3/volumes/562cebe3-533a-45e6-922b-3d404b863af1'}
        Body: b'{"volume": {"id": "562cebe3-533a-45e6-922b-3d404b863af1", "status": "deleting", "size": 1, "availability_zone": "nova", "created_at": "2026-09-25T09:53:22.000000", "updated_at": "2026-09-25T09:53:26.000000", "name": "tempest-VolumesDeleteCascade-Volume-1396893735", "description": null, "volume_type": "arcusfc1", "snapshot_id": null, "source_volid": null, "metadata": {}, "links": [{"rel": "self", "href": "http://10.132.239.110/volume/v3/volumes/562cebe3-533a-45e6-922b-3d404b863af1"}, {"rel": "bookmark", "href": "http://10.132.239.110/volume/volumes/562cebe3-533a-45e6-922b-3d404b863af1"}], "user_id": "16783d7c80c64e54afe935a0d27fa174", "bootable": "false", "encrypted": false, "replication_status": null, "consistencygroup_id": null, "multiattach": false, "attachments": [], "os-vol-tenant-attr:tenant_id": "234aae29f86546a2963cb3339c28a9c1"}}'
2026-09-25 09:54:32,081 3735175 INFO     [tempest.lib.common.rest_client] Request (VolumesDeleteCascade:test_volume_from_snapshot_cascade_delete): 200 GET http://10.132.239.110/volume/v3/volumes/562cebe3-533a-45e6-922b-3d404b863af1 0.056s
2026-09-25 09:54:32,081 3735175 DEBUG    [tempest.lib.common.rest_client] Request - Headers: {'Content-Type': 'application/json', 'Accept': 'application/json', 'X-Auth-Token': '<omitted>'}
        Body: None
    Response - Headers: {'date': 'Fri, 25 Sep 2026 09:54:32 GMT', 'server': 'Apache/2.4.58 (Ubuntu)', 'content-type': 'application/json', 'x-compute-request-id': 'req-5b72e24d-c324-4b8b-9599-3ab12b8eca89', 'content-length': '849', 'openstack-api-version': 'volume 3.0', 'vary': 'OpenStack-API-Version', 'x-openstack-request-id': 'req-5b72e24d-c324-4b8b-9599-3ab12b8eca89', 'connection': 'close', 'status': '200', 'content-location': 'http://10.132.239.110/volume/v3/volumes/562cebe3-533a-45e6-922b-3d404b863af1'}
        Body: b'{"volume": {"id": "562cebe3-533a-45e6-922b-3d404b863af1", "status": "deleting", "size": 1, "availability_zone": "nova", "created_at": "2026-09-25T09:53:22.000000", "updated_at": "2026-09-25T09:53:26.000000", "name": "tempest-VolumesDeleteCascade-
    Volume-1396893735", "description": null, "volume_type": "arcusfc1", "snapshot_id": null, "source_volid": null, "metadata": {}, "links": [{"rel": "self", "href": "http://10.132.239.110/volume/v3/volumes/562cebe3-533a-45e6-922b-3d404b863af1"}, {"rel": "bookmark", "href": "http://10.132.239.110/volume/volumes/562cebe3-533a-45e6-922b-3d404b863af1"}], "user_id": "16783d7c80c64e54afe935a0d27fa174", "bootable": "false", "encrypted": false, "replication_status": null, "consistencygroup_id": null, "multiattach": false, "attachments": [], "os-vol-tenant-attr:tenant_id": "234aae29f86546a2963cb3339c28a9c1"}}'
2026-09-25 09:54:33,151 3735175 INFO     [tempest.lib.common.rest_client] Request (VolumesDeleteCascade:test_volume_from_snapshot_cascade_delete): 200 GET http://10.132.239.110/volume/v3/volumes/562cebe3-533a-45e6-922b-3d404b863af1 0.051s
2026-09-25 09:54:33,151 3735175 DEBUG    [tempest.lib.common.rest_client] Request - Headers: {'Content-Type': 'application/json', 'Accept': 'application/json', 'X-Auth-Token': '<omitted>'}
        Body: None
    Response - Headers: {'date': 'Fri, 25 Sep 2026 09:54:33 GMT', 'server': 'Apache/2.4.58 (Ubuntu)', 'content-type': 'application/json', 'x-compute-request-id': 'req-d02992fb-3655-400f-b9c7-19808db1a66b', 'content-length': '849', 'openstack-api-version': 'volume 3.0', 'vary': 'OpenStack-API-Version', 'x-openstack-request-id': 'req-d02992fb-3655-400f-b9c7-19808db1a66b', 'connection': 'close', 'status': '200', 'content-location': 'http://10.132.239.110/volume/v3/volumes/562cebe3-533a-45e6-922b-3d404b863af1'}
        Body: b'{"volume": {"id": "562cebe3-533a-45e6-922b-3d404b863af1", "status": "deleting", "size": 1, "availability_zone": "nova", "created_at": "2026-09-25T09:53:22.000000", "updated_at": "2026-09-25T09:53:26.000000", "name": "tempest-VolumesDeleteCascade-Volume-1396893735", "description": null, "volume_type": "arcusfc1", "snapshot_id": null, "source_volid": null, "metadata": {}, "links": [{"rel": "self", "href": "http://10.132.239.110/volume/v3/volumes/562cebe3-533a-45e6-922b-3d404b863af1"}, {"rel": "bookmark", "href": "http://10.132.239.110/volume/volumes/562cebe3-533a-45e6-922b-3d404b863af1"}], "user_id": "16783d7c80c64e54afe935a0d27fa174", "bootable": "false", "encrypted": false, "replication_status": null, "consistencygroup_id": null, "multiattach": false, "attachments": [], "os-vol-tenant-attr:tenant_id": "234aae29f86546a2963cb3339c28a9c1"}}'
2026-09-25 09:54:34,221 3735175 INFO     [tempest.lib.common.rest_client] Request (VolumesDeleteCascade:test_volume_from_snapshot_cascade_delete): 200 GET http://10.132.239.110/volume/v3/volumes/562cebe3-533a-45e6-922b-3d404b863af1 0.055s
2026-09-25 09:54:34,222 3735175 DEBUG    [tempest.lib.common.rest_client] Request - Headers: {'Content-Type': 'application/json', 'Accept': 'application/json', 'X-Auth-Token': '<omitted>'}
        Body: None
    Response - Headers: {'date': 'Fri, 25 Sep 2026 09:54:34 GMT', 'server': 'Apache/2.4.58 (Ubuntu)', 'content-type': 'application/json', 'x-compute-request-id': 'req-8e233f31-e456-4a00-aa78-65a1b067cf46', 'content-length': '849', 'openstack-api-version': 'volume 3.0', 'vary': 'OpenStack-API-Version', 'x-openstack-request-id': 'req-8e233f31-e456-4a00-aa78-65a1b067cf46', 'connection': 'close', 'status': '200', 'content-location': 'http://10.132.239.110/volume/v3/volumes/562cebe3-533a-45e6-922b-3d404b863af1'}
        Body: b'{"volume": {"id": "562cebe3-533a-45e6-922b-3d404b863af1", "status": "deleting", "size": 1, "availability_zone": "nova", "created_at": "2026-09-25T09:53:22.000000", "updated_at": "2026-09-25T09:53:26.000000", "name": "tempest-VolumesDeleteCascade-Volume-1396893735", "description": null, "volume_type": "arcusfc1", "snapshot_id": null, "source_volid": null, "metadata": {}, "links": [{"rel": "self", "href": "http://10.132.239.110/volume/v3/volumes/562cebe3-533a-45e6-922b-3d404b863af1"}, {"rel": "bookmark", "href": "http://10.132.239.110/volume/volumes/562cebe3-533a-45e6-922b-3d404b863af1"}], "user_id": "16783d7c80c64e54afe935a0d27fa174", "bootable": "false", "encrypted": false, "repl
    ication_status": null, "consistencygroup_id": null, "multiattach": false, "attachments": [], "os-vol-tenant-attr:tenant_id": "234aae29f86546a2963cb3339c28a9c1"}}'
2026-09-25 09:54:35,296 3735175 INFO     [tempest.lib.common.rest_client] Request (VolumesDeleteCascade:test_volume_from_snapshot_cascade_delete): 200 GET http://10.132.239.110/volume/v3/volumes/562cebe3-533a-45e6-922b-3d404b863af1 0.058s
2026-09-25 09:54:35,297 3735175 DEBUG    [tempest.lib.common.rest_client] Request - Headers: {'Content-Type': 'application/json', 'Accept': 'application/json', 'X-Auth-Token': '<omitted>'}
        Body: None
    Response - Headers: {'date': 'Fri, 25 Sep 2026 09:54:35 GMT', 'server': 'Apache/2.4.58 (Ubuntu)', 'content-type': 'application/json', 'x-compute-request-id': 'req-0c3faa74-15b0-4eae-9e0d-cd5f341f40e4', 'content-length': '849', 'openstack-api-version': 'volume 3.0', 'vary': 'OpenStack-API-Version', 'x-openstack-request-id': 'req-0c3faa74-15b0-4eae-9e0d-cd5f341f40e4', 'connection': 'close', 'status': '200', 'content-location': 'http://10.132.239.110/volume/v3/volumes/562cebe3-533a-45e6-922b-3d404b863af1'}
        Body: b'{"volume": {"id": "562cebe3-533a-45e6-922b-3d404b863af1", "status": "deleting", "size": 1, "availability_zone": "nova", "created_at": "2026-09-25T09:53:22.000000", "updated_at": "2026-09-25T09:53:26.000000", "name": "tempest-VolumesDeleteCascade-Volume-1396893735", "description": null, "volume_type": "arcusfc1", "snapshot_id": null, "source_volid": null, "metadata": {}, "links": [{"rel": "self", "href": "http://10.132.239.110/volume/v3/volumes/562cebe3-533a-45e6-922b-3d404b863af1"}, {"rel": "bookmark", "href": "http://10.132.239.110/volume/volumes/562cebe3-533a-45e6-922b-3d404b863af1"}], "user_id": "16783d7c80c64e54afe935a0d27fa174", "bootable": "false", "encrypted": false, "replication_status": null, "consistencygroup_id": null, "multiattach": false, "attachments": [], "os-vol-tenant-attr:tenant_id": "234aae29f86546a2963cb3339c28a9c1"}}'
2026-09-25 09:54:36,379 3735175 INFO     [tempest.lib.common.rest_client] Request (VolumesDeleteCascade:test_volume_from_snapshot_cascade_delete): 200 GET http://10.132.239.110/volume/v3/volumes/562cebe3-533a-45e6-922b-3d404b863af1 0.060s
2026-09-25 09:54:36,379 3735175 DEBUG    [tempest.lib.common.rest_client] Request - Headers: {'Content-Type': 'application/json', 'Accept': 'application/json', 'X-Auth-Token': '<omitted>'}
        Body: None
    Response - Headers: {'date': 'Fri, 25 Sep 2026 09:54:36 GMT', 'server': 'Apache/2.4.58 (Ubuntu)', 'content-type': 'application/json', 'x-compute-request-id': 'req-541f2da3-396b-4c75-a423-5400fb7f21cb', 'content-length': '849', 'openstack-api-version': 'volume 3.0', 'vary': 'OpenStack-API-Version', 'x-openstack-request-id': 'req-541f2da3-396b-4c75-a423-5400fb7f21cb', 'connection': 'close', 'status': '200', 'content-location': 'http://10.132.239.110/volume/v3/volumes/562cebe3-533a-45e6-922b-3d404b863af1'}
        Body: b'{"volume": {"id": "562cebe3-533a-45e6-922b-3d404b863af1", "status": "deleting", "size": 1, "availability_zone": "nova", "created_at": "2026-09-25T09:53:22.000000", "updated_at": "2026-09-25T09:53:26.000000", "name": "tempest-VolumesDeleteCascade-Volume-1396893735", "description": null, "volume_type": "arcusfc1", "snapshot_id": null, "source_volid": null, "metadata": {}, "links": [{"rel": "self", "href": "http://10.132.239.110/volume/v3/volumes/562cebe3-533a-45e6-922b-3d404b863af1"}, {"rel": "bookmark", "href": "http://10.132.239.110/volume/volumes/562cebe3-533a-45e6-922b-3d404b863af1"}], "user_id": "16783d7c80c64e54afe935a0d27fa174", "bootable": "false", "encrypted": false, "replication_status": null, "consistencygroup_id": null, "multiattach": false, "attachments": [], "os-vol-tenant-attr:tenant_id": "234aae29f86546a2963cb3339c28a9c1"}}'
2026-09-25 09:54:37,452 3735175 INFO     [tempest.lib.common.rest_client] Request (VolumesDeleteCascade:test_volume_from_snapshot_cascade_delete): 200 GET http://10.132.239.110/volume/v3/volumes/562cebe3-533a-45e6-922b-3d404b863af1 0.057s
2026-09-25 09:54:37,453 3735175 DEBUG   
     [tempest.lib.common.rest_client] Request - Headers: {'Content-Type': 'application/json', 'Accept': 'application/json', 'X-Auth-Token': '<omitted>'}
        Body: None
    Response - Headers: {'date': 'Fri, 25 Sep 2026 09:54:37 GMT', 'server': 'Apache/2.4.58 (Ubuntu)', 'content-type': 'application/json', 'x-compute-request-id': 'req-12717fe9-4f72-41e2-8ea9-053b9f1a9951', 'content-length': '849', 'openstack-api-version': 'volume 3.0', 'vary': 'OpenStack-API-Version', 'x-openstack-request-id': 'req-12717fe9-4f72-41e2-8ea9-053b9f1a9951', 'connection': 'close', 'status': '200', 'content-location': 'http://10.132.239.110/volume/v3/volumes/562cebe3-533a-45e6-922b-3d404b863af1'}
        Body: b'{"volume": {"id": "562cebe3-533a-45e6-922b-3d404b863af1", "status": "deleting", "size": 1, "availability_zone": "nova", "created_at": "2026-09-25T09:53:22.000000", "updated_at": "2026-09-25T09:53:26.000000", "name": "tempest-VolumesDeleteCascade-Volume-1396893735", "description": null, "volume_type": "arcusfc1", "snapshot_id": null, "source_volid": null, "metadata": {}, "links": [{"rel": "self", "href": "http://10.132.239.110/volume/v3/volumes/562cebe3-533a-45e6-922b-3d404b863af1"}, {"rel": "bookmark", "href": "http://10.132.239.110/volume/volumes/562cebe3-533a-45e6-922b-3d404b863af1"}], "user_id": "16783d7c80c64e54afe935a0d27fa174", "bootable": "false", "encrypted": false, "replication_status": null, "consistencygroup_id": null, "multiattach": false, "attachments": [], "os-vol-tenant-attr:tenant_id": "234aae29f86546a2963cb3339c28a9c1"}}'
2026-09-25 09:54:38,524 3735175 INFO     [tempest.lib.common.rest_client] Request (VolumesDeleteCascade:test_volume_from_snapshot_cascade_delete): 200 GET http://10.132.239.110/volume/v3/volumes/562cebe3-533a-45e6-922b-3d404b863af1 0.052s
2026-09-25 09:54:38,525 3735175 DEBUG    [tempest.lib.common.rest_client] Request - Headers: {'Content-Type': 'application/json', 'Accept': 'application/json', 'X-Auth-Token': '<omitted>'}
        Body: None
    Response - Headers: {'date': 'Fri, 25 Sep 2026 09:54:38 GMT', 'server': 'Apache/2.4.58 (Ubuntu)', 'content-type': 'application/json', 'x-compute-request-id': 'req-8ff78f09-820e-4c33-b665-b738baa8e8a2', 'content-length': '849', 'openstack-api-version': 'volume 3.0', 'vary': 'OpenStack-API-Version', 'x-openstack-request-id': 'req-8ff78f09-820e-4c33-b665-b738baa8e8a2', 'connection': 'close', 'status': '200', 'content-location': 'http://10.132.239.110/volume/v3/volumes/562cebe3-533a-45e6-922b-3d404b863af1'}
        Body: b'{"volume": {"id": "562cebe3-533a-45e6-922b-3d404b863af1", "status": "deleting", "size": 1, "availability_zone": "nova", "created_at": "2026-09-25T09:53:22.000000", "updated_at": "2026-09-25T09:53:26.000000", "name": "tempest-VolumesDeleteCascade-Volume-1396893735", "description": null, "volume_type": "arcusfc1", "snapshot_id": null, "source_volid": null, "metadata": {}, "links": [{"rel": "self", "href": "http://10.132.239.110/volume/v3/volumes/562cebe3-533a-45e6-922b-3d404b863af1"}, {"rel": "bookmark", "href": "http://10.132.239.110/volume/volumes/562cebe3-533a-45e6-922b-3d404b863af1"}], "user_id": "16783d7c80c64e54afe935a0d27fa174", "bootable": "false", "encrypted": false, "replication_status": null, "consistencygroup_id": null, "multiattach": false, "attachments": [], "os-vol-tenant-attr:tenant_id": "234aae29f86546a2963cb3339c28a9c1"}}'
2026-09-25 09:54:39,594 3735175 INFO     [tempest.lib.common.rest_client] Request (VolumesDeleteCascade:test_volume_from_snapshot_cascade_delete): 200 GET http://10.132.239.110/volume/v3/volumes/562cebe3-533a-45e6-922b-3d404b863af1 0.053s
2026-09-25 09:54:39,594 3735175 DEBUG    [tempest.lib.common.rest_client] Request - Headers: {'Content-Type': 'application/json', 'Accept': 'application/json', 'X-Auth-Token': '<omitted>'}
        Body: None
    Response - Headers: {'date': 'Fri, 25 Sep 2026 09:54:39 GMT', 'server': 'Apache/2.4.58 (Ubuntu)', 'content-type': 'application/json', 'x-compute-request-id': 'req-ad53271d-793d-4624-b98d-461559a44901', 'content-length': '849', 'openstack-api-version': 'volume 3.0', 'var
    y': 'OpenStack-API-Version', 'x-openstack-request-id': 'req-ad53271d-793d-4624-b98d-461559a44901', 'connection': 'close', 'status': '200', 'content-location': 'http://10.132.239.110/volume/v3/volumes/562cebe3-533a-45e6-922b-3d404b863af1'}
        Body: b'{"volume": {"id": "562cebe3-533a-45e6-922b-3d404b863af1", "status": "deleting", "size": 1, "availability_zone": "nova", "created_at": "2026-09-25T09:53:22.000000", "updated_at": "2026-09-25T09:53:26.000000", "name": "tempest-VolumesDeleteCascade-Volume-1396893735", "description": null, "volume_type": "arcusfc1", "snapshot_id": null, "source_volid": null, "metadata": {}, "links": [{"rel": "self", "href": "http://10.132.239.110/volume/v3/volumes/562cebe3-533a-45e6-922b-3d404b863af1"}, {"rel": "bookmark", "href": "http://10.132.239.110/volume/volumes/562cebe3-533a-45e6-922b-3d404b863af1"}], "user_id": "16783d7c80c64e54afe935a0d27fa174", "bootable": "false", "encrypted": false, "replication_status": null, "consistencygroup_id": null, "multiattach": false, "attachments": [], "os-vol-tenant-attr:tenant_id": "234aae29f86546a2963cb3339c28a9c1"}}'
2026-09-25 09:54:40,661 3735175 INFO     [tempest.lib.common.rest_client] Request (VolumesDeleteCascade:test_volume_from_snapshot_cascade_delete): 200 GET http://10.132.239.110/volume/v3/volumes/562cebe3-533a-45e6-922b-3d404b863af1 0.049s
2026-09-25 09:54:40,661 3735175 DEBUG    [tempest.lib.common.rest_client] Request - Headers: {'Content-Type': 'application/json', 'Accept': 'application/json', 'X-Auth-Token': '<omitted>'}
        Body: None
    Response - Headers: {'date': 'Fri, 25 Sep 2026 09:54:40 GMT', 'server': 'Apache/2.4.58 (Ubuntu)', 'content-type': 'application/json', 'x-compute-request-id': 'req-819cecb4-177b-4bed-989d-3aa851cd47c5', 'content-length': '849', 'openstack-api-version': 'volume 3.0', 'vary': 'OpenStack-API-Version', 'x-openstack-request-id': 'req-819cecb4-177b-4bed-989d-3aa851cd47c5', 'connection': 'close', 'status': '200', 'content-location': 'http://10.132.239.110/volume/v3/volumes/562cebe3-533a-45e6-922b-3d404b863af1'}
        Body: b'{"volume": {"id": "562cebe3-533a-45e6-922b-3d404b863af1", "status": "deleting", "size": 1, "availability_zone": "nova", "created_at": "2026-09-25T09:53:22.000000", "updated_at": "2026-09-25T09:53:26.000000", "name": "tempest-VolumesDeleteCascade-Volume-1396893735", "description": null, "volume_type": "arcusfc1", "snapshot_id": null, "source_volid": null, "metadata": {}, "links": [{"rel": "self", "href": "http://10.132.239.110/volume/v3/volumes/562cebe3-533a-45e6-922b-3d404b863af1"}, {"rel": "bookmark", "href": "http://10.132.239.110/volume/volumes/562cebe3-533a-45e6-922b-3d404b863af1"}], "user_id": "16783d7c80c64e54afe935a0d27fa174", "bootable": "false", "encrypted": false, "replication_status": null, "consistencygroup_id": null, "multiattach": false, "attachments": [], "os-vol-tenant-attr:tenant_id": "234aae29f86546a2963cb3339c28a9c1"}}'
2026-09-25 09:54:41,741 3735175 INFO     [tempest.lib.common.rest_client] Request (VolumesDeleteCascade:test_volume_from_snapshot_cascade_delete): 200 GET http://10.132.239.110/volume/v3/volumes/562cebe3-533a-45e6-922b-3d404b863af1 0.062s
2026-09-25 09:54:41,741 3735175 DEBUG    [tempest.lib.common.rest_client] Request - Headers: {'Content-Type': 'application/json', 'Accept': 'application/json', 'X-Auth-Token': '<omitted>'}
        Body: None
    Response - Headers: {'date': 'Fri, 25 Sep 2026 09:54:41 GMT', 'server': 'Apache/2.4.58 (Ubuntu)', 'content-type': 'application/json', 'x-compute-request-id': 'req-a6ada525-5da9-4042-8995-056b835d51dc', 'content-length': '849', 'openstack-api-version': 'volume 3.0', 'vary': 'OpenStack-API-Version', 'x-openstack-request-id': 'req-a6ada525-5da9-4042-8995-056b835d51dc', 'connection': 'close', 'status': '200', 'content-location': 'http://10.132.239.110/volume/v3/volumes/562cebe3-533a-45e6-922b-3d404b863af1'}
        Body: b'{"volume": {"id": "562cebe3-533a-45e6-922b-3d404b863af1", "status": "deleting", "size": 1, "availability_zone": "nova", "created_at": "2026-09-25T09:53:22.000000", "updated_at": "2026-09-
    25T09:53:26.000000", "name": "tempest-VolumesDeleteCascade-Volume-1396893735", "description": null, "volume_type": "arcusfc1", "snapshot_id": null, "source_volid": null, "metadata": {}, "links": [{"rel": "self", "href": "http://10.132.239.110/volume/v3/volumes/562cebe3-533a-45e6-922b-3d404b863af1"}, {"rel": "bookmark", "href": "http://10.132.239.110/volume/volumes/562cebe3-533a-45e6-922b-3d404b863af1"}], "user_id": "16783d7c80c64e54afe935a0d27fa174", "bootable": "false", "encrypted": false, "replication_status": null, "consistencygroup_id": null, "multiattach": false, "attachments": [], "os-vol-tenant-attr:tenant_id": "234aae29f86546a2963cb3339c28a9c1"}}'
2026-09-25 09:54:42,812 3735175 INFO     [tempest.lib.common.rest_client] Request (VolumesDeleteCascade:test_volume_from_snapshot_cascade_delete): 200 GET http://10.132.239.110/volume/v3/volumes/562cebe3-533a-45e6-922b-3d404b863af1 0.053s
2026-09-25 09:54:42,813 3735175 DEBUG    [tempest.lib.common.rest_client] Request - Headers: {'Content-Type': 'application/json', 'Accept': 'application/json', 'X-Auth-Token': '<omitted>'}
        Body: None
    Response - Headers: {'date': 'Fri, 25 Sep 2026 09:54:42 GMT', 'server': 'Apache/2.4.58 (Ubuntu)', 'content-type': 'application/json', 'x-compute-request-id': 'req-697298dc-6411-4bba-af1b-45b7f996d25c', 'content-length': '849', 'openstack-api-version': 'volume 3.0', 'vary': 'OpenStack-API-Version', 'x-openstack-request-id': 'req-697298dc-6411-4bba-af1b-45b7f996d25c', 'connection': 'close', 'status': '200', 'content-location': 'http://10.132.239.110/volume/v3/volumes/562cebe3-533a-45e6-922b-3d404b863af1'}
        Body: b'{"volume": {"id": "562cebe3-533a-45e6-922b-3d404b863af1", "status": "deleting", "size": 1, "availability_zone": "nova", "created_at": "2026-09-25T09:53:22.000000", "updated_at": "2026-09-25T09:53:26.000000", "name": "tempest-VolumesDeleteCascade-Volume-1396893735", "description": null, "volume_type": "arcusfc1", "snapshot_id": null, "source_volid": null, "metadata": {}, "links": [{"rel": "self", "href": "http://10.132.239.110/volume/v3/volumes/562cebe3-533a-45e6-922b-3d404b863af1"}, {"rel": "bookmark", "href": "http://10.132.239.110/volume/volumes/562cebe3-533a-45e6-922b-3d404b863af1"}], "user_id": "16783d7c80c64e54afe935a0d27fa174", "bootable": "false", "encrypted": false, "replication_status": null, "consistencygroup_id": null, "multiattach": false, "attachments": [], "os-vol-tenant-attr:tenant_id": "234aae29f86546a2963cb3339c28a9c1"}}'
2026-09-25 09:54:43,884 3735175 INFO     [tempest.lib.common.rest_client] Request (VolumesDeleteCascade:test_volume_from_snapshot_cascade_delete): 200 GET http://10.132.239.110/volume/v3/volumes/562cebe3-533a-45e6-922b-3d404b863af1 0.055s
2026-09-25 09:54:43,884 3735175 DEBUG    [tempest.lib.common.rest_client] Request - Headers: {'Content-Type': 'application/json', 'Accept': 'application/json', 'X-Auth-Token': '<omitted>'}
        Body: None
    Response - Headers: {'date': 'Fri, 25 Sep 2026 09:54:43 GMT', 'server': 'Apache/2.4.58 (Ubuntu)', 'content-type': 'application/json', 'x-compute-request-id': 'req-2bc11be9-e43b-43ce-a1ef-370f179cbfeb', 'content-length': '849', 'openstack-api-version': 'volume 3.0', 'vary': 'OpenStack-API-Version', 'x-openstack-request-id': 'req-2bc11be9-e43b-43ce-a1ef-370f179cbfeb', 'connection': 'close', 'status': '200', 'content-location': 'http://10.132.239.110/volume/v3/volumes/562cebe3-533a-45e6-922b-3d404b863af1'}
        Body: b'{"volume": {"id": "562cebe3-533a-45e6-922b-3d404b863af1", "status": "deleting", "size": 1, "availability_zone": "nova", "created_at": "2026-09-25T09:53:22.000000", "updated_at": "2026-09-25T09:53:26.000000", "name": "tempest-VolumesDeleteCascade-Volume-1396893735", "description": null, "volume_type": "arcusfc1", "snapshot_id": null, "source_volid": null, "metadata": {}, "links": [{"rel": "self", "href": "http://10.132.239.110/volume/v3/volumes/562cebe3-533a-45e6-922b-3d404b863af1"}, {"rel": "bookmark", "href": "http://10.132.239.110/volume/volumes/562cebe3-533a-45e6-922b-3d404b863af1"}], "user_id": "16783d7c80c64e54afe935
    a0d27fa174", "bootable": "false", "encrypted": false, "replication_status": null, "consistencygroup_id": null, "multiattach": false, "attachments": [], "os-vol-tenant-attr:tenant_id": "234aae29f86546a2963cb3339c28a9c1"}}'
2026-09-25 09:54:44,956 3735175 INFO     [tempest.lib.common.rest_client] Request (VolumesDeleteCascade:test_volume_from_snapshot_cascade_delete): 200 GET http://10.132.239.110/volume/v3/volumes/562cebe3-533a-45e6-922b-3d404b863af1 0.056s
2026-09-25 09:54:44,957 3735175 DEBUG    [tempest.lib.common.rest_client] Request - Headers: {'Content-Type': 'application/json', 'Accept': 'application/json', 'X-Auth-Token': '<omitted>'}
        Body: None
    Response - Headers: {'date': 'Fri, 25 Sep 2026 09:54:44 GMT', 'server': 'Apache/2.4.58 (Ubuntu)', 'content-type': 'application/json', 'x-compute-request-id': 'req-16195763-aeb6-47de-aaf7-d4eed61b1626', 'content-length': '849', 'openstack-api-version': 'volume 3.0', 'vary': 'OpenStack-API-Version', 'x-openstack-request-id': 'req-16195763-aeb6-47de-aaf7-d4eed61b1626', 'connection': 'close', 'status': '200', 'content-location': 'http://10.132.239.110/volume/v3/volumes/562cebe3-533a-45e6-922b-3d404b863af1'}
        Body: b'{"volume": {"id": "562cebe3-533a-45e6-922b-3d404b863af1", "status": "deleting", "size": 1, "availability_zone": "nova", "created_at": "2026-09-25T09:53:22.000000", "updated_at": "2026-09-25T09:53:26.000000", "name": "tempest-VolumesDeleteCascade-Volume-1396893735", "description": null, "volume_type": "arcusfc1", "snapshot_id": null, "source_volid": null, "metadata": {}, "links": [{"rel": "self", "href": "http://10.132.239.110/volume/v3/volumes/562cebe3-533a-45e6-922b-3d404b863af1"}, {"rel": "bookmark", "href": "http://10.132.239.110/volume/volumes/562cebe3-533a-45e6-922b-3d404b863af1"}], "user_id": "16783d7c80c64e54afe935a0d27fa174", "bootable": "false", "encrypted": false, "replication_status": null, "consistencygroup_id": null, "multiattach": false, "attachments": [], "os-vol-tenant-attr:tenant_id": "234aae29f86546a2963cb3339c28a9c1"}}'
2026-09-25 09:54:46,024 3735175 INFO     [tempest.lib.common.rest_client] Request (VolumesDeleteCascade:test_volume_from_snapshot_cascade_delete): 200 GET http://10.132.239.110/volume/v3/volumes/562cebe3-533a-45e6-922b-3d404b863af1 0.051s
2026-09-25 09:54:46,025 3735175 DEBUG    [tempest.lib.common.rest_client] Request - Headers: {'Content-Type': 'application/json', 'Accept': 'application/json', 'X-Auth-Token': '<omitted>'}
        Body: None
    Response - Headers: {'date': 'Fri, 25 Sep 2026 09:54:45 GMT', 'server': 'Apache/2.4.58 (Ubuntu)', 'content-type': 'application/json', 'x-compute-request-id': 'req-e48a43df-987b-4bae-97f6-4af8928b35cb', 'content-length': '849', 'openstack-api-version': 'volume 3.0', 'vary': 'OpenStack-API-Version', 'x-openstack-request-id': 'req-e48a43df-987b-4bae-97f6-4af8928b35cb', 'connection': 'close', 'status': '200', 'content-location': 'http://10.132.239.110/volume/v3/volumes/562cebe3-533a-45e6-922b-3d404b863af1'}
        Body: b'{"volume": {"id": "562cebe3-533a-45e6-922b-3d404b863af1", "status": "deleting", "size": 1, "availability_zone": "nova", "created_at": "2026-09-25T09:53:22.000000", "updated_at": "2026-09-25T09:53:26.000000", "name": "tempest-VolumesDeleteCascade-Volume-1396893735", "description": null, "volume_type": "arcusfc1", "snapshot_id": null, "source_volid": null, "metadata": {}, "links": [{"rel": "self", "href": "http://10.132.239.110/volume/v3/volumes/562cebe3-533a-45e6-922b-3d404b863af1"}, {"rel": "bookmark", "href": "http://10.132.239.110/volume/volumes/562cebe3-533a-45e6-922b-3d404b863af1"}], "user_id": "16783d7c80c64e54afe935a0d27fa174", "bootable": "false", "encrypted": false, "replication_status": null, "consistencygroup_id": null, "multiattach": false, "attachments": [], "os-vol-tenant-attr:tenant_id": "234aae29f86546a2963cb3339c28a9c1"}}'
2026-09-25 09:54:47,097 3735175 INFO     [tempest.lib.common.rest_client] Request (VolumesDeleteCascade:test_volume_from_snapshot_cascade_delete): 200 GET http://10.132.239.110/volume/v3/volumes/562cebe3-533a-45e6-922b-3
    d404b863af1 0.056s
2026-09-25 09:54:47,097 3735175 DEBUG    [tempest.lib.common.rest_client] Request - Headers: {'Content-Type': 'application/json', 'Accept': 'application/json', 'X-Auth-Token': '<omitted>'}
        Body: None
    Response - Headers: {'date': 'Fri, 25 Sep 2026 09:54:47 GMT', 'server': 'Apache/2.4.58 (Ubuntu)', 'content-type': 'application/json', 'x-compute-request-id': 'req-4152178b-9c93-4d86-8751-51be5b1c43c9', 'content-length': '849', 'openstack-api-version': 'volume 3.0', 'vary': 'OpenStack-API-Version', 'x-openstack-request-id': 'req-4152178b-9c93-4d86-8751-51be5b1c43c9', 'connection': 'close', 'status': '200', 'content-location': 'http://10.132.239.110/volume/v3/volumes/562cebe3-533a-45e6-922b-3d404b863af1'}
        Body: b'{"volume": {"id": "562cebe3-533a-45e6-922b-3d404b863af1", "status": "deleting", "size": 1, "availability_zone": "nova", "created_at": "2026-09-25T09:53:22.000000", "updated_at": "2026-09-25T09:53:26.000000", "name": "tempest-VolumesDeleteCascade-Volume-1396893735", "description": null, "volume_type": "arcusfc1", "snapshot_id": null, "source_volid": null, "metadata": {}, "links": [{"rel": "self", "href": "http://10.132.239.110/volume/v3/volumes/562cebe3-533a-45e6-922b-3d404b863af1"}, {"rel": "bookmark", "href": "http://10.132.239.110/volume/volumes/562cebe3-533a-45e6-922b-3d404b863af1"}], "user_id": "16783d7c80c64e54afe935a0d27fa174", "bootable": "false", "encrypted": false, "replication_status": null, "consistencygroup_id": null, "multiattach": false, "attachments": [], "os-vol-tenant-attr:tenant_id": "234aae29f86546a2963cb3339c28a9c1"}}'
2026-09-25 09:54:48,168 3735175 INFO     [tempest.lib.common.rest_client] Request (VolumesDeleteCascade:test_volume_from_snapshot_cascade_delete): 200 GET http://10.132.239.110/volume/v3/volumes/562cebe3-533a-45e6-922b-3d404b863af1 0.055s
2026-09-25 09:54:48,169 3735175 DEBUG    [tempest.lib.common.rest_client] Request - Headers: {'Content-Type': 'application/json', 'Accept': 'application/json', 'X-Auth-Token': '<omitted>'}
        Body: None
    Response - Headers: {'date': 'Fri, 25 Sep 2026 09:54:48 GMT', 'server': 'Apache/2.4.58 (Ubuntu)', 'content-type': 'application/json', 'x-compute-request-id': 'req-4027d564-0b3c-4e58-aa87-7ab21c9161f7', 'content-length': '849', 'openstack-api-version': 'volume 3.0', 'vary': 'OpenStack-API-Version', 'x-openstack-request-id': 'req-4027d564-0b3c-4e58-aa87-7ab21c9161f7', 'connection': 'close', 'status': '200', 'content-location': 'http://10.132.239.110/volume/v3/volumes/562cebe3-533a-45e6-922b-3d404b863af1'}
        Body: b'{"volume": {"id": "562cebe3-533a-45e6-922b-3d404b863af1", "status": "deleting", "size": 1, "availability_zone": "nova", "created_at": "2026-09-25T09:53:22.000000", "updated_at": "2026-09-25T09:53:26.000000", "name": "tempest-VolumesDeleteCascade-Volume-1396893735", "description": null, "volume_type": "arcusfc1", "snapshot_id": null, "source_volid": null, "metadata": {}, "links": [{"rel": "self", "href": "http://10.132.239.110/volume/v3/volumes/562cebe3-533a-45e6-922b-3d404b863af1"}, {"rel": "bookmark", "href": "http://10.132.239.110/volume/volumes/562cebe3-533a-45e6-922b-3d404b863af1"}], "user_id": "16783d7c80c64e54afe935a0d27fa174", "bootable": "false", "encrypted": false, "replication_status": null, "consistencygroup_id": null, "multiattach": false, "attachments": [], "os-vol-tenant-attr:tenant_id": "234aae29f86546a2963cb3339c28a9c1"}}'
2026-09-25 09:54:49,242 3735175 INFO     [tempest.lib.common.rest_client] Request (VolumesDeleteCascade:test_volume_from_snapshot_cascade_delete): 200 GET http://10.132.239.110/volume/v3/volumes/562cebe3-533a-45e6-922b-3d404b863af1 0.057s
2026-09-25 09:54:49,242 3735175 DEBUG    [tempest.lib.common.rest_client] Request - Headers: {'Content-Type': 'application/json', 'Accept': 'application/json', 'X-Auth-Token': '<omitted>'}
        Body: None
    Response - Headers: {'date': 'Fri, 25 Sep 2026 09:54:49 GMT', 'server': 'Apache/2.4.58 (Ubuntu)', 'content-type': 'application/json', 'x-compute-request-id': 'req-722a127d-67e9-43bf-a22d-a294ca810e37', 'content-
    length': '849', 'openstack-api-version': 'volume 3.0', 'vary': 'OpenStack-API-Version', 'x-openstack-request-id': 'req-722a127d-67e9-43bf-a22d-a294ca810e37', 'connection': 'close', 'status': '200', 'content-location': 'http://10.132.239.110/volume/v3/volumes/562cebe3-533a-45e6-922b-3d404b863af1'}
        Body: b'{"volume": {"id": "562cebe3-533a-45e6-922b-3d404b863af1", "status": "deleting", "size": 1, "availability_zone": "nova", "created_at": "2026-09-25T09:53:22.000000", "updated_at": "2026-09-25T09:53:26.000000", "name": "tempest-VolumesDeleteCascade-Volume-1396893735", "description": null, "volume_type": "arcusfc1", "snapshot_id": null, "source_volid": null, "metadata": {}, "links": [{"rel": "self", "href": "http://10.132.239.110/volume/v3/volumes/562cebe3-533a-45e6-922b-3d404b863af1"}, {"rel": "bookmark", "href": "http://10.132.239.110/volume/volumes/562cebe3-533a-45e6-922b-3d404b863af1"}], "user_id": "16783d7c80c64e54afe935a0d27fa174", "bootable": "false", "encrypted": false, "replication_status": null, "consistencygroup_id": null, "multiattach": false, "attachments": [], "os-vol-tenant-attr:tenant_id": "234aae29f86546a2963cb3339c28a9c1"}}'
2026-09-25 09:54:50,318 3735175 INFO     [tempest.lib.common.rest_client] Request (VolumesDeleteCascade:test_volume_from_snapshot_cascade_delete): 200 GET http://10.132.239.110/volume/v3/volumes/562cebe3-533a-45e6-922b-3d404b863af1 0.060s
2026-09-25 09:54:50,319 3735175 DEBUG    [tempest.lib.common.rest_client] Request - Headers: {'Content-Type': 'application/json', 'Accept': 'application/json', 'X-Auth-Token': '<omitted>'}
        Body: None
    Response - Headers: {'date': 'Fri, 25 Sep 2026 09:54:50 GMT', 'server': 'Apache/2.4.58 (Ubuntu)', 'content-type': 'application/json', 'x-compute-request-id': 'req-0d397563-069a-4f78-aca1-dae68bbe2394', 'content-length': '849', 'openstack-api-version': 'volume 3.0', 'vary': 'OpenStack-API-Version', 'x-openstack-request-id': 'req-0d397563-069a-4f78-aca1-dae68bbe2394', 'connection': 'close', 'status': '200', 'content-location': 'http://10.132.239.110/volume/v3/volumes/562cebe3-533a-45e6-922b-3d404b863af1'}
        Body: b'{"volume": {"id": "562cebe3-533a-45e6-922b-3d404b863af1", "status": "deleting", "size": 1, "availability_zone": "nova", "created_at": "2026-09-25T09:53:22.000000", "updated_at": "2026-09-25T09:53:26.000000", "name": "tempest-VolumesDeleteCascade-Volume-1396893735", "description": null, "volume_type": "arcusfc1", "snapshot_id": null, "source_volid": null, "metadata": {}, "links": [{"rel": "self", "href": "http://10.132.239.110/volume/v3/volumes/562cebe3-533a-45e6-922b-3d404b863af1"}, {"rel": "bookmark", "href": "http://10.132.239.110/volume/volumes/562cebe3-533a-45e6-922b-3d404b863af1"}], "user_id": "16783d7c80c64e54afe935a0d27fa174", "bootable": "false", "encrypted": false, "replication_status": null, "consistencygroup_id": null, "multiattach": false, "attachments": [], "os-vol-tenant-attr:tenant_id": "234aae29f86546a2963cb3339c28a9c1"}}'
2026-09-25 09:54:51,397 3735175 INFO     [tempest.lib.common.rest_client] Request (VolumesDeleteCascade:test_volume_from_snapshot_cascade_delete): 200 GET http://10.132.239.110/volume/v3/volumes/562cebe3-533a-45e6-922b-3d404b863af1 0.060s
2026-09-25 09:54:51,397 3735175 DEBUG    [tempest.lib.common.rest_client] Request - Headers: {'Content-Type': 'application/json', 'Accept': 'application/json', 'X-Auth-Token': '<omitted>'}
        Body: None
    Response - Headers: {'date': 'Fri, 25 Sep 2026 09:54:51 GMT', 'server': 'Apache/2.4.58 (Ubuntu)', 'content-type': 'application/json', 'x-compute-request-id': 'req-359037df-8f8d-4dc4-bb9c-09bad1366266', 'content-length': '849', 'openstack-api-version': 'volume 3.0', 'vary': 'OpenStack-API-Version', 'x-openstack-request-id': 'req-359037df-8f8d-4dc4-bb9c-09bad1366266', 'connection': 'close', 'status': '200', 'content-location': 'http://10.132.239.110/volume/v3/volumes/562cebe3-533a-45e6-922b-3d404b863af1'}
        Body: b'{"volume": {"id": "562cebe3-533a-45e6-922b-3d404b863af1", "status": "deleting", "size": 1, "availability_zone": "nova", "created
    _at": "2026-09-25T09:53:22.000000", "updated_at": "2026-09-25T09:53:26.000000", "name": "tempest-VolumesDeleteCascade-Volume-1396893735", "description": null, "volume_type": "arcusfc1", "snapshot_id": null, "source_volid": null, "metadata": {}, "links": [{"rel": "self", "href": "http://10.132.239.110/volume/v3/volumes/562cebe3-533a-45e6-922b-3d404b863af1"}, {"rel": "bookmark", "href": "http://10.132.239.110/volume/volumes/562cebe3-533a-45e6-922b-3d404b863af1"}], "user_id": "16783d7c80c64e54afe935a0d27fa174", "bootable": "false", "encrypted": false, "replication_status": null, "consistencygroup_id": null, "multiattach": false, "attachments": [], "os-vol-tenant-attr:tenant_id": "234aae29f86546a2963cb3339c28a9c1"}}'
2026-09-25 09:54:52,474 3735175 INFO     [tempest.lib.common.rest_client] Request (VolumesDeleteCascade:test_volume_from_snapshot_cascade_delete): 200 GET http://10.132.239.110/volume/v3/volumes/562cebe3-533a-45e6-922b-3d404b863af1 0.060s
2026-09-25 09:54:52,475 3735175 DEBUG    [tempest.lib.common.rest_client] Request - Headers: {'Content-Type': 'application/json', 'Accept': 'application/json', 'X-Auth-Token': '<omitted>'}
        Body: None
    Response - Headers: {'date': 'Fri, 25 Sep 2026 09:54:52 GMT', 'server': 'Apache/2.4.58 (Ubuntu)', 'content-type': 'application/json', 'x-compute-request-id': 'req-2b49aa52-8065-4817-9515-acb3dc982fe5', 'content-length': '849', 'openstack-api-version': 'volume 3.0', 'vary': 'OpenStack-API-Version', 'x-openstack-request-id': 'req-2b49aa52-8065-4817-9515-acb3dc982fe5', 'connection': 'close', 'status': '200', 'content-location': 'http://10.132.239.110/volume/v3/volumes/562cebe3-533a-45e6-922b-3d404b863af1'}
        Body: b'{"volume": {"id": "562cebe3-533a-45e6-922b-3d404b863af1", "status": "deleting", "size": 1, "availability_zone": "nova", "created_at": "2026-09-25T09:53:22.000000", "updated_at": "2026-09-25T09:53:26.000000", "name": "tempest-VolumesDeleteCascade-Volume-1396893735", "description": null, "volume_type": "arcusfc1", "snapshot_id": null, "source_volid": null, "metadata": {}, "links": [{"rel": "self", "href": "http://10.132.239.110/volume/v3/volumes/562cebe3-533a-45e6-922b-3d404b863af1"}, {"rel": "bookmark", "href": "http://10.132.239.110/volume/volumes/562cebe3-533a-45e6-922b-3d404b863af1"}], "user_id": "16783d7c80c64e54afe935a0d27fa174", "bootable": "false", "encrypted": false, "replication_status": null, "consistencygroup_id": null, "multiattach": false, "attachments": [], "os-vol-tenant-attr:tenant_id": "234aae29f86546a2963cb3339c28a9c1"}}'
2026-09-25 09:54:53,548 3735175 INFO     [tempest.lib.common.rest_client] Request (VolumesDeleteCascade:test_volume_from_snapshot_cascade_delete): 200 GET http://10.132.239.110/volume/v3/volumes/562cebe3-533a-45e6-922b-3d404b863af1 0.055s
2026-09-25 09:54:53,549 3735175 DEBUG    [tempest.lib.common.rest_client] Request - Headers: {'Content-Type': 'application/json', 'Accept': 'application/json', 'X-Auth-Token': '<omitted>'}
        Body: None
    Response - Headers: {'date': 'Fri, 25 Sep 2026 09:54:53 GMT', 'server': 'Apache/2.4.58 (Ubuntu)', 'content-type': 'application/json', 'x-compute-request-id': 'req-07575257-c9d2-4cdb-956b-a795a03f8061', 'content-length': '849', 'openstack-api-version': 'volume 3.0', 'vary': 'OpenStack-API-Version', 'x-openstack-request-id': 'req-07575257-c9d2-4cdb-956b-a795a03f8061', 'connection': 'close', 'status': '200', 'content-location': 'http://10.132.239.110/volume/v3/volumes/562cebe3-533a-45e6-922b-3d404b863af1'}
        Body: b'{"volume": {"id": "562cebe3-533a-45e6-922b-3d404b863af1", "status": "deleting", "size": 1, "availability_zone": "nova", "created_at": "2026-09-25T09:53:22.000000", "updated_at": "2026-09-25T09:53:26.000000", "name": "tempest-VolumesDeleteCascade-Volume-1396893735", "description": null, "volume_type": "arcusfc1", "snapshot_id": null, "source_volid": null, "metadata": {}, "links": [{"rel": "self", "href": "http://10.132.239.110/volume/v3/volumes/562cebe3-533a-45e6-922b-3d404b863af1"}, {"rel": "bookmark", "href": "http://10.132.239.110/volume/volumes/562cebe3-533a-45
    e6-922b-3d404b863af1"}], "user_id": "16783d7c80c64e54afe935a0d27fa174", "bootable": "false", "encrypted": false, "replication_status": null, "consistencygroup_id": null, "multiattach": false, "attachments": [], "os-vol-tenant-attr:tenant_id": "234aae29f86546a2963cb3339c28a9c1"}}'
2026-09-25 09:54:54,623 3735175 INFO     [tempest.lib.common.rest_client] Request (VolumesDeleteCascade:test_volume_from_snapshot_cascade_delete): 200 GET http://10.132.239.110/volume/v3/volumes/562cebe3-533a-45e6-922b-3d404b863af1 0.058s
2026-09-25 09:54:54,624 3735175 DEBUG    [tempest.lib.common.rest_client] Request - Headers: {'Content-Type': 'application/json', 'Accept': 'application/json', 'X-Auth-Token': '<omitted>'}
        Body: None
    Response - Headers: {'date': 'Fri, 25 Sep 2026 09:54:54 GMT', 'server': 'Apache/2.4.58 (Ubuntu)', 'content-type': 'application/json', 'x-compute-request-id': 'req-49217b6b-b2bf-429f-961f-c7f2f64f0c18', 'content-length': '849', 'openstack-api-version': 'volume 3.0', 'vary': 'OpenStack-API-Version', 'x-openstack-request-id': 'req-49217b6b-b2bf-429f-961f-c7f2f64f0c18', 'connection': 'close', 'status': '200', 'content-location': 'http://10.132.239.110/volume/v3/volumes/562cebe3-533a-45e6-922b-3d404b863af1'}
        Body: b'{"volume": {"id": "562cebe3-533a-45e6-922b-3d404b863af1", "status": "deleting", "size": 1, "availability_zone": "nova", "created_at": "2026-09-25T09:53:22.000000", "updated_at": "2026-09-25T09:53:26.000000", "name": "tempest-VolumesDeleteCascade-Volume-1396893735", "description": null, "volume_type": "arcusfc1", "snapshot_id": null, "source_volid": null, "metadata": {}, "links": [{"rel": "self", "href": "http://10.132.239.110/volume/v3/volumes/562cebe3-533a-45e6-922b-3d404b863af1"}, {"rel": "bookmark", "href": "http://10.132.239.110/volume/volumes/562cebe3-533a-45e6-922b-3d404b863af1"}], "user_id": "16783d7c80c64e54afe935a0d27fa174", "bootable": "false", "encrypted": false, "replication_status": null, "consistencygroup_id": null, "multiattach": false, "attachments": [], "os-vol-tenant-attr:tenant_id": "234aae29f86546a2963cb3339c28a9c1"}}'
2026-09-25 09:54:55,694 3735175 INFO     [tempest.lib.common.rest_client] Request (VolumesDeleteCascade:test_volume_from_snapshot_cascade_delete): 200 GET http://10.132.239.110/volume/v3/volumes/562cebe3-533a-45e6-922b-3d404b863af1 0.053s
2026-09-25 09:54:55,694 3735175 DEBUG    [tempest.lib.common.rest_client] Request - Headers: {'Content-Type': 'application/json', 'Accept': 'application/json', 'X-Auth-Token': '<omitted>'}
        Body: None
    Response - Headers: {'date': 'Fri, 25 Sep 2026 09:54:55 GMT', 'server': 'Apache/2.4.58 (Ubuntu)', 'content-type': 'application/json', 'x-compute-request-id': 'req-fec02a5b-dc69-4019-88fc-f800dc1d2b8d', 'content-length': '849', 'openstack-api-version': 'volume 3.0', 'vary': 'OpenStack-API-Version', 'x-openstack-request-id': 'req-fec02a5b-dc69-4019-88fc-f800dc1d2b8d', 'connection': 'close', 'status': '200', 'content-location': 'http://10.132.239.110/volume/v3/volumes/562cebe3-533a-45e6-922b-3d404b863af1'}
        Body: b'{"volume": {"id": "562cebe3-533a-45e6-922b-3d404b863af1", "status": "deleting", "size": 1, "availability_zone": "nova", "created_at": "2026-09-25T09:53:22.000000", "updated_at": "2026-09-25T09:53:26.000000", "name": "tempest-VolumesDeleteCascade-Volume-1396893735", "description": null, "volume_type": "arcusfc1", "snapshot_id": null, "source_volid": null, "metadata": {}, "links": [{"rel": "self", "href": "http://10.132.239.110/volume/v3/volumes/562cebe3-533a-45e6-922b-3d404b863af1"}, {"rel": "bookmark", "href": "http://10.132.239.110/volume/volumes/562cebe3-533a-45e6-922b-3d404b863af1"}], "user_id": "16783d7c80c64e54afe935a0d27fa174", "bootable": "false", "encrypted": false, "replication_status": null, "consistencygroup_id": null, "multiattach": false, "attachments": [], "os-vol-tenant-attr:tenant_id": "234aae29f86546a2963cb3339c28a9c1"}}'
2026-09-25 09:54:56,763 3735175 INFO     [tempest.lib.common.rest_client] Request (VolumesDeleteCascade:test_volume_from_snapshot_cascade_delete): 200 GET http:/
    /10.132.239.110/volume/v3/volumes/562cebe3-533a-45e6-922b-3d404b863af1 0.054s
2026-09-25 09:54:56,764 3735175 DEBUG    [tempest.lib.common.rest_client] Request - Headers: {'Content-Type': 'application/json', 'Accept': 'application/json', 'X-Auth-Token': '<omitted>'}
        Body: None
    Response - Headers: {'date': 'Fri, 25 Sep 2026 09:54:56 GMT', 'server': 'Apache/2.4.58 (Ubuntu)', 'content-type': 'application/json', 'x-compute-request-id': 'req-4564d326-9a55-486b-bc7d-d930d15c241d', 'content-length': '849', 'openstack-api-version': 'volume 3.0', 'vary': 'OpenStack-API-Version', 'x-openstack-request-id': 'req-4564d326-9a55-486b-bc7d-d930d15c241d', 'connection': 'close', 'status': '200', 'content-location': 'http://10.132.239.110/volume/v3/volumes/562cebe3-533a-45e6-922b-3d404b863af1'}
        Body: b'{"volume": {"id": "562cebe3-533a-45e6-922b-3d404b863af1", "status": "deleting", "size": 1, "availability_zone": "nova", "created_at": "2026-09-25T09:53:22.000000", "updated_at": "2026-09-25T09:53:26.000000", "name": "tempest-VolumesDeleteCascade-Volume-1396893735", "description": null, "volume_type": "arcusfc1", "snapshot_id": null, "source_volid": null, "metadata": {}, "links": [{"rel": "self", "href": "http://10.132.239.110/volume/v3/volumes/562cebe3-533a-45e6-922b-3d404b863af1"}, {"rel": "bookmark", "href": "http://10.132.239.110/volume/volumes/562cebe3-533a-45e6-922b-3d404b863af1"}], "user_id": "16783d7c80c64e54afe935a0d27fa174", "bootable": "false", "encrypted": false, "replication_status": null, "consistencygroup_id": null, "multiattach": false, "attachments": [], "os-vol-tenant-attr:tenant_id": "234aae29f86546a2963cb3339c28a9c1"}}'
2026-09-25 09:54:57,837 3735175 INFO     [tempest.lib.common.rest_client] Request (VolumesDeleteCascade:test_volume_from_snapshot_cascade_delete): 200 GET http://10.132.239.110/volume/v3/volumes/562cebe3-533a-45e6-922b-3d404b863af1 0.056s
2026-09-25 09:54:57,837 3735175 DEBUG    [tempest.lib.common.rest_client] Request - Headers: {'Content-Type': 'application/json', 'Accept': 'application/json', 'X-Auth-Token': '<omitted>'}
        Body: None
    Response - Headers: {'date': 'Fri, 25 Sep 2026 09:54:57 GMT', 'server': 'Apache/2.4.58 (Ubuntu)', 'content-type': 'application/json', 'x-compute-request-id': 'req-3d8b2327-e7e1-4b0e-9696-1f535df3b9bd', 'content-length': '849', 'openstack-api-version': 'volume 3.0', 'vary': 'OpenStack-API-Version', 'x-openstack-request-id': 'req-3d8b2327-e7e1-4b0e-9696-1f535df3b9bd', 'connection': 'close', 'status': '200', 'content-location': 'http://10.132.239.110/volume/v3/volumes/562cebe3-533a-45e6-922b-3d404b863af1'}
        Body: b'{"volume": {"id": "562cebe3-533a-45e6-922b-3d404b863af1", "status": "deleting", "size": 1, "availability_zone": "nova", "created_at": "2026-09-25T09:53:22.000000", "updated_at": "2026-09-25T09:53:26.000000", "name": "tempest-VolumesDeleteCascade-Volume-1396893735", "description": null, "volume_type": "arcusfc1", "snapshot_id": null, "source_volid": null, "metadata": {}, "links": [{"rel": "self", "href": "http://10.132.239.110/volume/v3/volumes/562cebe3-533a-45e6-922b-3d404b863af1"}, {"rel": "bookmark", "href": "http://10.132.239.110/volume/volumes/562cebe3-533a-45e6-922b-3d404b863af1"}], "user_id": "16783d7c80c64e54afe935a0d27fa174", "bootable": "false", "encrypted": false, "replication_status": null, "consistencygroup_id": null, "multiattach": false, "attachments": [], "os-vol-tenant-attr:tenant_id": "234aae29f86546a2963cb3339c28a9c1"}}'
2026-09-25 09:54:58,913 3735175 INFO     [tempest.lib.common.rest_client] Request (VolumesDeleteCascade:test_volume_from_snapshot_cascade_delete): 200 GET http://10.132.239.110/volume/v3/volumes/562cebe3-533a-45e6-922b-3d404b863af1 0.060s
2026-09-25 09:54:58,914 3735175 DEBUG    [tempest.lib.common.rest_client] Request - Headers: {'Content-Type': 'application/json', 'Accept': 'application/json', 'X-Auth-Token': '<omitted>'}
        Body: None
    Response - Headers: {'date': 'Fri, 25 Sep 2026 09:54:58 GMT', 'server': 'Apache/2.4.58 (Ubuntu)', 'content-type': 'application/json', 'x-compute-request
    -id': 'req-3f1c3f2d-c352-4cf4-b702-ed493bda5868', 'content-length': '849', 'openstack-api-version': 'volume 3.0', 'vary': 'OpenStack-API-Version', 'x-openstack-request-id': 'req-3f1c3f2d-c352-4cf4-b702-ed493bda5868', 'connection': 'close', 'status': '200', 'content-location': 'http://10.132.239.110/volume/v3/volumes/562cebe3-533a-45e6-922b-3d404b863af1'}
        Body: b'{"volume": {"id": "562cebe3-533a-45e6-922b-3d404b863af1", "status": "deleting", "size": 1, "availability_zone": "nova", "created_at": "2026-09-25T09:53:22.000000", "updated_at": "2026-09-25T09:53:26.000000", "name": "tempest-VolumesDeleteCascade-Volume-1396893735", "description": null, "volume_type": "arcusfc1", "snapshot_id": null, "source_volid": null, "metadata": {}, "links": [{"rel": "self", "href": "http://10.132.239.110/volume/v3/volumes/562cebe3-533a-45e6-922b-3d404b863af1"}, {"rel": "bookmark", "href": "http://10.132.239.110/volume/volumes/562cebe3-533a-45e6-922b-3d404b863af1"}], "user_id": "16783d7c80c64e54afe935a0d27fa174", "bootable": "false", "encrypted": false, "replication_status": null, "consistencygroup_id": null, "multiattach": false, "attachments": [], "os-vol-tenant-attr:tenant_id": "234aae29f86546a2963cb3339c28a9c1"}}'
2026-09-25 09:54:59,980 3735175 INFO     [tempest.lib.common.rest_client] Request (VolumesDeleteCascade:test_volume_from_snapshot_cascade_delete): 200 GET http://10.132.239.110/volume/v3/volumes/562cebe3-533a-45e6-922b-3d404b863af1 0.051s
2026-09-25 09:54:59,981 3735175 DEBUG    [tempest.lib.common.rest_client] Request - Headers: {'Content-Type': 'application/json', 'Accept': 'application/json', 'X-Auth-Token': '<omitted>'}
        Body: None
    Response - Headers: {'date': 'Fri, 25 Sep 2026 09:54:59 GMT', 'server': 'Apache/2.4.58 (Ubuntu)', 'content-type': 'application/json', 'x-compute-request-id': 'req-c26a5031-3853-4835-a934-64c3901832b8', 'content-length': '849', 'openstack-api-version': 'volume 3.0', 'vary': 'OpenStack-API-Version', 'x-openstack-request-id': 'req-c26a5031-3853-4835-a934-64c3901832b8', 'connection': 'close', 'status': '200', 'content-location': 'http://10.132.239.110/volume/v3/volumes/562cebe3-533a-45e6-922b-3d404b863af1'}
        Body: b'{"volume": {"id": "562cebe3-533a-45e6-922b-3d404b863af1", "status": "deleting", "size": 1, "availability_zone": "nova", "created_at": "2026-09-25T09:53:22.000000", "updated_at": "2026-09-25T09:53:26.000000", "name": "tempest-VolumesDeleteCascade-Volume-1396893735", "description": null, "volume_type": "arcusfc1", "snapshot_id": null, "source_volid": null, "metadata": {}, "links": [{"rel": "self", "href": "http://10.132.239.110/volume/v3/volumes/562cebe3-533a-45e6-922b-3d404b863af1"}, {"rel": "bookmark", "href": "http://10.132.239.110/volume/volumes/562cebe3-533a-45e6-922b-3d404b863af1"}], "user_id": "16783d7c80c64e54afe935a0d27fa174", "bootable": "false", "encrypted": false, "replication_status": null, "consistencygroup_id": null, "multiattach": false, "attachments": [], "os-vol-tenant-attr:tenant_id": "234aae29f86546a2963cb3339c28a9c1"}}'
2026-09-25 09:55:01,064 3735175 INFO     [tempest.lib.common.rest_client] Request (VolumesDeleteCascade:test_volume_from_snapshot_cascade_delete): 200 GET http://10.132.239.110/volume/v3/volumes/562cebe3-533a-45e6-922b-3d404b863af1 0.061s
2026-09-25 09:55:01,064 3735175 DEBUG    [tempest.lib.common.rest_client] Request - Headers: {'Content-Type': 'application/json', 'Accept': 'application/json', 'X-Auth-Token': '<omitted>'}
        Body: None
    Response - Headers: {'date': 'Fri, 25 Sep 2026 09:55:01 GMT', 'server': 'Apache/2.4.58 (Ubuntu)', 'content-type': 'application/json', 'x-compute-request-id': 'req-5469a1fb-5d84-4d07-b8c3-60f382794a44', 'content-length': '849', 'openstack-api-version': 'volume 3.0', 'vary': 'OpenStack-API-Version', 'x-openstack-request-id': 'req-5469a1fb-5d84-4d07-b8c3-60f382794a44', 'connection': 'close', 'status': '200', 'content-location': 'http://10.132.239.110/volume/v3/volumes/562cebe3-533a-45e6-922b-3d404b863af1'}
        Body: b'{"volume": {"id": "562cebe3-533a-45e6-922b-3d404b863af1", "status": "
    deleting", "size": 1, "availability_zone": "nova", "created_at": "2026-09-25T09:53:22.000000", "updated_at": "2026-09-25T09:53:26.000000", "name": "tempest-VolumesDeleteCascade-Volume-1396893735", "description": null, "volume_type": "arcusfc1", "snapshot_id": null, "source_volid": null, "metadata": {}, "links": [{"rel": "self", "href": "http://10.132.239.110/volume/v3/volumes/562cebe3-533a-45e6-922b-3d404b863af1"}, {"rel": "bookmark", "href": "http://10.132.239.110/volume/volumes/562cebe3-533a-45e6-922b-3d404b863af1"}], "user_id": "16783d7c80c64e54afe935a0d27fa174", "bootable": "false", "encrypted": false, "replication_status": null, "consistencygroup_id": null, "multiattach": false, "attachments": [], "os-vol-tenant-attr:tenant_id": "234aae29f86546a2963cb3339c28a9c1"}}'
2026-09-25 09:55:02,133 3735175 INFO     [tempest.lib.common.rest_client] Request (VolumesDeleteCascade:test_volume_from_snapshot_cascade_delete): 200 GET http://10.132.239.110/volume/v3/volumes/562cebe3-533a-45e6-922b-3d404b863af1 0.052s
2026-09-25 09:55:02,134 3735175 DEBUG    [tempest.lib.common.rest_client] Request - Headers: {'Content-Type': 'application/json', 'Accept': 'application/json', 'X-Auth-Token': '<omitted>'}
        Body: None
    Response - Headers: {'date': 'Fri, 25 Sep 2026 09:55:02 GMT', 'server': 'Apache/2.4.58 (Ubuntu)', 'content-type': 'application/json', 'x-compute-request-id': 'req-1841c110-caf9-422a-845c-12677f53427f', 'content-length': '849', 'openstack-api-version': 'volume 3.0', 'vary': 'OpenStack-API-Version', 'x-openstack-request-id': 'req-1841c110-caf9-422a-845c-12677f53427f', 'connection': 'close', 'status': '200', 'content-location': 'http://10.132.239.110/volume/v3/volumes/562cebe3-533a-45e6-922b-3d404b863af1'}
        Body: b'{"volume": {"id": "562cebe3-533a-45e6-922b-3d404b863af1", "status": "deleting", "size": 1, "availability_zone": "nova", "created_at": "2026-09-25T09:53:22.000000", "updated_at": "2026-09-25T09:53:26.000000", "name": "tempest-VolumesDeleteCascade-Volume-1396893735", "description": null, "volume_type": "arcusfc1", "snapshot_id": null, "source_volid": null, "metadata": {}, "links": [{"rel": "self", "href": "http://10.132.239.110/volume/v3/volumes/562cebe3-533a-45e6-922b-3d404b863af1"}, {"rel": "bookmark", "href": "http://10.132.239.110/volume/volumes/562cebe3-533a-45e6-922b-3d404b863af1"}], "user_id": "16783d7c80c64e54afe935a0d27fa174", "bootable": "false", "encrypted": false, "replication_status": null, "consistencygroup_id": null, "multiattach": false, "attachments": [], "os-vol-tenant-attr:tenant_id": "234aae29f86546a2963cb3339c28a9c1"}}'
2026-09-25 09:55:03,212 3735175 INFO     [tempest.lib.common.rest_client] Request (VolumesDeleteCascade:test_volume_from_snapshot_cascade_delete): 200 GET http://10.132.239.110/volume/v3/volumes/562cebe3-533a-45e6-922b-3d404b863af1 0.060s
2026-09-25 09:55:03,212 3735175 DEBUG    [tempest.lib.common.rest_client] Request - Headers: {'Content-Type': 'application/json', 'Accept': 'application/json', 'X-Auth-Token': '<omitted>'}
        Body: None
    Response - Headers: {'date': 'Fri, 25 Sep 2026 09:55:03 GMT', 'server': 'Apache/2.4.58 (Ubuntu)', 'content-type': 'application/json', 'x-compute-request-id': 'req-318ef65f-98a0-4a19-b86f-49c583caf25a', 'content-length': '849', 'openstack-api-version': 'volume 3.0', 'vary': 'OpenStack-API-Version', 'x-openstack-request-id': 'req-318ef65f-98a0-4a19-b86f-49c583caf25a', 'connection': 'close', 'status': '200', 'content-location': 'http://10.132.239.110/volume/v3/volumes/562cebe3-533a-45e6-922b-3d404b863af1'}
        Body: b'{"volume": {"id": "562cebe3-533a-45e6-922b-3d404b863af1", "status": "deleting", "size": 1, "availability_zone": "nova", "created_at": "2026-09-25T09:53:22.000000", "updated_at": "2026-09-25T09:53:26.000000", "name": "tempest-VolumesDeleteCascade-Volume-1396893735", "description": null, "volume_type": "arcusfc1", "snapshot_id": null, "source_volid": null, "metadata": {}, "links": [{"rel": "self", "href": "http://10.132.239.110/volume/v3/volumes/562cebe3-533a-45e6-922b-3d404b863af1"}, {"rel": "bookmark", "hr
    ef": "http://10.132.239.110/volume/volumes/562cebe3-533a-45e6-922b-3d404b863af1"}], "user_id": "16783d7c80c64e54afe935a0d27fa174", "bootable": "false", "encrypted": false, "replication_status": null, "consistencygroup_id": null, "multiattach": false, "attachments": [], "os-vol-tenant-attr:tenant_id": "234aae29f86546a2963cb3339c28a9c1"}}'
2026-09-25 09:55:04,294 3735175 INFO     [tempest.lib.common.rest_client] Request (VolumesDeleteCascade:test_volume_from_snapshot_cascade_delete): 200 GET http://10.132.239.110/volume/v3/volumes/562cebe3-533a-45e6-922b-3d404b863af1 0.065s
2026-09-25 09:55:04,295 3735175 DEBUG    [tempest.lib.common.rest_client] Request - Headers: {'Content-Type': 'application/json', 'Accept': 'application/json', 'X-Auth-Token': '<omitted>'}
        Body: None
    Response - Headers: {'date': 'Fri, 25 Sep 2026 09:55:04 GMT', 'server': 'Apache/2.4.58 (Ubuntu)', 'content-type': 'application/json', 'x-compute-request-id': 'req-b5d09d3f-5b2b-45ed-a0d0-6b9f4a0b79dd', 'content-length': '849', 'openstack-api-version': 'volume 3.0', 'vary': 'OpenStack-API-Version', 'x-openstack-request-id': 'req-b5d09d3f-5b2b-45ed-a0d0-6b9f4a0b79dd', 'connection': 'close', 'status': '200', 'content-location': 'http://10.132.239.110/volume/v3/volumes/562cebe3-533a-45e6-922b-3d404b863af1'}
        Body: b'{"volume": {"id": "562cebe3-533a-45e6-922b-3d404b863af1", "status": "deleting", "size": 1, "availability_zone": "nova", "created_at": "2026-09-25T09:53:22.000000", "updated_at": "2026-09-25T09:53:26.000000", "name": "tempest-VolumesDeleteCascade-Volume-1396893735", "description": null, "volume_type": "arcusfc1", "snapshot_id": null, "source_volid": null, "metadata": {}, "links": [{"rel": "self", "href": "http://10.132.239.110/volume/v3/volumes/562cebe3-533a-45e6-922b-3d404b863af1"}, {"rel": "bookmark", "href": "http://10.132.239.110/volume/volumes/562cebe3-533a-45e6-922b-3d404b863af1"}], "user_id": "16783d7c80c64e54afe935a0d27fa174", "bootable": "false", "encrypted": false, "replication_status": null, "consistencygroup_id": null, "multiattach": false, "attachments": [], "os-vol-tenant-attr:tenant_id": "234aae29f86546a2963cb3339c28a9c1"}}'
2026-09-25 09:55:05,366 3735175 INFO     [tempest.lib.common.rest_client] Request (VolumesDeleteCascade:test_volume_from_snapshot_cascade_delete): 200 GET http://10.132.239.110/volume/v3/volumes/562cebe3-533a-45e6-922b-3d404b863af1 0.053s
2026-09-25 09:55:05,367 3735175 DEBUG    [tempest.lib.common.rest_client] Request - Headers: {'Content-Type': 'application/json', 'Accept': 'application/json', 'X-Auth-Token': '<omitted>'}
        Body: None
    Response - Headers: {'date': 'Fri, 25 Sep 2026 09:55:05 GMT', 'server': 'Apache/2.4.58 (Ubuntu)', 'content-type': 'application/json', 'x-compute-request-id': 'req-2490702b-f88f-48d0-a15b-c23f27de669b', 'content-length': '849', 'openstack-api-version': 'volume 3.0', 'vary': 'OpenStack-API-Version', 'x-openstack-request-id': 'req-2490702b-f88f-48d0-a15b-c23f27de669b', 'connection': 'close', 'status': '200', 'content-location': 'http://10.132.239.110/volume/v3/volumes/562cebe3-533a-45e6-922b-3d404b863af1'}
        Body: b'{"volume": {"id": "562cebe3-533a-45e6-922b-3d404b863af1", "status": "deleting", "size": 1, "availability_zone": "nova", "created_at": "2026-09-25T09:53:22.000000", "updated_at": "2026-09-25T09:53:26.000000", "name": "tempest-VolumesDeleteCascade-Volume-1396893735", "description": null, "volume_type": "arcusfc1", "snapshot_id": null, "source_volid": null, "metadata": {}, "links": [{"rel": "self", "href": "http://10.132.239.110/volume/v3/volumes/562cebe3-533a-45e6-922b-3d404b863af1"}, {"rel": "bookmark", "href": "http://10.132.239.110/volume/volumes/562cebe3-533a-45e6-922b-3d404b863af1"}], "user_id": "16783d7c80c64e54afe935a0d27fa174", "bootable": "false", "encrypted": false, "replication_status": null, "consistencygroup_id": null, "multiattach": false, "attachments": [], "os-vol-tenant-attr:tenant_id": "234aae29f86546a2963cb3339c28a9c1"}}'
2026-09-25 09:55:06,444 3735175 INFO     [tempest.lib.common.rest_client] Request (VolumesDeleteCascad
    e:test_volume_from_snapshot_cascade_delete): 200 GET http://10.132.239.110/volume/v3/volumes/562cebe3-533a-45e6-922b-3d404b863af1 0.056s
2026-09-25 09:55:06,444 3735175 DEBUG    [tempest.lib.common.rest_client] Request - Headers: {'Content-Type': 'application/json', 'Accept': 'application/json', 'X-Auth-Token': '<omitted>'}
        Body: None
    Response - Headers: {'date': 'Fri, 25 Sep 2026 09:55:06 GMT', 'server': 'Apache/2.4.58 (Ubuntu)', 'content-type': 'application/json', 'x-compute-request-id': 'req-144db3be-1bbd-4f9d-9ce8-19f169e17356', 'content-length': '849', 'openstack-api-version': 'volume 3.0', 'vary': 'OpenStack-API-Version', 'x-openstack-request-id': 'req-144db3be-1bbd-4f9d-9ce8-19f169e17356', 'connection': 'close', 'status': '200', 'content-location': 'http://10.132.239.110/volume/v3/volumes/562cebe3-533a-45e6-922b-3d404b863af1'}
        Body: b'{"volume": {"id": "562cebe3-533a-45e6-922b-3d404b863af1", "status": "deleting", "size": 1, "availability_zone": "nova", "created_at": "2026-09-25T09:53:22.000000", "updated_at": "2026-09-25T09:53:26.000000", "name": "tempest-VolumesDeleteCascade-Volume-1396893735", "description": null, "volume_type": "arcusfc1", "snapshot_id": null, "source_volid": null, "metadata": {}, "links": [{"rel": "self", "href": "http://10.132.239.110/volume/v3/volumes/562cebe3-533a-45e6-922b-3d404b863af1"}, {"rel": "bookmark", "href": "http://10.132.239.110/volume/volumes/562cebe3-533a-45e6-922b-3d404b863af1"}], "user_id": "16783d7c80c64e54afe935a0d27fa174", "bootable": "false", "encrypted": false, "replication_status": null, "consistencygroup_id": null, "multiattach": false, "attachments": [], "os-vol-tenant-attr:tenant_id": "234aae29f86546a2963cb3339c28a9c1"}}'
2026-09-25 09:55:07,518 3735175 INFO     [tempest.lib.common.rest_client] Request (VolumesDeleteCascade:test_volume_from_snapshot_cascade_delete): 200 GET http://10.132.239.110/volume/v3/volumes/562cebe3-533a-45e6-922b-3d404b863af1 0.058s
2026-09-25 09:55:07,519 3735175 DEBUG    [tempest.lib.common.rest_client] Request - Headers: {'Content-Type': 'application/json', 'Accept': 'application/json', 'X-Auth-Token': '<omitted>'}
        Body: None
    Response - Headers: {'date': 'Fri, 25 Sep 2026 09:55:07 GMT', 'server': 'Apache/2.4.58 (Ubuntu)', 'content-type': 'application/json', 'x-compute-request-id': 'req-19e5b805-0ebd-40a2-add3-f0b9ef89d5a1', 'content-length': '849', 'openstack-api-version': 'volume 3.0', 'vary': 'OpenStack-API-Version', 'x-openstack-request-id': 'req-19e5b805-0ebd-40a2-add3-f0b9ef89d5a1', 'connection': 'close', 'status': '200', 'content-location': 'http://10.132.239.110/volume/v3/volumes/562cebe3-533a-45e6-922b-3d404b863af1'}
        Body: b'{"volume": {"id": "562cebe3-533a-45e6-922b-3d404b863af1", "status": "deleting", "size": 1, "availability_zone": "nova", "created_at": "2026-09-25T09:53:22.000000", "updated_at": "2026-09-25T09:53:26.000000", "name": "tempest-VolumesDeleteCascade-Volume-1396893735", "description": null, "volume_type": "arcusfc1", "snapshot_id": null, "source_volid": null, "metadata": {}, "links": [{"rel": "self", "href": "http://10.132.239.110/volume/v3/volumes/562cebe3-533a-45e6-922b-3d404b863af1"}, {"rel": "bookmark", "href": "http://10.132.239.110/volume/volumes/562cebe3-533a-45e6-922b-3d404b863af1"}], "user_id": "16783d7c80c64e54afe935a0d27fa174", "bootable": "false", "encrypted": false, "replication_status": null, "consistencygroup_id": null, "multiattach": false, "attachments": [], "os-vol-tenant-attr:tenant_id": "234aae29f86546a2963cb3339c28a9c1"}}'
2026-09-25 09:55:08,595 3735175 INFO     [tempest.lib.common.rest_client] Request (VolumesDeleteCascade:test_volume_from_snapshot_cascade_delete): 200 GET http://10.132.239.110/volume/v3/volumes/562cebe3-533a-45e6-922b-3d404b863af1 0.061s
2026-09-25 09:55:08,596 3735175 DEBUG    [tempest.lib.common.rest_client] Request - Headers: {'Content-Type': 'application/json', 'Accept': 'application/json', 'X-Auth-Token': '<omitted>'}
        Body: None
    Response - Headers: {'date': 'Fri, 25 Sep 2026 09:55:08 GMT', 'server': 'Apache/2.4.58 (Ubunt
    u)', 'content-type': 'application/json', 'x-compute-request-id': 'req-b23a9ebc-90e6-4e6e-bd66-4894556ebfc5', 'content-length': '849', 'openstack-api-version': 'volume 3.0', 'vary': 'OpenStack-API-Version', 'x-openstack-request-id': 'req-b23a9ebc-90e6-4e6e-bd66-4894556ebfc5', 'connection': 'close', 'status': '200', 'content-location': 'http://10.132.239.110/volume/v3/volumes/562cebe3-533a-45e6-922b-3d404b863af1'}
        Body: b'{"volume": {"id": "562cebe3-533a-45e6-922b-3d404b863af1", "status": "deleting", "size": 1, "availability_zone": "nova", "created_at": "2026-09-25T09:53:22.000000", "updated_at": "2026-09-25T09:53:26.000000", "name": "tempest-VolumesDeleteCascade-Volume-1396893735", "description": null, "volume_type": "arcusfc1", "snapshot_id": null, "source_volid": null, "metadata": {}, "links": [{"rel": "self", "href": "http://10.132.239.110/volume/v3/volumes/562cebe3-533a-45e6-922b-3d404b863af1"}, {"rel": "bookmark", "href": "http://10.132.239.110/volume/volumes/562cebe3-533a-45e6-922b-3d404b863af1"}], "user_id": "16783d7c80c64e54afe935a0d27fa174", "bootable": "false", "encrypted": false, "replication_status": null, "consistencygroup_id": null, "multiattach": false, "attachments": [], "os-vol-tenant-attr:tenant_id": "234aae29f86546a2963cb3339c28a9c1"}}'
2026-09-25 09:55:09,666 3735175 INFO     [tempest.lib.common.rest_client] Request (VolumesDeleteCascade:test_volume_from_snapshot_cascade_delete): 200 GET http://10.132.239.110/volume/v3/volumes/562cebe3-533a-45e6-922b-3d404b863af1 0.053s
2026-09-25 09:55:09,667 3735175 DEBUG    [tempest.lib.common.rest_client] Request - Headers: {'Content-Type': 'application/json', 'Accept': 'application/json', 'X-Auth-Token': '<omitted>'}
        Body: None
    Response - Headers: {'date': 'Fri, 25 Sep 2026 09:55:09 GMT', 'server': 'Apache/2.4.58 (Ubuntu)', 'content-type': 'application/json', 'x-compute-request-id': 'req-ec13b91c-6133-4dc7-8584-f17b7191bdfd', 'content-length': '849', 'openstack-api-version': 'volume 3.0', 'vary': 'OpenStack-API-Version', 'x-openstack-request-id': 'req-ec13b91c-6133-4dc7-8584-f17b7191bdfd', 'connection': 'close', 'status': '200', 'content-location': 'http://10.132.239.110/volume/v3/volumes/562cebe3-533a-45e6-922b-3d404b863af1'}
        Body: b'{"volume": {"id": "562cebe3-533a-45e6-922b-3d404b863af1", "status": "deleting", "size": 1, "availability_zone": "nova", "created_at": "2026-09-25T09:53:22.000000", "updated_at": "2026-09-25T09:53:26.000000", "name": "tempest-VolumesDeleteCascade-Volume-1396893735", "description": null, "volume_type": "arcusfc1", "snapshot_id": null, "source_volid": null, "metadata": {}, "links": [{"rel": "self", "href": "http://10.132.239.110/volume/v3/volumes/562cebe3-533a-45e6-922b-3d404b863af1"}, {"rel": "bookmark", "href": "http://10.132.239.110/volume/volumes/562cebe3-533a-45e6-922b-3d404b863af1"}], "user_id": "16783d7c80c64e54afe935a0d27fa174", "bootable": "false", "encrypted": false, "replication_status": null, "consistencygroup_id": null, "multiattach": false, "attachments": [], "os-vol-tenant-attr:tenant_id": "234aae29f86546a2963cb3339c28a9c1"}}'
2026-09-25 09:55:10,739 3735175 INFO     [tempest.lib.common.rest_client] Request (VolumesDeleteCascade:test_volume_from_snapshot_cascade_delete): 200 GET http://10.132.239.110/volume/v3/volumes/562cebe3-533a-45e6-922b-3d404b863af1 0.057s
2026-09-25 09:55:10,740 3735175 DEBUG    [tempest.lib.common.rest_client] Request - Headers: {'Content-Type': 'application/json', 'Accept': 'application/json', 'X-Auth-Token': '<omitted>'}
        Body: None
    Response - Headers: {'date': 'Fri, 25 Sep 2026 09:55:10 GMT', 'server': 'Apache/2.4.58 (Ubuntu)', 'content-type': 'application/json', 'x-compute-request-id': 'req-110cc964-b94f-498e-8588-bc05a3f9d40f', 'content-length': '849', 'openstack-api-version': 'volume 3.0', 'vary': 'OpenStack-API-Version', 'x-openstack-request-id': 'req-110cc964-b94f-498e-8588-bc05a3f9d40f', 'connection': 'close', 'status': '200', 'content-location': 'http://10.132.239.110/volume/v3/volumes/562cebe3-533a-45e6-922b-3d404b863af1'}
        Body: b'{"volume":
     {"id": "562cebe3-533a-45e6-922b-3d404b863af1", "status": "deleting", "size": 1, "availability_zone": "nova", "created_at": "2026-09-25T09:53:22.000000", "updated_at": "2026-09-25T09:53:26.000000", "name": "tempest-VolumesDeleteCascade-Volume-1396893735", "description": null, "volume_type": "arcusfc1", "snapshot_id": null, "source_volid": null, "metadata": {}, "links": [{"rel": "self", "href": "http://10.132.239.110/volume/v3/volumes/562cebe3-533a-45e6-922b-3d404b863af1"}, {"rel": "bookmark", "href": "http://10.132.239.110/volume/volumes/562cebe3-533a-45e6-922b-3d404b863af1"}], "user_id": "16783d7c80c64e54afe935a0d27fa174", "bootable": "false", "encrypted": false, "replication_status": null, "consistencygroup_id": null, "multiattach": false, "attachments": [], "os-vol-tenant-attr:tenant_id": "234aae29f86546a2963cb3339c28a9c1"}}'
2026-09-25 09:55:11,810 3735175 INFO     [tempest.lib.common.rest_client] Request (VolumesDeleteCascade:test_volume_from_snapshot_cascade_delete): 200 GET http://10.132.239.110/volume/v3/volumes/562cebe3-533a-45e6-922b-3d404b863af1 0.053s
2026-09-25 09:55:11,811 3735175 DEBUG    [tempest.lib.common.rest_client] Request - Headers: {'Content-Type': 'application/json', 'Accept': 'application/json', 'X-Auth-Token': '<omitted>'}
        Body: None
    Response - Headers: {'date': 'Fri, 25 Sep 2026 09:55:11 GMT', 'server': 'Apache/2.4.58 (Ubuntu)', 'content-type': 'application/json', 'x-compute-request-id': 'req-a301ca20-ab88-49c0-8e91-24994c137f91', 'content-length': '849', 'openstack-api-version': 'volume 3.0', 'vary': 'OpenStack-API-Version', 'x-openstack-request-id': 'req-a301ca20-ab88-49c0-8e91-24994c137f91', 'connection': 'close', 'status': '200', 'content-location': 'http://10.132.239.110/volume/v3/volumes/562cebe3-533a-45e6-922b-3d404b863af1'}
        Body: b'{"volume": {"id": "562cebe3-533a-45e6-922b-3d404b863af1", "status": "deleting", "size": 1, "availability_zone": "nova", "created_at": "2026-09-25T09:53:22.000000", "updated_at": "2026-09-25T09:53:26.000000", "name": "tempest-VolumesDeleteCascade-Volume-1396893735", "description": null, "volume_type": "arcusfc1", "snapshot_id": null, "source_volid": null, "metadata": {}, "links": [{"rel": "self", "href": "http://10.132.239.110/volume/v3/volumes/562cebe3-533a-45e6-922b-3d404b863af1"}, {"rel": "bookmark", "href": "http://10.132.239.110/volume/volumes/562cebe3-533a-45e6-922b-3d404b863af1"}], "user_id": "16783d7c80c64e54afe935a0d27fa174", "bootable": "false", "encrypted": false, "replication_status": null, "consistencygroup_id": null, "multiattach": false, "attachments": [], "os-vol-tenant-attr:tenant_id": "234aae29f86546a2963cb3339c28a9c1"}}'
2026-09-25 09:55:12,894 3735175 INFO     [tempest.lib.common.rest_client] Request (VolumesDeleteCascade:test_volume_from_snapshot_cascade_delete): 200 GET http://10.132.239.110/volume/v3/volumes/562cebe3-533a-45e6-922b-3d404b863af1 0.067s
2026-09-25 09:55:12,895 3735175 DEBUG    [tempest.lib.common.rest_client] Request - Headers: {'Content-Type': 'application/json', 'Accept': 'application/json', 'X-Auth-Token': '<omitted>'}
        Body: None
    Response - Headers: {'date': 'Fri, 25 Sep 2026 09:55:12 GMT', 'server': 'Apache/2.4.58 (Ubuntu)', 'content-type': 'application/json', 'x-compute-request-id': 'req-dc11fb7a-8b0f-4824-b7c2-d8b263732193', 'content-length': '849', 'openstack-api-version': 'volume 3.0', 'vary': 'OpenStack-API-Version', 'x-openstack-request-id': 'req-dc11fb7a-8b0f-4824-b7c2-d8b263732193', 'connection': 'close', 'status': '200', 'content-location': 'http://10.132.239.110/volume/v3/volumes/562cebe3-533a-45e6-922b-3d404b863af1'}
        Body: b'{"volume": {"id": "562cebe3-533a-45e6-922b-3d404b863af1", "status": "deleting", "size": 1, "availability_zone": "nova", "created_at": "2026-09-25T09:53:22.000000", "updated_at": "2026-09-25T09:53:26.000000", "name": "tempest-VolumesDeleteCascade-Volume-1396893735", "description": null, "volume_type": "arcusfc1", "snapshot_id": null, "source_volid": null, "metadata": {}, "links": [{"rel": "self", "href": "http://10.132.239.110/volume/v3/volumes/562c
    ebe3-533a-45e6-922b-3d404b863af1"}, {"rel": "bookmark", "href": "http://10.132.239.110/volume/volumes/562cebe3-533a-45e6-922b-3d404b863af1"}], "user_id": "16783d7c80c64e54afe935a0d27fa174", "bootable": "false", "encrypted": false, "replication_status": null, "consistencygroup_id": null, "multiattach": false, "attachments": [], "os-vol-tenant-attr:tenant_id": "234aae29f86546a2963cb3339c28a9c1"}}'
2026-09-25 09:55:13,988 3735175 INFO     [tempest.lib.common.rest_client] Request (VolumesDeleteCascade:test_volume_from_snapshot_cascade_delete): 200 GET http://10.132.239.110/volume/v3/volumes/562cebe3-533a-45e6-922b-3d404b863af1 0.060s
2026-09-25 09:55:13,988 3735175 DEBUG    [tempest.lib.common.rest_client] Request - Headers: {'Content-Type': 'application/json', 'Accept': 'application/json', 'X-Auth-Token': '<omitted>'}
        Body: None
    Response - Headers: {'date': 'Fri, 25 Sep 2026 09:55:13 GMT', 'server': 'Apache/2.4.58 (Ubuntu)', 'content-type': 'application/json', 'x-compute-request-id': 'req-ed0cc482-df62-4153-a066-63d49e9fa1a6', 'content-length': '849', 'openstack-api-version': 'volume 3.0', 'vary': 'OpenStack-API-Version', 'x-openstack-request-id': 'req-ed0cc482-df62-4153-a066-63d49e9fa1a6', 'connection': 'close', 'status': '200', 'content-location': 'http://10.132.239.110/volume/v3/volumes/562cebe3-533a-45e6-922b-3d404b863af1'}
        Body: b'{"volume": {"id": "562cebe3-533a-45e6-922b-3d404b863af1", "status": "deleting", "size": 1, "availability_zone": "nova", "created_at": "2026-09-25T09:53:22.000000", "updated_at": "2026-09-25T09:53:26.000000", "name": "tempest-VolumesDeleteCascade-Volume-1396893735", "description": null, "volume_type": "arcusfc1", "snapshot_id": null, "source_volid": null, "metadata": {}, "links": [{"rel": "self", "href": "http://10.132.239.110/volume/v3/volumes/562cebe3-533a-45e6-922b-3d404b863af1"}, {"rel": "bookmark", "href": "http://10.132.239.110/volume/volumes/562cebe3-533a-45e6-922b-3d404b863af1"}], "user_id": "16783d7c80c64e54afe935a0d27fa174", "bootable": "false", "encrypted": false, "replication_status": null, "consistencygroup_id": null, "multiattach": false, "attachments": [], "os-vol-tenant-attr:tenant_id": "234aae29f86546a2963cb3339c28a9c1"}}'
2026-09-25 09:55:15,060 3735175 INFO     [tempest.lib.common.rest_client] Request (VolumesDeleteCascade:test_volume_from_snapshot_cascade_delete): 200 GET http://10.132.239.110/volume/v3/volumes/562cebe3-533a-45e6-922b-3d404b863af1 0.055s
2026-09-25 09:55:15,061 3735175 DEBUG    [tempest.lib.common.rest_client] Request - Headers: {'Content-Type': 'application/json', 'Accept': 'application/json', 'X-Auth-Token': '<omitted>'}
        Body: None
    Response - Headers: {'date': 'Fri, 25 Sep 2026 09:55:15 GMT', 'server': 'Apache/2.4.58 (Ubuntu)', 'content-type': 'application/json', 'x-compute-request-id': 'req-8296b5e2-4506-41b9-9b54-dea15094916e', 'content-length': '849', 'openstack-api-version': 'volume 3.0', 'vary': 'OpenStack-API-Version', 'x-openstack-request-id': 'req-8296b5e2-4506-41b9-9b54-dea15094916e', 'connection': 'close', 'status': '200', 'content-location': 'http://10.132.239.110/volume/v3/volumes/562cebe3-533a-45e6-922b-3d404b863af1'}
        Body: b'{"volume": {"id": "562cebe3-533a-45e6-922b-3d404b863af1", "status": "deleting", "size": 1, "availability_zone": "nova", "created_at": "2026-09-25T09:53:22.000000", "updated_at": "2026-09-25T09:53:26.000000", "name": "tempest-VolumesDeleteCascade-Volume-1396893735", "description": null, "volume_type": "arcusfc1", "snapshot_id": null, "source_volid": null, "metadata": {}, "links": [{"rel": "self", "href": "http://10.132.239.110/volume/v3/volumes/562cebe3-533a-45e6-922b-3d404b863af1"}, {"rel": "bookmark", "href": "http://10.132.239.110/volume/volumes/562cebe3-533a-45e6-922b-3d404b863af1"}], "user_id": "16783d7c80c64e54afe935a0d27fa174", "bootable": "false", "encrypted": false, "replication_status": null, "consistencygroup_id": null, "multiattach": false, "attachments": [], "os-vol-tenant-attr:tenant_id": "234aae29f86546a2963cb3339c28a9c1"}}'
2026-09-25 09:55:16,134 3735175 INFO     [t
    empest.lib.common.rest_client] Request (VolumesDeleteCascade:test_volume_from_snapshot_cascade_delete): 200 GET http://10.132.239.110/volume/v3/volumes/562cebe3-533a-45e6-922b-3d404b863af1 0.057s
2026-09-25 09:55:16,135 3735175 DEBUG    [tempest.lib.common.rest_client] Request - Headers: {'Content-Type': 'application/json', 'Accept': 'application/json', 'X-Auth-Token': '<omitted>'}
        Body: None
    Response - Headers: {'date': 'Fri, 25 Sep 2026 09:55:16 GMT', 'server': 'Apache/2.4.58 (Ubuntu)', 'content-type': 'application/json', 'x-compute-request-id': 'req-5d8d0195-a539-4a9a-b4c4-d683d6fb5ce8', 'content-length': '849', 'openstack-api-version': 'volume 3.0', 'vary': 'OpenStack-API-Version', 'x-openstack-request-id': 'req-5d8d0195-a539-4a9a-b4c4-d683d6fb5ce8', 'connection': 'close', 'status': '200', 'content-location': 'http://10.132.239.110/volume/v3/volumes/562cebe3-533a-45e6-922b-3d404b863af1'}
        Body: b'{"volume": {"id": "562cebe3-533a-45e6-922b-3d404b863af1", "status": "deleting", "size": 1, "availability_zone": "nova", "created_at": "2026-09-25T09:53:22.000000", "updated_at": "2026-09-25T09:53:26.000000", "name": "tempest-VolumesDeleteCascade-Volume-1396893735", "description": null, "volume_type": "arcusfc1", "snapshot_id": null, "source_volid": null, "metadata": {}, "links": [{"rel": "self", "href": "http://10.132.239.110/volume/v3/volumes/562cebe3-533a-45e6-922b-3d404b863af1"}, {"rel": "bookmark", "href": "http://10.132.239.110/volume/volumes/562cebe3-533a-45e6-922b-3d404b863af1"}], "user_id": "16783d7c80c64e54afe935a0d27fa174", "bootable": "false", "encrypted": false, "replication_status": null, "consistencygroup_id": null, "multiattach": false, "attachments": [], "os-vol-tenant-attr:tenant_id": "234aae29f86546a2963cb3339c28a9c1"}}'
2026-09-25 09:55:17,209 3735175 INFO     [tempest.lib.common.rest_client] Request (VolumesDeleteCascade:test_volume_from_snapshot_cascade_delete): 200 GET http://10.132.239.110/volume/v3/volumes/562cebe3-533a-45e6-922b-3d404b863af1 0.055s
2026-09-25 09:55:17,209 3735175 DEBUG    [tempest.lib.common.rest_client] Request - Headers: {'Content-Type': 'application/json', 'Accept': 'application/json', 'X-Auth-Token': '<omitted>'}
        Body: None
    Response - Headers: {'date': 'Fri, 25 Sep 2026 09:55:17 GMT', 'server': 'Apache/2.4.58 (Ubuntu)', 'content-type': 'application/json', 'x-compute-request-id': 'req-9921fd0a-fbea-4892-87ee-e8dec7aa7f78', 'content-length': '849', 'openstack-api-version': 'volume 3.0', 'vary': 'OpenStack-API-Version', 'x-openstack-request-id': 'req-9921fd0a-fbea-4892-87ee-e8dec7aa7f78', 'connection': 'close', 'status': '200', 'content-location': 'http://10.132.239.110/volume/v3/volumes/562cebe3-533a-45e6-922b-3d404b863af1'}
        Body: b'{"volume": {"id": "562cebe3-533a-45e6-922b-3d404b863af1", "status": "deleting", "size": 1, "availability_zone": "nova", "created_at": "2026-09-25T09:53:22.000000", "updated_at": "2026-09-25T09:53:26.000000", "name": "tempest-VolumesDeleteCascade-Volume-1396893735", "description": null, "volume_type": "arcusfc1", "snapshot_id": null, "source_volid": null, "metadata": {}, "links": [{"rel": "self", "href": "http://10.132.239.110/volume/v3/volumes/562cebe3-533a-45e6-922b-3d404b863af1"}, {"rel": "bookmark", "href": "http://10.132.239.110/volume/volumes/562cebe3-533a-45e6-922b-3d404b863af1"}], "user_id": "16783d7c80c64e54afe935a0d27fa174", "bootable": "false", "encrypted": false, "replication_status": null, "consistencygroup_id": null, "multiattach": false, "attachments": [], "os-vol-tenant-attr:tenant_id": "234aae29f86546a2963cb3339c28a9c1"}}'
2026-09-25 09:55:18,283 3735175 INFO     [tempest.lib.common.rest_client] Request (VolumesDeleteCascade:test_volume_from_snapshot_cascade_delete): 200 GET http://10.132.239.110/volume/v3/volumes/562cebe3-533a-45e6-922b-3d404b863af1 0.056s
2026-09-25 09:55:18,284 3735175 DEBUG    [tempest.lib.common.rest_client] Request - Headers: {'Content-Type': 'application/json', 'Accept': 'application/json', 'X-Auth-Token': '<omitted>'}
        Body: None
    Response - Headers: {'date': 'Fri,
     25 Sep 2026 09:55:18 GMT', 'server': 'Apache/2.4.58 (Ubuntu)', 'content-type': 'application/json', 'x-compute-request-id': 'req-cb830f2b-19a6-43c8-a184-61bdc6a4f6f1', 'content-length': '849', 'openstack-api-version': 'volume 3.0', 'vary': 'OpenStack-API-Version', 'x-openstack-request-id': 'req-cb830f2b-19a6-43c8-a184-61bdc6a4f6f1', 'connection': 'close', 'status': '200', 'content-location': 'http://10.132.239.110/volume/v3/volumes/562cebe3-533a-45e6-922b-3d404b863af1'}
        Body: b'{"volume": {"id": "562cebe3-533a-45e6-922b-3d404b863af1", "status": "deleting", "size": 1, "availability_zone": "nova", "created_at": "2026-09-25T09:53:22.000000", "updated_at": "2026-09-25T09:53:26.000000", "name": "tempest-VolumesDeleteCascade-Volume-1396893735", "description": null, "volume_type": "arcusfc1", "snapshot_id": null, "source_volid": null, "metadata": {}, "links": [{"rel": "self", "href": "http://10.132.239.110/volume/v3/volumes/562cebe3-533a-45e6-922b-3d404b863af1"}, {"rel": "bookmark", "href": "http://10.132.239.110/volume/volumes/562cebe3-533a-45e6-922b-3d404b863af1"}], "user_id": "16783d7c80c64e54afe935a0d27fa174", "bootable": "false", "encrypted": false, "replication_status": null, "consistencygroup_id": null, "multiattach": false, "attachments": [], "os-vol-tenant-attr:tenant_id": "234aae29f86546a2963cb3339c28a9c1"}}'
2026-09-25 09:55:19,360 3735175 INFO     [tempest.lib.common.rest_client] Request (VolumesDeleteCascade:test_volume_from_snapshot_cascade_delete): 200 GET http://10.132.239.110/volume/v3/volumes/562cebe3-533a-45e6-922b-3d404b863af1 0.050s
2026-09-25 09:55:19,360 3735175 DEBUG    [tempest.lib.common.rest_client] Request - Headers: {'Content-Type': 'application/json', 'Accept': 'application/json', 'X-Auth-Token': '<omitted>'}
        Body: None
    Response - Headers: {'date': 'Fri, 25 Sep 2026 09:55:19 GMT', 'server': 'Apache/2.4.58 (Ubuntu)', 'content-type': 'application/json', 'x-compute-request-id': 'req-cecabbcf-eb30-4365-9e9d-d2a55c3caa25', 'content-length': '849', 'openstack-api-version': 'volume 3.0', 'vary': 'OpenStack-API-Version', 'x-openstack-request-id': 'req-cecabbcf-eb30-4365-9e9d-d2a55c3caa25', 'connection': 'close', 'status': '200', 'content-location': 'http://10.132.239.110/volume/v3/volumes/562cebe3-533a-45e6-922b-3d404b863af1'}
        Body: b'{"volume": {"id": "562cebe3-533a-45e6-922b-3d404b863af1", "status": "deleting", "size": 1, "availability_zone": "nova", "created_at": "2026-09-25T09:53:22.000000", "updated_at": "2026-09-25T09:53:26.000000", "name": "tempest-VolumesDeleteCascade-Volume-1396893735", "description": null, "volume_type": "arcusfc1", "snapshot_id": null, "source_volid": null, "metadata": {}, "links": [{"rel": "self", "href": "http://10.132.239.110/volume/v3/volumes/562cebe3-533a-45e6-922b-3d404b863af1"}, {"rel": "bookmark", "href": "http://10.132.239.110/volume/volumes/562cebe3-533a-45e6-922b-3d404b863af1"}], "user_id": "16783d7c80c64e54afe935a0d27fa174", "bootable": "false", "encrypted": false, "replication_status": null, "consistencygroup_id": null, "multiattach": false, "attachments": [], "os-vol-tenant-attr:tenant_id": "234aae29f86546a2963cb3339c28a9c1"}}'
2026-09-25 09:55:20,428 3735175 INFO     [tempest.lib.common.rest_client] Request (VolumesDeleteCascade:test_volume_from_snapshot_cascade_delete): 200 GET http://10.132.239.110/volume/v3/volumes/562cebe3-533a-45e6-922b-3d404b863af1 0.053s
2026-09-25 09:55:20,429 3735175 DEBUG    [tempest.lib.common.rest_client] Request - Headers: {'Content-Type': 'application/json', 'Accept': 'application/json', 'X-Auth-Token': '<omitted>'}
        Body: None
    Response - Headers: {'date': 'Fri, 25 Sep 2026 09:55:20 GMT', 'server': 'Apache/2.4.58 (Ubuntu)', 'content-type': 'application/json', 'x-compute-request-id': 'req-9d5c37cd-fc3c-451c-a9de-f13524ab60b0', 'content-length': '849', 'openstack-api-version': 'volume 3.0', 'vary': 'OpenStack-API-Version', 'x-openstack-request-id': 'req-9d5c37cd-fc3c-451c-a9de-f13524ab60b0', 'connection': 'close', 'status': '200', 'content-location': 'http://10.132.239.110/volume/v3/volumes/562ceb
    e3-533a-45e6-922b-3d404b863af1'}
        Body: b'{"volume": {"id": "562cebe3-533a-45e6-922b-3d404b863af1", "status": "deleting", "size": 1, "availability_zone": "nova", "created_at": "2026-09-25T09:53:22.000000", "updated_at": "2026-09-25T09:53:26.000000", "name": "tempest-VolumesDeleteCascade-Volume-1396893735", "description": null, "volume_type": "arcusfc1", "snapshot_id": null, "source_volid": null, "metadata": {}, "links": [{"rel": "self", "href": "http://10.132.239.110/volume/v3/volumes/562cebe3-533a-45e6-922b-3d404b863af1"}, {"rel": "bookmark", "href": "http://10.132.239.110/volume/volumes/562cebe3-533a-45e6-922b-3d404b863af1"}], "user_id": "16783d7c80c64e54afe935a0d27fa174", "bootable": "false", "encrypted": false, "replication_status": null, "consistencygroup_id": null, "multiattach": false, "attachments": [], "os-vol-tenant-attr:tenant_id": "234aae29f86546a2963cb3339c28a9c1"}}'
2026-09-25 09:55:21,511 3735175 INFO     [tempest.lib.common.rest_client] Request (VolumesDeleteCascade:test_volume_from_snapshot_cascade_delete): 200 GET http://10.132.239.110/volume/v3/volumes/562cebe3-533a-45e6-922b-3d404b863af1 0.063s
2026-09-25 09:55:21,511 3735175 DEBUG    [tempest.lib.common.rest_client] Request - Headers: {'Content-Type': 'application/json', 'Accept': 'application/json', 'X-Auth-Token': '<omitted>'}
        Body: None
    Response - Headers: {'date': 'Fri, 25 Sep 2026 09:55:21 GMT', 'server': 'Apache/2.4.58 (Ubuntu)', 'content-type': 'application/json', 'x-compute-request-id': 'req-463b247c-a517-4f7e-8011-c0238f042d5d', 'content-length': '849', 'openstack-api-version': 'volume 3.0', 'vary': 'OpenStack-API-Version', 'x-openstack-request-id': 'req-463b247c-a517-4f7e-8011-c0238f042d5d', 'connection': 'close', 'status': '200', 'content-location': 'http://10.132.239.110/volume/v3/volumes/562cebe3-533a-45e6-922b-3d404b863af1'}
        Body: b'{"volume": {"id": "562cebe3-533a-45e6-922b-3d404b863af1", "status": "deleting", "size": 1, "availability_zone": "nova", "created_at": "2026-09-25T09:53:22.000000", "updated_at": "2026-09-25T09:53:26.000000", "name": "tempest-VolumesDeleteCascade-Volume-1396893735", "description": null, "volume_type": "arcusfc1", "snapshot_id": null, "source_volid": null, "metadata": {}, "links": [{"rel": "self", "href": "http://10.132.239.110/volume/v3/volumes/562cebe3-533a-45e6-922b-3d404b863af1"}, {"rel": "bookmark", "href": "http://10.132.239.110/volume/volumes/562cebe3-533a-45e6-922b-3d404b863af1"}], "user_id": "16783d7c80c64e54afe935a0d27fa174", "bootable": "false", "encrypted": false, "replication_status": null, "consistencygroup_id": null, "multiattach": false, "attachments": [], "os-vol-tenant-attr:tenant_id": "234aae29f86546a2963cb3339c28a9c1"}}'
2026-09-25 09:55:22,584 3735175 INFO     [tempest.lib.common.rest_client] Request (VolumesDeleteCascade:test_volume_from_snapshot_cascade_delete): 200 GET http://10.132.239.110/volume/v3/volumes/562cebe3-533a-45e6-922b-3d404b863af1 0.056s
2026-09-25 09:55:22,585 3735175 DEBUG    [tempest.lib.common.rest_client] Request - Headers: {'Content-Type': 'application/json', 'Accept': 'application/json', 'X-Auth-Token': '<omitted>'}
        Body: None
    Response - Headers: {'date': 'Fri, 25 Sep 2026 09:55:22 GMT', 'server': 'Apache/2.4.58 (Ubuntu)', 'content-type': 'application/json', 'x-compute-request-id': 'req-0e72c077-7899-4f9b-a8ce-fb903d4fd083', 'content-length': '849', 'openstack-api-version': 'volume 3.0', 'vary': 'OpenStack-API-Version', 'x-openstack-request-id': 'req-0e72c077-7899-4f9b-a8ce-fb903d4fd083', 'connection': 'close', 'status': '200', 'content-location': 'http://10.132.239.110/volume/v3/volumes/562cebe3-533a-45e6-922b-3d404b863af1'}
        Body: b'{"volume": {"id": "562cebe3-533a-45e6-922b-3d404b863af1", "status": "deleting", "size": 1, "availability_zone": "nova", "created_at": "2026-09-25T09:53:22.000000", "updated_at": "2026-09-25T09:53:26.000000", "name": "tempest-VolumesDeleteCascade-Volume-1396893735", "description": null, "volume_type": "arcusfc1", "snapshot_id": null, "source_volid": null, "metadata": {}, "links": [{"rel": "s
    elf", "href": "http://10.132.239.110/volume/v3/volumes/562cebe3-533a-45e6-922b-3d404b863af1"}, {"rel": "bookmark", "href": "http://10.132.239.110/volume/volumes/562cebe3-533a-45e6-922b-3d404b863af1"}], "user_id": "16783d7c80c64e54afe935a0d27fa174", "bootable": "false", "encrypted": false, "replication_status": null, "consistencygroup_id": null, "multiattach": false, "attachments": [], "os-vol-tenant-attr:tenant_id": "234aae29f86546a2963cb3339c28a9c1"}}'
2026-09-25 09:55:23,665 3735175 INFO     [tempest.lib.common.rest_client] Request (VolumesDeleteCascade:test_volume_from_snapshot_cascade_delete): 200 GET http://10.132.239.110/volume/v3/volumes/562cebe3-533a-45e6-922b-3d404b863af1 0.061s
2026-09-25 09:55:23,665 3735175 DEBUG    [tempest.lib.common.rest_client] Request - Headers: {'Content-Type': 'application/json', 'Accept': 'application/json', 'X-Auth-Token': '<omitted>'}
        Body: None
    Response - Headers: {'date': 'Fri, 25 Sep 2026 09:55:23 GMT', 'server': 'Apache/2.4.58 (Ubuntu)', 'content-type': 'application/json', 'x-compute-request-id': 'req-9f2829f5-3e2c-4b0f-9d78-5e41ec31d5c7', 'content-length': '849', 'openstack-api-version': 'volume 3.0', 'vary': 'OpenStack-API-Version', 'x-openstack-request-id': 'req-9f2829f5-3e2c-4b0f-9d78-5e41ec31d5c7', 'connection': 'close', 'status': '200', 'content-location': 'http://10.132.239.110/volume/v3/volumes/562cebe3-533a-45e6-922b-3d404b863af1'}
        Body: b'{"volume": {"id": "562cebe3-533a-45e6-922b-3d404b863af1", "status": "deleting", "size": 1, "availability_zone": "nova", "created_at": "2026-09-25T09:53:22.000000", "updated_at": "2026-09-25T09:53:26.000000", "name": "tempest-VolumesDeleteCascade-Volume-1396893735", "description": null, "volume_type": "arcusfc1", "snapshot_id": null, "source_volid": null, "metadata": {}, "links": [{"rel": "self", "href": "http://10.132.239.110/volume/v3/volumes/562cebe3-533a-45e6-922b-3d404b863af1"}, {"rel": "bookmark", "href": "http://10.132.239.110/volume/volumes/562cebe3-533a-45e6-922b-3d404b863af1"}], "user_id": "16783d7c80c64e54afe935a0d27fa174", "bootable": "false", "encrypted": false, "replication_status": null, "consistencygroup_id": null, "multiattach": false, "attachments": [], "os-vol-tenant-attr:tenant_id": "234aae29f86546a2963cb3339c28a9c1"}}'
2026-09-25 09:55:24,731 3735175 INFO     [tempest.lib.common.rest_client] Request (VolumesDeleteCascade:test_volume_from_snapshot_cascade_delete): 200 GET http://10.132.239.110/volume/v3/volumes/562cebe3-533a-45e6-922b-3d404b863af1 0.051s
2026-09-25 09:55:24,732 3735175 DEBUG    [tempest.lib.common.rest_client] Request - Headers: {'Content-Type': 'application/json', 'Accept': 'application/json', 'X-Auth-Token': '<omitted>'}
        Body: None
    Response - Headers: {'date': 'Fri, 25 Sep 2026 09:55:24 GMT', 'server': 'Apache/2.4.58 (Ubuntu)', 'content-type': 'application/json', 'x-compute-request-id': 'req-f5fa5f5e-d0cf-4ac0-9451-9c0e5174e616', 'content-length': '849', 'openstack-api-version': 'volume 3.0', 'vary': 'OpenStack-API-Version', 'x-openstack-request-id': 'req-f5fa5f5e-d0cf-4ac0-9451-9c0e5174e616', 'connection': 'close', 'status': '200', 'content-location': 'http://10.132.239.110/volume/v3/volumes/562cebe3-533a-45e6-922b-3d404b863af1'}
        Body: b'{"volume": {"id": "562cebe3-533a-45e6-922b-3d404b863af1", "status": "deleting", "size": 1, "availability_zone": "nova", "created_at": "2026-09-25T09:53:22.000000", "updated_at": "2026-09-25T09:53:26.000000", "name": "tempest-VolumesDeleteCascade-Volume-1396893735", "description": null, "volume_type": "arcusfc1", "snapshot_id": null, "source_volid": null, "metadata": {}, "links": [{"rel": "self", "href": "http://10.132.239.110/volume/v3/volumes/562cebe3-533a-45e6-922b-3d404b863af1"}, {"rel": "bookmark", "href": "http://10.132.239.110/volume/volumes/562cebe3-533a-45e6-922b-3d404b863af1"}], "user_id": "16783d7c80c64e54afe935a0d27fa174", "bootable": "false", "encrypted": false, "replication_status": null, "consistencygroup_id": null, "multiattach": false, "attachments": [], "os-vol-tenant-attr:tenant_id": "234aae29f86546a2963cb
    3339c28a9c1"}}'
2026-09-25 09:55:25,807 3735175 INFO     [tempest.lib.common.rest_client] Request (VolumesDeleteCascade:test_volume_from_snapshot_cascade_delete): 200 GET http://10.132.239.110/volume/v3/volumes/562cebe3-533a-45e6-922b-3d404b863af1 0.056s
2026-09-25 09:55:25,807 3735175 DEBUG    [tempest.lib.common.rest_client] Request - Headers: {'Content-Type': 'application/json', 'Accept': 'application/json', 'X-Auth-Token': '<omitted>'}
        Body: None
    Response - Headers: {'date': 'Fri, 25 Sep 2026 09:55:25 GMT', 'server': 'Apache/2.4.58 (Ubuntu)', 'content-type': 'application/json', 'x-compute-request-id': 'req-03caa657-5a19-450e-aa73-367db41ae668', 'content-length': '849', 'openstack-api-version': 'volume 3.0', 'vary': 'OpenStack-API-Version', 'x-openstack-request-id': 'req-03caa657-5a19-450e-aa73-367db41ae668', 'connection': 'close', 'status': '200', 'content-location': 'http://10.132.239.110/volume/v3/volumes/562cebe3-533a-45e6-922b-3d404b863af1'}
        Body: b'{"volume": {"id": "562cebe3-533a-45e6-922b-3d404b863af1", "status": "deleting", "size": 1, "availability_zone": "nova", "created_at": "2026-09-25T09:53:22.000000", "updated_at": "2026-09-25T09:53:26.000000", "name": "tempest-VolumesDeleteCascade-Volume-1396893735", "description": null, "volume_type": "arcusfc1", "snapshot_id": null, "source_volid": null, "metadata": {}, "links": [{"rel": "self", "href": "http://10.132.239.110/volume/v3/volumes/562cebe3-533a-45e6-922b-3d404b863af1"}, {"rel": "bookmark", "href": "http://10.132.239.110/volume/volumes/562cebe3-533a-45e6-922b-3d404b863af1"}], "user_id": "16783d7c80c64e54afe935a0d27fa174", "bootable": "false", "encrypted": false, "replication_status": null, "consistencygroup_id": null, "multiattach": false, "attachments": [], "os-vol-tenant-attr:tenant_id": "234aae29f86546a2963cb3339c28a9c1"}}'
2026-09-25 09:55:26,875 3735175 INFO     [tempest.lib.common.rest_client] Request (VolumesDeleteCascade:test_volume_from_snapshot_cascade_delete): 200 GET http://10.132.239.110/volume/v3/volumes/562cebe3-533a-45e6-922b-3d404b863af1 0.050s
2026-09-25 09:55:26,876 3735175 DEBUG    [tempest.lib.common.rest_client] Request - Headers: {'Content-Type': 'application/json', 'Accept': 'application/json', 'X-Auth-Token': '<omitted>'}
        Body: None
    Response - Headers: {'date': 'Fri, 25 Sep 2026 09:55:26 GMT', 'server': 'Apache/2.4.58 (Ubuntu)', 'content-type': 'application/json', 'x-compute-request-id': 'req-35f05ed0-d856-4ea6-a856-e92fe565592e', 'content-length': '849', 'openstack-api-version': 'volume 3.0', 'vary': 'OpenStack-API-Version', 'x-openstack-request-id': 'req-35f05ed0-d856-4ea6-a856-e92fe565592e', 'connection': 'close', 'status': '200', 'content-location': 'http://10.132.239.110/volume/v3/volumes/562cebe3-533a-45e6-922b-3d404b863af1'}
        Body: b'{"volume": {"id": "562cebe3-533a-45e6-922b-3d404b863af1", "status": "deleting", "size": 1, "availability_zone": "nova", "created_at": "2026-09-25T09:53:22.000000", "updated_at": "2026-09-25T09:53:26.000000", "name": "tempest-VolumesDeleteCascade-Volume-1396893735", "description": null, "volume_type": "arcusfc1", "snapshot_id": null, "source_volid": null, "metadata": {}, "links": [{"rel": "self", "href": "http://10.132.239.110/volume/v3/volumes/562cebe3-533a-45e6-922b-3d404b863af1"}, {"rel": "bookmark", "href": "http://10.132.239.110/volume/volumes/562cebe3-533a-45e6-922b-3d404b863af1"}], "user_id": "16783d7c80c64e54afe935a0d27fa174", "bootable": "false", "encrypted": false, "replication_status": null, "consistencygroup_id": null, "multiattach": false, "attachments": [], "os-vol-tenant-attr:tenant_id": "234aae29f86546a2963cb3339c28a9c1"}}'
2026-09-25 09:55:27,948 3735175 INFO     [tempest.lib.common.rest_client] Request (VolumesDeleteCascade:test_volume_from_snapshot_cascade_delete): 200 GET http://10.132.239.110/volume/v3/volumes/562cebe3-533a-45e6-922b-3d404b863af1 0.058s
2026-09-25 09:55:27,949 3735175 DEBUG    [tempest.lib.common.rest_client] Request - Headers: {'Content-Type': 'application/json', 'Accept': 'application/json', 'X-Auth-Token': '<omitted>'
    }
        Body: None
    Response - Headers: {'date': 'Fri, 25 Sep 2026 09:55:27 GMT', 'server': 'Apache/2.4.58 (Ubuntu)', 'content-type': 'application/json', 'x-compute-request-id': 'req-9dbf3fdd-0103-4a24-ad75-c10ab889f983', 'content-length': '849', 'openstack-api-version': 'volume 3.0', 'vary': 'OpenStack-API-Version', 'x-openstack-request-id': 'req-9dbf3fdd-0103-4a24-ad75-c10ab889f983', 'connection': 'close', 'status': '200', 'content-location': 'http://10.132.239.110/volume/v3/volumes/562cebe3-533a-45e6-922b-3d404b863af1'}
        Body: b'{"volume": {"id": "562cebe3-533a-45e6-922b-3d404b863af1", "status": "deleting", "size": 1, "availability_zone": "nova", "created_at": "2026-09-25T09:53:22.000000", "updated_at": "2026-09-25T09:53:26.000000", "name": "tempest-VolumesDeleteCascade-Volume-1396893735", "description": null, "volume_type": "arcusfc1", "snapshot_id": null, "source_volid": null, "metadata": {}, "links": [{"rel": "self", "href": "http://10.132.239.110/volume/v3/volumes/562cebe3-533a-45e6-922b-3d404b863af1"}, {"rel": "bookmark", "href": "http://10.132.239.110/volume/volumes/562cebe3-533a-45e6-922b-3d404b863af1"}], "user_id": "16783d7c80c64e54afe935a0d27fa174", "bootable": "false", "encrypted": false, "replication_status": null, "consistencygroup_id": null, "multiattach": false, "attachments": [], "os-vol-tenant-attr:tenant_id": "234aae29f86546a2963cb3339c28a9c1"}}'
2026-09-25 09:55:29,023 3735175 INFO     [tempest.lib.common.rest_client] Request (VolumesDeleteCascade:test_volume_from_snapshot_cascade_delete): 200 GET http://10.132.239.110/volume/v3/volumes/562cebe3-533a-45e6-922b-3d404b863af1 0.057s
2026-09-25 09:55:29,023 3735175 DEBUG    [tempest.lib.common.rest_client] Request - Headers: {'Content-Type': 'application/json', 'Accept': 'application/json', 'X-Auth-Token': '<omitted>'}
        Body: None
    Response - Headers: {'date': 'Fri, 25 Sep 2026 09:55:28 GMT', 'server': 'Apache/2.4.58 (Ubuntu)', 'content-type': 'application/json', 'x-compute-request-id': 'req-d3e412eb-9ba4-4abd-a69b-6aa15d9eec0a', 'content-length': '849', 'openstack-api-version': 'volume 3.0', 'vary': 'OpenStack-API-Version', 'x-openstack-request-id': 'req-d3e412eb-9ba4-4abd-a69b-6aa15d9eec0a', 'connection': 'close', 'status': '200', 'content-location': 'http://10.132.239.110/volume/v3/volumes/562cebe3-533a-45e6-922b-3d404b863af1'}
        Body: b'{"volume": {"id": "562cebe3-533a-45e6-922b-3d404b863af1", "status": "deleting", "size": 1, "availability_zone": "nova", "created_at": "2026-09-25T09:53:22.000000", "updated_at": "2026-09-25T09:53:26.000000", "name": "tempest-VolumesDeleteCascade-Volume-1396893735", "description": null, "volume_type": "arcusfc1", "snapshot_id": null, "source_volid": null, "metadata": {}, "links": [{"rel": "self", "href": "http://10.132.239.110/volume/v3/volumes/562cebe3-533a-45e6-922b-3d404b863af1"}, {"rel": "bookmark", "href": "http://10.132.239.110/volume/volumes/562cebe3-533a-45e6-922b-3d404b863af1"}], "user_id": "16783d7c80c64e54afe935a0d27fa174", "bootable": "false", "encrypted": false, "replication_status": null, "consistencygroup_id": null, "multiattach": false, "attachments": [], "os-vol-tenant-attr:tenant_id": "234aae29f86546a2963cb3339c28a9c1"}}'
2026-09-25 09:55:30,101 3735175 INFO     [tempest.lib.common.rest_client] Request (VolumesDeleteCascade:test_volume_from_snapshot_cascade_delete): 200 GET http://10.132.239.110/volume/v3/volumes/562cebe3-533a-45e6-922b-3d404b863af1 0.057s
2026-09-25 09:55:30,101 3735175 DEBUG    [tempest.lib.common.rest_client] Request - Headers: {'Content-Type': 'application/json', 'Accept': 'application/json', 'X-Auth-Token': '<omitted>'}
        Body: None
    Response - Headers: {'date': 'Fri, 25 Sep 2026 09:55:30 GMT', 'server': 'Apache/2.4.58 (Ubuntu)', 'content-type': 'application/json', 'x-compute-request-id': 'req-441dfccd-bbce-4130-adfd-70673393748c', 'content-length': '849', 'openstack-api-version': 'volume 3.0', 'vary': 'OpenStack-API-Version', 'x-openstack-request-id': 'req-441dfccd-bbce-4130-adfd-70673393748c', 'connection': 'close', 'status': '200', 'content
    -location': 'http://10.132.239.110/volume/v3/volumes/562cebe3-533a-45e6-922b-3d404b863af1'}
        Body: b'{"volume": {"id": "562cebe3-533a-45e6-922b-3d404b863af1", "status": "deleting", "size": 1, "availability_zone": "nova", "created_at": "2026-09-25T09:53:22.000000", "updated_at": "2026-09-25T09:53:26.000000", "name": "tempest-VolumesDeleteCascade-Volume-1396893735", "description": null, "volume_type": "arcusfc1", "snapshot_id": null, "source_volid": null, "metadata": {}, "links": [{"rel": "self", "href": "http://10.132.239.110/volume/v3/volumes/562cebe3-533a-45e6-922b-3d404b863af1"}, {"rel": "bookmark", "href": "http://10.132.239.110/volume/volumes/562cebe3-533a-45e6-922b-3d404b863af1"}], "user_id": "16783d7c80c64e54afe935a0d27fa174", "bootable": "false", "encrypted": false, "replication_status": null, "consistencygroup_id": null, "multiattach": false, "attachments": [], "os-vol-tenant-attr:tenant_id": "234aae29f86546a2963cb3339c28a9c1"}}'
2026-09-25 09:55:31,176 3735175 INFO     [tempest.lib.common.rest_client] Request (VolumesDeleteCascade:test_volume_from_snapshot_cascade_delete): 200 GET http://10.132.239.110/volume/v3/volumes/562cebe3-533a-45e6-922b-3d404b863af1 0.060s
2026-09-25 09:55:31,177 3735175 DEBUG    [tempest.lib.common.rest_client] Request - Headers: {'Content-Type': 'application/json', 'Accept': 'application/json', 'X-Auth-Token': '<omitted>'}
        Body: None
    Response - Headers: {'date': 'Fri, 25 Sep 2026 09:55:31 GMT', 'server': 'Apache/2.4.58 (Ubuntu)', 'content-type': 'application/json', 'x-compute-request-id': 'req-85b6fabc-325d-48e1-a0af-18973adc4fb0', 'content-length': '849', 'openstack-api-version': 'volume 3.0', 'vary': 'OpenStack-API-Version', 'x-openstack-request-id': 'req-85b6fabc-325d-48e1-a0af-18973adc4fb0', 'connection': 'close', 'status': '200', 'content-location': 'http://10.132.239.110/volume/v3/volumes/562cebe3-533a-45e6-922b-3d404b863af1'}
        Body: b'{"volume": {"id": "562cebe3-533a-45e6-922b-3d404b863af1", "status": "deleting", "size": 1, "availability_zone": "nova", "created_at": "2026-09-25T09:53:22.000000", "updated_at": "2026-09-25T09:53:26.000000", "name": "tempest-VolumesDeleteCascade-Volume-1396893735", "description": null, "volume_type": "arcusfc1", "snapshot_id": null, "source_volid": null, "metadata": {}, "links": [{"rel": "self", "href": "http://10.132.239.110/volume/v3/volumes/562cebe3-533a-45e6-922b-3d404b863af1"}, {"rel": "bookmark", "href": "http://10.132.239.110/volume/volumes/562cebe3-533a-45e6-922b-3d404b863af1"}], "user_id": "16783d7c80c64e54afe935a0d27fa174", "bootable": "false", "encrypted": false, "replication_status": null, "consistencygroup_id": null, "multiattach": false, "attachments": [], "os-vol-tenant-attr:tenant_id": "234aae29f86546a2963cb3339c28a9c1"}}'
2026-09-25 09:55:32,238 3735175 INFO     [tempest.lib.common.rest_client] Request (VolumesDeleteCascade:test_volume_from_snapshot_cascade_delete): 200 GET http://10.132.239.110/volume/v3/volumes/562cebe3-533a-45e6-922b-3d404b863af1 0.046s
2026-09-25 09:55:32,239 3735175 DEBUG    [tempest.lib.common.rest_client] Request - Headers: {'Content-Type': 'application/json', 'Accept': 'application/json', 'X-Auth-Token': '<omitted>'}
        Body: None
    Response - Headers: {'date': 'Fri, 25 Sep 2026 09:55:32 GMT', 'server': 'Apache/2.4.58 (Ubuntu)', 'content-type': 'application/json', 'x-compute-request-id': 'req-c90e7f13-c52f-4719-ac3e-c618e0fd9861', 'content-length': '849', 'openstack-api-version': 'volume 3.0', 'vary': 'OpenStack-API-Version', 'x-openstack-request-id': 'req-c90e7f13-c52f-4719-ac3e-c618e0fd9861', 'connection': 'close', 'status': '200', 'content-location': 'http://10.132.239.110/volume/v3/volumes/562cebe3-533a-45e6-922b-3d404b863af1'}
        Body: b'{"volume": {"id": "562cebe3-533a-45e6-922b-3d404b863af1", "status": "deleting", "size": 1, "availability_zone": "nova", "created_at": "2026-09-25T09:53:22.000000", "updated_at": "2026-09-25T09:53:26.000000", "name": "tempest-VolumesDeleteCascade-Volume-1396893735", "description": null, "volume_type": "arcusfc1", "snapshot_id": null,
     "source_volid": null, "metadata": {}, "links": [{"rel": "self", "href": "http://10.132.239.110/volume/v3/volumes/562cebe3-533a-45e6-922b-3d404b863af1"}, {"rel": "bookmark", "href": "http://10.132.239.110/volume/volumes/562cebe3-533a-45e6-922b-3d404b863af1"}], "user_id": "16783d7c80c64e54afe935a0d27fa174", "bootable": "false", "encrypted": false, "replication_status": null, "consistencygroup_id": null, "multiattach": false, "attachments": [], "os-vol-tenant-attr:tenant_id": "234aae29f86546a2963cb3339c28a9c1"}}'
2026-09-25 09:55:33,301 3735175 INFO     [tempest.lib.common.rest_client] Request (VolumesDeleteCascade:test_volume_from_snapshot_cascade_delete): 200 GET http://10.132.239.110/volume/v3/volumes/562cebe3-533a-45e6-922b-3d404b863af1 0.053s
2026-09-25 09:55:33,301 3735175 DEBUG    [tempest.lib.common.rest_client] Request - Headers: {'Content-Type': 'application/json', 'Accept': 'application/json', 'X-Auth-Token': '<omitted>'}
        Body: None
    Response - Headers: {'date': 'Fri, 25 Sep 2026 09:55:33 GMT', 'server': 'Apache/2.4.58 (Ubuntu)', 'content-type': 'application/json', 'x-compute-request-id': 'req-8fbe0384-0708-4103-b24e-b410b828627f', 'content-length': '849', 'openstack-api-version': 'volume 3.0', 'vary': 'OpenStack-API-Version', 'x-openstack-request-id': 'req-8fbe0384-0708-4103-b24e-b410b828627f', 'connection': 'close', 'status': '200', 'content-location': 'http://10.132.239.110/volume/v3/volumes/562cebe3-533a-45e6-922b-3d404b863af1'}
        Body: b'{"volume": {"id": "562cebe3-533a-45e6-922b-3d404b863af1", "status": "deleting", "size": 1, "availability_zone": "nova", "created_at": "2026-09-25T09:53:22.000000", "updated_at": "2026-09-25T09:53:26.000000", "name": "tempest-VolumesDeleteCascade-Volume-1396893735", "description": null, "volume_type": "arcusfc1", "snapshot_id": null, "source_volid": null, "metadata": {}, "links": [{"rel": "self", "href": "http://10.132.239.110/volume/v3/volumes/562cebe3-533a-45e6-922b-3d404b863af1"}, {"rel": "bookmark", "href": "http://10.132.239.110/volume/volumes/562cebe3-533a-45e6-922b-3d404b863af1"}], "user_id": "16783d7c80c64e54afe935a0d27fa174", "bootable": "false", "encrypted": false, "replication_status": null, "consistencygroup_id": null, "multiattach": false, "attachments": [], "os-vol-tenant-attr:tenant_id": "234aae29f86546a2963cb3339c28a9c1"}}'
2026-09-25 09:55:34,382 3735175 INFO     [tempest.lib.common.rest_client] Request (VolumesDeleteCascade:test_volume_from_snapshot_cascade_delete): 200 GET http://10.132.239.110/volume/v3/volumes/562cebe3-533a-45e6-922b-3d404b863af1 0.065s
2026-09-25 09:55:34,383 3735175 DEBUG    [tempest.lib.common.rest_client] Request - Headers: {'Content-Type': 'application/json', 'Accept': 'application/json', 'X-Auth-Token': '<omitted>'}
        Body: None
    Response - Headers: {'date': 'Fri, 25 Sep 2026 09:55:34 GMT', 'server': 'Apache/2.4.58 (Ubuntu)', 'content-type': 'application/json', 'x-compute-request-id': 'req-738b87c6-4fde-46d7-b1a2-b68985c924ca', 'content-length': '849', 'openstack-api-version': 'volume 3.0', 'vary': 'OpenStack-API-Version', 'x-openstack-request-id': 'req-738b87c6-4fde-46d7-b1a2-b68985c924ca', 'connection': 'close', 'status': '200', 'content-location': 'http://10.132.239.110/volume/v3/volumes/562cebe3-533a-45e6-922b-3d404b863af1'}
        Body: b'{"volume": {"id": "562cebe3-533a-45e6-922b-3d404b863af1", "status": "deleting", "size": 1, "availability_zone": "nova", "created_at": "2026-09-25T09:53:22.000000", "updated_at": "2026-09-25T09:53:26.000000", "name": "tempest-VolumesDeleteCascade-Volume-1396893735", "description": null, "volume_type": "arcusfc1", "snapshot_id": null, "source_volid": null, "metadata": {}, "links": [{"rel": "self", "href": "http://10.132.239.110/volume/v3/volumes/562cebe3-533a-45e6-922b-3d404b863af1"}, {"rel": "bookmark", "href": "http://10.132.239.110/volume/volumes/562cebe3-533a-45e6-922b-3d404b863af1"}], "user_id": "16783d7c80c64e54afe935a0d27fa174", "bootable": "false", "encrypted": false, "replication_status": null, "consistencygroup_id": null, "multiattach": false, "attachments":
     [], "os-vol-tenant-attr:tenant_id": "234aae29f86546a2963cb3339c28a9c1"}}'
2026-09-25 09:55:35,476 3735175 INFO     [tempest.lib.common.rest_client] Request (VolumesDeleteCascade:test_volume_from_snapshot_cascade_delete): 200 GET http://10.132.239.110/volume/v3/volumes/562cebe3-533a-45e6-922b-3d404b863af1 0.076s
2026-09-25 09:55:35,477 3735175 DEBUG    [tempest.lib.common.rest_client] Request - Headers: {'Content-Type': 'application/json', 'Accept': 'application/json', 'X-Auth-Token': '<omitted>'}
        Body: None
    Response - Headers: {'date': 'Fri, 25 Sep 2026 09:55:35 GMT', 'server': 'Apache/2.4.58 (Ubuntu)', 'content-type': 'application/json', 'x-compute-request-id': 'req-08644586-e6ae-4ef1-a1a3-626eb87eebab', 'content-length': '849', 'openstack-api-version': 'volume 3.0', 'vary': 'OpenStack-API-Version', 'x-openstack-request-id': 'req-08644586-e6ae-4ef1-a1a3-626eb87eebab', 'connection': 'close', 'status': '200', 'content-location': 'http://10.132.239.110/volume/v3/volumes/562cebe3-533a-45e6-922b-3d404b863af1'}
        Body: b'{"volume": {"id": "562cebe3-533a-45e6-922b-3d404b863af1", "status": "deleting", "size": 1, "availability_zone": "nova", "created_at": "2026-09-25T09:53:22.000000", "updated_at": "2026-09-25T09:53:26.000000", "name": "tempest-VolumesDeleteCascade-Volume-1396893735", "description": null, "volume_type": "arcusfc1", "snapshot_id": null, "source_volid": null, "metadata": {}, "links": [{"rel": "self", "href": "http://10.132.239.110/volume/v3/volumes/562cebe3-533a-45e6-922b-3d404b863af1"}, {"rel": "bookmark", "href": "http://10.132.239.110/volume/volumes/562cebe3-533a-45e6-922b-3d404b863af1"}], "user_id": "16783d7c80c64e54afe935a0d27fa174", "bootable": "false", "encrypted": false, "replication_status": null, "consistencygroup_id": null, "multiattach": false, "attachments": [], "os-vol-tenant-attr:tenant_id": "234aae29f86546a2963cb3339c28a9c1"}}'
2026-09-25 09:55:36,553 3735175 INFO     [tempest.lib.common.rest_client] Request (VolumesDeleteCascade:test_volume_from_snapshot_cascade_delete): 200 GET http://10.132.239.110/volume/v3/volumes/562cebe3-533a-45e6-922b-3d404b863af1 0.058s
2026-09-25 09:55:36,553 3735175 DEBUG    [tempest.lib.common.rest_client] Request - Headers: {'Content-Type': 'application/json', 'Accept': 'application/json', 'X-Auth-Token': '<omitted>'}
        Body: None
    Response - Headers: {'date': 'Fri, 25 Sep 2026 09:55:36 GMT', 'server': 'Apache/2.4.58 (Ubuntu)', 'content-type': 'application/json', 'x-compute-request-id': 'req-60814e11-821a-4a37-b63d-2fadaaf83fc8', 'content-length': '849', 'openstack-api-version': 'volume 3.0', 'vary': 'OpenStack-API-Version', 'x-openstack-request-id': 'req-60814e11-821a-4a37-b63d-2fadaaf83fc8', 'connection': 'close', 'status': '200', 'content-location': 'http://10.132.239.110/volume/v3/volumes/562cebe3-533a-45e6-922b-3d404b863af1'}
        Body: b'{"volume": {"id": "562cebe3-533a-45e6-922b-3d404b863af1", "status": "deleting", "size": 1, "availability_zone": "nova", "created_at": "2026-09-25T09:53:22.000000", "updated_at": "2026-09-25T09:53:26.000000", "name": "tempest-VolumesDeleteCascade-Volume-1396893735", "description": null, "volume_type": "arcusfc1", "snapshot_id": null, "source_volid": null, "metadata": {}, "links": [{"rel": "self", "href": "http://10.132.239.110/volume/v3/volumes/562cebe3-533a-45e6-922b-3d404b863af1"}, {"rel": "bookmark", "href": "http://10.132.239.110/volume/volumes/562cebe3-533a-45e6-922b-3d404b863af1"}], "user_id": "16783d7c80c64e54afe935a0d27fa174", "bootable": "false", "encrypted": false, "replication_status": null, "consistencygroup_id": null, "multiattach": false, "attachments": [], "os-vol-tenant-attr:tenant_id": "234aae29f86546a2963cb3339c28a9c1"}}'
2026-09-25 09:55:37,621 3735175 INFO     [tempest.lib.common.rest_client] Request (VolumesDeleteCascade:test_volume_from_snapshot_cascade_delete): 200 GET http://10.132.239.110/volume/v3/volumes/562cebe3-533a-45e6-922b-3d404b863af1 0.051s
2026-09-25 09:55:37,622 3735175 DEBUG    [tempest.lib.common.rest_client] Request - Headers: {'Content-Type': 'application/json'
    , 'Accept': 'application/json', 'X-Auth-Token': '<omitted>'}
        Body: None
    Response - Headers: {'date': 'Fri, 25 Sep 2026 09:55:37 GMT', 'server': 'Apache/2.4.58 (Ubuntu)', 'content-type': 'application/json', 'x-compute-request-id': 'req-eb89fba3-0793-4fab-94ed-b5183612d549', 'content-length': '849', 'openstack-api-version': 'volume 3.0', 'vary': 'OpenStack-API-Version', 'x-openstack-request-id': 'req-eb89fba3-0793-4fab-94ed-b5183612d549', 'connection': 'close', 'status': '200', 'content-location': 'http://10.132.239.110/volume/v3/volumes/562cebe3-533a-45e6-922b-3d404b863af1'}
        Body: b'{"volume": {"id": "562cebe3-533a-45e6-922b-3d404b863af1", "status": "deleting", "size": 1, "availability_zone": "nova", "created_at": "2026-09-25T09:53:22.000000", "updated_at": "2026-09-25T09:53:26.000000", "name": "tempest-VolumesDeleteCascade-Volume-1396893735", "description": null, "volume_type": "arcusfc1", "snapshot_id": null, "source_volid": null, "metadata": {}, "links": [{"rel": "self", "href": "http://10.132.239.110/volume/v3/volumes/562cebe3-533a-45e6-922b-3d404b863af1"}, {"rel": "bookmark", "href": "http://10.132.239.110/volume/volumes/562cebe3-533a-45e6-922b-3d404b863af1"}], "user_id": "16783d7c80c64e54afe935a0d27fa174", "bootable": "false", "encrypted": false, "replication_status": null, "consistencygroup_id": null, "multiattach": false, "attachments": [], "os-vol-tenant-attr:tenant_id": "234aae29f86546a2963cb3339c28a9c1"}}'
2026-09-25 09:55:38,700 3735175 INFO     [tempest.lib.common.rest_client] Request (VolumesDeleteCascade:test_volume_from_snapshot_cascade_delete): 200 GET http://10.132.239.110/volume/v3/volumes/562cebe3-533a-45e6-922b-3d404b863af1 0.062s
2026-09-25 09:55:38,700 3735175 DEBUG    [tempest.lib.common.rest_client] Request - Headers: {'Content-Type': 'application/json', 'Accept': 'application/json', 'X-Auth-Token': '<omitted>'}
        Body: None
    Response - Headers: {'date': 'Fri, 25 Sep 2026 09:55:38 GMT', 'server': 'Apache/2.4.58 (Ubuntu)', 'content-type': 'application/json', 'x-compute-request-id': 'req-87ccd195-42e2-4acf-92ee-64f81ce2b5a8', 'content-length': '849', 'openstack-api-version': 'volume 3.0', 'vary': 'OpenStack-API-Version', 'x-openstack-request-id': 'req-87ccd195-42e2-4acf-92ee-64f81ce2b5a8', 'connection': 'close', 'status': '200', 'content-location': 'http://10.132.239.110/volume/v3/volumes/562cebe3-533a-45e6-922b-3d404b863af1'}
        Body: b'{"volume": {"id": "562cebe3-533a-45e6-922b-3d404b863af1", "status": "deleting", "size": 1, "availability_zone": "nova", "created_at": "2026-09-25T09:53:22.000000", "updated_at": "2026-09-25T09:53:26.000000", "name": "tempest-VolumesDeleteCascade-Volume-1396893735", "description": null, "volume_type": "arcusfc1", "snapshot_id": null, "source_volid": null, "metadata": {}, "links": [{"rel": "self", "href": "http://10.132.239.110/volume/v3/volumes/562cebe3-533a-45e6-922b-3d404b863af1"}, {"rel": "bookmark", "href": "http://10.132.239.110/volume/volumes/562cebe3-533a-45e6-922b-3d404b863af1"}], "user_id": "16783d7c80c64e54afe935a0d27fa174", "bootable": "false", "encrypted": false, "replication_status": null, "consistencygroup_id": null, "multiattach": false, "attachments": [], "os-vol-tenant-attr:tenant_id": "234aae29f86546a2963cb3339c28a9c1"}}'
2026-09-25 09:55:39,775 3735175 INFO     [tempest.lib.common.rest_client] Request (VolumesDeleteCascade:test_volume_from_snapshot_cascade_delete): 200 GET http://10.132.239.110/volume/v3/volumes/562cebe3-533a-45e6-922b-3d404b863af1 0.057s
2026-09-25 09:55:39,776 3735175 DEBUG    [tempest.lib.common.rest_client] Request - Headers: {'Content-Type': 'application/json', 'Accept': 'application/json', 'X-Auth-Token': '<omitted>'}
        Body: None
    Response - Headers: {'date': 'Fri, 25 Sep 2026 09:55:39 GMT', 'server': 'Apache/2.4.58 (Ubuntu)', 'content-type': 'application/json', 'x-compute-request-id': 'req-12d5fe94-d965-41c0-8d7f-5309ef2e0c0d', 'content-length': '849', 'openstack-api-version': 'volume 3.0', 'vary': 'OpenStack-API-Version', 'x-openstack-request-id': 'req-12d5fe94-d965-41c0-8d7f-5309
    ef2e0c0d', 'connection': 'close', 'status': '200', 'content-location': 'http://10.132.239.110/volume/v3/volumes/562cebe3-533a-45e6-922b-3d404b863af1'}
        Body: b'{"volume": {"id": "562cebe3-533a-45e6-922b-3d404b863af1", "status": "deleting", "size": 1, "availability_zone": "nova", "created_at": "2026-09-25T09:53:22.000000", "updated_at": "2026-09-25T09:53:26.000000", "name": "tempest-VolumesDeleteCascade-Volume-1396893735", "description": null, "volume_type": "arcusfc1", "snapshot_id": null, "source_volid": null, "metadata": {}, "links": [{"rel": "self", "href": "http://10.132.239.110/volume/v3/volumes/562cebe3-533a-45e6-922b-3d404b863af1"}, {"rel": "bookmark", "href": "http://10.132.239.110/volume/volumes/562cebe3-533a-45e6-922b-3d404b863af1"}], "user_id": "16783d7c80c64e54afe935a0d27fa174", "bootable": "false", "encrypted": false, "replication_status": null, "consistencygroup_id": null, "multiattach": false, "attachments": [], "os-vol-tenant-attr:tenant_id": "234aae29f86546a2963cb3339c28a9c1"}}'
2026-09-25 09:55:40,845 3735175 INFO     [tempest.lib.common.rest_client] Request (VolumesDeleteCascade:test_volume_from_snapshot_cascade_delete): 200 GET http://10.132.239.110/volume/v3/volumes/562cebe3-533a-45e6-922b-3d404b863af1 0.053s
2026-09-25 09:55:40,846 3735175 DEBUG    [tempest.lib.common.rest_client] Request - Headers: {'Content-Type': 'application/json', 'Accept': 'application/json', 'X-Auth-Token': '<omitted>'}
        Body: None
    Response - Headers: {'date': 'Fri, 25 Sep 2026 09:55:40 GMT', 'server': 'Apache/2.4.58 (Ubuntu)', 'content-type': 'application/json', 'x-compute-request-id': 'req-7dc927e8-d9f7-4f3c-b76c-6734fd4633c6', 'content-length': '849', 'openstack-api-version': 'volume 3.0', 'vary': 'OpenStack-API-Version', 'x-openstack-request-id': 'req-7dc927e8-d9f7-4f3c-b76c-6734fd4633c6', 'connection': 'close', 'status': '200', 'content-location': 'http://10.132.239.110/volume/v3/volumes/562cebe3-533a-45e6-922b-3d404b863af1'}
        Body: b'{"volume": {"id": "562cebe3-533a-45e6-922b-3d404b863af1", "status": "deleting", "size": 1, "availability_zone": "nova", "created_at": "2026-09-25T09:53:22.000000", "updated_at": "2026-09-25T09:53:26.000000", "name": "tempest-VolumesDeleteCascade-Volume-1396893735", "description": null, "volume_type": "arcusfc1", "snapshot_id": null, "source_volid": null, "metadata": {}, "links": [{"rel": "self", "href": "http://10.132.239.110/volume/v3/volumes/562cebe3-533a-45e6-922b-3d404b863af1"}, {"rel": "bookmark", "href": "http://10.132.239.110/volume/volumes/562cebe3-533a-45e6-922b-3d404b863af1"}], "user_id": "16783d7c80c64e54afe935a0d27fa174", "bootable": "false", "encrypted": false, "replication_status": null, "consistencygroup_id": null, "multiattach": false, "attachments": [], "os-vol-tenant-attr:tenant_id": "234aae29f86546a2963cb3339c28a9c1"}}'
2026-09-25 09:55:41,920 3735175 INFO     [tempest.lib.common.rest_client] Request (VolumesDeleteCascade:test_volume_from_snapshot_cascade_delete): 200 GET http://10.132.239.110/volume/v3/volumes/562cebe3-533a-45e6-922b-3d404b863af1 0.057s
2026-09-25 09:55:41,921 3735175 DEBUG    [tempest.lib.common.rest_client] Request - Headers: {'Content-Type': 'application/json', 'Accept': 'application/json', 'X-Auth-Token': '<omitted>'}
        Body: None
    Response - Headers: {'date': 'Fri, 25 Sep 2026 09:55:41 GMT', 'server': 'Apache/2.4.58 (Ubuntu)', 'content-type': 'application/json', 'x-compute-request-id': 'req-092ad0a8-68e1-432c-8135-e2179790b525', 'content-length': '849', 'openstack-api-version': 'volume 3.0', 'vary': 'OpenStack-API-Version', 'x-openstack-request-id': 'req-092ad0a8-68e1-432c-8135-e2179790b525', 'connection': 'close', 'status': '200', 'content-location': 'http://10.132.239.110/volume/v3/volumes/562cebe3-533a-45e6-922b-3d404b863af1'}
        Body: b'{"volume": {"id": "562cebe3-533a-45e6-922b-3d404b863af1", "status": "deleting", "size": 1, "availability_zone": "nova", "created_at": "2026-09-25T09:53:22.000000", "updated_at": "2026-09-25T09:53:26.000000", "name": "tempest-VolumesDeleteCascade-Volume-1396893735", "descript
    ion": null, "volume_type": "arcusfc1", "snapshot_id": null, "source_volid": null, "metadata": {}, "links": [{"rel": "self", "href": "http://10.132.239.110/volume/v3/volumes/562cebe3-533a-45e6-922b-3d404b863af1"}, {"rel": "bookmark", "href": "http://10.132.239.110/volume/volumes/562cebe3-533a-45e6-922b-3d404b863af1"}], "user_id": "16783d7c80c64e54afe935a0d27fa174", "bootable": "false", "encrypted": false, "replication_status": null, "consistencygroup_id": null, "multiattach": false, "attachments": [], "os-vol-tenant-attr:tenant_id": "234aae29f86546a2963cb3339c28a9c1"}}'
2026-09-25 09:55:42,994 3735175 INFO     [tempest.lib.common.rest_client] Request (VolumesDeleteCascade:test_volume_from_snapshot_cascade_delete): 200 GET http://10.132.239.110/volume/v3/volumes/562cebe3-533a-45e6-922b-3d404b863af1 0.057s
2026-09-25 09:55:42,994 3735175 DEBUG    [tempest.lib.common.rest_client] Request - Headers: {'Content-Type': 'application/json', 'Accept': 'application/json', 'X-Auth-Token': '<omitted>'}
        Body: None
    Response - Headers: {'date': 'Fri, 25 Sep 2026 09:55:42 GMT', 'server': 'Apache/2.4.58 (Ubuntu)', 'content-type': 'application/json', 'x-compute-request-id': 'req-2626a49c-46e8-48d3-b51b-ed7a283bb810', 'content-length': '849', 'openstack-api-version': 'volume 3.0', 'vary': 'OpenStack-API-Version', 'x-openstack-request-id': 'req-2626a49c-46e8-48d3-b51b-ed7a283bb810', 'connection': 'close', 'status': '200', 'content-location': 'http://10.132.239.110/volume/v3/volumes/562cebe3-533a-45e6-922b-3d404b863af1'}
        Body: b'{"volume": {"id": "562cebe3-533a-45e6-922b-3d404b863af1", "status": "deleting", "size": 1, "availability_zone": "nova", "created_at": "2026-09-25T09:53:22.000000", "updated_at": "2026-09-25T09:53:26.000000", "name": "tempest-VolumesDeleteCascade-Volume-1396893735", "description": null, "volume_type": "arcusfc1", "snapshot_id": null, "source_volid": null, "metadata": {}, "links": [{"rel": "self", "href": "http://10.132.239.110/volume/v3/volumes/562cebe3-533a-45e6-922b-3d404b863af1"}, {"rel": "bookmark", "href": "http://10.132.239.110/volume/volumes/562cebe3-533a-45e6-922b-3d404b863af1"}], "user_id": "16783d7c80c64e54afe935a0d27fa174", "bootable": "false", "encrypted": false, "replication_status": null, "consistencygroup_id": null, "multiattach": false, "attachments": [], "os-vol-tenant-attr:tenant_id": "234aae29f86546a2963cb3339c28a9c1"}}'
2026-09-25 09:55:44,068 3735175 INFO     [tempest.lib.common.rest_client] Request (VolumesDeleteCascade:test_volume_from_snapshot_cascade_delete): 200 GET http://10.132.239.110/volume/v3/volumes/562cebe3-533a-45e6-922b-3d404b863af1 0.055s
2026-09-25 09:55:44,069 3735175 DEBUG    [tempest.lib.common.rest_client] Request - Headers: {'Content-Type': 'application/json', 'Accept': 'application/json', 'X-Auth-Token': '<omitted>'}
        Body: None
    Response - Headers: {'date': 'Fri, 25 Sep 2026 09:55:44 GMT', 'server': 'Apache/2.4.58 (Ubuntu)', 'content-type': 'application/json', 'x-compute-request-id': 'req-3d323c13-2b94-47f8-9e4e-1d7d967fcac7', 'content-length': '849', 'openstack-api-version': 'volume 3.0', 'vary': 'OpenStack-API-Version', 'x-openstack-request-id': 'req-3d323c13-2b94-47f8-9e4e-1d7d967fcac7', 'connection': 'close', 'status': '200', 'content-location': 'http://10.132.239.110/volume/v3/volumes/562cebe3-533a-45e6-922b-3d404b863af1'}
        Body: b'{"volume": {"id": "562cebe3-533a-45e6-922b-3d404b863af1", "status": "deleting", "size": 1, "availability_zone": "nova", "created_at": "2026-09-25T09:53:22.000000", "updated_at": "2026-09-25T09:53:26.000000", "name": "tempest-VolumesDeleteCascade-Volume-1396893735", "description": null, "volume_type": "arcusfc1", "snapshot_id": null, "source_volid": null, "metadata": {}, "links": [{"rel": "self", "href": "http://10.132.239.110/volume/v3/volumes/562cebe3-533a-45e6-922b-3d404b863af1"}, {"rel": "bookmark", "href": "http://10.132.239.110/volume/volumes/562cebe3-533a-45e6-922b-3d404b863af1"}], "user_id": "16783d7c80c64e54afe935a0d27fa174", "bootable": "false", "encrypted": false, "replication_status": null, "consi
    stencygroup_id": null, "multiattach": false, "attachments": [], "os-vol-tenant-attr:tenant_id": "234aae29f86546a2963cb3339c28a9c1"}}'
2026-09-25 09:55:45,138 3735175 INFO     [tempest.lib.common.rest_client] Request (VolumesDeleteCascade:test_volume_from_snapshot_cascade_delete): 200 GET http://10.132.239.110/volume/v3/volumes/562cebe3-533a-45e6-922b-3d404b863af1 0.052s
2026-09-25 09:55:45,138 3735175 DEBUG    [tempest.lib.common.rest_client] Request - Headers: {'Content-Type': 'application/json', 'Accept': 'application/json', 'X-Auth-Token': '<omitted>'}
        Body: None
    Response - Headers: {'date': 'Fri, 25 Sep 2026 09:55:45 GMT', 'server': 'Apache/2.4.58 (Ubuntu)', 'content-type': 'application/json', 'x-compute-request-id': 'req-13115c8e-2c9b-40c0-8c89-67ae5e1b19fb', 'content-length': '849', 'openstack-api-version': 'volume 3.0', 'vary': 'OpenStack-API-Version', 'x-openstack-request-id': 'req-13115c8e-2c9b-40c0-8c89-67ae5e1b19fb', 'connection': 'close', 'status': '200', 'content-location': 'http://10.132.239.110/volume/v3/volumes/562cebe3-533a-45e6-922b-3d404b863af1'}
        Body: b'{"volume": {"id": "562cebe3-533a-45e6-922b-3d404b863af1", "status": "deleting", "size": 1, "availability_zone": "nova", "created_at": "2026-09-25T09:53:22.000000", "updated_at": "2026-09-25T09:53:26.000000", "name": "tempest-VolumesDeleteCascade-Volume-1396893735", "description": null, "volume_type": "arcusfc1", "snapshot_id": null, "source_volid": null, "metadata": {}, "links": [{"rel": "self", "href": "http://10.132.239.110/volume/v3/volumes/562cebe3-533a-45e6-922b-3d404b863af1"}, {"rel": "bookmark", "href": "http://10.132.239.110/volume/volumes/562cebe3-533a-45e6-922b-3d404b863af1"}], "user_id": "16783d7c80c64e54afe935a0d27fa174", "bootable": "false", "encrypted": false, "replication_status": null, "consistencygroup_id": null, "multiattach": false, "attachments": [], "os-vol-tenant-attr:tenant_id": "234aae29f86546a2963cb3339c28a9c1"}}'
2026-09-25 09:55:46,211 3735175 INFO     [tempest.lib.common.rest_client] Request (VolumesDeleteCascade:test_volume_from_snapshot_cascade_delete): 200 GET http://10.132.239.110/volume/v3/volumes/562cebe3-533a-45e6-922b-3d404b863af1 0.054s
2026-09-25 09:55:46,212 3735175 DEBUG    [tempest.lib.common.rest_client] Request - Headers: {'Content-Type': 'application/json', 'Accept': 'application/json', 'X-Auth-Token': '<omitted>'}
        Body: None
    Response - Headers: {'date': 'Fri, 25 Sep 2026 09:55:46 GMT', 'server': 'Apache/2.4.58 (Ubuntu)', 'content-type': 'application/json', 'x-compute-request-id': 'req-1de22889-c1f2-411b-b5f1-cb672218a8ac', 'content-length': '849', 'openstack-api-version': 'volume 3.0', 'vary': 'OpenStack-API-Version', 'x-openstack-request-id': 'req-1de22889-c1f2-411b-b5f1-cb672218a8ac', 'connection': 'close', 'status': '200', 'content-location': 'http://10.132.239.110/volume/v3/volumes/562cebe3-533a-45e6-922b-3d404b863af1'}
        Body: b'{"volume": {"id": "562cebe3-533a-45e6-922b-3d404b863af1", "status": "deleting", "size": 1, "availability_zone": "nova", "created_at": "2026-09-25T09:53:22.000000", "updated_at": "2026-09-25T09:53:26.000000", "name": "tempest-VolumesDeleteCascade-Volume-1396893735", "description": null, "volume_type": "arcusfc1", "snapshot_id": null, "source_volid": null, "metadata": {}, "links": [{"rel": "self", "href": "http://10.132.239.110/volume/v3/volumes/562cebe3-533a-45e6-922b-3d404b863af1"}, {"rel": "bookmark", "href": "http://10.132.239.110/volume/volumes/562cebe3-533a-45e6-922b-3d404b863af1"}], "user_id": "16783d7c80c64e54afe935a0d27fa174", "bootable": "false", "encrypted": false, "replication_status": null, "consistencygroup_id": null, "multiattach": false, "attachments": [], "os-vol-tenant-attr:tenant_id": "234aae29f86546a2963cb3339c28a9c1"}}'
2026-09-25 09:55:47,285 3735175 INFO     [tempest.lib.common.rest_client] Request (VolumesDeleteCascade:test_volume_from_snapshot_cascade_delete): 200 GET http://10.132.239.110/volume/v3/volumes/562cebe3-533a-45e6-922b-3d404b863af1 0.057s
2026-09-25 09:55:47,285 3735175 DEBUG    [tempest.lib.common.rest_cli
    ent] Request - Headers: {'Content-Type': 'application/json', 'Accept': 'application/json', 'X-Auth-Token': '<omitted>'}
        Body: None
    Response - Headers: {'date': 'Fri, 25 Sep 2026 09:55:47 GMT', 'server': 'Apache/2.4.58 (Ubuntu)', 'content-type': 'application/json', 'x-compute-request-id': 'req-a95b5432-a71f-41fe-b70c-c8b9aef79404', 'content-length': '849', 'openstack-api-version': 'volume 3.0', 'vary': 'OpenStack-API-Version', 'x-openstack-request-id': 'req-a95b5432-a71f-41fe-b70c-c8b9aef79404', 'connection': 'close', 'status': '200', 'content-location': 'http://10.132.239.110/volume/v3/volumes/562cebe3-533a-45e6-922b-3d404b863af1'}
        Body: b'{"volume": {"id": "562cebe3-533a-45e6-922b-3d404b863af1", "status": "deleting", "size": 1, "availability_zone": "nova", "created_at": "2026-09-25T09:53:22.000000", "updated_at": "2026-09-25T09:53:26.000000", "name": "tempest-VolumesDeleteCascade-Volume-1396893735", "description": null, "volume_type": "arcusfc1", "snapshot_id": null, "source_volid": null, "metadata": {}, "links": [{"rel": "self", "href": "http://10.132.239.110/volume/v3/volumes/562cebe3-533a-45e6-922b-3d404b863af1"}, {"rel": "bookmark", "href": "http://10.132.239.110/volume/volumes/562cebe3-533a-45e6-922b-3d404b863af1"}], "user_id": "16783d7c80c64e54afe935a0d27fa174", "bootable": "false", "encrypted": false, "replication_status": null, "consistencygroup_id": null, "multiattach": false, "attachments": [], "os-vol-tenant-attr:tenant_id": "234aae29f86546a2963cb3339c28a9c1"}}'
2026-09-25 09:55:48,358 3735175 INFO     [tempest.lib.common.rest_client] Request (VolumesDeleteCascade:test_volume_from_snapshot_cascade_delete): 200 GET http://10.132.239.110/volume/v3/volumes/562cebe3-533a-45e6-922b-3d404b863af1 0.054s
2026-09-25 09:55:48,359 3735175 DEBUG    [tempest.lib.common.rest_client] Request - Headers: {'Content-Type': 'application/json', 'Accept': 'application/json', 'X-Auth-Token': '<omitted>'}
        Body: None
    Response - Headers: {'date': 'Fri, 25 Sep 2026 09:55:48 GMT', 'server': 'Apache/2.4.58 (Ubuntu)', 'content-type': 'application/json', 'x-compute-request-id': 'req-b93a7464-7c88-4057-9adb-04054b5ac097', 'content-length': '849', 'openstack-api-version': 'volume 3.0', 'vary': 'OpenStack-API-Version', 'x-openstack-request-id': 'req-b93a7464-7c88-4057-9adb-04054b5ac097', 'connection': 'close', 'status': '200', 'content-location': 'http://10.132.239.110/volume/v3/volumes/562cebe3-533a-45e6-922b-3d404b863af1'}
        Body: b'{"volume": {"id": "562cebe3-533a-45e6-922b-3d404b863af1", "status": "deleting", "size": 1, "availability_zone": "nova", "created_at": "2026-09-25T09:53:22.000000", "updated_at": "2026-09-25T09:53:26.000000", "name": "tempest-VolumesDeleteCascade-Volume-1396893735", "description": null, "volume_type": "arcusfc1", "snapshot_id": null, "source_volid": null, "metadata": {}, "links": [{"rel": "self", "href": "http://10.132.239.110/volume/v3/volumes/562cebe3-533a-45e6-922b-3d404b863af1"}, {"rel": "bookmark", "href": "http://10.132.239.110/volume/volumes/562cebe3-533a-45e6-922b-3d404b863af1"}], "user_id": "16783d7c80c64e54afe935a0d27fa174", "bootable": "false", "encrypted": false, "replication_status": null, "consistencygroup_id": null, "multiattach": false, "attachments": [], "os-vol-tenant-attr:tenant_id": "234aae29f86546a2963cb3339c28a9c1"}}'
2026-09-25 09:55:49,428 3735175 INFO     [tempest.lib.common.rest_client] Request (VolumesDeleteCascade:test_volume_from_snapshot_cascade_delete): 200 GET http://10.132.239.110/volume/v3/volumes/562cebe3-533a-45e6-922b-3d404b863af1 0.052s
2026-09-25 09:55:49,428 3735175 DEBUG    [tempest.lib.common.rest_client] Request - Headers: {'Content-Type': 'application/json', 'Accept': 'application/json', 'X-Auth-Token': '<omitted>'}
        Body: None
    Response - Headers: {'date': 'Fri, 25 Sep 2026 09:55:49 GMT', 'server': 'Apache/2.4.58 (Ubuntu)', 'content-type': 'application/json', 'x-compute-request-id': 'req-fdf2e09c-f65b-4330-844f-f0a859f90ee4', 'content-length': '849', 'openstack-api-version': 'volume 3.0', 'vary': 'OpenStack-API-Version', 
    'x-openstack-request-id': 'req-fdf2e09c-f65b-4330-844f-f0a859f90ee4', 'connection': 'close', 'status': '200', 'content-location': 'http://10.132.239.110/volume/v3/volumes/562cebe3-533a-45e6-922b-3d404b863af1'}
        Body: b'{"volume": {"id": "562cebe3-533a-45e6-922b-3d404b863af1", "status": "deleting", "size": 1, "availability_zone": "nova", "created_at": "2026-09-25T09:53:22.000000", "updated_at": "2026-09-25T09:53:26.000000", "name": "tempest-VolumesDeleteCascade-Volume-1396893735", "description": null, "volume_type": "arcusfc1", "snapshot_id": null, "source_volid": null, "metadata": {}, "links": [{"rel": "self", "href": "http://10.132.239.110/volume/v3/volumes/562cebe3-533a-45e6-922b-3d404b863af1"}, {"rel": "bookmark", "href": "http://10.132.239.110/volume/volumes/562cebe3-533a-45e6-922b-3d404b863af1"}], "user_id": "16783d7c80c64e54afe935a0d27fa174", "bootable": "false", "encrypted": false, "replication_status": null, "consistencygroup_id": null, "multiattach": false, "attachments": [], "os-vol-tenant-attr:tenant_id": "234aae29f86546a2963cb3339c28a9c1"}}'
2026-09-25 09:55:50,501 3735175 INFO     [tempest.lib.common.rest_client] Request (VolumesDeleteCascade:test_volume_from_snapshot_cascade_delete): 200 GET http://10.132.239.110/volume/v3/volumes/562cebe3-533a-45e6-922b-3d404b863af1 0.053s
2026-09-25 09:55:50,501 3735175 DEBUG    [tempest.lib.common.rest_client] Request - Headers: {'Content-Type': 'application/json', 'Accept': 'application/json', 'X-Auth-Token': '<omitted>'}
        Body: None
    Response - Headers: {'date': 'Fri, 25 Sep 2026 09:55:50 GMT', 'server': 'Apache/2.4.58 (Ubuntu)', 'content-type': 'application/json', 'x-compute-request-id': 'req-a8876444-1bb6-41ff-8d2e-701a12edf6cd', 'content-length': '849', 'openstack-api-version': 'volume 3.0', 'vary': 'OpenStack-API-Version', 'x-openstack-request-id': 'req-a8876444-1bb6-41ff-8d2e-701a12edf6cd', 'connection': 'close', 'status': '200', 'content-location': 'http://10.132.239.110/volume/v3/volumes/562cebe3-533a-45e6-922b-3d404b863af1'}
        Body: b'{"volume": {"id": "562cebe3-533a-45e6-922b-3d404b863af1", "status": "deleting", "size": 1, "availability_zone": "nova", "created_at": "2026-09-25T09:53:22.000000", "updated_at": "2026-09-25T09:53:26.000000", "name": "tempest-VolumesDeleteCascade-Volume-1396893735", "description": null, "volume_type": "arcusfc1", "snapshot_id": null, "source_volid": null, "metadata": {}, "links": [{"rel": "self", "href": "http://10.132.239.110/volume/v3/volumes/562cebe3-533a-45e6-922b-3d404b863af1"}, {"rel": "bookmark", "href": "http://10.132.239.110/volume/volumes/562cebe3-533a-45e6-922b-3d404b863af1"}], "user_id": "16783d7c80c64e54afe935a0d27fa174", "bootable": "false", "encrypted": false, "replication_status": null, "consistencygroup_id": null, "multiattach": false, "attachments": [], "os-vol-tenant-attr:tenant_id": "234aae29f86546a2963cb3339c28a9c1"}}'
2026-09-25 09:55:51,575 3735175 INFO     [tempest.lib.common.rest_client] Request (VolumesDeleteCascade:test_volume_from_snapshot_cascade_delete): 200 GET http://10.132.239.110/volume/v3/volumes/562cebe3-533a-45e6-922b-3d404b863af1 0.055s
2026-09-25 09:55:51,576 3735175 DEBUG    [tempest.lib.common.rest_client] Request - Headers: {'Content-Type': 'application/json', 'Accept': 'application/json', 'X-Auth-Token': '<omitted>'}
        Body: None
    Response - Headers: {'date': 'Fri, 25 Sep 2026 09:55:51 GMT', 'server': 'Apache/2.4.58 (Ubuntu)', 'content-type': 'application/json', 'x-compute-request-id': 'req-392b8afa-62ee-4d05-98a4-e7460ce8abf0', 'content-length': '849', 'openstack-api-version': 'volume 3.0', 'vary': 'OpenStack-API-Version', 'x-openstack-request-id': 'req-392b8afa-62ee-4d05-98a4-e7460ce8abf0', 'connection': 'close', 'status': '200', 'content-location': 'http://10.132.239.110/volume/v3/volumes/562cebe3-533a-45e6-922b-3d404b863af1'}
        Body: b'{"volume": {"id": "562cebe3-533a-45e6-922b-3d404b863af1", "status": "deleting", "size": 1, "availability_zone": "nova", "created_at": "2026-09-25T09:53:22.000000", "updated_at": "2026-09-25T09:53:26.000000", "name": 
    "tempest-VolumesDeleteCascade-Volume-1396893735", "description": null, "volume_type": "arcusfc1", "snapshot_id": null, "source_volid": null, "metadata": {}, "links": [{"rel": "self", "href": "http://10.132.239.110/volume/v3/volumes/562cebe3-533a-45e6-922b-3d404b863af1"}, {"rel": "bookmark", "href": "http://10.132.239.110/volume/volumes/562cebe3-533a-45e6-922b-3d404b863af1"}], "user_id": "16783d7c80c64e54afe935a0d27fa174", "bootable": "false", "encrypted": false, "replication_status": null, "consistencygroup_id": null, "multiattach": false, "attachments": [], "os-vol-tenant-attr:tenant_id": "234aae29f86546a2963cb3339c28a9c1"}}'
2026-09-25 09:55:52,646 3735175 INFO     [tempest.lib.common.rest_client] Request (VolumesDeleteCascade:test_volume_from_snapshot_cascade_delete): 200 GET http://10.132.239.110/volume/v3/volumes/562cebe3-533a-45e6-922b-3d404b863af1 0.055s
2026-09-25 09:55:52,647 3735175 DEBUG    [tempest.lib.common.rest_client] Request - Headers: {'Content-Type': 'application/json', 'Accept': 'application/json', 'X-Auth-Token': '<omitted>'}
        Body: None
    Response - Headers: {'date': 'Fri, 25 Sep 2026 09:55:52 GMT', 'server': 'Apache/2.4.58 (Ubuntu)', 'content-type': 'application/json', 'x-compute-request-id': 'req-1a82800b-28bd-49e7-807f-b21ea028b080', 'content-length': '849', 'openstack-api-version': 'volume 3.0', 'vary': 'OpenStack-API-Version', 'x-openstack-request-id': 'req-1a82800b-28bd-49e7-807f-b21ea028b080', 'connection': 'close', 'status': '200', 'content-location': 'http://10.132.239.110/volume/v3/volumes/562cebe3-533a-45e6-922b-3d404b863af1'}
        Body: b'{"volume": {"id": "562cebe3-533a-45e6-922b-3d404b863af1", "status": "deleting", "size": 1, "availability_zone": "nova", "created_at": "2026-09-25T09:53:22.000000", "updated_at": "2026-09-25T09:53:26.000000", "name": "tempest-VolumesDeleteCascade-Volume-1396893735", "description": null, "volume_type": "arcusfc1", "snapshot_id": null, "source_volid": null, "metadata": {}, "links": [{"rel": "self", "href": "http://10.132.239.110/volume/v3/volumes/562cebe3-533a-45e6-922b-3d404b863af1"}, {"rel": "bookmark", "href": "http://10.132.239.110/volume/volumes/562cebe3-533a-45e6-922b-3d404b863af1"}], "user_id": "16783d7c80c64e54afe935a0d27fa174", "bootable": "false", "encrypted": false, "replication_status": null, "consistencygroup_id": null, "multiattach": false, "attachments": [], "os-vol-tenant-attr:tenant_id": "234aae29f86546a2963cb3339c28a9c1"}}'
2026-09-25 09:55:53,736 3735175 INFO     [tempest.lib.common.rest_client] Request (VolumesDeleteCascade:test_volume_from_snapshot_cascade_delete): 200 GET http://10.132.239.110/volume/v3/volumes/562cebe3-533a-45e6-922b-3d404b863af1 0.072s
2026-09-25 09:55:53,736 3735175 DEBUG    [tempest.lib.common.rest_client] Request - Headers: {'Content-Type': 'application/json', 'Accept': 'application/json', 'X-Auth-Token': '<omitted>'}
        Body: None
    Response - Headers: {'date': 'Fri, 25 Sep 2026 09:55:53 GMT', 'server': 'Apache/2.4.58 (Ubuntu)', 'content-type': 'application/json', 'x-compute-request-id': 'req-abb41382-399c-4ff1-9092-8a37b16b72bc', 'content-length': '849', 'openstack-api-version': 'volume 3.0', 'vary': 'OpenStack-API-Version', 'x-openstack-request-id': 'req-abb41382-399c-4ff1-9092-8a37b16b72bc', 'connection': 'close', 'status': '200', 'content-location': 'http://10.132.239.110/volume/v3/volumes/562cebe3-533a-45e6-922b-3d404b863af1'}
        Body: b'{"volume": {"id": "562cebe3-533a-45e6-922b-3d404b863af1", "status": "deleting", "size": 1, "availability_zone": "nova", "created_at": "2026-09-25T09:53:22.000000", "updated_at": "2026-09-25T09:53:26.000000", "name": "tempest-VolumesDeleteCascade-Volume-1396893735", "description": null, "volume_type": "arcusfc1", "snapshot_id": null, "source_volid": null, "metadata": {}, "links": [{"rel": "self", "href": "http://10.132.239.110/volume/v3/volumes/562cebe3-533a-45e6-922b-3d404b863af1"}, {"rel": "bookmark", "href": "http://10.132.239.110/volume/volumes/562cebe3-533a-45e6-922b-3d404b863af1"}], "user_id": "16783d7c80c64e54afe935a0d27fa174", "bootable": "fal
    se", "encrypted": false, "replication_status": null, "consistencygroup_id": null, "multiattach": false, "attachments": [], "os-vol-tenant-attr:tenant_id": "234aae29f86546a2963cb3339c28a9c1"}}'
2026-09-25 09:55:54,814 3735175 INFO     [tempest.lib.common.rest_client] Request (VolumesDeleteCascade:test_volume_from_snapshot_cascade_delete): 200 GET http://10.132.239.110/volume/v3/volumes/562cebe3-533a-45e6-922b-3d404b863af1 0.050s
2026-09-25 09:55:54,814 3735175 DEBUG    [tempest.lib.common.rest_client] Request - Headers: {'Content-Type': 'application/json', 'Accept': 'application/json', 'X-Auth-Token': '<omitted>'}
        Body: None
    Response - Headers: {'date': 'Fri, 25 Sep 2026 09:55:54 GMT', 'server': 'Apache/2.4.58 (Ubuntu)', 'content-type': 'application/json', 'x-compute-request-id': 'req-c877d344-6509-425f-8b40-8e2b84590147', 'content-length': '849', 'openstack-api-version': 'volume 3.0', 'vary': 'OpenStack-API-Version', 'x-openstack-request-id': 'req-c877d344-6509-425f-8b40-8e2b84590147', 'connection': 'close', 'status': '200', 'content-location': 'http://10.132.239.110/volume/v3/volumes/562cebe3-533a-45e6-922b-3d404b863af1'}
        Body: b'{"volume": {"id": "562cebe3-533a-45e6-922b-3d404b863af1", "status": "deleting", "size": 1, "availability_zone": "nova", "created_at": "2026-09-25T09:53:22.000000", "updated_at": "2026-09-25T09:53:26.000000", "name": "tempest-VolumesDeleteCascade-Volume-1396893735", "description": null, "volume_type": "arcusfc1", "snapshot_id": null, "source_volid": null, "metadata": {}, "links": [{"rel": "self", "href": "http://10.132.239.110/volume/v3/volumes/562cebe3-533a-45e6-922b-3d404b863af1"}, {"rel": "bookmark", "href": "http://10.132.239.110/volume/volumes/562cebe3-533a-45e6-922b-3d404b863af1"}], "user_id": "16783d7c80c64e54afe935a0d27fa174", "bootable": "false", "encrypted": false, "replication_status": null, "consistencygroup_id": null, "multiattach": false, "attachments": [], "os-vol-tenant-attr:tenant_id": "234aae29f86546a2963cb3339c28a9c1"}}'
2026-09-25 09:55:55,890 3735175 INFO     [tempest.lib.common.rest_client] Request (VolumesDeleteCascade:test_volume_from_snapshot_cascade_delete): 200 GET http://10.132.239.110/volume/v3/volumes/562cebe3-533a-45e6-922b-3d404b863af1 0.060s
2026-09-25 09:55:55,890 3735175 DEBUG    [tempest.lib.common.rest_client] Request - Headers: {'Content-Type': 'application/json', 'Accept': 'application/json', 'X-Auth-Token': '<omitted>'}
        Body: None
    Response - Headers: {'date': 'Fri, 25 Sep 2026 09:55:55 GMT', 'server': 'Apache/2.4.58 (Ubuntu)', 'content-type': 'application/json', 'x-compute-request-id': 'req-4af0dc5f-369c-49ec-a88a-81f404220548', 'content-length': '849', 'openstack-api-version': 'volume 3.0', 'vary': 'OpenStack-API-Version', 'x-openstack-request-id': 'req-4af0dc5f-369c-49ec-a88a-81f404220548', 'connection': 'close', 'status': '200', 'content-location': 'http://10.132.239.110/volume/v3/volumes/562cebe3-533a-45e6-922b-3d404b863af1'}
        Body: b'{"volume": {"id": "562cebe3-533a-45e6-922b-3d404b863af1", "status": "deleting", "size": 1, "availability_zone": "nova", "created_at": "2026-09-25T09:53:22.000000", "updated_at": "2026-09-25T09:53:26.000000", "name": "tempest-VolumesDeleteCascade-Volume-1396893735", "description": null, "volume_type": "arcusfc1", "snapshot_id": null, "source_volid": null, "metadata": {}, "links": [{"rel": "self", "href": "http://10.132.239.110/volume/v3/volumes/562cebe3-533a-45e6-922b-3d404b863af1"}, {"rel": "bookmark", "href": "http://10.132.239.110/volume/volumes/562cebe3-533a-45e6-922b-3d404b863af1"}], "user_id": "16783d7c80c64e54afe935a0d27fa174", "bootable": "false", "encrypted": false, "replication_status": null, "consistencygroup_id": null, "multiattach": false, "attachments": [], "os-vol-tenant-attr:tenant_id": "234aae29f86546a2963cb3339c28a9c1"}}'
2026-09-25 09:55:56,961 3735175 INFO     [tempest.lib.common.rest_client] Request (VolumesDeleteCascade:test_volume_from_snapshot_cascade_delete): 200 GET http://10.132.239.110/volume/v3/volumes/562cebe3-533a-45e6-922b-3d404b863af1 0.054s
2026-09-25
     09:55:56,962 3735175 DEBUG    [tempest.lib.common.rest_client] Request - Headers: {'Content-Type': 'application/json', 'Accept': 'application/json', 'X-Auth-Token': '<omitted>'}
        Body: None
    Response - Headers: {'date': 'Fri, 25 Sep 2026 09:55:56 GMT', 'server': 'Apache/2.4.58 (Ubuntu)', 'content-type': 'application/json', 'x-compute-request-id': 'req-50f31bec-8f13-4f90-b739-23de597d7a0c', 'content-length': '849', 'openstack-api-version': 'volume 3.0', 'vary': 'OpenStack-API-Version', 'x-openstack-request-id': 'req-50f31bec-8f13-4f90-b739-23de597d7a0c', 'connection': 'close', 'status': '200', 'content-location': 'http://10.132.239.110/volume/v3/volumes/562cebe3-533a-45e6-922b-3d404b863af1'}
        Body: b'{"volume": {"id": "562cebe3-533a-45e6-922b-3d404b863af1", "status": "deleting", "size": 1, "availability_zone": "nova", "created_at": "2026-09-25T09:53:22.000000", "updated_at": "2026-09-25T09:53:26.000000", "name": "tempest-VolumesDeleteCascade-Volume-1396893735", "description": null, "volume_type": "arcusfc1", "snapshot_id": null, "source_volid": null, "metadata": {}, "links": [{"rel": "self", "href": "http://10.132.239.110/volume/v3/volumes/562cebe3-533a-45e6-922b-3d404b863af1"}, {"rel": "bookmark", "href": "http://10.132.239.110/volume/volumes/562cebe3-533a-45e6-922b-3d404b863af1"}], "user_id": "16783d7c80c64e54afe935a0d27fa174", "bootable": "false", "encrypted": false, "replication_status": null, "consistencygroup_id": null, "multiattach": false, "attachments": [], "os-vol-tenant-attr:tenant_id": "234aae29f86546a2963cb3339c28a9c1"}}'
2026-09-25 09:55:58,032 3735175 INFO     [tempest.lib.common.rest_client] Request (VolumesDeleteCascade:test_volume_from_snapshot_cascade_delete): 200 GET http://10.132.239.110/volume/v3/volumes/562cebe3-533a-45e6-922b-3d404b863af1 0.055s
2026-09-25 09:55:58,033 3735175 DEBUG    [tempest.lib.common.rest_client] Request - Headers: {'Content-Type': 'application/json', 'Accept': 'application/json', 'X-Auth-Token': '<omitted>'}
        Body: None
    Response - Headers: {'date': 'Fri, 25 Sep 2026 09:55:57 GMT', 'server': 'Apache/2.4.58 (Ubuntu)', 'content-type': 'application/json', 'x-compute-request-id': 'req-8ae7589f-d0aa-4fcf-9188-663fb2eab6d8', 'content-length': '849', 'openstack-api-version': 'volume 3.0', 'vary': 'OpenStack-API-Version', 'x-openstack-request-id': 'req-8ae7589f-d0aa-4fcf-9188-663fb2eab6d8', 'connection': 'close', 'status': '200', 'content-location': 'http://10.132.239.110/volume/v3/volumes/562cebe3-533a-45e6-922b-3d404b863af1'}
        Body: b'{"volume": {"id": "562cebe3-533a-45e6-922b-3d404b863af1", "status": "deleting", "size": 1, "availability_zone": "nova", "created_at": "2026-09-25T09:53:22.000000", "updated_at": "2026-09-25T09:53:26.000000", "name": "tempest-VolumesDeleteCascade-Volume-1396893735", "description": null, "volume_type": "arcusfc1", "snapshot_id": null, "source_volid": null, "metadata": {}, "links": [{"rel": "self", "href": "http://10.132.239.110/volume/v3/volumes/562cebe3-533a-45e6-922b-3d404b863af1"}, {"rel": "bookmark", "href": "http://10.132.239.110/volume/volumes/562cebe3-533a-45e6-922b-3d404b863af1"}], "user_id": "16783d7c80c64e54afe935a0d27fa174", "bootable": "false", "encrypted": false, "replication_status": null, "consistencygroup_id": null, "multiattach": false, "attachments": [], "os-vol-tenant-attr:tenant_id": "234aae29f86546a2963cb3339c28a9c1"}}'
2026-09-25 09:55:59,109 3735175 INFO     [tempest.lib.common.rest_client] Request (VolumesDeleteCascade:test_volume_from_snapshot_cascade_delete): 200 GET http://10.132.239.110/volume/v3/volumes/562cebe3-533a-45e6-922b-3d404b863af1 0.060s
2026-09-25 09:55:59,109 3735175 DEBUG    [tempest.lib.common.rest_client] Request - Headers: {'Content-Type': 'application/json', 'Accept': 'application/json', 'X-Auth-Token': '<omitted>'}
        Body: None
    Response - Headers: {'date': 'Fri, 25 Sep 2026 09:55:59 GMT', 'server': 'Apache/2.4.58 (Ubuntu)', 'content-type': 'application/json', 'x-compute-request-id': 'req-dc43613d-d1fc-4b81-86db-05b98ca13667', 'content-length': '849', 'openstack-ap
    i-version': 'volume 3.0', 'vary': 'OpenStack-API-Version', 'x-openstack-request-id': 'req-dc43613d-d1fc-4b81-86db-05b98ca13667', 'connection': 'close', 'status': '200', 'content-location': 'http://10.132.239.110/volume/v3/volumes/562cebe3-533a-45e6-922b-3d404b863af1'}
        Body: b'{"volume": {"id": "562cebe3-533a-45e6-922b-3d404b863af1", "status": "deleting", "size": 1, "availability_zone": "nova", "created_at": "2026-09-25T09:53:22.000000", "updated_at": "2026-09-25T09:53:26.000000", "name": "tempest-VolumesDeleteCascade-Volume-1396893735", "description": null, "volume_type": "arcusfc1", "snapshot_id": null, "source_volid": null, "metadata": {}, "links": [{"rel": "self", "href": "http://10.132.239.110/volume/v3/volumes/562cebe3-533a-45e6-922b-3d404b863af1"}, {"rel": "bookmark", "href": "http://10.132.239.110/volume/volumes/562cebe3-533a-45e6-922b-3d404b863af1"}], "user_id": "16783d7c80c64e54afe935a0d27fa174", "bootable": "false", "encrypted": false, "replication_status": null, "consistencygroup_id": null, "multiattach": false, "attachments": [], "os-vol-tenant-attr:tenant_id": "234aae29f86546a2963cb3339c28a9c1"}}'
2026-09-25 09:56:00,184 3735175 INFO     [tempest.lib.common.rest_client] Request (VolumesDeleteCascade:test_volume_from_snapshot_cascade_delete): 200 GET http://10.132.239.110/volume/v3/volumes/562cebe3-533a-45e6-922b-3d404b863af1 0.059s
2026-09-25 09:56:00,185 3735175 DEBUG    [tempest.lib.common.rest_client] Request - Headers: {'Content-Type': 'application/json', 'Accept': 'application/json', 'X-Auth-Token': '<omitted>'}
        Body: None
    Response - Headers: {'date': 'Fri, 25 Sep 2026 09:56:00 GMT', 'server': 'Apache/2.4.58 (Ubuntu)', 'content-type': 'application/json', 'x-compute-request-id': 'req-8807a056-b855-417b-bd73-a6009bca5947', 'content-length': '849', 'openstack-api-version': 'volume 3.0', 'vary': 'OpenStack-API-Version', 'x-openstack-request-id': 'req-8807a056-b855-417b-bd73-a6009bca5947', 'connection': 'close', 'status': '200', 'content-location': 'http://10.132.239.110/volume/v3/volumes/562cebe3-533a-45e6-922b-3d404b863af1'}
        Body: b'{"volume": {"id": "562cebe3-533a-45e6-922b-3d404b863af1", "status": "deleting", "size": 1, "availability_zone": "nova", "created_at": "2026-09-25T09:53:22.000000", "updated_at": "2026-09-25T09:53:26.000000", "name": "tempest-VolumesDeleteCascade-Volume-1396893735", "description": null, "volume_type": "arcusfc1", "snapshot_id": null, "source_volid": null, "metadata": {}, "links": [{"rel": "self", "href": "http://10.132.239.110/volume/v3/volumes/562cebe3-533a-45e6-922b-3d404b863af1"}, {"rel": "bookmark", "href": "http://10.132.239.110/volume/volumes/562cebe3-533a-45e6-922b-3d404b863af1"}], "user_id": "16783d7c80c64e54afe935a0d27fa174", "bootable": "false", "encrypted": false, "replication_status": null, "consistencygroup_id": null, "multiattach": false, "attachments": [], "os-vol-tenant-attr:tenant_id": "234aae29f86546a2963cb3339c28a9c1"}}'
2026-09-25 09:56:01,259 3735175 INFO     [tempest.lib.common.rest_client] Request (VolumesDeleteCascade:test_volume_from_snapshot_cascade_delete): 200 GET http://10.132.239.110/volume/v3/volumes/562cebe3-533a-45e6-922b-3d404b863af1 0.057s
2026-09-25 09:56:01,260 3735175 DEBUG    [tempest.lib.common.rest_client] Request - Headers: {'Content-Type': 'application/json', 'Accept': 'application/json', 'X-Auth-Token': '<omitted>'}
        Body: None
    Response - Headers: {'date': 'Fri, 25 Sep 2026 09:56:01 GMT', 'server': 'Apache/2.4.58 (Ubuntu)', 'content-type': 'application/json', 'x-compute-request-id': 'req-005cc5af-edd9-4a9c-90df-cc0b292b5698', 'content-length': '849', 'openstack-api-version': 'volume 3.0', 'vary': 'OpenStack-API-Version', 'x-openstack-request-id': 'req-005cc5af-edd9-4a9c-90df-cc0b292b5698', 'connection': 'close', 'status': '200', 'content-location': 'http://10.132.239.110/volume/v3/volumes/562cebe3-533a-45e6-922b-3d404b863af1'}
        Body: b'{"volume": {"id": "562cebe3-533a-45e6-922b-3d404b863af1", "status": "deleting", "size": 1, "availability_zone": "nova", "created_at": "2026-09-25T09:53:22.00
    0000", "updated_at": "2026-09-25T09:53:26.000000", "name": "tempest-VolumesDeleteCascade-Volume-1396893735", "description": null, "volume_type": "arcusfc1", "snapshot_id": null, "source_volid": null, "metadata": {}, "links": [{"rel": "self", "href": "http://10.132.239.110/volume/v3/volumes/562cebe3-533a-45e6-922b-3d404b863af1"}, {"rel": "bookmark", "href": "http://10.132.239.110/volume/volumes/562cebe3-533a-45e6-922b-3d404b863af1"}], "user_id": "16783d7c80c64e54afe935a0d27fa174", "bootable": "false", "encrypted": false, "replication_status": null, "consistencygroup_id": null, "multiattach": false, "attachments": [], "os-vol-tenant-attr:tenant_id": "234aae29f86546a2963cb3339c28a9c1"}}'
2026-09-25 09:56:02,334 3735175 INFO     [tempest.lib.common.rest_client] Request (VolumesDeleteCascade:test_volume_from_snapshot_cascade_delete): 200 GET http://10.132.239.110/volume/v3/volumes/562cebe3-533a-45e6-922b-3d404b863af1 0.056s
2026-09-25 09:56:02,334 3735175 DEBUG    [tempest.lib.common.rest_client] Request - Headers: {'Content-Type': 'application/json', 'Accept': 'application/json', 'X-Auth-Token': '<omitted>'}
        Body: None
    Response - Headers: {'date': 'Fri, 25 Sep 2026 09:56:02 GMT', 'server': 'Apache/2.4.58 (Ubuntu)', 'content-type': 'application/json', 'x-compute-request-id': 'req-7cf7fb1a-59ad-4d93-b96f-d2739fd112d9', 'content-length': '849', 'openstack-api-version': 'volume 3.0', 'vary': 'OpenStack-API-Version', 'x-openstack-request-id': 'req-7cf7fb1a-59ad-4d93-b96f-d2739fd112d9', 'connection': 'close', 'status': '200', 'content-location': 'http://10.132.239.110/volume/v3/volumes/562cebe3-533a-45e6-922b-3d404b863af1'}
        Body: b'{"volume": {"id": "562cebe3-533a-45e6-922b-3d404b863af1", "status": "deleting", "size": 1, "availability_zone": "nova", "created_at": "2026-09-25T09:53:22.000000", "updated_at": "2026-09-25T09:53:26.000000", "name": "tempest-VolumesDeleteCascade-Volume-1396893735", "description": null, "volume_type": "arcusfc1", "snapshot_id": null, "source_volid": null, "metadata": {}, "links": [{"rel": "self", "href": "http://10.132.239.110/volume/v3/volumes/562cebe3-533a-45e6-922b-3d404b863af1"}, {"rel": "bookmark", "href": "http://10.132.239.110/volume/volumes/562cebe3-533a-45e6-922b-3d404b863af1"}], "user_id": "16783d7c80c64e54afe935a0d27fa174", "bootable": "false", "encrypted": false, "replication_status": null, "consistencygroup_id": null, "multiattach": false, "attachments": [], "os-vol-tenant-attr:tenant_id": "234aae29f86546a2963cb3339c28a9c1"}}'
2026-09-25 09:56:03,411 3735175 INFO     [tempest.lib.common.rest_client] Request (VolumesDeleteCascade:test_volume_from_snapshot_cascade_delete): 200 GET http://10.132.239.110/volume/v3/volumes/562cebe3-533a-45e6-922b-3d404b863af1 0.058s
2026-09-25 09:56:03,412 3735175 DEBUG    [tempest.lib.common.rest_client] Request - Headers: {'Content-Type': 'application/json', 'Accept': 'application/json', 'X-Auth-Token': '<omitted>'}
        Body: None
    Response - Headers: {'date': 'Fri, 25 Sep 2026 09:56:03 GMT', 'server': 'Apache/2.4.58 (Ubuntu)', 'content-type': 'application/json', 'x-compute-request-id': 'req-b6854c35-7353-4871-a467-ca47f26b7d13', 'content-length': '849', 'openstack-api-version': 'volume 3.0', 'vary': 'OpenStack-API-Version', 'x-openstack-request-id': 'req-b6854c35-7353-4871-a467-ca47f26b7d13', 'connection': 'close', 'status': '200', 'content-location': 'http://10.132.239.110/volume/v3/volumes/562cebe3-533a-45e6-922b-3d404b863af1'}
        Body: b'{"volume": {"id": "562cebe3-533a-45e6-922b-3d404b863af1", "status": "deleting", "size": 1, "availability_zone": "nova", "created_at": "2026-09-25T09:53:22.000000", "updated_at": "2026-09-25T09:53:26.000000", "name": "tempest-VolumesDeleteCascade-Volume-1396893735", "description": null, "volume_type": "arcusfc1", "snapshot_id": null, "source_volid": null, "metadata": {}, "links": [{"rel": "self", "href": "http://10.132.239.110/volume/v3/volumes/562cebe3-533a-45e6-922b-3d404b863af1"}, {"rel": "bookmark", "href": "http://10.132.239.110/volume/volumes/562cebe3-533a-45e6-922b-3d404b863af1"}], "use
    r_id": "16783d7c80c64e54afe935a0d27fa174", "bootable": "false", "encrypted": false, "replication_status": null, "consistencygroup_id": null, "multiattach": false, "attachments": [], "os-vol-tenant-attr:tenant_id": "234aae29f86546a2963cb3339c28a9c1"}}'
2026-09-25 09:56:04,487 3735175 INFO     [tempest.lib.common.rest_client] Request (VolumesDeleteCascade:test_volume_from_snapshot_cascade_delete): 200 GET http://10.132.239.110/volume/v3/volumes/562cebe3-533a-45e6-922b-3d404b863af1 0.059s
2026-09-25 09:56:04,488 3735175 DEBUG    [tempest.lib.common.rest_client] Request - Headers: {'Content-Type': 'application/json', 'Accept': 'application/json', 'X-Auth-Token': '<omitted>'}
        Body: None
    Response - Headers: {'date': 'Fri, 25 Sep 2026 09:56:04 GMT', 'server': 'Apache/2.4.58 (Ubuntu)', 'content-type': 'application/json', 'x-compute-request-id': 'req-638bce8f-600c-470a-8f5b-1a29ea8f1e85', 'content-length': '849', 'openstack-api-version': 'volume 3.0', 'vary': 'OpenStack-API-Version', 'x-openstack-request-id': 'req-638bce8f-600c-470a-8f5b-1a29ea8f1e85', 'connection': 'close', 'status': '200', 'content-location': 'http://10.132.239.110/volume/v3/volumes/562cebe3-533a-45e6-922b-3d404b863af1'}
        Body: b'{"volume": {"id": "562cebe3-533a-45e6-922b-3d404b863af1", "status": "deleting", "size": 1, "availability_zone": "nova", "created_at": "2026-09-25T09:53:22.000000", "updated_at": "2026-09-25T09:53:26.000000", "name": "tempest-VolumesDeleteCascade-Volume-1396893735", "description": null, "volume_type": "arcusfc1", "snapshot_id": null, "source_volid": null, "metadata": {}, "links": [{"rel": "self", "href": "http://10.132.239.110/volume/v3/volumes/562cebe3-533a-45e6-922b-3d404b863af1"}, {"rel": "bookmark", "href": "http://10.132.239.110/volume/volumes/562cebe3-533a-45e6-922b-3d404b863af1"}], "user_id": "16783d7c80c64e54afe935a0d27fa174", "bootable": "false", "encrypted": false, "replication_status": null, "consistencygroup_id": null, "multiattach": false, "attachments": [], "os-vol-tenant-attr:tenant_id": "234aae29f86546a2963cb3339c28a9c1"}}'
2026-09-25 09:56:05,561 3735175 INFO     [tempest.lib.common.rest_client] Request (VolumesDeleteCascade:test_volume_from_snapshot_cascade_delete): 200 GET http://10.132.239.110/volume/v3/volumes/562cebe3-533a-45e6-922b-3d404b863af1 0.053s
2026-09-25 09:56:05,562 3735175 DEBUG    [tempest.lib.common.rest_client] Request - Headers: {'Content-Type': 'application/json', 'Accept': 'application/json', 'X-Auth-Token': '<omitted>'}
        Body: None
    Response - Headers: {'date': 'Fri, 25 Sep 2026 09:56:05 GMT', 'server': 'Apache/2.4.58 (Ubuntu)', 'content-type': 'application/json', 'x-compute-request-id': 'req-9ec2e025-a50c-4e01-86b1-26ecacd512c0', 'content-length': '849', 'openstack-api-version': 'volume 3.0', 'vary': 'OpenStack-API-Version', 'x-openstack-request-id': 'req-9ec2e025-a50c-4e01-86b1-26ecacd512c0', 'connection': 'close', 'status': '200', 'content-location': 'http://10.132.239.110/volume/v3/volumes/562cebe3-533a-45e6-922b-3d404b863af1'}
        Body: b'{"volume": {"id": "562cebe3-533a-45e6-922b-3d404b863af1", "status": "deleting", "size": 1, "availability_zone": "nova", "created_at": "2026-09-25T09:53:22.000000", "updated_at": "2026-09-25T09:53:26.000000", "name": "tempest-VolumesDeleteCascade-Volume-1396893735", "description": null, "volume_type": "arcusfc1", "snapshot_id": null, "source_volid": null, "metadata": {}, "links": [{"rel": "self", "href": "http://10.132.239.110/volume/v3/volumes/562cebe3-533a-45e6-922b-3d404b863af1"}, {"rel": "bookmark", "href": "http://10.132.239.110/volume/volumes/562cebe3-533a-45e6-922b-3d404b863af1"}], "user_id": "16783d7c80c64e54afe935a0d27fa174", "bootable": "false", "encrypted": false, "replication_status": null, "consistencygroup_id": null, "multiattach": false, "attachments": [], "os-vol-tenant-attr:tenant_id": "234aae29f86546a2963cb3339c28a9c1"}}'
2026-09-25 09:56:06,636 3735175 INFO     [tempest.lib.common.rest_client] Request (VolumesDeleteCascade:test_volume_from_snapshot_cascade_delete): 200 GET http://10.132.239.110/volume/v3/vol
    umes/562cebe3-533a-45e6-922b-3d404b863af1 0.059s
2026-09-25 09:56:06,637 3735175 DEBUG    [tempest.lib.common.rest_client] Request - Headers: {'Content-Type': 'application/json', 'Accept': 'application/json', 'X-Auth-Token': '<omitted>'}
        Body: None
    Response - Headers: {'date': 'Fri, 25 Sep 2026 09:56:06 GMT', 'server': 'Apache/2.4.58 (Ubuntu)', 'content-type': 'application/json', 'x-compute-request-id': 'req-2fc756e1-bab7-496a-a36d-94931057a95a', 'content-length': '849', 'openstack-api-version': 'volume 3.0', 'vary': 'OpenStack-API-Version', 'x-openstack-request-id': 'req-2fc756e1-bab7-496a-a36d-94931057a95a', 'connection': 'close', 'status': '200', 'content-location': 'http://10.132.239.110/volume/v3/volumes/562cebe3-533a-45e6-922b-3d404b863af1'}
        Body: b'{"volume": {"id": "562cebe3-533a-45e6-922b-3d404b863af1", "status": "deleting", "size": 1, "availability_zone": "nova", "created_at": "2026-09-25T09:53:22.000000", "updated_at": "2026-09-25T09:53:26.000000", "name": "tempest-VolumesDeleteCascade-Volume-1396893735", "description": null, "volume_type": "arcusfc1", "snapshot_id": null, "source_volid": null, "metadata": {}, "links": [{"rel": "self", "href": "http://10.132.239.110/volume/v3/volumes/562cebe3-533a-45e6-922b-3d404b863af1"}, {"rel": "bookmark", "href": "http://10.132.239.110/volume/volumes/562cebe3-533a-45e6-922b-3d404b863af1"}], "user_id": "16783d7c80c64e54afe935a0d27fa174", "bootable": "false", "encrypted": false, "replication_status": null, "consistencygroup_id": null, "multiattach": false, "attachments": [], "os-vol-tenant-attr:tenant_id": "234aae29f86546a2963cb3339c28a9c1"}}'
2026-09-25 09:56:07,707 3735175 INFO     [tempest.lib.common.rest_client] Request (VolumesDeleteCascade:test_volume_from_snapshot_cascade_delete): 200 GET http://10.132.239.110/volume/v3/volumes/562cebe3-533a-45e6-922b-3d404b863af1 0.052s
2026-09-25 09:56:07,708 3735175 DEBUG    [tempest.lib.common.rest_client] Request - Headers: {'Content-Type': 'application/json', 'Accept': 'application/json', 'X-Auth-Token': '<omitted>'}
        Body: None
    Response - Headers: {'date': 'Fri, 25 Sep 2026 09:56:07 GMT', 'server': 'Apache/2.4.58 (Ubuntu)', 'content-type': 'application/json', 'x-compute-request-id': 'req-7c1f9a0a-8e14-4af5-89e0-d016648692f7', 'content-length': '849', 'openstack-api-version': 'volume 3.0', 'vary': 'OpenStack-API-Version', 'x-openstack-request-id': 'req-7c1f9a0a-8e14-4af5-89e0-d016648692f7', 'connection': 'close', 'status': '200', 'content-location': 'http://10.132.239.110/volume/v3/volumes/562cebe3-533a-45e6-922b-3d404b863af1'}
        Body: b'{"volume": {"id": "562cebe3-533a-45e6-922b-3d404b863af1", "status": "deleting", "size": 1, "availability_zone": "nova", "created_at": "2026-09-25T09:53:22.000000", "updated_at": "2026-09-25T09:53:26.000000", "name": "tempest-VolumesDeleteCascade-Volume-1396893735", "description": null, "volume_type": "arcusfc1", "snapshot_id": null, "source_volid": null, "metadata": {}, "links": [{"rel": "self", "href": "http://10.132.239.110/volume/v3/volumes/562cebe3-533a-45e6-922b-3d404b863af1"}, {"rel": "bookmark", "href": "http://10.132.239.110/volume/volumes/562cebe3-533a-45e6-922b-3d404b863af1"}], "user_id": "16783d7c80c64e54afe935a0d27fa174", "bootable": "false", "encrypted": false, "replication_status": null, "consistencygroup_id": null, "multiattach": false, "attachments": [], "os-vol-tenant-attr:tenant_id": "234aae29f86546a2963cb3339c28a9c1"}}'
2026-09-25 09:56:08,779 3735175 INFO     [tempest.lib.common.rest_client] Request (VolumesDeleteCascade:test_volume_from_snapshot_cascade_delete): 200 GET http://10.132.239.110/volume/v3/volumes/562cebe3-533a-45e6-922b-3d404b863af1 0.055s
2026-09-25 09:56:08,780 3735175 DEBUG    [tempest.lib.common.rest_client] Request - Headers: {'Content-Type': 'application/json', 'Accept': 'application/json', 'X-Auth-Token': '<omitted>'}
        Body: None
    Response - Headers: {'date': 'Fri, 25 Sep 2026 09:56:08 GMT', 'server': 'Apache/2.4.58 (Ubuntu)', 'content-type': 'application/json', 'x-compute-request-id': 'req-8e81cba4-b577-43fb
    -b16e-30330c4e987e', 'content-length': '849', 'openstack-api-version': 'volume 3.0', 'vary': 'OpenStack-API-Version', 'x-openstack-request-id': 'req-8e81cba4-b577-43fb-b16e-30330c4e987e', 'connection': 'close', 'status': '200', 'content-location': 'http://10.132.239.110/volume/v3/volumes/562cebe3-533a-45e6-922b-3d404b863af1'}
        Body: b'{"volume": {"id": "562cebe3-533a-45e6-922b-3d404b863af1", "status": "deleting", "size": 1, "availability_zone": "nova", "created_at": "2026-09-25T09:53:22.000000", "updated_at": "2026-09-25T09:53:26.000000", "name": "tempest-VolumesDeleteCascade-Volume-1396893735", "description": null, "volume_type": "arcusfc1", "snapshot_id": null, "source_volid": null, "metadata": {}, "links": [{"rel": "self", "href": "http://10.132.239.110/volume/v3/volumes/562cebe3-533a-45e6-922b-3d404b863af1"}, {"rel": "bookmark", "href": "http://10.132.239.110/volume/volumes/562cebe3-533a-45e6-922b-3d404b863af1"}], "user_id": "16783d7c80c64e54afe935a0d27fa174", "bootable": "false", "encrypted": false, "replication_status": null, "consistencygroup_id": null, "multiattach": false, "attachments": [], "os-vol-tenant-attr:tenant_id": "234aae29f86546a2963cb3339c28a9c1"}}'
2026-09-25 09:56:09,855 3735175 INFO     [tempest.lib.common.rest_client] Request (VolumesDeleteCascade:test_volume_from_snapshot_cascade_delete): 200 GET http://10.132.239.110/volume/v3/volumes/562cebe3-533a-45e6-922b-3d404b863af1 0.059s
2026-09-25 09:56:09,856 3735175 DEBUG    [tempest.lib.common.rest_client] Request - Headers: {'Content-Type': 'application/json', 'Accept': 'application/json', 'X-Auth-Token': '<omitted>'}
        Body: None
    Response - Headers: {'date': 'Fri, 25 Sep 2026 09:56:09 GMT', 'server': 'Apache/2.4.58 (Ubuntu)', 'content-type': 'application/json', 'x-compute-request-id': 'req-09899194-dc86-4ac3-8db5-96ea36319360', 'content-length': '849', 'openstack-api-version': 'volume 3.0', 'vary': 'OpenStack-API-Version', 'x-openstack-request-id': 'req-09899194-dc86-4ac3-8db5-96ea36319360', 'connection': 'close', 'status': '200', 'content-location': 'http://10.132.239.110/volume/v3/volumes/562cebe3-533a-45e6-922b-3d404b863af1'}
        Body: b'{"volume": {"id": "562cebe3-533a-45e6-922b-3d404b863af1", "status": "deleting", "size": 1, "availability_zone": "nova", "created_at": "2026-09-25T09:53:22.000000", "updated_at": "2026-09-25T09:53:26.000000", "name": "tempest-VolumesDeleteCascade-Volume-1396893735", "description": null, "volume_type": "arcusfc1", "snapshot_id": null, "source_volid": null, "metadata": {}, "links": [{"rel": "self", "href": "http://10.132.239.110/volume/v3/volumes/562cebe3-533a-45e6-922b-3d404b863af1"}, {"rel": "bookmark", "href": "http://10.132.239.110/volume/volumes/562cebe3-533a-45e6-922b-3d404b863af1"}], "user_id": "16783d7c80c64e54afe935a0d27fa174", "bootable": "false", "encrypted": false, "replication_status": null, "consistencygroup_id": null, "multiattach": false, "attachments": [], "os-vol-tenant-attr:tenant_id": "234aae29f86546a2963cb3339c28a9c1"}}'
2026-09-25 09:56:10,928 3735175 INFO     [tempest.lib.common.rest_client] Request (VolumesDeleteCascade:test_volume_from_snapshot_cascade_delete): 200 GET http://10.132.239.110/volume/v3/volumes/562cebe3-533a-45e6-922b-3d404b863af1 0.054s
2026-09-25 09:56:10,929 3735175 DEBUG    [tempest.lib.common.rest_client] Request - Headers: {'Content-Type': 'application/json', 'Accept': 'application/json', 'X-Auth-Token': '<omitted>'}
        Body: None
    Response - Headers: {'date': 'Fri, 25 Sep 2026 09:56:10 GMT', 'server': 'Apache/2.4.58 (Ubuntu)', 'content-type': 'application/json', 'x-compute-request-id': 'req-17b2f049-fa8b-4c4a-b6cd-0324ab1e5485', 'content-length': '849', 'openstack-api-version': 'volume 3.0', 'vary': 'OpenStack-API-Version', 'x-openstack-request-id': 'req-17b2f049-fa8b-4c4a-b6cd-0324ab1e5485', 'connection': 'close', 'status': '200', 'content-location': 'http://10.132.239.110/volume/v3/volumes/562cebe3-533a-45e6-922b-3d404b863af1'}
        Body: b'{"volume": {"id": "562cebe3-533a-45e6-922b-3d404b863af1", "status": "deleting", "size": 1, "availa
    bility_zone": "nova", "created_at": "2026-09-25T09:53:22.000000", "updated_at": "2026-09-25T09:53:26.000000", "name": "tempest-VolumesDeleteCascade-Volume-1396893735", "description": null, "volume_type": "arcusfc1", "snapshot_id": null, "source_volid": null, "metadata": {}, "links": [{"rel": "self", "href": "http://10.132.239.110/volume/v3/volumes/562cebe3-533a-45e6-922b-3d404b863af1"}, {"rel": "bookmark", "href": "http://10.132.239.110/volume/volumes/562cebe3-533a-45e6-922b-3d404b863af1"}], "user_id": "16783d7c80c64e54afe935a0d27fa174", "bootable": "false", "encrypted": false, "replication_status": null, "consistencygroup_id": null, "multiattach": false, "attachments": [], "os-vol-tenant-attr:tenant_id": "234aae29f86546a2963cb3339c28a9c1"}}'
2026-09-25 09:56:11,994 3735175 INFO     [tempest.lib.common.rest_client] Request (VolumesDeleteCascade:test_volume_from_snapshot_cascade_delete): 200 GET http://10.132.239.110/volume/v3/volumes/562cebe3-533a-45e6-922b-3d404b863af1 0.049s
2026-09-25 09:56:11,995 3735175 DEBUG    [tempest.lib.common.rest_client] Request - Headers: {'Content-Type': 'application/json', 'Accept': 'application/json', 'X-Auth-Token': '<omitted>'}
        Body: None
    Response - Headers: {'date': 'Fri, 25 Sep 2026 09:56:11 GMT', 'server': 'Apache/2.4.58 (Ubuntu)', 'content-type': 'application/json', 'x-compute-request-id': 'req-1a707150-4c01-4f62-9434-fd450571ef7e', 'content-length': '849', 'openstack-api-version': 'volume 3.0', 'vary': 'OpenStack-API-Version', 'x-openstack-request-id': 'req-1a707150-4c01-4f62-9434-fd450571ef7e', 'connection': 'close', 'status': '200', 'content-location': 'http://10.132.239.110/volume/v3/volumes/562cebe3-533a-45e6-922b-3d404b863af1'}
        Body: b'{"volume": {"id": "562cebe3-533a-45e6-922b-3d404b863af1", "status": "deleting", "size": 1, "availability_zone": "nova", "created_at": "2026-09-25T09:53:22.000000", "updated_at": "2026-09-25T09:53:26.000000", "name": "tempest-VolumesDeleteCascade-Volume-1396893735", "description": null, "volume_type": "arcusfc1", "snapshot_id": null, "source_volid": null, "metadata": {}, "links": [{"rel": "self", "href": "http://10.132.239.110/volume/v3/volumes/562cebe3-533a-45e6-922b-3d404b863af1"}, {"rel": "bookmark", "href": "http://10.132.239.110/volume/volumes/562cebe3-533a-45e6-922b-3d404b863af1"}], "user_id": "16783d7c80c64e54afe935a0d27fa174", "bootable": "false", "encrypted": false, "replication_status": null, "consistencygroup_id": null, "multiattach": false, "attachments": [], "os-vol-tenant-attr:tenant_id": "234aae29f86546a2963cb3339c28a9c1"}}'
2026-09-25 09:56:13,067 3735175 INFO     [tempest.lib.common.rest_client] Request (VolumesDeleteCascade:test_volume_from_snapshot_cascade_delete): 200 GET http://10.132.239.110/volume/v3/volumes/562cebe3-533a-45e6-922b-3d404b863af1 0.055s
2026-09-25 09:56:13,068 3735175 DEBUG    [tempest.lib.common.rest_client] Request - Headers: {'Content-Type': 'application/json', 'Accept': 'application/json', 'X-Auth-Token': '<omitted>'}
        Body: None
    Response - Headers: {'date': 'Fri, 25 Sep 2026 09:56:13 GMT', 'server': 'Apache/2.4.58 (Ubuntu)', 'content-type': 'application/json', 'x-compute-request-id': 'req-9a383365-dc9d-4199-8357-59a5e34acf3c', 'content-length': '849', 'openstack-api-version': 'volume 3.0', 'vary': 'OpenStack-API-Version', 'x-openstack-request-id': 'req-9a383365-dc9d-4199-8357-59a5e34acf3c', 'connection': 'close', 'status': '200', 'content-location': 'http://10.132.239.110/volume/v3/volumes/562cebe3-533a-45e6-922b-3d404b863af1'}
        Body: b'{"volume": {"id": "562cebe3-533a-45e6-922b-3d404b863af1", "status": "deleting", "size": 1, "availability_zone": "nova", "created_at": "2026-09-25T09:53:22.000000", "updated_at": "2026-09-25T09:53:26.000000", "name": "tempest-VolumesDeleteCascade-Volume-1396893735", "description": null, "volume_type": "arcusfc1", "snapshot_id": null, "source_volid": null, "metadata": {}, "links": [{"rel": "self", "href": "http://10.132.239.110/volume/v3/volumes/562cebe3-533a-45e6-922b-3d404b863af1"}, {"rel": "bookmark", "href": "http://10.132.239.110/v
    olume/volumes/562cebe3-533a-45e6-922b-3d404b863af1"}], "user_id": "16783d7c80c64e54afe935a0d27fa174", "bootable": "false", "encrypted": false, "replication_status": null, "consistencygroup_id": null, "multiattach": false, "attachments": [], "os-vol-tenant-attr:tenant_id": "234aae29f86546a2963cb3339c28a9c1"}}'
2026-09-25 09:56:14,141 3735175 INFO     [tempest.lib.common.rest_client] Request (VolumesDeleteCascade:test_volume_from_snapshot_cascade_delete): 200 GET http://10.132.239.110/volume/v3/volumes/562cebe3-533a-45e6-922b-3d404b863af1 0.055s
2026-09-25 09:56:14,142 3735175 DEBUG    [tempest.lib.common.rest_client] Request - Headers: {'Content-Type': 'application/json', 'Accept': 'application/json', 'X-Auth-Token': '<omitted>'}
        Body: None
    Response - Headers: {'date': 'Fri, 25 Sep 2026 09:56:14 GMT', 'server': 'Apache/2.4.58 (Ubuntu)', 'content-type': 'application/json', 'x-compute-request-id': 'req-2f8d8d5e-57e2-46f8-8c3f-1d1f2e5fffd7', 'content-length': '849', 'openstack-api-version': 'volume 3.0', 'vary': 'OpenStack-API-Version', 'x-openstack-request-id': 'req-2f8d8d5e-57e2-46f8-8c3f-1d1f2e5fffd7', 'connection': 'close', 'status': '200', 'content-location': 'http://10.132.239.110/volume/v3/volumes/562cebe3-533a-45e6-922b-3d404b863af1'}
        Body: b'{"volume": {"id": "562cebe3-533a-45e6-922b-3d404b863af1", "status": "deleting", "size": 1, "availability_zone": "nova", "created_at": "2026-09-25T09:53:22.000000", "updated_at": "2026-09-25T09:53:26.000000", "name": "tempest-VolumesDeleteCascade-Volume-1396893735", "description": null, "volume_type": "arcusfc1", "snapshot_id": null, "source_volid": null, "metadata": {}, "links": [{"rel": "self", "href": "http://10.132.239.110/volume/v3/volumes/562cebe3-533a-45e6-922b-3d404b863af1"}, {"rel": "bookmark", "href": "http://10.132.239.110/volume/volumes/562cebe3-533a-45e6-922b-3d404b863af1"}], "user_id": "16783d7c80c64e54afe935a0d27fa174", "bootable": "false", "encrypted": false, "replication_status": null, "consistencygroup_id": null, "multiattach": false, "attachments": [], "os-vol-tenant-attr:tenant_id": "234aae29f86546a2963cb3339c28a9c1"}}'
2026-09-25 09:56:15,221 3735175 INFO     [tempest.lib.common.rest_client] Request (VolumesDeleteCascade:test_volume_from_snapshot_cascade_delete): 200 GET http://10.132.239.110/volume/v3/volumes/562cebe3-533a-45e6-922b-3d404b863af1 0.059s
2026-09-25 09:56:15,222 3735175 DEBUG    [tempest.lib.common.rest_client] Request - Headers: {'Content-Type': 'application/json', 'Accept': 'application/json', 'X-Auth-Token': '<omitted>'}
        Body: None
    Response - Headers: {'date': 'Fri, 25 Sep 2026 09:56:15 GMT', 'server': 'Apache/2.4.58 (Ubuntu)', 'content-type': 'application/json', 'x-compute-request-id': 'req-e94fefdf-79a1-471c-975e-e3bb7f3142eb', 'content-length': '849', 'openstack-api-version': 'volume 3.0', 'vary': 'OpenStack-API-Version', 'x-openstack-request-id': 'req-e94fefdf-79a1-471c-975e-e3bb7f3142eb', 'connection': 'close', 'status': '200', 'content-location': 'http://10.132.239.110/volume/v3/volumes/562cebe3-533a-45e6-922b-3d404b863af1'}
        Body: b'{"volume": {"id": "562cebe3-533a-45e6-922b-3d404b863af1", "status": "deleting", "size": 1, "availability_zone": "nova", "created_at": "2026-09-25T09:53:22.000000", "updated_at": "2026-09-25T09:53:26.000000", "name": "tempest-VolumesDeleteCascade-Volume-1396893735", "description": null, "volume_type": "arcusfc1", "snapshot_id": null, "source_volid": null, "metadata": {}, "links": [{"rel": "self", "href": "http://10.132.239.110/volume/v3/volumes/562cebe3-533a-45e6-922b-3d404b863af1"}, {"rel": "bookmark", "href": "http://10.132.239.110/volume/volumes/562cebe3-533a-45e6-922b-3d404b863af1"}], "user_id": "16783d7c80c64e54afe935a0d27fa174", "bootable": "false", "encrypted": false, "replication_status": null, "consistencygroup_id": null, "multiattach": false, "attachments": [], "os-vol-tenant-attr:tenant_id": "234aae29f86546a2963cb3339c28a9c1"}}'
2026-09-25 09:56:16,289 3735175 INFO     [tempest.lib.common.rest_client] Request (VolumesDeleteCascade:test_volume_from_snapshot_c
    ascade_delete): 200 GET http://10.132.239.110/volume/v3/volumes/562cebe3-533a-45e6-922b-3d404b863af1 0.051s
2026-09-25 09:56:16,290 3735175 DEBUG    [tempest.lib.common.rest_client] Request - Headers: {'Content-Type': 'application/json', 'Accept': 'application/json', 'X-Auth-Token': '<omitted>'}
        Body: None
    Response - Headers: {'date': 'Fri, 25 Sep 2026 09:56:16 GMT', 'server': 'Apache/2.4.58 (Ubuntu)', 'content-type': 'application/json', 'x-compute-request-id': 'req-2b3527c8-cbc1-40b1-8b22-55d533f55b24', 'content-length': '849', 'openstack-api-version': 'volume 3.0', 'vary': 'OpenStack-API-Version', 'x-openstack-request-id': 'req-2b3527c8-cbc1-40b1-8b22-55d533f55b24', 'connection': 'close', 'status': '200', 'content-location': 'http://10.132.239.110/volume/v3/volumes/562cebe3-533a-45e6-922b-3d404b863af1'}
        Body: b'{"volume": {"id": "562cebe3-533a-45e6-922b-3d404b863af1", "status": "deleting", "size": 1, "availability_zone": "nova", "created_at": "2026-09-25T09:53:22.000000", "updated_at": "2026-09-25T09:53:26.000000", "name": "tempest-VolumesDeleteCascade-Volume-1396893735", "description": null, "volume_type": "arcusfc1", "snapshot_id": null, "source_volid": null, "metadata": {}, "links": [{"rel": "self", "href": "http://10.132.239.110/volume/v3/volumes/562cebe3-533a-45e6-922b-3d404b863af1"}, {"rel": "bookmark", "href": "http://10.132.239.110/volume/volumes/562cebe3-533a-45e6-922b-3d404b863af1"}], "user_id": "16783d7c80c64e54afe935a0d27fa174", "bootable": "false", "encrypted": false, "replication_status": null, "consistencygroup_id": null, "multiattach": false, "attachments": [], "os-vol-tenant-attr:tenant_id": "234aae29f86546a2963cb3339c28a9c1"}}'
2026-09-25 09:56:17,365 3735175 INFO     [tempest.lib.common.rest_client] Request (VolumesDeleteCascade:test_volume_from_snapshot_cascade_delete): 200 GET http://10.132.239.110/volume/v3/volumes/562cebe3-533a-45e6-922b-3d404b863af1 0.058s
2026-09-25 09:56:17,365 3735175 DEBUG    [tempest.lib.common.rest_client] Request - Headers: {'Content-Type': 'application/json', 'Accept': 'application/json', 'X-Auth-Token': '<omitted>'}
        Body: None
    Response - Headers: {'date': 'Fri, 25 Sep 2026 09:56:17 GMT', 'server': 'Apache/2.4.58 (Ubuntu)', 'content-type': 'application/json', 'x-compute-request-id': 'req-8c6f553e-8b1f-4cb7-a11d-4e1fa769c328', 'content-length': '849', 'openstack-api-version': 'volume 3.0', 'vary': 'OpenStack-API-Version', 'x-openstack-request-id': 'req-8c6f553e-8b1f-4cb7-a11d-4e1fa769c328', 'connection': 'close', 'status': '200', 'content-location': 'http://10.132.239.110/volume/v3/volumes/562cebe3-533a-45e6-922b-3d404b863af1'}
        Body: b'{"volume": {"id": "562cebe3-533a-45e6-922b-3d404b863af1", "status": "deleting", "size": 1, "availability_zone": "nova", "created_at": "2026-09-25T09:53:22.000000", "updated_at": "2026-09-25T09:53:26.000000", "name": "tempest-VolumesDeleteCascade-Volume-1396893735", "description": null, "volume_type": "arcusfc1", "snapshot_id": null, "source_volid": null, "metadata": {}, "links": [{"rel": "self", "href": "http://10.132.239.110/volume/v3/volumes/562cebe3-533a-45e6-922b-3d404b863af1"}, {"rel": "bookmark", "href": "http://10.132.239.110/volume/volumes/562cebe3-533a-45e6-922b-3d404b863af1"}], "user_id": "16783d7c80c64e54afe935a0d27fa174", "bootable": "false", "encrypted": false, "replication_status": null, "consistencygroup_id": null, "multiattach": false, "attachments": [], "os-vol-tenant-attr:tenant_id": "234aae29f86546a2963cb3339c28a9c1"}}'
2026-09-25 09:56:18,436 3735175 INFO     [tempest.lib.common.rest_client] Request (VolumesDeleteCascade:test_volume_from_snapshot_cascade_delete): 200 GET http://10.132.239.110/volume/v3/volumes/562cebe3-533a-45e6-922b-3d404b863af1 0.053s
2026-09-25 09:56:18,436 3735175 DEBUG    [tempest.lib.common.rest_client] Request - Headers: {'Content-Type': 'application/json', 'Accept': 'application/json', 'X-Auth-Token': '<omitted>'}
        Body: None
    Response - Headers: {'date': 'Fri, 25 Sep 2026 09:56:18 GMT', 'server': 'Apache/2.4.58 (Ubuntu)', 'content-type': 'applica
    tion/json', 'x-compute-request-id': 'req-2d6ffb98-9228-4fde-a0c5-38b2d6ac863a', 'content-length': '849', 'openstack-api-version': 'volume 3.0', 'vary': 'OpenStack-API-Version', 'x-openstack-request-id': 'req-2d6ffb98-9228-4fde-a0c5-38b2d6ac863a', 'connection': 'close', 'status': '200', 'content-location': 'http://10.132.239.110/volume/v3/volumes/562cebe3-533a-45e6-922b-3d404b863af1'}
        Body: b'{"volume": {"id": "562cebe3-533a-45e6-922b-3d404b863af1", "status": "deleting", "size": 1, "availability_zone": "nova", "created_at": "2026-09-25T09:53:22.000000", "updated_at": "2026-09-25T09:53:26.000000", "name": "tempest-VolumesDeleteCascade-Volume-1396893735", "description": null, "volume_type": "arcusfc1", "snapshot_id": null, "source_volid": null, "metadata": {}, "links": [{"rel": "self", "href": "http://10.132.239.110/volume/v3/volumes/562cebe3-533a-45e6-922b-3d404b863af1"}, {"rel": "bookmark", "href": "http://10.132.239.110/volume/volumes/562cebe3-533a-45e6-922b-3d404b863af1"}], "user_id": "16783d7c80c64e54afe935a0d27fa174", "bootable": "false", "encrypted": false, "replication_status": null, "consistencygroup_id": null, "multiattach": false, "attachments": [], "os-vol-tenant-attr:tenant_id": "234aae29f86546a2963cb3339c28a9c1"}}'
2026-09-25 09:56:19,505 3735175 INFO     [tempest.lib.common.rest_client] Request (VolumesDeleteCascade:test_volume_from_snapshot_cascade_delete): 200 GET http://10.132.239.110/volume/v3/volumes/562cebe3-533a-45e6-922b-3d404b863af1 0.053s
2026-09-25 09:56:19,506 3735175 DEBUG    [tempest.lib.common.rest_client] Request - Headers: {'Content-Type': 'application/json', 'Accept': 'application/json', 'X-Auth-Token': '<omitted>'}
        Body: None
    Response - Headers: {'date': 'Fri, 25 Sep 2026 09:56:19 GMT', 'server': 'Apache/2.4.58 (Ubuntu)', 'content-type': 'application/json', 'x-compute-request-id': 'req-4697056a-9fc3-4a5d-9dc1-16478019bec2', 'content-length': '849', 'openstack-api-version': 'volume 3.0', 'vary': 'OpenStack-API-Version', 'x-openstack-request-id': 'req-4697056a-9fc3-4a5d-9dc1-16478019bec2', 'connection': 'close', 'status': '200', 'content-location': 'http://10.132.239.110/volume/v3/volumes/562cebe3-533a-45e6-922b-3d404b863af1'}
        Body: b'{"volume": {"id": "562cebe3-533a-45e6-922b-3d404b863af1", "status": "deleting", "size": 1, "availability_zone": "nova", "created_at": "2026-09-25T09:53:22.000000", "updated_at": "2026-09-25T09:53:26.000000", "name": "tempest-VolumesDeleteCascade-Volume-1396893735", "description": null, "volume_type": "arcusfc1", "snapshot_id": null, "source_volid": null, "metadata": {}, "links": [{"rel": "self", "href": "http://10.132.239.110/volume/v3/volumes/562cebe3-533a-45e6-922b-3d404b863af1"}, {"rel": "bookmark", "href": "http://10.132.239.110/volume/volumes/562cebe3-533a-45e6-922b-3d404b863af1"}], "user_id": "16783d7c80c64e54afe935a0d27fa174", "bootable": "false", "encrypted": false, "replication_status": null, "consistencygroup_id": null, "multiattach": false, "attachments": [], "os-vol-tenant-attr:tenant_id": "234aae29f86546a2963cb3339c28a9c1"}}'
2026-09-25 09:56:20,583 3735175 INFO     [tempest.lib.common.rest_client] Request (VolumesDeleteCascade:test_volume_from_snapshot_cascade_delete): 200 GET http://10.132.239.110/volume/v3/volumes/562cebe3-533a-45e6-922b-3d404b863af1 0.060s
2026-09-25 09:56:20,583 3735175 DEBUG    [tempest.lib.common.rest_client] Request - Headers: {'Content-Type': 'application/json', 'Accept': 'application/json', 'X-Auth-Token': '<omitted>'}
        Body: None
    Response - Headers: {'date': 'Fri, 25 Sep 2026 09:56:20 GMT', 'server': 'Apache/2.4.58 (Ubuntu)', 'content-type': 'application/json', 'x-compute-request-id': 'req-6fe3f474-a1ba-463f-bf7e-2da69a5ad3f3', 'content-length': '849', 'openstack-api-version': 'volume 3.0', 'vary': 'OpenStack-API-Version', 'x-openstack-request-id': 'req-6fe3f474-a1ba-463f-bf7e-2da69a5ad3f3', 'connection': 'close', 'status': '200', 'content-location': 'http://10.132.239.110/volume/v3/volumes/562cebe3-533a-45e6-922b-3d404b863af1'}
        Body: b'{"volume": {"id": "562cebe3-533a-45e6-9
    22b-3d404b863af1", "status": "deleting", "size": 1, "availability_zone": "nova", "created_at": "2026-09-25T09:53:22.000000", "updated_at": "2026-09-25T09:53:26.000000", "name": "tempest-VolumesDeleteCascade-Volume-1396893735", "description": null, "volume_type": "arcusfc1", "snapshot_id": null, "source_volid": null, "metadata": {}, "links": [{"rel": "self", "href": "http://10.132.239.110/volume/v3/volumes/562cebe3-533a-45e6-922b-3d404b863af1"}, {"rel": "bookmark", "href": "http://10.132.239.110/volume/volumes/562cebe3-533a-45e6-922b-3d404b863af1"}], "user_id": "16783d7c80c64e54afe935a0d27fa174", "bootable": "false", "encrypted": false, "replication_status": null, "consistencygroup_id": null, "multiattach": false, "attachments": [], "os-vol-tenant-attr:tenant_id": "234aae29f86546a2963cb3339c28a9c1"}}'
2026-09-25 09:56:21,658 3735175 INFO     [tempest.lib.common.rest_client] Request (VolumesDeleteCascade:test_volume_from_snapshot_cascade_delete): 200 GET http://10.132.239.110/volume/v3/volumes/562cebe3-533a-45e6-922b-3d404b863af1 0.057s
2026-09-25 09:56:21,658 3735175 DEBUG    [tempest.lib.common.rest_client] Request - Headers: {'Content-Type': 'application/json', 'Accept': 'application/json', 'X-Auth-Token': '<omitted>'}
        Body: None
    Response - Headers: {'date': 'Fri, 25 Sep 2026 09:56:21 GMT', 'server': 'Apache/2.4.58 (Ubuntu)', 'content-type': 'application/json', 'x-compute-request-id': 'req-19ef1144-9798-4036-8ea5-8a63646c1fa4', 'content-length': '849', 'openstack-api-version': 'volume 3.0', 'vary': 'OpenStack-API-Version', 'x-openstack-request-id': 'req-19ef1144-9798-4036-8ea5-8a63646c1fa4', 'connection': 'close', 'status': '200', 'content-location': 'http://10.132.239.110/volume/v3/volumes/562cebe3-533a-45e6-922b-3d404b863af1'}
        Body: b'{"volume": {"id": "562cebe3-533a-45e6-922b-3d404b863af1", "status": "deleting", "size": 1, "availability_zone": "nova", "created_at": "2026-09-25T09:53:22.000000", "updated_at": "2026-09-25T09:53:26.000000", "name": "tempest-VolumesDeleteCascade-Volume-1396893735", "description": null, "volume_type": "arcusfc1", "snapshot_id": null, "source_volid": null, "metadata": {}, "links": [{"rel": "self", "href": "http://10.132.239.110/volume/v3/volumes/562cebe3-533a-45e6-922b-3d404b863af1"}, {"rel": "bookmark", "href": "http://10.132.239.110/volume/volumes/562cebe3-533a-45e6-922b-3d404b863af1"}], "user_id": "16783d7c80c64e54afe935a0d27fa174", "bootable": "false", "encrypted": false, "replication_status": null, "consistencygroup_id": null, "multiattach": false, "attachments": [], "os-vol-tenant-attr:tenant_id": "234aae29f86546a2963cb3339c28a9c1"}}'
2026-09-25 09:56:22,732 3735175 INFO     [tempest.lib.common.rest_client] Request (VolumesDeleteCascade:test_volume_from_snapshot_cascade_delete): 200 GET http://10.132.239.110/volume/v3/volumes/562cebe3-533a-45e6-922b-3d404b863af1 0.055s
2026-09-25 09:56:22,732 3735175 DEBUG    [tempest.lib.common.rest_client] Request - Headers: {'Content-Type': 'application/json', 'Accept': 'application/json', 'X-Auth-Token': '<omitted>'}
        Body: None
    Response - Headers: {'date': 'Fri, 25 Sep 2026 09:56:22 GMT', 'server': 'Apache/2.4.58 (Ubuntu)', 'content-type': 'application/json', 'x-compute-request-id': 'req-ba54c600-6c04-4183-8b1a-84944622c4a8', 'content-length': '849', 'openstack-api-version': 'volume 3.0', 'vary': 'OpenStack-API-Version', 'x-openstack-request-id': 'req-ba54c600-6c04-4183-8b1a-84944622c4a8', 'connection': 'close', 'status': '200', 'content-location': 'http://10.132.239.110/volume/v3/volumes/562cebe3-533a-45e6-922b-3d404b863af1'}
        Body: b'{"volume": {"id": "562cebe3-533a-45e6-922b-3d404b863af1", "status": "deleting", "size": 1, "availability_zone": "nova", "created_at": "2026-09-25T09:53:22.000000", "updated_at": "2026-09-25T09:53:26.000000", "name": "tempest-VolumesDeleteCascade-Volume-1396893735", "description": null, "volume_type": "arcusfc1", "snapshot_id": null, "source_volid": null, "metadata": {}, "links": [{"rel": "self", "href": "http://10.132.239.110/volume/v3/volumes/562cebe3-533a-45e6-922b-3d404b863
    af1"}, {"rel": "bookmark", "href": "http://10.132.239.110/volume/volumes/562cebe3-533a-45e6-922b-3d404b863af1"}], "user_id": "16783d7c80c64e54afe935a0d27fa174", "bootable": "false", "encrypted": false, "replication_status": null, "consistencygroup_id": null, "multiattach": false, "attachments": [], "os-vol-tenant-attr:tenant_id": "234aae29f86546a2963cb3339c28a9c1"}}'
2026-09-25 09:56:23,804 3735175 INFO     [tempest.lib.common.rest_client] Request (VolumesDeleteCascade:test_volume_from_snapshot_cascade_delete): 200 GET http://10.132.239.110/volume/v3/volumes/562cebe3-533a-45e6-922b-3d404b863af1 0.052s
2026-09-25 09:56:23,805 3735175 DEBUG    [tempest.lib.common.rest_client] Request - Headers: {'Content-Type': 'application/json', 'Accept': 'application/json', 'X-Auth-Token': '<omitted>'}
        Body: None
    Response - Headers: {'date': 'Fri, 25 Sep 2026 09:56:23 GMT', 'server': 'Apache/2.4.58 (Ubuntu)', 'content-type': 'application/json', 'x-compute-request-id': 'req-06ccb100-e3d2-4a64-854f-d4e93658e271', 'content-length': '849', 'openstack-api-version': 'volume 3.0', 'vary': 'OpenStack-API-Version', 'x-openstack-request-id': 'req-06ccb100-e3d2-4a64-854f-d4e93658e271', 'connection': 'close', 'status': '200', 'content-location': 'http://10.132.239.110/volume/v3/volumes/562cebe3-533a-45e6-922b-3d404b863af1'}
        Body: b'{"volume": {"id": "562cebe3-533a-45e6-922b-3d404b863af1", "status": "deleting", "size": 1, "availability_zone": "nova", "created_at": "2026-09-25T09:53:22.000000", "updated_at": "2026-09-25T09:53:26.000000", "name": "tempest-VolumesDeleteCascade-Volume-1396893735", "description": null, "volume_type": "arcusfc1", "snapshot_id": null, "source_volid": null, "metadata": {}, "links": [{"rel": "self", "href": "http://10.132.239.110/volume/v3/volumes/562cebe3-533a-45e6-922b-3d404b863af1"}, {"rel": "bookmark", "href": "http://10.132.239.110/volume/volumes/562cebe3-533a-45e6-922b-3d404b863af1"}], "user_id": "16783d7c80c64e54afe935a0d27fa174", "bootable": "false", "encrypted": false, "replication_status": null, "consistencygroup_id": null, "multiattach": false, "attachments": [], "os-vol-tenant-attr:tenant_id": "234aae29f86546a2963cb3339c28a9c1"}}'
2026-09-25 09:56:24,873 3735175 INFO     [tempest.lib.common.rest_client] Request (VolumesDeleteCascade:test_volume_from_snapshot_cascade_delete): 200 GET http://10.132.239.110/volume/v3/volumes/562cebe3-533a-45e6-922b-3d404b863af1 0.052s
2026-09-25 09:56:24,873 3735175 DEBUG    [tempest.lib.common.rest_client] Request - Headers: {'Content-Type': 'application/json', 'Accept': 'application/json', 'X-Auth-Token': '<omitted>'}
        Body: None
    Response - Headers: {'date': 'Fri, 25 Sep 2026 09:56:24 GMT', 'server': 'Apache/2.4.58 (Ubuntu)', 'content-type': 'application/json', 'x-compute-request-id': 'req-899b18d0-a65b-4d92-973f-5dcd9e460b54', 'content-length': '849', 'openstack-api-version': 'volume 3.0', 'vary': 'OpenStack-API-Version', 'x-openstack-request-id': 'req-899b18d0-a65b-4d92-973f-5dcd9e460b54', 'connection': 'close', 'status': '200', 'content-location': 'http://10.132.239.110/volume/v3/volumes/562cebe3-533a-45e6-922b-3d404b863af1'}
        Body: b'{"volume": {"id": "562cebe3-533a-45e6-922b-3d404b863af1", "status": "deleting", "size": 1, "availability_zone": "nova", "created_at": "2026-09-25T09:53:22.000000", "updated_at": "2026-09-25T09:53:26.000000", "name": "tempest-VolumesDeleteCascade-Volume-1396893735", "description": null, "volume_type": "arcusfc1", "snapshot_id": null, "source_volid": null, "metadata": {}, "links": [{"rel": "self", "href": "http://10.132.239.110/volume/v3/volumes/562cebe3-533a-45e6-922b-3d404b863af1"}, {"rel": "bookmark", "href": "http://10.132.239.110/volume/volumes/562cebe3-533a-45e6-922b-3d404b863af1"}], "user_id": "16783d7c80c64e54afe935a0d27fa174", "bootable": "false", "encrypted": false, "replication_status": null, "consistencygroup_id": null, "multiattach": false, "attachments": [], "os-vol-tenant-attr:tenant_id": "234aae29f86546a2963cb3339c28a9c1"}}'
2026-09-25 09:56:25,947 3735175 INFO     [tempest.lib.common.rest_client
    ] Request (VolumesDeleteCascade:test_volume_from_snapshot_cascade_delete): 200 GET http://10.132.239.110/volume/v3/volumes/562cebe3-533a-45e6-922b-3d404b863af1 0.056s
2026-09-25 09:56:25,947 3735175 DEBUG    [tempest.lib.common.rest_client] Request - Headers: {'Content-Type': 'application/json', 'Accept': 'application/json', 'X-Auth-Token': '<omitted>'}
        Body: None
    Response - Headers: {'date': 'Fri, 25 Sep 2026 09:56:25 GMT', 'server': 'Apache/2.4.58 (Ubuntu)', 'content-type': 'application/json', 'x-compute-request-id': 'req-6f8df993-52de-4750-9ded-261b47063521', 'content-length': '849', 'openstack-api-version': 'volume 3.0', 'vary': 'OpenStack-API-Version', 'x-openstack-request-id': 'req-6f8df993-52de-4750-9ded-261b47063521', 'connection': 'close', 'status': '200', 'content-location': 'http://10.132.239.110/volume/v3/volumes/562cebe3-533a-45e6-922b-3d404b863af1'}
        Body: b'{"volume": {"id": "562cebe3-533a-45e6-922b-3d404b863af1", "status": "deleting", "size": 1, "availability_zone": "nova", "created_at": "2026-09-25T09:53:22.000000", "updated_at": "2026-09-25T09:53:26.000000", "name": "tempest-VolumesDeleteCascade-Volume-1396893735", "description": null, "volume_type": "arcusfc1", "snapshot_id": null, "source_volid": null, "metadata": {}, "links": [{"rel": "self", "href": "http://10.132.239.110/volume/v3/volumes/562cebe3-533a-45e6-922b-3d404b863af1"}, {"rel": "bookmark", "href": "http://10.132.239.110/volume/volumes/562cebe3-533a-45e6-922b-3d404b863af1"}], "user_id": "16783d7c80c64e54afe935a0d27fa174", "bootable": "false", "encrypted": false, "replication_status": null, "consistencygroup_id": null, "multiattach": false, "attachments": [], "os-vol-tenant-attr:tenant_id": "234aae29f86546a2963cb3339c28a9c1"}}'
2026-09-25 09:56:27,013 3735175 INFO     [tempest.lib.common.rest_client] Request (VolumesDeleteCascade:test_volume_from_snapshot_cascade_delete): 200 GET http://10.132.239.110/volume/v3/volumes/562cebe3-533a-45e6-922b-3d404b863af1 0.050s
2026-09-25 09:56:27,013 3735175 DEBUG    [tempest.lib.common.rest_client] Request - Headers: {'Content-Type': 'application/json', 'Accept': 'application/json', 'X-Auth-Token': '<omitted>'}
        Body: None
    Response - Headers: {'date': 'Fri, 25 Sep 2026 09:56:26 GMT', 'server': 'Apache/2.4.58 (Ubuntu)', 'content-type': 'application/json', 'x-compute-request-id': 'req-d8c74b2e-c9ab-4539-bbb6-05c48c128235', 'content-length': '849', 'openstack-api-version': 'volume 3.0', 'vary': 'OpenStack-API-Version', 'x-openstack-request-id': 'req-d8c74b2e-c9ab-4539-bbb6-05c48c128235', 'connection': 'close', 'status': '200', 'content-location': 'http://10.132.239.110/volume/v3/volumes/562cebe3-533a-45e6-922b-3d404b863af1'}
        Body: b'{"volume": {"id": "562cebe3-533a-45e6-922b-3d404b863af1", "status": "deleting", "size": 1, "availability_zone": "nova", "created_at": "2026-09-25T09:53:22.000000", "updated_at": "2026-09-25T09:53:26.000000", "name": "tempest-VolumesDeleteCascade-Volume-1396893735", "description": null, "volume_type": "arcusfc1", "snapshot_id": null, "source_volid": null, "metadata": {}, "links": [{"rel": "self", "href": "http://10.132.239.110/volume/v3/volumes/562cebe3-533a-45e6-922b-3d404b863af1"}, {"rel": "bookmark", "href": "http://10.132.239.110/volume/volumes/562cebe3-533a-45e6-922b-3d404b863af1"}], "user_id": "16783d7c80c64e54afe935a0d27fa174", "bootable": "false", "encrypted": false, "replication_status": null, "consistencygroup_id": null, "multiattach": false, "attachments": [], "os-vol-tenant-attr:tenant_id": "234aae29f86546a2963cb3339c28a9c1"}}'
2026-09-25 09:56:28,089 3735175 INFO     [tempest.lib.common.rest_client] Request (VolumesDeleteCascade:test_volume_from_snapshot_cascade_delete): 200 GET http://10.132.239.110/volume/v3/volumes/562cebe3-533a-45e6-922b-3d404b863af1 0.055s
2026-09-25 09:56:28,090 3735175 DEBUG    [tempest.lib.common.rest_client] Request - Headers: {'Content-Type': 'application/json', 'Accept': 'application/json', 'X-Auth-Token': '<omitted>'}
        Body: None
    Response - Headers: {'date': 'Fri, 25 Sep 2026 09:56:28 GMT', '
    server': 'Apache/2.4.58 (Ubuntu)', 'content-type': 'application/json', 'x-compute-request-id': 'req-36778dd9-c72d-4968-91f3-a01b25ea161c', 'content-length': '849', 'openstack-api-version': 'volume 3.0', 'vary': 'OpenStack-API-Version', 'x-openstack-request-id': 'req-36778dd9-c72d-4968-91f3-a01b25ea161c', 'connection': 'close', 'status': '200', 'content-location': 'http://10.132.239.110/volume/v3/volumes/562cebe3-533a-45e6-922b-3d404b863af1'}
        Body: b'{"volume": {"id": "562cebe3-533a-45e6-922b-3d404b863af1", "status": "deleting", "size": 1, "availability_zone": "nova", "created_at": "2026-09-25T09:53:22.000000", "updated_at": "2026-09-25T09:53:26.000000", "name": "tempest-VolumesDeleteCascade-Volume-1396893735", "description": null, "volume_type": "arcusfc1", "snapshot_id": null, "source_volid": null, "metadata": {}, "links": [{"rel": "self", "href": "http://10.132.239.110/volume/v3/volumes/562cebe3-533a-45e6-922b-3d404b863af1"}, {"rel": "bookmark", "href": "http://10.132.239.110/volume/volumes/562cebe3-533a-45e6-922b-3d404b863af1"}], "user_id": "16783d7c80c64e54afe935a0d27fa174", "bootable": "false", "encrypted": false, "replication_status": null, "consistencygroup_id": null, "multiattach": false, "attachments": [], "os-vol-tenant-attr:tenant_id": "234aae29f86546a2963cb3339c28a9c1"}}'
2026-09-25 09:56:29,165 3735175 INFO     [tempest.lib.common.rest_client] Request (VolumesDeleteCascade:test_volume_from_snapshot_cascade_delete): 200 GET http://10.132.239.110/volume/v3/volumes/562cebe3-533a-45e6-922b-3d404b863af1 0.059s
2026-09-25 09:56:29,165 3735175 DEBUG    [tempest.lib.common.rest_client] Request - Headers: {'Content-Type': 'application/json', 'Accept': 'application/json', 'X-Auth-Token': '<omitted>'}
        Body: None
    Response - Headers: {'date': 'Fri, 25 Sep 2026 09:56:29 GMT', 'server': 'Apache/2.4.58 (Ubuntu)', 'content-type': 'application/json', 'x-compute-request-id': 'req-9e067e7a-8bb5-4590-b96f-0d0dbe766257', 'content-length': '849', 'openstack-api-version': 'volume 3.0', 'vary': 'OpenStack-API-Version', 'x-openstack-request-id': 'req-9e067e7a-8bb5-4590-b96f-0d0dbe766257', 'connection': 'close', 'status': '200', 'content-location': 'http://10.132.239.110/volume/v3/volumes/562cebe3-533a-45e6-922b-3d404b863af1'}
        Body: b'{"volume": {"id": "562cebe3-533a-45e6-922b-3d404b863af1", "status": "deleting", "size": 1, "availability_zone": "nova", "created_at": "2026-09-25T09:53:22.000000", "updated_at": "2026-09-25T09:53:26.000000", "name": "tempest-VolumesDeleteCascade-Volume-1396893735", "description": null, "volume_type": "arcusfc1", "snapshot_id": null, "source_volid": null, "metadata": {}, "links": [{"rel": "self", "href": "http://10.132.239.110/volume/v3/volumes/562cebe3-533a-45e6-922b-3d404b863af1"}, {"rel": "bookmark", "href": "http://10.132.239.110/volume/volumes/562cebe3-533a-45e6-922b-3d404b863af1"}], "user_id": "16783d7c80c64e54afe935a0d27fa174", "bootable": "false", "encrypted": false, "replication_status": null, "consistencygroup_id": null, "multiattach": false, "attachments": [], "os-vol-tenant-attr:tenant_id": "234aae29f86546a2963cb3339c28a9c1"}}'
2026-09-25 09:56:30,241 3735175 INFO     [tempest.lib.common.rest_client] Request (VolumesDeleteCascade:test_volume_from_snapshot_cascade_delete): 200 GET http://10.132.239.110/volume/v3/volumes/562cebe3-533a-45e6-922b-3d404b863af1 0.060s
2026-09-25 09:56:30,242 3735175 DEBUG    [tempest.lib.common.rest_client] Request - Headers: {'Content-Type': 'application/json', 'Accept': 'application/json', 'X-Auth-Token': '<omitted>'}
        Body: None
    Response - Headers: {'date': 'Fri, 25 Sep 2026 09:56:30 GMT', 'server': 'Apache/2.4.58 (Ubuntu)', 'content-type': 'application/json', 'x-compute-request-id': 'req-dd8bd5b7-5a76-4c26-be33-9182700d125d', 'content-length': '849', 'openstack-api-version': 'volume 3.0', 'vary': 'OpenStack-API-Version', 'x-openstack-request-id': 'req-dd8bd5b7-5a76-4c26-be33-9182700d125d', 'connection': 'close', 'status': '200', 'content-location': 'http://10.132.239.110/volume/v3/volumes/562cebe3-533a-45e6-922b-3d404b863af
    1'}
        Body: b'{"volume": {"id": "562cebe3-533a-45e6-922b-3d404b863af1", "status": "deleting", "size": 1, "availability_zone": "nova", "created_at": "2026-09-25T09:53:22.000000", "updated_at": "2026-09-25T09:53:26.000000", "name": "tempest-VolumesDeleteCascade-Volume-1396893735", "description": null, "volume_type": "arcusfc1", "snapshot_id": null, "source_volid": null, "metadata": {}, "links": [{"rel": "self", "href": "http://10.132.239.110/volume/v3/volumes/562cebe3-533a-45e6-922b-3d404b863af1"}, {"rel": "bookmark", "href": "http://10.132.239.110/volume/volumes/562cebe3-533a-45e6-922b-3d404b863af1"}], "user_id": "16783d7c80c64e54afe935a0d27fa174", "bootable": "false", "encrypted": false, "replication_status": null, "consistencygroup_id": null, "multiattach": false, "attachments": [], "os-vol-tenant-attr:tenant_id": "234aae29f86546a2963cb3339c28a9c1"}}'
2026-09-25 09:56:31,329 3735175 INFO     [tempest.lib.common.rest_client] Request (VolumesDeleteCascade:test_volume_from_snapshot_cascade_delete): 200 GET http://10.132.239.110/volume/v3/volumes/562cebe3-533a-45e6-922b-3d404b863af1 0.054s
2026-09-25 09:56:31,329 3735175 DEBUG    [tempest.lib.common.rest_client] Request - Headers: {'Content-Type': 'application/json', 'Accept': 'application/json', 'X-Auth-Token': '<omitted>'}
        Body: None
    Response - Headers: {'date': 'Fri, 25 Sep 2026 09:56:31 GMT', 'server': 'Apache/2.4.58 (Ubuntu)', 'content-type': 'application/json', 'x-compute-request-id': 'req-56605345-7459-4690-b293-40b4e87419c5', 'content-length': '849', 'openstack-api-version': 'volume 3.0', 'vary': 'OpenStack-API-Version', 'x-openstack-request-id': 'req-56605345-7459-4690-b293-40b4e87419c5', 'connection': 'close', 'status': '200', 'content-location': 'http://10.132.239.110/volume/v3/volumes/562cebe3-533a-45e6-922b-3d404b863af1'}
        Body: b'{"volume": {"id": "562cebe3-533a-45e6-922b-3d404b863af1", "status": "deleting", "size": 1, "availability_zone": "nova", "created_at": "2026-09-25T09:53:22.000000", "updated_at": "2026-09-25T09:53:26.000000", "name": "tempest-VolumesDeleteCascade-Volume-1396893735", "description": null, "volume_type": "arcusfc1", "snapshot_id": null, "source_volid": null, "metadata": {}, "links": [{"rel": "self", "href": "http://10.132.239.110/volume/v3/volumes/562cebe3-533a-45e6-922b-3d404b863af1"}, {"rel": "bookmark", "href": "http://10.132.239.110/volume/volumes/562cebe3-533a-45e6-922b-3d404b863af1"}], "user_id": "16783d7c80c64e54afe935a0d27fa174", "bootable": "false", "encrypted": false, "replication_status": null, "consistencygroup_id": null, "multiattach": false, "attachments": [], "os-vol-tenant-attr:tenant_id": "234aae29f86546a2963cb3339c28a9c1"}}'
2026-09-25 09:56:32,405 3735175 INFO     [tempest.lib.common.rest_client] Request (VolumesDeleteCascade:test_volume_from_snapshot_cascade_delete): 200 GET http://10.132.239.110/volume/v3/volumes/562cebe3-533a-45e6-922b-3d404b863af1 0.061s
2026-09-25 09:56:32,406 3735175 DEBUG    [tempest.lib.common.rest_client] Request - Headers: {'Content-Type': 'application/json', 'Accept': 'application/json', 'X-Auth-Token': '<omitted>'}
        Body: None
    Response - Headers: {'date': 'Fri, 25 Sep 2026 09:56:32 GMT', 'server': 'Apache/2.4.58 (Ubuntu)', 'content-type': 'application/json', 'x-compute-request-id': 'req-4268204d-5107-4e96-9068-e3318345fddb', 'content-length': '849', 'openstack-api-version': 'volume 3.0', 'vary': 'OpenStack-API-Version', 'x-openstack-request-id': 'req-4268204d-5107-4e96-9068-e3318345fddb', 'connection': 'close', 'status': '200', 'content-location': 'http://10.132.239.110/volume/v3/volumes/562cebe3-533a-45e6-922b-3d404b863af1'}
        Body: b'{"volume": {"id": "562cebe3-533a-45e6-922b-3d404b863af1", "status": "deleting", "size": 1, "availability_zone": "nova", "created_at": "2026-09-25T09:53:22.000000", "updated_at": "2026-09-25T09:53:26.000000", "name": "tempest-VolumesDeleteCascade-Volume-1396893735", "description": null, "volume_type": "arcusfc1", "snapshot_id": null, "source_volid": null, "metadata": {}, "links": [{"rel": "self", "href": "http://10.132.
    239.110/volume/v3/volumes/562cebe3-533a-45e6-922b-3d404b863af1"}, {"rel": "bookmark", "href": "http://10.132.239.110/volume/volumes/562cebe3-533a-45e6-922b-3d404b863af1"}], "user_id": "16783d7c80c64e54afe935a0d27fa174", "bootable": "false", "encrypted": false, "replication_status": null, "consistencygroup_id": null, "multiattach": false, "attachments": [], "os-vol-tenant-attr:tenant_id": "234aae29f86546a2963cb3339c28a9c1"}}'
2026-09-25 09:56:33,475 3735175 INFO     [tempest.lib.common.rest_client] Request (VolumesDeleteCascade:test_volume_from_snapshot_cascade_delete): 200 GET http://10.132.239.110/volume/v3/volumes/562cebe3-533a-45e6-922b-3d404b863af1 0.051s
2026-09-25 09:56:33,476 3735175 DEBUG    [tempest.lib.common.rest_client] Request - Headers: {'Content-Type': 'application/json', 'Accept': 'application/json', 'X-Auth-Token': '<omitted>'}
        Body: None
    Response - Headers: {'date': 'Fri, 25 Sep 2026 09:56:33 GMT', 'server': 'Apache/2.4.58 (Ubuntu)', 'content-type': 'application/json', 'x-compute-request-id': 'req-82ee9ae5-3c1f-4292-8414-92d859e70598', 'content-length': '849', 'openstack-api-version': 'volume 3.0', 'vary': 'OpenStack-API-Version', 'x-openstack-request-id': 'req-82ee9ae5-3c1f-4292-8414-92d859e70598', 'connection': 'close', 'status': '200', 'content-location': 'http://10.132.239.110/volume/v3/volumes/562cebe3-533a-45e6-922b-3d404b863af1'}
        Body: b'{"volume": {"id": "562cebe3-533a-45e6-922b-3d404b863af1", "status": "deleting", "size": 1, "availability_zone": "nova", "created_at": "2026-09-25T09:53:22.000000", "updated_at": "2026-09-25T09:53:26.000000", "name": "tempest-VolumesDeleteCascade-Volume-1396893735", "description": null, "volume_type": "arcusfc1", "snapshot_id": null, "source_volid": null, "metadata": {}, "links": [{"rel": "self", "href": "http://10.132.239.110/volume/v3/volumes/562cebe3-533a-45e6-922b-3d404b863af1"}, {"rel": "bookmark", "href": "http://10.132.239.110/volume/volumes/562cebe3-533a-45e6-922b-3d404b863af1"}], "user_id": "16783d7c80c64e54afe935a0d27fa174", "bootable": "false", "encrypted": false, "replication_status": null, "consistencygroup_id": null, "multiattach": false, "attachments": [], "os-vol-tenant-attr:tenant_id": "234aae29f86546a2963cb3339c28a9c1"}}'
2026-09-25 09:56:34,548 3735175 INFO     [tempest.lib.common.rest_client] Request (VolumesDeleteCascade:test_volume_from_snapshot_cascade_delete): 200 GET http://10.132.239.110/volume/v3/volumes/562cebe3-533a-45e6-922b-3d404b863af1 0.057s
2026-09-25 09:56:34,548 3735175 DEBUG    [tempest.lib.common.rest_client] Request - Headers: {'Content-Type': 'application/json', 'Accept': 'application/json', 'X-Auth-Token': '<omitted>'}
        Body: None
    Response - Headers: {'date': 'Fri, 25 Sep 2026 09:56:34 GMT', 'server': 'Apache/2.4.58 (Ubuntu)', 'content-type': 'application/json', 'x-compute-request-id': 'req-c5a8766d-c000-47e8-b631-84e5d7eea492', 'content-length': '849', 'openstack-api-version': 'volume 3.0', 'vary': 'OpenStack-API-Version', 'x-openstack-request-id': 'req-c5a8766d-c000-47e8-b631-84e5d7eea492', 'connection': 'close', 'status': '200', 'content-location': 'http://10.132.239.110/volume/v3/volumes/562cebe3-533a-45e6-922b-3d404b863af1'}
        Body: b'{"volume": {"id": "562cebe3-533a-45e6-922b-3d404b863af1", "status": "deleting", "size": 1, "availability_zone": "nova", "created_at": "2026-09-25T09:53:22.000000", "updated_at": "2026-09-25T09:53:26.000000", "name": "tempest-VolumesDeleteCascade-Volume-1396893735", "description": null, "volume_type": "arcusfc1", "snapshot_id": null, "source_volid": null, "metadata": {}, "links": [{"rel": "self", "href": "http://10.132.239.110/volume/v3/volumes/562cebe3-533a-45e6-922b-3d404b863af1"}, {"rel": "bookmark", "href": "http://10.132.239.110/volume/volumes/562cebe3-533a-45e6-922b-3d404b863af1"}], "user_id": "16783d7c80c64e54afe935a0d27fa174", "bootable": "false", "encrypted": false, "replication_status": null, "consistencygroup_id": null, "multiattach": false, "attachments": [], "os-vol-tenant-attr:tenant_id": "234aae29f86546a2963cb3339c28a9c1"}}'
2026-09-25 09
    :56:35,626 3735175 INFO     [tempest.lib.common.rest_client] Request (VolumesDeleteCascade:test_volume_from_snapshot_cascade_delete): 200 GET http://10.132.239.110/volume/v3/volumes/562cebe3-533a-45e6-922b-3d404b863af1 0.060s
2026-09-25 09:56:35,627 3735175 DEBUG    [tempest.lib.common.rest_client] Request - Headers: {'Content-Type': 'application/json', 'Accept': 'application/json', 'X-Auth-Token': '<omitted>'}
        Body: None
    Response - Headers: {'date': 'Fri, 25 Sep 2026 09:56:35 GMT', 'server': 'Apache/2.4.58 (Ubuntu)', 'content-type': 'application/json', 'x-compute-request-id': 'req-08e672d8-7a70-4ffb-b469-10cd12d43833', 'content-length': '849', 'openstack-api-version': 'volume 3.0', 'vary': 'OpenStack-API-Version', 'x-openstack-request-id': 'req-08e672d8-7a70-4ffb-b469-10cd12d43833', 'connection': 'close', 'status': '200', 'content-location': 'http://10.132.239.110/volume/v3/volumes/562cebe3-533a-45e6-922b-3d404b863af1'}
        Body: b'{"volume": {"id": "562cebe3-533a-45e6-922b-3d404b863af1", "status": "deleting", "size": 1, "availability_zone": "nova", "created_at": "2026-09-25T09:53:22.000000", "updated_at": "2026-09-25T09:53:26.000000", "name": "tempest-VolumesDeleteCascade-Volume-1396893735", "description": null, "volume_type": "arcusfc1", "snapshot_id": null, "source_volid": null, "metadata": {}, "links": [{"rel": "self", "href": "http://10.132.239.110/volume/v3/volumes/562cebe3-533a-45e6-922b-3d404b863af1"}, {"rel": "bookmark", "href": "http://10.132.239.110/volume/volumes/562cebe3-533a-45e6-922b-3d404b863af1"}], "user_id": "16783d7c80c64e54afe935a0d27fa174", "bootable": "false", "encrypted": false, "replication_status": null, "consistencygroup_id": null, "multiattach": false, "attachments": [], "os-vol-tenant-attr:tenant_id": "234aae29f86546a2963cb3339c28a9c1"}}'
2026-09-25 09:56:36,699 3735175 INFO     [tempest.lib.common.rest_client] Request (VolumesDeleteCascade:test_volume_from_snapshot_cascade_delete): 200 GET http://10.132.239.110/volume/v3/volumes/562cebe3-533a-45e6-922b-3d404b863af1 0.053s
2026-09-25 09:56:36,699 3735175 DEBUG    [tempest.lib.common.rest_client] Request - Headers: {'Content-Type': 'application/json', 'Accept': 'application/json', 'X-Auth-Token': '<omitted>'}
        Body: None
    Response - Headers: {'date': 'Fri, 25 Sep 2026 09:56:36 GMT', 'server': 'Apache/2.4.58 (Ubuntu)', 'content-type': 'application/json', 'x-compute-request-id': 'req-636cb2cb-062f-4d63-ab9f-3817bd42ee53', 'content-length': '849', 'openstack-api-version': 'volume 3.0', 'vary': 'OpenStack-API-Version', 'x-openstack-request-id': 'req-636cb2cb-062f-4d63-ab9f-3817bd42ee53', 'connection': 'close', 'status': '200', 'content-location': 'http://10.132.239.110/volume/v3/volumes/562cebe3-533a-45e6-922b-3d404b863af1'}
        Body: b'{"volume": {"id": "562cebe3-533a-45e6-922b-3d404b863af1", "status": "deleting", "size": 1, "availability_zone": "nova", "created_at": "2026-09-25T09:53:22.000000", "updated_at": "2026-09-25T09:53:26.000000", "name": "tempest-VolumesDeleteCascade-Volume-1396893735", "description": null, "volume_type": "arcusfc1", "snapshot_id": null, "source_volid": null, "metadata": {}, "links": [{"rel": "self", "href": "http://10.132.239.110/volume/v3/volumes/562cebe3-533a-45e6-922b-3d404b863af1"}, {"rel": "bookmark", "href": "http://10.132.239.110/volume/volumes/562cebe3-533a-45e6-922b-3d404b863af1"}], "user_id": "16783d7c80c64e54afe935a0d27fa174", "bootable": "false", "encrypted": false, "replication_status": null, "consistencygroup_id": null, "multiattach": false, "attachments": [], "os-vol-tenant-attr:tenant_id": "234aae29f86546a2963cb3339c28a9c1"}}'
2026-09-25 09:56:37,768 3735175 INFO     [tempest.lib.common.rest_client] Request (VolumesDeleteCascade:test_volume_from_snapshot_cascade_delete): 200 GET http://10.132.239.110/volume/v3/volumes/562cebe3-533a-45e6-922b-3d404b863af1 0.051s
2026-09-25 09:56:37,769 3735175 DEBUG    [tempest.lib.common.rest_client] Request - Headers: {'Content-Type': 'application/json', 'Accept': 'application/json', 'X-Auth-Token': '<omitted>'}
        Body: None
    Resp
    onse - Headers: {'date': 'Fri, 25 Sep 2026 09:56:37 GMT', 'server': 'Apache/2.4.58 (Ubuntu)', 'content-type': 'application/json', 'x-compute-request-id': 'req-338c6e24-1a30-4285-ab13-cc0f8cb5b0f6', 'content-length': '849', 'openstack-api-version': 'volume 3.0', 'vary': 'OpenStack-API-Version', 'x-openstack-request-id': 'req-338c6e24-1a30-4285-ab13-cc0f8cb5b0f6', 'connection': 'close', 'status': '200', 'content-location': 'http://10.132.239.110/volume/v3/volumes/562cebe3-533a-45e6-922b-3d404b863af1'}
        Body: b'{"volume": {"id": "562cebe3-533a-45e6-922b-3d404b863af1", "status": "deleting", "size": 1, "availability_zone": "nova", "created_at": "2026-09-25T09:53:22.000000", "updated_at": "2026-09-25T09:53:26.000000", "name": "tempest-VolumesDeleteCascade-Volume-1396893735", "description": null, "volume_type": "arcusfc1", "snapshot_id": null, "source_volid": null, "metadata": {}, "links": [{"rel": "self", "href": "http://10.132.239.110/volume/v3/volumes/562cebe3-533a-45e6-922b-3d404b863af1"}, {"rel": "bookmark", "href": "http://10.132.239.110/volume/volumes/562cebe3-533a-45e6-922b-3d404b863af1"}], "user_id": "16783d7c80c64e54afe935a0d27fa174", "bootable": "false", "encrypted": false, "replication_status": null, "consistencygroup_id": null, "multiattach": false, "attachments": [], "os-vol-tenant-attr:tenant_id": "234aae29f86546a2963cb3339c28a9c1"}}'
2026-09-25 09:56:38,840 3735175 INFO     [tempest.lib.common.rest_client] Request (VolumesDeleteCascade:test_volume_from_snapshot_cascade_delete): 200 GET http://10.132.239.110/volume/v3/volumes/562cebe3-533a-45e6-922b-3d404b863af1 0.052s
2026-09-25 09:56:38,840 3735175 DEBUG    [tempest.lib.common.rest_client] Request - Headers: {'Content-Type': 'application/json', 'Accept': 'application/json', 'X-Auth-Token': '<omitted>'}
        Body: None
    Response - Headers: {'date': 'Fri, 25 Sep 2026 09:56:38 GMT', 'server': 'Apache/2.4.58 (Ubuntu)', 'content-type': 'application/json', 'x-compute-request-id': 'req-eec8d0b8-e209-4533-b985-79bb87d2e61e', 'content-length': '849', 'openstack-api-version': 'volume 3.0', 'vary': 'OpenStack-API-Version', 'x-openstack-request-id': 'req-eec8d0b8-e209-4533-b985-79bb87d2e61e', 'connection': 'close', 'status': '200', 'content-location': 'http://10.132.239.110/volume/v3/volumes/562cebe3-533a-45e6-922b-3d404b863af1'}
        Body: b'{"volume": {"id": "562cebe3-533a-45e6-922b-3d404b863af1", "status": "deleting", "size": 1, "availability_zone": "nova", "created_at": "2026-09-25T09:53:22.000000", "updated_at": "2026-09-25T09:53:26.000000", "name": "tempest-VolumesDeleteCascade-Volume-1396893735", "description": null, "volume_type": "arcusfc1", "snapshot_id": null, "source_volid": null, "metadata": {}, "links": [{"rel": "self", "href": "http://10.132.239.110/volume/v3/volumes/562cebe3-533a-45e6-922b-3d404b863af1"}, {"rel": "bookmark", "href": "http://10.132.239.110/volume/volumes/562cebe3-533a-45e6-922b-3d404b863af1"}], "user_id": "16783d7c80c64e54afe935a0d27fa174", "bootable": "false", "encrypted": false, "replication_status": null, "consistencygroup_id": null, "multiattach": false, "attachments": [], "os-vol-tenant-attr:tenant_id": "234aae29f86546a2963cb3339c28a9c1"}}'
2026-09-25 09:56:39,912 3735175 INFO     [tempest.lib.common.rest_client] Request (VolumesDeleteCascade:test_volume_from_snapshot_cascade_delete): 200 GET http://10.132.239.110/volume/v3/volumes/562cebe3-533a-45e6-922b-3d404b863af1 0.055s
2026-09-25 09:56:39,913 3735175 DEBUG    [tempest.lib.common.rest_client] Request - Headers: {'Content-Type': 'application/json', 'Accept': 'application/json', 'X-Auth-Token': '<omitted>'}
        Body: None
    Response - Headers: {'date': 'Fri, 25 Sep 2026 09:56:39 GMT', 'server': 'Apache/2.4.58 (Ubuntu)', 'content-type': 'application/json', 'x-compute-request-id': 'req-917ccfeb-f8e9-43a6-bc67-9bfffd45fbe0', 'content-length': '849', 'openstack-api-version': 'volume 3.0', 'vary': 'OpenStack-API-Version', 'x-openstack-request-id': 'req-917ccfeb-f8e9-43a6-bc67-9bfffd45fbe0', 'connection': 'close', 'status': '200', 'content-location': 'http://10.132.23
    9.110/volume/v3/volumes/562cebe3-533a-45e6-922b-3d404b863af1'}
        Body: b'{"volume": {"id": "562cebe3-533a-45e6-922b-3d404b863af1", "status": "deleting", "size": 1, "availability_zone": "nova", "created_at": "2026-09-25T09:53:22.000000", "updated_at": "2026-09-25T09:53:26.000000", "name": "tempest-VolumesDeleteCascade-Volume-1396893735", "description": null, "volume_type": "arcusfc1", "snapshot_id": null, "source_volid": null, "metadata": {}, "links": [{"rel": "self", "href": "http://10.132.239.110/volume/v3/volumes/562cebe3-533a-45e6-922b-3d404b863af1"}, {"rel": "bookmark", "href": "http://10.132.239.110/volume/volumes/562cebe3-533a-45e6-922b-3d404b863af1"}], "user_id": "16783d7c80c64e54afe935a0d27fa174", "bootable": "false", "encrypted": false, "replication_status": null, "consistencygroup_id": null, "multiattach": false, "attachments": [], "os-vol-tenant-attr:tenant_id": "234aae29f86546a2963cb3339c28a9c1"}}'
2026-09-25 09:56:40,984 3735175 INFO     [tempest.lib.common.rest_client] Request (VolumesDeleteCascade:test_volume_from_snapshot_cascade_delete): 200 GET http://10.132.239.110/volume/v3/volumes/562cebe3-533a-45e6-922b-3d404b863af1 0.055s
2026-09-25 09:56:40,985 3735175 DEBUG    [tempest.lib.common.rest_client] Request - Headers: {'Content-Type': 'application/json', 'Accept': 'application/json', 'X-Auth-Token': '<omitted>'}
        Body: None
    Response - Headers: {'date': 'Fri, 25 Sep 2026 09:56:40 GMT', 'server': 'Apache/2.4.58 (Ubuntu)', 'content-type': 'application/json', 'x-compute-request-id': 'req-c69538f3-8eee-4f51-a7fe-b107b39e2ab6', 'content-length': '849', 'openstack-api-version': 'volume 3.0', 'vary': 'OpenStack-API-Version', 'x-openstack-request-id': 'req-c69538f3-8eee-4f51-a7fe-b107b39e2ab6', 'connection': 'close', 'status': '200', 'content-location': 'http://10.132.239.110/volume/v3/volumes/562cebe3-533a-45e6-922b-3d404b863af1'}
        Body: b'{"volume": {"id": "562cebe3-533a-45e6-922b-3d404b863af1", "status": "deleting", "size": 1, "availability_zone": "nova", "created_at": "2026-09-25T09:53:22.000000", "updated_at": "2026-09-25T09:53:26.000000", "name": "tempest-VolumesDeleteCascade-Volume-1396893735", "description": null, "volume_type": "arcusfc1", "snapshot_id": null, "source_volid": null, "metadata": {}, "links": [{"rel": "self", "href": "http://10.132.239.110/volume/v3/volumes/562cebe3-533a-45e6-922b-3d404b863af1"}, {"rel": "bookmark", "href": "http://10.132.239.110/volume/volumes/562cebe3-533a-45e6-922b-3d404b863af1"}], "user_id": "16783d7c80c64e54afe935a0d27fa174", "bootable": "false", "encrypted": false, "replication_status": null, "consistencygroup_id": null, "multiattach": false, "attachments": [], "os-vol-tenant-attr:tenant_id": "234aae29f86546a2963cb3339c28a9c1"}}'
2026-09-25 09:56:42,064 3735175 INFO     [tempest.lib.common.rest_client] Request (VolumesDeleteCascade:test_volume_from_snapshot_cascade_delete): 200 GET http://10.132.239.110/volume/v3/volumes/562cebe3-533a-45e6-922b-3d404b863af1 0.060s
2026-09-25 09:56:42,064 3735175 DEBUG    [tempest.lib.common.rest_client] Request - Headers: {'Content-Type': 'application/json', 'Accept': 'application/json', 'X-Auth-Token': '<omitted>'}
        Body: None
    Response - Headers: {'date': 'Fri, 25 Sep 2026 09:56:42 GMT', 'server': 'Apache/2.4.58 (Ubuntu)', 'content-type': 'application/json', 'x-compute-request-id': 'req-2ebd5d3a-106e-42d2-b0b6-3a1561248e2b', 'content-length': '849', 'openstack-api-version': 'volume 3.0', 'vary': 'OpenStack-API-Version', 'x-openstack-request-id': 'req-2ebd5d3a-106e-42d2-b0b6-3a1561248e2b', 'connection': 'close', 'status': '200', 'content-location': 'http://10.132.239.110/volume/v3/volumes/562cebe3-533a-45e6-922b-3d404b863af1'}
        Body: b'{"volume": {"id": "562cebe3-533a-45e6-922b-3d404b863af1", "status": "deleting", "size": 1, "availability_zone": "nova", "created_at": "2026-09-25T09:53:22.000000", "updated_at": "2026-09-25T09:53:26.000000", "name": "tempest-VolumesDeleteCascade-Volume-1396893735", "description": null, "volume_type": "arcusfc1", "snapshot_id": null, "source_volid": null, "metad
    ata": {}, "links": [{"rel": "self", "href": "http://10.132.239.110/volume/v3/volumes/562cebe3-533a-45e6-922b-3d404b863af1"}, {"rel": "bookmark", "href": "http://10.132.239.110/volume/volumes/562cebe3-533a-45e6-922b-3d404b863af1"}], "user_id": "16783d7c80c64e54afe935a0d27fa174", "bootable": "false", "encrypted": false, "replication_status": null, "consistencygroup_id": null, "multiattach": false, "attachments": [], "os-vol-tenant-attr:tenant_id": "234aae29f86546a2963cb3339c28a9c1"}}'
2026-09-25 09:56:42,141 3735175 INFO     [tempest.lib.common.rest_client] Request (VolumesDeleteCascade:_run_cleanups): 200 GET http://10.132.239.110/volume/v3/volumes/3fe23c03-f23f-46c2-b021-9c486b742154 0.056s
2026-09-25 09:56:42,141 3735175 DEBUG    [tempest.lib.common.rest_client] Request - Headers: {'Content-Type': 'application/json', 'Accept': 'application/json', 'X-Auth-Token': '<omitted>'}
        Body: None
    Response - Headers: {'date': 'Fri, 25 Sep 2026 09:56:42 GMT', 'server': 'Apache/2.4.58 (Ubuntu)', 'content-type': 'application/json', 'x-compute-request-id': 'req-e089d890-08de-4527-a73a-1fc2a7319537', 'content-length': '884', 'openstack-api-version': 'volume 3.0', 'vary': 'OpenStack-API-Version', 'x-openstack-request-id': 'req-e089d890-08de-4527-a73a-1fc2a7319537', 'connection': 'close', 'status': '200', 'content-location': 'http://10.132.239.110/volume/v3/volumes/3fe23c03-f23f-46c2-b021-9c486b742154'}
        Body: b'{"volume": {"id": "3fe23c03-f23f-46c2-b021-9c486b742154", "status": "available", "size": 1, "availability_zone": "nova", "created_at": "2026-09-25T09:53:25.000000", "updated_at": "2026-09-25T09:53:26.000000", "name": "tempest-VolumesDeleteCascade-Volume-1719666317", "description": null, "volume_type": "arcusfc1", "snapshot_id": "2118eaa3-75a6-4ed0-899c-f058f5c69646", "source_volid": null, "metadata": {}, "links": [{"rel": "self", "href": "http://10.132.239.110/volume/v3/volumes/3fe23c03-f23f-46c2-b021-9c486b742154"}, {"rel": "bookmark", "href": "http://10.132.239.110/volume/volumes/3fe23c03-f23f-46c2-b021-9c486b742154"}], "user_id": "16783d7c80c64e54afe935a0d27fa174", "bootable": "false", "encrypted": false, "replication_status": null, "consistencygroup_id": null, "multiattach": false, "attachments": [], "os-vol-tenant-attr:tenant_id": "234aae29f86546a2963cb3339c28a9c1"}}'
2026-09-25 09:56:42,233 3735175 INFO     [tempest.lib.common.rest_client] Request (VolumesDeleteCascade:_run_cleanups): 202 DELETE http://10.132.239.110/volume/v3/volumes/3fe23c03-f23f-46c2-b021-9c486b742154 0.073s
2026-09-25 09:56:42,233 3735175 DEBUG    [tempest.lib.common.rest_client] Request - Headers: {'Content-Type': 'application/json', 'Accept': 'application/json', 'X-Auth-Token': '<omitted>'}
        Body: None
    Response - Headers: {'date': 'Fri, 25 Sep 2026 09:56:42 GMT', 'server': 'Apache/2.4.58 (Ubuntu)', 'content-length': '0', 'content-type': 'text/html; charset=UTF-8', 'openstack-api-version': 'volume 3.0', 'vary': 'OpenStack-API-Version', 'x-openstack-request-id': 'req-214d81e2-971c-446b-bbe7-fae30dc5630c', 'connection': 'close', 'status': '202', 'content-location': 'http://10.132.239.110/volume/v3/volumes/3fe23c03-f23f-46c2-b021-9c486b742154'}
        Body: b''
2026-09-25 09:56:42,293 3735175 INFO     [tempest.lib.common.rest_client] Request (VolumesDeleteCascade:_run_cleanups): 200 GET http://10.132.239.110/volume/v3/volumes/3fe23c03-f23f-46c2-b021-9c486b742154 0.058s
2026-09-25 09:56:42,293 3735175 DEBUG    [tempest.lib.common.rest_client] Request - Headers: {'Content-Type': 'application/json', 'Accept': 'application/json', 'X-Auth-Token': '<omitted>'}
        Body: None
    Response - Headers: {'date': 'Fri, 25 Sep 2026 09:56:42 GMT', 'server': 'Apache/2.4.58 (Ubuntu)', 'content-type': 'application/json', 'x-compute-request-id': 'req-defa9785-62e9-4697-83d3-6606059ef7a5', 'content-length': '883', 'openstack-api-version': 'volume 3.0', 'vary': 'OpenStack-API-Version', 'x-openstack-request-id': 'req-defa9785-62e9-4697-83d3-6606059ef7a5', 'connection': 'close', 'status': '200', 'content-location': 'http://10.132.239.110/volum
    e/v3/volumes/3fe23c03-f23f-46c2-b021-9c486b742154'}
        Body: b'{"volume": {"id": "3fe23c03-f23f-46c2-b021-9c486b742154", "status": "deleting", "size": 1, "availability_zone": "nova", "created_at": "2026-09-25T09:53:25.000000", "updated_at": "2026-09-25T09:56:42.000000", "name": "tempest-VolumesDeleteCascade-Volume-1719666317", "description": null, "volume_type": "arcusfc1", "snapshot_id": "2118eaa3-75a6-4ed0-899c-f058f5c69646", "source_volid": null, "metadata": {}, "links": [{"rel": "self", "href": "http://10.132.239.110/volume/v3/volumes/3fe23c03-f23f-46c2-b021-9c486b742154"}, {"rel": "bookmark", "href": "http://10.132.239.110/volume/volumes/3fe23c03-f23f-46c2-b021-9c486b742154"}], "user_id": "16783d7c80c64e54afe935a0d27fa174", "bootable": "false", "encrypted": false, "replication_status": null, "consistencygroup_id": null, "multiattach": false, "attachments": [], "os-vol-tenant-attr:tenant_id": "234aae29f86546a2963cb3339c28a9c1"}}'
2026-09-25 09:56:43,339 3735175 INFO     [tempest.lib.common.rest_client] Request (VolumesDeleteCascade:_run_cleanups): 404 GET http://10.132.239.110/volume/v3/volumes/3fe23c03-f23f-46c2-b021-9c486b742154 0.028s
2026-09-25 09:56:43,339 3735175 DEBUG    [tempest.lib.common.rest_client] Request - Headers: {'Content-Type': 'application/json', 'Accept': 'application/json', 'X-Auth-Token': '<omitted>'}
        Body: None
    Response - Headers: {'date': 'Fri, 25 Sep 2026 09:56:43 GMT', 'server': 'Apache/2.4.58 (Ubuntu)', 'openstack-api-version': 'volume 3.0', 'vary': 'OpenStack-API-Version', 'content-length': '109', 'content-type': 'application/json', 'x-compute-request-id': 'req-fea5ba04-6840-4048-ba3c-b6f64d76a58f', 'x-openstack-request-id': 'req-fea5ba04-6840-4048-ba3c-b6f64d76a58f', 'connection': 'close', 'status': '404', 'content-location': 'http://10.132.239.110/volume/v3/volumes/3fe23c03-f23f-46c2-b021-9c486b742154'}
        Body: b'{"itemNotFound": {"code": 404, "message": "Volume 3fe23c03-f23f-46c2-b021-9c486b742154 could not be found."}}'
2026-09-25 09:56:43,397 3735175 INFO     [tempest.lib.common.rest_client] Request (VolumesDeleteCascade:_run_cleanups): 400 DELETE http://10.132.239.110/volume/v3/snapshots/2118eaa3-75a6-4ed0-899c-f058f5c69646 0.056s
2026-09-25 09:56:43,397 3735175 DEBUG    [tempest.lib.common.rest_client] Request - Headers: {'Content-Type': 'application/json', 'Accept': 'application/json', 'X-Auth-Token': '<omitted>'}
        Body: None
    Response - Headers: {'date': 'Fri, 25 Sep 2026 09:56:43 GMT', 'server': 'Apache/2.4.58 (Ubuntu)', 'openstack-api-version': 'volume 3.0', 'vary': 'OpenStack-API-Version', 'content-length': '137', 'content-type': 'application/json', 'x-compute-request-id': 'req-668be582-e86a-4cea-8c99-ad2a99711179', 'x-openstack-request-id': 'req-668be582-e86a-4cea-8c99-ad2a99711179', 'connection': 'close', 'status': '400', 'content-location': 'http://10.132.239.110/volume/v3/snapshots/2118eaa3-75a6-4ed0-899c-f058f5c69646'}
        Body: b'{"badRequest": {"code": 400, "message": "Invalid snapshot: Snapshot status must be available or error and must not be part of a group."}}'
2026-09-25 09:56:43,457 3735175 INFO     [tempest.lib.common.rest_client] Request (VolumesDeleteCascade:_run_cleanups): 200 GET http://10.132.239.110/volume/v3/volumes/562cebe3-533a-45e6-922b-3d404b863af1 0.056s
2026-09-25 09:56:43,457 3735175 DEBUG    [tempest.lib.common.rest_client] Request - Headers: {'Content-Type': 'application/json', 'Accept': 'application/json', 'X-Auth-Token': '<omitted>'}
        Body: None
    Response - Headers: {'date': 'Fri, 25 Sep 2026 09:56:43 GMT', 'server': 'Apache/2.4.58 (Ubuntu)', 'content-type': 'application/json', 'x-compute-request-id': 'req-d4eddcf9-d022-430f-b744-21a527d80379', 'content-length': '849', 'openstack-api-version': 'volume 3.0', 'vary': 'OpenStack-API-Version', 'x-openstack-request-id': 'req-d4eddcf9-d022-430f-b744-21a527d80379', 'connection': 'close', 'status': '200', 'content-location': 'http://10.132.239.110/volume/v3/volumes/562cebe3-533a-45e6-922b-3d404b863af1'}
        Body: b'{"volume": {"id": "562cebe3-533a-45e6-9
    22b-3d404b863af1", "status": "deleting", "size": 1, "availability_zone": "nova", "created_at": "2026-09-25T09:53:22.000000", "updated_at": "2026-09-25T09:53:26.000000", "name": "tempest-VolumesDeleteCascade-Volume-1396893735", "description": null, "volume_type": "arcusfc1", "snapshot_id": null, "source_volid": null, "metadata": {}, "links": [{"rel": "self", "href": "http://10.132.239.110/volume/v3/volumes/562cebe3-533a-45e6-922b-3d404b863af1"}, {"rel": "bookmark", "href": "http://10.132.239.110/volume/volumes/562cebe3-533a-45e6-922b-3d404b863af1"}], "user_id": "16783d7c80c64e54afe935a0d27fa174", "bootable": "false", "encrypted": false, "replication_status": null, "consistencygroup_id": null, "multiattach": false, "attachments": [], "os-vol-tenant-attr:tenant_id": "234aae29f86546a2963cb3339c28a9c1"}}'
2026-09-25 09:56:43,528 3735175 INFO     [tempest.lib.common.rest_client] Request (VolumesDeleteCascade:_run_cleanups): 400 DELETE http://10.132.239.110/volume/v3/volumes/562cebe3-533a-45e6-922b-3d404b863af1 0.054s
2026-09-25 09:56:43,529 3735175 DEBUG    [tempest.lib.common.rest_client] Request - Headers: {'Content-Type': 'application/json', 'Accept': 'application/json', 'X-Auth-Token': '<omitted>'}
        Body: None
    Response - Headers: {'date': 'Fri, 25 Sep 2026 09:56:43 GMT', 'server': 'Apache/2.4.58 (Ubuntu)', 'openstack-api-version': 'volume 3.0', 'vary': 'OpenStack-API-Version', 'content-length': '307', 'content-type': 'application/json', 'x-compute-request-id': 'req-42a93efe-1c4a-4596-8f79-e6248c2cd49b', 'x-openstack-request-id': 'req-42a93efe-1c4a-4596-8f79-e6248c2cd49b', 'connection': 'close', 'status': '400', 'content-location': 'http://10.132.239.110/volume/v3/volumes/562cebe3-533a-45e6-922b-3d404b863af1'}
        Body: b'{"badRequest": {"code": 400, "message": "Invalid volume: Volume status must be available or error or error_restoring or error_extending or error_managing and must not be migrating, attached, belong to a group, have snapshots, awaiting a transfer, or be disassociated from snapshots after volume transfer."}}'

{0} tempest.api.volume.test_volume_metadata.VolumesMetadataTest.test_crud_volume_metadata [0.425460s] ... ok
{0} tempest.api.volume.test_volume_metadata.VolumesMetadataTest.test_update_show_volume_metadata_item [0.296541s] ... ok
{0} tempest.api.volume.test_volume_transfers.VolumesTransfersTest.test_create_get_list_accept_volume_transfer [4.543085s] ... ok
{0} tempest.api.volume.test_volume_transfers.VolumesTransfersTest.test_create_list_delete_volume_transfer [3.250094s] ... ok
{0} tempest.api.volume.test_volume_transfers.VolumesTransfersV355Test.test_create_get_list_accept_volume_transfer [4.463093s] ... ok
{0} tempest.api.volume.test_volume_transfers.VolumesTransfersV355Test.test_create_list_delete_volume_transfer [3.221611s] ... ok
{0} tempest.api.volume.test_volume_transfers.VolumesTransfersV357Test.test_create_get_list_accept_volume_transfer [4.465831s] ... ok
{0} tempest.api.volume.test_volume_transfers.VolumesTransfersV357Test.test_create_list_delete_volume_transfer [3.171755s] ... ok
{0} tempest.api.volume.test_volumes_clone.VolumesCloneTest.test_create_from_volume [6.183317s] ... ok
{0} tempest.api.volume.test_volumes_clone_negative.VolumesCloneNegativeTest.test_create_from_volume_decreasing_size [3.310688s] ... ok
{0} tempest.api.volume.test_volumes_get.VolumesGetTest.test_volume_create_get_update_delete [6.526366s] ... ok
{0} tempest.api.volume.test_volumes_get.VolumesGetTest.test_volume_create_get_update_delete_as_clone [10.283109s] ... ok
{0} tempest.api.volume.test_volumes_get.VolumesSummaryTest.test_show_volume_summary [0.284622s] ... ok
{0} tempest.api.volume.test_volumes_list.VolumesListTestJSON.test_volume_list [0.050460s] ... ok
{0} tempest.api.volume.test_volumes_list.VolumesListTestJSON.test_volume_list_by_name [0.121753s] ... ok
{0} tempest.api.volume.test_volumes_list.VolumesListTestJSON.test_volume_list_details_by_name [0.150392s] ... ok
{0} tempest.api.volume.test_volumes_list.VolumesListTestJSON.test_volume_list_details_pagination [0.454756s] ... ok
{0} tempest.api.volume.test_volumes_list.VolumesListTestJSON.test_volume_list_details_with_multiple_params [0.293427s] ... ok
{0} tempest.api.volume.test_volumes_list.VolumesListTestJSON.test_volume_list_pagination [0.210734s] ... ok
{0} tempest.api.volume.test_volumes_list.VolumesListTestJSON.test_volume_list_param_display_name_and_status [0.123240s] ... ok
{0} tempest.api.volume.test_volumes_list.VolumesListTestJSON.test_volume_list_with_detail_param_display_name_and_status [0.134944s] ... ok
{0} tempest.api.volume.test_volumes_list.VolumesListTestJSON.test_volume_list_with_detail_param_marker [0.160711s] ... ok
{0} tempest.api.volume.test_volumes_list.VolumesListTestJSON.test_volume_list_with_detail_param_metadata [0.147774s] ... ok
{0} tempest.api.volume.test_volumes_list.VolumesListTestJSON.test_volume_list_with_details [0.074507s] ... ok
{0} tempest.api.volume.test_volumes_list.VolumesListTestJSON.test_volume_list_with_param_metadata [0.061563s] ... ok
{0} tempest.api.volume.test_volumes_list.VolumesListTestJSON.test_volumes_list_by_availability_zone [0.253459s] ... ok
{0} tempest.api.volume.test_volumes_list.VolumesListTestJSON.test_volumes_list_by_bootable [0.256227s] ... ok
{0} tempest.api.volume.test_volumes_list.VolumesListTestJSON.test_volumes_list_by_status [0.240130s] ... ok
{0} tempest.api.volume.test_volumes_list.VolumesListTestJSON.test_volumes_list_details_by_availability_zone [0.070174s] ... ok
{0} tempest.api.volume.test_volumes_list.VolumesListTestJSON.test_volumes_list_details_by_bootable [0.083251s] ... ok
{0} tempest.api.volume.test_volumes_list.VolumesListTestJSON.test_volumes_list_details_by_status [0.076789s] ... ok
{0} tempest.api.volume.test_volumes_negative.VolumesNegativeTest.test_create_volume_from_deactivated_image [3.157014s] ... ok
{0} tempest.api.volume.test_volumes_negative.VolumesNegativeTest.test_create_volume_from_image_with_decreasing_size [2.452599s] ... ok
{0} tempest.api.volume.test_volumes_negative.VolumesNegativeTest.test_create_volume_with_invalid_size [0.021877s] ... ok
{0} tempest.api.volume.test_volumes_negative.VolumesNegativeTest.test_create_volume_with_nonexistent_snapshot_id [0.032780s] ... ok
{0} tempest.api.volume.test_volumes_negative.VolumesNegativeTest.test_create_volume_with_nonexistent_source_volid [0.035230s] ... ok
{0} tempest.api.volume.test_volumes_negative.VolumesNegativeTest.test_create_volume_with_nonexistent_volume_type [0.034387s] ... ok
{0} tempest.api.volume.test_volumes_negative.VolumesNegativeTest.test_create_volume_with_size_negative [0.019681s] ... ok
{0} tempest.api.volume.test_volumes_negative.VolumesNegativeTest.test_create_volume_with_size_zero [0.020740s] ... ok
{0} tempest.api.volume.test_volumes_negative.VolumesNegativeTest.test_create_volume_without_passing_size [0.018888s] ... ok
{0} tempest.api.volume.test_volumes_negative.VolumesNegativeTest.test_delete_invalid_volume_id [0.039662s] ... ok
{0} tempest.api.volume.test_volumes_negative.VolumesNegativeTest.test_delete_volume_without_passing_volume_id [0.012556s] ... ok
{0} tempest.api.volume.test_volumes_negative.VolumesNegativeTest.test_detach_volumes_with_invalid_volume_id [0.039958s] ... ok
{0} tempest.api.volume.test_volumes_negative.VolumesNegativeTest.test_get_invalid_volume_id [0.031445s] ... ok
{0} tempest.api.volume.test_volumes_negative.VolumesNegativeTest.test_get_volume_without_passing_volume_id [0.013354s] ... ok
{0} tempest.api.volume.test_volumes_negative.VolumesNegativeTest.test_list_volumes_detail_with_invalid_status [0.054054s] ... ok
{0} tempest.api.volume.test_volumes_negative.VolumesNegativeTest.test_list_volumes_detail_with_nonexistent_name [0.059523s] ... ok
{0} tempest.api.volume.test_volumes_negative.VolumesNegativeTest.test_list_volumes_with_invalid_status [0.039867s] ... ok
{0} tempest.api.volume.test_volumes_negative.VolumesNegativeTest.test_list_volumes_with_nonexistent_name [0.043088s] ... ok
{0} tempest.api.volume.test_volumes_negative.VolumesNegativeTest.test_reserve_volume_with_negative_volume_status [0.196979s] ... ok
{0} tempest.api.volume.test_volumes_negative.VolumesNegativeTest.test_reserve_volume_with_nonexistent_volume_id [0.041381s] ... ok
{0} tempest.api.volume.test_volumes_negative.VolumesNegativeTest.test_unreserve_volume_with_nonexistent_volume_id [0.036122s] ... ok
{0} tempest.api.volume.test_volumes_negative.VolumesNegativeTest.test_update_volume_with_empty_volume_id [0.013104s] ... ok
{0} tempest.api.volume.test_volumes_negative.VolumesNegativeTest.test_update_volume_with_invalid_volume_id [0.040322s] ... ok
{0} tempest.api.volume.test_volumes_negative.VolumesNegativeTest.test_update_volume_with_nonexistent_volume_id [0.036441s] ... ok
{0} tempest.api.volume.test_volumes_negative.VolumesNegativeTest.test_volume_delete_nonexistent_volume_id [0.037202s] ... ok
{0} tempest.api.volume.test_volumes_negative.VolumesNegativeTest.test_volume_extend_with_None_size [0.020160s] ... ok
{0} tempest.api.volume.test_volumes_negative.VolumesNegativeTest.test_volume_extend_with_non_number_size [0.020686s] ... ok
{0} tempest.api.volume.test_volumes_negative.VolumesNegativeTest.test_volume_extend_with_nonexistent_volume_id [0.034478s] ... ok
{0} tempest.api.volume.test_volumes_negative.VolumesNegativeTest.test_volume_extend_with_size_smaller_than_original_size [0.020673s] ... ok
{0} tempest.api.volume.test_volumes_negative.VolumesNegativeTest.test_volume_extend_without_passing_volume_id [0.036474s] ... ok
{0} tempest.api.volume.test_volumes_negative.VolumesNegativeTest.test_volume_get_nonexistent_volume_id [0.033239s] ... ok
{0} tempest.api.volume.test_volumes_snapshots_list.VolumesSnapshotListTestJSON.test_snapshot_list_param_limit [0.038329s] ... ok
{0} tempest.api.volume.test_volumes_snapshots_list.VolumesSnapshotListTestJSON.test_snapshot_list_param_limit_equals_infinite [0.073670s] ... ok
{0} tempest.api.volume.test_volumes_snapshots_list.VolumesSnapshotListTestJSON.test_snapshot_list_param_limit_equals_zero [0.034164s] ... ok
{0} tempest.api.volume.test_volumes_snapshots_list.VolumesSnapshotListTestJSON.test_snapshot_list_param_marker [0.127461s] ... ok
{0} tempest.api.volume.test_volumes_snapshots_list.VolumesSnapshotListTestJSON.test_snapshot_list_param_offset [0.057362s] ... ok
{0} tempest.api.volume.test_volumes_snapshots_list.VolumesSnapshotListTestJSON.test_snapshot_list_param_sort_created_at_asc [0.060887s] ... ok
{0} tempest.api.volume.test_volumes_snapshots_list.VolumesSnapshotListTestJSON.test_snapshot_list_param_sort_created_at_desc [0.036729s] ... ok
{0} tempest.api.volume.test_volumes_snapshots_list.VolumesSnapshotListTestJSON.test_snapshot_list_param_sort_id_asc [0.059417s] ... ok
{0} tempest.api.volume.test_volumes_snapshots_list.VolumesSnapshotListTestJSON.test_snapshot_list_param_sort_id_desc [0.061738s] ... ok
{0} tempest.api.volume.test_volumes_snapshots_list.VolumesSnapshotListTestJSON.test_snapshot_list_param_sort_name_asc [0.060974s] ... ok
{0} tempest.api.volume.test_volumes_snapshots_list.VolumesSnapshotListTestJSON.test_snapshot_list_param_sort_name_desc [0.061341s] ... ok
{0} tempest.api.volume.test_volumes_snapshots_list.VolumesSnapshotListTestJSON.test_snapshots_list_details_with_params [0.253576s] ... ok
{0} tempest.api.volume.test_volumes_snapshots_list.VolumesSnapshotListTestJSON.test_snapshots_list_with_params [0.220367s] ... ok
{0} tempest.api.volume.test_volumes_snapshots_negative.VolumesSnapshotNegativeTestJSON.test_create_snapshot_with_nonexistent_volume_id [0.250470s] ... ok
{0} tempest.api.volume.test_volumes_snapshots_negative.VolumesSnapshotNegativeTestJSON.test_create_snapshot_without_passing_volume_id [0.366804s] ... ok
{0} tempest.api.volume.test_volumes_snapshots_negative.VolumesSnapshotNegativeTestJSON.test_list_snapshot_invalid_param_limit [0.016155s] ... ok
{0} tempest.api.volume.test_volumes_snapshots_negative.VolumesSnapshotNegativeTestJSON.test_list_snapshots_invalid_param_marker [0.028924s] ... ok
{0} tempest.api.volume.test_volumes_snapshots_negative.VolumesSnapshotNegativeTestJSON.test_list_snapshots_invalid_param_sort [0.019224s] ... ok
{0} tempest.api.volume.test_volumes_snapshots_negative.VolumesSnapshotNegativeTestJSON.test_volume_from_snapshot_decreasing_size [5.377951s] ... ok

==============================
Failed 1 tests - output below:
==============================

tempest.api.volume.test_volume_delete_cascade.VolumesDeleteCascade.test_volume_from_snapshot_cascade_delete[id-59a77ede-609b-4ee8-9f68-fc3c6ffe97b5]
----------------------------------------------------------------------------------------------------------------------------------------------------

Captured traceback:
~~~~~~~~~~~~~~~~~~~
    Traceback (most recent call last):

      File "/opt/stack/tempest/tempest/api/volume/test_volume_delete_cascade.py", line 117, in test_volume_from_snapshot_cascade_delete
    self.volumes_client.wait_for_resource_deletion(volume['id'])

      File "/opt/stack/tempest/tempest/lib/common/rest_client.py", line 993, in wait_for_resource_deletion
    raise exceptions.TimeoutException(message)

    tempest.lib.exceptions.TimeoutException: Request timed out
Details: (VolumesDeleteCascade:test_volume_from_snapshot_cascade_delete) Failed to delete volume 562cebe3-533a-45e6-922b-3d404b863af1 within the required time (196 s). Timer started at 1790330006. Timer ended at 1790330202. Waited for 196 s.


Captured traceback-1:
~~~~~~~~~~~~~~~~~~~~~
    Traceback (most recent call last):

      File "/opt/stack/tempest/tempest/lib/common/utils/test_utils.py", line 87, in call_and_ignore_notfound_exc
    return func(*args, **kwargs)
           ^^^^^^^^^^^^^^^^^^^^^

      File "/opt/stack/tempest/tempest/api/volume/base.py", line 242, in delete_snapshot
    snapshots_client.delete_snapshot(snapshot_id)

      File "/opt/stack/tempest/tempest/lib/services/volume/v3/snapshots_client.py", line 95, in delete_snapshot
    resp, body = self.delete("snapshots/%s" % snapshot_id)
                 ^^^^^^^^^^^^^^^^^^^^^^^^^^^^^^^^^^^^^^^^^

      File "/opt/stack/tempest/tempest/lib/common/rest_client.py", line 362, in delete
    return self.request('DELETE', url, extra_headers, headers, body)
           ^^^^^^^^^^^^^^^^^^^^^^^^^^^^^^^^^^^^^^^^^^^^^^^^^^^^^^^^^

      File "/opt/stack/tempest/tempest/lib/common/rest_client.py", line 767, in request
    self._error_checker(resp, resp_body)

      File "/opt/stack/tempest/tempest/lib/common/rest_client.py", line 882, in _error_checker
    raise exceptions.BadRequest(resp_body, resp=resp)

    tempest.lib.exceptions.BadRequest: Bad request
Details: {'code': 400, 'message': 'Invalid snapshot: Snapshot status must be available or error and must not be part of a group.'}


Captured traceback-2:
~~~~~~~~~~~~~~~~~~~~~
    Traceback (most recent call last):

      File "/opt/stack/tempest/tempest/lib/common/utils/test_utils.py", line 87, in call_and_ignore_notfound_exc
    return func(*args, **kwargs)
           ^^^^^^^^^^^^^^^^^^^^^

      File "/opt/stack/tempest/tempest/api/volume/base.py", line 170, in _delete_volume_for_cleanup
    BaseVolumeTest.delete_volume(volumes_client, volume_id)

      File "/opt/stack/tempest/tempest/api/volume/base.py", line 234, in delete_volume
    client.delete_volume(volume_id)

      File "/opt/stack/tempest/tempest/lib/services/volume/v3/volumes_client.py", line 145, in delete_volume
    resp, body = self.delete(url)
                 ^^^^^^^^^^^^^^^^

      File "/opt/stack/tempest/tempest/lib/common/rest_client.py", line 362, in delete
    return self.request('DELETE', url, extra_headers, headers, body)
           ^^^^^^^^^^^^^^^^^^^^^^^^^^^^^^^^^^^^^^^^^^^^^^^^^^^^^^^^^

      File "/opt/stack/tempest/tempest/lib/services/volume/base_client.py", line 39, in request
    resp, resp_body = super(BaseClient, self).request(
                      ^^^^^^^^^^^^^^^^^^^^^^^^^^^^^^^^

      File "/opt/stack/tempest/tempest/lib/common/rest_client.py", line 767, in request
    self._error_checker(resp, resp_body)

      File "/opt/stack/tempest/tempest/lib/common/rest_client.py", line 882, in _error_checker
    raise exceptions.BadRequest(resp_body, resp=resp)

    tempest.lib.exceptions.BadRequest: Bad request
Details: {'code': 400, 'message': 'Invalid volume: Volume status must be available or error or error_restoring or error_extending or error_managing and must not be migrating, attached, belong to a group, have snapshots, awaiting a transfer, or be disassociated from snapshots after volume transfer.'}


Captured pythonlogging:
~~~~~~~~~~~~~~~~~~~~~~~
    2026-09-25 09:53:22,193 3735175 INFO     [tempest.lib.common.rest_client] Request (VolumesDeleteCascade:test_volume_from_snapshot_cascade_delete): 202 POST http://10.132.239.110/volume/v3/volumes 0.484s
2026-09-25 09:53:22,194 3735175 DEBUG    [tempest.lib.common.rest_client] Request - Headers: {'Content-Type': 'application/json', 'Accept': 'application/json', 'X-Auth-Token': '<omitted>'}
        Body: {"volume": {"size": 1, "name": "tempest-VolumesDeleteCascade-Volume-1396893735"}}
    Response - Headers: {'date': 'Fri, 25 Sep 2026 09:53:21 GMT', 'server': 'Apache/2.4.58 (Ubuntu)', 'content-type': 'application/json', 'x-compute-request-id': 'req-47c9de9b-c4c0-4ed6-87d3-484250d79644', 'content-length': '757', 'openstack-api-version': 'volume 3.0', 'vary': 'OpenStack-API-Version', 'x-openstack-request-id': 'req-47c9de9b-c4c0-4ed6-87d3-484250d79644', 'connection': 'close', 'status': '202', 'content-location': 'http://10.132.239.110/volume/v3/volumes'}
        Body: b'{"volume": {"id": "562cebe3-533a-45e6-922b-3d404b863af1", "status": "creating", "size": 1, "availability_zone": "nova", "created_at": "2026-09-25T09:53:22.017913", "updated_at": null, "name": "tempest-VolumesDeleteCascade-Volume-1396893735", "description": null, "volume_type": "arcusfc1", "snapshot_id": null, "source_volid": null, "metadata": {}, "links": [{"rel": "self", "href": "http://10.132.239.110/volume/v3/volumes/562cebe3-533a-45e6-922b-3d404b863af1"}, {"rel": "bookmark", "href": "http://10.132.239.110/volume/volumes/562cebe3-533a-45e6-922b-3d404b863af1"}], "user_id": "16783d7c80c64e54afe935a0d27fa174", "bootable": "false", "encrypted": false, "replication_status": null, "consistencygroup_id": null, "multiattach": false, "attachments": []}}'
2026-09-25 09:53:22,272 3735175 INFO     [tempest.lib.common.rest_client] Request (VolumesDeleteCascade:test_volume_from_snapshot_cascade_delete): 200 GET http://10.132.239.110/volume/v3/volumes/562cebe3-533a-45e6-922b-3d404b863af1 0.064s
2026-09-25 09:53:22,273 3735175 DEBUG    [tempest.lib.common.rest_client] Request - Headers: {'Content-Type': 'application/json', 'Accept': 'application/json', 'X-Auth-Token': '<omitted>'}
        Body: None
    Response - Headers: {'date': 'Fri, 25 Sep 2026 09:53:22 GMT', 'server': 'Apache/2.4.58 (Ubuntu)', 'content-type': 'application/json', 'x-compute-request-id': 'req-d0d2b9d8-1c82-466b-af9a-6af0cecc7007', 'content-length': '825', 'openstack-api-version': 'volume 3.0', 'vary': 'OpenStack-API-Version', 'x-openstack-request-id': 'req-d0d2b9d8-1c82-466b-af9a-6af0cecc7007', 'connection': 'close', 'status': '200', 'content-location': 'http://10.132.239.110/volume/v3/volumes/562cebe3-533a-45e6-922b-3d404b863af1'}
        Body: b'{"volume": {"id": "562cebe3-533a-45e6-922b-3d404b863af1", "status": "creating", "size": 1, "availability_zone": "nova", "created_at": "2026-09-25T09:53:22.000000", "updated_at": null, "name": "tempest-VolumesDeleteCascade-Volume-1396893735", "description": null, "volume_type": "arcusfc1", "snapshot_id": null, "source_volid": null, "metadata": {}, "links": [{"rel": "self", "href": "http://10.132.239.110/volume/v3/volumes/562cebe3-533a-45e6-922b-3d404b863af1"}, {"rel": "bookmark", "href": "http://10.132.239.110/volume/volumes/562cebe3-533a-45e6-922b-3d404b863af1"}], "user_id": "16783d7c80c64e54afe935a0d27fa174", "bootable": "false", "encrypted": false, "replication_status": null, "consistencygroup_id": null, "multiattach": false, "attachments": [], "os-vol-tenant-attr:tenant_id": "234aae29f86546a2963cb3339c28a9c1"}}'
2026-09-25 09:53:23,356 3735175 INFO     [tempest.lib.common.rest_client] Request (VolumesDeleteCascade:test_volume_from_snapshot_cascade_delete): 200 GET http://10.132.239.110/volume/v3/volumes/562cebe3-533a-45e6-922b-3d404b863af1 0.054s
2026-09-25 09:53:23,356 3735175 DEBUG    [tempest.lib.common.rest_client] Request - Headers: {'Content-Type': 'application/json', 'Accept': 'application/json', 'X-Auth-Token': '<omitted>'}
        Body: None
    Response - Headers: {'date': 'Fri, 25 Sep 2026 09:53:23 GMT', 'server': 'Apache/2.4.58 (Ubuntu)', 'cont
    ent-type': 'application/json', 'x-compute-request-id': 'req-3d937322-c65c-475c-a3ac-e02672978e5b', 'content-length': '850', 'openstack-api-version': 'volume 3.0', 'vary': 'OpenStack-API-Version', 'x-openstack-request-id': 'req-3d937322-c65c-475c-a3ac-e02672978e5b', 'connection': 'close', 'status': '200', 'content-location': 'http://10.132.239.110/volume/v3/volumes/562cebe3-533a-45e6-922b-3d404b863af1'}
        Body: b'{"volume": {"id": "562cebe3-533a-45e6-922b-3d404b863af1", "status": "available", "size": 1, "availability_zone": "nova", "created_at": "2026-09-25T09:53:22.000000", "updated_at": "2026-09-25T09:53:23.000000", "name": "tempest-VolumesDeleteCascade-Volume-1396893735", "description": null, "volume_type": "arcusfc1", "snapshot_id": null, "source_volid": null, "metadata": {}, "links": [{"rel": "self", "href": "http://10.132.239.110/volume/v3/volumes/562cebe3-533a-45e6-922b-3d404b863af1"}, {"rel": "bookmark", "href": "http://10.132.239.110/volume/volumes/562cebe3-533a-45e6-922b-3d404b863af1"}], "user_id": "16783d7c80c64e54afe935a0d27fa174", "bootable": "false", "encrypted": false, "replication_status": null, "consistencygroup_id": null, "multiattach": false, "attachments": [], "os-vol-tenant-attr:tenant_id": "234aae29f86546a2963cb3339c28a9c1"}}'
2026-09-25 09:53:23,374 3735175 INFO     [tempest.common.waiters] volume 562cebe3-533a-45e6-922b-3d404b863af1 reached available after waiting for 1.374071 seconds
2026-09-25 09:53:23,553 3735175 INFO     [tempest.lib.common.rest_client] Request (VolumesDeleteCascade:test_volume_from_snapshot_cascade_delete): 202 POST http://10.132.239.110/volume/v3/snapshots 0.179s
2026-09-25 09:53:23,554 3735175 DEBUG    [tempest.lib.common.rest_client] Request - Headers: {'Content-Type': 'application/json', 'Accept': 'application/json', 'X-Auth-Token': '<omitted>'}
        Body: {"snapshot": {"volume_id": "562cebe3-533a-45e6-922b-3d404b863af1", "name": "tempest-VolumesDeleteCascade-Snapshot-1224194423"}}
    Response - Headers: {'date': 'Fri, 25 Sep 2026 09:53:23 GMT', 'server': 'Apache/2.4.58 (Ubuntu)', 'content-type': 'application/json', 'x-compute-request-id': 'req-2a18f0a1-7249-401c-a192-5af31fa5035c', 'content-length': '307', 'openstack-api-version': 'volume 3.0', 'vary': 'OpenStack-API-Version', 'x-openstack-request-id': 'req-2a18f0a1-7249-401c-a192-5af31fa5035c', 'connection': 'close', 'status': '202', 'content-location': 'http://10.132.239.110/volume/v3/snapshots'}
        Body: b'{"snapshot": {"id": "2118eaa3-75a6-4ed0-899c-f058f5c69646", "created_at": "2026-09-25T09:53:23.476984", "updated_at": null, "name": "tempest-VolumesDeleteCascade-Snapshot-1224194423", "description": null, "volume_id": "562cebe3-533a-45e6-922b-3d404b863af1", "status": "creating", "size": 1, "metadata": {}}}'
2026-09-25 09:53:23,593 3735175 INFO     [tempest.lib.common.rest_client] Request (VolumesDeleteCascade:test_volume_from_snapshot_cascade_delete): 200 GET http://10.132.239.110/volume/v3/snapshots/2118eaa3-75a6-4ed0-899c-f058f5c69646 0.030s
2026-09-25 09:53:23,594 3735175 DEBUG    [tempest.lib.common.rest_client] Request - Headers: {'Content-Type': 'application/json', 'Accept': 'application/json', 'X-Auth-Token': '<omitted>'}
        Body: None
    Response - Headers: {'date': 'Fri, 25 Sep 2026 09:53:23 GMT', 'server': 'Apache/2.4.58 (Ubuntu)', 'content-type': 'application/json', 'x-compute-request-id': 'req-87a7ef54-648d-459e-90e9-6d05329f0a00', 'content-length': '439', 'openstack-api-version': 'volume 3.0', 'vary': 'OpenStack-API-Version', 'x-openstack-request-id': 'req-87a7ef54-648d-459e-90e9-6d05329f0a00', 'connection': 'close', 'status': '200', 'content-location': 'http://10.132.239.110/volume/v3/snapshots/2118eaa3-75a6-4ed0-899c-f058f5c69646'}
        Body: b'{"snapshot": {"id": "2118eaa3-75a6-4ed0-899c-f058f5c69646", "created_at": "2026-09-25T09:53:23.000000", "updated_at": null, "name": "tempest-VolumesDeleteCascade-Snapshot-1224194423", "description": null, "volume_id": "562cebe3-533a-45e6-922b-3d404b863af1", "status": "creating", "size": 1, "metadata": {}, "os-extended-snapshot-attributes:
    project_id": "234aae29f86546a2963cb3339c28a9c1", "os-extended-snapshot-attributes:progress": "0%"}}'
2026-09-25 09:53:24,631 3735175 INFO     [tempest.lib.common.rest_client] Request (VolumesDeleteCascade:test_volume_from_snapshot_cascade_delete): 200 GET http://10.132.239.110/volume/v3/snapshots/2118eaa3-75a6-4ed0-899c-f058f5c69646 0.031s
2026-09-25 09:53:24,632 3735175 DEBUG    [tempest.lib.common.rest_client] Request - Headers: {'Content-Type': 'application/json', 'Accept': 'application/json', 'X-Auth-Token': '<omitted>'}
        Body: None
    Response - Headers: {'date': 'Fri, 25 Sep 2026 09:53:24 GMT', 'server': 'Apache/2.4.58 (Ubuntu)', 'content-type': 'application/json', 'x-compute-request-id': 'req-1bd1dbb3-590e-4942-8c22-12a738670281', 'content-length': '466', 'openstack-api-version': 'volume 3.0', 'vary': 'OpenStack-API-Version', 'x-openstack-request-id': 'req-1bd1dbb3-590e-4942-8c22-12a738670281', 'connection': 'close', 'status': '200', 'content-location': 'http://10.132.239.110/volume/v3/snapshots/2118eaa3-75a6-4ed0-899c-f058f5c69646'}
        Body: b'{"snapshot": {"id": "2118eaa3-75a6-4ed0-899c-f058f5c69646", "created_at": "2026-09-25T09:53:23.000000", "updated_at": "2026-09-25T09:53:24.000000", "name": "tempest-VolumesDeleteCascade-Snapshot-1224194423", "description": null, "volume_id": "562cebe3-533a-45e6-922b-3d404b863af1", "status": "available", "size": 1, "metadata": {}, "os-extended-snapshot-attributes:project_id": "234aae29f86546a2963cb3339c28a9c1", "os-extended-snapshot-attributes:progress": "100%"}}'
2026-09-25 09:53:24,637 3735175 INFO     [tempest.common.waiters] snapshot 2118eaa3-75a6-4ed0-899c-f058f5c69646 reached available after waiting for 1.637896 seconds
2026-09-25 09:53:25,223 3735175 INFO     [tempest.lib.common.rest_client] Request (VolumesDeleteCascade:test_volume_from_snapshot_cascade_delete): 202 POST http://10.132.239.110/volume/v3/volumes 0.584s
2026-09-25 09:53:25,224 3735175 DEBUG    [tempest.lib.common.rest_client] Request - Headers: {'Content-Type': 'application/json', 'Accept': 'application/json', 'X-Auth-Token': '<omitted>'}
        Body: {"volume": {"snapshot_id": "2118eaa3-75a6-4ed0-899c-f058f5c69646", "size": 1, "name": "tempest-VolumesDeleteCascade-Volume-1719666317"}}
    Response - Headers: {'date': 'Fri, 25 Sep 2026 09:53:24 GMT', 'server': 'Apache/2.4.58 (Ubuntu)', 'content-type': 'application/json', 'x-compute-request-id': 'req-b54f5e26-e8fa-417c-b16a-d963e50cd5ee', 'content-length': '791', 'openstack-api-version': 'volume 3.0', 'vary': 'OpenStack-API-Version', 'x-openstack-request-id': 'req-b54f5e26-e8fa-417c-b16a-d963e50cd5ee', 'connection': 'close', 'status': '202', 'content-location': 'http://10.132.239.110/volume/v3/volumes'}
        Body: b'{"volume": {"id": "3fe23c03-f23f-46c2-b021-9c486b742154", "status": "creating", "size": 1, "availability_zone": "nova", "created_at": "2026-09-25T09:53:25.040444", "updated_at": null, "name": "tempest-VolumesDeleteCascade-Volume-1719666317", "description": null, "volume_type": "arcusfc1", "snapshot_id": "2118eaa3-75a6-4ed0-899c-f058f5c69646", "source_volid": null, "metadata": {}, "links": [{"rel": "self", "href": "http://10.132.239.110/volume/v3/volumes/3fe23c03-f23f-46c2-b021-9c486b742154"}, {"rel": "bookmark", "href": "http://10.132.239.110/volume/volumes/3fe23c03-f23f-46c2-b021-9c486b742154"}], "user_id": "16783d7c80c64e54afe935a0d27fa174", "bootable": "false", "encrypted": false, "replication_status": null, "consistencygroup_id": null, "multiattach": false, "attachments": []}}'
2026-09-25 09:53:25,283 3735175 INFO     [tempest.lib.common.rest_client] Request (VolumesDeleteCascade:test_volume_from_snapshot_cascade_delete): 200 GET http://10.132.239.110/volume/v3/volumes/3fe23c03-f23f-46c2-b021-9c486b742154 0.046s
2026-09-25 09:53:25,284 3735175 DEBUG    [tempest.lib.common.rest_client] Request - Headers: {'Content-Type': 'application/json', 'Accept': 'application/json', 'X-Auth-Token': '<omitted>'}
        Body: None
    Response - Headers: {'date': 'Fri, 25 Sep 2026 09:53:25 GMT', 'server': 'Apache/2.4.58 (Ubuntu)', 'cont
    ent-type': 'application/json', 'x-compute-request-id': 'req-2f345fc1-5d6b-4250-bfc8-0fae7fd13bd3', 'content-length': '859', 'openstack-api-version': 'volume 3.0', 'vary': 'OpenStack-API-Version', 'x-openstack-request-id': 'req-2f345fc1-5d6b-4250-bfc8-0fae7fd13bd3', 'connection': 'close', 'status': '200', 'content-location': 'http://10.132.239.110/volume/v3/volumes/3fe23c03-f23f-46c2-b021-9c486b742154'}
        Body: b'{"volume": {"id": "3fe23c03-f23f-46c2-b021-9c486b742154", "status": "creating", "size": 1, "availability_zone": "nova", "created_at": "2026-09-25T09:53:25.000000", "updated_at": null, "name": "tempest-VolumesDeleteCascade-Volume-1719666317", "description": null, "volume_type": "arcusfc1", "snapshot_id": "2118eaa3-75a6-4ed0-899c-f058f5c69646", "source_volid": null, "metadata": {}, "links": [{"rel": "self", "href": "http://10.132.239.110/volume/v3/volumes/3fe23c03-f23f-46c2-b021-9c486b742154"}, {"rel": "bookmark", "href": "http://10.132.239.110/volume/volumes/3fe23c03-f23f-46c2-b021-9c486b742154"}], "user_id": "16783d7c80c64e54afe935a0d27fa174", "bootable": "false", "encrypted": false, "replication_status": null, "consistencygroup_id": null, "multiattach": false, "attachments": [], "os-vol-tenant-attr:tenant_id": "234aae29f86546a2963cb3339c28a9c1"}}'
2026-09-25 09:53:26,352 3735175 INFO     [tempest.lib.common.rest_client] Request (VolumesDeleteCascade:test_volume_from_snapshot_cascade_delete): 200 GET http://10.132.239.110/volume/v3/volumes/3fe23c03-f23f-46c2-b021-9c486b742154 0.053s
2026-09-25 09:53:26,353 3735175 DEBUG    [tempest.lib.common.rest_client] Request - Headers: {'Content-Type': 'application/json', 'Accept': 'application/json', 'X-Auth-Token': '<omitted>'}
        Body: None
    Response - Headers: {'date': 'Fri, 25 Sep 2026 09:53:26 GMT', 'server': 'Apache/2.4.58 (Ubuntu)', 'content-type': 'application/json', 'x-compute-request-id': 'req-aa87aa6f-b611-4ddc-8d3c-1797ebb2bb94', 'content-length': '884', 'openstack-api-version': 'volume 3.0', 'vary': 'OpenStack-API-Version', 'x-openstack-request-id': 'req-aa87aa6f-b611-4ddc-8d3c-1797ebb2bb94', 'connection': 'close', 'status': '200', 'content-location': 'http://10.132.239.110/volume/v3/volumes/3fe23c03-f23f-46c2-b021-9c486b742154'}
        Body: b'{"volume": {"id": "3fe23c03-f23f-46c2-b021-9c486b742154", "status": "available", "size": 1, "availability_zone": "nova", "created_at": "2026-09-25T09:53:25.000000", "updated_at": "2026-09-25T09:53:26.000000", "name": "tempest-VolumesDeleteCascade-Volume-1719666317", "description": null, "volume_type": "arcusfc1", "snapshot_id": "2118eaa3-75a6-4ed0-899c-f058f5c69646", "source_volid": null, "metadata": {}, "links": [{"rel": "self", "href": "http://10.132.239.110/volume/v3/volumes/3fe23c03-f23f-46c2-b021-9c486b742154"}, {"rel": "bookmark", "href": "http://10.132.239.110/volume/volumes/3fe23c03-f23f-46c2-b021-9c486b742154"}], "user_id": "16783d7c80c64e54afe935a0d27fa174", "bootable": "false", "encrypted": false, "replication_status": null, "consistencygroup_id": null, "multiattach": false, "attachments": [], "os-vol-tenant-attr:tenant_id": "234aae29f86546a2963cb3339c28a9c1"}}'
2026-09-25 09:53:26,372 3735175 INFO     [tempest.common.waiters] volume 3fe23c03-f23f-46c2-b021-9c486b742154 reached available after waiting for 1.372101 seconds
2026-09-25 09:53:26,421 3735175 INFO     [tempest.lib.common.rest_client] Request (VolumesDeleteCascade:test_volume_from_snapshot_cascade_delete): 200 GET http://10.132.239.110/volume/v3/volumes/3fe23c03-f23f-46c2-b021-9c486b742154 0.049s
2026-09-25 09:53:26,422 3735175 DEBUG    [tempest.lib.common.rest_client] Request - Headers: {'Content-Type': 'application/json', 'Accept': 'application/json', 'X-Auth-Token': '<omitted>'}
        Body: None
    Response - Headers: {'date': 'Fri, 25 Sep 2026 09:53:26 GMT', 'server': 'Apache/2.4.58 (Ubuntu)', 'content-type': 'application/json', 'x-compute-request-id': 'req-8a1c97e6-421e-4e52-b537-cf09ff799a64', 'content-length': '884', 'openstack-api-version': 'volume 3.0', 'vary': 'OpenStack-API-Version', 'x-openstack-request-id': 'req-8a1c97e
    6-421e-4e52-b537-cf09ff799a64', 'connection': 'close', 'status': '200', 'content-location': 'http://10.132.239.110/volume/v3/volumes/3fe23c03-f23f-46c2-b021-9c486b742154'}
        Body: b'{"volume": {"id": "3fe23c03-f23f-46c2-b021-9c486b742154", "status": "available", "size": 1, "availability_zone": "nova", "created_at": "2026-09-25T09:53:25.000000", "updated_at": "2026-09-25T09:53:26.000000", "name": "tempest-VolumesDeleteCascade-Volume-1719666317", "description": null, "volume_type": "arcusfc1", "snapshot_id": "2118eaa3-75a6-4ed0-899c-f058f5c69646", "source_volid": null, "metadata": {}, "links": [{"rel": "self", "href": "http://10.132.239.110/volume/v3/volumes/3fe23c03-f23f-46c2-b021-9c486b742154"}, {"rel": "bookmark", "href": "http://10.132.239.110/volume/volumes/3fe23c03-f23f-46c2-b021-9c486b742154"}], "user_id": "16783d7c80c64e54afe935a0d27fa174", "bootable": "false", "encrypted": false, "replication_status": null, "consistencygroup_id": null, "multiattach": false, "attachments": [], "os-vol-tenant-attr:tenant_id": "234aae29f86546a2963cb3339c28a9c1"}}'
2026-09-25 09:53:26,523 3735175 INFO     [tempest.lib.common.rest_client] Request (VolumesDeleteCascade:test_volume_from_snapshot_cascade_delete): 202 DELETE http://10.132.239.110/volume/v3/volumes/562cebe3-533a-45e6-922b-3d404b863af1?cascade=True 0.086s
2026-09-25 09:53:26,524 3735175 DEBUG    [tempest.lib.common.rest_client] Request - Headers: {'Content-Type': 'application/json', 'Accept': 'application/json', 'X-Auth-Token': '<omitted>'}
        Body: None
    Response - Headers: {'date': 'Fri, 25 Sep 2026 09:53:26 GMT', 'server': 'Apache/2.4.58 (Ubuntu)', 'content-length': '0', 'content-type': 'text/html; charset=UTF-8', 'openstack-api-version': 'volume 3.0', 'vary': 'OpenStack-API-Version', 'x-openstack-request-id': 'req-e15d574e-8b01-45de-9093-25fccd04a9cb', 'connection': 'close', 'status': '202', 'content-location': 'http://10.132.239.110/volume/v3/volumes/562cebe3-533a-45e6-922b-3d404b863af1?cascade=True'}
        Body: b''
2026-09-25 09:53:26,576 3735175 INFO     [tempest.lib.common.rest_client] Request (VolumesDeleteCascade:test_volume_from_snapshot_cascade_delete): 200 GET http://10.132.239.110/volume/v3/volumes/562cebe3-533a-45e6-922b-3d404b863af1 0.051s
2026-09-25 09:53:26,576 3735175 DEBUG    [tempest.lib.common.rest_client] Request - Headers: {'Content-Type': 'application/json', 'Accept': 'application/json', 'X-Auth-Token': '<omitted>'}
        Body: None
    Response - Headers: {'date': 'Fri, 25 Sep 2026 09:53:26 GMT', 'server': 'Apache/2.4.58 (Ubuntu)', 'content-type': 'application/json', 'x-compute-request-id': 'req-b1818b56-4c1d-44f8-aaf5-c39d3a9a4402', 'content-length': '849', 'openstack-api-version': 'volume 3.0', 'vary': 'OpenStack-API-Version', 'x-openstack-request-id': 'req-b1818b56-4c1d-44f8-aaf5-c39d3a9a4402', 'connection': 'close', 'status': '200', 'content-location': 'http://10.132.239.110/volume/v3/volumes/562cebe3-533a-45e6-922b-3d404b863af1'}
        Body: b'{"volume": {"id": "562cebe3-533a-45e6-922b-3d404b863af1", "status": "deleting", "size": 1, "availability_zone": "nova", "created_at": "2026-09-25T09:53:22.000000", "updated_at": "2026-09-25T09:53:26.000000", "name": "tempest-VolumesDeleteCascade-Volume-1396893735", "description": null, "volume_type": "arcusfc1", "snapshot_id": null, "source_volid": null, "metadata": {}, "links": [{"rel": "self", "href": "http://10.132.239.110/volume/v3/volumes/562cebe3-533a-45e6-922b-3d404b863af1"}, {"rel": "bookmark", "href": "http://10.132.239.110/volume/volumes/562cebe3-533a-45e6-922b-3d404b863af1"}], "user_id": "16783d7c80c64e54afe935a0d27fa174", "bootable": "false", "encrypted": false, "replication_status": null, "consistencygroup_id": null, "multiattach": false, "attachments": [], "os-vol-tenant-attr:tenant_id": "234aae29f86546a2963cb3339c28a9c1"}}'
2026-09-25 09:53:27,648 3735175 INFO     [tempest.lib.common.rest_client] Request (VolumesDeleteCascade:test_volume_from_snapshot_cascade_delete): 200 GET http://10.132.239.110/volume/v3/volumes/562cebe3-533a-45e6-922b-3d404b863af1 0.055s
2026-09-25 
    09:53:27,649 3735175 DEBUG    [tempest.lib.common.rest_client] Request - Headers: {'Content-Type': 'application/json', 'Accept': 'application/json', 'X-Auth-Token': '<omitted>'}
        Body: None
    Response - Headers: {'date': 'Fri, 25 Sep 2026 09:53:27 GMT', 'server': 'Apache/2.4.58 (Ubuntu)', 'content-type': 'application/json', 'x-compute-request-id': 'req-04417349-9e24-42b0-a78a-77ffc1627b99', 'content-length': '849', 'openstack-api-version': 'volume 3.0', 'vary': 'OpenStack-API-Version', 'x-openstack-request-id': 'req-04417349-9e24-42b0-a78a-77ffc1627b99', 'connection': 'close', 'status': '200', 'content-location': 'http://10.132.239.110/volume/v3/volumes/562cebe3-533a-45e6-922b-3d404b863af1'}
        Body: b'{"volume": {"id": "562cebe3-533a-45e6-922b-3d404b863af1", "status": "deleting", "size": 1, "availability_zone": "nova", "created_at": "2026-09-25T09:53:22.000000", "updated_at": "2026-09-25T09:53:26.000000", "name": "tempest-VolumesDeleteCascade-Volume-1396893735", "description": null, "volume_type": "arcusfc1", "snapshot_id": null, "source_volid": null, "metadata": {}, "links": [{"rel": "self", "href": "http://10.132.239.110/volume/v3/volumes/562cebe3-533a-45e6-922b-3d404b863af1"}, {"rel": "bookmark", "href": "http://10.132.239.110/volume/volumes/562cebe3-533a-45e6-922b-3d404b863af1"}], "user_id": "16783d7c80c64e54afe935a0d27fa174", "bootable": "false", "encrypted": false, "replication_status": null, "consistencygroup_id": null, "multiattach": false, "attachments": [], "os-vol-tenant-attr:tenant_id": "234aae29f86546a2963cb3339c28a9c1"}}'
2026-09-25 09:53:28,725 3735175 INFO     [tempest.lib.common.rest_client] Request (VolumesDeleteCascade:test_volume_from_snapshot_cascade_delete): 200 GET http://10.132.239.110/volume/v3/volumes/562cebe3-533a-45e6-922b-3d404b863af1 0.059s
2026-09-25 09:53:28,726 3735175 DEBUG    [tempest.lib.common.rest_client] Request - Headers: {'Content-Type': 'application/json', 'Accept': 'application/json', 'X-Auth-Token': '<omitted>'}
        Body: None
    Response - Headers: {'date': 'Fri, 25 Sep 2026 09:53:28 GMT', 'server': 'Apache/2.4.58 (Ubuntu)', 'content-type': 'application/json', 'x-compute-request-id': 'req-5ae78b94-f07d-41b3-81c5-71f332351019', 'content-length': '849', 'openstack-api-version': 'volume 3.0', 'vary': 'OpenStack-API-Version', 'x-openstack-request-id': 'req-5ae78b94-f07d-41b3-81c5-71f332351019', 'connection': 'close', 'status': '200', 'content-location': 'http://10.132.239.110/volume/v3/volumes/562cebe3-533a-45e6-922b-3d404b863af1'}
        Body: b'{"volume": {"id": "562cebe3-533a-45e6-922b-3d404b863af1", "status": "deleting", "size": 1, "availability_zone": "nova", "created_at": "2026-09-25T09:53:22.000000", "updated_at": "2026-09-25T09:53:26.000000", "name": "tempest-VolumesDeleteCascade-Volume-1396893735", "description": null, "volume_type": "arcusfc1", "snapshot_id": null, "source_volid": null, "metadata": {}, "links": [{"rel": "self", "href": "http://10.132.239.110/volume/v3/volumes/562cebe3-533a-45e6-922b-3d404b863af1"}, {"rel": "bookmark", "href": "http://10.132.239.110/volume/volumes/562cebe3-533a-45e6-922b-3d404b863af1"}], "user_id": "16783d7c80c64e54afe935a0d27fa174", "bootable": "false", "encrypted": false, "replication_status": null, "consistencygroup_id": null, "multiattach": false, "attachments": [], "os-vol-tenant-attr:tenant_id": "234aae29f86546a2963cb3339c28a9c1"}}'
2026-09-25 09:53:29,801 3735175 INFO     [tempest.lib.common.rest_client] Request (VolumesDeleteCascade:test_volume_from_snapshot_cascade_delete): 200 GET http://10.132.239.110/volume/v3/volumes/562cebe3-533a-45e6-922b-3d404b863af1 0.055s
2026-09-25 09:53:29,802 3735175 DEBUG    [tempest.lib.common.rest_client] Request - Headers: {'Content-Type': 'application/json', 'Accept': 'application/json', 'X-Auth-Token': '<omitted>'}
        Body: None
    Response - Headers: {'date': 'Fri, 25 Sep 2026 09:53:29 GMT', 'server': 'Apache/2.4.58 (Ubuntu)', 'content-type': 'application/json', 'x-compute-request-id': 'req-2b61ff84-1055-41fe-a583-cac2465912f8', 'content-length': '849', 'openstack-api
    -version': 'volume 3.0', 'vary': 'OpenStack-API-Version', 'x-openstack-request-id': 'req-2b61ff84-1055-41fe-a583-cac2465912f8', 'connection': 'close', 'status': '200', 'content-location': 'http://10.132.239.110/volume/v3/volumes/562cebe3-533a-45e6-922b-3d404b863af1'}
        Body: b'{"volume": {"id": "562cebe3-533a-45e6-922b-3d404b863af1", "status": "deleting", "size": 1, "availability_zone": "nova", "created_at": "2026-09-25T09:53:22.000000", "updated_at": "2026-09-25T09:53:26.000000", "name": "tempest-VolumesDeleteCascade-Volume-1396893735", "description": null, "volume_type": "arcusfc1", "snapshot_id": null, "source_volid": null, "metadata": {}, "links": [{"rel": "self", "href": "http://10.132.239.110/volume/v3/volumes/562cebe3-533a-45e6-922b-3d404b863af1"}, {"rel": "bookmark", "href": "http://10.132.239.110/volume/volumes/562cebe3-533a-45e6-922b-3d404b863af1"}], "user_id": "16783d7c80c64e54afe935a0d27fa174", "bootable": "false", "encrypted": false, "replication_status": null, "consistencygroup_id": null, "multiattach": false, "attachments": [], "os-vol-tenant-attr:tenant_id": "234aae29f86546a2963cb3339c28a9c1"}}'
2026-09-25 09:53:30,873 3735175 INFO     [tempest.lib.common.rest_client] Request (VolumesDeleteCascade:test_volume_from_snapshot_cascade_delete): 200 GET http://10.132.239.110/volume/v3/volumes/562cebe3-533a-45e6-922b-3d404b863af1 0.055s
2026-09-25 09:53:30,874 3735175 DEBUG    [tempest.lib.common.rest_client] Request - Headers: {'Content-Type': 'application/json', 'Accept': 'application/json', 'X-Auth-Token': '<omitted>'}
        Body: None
    Response - Headers: {'date': 'Fri, 25 Sep 2026 09:53:30 GMT', 'server': 'Apache/2.4.58 (Ubuntu)', 'content-type': 'application/json', 'x-compute-request-id': 'req-466ce220-ae7f-440a-b5f1-8f236be034e3', 'content-length': '849', 'openstack-api-version': 'volume 3.0', 'vary': 'OpenStack-API-Version', 'x-openstack-request-id': 'req-466ce220-ae7f-440a-b5f1-8f236be034e3', 'connection': 'close', 'status': '200', 'content-location': 'http://10.132.239.110/volume/v3/volumes/562cebe3-533a-45e6-922b-3d404b863af1'}
        Body: b'{"volume": {"id": "562cebe3-533a-45e6-922b-3d404b863af1", "status": "deleting", "size": 1, "availability_zone": "nova", "created_at": "2026-09-25T09:53:22.000000", "updated_at": "2026-09-25T09:53:26.000000", "name": "tempest-VolumesDeleteCascade-Volume-1396893735", "description": null, "volume_type": "arcusfc1", "snapshot_id": null, "source_volid": null, "metadata": {}, "links": [{"rel": "self", "href": "http://10.132.239.110/volume/v3/volumes/562cebe3-533a-45e6-922b-3d404b863af1"}, {"rel": "bookmark", "href": "http://10.132.239.110/volume/volumes/562cebe3-533a-45e6-922b-3d404b863af1"}], "user_id": "16783d7c80c64e54afe935a0d27fa174", "bootable": "false", "encrypted": false, "replication_status": null, "consistencygroup_id": null, "multiattach": false, "attachments": [], "os-vol-tenant-attr:tenant_id": "234aae29f86546a2963cb3339c28a9c1"}}'
2026-09-25 09:53:31,947 3735175 INFO     [tempest.lib.common.rest_client] Request (VolumesDeleteCascade:test_volume_from_snapshot_cascade_delete): 200 GET http://10.132.239.110/volume/v3/volumes/562cebe3-533a-45e6-922b-3d404b863af1 0.056s
2026-09-25 09:53:31,948 3735175 DEBUG    [tempest.lib.common.rest_client] Request - Headers: {'Content-Type': 'application/json', 'Accept': 'application/json', 'X-Auth-Token': '<omitted>'}
        Body: None
    Response - Headers: {'date': 'Fri, 25 Sep 2026 09:53:31 GMT', 'server': 'Apache/2.4.58 (Ubuntu)', 'content-type': 'application/json', 'x-compute-request-id': 'req-aa65dfe2-8a8e-4462-8b73-48d9bac688ab', 'content-length': '849', 'openstack-api-version': 'volume 3.0', 'vary': 'OpenStack-API-Version', 'x-openstack-request-id': 'req-aa65dfe2-8a8e-4462-8b73-48d9bac688ab', 'connection': 'close', 'status': '200', 'content-location': 'http://10.132.239.110/volume/v3/volumes/562cebe3-533a-45e6-922b-3d404b863af1'}
        Body: b'{"volume": {"id": "562cebe3-533a-45e6-922b-3d404b863af1", "status": "deleting", "size": 1, "availability_zone": "nova", "created_at": "2026-09-25T09:53:22.000
    000", "updated_at": "2026-09-25T09:53:26.000000", "name": "tempest-VolumesDeleteCascade-Volume-1396893735", "description": null, "volume_type": "arcusfc1", "snapshot_id": null, "source_volid": null, "metadata": {}, "links": [{"rel": "self", "href": "http://10.132.239.110/volume/v3/volumes/562cebe3-533a-45e6-922b-3d404b863af1"}, {"rel": "bookmark", "href": "http://10.132.239.110/volume/volumes/562cebe3-533a-45e6-922b-3d404b863af1"}], "user_id": "16783d7c80c64e54afe935a0d27fa174", "bootable": "false", "encrypted": false, "replication_status": null, "consistencygroup_id": null, "multiattach": false, "attachments": [], "os-vol-tenant-attr:tenant_id": "234aae29f86546a2963cb3339c28a9c1"}}'
2026-09-25 09:53:33,019 3735175 INFO     [tempest.lib.common.rest_client] Request (VolumesDeleteCascade:test_volume_from_snapshot_cascade_delete): 200 GET http://10.132.239.110/volume/v3/volumes/562cebe3-533a-45e6-922b-3d404b863af1 0.055s
2026-09-25 09:53:33,019 3735175 DEBUG    [tempest.lib.common.rest_client] Request - Headers: {'Content-Type': 'application/json', 'Accept': 'application/json', 'X-Auth-Token': '<omitted>'}
        Body: None
    Response - Headers: {'date': 'Fri, 25 Sep 2026 09:53:32 GMT', 'server': 'Apache/2.4.58 (Ubuntu)', 'content-type': 'application/json', 'x-compute-request-id': 'req-de4bfd9a-4e71-480a-8e88-b35ec44e9f75', 'content-length': '849', 'openstack-api-version': 'volume 3.0', 'vary': 'OpenStack-API-Version', 'x-openstack-request-id': 'req-de4bfd9a-4e71-480a-8e88-b35ec44e9f75', 'connection': 'close', 'status': '200', 'content-location': 'http://10.132.239.110/volume/v3/volumes/562cebe3-533a-45e6-922b-3d404b863af1'}
        Body: b'{"volume": {"id": "562cebe3-533a-45e6-922b-3d404b863af1", "status": "deleting", "size": 1, "availability_zone": "nova", "created_at": "2026-09-25T09:53:22.000000", "updated_at": "2026-09-25T09:53:26.000000", "name": "tempest-VolumesDeleteCascade-Volume-1396893735", "description": null, "volume_type": "arcusfc1", "snapshot_id": null, "source_volid": null, "metadata": {}, "links": [{"rel": "self", "href": "http://10.132.239.110/volume/v3/volumes/562cebe3-533a-45e6-922b-3d404b863af1"}, {"rel": "bookmark", "href": "http://10.132.239.110/volume/volumes/562cebe3-533a-45e6-922b-3d404b863af1"}], "user_id": "16783d7c80c64e54afe935a0d27fa174", "bootable": "false", "encrypted": false, "replication_status": null, "consistencygroup_id": null, "multiattach": false, "attachments": [], "os-vol-tenant-attr:tenant_id": "234aae29f86546a2963cb3339c28a9c1"}}'
2026-09-25 09:53:34,101 3735175 INFO     [tempest.lib.common.rest_client] Request (VolumesDeleteCascade:test_volume_from_snapshot_cascade_delete): 200 GET http://10.132.239.110/volume/v3/volumes/562cebe3-533a-45e6-922b-3d404b863af1 0.056s
2026-09-25 09:53:34,101 3735175 DEBUG    [tempest.lib.common.rest_client] Request - Headers: {'Content-Type': 'application/json', 'Accept': 'application/json', 'X-Auth-Token': '<omitted>'}
        Body: None
    Response - Headers: {'date': 'Fri, 25 Sep 2026 09:53:34 GMT', 'server': 'Apache/2.4.58 (Ubuntu)', 'content-type': 'application/json', 'x-compute-request-id': 'req-c1ae8f31-abf7-4338-9692-4adc35410632', 'content-length': '849', 'openstack-api-version': 'volume 3.0', 'vary': 'OpenStack-API-Version', 'x-openstack-request-id': 'req-c1ae8f31-abf7-4338-9692-4adc35410632', 'connection': 'close', 'status': '200', 'content-location': 'http://10.132.239.110/volume/v3/volumes/562cebe3-533a-45e6-922b-3d404b863af1'}
        Body: b'{"volume": {"id": "562cebe3-533a-45e6-922b-3d404b863af1", "status": "deleting", "size": 1, "availability_zone": "nova", "created_at": "2026-09-25T09:53:22.000000", "updated_at": "2026-09-25T09:53:26.000000", "name": "tempest-VolumesDeleteCascade-Volume-1396893735", "description": null, "volume_type": "arcusfc1", "snapshot_id": null, "source_volid": null, "metadata": {}, "links": [{"rel": "self", "href": "http://10.132.239.110/volume/v3/volumes/562cebe3-533a-45e6-922b-3d404b863af1"}, {"rel": "bookmark", "href": "http://10.132.239.110/volume/volumes/562cebe3-533a-45e6-922b-3d404b863af1"}], "user
    _id": "16783d7c80c64e54afe935a0d27fa174", "bootable": "false", "encrypted": false, "replication_status": null, "consistencygroup_id": null, "multiattach": false, "attachments": [], "os-vol-tenant-attr:tenant_id": "234aae29f86546a2963cb3339c28a9c1"}}'
2026-09-25 09:53:35,179 3735175 INFO     [tempest.lib.common.rest_client] Request (VolumesDeleteCascade:test_volume_from_snapshot_cascade_delete): 200 GET http://10.132.239.110/volume/v3/volumes/562cebe3-533a-45e6-922b-3d404b863af1 0.061s
2026-09-25 09:53:35,179 3735175 DEBUG    [tempest.lib.common.rest_client] Request - Headers: {'Content-Type': 'application/json', 'Accept': 'application/json', 'X-Auth-Token': '<omitted>'}
        Body: None
    Response - Headers: {'date': 'Fri, 25 Sep 2026 09:53:35 GMT', 'server': 'Apache/2.4.58 (Ubuntu)', 'content-type': 'application/json', 'x-compute-request-id': 'req-1d8bc29d-defb-4000-a278-e6b58669f722', 'content-length': '849', 'openstack-api-version': 'volume 3.0', 'vary': 'OpenStack-API-Version', 'x-openstack-request-id': 'req-1d8bc29d-defb-4000-a278-e6b58669f722', 'connection': 'close', 'status': '200', 'content-location': 'http://10.132.239.110/volume/v3/volumes/562cebe3-533a-45e6-922b-3d404b863af1'}
        Body: b'{"volume": {"id": "562cebe3-533a-45e6-922b-3d404b863af1", "status": "deleting", "size": 1, "availability_zone": "nova", "created_at": "2026-09-25T09:53:22.000000", "updated_at": "2026-09-25T09:53:26.000000", "name": "tempest-VolumesDeleteCascade-Volume-1396893735", "description": null, "volume_type": "arcusfc1", "snapshot_id": null, "source_volid": null, "metadata": {}, "links": [{"rel": "self", "href": "http://10.132.239.110/volume/v3/volumes/562cebe3-533a-45e6-922b-3d404b863af1"}, {"rel": "bookmark", "href": "http://10.132.239.110/volume/volumes/562cebe3-533a-45e6-922b-3d404b863af1"}], "user_id": "16783d7c80c64e54afe935a0d27fa174", "bootable": "false", "encrypted": false, "replication_status": null, "consistencygroup_id": null, "multiattach": false, "attachments": [], "os-vol-tenant-attr:tenant_id": "234aae29f86546a2963cb3339c28a9c1"}}'
2026-09-25 09:53:36,253 3735175 INFO     [tempest.lib.common.rest_client] Request (VolumesDeleteCascade:test_volume_from_snapshot_cascade_delete): 200 GET http://10.132.239.110/volume/v3/volumes/562cebe3-533a-45e6-922b-3d404b863af1 0.054s
2026-09-25 09:53:36,254 3735175 DEBUG    [tempest.lib.common.rest_client] Request - Headers: {'Content-Type': 'application/json', 'Accept': 'application/json', 'X-Auth-Token': '<omitted>'}
        Body: None
    Response - Headers: {'date': 'Fri, 25 Sep 2026 09:53:36 GMT', 'server': 'Apache/2.4.58 (Ubuntu)', 'content-type': 'application/json', 'x-compute-request-id': 'req-6834d636-ff85-4447-a8e5-979dddec31a0', 'content-length': '849', 'openstack-api-version': 'volume 3.0', 'vary': 'OpenStack-API-Version', 'x-openstack-request-id': 'req-6834d636-ff85-4447-a8e5-979dddec31a0', 'connection': 'close', 'status': '200', 'content-location': 'http://10.132.239.110/volume/v3/volumes/562cebe3-533a-45e6-922b-3d404b863af1'}
        Body: b'{"volume": {"id": "562cebe3-533a-45e6-922b-3d404b863af1", "status": "deleting", "size": 1, "availability_zone": "nova", "created_at": "2026-09-25T09:53:22.000000", "updated_at": "2026-09-25T09:53:26.000000", "name": "tempest-VolumesDeleteCascade-Volume-1396893735", "description": null, "volume_type": "arcusfc1", "snapshot_id": null, "source_volid": null, "metadata": {}, "links": [{"rel": "self", "href": "http://10.132.239.110/volume/v3/volumes/562cebe3-533a-45e6-922b-3d404b863af1"}, {"rel": "bookmark", "href": "http://10.132.239.110/volume/volumes/562cebe3-533a-45e6-922b-3d404b863af1"}], "user_id": "16783d7c80c64e54afe935a0d27fa174", "bootable": "false", "encrypted": false, "replication_status": null, "consistencygroup_id": null, "multiattach": false, "attachments": [], "os-vol-tenant-attr:tenant_id": "234aae29f86546a2963cb3339c28a9c1"}}'
2026-09-25 09:53:37,324 3735175 INFO     [tempest.lib.common.rest_client] Request (VolumesDeleteCascade:test_volume_from_snapshot_cascade_delete): 200 GET http://10.132.239.110/volume/v3/volu
    mes/562cebe3-533a-45e6-922b-3d404b863af1 0.054s
2026-09-25 09:53:37,325 3735175 DEBUG    [tempest.lib.common.rest_client] Request - Headers: {'Content-Type': 'application/json', 'Accept': 'application/json', 'X-Auth-Token': '<omitted>'}
        Body: None
    Response - Headers: {'date': 'Fri, 25 Sep 2026 09:53:37 GMT', 'server': 'Apache/2.4.58 (Ubuntu)', 'content-type': 'application/json', 'x-compute-request-id': 'req-4803677d-d132-4edd-9690-183cf22ea53e', 'content-length': '849', 'openstack-api-version': 'volume 3.0', 'vary': 'OpenStack-API-Version', 'x-openstack-request-id': 'req-4803677d-d132-4edd-9690-183cf22ea53e', 'connection': 'close', 'status': '200', 'content-location': 'http://10.132.239.110/volume/v3/volumes/562cebe3-533a-45e6-922b-3d404b863af1'}
        Body: b'{"volume": {"id": "562cebe3-533a-45e6-922b-3d404b863af1", "status": "deleting", "size": 1, "availability_zone": "nova", "created_at": "2026-09-25T09:53:22.000000", "updated_at": "2026-09-25T09:53:26.000000", "name": "tempest-VolumesDeleteCascade-Volume-1396893735", "description": null, "volume_type": "arcusfc1", "snapshot_id": null, "source_volid": null, "metadata": {}, "links": [{"rel": "self", "href": "http://10.132.239.110/volume/v3/volumes/562cebe3-533a-45e6-922b-3d404b863af1"}, {"rel": "bookmark", "href": "http://10.132.239.110/volume/volumes/562cebe3-533a-45e6-922b-3d404b863af1"}], "user_id": "16783d7c80c64e54afe935a0d27fa174", "bootable": "false", "encrypted": false, "replication_status": null, "consistencygroup_id": null, "multiattach": false, "attachments": [], "os-vol-tenant-attr:tenant_id": "234aae29f86546a2963cb3339c28a9c1"}}'
2026-09-25 09:53:38,397 3735175 INFO     [tempest.lib.common.rest_client] Request (VolumesDeleteCascade:test_volume_from_snapshot_cascade_delete): 200 GET http://10.132.239.110/volume/v3/volumes/562cebe3-533a-45e6-922b-3d404b863af1 0.056s
2026-09-25 09:53:38,398 3735175 DEBUG    [tempest.lib.common.rest_client] Request - Headers: {'Content-Type': 'application/json', 'Accept': 'application/json', 'X-Auth-Token': '<omitted>'}
        Body: None
    Response - Headers: {'date': 'Fri, 25 Sep 2026 09:53:38 GMT', 'server': 'Apache/2.4.58 (Ubuntu)', 'content-type': 'application/json', 'x-compute-request-id': 'req-95750b10-a057-40b3-91b4-530554cc0f62', 'content-length': '849', 'openstack-api-version': 'volume 3.0', 'vary': 'OpenStack-API-Version', 'x-openstack-request-id': 'req-95750b10-a057-40b3-91b4-530554cc0f62', 'connection': 'close', 'status': '200', 'content-location': 'http://10.132.239.110/volume/v3/volumes/562cebe3-533a-45e6-922b-3d404b863af1'}
        Body: b'{"volume": {"id": "562cebe3-533a-45e6-922b-3d404b863af1", "status": "deleting", "size": 1, "availability_zone": "nova", "created_at": "2026-09-25T09:53:22.000000", "updated_at": "2026-09-25T09:53:26.000000", "name": "tempest-VolumesDeleteCascade-Volume-1396893735", "description": null, "volume_type": "arcusfc1", "snapshot_id": null, "source_volid": null, "metadata": {}, "links": [{"rel": "self", "href": "http://10.132.239.110/volume/v3/volumes/562cebe3-533a-45e6-922b-3d404b863af1"}, {"rel": "bookmark", "href": "http://10.132.239.110/volume/volumes/562cebe3-533a-45e6-922b-3d404b863af1"}], "user_id": "16783d7c80c64e54afe935a0d27fa174", "bootable": "false", "encrypted": false, "replication_status": null, "consistencygroup_id": null, "multiattach": false, "attachments": [], "os-vol-tenant-attr:tenant_id": "234aae29f86546a2963cb3339c28a9c1"}}'
2026-09-25 09:53:39,470 3735175 INFO     [tempest.lib.common.rest_client] Request (VolumesDeleteCascade:test_volume_from_snapshot_cascade_delete): 200 GET http://10.132.239.110/volume/v3/volumes/562cebe3-533a-45e6-922b-3d404b863af1 0.056s
2026-09-25 09:53:39,471 3735175 DEBUG    [tempest.lib.common.rest_client] Request - Headers: {'Content-Type': 'application/json', 'Accept': 'application/json', 'X-Auth-Token': '<omitted>'}
        Body: None
    Response - Headers: {'date': 'Fri, 25 Sep 2026 09:53:39 GMT', 'server': 'Apache/2.4.58 (Ubuntu)', 'content-type': 'application/json', 'x-compute-request-id': 'req-b6fc712a-af35-4b79-
    9316-a7d1f540a55f', 'content-length': '849', 'openstack-api-version': 'volume 3.0', 'vary': 'OpenStack-API-Version', 'x-openstack-request-id': 'req-b6fc712a-af35-4b79-9316-a7d1f540a55f', 'connection': 'close', 'status': '200', 'content-location': 'http://10.132.239.110/volume/v3/volumes/562cebe3-533a-45e6-922b-3d404b863af1'}
        Body: b'{"volume": {"id": "562cebe3-533a-45e6-922b-3d404b863af1", "status": "deleting", "size": 1, "availability_zone": "nova", "created_at": "2026-09-25T09:53:22.000000", "updated_at": "2026-09-25T09:53:26.000000", "name": "tempest-VolumesDeleteCascade-Volume-1396893735", "description": null, "volume_type": "arcusfc1", "snapshot_id": null, "source_volid": null, "metadata": {}, "links": [{"rel": "self", "href": "http://10.132.239.110/volume/v3/volumes/562cebe3-533a-45e6-922b-3d404b863af1"}, {"rel": "bookmark", "href": "http://10.132.239.110/volume/volumes/562cebe3-533a-45e6-922b-3d404b863af1"}], "user_id": "16783d7c80c64e54afe935a0d27fa174", "bootable": "false", "encrypted": false, "replication_status": null, "consistencygroup_id": null, "multiattach": false, "attachments": [], "os-vol-tenant-attr:tenant_id": "234aae29f86546a2963cb3339c28a9c1"}}'
2026-09-25 09:53:40,544 3735175 INFO     [tempest.lib.common.rest_client] Request (VolumesDeleteCascade:test_volume_from_snapshot_cascade_delete): 200 GET http://10.132.239.110/volume/v3/volumes/562cebe3-533a-45e6-922b-3d404b863af1 0.057s
2026-09-25 09:53:40,545 3735175 DEBUG    [tempest.lib.common.rest_client] Request - Headers: {'Content-Type': 'application/json', 'Accept': 'application/json', 'X-Auth-Token': '<omitted>'}
        Body: None
    Response - Headers: {'date': 'Fri, 25 Sep 2026 09:53:40 GMT', 'server': 'Apache/2.4.58 (Ubuntu)', 'content-type': 'application/json', 'x-compute-request-id': 'req-9123be33-48a1-4b34-9a14-eda61d05d429', 'content-length': '849', 'openstack-api-version': 'volume 3.0', 'vary': 'OpenStack-API-Version', 'x-openstack-request-id': 'req-9123be33-48a1-4b34-9a14-eda61d05d429', 'connection': 'close', 'status': '200', 'content-location': 'http://10.132.239.110/volume/v3/volumes/562cebe3-533a-45e6-922b-3d404b863af1'}
        Body: b'{"volume": {"id": "562cebe3-533a-45e6-922b-3d404b863af1", "status": "deleting", "size": 1, "availability_zone": "nova", "created_at": "2026-09-25T09:53:22.000000", "updated_at": "2026-09-25T09:53:26.000000", "name": "tempest-VolumesDeleteCascade-Volume-1396893735", "description": null, "volume_type": "arcusfc1", "snapshot_id": null, "source_volid": null, "metadata": {}, "links": [{"rel": "self", "href": "http://10.132.239.110/volume/v3/volumes/562cebe3-533a-45e6-922b-3d404b863af1"}, {"rel": "bookmark", "href": "http://10.132.239.110/volume/volumes/562cebe3-533a-45e6-922b-3d404b863af1"}], "user_id": "16783d7c80c64e54afe935a0d27fa174", "bootable": "false", "encrypted": false, "replication_status": null, "consistencygroup_id": null, "multiattach": false, "attachments": [], "os-vol-tenant-attr:tenant_id": "234aae29f86546a2963cb3339c28a9c1"}}'
2026-09-25 09:53:41,615 3735175 INFO     [tempest.lib.common.rest_client] Request (VolumesDeleteCascade:test_volume_from_snapshot_cascade_delete): 200 GET http://10.132.239.110/volume/v3/volumes/562cebe3-533a-45e6-922b-3d404b863af1 0.054s
2026-09-25 09:53:41,615 3735175 DEBUG    [tempest.lib.common.rest_client] Request - Headers: {'Content-Type': 'application/json', 'Accept': 'application/json', 'X-Auth-Token': '<omitted>'}
        Body: None
    Response - Headers: {'date': 'Fri, 25 Sep 2026 09:53:41 GMT', 'server': 'Apache/2.4.58 (Ubuntu)', 'content-type': 'application/json', 'x-compute-request-id': 'req-5d1ee25e-acbb-4c41-86e7-b00e8800930d', 'content-length': '849', 'openstack-api-version': 'volume 3.0', 'vary': 'OpenStack-API-Version', 'x-openstack-request-id': 'req-5d1ee25e-acbb-4c41-86e7-b00e8800930d', 'connection': 'close', 'status': '200', 'content-location': 'http://10.132.239.110/volume/v3/volumes/562cebe3-533a-45e6-922b-3d404b863af1'}
        Body: b'{"volume": {"id": "562cebe3-533a-45e6-922b-3d404b863af1", "status": "deleting", "size": 1, "availab
    ility_zone": "nova", "created_at": "2026-09-25T09:53:22.000000", "updated_at": "2026-09-25T09:53:26.000000", "name": "tempest-VolumesDeleteCascade-Volume-1396893735", "description": null, "volume_type": "arcusfc1", "snapshot_id": null, "source_volid": null, "metadata": {}, "links": [{"rel": "self", "href": "http://10.132.239.110/volume/v3/volumes/562cebe3-533a-45e6-922b-3d404b863af1"}, {"rel": "bookmark", "href": "http://10.132.239.110/volume/volumes/562cebe3-533a-45e6-922b-3d404b863af1"}], "user_id": "16783d7c80c64e54afe935a0d27fa174", "bootable": "false", "encrypted": false, "replication_status": null, "consistencygroup_id": null, "multiattach": false, "attachments": [], "os-vol-tenant-attr:tenant_id": "234aae29f86546a2963cb3339c28a9c1"}}'
2026-09-25 09:53:42,690 3735175 INFO     [tempest.lib.common.rest_client] Request (VolumesDeleteCascade:test_volume_from_snapshot_cascade_delete): 200 GET http://10.132.239.110/volume/v3/volumes/562cebe3-533a-45e6-922b-3d404b863af1 0.057s
2026-09-25 09:53:42,691 3735175 DEBUG    [tempest.lib.common.rest_client] Request - Headers: {'Content-Type': 'application/json', 'Accept': 'application/json', 'X-Auth-Token': '<omitted>'}
        Body: None
    Response - Headers: {'date': 'Fri, 25 Sep 2026 09:53:42 GMT', 'server': 'Apache/2.4.58 (Ubuntu)', 'content-type': 'application/json', 'x-compute-request-id': 'req-dbf7d23b-9756-43b7-81f9-ab0e4706e7f4', 'content-length': '849', 'openstack-api-version': 'volume 3.0', 'vary': 'OpenStack-API-Version', 'x-openstack-request-id': 'req-dbf7d23b-9756-43b7-81f9-ab0e4706e7f4', 'connection': 'close', 'status': '200', 'content-location': 'http://10.132.239.110/volume/v3/volumes/562cebe3-533a-45e6-922b-3d404b863af1'}
        Body: b'{"volume": {"id": "562cebe3-533a-45e6-922b-3d404b863af1", "status": "deleting", "size": 1, "availability_zone": "nova", "created_at": "2026-09-25T09:53:22.000000", "updated_at": "2026-09-25T09:53:26.000000", "name": "tempest-VolumesDeleteCascade-Volume-1396893735", "description": null, "volume_type": "arcusfc1", "snapshot_id": null, "source_volid": null, "metadata": {}, "links": [{"rel": "self", "href": "http://10.132.239.110/volume/v3/volumes/562cebe3-533a-45e6-922b-3d404b863af1"}, {"rel": "bookmark", "href": "http://10.132.239.110/volume/volumes/562cebe3-533a-45e6-922b-3d404b863af1"}], "user_id": "16783d7c80c64e54afe935a0d27fa174", "bootable": "false", "encrypted": false, "replication_status": null, "consistencygroup_id": null, "multiattach": false, "attachments": [], "os-vol-tenant-attr:tenant_id": "234aae29f86546a2963cb3339c28a9c1"}}'
2026-09-25 09:53:43,759 3735175 INFO     [tempest.lib.common.rest_client] Request (VolumesDeleteCascade:test_volume_from_snapshot_cascade_delete): 200 GET http://10.132.239.110/volume/v3/volumes/562cebe3-533a-45e6-922b-3d404b863af1 0.052s
2026-09-25 09:53:43,760 3735175 DEBUG    [tempest.lib.common.rest_client] Request - Headers: {'Content-Type': 'application/json', 'Accept': 'application/json', 'X-Auth-Token': '<omitted>'}
        Body: None
    Response - Headers: {'date': 'Fri, 25 Sep 2026 09:53:43 GMT', 'server': 'Apache/2.4.58 (Ubuntu)', 'content-type': 'application/json', 'x-compute-request-id': 'req-433d3554-6c24-4e4d-bda9-d4dcef0436fc', 'content-length': '849', 'openstack-api-version': 'volume 3.0', 'vary': 'OpenStack-API-Version', 'x-openstack-request-id': 'req-433d3554-6c24-4e4d-bda9-d4dcef0436fc', 'connection': 'close', 'status': '200', 'content-location': 'http://10.132.239.110/volume/v3/volumes/562cebe3-533a-45e6-922b-3d404b863af1'}
        Body: b'{"volume": {"id": "562cebe3-533a-45e6-922b-3d404b863af1", "status": "deleting", "size": 1, "availability_zone": "nova", "created_at": "2026-09-25T09:53:22.000000", "updated_at": "2026-09-25T09:53:26.000000", "name": "tempest-VolumesDeleteCascade-Volume-1396893735", "description": null, "volume_type": "arcusfc1", "snapshot_id": null, "source_volid": null, "metadata": {}, "links": [{"rel": "self", "href": "http://10.132.239.110/volume/v3/volumes/562cebe3-533a-45e6-922b-3d404b863af1"}, {"rel": "bookmark", "href": "http://10.132.239.110/vo
    lume/volumes/562cebe3-533a-45e6-922b-3d404b863af1"}], "user_id": "16783d7c80c64e54afe935a0d27fa174", "bootable": "false", "encrypted": false, "replication_status": null, "consistencygroup_id": null, "multiattach": false, "attachments": [], "os-vol-tenant-attr:tenant_id": "234aae29f86546a2963cb3339c28a9c1"}}'
2026-09-25 09:53:44,828 3735175 INFO     [tempest.lib.common.rest_client] Request (VolumesDeleteCascade:test_volume_from_snapshot_cascade_delete): 200 GET http://10.132.239.110/volume/v3/volumes/562cebe3-533a-45e6-922b-3d404b863af1 0.052s
2026-09-25 09:53:44,828 3735175 DEBUG    [tempest.lib.common.rest_client] Request - Headers: {'Content-Type': 'application/json', 'Accept': 'application/json', 'X-Auth-Token': '<omitted>'}
        Body: None
    Response - Headers: {'date': 'Fri, 25 Sep 2026 09:53:44 GMT', 'server': 'Apache/2.4.58 (Ubuntu)', 'content-type': 'application/json', 'x-compute-request-id': 'req-7b4c2f05-ceb0-4e2c-bdf0-05cc75fa6f72', 'content-length': '849', 'openstack-api-version': 'volume 3.0', 'vary': 'OpenStack-API-Version', 'x-openstack-request-id': 'req-7b4c2f05-ceb0-4e2c-bdf0-05cc75fa6f72', 'connection': 'close', 'status': '200', 'content-location': 'http://10.132.239.110/volume/v3/volumes/562cebe3-533a-45e6-922b-3d404b863af1'}
        Body: b'{"volume": {"id": "562cebe3-533a-45e6-922b-3d404b863af1", "status": "deleting", "size": 1, "availability_zone": "nova", "created_at": "2026-09-25T09:53:22.000000", "updated_at": "2026-09-25T09:53:26.000000", "name": "tempest-VolumesDeleteCascade-Volume-1396893735", "description": null, "volume_type": "arcusfc1", "snapshot_id": null, "source_volid": null, "metadata": {}, "links": [{"rel": "self", "href": "http://10.132.239.110/volume/v3/volumes/562cebe3-533a-45e6-922b-3d404b863af1"}, {"rel": "bookmark", "href": "http://10.132.239.110/volume/volumes/562cebe3-533a-45e6-922b-3d404b863af1"}], "user_id": "16783d7c80c64e54afe935a0d27fa174", "bootable": "false", "encrypted": false, "replication_status": null, "consistencygroup_id": null, "multiattach": false, "attachments": [], "os-vol-tenant-attr:tenant_id": "234aae29f86546a2963cb3339c28a9c1"}}'
2026-09-25 09:53:45,893 3735175 INFO     [tempest.lib.common.rest_client] Request (VolumesDeleteCascade:test_volume_from_snapshot_cascade_delete): 200 GET http://10.132.239.110/volume/v3/volumes/562cebe3-533a-45e6-922b-3d404b863af1 0.049s
2026-09-25 09:53:45,893 3735175 DEBUG    [tempest.lib.common.rest_client] Request - Headers: {'Content-Type': 'application/json', 'Accept': 'application/json', 'X-Auth-Token': '<omitted>'}
        Body: None
    Response - Headers: {'date': 'Fri, 25 Sep 2026 09:53:45 GMT', 'server': 'Apache/2.4.58 (Ubuntu)', 'content-type': 'application/json', 'x-compute-request-id': 'req-497801ac-79d6-4503-9505-899c3012a49f', 'content-length': '849', 'openstack-api-version': 'volume 3.0', 'vary': 'OpenStack-API-Version', 'x-openstack-request-id': 'req-497801ac-79d6-4503-9505-899c3012a49f', 'connection': 'close', 'status': '200', 'content-location': 'http://10.132.239.110/volume/v3/volumes/562cebe3-533a-45e6-922b-3d404b863af1'}
        Body: b'{"volume": {"id": "562cebe3-533a-45e6-922b-3d404b863af1", "status": "deleting", "size": 1, "availability_zone": "nova", "created_at": "2026-09-25T09:53:22.000000", "updated_at": "2026-09-25T09:53:26.000000", "name": "tempest-VolumesDeleteCascade-Volume-1396893735", "description": null, "volume_type": "arcusfc1", "snapshot_id": null, "source_volid": null, "metadata": {}, "links": [{"rel": "self", "href": "http://10.132.239.110/volume/v3/volumes/562cebe3-533a-45e6-922b-3d404b863af1"}, {"rel": "bookmark", "href": "http://10.132.239.110/volume/volumes/562cebe3-533a-45e6-922b-3d404b863af1"}], "user_id": "16783d7c80c64e54afe935a0d27fa174", "bootable": "false", "encrypted": false, "replication_status": null, "consistencygroup_id": null, "multiattach": false, "attachments": [], "os-vol-tenant-attr:tenant_id": "234aae29f86546a2963cb3339c28a9c1"}}'
2026-09-25 09:53:46,962 3735175 INFO     [tempest.lib.common.rest_client] Request (VolumesDeleteCascade:test_volume_from_snapshot_ca
    scade_delete): 200 GET http://10.132.239.110/volume/v3/volumes/562cebe3-533a-45e6-922b-3d404b863af1 0.052s
2026-09-25 09:53:46,962 3735175 DEBUG    [tempest.lib.common.rest_client] Request - Headers: {'Content-Type': 'application/json', 'Accept': 'application/json', 'X-Auth-Token': '<omitted>'}
        Body: None
    Response - Headers: {'date': 'Fri, 25 Sep 2026 09:53:46 GMT', 'server': 'Apache/2.4.58 (Ubuntu)', 'content-type': 'application/json', 'x-compute-request-id': 'req-85150dae-76c0-41e9-92ed-cdee831e388f', 'content-length': '849', 'openstack-api-version': 'volume 3.0', 'vary': 'OpenStack-API-Version', 'x-openstack-request-id': 'req-85150dae-76c0-41e9-92ed-cdee831e388f', 'connection': 'close', 'status': '200', 'content-location': 'http://10.132.239.110/volume/v3/volumes/562cebe3-533a-45e6-922b-3d404b863af1'}
        Body: b'{"volume": {"id": "562cebe3-533a-45e6-922b-3d404b863af1", "status": "deleting", "size": 1, "availability_zone": "nova", "created_at": "2026-09-25T09:53:22.000000", "updated_at": "2026-09-25T09:53:26.000000", "name": "tempest-VolumesDeleteCascade-Volume-1396893735", "description": null, "volume_type": "arcusfc1", "snapshot_id": null, "source_volid": null, "metadata": {}, "links": [{"rel": "self", "href": "http://10.132.239.110/volume/v3/volumes/562cebe3-533a-45e6-922b-3d404b863af1"}, {"rel": "bookmark", "href": "http://10.132.239.110/volume/volumes/562cebe3-533a-45e6-922b-3d404b863af1"}], "user_id": "16783d7c80c64e54afe935a0d27fa174", "bootable": "false", "encrypted": false, "replication_status": null, "consistencygroup_id": null, "multiattach": false, "attachments": [], "os-vol-tenant-attr:tenant_id": "234aae29f86546a2963cb3339c28a9c1"}}'
2026-09-25 09:53:48,028 3735175 INFO     [tempest.lib.common.rest_client] Request (VolumesDeleteCascade:test_volume_from_snapshot_cascade_delete): 200 GET http://10.132.239.110/volume/v3/volumes/562cebe3-533a-45e6-922b-3d404b863af1 0.049s
2026-09-25 09:53:48,028 3735175 DEBUG    [tempest.lib.common.rest_client] Request - Headers: {'Content-Type': 'application/json', 'Accept': 'application/json', 'X-Auth-Token': '<omitted>'}
        Body: None
    Response - Headers: {'date': 'Fri, 25 Sep 2026 09:53:47 GMT', 'server': 'Apache/2.4.58 (Ubuntu)', 'content-type': 'application/json', 'x-compute-request-id': 'req-2bdc6160-a163-450e-9e87-4a3b3a9a1506', 'content-length': '849', 'openstack-api-version': 'volume 3.0', 'vary': 'OpenStack-API-Version', 'x-openstack-request-id': 'req-2bdc6160-a163-450e-9e87-4a3b3a9a1506', 'connection': 'close', 'status': '200', 'content-location': 'http://10.132.239.110/volume/v3/volumes/562cebe3-533a-45e6-922b-3d404b863af1'}
        Body: b'{"volume": {"id": "562cebe3-533a-45e6-922b-3d404b863af1", "status": "deleting", "size": 1, "availability_zone": "nova", "created_at": "2026-09-25T09:53:22.000000", "updated_at": "2026-09-25T09:53:26.000000", "name": "tempest-VolumesDeleteCascade-Volume-1396893735", "description": null, "volume_type": "arcusfc1", "snapshot_id": null, "source_volid": null, "metadata": {}, "links": [{"rel": "self", "href": "http://10.132.239.110/volume/v3/volumes/562cebe3-533a-45e6-922b-3d404b863af1"}, {"rel": "bookmark", "href": "http://10.132.239.110/volume/volumes/562cebe3-533a-45e6-922b-3d404b863af1"}], "user_id": "16783d7c80c64e54afe935a0d27fa174", "bootable": "false", "encrypted": false, "replication_status": null, "consistencygroup_id": null, "multiattach": false, "attachments": [], "os-vol-tenant-attr:tenant_id": "234aae29f86546a2963cb3339c28a9c1"}}'
2026-09-25 09:53:49,085 3735175 INFO     [tempest.lib.common.rest_client] Request (VolumesDeleteCascade:test_volume_from_snapshot_cascade_delete): 200 GET http://10.132.239.110/volume/v3/volumes/562cebe3-533a-45e6-922b-3d404b863af1 0.040s
2026-09-25 09:53:49,086 3735175 DEBUG    [tempest.lib.common.rest_client] Request - Headers: {'Content-Type': 'application/json', 'Accept': 'application/json', 'X-Auth-Token': '<omitted>'}
        Body: None
    Response - Headers: {'date': 'Fri, 25 Sep 2026 09:53:49 GMT', 'server': 'Apache/2.4.58 (Ubuntu)', 'content-type': 'applicat
    ion/json', 'x-compute-request-id': 'req-78e920de-f4b5-4e4c-aa4c-5ed639d29047', 'content-length': '849', 'openstack-api-version': 'volume 3.0', 'vary': 'OpenStack-API-Version', 'x-openstack-request-id': 'req-78e920de-f4b5-4e4c-aa4c-5ed639d29047', 'connection': 'close', 'status': '200', 'content-location': 'http://10.132.239.110/volume/v3/volumes/562cebe3-533a-45e6-922b-3d404b863af1'}
        Body: b'{"volume": {"id": "562cebe3-533a-45e6-922b-3d404b863af1", "status": "deleting", "size": 1, "availability_zone": "nova", "created_at": "2026-09-25T09:53:22.000000", "updated_at": "2026-09-25T09:53:26.000000", "name": "tempest-VolumesDeleteCascade-Volume-1396893735", "description": null, "volume_type": "arcusfc1", "snapshot_id": null, "source_volid": null, "metadata": {}, "links": [{"rel": "self", "href": "http://10.132.239.110/volume/v3/volumes/562cebe3-533a-45e6-922b-3d404b863af1"}, {"rel": "bookmark", "href": "http://10.132.239.110/volume/volumes/562cebe3-533a-45e6-922b-3d404b863af1"}], "user_id": "16783d7c80c64e54afe935a0d27fa174", "bootable": "false", "encrypted": false, "replication_status": null, "consistencygroup_id": null, "multiattach": false, "attachments": [], "os-vol-tenant-attr:tenant_id": "234aae29f86546a2963cb3339c28a9c1"}}'
2026-09-25 09:53:50,185 3735175 INFO     [tempest.lib.common.rest_client] Request (VolumesDeleteCascade:test_volume_from_snapshot_cascade_delete): 200 GET http://10.132.239.110/volume/v3/volumes/562cebe3-533a-45e6-922b-3d404b863af1 0.062s
2026-09-25 09:53:50,186 3735175 DEBUG    [tempest.lib.common.rest_client] Request - Headers: {'Content-Type': 'application/json', 'Accept': 'application/json', 'X-Auth-Token': '<omitted>'}
        Body: None
    Response - Headers: {'date': 'Fri, 25 Sep 2026 09:53:50 GMT', 'server': 'Apache/2.4.58 (Ubuntu)', 'content-type': 'application/json', 'x-compute-request-id': 'req-78749580-5038-4330-929a-b2a292c74d02', 'content-length': '849', 'openstack-api-version': 'volume 3.0', 'vary': 'OpenStack-API-Version', 'x-openstack-request-id': 'req-78749580-5038-4330-929a-b2a292c74d02', 'connection': 'close', 'status': '200', 'content-location': 'http://10.132.239.110/volume/v3/volumes/562cebe3-533a-45e6-922b-3d404b863af1'}
        Body: b'{"volume": {"id": "562cebe3-533a-45e6-922b-3d404b863af1", "status": "deleting", "size": 1, "availability_zone": "nova", "created_at": "2026-09-25T09:53:22.000000", "updated_at": "2026-09-25T09:53:26.000000", "name": "tempest-VolumesDeleteCascade-Volume-1396893735", "description": null, "volume_type": "arcusfc1", "snapshot_id": null, "source_volid": null, "metadata": {}, "links": [{"rel": "self", "href": "http://10.132.239.110/volume/v3/volumes/562cebe3-533a-45e6-922b-3d404b863af1"}, {"rel": "bookmark", "href": "http://10.132.239.110/volume/volumes/562cebe3-533a-45e6-922b-3d404b863af1"}], "user_id": "16783d7c80c64e54afe935a0d27fa174", "bootable": "false", "encrypted": false, "replication_status": null, "consistencygroup_id": null, "multiattach": false, "attachments": [], "os-vol-tenant-attr:tenant_id": "234aae29f86546a2963cb3339c28a9c1"}}'
2026-09-25 09:53:51,250 3735175 INFO     [tempest.lib.common.rest_client] Request (VolumesDeleteCascade:test_volume_from_snapshot_cascade_delete): 200 GET http://10.132.239.110/volume/v3/volumes/562cebe3-533a-45e6-922b-3d404b863af1 0.047s
2026-09-25 09:53:51,251 3735175 DEBUG    [tempest.lib.common.rest_client] Request - Headers: {'Content-Type': 'application/json', 'Accept': 'application/json', 'X-Auth-Token': '<omitted>'}
        Body: None
    Response - Headers: {'date': 'Fri, 25 Sep 2026 09:53:51 GMT', 'server': 'Apache/2.4.58 (Ubuntu)', 'content-type': 'application/json', 'x-compute-request-id': 'req-46c804f4-7247-42c1-a603-0321445dff44', 'content-length': '849', 'openstack-api-version': 'volume 3.0', 'vary': 'OpenStack-API-Version', 'x-openstack-request-id': 'req-46c804f4-7247-42c1-a603-0321445dff44', 'connection': 'close', 'status': '200', 'content-location': 'http://10.132.239.110/volume/v3/volumes/562cebe3-533a-45e6-922b-3d404b863af1'}
        Body: b'{"volume": {"id": "562cebe3-533a-45e6-92
    2b-3d404b863af1", "status": "deleting", "size": 1, "availability_zone": "nova", "created_at": "2026-09-25T09:53:22.000000", "updated_at": "2026-09-25T09:53:26.000000", "name": "tempest-VolumesDeleteCascade-Volume-1396893735", "description": null, "volume_type": "arcusfc1", "snapshot_id": null, "source_volid": null, "metadata": {}, "links": [{"rel": "self", "href": "http://10.132.239.110/volume/v3/volumes/562cebe3-533a-45e6-922b-3d404b863af1"}, {"rel": "bookmark", "href": "http://10.132.239.110/volume/volumes/562cebe3-533a-45e6-922b-3d404b863af1"}], "user_id": "16783d7c80c64e54afe935a0d27fa174", "bootable": "false", "encrypted": false, "replication_status": null, "consistencygroup_id": null, "multiattach": false, "attachments": [], "os-vol-tenant-attr:tenant_id": "234aae29f86546a2963cb3339c28a9c1"}}'
2026-09-25 09:53:52,330 3735175 INFO     [tempest.lib.common.rest_client] Request (VolumesDeleteCascade:test_volume_from_snapshot_cascade_delete): 200 GET http://10.132.239.110/volume/v3/volumes/562cebe3-533a-45e6-922b-3d404b863af1 0.058s
2026-09-25 09:53:52,331 3735175 DEBUG    [tempest.lib.common.rest_client] Request - Headers: {'Content-Type': 'application/json', 'Accept': 'application/json', 'X-Auth-Token': '<omitted>'}
        Body: None
    Response - Headers: {'date': 'Fri, 25 Sep 2026 09:53:52 GMT', 'server': 'Apache/2.4.58 (Ubuntu)', 'content-type': 'application/json', 'x-compute-request-id': 'req-00a804e5-da70-40cd-aa33-8142376e25d8', 'content-length': '849', 'openstack-api-version': 'volume 3.0', 'vary': 'OpenStack-API-Version', 'x-openstack-request-id': 'req-00a804e5-da70-40cd-aa33-8142376e25d8', 'connection': 'close', 'status': '200', 'content-location': 'http://10.132.239.110/volume/v3/volumes/562cebe3-533a-45e6-922b-3d404b863af1'}
        Body: b'{"volume": {"id": "562cebe3-533a-45e6-922b-3d404b863af1", "status": "deleting", "size": 1, "availability_zone": "nova", "created_at": "2026-09-25T09:53:22.000000", "updated_at": "2026-09-25T09:53:26.000000", "name": "tempest-VolumesDeleteCascade-Volume-1396893735", "description": null, "volume_type": "arcusfc1", "snapshot_id": null, "source_volid": null, "metadata": {}, "links": [{"rel": "self", "href": "http://10.132.239.110/volume/v3/volumes/562cebe3-533a-45e6-922b-3d404b863af1"}, {"rel": "bookmark", "href": "http://10.132.239.110/volume/volumes/562cebe3-533a-45e6-922b-3d404b863af1"}], "user_id": "16783d7c80c64e54afe935a0d27fa174", "bootable": "false", "encrypted": false, "replication_status": null, "consistencygroup_id": null, "multiattach": false, "attachments": [], "os-vol-tenant-attr:tenant_id": "234aae29f86546a2963cb3339c28a9c1"}}'
2026-09-25 09:53:53,417 3735175 INFO     [tempest.lib.common.rest_client] Request (VolumesDeleteCascade:test_volume_from_snapshot_cascade_delete): 200 GET http://10.132.239.110/volume/v3/volumes/562cebe3-533a-45e6-922b-3d404b863af1 0.061s
2026-09-25 09:53:53,418 3735175 DEBUG    [tempest.lib.common.rest_client] Request - Headers: {'Content-Type': 'application/json', 'Accept': 'application/json', 'X-Auth-Token': '<omitted>'}
        Body: None
    Response - Headers: {'date': 'Fri, 25 Sep 2026 09:53:53 GMT', 'server': 'Apache/2.4.58 (Ubuntu)', 'content-type': 'application/json', 'x-compute-request-id': 'req-35580992-df63-4aa8-a542-5bf914a01c93', 'content-length': '849', 'openstack-api-version': 'volume 3.0', 'vary': 'OpenStack-API-Version', 'x-openstack-request-id': 'req-35580992-df63-4aa8-a542-5bf914a01c93', 'connection': 'close', 'status': '200', 'content-location': 'http://10.132.239.110/volume/v3/volumes/562cebe3-533a-45e6-922b-3d404b863af1'}
        Body: b'{"volume": {"id": "562cebe3-533a-45e6-922b-3d404b863af1", "status": "deleting", "size": 1, "availability_zone": "nova", "created_at": "2026-09-25T09:53:22.000000", "updated_at": "2026-09-25T09:53:26.000000", "name": "tempest-VolumesDeleteCascade-Volume-1396893735", "description": null, "volume_type": "arcusfc1", "snapshot_id": null, "source_volid": null, "metadata": {}, "links": [{"rel": "self", "href": "http://10.132.239.110/volume/v3/volumes/562cebe3-533a-45e6-922b-3d404b863a
    f1"}, {"rel": "bookmark", "href": "http://10.132.239.110/volume/volumes/562cebe3-533a-45e6-922b-3d404b863af1"}], "user_id": "16783d7c80c64e54afe935a0d27fa174", "bootable": "false", "encrypted": false, "replication_status": null, "consistencygroup_id": null, "multiattach": false, "attachments": [], "os-vol-tenant-attr:tenant_id": "234aae29f86546a2963cb3339c28a9c1"}}'
2026-09-25 09:53:54,488 3735175 INFO     [tempest.lib.common.rest_client] Request (VolumesDeleteCascade:test_volume_from_snapshot_cascade_delete): 200 GET http://10.132.239.110/volume/v3/volumes/562cebe3-533a-45e6-922b-3d404b863af1 0.054s
2026-09-25 09:53:54,488 3735175 DEBUG    [tempest.lib.common.rest_client] Request - Headers: {'Content-Type': 'application/json', 'Accept': 'application/json', 'X-Auth-Token': '<omitted>'}
        Body: None
    Response - Headers: {'date': 'Fri, 25 Sep 2026 09:53:54 GMT', 'server': 'Apache/2.4.58 (Ubuntu)', 'content-type': 'application/json', 'x-compute-request-id': 'req-058b024c-1482-4ecd-9064-b385c58e5d69', 'content-length': '849', 'openstack-api-version': 'volume 3.0', 'vary': 'OpenStack-API-Version', 'x-openstack-request-id': 'req-058b024c-1482-4ecd-9064-b385c58e5d69', 'connection': 'close', 'status': '200', 'content-location': 'http://10.132.239.110/volume/v3/volumes/562cebe3-533a-45e6-922b-3d404b863af1'}
        Body: b'{"volume": {"id": "562cebe3-533a-45e6-922b-3d404b863af1", "status": "deleting", "size": 1, "availability_zone": "nova", "created_at": "2026-09-25T09:53:22.000000", "updated_at": "2026-09-25T09:53:26.000000", "name": "tempest-VolumesDeleteCascade-Volume-1396893735", "description": null, "volume_type": "arcusfc1", "snapshot_id": null, "source_volid": null, "metadata": {}, "links": [{"rel": "self", "href": "http://10.132.239.110/volume/v3/volumes/562cebe3-533a-45e6-922b-3d404b863af1"}, {"rel": "bookmark", "href": "http://10.132.239.110/volume/volumes/562cebe3-533a-45e6-922b-3d404b863af1"}], "user_id": "16783d7c80c64e54afe935a0d27fa174", "bootable": "false", "encrypted": false, "replication_status": null, "consistencygroup_id": null, "multiattach": false, "attachments": [], "os-vol-tenant-attr:tenant_id": "234aae29f86546a2963cb3339c28a9c1"}}'
2026-09-25 09:53:55,557 3735175 INFO     [tempest.lib.common.rest_client] Request (VolumesDeleteCascade:test_volume_from_snapshot_cascade_delete): 200 GET http://10.132.239.110/volume/v3/volumes/562cebe3-533a-45e6-922b-3d404b863af1 0.051s
2026-09-25 09:53:55,557 3735175 DEBUG    [tempest.lib.common.rest_client] Request - Headers: {'Content-Type': 'application/json', 'Accept': 'application/json', 'X-Auth-Token': '<omitted>'}
        Body: None
    Response - Headers: {'date': 'Fri, 25 Sep 2026 09:53:55 GMT', 'server': 'Apache/2.4.58 (Ubuntu)', 'content-type': 'application/json', 'x-compute-request-id': 'req-13f4dd06-9293-4ff7-b3c1-7cd01a54741b', 'content-length': '849', 'openstack-api-version': 'volume 3.0', 'vary': 'OpenStack-API-Version', 'x-openstack-request-id': 'req-13f4dd06-9293-4ff7-b3c1-7cd01a54741b', 'connection': 'close', 'status': '200', 'content-location': 'http://10.132.239.110/volume/v3/volumes/562cebe3-533a-45e6-922b-3d404b863af1'}
        Body: b'{"volume": {"id": "562cebe3-533a-45e6-922b-3d404b863af1", "status": "deleting", "size": 1, "availability_zone": "nova", "created_at": "2026-09-25T09:53:22.000000", "updated_at": "2026-09-25T09:53:26.000000", "name": "tempest-VolumesDeleteCascade-Volume-1396893735", "description": null, "volume_type": "arcusfc1", "snapshot_id": null, "source_volid": null, "metadata": {}, "links": [{"rel": "self", "href": "http://10.132.239.110/volume/v3/volumes/562cebe3-533a-45e6-922b-3d404b863af1"}, {"rel": "bookmark", "href": "http://10.132.239.110/volume/volumes/562cebe3-533a-45e6-922b-3d404b863af1"}], "user_id": "16783d7c80c64e54afe935a0d27fa174", "bootable": "false", "encrypted": false, "replication_status": null, "consistencygroup_id": null, "multiattach": false, "attachments": [], "os-vol-tenant-attr:tenant_id": "234aae29f86546a2963cb3339c28a9c1"}}'
2026-09-25 09:53:56,632 3735175 INFO     [tempest.lib.common.rest_client]
     Request (VolumesDeleteCascade:test_volume_from_snapshot_cascade_delete): 200 GET http://10.132.239.110/volume/v3/volumes/562cebe3-533a-45e6-922b-3d404b863af1 0.058s
2026-09-25 09:53:56,632 3735175 DEBUG    [tempest.lib.common.rest_client] Request - Headers: {'Content-Type': 'application/json', 'Accept': 'application/json', 'X-Auth-Token': '<omitted>'}
        Body: None
    Response - Headers: {'date': 'Fri, 25 Sep 2026 09:53:56 GMT', 'server': 'Apache/2.4.58 (Ubuntu)', 'content-type': 'application/json', 'x-compute-request-id': 'req-757ea27b-721b-42bd-880a-e92caee690ec', 'content-length': '849', 'openstack-api-version': 'volume 3.0', 'vary': 'OpenStack-API-Version', 'x-openstack-request-id': 'req-757ea27b-721b-42bd-880a-e92caee690ec', 'connection': 'close', 'status': '200', 'content-location': 'http://10.132.239.110/volume/v3/volumes/562cebe3-533a-45e6-922b-3d404b863af1'}
        Body: b'{"volume": {"id": "562cebe3-533a-45e6-922b-3d404b863af1", "status": "deleting", "size": 1, "availability_zone": "nova", "created_at": "2026-09-25T09:53:22.000000", "updated_at": "2026-09-25T09:53:26.000000", "name": "tempest-VolumesDeleteCascade-Volume-1396893735", "description": null, "volume_type": "arcusfc1", "snapshot_id": null, "source_volid": null, "metadata": {}, "links": [{"rel": "self", "href": "http://10.132.239.110/volume/v3/volumes/562cebe3-533a-45e6-922b-3d404b863af1"}, {"rel": "bookmark", "href": "http://10.132.239.110/volume/volumes/562cebe3-533a-45e6-922b-3d404b863af1"}], "user_id": "16783d7c80c64e54afe935a0d27fa174", "bootable": "false", "encrypted": false, "replication_status": null, "consistencygroup_id": null, "multiattach": false, "attachments": [], "os-vol-tenant-attr:tenant_id": "234aae29f86546a2963cb3339c28a9c1"}}'
2026-09-25 09:53:57,705 3735175 INFO     [tempest.lib.common.rest_client] Request (VolumesDeleteCascade:test_volume_from_snapshot_cascade_delete): 200 GET http://10.132.239.110/volume/v3/volumes/562cebe3-533a-45e6-922b-3d404b863af1 0.057s
2026-09-25 09:53:57,705 3735175 DEBUG    [tempest.lib.common.rest_client] Request - Headers: {'Content-Type': 'application/json', 'Accept': 'application/json', 'X-Auth-Token': '<omitted>'}
        Body: None
    Response - Headers: {'date': 'Fri, 25 Sep 2026 09:53:57 GMT', 'server': 'Apache/2.4.58 (Ubuntu)', 'content-type': 'application/json', 'x-compute-request-id': 'req-b23a2303-1ef3-4124-9224-609ef295c0b0', 'content-length': '849', 'openstack-api-version': 'volume 3.0', 'vary': 'OpenStack-API-Version', 'x-openstack-request-id': 'req-b23a2303-1ef3-4124-9224-609ef295c0b0', 'connection': 'close', 'status': '200', 'content-location': 'http://10.132.239.110/volume/v3/volumes/562cebe3-533a-45e6-922b-3d404b863af1'}
        Body: b'{"volume": {"id": "562cebe3-533a-45e6-922b-3d404b863af1", "status": "deleting", "size": 1, "availability_zone": "nova", "created_at": "2026-09-25T09:53:22.000000", "updated_at": "2026-09-25T09:53:26.000000", "name": "tempest-VolumesDeleteCascade-Volume-1396893735", "description": null, "volume_type": "arcusfc1", "snapshot_id": null, "source_volid": null, "metadata": {}, "links": [{"rel": "self", "href": "http://10.132.239.110/volume/v3/volumes/562cebe3-533a-45e6-922b-3d404b863af1"}, {"rel": "bookmark", "href": "http://10.132.239.110/volume/volumes/562cebe3-533a-45e6-922b-3d404b863af1"}], "user_id": "16783d7c80c64e54afe935a0d27fa174", "bootable": "false", "encrypted": false, "replication_status": null, "consistencygroup_id": null, "multiattach": false, "attachments": [], "os-vol-tenant-attr:tenant_id": "234aae29f86546a2963cb3339c28a9c1"}}'
2026-09-25 09:53:58,779 3735175 INFO     [tempest.lib.common.rest_client] Request (VolumesDeleteCascade:test_volume_from_snapshot_cascade_delete): 200 GET http://10.132.239.110/volume/v3/volumes/562cebe3-533a-45e6-922b-3d404b863af1 0.055s
2026-09-25 09:53:58,779 3735175 DEBUG    [tempest.lib.common.rest_client] Request - Headers: {'Content-Type': 'application/json', 'Accept': 'application/json', 'X-Auth-Token': '<omitted>'}
        Body: None
    Response - Headers: {'date': 'Fri, 25 Sep 2026 09:53:58 GMT', 's
    erver': 'Apache/2.4.58 (Ubuntu)', 'content-type': 'application/json', 'x-compute-request-id': 'req-6f0203ea-6664-4a58-b260-398e515ff5dd', 'content-length': '849', 'openstack-api-version': 'volume 3.0', 'vary': 'OpenStack-API-Version', 'x-openstack-request-id': 'req-6f0203ea-6664-4a58-b260-398e515ff5dd', 'connection': 'close', 'status': '200', 'content-location': 'http://10.132.239.110/volume/v3/volumes/562cebe3-533a-45e6-922b-3d404b863af1'}
        Body: b'{"volume": {"id": "562cebe3-533a-45e6-922b-3d404b863af1", "status": "deleting", "size": 1, "availability_zone": "nova", "created_at": "2026-09-25T09:53:22.000000", "updated_at": "2026-09-25T09:53:26.000000", "name": "tempest-VolumesDeleteCascade-Volume-1396893735", "description": null, "volume_type": "arcusfc1", "snapshot_id": null, "source_volid": null, "metadata": {}, "links": [{"rel": "self", "href": "http://10.132.239.110/volume/v3/volumes/562cebe3-533a-45e6-922b-3d404b863af1"}, {"rel": "bookmark", "href": "http://10.132.239.110/volume/volumes/562cebe3-533a-45e6-922b-3d404b863af1"}], "user_id": "16783d7c80c64e54afe935a0d27fa174", "bootable": "false", "encrypted": false, "replication_status": null, "consistencygroup_id": null, "multiattach": false, "attachments": [], "os-vol-tenant-attr:tenant_id": "234aae29f86546a2963cb3339c28a9c1"}}'
2026-09-25 09:53:59,855 3735175 INFO     [tempest.lib.common.rest_client] Request (VolumesDeleteCascade:test_volume_from_snapshot_cascade_delete): 200 GET http://10.132.239.110/volume/v3/volumes/562cebe3-533a-45e6-922b-3d404b863af1 0.060s
2026-09-25 09:53:59,855 3735175 DEBUG    [tempest.lib.common.rest_client] Request - Headers: {'Content-Type': 'application/json', 'Accept': 'application/json', 'X-Auth-Token': '<omitted>'}
        Body: None
    Response - Headers: {'date': 'Fri, 25 Sep 2026 09:53:59 GMT', 'server': 'Apache/2.4.58 (Ubuntu)', 'content-type': 'application/json', 'x-compute-request-id': 'req-81d591eb-c82b-4f50-9d73-5a8936ed0524', 'content-length': '849', 'openstack-api-version': 'volume 3.0', 'vary': 'OpenStack-API-Version', 'x-openstack-request-id': 'req-81d591eb-c82b-4f50-9d73-5a8936ed0524', 'connection': 'close', 'status': '200', 'content-location': 'http://10.132.239.110/volume/v3/volumes/562cebe3-533a-45e6-922b-3d404b863af1'}
        Body: b'{"volume": {"id": "562cebe3-533a-45e6-922b-3d404b863af1", "status": "deleting", "size": 1, "availability_zone": "nova", "created_at": "2026-09-25T09:53:22.000000", "updated_at": "2026-09-25T09:53:26.000000", "name": "tempest-VolumesDeleteCascade-Volume-1396893735", "description": null, "volume_type": "arcusfc1", "snapshot_id": null, "source_volid": null, "metadata": {}, "links": [{"rel": "self", "href": "http://10.132.239.110/volume/v3/volumes/562cebe3-533a-45e6-922b-3d404b863af1"}, {"rel": "bookmark", "href": "http://10.132.239.110/volume/volumes/562cebe3-533a-45e6-922b-3d404b863af1"}], "user_id": "16783d7c80c64e54afe935a0d27fa174", "bootable": "false", "encrypted": false, "replication_status": null, "consistencygroup_id": null, "multiattach": false, "attachments": [], "os-vol-tenant-attr:tenant_id": "234aae29f86546a2963cb3339c28a9c1"}}'
2026-09-25 09:54:00,928 3735175 INFO     [tempest.lib.common.rest_client] Request (VolumesDeleteCascade:test_volume_from_snapshot_cascade_delete): 200 GET http://10.132.239.110/volume/v3/volumes/562cebe3-533a-45e6-922b-3d404b863af1 0.056s
2026-09-25 09:54:00,929 3735175 DEBUG    [tempest.lib.common.rest_client] Request - Headers: {'Content-Type': 'application/json', 'Accept': 'application/json', 'X-Auth-Token': '<omitted>'}
        Body: None
    Response - Headers: {'date': 'Fri, 25 Sep 2026 09:54:00 GMT', 'server': 'Apache/2.4.58 (Ubuntu)', 'content-type': 'application/json', 'x-compute-request-id': 'req-9a750fab-37cc-4b17-a189-628135213551', 'content-length': '849', 'openstack-api-version': 'volume 3.0', 'vary': 'OpenStack-API-Version', 'x-openstack-request-id': 'req-9a750fab-37cc-4b17-a189-628135213551', 'connection': 'close', 'status': '200', 'content-location': 'http://10.132.239.110/volume/v3/volumes/562cebe3-533a-45e6-922b-3d404b863af1
    '}
        Body: b'{"volume": {"id": "562cebe3-533a-45e6-922b-3d404b863af1", "status": "deleting", "size": 1, "availability_zone": "nova", "created_at": "2026-09-25T09:53:22.000000", "updated_at": "2026-09-25T09:53:26.000000", "name": "tempest-VolumesDeleteCascade-Volume-1396893735", "description": null, "volume_type": "arcusfc1", "snapshot_id": null, "source_volid": null, "metadata": {}, "links": [{"rel": "self", "href": "http://10.132.239.110/volume/v3/volumes/562cebe3-533a-45e6-922b-3d404b863af1"}, {"rel": "bookmark", "href": "http://10.132.239.110/volume/volumes/562cebe3-533a-45e6-922b-3d404b863af1"}], "user_id": "16783d7c80c64e54afe935a0d27fa174", "bootable": "false", "encrypted": false, "replication_status": null, "consistencygroup_id": null, "multiattach": false, "attachments": [], "os-vol-tenant-attr:tenant_id": "234aae29f86546a2963cb3339c28a9c1"}}'
2026-09-25 09:54:02,013 3735175 INFO     [tempest.lib.common.rest_client] Request (VolumesDeleteCascade:test_volume_from_snapshot_cascade_delete): 200 GET http://10.132.239.110/volume/v3/volumes/562cebe3-533a-45e6-922b-3d404b863af1 0.068s
2026-09-25 09:54:02,013 3735175 DEBUG    [tempest.lib.common.rest_client] Request - Headers: {'Content-Type': 'application/json', 'Accept': 'application/json', 'X-Auth-Token': '<omitted>'}
        Body: None
    Response - Headers: {'date': 'Fri, 25 Sep 2026 09:54:01 GMT', 'server': 'Apache/2.4.58 (Ubuntu)', 'content-type': 'application/json', 'x-compute-request-id': 'req-e2b8f60e-6faf-4173-82d2-c9e3e671a348', 'content-length': '849', 'openstack-api-version': 'volume 3.0', 'vary': 'OpenStack-API-Version', 'x-openstack-request-id': 'req-e2b8f60e-6faf-4173-82d2-c9e3e671a348', 'connection': 'close', 'status': '200', 'content-location': 'http://10.132.239.110/volume/v3/volumes/562cebe3-533a-45e6-922b-3d404b863af1'}
        Body: b'{"volume": {"id": "562cebe3-533a-45e6-922b-3d404b863af1", "status": "deleting", "size": 1, "availability_zone": "nova", "created_at": "2026-09-25T09:53:22.000000", "updated_at": "2026-09-25T09:53:26.000000", "name": "tempest-VolumesDeleteCascade-Volume-1396893735", "description": null, "volume_type": "arcusfc1", "snapshot_id": null, "source_volid": null, "metadata": {}, "links": [{"rel": "self", "href": "http://10.132.239.110/volume/v3/volumes/562cebe3-533a-45e6-922b-3d404b863af1"}, {"rel": "bookmark", "href": "http://10.132.239.110/volume/volumes/562cebe3-533a-45e6-922b-3d404b863af1"}], "user_id": "16783d7c80c64e54afe935a0d27fa174", "bootable": "false", "encrypted": false, "replication_status": null, "consistencygroup_id": null, "multiattach": false, "attachments": [], "os-vol-tenant-attr:tenant_id": "234aae29f86546a2963cb3339c28a9c1"}}'
2026-09-25 09:54:03,089 3735175 INFO     [tempest.lib.common.rest_client] Request (VolumesDeleteCascade:test_volume_from_snapshot_cascade_delete): 200 GET http://10.132.239.110/volume/v3/volumes/562cebe3-533a-45e6-922b-3d404b863af1 0.060s
2026-09-25 09:54:03,090 3735175 DEBUG    [tempest.lib.common.rest_client] Request - Headers: {'Content-Type': 'application/json', 'Accept': 'application/json', 'X-Auth-Token': '<omitted>'}
        Body: None
    Response - Headers: {'date': 'Fri, 25 Sep 2026 09:54:03 GMT', 'server': 'Apache/2.4.58 (Ubuntu)', 'content-type': 'application/json', 'x-compute-request-id': 'req-c1d8c032-163e-4934-b13f-3b03346b7031', 'content-length': '849', 'openstack-api-version': 'volume 3.0', 'vary': 'OpenStack-API-Version', 'x-openstack-request-id': 'req-c1d8c032-163e-4934-b13f-3b03346b7031', 'connection': 'close', 'status': '200', 'content-location': 'http://10.132.239.110/volume/v3/volumes/562cebe3-533a-45e6-922b-3d404b863af1'}
        Body: b'{"volume": {"id": "562cebe3-533a-45e6-922b-3d404b863af1", "status": "deleting", "size": 1, "availability_zone": "nova", "created_at": "2026-09-25T09:53:22.000000", "updated_at": "2026-09-25T09:53:26.000000", "name": "tempest-VolumesDeleteCascade-Volume-1396893735", "description": null, "volume_type": "arcusfc1", "snapshot_id": null, "source_volid": null, "metadata": {}, "links": [{"rel": "self", "href": "http://10.132.2
    39.110/volume/v3/volumes/562cebe3-533a-45e6-922b-3d404b863af1"}, {"rel": "bookmark", "href": "http://10.132.239.110/volume/volumes/562cebe3-533a-45e6-922b-3d404b863af1"}], "user_id": "16783d7c80c64e54afe935a0d27fa174", "bootable": "false", "encrypted": false, "replication_status": null, "consistencygroup_id": null, "multiattach": false, "attachments": [], "os-vol-tenant-attr:tenant_id": "234aae29f86546a2963cb3339c28a9c1"}}'
2026-09-25 09:54:04,173 3735175 INFO     [tempest.lib.common.rest_client] Request (VolumesDeleteCascade:test_volume_from_snapshot_cascade_delete): 200 GET http://10.132.239.110/volume/v3/volumes/562cebe3-533a-45e6-922b-3d404b863af1 0.067s
2026-09-25 09:54:04,174 3735175 DEBUG    [tempest.lib.common.rest_client] Request - Headers: {'Content-Type': 'application/json', 'Accept': 'application/json', 'X-Auth-Token': '<omitted>'}
        Body: None
    Response - Headers: {'date': 'Fri, 25 Sep 2026 09:54:04 GMT', 'server': 'Apache/2.4.58 (Ubuntu)', 'content-type': 'application/json', 'x-compute-request-id': 'req-4db534f8-5b3f-4fb6-b613-f565900cafac', 'content-length': '849', 'openstack-api-version': 'volume 3.0', 'vary': 'OpenStack-API-Version', 'x-openstack-request-id': 'req-4db534f8-5b3f-4fb6-b613-f565900cafac', 'connection': 'close', 'status': '200', 'content-location': 'http://10.132.239.110/volume/v3/volumes/562cebe3-533a-45e6-922b-3d404b863af1'}
        Body: b'{"volume": {"id": "562cebe3-533a-45e6-922b-3d404b863af1", "status": "deleting", "size": 1, "availability_zone": "nova", "created_at": "2026-09-25T09:53:22.000000", "updated_at": "2026-09-25T09:53:26.000000", "name": "tempest-VolumesDeleteCascade-Volume-1396893735", "description": null, "volume_type": "arcusfc1", "snapshot_id": null, "source_volid": null, "metadata": {}, "links": [{"rel": "self", "href": "http://10.132.239.110/volume/v3/volumes/562cebe3-533a-45e6-922b-3d404b863af1"}, {"rel": "bookmark", "href": "http://10.132.239.110/volume/volumes/562cebe3-533a-45e6-922b-3d404b863af1"}], "user_id": "16783d7c80c64e54afe935a0d27fa174", "bootable": "false", "encrypted": false, "replication_status": null, "consistencygroup_id": null, "multiattach": false, "attachments": [], "os-vol-tenant-attr:tenant_id": "234aae29f86546a2963cb3339c28a9c1"}}'
2026-09-25 09:54:05,249 3735175 INFO     [tempest.lib.common.rest_client] Request (VolumesDeleteCascade:test_volume_from_snapshot_cascade_delete): 200 GET http://10.132.239.110/volume/v3/volumes/562cebe3-533a-45e6-922b-3d404b863af1 0.053s
2026-09-25 09:54:05,249 3735175 DEBUG    [tempest.lib.common.rest_client] Request - Headers: {'Content-Type': 'application/json', 'Accept': 'application/json', 'X-Auth-Token': '<omitted>'}
        Body: None
    Response - Headers: {'date': 'Fri, 25 Sep 2026 09:54:05 GMT', 'server': 'Apache/2.4.58 (Ubuntu)', 'content-type': 'application/json', 'x-compute-request-id': 'req-ee07a5e1-c99e-46f0-94c8-b8ca0ccbdf5b', 'content-length': '849', 'openstack-api-version': 'volume 3.0', 'vary': 'OpenStack-API-Version', 'x-openstack-request-id': 'req-ee07a5e1-c99e-46f0-94c8-b8ca0ccbdf5b', 'connection': 'close', 'status': '200', 'content-location': 'http://10.132.239.110/volume/v3/volumes/562cebe3-533a-45e6-922b-3d404b863af1'}
        Body: b'{"volume": {"id": "562cebe3-533a-45e6-922b-3d404b863af1", "status": "deleting", "size": 1, "availability_zone": "nova", "created_at": "2026-09-25T09:53:22.000000", "updated_at": "2026-09-25T09:53:26.000000", "name": "tempest-VolumesDeleteCascade-Volume-1396893735", "description": null, "volume_type": "arcusfc1", "snapshot_id": null, "source_volid": null, "metadata": {}, "links": [{"rel": "self", "href": "http://10.132.239.110/volume/v3/volumes/562cebe3-533a-45e6-922b-3d404b863af1"}, {"rel": "bookmark", "href": "http://10.132.239.110/volume/volumes/562cebe3-533a-45e6-922b-3d404b863af1"}], "user_id": "16783d7c80c64e54afe935a0d27fa174", "bootable": "false", "encrypted": false, "replication_status": null, "consistencygroup_id": null, "multiattach": false, "attachments": [], "os-vol-tenant-attr:tenant_id": "234aae29f86546a2963cb3339c28a9c1"}}'
2026-09-25 09:
    54:06,322 3735175 INFO     [tempest.lib.common.rest_client] Request (VolumesDeleteCascade:test_volume_from_snapshot_cascade_delete): 200 GET http://10.132.239.110/volume/v3/volumes/562cebe3-533a-45e6-922b-3d404b863af1 0.057s
2026-09-25 09:54:06,322 3735175 DEBUG    [tempest.lib.common.rest_client] Request - Headers: {'Content-Type': 'application/json', 'Accept': 'application/json', 'X-Auth-Token': '<omitted>'}
        Body: None
    Response - Headers: {'date': 'Fri, 25 Sep 2026 09:54:06 GMT', 'server': 'Apache/2.4.58 (Ubuntu)', 'content-type': 'application/json', 'x-compute-request-id': 'req-b07d8bd4-ea80-4ec9-b879-1d382c260d4b', 'content-length': '849', 'openstack-api-version': 'volume 3.0', 'vary': 'OpenStack-API-Version', 'x-openstack-request-id': 'req-b07d8bd4-ea80-4ec9-b879-1d382c260d4b', 'connection': 'close', 'status': '200', 'content-location': 'http://10.132.239.110/volume/v3/volumes/562cebe3-533a-45e6-922b-3d404b863af1'}
        Body: b'{"volume": {"id": "562cebe3-533a-45e6-922b-3d404b863af1", "status": "deleting", "size": 1, "availability_zone": "nova", "created_at": "2026-09-25T09:53:22.000000", "updated_at": "2026-09-25T09:53:26.000000", "name": "tempest-VolumesDeleteCascade-Volume-1396893735", "description": null, "volume_type": "arcusfc1", "snapshot_id": null, "source_volid": null, "metadata": {}, "links": [{"rel": "self", "href": "http://10.132.239.110/volume/v3/volumes/562cebe3-533a-45e6-922b-3d404b863af1"}, {"rel": "bookmark", "href": "http://10.132.239.110/volume/volumes/562cebe3-533a-45e6-922b-3d404b863af1"}], "user_id": "16783d7c80c64e54afe935a0d27fa174", "bootable": "false", "encrypted": false, "replication_status": null, "consistencygroup_id": null, "multiattach": false, "attachments": [], "os-vol-tenant-attr:tenant_id": "234aae29f86546a2963cb3339c28a9c1"}}'
2026-09-25 09:54:07,390 3735175 INFO     [tempest.lib.common.rest_client] Request (VolumesDeleteCascade:test_volume_from_snapshot_cascade_delete): 200 GET http://10.132.239.110/volume/v3/volumes/562cebe3-533a-45e6-922b-3d404b863af1 0.051s
2026-09-25 09:54:07,390 3735175 DEBUG    [tempest.lib.common.rest_client] Request - Headers: {'Content-Type': 'application/json', 'Accept': 'application/json', 'X-Auth-Token': '<omitted>'}
        Body: None
    Response - Headers: {'date': 'Fri, 25 Sep 2026 09:54:07 GMT', 'server': 'Apache/2.4.58 (Ubuntu)', 'content-type': 'application/json', 'x-compute-request-id': 'req-1be76275-ae4a-4bbd-b46b-06fe78f254f7', 'content-length': '849', 'openstack-api-version': 'volume 3.0', 'vary': 'OpenStack-API-Version', 'x-openstack-request-id': 'req-1be76275-ae4a-4bbd-b46b-06fe78f254f7', 'connection': 'close', 'status': '200', 'content-location': 'http://10.132.239.110/volume/v3/volumes/562cebe3-533a-45e6-922b-3d404b863af1'}
        Body: b'{"volume": {"id": "562cebe3-533a-45e6-922b-3d404b863af1", "status": "deleting", "size": 1, "availability_zone": "nova", "created_at": "2026-09-25T09:53:22.000000", "updated_at": "2026-09-25T09:53:26.000000", "name": "tempest-VolumesDeleteCascade-Volume-1396893735", "description": null, "volume_type": "arcusfc1", "snapshot_id": null, "source_volid": null, "metadata": {}, "links": [{"rel": "self", "href": "http://10.132.239.110/volume/v3/volumes/562cebe3-533a-45e6-922b-3d404b863af1"}, {"rel": "bookmark", "href": "http://10.132.239.110/volume/volumes/562cebe3-533a-45e6-922b-3d404b863af1"}], "user_id": "16783d7c80c64e54afe935a0d27fa174", "bootable": "false", "encrypted": false, "replication_status": null, "consistencygroup_id": null, "multiattach": false, "attachments": [], "os-vol-tenant-attr:tenant_id": "234aae29f86546a2963cb3339c28a9c1"}}'
2026-09-25 09:54:08,463 3735175 INFO     [tempest.lib.common.rest_client] Request (VolumesDeleteCascade:test_volume_from_snapshot_cascade_delete): 200 GET http://10.132.239.110/volume/v3/volumes/562cebe3-533a-45e6-922b-3d404b863af1 0.055s
2026-09-25 09:54:08,464 3735175 DEBUG    [tempest.lib.common.rest_client] Request - Headers: {'Content-Type': 'application/json', 'Accept': 'application/json', 'X-Auth-Token': '<omitted>'}
        Body: None
    Respo
    nse - Headers: {'date': 'Fri, 25 Sep 2026 09:54:08 GMT', 'server': 'Apache/2.4.58 (Ubuntu)', 'content-type': 'application/json', 'x-compute-request-id': 'req-f42964ff-3b4a-4142-bb67-250c277c4a24', 'content-length': '849', 'openstack-api-version': 'volume 3.0', 'vary': 'OpenStack-API-Version', 'x-openstack-request-id': 'req-f42964ff-3b4a-4142-bb67-250c277c4a24', 'connection': 'close', 'status': '200', 'content-location': 'http://10.132.239.110/volume/v3/volumes/562cebe3-533a-45e6-922b-3d404b863af1'}
        Body: b'{"volume": {"id": "562cebe3-533a-45e6-922b-3d404b863af1", "status": "deleting", "size": 1, "availability_zone": "nova", "created_at": "2026-09-25T09:53:22.000000", "updated_at": "2026-09-25T09:53:26.000000", "name": "tempest-VolumesDeleteCascade-Volume-1396893735", "description": null, "volume_type": "arcusfc1", "snapshot_id": null, "source_volid": null, "metadata": {}, "links": [{"rel": "self", "href": "http://10.132.239.110/volume/v3/volumes/562cebe3-533a-45e6-922b-3d404b863af1"}, {"rel": "bookmark", "href": "http://10.132.239.110/volume/volumes/562cebe3-533a-45e6-922b-3d404b863af1"}], "user_id": "16783d7c80c64e54afe935a0d27fa174", "bootable": "false", "encrypted": false, "replication_status": null, "consistencygroup_id": null, "multiattach": false, "attachments": [], "os-vol-tenant-attr:tenant_id": "234aae29f86546a2963cb3339c28a9c1"}}'
2026-09-25 09:54:09,537 3735175 INFO     [tempest.lib.common.rest_client] Request (VolumesDeleteCascade:test_volume_from_snapshot_cascade_delete): 200 GET http://10.132.239.110/volume/v3/volumes/562cebe3-533a-45e6-922b-3d404b863af1 0.056s
2026-09-25 09:54:09,538 3735175 DEBUG    [tempest.lib.common.rest_client] Request - Headers: {'Content-Type': 'application/json', 'Accept': 'application/json', 'X-Auth-Token': '<omitted>'}
        Body: None
    Response - Headers: {'date': 'Fri, 25 Sep 2026 09:54:09 GMT', 'server': 'Apache/2.4.58 (Ubuntu)', 'content-type': 'application/json', 'x-compute-request-id': 'req-604516d1-9bdc-41a8-94e1-cfc019ebe576', 'content-length': '849', 'openstack-api-version': 'volume 3.0', 'vary': 'OpenStack-API-Version', 'x-openstack-request-id': 'req-604516d1-9bdc-41a8-94e1-cfc019ebe576', 'connection': 'close', 'status': '200', 'content-location': 'http://10.132.239.110/volume/v3/volumes/562cebe3-533a-45e6-922b-3d404b863af1'}
        Body: b'{"volume": {"id": "562cebe3-533a-45e6-922b-3d404b863af1", "status": "deleting", "size": 1, "availability_zone": "nova", "created_at": "2026-09-25T09:53:22.000000", "updated_at": "2026-09-25T09:53:26.000000", "name": "tempest-VolumesDeleteCascade-Volume-1396893735", "description": null, "volume_type": "arcusfc1", "snapshot_id": null, "source_volid": null, "metadata": {}, "links": [{"rel": "self", "href": "http://10.132.239.110/volume/v3/volumes/562cebe3-533a-45e6-922b-3d404b863af1"}, {"rel": "bookmark", "href": "http://10.132.239.110/volume/volumes/562cebe3-533a-45e6-922b-3d404b863af1"}], "user_id": "16783d7c80c64e54afe935a0d27fa174", "bootable": "false", "encrypted": false, "replication_status": null, "consistencygroup_id": null, "multiattach": false, "attachments": [], "os-vol-tenant-attr:tenant_id": "234aae29f86546a2963cb3339c28a9c1"}}'
2026-09-25 09:54:10,608 3735175 INFO     [tempest.lib.common.rest_client] Request (VolumesDeleteCascade:test_volume_from_snapshot_cascade_delete): 200 GET http://10.132.239.110/volume/v3/volumes/562cebe3-533a-45e6-922b-3d404b863af1 0.054s
2026-09-25 09:54:10,608 3735175 DEBUG    [tempest.lib.common.rest_client] Request - Headers: {'Content-Type': 'application/json', 'Accept': 'application/json', 'X-Auth-Token': '<omitted>'}
        Body: None
    Response - Headers: {'date': 'Fri, 25 Sep 2026 09:54:10 GMT', 'server': 'Apache/2.4.58 (Ubuntu)', 'content-type': 'application/json', 'x-compute-request-id': 'req-edf4455c-5a5d-41b2-b3fd-c9ac5cdfd62d', 'content-length': '849', 'openstack-api-version': 'volume 3.0', 'vary': 'OpenStack-API-Version', 'x-openstack-request-id': 'req-edf4455c-5a5d-41b2-b3fd-c9ac5cdfd62d', 'connection': 'close', 'status': '200', 'content-location': 'http://10.132.239
    .110/volume/v3/volumes/562cebe3-533a-45e6-922b-3d404b863af1'}
        Body: b'{"volume": {"id": "562cebe3-533a-45e6-922b-3d404b863af1", "status": "deleting", "size": 1, "availability_zone": "nova", "created_at": "2026-09-25T09:53:22.000000", "updated_at": "2026-09-25T09:53:26.000000", "name": "tempest-VolumesDeleteCascade-Volume-1396893735", "description": null, "volume_type": "arcusfc1", "snapshot_id": null, "source_volid": null, "metadata": {}, "links": [{"rel": "self", "href": "http://10.132.239.110/volume/v3/volumes/562cebe3-533a-45e6-922b-3d404b863af1"}, {"rel": "bookmark", "href": "http://10.132.239.110/volume/volumes/562cebe3-533a-45e6-922b-3d404b863af1"}], "user_id": "16783d7c80c64e54afe935a0d27fa174", "bootable": "false", "encrypted": false, "replication_status": null, "consistencygroup_id": null, "multiattach": false, "attachments": [], "os-vol-tenant-attr:tenant_id": "234aae29f86546a2963cb3339c28a9c1"}}'
2026-09-25 09:54:11,676 3735175 INFO     [tempest.lib.common.rest_client] Request (VolumesDeleteCascade:test_volume_from_snapshot_cascade_delete): 200 GET http://10.132.239.110/volume/v3/volumes/562cebe3-533a-45e6-922b-3d404b863af1 0.051s
2026-09-25 09:54:11,676 3735175 DEBUG    [tempest.lib.common.rest_client] Request - Headers: {'Content-Type': 'application/json', 'Accept': 'application/json', 'X-Auth-Token': '<omitted>'}
        Body: None
    Response - Headers: {'date': 'Fri, 25 Sep 2026 09:54:11 GMT', 'server': 'Apache/2.4.58 (Ubuntu)', 'content-type': 'application/json', 'x-compute-request-id': 'req-970e6166-38b1-44e4-a31b-7d27fcb1f98d', 'content-length': '849', 'openstack-api-version': 'volume 3.0', 'vary': 'OpenStack-API-Version', 'x-openstack-request-id': 'req-970e6166-38b1-44e4-a31b-7d27fcb1f98d', 'connection': 'close', 'status': '200', 'content-location': 'http://10.132.239.110/volume/v3/volumes/562cebe3-533a-45e6-922b-3d404b863af1'}
        Body: b'{"volume": {"id": "562cebe3-533a-45e6-922b-3d404b863af1", "status": "deleting", "size": 1, "availability_zone": "nova", "created_at": "2026-09-25T09:53:22.000000", "updated_at": "2026-09-25T09:53:26.000000", "name": "tempest-VolumesDeleteCascade-Volume-1396893735", "description": null, "volume_type": "arcusfc1", "snapshot_id": null, "source_volid": null, "metadata": {}, "links": [{"rel": "self", "href": "http://10.132.239.110/volume/v3/volumes/562cebe3-533a-45e6-922b-3d404b863af1"}, {"rel": "bookmark", "href": "http://10.132.239.110/volume/volumes/562cebe3-533a-45e6-922b-3d404b863af1"}], "user_id": "16783d7c80c64e54afe935a0d27fa174", "bootable": "false", "encrypted": false, "replication_status": null, "consistencygroup_id": null, "multiattach": false, "attachments": [], "os-vol-tenant-attr:tenant_id": "234aae29f86546a2963cb3339c28a9c1"}}'
2026-09-25 09:54:12,747 3735175 INFO     [tempest.lib.common.rest_client] Request (VolumesDeleteCascade:test_volume_from_snapshot_cascade_delete): 200 GET http://10.132.239.110/volume/v3/volumes/562cebe3-533a-45e6-922b-3d404b863af1 0.053s
2026-09-25 09:54:12,747 3735175 DEBUG    [tempest.lib.common.rest_client] Request - Headers: {'Content-Type': 'application/json', 'Accept': 'application/json', 'X-Auth-Token': '<omitted>'}
        Body: None
    Response - Headers: {'date': 'Fri, 25 Sep 2026 09:54:12 GMT', 'server': 'Apache/2.4.58 (Ubuntu)', 'content-type': 'application/json', 'x-compute-request-id': 'req-59109509-5055-4dea-803e-3e0beacc309c', 'content-length': '849', 'openstack-api-version': 'volume 3.0', 'vary': 'OpenStack-API-Version', 'x-openstack-request-id': 'req-59109509-5055-4dea-803e-3e0beacc309c', 'connection': 'close', 'status': '200', 'content-location': 'http://10.132.239.110/volume/v3/volumes/562cebe3-533a-45e6-922b-3d404b863af1'}
        Body: b'{"volume": {"id": "562cebe3-533a-45e6-922b-3d404b863af1", "status": "deleting", "size": 1, "availability_zone": "nova", "created_at": "2026-09-25T09:53:22.000000", "updated_at": "2026-09-25T09:53:26.000000", "name": "tempest-VolumesDeleteCascade-Volume-1396893735", "description": null, "volume_type": "arcusfc1", "snapshot_id": null, "source_volid": null, "metada
    ta": {}, "links": [{"rel": "self", "href": "http://10.132.239.110/volume/v3/volumes/562cebe3-533a-45e6-922b-3d404b863af1"}, {"rel": "bookmark", "href": "http://10.132.239.110/volume/volumes/562cebe3-533a-45e6-922b-3d404b863af1"}], "user_id": "16783d7c80c64e54afe935a0d27fa174", "bootable": "false", "encrypted": false, "replication_status": null, "consistencygroup_id": null, "multiattach": false, "attachments": [], "os-vol-tenant-attr:tenant_id": "234aae29f86546a2963cb3339c28a9c1"}}'
2026-09-25 09:54:13,823 3735175 INFO     [tempest.lib.common.rest_client] Request (VolumesDeleteCascade:test_volume_from_snapshot_cascade_delete): 200 GET http://10.132.239.110/volume/v3/volumes/562cebe3-533a-45e6-922b-3d404b863af1 0.060s
2026-09-25 09:54:13,823 3735175 DEBUG    [tempest.lib.common.rest_client] Request - Headers: {'Content-Type': 'application/json', 'Accept': 'application/json', 'X-Auth-Token': '<omitted>'}
        Body: None
    Response - Headers: {'date': 'Fri, 25 Sep 2026 09:54:13 GMT', 'server': 'Apache/2.4.58 (Ubuntu)', 'content-type': 'application/json', 'x-compute-request-id': 'req-c9235faa-ddce-46d7-a0bb-d6d7e2f2b416', 'content-length': '849', 'openstack-api-version': 'volume 3.0', 'vary': 'OpenStack-API-Version', 'x-openstack-request-id': 'req-c9235faa-ddce-46d7-a0bb-d6d7e2f2b416', 'connection': 'close', 'status': '200', 'content-location': 'http://10.132.239.110/volume/v3/volumes/562cebe3-533a-45e6-922b-3d404b863af1'}
        Body: b'{"volume": {"id": "562cebe3-533a-45e6-922b-3d404b863af1", "status": "deleting", "size": 1, "availability_zone": "nova", "created_at": "2026-09-25T09:53:22.000000", "updated_at": "2026-09-25T09:53:26.000000", "name": "tempest-VolumesDeleteCascade-Volume-1396893735", "description": null, "volume_type": "arcusfc1", "snapshot_id": null, "source_volid": null, "metadata": {}, "links": [{"rel": "self", "href": "http://10.132.239.110/volume/v3/volumes/562cebe3-533a-45e6-922b-3d404b863af1"}, {"rel": "bookmark", "href": "http://10.132.239.110/volume/volumes/562cebe3-533a-45e6-922b-3d404b863af1"}], "user_id": "16783d7c80c64e54afe935a0d27fa174", "bootable": "false", "encrypted": false, "replication_status": null, "consistencygroup_id": null, "multiattach": false, "attachments": [], "os-vol-tenant-attr:tenant_id": "234aae29f86546a2963cb3339c28a9c1"}}'
2026-09-25 09:54:14,893 3735175 INFO     [tempest.lib.common.rest_client] Request (VolumesDeleteCascade:test_volume_from_snapshot_cascade_delete): 200 GET http://10.132.239.110/volume/v3/volumes/562cebe3-533a-45e6-922b-3d404b863af1 0.054s
2026-09-25 09:54:14,894 3735175 DEBUG    [tempest.lib.common.rest_client] Request - Headers: {'Content-Type': 'application/json', 'Accept': 'application/json', 'X-Auth-Token': '<omitted>'}
        Body: None
    Response - Headers: {'date': 'Fri, 25 Sep 2026 09:54:14 GMT', 'server': 'Apache/2.4.58 (Ubuntu)', 'content-type': 'application/json', 'x-compute-request-id': 'req-676bde15-febd-4133-aaef-9ade7e9b5a1a', 'content-length': '849', 'openstack-api-version': 'volume 3.0', 'vary': 'OpenStack-API-Version', 'x-openstack-request-id': 'req-676bde15-febd-4133-aaef-9ade7e9b5a1a', 'connection': 'close', 'status': '200', 'content-location': 'http://10.132.239.110/volume/v3/volumes/562cebe3-533a-45e6-922b-3d404b863af1'}
        Body: b'{"volume": {"id": "562cebe3-533a-45e6-922b-3d404b863af1", "status": "deleting", "size": 1, "availability_zone": "nova", "created_at": "2026-09-25T09:53:22.000000", "updated_at": "2026-09-25T09:53:26.000000", "name": "tempest-VolumesDeleteCascade-Volume-1396893735", "description": null, "volume_type": "arcusfc1", "snapshot_id": null, "source_volid": null, "metadata": {}, "links": [{"rel": "self", "href": "http://10.132.239.110/volume/v3/volumes/562cebe3-533a-45e6-922b-3d404b863af1"}, {"rel": "bookmark", "href": "http://10.132.239.110/volume/volumes/562cebe3-533a-45e6-922b-3d404b863af1"}], "user_id": "16783d7c80c64e54afe935a0d27fa174", "bootable": "false", "encrypted": false, "replication_status": null, "consistencygroup_id": null, "multiattach": false, "attachments": [], "os-vol-tenant-attr:tenan
    t_id": "234aae29f86546a2963cb3339c28a9c1"}}'
2026-09-25 09:54:15,961 3735175 INFO     [tempest.lib.common.rest_client] Request (VolumesDeleteCascade:test_volume_from_snapshot_cascade_delete): 200 GET http://10.132.239.110/volume/v3/volumes/562cebe3-533a-45e6-922b-3d404b863af1 0.051s
2026-09-25 09:54:15,961 3735175 DEBUG    [tempest.lib.common.rest_client] Request - Headers: {'Content-Type': 'application/json', 'Accept': 'application/json', 'X-Auth-Token': '<omitted>'}
        Body: None
    Response - Headers: {'date': 'Fri, 25 Sep 2026 09:54:15 GMT', 'server': 'Apache/2.4.58 (Ubuntu)', 'content-type': 'application/json', 'x-compute-request-id': 'req-f43e8977-8cf0-4401-886f-de76f50ef5eb', 'content-length': '849', 'openstack-api-version': 'volume 3.0', 'vary': 'OpenStack-API-Version', 'x-openstack-request-id': 'req-f43e8977-8cf0-4401-886f-de76f50ef5eb', 'connection': 'close', 'status': '200', 'content-location': 'http://10.132.239.110/volume/v3/volumes/562cebe3-533a-45e6-922b-3d404b863af1'}
        Body: b'{"volume": {"id": "562cebe3-533a-45e6-922b-3d404b863af1", "status": "deleting", "size": 1, "availability_zone": "nova", "created_at": "2026-09-25T09:53:22.000000", "updated_at": "2026-09-25T09:53:26.000000", "name": "tempest-VolumesDeleteCascade-Volume-1396893735", "description": null, "volume_type": "arcusfc1", "snapshot_id": null, "source_volid": null, "metadata": {}, "links": [{"rel": "self", "href": "http://10.132.239.110/volume/v3/volumes/562cebe3-533a-45e6-922b-3d404b863af1"}, {"rel": "bookmark", "href": "http://10.132.239.110/volume/volumes/562cebe3-533a-45e6-922b-3d404b863af1"}], "user_id": "16783d7c80c64e54afe935a0d27fa174", "bootable": "false", "encrypted": false, "replication_status": null, "consistencygroup_id": null, "multiattach": false, "attachments": [], "os-vol-tenant-attr:tenant_id": "234aae29f86546a2963cb3339c28a9c1"}}'
2026-09-25 09:54:17,031 3735175 INFO     [tempest.lib.common.rest_client] Request (VolumesDeleteCascade:test_volume_from_snapshot_cascade_delete): 200 GET http://10.132.239.110/volume/v3/volumes/562cebe3-533a-45e6-922b-3d404b863af1 0.061s
2026-09-25 09:54:17,032 3735175 DEBUG    [tempest.lib.common.rest_client] Request - Headers: {'Content-Type': 'application/json', 'Accept': 'application/json', 'X-Auth-Token': '<omitted>'}
        Body: None
    Response - Headers: {'date': 'Fri, 25 Sep 2026 09:54:16 GMT', 'server': 'Apache/2.4.58 (Ubuntu)', 'content-type': 'application/json', 'x-compute-request-id': 'req-8ca4fed9-247c-48d0-940e-721a6de12902', 'content-length': '849', 'openstack-api-version': 'volume 3.0', 'vary': 'OpenStack-API-Version', 'x-openstack-request-id': 'req-8ca4fed9-247c-48d0-940e-721a6de12902', 'connection': 'close', 'status': '200', 'content-location': 'http://10.132.239.110/volume/v3/volumes/562cebe3-533a-45e6-922b-3d404b863af1'}
        Body: b'{"volume": {"id": "562cebe3-533a-45e6-922b-3d404b863af1", "status": "deleting", "size": 1, "availability_zone": "nova", "created_at": "2026-09-25T09:53:22.000000", "updated_at": "2026-09-25T09:53:26.000000", "name": "tempest-VolumesDeleteCascade-Volume-1396893735", "description": null, "volume_type": "arcusfc1", "snapshot_id": null, "source_volid": null, "metadata": {}, "links": [{"rel": "self", "href": "http://10.132.239.110/volume/v3/volumes/562cebe3-533a-45e6-922b-3d404b863af1"}, {"rel": "bookmark", "href": "http://10.132.239.110/volume/volumes/562cebe3-533a-45e6-922b-3d404b863af1"}], "user_id": "16783d7c80c64e54afe935a0d27fa174", "bootable": "false", "encrypted": false, "replication_status": null, "consistencygroup_id": null, "multiattach": false, "attachments": [], "os-vol-tenant-attr:tenant_id": "234aae29f86546a2963cb3339c28a9c1"}}'
2026-09-25 09:54:18,106 3735175 INFO     [tempest.lib.common.rest_client] Request (VolumesDeleteCascade:test_volume_from_snapshot_cascade_delete): 200 GET http://10.132.239.110/volume/v3/volumes/562cebe3-533a-45e6-922b-3d404b863af1 0.058s
2026-09-25 09:54:18,107 3735175 DEBUG    [tempest.lib.common.rest_client] Request - Headers: {'Content-Type': 'application/json', 'Accept': 'application/json'
    , 'X-Auth-Token': '<omitted>'}
        Body: None
    Response - Headers: {'date': 'Fri, 25 Sep 2026 09:54:18 GMT', 'server': 'Apache/2.4.58 (Ubuntu)', 'content-type': 'application/json', 'x-compute-request-id': 'req-43301e94-ea63-41eb-bd7b-014098251a41', 'content-length': '849', 'openstack-api-version': 'volume 3.0', 'vary': 'OpenStack-API-Version', 'x-openstack-request-id': 'req-43301e94-ea63-41eb-bd7b-014098251a41', 'connection': 'close', 'status': '200', 'content-location': 'http://10.132.239.110/volume/v3/volumes/562cebe3-533a-45e6-922b-3d404b863af1'}
        Body: b'{"volume": {"id": "562cebe3-533a-45e6-922b-3d404b863af1", "status": "deleting", "size": 1, "availability_zone": "nova", "created_at": "2026-09-25T09:53:22.000000", "updated_at": "2026-09-25T09:53:26.000000", "name": "tempest-VolumesDeleteCascade-Volume-1396893735", "description": null, "volume_type": "arcusfc1", "snapshot_id": null, "source_volid": null, "metadata": {}, "links": [{"rel": "self", "href": "http://10.132.239.110/volume/v3/volumes/562cebe3-533a-45e6-922b-3d404b863af1"}, {"rel": "bookmark", "href": "http://10.132.239.110/volume/volumes/562cebe3-533a-45e6-922b-3d404b863af1"}], "user_id": "16783d7c80c64e54afe935a0d27fa174", "bootable": "false", "encrypted": false, "replication_status": null, "consistencygroup_id": null, "multiattach": false, "attachments": [], "os-vol-tenant-attr:tenant_id": "234aae29f86546a2963cb3339c28a9c1"}}'
2026-09-25 09:54:19,172 3735175 INFO     [tempest.lib.common.rest_client] Request (VolumesDeleteCascade:test_volume_from_snapshot_cascade_delete): 200 GET http://10.132.239.110/volume/v3/volumes/562cebe3-533a-45e6-922b-3d404b863af1 0.048s
2026-09-25 09:54:19,173 3735175 DEBUG    [tempest.lib.common.rest_client] Request - Headers: {'Content-Type': 'application/json', 'Accept': 'application/json', 'X-Auth-Token': '<omitted>'}
        Body: None
    Response - Headers: {'date': 'Fri, 25 Sep 2026 09:54:19 GMT', 'server': 'Apache/2.4.58 (Ubuntu)', 'content-type': 'application/json', 'x-compute-request-id': 'req-07576a95-fb76-4aed-b89a-5eb20c8287a0', 'content-length': '849', 'openstack-api-version': 'volume 3.0', 'vary': 'OpenStack-API-Version', 'x-openstack-request-id': 'req-07576a95-fb76-4aed-b89a-5eb20c8287a0', 'connection': 'close', 'status': '200', 'content-location': 'http://10.132.239.110/volume/v3/volumes/562cebe3-533a-45e6-922b-3d404b863af1'}
        Body: b'{"volume": {"id": "562cebe3-533a-45e6-922b-3d404b863af1", "status": "deleting", "size": 1, "availability_zone": "nova", "created_at": "2026-09-25T09:53:22.000000", "updated_at": "2026-09-25T09:53:26.000000", "name": "tempest-VolumesDeleteCascade-Volume-1396893735", "description": null, "volume_type": "arcusfc1", "snapshot_id": null, "source_volid": null, "metadata": {}, "links": [{"rel": "self", "href": "http://10.132.239.110/volume/v3/volumes/562cebe3-533a-45e6-922b-3d404b863af1"}, {"rel": "bookmark", "href": "http://10.132.239.110/volume/volumes/562cebe3-533a-45e6-922b-3d404b863af1"}], "user_id": "16783d7c80c64e54afe935a0d27fa174", "bootable": "false", "encrypted": false, "replication_status": null, "consistencygroup_id": null, "multiattach": false, "attachments": [], "os-vol-tenant-attr:tenant_id": "234aae29f86546a2963cb3339c28a9c1"}}'
2026-09-25 09:54:20,239 3735175 INFO     [tempest.lib.common.rest_client] Request (VolumesDeleteCascade:test_volume_from_snapshot_cascade_delete): 200 GET http://10.132.239.110/volume/v3/volumes/562cebe3-533a-45e6-922b-3d404b863af1 0.050s
2026-09-25 09:54:20,240 3735175 DEBUG    [tempest.lib.common.rest_client] Request - Headers: {'Content-Type': 'application/json', 'Accept': 'application/json', 'X-Auth-Token': '<omitted>'}
        Body: None
    Response - Headers: {'date': 'Fri, 25 Sep 2026 09:54:20 GMT', 'server': 'Apache/2.4.58 (Ubuntu)', 'content-type': 'application/json', 'x-compute-request-id': 'req-a4786173-9653-49f2-9efc-30bf9b55cdea', 'content-length': '849', 'openstack-api-version': 'volume 3.0', 'vary': 'OpenStack-API-Version', 'x-openstack-request-id': 'req-a4786173-9653-49f2-9efc-30bf9b55cdea', 'connection': 'clos
    e', 'status': '200', 'content-location': 'http://10.132.239.110/volume/v3/volumes/562cebe3-533a-45e6-922b-3d404b863af1'}
        Body: b'{"volume": {"id": "562cebe3-533a-45e6-922b-3d404b863af1", "status": "deleting", "size": 1, "availability_zone": "nova", "created_at": "2026-09-25T09:53:22.000000", "updated_at": "2026-09-25T09:53:26.000000", "name": "tempest-VolumesDeleteCascade-Volume-1396893735", "description": null, "volume_type": "arcusfc1", "snapshot_id": null, "source_volid": null, "metadata": {}, "links": [{"rel": "self", "href": "http://10.132.239.110/volume/v3/volumes/562cebe3-533a-45e6-922b-3d404b863af1"}, {"rel": "bookmark", "href": "http://10.132.239.110/volume/volumes/562cebe3-533a-45e6-922b-3d404b863af1"}], "user_id": "16783d7c80c64e54afe935a0d27fa174", "bootable": "false", "encrypted": false, "replication_status": null, "consistencygroup_id": null, "multiattach": false, "attachments": [], "os-vol-tenant-attr:tenant_id": "234aae29f86546a2963cb3339c28a9c1"}}'
2026-09-25 09:54:21,320 3735175 INFO     [tempest.lib.common.rest_client] Request (VolumesDeleteCascade:test_volume_from_snapshot_cascade_delete): 200 GET http://10.132.239.110/volume/v3/volumes/562cebe3-533a-45e6-922b-3d404b863af1 0.062s
2026-09-25 09:54:21,320 3735175 DEBUG    [tempest.lib.common.rest_client] Request - Headers: {'Content-Type': 'application/json', 'Accept': 'application/json', 'X-Auth-Token': '<omitted>'}
        Body: None
    Response - Headers: {'date': 'Fri, 25 Sep 2026 09:54:21 GMT', 'server': 'Apache/2.4.58 (Ubuntu)', 'content-type': 'application/json', 'x-compute-request-id': 'req-213a0b08-ca1c-4792-88c2-e856758b0426', 'content-length': '849', 'openstack-api-version': 'volume 3.0', 'vary': 'OpenStack-API-Version', 'x-openstack-request-id': 'req-213a0b08-ca1c-4792-88c2-e856758b0426', 'connection': 'close', 'status': '200', 'content-location': 'http://10.132.239.110/volume/v3/volumes/562cebe3-533a-45e6-922b-3d404b863af1'}
        Body: b'{"volume": {"id": "562cebe3-533a-45e6-922b-3d404b863af1", "status": "deleting", "size": 1, "availability_zone": "nova", "created_at": "2026-09-25T09:53:22.000000", "updated_at": "2026-09-25T09:53:26.000000", "name": "tempest-VolumesDeleteCascade-Volume-1396893735", "description": null, "volume_type": "arcusfc1", "snapshot_id": null, "source_volid": null, "metadata": {}, "links": [{"rel": "self", "href": "http://10.132.239.110/volume/v3/volumes/562cebe3-533a-45e6-922b-3d404b863af1"}, {"rel": "bookmark", "href": "http://10.132.239.110/volume/volumes/562cebe3-533a-45e6-922b-3d404b863af1"}], "user_id": "16783d7c80c64e54afe935a0d27fa174", "bootable": "false", "encrypted": false, "replication_status": null, "consistencygroup_id": null, "multiattach": false, "attachments": [], "os-vol-tenant-attr:tenant_id": "234aae29f86546a2963cb3339c28a9c1"}}'
2026-09-25 09:54:22,411 3735175 INFO     [tempest.lib.common.rest_client] Request (VolumesDeleteCascade:test_volume_from_snapshot_cascade_delete): 200 GET http://10.132.239.110/volume/v3/volumes/562cebe3-533a-45e6-922b-3d404b863af1 0.072s
2026-09-25 09:54:22,411 3735175 DEBUG    [tempest.lib.common.rest_client] Request - Headers: {'Content-Type': 'application/json', 'Accept': 'application/json', 'X-Auth-Token': '<omitted>'}
        Body: None
    Response - Headers: {'date': 'Fri, 25 Sep 2026 09:54:22 GMT', 'server': 'Apache/2.4.58 (Ubuntu)', 'content-type': 'application/json', 'x-compute-request-id': 'req-26e80762-dc10-4fb3-aa47-03bdbef0ff14', 'content-length': '849', 'openstack-api-version': 'volume 3.0', 'vary': 'OpenStack-API-Version', 'x-openstack-request-id': 'req-26e80762-dc10-4fb3-aa47-03bdbef0ff14', 'connection': 'close', 'status': '200', 'content-location': 'http://10.132.239.110/volume/v3/volumes/562cebe3-533a-45e6-922b-3d404b863af1'}
        Body: b'{"volume": {"id": "562cebe3-533a-45e6-922b-3d404b863af1", "status": "deleting", "size": 1, "availability_zone": "nova", "created_at": "2026-09-25T09:53:22.000000", "updated_at": "2026-09-25T09:53:26.000000", "name": "tempest-VolumesDeleteCascade-Volume-1396893735", "description": null, "volume_type": "ar
    cusfc1", "snapshot_id": null, "source_volid": null, "metadata": {}, "links": [{"rel": "self", "href": "http://10.132.239.110/volume/v3/volumes/562cebe3-533a-45e6-922b-3d404b863af1"}, {"rel": "bookmark", "href": "http://10.132.239.110/volume/volumes/562cebe3-533a-45e6-922b-3d404b863af1"}], "user_id": "16783d7c80c64e54afe935a0d27fa174", "bootable": "false", "encrypted": false, "replication_status": null, "consistencygroup_id": null, "multiattach": false, "attachments": [], "os-vol-tenant-attr:tenant_id": "234aae29f86546a2963cb3339c28a9c1"}}'
2026-09-25 09:54:23,485 3735175 INFO     [tempest.lib.common.rest_client] Request (VolumesDeleteCascade:test_volume_from_snapshot_cascade_delete): 200 GET http://10.132.239.110/volume/v3/volumes/562cebe3-533a-45e6-922b-3d404b863af1 0.056s
2026-09-25 09:54:23,486 3735175 DEBUG    [tempest.lib.common.rest_client] Request - Headers: {'Content-Type': 'application/json', 'Accept': 'application/json', 'X-Auth-Token': '<omitted>'}
        Body: None
    Response - Headers: {'date': 'Fri, 25 Sep 2026 09:54:23 GMT', 'server': 'Apache/2.4.58 (Ubuntu)', 'content-type': 'application/json', 'x-compute-request-id': 'req-497ec6d0-a0fe-4c17-ba86-b7ef36b71343', 'content-length': '849', 'openstack-api-version': 'volume 3.0', 'vary': 'OpenStack-API-Version', 'x-openstack-request-id': 'req-497ec6d0-a0fe-4c17-ba86-b7ef36b71343', 'connection': 'close', 'status': '200', 'content-location': 'http://10.132.239.110/volume/v3/volumes/562cebe3-533a-45e6-922b-3d404b863af1'}
        Body: b'{"volume": {"id": "562cebe3-533a-45e6-922b-3d404b863af1", "status": "deleting", "size": 1, "availability_zone": "nova", "created_at": "2026-09-25T09:53:22.000000", "updated_at": "2026-09-25T09:53:26.000000", "name": "tempest-VolumesDeleteCascade-Volume-1396893735", "description": null, "volume_type": "arcusfc1", "snapshot_id": null, "source_volid": null, "metadata": {}, "links": [{"rel": "self", "href": "http://10.132.239.110/volume/v3/volumes/562cebe3-533a-45e6-922b-3d404b863af1"}, {"rel": "bookmark", "href": "http://10.132.239.110/volume/volumes/562cebe3-533a-45e6-922b-3d404b863af1"}], "user_id": "16783d7c80c64e54afe935a0d27fa174", "bootable": "false", "encrypted": false, "replication_status": null, "consistencygroup_id": null, "multiattach": false, "attachments": [], "os-vol-tenant-attr:tenant_id": "234aae29f86546a2963cb3339c28a9c1"}}'
2026-09-25 09:54:24,558 3735175 INFO     [tempest.lib.common.rest_client] Request (VolumesDeleteCascade:test_volume_from_snapshot_cascade_delete): 200 GET http://10.132.239.110/volume/v3/volumes/562cebe3-533a-45e6-922b-3d404b863af1 0.055s
2026-09-25 09:54:24,558 3735175 DEBUG    [tempest.lib.common.rest_client] Request - Headers: {'Content-Type': 'application/json', 'Accept': 'application/json', 'X-Auth-Token': '<omitted>'}
        Body: None
    Response - Headers: {'date': 'Fri, 25 Sep 2026 09:54:24 GMT', 'server': 'Apache/2.4.58 (Ubuntu)', 'content-type': 'application/json', 'x-compute-request-id': 'req-91823756-3646-46f4-bcfc-7dd2156fad83', 'content-length': '849', 'openstack-api-version': 'volume 3.0', 'vary': 'OpenStack-API-Version', 'x-openstack-request-id': 'req-91823756-3646-46f4-bcfc-7dd2156fad83', 'connection': 'close', 'status': '200', 'content-location': 'http://10.132.239.110/volume/v3/volumes/562cebe3-533a-45e6-922b-3d404b863af1'}
        Body: b'{"volume": {"id": "562cebe3-533a-45e6-922b-3d404b863af1", "status": "deleting", "size": 1, "availability_zone": "nova", "created_at": "2026-09-25T09:53:22.000000", "updated_at": "2026-09-25T09:53:26.000000", "name": "tempest-VolumesDeleteCascade-Volume-1396893735", "description": null, "volume_type": "arcusfc1", "snapshot_id": null, "source_volid": null, "metadata": {}, "links": [{"rel": "self", "href": "http://10.132.239.110/volume/v3/volumes/562cebe3-533a-45e6-922b-3d404b863af1"}, {"rel": "bookmark", "href": "http://10.132.239.110/volume/volumes/562cebe3-533a-45e6-922b-3d404b863af1"}], "user_id": "16783d7c80c64e54afe935a0d27fa174", "bootable": "false", "encrypted": false, "replication_status": null, "consistencygroup_id": null, "multia
    ttach": false, "attachments": [], "os-vol-tenant-attr:tenant_id": "234aae29f86546a2963cb3339c28a9c1"}}'
2026-09-25 09:54:25,629 3735175 INFO     [tempest.lib.common.rest_client] Request (VolumesDeleteCascade:test_volume_from_snapshot_cascade_delete): 200 GET http://10.132.239.110/volume/v3/volumes/562cebe3-533a-45e6-922b-3d404b863af1 0.053s
2026-09-25 09:54:25,629 3735175 DEBUG    [tempest.lib.common.rest_client] Request - Headers: {'Content-Type': 'application/json', 'Accept': 'application/json', 'X-Auth-Token': '<omitted>'}
        Body: None
    Response - Headers: {'date': 'Fri, 25 Sep 2026 09:54:25 GMT', 'server': 'Apache/2.4.58 (Ubuntu)', 'content-type': 'application/json', 'x-compute-request-id': 'req-a9c034a7-69dc-4906-9b05-82c148239493', 'content-length': '849', 'openstack-api-version': 'volume 3.0', 'vary': 'OpenStack-API-Version', 'x-openstack-request-id': 'req-a9c034a7-69dc-4906-9b05-82c148239493', 'connection': 'close', 'status': '200', 'content-location': 'http://10.132.239.110/volume/v3/volumes/562cebe3-533a-45e6-922b-3d404b863af1'}
        Body: b'{"volume": {"id": "562cebe3-533a-45e6-922b-3d404b863af1", "status": "deleting", "size": 1, "availability_zone": "nova", "created_at": "2026-09-25T09:53:22.000000", "updated_at": "2026-09-25T09:53:26.000000", "name": "tempest-VolumesDeleteCascade-Volume-1396893735", "description": null, "volume_type": "arcusfc1", "snapshot_id": null, "source_volid": null, "metadata": {}, "links": [{"rel": "self", "href": "http://10.132.239.110/volume/v3/volumes/562cebe3-533a-45e6-922b-3d404b863af1"}, {"rel": "bookmark", "href": "http://10.132.239.110/volume/volumes/562cebe3-533a-45e6-922b-3d404b863af1"}], "user_id": "16783d7c80c64e54afe935a0d27fa174", "bootable": "false", "encrypted": false, "replication_status": null, "consistencygroup_id": null, "multiattach": false, "attachments": [], "os-vol-tenant-attr:tenant_id": "234aae29f86546a2963cb3339c28a9c1"}}'
2026-09-25 09:54:26,694 3735175 INFO     [tempest.lib.common.rest_client] Request (VolumesDeleteCascade:test_volume_from_snapshot_cascade_delete): 200 GET http://10.132.239.110/volume/v3/volumes/562cebe3-533a-45e6-922b-3d404b863af1 0.046s
2026-09-25 09:54:26,694 3735175 DEBUG    [tempest.lib.common.rest_client] Request - Headers: {'Content-Type': 'application/json', 'Accept': 'application/json', 'X-Auth-Token': '<omitted>'}
        Body: None
    Response - Headers: {'date': 'Fri, 25 Sep 2026 09:54:26 GMT', 'server': 'Apache/2.4.58 (Ubuntu)', 'content-type': 'application/json', 'x-compute-request-id': 'req-a0db4a5b-d0b8-4d92-8797-616ee720c57d', 'content-length': '849', 'openstack-api-version': 'volume 3.0', 'vary': 'OpenStack-API-Version', 'x-openstack-request-id': 'req-a0db4a5b-d0b8-4d92-8797-616ee720c57d', 'connection': 'close', 'status': '200', 'content-location': 'http://10.132.239.110/volume/v3/volumes/562cebe3-533a-45e6-922b-3d404b863af1'}
        Body: b'{"volume": {"id": "562cebe3-533a-45e6-922b-3d404b863af1", "status": "deleting", "size": 1, "availability_zone": "nova", "created_at": "2026-09-25T09:53:22.000000", "updated_at": "2026-09-25T09:53:26.000000", "name": "tempest-VolumesDeleteCascade-Volume-1396893735", "description": null, "volume_type": "arcusfc1", "snapshot_id": null, "source_volid": null, "metadata": {}, "links": [{"rel": "self", "href": "http://10.132.239.110/volume/v3/volumes/562cebe3-533a-45e6-922b-3d404b863af1"}, {"rel": "bookmark", "href": "http://10.132.239.110/volume/volumes/562cebe3-533a-45e6-922b-3d404b863af1"}], "user_id": "16783d7c80c64e54afe935a0d27fa174", "bootable": "false", "encrypted": false, "replication_status": null, "consistencygroup_id": null, "multiattach": false, "attachments": [], "os-vol-tenant-attr:tenant_id": "234aae29f86546a2963cb3339c28a9c1"}}'
2026-09-25 09:54:27,768 3735175 INFO     [tempest.lib.common.rest_client] Request (VolumesDeleteCascade:test_volume_from_snapshot_cascade_delete): 200 GET http://10.132.239.110/volume/v3/volumes/562cebe3-533a-45e6-922b-3d404b863af1 0.057s
2026-09-25 09:54:27,768 3735175 DEBUG    [tempest.lib.common.rest_client] Request - Headers: {'Cont
    ent-Type': 'application/json', 'Accept': 'application/json', 'X-Auth-Token': '<omitted>'}
        Body: None
    Response - Headers: {'date': 'Fri, 25 Sep 2026 09:54:27 GMT', 'server': 'Apache/2.4.58 (Ubuntu)', 'content-type': 'application/json', 'x-compute-request-id': 'req-647514cc-06ef-4a53-9456-0d7f1cf4f050', 'content-length': '849', 'openstack-api-version': 'volume 3.0', 'vary': 'OpenStack-API-Version', 'x-openstack-request-id': 'req-647514cc-06ef-4a53-9456-0d7f1cf4f050', 'connection': 'close', 'status': '200', 'content-location': 'http://10.132.239.110/volume/v3/volumes/562cebe3-533a-45e6-922b-3d404b863af1'}
        Body: b'{"volume": {"id": "562cebe3-533a-45e6-922b-3d404b863af1", "status": "deleting", "size": 1, "availability_zone": "nova", "created_at": "2026-09-25T09:53:22.000000", "updated_at": "2026-09-25T09:53:26.000000", "name": "tempest-VolumesDeleteCascade-Volume-1396893735", "description": null, "volume_type": "arcusfc1", "snapshot_id": null, "source_volid": null, "metadata": {}, "links": [{"rel": "self", "href": "http://10.132.239.110/volume/v3/volumes/562cebe3-533a-45e6-922b-3d404b863af1"}, {"rel": "bookmark", "href": "http://10.132.239.110/volume/volumes/562cebe3-533a-45e6-922b-3d404b863af1"}], "user_id": "16783d7c80c64e54afe935a0d27fa174", "bootable": "false", "encrypted": false, "replication_status": null, "consistencygroup_id": null, "multiattach": false, "attachments": [], "os-vol-tenant-attr:tenant_id": "234aae29f86546a2963cb3339c28a9c1"}}'
2026-09-25 09:54:28,837 3735175 INFO     [tempest.lib.common.rest_client] Request (VolumesDeleteCascade:test_volume_from_snapshot_cascade_delete): 200 GET http://10.132.239.110/volume/v3/volumes/562cebe3-533a-45e6-922b-3d404b863af1 0.051s
2026-09-25 09:54:28,838 3735175 DEBUG    [tempest.lib.common.rest_client] Request - Headers: {'Content-Type': 'application/json', 'Accept': 'application/json', 'X-Auth-Token': '<omitted>'}
        Body: None
    Response - Headers: {'date': 'Fri, 25 Sep 2026 09:54:28 GMT', 'server': 'Apache/2.4.58 (Ubuntu)', 'content-type': 'application/json', 'x-compute-request-id': 'req-05f9af9b-a116-4683-a82e-49c84f544bd8', 'content-length': '849', 'openstack-api-version': 'volume 3.0', 'vary': 'OpenStack-API-Version', 'x-openstack-request-id': 'req-05f9af9b-a116-4683-a82e-49c84f544bd8', 'connection': 'close', 'status': '200', 'content-location': 'http://10.132.239.110/volume/v3/volumes/562cebe3-533a-45e6-922b-3d404b863af1'}
        Body: b'{"volume": {"id": "562cebe3-533a-45e6-922b-3d404b863af1", "status": "deleting", "size": 1, "availability_zone": "nova", "created_at": "2026-09-25T09:53:22.000000", "updated_at": "2026-09-25T09:53:26.000000", "name": "tempest-VolumesDeleteCascade-Volume-1396893735", "description": null, "volume_type": "arcusfc1", "snapshot_id": null, "source_volid": null, "metadata": {}, "links": [{"rel": "self", "href": "http://10.132.239.110/volume/v3/volumes/562cebe3-533a-45e6-922b-3d404b863af1"}, {"rel": "bookmark", "href": "http://10.132.239.110/volume/volumes/562cebe3-533a-45e6-922b-3d404b863af1"}], "user_id": "16783d7c80c64e54afe935a0d27fa174", "bootable": "false", "encrypted": false, "replication_status": null, "consistencygroup_id": null, "multiattach": false, "attachments": [], "os-vol-tenant-attr:tenant_id": "234aae29f86546a2963cb3339c28a9c1"}}'
2026-09-25 09:54:29,925 3735175 INFO     [tempest.lib.common.rest_client] Request (VolumesDeleteCascade:test_volume_from_snapshot_cascade_delete): 200 GET http://10.132.239.110/volume/v3/volumes/562cebe3-533a-45e6-922b-3d404b863af1 0.071s
2026-09-25 09:54:29,926 3735175 DEBUG    [tempest.lib.common.rest_client] Request - Headers: {'Content-Type': 'application/json', 'Accept': 'application/json', 'X-Auth-Token': '<omitted>'}
        Body: None
    Response - Headers: {'date': 'Fri, 25 Sep 2026 09:54:29 GMT', 'server': 'Apache/2.4.58 (Ubuntu)', 'content-type': 'application/json', 'x-compute-request-id': 'req-877440e5-ef55-411e-98fa-516695aaed92', 'content-length': '849', 'openstack-api-version': 'volume 3.0', 'vary': 'OpenStack-API-Version', 'x-openstack-request-id': 'req
    -877440e5-ef55-411e-98fa-516695aaed92', 'connection': 'close', 'status': '200', 'content-location': 'http://10.132.239.110/volume/v3/volumes/562cebe3-533a-45e6-922b-3d404b863af1'}
        Body: b'{"volume": {"id": "562cebe3-533a-45e6-922b-3d404b863af1", "status": "deleting", "size": 1, "availability_zone": "nova", "created_at": "2026-09-25T09:53:22.000000", "updated_at": "2026-09-25T09:53:26.000000", "name": "tempest-VolumesDeleteCascade-Volume-1396893735", "description": null, "volume_type": "arcusfc1", "snapshot_id": null, "source_volid": null, "metadata": {}, "links": [{"rel": "self", "href": "http://10.132.239.110/volume/v3/volumes/562cebe3-533a-45e6-922b-3d404b863af1"}, {"rel": "bookmark", "href": "http://10.132.239.110/volume/volumes/562cebe3-533a-45e6-922b-3d404b863af1"}], "user_id": "16783d7c80c64e54afe935a0d27fa174", "bootable": "false", "encrypted": false, "replication_status": null, "consistencygroup_id": null, "multiattach": false, "attachments": [], "os-vol-tenant-attr:tenant_id": "234aae29f86546a2963cb3339c28a9c1"}}'
2026-09-25 09:54:31,007 3735175 INFO     [tempest.lib.common.rest_client] Request (VolumesDeleteCascade:test_volume_from_snapshot_cascade_delete): 200 GET http://10.132.239.110/volume/v3/volumes/562cebe3-533a-45e6-922b-3d404b863af1 0.057s
2026-09-25 09:54:31,008 3735175 DEBUG    [tempest.lib.common.rest_client] Request - Headers: {'Content-Type': 'application/json', 'Accept': 'application/json', 'X-Auth-Token': '<omitted>'}
        Body: None
    Response - Headers: {'date': 'Fri, 25 Sep 2026 09:54:30 GMT', 'server': 'Apache/2.4.58 (Ubuntu)', 'content-type': 'application/json', 'x-compute-request-id': 'req-7953c0e4-e0f5-4eaf-a065-1cc785bd560e', 'content-length': '849', 'openstack-api-version': 'volume 3.0', 'vary': 'OpenStack-API-Version', 'x-openstack-request-id': 'req-7953c0e4-e0f5-4eaf-a065-1cc785bd560e', 'connection': 'close', 'status': '200', 'content-location': 'http://10.132.239.110/volume/v3/volumes/562cebe3-533a-45e6-922b-3d404b863af1'}
        Body: b'{"volume": {"id": "562cebe3-533a-45e6-922b-3d404b863af1", "status": "deleting", "size": 1, "availability_zone": "nova", "created_at": "2026-09-25T09:53:22.000000", "updated_at": "2026-09-25T09:53:26.000000", "name": "tempest-VolumesDeleteCascade-Volume-1396893735", "description": null, "volume_type": "arcusfc1", "snapshot_id": null, "source_volid": null, "metadata": {}, "links": [{"rel": "self", "href": "http://10.132.239.110/volume/v3/volumes/562cebe3-533a-45e6-922b-3d404b863af1"}, {"rel": "bookmark", "href": "http://10.132.239.110/volume/volumes/562cebe3-533a-45e6-922b-3d404b863af1"}], "user_id": "16783d7c80c64e54afe935a0d27fa174", "bootable": "false", "encrypted": false, "replication_status": null, "consistencygroup_id": null, "multiattach": false, "attachments": [], "os-vol-tenant-attr:tenant_id": "234aae29f86546a2963cb3339c28a9c1"}}'
2026-09-25 09:54:32,081 3735175 INFO     [tempest.lib.common.rest_client] Request (VolumesDeleteCascade:test_volume_from_snapshot_cascade_delete): 200 GET http://10.132.239.110/volume/v3/volumes/562cebe3-533a-45e6-922b-3d404b863af1 0.056s
2026-09-25 09:54:32,081 3735175 DEBUG    [tempest.lib.common.rest_client] Request - Headers: {'Content-Type': 'application/json', 'Accept': 'application/json', 'X-Auth-Token': '<omitted>'}
        Body: None
    Response - Headers: {'date': 'Fri, 25 Sep 2026 09:54:32 GMT', 'server': 'Apache/2.4.58 (Ubuntu)', 'content-type': 'application/json', 'x-compute-request-id': 'req-5b72e24d-c324-4b8b-9599-3ab12b8eca89', 'content-length': '849', 'openstack-api-version': 'volume 3.0', 'vary': 'OpenStack-API-Version', 'x-openstack-request-id': 'req-5b72e24d-c324-4b8b-9599-3ab12b8eca89', 'connection': 'close', 'status': '200', 'content-location': 'http://10.132.239.110/volume/v3/volumes/562cebe3-533a-45e6-922b-3d404b863af1'}
        Body: b'{"volume": {"id": "562cebe3-533a-45e6-922b-3d404b863af1", "status": "deleting", "size": 1, "availability_zone": "nova", "created_at": "2026-09-25T09:53:22.000000", "updated_at": "2026-09-25T09:53:26.000000", "name": "tempest-VolumesDeleteCascade-
    Volume-1396893735", "description": null, "volume_type": "arcusfc1", "snapshot_id": null, "source_volid": null, "metadata": {}, "links": [{"rel": "self", "href": "http://10.132.239.110/volume/v3/volumes/562cebe3-533a-45e6-922b-3d404b863af1"}, {"rel": "bookmark", "href": "http://10.132.239.110/volume/volumes/562cebe3-533a-45e6-922b-3d404b863af1"}], "user_id": "16783d7c80c64e54afe935a0d27fa174", "bootable": "false", "encrypted": false, "replication_status": null, "consistencygroup_id": null, "multiattach": false, "attachments": [], "os-vol-tenant-attr:tenant_id": "234aae29f86546a2963cb3339c28a9c1"}}'
2026-09-25 09:54:33,151 3735175 INFO     [tempest.lib.common.rest_client] Request (VolumesDeleteCascade:test_volume_from_snapshot_cascade_delete): 200 GET http://10.132.239.110/volume/v3/volumes/562cebe3-533a-45e6-922b-3d404b863af1 0.051s
2026-09-25 09:54:33,151 3735175 DEBUG    [tempest.lib.common.rest_client] Request - Headers: {'Content-Type': 'application/json', 'Accept': 'application/json', 'X-Auth-Token': '<omitted>'}
        Body: None
    Response - Headers: {'date': 'Fri, 25 Sep 2026 09:54:33 GMT', 'server': 'Apache/2.4.58 (Ubuntu)', 'content-type': 'application/json', 'x-compute-request-id': 'req-d02992fb-3655-400f-b9c7-19808db1a66b', 'content-length': '849', 'openstack-api-version': 'volume 3.0', 'vary': 'OpenStack-API-Version', 'x-openstack-request-id': 'req-d02992fb-3655-400f-b9c7-19808db1a66b', 'connection': 'close', 'status': '200', 'content-location': 'http://10.132.239.110/volume/v3/volumes/562cebe3-533a-45e6-922b-3d404b863af1'}
        Body: b'{"volume": {"id": "562cebe3-533a-45e6-922b-3d404b863af1", "status": "deleting", "size": 1, "availability_zone": "nova", "created_at": "2026-09-25T09:53:22.000000", "updated_at": "2026-09-25T09:53:26.000000", "name": "tempest-VolumesDeleteCascade-Volume-1396893735", "description": null, "volume_type": "arcusfc1", "snapshot_id": null, "source_volid": null, "metadata": {}, "links": [{"rel": "self", "href": "http://10.132.239.110/volume/v3/volumes/562cebe3-533a-45e6-922b-3d404b863af1"}, {"rel": "bookmark", "href": "http://10.132.239.110/volume/volumes/562cebe3-533a-45e6-922b-3d404b863af1"}], "user_id": "16783d7c80c64e54afe935a0d27fa174", "bootable": "false", "encrypted": false, "replication_status": null, "consistencygroup_id": null, "multiattach": false, "attachments": [], "os-vol-tenant-attr:tenant_id": "234aae29f86546a2963cb3339c28a9c1"}}'
2026-09-25 09:54:34,221 3735175 INFO     [tempest.lib.common.rest_client] Request (VolumesDeleteCascade:test_volume_from_snapshot_cascade_delete): 200 GET http://10.132.239.110/volume/v3/volumes/562cebe3-533a-45e6-922b-3d404b863af1 0.055s
2026-09-25 09:54:34,222 3735175 DEBUG    [tempest.lib.common.rest_client] Request - Headers: {'Content-Type': 'application/json', 'Accept': 'application/json', 'X-Auth-Token': '<omitted>'}
        Body: None
    Response - Headers: {'date': 'Fri, 25 Sep 2026 09:54:34 GMT', 'server': 'Apache/2.4.58 (Ubuntu)', 'content-type': 'application/json', 'x-compute-request-id': 'req-8e233f31-e456-4a00-aa78-65a1b067cf46', 'content-length': '849', 'openstack-api-version': 'volume 3.0', 'vary': 'OpenStack-API-Version', 'x-openstack-request-id': 'req-8e233f31-e456-4a00-aa78-65a1b067cf46', 'connection': 'close', 'status': '200', 'content-location': 'http://10.132.239.110/volume/v3/volumes/562cebe3-533a-45e6-922b-3d404b863af1'}
        Body: b'{"volume": {"id": "562cebe3-533a-45e6-922b-3d404b863af1", "status": "deleting", "size": 1, "availability_zone": "nova", "created_at": "2026-09-25T09:53:22.000000", "updated_at": "2026-09-25T09:53:26.000000", "name": "tempest-VolumesDeleteCascade-Volume-1396893735", "description": null, "volume_type": "arcusfc1", "snapshot_id": null, "source_volid": null, "metadata": {}, "links": [{"rel": "self", "href": "http://10.132.239.110/volume/v3/volumes/562cebe3-533a-45e6-922b-3d404b863af1"}, {"rel": "bookmark", "href": "http://10.132.239.110/volume/volumes/562cebe3-533a-45e6-922b-3d404b863af1"}], "user_id": "16783d7c80c64e54afe935a0d27fa174", "bootable": "false", "encrypted": false, "repl
    ication_status": null, "consistencygroup_id": null, "multiattach": false, "attachments": [], "os-vol-tenant-attr:tenant_id": "234aae29f86546a2963cb3339c28a9c1"}}'
2026-09-25 09:54:35,296 3735175 INFO     [tempest.lib.common.rest_client] Request (VolumesDeleteCascade:test_volume_from_snapshot_cascade_delete): 200 GET http://10.132.239.110/volume/v3/volumes/562cebe3-533a-45e6-922b-3d404b863af1 0.058s
2026-09-25 09:54:35,297 3735175 DEBUG    [tempest.lib.common.rest_client] Request - Headers: {'Content-Type': 'application/json', 'Accept': 'application/json', 'X-Auth-Token': '<omitted>'}
        Body: None
    Response - Headers: {'date': 'Fri, 25 Sep 2026 09:54:35 GMT', 'server': 'Apache/2.4.58 (Ubuntu)', 'content-type': 'application/json', 'x-compute-request-id': 'req-0c3faa74-15b0-4eae-9e0d-cd5f341f40e4', 'content-length': '849', 'openstack-api-version': 'volume 3.0', 'vary': 'OpenStack-API-Version', 'x-openstack-request-id': 'req-0c3faa74-15b0-4eae-9e0d-cd5f341f40e4', 'connection': 'close', 'status': '200', 'content-location': 'http://10.132.239.110/volume/v3/volumes/562cebe3-533a-45e6-922b-3d404b863af1'}
        Body: b'{"volume": {"id": "562cebe3-533a-45e6-922b-3d404b863af1", "status": "deleting", "size": 1, "availability_zone": "nova", "created_at": "2026-09-25T09:53:22.000000", "updated_at": "2026-09-25T09:53:26.000000", "name": "tempest-VolumesDeleteCascade-Volume-1396893735", "description": null, "volume_type": "arcusfc1", "snapshot_id": null, "source_volid": null, "metadata": {}, "links": [{"rel": "self", "href": "http://10.132.239.110/volume/v3/volumes/562cebe3-533a-45e6-922b-3d404b863af1"}, {"rel": "bookmark", "href": "http://10.132.239.110/volume/volumes/562cebe3-533a-45e6-922b-3d404b863af1"}], "user_id": "16783d7c80c64e54afe935a0d27fa174", "bootable": "false", "encrypted": false, "replication_status": null, "consistencygroup_id": null, "multiattach": false, "attachments": [], "os-vol-tenant-attr:tenant_id": "234aae29f86546a2963cb3339c28a9c1"}}'
2026-09-25 09:54:36,379 3735175 INFO     [tempest.lib.common.rest_client] Request (VolumesDeleteCascade:test_volume_from_snapshot_cascade_delete): 200 GET http://10.132.239.110/volume/v3/volumes/562cebe3-533a-45e6-922b-3d404b863af1 0.060s
2026-09-25 09:54:36,379 3735175 DEBUG    [tempest.lib.common.rest_client] Request - Headers: {'Content-Type': 'application/json', 'Accept': 'application/json', 'X-Auth-Token': '<omitted>'}
        Body: None
    Response - Headers: {'date': 'Fri, 25 Sep 2026 09:54:36 GMT', 'server': 'Apache/2.4.58 (Ubuntu)', 'content-type': 'application/json', 'x-compute-request-id': 'req-541f2da3-396b-4c75-a423-5400fb7f21cb', 'content-length': '849', 'openstack-api-version': 'volume 3.0', 'vary': 'OpenStack-API-Version', 'x-openstack-request-id': 'req-541f2da3-396b-4c75-a423-5400fb7f21cb', 'connection': 'close', 'status': '200', 'content-location': 'http://10.132.239.110/volume/v3/volumes/562cebe3-533a-45e6-922b-3d404b863af1'}
        Body: b'{"volume": {"id": "562cebe3-533a-45e6-922b-3d404b863af1", "status": "deleting", "size": 1, "availability_zone": "nova", "created_at": "2026-09-25T09:53:22.000000", "updated_at": "2026-09-25T09:53:26.000000", "name": "tempest-VolumesDeleteCascade-Volume-1396893735", "description": null, "volume_type": "arcusfc1", "snapshot_id": null, "source_volid": null, "metadata": {}, "links": [{"rel": "self", "href": "http://10.132.239.110/volume/v3/volumes/562cebe3-533a-45e6-922b-3d404b863af1"}, {"rel": "bookmark", "href": "http://10.132.239.110/volume/volumes/562cebe3-533a-45e6-922b-3d404b863af1"}], "user_id": "16783d7c80c64e54afe935a0d27fa174", "bootable": "false", "encrypted": false, "replication_status": null, "consistencygroup_id": null, "multiattach": false, "attachments": [], "os-vol-tenant-attr:tenant_id": "234aae29f86546a2963cb3339c28a9c1"}}'
2026-09-25 09:54:37,452 3735175 INFO     [tempest.lib.common.rest_client] Request (VolumesDeleteCascade:test_volume_from_snapshot_cascade_delete): 200 GET http://10.132.239.110/volume/v3/volumes/562cebe3-533a-45e6-922b-3d404b863af1 0.057s
2026-09-25 09:54:37,453 3735175 DEBUG   
     [tempest.lib.common.rest_client] Request - Headers: {'Content-Type': 'application/json', 'Accept': 'application/json', 'X-Auth-Token': '<omitted>'}
        Body: None
    Response - Headers: {'date': 'Fri, 25 Sep 2026 09:54:37 GMT', 'server': 'Apache/2.4.58 (Ubuntu)', 'content-type': 'application/json', 'x-compute-request-id': 'req-12717fe9-4f72-41e2-8ea9-053b9f1a9951', 'content-length': '849', 'openstack-api-version': 'volume 3.0', 'vary': 'OpenStack-API-Version', 'x-openstack-request-id': 'req-12717fe9-4f72-41e2-8ea9-053b9f1a9951', 'connection': 'close', 'status': '200', 'content-location': 'http://10.132.239.110/volume/v3/volumes/562cebe3-533a-45e6-922b-3d404b863af1'}
        Body: b'{"volume": {"id": "562cebe3-533a-45e6-922b-3d404b863af1", "status": "deleting", "size": 1, "availability_zone": "nova", "created_at": "2026-09-25T09:53:22.000000", "updated_at": "2026-09-25T09:53:26.000000", "name": "tempest-VolumesDeleteCascade-Volume-1396893735", "description": null, "volume_type": "arcusfc1", "snapshot_id": null, "source_volid": null, "metadata": {}, "links": [{"rel": "self", "href": "http://10.132.239.110/volume/v3/volumes/562cebe3-533a-45e6-922b-3d404b863af1"}, {"rel": "bookmark", "href": "http://10.132.239.110/volume/volumes/562cebe3-533a-45e6-922b-3d404b863af1"}], "user_id": "16783d7c80c64e54afe935a0d27fa174", "bootable": "false", "encrypted": false, "replication_status": null, "consistencygroup_id": null, "multiattach": false, "attachments": [], "os-vol-tenant-attr:tenant_id": "234aae29f86546a2963cb3339c28a9c1"}}'
2026-09-25 09:54:38,524 3735175 INFO     [tempest.lib.common.rest_client] Request (VolumesDeleteCascade:test_volume_from_snapshot_cascade_delete): 200 GET http://10.132.239.110/volume/v3/volumes/562cebe3-533a-45e6-922b-3d404b863af1 0.052s
2026-09-25 09:54:38,525 3735175 DEBUG    [tempest.lib.common.rest_client] Request - Headers: {'Content-Type': 'application/json', 'Accept': 'application/json', 'X-Auth-Token': '<omitted>'}
        Body: None
    Response - Headers: {'date': 'Fri, 25 Sep 2026 09:54:38 GMT', 'server': 'Apache/2.4.58 (Ubuntu)', 'content-type': 'application/json', 'x-compute-request-id': 'req-8ff78f09-820e-4c33-b665-b738baa8e8a2', 'content-length': '849', 'openstack-api-version': 'volume 3.0', 'vary': 'OpenStack-API-Version', 'x-openstack-request-id': 'req-8ff78f09-820e-4c33-b665-b738baa8e8a2', 'connection': 'close', 'status': '200', 'content-location': 'http://10.132.239.110/volume/v3/volumes/562cebe3-533a-45e6-922b-3d404b863af1'}
        Body: b'{"volume": {"id": "562cebe3-533a-45e6-922b-3d404b863af1", "status": "deleting", "size": 1, "availability_zone": "nova", "created_at": "2026-09-25T09:53:22.000000", "updated_at": "2026-09-25T09:53:26.000000", "name": "tempest-VolumesDeleteCascade-Volume-1396893735", "description": null, "volume_type": "arcusfc1", "snapshot_id": null, "source_volid": null, "metadata": {}, "links": [{"rel": "self", "href": "http://10.132.239.110/volume/v3/volumes/562cebe3-533a-45e6-922b-3d404b863af1"}, {"rel": "bookmark", "href": "http://10.132.239.110/volume/volumes/562cebe3-533a-45e6-922b-3d404b863af1"}], "user_id": "16783d7c80c64e54afe935a0d27fa174", "bootable": "false", "encrypted": false, "replication_status": null, "consistencygroup_id": null, "multiattach": false, "attachments": [], "os-vol-tenant-attr:tenant_id": "234aae29f86546a2963cb3339c28a9c1"}}'
2026-09-25 09:54:39,594 3735175 INFO     [tempest.lib.common.rest_client] Request (VolumesDeleteCascade:test_volume_from_snapshot_cascade_delete): 200 GET http://10.132.239.110/volume/v3/volumes/562cebe3-533a-45e6-922b-3d404b863af1 0.053s
2026-09-25 09:54:39,594 3735175 DEBUG    [tempest.lib.common.rest_client] Request - Headers: {'Content-Type': 'application/json', 'Accept': 'application/json', 'X-Auth-Token': '<omitted>'}
        Body: None
    Response - Headers: {'date': 'Fri, 25 Sep 2026 09:54:39 GMT', 'server': 'Apache/2.4.58 (Ubuntu)', 'content-type': 'application/json', 'x-compute-request-id': 'req-ad53271d-793d-4624-b98d-461559a44901', 'content-length': '849', 'openstack-api-version': 'volume 3.0', 'var
    y': 'OpenStack-API-Version', 'x-openstack-request-id': 'req-ad53271d-793d-4624-b98d-461559a44901', 'connection': 'close', 'status': '200', 'content-location': 'http://10.132.239.110/volume/v3/volumes/562cebe3-533a-45e6-922b-3d404b863af1'}
        Body: b'{"volume": {"id": "562cebe3-533a-45e6-922b-3d404b863af1", "status": "deleting", "size": 1, "availability_zone": "nova", "created_at": "2026-09-25T09:53:22.000000", "updated_at": "2026-09-25T09:53:26.000000", "name": "tempest-VolumesDeleteCascade-Volume-1396893735", "description": null, "volume_type": "arcusfc1", "snapshot_id": null, "source_volid": null, "metadata": {}, "links": [{"rel": "self", "href": "http://10.132.239.110/volume/v3/volumes/562cebe3-533a-45e6-922b-3d404b863af1"}, {"rel": "bookmark", "href": "http://10.132.239.110/volume/volumes/562cebe3-533a-45e6-922b-3d404b863af1"}], "user_id": "16783d7c80c64e54afe935a0d27fa174", "bootable": "false", "encrypted": false, "replication_status": null, "consistencygroup_id": null, "multiattach": false, "attachments": [], "os-vol-tenant-attr:tenant_id": "234aae29f86546a2963cb3339c28a9c1"}}'
2026-09-25 09:54:40,661 3735175 INFO     [tempest.lib.common.rest_client] Request (VolumesDeleteCascade:test_volume_from_snapshot_cascade_delete): 200 GET http://10.132.239.110/volume/v3/volumes/562cebe3-533a-45e6-922b-3d404b863af1 0.049s
2026-09-25 09:54:40,661 3735175 DEBUG    [tempest.lib.common.rest_client] Request - Headers: {'Content-Type': 'application/json', 'Accept': 'application/json', 'X-Auth-Token': '<omitted>'}
        Body: None
    Response - Headers: {'date': 'Fri, 25 Sep 2026 09:54:40 GMT', 'server': 'Apache/2.4.58 (Ubuntu)', 'content-type': 'application/json', 'x-compute-request-id': 'req-819cecb4-177b-4bed-989d-3aa851cd47c5', 'content-length': '849', 'openstack-api-version': 'volume 3.0', 'vary': 'OpenStack-API-Version', 'x-openstack-request-id': 'req-819cecb4-177b-4bed-989d-3aa851cd47c5', 'connection': 'close', 'status': '200', 'content-location': 'http://10.132.239.110/volume/v3/volumes/562cebe3-533a-45e6-922b-3d404b863af1'}
        Body: b'{"volume": {"id": "562cebe3-533a-45e6-922b-3d404b863af1", "status": "deleting", "size": 1, "availability_zone": "nova", "created_at": "2026-09-25T09:53:22.000000", "updated_at": "2026-09-25T09:53:26.000000", "name": "tempest-VolumesDeleteCascade-Volume-1396893735", "description": null, "volume_type": "arcusfc1", "snapshot_id": null, "source_volid": null, "metadata": {}, "links": [{"rel": "self", "href": "http://10.132.239.110/volume/v3/volumes/562cebe3-533a-45e6-922b-3d404b863af1"}, {"rel": "bookmark", "href": "http://10.132.239.110/volume/volumes/562cebe3-533a-45e6-922b-3d404b863af1"}], "user_id": "16783d7c80c64e54afe935a0d27fa174", "bootable": "false", "encrypted": false, "replication_status": null, "consistencygroup_id": null, "multiattach": false, "attachments": [], "os-vol-tenant-attr:tenant_id": "234aae29f86546a2963cb3339c28a9c1"}}'
2026-09-25 09:54:41,741 3735175 INFO     [tempest.lib.common.rest_client] Request (VolumesDeleteCascade:test_volume_from_snapshot_cascade_delete): 200 GET http://10.132.239.110/volume/v3/volumes/562cebe3-533a-45e6-922b-3d404b863af1 0.062s
2026-09-25 09:54:41,741 3735175 DEBUG    [tempest.lib.common.rest_client] Request - Headers: {'Content-Type': 'application/json', 'Accept': 'application/json', 'X-Auth-Token': '<omitted>'}
        Body: None
    Response - Headers: {'date': 'Fri, 25 Sep 2026 09:54:41 GMT', 'server': 'Apache/2.4.58 (Ubuntu)', 'content-type': 'application/json', 'x-compute-request-id': 'req-a6ada525-5da9-4042-8995-056b835d51dc', 'content-length': '849', 'openstack-api-version': 'volume 3.0', 'vary': 'OpenStack-API-Version', 'x-openstack-request-id': 'req-a6ada525-5da9-4042-8995-056b835d51dc', 'connection': 'close', 'status': '200', 'content-location': 'http://10.132.239.110/volume/v3/volumes/562cebe3-533a-45e6-922b-3d404b863af1'}
        Body: b'{"volume": {"id": "562cebe3-533a-45e6-922b-3d404b863af1", "status": "deleting", "size": 1, "availability_zone": "nova", "created_at": "2026-09-25T09:53:22.000000", "updated_at": "2026-09-
    25T09:53:26.000000", "name": "tempest-VolumesDeleteCascade-Volume-1396893735", "description": null, "volume_type": "arcusfc1", "snapshot_id": null, "source_volid": null, "metadata": {}, "links": [{"rel": "self", "href": "http://10.132.239.110/volume/v3/volumes/562cebe3-533a-45e6-922b-3d404b863af1"}, {"rel": "bookmark", "href": "http://10.132.239.110/volume/volumes/562cebe3-533a-45e6-922b-3d404b863af1"}], "user_id": "16783d7c80c64e54afe935a0d27fa174", "bootable": "false", "encrypted": false, "replication_status": null, "consistencygroup_id": null, "multiattach": false, "attachments": [], "os-vol-tenant-attr:tenant_id": "234aae29f86546a2963cb3339c28a9c1"}}'
2026-09-25 09:54:42,812 3735175 INFO     [tempest.lib.common.rest_client] Request (VolumesDeleteCascade:test_volume_from_snapshot_cascade_delete): 200 GET http://10.132.239.110/volume/v3/volumes/562cebe3-533a-45e6-922b-3d404b863af1 0.053s
2026-09-25 09:54:42,813 3735175 DEBUG    [tempest.lib.common.rest_client] Request - Headers: {'Content-Type': 'application/json', 'Accept': 'application/json', 'X-Auth-Token': '<omitted>'}
        Body: None
    Response - Headers: {'date': 'Fri, 25 Sep 2026 09:54:42 GMT', 'server': 'Apache/2.4.58 (Ubuntu)', 'content-type': 'application/json', 'x-compute-request-id': 'req-697298dc-6411-4bba-af1b-45b7f996d25c', 'content-length': '849', 'openstack-api-version': 'volume 3.0', 'vary': 'OpenStack-API-Version', 'x-openstack-request-id': 'req-697298dc-6411-4bba-af1b-45b7f996d25c', 'connection': 'close', 'status': '200', 'content-location': 'http://10.132.239.110/volume/v3/volumes/562cebe3-533a-45e6-922b-3d404b863af1'}
        Body: b'{"volume": {"id": "562cebe3-533a-45e6-922b-3d404b863af1", "status": "deleting", "size": 1, "availability_zone": "nova", "created_at": "2026-09-25T09:53:22.000000", "updated_at": "2026-09-25T09:53:26.000000", "name": "tempest-VolumesDeleteCascade-Volume-1396893735", "description": null, "volume_type": "arcusfc1", "snapshot_id": null, "source_volid": null, "metadata": {}, "links": [{"rel": "self", "href": "http://10.132.239.110/volume/v3/volumes/562cebe3-533a-45e6-922b-3d404b863af1"}, {"rel": "bookmark", "href": "http://10.132.239.110/volume/volumes/562cebe3-533a-45e6-922b-3d404b863af1"}], "user_id": "16783d7c80c64e54afe935a0d27fa174", "bootable": "false", "encrypted": false, "replication_status": null, "consistencygroup_id": null, "multiattach": false, "attachments": [], "os-vol-tenant-attr:tenant_id": "234aae29f86546a2963cb3339c28a9c1"}}'
2026-09-25 09:54:43,884 3735175 INFO     [tempest.lib.common.rest_client] Request (VolumesDeleteCascade:test_volume_from_snapshot_cascade_delete): 200 GET http://10.132.239.110/volume/v3/volumes/562cebe3-533a-45e6-922b-3d404b863af1 0.055s
2026-09-25 09:54:43,884 3735175 DEBUG    [tempest.lib.common.rest_client] Request - Headers: {'Content-Type': 'application/json', 'Accept': 'application/json', 'X-Auth-Token': '<omitted>'}
        Body: None
    Response - Headers: {'date': 'Fri, 25 Sep 2026 09:54:43 GMT', 'server': 'Apache/2.4.58 (Ubuntu)', 'content-type': 'application/json', 'x-compute-request-id': 'req-2bc11be9-e43b-43ce-a1ef-370f179cbfeb', 'content-length': '849', 'openstack-api-version': 'volume 3.0', 'vary': 'OpenStack-API-Version', 'x-openstack-request-id': 'req-2bc11be9-e43b-43ce-a1ef-370f179cbfeb', 'connection': 'close', 'status': '200', 'content-location': 'http://10.132.239.110/volume/v3/volumes/562cebe3-533a-45e6-922b-3d404b863af1'}
        Body: b'{"volume": {"id": "562cebe3-533a-45e6-922b-3d404b863af1", "status": "deleting", "size": 1, "availability_zone": "nova", "created_at": "2026-09-25T09:53:22.000000", "updated_at": "2026-09-25T09:53:26.000000", "name": "tempest-VolumesDeleteCascade-Volume-1396893735", "description": null, "volume_type": "arcusfc1", "snapshot_id": null, "source_volid": null, "metadata": {}, "links": [{"rel": "self", "href": "http://10.132.239.110/volume/v3/volumes/562cebe3-533a-45e6-922b-3d404b863af1"}, {"rel": "bookmark", "href": "http://10.132.239.110/volume/volumes/562cebe3-533a-45e6-922b-3d404b863af1"}], "user_id": "16783d7c80c64e54afe935
    a0d27fa174", "bootable": "false", "encrypted": false, "replication_status": null, "consistencygroup_id": null, "multiattach": false, "attachments": [], "os-vol-tenant-attr:tenant_id": "234aae29f86546a2963cb3339c28a9c1"}}'
2026-09-25 09:54:44,956 3735175 INFO     [tempest.lib.common.rest_client] Request (VolumesDeleteCascade:test_volume_from_snapshot_cascade_delete): 200 GET http://10.132.239.110/volume/v3/volumes/562cebe3-533a-45e6-922b-3d404b863af1 0.056s
2026-09-25 09:54:44,957 3735175 DEBUG    [tempest.lib.common.rest_client] Request - Headers: {'Content-Type': 'application/json', 'Accept': 'application/json', 'X-Auth-Token': '<omitted>'}
        Body: None
    Response - Headers: {'date': 'Fri, 25 Sep 2026 09:54:44 GMT', 'server': 'Apache/2.4.58 (Ubuntu)', 'content-type': 'application/json', 'x-compute-request-id': 'req-16195763-aeb6-47de-aaf7-d4eed61b1626', 'content-length': '849', 'openstack-api-version': 'volume 3.0', 'vary': 'OpenStack-API-Version', 'x-openstack-request-id': 'req-16195763-aeb6-47de-aaf7-d4eed61b1626', 'connection': 'close', 'status': '200', 'content-location': 'http://10.132.239.110/volume/v3/volumes/562cebe3-533a-45e6-922b-3d404b863af1'}
        Body: b'{"volume": {"id": "562cebe3-533a-45e6-922b-3d404b863af1", "status": "deleting", "size": 1, "availability_zone": "nova", "created_at": "2026-09-25T09:53:22.000000", "updated_at": "2026-09-25T09:53:26.000000", "name": "tempest-VolumesDeleteCascade-Volume-1396893735", "description": null, "volume_type": "arcusfc1", "snapshot_id": null, "source_volid": null, "metadata": {}, "links": [{"rel": "self", "href": "http://10.132.239.110/volume/v3/volumes/562cebe3-533a-45e6-922b-3d404b863af1"}, {"rel": "bookmark", "href": "http://10.132.239.110/volume/volumes/562cebe3-533a-45e6-922b-3d404b863af1"}], "user_id": "16783d7c80c64e54afe935a0d27fa174", "bootable": "false", "encrypted": false, "replication_status": null, "consistencygroup_id": null, "multiattach": false, "attachments": [], "os-vol-tenant-attr:tenant_id": "234aae29f86546a2963cb3339c28a9c1"}}'
2026-09-25 09:54:46,024 3735175 INFO     [tempest.lib.common.rest_client] Request (VolumesDeleteCascade:test_volume_from_snapshot_cascade_delete): 200 GET http://10.132.239.110/volume/v3/volumes/562cebe3-533a-45e6-922b-3d404b863af1 0.051s
2026-09-25 09:54:46,025 3735175 DEBUG    [tempest.lib.common.rest_client] Request - Headers: {'Content-Type': 'application/json', 'Accept': 'application/json', 'X-Auth-Token': '<omitted>'}
        Body: None
    Response - Headers: {'date': 'Fri, 25 Sep 2026 09:54:45 GMT', 'server': 'Apache/2.4.58 (Ubuntu)', 'content-type': 'application/json', 'x-compute-request-id': 'req-e48a43df-987b-4bae-97f6-4af8928b35cb', 'content-length': '849', 'openstack-api-version': 'volume 3.0', 'vary': 'OpenStack-API-Version', 'x-openstack-request-id': 'req-e48a43df-987b-4bae-97f6-4af8928b35cb', 'connection': 'close', 'status': '200', 'content-location': 'http://10.132.239.110/volume/v3/volumes/562cebe3-533a-45e6-922b-3d404b863af1'}
        Body: b'{"volume": {"id": "562cebe3-533a-45e6-922b-3d404b863af1", "status": "deleting", "size": 1, "availability_zone": "nova", "created_at": "2026-09-25T09:53:22.000000", "updated_at": "2026-09-25T09:53:26.000000", "name": "tempest-VolumesDeleteCascade-Volume-1396893735", "description": null, "volume_type": "arcusfc1", "snapshot_id": null, "source_volid": null, "metadata": {}, "links": [{"rel": "self", "href": "http://10.132.239.110/volume/v3/volumes/562cebe3-533a-45e6-922b-3d404b863af1"}, {"rel": "bookmark", "href": "http://10.132.239.110/volume/volumes/562cebe3-533a-45e6-922b-3d404b863af1"}], "user_id": "16783d7c80c64e54afe935a0d27fa174", "bootable": "false", "encrypted": false, "replication_status": null, "consistencygroup_id": null, "multiattach": false, "attachments": [], "os-vol-tenant-attr:tenant_id": "234aae29f86546a2963cb3339c28a9c1"}}'
2026-09-25 09:54:47,097 3735175 INFO     [tempest.lib.common.rest_client] Request (VolumesDeleteCascade:test_volume_from_snapshot_cascade_delete): 200 GET http://10.132.239.110/volume/v3/volumes/562cebe3-533a-45e6-922b-3
    d404b863af1 0.056s
2026-09-25 09:54:47,097 3735175 DEBUG    [tempest.lib.common.rest_client] Request - Headers: {'Content-Type': 'application/json', 'Accept': 'application/json', 'X-Auth-Token': '<omitted>'}
        Body: None
    Response - Headers: {'date': 'Fri, 25 Sep 2026 09:54:47 GMT', 'server': 'Apache/2.4.58 (Ubuntu)', 'content-type': 'application/json', 'x-compute-request-id': 'req-4152178b-9c93-4d86-8751-51be5b1c43c9', 'content-length': '849', 'openstack-api-version': 'volume 3.0', 'vary': 'OpenStack-API-Version', 'x-openstack-request-id': 'req-4152178b-9c93-4d86-8751-51be5b1c43c9', 'connection': 'close', 'status': '200', 'content-location': 'http://10.132.239.110/volume/v3/volumes/562cebe3-533a-45e6-922b-3d404b863af1'}
        Body: b'{"volume": {"id": "562cebe3-533a-45e6-922b-3d404b863af1", "status": "deleting", "size": 1, "availability_zone": "nova", "created_at": "2026-09-25T09:53:22.000000", "updated_at": "2026-09-25T09:53:26.000000", "name": "tempest-VolumesDeleteCascade-Volume-1396893735", "description": null, "volume_type": "arcusfc1", "snapshot_id": null, "source_volid": null, "metadata": {}, "links": [{"rel": "self", "href": "http://10.132.239.110/volume/v3/volumes/562cebe3-533a-45e6-922b-3d404b863af1"}, {"rel": "bookmark", "href": "http://10.132.239.110/volume/volumes/562cebe3-533a-45e6-922b-3d404b863af1"}], "user_id": "16783d7c80c64e54afe935a0d27fa174", "bootable": "false", "encrypted": false, "replication_status": null, "consistencygroup_id": null, "multiattach": false, "attachments": [], "os-vol-tenant-attr:tenant_id": "234aae29f86546a2963cb3339c28a9c1"}}'
2026-09-25 09:54:48,168 3735175 INFO     [tempest.lib.common.rest_client] Request (VolumesDeleteCascade:test_volume_from_snapshot_cascade_delete): 200 GET http://10.132.239.110/volume/v3/volumes/562cebe3-533a-45e6-922b-3d404b863af1 0.055s
2026-09-25 09:54:48,169 3735175 DEBUG    [tempest.lib.common.rest_client] Request - Headers: {'Content-Type': 'application/json', 'Accept': 'application/json', 'X-Auth-Token': '<omitted>'}
        Body: None
    Response - Headers: {'date': 'Fri, 25 Sep 2026 09:54:48 GMT', 'server': 'Apache/2.4.58 (Ubuntu)', 'content-type': 'application/json', 'x-compute-request-id': 'req-4027d564-0b3c-4e58-aa87-7ab21c9161f7', 'content-length': '849', 'openstack-api-version': 'volume 3.0', 'vary': 'OpenStack-API-Version', 'x-openstack-request-id': 'req-4027d564-0b3c-4e58-aa87-7ab21c9161f7', 'connection': 'close', 'status': '200', 'content-location': 'http://10.132.239.110/volume/v3/volumes/562cebe3-533a-45e6-922b-3d404b863af1'}
        Body: b'{"volume": {"id": "562cebe3-533a-45e6-922b-3d404b863af1", "status": "deleting", "size": 1, "availability_zone": "nova", "created_at": "2026-09-25T09:53:22.000000", "updated_at": "2026-09-25T09:53:26.000000", "name": "tempest-VolumesDeleteCascade-Volume-1396893735", "description": null, "volume_type": "arcusfc1", "snapshot_id": null, "source_volid": null, "metadata": {}, "links": [{"rel": "self", "href": "http://10.132.239.110/volume/v3/volumes/562cebe3-533a-45e6-922b-3d404b863af1"}, {"rel": "bookmark", "href": "http://10.132.239.110/volume/volumes/562cebe3-533a-45e6-922b-3d404b863af1"}], "user_id": "16783d7c80c64e54afe935a0d27fa174", "bootable": "false", "encrypted": false, "replication_status": null, "consistencygroup_id": null, "multiattach": false, "attachments": [], "os-vol-tenant-attr:tenant_id": "234aae29f86546a2963cb3339c28a9c1"}}'
2026-09-25 09:54:49,242 3735175 INFO     [tempest.lib.common.rest_client] Request (VolumesDeleteCascade:test_volume_from_snapshot_cascade_delete): 200 GET http://10.132.239.110/volume/v3/volumes/562cebe3-533a-45e6-922b-3d404b863af1 0.057s
2026-09-25 09:54:49,242 3735175 DEBUG    [tempest.lib.common.rest_client] Request - Headers: {'Content-Type': 'application/json', 'Accept': 'application/json', 'X-Auth-Token': '<omitted>'}
        Body: None
    Response - Headers: {'date': 'Fri, 25 Sep 2026 09:54:49 GMT', 'server': 'Apache/2.4.58 (Ubuntu)', 'content-type': 'application/json', 'x-compute-request-id': 'req-722a127d-67e9-43bf-a22d-a294ca810e37', 'content-
    length': '849', 'openstack-api-version': 'volume 3.0', 'vary': 'OpenStack-API-Version', 'x-openstack-request-id': 'req-722a127d-67e9-43bf-a22d-a294ca810e37', 'connection': 'close', 'status': '200', 'content-location': 'http://10.132.239.110/volume/v3/volumes/562cebe3-533a-45e6-922b-3d404b863af1'}
        Body: b'{"volume": {"id": "562cebe3-533a-45e6-922b-3d404b863af1", "status": "deleting", "size": 1, "availability_zone": "nova", "created_at": "2026-09-25T09:53:22.000000", "updated_at": "2026-09-25T09:53:26.000000", "name": "tempest-VolumesDeleteCascade-Volume-1396893735", "description": null, "volume_type": "arcusfc1", "snapshot_id": null, "source_volid": null, "metadata": {}, "links": [{"rel": "self", "href": "http://10.132.239.110/volume/v3/volumes/562cebe3-533a-45e6-922b-3d404b863af1"}, {"rel": "bookmark", "href": "http://10.132.239.110/volume/volumes/562cebe3-533a-45e6-922b-3d404b863af1"}], "user_id": "16783d7c80c64e54afe935a0d27fa174", "bootable": "false", "encrypted": false, "replication_status": null, "consistencygroup_id": null, "multiattach": false, "attachments": [], "os-vol-tenant-attr:tenant_id": "234aae29f86546a2963cb3339c28a9c1"}}'
2026-09-25 09:54:50,318 3735175 INFO     [tempest.lib.common.rest_client] Request (VolumesDeleteCascade:test_volume_from_snapshot_cascade_delete): 200 GET http://10.132.239.110/volume/v3/volumes/562cebe3-533a-45e6-922b-3d404b863af1 0.060s
2026-09-25 09:54:50,319 3735175 DEBUG    [tempest.lib.common.rest_client] Request - Headers: {'Content-Type': 'application/json', 'Accept': 'application/json', 'X-Auth-Token': '<omitted>'}
        Body: None
    Response - Headers: {'date': 'Fri, 25 Sep 2026 09:54:50 GMT', 'server': 'Apache/2.4.58 (Ubuntu)', 'content-type': 'application/json', 'x-compute-request-id': 'req-0d397563-069a-4f78-aca1-dae68bbe2394', 'content-length': '849', 'openstack-api-version': 'volume 3.0', 'vary': 'OpenStack-API-Version', 'x-openstack-request-id': 'req-0d397563-069a-4f78-aca1-dae68bbe2394', 'connection': 'close', 'status': '200', 'content-location': 'http://10.132.239.110/volume/v3/volumes/562cebe3-533a-45e6-922b-3d404b863af1'}
        Body: b'{"volume": {"id": "562cebe3-533a-45e6-922b-3d404b863af1", "status": "deleting", "size": 1, "availability_zone": "nova", "created_at": "2026-09-25T09:53:22.000000", "updated_at": "2026-09-25T09:53:26.000000", "name": "tempest-VolumesDeleteCascade-Volume-1396893735", "description": null, "volume_type": "arcusfc1", "snapshot_id": null, "source_volid": null, "metadata": {}, "links": [{"rel": "self", "href": "http://10.132.239.110/volume/v3/volumes/562cebe3-533a-45e6-922b-3d404b863af1"}, {"rel": "bookmark", "href": "http://10.132.239.110/volume/volumes/562cebe3-533a-45e6-922b-3d404b863af1"}], "user_id": "16783d7c80c64e54afe935a0d27fa174", "bootable": "false", "encrypted": false, "replication_status": null, "consistencygroup_id": null, "multiattach": false, "attachments": [], "os-vol-tenant-attr:tenant_id": "234aae29f86546a2963cb3339c28a9c1"}}'
2026-09-25 09:54:51,397 3735175 INFO     [tempest.lib.common.rest_client] Request (VolumesDeleteCascade:test_volume_from_snapshot_cascade_delete): 200 GET http://10.132.239.110/volume/v3/volumes/562cebe3-533a-45e6-922b-3d404b863af1 0.060s
2026-09-25 09:54:51,397 3735175 DEBUG    [tempest.lib.common.rest_client] Request - Headers: {'Content-Type': 'application/json', 'Accept': 'application/json', 'X-Auth-Token': '<omitted>'}
        Body: None
    Response - Headers: {'date': 'Fri, 25 Sep 2026 09:54:51 GMT', 'server': 'Apache/2.4.58 (Ubuntu)', 'content-type': 'application/json', 'x-compute-request-id': 'req-359037df-8f8d-4dc4-bb9c-09bad1366266', 'content-length': '849', 'openstack-api-version': 'volume 3.0', 'vary': 'OpenStack-API-Version', 'x-openstack-request-id': 'req-359037df-8f8d-4dc4-bb9c-09bad1366266', 'connection': 'close', 'status': '200', 'content-location': 'http://10.132.239.110/volume/v3/volumes/562cebe3-533a-45e6-922b-3d404b863af1'}
        Body: b'{"volume": {"id": "562cebe3-533a-45e6-922b-3d404b863af1", "status": "deleting", "size": 1, "availability_zone": "nova", "created
    _at": "2026-09-25T09:53:22.000000", "updated_at": "2026-09-25T09:53:26.000000", "name": "tempest-VolumesDeleteCascade-Volume-1396893735", "description": null, "volume_type": "arcusfc1", "snapshot_id": null, "source_volid": null, "metadata": {}, "links": [{"rel": "self", "href": "http://10.132.239.110/volume/v3/volumes/562cebe3-533a-45e6-922b-3d404b863af1"}, {"rel": "bookmark", "href": "http://10.132.239.110/volume/volumes/562cebe3-533a-45e6-922b-3d404b863af1"}], "user_id": "16783d7c80c64e54afe935a0d27fa174", "bootable": "false", "encrypted": false, "replication_status": null, "consistencygroup_id": null, "multiattach": false, "attachments": [], "os-vol-tenant-attr:tenant_id": "234aae29f86546a2963cb3339c28a9c1"}}'
2026-09-25 09:54:52,474 3735175 INFO     [tempest.lib.common.rest_client] Request (VolumesDeleteCascade:test_volume_from_snapshot_cascade_delete): 200 GET http://10.132.239.110/volume/v3/volumes/562cebe3-533a-45e6-922b-3d404b863af1 0.060s
2026-09-25 09:54:52,475 3735175 DEBUG    [tempest.lib.common.rest_client] Request - Headers: {'Content-Type': 'application/json', 'Accept': 'application/json', 'X-Auth-Token': '<omitted>'}
        Body: None
    Response - Headers: {'date': 'Fri, 25 Sep 2026 09:54:52 GMT', 'server': 'Apache/2.4.58 (Ubuntu)', 'content-type': 'application/json', 'x-compute-request-id': 'req-2b49aa52-8065-4817-9515-acb3dc982fe5', 'content-length': '849', 'openstack-api-version': 'volume 3.0', 'vary': 'OpenStack-API-Version', 'x-openstack-request-id': 'req-2b49aa52-8065-4817-9515-acb3dc982fe5', 'connection': 'close', 'status': '200', 'content-location': 'http://10.132.239.110/volume/v3/volumes/562cebe3-533a-45e6-922b-3d404b863af1'}
        Body: b'{"volume": {"id": "562cebe3-533a-45e6-922b-3d404b863af1", "status": "deleting", "size": 1, "availability_zone": "nova", "created_at": "2026-09-25T09:53:22.000000", "updated_at": "2026-09-25T09:53:26.000000", "name": "tempest-VolumesDeleteCascade-Volume-1396893735", "description": null, "volume_type": "arcusfc1", "snapshot_id": null, "source_volid": null, "metadata": {}, "links": [{"rel": "self", "href": "http://10.132.239.110/volume/v3/volumes/562cebe3-533a-45e6-922b-3d404b863af1"}, {"rel": "bookmark", "href": "http://10.132.239.110/volume/volumes/562cebe3-533a-45e6-922b-3d404b863af1"}], "user_id": "16783d7c80c64e54afe935a0d27fa174", "bootable": "false", "encrypted": false, "replication_status": null, "consistencygroup_id": null, "multiattach": false, "attachments": [], "os-vol-tenant-attr:tenant_id": "234aae29f86546a2963cb3339c28a9c1"}}'
2026-09-25 09:54:53,548 3735175 INFO     [tempest.lib.common.rest_client] Request (VolumesDeleteCascade:test_volume_from_snapshot_cascade_delete): 200 GET http://10.132.239.110/volume/v3/volumes/562cebe3-533a-45e6-922b-3d404b863af1 0.055s
2026-09-25 09:54:53,549 3735175 DEBUG    [tempest.lib.common.rest_client] Request - Headers: {'Content-Type': 'application/json', 'Accept': 'application/json', 'X-Auth-Token': '<omitted>'}
        Body: None
    Response - Headers: {'date': 'Fri, 25 Sep 2026 09:54:53 GMT', 'server': 'Apache/2.4.58 (Ubuntu)', 'content-type': 'application/json', 'x-compute-request-id': 'req-07575257-c9d2-4cdb-956b-a795a03f8061', 'content-length': '849', 'openstack-api-version': 'volume 3.0', 'vary': 'OpenStack-API-Version', 'x-openstack-request-id': 'req-07575257-c9d2-4cdb-956b-a795a03f8061', 'connection': 'close', 'status': '200', 'content-location': 'http://10.132.239.110/volume/v3/volumes/562cebe3-533a-45e6-922b-3d404b863af1'}
        Body: b'{"volume": {"id": "562cebe3-533a-45e6-922b-3d404b863af1", "status": "deleting", "size": 1, "availability_zone": "nova", "created_at": "2026-09-25T09:53:22.000000", "updated_at": "2026-09-25T09:53:26.000000", "name": "tempest-VolumesDeleteCascade-Volume-1396893735", "description": null, "volume_type": "arcusfc1", "snapshot_id": null, "source_volid": null, "metadata": {}, "links": [{"rel": "self", "href": "http://10.132.239.110/volume/v3/volumes/562cebe3-533a-45e6-922b-3d404b863af1"}, {"rel": "bookmark", "href": "http://10.132.239.110/volume/volumes/562cebe3-533a-45
    e6-922b-3d404b863af1"}], "user_id": "16783d7c80c64e54afe935a0d27fa174", "bootable": "false", "encrypted": false, "replication_status": null, "consistencygroup_id": null, "multiattach": false, "attachments": [], "os-vol-tenant-attr:tenant_id": "234aae29f86546a2963cb3339c28a9c1"}}'
2026-09-25 09:54:54,623 3735175 INFO     [tempest.lib.common.rest_client] Request (VolumesDeleteCascade:test_volume_from_snapshot_cascade_delete): 200 GET http://10.132.239.110/volume/v3/volumes/562cebe3-533a-45e6-922b-3d404b863af1 0.058s
2026-09-25 09:54:54,624 3735175 DEBUG    [tempest.lib.common.rest_client] Request - Headers: {'Content-Type': 'application/json', 'Accept': 'application/json', 'X-Auth-Token': '<omitted>'}
        Body: None
    Response - Headers: {'date': 'Fri, 25 Sep 2026 09:54:54 GMT', 'server': 'Apache/2.4.58 (Ubuntu)', 'content-type': 'application/json', 'x-compute-request-id': 'req-49217b6b-b2bf-429f-961f-c7f2f64f0c18', 'content-length': '849', 'openstack-api-version': 'volume 3.0', 'vary': 'OpenStack-API-Version', 'x-openstack-request-id': 'req-49217b6b-b2bf-429f-961f-c7f2f64f0c18', 'connection': 'close', 'status': '200', 'content-location': 'http://10.132.239.110/volume/v3/volumes/562cebe3-533a-45e6-922b-3d404b863af1'}
        Body: b'{"volume": {"id": "562cebe3-533a-45e6-922b-3d404b863af1", "status": "deleting", "size": 1, "availability_zone": "nova", "created_at": "2026-09-25T09:53:22.000000", "updated_at": "2026-09-25T09:53:26.000000", "name": "tempest-VolumesDeleteCascade-Volume-1396893735", "description": null, "volume_type": "arcusfc1", "snapshot_id": null, "source_volid": null, "metadata": {}, "links": [{"rel": "self", "href": "http://10.132.239.110/volume/v3/volumes/562cebe3-533a-45e6-922b-3d404b863af1"}, {"rel": "bookmark", "href": "http://10.132.239.110/volume/volumes/562cebe3-533a-45e6-922b-3d404b863af1"}], "user_id": "16783d7c80c64e54afe935a0d27fa174", "bootable": "false", "encrypted": false, "replication_status": null, "consistencygroup_id": null, "multiattach": false, "attachments": [], "os-vol-tenant-attr:tenant_id": "234aae29f86546a2963cb3339c28a9c1"}}'
2026-09-25 09:54:55,694 3735175 INFO     [tempest.lib.common.rest_client] Request (VolumesDeleteCascade:test_volume_from_snapshot_cascade_delete): 200 GET http://10.132.239.110/volume/v3/volumes/562cebe3-533a-45e6-922b-3d404b863af1 0.053s
2026-09-25 09:54:55,694 3735175 DEBUG    [tempest.lib.common.rest_client] Request - Headers: {'Content-Type': 'application/json', 'Accept': 'application/json', 'X-Auth-Token': '<omitted>'}
        Body: None
    Response - Headers: {'date': 'Fri, 25 Sep 2026 09:54:55 GMT', 'server': 'Apache/2.4.58 (Ubuntu)', 'content-type': 'application/json', 'x-compute-request-id': 'req-fec02a5b-dc69-4019-88fc-f800dc1d2b8d', 'content-length': '849', 'openstack-api-version': 'volume 3.0', 'vary': 'OpenStack-API-Version', 'x-openstack-request-id': 'req-fec02a5b-dc69-4019-88fc-f800dc1d2b8d', 'connection': 'close', 'status': '200', 'content-location': 'http://10.132.239.110/volume/v3/volumes/562cebe3-533a-45e6-922b-3d404b863af1'}
        Body: b'{"volume": {"id": "562cebe3-533a-45e6-922b-3d404b863af1", "status": "deleting", "size": 1, "availability_zone": "nova", "created_at": "2026-09-25T09:53:22.000000", "updated_at": "2026-09-25T09:53:26.000000", "name": "tempest-VolumesDeleteCascade-Volume-1396893735", "description": null, "volume_type": "arcusfc1", "snapshot_id": null, "source_volid": null, "metadata": {}, "links": [{"rel": "self", "href": "http://10.132.239.110/volume/v3/volumes/562cebe3-533a-45e6-922b-3d404b863af1"}, {"rel": "bookmark", "href": "http://10.132.239.110/volume/volumes/562cebe3-533a-45e6-922b-3d404b863af1"}], "user_id": "16783d7c80c64e54afe935a0d27fa174", "bootable": "false", "encrypted": false, "replication_status": null, "consistencygroup_id": null, "multiattach": false, "attachments": [], "os-vol-tenant-attr:tenant_id": "234aae29f86546a2963cb3339c28a9c1"}}'
2026-09-25 09:54:56,763 3735175 INFO     [tempest.lib.common.rest_client] Request (VolumesDeleteCascade:test_volume_from_snapshot_cascade_delete): 200 GET http:/
    /10.132.239.110/volume/v3/volumes/562cebe3-533a-45e6-922b-3d404b863af1 0.054s
2026-09-25 09:54:56,764 3735175 DEBUG    [tempest.lib.common.rest_client] Request - Headers: {'Content-Type': 'application/json', 'Accept': 'application/json', 'X-Auth-Token': '<omitted>'}
        Body: None
    Response - Headers: {'date': 'Fri, 25 Sep 2026 09:54:56 GMT', 'server': 'Apache/2.4.58 (Ubuntu)', 'content-type': 'application/json', 'x-compute-request-id': 'req-4564d326-9a55-486b-bc7d-d930d15c241d', 'content-length': '849', 'openstack-api-version': 'volume 3.0', 'vary': 'OpenStack-API-Version', 'x-openstack-request-id': 'req-4564d326-9a55-486b-bc7d-d930d15c241d', 'connection': 'close', 'status': '200', 'content-location': 'http://10.132.239.110/volume/v3/volumes/562cebe3-533a-45e6-922b-3d404b863af1'}
        Body: b'{"volume": {"id": "562cebe3-533a-45e6-922b-3d404b863af1", "status": "deleting", "size": 1, "availability_zone": "nova", "created_at": "2026-09-25T09:53:22.000000", "updated_at": "2026-09-25T09:53:26.000000", "name": "tempest-VolumesDeleteCascade-Volume-1396893735", "description": null, "volume_type": "arcusfc1", "snapshot_id": null, "source_volid": null, "metadata": {}, "links": [{"rel": "self", "href": "http://10.132.239.110/volume/v3/volumes/562cebe3-533a-45e6-922b-3d404b863af1"}, {"rel": "bookmark", "href": "http://10.132.239.110/volume/volumes/562cebe3-533a-45e6-922b-3d404b863af1"}], "user_id": "16783d7c80c64e54afe935a0d27fa174", "bootable": "false", "encrypted": false, "replication_status": null, "consistencygroup_id": null, "multiattach": false, "attachments": [], "os-vol-tenant-attr:tenant_id": "234aae29f86546a2963cb3339c28a9c1"}}'
2026-09-25 09:54:57,837 3735175 INFO     [tempest.lib.common.rest_client] Request (VolumesDeleteCascade:test_volume_from_snapshot_cascade_delete): 200 GET http://10.132.239.110/volume/v3/volumes/562cebe3-533a-45e6-922b-3d404b863af1 0.056s
2026-09-25 09:54:57,837 3735175 DEBUG    [tempest.lib.common.rest_client] Request - Headers: {'Content-Type': 'application/json', 'Accept': 'application/json', 'X-Auth-Token': '<omitted>'}
        Body: None
    Response - Headers: {'date': 'Fri, 25 Sep 2026 09:54:57 GMT', 'server': 'Apache/2.4.58 (Ubuntu)', 'content-type': 'application/json', 'x-compute-request-id': 'req-3d8b2327-e7e1-4b0e-9696-1f535df3b9bd', 'content-length': '849', 'openstack-api-version': 'volume 3.0', 'vary': 'OpenStack-API-Version', 'x-openstack-request-id': 'req-3d8b2327-e7e1-4b0e-9696-1f535df3b9bd', 'connection': 'close', 'status': '200', 'content-location': 'http://10.132.239.110/volume/v3/volumes/562cebe3-533a-45e6-922b-3d404b863af1'}
        Body: b'{"volume": {"id": "562cebe3-533a-45e6-922b-3d404b863af1", "status": "deleting", "size": 1, "availability_zone": "nova", "created_at": "2026-09-25T09:53:22.000000", "updated_at": "2026-09-25T09:53:26.000000", "name": "tempest-VolumesDeleteCascade-Volume-1396893735", "description": null, "volume_type": "arcusfc1", "snapshot_id": null, "source_volid": null, "metadata": {}, "links": [{"rel": "self", "href": "http://10.132.239.110/volume/v3/volumes/562cebe3-533a-45e6-922b-3d404b863af1"}, {"rel": "bookmark", "href": "http://10.132.239.110/volume/volumes/562cebe3-533a-45e6-922b-3d404b863af1"}], "user_id": "16783d7c80c64e54afe935a0d27fa174", "bootable": "false", "encrypted": false, "replication_status": null, "consistencygroup_id": null, "multiattach": false, "attachments": [], "os-vol-tenant-attr:tenant_id": "234aae29f86546a2963cb3339c28a9c1"}}'
2026-09-25 09:54:58,913 3735175 INFO     [tempest.lib.common.rest_client] Request (VolumesDeleteCascade:test_volume_from_snapshot_cascade_delete): 200 GET http://10.132.239.110/volume/v3/volumes/562cebe3-533a-45e6-922b-3d404b863af1 0.060s
2026-09-25 09:54:58,914 3735175 DEBUG    [tempest.lib.common.rest_client] Request - Headers: {'Content-Type': 'application/json', 'Accept': 'application/json', 'X-Auth-Token': '<omitted>'}
        Body: None
    Response - Headers: {'date': 'Fri, 25 Sep 2026 09:54:58 GMT', 'server': 'Apache/2.4.58 (Ubuntu)', 'content-type': 'application/json', 'x-compute-request
    -id': 'req-3f1c3f2d-c352-4cf4-b702-ed493bda5868', 'content-length': '849', 'openstack-api-version': 'volume 3.0', 'vary': 'OpenStack-API-Version', 'x-openstack-request-id': 'req-3f1c3f2d-c352-4cf4-b702-ed493bda5868', 'connection': 'close', 'status': '200', 'content-location': 'http://10.132.239.110/volume/v3/volumes/562cebe3-533a-45e6-922b-3d404b863af1'}
        Body: b'{"volume": {"id": "562cebe3-533a-45e6-922b-3d404b863af1", "status": "deleting", "size": 1, "availability_zone": "nova", "created_at": "2026-09-25T09:53:22.000000", "updated_at": "2026-09-25T09:53:26.000000", "name": "tempest-VolumesDeleteCascade-Volume-1396893735", "description": null, "volume_type": "arcusfc1", "snapshot_id": null, "source_volid": null, "metadata": {}, "links": [{"rel": "self", "href": "http://10.132.239.110/volume/v3/volumes/562cebe3-533a-45e6-922b-3d404b863af1"}, {"rel": "bookmark", "href": "http://10.132.239.110/volume/volumes/562cebe3-533a-45e6-922b-3d404b863af1"}], "user_id": "16783d7c80c64e54afe935a0d27fa174", "bootable": "false", "encrypted": false, "replication_status": null, "consistencygroup_id": null, "multiattach": false, "attachments": [], "os-vol-tenant-attr:tenant_id": "234aae29f86546a2963cb3339c28a9c1"}}'
2026-09-25 09:54:59,980 3735175 INFO     [tempest.lib.common.rest_client] Request (VolumesDeleteCascade:test_volume_from_snapshot_cascade_delete): 200 GET http://10.132.239.110/volume/v3/volumes/562cebe3-533a-45e6-922b-3d404b863af1 0.051s
2026-09-25 09:54:59,981 3735175 DEBUG    [tempest.lib.common.rest_client] Request - Headers: {'Content-Type': 'application/json', 'Accept': 'application/json', 'X-Auth-Token': '<omitted>'}
        Body: None
    Response - Headers: {'date': 'Fri, 25 Sep 2026 09:54:59 GMT', 'server': 'Apache/2.4.58 (Ubuntu)', 'content-type': 'application/json', 'x-compute-request-id': 'req-c26a5031-3853-4835-a934-64c3901832b8', 'content-length': '849', 'openstack-api-version': 'volume 3.0', 'vary': 'OpenStack-API-Version', 'x-openstack-request-id': 'req-c26a5031-3853-4835-a934-64c3901832b8', 'connection': 'close', 'status': '200', 'content-location': 'http://10.132.239.110/volume/v3/volumes/562cebe3-533a-45e6-922b-3d404b863af1'}
        Body: b'{"volume": {"id": "562cebe3-533a-45e6-922b-3d404b863af1", "status": "deleting", "size": 1, "availability_zone": "nova", "created_at": "2026-09-25T09:53:22.000000", "updated_at": "2026-09-25T09:53:26.000000", "name": "tempest-VolumesDeleteCascade-Volume-1396893735", "description": null, "volume_type": "arcusfc1", "snapshot_id": null, "source_volid": null, "metadata": {}, "links": [{"rel": "self", "href": "http://10.132.239.110/volume/v3/volumes/562cebe3-533a-45e6-922b-3d404b863af1"}, {"rel": "bookmark", "href": "http://10.132.239.110/volume/volumes/562cebe3-533a-45e6-922b-3d404b863af1"}], "user_id": "16783d7c80c64e54afe935a0d27fa174", "bootable": "false", "encrypted": false, "replication_status": null, "consistencygroup_id": null, "multiattach": false, "attachments": [], "os-vol-tenant-attr:tenant_id": "234aae29f86546a2963cb3339c28a9c1"}}'
2026-09-25 09:55:01,064 3735175 INFO     [tempest.lib.common.rest_client] Request (VolumesDeleteCascade:test_volume_from_snapshot_cascade_delete): 200 GET http://10.132.239.110/volume/v3/volumes/562cebe3-533a-45e6-922b-3d404b863af1 0.061s
2026-09-25 09:55:01,064 3735175 DEBUG    [tempest.lib.common.rest_client] Request - Headers: {'Content-Type': 'application/json', 'Accept': 'application/json', 'X-Auth-Token': '<omitted>'}
        Body: None
    Response - Headers: {'date': 'Fri, 25 Sep 2026 09:55:01 GMT', 'server': 'Apache/2.4.58 (Ubuntu)', 'content-type': 'application/json', 'x-compute-request-id': 'req-5469a1fb-5d84-4d07-b8c3-60f382794a44', 'content-length': '849', 'openstack-api-version': 'volume 3.0', 'vary': 'OpenStack-API-Version', 'x-openstack-request-id': 'req-5469a1fb-5d84-4d07-b8c3-60f382794a44', 'connection': 'close', 'status': '200', 'content-location': 'http://10.132.239.110/volume/v3/volumes/562cebe3-533a-45e6-922b-3d404b863af1'}
        Body: b'{"volume": {"id": "562cebe3-533a-45e6-922b-3d404b863af1", "status": "
    deleting", "size": 1, "availability_zone": "nova", "created_at": "2026-09-25T09:53:22.000000", "updated_at": "2026-09-25T09:53:26.000000", "name": "tempest-VolumesDeleteCascade-Volume-1396893735", "description": null, "volume_type": "arcusfc1", "snapshot_id": null, "source_volid": null, "metadata": {}, "links": [{"rel": "self", "href": "http://10.132.239.110/volume/v3/volumes/562cebe3-533a-45e6-922b-3d404b863af1"}, {"rel": "bookmark", "href": "http://10.132.239.110/volume/volumes/562cebe3-533a-45e6-922b-3d404b863af1"}], "user_id": "16783d7c80c64e54afe935a0d27fa174", "bootable": "false", "encrypted": false, "replication_status": null, "consistencygroup_id": null, "multiattach": false, "attachments": [], "os-vol-tenant-attr:tenant_id": "234aae29f86546a2963cb3339c28a9c1"}}'
2026-09-25 09:55:02,133 3735175 INFO     [tempest.lib.common.rest_client] Request (VolumesDeleteCascade:test_volume_from_snapshot_cascade_delete): 200 GET http://10.132.239.110/volume/v3/volumes/562cebe3-533a-45e6-922b-3d404b863af1 0.052s
2026-09-25 09:55:02,134 3735175 DEBUG    [tempest.lib.common.rest_client] Request - Headers: {'Content-Type': 'application/json', 'Accept': 'application/json', 'X-Auth-Token': '<omitted>'}
        Body: None
    Response - Headers: {'date': 'Fri, 25 Sep 2026 09:55:02 GMT', 'server': 'Apache/2.4.58 (Ubuntu)', 'content-type': 'application/json', 'x-compute-request-id': 'req-1841c110-caf9-422a-845c-12677f53427f', 'content-length': '849', 'openstack-api-version': 'volume 3.0', 'vary': 'OpenStack-API-Version', 'x-openstack-request-id': 'req-1841c110-caf9-422a-845c-12677f53427f', 'connection': 'close', 'status': '200', 'content-location': 'http://10.132.239.110/volume/v3/volumes/562cebe3-533a-45e6-922b-3d404b863af1'}
        Body: b'{"volume": {"id": "562cebe3-533a-45e6-922b-3d404b863af1", "status": "deleting", "size": 1, "availability_zone": "nova", "created_at": "2026-09-25T09:53:22.000000", "updated_at": "2026-09-25T09:53:26.000000", "name": "tempest-VolumesDeleteCascade-Volume-1396893735", "description": null, "volume_type": "arcusfc1", "snapshot_id": null, "source_volid": null, "metadata": {}, "links": [{"rel": "self", "href": "http://10.132.239.110/volume/v3/volumes/562cebe3-533a-45e6-922b-3d404b863af1"}, {"rel": "bookmark", "href": "http://10.132.239.110/volume/volumes/562cebe3-533a-45e6-922b-3d404b863af1"}], "user_id": "16783d7c80c64e54afe935a0d27fa174", "bootable": "false", "encrypted": false, "replication_status": null, "consistencygroup_id": null, "multiattach": false, "attachments": [], "os-vol-tenant-attr:tenant_id": "234aae29f86546a2963cb3339c28a9c1"}}'
2026-09-25 09:55:03,212 3735175 INFO     [tempest.lib.common.rest_client] Request (VolumesDeleteCascade:test_volume_from_snapshot_cascade_delete): 200 GET http://10.132.239.110/volume/v3/volumes/562cebe3-533a-45e6-922b-3d404b863af1 0.060s
2026-09-25 09:55:03,212 3735175 DEBUG    [tempest.lib.common.rest_client] Request - Headers: {'Content-Type': 'application/json', 'Accept': 'application/json', 'X-Auth-Token': '<omitted>'}
        Body: None
    Response - Headers: {'date': 'Fri, 25 Sep 2026 09:55:03 GMT', 'server': 'Apache/2.4.58 (Ubuntu)', 'content-type': 'application/json', 'x-compute-request-id': 'req-318ef65f-98a0-4a19-b86f-49c583caf25a', 'content-length': '849', 'openstack-api-version': 'volume 3.0', 'vary': 'OpenStack-API-Version', 'x-openstack-request-id': 'req-318ef65f-98a0-4a19-b86f-49c583caf25a', 'connection': 'close', 'status': '200', 'content-location': 'http://10.132.239.110/volume/v3/volumes/562cebe3-533a-45e6-922b-3d404b863af1'}
        Body: b'{"volume": {"id": "562cebe3-533a-45e6-922b-3d404b863af1", "status": "deleting", "size": 1, "availability_zone": "nova", "created_at": "2026-09-25T09:53:22.000000", "updated_at": "2026-09-25T09:53:26.000000", "name": "tempest-VolumesDeleteCascade-Volume-1396893735", "description": null, "volume_type": "arcusfc1", "snapshot_id": null, "source_volid": null, "metadata": {}, "links": [{"rel": "self", "href": "http://10.132.239.110/volume/v3/volumes/562cebe3-533a-45e6-922b-3d404b863af1"}, {"rel": "bookmark", "hr
    ef": "http://10.132.239.110/volume/volumes/562cebe3-533a-45e6-922b-3d404b863af1"}], "user_id": "16783d7c80c64e54afe935a0d27fa174", "bootable": "false", "encrypted": false, "replication_status": null, "consistencygroup_id": null, "multiattach": false, "attachments": [], "os-vol-tenant-attr:tenant_id": "234aae29f86546a2963cb3339c28a9c1"}}'
2026-09-25 09:55:04,294 3735175 INFO     [tempest.lib.common.rest_client] Request (VolumesDeleteCascade:test_volume_from_snapshot_cascade_delete): 200 GET http://10.132.239.110/volume/v3/volumes/562cebe3-533a-45e6-922b-3d404b863af1 0.065s
2026-09-25 09:55:04,295 3735175 DEBUG    [tempest.lib.common.rest_client] Request - Headers: {'Content-Type': 'application/json', 'Accept': 'application/json', 'X-Auth-Token': '<omitted>'}
        Body: None
    Response - Headers: {'date': 'Fri, 25 Sep 2026 09:55:04 GMT', 'server': 'Apache/2.4.58 (Ubuntu)', 'content-type': 'application/json', 'x-compute-request-id': 'req-b5d09d3f-5b2b-45ed-a0d0-6b9f4a0b79dd', 'content-length': '849', 'openstack-api-version': 'volume 3.0', 'vary': 'OpenStack-API-Version', 'x-openstack-request-id': 'req-b5d09d3f-5b2b-45ed-a0d0-6b9f4a0b79dd', 'connection': 'close', 'status': '200', 'content-location': 'http://10.132.239.110/volume/v3/volumes/562cebe3-533a-45e6-922b-3d404b863af1'}
        Body: b'{"volume": {"id": "562cebe3-533a-45e6-922b-3d404b863af1", "status": "deleting", "size": 1, "availability_zone": "nova", "created_at": "2026-09-25T09:53:22.000000", "updated_at": "2026-09-25T09:53:26.000000", "name": "tempest-VolumesDeleteCascade-Volume-1396893735", "description": null, "volume_type": "arcusfc1", "snapshot_id": null, "source_volid": null, "metadata": {}, "links": [{"rel": "self", "href": "http://10.132.239.110/volume/v3/volumes/562cebe3-533a-45e6-922b-3d404b863af1"}, {"rel": "bookmark", "href": "http://10.132.239.110/volume/volumes/562cebe3-533a-45e6-922b-3d404b863af1"}], "user_id": "16783d7c80c64e54afe935a0d27fa174", "bootable": "false", "encrypted": false, "replication_status": null, "consistencygroup_id": null, "multiattach": false, "attachments": [], "os-vol-tenant-attr:tenant_id": "234aae29f86546a2963cb3339c28a9c1"}}'
2026-09-25 09:55:05,366 3735175 INFO     [tempest.lib.common.rest_client] Request (VolumesDeleteCascade:test_volume_from_snapshot_cascade_delete): 200 GET http://10.132.239.110/volume/v3/volumes/562cebe3-533a-45e6-922b-3d404b863af1 0.053s
2026-09-25 09:55:05,367 3735175 DEBUG    [tempest.lib.common.rest_client] Request - Headers: {'Content-Type': 'application/json', 'Accept': 'application/json', 'X-Auth-Token': '<omitted>'}
        Body: None
    Response - Headers: {'date': 'Fri, 25 Sep 2026 09:55:05 GMT', 'server': 'Apache/2.4.58 (Ubuntu)', 'content-type': 'application/json', 'x-compute-request-id': 'req-2490702b-f88f-48d0-a15b-c23f27de669b', 'content-length': '849', 'openstack-api-version': 'volume 3.0', 'vary': 'OpenStack-API-Version', 'x-openstack-request-id': 'req-2490702b-f88f-48d0-a15b-c23f27de669b', 'connection': 'close', 'status': '200', 'content-location': 'http://10.132.239.110/volume/v3/volumes/562cebe3-533a-45e6-922b-3d404b863af1'}
        Body: b'{"volume": {"id": "562cebe3-533a-45e6-922b-3d404b863af1", "status": "deleting", "size": 1, "availability_zone": "nova", "created_at": "2026-09-25T09:53:22.000000", "updated_at": "2026-09-25T09:53:26.000000", "name": "tempest-VolumesDeleteCascade-Volume-1396893735", "description": null, "volume_type": "arcusfc1", "snapshot_id": null, "source_volid": null, "metadata": {}, "links": [{"rel": "self", "href": "http://10.132.239.110/volume/v3/volumes/562cebe3-533a-45e6-922b-3d404b863af1"}, {"rel": "bookmark", "href": "http://10.132.239.110/volume/volumes/562cebe3-533a-45e6-922b-3d404b863af1"}], "user_id": "16783d7c80c64e54afe935a0d27fa174", "bootable": "false", "encrypted": false, "replication_status": null, "consistencygroup_id": null, "multiattach": false, "attachments": [], "os-vol-tenant-attr:tenant_id": "234aae29f86546a2963cb3339c28a9c1"}}'
2026-09-25 09:55:06,444 3735175 INFO     [tempest.lib.common.rest_client] Request (VolumesDeleteCascad
    e:test_volume_from_snapshot_cascade_delete): 200 GET http://10.132.239.110/volume/v3/volumes/562cebe3-533a-45e6-922b-3d404b863af1 0.056s
2026-09-25 09:55:06,444 3735175 DEBUG    [tempest.lib.common.rest_client] Request - Headers: {'Content-Type': 'application/json', 'Accept': 'application/json', 'X-Auth-Token': '<omitted>'}
        Body: None
    Response - Headers: {'date': 'Fri, 25 Sep 2026 09:55:06 GMT', 'server': 'Apache/2.4.58 (Ubuntu)', 'content-type': 'application/json', 'x-compute-request-id': 'req-144db3be-1bbd-4f9d-9ce8-19f169e17356', 'content-length': '849', 'openstack-api-version': 'volume 3.0', 'vary': 'OpenStack-API-Version', 'x-openstack-request-id': 'req-144db3be-1bbd-4f9d-9ce8-19f169e17356', 'connection': 'close', 'status': '200', 'content-location': 'http://10.132.239.110/volume/v3/volumes/562cebe3-533a-45e6-922b-3d404b863af1'}
        Body: b'{"volume": {"id": "562cebe3-533a-45e6-922b-3d404b863af1", "status": "deleting", "size": 1, "availability_zone": "nova", "created_at": "2026-09-25T09:53:22.000000", "updated_at": "2026-09-25T09:53:26.000000", "name": "tempest-VolumesDeleteCascade-Volume-1396893735", "description": null, "volume_type": "arcusfc1", "snapshot_id": null, "source_volid": null, "metadata": {}, "links": [{"rel": "self", "href": "http://10.132.239.110/volume/v3/volumes/562cebe3-533a-45e6-922b-3d404b863af1"}, {"rel": "bookmark", "href": "http://10.132.239.110/volume/volumes/562cebe3-533a-45e6-922b-3d404b863af1"}], "user_id": "16783d7c80c64e54afe935a0d27fa174", "bootable": "false", "encrypted": false, "replication_status": null, "consistencygroup_id": null, "multiattach": false, "attachments": [], "os-vol-tenant-attr:tenant_id": "234aae29f86546a2963cb3339c28a9c1"}}'
2026-09-25 09:55:07,518 3735175 INFO     [tempest.lib.common.rest_client] Request (VolumesDeleteCascade:test_volume_from_snapshot_cascade_delete): 200 GET http://10.132.239.110/volume/v3/volumes/562cebe3-533a-45e6-922b-3d404b863af1 0.058s
2026-09-25 09:55:07,519 3735175 DEBUG    [tempest.lib.common.rest_client] Request - Headers: {'Content-Type': 'application/json', 'Accept': 'application/json', 'X-Auth-Token': '<omitted>'}
        Body: None
    Response - Headers: {'date': 'Fri, 25 Sep 2026 09:55:07 GMT', 'server': 'Apache/2.4.58 (Ubuntu)', 'content-type': 'application/json', 'x-compute-request-id': 'req-19e5b805-0ebd-40a2-add3-f0b9ef89d5a1', 'content-length': '849', 'openstack-api-version': 'volume 3.0', 'vary': 'OpenStack-API-Version', 'x-openstack-request-id': 'req-19e5b805-0ebd-40a2-add3-f0b9ef89d5a1', 'connection': 'close', 'status': '200', 'content-location': 'http://10.132.239.110/volume/v3/volumes/562cebe3-533a-45e6-922b-3d404b863af1'}
        Body: b'{"volume": {"id": "562cebe3-533a-45e6-922b-3d404b863af1", "status": "deleting", "size": 1, "availability_zone": "nova", "created_at": "2026-09-25T09:53:22.000000", "updated_at": "2026-09-25T09:53:26.000000", "name": "tempest-VolumesDeleteCascade-Volume-1396893735", "description": null, "volume_type": "arcusfc1", "snapshot_id": null, "source_volid": null, "metadata": {}, "links": [{"rel": "self", "href": "http://10.132.239.110/volume/v3/volumes/562cebe3-533a-45e6-922b-3d404b863af1"}, {"rel": "bookmark", "href": "http://10.132.239.110/volume/volumes/562cebe3-533a-45e6-922b-3d404b863af1"}], "user_id": "16783d7c80c64e54afe935a0d27fa174", "bootable": "false", "encrypted": false, "replication_status": null, "consistencygroup_id": null, "multiattach": false, "attachments": [], "os-vol-tenant-attr:tenant_id": "234aae29f86546a2963cb3339c28a9c1"}}'
2026-09-25 09:55:08,595 3735175 INFO     [tempest.lib.common.rest_client] Request (VolumesDeleteCascade:test_volume_from_snapshot_cascade_delete): 200 GET http://10.132.239.110/volume/v3/volumes/562cebe3-533a-45e6-922b-3d404b863af1 0.061s
2026-09-25 09:55:08,596 3735175 DEBUG    [tempest.lib.common.rest_client] Request - Headers: {'Content-Type': 'application/json', 'Accept': 'application/json', 'X-Auth-Token': '<omitted>'}
        Body: None
    Response - Headers: {'date': 'Fri, 25 Sep 2026 09:55:08 GMT', 'server': 'Apache/2.4.58 (Ubunt
    u)', 'content-type': 'application/json', 'x-compute-request-id': 'req-b23a9ebc-90e6-4e6e-bd66-4894556ebfc5', 'content-length': '849', 'openstack-api-version': 'volume 3.0', 'vary': 'OpenStack-API-Version', 'x-openstack-request-id': 'req-b23a9ebc-90e6-4e6e-bd66-4894556ebfc5', 'connection': 'close', 'status': '200', 'content-location': 'http://10.132.239.110/volume/v3/volumes/562cebe3-533a-45e6-922b-3d404b863af1'}
        Body: b'{"volume": {"id": "562cebe3-533a-45e6-922b-3d404b863af1", "status": "deleting", "size": 1, "availability_zone": "nova", "created_at": "2026-09-25T09:53:22.000000", "updated_at": "2026-09-25T09:53:26.000000", "name": "tempest-VolumesDeleteCascade-Volume-1396893735", "description": null, "volume_type": "arcusfc1", "snapshot_id": null, "source_volid": null, "metadata": {}, "links": [{"rel": "self", "href": "http://10.132.239.110/volume/v3/volumes/562cebe3-533a-45e6-922b-3d404b863af1"}, {"rel": "bookmark", "href": "http://10.132.239.110/volume/volumes/562cebe3-533a-45e6-922b-3d404b863af1"}], "user_id": "16783d7c80c64e54afe935a0d27fa174", "bootable": "false", "encrypted": false, "replication_status": null, "consistencygroup_id": null, "multiattach": false, "attachments": [], "os-vol-tenant-attr:tenant_id": "234aae29f86546a2963cb3339c28a9c1"}}'
2026-09-25 09:55:09,666 3735175 INFO     [tempest.lib.common.rest_client] Request (VolumesDeleteCascade:test_volume_from_snapshot_cascade_delete): 200 GET http://10.132.239.110/volume/v3/volumes/562cebe3-533a-45e6-922b-3d404b863af1 0.053s
2026-09-25 09:55:09,667 3735175 DEBUG    [tempest.lib.common.rest_client] Request - Headers: {'Content-Type': 'application/json', 'Accept': 'application/json', 'X-Auth-Token': '<omitted>'}
        Body: None
    Response - Headers: {'date': 'Fri, 25 Sep 2026 09:55:09 GMT', 'server': 'Apache/2.4.58 (Ubuntu)', 'content-type': 'application/json', 'x-compute-request-id': 'req-ec13b91c-6133-4dc7-8584-f17b7191bdfd', 'content-length': '849', 'openstack-api-version': 'volume 3.0', 'vary': 'OpenStack-API-Version', 'x-openstack-request-id': 'req-ec13b91c-6133-4dc7-8584-f17b7191bdfd', 'connection': 'close', 'status': '200', 'content-location': 'http://10.132.239.110/volume/v3/volumes/562cebe3-533a-45e6-922b-3d404b863af1'}
        Body: b'{"volume": {"id": "562cebe3-533a-45e6-922b-3d404b863af1", "status": "deleting", "size": 1, "availability_zone": "nova", "created_at": "2026-09-25T09:53:22.000000", "updated_at": "2026-09-25T09:53:26.000000", "name": "tempest-VolumesDeleteCascade-Volume-1396893735", "description": null, "volume_type": "arcusfc1", "snapshot_id": null, "source_volid": null, "metadata": {}, "links": [{"rel": "self", "href": "http://10.132.239.110/volume/v3/volumes/562cebe3-533a-45e6-922b-3d404b863af1"}, {"rel": "bookmark", "href": "http://10.132.239.110/volume/volumes/562cebe3-533a-45e6-922b-3d404b863af1"}], "user_id": "16783d7c80c64e54afe935a0d27fa174", "bootable": "false", "encrypted": false, "replication_status": null, "consistencygroup_id": null, "multiattach": false, "attachments": [], "os-vol-tenant-attr:tenant_id": "234aae29f86546a2963cb3339c28a9c1"}}'
2026-09-25 09:55:10,739 3735175 INFO     [tempest.lib.common.rest_client] Request (VolumesDeleteCascade:test_volume_from_snapshot_cascade_delete): 200 GET http://10.132.239.110/volume/v3/volumes/562cebe3-533a-45e6-922b-3d404b863af1 0.057s
2026-09-25 09:55:10,740 3735175 DEBUG    [tempest.lib.common.rest_client] Request - Headers: {'Content-Type': 'application/json', 'Accept': 'application/json', 'X-Auth-Token': '<omitted>'}
        Body: None
    Response - Headers: {'date': 'Fri, 25 Sep 2026 09:55:10 GMT', 'server': 'Apache/2.4.58 (Ubuntu)', 'content-type': 'application/json', 'x-compute-request-id': 'req-110cc964-b94f-498e-8588-bc05a3f9d40f', 'content-length': '849', 'openstack-api-version': 'volume 3.0', 'vary': 'OpenStack-API-Version', 'x-openstack-request-id': 'req-110cc964-b94f-498e-8588-bc05a3f9d40f', 'connection': 'close', 'status': '200', 'content-location': 'http://10.132.239.110/volume/v3/volumes/562cebe3-533a-45e6-922b-3d404b863af1'}
        Body: b'{"volume":
     {"id": "562cebe3-533a-45e6-922b-3d404b863af1", "status": "deleting", "size": 1, "availability_zone": "nova", "created_at": "2026-09-25T09:53:22.000000", "updated_at": "2026-09-25T09:53:26.000000", "name": "tempest-VolumesDeleteCascade-Volume-1396893735", "description": null, "volume_type": "arcusfc1", "snapshot_id": null, "source_volid": null, "metadata": {}, "links": [{"rel": "self", "href": "http://10.132.239.110/volume/v3/volumes/562cebe3-533a-45e6-922b-3d404b863af1"}, {"rel": "bookmark", "href": "http://10.132.239.110/volume/volumes/562cebe3-533a-45e6-922b-3d404b863af1"}], "user_id": "16783d7c80c64e54afe935a0d27fa174", "bootable": "false", "encrypted": false, "replication_status": null, "consistencygroup_id": null, "multiattach": false, "attachments": [], "os-vol-tenant-attr:tenant_id": "234aae29f86546a2963cb3339c28a9c1"}}'
2026-09-25 09:55:11,810 3735175 INFO     [tempest.lib.common.rest_client] Request (VolumesDeleteCascade:test_volume_from_snapshot_cascade_delete): 200 GET http://10.132.239.110/volume/v3/volumes/562cebe3-533a-45e6-922b-3d404b863af1 0.053s
2026-09-25 09:55:11,811 3735175 DEBUG    [tempest.lib.common.rest_client] Request - Headers: {'Content-Type': 'application/json', 'Accept': 'application/json', 'X-Auth-Token': '<omitted>'}
        Body: None
    Response - Headers: {'date': 'Fri, 25 Sep 2026 09:55:11 GMT', 'server': 'Apache/2.4.58 (Ubuntu)', 'content-type': 'application/json', 'x-compute-request-id': 'req-a301ca20-ab88-49c0-8e91-24994c137f91', 'content-length': '849', 'openstack-api-version': 'volume 3.0', 'vary': 'OpenStack-API-Version', 'x-openstack-request-id': 'req-a301ca20-ab88-49c0-8e91-24994c137f91', 'connection': 'close', 'status': '200', 'content-location': 'http://10.132.239.110/volume/v3/volumes/562cebe3-533a-45e6-922b-3d404b863af1'}
        Body: b'{"volume": {"id": "562cebe3-533a-45e6-922b-3d404b863af1", "status": "deleting", "size": 1, "availability_zone": "nova", "created_at": "2026-09-25T09:53:22.000000", "updated_at": "2026-09-25T09:53:26.000000", "name": "tempest-VolumesDeleteCascade-Volume-1396893735", "description": null, "volume_type": "arcusfc1", "snapshot_id": null, "source_volid": null, "metadata": {}, "links": [{"rel": "self", "href": "http://10.132.239.110/volume/v3/volumes/562cebe3-533a-45e6-922b-3d404b863af1"}, {"rel": "bookmark", "href": "http://10.132.239.110/volume/volumes/562cebe3-533a-45e6-922b-3d404b863af1"}], "user_id": "16783d7c80c64e54afe935a0d27fa174", "bootable": "false", "encrypted": false, "replication_status": null, "consistencygroup_id": null, "multiattach": false, "attachments": [], "os-vol-tenant-attr:tenant_id": "234aae29f86546a2963cb3339c28a9c1"}}'
2026-09-25 09:55:12,894 3735175 INFO     [tempest.lib.common.rest_client] Request (VolumesDeleteCascade:test_volume_from_snapshot_cascade_delete): 200 GET http://10.132.239.110/volume/v3/volumes/562cebe3-533a-45e6-922b-3d404b863af1 0.067s
2026-09-25 09:55:12,895 3735175 DEBUG    [tempest.lib.common.rest_client] Request - Headers: {'Content-Type': 'application/json', 'Accept': 'application/json', 'X-Auth-Token': '<omitted>'}
        Body: None
    Response - Headers: {'date': 'Fri, 25 Sep 2026 09:55:12 GMT', 'server': 'Apache/2.4.58 (Ubuntu)', 'content-type': 'application/json', 'x-compute-request-id': 'req-dc11fb7a-8b0f-4824-b7c2-d8b263732193', 'content-length': '849', 'openstack-api-version': 'volume 3.0', 'vary': 'OpenStack-API-Version', 'x-openstack-request-id': 'req-dc11fb7a-8b0f-4824-b7c2-d8b263732193', 'connection': 'close', 'status': '200', 'content-location': 'http://10.132.239.110/volume/v3/volumes/562cebe3-533a-45e6-922b-3d404b863af1'}
        Body: b'{"volume": {"id": "562cebe3-533a-45e6-922b-3d404b863af1", "status": "deleting", "size": 1, "availability_zone": "nova", "created_at": "2026-09-25T09:53:22.000000", "updated_at": "2026-09-25T09:53:26.000000", "name": "tempest-VolumesDeleteCascade-Volume-1396893735", "description": null, "volume_type": "arcusfc1", "snapshot_id": null, "source_volid": null, "metadata": {}, "links": [{"rel": "self", "href": "http://10.132.239.110/volume/v3/volumes/562c
    ebe3-533a-45e6-922b-3d404b863af1"}, {"rel": "bookmark", "href": "http://10.132.239.110/volume/volumes/562cebe3-533a-45e6-922b-3d404b863af1"}], "user_id": "16783d7c80c64e54afe935a0d27fa174", "bootable": "false", "encrypted": false, "replication_status": null, "consistencygroup_id": null, "multiattach": false, "attachments": [], "os-vol-tenant-attr:tenant_id": "234aae29f86546a2963cb3339c28a9c1"}}'
2026-09-25 09:55:13,988 3735175 INFO     [tempest.lib.common.rest_client] Request (VolumesDeleteCascade:test_volume_from_snapshot_cascade_delete): 200 GET http://10.132.239.110/volume/v3/volumes/562cebe3-533a-45e6-922b-3d404b863af1 0.060s
2026-09-25 09:55:13,988 3735175 DEBUG    [tempest.lib.common.rest_client] Request - Headers: {'Content-Type': 'application/json', 'Accept': 'application/json', 'X-Auth-Token': '<omitted>'}
        Body: None
    Response - Headers: {'date': 'Fri, 25 Sep 2026 09:55:13 GMT', 'server': 'Apache/2.4.58 (Ubuntu)', 'content-type': 'application/json', 'x-compute-request-id': 'req-ed0cc482-df62-4153-a066-63d49e9fa1a6', 'content-length': '849', 'openstack-api-version': 'volume 3.0', 'vary': 'OpenStack-API-Version', 'x-openstack-request-id': 'req-ed0cc482-df62-4153-a066-63d49e9fa1a6', 'connection': 'close', 'status': '200', 'content-location': 'http://10.132.239.110/volume/v3/volumes/562cebe3-533a-45e6-922b-3d404b863af1'}
        Body: b'{"volume": {"id": "562cebe3-533a-45e6-922b-3d404b863af1", "status": "deleting", "size": 1, "availability_zone": "nova", "created_at": "2026-09-25T09:53:22.000000", "updated_at": "2026-09-25T09:53:26.000000", "name": "tempest-VolumesDeleteCascade-Volume-1396893735", "description": null, "volume_type": "arcusfc1", "snapshot_id": null, "source_volid": null, "metadata": {}, "links": [{"rel": "self", "href": "http://10.132.239.110/volume/v3/volumes/562cebe3-533a-45e6-922b-3d404b863af1"}, {"rel": "bookmark", "href": "http://10.132.239.110/volume/volumes/562cebe3-533a-45e6-922b-3d404b863af1"}], "user_id": "16783d7c80c64e54afe935a0d27fa174", "bootable": "false", "encrypted": false, "replication_status": null, "consistencygroup_id": null, "multiattach": false, "attachments": [], "os-vol-tenant-attr:tenant_id": "234aae29f86546a2963cb3339c28a9c1"}}'
2026-09-25 09:55:15,060 3735175 INFO     [tempest.lib.common.rest_client] Request (VolumesDeleteCascade:test_volume_from_snapshot_cascade_delete): 200 GET http://10.132.239.110/volume/v3/volumes/562cebe3-533a-45e6-922b-3d404b863af1 0.055s
2026-09-25 09:55:15,061 3735175 DEBUG    [tempest.lib.common.rest_client] Request - Headers: {'Content-Type': 'application/json', 'Accept': 'application/json', 'X-Auth-Token': '<omitted>'}
        Body: None
    Response - Headers: {'date': 'Fri, 25 Sep 2026 09:55:15 GMT', 'server': 'Apache/2.4.58 (Ubuntu)', 'content-type': 'application/json', 'x-compute-request-id': 'req-8296b5e2-4506-41b9-9b54-dea15094916e', 'content-length': '849', 'openstack-api-version': 'volume 3.0', 'vary': 'OpenStack-API-Version', 'x-openstack-request-id': 'req-8296b5e2-4506-41b9-9b54-dea15094916e', 'connection': 'close', 'status': '200', 'content-location': 'http://10.132.239.110/volume/v3/volumes/562cebe3-533a-45e6-922b-3d404b863af1'}
        Body: b'{"volume": {"id": "562cebe3-533a-45e6-922b-3d404b863af1", "status": "deleting", "size": 1, "availability_zone": "nova", "created_at": "2026-09-25T09:53:22.000000", "updated_at": "2026-09-25T09:53:26.000000", "name": "tempest-VolumesDeleteCascade-Volume-1396893735", "description": null, "volume_type": "arcusfc1", "snapshot_id": null, "source_volid": null, "metadata": {}, "links": [{"rel": "self", "href": "http://10.132.239.110/volume/v3/volumes/562cebe3-533a-45e6-922b-3d404b863af1"}, {"rel": "bookmark", "href": "http://10.132.239.110/volume/volumes/562cebe3-533a-45e6-922b-3d404b863af1"}], "user_id": "16783d7c80c64e54afe935a0d27fa174", "bootable": "false", "encrypted": false, "replication_status": null, "consistencygroup_id": null, "multiattach": false, "attachments": [], "os-vol-tenant-attr:tenant_id": "234aae29f86546a2963cb3339c28a9c1"}}'
2026-09-25 09:55:16,134 3735175 INFO     [t
    empest.lib.common.rest_client] Request (VolumesDeleteCascade:test_volume_from_snapshot_cascade_delete): 200 GET http://10.132.239.110/volume/v3/volumes/562cebe3-533a-45e6-922b-3d404b863af1 0.057s
2026-09-25 09:55:16,135 3735175 DEBUG    [tempest.lib.common.rest_client] Request - Headers: {'Content-Type': 'application/json', 'Accept': 'application/json', 'X-Auth-Token': '<omitted>'}
        Body: None
    Response - Headers: {'date': 'Fri, 25 Sep 2026 09:55:16 GMT', 'server': 'Apache/2.4.58 (Ubuntu)', 'content-type': 'application/json', 'x-compute-request-id': 'req-5d8d0195-a539-4a9a-b4c4-d683d6fb5ce8', 'content-length': '849', 'openstack-api-version': 'volume 3.0', 'vary': 'OpenStack-API-Version', 'x-openstack-request-id': 'req-5d8d0195-a539-4a9a-b4c4-d683d6fb5ce8', 'connection': 'close', 'status': '200', 'content-location': 'http://10.132.239.110/volume/v3/volumes/562cebe3-533a-45e6-922b-3d404b863af1'}
        Body: b'{"volume": {"id": "562cebe3-533a-45e6-922b-3d404b863af1", "status": "deleting", "size": 1, "availability_zone": "nova", "created_at": "2026-09-25T09:53:22.000000", "updated_at": "2026-09-25T09:53:26.000000", "name": "tempest-VolumesDeleteCascade-Volume-1396893735", "description": null, "volume_type": "arcusfc1", "snapshot_id": null, "source_volid": null, "metadata": {}, "links": [{"rel": "self", "href": "http://10.132.239.110/volume/v3/volumes/562cebe3-533a-45e6-922b-3d404b863af1"}, {"rel": "bookmark", "href": "http://10.132.239.110/volume/volumes/562cebe3-533a-45e6-922b-3d404b863af1"}], "user_id": "16783d7c80c64e54afe935a0d27fa174", "bootable": "false", "encrypted": false, "replication_status": null, "consistencygroup_id": null, "multiattach": false, "attachments": [], "os-vol-tenant-attr:tenant_id": "234aae29f86546a2963cb3339c28a9c1"}}'
2026-09-25 09:55:17,209 3735175 INFO     [tempest.lib.common.rest_client] Request (VolumesDeleteCascade:test_volume_from_snapshot_cascade_delete): 200 GET http://10.132.239.110/volume/v3/volumes/562cebe3-533a-45e6-922b-3d404b863af1 0.055s
2026-09-25 09:55:17,209 3735175 DEBUG    [tempest.lib.common.rest_client] Request - Headers: {'Content-Type': 'application/json', 'Accept': 'application/json', 'X-Auth-Token': '<omitted>'}
        Body: None
    Response - Headers: {'date': 'Fri, 25 Sep 2026 09:55:17 GMT', 'server': 'Apache/2.4.58 (Ubuntu)', 'content-type': 'application/json', 'x-compute-request-id': 'req-9921fd0a-fbea-4892-87ee-e8dec7aa7f78', 'content-length': '849', 'openstack-api-version': 'volume 3.0', 'vary': 'OpenStack-API-Version', 'x-openstack-request-id': 'req-9921fd0a-fbea-4892-87ee-e8dec7aa7f78', 'connection': 'close', 'status': '200', 'content-location': 'http://10.132.239.110/volume/v3/volumes/562cebe3-533a-45e6-922b-3d404b863af1'}
        Body: b'{"volume": {"id": "562cebe3-533a-45e6-922b-3d404b863af1", "status": "deleting", "size": 1, "availability_zone": "nova", "created_at": "2026-09-25T09:53:22.000000", "updated_at": "2026-09-25T09:53:26.000000", "name": "tempest-VolumesDeleteCascade-Volume-1396893735", "description": null, "volume_type": "arcusfc1", "snapshot_id": null, "source_volid": null, "metadata": {}, "links": [{"rel": "self", "href": "http://10.132.239.110/volume/v3/volumes/562cebe3-533a-45e6-922b-3d404b863af1"}, {"rel": "bookmark", "href": "http://10.132.239.110/volume/volumes/562cebe3-533a-45e6-922b-3d404b863af1"}], "user_id": "16783d7c80c64e54afe935a0d27fa174", "bootable": "false", "encrypted": false, "replication_status": null, "consistencygroup_id": null, "multiattach": false, "attachments": [], "os-vol-tenant-attr:tenant_id": "234aae29f86546a2963cb3339c28a9c1"}}'
2026-09-25 09:55:18,283 3735175 INFO     [tempest.lib.common.rest_client] Request (VolumesDeleteCascade:test_volume_from_snapshot_cascade_delete): 200 GET http://10.132.239.110/volume/v3/volumes/562cebe3-533a-45e6-922b-3d404b863af1 0.056s
2026-09-25 09:55:18,284 3735175 DEBUG    [tempest.lib.common.rest_client] Request - Headers: {'Content-Type': 'application/json', 'Accept': 'application/json', 'X-Auth-Token': '<omitted>'}
        Body: None
    Response - Headers: {'date': 'Fri,
     25 Sep 2026 09:55:18 GMT', 'server': 'Apache/2.4.58 (Ubuntu)', 'content-type': 'application/json', 'x-compute-request-id': 'req-cb830f2b-19a6-43c8-a184-61bdc6a4f6f1', 'content-length': '849', 'openstack-api-version': 'volume 3.0', 'vary': 'OpenStack-API-Version', 'x-openstack-request-id': 'req-cb830f2b-19a6-43c8-a184-61bdc6a4f6f1', 'connection': 'close', 'status': '200', 'content-location': 'http://10.132.239.110/volume/v3/volumes/562cebe3-533a-45e6-922b-3d404b863af1'}
        Body: b'{"volume": {"id": "562cebe3-533a-45e6-922b-3d404b863af1", "status": "deleting", "size": 1, "availability_zone": "nova", "created_at": "2026-09-25T09:53:22.000000", "updated_at": "2026-09-25T09:53:26.000000", "name": "tempest-VolumesDeleteCascade-Volume-1396893735", "description": null, "volume_type": "arcusfc1", "snapshot_id": null, "source_volid": null, "metadata": {}, "links": [{"rel": "self", "href": "http://10.132.239.110/volume/v3/volumes/562cebe3-533a-45e6-922b-3d404b863af1"}, {"rel": "bookmark", "href": "http://10.132.239.110/volume/volumes/562cebe3-533a-45e6-922b-3d404b863af1"}], "user_id": "16783d7c80c64e54afe935a0d27fa174", "bootable": "false", "encrypted": false, "replication_status": null, "consistencygroup_id": null, "multiattach": false, "attachments": [], "os-vol-tenant-attr:tenant_id": "234aae29f86546a2963cb3339c28a9c1"}}'
2026-09-25 09:55:19,360 3735175 INFO     [tempest.lib.common.rest_client] Request (VolumesDeleteCascade:test_volume_from_snapshot_cascade_delete): 200 GET http://10.132.239.110/volume/v3/volumes/562cebe3-533a-45e6-922b-3d404b863af1 0.050s
2026-09-25 09:55:19,360 3735175 DEBUG    [tempest.lib.common.rest_client] Request - Headers: {'Content-Type': 'application/json', 'Accept': 'application/json', 'X-Auth-Token': '<omitted>'}
        Body: None
    Response - Headers: {'date': 'Fri, 25 Sep 2026 09:55:19 GMT', 'server': 'Apache/2.4.58 (Ubuntu)', 'content-type': 'application/json', 'x-compute-request-id': 'req-cecabbcf-eb30-4365-9e9d-d2a55c3caa25', 'content-length': '849', 'openstack-api-version': 'volume 3.0', 'vary': 'OpenStack-API-Version', 'x-openstack-request-id': 'req-cecabbcf-eb30-4365-9e9d-d2a55c3caa25', 'connection': 'close', 'status': '200', 'content-location': 'http://10.132.239.110/volume/v3/volumes/562cebe3-533a-45e6-922b-3d404b863af1'}
        Body: b'{"volume": {"id": "562cebe3-533a-45e6-922b-3d404b863af1", "status": "deleting", "size": 1, "availability_zone": "nova", "created_at": "2026-09-25T09:53:22.000000", "updated_at": "2026-09-25T09:53:26.000000", "name": "tempest-VolumesDeleteCascade-Volume-1396893735", "description": null, "volume_type": "arcusfc1", "snapshot_id": null, "source_volid": null, "metadata": {}, "links": [{"rel": "self", "href": "http://10.132.239.110/volume/v3/volumes/562cebe3-533a-45e6-922b-3d404b863af1"}, {"rel": "bookmark", "href": "http://10.132.239.110/volume/volumes/562cebe3-533a-45e6-922b-3d404b863af1"}], "user_id": "16783d7c80c64e54afe935a0d27fa174", "bootable": "false", "encrypted": false, "replication_status": null, "consistencygroup_id": null, "multiattach": false, "attachments": [], "os-vol-tenant-attr:tenant_id": "234aae29f86546a2963cb3339c28a9c1"}}'
2026-09-25 09:55:20,428 3735175 INFO     [tempest.lib.common.rest_client] Request (VolumesDeleteCascade:test_volume_from_snapshot_cascade_delete): 200 GET http://10.132.239.110/volume/v3/volumes/562cebe3-533a-45e6-922b-3d404b863af1 0.053s
2026-09-25 09:55:20,429 3735175 DEBUG    [tempest.lib.common.rest_client] Request - Headers: {'Content-Type': 'application/json', 'Accept': 'application/json', 'X-Auth-Token': '<omitted>'}
        Body: None
    Response - Headers: {'date': 'Fri, 25 Sep 2026 09:55:20 GMT', 'server': 'Apache/2.4.58 (Ubuntu)', 'content-type': 'application/json', 'x-compute-request-id': 'req-9d5c37cd-fc3c-451c-a9de-f13524ab60b0', 'content-length': '849', 'openstack-api-version': 'volume 3.0', 'vary': 'OpenStack-API-Version', 'x-openstack-request-id': 'req-9d5c37cd-fc3c-451c-a9de-f13524ab60b0', 'connection': 'close', 'status': '200', 'content-location': 'http://10.132.239.110/volume/v3/volumes/562ceb
    e3-533a-45e6-922b-3d404b863af1'}
        Body: b'{"volume": {"id": "562cebe3-533a-45e6-922b-3d404b863af1", "status": "deleting", "size": 1, "availability_zone": "nova", "created_at": "2026-09-25T09:53:22.000000", "updated_at": "2026-09-25T09:53:26.000000", "name": "tempest-VolumesDeleteCascade-Volume-1396893735", "description": null, "volume_type": "arcusfc1", "snapshot_id": null, "source_volid": null, "metadata": {}, "links": [{"rel": "self", "href": "http://10.132.239.110/volume/v3/volumes/562cebe3-533a-45e6-922b-3d404b863af1"}, {"rel": "bookmark", "href": "http://10.132.239.110/volume/volumes/562cebe3-533a-45e6-922b-3d404b863af1"}], "user_id": "16783d7c80c64e54afe935a0d27fa174", "bootable": "false", "encrypted": false, "replication_status": null, "consistencygroup_id": null, "multiattach": false, "attachments": [], "os-vol-tenant-attr:tenant_id": "234aae29f86546a2963cb3339c28a9c1"}}'
2026-09-25 09:55:21,511 3735175 INFO     [tempest.lib.common.rest_client] Request (VolumesDeleteCascade:test_volume_from_snapshot_cascade_delete): 200 GET http://10.132.239.110/volume/v3/volumes/562cebe3-533a-45e6-922b-3d404b863af1 0.063s
2026-09-25 09:55:21,511 3735175 DEBUG    [tempest.lib.common.rest_client] Request - Headers: {'Content-Type': 'application/json', 'Accept': 'application/json', 'X-Auth-Token': '<omitted>'}
        Body: None
    Response - Headers: {'date': 'Fri, 25 Sep 2026 09:55:21 GMT', 'server': 'Apache/2.4.58 (Ubuntu)', 'content-type': 'application/json', 'x-compute-request-id': 'req-463b247c-a517-4f7e-8011-c0238f042d5d', 'content-length': '849', 'openstack-api-version': 'volume 3.0', 'vary': 'OpenStack-API-Version', 'x-openstack-request-id': 'req-463b247c-a517-4f7e-8011-c0238f042d5d', 'connection': 'close', 'status': '200', 'content-location': 'http://10.132.239.110/volume/v3/volumes/562cebe3-533a-45e6-922b-3d404b863af1'}
        Body: b'{"volume": {"id": "562cebe3-533a-45e6-922b-3d404b863af1", "status": "deleting", "size": 1, "availability_zone": "nova", "created_at": "2026-09-25T09:53:22.000000", "updated_at": "2026-09-25T09:53:26.000000", "name": "tempest-VolumesDeleteCascade-Volume-1396893735", "description": null, "volume_type": "arcusfc1", "snapshot_id": null, "source_volid": null, "metadata": {}, "links": [{"rel": "self", "href": "http://10.132.239.110/volume/v3/volumes/562cebe3-533a-45e6-922b-3d404b863af1"}, {"rel": "bookmark", "href": "http://10.132.239.110/volume/volumes/562cebe3-533a-45e6-922b-3d404b863af1"}], "user_id": "16783d7c80c64e54afe935a0d27fa174", "bootable": "false", "encrypted": false, "replication_status": null, "consistencygroup_id": null, "multiattach": false, "attachments": [], "os-vol-tenant-attr:tenant_id": "234aae29f86546a2963cb3339c28a9c1"}}'
2026-09-25 09:55:22,584 3735175 INFO     [tempest.lib.common.rest_client] Request (VolumesDeleteCascade:test_volume_from_snapshot_cascade_delete): 200 GET http://10.132.239.110/volume/v3/volumes/562cebe3-533a-45e6-922b-3d404b863af1 0.056s
2026-09-25 09:55:22,585 3735175 DEBUG    [tempest.lib.common.rest_client] Request - Headers: {'Content-Type': 'application/json', 'Accept': 'application/json', 'X-Auth-Token': '<omitted>'}
        Body: None
    Response - Headers: {'date': 'Fri, 25 Sep 2026 09:55:22 GMT', 'server': 'Apache/2.4.58 (Ubuntu)', 'content-type': 'application/json', 'x-compute-request-id': 'req-0e72c077-7899-4f9b-a8ce-fb903d4fd083', 'content-length': '849', 'openstack-api-version': 'volume 3.0', 'vary': 'OpenStack-API-Version', 'x-openstack-request-id': 'req-0e72c077-7899-4f9b-a8ce-fb903d4fd083', 'connection': 'close', 'status': '200', 'content-location': 'http://10.132.239.110/volume/v3/volumes/562cebe3-533a-45e6-922b-3d404b863af1'}
        Body: b'{"volume": {"id": "562cebe3-533a-45e6-922b-3d404b863af1", "status": "deleting", "size": 1, "availability_zone": "nova", "created_at": "2026-09-25T09:53:22.000000", "updated_at": "2026-09-25T09:53:26.000000", "name": "tempest-VolumesDeleteCascade-Volume-1396893735", "description": null, "volume_type": "arcusfc1", "snapshot_id": null, "source_volid": null, "metadata": {}, "links": [{"rel": "s
    elf", "href": "http://10.132.239.110/volume/v3/volumes/562cebe3-533a-45e6-922b-3d404b863af1"}, {"rel": "bookmark", "href": "http://10.132.239.110/volume/volumes/562cebe3-533a-45e6-922b-3d404b863af1"}], "user_id": "16783d7c80c64e54afe935a0d27fa174", "bootable": "false", "encrypted": false, "replication_status": null, "consistencygroup_id": null, "multiattach": false, "attachments": [], "os-vol-tenant-attr:tenant_id": "234aae29f86546a2963cb3339c28a9c1"}}'
2026-09-25 09:55:23,665 3735175 INFO     [tempest.lib.common.rest_client] Request (VolumesDeleteCascade:test_volume_from_snapshot_cascade_delete): 200 GET http://10.132.239.110/volume/v3/volumes/562cebe3-533a-45e6-922b-3d404b863af1 0.061s
2026-09-25 09:55:23,665 3735175 DEBUG    [tempest.lib.common.rest_client] Request - Headers: {'Content-Type': 'application/json', 'Accept': 'application/json', 'X-Auth-Token': '<omitted>'}
        Body: None
    Response - Headers: {'date': 'Fri, 25 Sep 2026 09:55:23 GMT', 'server': 'Apache/2.4.58 (Ubuntu)', 'content-type': 'application/json', 'x-compute-request-id': 'req-9f2829f5-3e2c-4b0f-9d78-5e41ec31d5c7', 'content-length': '849', 'openstack-api-version': 'volume 3.0', 'vary': 'OpenStack-API-Version', 'x-openstack-request-id': 'req-9f2829f5-3e2c-4b0f-9d78-5e41ec31d5c7', 'connection': 'close', 'status': '200', 'content-location': 'http://10.132.239.110/volume/v3/volumes/562cebe3-533a-45e6-922b-3d404b863af1'}
        Body: b'{"volume": {"id": "562cebe3-533a-45e6-922b-3d404b863af1", "status": "deleting", "size": 1, "availability_zone": "nova", "created_at": "2026-09-25T09:53:22.000000", "updated_at": "2026-09-25T09:53:26.000000", "name": "tempest-VolumesDeleteCascade-Volume-1396893735", "description": null, "volume_type": "arcusfc1", "snapshot_id": null, "source_volid": null, "metadata": {}, "links": [{"rel": "self", "href": "http://10.132.239.110/volume/v3/volumes/562cebe3-533a-45e6-922b-3d404b863af1"}, {"rel": "bookmark", "href": "http://10.132.239.110/volume/volumes/562cebe3-533a-45e6-922b-3d404b863af1"}], "user_id": "16783d7c80c64e54afe935a0d27fa174", "bootable": "false", "encrypted": false, "replication_status": null, "consistencygroup_id": null, "multiattach": false, "attachments": [], "os-vol-tenant-attr:tenant_id": "234aae29f86546a2963cb3339c28a9c1"}}'
2026-09-25 09:55:24,731 3735175 INFO     [tempest.lib.common.rest_client] Request (VolumesDeleteCascade:test_volume_from_snapshot_cascade_delete): 200 GET http://10.132.239.110/volume/v3/volumes/562cebe3-533a-45e6-922b-3d404b863af1 0.051s
2026-09-25 09:55:24,732 3735175 DEBUG    [tempest.lib.common.rest_client] Request - Headers: {'Content-Type': 'application/json', 'Accept': 'application/json', 'X-Auth-Token': '<omitted>'}
        Body: None
    Response - Headers: {'date': 'Fri, 25 Sep 2026 09:55:24 GMT', 'server': 'Apache/2.4.58 (Ubuntu)', 'content-type': 'application/json', 'x-compute-request-id': 'req-f5fa5f5e-d0cf-4ac0-9451-9c0e5174e616', 'content-length': '849', 'openstack-api-version': 'volume 3.0', 'vary': 'OpenStack-API-Version', 'x-openstack-request-id': 'req-f5fa5f5e-d0cf-4ac0-9451-9c0e5174e616', 'connection': 'close', 'status': '200', 'content-location': 'http://10.132.239.110/volume/v3/volumes/562cebe3-533a-45e6-922b-3d404b863af1'}
        Body: b'{"volume": {"id": "562cebe3-533a-45e6-922b-3d404b863af1", "status": "deleting", "size": 1, "availability_zone": "nova", "created_at": "2026-09-25T09:53:22.000000", "updated_at": "2026-09-25T09:53:26.000000", "name": "tempest-VolumesDeleteCascade-Volume-1396893735", "description": null, "volume_type": "arcusfc1", "snapshot_id": null, "source_volid": null, "metadata": {}, "links": [{"rel": "self", "href": "http://10.132.239.110/volume/v3/volumes/562cebe3-533a-45e6-922b-3d404b863af1"}, {"rel": "bookmark", "href": "http://10.132.239.110/volume/volumes/562cebe3-533a-45e6-922b-3d404b863af1"}], "user_id": "16783d7c80c64e54afe935a0d27fa174", "bootable": "false", "encrypted": false, "replication_status": null, "consistencygroup_id": null, "multiattach": false, "attachments": [], "os-vol-tenant-attr:tenant_id": "234aae29f86546a2963cb
    3339c28a9c1"}}'
2026-09-25 09:55:25,807 3735175 INFO     [tempest.lib.common.rest_client] Request (VolumesDeleteCascade:test_volume_from_snapshot_cascade_delete): 200 GET http://10.132.239.110/volume/v3/volumes/562cebe3-533a-45e6-922b-3d404b863af1 0.056s
2026-09-25 09:55:25,807 3735175 DEBUG    [tempest.lib.common.rest_client] Request - Headers: {'Content-Type': 'application/json', 'Accept': 'application/json', 'X-Auth-Token': '<omitted>'}
        Body: None
    Response - Headers: {'date': 'Fri, 25 Sep 2026 09:55:25 GMT', 'server': 'Apache/2.4.58 (Ubuntu)', 'content-type': 'application/json', 'x-compute-request-id': 'req-03caa657-5a19-450e-aa73-367db41ae668', 'content-length': '849', 'openstack-api-version': 'volume 3.0', 'vary': 'OpenStack-API-Version', 'x-openstack-request-id': 'req-03caa657-5a19-450e-aa73-367db41ae668', 'connection': 'close', 'status': '200', 'content-location': 'http://10.132.239.110/volume/v3/volumes/562cebe3-533a-45e6-922b-3d404b863af1'}
        Body: b'{"volume": {"id": "562cebe3-533a-45e6-922b-3d404b863af1", "status": "deleting", "size": 1, "availability_zone": "nova", "created_at": "2026-09-25T09:53:22.000000", "updated_at": "2026-09-25T09:53:26.000000", "name": "tempest-VolumesDeleteCascade-Volume-1396893735", "description": null, "volume_type": "arcusfc1", "snapshot_id": null, "source_volid": null, "metadata": {}, "links": [{"rel": "self", "href": "http://10.132.239.110/volume/v3/volumes/562cebe3-533a-45e6-922b-3d404b863af1"}, {"rel": "bookmark", "href": "http://10.132.239.110/volume/volumes/562cebe3-533a-45e6-922b-3d404b863af1"}], "user_id": "16783d7c80c64e54afe935a0d27fa174", "bootable": "false", "encrypted": false, "replication_status": null, "consistencygroup_id": null, "multiattach": false, "attachments": [], "os-vol-tenant-attr:tenant_id": "234aae29f86546a2963cb3339c28a9c1"}}'
2026-09-25 09:55:26,875 3735175 INFO     [tempest.lib.common.rest_client] Request (VolumesDeleteCascade:test_volume_from_snapshot_cascade_delete): 200 GET http://10.132.239.110/volume/v3/volumes/562cebe3-533a-45e6-922b-3d404b863af1 0.050s
2026-09-25 09:55:26,876 3735175 DEBUG    [tempest.lib.common.rest_client] Request - Headers: {'Content-Type': 'application/json', 'Accept': 'application/json', 'X-Auth-Token': '<omitted>'}
        Body: None
    Response - Headers: {'date': 'Fri, 25 Sep 2026 09:55:26 GMT', 'server': 'Apache/2.4.58 (Ubuntu)', 'content-type': 'application/json', 'x-compute-request-id': 'req-35f05ed0-d856-4ea6-a856-e92fe565592e', 'content-length': '849', 'openstack-api-version': 'volume 3.0', 'vary': 'OpenStack-API-Version', 'x-openstack-request-id': 'req-35f05ed0-d856-4ea6-a856-e92fe565592e', 'connection': 'close', 'status': '200', 'content-location': 'http://10.132.239.110/volume/v3/volumes/562cebe3-533a-45e6-922b-3d404b863af1'}
        Body: b'{"volume": {"id": "562cebe3-533a-45e6-922b-3d404b863af1", "status": "deleting", "size": 1, "availability_zone": "nova", "created_at": "2026-09-25T09:53:22.000000", "updated_at": "2026-09-25T09:53:26.000000", "name": "tempest-VolumesDeleteCascade-Volume-1396893735", "description": null, "volume_type": "arcusfc1", "snapshot_id": null, "source_volid": null, "metadata": {}, "links": [{"rel": "self", "href": "http://10.132.239.110/volume/v3/volumes/562cebe3-533a-45e6-922b-3d404b863af1"}, {"rel": "bookmark", "href": "http://10.132.239.110/volume/volumes/562cebe3-533a-45e6-922b-3d404b863af1"}], "user_id": "16783d7c80c64e54afe935a0d27fa174", "bootable": "false", "encrypted": false, "replication_status": null, "consistencygroup_id": null, "multiattach": false, "attachments": [], "os-vol-tenant-attr:tenant_id": "234aae29f86546a2963cb3339c28a9c1"}}'
2026-09-25 09:55:27,948 3735175 INFO     [tempest.lib.common.rest_client] Request (VolumesDeleteCascade:test_volume_from_snapshot_cascade_delete): 200 GET http://10.132.239.110/volume/v3/volumes/562cebe3-533a-45e6-922b-3d404b863af1 0.058s
2026-09-25 09:55:27,949 3735175 DEBUG    [tempest.lib.common.rest_client] Request - Headers: {'Content-Type': 'application/json', 'Accept': 'application/json', 'X-Auth-Token': '<omitted>'
    }
        Body: None
    Response - Headers: {'date': 'Fri, 25 Sep 2026 09:55:27 GMT', 'server': 'Apache/2.4.58 (Ubuntu)', 'content-type': 'application/json', 'x-compute-request-id': 'req-9dbf3fdd-0103-4a24-ad75-c10ab889f983', 'content-length': '849', 'openstack-api-version': 'volume 3.0', 'vary': 'OpenStack-API-Version', 'x-openstack-request-id': 'req-9dbf3fdd-0103-4a24-ad75-c10ab889f983', 'connection': 'close', 'status': '200', 'content-location': 'http://10.132.239.110/volume/v3/volumes/562cebe3-533a-45e6-922b-3d404b863af1'}
        Body: b'{"volume": {"id": "562cebe3-533a-45e6-922b-3d404b863af1", "status": "deleting", "size": 1, "availability_zone": "nova", "created_at": "2026-09-25T09:53:22.000000", "updated_at": "2026-09-25T09:53:26.000000", "name": "tempest-VolumesDeleteCascade-Volume-1396893735", "description": null, "volume_type": "arcusfc1", "snapshot_id": null, "source_volid": null, "metadata": {}, "links": [{"rel": "self", "href": "http://10.132.239.110/volume/v3/volumes/562cebe3-533a-45e6-922b-3d404b863af1"}, {"rel": "bookmark", "href": "http://10.132.239.110/volume/volumes/562cebe3-533a-45e6-922b-3d404b863af1"}], "user_id": "16783d7c80c64e54afe935a0d27fa174", "bootable": "false", "encrypted": false, "replication_status": null, "consistencygroup_id": null, "multiattach": false, "attachments": [], "os-vol-tenant-attr:tenant_id": "234aae29f86546a2963cb3339c28a9c1"}}'
2026-09-25 09:55:29,023 3735175 INFO     [tempest.lib.common.rest_client] Request (VolumesDeleteCascade:test_volume_from_snapshot_cascade_delete): 200 GET http://10.132.239.110/volume/v3/volumes/562cebe3-533a-45e6-922b-3d404b863af1 0.057s
2026-09-25 09:55:29,023 3735175 DEBUG    [tempest.lib.common.rest_client] Request - Headers: {'Content-Type': 'application/json', 'Accept': 'application/json', 'X-Auth-Token': '<omitted>'}
        Body: None
    Response - Headers: {'date': 'Fri, 25 Sep 2026 09:55:28 GMT', 'server': 'Apache/2.4.58 (Ubuntu)', 'content-type': 'application/json', 'x-compute-request-id': 'req-d3e412eb-9ba4-4abd-a69b-6aa15d9eec0a', 'content-length': '849', 'openstack-api-version': 'volume 3.0', 'vary': 'OpenStack-API-Version', 'x-openstack-request-id': 'req-d3e412eb-9ba4-4abd-a69b-6aa15d9eec0a', 'connection': 'close', 'status': '200', 'content-location': 'http://10.132.239.110/volume/v3/volumes/562cebe3-533a-45e6-922b-3d404b863af1'}
        Body: b'{"volume": {"id": "562cebe3-533a-45e6-922b-3d404b863af1", "status": "deleting", "size": 1, "availability_zone": "nova", "created_at": "2026-09-25T09:53:22.000000", "updated_at": "2026-09-25T09:53:26.000000", "name": "tempest-VolumesDeleteCascade-Volume-1396893735", "description": null, "volume_type": "arcusfc1", "snapshot_id": null, "source_volid": null, "metadata": {}, "links": [{"rel": "self", "href": "http://10.132.239.110/volume/v3/volumes/562cebe3-533a-45e6-922b-3d404b863af1"}, {"rel": "bookmark", "href": "http://10.132.239.110/volume/volumes/562cebe3-533a-45e6-922b-3d404b863af1"}], "user_id": "16783d7c80c64e54afe935a0d27fa174", "bootable": "false", "encrypted": false, "replication_status": null, "consistencygroup_id": null, "multiattach": false, "attachments": [], "os-vol-tenant-attr:tenant_id": "234aae29f86546a2963cb3339c28a9c1"}}'
2026-09-25 09:55:30,101 3735175 INFO     [tempest.lib.common.rest_client] Request (VolumesDeleteCascade:test_volume_from_snapshot_cascade_delete): 200 GET http://10.132.239.110/volume/v3/volumes/562cebe3-533a-45e6-922b-3d404b863af1 0.057s
2026-09-25 09:55:30,101 3735175 DEBUG    [tempest.lib.common.rest_client] Request - Headers: {'Content-Type': 'application/json', 'Accept': 'application/json', 'X-Auth-Token': '<omitted>'}
        Body: None
    Response - Headers: {'date': 'Fri, 25 Sep 2026 09:55:30 GMT', 'server': 'Apache/2.4.58 (Ubuntu)', 'content-type': 'application/json', 'x-compute-request-id': 'req-441dfccd-bbce-4130-adfd-70673393748c', 'content-length': '849', 'openstack-api-version': 'volume 3.0', 'vary': 'OpenStack-API-Version', 'x-openstack-request-id': 'req-441dfccd-bbce-4130-adfd-70673393748c', 'connection': 'close', 'status': '200', 'content
    -location': 'http://10.132.239.110/volume/v3/volumes/562cebe3-533a-45e6-922b-3d404b863af1'}
        Body: b'{"volume": {"id": "562cebe3-533a-45e6-922b-3d404b863af1", "status": "deleting", "size": 1, "availability_zone": "nova", "created_at": "2026-09-25T09:53:22.000000", "updated_at": "2026-09-25T09:53:26.000000", "name": "tempest-VolumesDeleteCascade-Volume-1396893735", "description": null, "volume_type": "arcusfc1", "snapshot_id": null, "source_volid": null, "metadata": {}, "links": [{"rel": "self", "href": "http://10.132.239.110/volume/v3/volumes/562cebe3-533a-45e6-922b-3d404b863af1"}, {"rel": "bookmark", "href": "http://10.132.239.110/volume/volumes/562cebe3-533a-45e6-922b-3d404b863af1"}], "user_id": "16783d7c80c64e54afe935a0d27fa174", "bootable": "false", "encrypted": false, "replication_status": null, "consistencygroup_id": null, "multiattach": false, "attachments": [], "os-vol-tenant-attr:tenant_id": "234aae29f86546a2963cb3339c28a9c1"}}'
2026-09-25 09:55:31,176 3735175 INFO     [tempest.lib.common.rest_client] Request (VolumesDeleteCascade:test_volume_from_snapshot_cascade_delete): 200 GET http://10.132.239.110/volume/v3/volumes/562cebe3-533a-45e6-922b-3d404b863af1 0.060s
2026-09-25 09:55:31,177 3735175 DEBUG    [tempest.lib.common.rest_client] Request - Headers: {'Content-Type': 'application/json', 'Accept': 'application/json', 'X-Auth-Token': '<omitted>'}
        Body: None
    Response - Headers: {'date': 'Fri, 25 Sep 2026 09:55:31 GMT', 'server': 'Apache/2.4.58 (Ubuntu)', 'content-type': 'application/json', 'x-compute-request-id': 'req-85b6fabc-325d-48e1-a0af-18973adc4fb0', 'content-length': '849', 'openstack-api-version': 'volume 3.0', 'vary': 'OpenStack-API-Version', 'x-openstack-request-id': 'req-85b6fabc-325d-48e1-a0af-18973adc4fb0', 'connection': 'close', 'status': '200', 'content-location': 'http://10.132.239.110/volume/v3/volumes/562cebe3-533a-45e6-922b-3d404b863af1'}
        Body: b'{"volume": {"id": "562cebe3-533a-45e6-922b-3d404b863af1", "status": "deleting", "size": 1, "availability_zone": "nova", "created_at": "2026-09-25T09:53:22.000000", "updated_at": "2026-09-25T09:53:26.000000", "name": "tempest-VolumesDeleteCascade-Volume-1396893735", "description": null, "volume_type": "arcusfc1", "snapshot_id": null, "source_volid": null, "metadata": {}, "links": [{"rel": "self", "href": "http://10.132.239.110/volume/v3/volumes/562cebe3-533a-45e6-922b-3d404b863af1"}, {"rel": "bookmark", "href": "http://10.132.239.110/volume/volumes/562cebe3-533a-45e6-922b-3d404b863af1"}], "user_id": "16783d7c80c64e54afe935a0d27fa174", "bootable": "false", "encrypted": false, "replication_status": null, "consistencygroup_id": null, "multiattach": false, "attachments": [], "os-vol-tenant-attr:tenant_id": "234aae29f86546a2963cb3339c28a9c1"}}'
2026-09-25 09:55:32,238 3735175 INFO     [tempest.lib.common.rest_client] Request (VolumesDeleteCascade:test_volume_from_snapshot_cascade_delete): 200 GET http://10.132.239.110/volume/v3/volumes/562cebe3-533a-45e6-922b-3d404b863af1 0.046s
2026-09-25 09:55:32,239 3735175 DEBUG    [tempest.lib.common.rest_client] Request - Headers: {'Content-Type': 'application/json', 'Accept': 'application/json', 'X-Auth-Token': '<omitted>'}
        Body: None
    Response - Headers: {'date': 'Fri, 25 Sep 2026 09:55:32 GMT', 'server': 'Apache/2.4.58 (Ubuntu)', 'content-type': 'application/json', 'x-compute-request-id': 'req-c90e7f13-c52f-4719-ac3e-c618e0fd9861', 'content-length': '849', 'openstack-api-version': 'volume 3.0', 'vary': 'OpenStack-API-Version', 'x-openstack-request-id': 'req-c90e7f13-c52f-4719-ac3e-c618e0fd9861', 'connection': 'close', 'status': '200', 'content-location': 'http://10.132.239.110/volume/v3/volumes/562cebe3-533a-45e6-922b-3d404b863af1'}
        Body: b'{"volume": {"id": "562cebe3-533a-45e6-922b-3d404b863af1", "status": "deleting", "size": 1, "availability_zone": "nova", "created_at": "2026-09-25T09:53:22.000000", "updated_at": "2026-09-25T09:53:26.000000", "name": "tempest-VolumesDeleteCascade-Volume-1396893735", "description": null, "volume_type": "arcusfc1", "snapshot_id": null,
     "source_volid": null, "metadata": {}, "links": [{"rel": "self", "href": "http://10.132.239.110/volume/v3/volumes/562cebe3-533a-45e6-922b-3d404b863af1"}, {"rel": "bookmark", "href": "http://10.132.239.110/volume/volumes/562cebe3-533a-45e6-922b-3d404b863af1"}], "user_id": "16783d7c80c64e54afe935a0d27fa174", "bootable": "false", "encrypted": false, "replication_status": null, "consistencygroup_id": null, "multiattach": false, "attachments": [], "os-vol-tenant-attr:tenant_id": "234aae29f86546a2963cb3339c28a9c1"}}'
2026-09-25 09:55:33,301 3735175 INFO     [tempest.lib.common.rest_client] Request (VolumesDeleteCascade:test_volume_from_snapshot_cascade_delete): 200 GET http://10.132.239.110/volume/v3/volumes/562cebe3-533a-45e6-922b-3d404b863af1 0.053s
2026-09-25 09:55:33,301 3735175 DEBUG    [tempest.lib.common.rest_client] Request - Headers: {'Content-Type': 'application/json', 'Accept': 'application/json', 'X-Auth-Token': '<omitted>'}
        Body: None
    Response - Headers: {'date': 'Fri, 25 Sep 2026 09:55:33 GMT', 'server': 'Apache/2.4.58 (Ubuntu)', 'content-type': 'application/json', 'x-compute-request-id': 'req-8fbe0384-0708-4103-b24e-b410b828627f', 'content-length': '849', 'openstack-api-version': 'volume 3.0', 'vary': 'OpenStack-API-Version', 'x-openstack-request-id': 'req-8fbe0384-0708-4103-b24e-b410b828627f', 'connection': 'close', 'status': '200', 'content-location': 'http://10.132.239.110/volume/v3/volumes/562cebe3-533a-45e6-922b-3d404b863af1'}
        Body: b'{"volume": {"id": "562cebe3-533a-45e6-922b-3d404b863af1", "status": "deleting", "size": 1, "availability_zone": "nova", "created_at": "2026-09-25T09:53:22.000000", "updated_at": "2026-09-25T09:53:26.000000", "name": "tempest-VolumesDeleteCascade-Volume-1396893735", "description": null, "volume_type": "arcusfc1", "snapshot_id": null, "source_volid": null, "metadata": {}, "links": [{"rel": "self", "href": "http://10.132.239.110/volume/v3/volumes/562cebe3-533a-45e6-922b-3d404b863af1"}, {"rel": "bookmark", "href": "http://10.132.239.110/volume/volumes/562cebe3-533a-45e6-922b-3d404b863af1"}], "user_id": "16783d7c80c64e54afe935a0d27fa174", "bootable": "false", "encrypted": false, "replication_status": null, "consistencygroup_id": null, "multiattach": false, "attachments": [], "os-vol-tenant-attr:tenant_id": "234aae29f86546a2963cb3339c28a9c1"}}'
2026-09-25 09:55:34,382 3735175 INFO     [tempest.lib.common.rest_client] Request (VolumesDeleteCascade:test_volume_from_snapshot_cascade_delete): 200 GET http://10.132.239.110/volume/v3/volumes/562cebe3-533a-45e6-922b-3d404b863af1 0.065s
2026-09-25 09:55:34,383 3735175 DEBUG    [tempest.lib.common.rest_client] Request - Headers: {'Content-Type': 'application/json', 'Accept': 'application/json', 'X-Auth-Token': '<omitted>'}
        Body: None
    Response - Headers: {'date': 'Fri, 25 Sep 2026 09:55:34 GMT', 'server': 'Apache/2.4.58 (Ubuntu)', 'content-type': 'application/json', 'x-compute-request-id': 'req-738b87c6-4fde-46d7-b1a2-b68985c924ca', 'content-length': '849', 'openstack-api-version': 'volume 3.0', 'vary': 'OpenStack-API-Version', 'x-openstack-request-id': 'req-738b87c6-4fde-46d7-b1a2-b68985c924ca', 'connection': 'close', 'status': '200', 'content-location': 'http://10.132.239.110/volume/v3/volumes/562cebe3-533a-45e6-922b-3d404b863af1'}
        Body: b'{"volume": {"id": "562cebe3-533a-45e6-922b-3d404b863af1", "status": "deleting", "size": 1, "availability_zone": "nova", "created_at": "2026-09-25T09:53:22.000000", "updated_at": "2026-09-25T09:53:26.000000", "name": "tempest-VolumesDeleteCascade-Volume-1396893735", "description": null, "volume_type": "arcusfc1", "snapshot_id": null, "source_volid": null, "metadata": {}, "links": [{"rel": "self", "href": "http://10.132.239.110/volume/v3/volumes/562cebe3-533a-45e6-922b-3d404b863af1"}, {"rel": "bookmark", "href": "http://10.132.239.110/volume/volumes/562cebe3-533a-45e6-922b-3d404b863af1"}], "user_id": "16783d7c80c64e54afe935a0d27fa174", "bootable": "false", "encrypted": false, "replication_status": null, "consistencygroup_id": null, "multiattach": false, "attachments":
     [], "os-vol-tenant-attr:tenant_id": "234aae29f86546a2963cb3339c28a9c1"}}'
2026-09-25 09:55:35,476 3735175 INFO     [tempest.lib.common.rest_client] Request (VolumesDeleteCascade:test_volume_from_snapshot_cascade_delete): 200 GET http://10.132.239.110/volume/v3/volumes/562cebe3-533a-45e6-922b-3d404b863af1 0.076s
2026-09-25 09:55:35,477 3735175 DEBUG    [tempest.lib.common.rest_client] Request - Headers: {'Content-Type': 'application/json', 'Accept': 'application/json', 'X-Auth-Token': '<omitted>'}
        Body: None
    Response - Headers: {'date': 'Fri, 25 Sep 2026 09:55:35 GMT', 'server': 'Apache/2.4.58 (Ubuntu)', 'content-type': 'application/json', 'x-compute-request-id': 'req-08644586-e6ae-4ef1-a1a3-626eb87eebab', 'content-length': '849', 'openstack-api-version': 'volume 3.0', 'vary': 'OpenStack-API-Version', 'x-openstack-request-id': 'req-08644586-e6ae-4ef1-a1a3-626eb87eebab', 'connection': 'close', 'status': '200', 'content-location': 'http://10.132.239.110/volume/v3/volumes/562cebe3-533a-45e6-922b-3d404b863af1'}
        Body: b'{"volume": {"id": "562cebe3-533a-45e6-922b-3d404b863af1", "status": "deleting", "size": 1, "availability_zone": "nova", "created_at": "2026-09-25T09:53:22.000000", "updated_at": "2026-09-25T09:53:26.000000", "name": "tempest-VolumesDeleteCascade-Volume-1396893735", "description": null, "volume_type": "arcusfc1", "snapshot_id": null, "source_volid": null, "metadata": {}, "links": [{"rel": "self", "href": "http://10.132.239.110/volume/v3/volumes/562cebe3-533a-45e6-922b-3d404b863af1"}, {"rel": "bookmark", "href": "http://10.132.239.110/volume/volumes/562cebe3-533a-45e6-922b-3d404b863af1"}], "user_id": "16783d7c80c64e54afe935a0d27fa174", "bootable": "false", "encrypted": false, "replication_status": null, "consistencygroup_id": null, "multiattach": false, "attachments": [], "os-vol-tenant-attr:tenant_id": "234aae29f86546a2963cb3339c28a9c1"}}'
2026-09-25 09:55:36,553 3735175 INFO     [tempest.lib.common.rest_client] Request (VolumesDeleteCascade:test_volume_from_snapshot_cascade_delete): 200 GET http://10.132.239.110/volume/v3/volumes/562cebe3-533a-45e6-922b-3d404b863af1 0.058s
2026-09-25 09:55:36,553 3735175 DEBUG    [tempest.lib.common.rest_client] Request - Headers: {'Content-Type': 'application/json', 'Accept': 'application/json', 'X-Auth-Token': '<omitted>'}
        Body: None
    Response - Headers: {'date': 'Fri, 25 Sep 2026 09:55:36 GMT', 'server': 'Apache/2.4.58 (Ubuntu)', 'content-type': 'application/json', 'x-compute-request-id': 'req-60814e11-821a-4a37-b63d-2fadaaf83fc8', 'content-length': '849', 'openstack-api-version': 'volume 3.0', 'vary': 'OpenStack-API-Version', 'x-openstack-request-id': 'req-60814e11-821a-4a37-b63d-2fadaaf83fc8', 'connection': 'close', 'status': '200', 'content-location': 'http://10.132.239.110/volume/v3/volumes/562cebe3-533a-45e6-922b-3d404b863af1'}
        Body: b'{"volume": {"id": "562cebe3-533a-45e6-922b-3d404b863af1", "status": "deleting", "size": 1, "availability_zone": "nova", "created_at": "2026-09-25T09:53:22.000000", "updated_at": "2026-09-25T09:53:26.000000", "name": "tempest-VolumesDeleteCascade-Volume-1396893735", "description": null, "volume_type": "arcusfc1", "snapshot_id": null, "source_volid": null, "metadata": {}, "links": [{"rel": "self", "href": "http://10.132.239.110/volume/v3/volumes/562cebe3-533a-45e6-922b-3d404b863af1"}, {"rel": "bookmark", "href": "http://10.132.239.110/volume/volumes/562cebe3-533a-45e6-922b-3d404b863af1"}], "user_id": "16783d7c80c64e54afe935a0d27fa174", "bootable": "false", "encrypted": false, "replication_status": null, "consistencygroup_id": null, "multiattach": false, "attachments": [], "os-vol-tenant-attr:tenant_id": "234aae29f86546a2963cb3339c28a9c1"}}'
2026-09-25 09:55:37,621 3735175 INFO     [tempest.lib.common.rest_client] Request (VolumesDeleteCascade:test_volume_from_snapshot_cascade_delete): 200 GET http://10.132.239.110/volume/v3/volumes/562cebe3-533a-45e6-922b-3d404b863af1 0.051s
2026-09-25 09:55:37,622 3735175 DEBUG    [tempest.lib.common.rest_client] Request - Headers: {'Content-Type': 'application/json'
    , 'Accept': 'application/json', 'X-Auth-Token': '<omitted>'}
        Body: None
    Response - Headers: {'date': 'Fri, 25 Sep 2026 09:55:37 GMT', 'server': 'Apache/2.4.58 (Ubuntu)', 'content-type': 'application/json', 'x-compute-request-id': 'req-eb89fba3-0793-4fab-94ed-b5183612d549', 'content-length': '849', 'openstack-api-version': 'volume 3.0', 'vary': 'OpenStack-API-Version', 'x-openstack-request-id': 'req-eb89fba3-0793-4fab-94ed-b5183612d549', 'connection': 'close', 'status': '200', 'content-location': 'http://10.132.239.110/volume/v3/volumes/562cebe3-533a-45e6-922b-3d404b863af1'}
        Body: b'{"volume": {"id": "562cebe3-533a-45e6-922b-3d404b863af1", "status": "deleting", "size": 1, "availability_zone": "nova", "created_at": "2026-09-25T09:53:22.000000", "updated_at": "2026-09-25T09:53:26.000000", "name": "tempest-VolumesDeleteCascade-Volume-1396893735", "description": null, "volume_type": "arcusfc1", "snapshot_id": null, "source_volid": null, "metadata": {}, "links": [{"rel": "self", "href": "http://10.132.239.110/volume/v3/volumes/562cebe3-533a-45e6-922b-3d404b863af1"}, {"rel": "bookmark", "href": "http://10.132.239.110/volume/volumes/562cebe3-533a-45e6-922b-3d404b863af1"}], "user_id": "16783d7c80c64e54afe935a0d27fa174", "bootable": "false", "encrypted": false, "replication_status": null, "consistencygroup_id": null, "multiattach": false, "attachments": [], "os-vol-tenant-attr:tenant_id": "234aae29f86546a2963cb3339c28a9c1"}}'
2026-09-25 09:55:38,700 3735175 INFO     [tempest.lib.common.rest_client] Request (VolumesDeleteCascade:test_volume_from_snapshot_cascade_delete): 200 GET http://10.132.239.110/volume/v3/volumes/562cebe3-533a-45e6-922b-3d404b863af1 0.062s
2026-09-25 09:55:38,700 3735175 DEBUG    [tempest.lib.common.rest_client] Request - Headers: {'Content-Type': 'application/json', 'Accept': 'application/json', 'X-Auth-Token': '<omitted>'}
        Body: None
    Response - Headers: {'date': 'Fri, 25 Sep 2026 09:55:38 GMT', 'server': 'Apache/2.4.58 (Ubuntu)', 'content-type': 'application/json', 'x-compute-request-id': 'req-87ccd195-42e2-4acf-92ee-64f81ce2b5a8', 'content-length': '849', 'openstack-api-version': 'volume 3.0', 'vary': 'OpenStack-API-Version', 'x-openstack-request-id': 'req-87ccd195-42e2-4acf-92ee-64f81ce2b5a8', 'connection': 'close', 'status': '200', 'content-location': 'http://10.132.239.110/volume/v3/volumes/562cebe3-533a-45e6-922b-3d404b863af1'}
        Body: b'{"volume": {"id": "562cebe3-533a-45e6-922b-3d404b863af1", "status": "deleting", "size": 1, "availability_zone": "nova", "created_at": "2026-09-25T09:53:22.000000", "updated_at": "2026-09-25T09:53:26.000000", "name": "tempest-VolumesDeleteCascade-Volume-1396893735", "description": null, "volume_type": "arcusfc1", "snapshot_id": null, "source_volid": null, "metadata": {}, "links": [{"rel": "self", "href": "http://10.132.239.110/volume/v3/volumes/562cebe3-533a-45e6-922b-3d404b863af1"}, {"rel": "bookmark", "href": "http://10.132.239.110/volume/volumes/562cebe3-533a-45e6-922b-3d404b863af1"}], "user_id": "16783d7c80c64e54afe935a0d27fa174", "bootable": "false", "encrypted": false, "replication_status": null, "consistencygroup_id": null, "multiattach": false, "attachments": [], "os-vol-tenant-attr:tenant_id": "234aae29f86546a2963cb3339c28a9c1"}}'
2026-09-25 09:55:39,775 3735175 INFO     [tempest.lib.common.rest_client] Request (VolumesDeleteCascade:test_volume_from_snapshot_cascade_delete): 200 GET http://10.132.239.110/volume/v3/volumes/562cebe3-533a-45e6-922b-3d404b863af1 0.057s
2026-09-25 09:55:39,776 3735175 DEBUG    [tempest.lib.common.rest_client] Request - Headers: {'Content-Type': 'application/json', 'Accept': 'application/json', 'X-Auth-Token': '<omitted>'}
        Body: None
    Response - Headers: {'date': 'Fri, 25 Sep 2026 09:55:39 GMT', 'server': 'Apache/2.4.58 (Ubuntu)', 'content-type': 'application/json', 'x-compute-request-id': 'req-12d5fe94-d965-41c0-8d7f-5309ef2e0c0d', 'content-length': '849', 'openstack-api-version': 'volume 3.0', 'vary': 'OpenStack-API-Version', 'x-openstack-request-id': 'req-12d5fe94-d965-41c0-8d7f-5309
    ef2e0c0d', 'connection': 'close', 'status': '200', 'content-location': 'http://10.132.239.110/volume/v3/volumes/562cebe3-533a-45e6-922b-3d404b863af1'}
        Body: b'{"volume": {"id": "562cebe3-533a-45e6-922b-3d404b863af1", "status": "deleting", "size": 1, "availability_zone": "nova", "created_at": "2026-09-25T09:53:22.000000", "updated_at": "2026-09-25T09:53:26.000000", "name": "tempest-VolumesDeleteCascade-Volume-1396893735", "description": null, "volume_type": "arcusfc1", "snapshot_id": null, "source_volid": null, "metadata": {}, "links": [{"rel": "self", "href": "http://10.132.239.110/volume/v3/volumes/562cebe3-533a-45e6-922b-3d404b863af1"}, {"rel": "bookmark", "href": "http://10.132.239.110/volume/volumes/562cebe3-533a-45e6-922b-3d404b863af1"}], "user_id": "16783d7c80c64e54afe935a0d27fa174", "bootable": "false", "encrypted": false, "replication_status": null, "consistencygroup_id": null, "multiattach": false, "attachments": [], "os-vol-tenant-attr:tenant_id": "234aae29f86546a2963cb3339c28a9c1"}}'
2026-09-25 09:55:40,845 3735175 INFO     [tempest.lib.common.rest_client] Request (VolumesDeleteCascade:test_volume_from_snapshot_cascade_delete): 200 GET http://10.132.239.110/volume/v3/volumes/562cebe3-533a-45e6-922b-3d404b863af1 0.053s
2026-09-25 09:55:40,846 3735175 DEBUG    [tempest.lib.common.rest_client] Request - Headers: {'Content-Type': 'application/json', 'Accept': 'application/json', 'X-Auth-Token': '<omitted>'}
        Body: None
    Response - Headers: {'date': 'Fri, 25 Sep 2026 09:55:40 GMT', 'server': 'Apache/2.4.58 (Ubuntu)', 'content-type': 'application/json', 'x-compute-request-id': 'req-7dc927e8-d9f7-4f3c-b76c-6734fd4633c6', 'content-length': '849', 'openstack-api-version': 'volume 3.0', 'vary': 'OpenStack-API-Version', 'x-openstack-request-id': 'req-7dc927e8-d9f7-4f3c-b76c-6734fd4633c6', 'connection': 'close', 'status': '200', 'content-location': 'http://10.132.239.110/volume/v3/volumes/562cebe3-533a-45e6-922b-3d404b863af1'}
        Body: b'{"volume": {"id": "562cebe3-533a-45e6-922b-3d404b863af1", "status": "deleting", "size": 1, "availability_zone": "nova", "created_at": "2026-09-25T09:53:22.000000", "updated_at": "2026-09-25T09:53:26.000000", "name": "tempest-VolumesDeleteCascade-Volume-1396893735", "description": null, "volume_type": "arcusfc1", "snapshot_id": null, "source_volid": null, "metadata": {}, "links": [{"rel": "self", "href": "http://10.132.239.110/volume/v3/volumes/562cebe3-533a-45e6-922b-3d404b863af1"}, {"rel": "bookmark", "href": "http://10.132.239.110/volume/volumes/562cebe3-533a-45e6-922b-3d404b863af1"}], "user_id": "16783d7c80c64e54afe935a0d27fa174", "bootable": "false", "encrypted": false, "replication_status": null, "consistencygroup_id": null, "multiattach": false, "attachments": [], "os-vol-tenant-attr:tenant_id": "234aae29f86546a2963cb3339c28a9c1"}}'
2026-09-25 09:55:41,920 3735175 INFO     [tempest.lib.common.rest_client] Request (VolumesDeleteCascade:test_volume_from_snapshot_cascade_delete): 200 GET http://10.132.239.110/volume/v3/volumes/562cebe3-533a-45e6-922b-3d404b863af1 0.057s
2026-09-25 09:55:41,921 3735175 DEBUG    [tempest.lib.common.rest_client] Request - Headers: {'Content-Type': 'application/json', 'Accept': 'application/json', 'X-Auth-Token': '<omitted>'}
        Body: None
    Response - Headers: {'date': 'Fri, 25 Sep 2026 09:55:41 GMT', 'server': 'Apache/2.4.58 (Ubuntu)', 'content-type': 'application/json', 'x-compute-request-id': 'req-092ad0a8-68e1-432c-8135-e2179790b525', 'content-length': '849', 'openstack-api-version': 'volume 3.0', 'vary': 'OpenStack-API-Version', 'x-openstack-request-id': 'req-092ad0a8-68e1-432c-8135-e2179790b525', 'connection': 'close', 'status': '200', 'content-location': 'http://10.132.239.110/volume/v3/volumes/562cebe3-533a-45e6-922b-3d404b863af1'}
        Body: b'{"volume": {"id": "562cebe3-533a-45e6-922b-3d404b863af1", "status": "deleting", "size": 1, "availability_zone": "nova", "created_at": "2026-09-25T09:53:22.000000", "updated_at": "2026-09-25T09:53:26.000000", "name": "tempest-VolumesDeleteCascade-Volume-1396893735", "descript
    ion": null, "volume_type": "arcusfc1", "snapshot_id": null, "source_volid": null, "metadata": {}, "links": [{"rel": "self", "href": "http://10.132.239.110/volume/v3/volumes/562cebe3-533a-45e6-922b-3d404b863af1"}, {"rel": "bookmark", "href": "http://10.132.239.110/volume/volumes/562cebe3-533a-45e6-922b-3d404b863af1"}], "user_id": "16783d7c80c64e54afe935a0d27fa174", "bootable": "false", "encrypted": false, "replication_status": null, "consistencygroup_id": null, "multiattach": false, "attachments": [], "os-vol-tenant-attr:tenant_id": "234aae29f86546a2963cb3339c28a9c1"}}'
2026-09-25 09:55:42,994 3735175 INFO     [tempest.lib.common.rest_client] Request (VolumesDeleteCascade:test_volume_from_snapshot_cascade_delete): 200 GET http://10.132.239.110/volume/v3/volumes/562cebe3-533a-45e6-922b-3d404b863af1 0.057s
2026-09-25 09:55:42,994 3735175 DEBUG    [tempest.lib.common.rest_client] Request - Headers: {'Content-Type': 'application/json', 'Accept': 'application/json', 'X-Auth-Token': '<omitted>'}
        Body: None
    Response - Headers: {'date': 'Fri, 25 Sep 2026 09:55:42 GMT', 'server': 'Apache/2.4.58 (Ubuntu)', 'content-type': 'application/json', 'x-compute-request-id': 'req-2626a49c-46e8-48d3-b51b-ed7a283bb810', 'content-length': '849', 'openstack-api-version': 'volume 3.0', 'vary': 'OpenStack-API-Version', 'x-openstack-request-id': 'req-2626a49c-46e8-48d3-b51b-ed7a283bb810', 'connection': 'close', 'status': '200', 'content-location': 'http://10.132.239.110/volume/v3/volumes/562cebe3-533a-45e6-922b-3d404b863af1'}
        Body: b'{"volume": {"id": "562cebe3-533a-45e6-922b-3d404b863af1", "status": "deleting", "size": 1, "availability_zone": "nova", "created_at": "2026-09-25T09:53:22.000000", "updated_at": "2026-09-25T09:53:26.000000", "name": "tempest-VolumesDeleteCascade-Volume-1396893735", "description": null, "volume_type": "arcusfc1", "snapshot_id": null, "source_volid": null, "metadata": {}, "links": [{"rel": "self", "href": "http://10.132.239.110/volume/v3/volumes/562cebe3-533a-45e6-922b-3d404b863af1"}, {"rel": "bookmark", "href": "http://10.132.239.110/volume/volumes/562cebe3-533a-45e6-922b-3d404b863af1"}], "user_id": "16783d7c80c64e54afe935a0d27fa174", "bootable": "false", "encrypted": false, "replication_status": null, "consistencygroup_id": null, "multiattach": false, "attachments": [], "os-vol-tenant-attr:tenant_id": "234aae29f86546a2963cb3339c28a9c1"}}'
2026-09-25 09:55:44,068 3735175 INFO     [tempest.lib.common.rest_client] Request (VolumesDeleteCascade:test_volume_from_snapshot_cascade_delete): 200 GET http://10.132.239.110/volume/v3/volumes/562cebe3-533a-45e6-922b-3d404b863af1 0.055s
2026-09-25 09:55:44,069 3735175 DEBUG    [tempest.lib.common.rest_client] Request - Headers: {'Content-Type': 'application/json', 'Accept': 'application/json', 'X-Auth-Token': '<omitted>'}
        Body: None
    Response - Headers: {'date': 'Fri, 25 Sep 2026 09:55:44 GMT', 'server': 'Apache/2.4.58 (Ubuntu)', 'content-type': 'application/json', 'x-compute-request-id': 'req-3d323c13-2b94-47f8-9e4e-1d7d967fcac7', 'content-length': '849', 'openstack-api-version': 'volume 3.0', 'vary': 'OpenStack-API-Version', 'x-openstack-request-id': 'req-3d323c13-2b94-47f8-9e4e-1d7d967fcac7', 'connection': 'close', 'status': '200', 'content-location': 'http://10.132.239.110/volume/v3/volumes/562cebe3-533a-45e6-922b-3d404b863af1'}
        Body: b'{"volume": {"id": "562cebe3-533a-45e6-922b-3d404b863af1", "status": "deleting", "size": 1, "availability_zone": "nova", "created_at": "2026-09-25T09:53:22.000000", "updated_at": "2026-09-25T09:53:26.000000", "name": "tempest-VolumesDeleteCascade-Volume-1396893735", "description": null, "volume_type": "arcusfc1", "snapshot_id": null, "source_volid": null, "metadata": {}, "links": [{"rel": "self", "href": "http://10.132.239.110/volume/v3/volumes/562cebe3-533a-45e6-922b-3d404b863af1"}, {"rel": "bookmark", "href": "http://10.132.239.110/volume/volumes/562cebe3-533a-45e6-922b-3d404b863af1"}], "user_id": "16783d7c80c64e54afe935a0d27fa174", "bootable": "false", "encrypted": false, "replication_status": null, "consi
    stencygroup_id": null, "multiattach": false, "attachments": [], "os-vol-tenant-attr:tenant_id": "234aae29f86546a2963cb3339c28a9c1"}}'
2026-09-25 09:55:45,138 3735175 INFO     [tempest.lib.common.rest_client] Request (VolumesDeleteCascade:test_volume_from_snapshot_cascade_delete): 200 GET http://10.132.239.110/volume/v3/volumes/562cebe3-533a-45e6-922b-3d404b863af1 0.052s
2026-09-25 09:55:45,138 3735175 DEBUG    [tempest.lib.common.rest_client] Request - Headers: {'Content-Type': 'application/json', 'Accept': 'application/json', 'X-Auth-Token': '<omitted>'}
        Body: None
    Response - Headers: {'date': 'Fri, 25 Sep 2026 09:55:45 GMT', 'server': 'Apache/2.4.58 (Ubuntu)', 'content-type': 'application/json', 'x-compute-request-id': 'req-13115c8e-2c9b-40c0-8c89-67ae5e1b19fb', 'content-length': '849', 'openstack-api-version': 'volume 3.0', 'vary': 'OpenStack-API-Version', 'x-openstack-request-id': 'req-13115c8e-2c9b-40c0-8c89-67ae5e1b19fb', 'connection': 'close', 'status': '200', 'content-location': 'http://10.132.239.110/volume/v3/volumes/562cebe3-533a-45e6-922b-3d404b863af1'}
        Body: b'{"volume": {"id": "562cebe3-533a-45e6-922b-3d404b863af1", "status": "deleting", "size": 1, "availability_zone": "nova", "created_at": "2026-09-25T09:53:22.000000", "updated_at": "2026-09-25T09:53:26.000000", "name": "tempest-VolumesDeleteCascade-Volume-1396893735", "description": null, "volume_type": "arcusfc1", "snapshot_id": null, "source_volid": null, "metadata": {}, "links": [{"rel": "self", "href": "http://10.132.239.110/volume/v3/volumes/562cebe3-533a-45e6-922b-3d404b863af1"}, {"rel": "bookmark", "href": "http://10.132.239.110/volume/volumes/562cebe3-533a-45e6-922b-3d404b863af1"}], "user_id": "16783d7c80c64e54afe935a0d27fa174", "bootable": "false", "encrypted": false, "replication_status": null, "consistencygroup_id": null, "multiattach": false, "attachments": [], "os-vol-tenant-attr:tenant_id": "234aae29f86546a2963cb3339c28a9c1"}}'
2026-09-25 09:55:46,211 3735175 INFO     [tempest.lib.common.rest_client] Request (VolumesDeleteCascade:test_volume_from_snapshot_cascade_delete): 200 GET http://10.132.239.110/volume/v3/volumes/562cebe3-533a-45e6-922b-3d404b863af1 0.054s
2026-09-25 09:55:46,212 3735175 DEBUG    [tempest.lib.common.rest_client] Request - Headers: {'Content-Type': 'application/json', 'Accept': 'application/json', 'X-Auth-Token': '<omitted>'}
        Body: None
    Response - Headers: {'date': 'Fri, 25 Sep 2026 09:55:46 GMT', 'server': 'Apache/2.4.58 (Ubuntu)', 'content-type': 'application/json', 'x-compute-request-id': 'req-1de22889-c1f2-411b-b5f1-cb672218a8ac', 'content-length': '849', 'openstack-api-version': 'volume 3.0', 'vary': 'OpenStack-API-Version', 'x-openstack-request-id': 'req-1de22889-c1f2-411b-b5f1-cb672218a8ac', 'connection': 'close', 'status': '200', 'content-location': 'http://10.132.239.110/volume/v3/volumes/562cebe3-533a-45e6-922b-3d404b863af1'}
        Body: b'{"volume": {"id": "562cebe3-533a-45e6-922b-3d404b863af1", "status": "deleting", "size": 1, "availability_zone": "nova", "created_at": "2026-09-25T09:53:22.000000", "updated_at": "2026-09-25T09:53:26.000000", "name": "tempest-VolumesDeleteCascade-Volume-1396893735", "description": null, "volume_type": "arcusfc1", "snapshot_id": null, "source_volid": null, "metadata": {}, "links": [{"rel": "self", "href": "http://10.132.239.110/volume/v3/volumes/562cebe3-533a-45e6-922b-3d404b863af1"}, {"rel": "bookmark", "href": "http://10.132.239.110/volume/volumes/562cebe3-533a-45e6-922b-3d404b863af1"}], "user_id": "16783d7c80c64e54afe935a0d27fa174", "bootable": "false", "encrypted": false, "replication_status": null, "consistencygroup_id": null, "multiattach": false, "attachments": [], "os-vol-tenant-attr:tenant_id": "234aae29f86546a2963cb3339c28a9c1"}}'
2026-09-25 09:55:47,285 3735175 INFO     [tempest.lib.common.rest_client] Request (VolumesDeleteCascade:test_volume_from_snapshot_cascade_delete): 200 GET http://10.132.239.110/volume/v3/volumes/562cebe3-533a-45e6-922b-3d404b863af1 0.057s
2026-09-25 09:55:47,285 3735175 DEBUG    [tempest.lib.common.rest_cli
    ent] Request - Headers: {'Content-Type': 'application/json', 'Accept': 'application/json', 'X-Auth-Token': '<omitted>'}
        Body: None
    Response - Headers: {'date': 'Fri, 25 Sep 2026 09:55:47 GMT', 'server': 'Apache/2.4.58 (Ubuntu)', 'content-type': 'application/json', 'x-compute-request-id': 'req-a95b5432-a71f-41fe-b70c-c8b9aef79404', 'content-length': '849', 'openstack-api-version': 'volume 3.0', 'vary': 'OpenStack-API-Version', 'x-openstack-request-id': 'req-a95b5432-a71f-41fe-b70c-c8b9aef79404', 'connection': 'close', 'status': '200', 'content-location': 'http://10.132.239.110/volume/v3/volumes/562cebe3-533a-45e6-922b-3d404b863af1'}
        Body: b'{"volume": {"id": "562cebe3-533a-45e6-922b-3d404b863af1", "status": "deleting", "size": 1, "availability_zone": "nova", "created_at": "2026-09-25T09:53:22.000000", "updated_at": "2026-09-25T09:53:26.000000", "name": "tempest-VolumesDeleteCascade-Volume-1396893735", "description": null, "volume_type": "arcusfc1", "snapshot_id": null, "source_volid": null, "metadata": {}, "links": [{"rel": "self", "href": "http://10.132.239.110/volume/v3/volumes/562cebe3-533a-45e6-922b-3d404b863af1"}, {"rel": "bookmark", "href": "http://10.132.239.110/volume/volumes/562cebe3-533a-45e6-922b-3d404b863af1"}], "user_id": "16783d7c80c64e54afe935a0d27fa174", "bootable": "false", "encrypted": false, "replication_status": null, "consistencygroup_id": null, "multiattach": false, "attachments": [], "os-vol-tenant-attr:tenant_id": "234aae29f86546a2963cb3339c28a9c1"}}'
2026-09-25 09:55:48,358 3735175 INFO     [tempest.lib.common.rest_client] Request (VolumesDeleteCascade:test_volume_from_snapshot_cascade_delete): 200 GET http://10.132.239.110/volume/v3/volumes/562cebe3-533a-45e6-922b-3d404b863af1 0.054s
2026-09-25 09:55:48,359 3735175 DEBUG    [tempest.lib.common.rest_client] Request - Headers: {'Content-Type': 'application/json', 'Accept': 'application/json', 'X-Auth-Token': '<omitted>'}
        Body: None
    Response - Headers: {'date': 'Fri, 25 Sep 2026 09:55:48 GMT', 'server': 'Apache/2.4.58 (Ubuntu)', 'content-type': 'application/json', 'x-compute-request-id': 'req-b93a7464-7c88-4057-9adb-04054b5ac097', 'content-length': '849', 'openstack-api-version': 'volume 3.0', 'vary': 'OpenStack-API-Version', 'x-openstack-request-id': 'req-b93a7464-7c88-4057-9adb-04054b5ac097', 'connection': 'close', 'status': '200', 'content-location': 'http://10.132.239.110/volume/v3/volumes/562cebe3-533a-45e6-922b-3d404b863af1'}
        Body: b'{"volume": {"id": "562cebe3-533a-45e6-922b-3d404b863af1", "status": "deleting", "size": 1, "availability_zone": "nova", "created_at": "2026-09-25T09:53:22.000000", "updated_at": "2026-09-25T09:53:26.000000", "name": "tempest-VolumesDeleteCascade-Volume-1396893735", "description": null, "volume_type": "arcusfc1", "snapshot_id": null, "source_volid": null, "metadata": {}, "links": [{"rel": "self", "href": "http://10.132.239.110/volume/v3/volumes/562cebe3-533a-45e6-922b-3d404b863af1"}, {"rel": "bookmark", "href": "http://10.132.239.110/volume/volumes/562cebe3-533a-45e6-922b-3d404b863af1"}], "user_id": "16783d7c80c64e54afe935a0d27fa174", "bootable": "false", "encrypted": false, "replication_status": null, "consistencygroup_id": null, "multiattach": false, "attachments": [], "os-vol-tenant-attr:tenant_id": "234aae29f86546a2963cb3339c28a9c1"}}'
2026-09-25 09:55:49,428 3735175 INFO     [tempest.lib.common.rest_client] Request (VolumesDeleteCascade:test_volume_from_snapshot_cascade_delete): 200 GET http://10.132.239.110/volume/v3/volumes/562cebe3-533a-45e6-922b-3d404b863af1 0.052s
2026-09-25 09:55:49,428 3735175 DEBUG    [tempest.lib.common.rest_client] Request - Headers: {'Content-Type': 'application/json', 'Accept': 'application/json', 'X-Auth-Token': '<omitted>'}
        Body: None
    Response - Headers: {'date': 'Fri, 25 Sep 2026 09:55:49 GMT', 'server': 'Apache/2.4.58 (Ubuntu)', 'content-type': 'application/json', 'x-compute-request-id': 'req-fdf2e09c-f65b-4330-844f-f0a859f90ee4', 'content-length': '849', 'openstack-api-version': 'volume 3.0', 'vary': 'OpenStack-API-Version', 
    'x-openstack-request-id': 'req-fdf2e09c-f65b-4330-844f-f0a859f90ee4', 'connection': 'close', 'status': '200', 'content-location': 'http://10.132.239.110/volume/v3/volumes/562cebe3-533a-45e6-922b-3d404b863af1'}
        Body: b'{"volume": {"id": "562cebe3-533a-45e6-922b-3d404b863af1", "status": "deleting", "size": 1, "availability_zone": "nova", "created_at": "2026-09-25T09:53:22.000000", "updated_at": "2026-09-25T09:53:26.000000", "name": "tempest-VolumesDeleteCascade-Volume-1396893735", "description": null, "volume_type": "arcusfc1", "snapshot_id": null, "source_volid": null, "metadata": {}, "links": [{"rel": "self", "href": "http://10.132.239.110/volume/v3/volumes/562cebe3-533a-45e6-922b-3d404b863af1"}, {"rel": "bookmark", "href": "http://10.132.239.110/volume/volumes/562cebe3-533a-45e6-922b-3d404b863af1"}], "user_id": "16783d7c80c64e54afe935a0d27fa174", "bootable": "false", "encrypted": false, "replication_status": null, "consistencygroup_id": null, "multiattach": false, "attachments": [], "os-vol-tenant-attr:tenant_id": "234aae29f86546a2963cb3339c28a9c1"}}'
2026-09-25 09:55:50,501 3735175 INFO     [tempest.lib.common.rest_client] Request (VolumesDeleteCascade:test_volume_from_snapshot_cascade_delete): 200 GET http://10.132.239.110/volume/v3/volumes/562cebe3-533a-45e6-922b-3d404b863af1 0.053s
2026-09-25 09:55:50,501 3735175 DEBUG    [tempest.lib.common.rest_client] Request - Headers: {'Content-Type': 'application/json', 'Accept': 'application/json', 'X-Auth-Token': '<omitted>'}
        Body: None
    Response - Headers: {'date': 'Fri, 25 Sep 2026 09:55:50 GMT', 'server': 'Apache/2.4.58 (Ubuntu)', 'content-type': 'application/json', 'x-compute-request-id': 'req-a8876444-1bb6-41ff-8d2e-701a12edf6cd', 'content-length': '849', 'openstack-api-version': 'volume 3.0', 'vary': 'OpenStack-API-Version', 'x-openstack-request-id': 'req-a8876444-1bb6-41ff-8d2e-701a12edf6cd', 'connection': 'close', 'status': '200', 'content-location': 'http://10.132.239.110/volume/v3/volumes/562cebe3-533a-45e6-922b-3d404b863af1'}
        Body: b'{"volume": {"id": "562cebe3-533a-45e6-922b-3d404b863af1", "status": "deleting", "size": 1, "availability_zone": "nova", "created_at": "2026-09-25T09:53:22.000000", "updated_at": "2026-09-25T09:53:26.000000", "name": "tempest-VolumesDeleteCascade-Volume-1396893735", "description": null, "volume_type": "arcusfc1", "snapshot_id": null, "source_volid": null, "metadata": {}, "links": [{"rel": "self", "href": "http://10.132.239.110/volume/v3/volumes/562cebe3-533a-45e6-922b-3d404b863af1"}, {"rel": "bookmark", "href": "http://10.132.239.110/volume/volumes/562cebe3-533a-45e6-922b-3d404b863af1"}], "user_id": "16783d7c80c64e54afe935a0d27fa174", "bootable": "false", "encrypted": false, "replication_status": null, "consistencygroup_id": null, "multiattach": false, "attachments": [], "os-vol-tenant-attr:tenant_id": "234aae29f86546a2963cb3339c28a9c1"}}'
2026-09-25 09:55:51,575 3735175 INFO     [tempest.lib.common.rest_client] Request (VolumesDeleteCascade:test_volume_from_snapshot_cascade_delete): 200 GET http://10.132.239.110/volume/v3/volumes/562cebe3-533a-45e6-922b-3d404b863af1 0.055s
2026-09-25 09:55:51,576 3735175 DEBUG    [tempest.lib.common.rest_client] Request - Headers: {'Content-Type': 'application/json', 'Accept': 'application/json', 'X-Auth-Token': '<omitted>'}
        Body: None
    Response - Headers: {'date': 'Fri, 25 Sep 2026 09:55:51 GMT', 'server': 'Apache/2.4.58 (Ubuntu)', 'content-type': 'application/json', 'x-compute-request-id': 'req-392b8afa-62ee-4d05-98a4-e7460ce8abf0', 'content-length': '849', 'openstack-api-version': 'volume 3.0', 'vary': 'OpenStack-API-Version', 'x-openstack-request-id': 'req-392b8afa-62ee-4d05-98a4-e7460ce8abf0', 'connection': 'close', 'status': '200', 'content-location': 'http://10.132.239.110/volume/v3/volumes/562cebe3-533a-45e6-922b-3d404b863af1'}
        Body: b'{"volume": {"id": "562cebe3-533a-45e6-922b-3d404b863af1", "status": "deleting", "size": 1, "availability_zone": "nova", "created_at": "2026-09-25T09:53:22.000000", "updated_at": "2026-09-25T09:53:26.000000", "name": 
    "tempest-VolumesDeleteCascade-Volume-1396893735", "description": null, "volume_type": "arcusfc1", "snapshot_id": null, "source_volid": null, "metadata": {}, "links": [{"rel": "self", "href": "http://10.132.239.110/volume/v3/volumes/562cebe3-533a-45e6-922b-3d404b863af1"}, {"rel": "bookmark", "href": "http://10.132.239.110/volume/volumes/562cebe3-533a-45e6-922b-3d404b863af1"}], "user_id": "16783d7c80c64e54afe935a0d27fa174", "bootable": "false", "encrypted": false, "replication_status": null, "consistencygroup_id": null, "multiattach": false, "attachments": [], "os-vol-tenant-attr:tenant_id": "234aae29f86546a2963cb3339c28a9c1"}}'
2026-09-25 09:55:52,646 3735175 INFO     [tempest.lib.common.rest_client] Request (VolumesDeleteCascade:test_volume_from_snapshot_cascade_delete): 200 GET http://10.132.239.110/volume/v3/volumes/562cebe3-533a-45e6-922b-3d404b863af1 0.055s
2026-09-25 09:55:52,647 3735175 DEBUG    [tempest.lib.common.rest_client] Request - Headers: {'Content-Type': 'application/json', 'Accept': 'application/json', 'X-Auth-Token': '<omitted>'}
        Body: None
    Response - Headers: {'date': 'Fri, 25 Sep 2026 09:55:52 GMT', 'server': 'Apache/2.4.58 (Ubuntu)', 'content-type': 'application/json', 'x-compute-request-id': 'req-1a82800b-28bd-49e7-807f-b21ea028b080', 'content-length': '849', 'openstack-api-version': 'volume 3.0', 'vary': 'OpenStack-API-Version', 'x-openstack-request-id': 'req-1a82800b-28bd-49e7-807f-b21ea028b080', 'connection': 'close', 'status': '200', 'content-location': 'http://10.132.239.110/volume/v3/volumes/562cebe3-533a-45e6-922b-3d404b863af1'}
        Body: b'{"volume": {"id": "562cebe3-533a-45e6-922b-3d404b863af1", "status": "deleting", "size": 1, "availability_zone": "nova", "created_at": "2026-09-25T09:53:22.000000", "updated_at": "2026-09-25T09:53:26.000000", "name": "tempest-VolumesDeleteCascade-Volume-1396893735", "description": null, "volume_type": "arcusfc1", "snapshot_id": null, "source_volid": null, "metadata": {}, "links": [{"rel": "self", "href": "http://10.132.239.110/volume/v3/volumes/562cebe3-533a-45e6-922b-3d404b863af1"}, {"rel": "bookmark", "href": "http://10.132.239.110/volume/volumes/562cebe3-533a-45e6-922b-3d404b863af1"}], "user_id": "16783d7c80c64e54afe935a0d27fa174", "bootable": "false", "encrypted": false, "replication_status": null, "consistencygroup_id": null, "multiattach": false, "attachments": [], "os-vol-tenant-attr:tenant_id": "234aae29f86546a2963cb3339c28a9c1"}}'
2026-09-25 09:55:53,736 3735175 INFO     [tempest.lib.common.rest_client] Request (VolumesDeleteCascade:test_volume_from_snapshot_cascade_delete): 200 GET http://10.132.239.110/volume/v3/volumes/562cebe3-533a-45e6-922b-3d404b863af1 0.072s
2026-09-25 09:55:53,736 3735175 DEBUG    [tempest.lib.common.rest_client] Request - Headers: {'Content-Type': 'application/json', 'Accept': 'application/json', 'X-Auth-Token': '<omitted>'}
        Body: None
    Response - Headers: {'date': 'Fri, 25 Sep 2026 09:55:53 GMT', 'server': 'Apache/2.4.58 (Ubuntu)', 'content-type': 'application/json', 'x-compute-request-id': 'req-abb41382-399c-4ff1-9092-8a37b16b72bc', 'content-length': '849', 'openstack-api-version': 'volume 3.0', 'vary': 'OpenStack-API-Version', 'x-openstack-request-id': 'req-abb41382-399c-4ff1-9092-8a37b16b72bc', 'connection': 'close', 'status': '200', 'content-location': 'http://10.132.239.110/volume/v3/volumes/562cebe3-533a-45e6-922b-3d404b863af1'}
        Body: b'{"volume": {"id": "562cebe3-533a-45e6-922b-3d404b863af1", "status": "deleting", "size": 1, "availability_zone": "nova", "created_at": "2026-09-25T09:53:22.000000", "updated_at": "2026-09-25T09:53:26.000000", "name": "tempest-VolumesDeleteCascade-Volume-1396893735", "description": null, "volume_type": "arcusfc1", "snapshot_id": null, "source_volid": null, "metadata": {}, "links": [{"rel": "self", "href": "http://10.132.239.110/volume/v3/volumes/562cebe3-533a-45e6-922b-3d404b863af1"}, {"rel": "bookmark", "href": "http://10.132.239.110/volume/volumes/562cebe3-533a-45e6-922b-3d404b863af1"}], "user_id": "16783d7c80c64e54afe935a0d27fa174", "bootable": "fal
    se", "encrypted": false, "replication_status": null, "consistencygroup_id": null, "multiattach": false, "attachments": [], "os-vol-tenant-attr:tenant_id": "234aae29f86546a2963cb3339c28a9c1"}}'
2026-09-25 09:55:54,814 3735175 INFO     [tempest.lib.common.rest_client] Request (VolumesDeleteCascade:test_volume_from_snapshot_cascade_delete): 200 GET http://10.132.239.110/volume/v3/volumes/562cebe3-533a-45e6-922b-3d404b863af1 0.050s
2026-09-25 09:55:54,814 3735175 DEBUG    [tempest.lib.common.rest_client] Request - Headers: {'Content-Type': 'application/json', 'Accept': 'application/json', 'X-Auth-Token': '<omitted>'}
        Body: None
    Response - Headers: {'date': 'Fri, 25 Sep 2026 09:55:54 GMT', 'server': 'Apache/2.4.58 (Ubuntu)', 'content-type': 'application/json', 'x-compute-request-id': 'req-c877d344-6509-425f-8b40-8e2b84590147', 'content-length': '849', 'openstack-api-version': 'volume 3.0', 'vary': 'OpenStack-API-Version', 'x-openstack-request-id': 'req-c877d344-6509-425f-8b40-8e2b84590147', 'connection': 'close', 'status': '200', 'content-location': 'http://10.132.239.110/volume/v3/volumes/562cebe3-533a-45e6-922b-3d404b863af1'}
        Body: b'{"volume": {"id": "562cebe3-533a-45e6-922b-3d404b863af1", "status": "deleting", "size": 1, "availability_zone": "nova", "created_at": "2026-09-25T09:53:22.000000", "updated_at": "2026-09-25T09:53:26.000000", "name": "tempest-VolumesDeleteCascade-Volume-1396893735", "description": null, "volume_type": "arcusfc1", "snapshot_id": null, "source_volid": null, "metadata": {}, "links": [{"rel": "self", "href": "http://10.132.239.110/volume/v3/volumes/562cebe3-533a-45e6-922b-3d404b863af1"}, {"rel": "bookmark", "href": "http://10.132.239.110/volume/volumes/562cebe3-533a-45e6-922b-3d404b863af1"}], "user_id": "16783d7c80c64e54afe935a0d27fa174", "bootable": "false", "encrypted": false, "replication_status": null, "consistencygroup_id": null, "multiattach": false, "attachments": [], "os-vol-tenant-attr:tenant_id": "234aae29f86546a2963cb3339c28a9c1"}}'
2026-09-25 09:55:55,890 3735175 INFO     [tempest.lib.common.rest_client] Request (VolumesDeleteCascade:test_volume_from_snapshot_cascade_delete): 200 GET http://10.132.239.110/volume/v3/volumes/562cebe3-533a-45e6-922b-3d404b863af1 0.060s
2026-09-25 09:55:55,890 3735175 DEBUG    [tempest.lib.common.rest_client] Request - Headers: {'Content-Type': 'application/json', 'Accept': 'application/json', 'X-Auth-Token': '<omitted>'}
        Body: None
    Response - Headers: {'date': 'Fri, 25 Sep 2026 09:55:55 GMT', 'server': 'Apache/2.4.58 (Ubuntu)', 'content-type': 'application/json', 'x-compute-request-id': 'req-4af0dc5f-369c-49ec-a88a-81f404220548', 'content-length': '849', 'openstack-api-version': 'volume 3.0', 'vary': 'OpenStack-API-Version', 'x-openstack-request-id': 'req-4af0dc5f-369c-49ec-a88a-81f404220548', 'connection': 'close', 'status': '200', 'content-location': 'http://10.132.239.110/volume/v3/volumes/562cebe3-533a-45e6-922b-3d404b863af1'}
        Body: b'{"volume": {"id": "562cebe3-533a-45e6-922b-3d404b863af1", "status": "deleting", "size": 1, "availability_zone": "nova", "created_at": "2026-09-25T09:53:22.000000", "updated_at": "2026-09-25T09:53:26.000000", "name": "tempest-VolumesDeleteCascade-Volume-1396893735", "description": null, "volume_type": "arcusfc1", "snapshot_id": null, "source_volid": null, "metadata": {}, "links": [{"rel": "self", "href": "http://10.132.239.110/volume/v3/volumes/562cebe3-533a-45e6-922b-3d404b863af1"}, {"rel": "bookmark", "href": "http://10.132.239.110/volume/volumes/562cebe3-533a-45e6-922b-3d404b863af1"}], "user_id": "16783d7c80c64e54afe935a0d27fa174", "bootable": "false", "encrypted": false, "replication_status": null, "consistencygroup_id": null, "multiattach": false, "attachments": [], "os-vol-tenant-attr:tenant_id": "234aae29f86546a2963cb3339c28a9c1"}}'
2026-09-25 09:55:56,961 3735175 INFO     [tempest.lib.common.rest_client] Request (VolumesDeleteCascade:test_volume_from_snapshot_cascade_delete): 200 GET http://10.132.239.110/volume/v3/volumes/562cebe3-533a-45e6-922b-3d404b863af1 0.054s
2026-09-25
     09:55:56,962 3735175 DEBUG    [tempest.lib.common.rest_client] Request - Headers: {'Content-Type': 'application/json', 'Accept': 'application/json', 'X-Auth-Token': '<omitted>'}
        Body: None
    Response - Headers: {'date': 'Fri, 25 Sep 2026 09:55:56 GMT', 'server': 'Apache/2.4.58 (Ubuntu)', 'content-type': 'application/json', 'x-compute-request-id': 'req-50f31bec-8f13-4f90-b739-23de597d7a0c', 'content-length': '849', 'openstack-api-version': 'volume 3.0', 'vary': 'OpenStack-API-Version', 'x-openstack-request-id': 'req-50f31bec-8f13-4f90-b739-23de597d7a0c', 'connection': 'close', 'status': '200', 'content-location': 'http://10.132.239.110/volume/v3/volumes/562cebe3-533a-45e6-922b-3d404b863af1'}
        Body: b'{"volume": {"id": "562cebe3-533a-45e6-922b-3d404b863af1", "status": "deleting", "size": 1, "availability_zone": "nova", "created_at": "2026-09-25T09:53:22.000000", "updated_at": "2026-09-25T09:53:26.000000", "name": "tempest-VolumesDeleteCascade-Volume-1396893735", "description": null, "volume_type": "arcusfc1", "snapshot_id": null, "source_volid": null, "metadata": {}, "links": [{"rel": "self", "href": "http://10.132.239.110/volume/v3/volumes/562cebe3-533a-45e6-922b-3d404b863af1"}, {"rel": "bookmark", "href": "http://10.132.239.110/volume/volumes/562cebe3-533a-45e6-922b-3d404b863af1"}], "user_id": "16783d7c80c64e54afe935a0d27fa174", "bootable": "false", "encrypted": false, "replication_status": null, "consistencygroup_id": null, "multiattach": false, "attachments": [], "os-vol-tenant-attr:tenant_id": "234aae29f86546a2963cb3339c28a9c1"}}'
2026-09-25 09:55:58,032 3735175 INFO     [tempest.lib.common.rest_client] Request (VolumesDeleteCascade:test_volume_from_snapshot_cascade_delete): 200 GET http://10.132.239.110/volume/v3/volumes/562cebe3-533a-45e6-922b-3d404b863af1 0.055s
2026-09-25 09:55:58,033 3735175 DEBUG    [tempest.lib.common.rest_client] Request - Headers: {'Content-Type': 'application/json', 'Accept': 'application/json', 'X-Auth-Token': '<omitted>'}
        Body: None
    Response - Headers: {'date': 'Fri, 25 Sep 2026 09:55:57 GMT', 'server': 'Apache/2.4.58 (Ubuntu)', 'content-type': 'application/json', 'x-compute-request-id': 'req-8ae7589f-d0aa-4fcf-9188-663fb2eab6d8', 'content-length': '849', 'openstack-api-version': 'volume 3.0', 'vary': 'OpenStack-API-Version', 'x-openstack-request-id': 'req-8ae7589f-d0aa-4fcf-9188-663fb2eab6d8', 'connection': 'close', 'status': '200', 'content-location': 'http://10.132.239.110/volume/v3/volumes/562cebe3-533a-45e6-922b-3d404b863af1'}
        Body: b'{"volume": {"id": "562cebe3-533a-45e6-922b-3d404b863af1", "status": "deleting", "size": 1, "availability_zone": "nova", "created_at": "2026-09-25T09:53:22.000000", "updated_at": "2026-09-25T09:53:26.000000", "name": "tempest-VolumesDeleteCascade-Volume-1396893735", "description": null, "volume_type": "arcusfc1", "snapshot_id": null, "source_volid": null, "metadata": {}, "links": [{"rel": "self", "href": "http://10.132.239.110/volume/v3/volumes/562cebe3-533a-45e6-922b-3d404b863af1"}, {"rel": "bookmark", "href": "http://10.132.239.110/volume/volumes/562cebe3-533a-45e6-922b-3d404b863af1"}], "user_id": "16783d7c80c64e54afe935a0d27fa174", "bootable": "false", "encrypted": false, "replication_status": null, "consistencygroup_id": null, "multiattach": false, "attachments": [], "os-vol-tenant-attr:tenant_id": "234aae29f86546a2963cb3339c28a9c1"}}'
2026-09-25 09:55:59,109 3735175 INFO     [tempest.lib.common.rest_client] Request (VolumesDeleteCascade:test_volume_from_snapshot_cascade_delete): 200 GET http://10.132.239.110/volume/v3/volumes/562cebe3-533a-45e6-922b-3d404b863af1 0.060s
2026-09-25 09:55:59,109 3735175 DEBUG    [tempest.lib.common.rest_client] Request - Headers: {'Content-Type': 'application/json', 'Accept': 'application/json', 'X-Auth-Token': '<omitted>'}
        Body: None
    Response - Headers: {'date': 'Fri, 25 Sep 2026 09:55:59 GMT', 'server': 'Apache/2.4.58 (Ubuntu)', 'content-type': 'application/json', 'x-compute-request-id': 'req-dc43613d-d1fc-4b81-86db-05b98ca13667', 'content-length': '849', 'openstack-ap
    i-version': 'volume 3.0', 'vary': 'OpenStack-API-Version', 'x-openstack-request-id': 'req-dc43613d-d1fc-4b81-86db-05b98ca13667', 'connection': 'close', 'status': '200', 'content-location': 'http://10.132.239.110/volume/v3/volumes/562cebe3-533a-45e6-922b-3d404b863af1'}
        Body: b'{"volume": {"id": "562cebe3-533a-45e6-922b-3d404b863af1", "status": "deleting", "size": 1, "availability_zone": "nova", "created_at": "2026-09-25T09:53:22.000000", "updated_at": "2026-09-25T09:53:26.000000", "name": "tempest-VolumesDeleteCascade-Volume-1396893735", "description": null, "volume_type": "arcusfc1", "snapshot_id": null, "source_volid": null, "metadata": {}, "links": [{"rel": "self", "href": "http://10.132.239.110/volume/v3/volumes/562cebe3-533a-45e6-922b-3d404b863af1"}, {"rel": "bookmark", "href": "http://10.132.239.110/volume/volumes/562cebe3-533a-45e6-922b-3d404b863af1"}], "user_id": "16783d7c80c64e54afe935a0d27fa174", "bootable": "false", "encrypted": false, "replication_status": null, "consistencygroup_id": null, "multiattach": false, "attachments": [], "os-vol-tenant-attr:tenant_id": "234aae29f86546a2963cb3339c28a9c1"}}'
2026-09-25 09:56:00,184 3735175 INFO     [tempest.lib.common.rest_client] Request (VolumesDeleteCascade:test_volume_from_snapshot_cascade_delete): 200 GET http://10.132.239.110/volume/v3/volumes/562cebe3-533a-45e6-922b-3d404b863af1 0.059s
2026-09-25 09:56:00,185 3735175 DEBUG    [tempest.lib.common.rest_client] Request - Headers: {'Content-Type': 'application/json', 'Accept': 'application/json', 'X-Auth-Token': '<omitted>'}
        Body: None
    Response - Headers: {'date': 'Fri, 25 Sep 2026 09:56:00 GMT', 'server': 'Apache/2.4.58 (Ubuntu)', 'content-type': 'application/json', 'x-compute-request-id': 'req-8807a056-b855-417b-bd73-a6009bca5947', 'content-length': '849', 'openstack-api-version': 'volume 3.0', 'vary': 'OpenStack-API-Version', 'x-openstack-request-id': 'req-8807a056-b855-417b-bd73-a6009bca5947', 'connection': 'close', 'status': '200', 'content-location': 'http://10.132.239.110/volume/v3/volumes/562cebe3-533a-45e6-922b-3d404b863af1'}
        Body: b'{"volume": {"id": "562cebe3-533a-45e6-922b-3d404b863af1", "status": "deleting", "size": 1, "availability_zone": "nova", "created_at": "2026-09-25T09:53:22.000000", "updated_at": "2026-09-25T09:53:26.000000", "name": "tempest-VolumesDeleteCascade-Volume-1396893735", "description": null, "volume_type": "arcusfc1", "snapshot_id": null, "source_volid": null, "metadata": {}, "links": [{"rel": "self", "href": "http://10.132.239.110/volume/v3/volumes/562cebe3-533a-45e6-922b-3d404b863af1"}, {"rel": "bookmark", "href": "http://10.132.239.110/volume/volumes/562cebe3-533a-45e6-922b-3d404b863af1"}], "user_id": "16783d7c80c64e54afe935a0d27fa174", "bootable": "false", "encrypted": false, "replication_status": null, "consistencygroup_id": null, "multiattach": false, "attachments": [], "os-vol-tenant-attr:tenant_id": "234aae29f86546a2963cb3339c28a9c1"}}'
2026-09-25 09:56:01,259 3735175 INFO     [tempest.lib.common.rest_client] Request (VolumesDeleteCascade:test_volume_from_snapshot_cascade_delete): 200 GET http://10.132.239.110/volume/v3/volumes/562cebe3-533a-45e6-922b-3d404b863af1 0.057s
2026-09-25 09:56:01,260 3735175 DEBUG    [tempest.lib.common.rest_client] Request - Headers: {'Content-Type': 'application/json', 'Accept': 'application/json', 'X-Auth-Token': '<omitted>'}
        Body: None
    Response - Headers: {'date': 'Fri, 25 Sep 2026 09:56:01 GMT', 'server': 'Apache/2.4.58 (Ubuntu)', 'content-type': 'application/json', 'x-compute-request-id': 'req-005cc5af-edd9-4a9c-90df-cc0b292b5698', 'content-length': '849', 'openstack-api-version': 'volume 3.0', 'vary': 'OpenStack-API-Version', 'x-openstack-request-id': 'req-005cc5af-edd9-4a9c-90df-cc0b292b5698', 'connection': 'close', 'status': '200', 'content-location': 'http://10.132.239.110/volume/v3/volumes/562cebe3-533a-45e6-922b-3d404b863af1'}
        Body: b'{"volume": {"id": "562cebe3-533a-45e6-922b-3d404b863af1", "status": "deleting", "size": 1, "availability_zone": "nova", "created_at": "2026-09-25T09:53:22.00
    0000", "updated_at": "2026-09-25T09:53:26.000000", "name": "tempest-VolumesDeleteCascade-Volume-1396893735", "description": null, "volume_type": "arcusfc1", "snapshot_id": null, "source_volid": null, "metadata": {}, "links": [{"rel": "self", "href": "http://10.132.239.110/volume/v3/volumes/562cebe3-533a-45e6-922b-3d404b863af1"}, {"rel": "bookmark", "href": "http://10.132.239.110/volume/volumes/562cebe3-533a-45e6-922b-3d404b863af1"}], "user_id": "16783d7c80c64e54afe935a0d27fa174", "bootable": "false", "encrypted": false, "replication_status": null, "consistencygroup_id": null, "multiattach": false, "attachments": [], "os-vol-tenant-attr:tenant_id": "234aae29f86546a2963cb3339c28a9c1"}}'
2026-09-25 09:56:02,334 3735175 INFO     [tempest.lib.common.rest_client] Request (VolumesDeleteCascade:test_volume_from_snapshot_cascade_delete): 200 GET http://10.132.239.110/volume/v3/volumes/562cebe3-533a-45e6-922b-3d404b863af1 0.056s
2026-09-25 09:56:02,334 3735175 DEBUG    [tempest.lib.common.rest_client] Request - Headers: {'Content-Type': 'application/json', 'Accept': 'application/json', 'X-Auth-Token': '<omitted>'}
        Body: None
    Response - Headers: {'date': 'Fri, 25 Sep 2026 09:56:02 GMT', 'server': 'Apache/2.4.58 (Ubuntu)', 'content-type': 'application/json', 'x-compute-request-id': 'req-7cf7fb1a-59ad-4d93-b96f-d2739fd112d9', 'content-length': '849', 'openstack-api-version': 'volume 3.0', 'vary': 'OpenStack-API-Version', 'x-openstack-request-id': 'req-7cf7fb1a-59ad-4d93-b96f-d2739fd112d9', 'connection': 'close', 'status': '200', 'content-location': 'http://10.132.239.110/volume/v3/volumes/562cebe3-533a-45e6-922b-3d404b863af1'}
        Body: b'{"volume": {"id": "562cebe3-533a-45e6-922b-3d404b863af1", "status": "deleting", "size": 1, "availability_zone": "nova", "created_at": "2026-09-25T09:53:22.000000", "updated_at": "2026-09-25T09:53:26.000000", "name": "tempest-VolumesDeleteCascade-Volume-1396893735", "description": null, "volume_type": "arcusfc1", "snapshot_id": null, "source_volid": null, "metadata": {}, "links": [{"rel": "self", "href": "http://10.132.239.110/volume/v3/volumes/562cebe3-533a-45e6-922b-3d404b863af1"}, {"rel": "bookmark", "href": "http://10.132.239.110/volume/volumes/562cebe3-533a-45e6-922b-3d404b863af1"}], "user_id": "16783d7c80c64e54afe935a0d27fa174", "bootable": "false", "encrypted": false, "replication_status": null, "consistencygroup_id": null, "multiattach": false, "attachments": [], "os-vol-tenant-attr:tenant_id": "234aae29f86546a2963cb3339c28a9c1"}}'
2026-09-25 09:56:03,411 3735175 INFO     [tempest.lib.common.rest_client] Request (VolumesDeleteCascade:test_volume_from_snapshot_cascade_delete): 200 GET http://10.132.239.110/volume/v3/volumes/562cebe3-533a-45e6-922b-3d404b863af1 0.058s
2026-09-25 09:56:03,412 3735175 DEBUG    [tempest.lib.common.rest_client] Request - Headers: {'Content-Type': 'application/json', 'Accept': 'application/json', 'X-Auth-Token': '<omitted>'}
        Body: None
    Response - Headers: {'date': 'Fri, 25 Sep 2026 09:56:03 GMT', 'server': 'Apache/2.4.58 (Ubuntu)', 'content-type': 'application/json', 'x-compute-request-id': 'req-b6854c35-7353-4871-a467-ca47f26b7d13', 'content-length': '849', 'openstack-api-version': 'volume 3.0', 'vary': 'OpenStack-API-Version', 'x-openstack-request-id': 'req-b6854c35-7353-4871-a467-ca47f26b7d13', 'connection': 'close', 'status': '200', 'content-location': 'http://10.132.239.110/volume/v3/volumes/562cebe3-533a-45e6-922b-3d404b863af1'}
        Body: b'{"volume": {"id": "562cebe3-533a-45e6-922b-3d404b863af1", "status": "deleting", "size": 1, "availability_zone": "nova", "created_at": "2026-09-25T09:53:22.000000", "updated_at": "2026-09-25T09:53:26.000000", "name": "tempest-VolumesDeleteCascade-Volume-1396893735", "description": null, "volume_type": "arcusfc1", "snapshot_id": null, "source_volid": null, "metadata": {}, "links": [{"rel": "self", "href": "http://10.132.239.110/volume/v3/volumes/562cebe3-533a-45e6-922b-3d404b863af1"}, {"rel": "bookmark", "href": "http://10.132.239.110/volume/volumes/562cebe3-533a-45e6-922b-3d404b863af1"}], "use
    r_id": "16783d7c80c64e54afe935a0d27fa174", "bootable": "false", "encrypted": false, "replication_status": null, "consistencygroup_id": null, "multiattach": false, "attachments": [], "os-vol-tenant-attr:tenant_id": "234aae29f86546a2963cb3339c28a9c1"}}'
2026-09-25 09:56:04,487 3735175 INFO     [tempest.lib.common.rest_client] Request (VolumesDeleteCascade:test_volume_from_snapshot_cascade_delete): 200 GET http://10.132.239.110/volume/v3/volumes/562cebe3-533a-45e6-922b-3d404b863af1 0.059s
2026-09-25 09:56:04,488 3735175 DEBUG    [tempest.lib.common.rest_client] Request - Headers: {'Content-Type': 'application/json', 'Accept': 'application/json', 'X-Auth-Token': '<omitted>'}
        Body: None
    Response - Headers: {'date': 'Fri, 25 Sep 2026 09:56:04 GMT', 'server': 'Apache/2.4.58 (Ubuntu)', 'content-type': 'application/json', 'x-compute-request-id': 'req-638bce8f-600c-470a-8f5b-1a29ea8f1e85', 'content-length': '849', 'openstack-api-version': 'volume 3.0', 'vary': 'OpenStack-API-Version', 'x-openstack-request-id': 'req-638bce8f-600c-470a-8f5b-1a29ea8f1e85', 'connection': 'close', 'status': '200', 'content-location': 'http://10.132.239.110/volume/v3/volumes/562cebe3-533a-45e6-922b-3d404b863af1'}
        Body: b'{"volume": {"id": "562cebe3-533a-45e6-922b-3d404b863af1", "status": "deleting", "size": 1, "availability_zone": "nova", "created_at": "2026-09-25T09:53:22.000000", "updated_at": "2026-09-25T09:53:26.000000", "name": "tempest-VolumesDeleteCascade-Volume-1396893735", "description": null, "volume_type": "arcusfc1", "snapshot_id": null, "source_volid": null, "metadata": {}, "links": [{"rel": "self", "href": "http://10.132.239.110/volume/v3/volumes/562cebe3-533a-45e6-922b-3d404b863af1"}, {"rel": "bookmark", "href": "http://10.132.239.110/volume/volumes/562cebe3-533a-45e6-922b-3d404b863af1"}], "user_id": "16783d7c80c64e54afe935a0d27fa174", "bootable": "false", "encrypted": false, "replication_status": null, "consistencygroup_id": null, "multiattach": false, "attachments": [], "os-vol-tenant-attr:tenant_id": "234aae29f86546a2963cb3339c28a9c1"}}'
2026-09-25 09:56:05,561 3735175 INFO     [tempest.lib.common.rest_client] Request (VolumesDeleteCascade:test_volume_from_snapshot_cascade_delete): 200 GET http://10.132.239.110/volume/v3/volumes/562cebe3-533a-45e6-922b-3d404b863af1 0.053s
2026-09-25 09:56:05,562 3735175 DEBUG    [tempest.lib.common.rest_client] Request - Headers: {'Content-Type': 'application/json', 'Accept': 'application/json', 'X-Auth-Token': '<omitted>'}
        Body: None
    Response - Headers: {'date': 'Fri, 25 Sep 2026 09:56:05 GMT', 'server': 'Apache/2.4.58 (Ubuntu)', 'content-type': 'application/json', 'x-compute-request-id': 'req-9ec2e025-a50c-4e01-86b1-26ecacd512c0', 'content-length': '849', 'openstack-api-version': 'volume 3.0', 'vary': 'OpenStack-API-Version', 'x-openstack-request-id': 'req-9ec2e025-a50c-4e01-86b1-26ecacd512c0', 'connection': 'close', 'status': '200', 'content-location': 'http://10.132.239.110/volume/v3/volumes/562cebe3-533a-45e6-922b-3d404b863af1'}
        Body: b'{"volume": {"id": "562cebe3-533a-45e6-922b-3d404b863af1", "status": "deleting", "size": 1, "availability_zone": "nova", "created_at": "2026-09-25T09:53:22.000000", "updated_at": "2026-09-25T09:53:26.000000", "name": "tempest-VolumesDeleteCascade-Volume-1396893735", "description": null, "volume_type": "arcusfc1", "snapshot_id": null, "source_volid": null, "metadata": {}, "links": [{"rel": "self", "href": "http://10.132.239.110/volume/v3/volumes/562cebe3-533a-45e6-922b-3d404b863af1"}, {"rel": "bookmark", "href": "http://10.132.239.110/volume/volumes/562cebe3-533a-45e6-922b-3d404b863af1"}], "user_id": "16783d7c80c64e54afe935a0d27fa174", "bootable": "false", "encrypted": false, "replication_status": null, "consistencygroup_id": null, "multiattach": false, "attachments": [], "os-vol-tenant-attr:tenant_id": "234aae29f86546a2963cb3339c28a9c1"}}'
2026-09-25 09:56:06,636 3735175 INFO     [tempest.lib.common.rest_client] Request (VolumesDeleteCascade:test_volume_from_snapshot_cascade_delete): 200 GET http://10.132.239.110/volume/v3/vol
    umes/562cebe3-533a-45e6-922b-3d404b863af1 0.059s
2026-09-25 09:56:06,637 3735175 DEBUG    [tempest.lib.common.rest_client] Request - Headers: {'Content-Type': 'application/json', 'Accept': 'application/json', 'X-Auth-Token': '<omitted>'}
        Body: None
    Response - Headers: {'date': 'Fri, 25 Sep 2026 09:56:06 GMT', 'server': 'Apache/2.4.58 (Ubuntu)', 'content-type': 'application/json', 'x-compute-request-id': 'req-2fc756e1-bab7-496a-a36d-94931057a95a', 'content-length': '849', 'openstack-api-version': 'volume 3.0', 'vary': 'OpenStack-API-Version', 'x-openstack-request-id': 'req-2fc756e1-bab7-496a-a36d-94931057a95a', 'connection': 'close', 'status': '200', 'content-location': 'http://10.132.239.110/volume/v3/volumes/562cebe3-533a-45e6-922b-3d404b863af1'}
        Body: b'{"volume": {"id": "562cebe3-533a-45e6-922b-3d404b863af1", "status": "deleting", "size": 1, "availability_zone": "nova", "created_at": "2026-09-25T09:53:22.000000", "updated_at": "2026-09-25T09:53:26.000000", "name": "tempest-VolumesDeleteCascade-Volume-1396893735", "description": null, "volume_type": "arcusfc1", "snapshot_id": null, "source_volid": null, "metadata": {}, "links": [{"rel": "self", "href": "http://10.132.239.110/volume/v3/volumes/562cebe3-533a-45e6-922b-3d404b863af1"}, {"rel": "bookmark", "href": "http://10.132.239.110/volume/volumes/562cebe3-533a-45e6-922b-3d404b863af1"}], "user_id": "16783d7c80c64e54afe935a0d27fa174", "bootable": "false", "encrypted": false, "replication_status": null, "consistencygroup_id": null, "multiattach": false, "attachments": [], "os-vol-tenant-attr:tenant_id": "234aae29f86546a2963cb3339c28a9c1"}}'
2026-09-25 09:56:07,707 3735175 INFO     [tempest.lib.common.rest_client] Request (VolumesDeleteCascade:test_volume_from_snapshot_cascade_delete): 200 GET http://10.132.239.110/volume/v3/volumes/562cebe3-533a-45e6-922b-3d404b863af1 0.052s
2026-09-25 09:56:07,708 3735175 DEBUG    [tempest.lib.common.rest_client] Request - Headers: {'Content-Type': 'application/json', 'Accept': 'application/json', 'X-Auth-Token': '<omitted>'}
        Body: None
    Response - Headers: {'date': 'Fri, 25 Sep 2026 09:56:07 GMT', 'server': 'Apache/2.4.58 (Ubuntu)', 'content-type': 'application/json', 'x-compute-request-id': 'req-7c1f9a0a-8e14-4af5-89e0-d016648692f7', 'content-length': '849', 'openstack-api-version': 'volume 3.0', 'vary': 'OpenStack-API-Version', 'x-openstack-request-id': 'req-7c1f9a0a-8e14-4af5-89e0-d016648692f7', 'connection': 'close', 'status': '200', 'content-location': 'http://10.132.239.110/volume/v3/volumes/562cebe3-533a-45e6-922b-3d404b863af1'}
        Body: b'{"volume": {"id": "562cebe3-533a-45e6-922b-3d404b863af1", "status": "deleting", "size": 1, "availability_zone": "nova", "created_at": "2026-09-25T09:53:22.000000", "updated_at": "2026-09-25T09:53:26.000000", "name": "tempest-VolumesDeleteCascade-Volume-1396893735", "description": null, "volume_type": "arcusfc1", "snapshot_id": null, "source_volid": null, "metadata": {}, "links": [{"rel": "self", "href": "http://10.132.239.110/volume/v3/volumes/562cebe3-533a-45e6-922b-3d404b863af1"}, {"rel": "bookmark", "href": "http://10.132.239.110/volume/volumes/562cebe3-533a-45e6-922b-3d404b863af1"}], "user_id": "16783d7c80c64e54afe935a0d27fa174", "bootable": "false", "encrypted": false, "replication_status": null, "consistencygroup_id": null, "multiattach": false, "attachments": [], "os-vol-tenant-attr:tenant_id": "234aae29f86546a2963cb3339c28a9c1"}}'
2026-09-25 09:56:08,779 3735175 INFO     [tempest.lib.common.rest_client] Request (VolumesDeleteCascade:test_volume_from_snapshot_cascade_delete): 200 GET http://10.132.239.110/volume/v3/volumes/562cebe3-533a-45e6-922b-3d404b863af1 0.055s
2026-09-25 09:56:08,780 3735175 DEBUG    [tempest.lib.common.rest_client] Request - Headers: {'Content-Type': 'application/json', 'Accept': 'application/json', 'X-Auth-Token': '<omitted>'}
        Body: None
    Response - Headers: {'date': 'Fri, 25 Sep 2026 09:56:08 GMT', 'server': 'Apache/2.4.58 (Ubuntu)', 'content-type': 'application/json', 'x-compute-request-id': 'req-8e81cba4-b577-43fb
    -b16e-30330c4e987e', 'content-length': '849', 'openstack-api-version': 'volume 3.0', 'vary': 'OpenStack-API-Version', 'x-openstack-request-id': 'req-8e81cba4-b577-43fb-b16e-30330c4e987e', 'connection': 'close', 'status': '200', 'content-location': 'http://10.132.239.110/volume/v3/volumes/562cebe3-533a-45e6-922b-3d404b863af1'}
        Body: b'{"volume": {"id": "562cebe3-533a-45e6-922b-3d404b863af1", "status": "deleting", "size": 1, "availability_zone": "nova", "created_at": "2026-09-25T09:53:22.000000", "updated_at": "2026-09-25T09:53:26.000000", "name": "tempest-VolumesDeleteCascade-Volume-1396893735", "description": null, "volume_type": "arcusfc1", "snapshot_id": null, "source_volid": null, "metadata": {}, "links": [{"rel": "self", "href": "http://10.132.239.110/volume/v3/volumes/562cebe3-533a-45e6-922b-3d404b863af1"}, {"rel": "bookmark", "href": "http://10.132.239.110/volume/volumes/562cebe3-533a-45e6-922b-3d404b863af1"}], "user_id": "16783d7c80c64e54afe935a0d27fa174", "bootable": "false", "encrypted": false, "replication_status": null, "consistencygroup_id": null, "multiattach": false, "attachments": [], "os-vol-tenant-attr:tenant_id": "234aae29f86546a2963cb3339c28a9c1"}}'
2026-09-25 09:56:09,855 3735175 INFO     [tempest.lib.common.rest_client] Request (VolumesDeleteCascade:test_volume_from_snapshot_cascade_delete): 200 GET http://10.132.239.110/volume/v3/volumes/562cebe3-533a-45e6-922b-3d404b863af1 0.059s
2026-09-25 09:56:09,856 3735175 DEBUG    [tempest.lib.common.rest_client] Request - Headers: {'Content-Type': 'application/json', 'Accept': 'application/json', 'X-Auth-Token': '<omitted>'}
        Body: None
    Response - Headers: {'date': 'Fri, 25 Sep 2026 09:56:09 GMT', 'server': 'Apache/2.4.58 (Ubuntu)', 'content-type': 'application/json', 'x-compute-request-id': 'req-09899194-dc86-4ac3-8db5-96ea36319360', 'content-length': '849', 'openstack-api-version': 'volume 3.0', 'vary': 'OpenStack-API-Version', 'x-openstack-request-id': 'req-09899194-dc86-4ac3-8db5-96ea36319360', 'connection': 'close', 'status': '200', 'content-location': 'http://10.132.239.110/volume/v3/volumes/562cebe3-533a-45e6-922b-3d404b863af1'}
        Body: b'{"volume": {"id": "562cebe3-533a-45e6-922b-3d404b863af1", "status": "deleting", "size": 1, "availability_zone": "nova", "created_at": "2026-09-25T09:53:22.000000", "updated_at": "2026-09-25T09:53:26.000000", "name": "tempest-VolumesDeleteCascade-Volume-1396893735", "description": null, "volume_type": "arcusfc1", "snapshot_id": null, "source_volid": null, "metadata": {}, "links": [{"rel": "self", "href": "http://10.132.239.110/volume/v3/volumes/562cebe3-533a-45e6-922b-3d404b863af1"}, {"rel": "bookmark", "href": "http://10.132.239.110/volume/volumes/562cebe3-533a-45e6-922b-3d404b863af1"}], "user_id": "16783d7c80c64e54afe935a0d27fa174", "bootable": "false", "encrypted": false, "replication_status": null, "consistencygroup_id": null, "multiattach": false, "attachments": [], "os-vol-tenant-attr:tenant_id": "234aae29f86546a2963cb3339c28a9c1"}}'
2026-09-25 09:56:10,928 3735175 INFO     [tempest.lib.common.rest_client] Request (VolumesDeleteCascade:test_volume_from_snapshot_cascade_delete): 200 GET http://10.132.239.110/volume/v3/volumes/562cebe3-533a-45e6-922b-3d404b863af1 0.054s
2026-09-25 09:56:10,929 3735175 DEBUG    [tempest.lib.common.rest_client] Request - Headers: {'Content-Type': 'application/json', 'Accept': 'application/json', 'X-Auth-Token': '<omitted>'}
        Body: None
    Response - Headers: {'date': 'Fri, 25 Sep 2026 09:56:10 GMT', 'server': 'Apache/2.4.58 (Ubuntu)', 'content-type': 'application/json', 'x-compute-request-id': 'req-17b2f049-fa8b-4c4a-b6cd-0324ab1e5485', 'content-length': '849', 'openstack-api-version': 'volume 3.0', 'vary': 'OpenStack-API-Version', 'x-openstack-request-id': 'req-17b2f049-fa8b-4c4a-b6cd-0324ab1e5485', 'connection': 'close', 'status': '200', 'content-location': 'http://10.132.239.110/volume/v3/volumes/562cebe3-533a-45e6-922b-3d404b863af1'}
        Body: b'{"volume": {"id": "562cebe3-533a-45e6-922b-3d404b863af1", "status": "deleting", "size": 1, "availa
    bility_zone": "nova", "created_at": "2026-09-25T09:53:22.000000", "updated_at": "2026-09-25T09:53:26.000000", "name": "tempest-VolumesDeleteCascade-Volume-1396893735", "description": null, "volume_type": "arcusfc1", "snapshot_id": null, "source_volid": null, "metadata": {}, "links": [{"rel": "self", "href": "http://10.132.239.110/volume/v3/volumes/562cebe3-533a-45e6-922b-3d404b863af1"}, {"rel": "bookmark", "href": "http://10.132.239.110/volume/volumes/562cebe3-533a-45e6-922b-3d404b863af1"}], "user_id": "16783d7c80c64e54afe935a0d27fa174", "bootable": "false", "encrypted": false, "replication_status": null, "consistencygroup_id": null, "multiattach": false, "attachments": [], "os-vol-tenant-attr:tenant_id": "234aae29f86546a2963cb3339c28a9c1"}}'
2026-09-25 09:56:11,994 3735175 INFO     [tempest.lib.common.rest_client] Request (VolumesDeleteCascade:test_volume_from_snapshot_cascade_delete): 200 GET http://10.132.239.110/volume/v3/volumes/562cebe3-533a-45e6-922b-3d404b863af1 0.049s
2026-09-25 09:56:11,995 3735175 DEBUG    [tempest.lib.common.rest_client] Request - Headers: {'Content-Type': 'application/json', 'Accept': 'application/json', 'X-Auth-Token': '<omitted>'}
        Body: None
    Response - Headers: {'date': 'Fri, 25 Sep 2026 09:56:11 GMT', 'server': 'Apache/2.4.58 (Ubuntu)', 'content-type': 'application/json', 'x-compute-request-id': 'req-1a707150-4c01-4f62-9434-fd450571ef7e', 'content-length': '849', 'openstack-api-version': 'volume 3.0', 'vary': 'OpenStack-API-Version', 'x-openstack-request-id': 'req-1a707150-4c01-4f62-9434-fd450571ef7e', 'connection': 'close', 'status': '200', 'content-location': 'http://10.132.239.110/volume/v3/volumes/562cebe3-533a-45e6-922b-3d404b863af1'}
        Body: b'{"volume": {"id": "562cebe3-533a-45e6-922b-3d404b863af1", "status": "deleting", "size": 1, "availability_zone": "nova", "created_at": "2026-09-25T09:53:22.000000", "updated_at": "2026-09-25T09:53:26.000000", "name": "tempest-VolumesDeleteCascade-Volume-1396893735", "description": null, "volume_type": "arcusfc1", "snapshot_id": null, "source_volid": null, "metadata": {}, "links": [{"rel": "self", "href": "http://10.132.239.110/volume/v3/volumes/562cebe3-533a-45e6-922b-3d404b863af1"}, {"rel": "bookmark", "href": "http://10.132.239.110/volume/volumes/562cebe3-533a-45e6-922b-3d404b863af1"}], "user_id": "16783d7c80c64e54afe935a0d27fa174", "bootable": "false", "encrypted": false, "replication_status": null, "consistencygroup_id": null, "multiattach": false, "attachments": [], "os-vol-tenant-attr:tenant_id": "234aae29f86546a2963cb3339c28a9c1"}}'
2026-09-25 09:56:13,067 3735175 INFO     [tempest.lib.common.rest_client] Request (VolumesDeleteCascade:test_volume_from_snapshot_cascade_delete): 200 GET http://10.132.239.110/volume/v3/volumes/562cebe3-533a-45e6-922b-3d404b863af1 0.055s
2026-09-25 09:56:13,068 3735175 DEBUG    [tempest.lib.common.rest_client] Request - Headers: {'Content-Type': 'application/json', 'Accept': 'application/json', 'X-Auth-Token': '<omitted>'}
        Body: None
    Response - Headers: {'date': 'Fri, 25 Sep 2026 09:56:13 GMT', 'server': 'Apache/2.4.58 (Ubuntu)', 'content-type': 'application/json', 'x-compute-request-id': 'req-9a383365-dc9d-4199-8357-59a5e34acf3c', 'content-length': '849', 'openstack-api-version': 'volume 3.0', 'vary': 'OpenStack-API-Version', 'x-openstack-request-id': 'req-9a383365-dc9d-4199-8357-59a5e34acf3c', 'connection': 'close', 'status': '200', 'content-location': 'http://10.132.239.110/volume/v3/volumes/562cebe3-533a-45e6-922b-3d404b863af1'}
        Body: b'{"volume": {"id": "562cebe3-533a-45e6-922b-3d404b863af1", "status": "deleting", "size": 1, "availability_zone": "nova", "created_at": "2026-09-25T09:53:22.000000", "updated_at": "2026-09-25T09:53:26.000000", "name": "tempest-VolumesDeleteCascade-Volume-1396893735", "description": null, "volume_type": "arcusfc1", "snapshot_id": null, "source_volid": null, "metadata": {}, "links": [{"rel": "self", "href": "http://10.132.239.110/volume/v3/volumes/562cebe3-533a-45e6-922b-3d404b863af1"}, {"rel": "bookmark", "href": "http://10.132.239.110/v
    olume/volumes/562cebe3-533a-45e6-922b-3d404b863af1"}], "user_id": "16783d7c80c64e54afe935a0d27fa174", "bootable": "false", "encrypted": false, "replication_status": null, "consistencygroup_id": null, "multiattach": false, "attachments": [], "os-vol-tenant-attr:tenant_id": "234aae29f86546a2963cb3339c28a9c1"}}'
2026-09-25 09:56:14,141 3735175 INFO     [tempest.lib.common.rest_client] Request (VolumesDeleteCascade:test_volume_from_snapshot_cascade_delete): 200 GET http://10.132.239.110/volume/v3/volumes/562cebe3-533a-45e6-922b-3d404b863af1 0.055s
2026-09-25 09:56:14,142 3735175 DEBUG    [tempest.lib.common.rest_client] Request - Headers: {'Content-Type': 'application/json', 'Accept': 'application/json', 'X-Auth-Token': '<omitted>'}
        Body: None
    Response - Headers: {'date': 'Fri, 25 Sep 2026 09:56:14 GMT', 'server': 'Apache/2.4.58 (Ubuntu)', 'content-type': 'application/json', 'x-compute-request-id': 'req-2f8d8d5e-57e2-46f8-8c3f-1d1f2e5fffd7', 'content-length': '849', 'openstack-api-version': 'volume 3.0', 'vary': 'OpenStack-API-Version', 'x-openstack-request-id': 'req-2f8d8d5e-57e2-46f8-8c3f-1d1f2e5fffd7', 'connection': 'close', 'status': '200', 'content-location': 'http://10.132.239.110/volume/v3/volumes/562cebe3-533a-45e6-922b-3d404b863af1'}
        Body: b'{"volume": {"id": "562cebe3-533a-45e6-922b-3d404b863af1", "status": "deleting", "size": 1, "availability_zone": "nova", "created_at": "2026-09-25T09:53:22.000000", "updated_at": "2026-09-25T09:53:26.000000", "name": "tempest-VolumesDeleteCascade-Volume-1396893735", "description": null, "volume_type": "arcusfc1", "snapshot_id": null, "source_volid": null, "metadata": {}, "links": [{"rel": "self", "href": "http://10.132.239.110/volume/v3/volumes/562cebe3-533a-45e6-922b-3d404b863af1"}, {"rel": "bookmark", "href": "http://10.132.239.110/volume/volumes/562cebe3-533a-45e6-922b-3d404b863af1"}], "user_id": "16783d7c80c64e54afe935a0d27fa174", "bootable": "false", "encrypted": false, "replication_status": null, "consistencygroup_id": null, "multiattach": false, "attachments": [], "os-vol-tenant-attr:tenant_id": "234aae29f86546a2963cb3339c28a9c1"}}'
2026-09-25 09:56:15,221 3735175 INFO     [tempest.lib.common.rest_client] Request (VolumesDeleteCascade:test_volume_from_snapshot_cascade_delete): 200 GET http://10.132.239.110/volume/v3/volumes/562cebe3-533a-45e6-922b-3d404b863af1 0.059s
2026-09-25 09:56:15,222 3735175 DEBUG    [tempest.lib.common.rest_client] Request - Headers: {'Content-Type': 'application/json', 'Accept': 'application/json', 'X-Auth-Token': '<omitted>'}
        Body: None
    Response - Headers: {'date': 'Fri, 25 Sep 2026 09:56:15 GMT', 'server': 'Apache/2.4.58 (Ubuntu)', 'content-type': 'application/json', 'x-compute-request-id': 'req-e94fefdf-79a1-471c-975e-e3bb7f3142eb', 'content-length': '849', 'openstack-api-version': 'volume 3.0', 'vary': 'OpenStack-API-Version', 'x-openstack-request-id': 'req-e94fefdf-79a1-471c-975e-e3bb7f3142eb', 'connection': 'close', 'status': '200', 'content-location': 'http://10.132.239.110/volume/v3/volumes/562cebe3-533a-45e6-922b-3d404b863af1'}
        Body: b'{"volume": {"id": "562cebe3-533a-45e6-922b-3d404b863af1", "status": "deleting", "size": 1, "availability_zone": "nova", "created_at": "2026-09-25T09:53:22.000000", "updated_at": "2026-09-25T09:53:26.000000", "name": "tempest-VolumesDeleteCascade-Volume-1396893735", "description": null, "volume_type": "arcusfc1", "snapshot_id": null, "source_volid": null, "metadata": {}, "links": [{"rel": "self", "href": "http://10.132.239.110/volume/v3/volumes/562cebe3-533a-45e6-922b-3d404b863af1"}, {"rel": "bookmark", "href": "http://10.132.239.110/volume/volumes/562cebe3-533a-45e6-922b-3d404b863af1"}], "user_id": "16783d7c80c64e54afe935a0d27fa174", "bootable": "false", "encrypted": false, "replication_status": null, "consistencygroup_id": null, "multiattach": false, "attachments": [], "os-vol-tenant-attr:tenant_id": "234aae29f86546a2963cb3339c28a9c1"}}'
2026-09-25 09:56:16,289 3735175 INFO     [tempest.lib.common.rest_client] Request (VolumesDeleteCascade:test_volume_from_snapshot_c
    ascade_delete): 200 GET http://10.132.239.110/volume/v3/volumes/562cebe3-533a-45e6-922b-3d404b863af1 0.051s
2026-09-25 09:56:16,290 3735175 DEBUG    [tempest.lib.common.rest_client] Request - Headers: {'Content-Type': 'application/json', 'Accept': 'application/json', 'X-Auth-Token': '<omitted>'}
        Body: None
    Response - Headers: {'date': 'Fri, 25 Sep 2026 09:56:16 GMT', 'server': 'Apache/2.4.58 (Ubuntu)', 'content-type': 'application/json', 'x-compute-request-id': 'req-2b3527c8-cbc1-40b1-8b22-55d533f55b24', 'content-length': '849', 'openstack-api-version': 'volume 3.0', 'vary': 'OpenStack-API-Version', 'x-openstack-request-id': 'req-2b3527c8-cbc1-40b1-8b22-55d533f55b24', 'connection': 'close', 'status': '200', 'content-location': 'http://10.132.239.110/volume/v3/volumes/562cebe3-533a-45e6-922b-3d404b863af1'}
        Body: b'{"volume": {"id": "562cebe3-533a-45e6-922b-3d404b863af1", "status": "deleting", "size": 1, "availability_zone": "nova", "created_at": "2026-09-25T09:53:22.000000", "updated_at": "2026-09-25T09:53:26.000000", "name": "tempest-VolumesDeleteCascade-Volume-1396893735", "description": null, "volume_type": "arcusfc1", "snapshot_id": null, "source_volid": null, "metadata": {}, "links": [{"rel": "self", "href": "http://10.132.239.110/volume/v3/volumes/562cebe3-533a-45e6-922b-3d404b863af1"}, {"rel": "bookmark", "href": "http://10.132.239.110/volume/volumes/562cebe3-533a-45e6-922b-3d404b863af1"}], "user_id": "16783d7c80c64e54afe935a0d27fa174", "bootable": "false", "encrypted": false, "replication_status": null, "consistencygroup_id": null, "multiattach": false, "attachments": [], "os-vol-tenant-attr:tenant_id": "234aae29f86546a2963cb3339c28a9c1"}}'
2026-09-25 09:56:17,365 3735175 INFO     [tempest.lib.common.rest_client] Request (VolumesDeleteCascade:test_volume_from_snapshot_cascade_delete): 200 GET http://10.132.239.110/volume/v3/volumes/562cebe3-533a-45e6-922b-3d404b863af1 0.058s
2026-09-25 09:56:17,365 3735175 DEBUG    [tempest.lib.common.rest_client] Request - Headers: {'Content-Type': 'application/json', 'Accept': 'application/json', 'X-Auth-Token': '<omitted>'}
        Body: None
    Response - Headers: {'date': 'Fri, 25 Sep 2026 09:56:17 GMT', 'server': 'Apache/2.4.58 (Ubuntu)', 'content-type': 'application/json', 'x-compute-request-id': 'req-8c6f553e-8b1f-4cb7-a11d-4e1fa769c328', 'content-length': '849', 'openstack-api-version': 'volume 3.0', 'vary': 'OpenStack-API-Version', 'x-openstack-request-id': 'req-8c6f553e-8b1f-4cb7-a11d-4e1fa769c328', 'connection': 'close', 'status': '200', 'content-location': 'http://10.132.239.110/volume/v3/volumes/562cebe3-533a-45e6-922b-3d404b863af1'}
        Body: b'{"volume": {"id": "562cebe3-533a-45e6-922b-3d404b863af1", "status": "deleting", "size": 1, "availability_zone": "nova", "created_at": "2026-09-25T09:53:22.000000", "updated_at": "2026-09-25T09:53:26.000000", "name": "tempest-VolumesDeleteCascade-Volume-1396893735", "description": null, "volume_type": "arcusfc1", "snapshot_id": null, "source_volid": null, "metadata": {}, "links": [{"rel": "self", "href": "http://10.132.239.110/volume/v3/volumes/562cebe3-533a-45e6-922b-3d404b863af1"}, {"rel": "bookmark", "href": "http://10.132.239.110/volume/volumes/562cebe3-533a-45e6-922b-3d404b863af1"}], "user_id": "16783d7c80c64e54afe935a0d27fa174", "bootable": "false", "encrypted": false, "replication_status": null, "consistencygroup_id": null, "multiattach": false, "attachments": [], "os-vol-tenant-attr:tenant_id": "234aae29f86546a2963cb3339c28a9c1"}}'
2026-09-25 09:56:18,436 3735175 INFO     [tempest.lib.common.rest_client] Request (VolumesDeleteCascade:test_volume_from_snapshot_cascade_delete): 200 GET http://10.132.239.110/volume/v3/volumes/562cebe3-533a-45e6-922b-3d404b863af1 0.053s
2026-09-25 09:56:18,436 3735175 DEBUG    [tempest.lib.common.rest_client] Request - Headers: {'Content-Type': 'application/json', 'Accept': 'application/json', 'X-Auth-Token': '<omitted>'}
        Body: None
    Response - Headers: {'date': 'Fri, 25 Sep 2026 09:56:18 GMT', 'server': 'Apache/2.4.58 (Ubuntu)', 'content-type': 'applica
    tion/json', 'x-compute-request-id': 'req-2d6ffb98-9228-4fde-a0c5-38b2d6ac863a', 'content-length': '849', 'openstack-api-version': 'volume 3.0', 'vary': 'OpenStack-API-Version', 'x-openstack-request-id': 'req-2d6ffb98-9228-4fde-a0c5-38b2d6ac863a', 'connection': 'close', 'status': '200', 'content-location': 'http://10.132.239.110/volume/v3/volumes/562cebe3-533a-45e6-922b-3d404b863af1'}
        Body: b'{"volume": {"id": "562cebe3-533a-45e6-922b-3d404b863af1", "status": "deleting", "size": 1, "availability_zone": "nova", "created_at": "2026-09-25T09:53:22.000000", "updated_at": "2026-09-25T09:53:26.000000", "name": "tempest-VolumesDeleteCascade-Volume-1396893735", "description": null, "volume_type": "arcusfc1", "snapshot_id": null, "source_volid": null, "metadata": {}, "links": [{"rel": "self", "href": "http://10.132.239.110/volume/v3/volumes/562cebe3-533a-45e6-922b-3d404b863af1"}, {"rel": "bookmark", "href": "http://10.132.239.110/volume/volumes/562cebe3-533a-45e6-922b-3d404b863af1"}], "user_id": "16783d7c80c64e54afe935a0d27fa174", "bootable": "false", "encrypted": false, "replication_status": null, "consistencygroup_id": null, "multiattach": false, "attachments": [], "os-vol-tenant-attr:tenant_id": "234aae29f86546a2963cb3339c28a9c1"}}'
2026-09-25 09:56:19,505 3735175 INFO     [tempest.lib.common.rest_client] Request (VolumesDeleteCascade:test_volume_from_snapshot_cascade_delete): 200 GET http://10.132.239.110/volume/v3/volumes/562cebe3-533a-45e6-922b-3d404b863af1 0.053s
2026-09-25 09:56:19,506 3735175 DEBUG    [tempest.lib.common.rest_client] Request - Headers: {'Content-Type': 'application/json', 'Accept': 'application/json', 'X-Auth-Token': '<omitted>'}
        Body: None
    Response - Headers: {'date': 'Fri, 25 Sep 2026 09:56:19 GMT', 'server': 'Apache/2.4.58 (Ubuntu)', 'content-type': 'application/json', 'x-compute-request-id': 'req-4697056a-9fc3-4a5d-9dc1-16478019bec2', 'content-length': '849', 'openstack-api-version': 'volume 3.0', 'vary': 'OpenStack-API-Version', 'x-openstack-request-id': 'req-4697056a-9fc3-4a5d-9dc1-16478019bec2', 'connection': 'close', 'status': '200', 'content-location': 'http://10.132.239.110/volume/v3/volumes/562cebe3-533a-45e6-922b-3d404b863af1'}
        Body: b'{"volume": {"id": "562cebe3-533a-45e6-922b-3d404b863af1", "status": "deleting", "size": 1, "availability_zone": "nova", "created_at": "2026-09-25T09:53:22.000000", "updated_at": "2026-09-25T09:53:26.000000", "name": "tempest-VolumesDeleteCascade-Volume-1396893735", "description": null, "volume_type": "arcusfc1", "snapshot_id": null, "source_volid": null, "metadata": {}, "links": [{"rel": "self", "href": "http://10.132.239.110/volume/v3/volumes/562cebe3-533a-45e6-922b-3d404b863af1"}, {"rel": "bookmark", "href": "http://10.132.239.110/volume/volumes/562cebe3-533a-45e6-922b-3d404b863af1"}], "user_id": "16783d7c80c64e54afe935a0d27fa174", "bootable": "false", "encrypted": false, "replication_status": null, "consistencygroup_id": null, "multiattach": false, "attachments": [], "os-vol-tenant-attr:tenant_id": "234aae29f86546a2963cb3339c28a9c1"}}'
2026-09-25 09:56:20,583 3735175 INFO     [tempest.lib.common.rest_client] Request (VolumesDeleteCascade:test_volume_from_snapshot_cascade_delete): 200 GET http://10.132.239.110/volume/v3/volumes/562cebe3-533a-45e6-922b-3d404b863af1 0.060s
2026-09-25 09:56:20,583 3735175 DEBUG    [tempest.lib.common.rest_client] Request - Headers: {'Content-Type': 'application/json', 'Accept': 'application/json', 'X-Auth-Token': '<omitted>'}
        Body: None
    Response - Headers: {'date': 'Fri, 25 Sep 2026 09:56:20 GMT', 'server': 'Apache/2.4.58 (Ubuntu)', 'content-type': 'application/json', 'x-compute-request-id': 'req-6fe3f474-a1ba-463f-bf7e-2da69a5ad3f3', 'content-length': '849', 'openstack-api-version': 'volume 3.0', 'vary': 'OpenStack-API-Version', 'x-openstack-request-id': 'req-6fe3f474-a1ba-463f-bf7e-2da69a5ad3f3', 'connection': 'close', 'status': '200', 'content-location': 'http://10.132.239.110/volume/v3/volumes/562cebe3-533a-45e6-922b-3d404b863af1'}
        Body: b'{"volume": {"id": "562cebe3-533a-45e6-9
    22b-3d404b863af1", "status": "deleting", "size": 1, "availability_zone": "nova", "created_at": "2026-09-25T09:53:22.000000", "updated_at": "2026-09-25T09:53:26.000000", "name": "tempest-VolumesDeleteCascade-Volume-1396893735", "description": null, "volume_type": "arcusfc1", "snapshot_id": null, "source_volid": null, "metadata": {}, "links": [{"rel": "self", "href": "http://10.132.239.110/volume/v3/volumes/562cebe3-533a-45e6-922b-3d404b863af1"}, {"rel": "bookmark", "href": "http://10.132.239.110/volume/volumes/562cebe3-533a-45e6-922b-3d404b863af1"}], "user_id": "16783d7c80c64e54afe935a0d27fa174", "bootable": "false", "encrypted": false, "replication_status": null, "consistencygroup_id": null, "multiattach": false, "attachments": [], "os-vol-tenant-attr:tenant_id": "234aae29f86546a2963cb3339c28a9c1"}}'
2026-09-25 09:56:21,658 3735175 INFO     [tempest.lib.common.rest_client] Request (VolumesDeleteCascade:test_volume_from_snapshot_cascade_delete): 200 GET http://10.132.239.110/volume/v3/volumes/562cebe3-533a-45e6-922b-3d404b863af1 0.057s
2026-09-25 09:56:21,658 3735175 DEBUG    [tempest.lib.common.rest_client] Request - Headers: {'Content-Type': 'application/json', 'Accept': 'application/json', 'X-Auth-Token': '<omitted>'}
        Body: None
    Response - Headers: {'date': 'Fri, 25 Sep 2026 09:56:21 GMT', 'server': 'Apache/2.4.58 (Ubuntu)', 'content-type': 'application/json', 'x-compute-request-id': 'req-19ef1144-9798-4036-8ea5-8a63646c1fa4', 'content-length': '849', 'openstack-api-version': 'volume 3.0', 'vary': 'OpenStack-API-Version', 'x-openstack-request-id': 'req-19ef1144-9798-4036-8ea5-8a63646c1fa4', 'connection': 'close', 'status': '200', 'content-location': 'http://10.132.239.110/volume/v3/volumes/562cebe3-533a-45e6-922b-3d404b863af1'}
        Body: b'{"volume": {"id": "562cebe3-533a-45e6-922b-3d404b863af1", "status": "deleting", "size": 1, "availability_zone": "nova", "created_at": "2026-09-25T09:53:22.000000", "updated_at": "2026-09-25T09:53:26.000000", "name": "tempest-VolumesDeleteCascade-Volume-1396893735", "description": null, "volume_type": "arcusfc1", "snapshot_id": null, "source_volid": null, "metadata": {}, "links": [{"rel": "self", "href": "http://10.132.239.110/volume/v3/volumes/562cebe3-533a-45e6-922b-3d404b863af1"}, {"rel": "bookmark", "href": "http://10.132.239.110/volume/volumes/562cebe3-533a-45e6-922b-3d404b863af1"}], "user_id": "16783d7c80c64e54afe935a0d27fa174", "bootable": "false", "encrypted": false, "replication_status": null, "consistencygroup_id": null, "multiattach": false, "attachments": [], "os-vol-tenant-attr:tenant_id": "234aae29f86546a2963cb3339c28a9c1"}}'
2026-09-25 09:56:22,732 3735175 INFO     [tempest.lib.common.rest_client] Request (VolumesDeleteCascade:test_volume_from_snapshot_cascade_delete): 200 GET http://10.132.239.110/volume/v3/volumes/562cebe3-533a-45e6-922b-3d404b863af1 0.055s
2026-09-25 09:56:22,732 3735175 DEBUG    [tempest.lib.common.rest_client] Request - Headers: {'Content-Type': 'application/json', 'Accept': 'application/json', 'X-Auth-Token': '<omitted>'}
        Body: None
    Response - Headers: {'date': 'Fri, 25 Sep 2026 09:56:22 GMT', 'server': 'Apache/2.4.58 (Ubuntu)', 'content-type': 'application/json', 'x-compute-request-id': 'req-ba54c600-6c04-4183-8b1a-84944622c4a8', 'content-length': '849', 'openstack-api-version': 'volume 3.0', 'vary': 'OpenStack-API-Version', 'x-openstack-request-id': 'req-ba54c600-6c04-4183-8b1a-84944622c4a8', 'connection': 'close', 'status': '200', 'content-location': 'http://10.132.239.110/volume/v3/volumes/562cebe3-533a-45e6-922b-3d404b863af1'}
        Body: b'{"volume": {"id": "562cebe3-533a-45e6-922b-3d404b863af1", "status": "deleting", "size": 1, "availability_zone": "nova", "created_at": "2026-09-25T09:53:22.000000", "updated_at": "2026-09-25T09:53:26.000000", "name": "tempest-VolumesDeleteCascade-Volume-1396893735", "description": null, "volume_type": "arcusfc1", "snapshot_id": null, "source_volid": null, "metadata": {}, "links": [{"rel": "self", "href": "http://10.132.239.110/volume/v3/volumes/562cebe3-533a-45e6-922b-3d404b863
    af1"}, {"rel": "bookmark", "href": "http://10.132.239.110/volume/volumes/562cebe3-533a-45e6-922b-3d404b863af1"}], "user_id": "16783d7c80c64e54afe935a0d27fa174", "bootable": "false", "encrypted": false, "replication_status": null, "consistencygroup_id": null, "multiattach": false, "attachments": [], "os-vol-tenant-attr:tenant_id": "234aae29f86546a2963cb3339c28a9c1"}}'
2026-09-25 09:56:23,804 3735175 INFO     [tempest.lib.common.rest_client] Request (VolumesDeleteCascade:test_volume_from_snapshot_cascade_delete): 200 GET http://10.132.239.110/volume/v3/volumes/562cebe3-533a-45e6-922b-3d404b863af1 0.052s
2026-09-25 09:56:23,805 3735175 DEBUG    [tempest.lib.common.rest_client] Request - Headers: {'Content-Type': 'application/json', 'Accept': 'application/json', 'X-Auth-Token': '<omitted>'}
        Body: None
    Response - Headers: {'date': 'Fri, 25 Sep 2026 09:56:23 GMT', 'server': 'Apache/2.4.58 (Ubuntu)', 'content-type': 'application/json', 'x-compute-request-id': 'req-06ccb100-e3d2-4a64-854f-d4e93658e271', 'content-length': '849', 'openstack-api-version': 'volume 3.0', 'vary': 'OpenStack-API-Version', 'x-openstack-request-id': 'req-06ccb100-e3d2-4a64-854f-d4e93658e271', 'connection': 'close', 'status': '200', 'content-location': 'http://10.132.239.110/volume/v3/volumes/562cebe3-533a-45e6-922b-3d404b863af1'}
        Body: b'{"volume": {"id": "562cebe3-533a-45e6-922b-3d404b863af1", "status": "deleting", "size": 1, "availability_zone": "nova", "created_at": "2026-09-25T09:53:22.000000", "updated_at": "2026-09-25T09:53:26.000000", "name": "tempest-VolumesDeleteCascade-Volume-1396893735", "description": null, "volume_type": "arcusfc1", "snapshot_id": null, "source_volid": null, "metadata": {}, "links": [{"rel": "self", "href": "http://10.132.239.110/volume/v3/volumes/562cebe3-533a-45e6-922b-3d404b863af1"}, {"rel": "bookmark", "href": "http://10.132.239.110/volume/volumes/562cebe3-533a-45e6-922b-3d404b863af1"}], "user_id": "16783d7c80c64e54afe935a0d27fa174", "bootable": "false", "encrypted": false, "replication_status": null, "consistencygroup_id": null, "multiattach": false, "attachments": [], "os-vol-tenant-attr:tenant_id": "234aae29f86546a2963cb3339c28a9c1"}}'
2026-09-25 09:56:24,873 3735175 INFO     [tempest.lib.common.rest_client] Request (VolumesDeleteCascade:test_volume_from_snapshot_cascade_delete): 200 GET http://10.132.239.110/volume/v3/volumes/562cebe3-533a-45e6-922b-3d404b863af1 0.052s
2026-09-25 09:56:24,873 3735175 DEBUG    [tempest.lib.common.rest_client] Request - Headers: {'Content-Type': 'application/json', 'Accept': 'application/json', 'X-Auth-Token': '<omitted>'}
        Body: None
    Response - Headers: {'date': 'Fri, 25 Sep 2026 09:56:24 GMT', 'server': 'Apache/2.4.58 (Ubuntu)', 'content-type': 'application/json', 'x-compute-request-id': 'req-899b18d0-a65b-4d92-973f-5dcd9e460b54', 'content-length': '849', 'openstack-api-version': 'volume 3.0', 'vary': 'OpenStack-API-Version', 'x-openstack-request-id': 'req-899b18d0-a65b-4d92-973f-5dcd9e460b54', 'connection': 'close', 'status': '200', 'content-location': 'http://10.132.239.110/volume/v3/volumes/562cebe3-533a-45e6-922b-3d404b863af1'}
        Body: b'{"volume": {"id": "562cebe3-533a-45e6-922b-3d404b863af1", "status": "deleting", "size": 1, "availability_zone": "nova", "created_at": "2026-09-25T09:53:22.000000", "updated_at": "2026-09-25T09:53:26.000000", "name": "tempest-VolumesDeleteCascade-Volume-1396893735", "description": null, "volume_type": "arcusfc1", "snapshot_id": null, "source_volid": null, "metadata": {}, "links": [{"rel": "self", "href": "http://10.132.239.110/volume/v3/volumes/562cebe3-533a-45e6-922b-3d404b863af1"}, {"rel": "bookmark", "href": "http://10.132.239.110/volume/volumes/562cebe3-533a-45e6-922b-3d404b863af1"}], "user_id": "16783d7c80c64e54afe935a0d27fa174", "bootable": "false", "encrypted": false, "replication_status": null, "consistencygroup_id": null, "multiattach": false, "attachments": [], "os-vol-tenant-attr:tenant_id": "234aae29f86546a2963cb3339c28a9c1"}}'
2026-09-25 09:56:25,947 3735175 INFO     [tempest.lib.common.rest_client
    ] Request (VolumesDeleteCascade:test_volume_from_snapshot_cascade_delete): 200 GET http://10.132.239.110/volume/v3/volumes/562cebe3-533a-45e6-922b-3d404b863af1 0.056s
2026-09-25 09:56:25,947 3735175 DEBUG    [tempest.lib.common.rest_client] Request - Headers: {'Content-Type': 'application/json', 'Accept': 'application/json', 'X-Auth-Token': '<omitted>'}
        Body: None
    Response - Headers: {'date': 'Fri, 25 Sep 2026 09:56:25 GMT', 'server': 'Apache/2.4.58 (Ubuntu)', 'content-type': 'application/json', 'x-compute-request-id': 'req-6f8df993-52de-4750-9ded-261b47063521', 'content-length': '849', 'openstack-api-version': 'volume 3.0', 'vary': 'OpenStack-API-Version', 'x-openstack-request-id': 'req-6f8df993-52de-4750-9ded-261b47063521', 'connection': 'close', 'status': '200', 'content-location': 'http://10.132.239.110/volume/v3/volumes/562cebe3-533a-45e6-922b-3d404b863af1'}
        Body: b'{"volume": {"id": "562cebe3-533a-45e6-922b-3d404b863af1", "status": "deleting", "size": 1, "availability_zone": "nova", "created_at": "2026-09-25T09:53:22.000000", "updated_at": "2026-09-25T09:53:26.000000", "name": "tempest-VolumesDeleteCascade-Volume-1396893735", "description": null, "volume_type": "arcusfc1", "snapshot_id": null, "source_volid": null, "metadata": {}, "links": [{"rel": "self", "href": "http://10.132.239.110/volume/v3/volumes/562cebe3-533a-45e6-922b-3d404b863af1"}, {"rel": "bookmark", "href": "http://10.132.239.110/volume/volumes/562cebe3-533a-45e6-922b-3d404b863af1"}], "user_id": "16783d7c80c64e54afe935a0d27fa174", "bootable": "false", "encrypted": false, "replication_status": null, "consistencygroup_id": null, "multiattach": false, "attachments": [], "os-vol-tenant-attr:tenant_id": "234aae29f86546a2963cb3339c28a9c1"}}'
2026-09-25 09:56:27,013 3735175 INFO     [tempest.lib.common.rest_client] Request (VolumesDeleteCascade:test_volume_from_snapshot_cascade_delete): 200 GET http://10.132.239.110/volume/v3/volumes/562cebe3-533a-45e6-922b-3d404b863af1 0.050s
2026-09-25 09:56:27,013 3735175 DEBUG    [tempest.lib.common.rest_client] Request - Headers: {'Content-Type': 'application/json', 'Accept': 'application/json', 'X-Auth-Token': '<omitted>'}
        Body: None
    Response - Headers: {'date': 'Fri, 25 Sep 2026 09:56:26 GMT', 'server': 'Apache/2.4.58 (Ubuntu)', 'content-type': 'application/json', 'x-compute-request-id': 'req-d8c74b2e-c9ab-4539-bbb6-05c48c128235', 'content-length': '849', 'openstack-api-version': 'volume 3.0', 'vary': 'OpenStack-API-Version', 'x-openstack-request-id': 'req-d8c74b2e-c9ab-4539-bbb6-05c48c128235', 'connection': 'close', 'status': '200', 'content-location': 'http://10.132.239.110/volume/v3/volumes/562cebe3-533a-45e6-922b-3d404b863af1'}
        Body: b'{"volume": {"id": "562cebe3-533a-45e6-922b-3d404b863af1", "status": "deleting", "size": 1, "availability_zone": "nova", "created_at": "2026-09-25T09:53:22.000000", "updated_at": "2026-09-25T09:53:26.000000", "name": "tempest-VolumesDeleteCascade-Volume-1396893735", "description": null, "volume_type": "arcusfc1", "snapshot_id": null, "source_volid": null, "metadata": {}, "links": [{"rel": "self", "href": "http://10.132.239.110/volume/v3/volumes/562cebe3-533a-45e6-922b-3d404b863af1"}, {"rel": "bookmark", "href": "http://10.132.239.110/volume/volumes/562cebe3-533a-45e6-922b-3d404b863af1"}], "user_id": "16783d7c80c64e54afe935a0d27fa174", "bootable": "false", "encrypted": false, "replication_status": null, "consistencygroup_id": null, "multiattach": false, "attachments": [], "os-vol-tenant-attr:tenant_id": "234aae29f86546a2963cb3339c28a9c1"}}'
2026-09-25 09:56:28,089 3735175 INFO     [tempest.lib.common.rest_client] Request (VolumesDeleteCascade:test_volume_from_snapshot_cascade_delete): 200 GET http://10.132.239.110/volume/v3/volumes/562cebe3-533a-45e6-922b-3d404b863af1 0.055s
2026-09-25 09:56:28,090 3735175 DEBUG    [tempest.lib.common.rest_client] Request - Headers: {'Content-Type': 'application/json', 'Accept': 'application/json', 'X-Auth-Token': '<omitted>'}
        Body: None
    Response - Headers: {'date': 'Fri, 25 Sep 2026 09:56:28 GMT', '
    server': 'Apache/2.4.58 (Ubuntu)', 'content-type': 'application/json', 'x-compute-request-id': 'req-36778dd9-c72d-4968-91f3-a01b25ea161c', 'content-length': '849', 'openstack-api-version': 'volume 3.0', 'vary': 'OpenStack-API-Version', 'x-openstack-request-id': 'req-36778dd9-c72d-4968-91f3-a01b25ea161c', 'connection': 'close', 'status': '200', 'content-location': 'http://10.132.239.110/volume/v3/volumes/562cebe3-533a-45e6-922b-3d404b863af1'}
        Body: b'{"volume": {"id": "562cebe3-533a-45e6-922b-3d404b863af1", "status": "deleting", "size": 1, "availability_zone": "nova", "created_at": "2026-09-25T09:53:22.000000", "updated_at": "2026-09-25T09:53:26.000000", "name": "tempest-VolumesDeleteCascade-Volume-1396893735", "description": null, "volume_type": "arcusfc1", "snapshot_id": null, "source_volid": null, "metadata": {}, "links": [{"rel": "self", "href": "http://10.132.239.110/volume/v3/volumes/562cebe3-533a-45e6-922b-3d404b863af1"}, {"rel": "bookmark", "href": "http://10.132.239.110/volume/volumes/562cebe3-533a-45e6-922b-3d404b863af1"}], "user_id": "16783d7c80c64e54afe935a0d27fa174", "bootable": "false", "encrypted": false, "replication_status": null, "consistencygroup_id": null, "multiattach": false, "attachments": [], "os-vol-tenant-attr:tenant_id": "234aae29f86546a2963cb3339c28a9c1"}}'
2026-09-25 09:56:29,165 3735175 INFO     [tempest.lib.common.rest_client] Request (VolumesDeleteCascade:test_volume_from_snapshot_cascade_delete): 200 GET http://10.132.239.110/volume/v3/volumes/562cebe3-533a-45e6-922b-3d404b863af1 0.059s
2026-09-25 09:56:29,165 3735175 DEBUG    [tempest.lib.common.rest_client] Request - Headers: {'Content-Type': 'application/json', 'Accept': 'application/json', 'X-Auth-Token': '<omitted>'}
        Body: None
    Response - Headers: {'date': 'Fri, 25 Sep 2026 09:56:29 GMT', 'server': 'Apache/2.4.58 (Ubuntu)', 'content-type': 'application/json', 'x-compute-request-id': 'req-9e067e7a-8bb5-4590-b96f-0d0dbe766257', 'content-length': '849', 'openstack-api-version': 'volume 3.0', 'vary': 'OpenStack-API-Version', 'x-openstack-request-id': 'req-9e067e7a-8bb5-4590-b96f-0d0dbe766257', 'connection': 'close', 'status': '200', 'content-location': 'http://10.132.239.110/volume/v3/volumes/562cebe3-533a-45e6-922b-3d404b863af1'}
        Body: b'{"volume": {"id": "562cebe3-533a-45e6-922b-3d404b863af1", "status": "deleting", "size": 1, "availability_zone": "nova", "created_at": "2026-09-25T09:53:22.000000", "updated_at": "2026-09-25T09:53:26.000000", "name": "tempest-VolumesDeleteCascade-Volume-1396893735", "description": null, "volume_type": "arcusfc1", "snapshot_id": null, "source_volid": null, "metadata": {}, "links": [{"rel": "self", "href": "http://10.132.239.110/volume/v3/volumes/562cebe3-533a-45e6-922b-3d404b863af1"}, {"rel": "bookmark", "href": "http://10.132.239.110/volume/volumes/562cebe3-533a-45e6-922b-3d404b863af1"}], "user_id": "16783d7c80c64e54afe935a0d27fa174", "bootable": "false", "encrypted": false, "replication_status": null, "consistencygroup_id": null, "multiattach": false, "attachments": [], "os-vol-tenant-attr:tenant_id": "234aae29f86546a2963cb3339c28a9c1"}}'
2026-09-25 09:56:30,241 3735175 INFO     [tempest.lib.common.rest_client] Request (VolumesDeleteCascade:test_volume_from_snapshot_cascade_delete): 200 GET http://10.132.239.110/volume/v3/volumes/562cebe3-533a-45e6-922b-3d404b863af1 0.060s
2026-09-25 09:56:30,242 3735175 DEBUG    [tempest.lib.common.rest_client] Request - Headers: {'Content-Type': 'application/json', 'Accept': 'application/json', 'X-Auth-Token': '<omitted>'}
        Body: None
    Response - Headers: {'date': 'Fri, 25 Sep 2026 09:56:30 GMT', 'server': 'Apache/2.4.58 (Ubuntu)', 'content-type': 'application/json', 'x-compute-request-id': 'req-dd8bd5b7-5a76-4c26-be33-9182700d125d', 'content-length': '849', 'openstack-api-version': 'volume 3.0', 'vary': 'OpenStack-API-Version', 'x-openstack-request-id': 'req-dd8bd5b7-5a76-4c26-be33-9182700d125d', 'connection': 'close', 'status': '200', 'content-location': 'http://10.132.239.110/volume/v3/volumes/562cebe3-533a-45e6-922b-3d404b863af
    1'}
        Body: b'{"volume": {"id": "562cebe3-533a-45e6-922b-3d404b863af1", "status": "deleting", "size": 1, "availability_zone": "nova", "created_at": "2026-09-25T09:53:22.000000", "updated_at": "2026-09-25T09:53:26.000000", "name": "tempest-VolumesDeleteCascade-Volume-1396893735", "description": null, "volume_type": "arcusfc1", "snapshot_id": null, "source_volid": null, "metadata": {}, "links": [{"rel": "self", "href": "http://10.132.239.110/volume/v3/volumes/562cebe3-533a-45e6-922b-3d404b863af1"}, {"rel": "bookmark", "href": "http://10.132.239.110/volume/volumes/562cebe3-533a-45e6-922b-3d404b863af1"}], "user_id": "16783d7c80c64e54afe935a0d27fa174", "bootable": "false", "encrypted": false, "replication_status": null, "consistencygroup_id": null, "multiattach": false, "attachments": [], "os-vol-tenant-attr:tenant_id": "234aae29f86546a2963cb3339c28a9c1"}}'
2026-09-25 09:56:31,329 3735175 INFO     [tempest.lib.common.rest_client] Request (VolumesDeleteCascade:test_volume_from_snapshot_cascade_delete): 200 GET http://10.132.239.110/volume/v3/volumes/562cebe3-533a-45e6-922b-3d404b863af1 0.054s
2026-09-25 09:56:31,329 3735175 DEBUG    [tempest.lib.common.rest_client] Request - Headers: {'Content-Type': 'application/json', 'Accept': 'application/json', 'X-Auth-Token': '<omitted>'}
        Body: None
    Response - Headers: {'date': 'Fri, 25 Sep 2026 09:56:31 GMT', 'server': 'Apache/2.4.58 (Ubuntu)', 'content-type': 'application/json', 'x-compute-request-id': 'req-56605345-7459-4690-b293-40b4e87419c5', 'content-length': '849', 'openstack-api-version': 'volume 3.0', 'vary': 'OpenStack-API-Version', 'x-openstack-request-id': 'req-56605345-7459-4690-b293-40b4e87419c5', 'connection': 'close', 'status': '200', 'content-location': 'http://10.132.239.110/volume/v3/volumes/562cebe3-533a-45e6-922b-3d404b863af1'}
        Body: b'{"volume": {"id": "562cebe3-533a-45e6-922b-3d404b863af1", "status": "deleting", "size": 1, "availability_zone": "nova", "created_at": "2026-09-25T09:53:22.000000", "updated_at": "2026-09-25T09:53:26.000000", "name": "tempest-VolumesDeleteCascade-Volume-1396893735", "description": null, "volume_type": "arcusfc1", "snapshot_id": null, "source_volid": null, "metadata": {}, "links": [{"rel": "self", "href": "http://10.132.239.110/volume/v3/volumes/562cebe3-533a-45e6-922b-3d404b863af1"}, {"rel": "bookmark", "href": "http://10.132.239.110/volume/volumes/562cebe3-533a-45e6-922b-3d404b863af1"}], "user_id": "16783d7c80c64e54afe935a0d27fa174", "bootable": "false", "encrypted": false, "replication_status": null, "consistencygroup_id": null, "multiattach": false, "attachments": [], "os-vol-tenant-attr:tenant_id": "234aae29f86546a2963cb3339c28a9c1"}}'
2026-09-25 09:56:32,405 3735175 INFO     [tempest.lib.common.rest_client] Request (VolumesDeleteCascade:test_volume_from_snapshot_cascade_delete): 200 GET http://10.132.239.110/volume/v3/volumes/562cebe3-533a-45e6-922b-3d404b863af1 0.061s
2026-09-25 09:56:32,406 3735175 DEBUG    [tempest.lib.common.rest_client] Request - Headers: {'Content-Type': 'application/json', 'Accept': 'application/json', 'X-Auth-Token': '<omitted>'}
        Body: None
    Response - Headers: {'date': 'Fri, 25 Sep 2026 09:56:32 GMT', 'server': 'Apache/2.4.58 (Ubuntu)', 'content-type': 'application/json', 'x-compute-request-id': 'req-4268204d-5107-4e96-9068-e3318345fddb', 'content-length': '849', 'openstack-api-version': 'volume 3.0', 'vary': 'OpenStack-API-Version', 'x-openstack-request-id': 'req-4268204d-5107-4e96-9068-e3318345fddb', 'connection': 'close', 'status': '200', 'content-location': 'http://10.132.239.110/volume/v3/volumes/562cebe3-533a-45e6-922b-3d404b863af1'}
        Body: b'{"volume": {"id": "562cebe3-533a-45e6-922b-3d404b863af1", "status": "deleting", "size": 1, "availability_zone": "nova", "created_at": "2026-09-25T09:53:22.000000", "updated_at": "2026-09-25T09:53:26.000000", "name": "tempest-VolumesDeleteCascade-Volume-1396893735", "description": null, "volume_type": "arcusfc1", "snapshot_id": null, "source_volid": null, "metadata": {}, "links": [{"rel": "self", "href": "http://10.132.
    239.110/volume/v3/volumes/562cebe3-533a-45e6-922b-3d404b863af1"}, {"rel": "bookmark", "href": "http://10.132.239.110/volume/volumes/562cebe3-533a-45e6-922b-3d404b863af1"}], "user_id": "16783d7c80c64e54afe935a0d27fa174", "bootable": "false", "encrypted": false, "replication_status": null, "consistencygroup_id": null, "multiattach": false, "attachments": [], "os-vol-tenant-attr:tenant_id": "234aae29f86546a2963cb3339c28a9c1"}}'
2026-09-25 09:56:33,475 3735175 INFO     [tempest.lib.common.rest_client] Request (VolumesDeleteCascade:test_volume_from_snapshot_cascade_delete): 200 GET http://10.132.239.110/volume/v3/volumes/562cebe3-533a-45e6-922b-3d404b863af1 0.051s
2026-09-25 09:56:33,476 3735175 DEBUG    [tempest.lib.common.rest_client] Request - Headers: {'Content-Type': 'application/json', 'Accept': 'application/json', 'X-Auth-Token': '<omitted>'}
        Body: None
    Response - Headers: {'date': 'Fri, 25 Sep 2026 09:56:33 GMT', 'server': 'Apache/2.4.58 (Ubuntu)', 'content-type': 'application/json', 'x-compute-request-id': 'req-82ee9ae5-3c1f-4292-8414-92d859e70598', 'content-length': '849', 'openstack-api-version': 'volume 3.0', 'vary': 'OpenStack-API-Version', 'x-openstack-request-id': 'req-82ee9ae5-3c1f-4292-8414-92d859e70598', 'connection': 'close', 'status': '200', 'content-location': 'http://10.132.239.110/volume/v3/volumes/562cebe3-533a-45e6-922b-3d404b863af1'}
        Body: b'{"volume": {"id": "562cebe3-533a-45e6-922b-3d404b863af1", "status": "deleting", "size": 1, "availability_zone": "nova", "created_at": "2026-09-25T09:53:22.000000", "updated_at": "2026-09-25T09:53:26.000000", "name": "tempest-VolumesDeleteCascade-Volume-1396893735", "description": null, "volume_type": "arcusfc1", "snapshot_id": null, "source_volid": null, "metadata": {}, "links": [{"rel": "self", "href": "http://10.132.239.110/volume/v3/volumes/562cebe3-533a-45e6-922b-3d404b863af1"}, {"rel": "bookmark", "href": "http://10.132.239.110/volume/volumes/562cebe3-533a-45e6-922b-3d404b863af1"}], "user_id": "16783d7c80c64e54afe935a0d27fa174", "bootable": "false", "encrypted": false, "replication_status": null, "consistencygroup_id": null, "multiattach": false, "attachments": [], "os-vol-tenant-attr:tenant_id": "234aae29f86546a2963cb3339c28a9c1"}}'
2026-09-25 09:56:34,548 3735175 INFO     [tempest.lib.common.rest_client] Request (VolumesDeleteCascade:test_volume_from_snapshot_cascade_delete): 200 GET http://10.132.239.110/volume/v3/volumes/562cebe3-533a-45e6-922b-3d404b863af1 0.057s
2026-09-25 09:56:34,548 3735175 DEBUG    [tempest.lib.common.rest_client] Request - Headers: {'Content-Type': 'application/json', 'Accept': 'application/json', 'X-Auth-Token': '<omitted>'}
        Body: None
    Response - Headers: {'date': 'Fri, 25 Sep 2026 09:56:34 GMT', 'server': 'Apache/2.4.58 (Ubuntu)', 'content-type': 'application/json', 'x-compute-request-id': 'req-c5a8766d-c000-47e8-b631-84e5d7eea492', 'content-length': '849', 'openstack-api-version': 'volume 3.0', 'vary': 'OpenStack-API-Version', 'x-openstack-request-id': 'req-c5a8766d-c000-47e8-b631-84e5d7eea492', 'connection': 'close', 'status': '200', 'content-location': 'http://10.132.239.110/volume/v3/volumes/562cebe3-533a-45e6-922b-3d404b863af1'}
        Body: b'{"volume": {"id": "562cebe3-533a-45e6-922b-3d404b863af1", "status": "deleting", "size": 1, "availability_zone": "nova", "created_at": "2026-09-25T09:53:22.000000", "updated_at": "2026-09-25T09:53:26.000000", "name": "tempest-VolumesDeleteCascade-Volume-1396893735", "description": null, "volume_type": "arcusfc1", "snapshot_id": null, "source_volid": null, "metadata": {}, "links": [{"rel": "self", "href": "http://10.132.239.110/volume/v3/volumes/562cebe3-533a-45e6-922b-3d404b863af1"}, {"rel": "bookmark", "href": "http://10.132.239.110/volume/volumes/562cebe3-533a-45e6-922b-3d404b863af1"}], "user_id": "16783d7c80c64e54afe935a0d27fa174", "bootable": "false", "encrypted": false, "replication_status": null, "consistencygroup_id": null, "multiattach": false, "attachments": [], "os-vol-tenant-attr:tenant_id": "234aae29f86546a2963cb3339c28a9c1"}}'
2026-09-25 09
    :56:35,626 3735175 INFO     [tempest.lib.common.rest_client] Request (VolumesDeleteCascade:test_volume_from_snapshot_cascade_delete): 200 GET http://10.132.239.110/volume/v3/volumes/562cebe3-533a-45e6-922b-3d404b863af1 0.060s
2026-09-25 09:56:35,627 3735175 DEBUG    [tempest.lib.common.rest_client] Request - Headers: {'Content-Type': 'application/json', 'Accept': 'application/json', 'X-Auth-Token': '<omitted>'}
        Body: None
    Response - Headers: {'date': 'Fri, 25 Sep 2026 09:56:35 GMT', 'server': 'Apache/2.4.58 (Ubuntu)', 'content-type': 'application/json', 'x-compute-request-id': 'req-08e672d8-7a70-4ffb-b469-10cd12d43833', 'content-length': '849', 'openstack-api-version': 'volume 3.0', 'vary': 'OpenStack-API-Version', 'x-openstack-request-id': 'req-08e672d8-7a70-4ffb-b469-10cd12d43833', 'connection': 'close', 'status': '200', 'content-location': 'http://10.132.239.110/volume/v3/volumes/562cebe3-533a-45e6-922b-3d404b863af1'}
        Body: b'{"volume": {"id": "562cebe3-533a-45e6-922b-3d404b863af1", "status": "deleting", "size": 1, "availability_zone": "nova", "created_at": "2026-09-25T09:53:22.000000", "updated_at": "2026-09-25T09:53:26.000000", "name": "tempest-VolumesDeleteCascade-Volume-1396893735", "description": null, "volume_type": "arcusfc1", "snapshot_id": null, "source_volid": null, "metadata": {}, "links": [{"rel": "self", "href": "http://10.132.239.110/volume/v3/volumes/562cebe3-533a-45e6-922b-3d404b863af1"}, {"rel": "bookmark", "href": "http://10.132.239.110/volume/volumes/562cebe3-533a-45e6-922b-3d404b863af1"}], "user_id": "16783d7c80c64e54afe935a0d27fa174", "bootable": "false", "encrypted": false, "replication_status": null, "consistencygroup_id": null, "multiattach": false, "attachments": [], "os-vol-tenant-attr:tenant_id": "234aae29f86546a2963cb3339c28a9c1"}}'
2026-09-25 09:56:36,699 3735175 INFO     [tempest.lib.common.rest_client] Request (VolumesDeleteCascade:test_volume_from_snapshot_cascade_delete): 200 GET http://10.132.239.110/volume/v3/volumes/562cebe3-533a-45e6-922b-3d404b863af1 0.053s
2026-09-25 09:56:36,699 3735175 DEBUG    [tempest.lib.common.rest_client] Request - Headers: {'Content-Type': 'application/json', 'Accept': 'application/json', 'X-Auth-Token': '<omitted>'}
        Body: None
    Response - Headers: {'date': 'Fri, 25 Sep 2026 09:56:36 GMT', 'server': 'Apache/2.4.58 (Ubuntu)', 'content-type': 'application/json', 'x-compute-request-id': 'req-636cb2cb-062f-4d63-ab9f-3817bd42ee53', 'content-length': '849', 'openstack-api-version': 'volume 3.0', 'vary': 'OpenStack-API-Version', 'x-openstack-request-id': 'req-636cb2cb-062f-4d63-ab9f-3817bd42ee53', 'connection': 'close', 'status': '200', 'content-location': 'http://10.132.239.110/volume/v3/volumes/562cebe3-533a-45e6-922b-3d404b863af1'}
        Body: b'{"volume": {"id": "562cebe3-533a-45e6-922b-3d404b863af1", "status": "deleting", "size": 1, "availability_zone": "nova", "created_at": "2026-09-25T09:53:22.000000", "updated_at": "2026-09-25T09:53:26.000000", "name": "tempest-VolumesDeleteCascade-Volume-1396893735", "description": null, "volume_type": "arcusfc1", "snapshot_id": null, "source_volid": null, "metadata": {}, "links": [{"rel": "self", "href": "http://10.132.239.110/volume/v3/volumes/562cebe3-533a-45e6-922b-3d404b863af1"}, {"rel": "bookmark", "href": "http://10.132.239.110/volume/volumes/562cebe3-533a-45e6-922b-3d404b863af1"}], "user_id": "16783d7c80c64e54afe935a0d27fa174", "bootable": "false", "encrypted": false, "replication_status": null, "consistencygroup_id": null, "multiattach": false, "attachments": [], "os-vol-tenant-attr:tenant_id": "234aae29f86546a2963cb3339c28a9c1"}}'
2026-09-25 09:56:37,768 3735175 INFO     [tempest.lib.common.rest_client] Request (VolumesDeleteCascade:test_volume_from_snapshot_cascade_delete): 200 GET http://10.132.239.110/volume/v3/volumes/562cebe3-533a-45e6-922b-3d404b863af1 0.051s
2026-09-25 09:56:37,769 3735175 DEBUG    [tempest.lib.common.rest_client] Request - Headers: {'Content-Type': 'application/json', 'Accept': 'application/json', 'X-Auth-Token': '<omitted>'}
        Body: None
    Resp
    onse - Headers: {'date': 'Fri, 25 Sep 2026 09:56:37 GMT', 'server': 'Apache/2.4.58 (Ubuntu)', 'content-type': 'application/json', 'x-compute-request-id': 'req-338c6e24-1a30-4285-ab13-cc0f8cb5b0f6', 'content-length': '849', 'openstack-api-version': 'volume 3.0', 'vary': 'OpenStack-API-Version', 'x-openstack-request-id': 'req-338c6e24-1a30-4285-ab13-cc0f8cb5b0f6', 'connection': 'close', 'status': '200', 'content-location': 'http://10.132.239.110/volume/v3/volumes/562cebe3-533a-45e6-922b-3d404b863af1'}
        Body: b'{"volume": {"id": "562cebe3-533a-45e6-922b-3d404b863af1", "status": "deleting", "size": 1, "availability_zone": "nova", "created_at": "2026-09-25T09:53:22.000000", "updated_at": "2026-09-25T09:53:26.000000", "name": "tempest-VolumesDeleteCascade-Volume-1396893735", "description": null, "volume_type": "arcusfc1", "snapshot_id": null, "source_volid": null, "metadata": {}, "links": [{"rel": "self", "href": "http://10.132.239.110/volume/v3/volumes/562cebe3-533a-45e6-922b-3d404b863af1"}, {"rel": "bookmark", "href": "http://10.132.239.110/volume/volumes/562cebe3-533a-45e6-922b-3d404b863af1"}], "user_id": "16783d7c80c64e54afe935a0d27fa174", "bootable": "false", "encrypted": false, "replication_status": null, "consistencygroup_id": null, "multiattach": false, "attachments": [], "os-vol-tenant-attr:tenant_id": "234aae29f86546a2963cb3339c28a9c1"}}'
2026-09-25 09:56:38,840 3735175 INFO     [tempest.lib.common.rest_client] Request (VolumesDeleteCascade:test_volume_from_snapshot_cascade_delete): 200 GET http://10.132.239.110/volume/v3/volumes/562cebe3-533a-45e6-922b-3d404b863af1 0.052s
2026-09-25 09:56:38,840 3735175 DEBUG    [tempest.lib.common.rest_client] Request - Headers: {'Content-Type': 'application/json', 'Accept': 'application/json', 'X-Auth-Token': '<omitted>'}
        Body: None
    Response - Headers: {'date': 'Fri, 25 Sep 2026 09:56:38 GMT', 'server': 'Apache/2.4.58 (Ubuntu)', 'content-type': 'application/json', 'x-compute-request-id': 'req-eec8d0b8-e209-4533-b985-79bb87d2e61e', 'content-length': '849', 'openstack-api-version': 'volume 3.0', 'vary': 'OpenStack-API-Version', 'x-openstack-request-id': 'req-eec8d0b8-e209-4533-b985-79bb87d2e61e', 'connection': 'close', 'status': '200', 'content-location': 'http://10.132.239.110/volume/v3/volumes/562cebe3-533a-45e6-922b-3d404b863af1'}
        Body: b'{"volume": {"id": "562cebe3-533a-45e6-922b-3d404b863af1", "status": "deleting", "size": 1, "availability_zone": "nova", "created_at": "2026-09-25T09:53:22.000000", "updated_at": "2026-09-25T09:53:26.000000", "name": "tempest-VolumesDeleteCascade-Volume-1396893735", "description": null, "volume_type": "arcusfc1", "snapshot_id": null, "source_volid": null, "metadata": {}, "links": [{"rel": "self", "href": "http://10.132.239.110/volume/v3/volumes/562cebe3-533a-45e6-922b-3d404b863af1"}, {"rel": "bookmark", "href": "http://10.132.239.110/volume/volumes/562cebe3-533a-45e6-922b-3d404b863af1"}], "user_id": "16783d7c80c64e54afe935a0d27fa174", "bootable": "false", "encrypted": false, "replication_status": null, "consistencygroup_id": null, "multiattach": false, "attachments": [], "os-vol-tenant-attr:tenant_id": "234aae29f86546a2963cb3339c28a9c1"}}'
2026-09-25 09:56:39,912 3735175 INFO     [tempest.lib.common.rest_client] Request (VolumesDeleteCascade:test_volume_from_snapshot_cascade_delete): 200 GET http://10.132.239.110/volume/v3/volumes/562cebe3-533a-45e6-922b-3d404b863af1 0.055s
2026-09-25 09:56:39,913 3735175 DEBUG    [tempest.lib.common.rest_client] Request - Headers: {'Content-Type': 'application/json', 'Accept': 'application/json', 'X-Auth-Token': '<omitted>'}
        Body: None
    Response - Headers: {'date': 'Fri, 25 Sep 2026 09:56:39 GMT', 'server': 'Apache/2.4.58 (Ubuntu)', 'content-type': 'application/json', 'x-compute-request-id': 'req-917ccfeb-f8e9-43a6-bc67-9bfffd45fbe0', 'content-length': '849', 'openstack-api-version': 'volume 3.0', 'vary': 'OpenStack-API-Version', 'x-openstack-request-id': 'req-917ccfeb-f8e9-43a6-bc67-9bfffd45fbe0', 'connection': 'close', 'status': '200', 'content-location': 'http://10.132.23
    9.110/volume/v3/volumes/562cebe3-533a-45e6-922b-3d404b863af1'}
        Body: b'{"volume": {"id": "562cebe3-533a-45e6-922b-3d404b863af1", "status": "deleting", "size": 1, "availability_zone": "nova", "created_at": "2026-09-25T09:53:22.000000", "updated_at": "2026-09-25T09:53:26.000000", "name": "tempest-VolumesDeleteCascade-Volume-1396893735", "description": null, "volume_type": "arcusfc1", "snapshot_id": null, "source_volid": null, "metadata": {}, "links": [{"rel": "self", "href": "http://10.132.239.110/volume/v3/volumes/562cebe3-533a-45e6-922b-3d404b863af1"}, {"rel": "bookmark", "href": "http://10.132.239.110/volume/volumes/562cebe3-533a-45e6-922b-3d404b863af1"}], "user_id": "16783d7c80c64e54afe935a0d27fa174", "bootable": "false", "encrypted": false, "replication_status": null, "consistencygroup_id": null, "multiattach": false, "attachments": [], "os-vol-tenant-attr:tenant_id": "234aae29f86546a2963cb3339c28a9c1"}}'
2026-09-25 09:56:40,984 3735175 INFO     [tempest.lib.common.rest_client] Request (VolumesDeleteCascade:test_volume_from_snapshot_cascade_delete): 200 GET http://10.132.239.110/volume/v3/volumes/562cebe3-533a-45e6-922b-3d404b863af1 0.055s
2026-09-25 09:56:40,985 3735175 DEBUG    [tempest.lib.common.rest_client] Request - Headers: {'Content-Type': 'application/json', 'Accept': 'application/json', 'X-Auth-Token': '<omitted>'}
        Body: None
    Response - Headers: {'date': 'Fri, 25 Sep 2026 09:56:40 GMT', 'server': 'Apache/2.4.58 (Ubuntu)', 'content-type': 'application/json', 'x-compute-request-id': 'req-c69538f3-8eee-4f51-a7fe-b107b39e2ab6', 'content-length': '849', 'openstack-api-version': 'volume 3.0', 'vary': 'OpenStack-API-Version', 'x-openstack-request-id': 'req-c69538f3-8eee-4f51-a7fe-b107b39e2ab6', 'connection': 'close', 'status': '200', 'content-location': 'http://10.132.239.110/volume/v3/volumes/562cebe3-533a-45e6-922b-3d404b863af1'}
        Body: b'{"volume": {"id": "562cebe3-533a-45e6-922b-3d404b863af1", "status": "deleting", "size": 1, "availability_zone": "nova", "created_at": "2026-09-25T09:53:22.000000", "updated_at": "2026-09-25T09:53:26.000000", "name": "tempest-VolumesDeleteCascade-Volume-1396893735", "description": null, "volume_type": "arcusfc1", "snapshot_id": null, "source_volid": null, "metadata": {}, "links": [{"rel": "self", "href": "http://10.132.239.110/volume/v3/volumes/562cebe3-533a-45e6-922b-3d404b863af1"}, {"rel": "bookmark", "href": "http://10.132.239.110/volume/volumes/562cebe3-533a-45e6-922b-3d404b863af1"}], "user_id": "16783d7c80c64e54afe935a0d27fa174", "bootable": "false", "encrypted": false, "replication_status": null, "consistencygroup_id": null, "multiattach": false, "attachments": [], "os-vol-tenant-attr:tenant_id": "234aae29f86546a2963cb3339c28a9c1"}}'
2026-09-25 09:56:42,064 3735175 INFO     [tempest.lib.common.rest_client] Request (VolumesDeleteCascade:test_volume_from_snapshot_cascade_delete): 200 GET http://10.132.239.110/volume/v3/volumes/562cebe3-533a-45e6-922b-3d404b863af1 0.060s
2026-09-25 09:56:42,064 3735175 DEBUG    [tempest.lib.common.rest_client] Request - Headers: {'Content-Type': 'application/json', 'Accept': 'application/json', 'X-Auth-Token': '<omitted>'}
        Body: None
    Response - Headers: {'date': 'Fri, 25 Sep 2026 09:56:42 GMT', 'server': 'Apache/2.4.58 (Ubuntu)', 'content-type': 'application/json', 'x-compute-request-id': 'req-2ebd5d3a-106e-42d2-b0b6-3a1561248e2b', 'content-length': '849', 'openstack-api-version': 'volume 3.0', 'vary': 'OpenStack-API-Version', 'x-openstack-request-id': 'req-2ebd5d3a-106e-42d2-b0b6-3a1561248e2b', 'connection': 'close', 'status': '200', 'content-location': 'http://10.132.239.110/volume/v3/volumes/562cebe3-533a-45e6-922b-3d404b863af1'}
        Body: b'{"volume": {"id": "562cebe3-533a-45e6-922b-3d404b863af1", "status": "deleting", "size": 1, "availability_zone": "nova", "created_at": "2026-09-25T09:53:22.000000", "updated_at": "2026-09-25T09:53:26.000000", "name": "tempest-VolumesDeleteCascade-Volume-1396893735", "description": null, "volume_type": "arcusfc1", "snapshot_id": null, "source_volid": null, "metad
    ata": {}, "links": [{"rel": "self", "href": "http://10.132.239.110/volume/v3/volumes/562cebe3-533a-45e6-922b-3d404b863af1"}, {"rel": "bookmark", "href": "http://10.132.239.110/volume/volumes/562cebe3-533a-45e6-922b-3d404b863af1"}], "user_id": "16783d7c80c64e54afe935a0d27fa174", "bootable": "false", "encrypted": false, "replication_status": null, "consistencygroup_id": null, "multiattach": false, "attachments": [], "os-vol-tenant-attr:tenant_id": "234aae29f86546a2963cb3339c28a9c1"}}'
2026-09-25 09:56:42,141 3735175 INFO     [tempest.lib.common.rest_client] Request (VolumesDeleteCascade:_run_cleanups): 200 GET http://10.132.239.110/volume/v3/volumes/3fe23c03-f23f-46c2-b021-9c486b742154 0.056s
2026-09-25 09:56:42,141 3735175 DEBUG    [tempest.lib.common.rest_client] Request - Headers: {'Content-Type': 'application/json', 'Accept': 'application/json', 'X-Auth-Token': '<omitted>'}
        Body: None
    Response - Headers: {'date': 'Fri, 25 Sep 2026 09:56:42 GMT', 'server': 'Apache/2.4.58 (Ubuntu)', 'content-type': 'application/json', 'x-compute-request-id': 'req-e089d890-08de-4527-a73a-1fc2a7319537', 'content-length': '884', 'openstack-api-version': 'volume 3.0', 'vary': 'OpenStack-API-Version', 'x-openstack-request-id': 'req-e089d890-08de-4527-a73a-1fc2a7319537', 'connection': 'close', 'status': '200', 'content-location': 'http://10.132.239.110/volume/v3/volumes/3fe23c03-f23f-46c2-b021-9c486b742154'}
        Body: b'{"volume": {"id": "3fe23c03-f23f-46c2-b021-9c486b742154", "status": "available", "size": 1, "availability_zone": "nova", "created_at": "2026-09-25T09:53:25.000000", "updated_at": "2026-09-25T09:53:26.000000", "name": "tempest-VolumesDeleteCascade-Volume-1719666317", "description": null, "volume_type": "arcusfc1", "snapshot_id": "2118eaa3-75a6-4ed0-899c-f058f5c69646", "source_volid": null, "metadata": {}, "links": [{"rel": "self", "href": "http://10.132.239.110/volume/v3/volumes/3fe23c03-f23f-46c2-b021-9c486b742154"}, {"rel": "bookmark", "href": "http://10.132.239.110/volume/volumes/3fe23c03-f23f-46c2-b021-9c486b742154"}], "user_id": "16783d7c80c64e54afe935a0d27fa174", "bootable": "false", "encrypted": false, "replication_status": null, "consistencygroup_id": null, "multiattach": false, "attachments": [], "os-vol-tenant-attr:tenant_id": "234aae29f86546a2963cb3339c28a9c1"}}'
2026-09-25 09:56:42,233 3735175 INFO     [tempest.lib.common.rest_client] Request (VolumesDeleteCascade:_run_cleanups): 202 DELETE http://10.132.239.110/volume/v3/volumes/3fe23c03-f23f-46c2-b021-9c486b742154 0.073s
2026-09-25 09:56:42,233 3735175 DEBUG    [tempest.lib.common.rest_client] Request - Headers: {'Content-Type': 'application/json', 'Accept': 'application/json', 'X-Auth-Token': '<omitted>'}
        Body: None
    Response - Headers: {'date': 'Fri, 25 Sep 2026 09:56:42 GMT', 'server': 'Apache/2.4.58 (Ubuntu)', 'content-length': '0', 'content-type': 'text/html; charset=UTF-8', 'openstack-api-version': 'volume 3.0', 'vary': 'OpenStack-API-Version', 'x-openstack-request-id': 'req-214d81e2-971c-446b-bbe7-fae30dc5630c', 'connection': 'close', 'status': '202', 'content-location': 'http://10.132.239.110/volume/v3/volumes/3fe23c03-f23f-46c2-b021-9c486b742154'}
        Body: b''
2026-09-25 09:56:42,293 3735175 INFO     [tempest.lib.common.rest_client] Request (VolumesDeleteCascade:_run_cleanups): 200 GET http://10.132.239.110/volume/v3/volumes/3fe23c03-f23f-46c2-b021-9c486b742154 0.058s
2026-09-25 09:56:42,293 3735175 DEBUG    [tempest.lib.common.rest_client] Request - Headers: {'Content-Type': 'application/json', 'Accept': 'application/json', 'X-Auth-Token': '<omitted>'}
        Body: None
    Response - Headers: {'date': 'Fri, 25 Sep 2026 09:56:42 GMT', 'server': 'Apache/2.4.58 (Ubuntu)', 'content-type': 'application/json', 'x-compute-request-id': 'req-defa9785-62e9-4697-83d3-6606059ef7a5', 'content-length': '883', 'openstack-api-version': 'volume 3.0', 'vary': 'OpenStack-API-Version', 'x-openstack-request-id': 'req-defa9785-62e9-4697-83d3-6606059ef7a5', 'connection': 'close', 'status': '200', 'content-location': 'http://10.132.239.110/volum
    e/v3/volumes/3fe23c03-f23f-46c2-b021-9c486b742154'}
        Body: b'{"volume": {"id": "3fe23c03-f23f-46c2-b021-9c486b742154", "status": "deleting", "size": 1, "availability_zone": "nova", "created_at": "2026-09-25T09:53:25.000000", "updated_at": "2026-09-25T09:56:42.000000", "name": "tempest-VolumesDeleteCascade-Volume-1719666317", "description": null, "volume_type": "arcusfc1", "snapshot_id": "2118eaa3-75a6-4ed0-899c-f058f5c69646", "source_volid": null, "metadata": {}, "links": [{"rel": "self", "href": "http://10.132.239.110/volume/v3/volumes/3fe23c03-f23f-46c2-b021-9c486b742154"}, {"rel": "bookmark", "href": "http://10.132.239.110/volume/volumes/3fe23c03-f23f-46c2-b021-9c486b742154"}], "user_id": "16783d7c80c64e54afe935a0d27fa174", "bootable": "false", "encrypted": false, "replication_status": null, "consistencygroup_id": null, "multiattach": false, "attachments": [], "os-vol-tenant-attr:tenant_id": "234aae29f86546a2963cb3339c28a9c1"}}'
2026-09-25 09:56:43,339 3735175 INFO     [tempest.lib.common.rest_client] Request (VolumesDeleteCascade:_run_cleanups): 404 GET http://10.132.239.110/volume/v3/volumes/3fe23c03-f23f-46c2-b021-9c486b742154 0.028s
2026-09-25 09:56:43,339 3735175 DEBUG    [tempest.lib.common.rest_client] Request - Headers: {'Content-Type': 'application/json', 'Accept': 'application/json', 'X-Auth-Token': '<omitted>'}
        Body: None
    Response - Headers: {'date': 'Fri, 25 Sep 2026 09:56:43 GMT', 'server': 'Apache/2.4.58 (Ubuntu)', 'openstack-api-version': 'volume 3.0', 'vary': 'OpenStack-API-Version', 'content-length': '109', 'content-type': 'application/json', 'x-compute-request-id': 'req-fea5ba04-6840-4048-ba3c-b6f64d76a58f', 'x-openstack-request-id': 'req-fea5ba04-6840-4048-ba3c-b6f64d76a58f', 'connection': 'close', 'status': '404', 'content-location': 'http://10.132.239.110/volume/v3/volumes/3fe23c03-f23f-46c2-b021-9c486b742154'}
        Body: b'{"itemNotFound": {"code": 404, "message": "Volume 3fe23c03-f23f-46c2-b021-9c486b742154 could not be found."}}'
2026-09-25 09:56:43,397 3735175 INFO     [tempest.lib.common.rest_client] Request (VolumesDeleteCascade:_run_cleanups): 400 DELETE http://10.132.239.110/volume/v3/snapshots/2118eaa3-75a6-4ed0-899c-f058f5c69646 0.056s
2026-09-25 09:56:43,397 3735175 DEBUG    [tempest.lib.common.rest_client] Request - Headers: {'Content-Type': 'application/json', 'Accept': 'application/json', 'X-Auth-Token': '<omitted>'}
        Body: None
    Response - Headers: {'date': 'Fri, 25 Sep 2026 09:56:43 GMT', 'server': 'Apache/2.4.58 (Ubuntu)', 'openstack-api-version': 'volume 3.0', 'vary': 'OpenStack-API-Version', 'content-length': '137', 'content-type': 'application/json', 'x-compute-request-id': 'req-668be582-e86a-4cea-8c99-ad2a99711179', 'x-openstack-request-id': 'req-668be582-e86a-4cea-8c99-ad2a99711179', 'connection': 'close', 'status': '400', 'content-location': 'http://10.132.239.110/volume/v3/snapshots/2118eaa3-75a6-4ed0-899c-f058f5c69646'}
        Body: b'{"badRequest": {"code": 400, "message": "Invalid snapshot: Snapshot status must be available or error and must not be part of a group."}}'
2026-09-25 09:56:43,457 3735175 INFO     [tempest.lib.common.rest_client] Request (VolumesDeleteCascade:_run_cleanups): 200 GET http://10.132.239.110/volume/v3/volumes/562cebe3-533a-45e6-922b-3d404b863af1 0.056s
2026-09-25 09:56:43,457 3735175 DEBUG    [tempest.lib.common.rest_client] Request - Headers: {'Content-Type': 'application/json', 'Accept': 'application/json', 'X-Auth-Token': '<omitted>'}
        Body: None
    Response - Headers: {'date': 'Fri, 25 Sep 2026 09:56:43 GMT', 'server': 'Apache/2.4.58 (Ubuntu)', 'content-type': 'application/json', 'x-compute-request-id': 'req-d4eddcf9-d022-430f-b744-21a527d80379', 'content-length': '849', 'openstack-api-version': 'volume 3.0', 'vary': 'OpenStack-API-Version', 'x-openstack-request-id': 'req-d4eddcf9-d022-430f-b744-21a527d80379', 'connection': 'close', 'status': '200', 'content-location': 'http://10.132.239.110/volume/v3/volumes/562cebe3-533a-45e6-922b-3d404b863af1'}
        Body: b'{"volume": {"id": "562cebe3-533a-45e6-9
    22b-3d404b863af1", "status": "deleting", "size": 1, "availability_zone": "nova", "created_at": "2026-09-25T09:53:22.000000", "updated_at": "2026-09-25T09:53:26.000000", "name": "tempest-VolumesDeleteCascade-Volume-1396893735", "description": null, "volume_type": "arcusfc1", "snapshot_id": null, "source_volid": null, "metadata": {}, "links": [{"rel": "self", "href": "http://10.132.239.110/volume/v3/volumes/562cebe3-533a-45e6-922b-3d404b863af1"}, {"rel": "bookmark", "href": "http://10.132.239.110/volume/volumes/562cebe3-533a-45e6-922b-3d404b863af1"}], "user_id": "16783d7c80c64e54afe935a0d27fa174", "bootable": "false", "encrypted": false, "replication_status": null, "consistencygroup_id": null, "multiattach": false, "attachments": [], "os-vol-tenant-attr:tenant_id": "234aae29f86546a2963cb3339c28a9c1"}}'
2026-09-25 09:56:43,528 3735175 INFO     [tempest.lib.common.rest_client] Request (VolumesDeleteCascade:_run_cleanups): 400 DELETE http://10.132.239.110/volume/v3/volumes/562cebe3-533a-45e6-922b-3d404b863af1 0.054s
2026-09-25 09:56:43,529 3735175 DEBUG    [tempest.lib.common.rest_client] Request - Headers: {'Content-Type': 'application/json', 'Accept': 'application/json', 'X-Auth-Token': '<omitted>'}
        Body: None
    Response - Headers: {'date': 'Fri, 25 Sep 2026 09:56:43 GMT', 'server': 'Apache/2.4.58 (Ubuntu)', 'openstack-api-version': 'volume 3.0', 'vary': 'OpenStack-API-Version', 'content-length': '307', 'content-type': 'application/json', 'x-compute-request-id': 'req-42a93efe-1c4a-4596-8f79-e6248c2cd49b', 'x-openstack-request-id': 'req-42a93efe-1c4a-4596-8f79-e6248c2cd49b', 'connection': 'close', 'status': '400', 'content-location': 'http://10.132.239.110/volume/v3/volumes/562cebe3-533a-45e6-922b-3d404b863af1'}
        Body: b'{"badRequest": {"code": 400, "message": "Invalid volume: Volume status must be available or error or error_restoring or error_extending or error_managing and must not be migrating, attached, belong to a group, have snapshots, awaiting a transfer, or be disassociated from snapshots after volume transfer."}}'



======
Totals
======
Ran: 204 tests in 783.0005 sec.
 - Passed: 196
 - Skipped: 7
 - Expected Fail: 0
 - Unexpected Success: 0
 - Failed: 1
Sum of execute time for each test: 424.2562 sec.

==============
Worker Balance
==============
 - Worker 0 (204 tests) => 0:13:03.000531
