"pcp-dstat 6.2.0 CSV Output"
"Author:","PCP team <pcp@groups.io> and Dag Wieers <dag@wieers.com>",,,,"URL:","https://pcp.io/ and http://dag.wieers.com/home-made/dstat/"
"Host:","ubuntu",,,,"User:","stack"
"Cmdline:","dstat -tcmndrylpg --tcp --output /opt/stack/logs/dstat-csv.log",,,,"Date:","02 Oct 2026 21:03:05 UTC"
"system","total usage",,,,,"memory usage",,,,"net/total",,"dsk/total",,"io/total",,"system",,"load avg",,,"procs",,,"paging",,"tcp sockets",,,,
"time","total usage:usr","total usage:sys","total usage:idl","total usage:wai","total usage:stl","used","free","buf","cach","net/total:recv","net/total:send","dsk/total:read","dsk/total:writ","read","writ","int","csw","1m","5m","15m","run","blk","new","in","out","lis","act","syn","tim","clo"
02-10 21:03:05,,1079928,11872248,137208,3085072,,,,,,,1.400,1.210,0.830,2,0,,,,11,5,0,10,1
02-10 21:03:06,22.232,28.477,48.960,0,0,1099332,11852616,137264,3085192,68577.543,37915.339,0,735.405,0,20.983,4869,2594,1.400,1.210,0.830,2,0,153.876,0,0,11,4,0,10,2
02-10 21:03:07,21.132,22.873,54.447,0,0,1104952,11846680,137312,3085384,83502.359,39158.109,0,668.281,0,17.900,4762,2488,1.400,1.210,0.830,5,0,142.209,0,0,11,4,0,10,2
02-10 21:03:08,21.762,23.012,53.779,0,0,1107808,11843528,137408,3085528,74810.167,39802.371,0,836.449,0,27.015,4723,2439,1.450,1.220,0.840,2,0,137.074,0,0,11,4,0,10,2
02-10 21:03:09,24.248,26.498,47.747,0,0,1118860,11832320,137448,3085660,51587.726,28952.163,0,13831.122,0,325.979,4825,2345,1.450,1.220,0.840,1,0,124.992,0,0,11,4,0,10,2
02-10 21:03:10,24.107,24.861,50.977,0.251,0,1120296,11830556,137504,3085892,69229.817,37153.194,0,875.894,0,26.116,4755,2385,1.450,1.220,0.840,2,0,129.576,0,0,11,4,0,10,2
02-10 21:03:11,20.434,25.916,52.081,0.249,0,1111228,11821180,137584,3103708,254780.016,587483.103,3.987,960.881,0.997,22.926,5113,2809,1.450,1.220,0.840,3,0,114.628,0,0,11,4,0,10,2
02-10 21:03:12,37.002,26.251,35.252,0,0,1119860,11803312,137812,3112048,44845.492,23557.309,0,676.038,0,24.001,4970,4223,1.450,1.220,0.840,3,0,93.005,0,0,11,4,0,10,2
02-10 21:03:13,29.007,26.506,44.510,0.250,0,1109288,11802540,138656,3120832,45202.304,24061.485,108.025,1028.234,2.000,45.010,4654,2416,1.580,1.250,0.850,3,0,118.027,0,0,11,4,0,10,2
02-10 21:03:14,37.673,25.199,36.176,0,0,1131352,11765564,139060,3133780,59940.870,30619.612,0,11632.299,0,64.868,4572,3797,1.580,1.250,0.850,4,0,76.843,0,0,11,4,0,10,2
02-10 21:03:15,38.836,23.552,37.332,0,0,1133152,11757376,139272,3139080,45632.624,22796.268,24.053,665.467,2.004,18.040,4590,3890,1.580,1.250,0.850,4,0,67.148,0,0,11,4,0,10,2
02-10 21:03:16,23.908,12.452,63.007,0.249,0,1258028,11610356,140192,3283084,44790.580,22561.151,0,2227.426,0,101.609,4043,3362,1.580,1.250,0.850,1,0,7.969,0,0,12,4,0,10,2
02-10 21:03:17,33.063,19.434,47.197,0.505,0,1264028,11596388,140768,3289240,46217.703,24304.172,16.153,1130.708,1.010,30.287,4489,2442,1.580,1.250,0.850,2,0,78.746,0,0,12,6,0,10,2
02-10 21:03:18,39.185,13.144,46.129,0.248,0,1276056,11572548,141340,3299116,60393.208,32818.018,0,3908.560,0,552.555,5014,2039,1.610,1.260,0.860,2,0,21.824,0,0,12,6,0,10,2
02-10 21:03:19,34.823,17.787,46.598,0,0,1275740,11550220,141920,3319512,61007.871,32576.279,0,1318.764,0,47.099,4484,2448,1.610,1.260,0.860,2,0,79.166,0,0,12,6,0,10,2
02-10 21:03:20,33.743,20.996,44.241,0,0,1281112,11555176,142588,3307516,71034.857,478316.766,0,1667.668,0,62.987,5565,3556,1.610,1.260,0.860,3,0,107.979,0,0,12,4,0,12,0
02-10 21:03:21,38.769,10.755,47.523,3.001,0,1225440,11609676,142664,3308712,48909.073,142123.953,1284.632,1004.494,30.015,19.009,3659,1886,1.610,1.260,0.860,2,0,4.002,0,0,12,4,0,12,0
02-10 21:03:22,36.485,12.245,47.481,2.999,0,1292152,11540408,142832,3311048,45262.857,23902.419,2231.106,0,83.966,0,3787,1973,1.610,1.260,0.860,2,0,34.986,0,0,12,4,0,12,0
02-10 21:03:23,41.483,9.246,47.481,1.999,0,1317396,11507520,143152,3317236,30184.756,15579.680,351.857,2962.798,8.996,26.989,3425,1730,1.640,1.280,0.870,2,0,3.998,0,0,12,4,0,12,0
02-10 21:03:24,44.778,10.757,42.526,0.250,0,1329672,11494444,143152,3317808,29973.628,15249.477,52.032,48.030,2.001,1.001,8610,11639,1.640,1.280,0.870,3,0,6.004,0,0,12,4,0,12,0
02-10 21:03:25,35.266,20.365,39.736,2.235,0,1347156,11465580,147880,3323940,30587.114,17031.032,3.974,41258.331,0.993,1980.861,12764,16769,1.640,1.280,0.870,6,0,35.763,0,0,12,6,0,12,0
02-10 21:03:26,47.780,27.662,20.872,2.012,0,1376272,11427304,153312,3327360,44910.034,22668.769,0,37926.130,0,2572.064,17759,35336,1.640,1.280,0.870,2,0,70.412,0,0,12,6,0,13,0
02-10 21:03:27,39.234,17.743,39.734,2.249,0,1379580,11419240,156616,3328592,45426.004,27059.280,0,22667.020,0,1617.359,10398,13156,1.640,1.280,0.870,2,0,41.983,0,0,12,4,0,13,0
02-10 21:03:28,31.762,20.258,47.017,0,0,1268496,11537708,156776,3322052,46363.170,24649.128,0,4109.522,0,90.033,4421,2419,1.670,1.290,0.870,2,0,76.028,0,0,12,4,0,13,0
02-10 21:03:29,40.711,11.560,47.999,0,0,1301424,11504728,156776,3322076,59785.903,30801.662,0,48.250,0,5.026,3652,1765,1.670,1.290,0.870,2,0,12.063,0,0,12,4,0,12,0
02-10 21:03:30,41.804,14.184,42.302,0.498,0,1322680,11483056,157280,3321988,30175.706,14523.993,3.981,26448.160,0.995,376.238,4442,2817,1.670,1.290,0.870,3,0,16.921,0,0,12,4,0,12,0
02-10 21:03:31,31.743,8.998,57.987,0,0,1298744,11506908,157312,3322072,54507.901,459410.025,0,219.951,0,9.998,3701,2274,1.670,1.290,0.870,1,0,50.989,0,0,12,4,0,12,0
02-10 21:03:32,20.691,7.479,72.045,0,0,1264712,11540924,157312,3322088,47743.413,156326.049,0,187.468,0,41.881,2703,1482,1.670,1.290,0.870,1,0,12.963,0,0,12,4,0,12,0
02-10 21:03:33,21.934,5.234,71.534,0,0,1271528,11534044,157312,3322152,44769.083,22998.691,0,0,0,0,2417,1395,1.620,1.280,0.870,1,0,0,0,0,12,4,0,12,0
02-10 21:03:34,23.623,4.272,73.131,0,0,1282536,11523036,157312,3322152,44480.792,20313.857,0,0,0,0,2224,1232,1.620,1.280,0.870,2,0,0,0,0,12,4,0,12,0
02-10 21:03:35,17.266,10.760,71.817,0,0,1243368,11562184,157316,3322164,30992.934,19978.651,0,280.262,0,4.004,3171,1710,1.620,1.280,0.870,2,0,60.056,0,0,12,4,0,12,0
02-10 21:03:36,5.247,23.239,69.216,0,0,1231124,11574412,157324,3322172,61486.181,35256.902,0,103.950,0,1.999,4507,2791,1.620,1.280,0.870,1,0,154.925,0,0,12,4,0,12,0
02-10 21:03:37,7.750,23.749,67.498,0,0,1219384,11585968,157372,3322308,45310.815,23827.377,0,443.988,0,27.999,4806,3135,1.620,1.280,0.870,4,0,133.996,0,0,12,4,0,11,0
02-10 21:03:38,7.255,24.268,67.549,0,0,1210756,11594588,157372,3322316,60797.348,31885.259,0,16.012,0,4.003,4583,2680,1.570,1.280,0.870,1,0,130.095,0,0,12,4,0,11,0
02-10 21:03:39,6.749,24.997,66.992,0,0,1207260,11598052,157396,3322324,60813.185,31744.443,0,195.978,0,11.999,4721,2788,1.570,1.280,0.870,1,0,146.984,0,0,12,4,0,11,0
02-10 21:03:40,12.817,27.393,58.555,0,0,1208076,11597196,157404,3322756,64629.311,271547.048,0,7961.429,0,268.397,6218,5457,1.570,1.280,0.870,3,0,120.628,0,0,12,4,0,11,0
02-10 21:03:41,18.657,21.144,59.203,0,0,1187396,11617876,157404,3322740,53026.253,331811.091,0,7.960,0,1.990,4435,3873,1.570,1.280,0.870,1,0,64.676,0,0,12,4,0,9,0
02-10 21:03:42,29.948,22.146,45.803,1.510,0,1229480,11574048,157408,3324496,45612.372,23914.006,1739.493,4.027,21.140,1.007,4386,2581,1.570,1.280,0.870,4,0,76.505,0,0,12,4,0,9,0
02-10 21:03:43,44.355,17.098,33.948,4.213,0,1280512,11521128,157408,3326392,59760.082,33127.139,1863.414,0,21.806,0,4237,2023,1.600,1.290,0.880,2,0,54.515,0,0,12,5,0,9,0
02-10 21:03:44,45.601,4.761,47.856,1.754,0,1311432,11490132,157432,3326444,30157.867,15177.653,20.044,20.044,4.009,1.002,3103,1209,1.600,1.290,0.880,3,0,2.004,0,0,12,5,0,9,0
02-10 21:03:45,41.695,14.980,42.444,0,0,1330676,11470316,157468,3326976,29704.840,15219.936,3.995,33348.037,0.999,134.822,3682,1583,1.600,1.290,0.880,3,0,0,0,0,12,5,0,7,0
02-10 21:03:46,40.680,12.651,45.393,0.496,0,1349128,11450992,157508,3327688,29749.049,15121.085,75.407,543.724,4.961,37.703,3660,2165,1.600,1.290,0.880,3,0,0,0,0,12,5,0,7,0
02-10 21:03:47,25.203,18.398,56.204,0.504,0,1370080,11427816,157596,3329700,15646.250,8889.732,8.065,568.588,2.016,48.390,5136,4615,1.600,1.290,0.880,2,0,93.757,0,0,12,4,0,8,0
02-10 21:03:48,17.757,15.006,63.774,2.501,0,1400104,11397008,157728,3330300,60145.559,31597.851,724.272,4425.660,15.006,552.207,4388,2083,1.550,1.290,0.880,1,0,46.017,0,0,13,4,0,8,0
02-10 21:03:49,22.689,4.737,72.556,0,0,1440420,11356688,157728,3330304,45005.602,22793.024,0,0,0,0,2520,1475,1.550,1.290,0.880,2,0,0.997,0,0,13,4,0,8,0
02-10 21:03:50,22.582,5.018,71.509,0,0,1466340,11330732,157736,3330308,30254.623,14970.242,0,979.549,0,3.011,2340,1310,1.550,1.290,0.880,1,0,2.007,0,0,13,4,0,8,0
02-10 21:03:51,24.232,11.991,62.953,0.250,0,1473224,11323596,157748,3330544,30261.230,20170.822,11.991,64211.684,2.998,187.859,2866,1462,1.550,1.290,0.880,1,0,0,0,0,13,4,0,8,0
02-10 21:03:52,24.838,4.767,68.492,0.753,0,1475252,11320772,158340,3330756,74654.618,599484.884,160.567,3147.113,7.025,243.861,5623,5692,1.550,1.290,0.880,1,0,2.007,0,0,13,10,0,8,0
02-10 21:03:53,18.445,11.715,69.043,0.249,0,1430644,11364880,158836,3330756,45221.549,23114.765,0,7234.331,0,473.581,4036,2841,1.510,1.280,0.880,1,0,43.869,0,0,13,4,0,10,0
02-10 21:03:54,19.002,7.001,72.006,1.250,0,1430428,11364656,158868,3331076,44438.694,21955.825,328.027,320.027,10.001,14.001,2575,1541,1.510,1.280,0.880,1,0,0,0,0,13,4,0,6,0
02-10 21:03:55,24.998,3.000,71.995,0,0,1447492,11347268,158980,3331272,29741.919,14590.979,0,2343.836,0,73.995,2563,1502,1.510,1.280,0.880,1,0,0,0,0,13,4,0,6,0
02-10 21:03:56,15.820,3.013,80.857,0.251,0,1448284,11346328,159028,3331300,17645.986,9633.575,4.018,1791.919,1.004,25.111,2445,1865,1.510,1.280,0.880,2,0,3.013,0,0,13,13,0,6,0
02-10 21:03:57,14.929,4.479,72.906,7.465,0,1453332,11340560,159108,3331656,16634.428,9016.412,394.138,792.258,97.539,19.906,2733,2119,1.510,1.280,0.880,1,0,0,0,0,13,17,0,6,0
02-10 21:03:58,16.812,2.509,80.546,0.251,0,1459592,11334260,159112,3331684,18474.850,11088.724,20.074,4.015,5.018,1.004,2271,1634,1.470,1.280,0.880,0,0,2.007,0,0,13,29,0,6,0
02-10 21:03:59,15.937,10.458,72.462,0,0,1424840,11369008,159112,3331688,16623.019,8640.703,0,3.984,0,0.996,2993,1826,1.470,1.280,0.880,1,0,44.822,0,0,13,28,0,7,0
02-10 21:04:00,21.751,5.250,72.503,0,0,1471728,11322100,159120,3331692,30442.469,15542.750,0,796.038,0,4.000,2424,1414,1.470,1.280,0.880,1,0,1.000,0,0,13,28,0,7,0
02-10 21:04:01,12.998,3.749,82.486,0,0,1486400,11307424,159120,3331696,48827.696,26427.505,0,111.981,0,2.999,2101,1415,1.470,1.280,0.880,1,0,0,0,0,13,29,0,7,0
02-10 21:04:02,17.492,3.748,78.215,0,0,1484332,11309456,159144,3331708,18527.598,10142.401,0,135.938,0,8.996,2645,1958,1.470,1.280,0.880,1,0,1.999,0,0,13,28,0,8,0
02-10 21:04:03,14.678,23.883,59.209,0,0,1469280,11324456,159160,3331724,30249.254,16492.899,0,131.354,0,9.951,4558,2606,1.590,1.300,0.890,2,0,155.237,0,0,13,28,0,8,0
02-10 21:04:04,39.501,12.914,48.616,0,0,1550636,11243084,159176,3331724,45896.745,23659.891,0,145.849,0,8.103,3364,1656,1.590,1.300,0.890,2,0,0,0,0,13,28,0,8,0
02-10 21:04:05,34.877,6.184,58.128,0,0,1569520,11223996,159208,3331888,31675.985,17482.888,0,320.569,0,18.799,3271,1823,1.590,1.300,0.890,1,0,1.979,0,0,13,30,0,8,0
02-10 21:04:06,31.330,6.767,61.156,0,0,1570012,11223492,159208,3331900,37220.664,22149.333,0,52.133,0,3.008,3521,2466,1.590,1.300,0.890,2,0,3.008,0,0,13,30,0,8,0
02-10 21:04:07,30.533,7.258,61.065,0,0,1574120,11219236,159264,3331980,23093.728,14604.638,0,232.249,0,23.025,6363,6808,1.590,1.300,0.890,3,0,3.003,0,0,13,30,0,8,0
02-10 21:04:08,33.439,22.958,42.922,0,0,1481076,11312260,159280,3331984,17163.882,8914.837,0,642.835,0,10.980,4517,2562,1.780,1.350,0.910,3,0,156.716,0,0,13,28,0,9,0
02-10 21:04:09,49.380,43.334,7.054,0,0,1532192,11261120,159296,3331992,59171.577,592060.427,0,185.428,0,13.101,5594,3517,1.780,1.350,0.910,7,0,281.165,0,0,13,28,0,9,0
02-10 21:04:10,73.008,27.503,0,0,0,1690860,11102432,159344,3331964,47166.096,27298.950,0,504.054,0,29.003,5285,3250,1.780,1.350,0.910,5,0,146.016,0,0,13,29,0,9,0
02-10 21:04:11,79.167,18.861,0.993,0,0,1822840,10970384,159344,3332024,51599.938,31663.779,0,63.532,0,3.971,5419,3271,1.780,1.350,0.910,3,0,1.985,0,0,13,32,0,9,0
02-10 21:04:12,76.120,13.315,10.551,0,0,1880100,10912956,159344,3332192,34950.692,28109.476,0,3947.164,0,309.503,6232,6076,1.780,1.350,0.910,1,0,0,0,0,13,34,0,9,0
02-10 21:04:13,72.262,13.456,13.206,0,0,1884008,10908984,159472,3332240,45917.574,27901.986,0,2994.126,0,457.491,8219,8300,2.120,1.430,0.940,6,0,47.842,0,0,13,30,0,12,1
02-10 21:04:14,42.318,23.897,32.361,0,0,1638916,11153948,159520,3332300,66352.743,35819.010,0,350.493,0,24.893,5692,4624,2.120,1.430,0.940,1,0,203.127,0,0,13,28,0,15,0
02-10 21:04:15,15.805,12.795,70.496,0,0,1538304,11254536,159544,3332300,45657.574,24329.030,0,184.645,0,10.035,3429,2177,2.120,1.430,0.940,1,0,60.210,0,0,13,28,0,15,0
02-10 21:04:16,21.994,5.998,71.982,0,0,1535564,11257260,159560,3332300,44483.788,22044.444,0,167.958,0,9.997,2383,1383,2.120,1.430,0.940,1,0,0,0,0,13,28,0,15,0
02-10 21:04:17,13.754,3.751,82.527,0,0,1549328,11243436,159616,3332304,33516.778,18353.902,0,668.215,0,38.012,2475,1875,2.120,1.430,0.940,1,0,2.001,0,0,13,29,0,15,0
02-10 21:04:18,16.246,3.499,79.479,0,0,1540804,11251956,159616,3332308,16613.628,9593.476,0,0,0,0,2267,1670,1.950,1.400,0.930,0,0,0,0,0,13,29,0,15,0
02-10 21:04:19,16.176,9.705,72.915,0,0,1500500,11292192,159672,3332316,20108.510,8345.614,0,242.883,0,23.890,3761,2856,1.950,1.400,0.930,3,0,51.762,0,0,13,28,0,16,0
02-10 21:04:20,18.330,9.793,71.059,0,0,1511488,11281188,159688,3332316,56430.316,31400.505,0,116.506,0,6.026,2858,1791,1.950,1.400,0.930,2,0,19.083,0,0,13,28,0,16,0
02-10 21:04:21,20.016,5.004,74.561,0,0,1541652,11250852,159728,3332448,41469.697,449199.000,0,380.309,0,23.019,2660,1718,1.950,1.400,0.930,0,0,1.001,0,0,13,29,0,16,0
02-10 21:04:22,15.187,3.486,80.416,0,0,1534800,11257704,159728,3332448,21181.103,128671.043,0,235.025,0,2.988,2243,1586,1.950,1.400,0.930,1,0,0,0,0,13,29,0,14,0
02-10 21:04:23,17.070,4.016,78.571,0,0,1490456,11301976,159772,3332472,18072.944,9918.581,0,176.723,0,18.074,3361,2932,1.870,1.400,0.930,2,0,10.041,0,0,13,28,0,15,0
02-10 21:04:24,6.492,25.470,66.423,0,0,1475476,11316936,159788,3332472,45911.818,25622.321,0,163.810,0,6.992,4877,2786,1.870,1.400,0.930,1,0,188.781,0,0,13,28,0,15,0
02-10 21:04:25,6.007,27.281,65.574,0,0,1452596,11339804,159804,3332468,60762.504,33543.817,0,180.203,0,8.009,4916,2687,1.870,1.400,0.930,1,0,191.216,0,0,13,28,0,15,0
02-10 21:04:26,7.216,30.106,60.461,0,0,1448548,11343780,159868,3332472,61375.834,32685.873,0,736.482,0,38.815,5238,3258,1.870,1.400,0.930,5,0,212.983,0,0,13,28,0,15,0
02-10 21:04:27,39.657,48.750,11.619,0,0,1482624,11309648,159892,3332488,60676.885,28284.356,0,404.149,0,16.166,5806,15418,1.870,1.400,0.930,5,0,266.738,0,0,13,28,0,16,0
02-10 21:04:28,63.863,35.563,0.501,0,0,1611664,11180564,159892,3332500,50687.720,29143.585,0,16.028,0,4.007,5087,2991,2.130,1.460,0.960,5,0,210.372,0,0,13,28,0,16,0
02-10 21:04:29,75.625,16.117,7.439,0,0,1762280,11029932,159892,3332512,51755.505,31394.683,0,11.902,0,1.984,4971,2702,2.130,1.460,0.960,4,0,1.984,0,0,13,31,0,16,0
02-10 21:04:30,64.891,11.481,22.462,0,0,1809872,10982304,159892,3332544,43948.055,28925.332,0,0,0,0,5811,4851,2.130,1.460,0.960,2,0,0.998,0,0,13,33,0,16,0
02-10 21:04:31,67.617,10.268,21.537,0,0,1810980,10981072,159948,3332608,35463.587,27246.317,0,601.044,0,27.047,7275,8307,2.130,1.460,0.960,2,0,0,0,0,13,32,0,15,0
02-10 21:04:32,69.425,23.896,6.792,0,0,1666176,11125720,160068,3332640,25563.407,15715.151,0,511.127,0,48.295,6835,7109,2.130,1.460,0.960,6,0,102.628,0,0,13,28,1,16,0
02-10 21:04:33,66.687,32.469,0.500,0,0,1623636,11168244,160084,3332636,70738.940,583055.268,0,203.807,0,10.990,5595,3767,2.440,1.530,0.980,6,0,210.800,0,0,13,28,0,16,0
02-10 21:04:34,82.242,17.498,0,0,0,1779116,11012748,160100,3332636,34823.631,19041.158,0,163.984,0,9.999,4869,2298,2.440,1.530,0.980,5,0,0,0,0,13,29,0,16,0
02-10 21:04:35,80.967,14.790,4.763,0,0,1882332,10909428,160164,3332672,39845.732,27301.130,0,802.149,0,37.099,5583,3969,2.440,1.530,0.980,3,0,2.005,0,0,13,33,0,16,0
02-10 21:04:36,72.643,12.601,13.590,0,0,1889840,10901868,160164,3332724,52692.477,36377.912,0,0,0,0,6671,7416,2.440,1.530,0.980,3,0,0,0,0,13,34,0,16,0
02-10 21:04:37,71.408,12.689,14.680,0,0,1842944,10948376,160164,3333112,36855.297,27762.891,0,7.962,0,1.990,7350,8978,2.440,1.530,0.980,6,0,51.752,0,0,13,31,0,19,0
02-10 21:04:38,56.808,29.288,14.139,0,0,1579928,11211296,160236,3333132,67045.494,37093.316,0,395.888,0,30.298,6120,5173,2.480,1.560,1,3,0,234.301,0,0,13,28,0,21,0
02-10 21:04:39,38.515,14.852,47.074,0,0,1616160,11175056,160236,3333140,45033.909,23195.625,0,4.028,0,1.007,3434,1668,2.480,1.560,1,3,0,16.111,0,0,13,28,0,21,0
02-10 21:04:40,38.134,7.228,53.587,0,0,1616616,11174564,160268,3333140,30379.466,16291.378,0,398.785,0,17.945,3043,1420,2.480,1.560,1,0,0,0.997,0,0,13,30,0,21,0
02-10 21:04:41,29.779,6.700,63.031,0,0,1616584,11174564,160292,3333148,36328.780,20887.634,0,87.350,0,10.919,3515,2429,2.480,1.560,1,2,0,1.985,0,0,13,30,0,21,0
02-10 21:04:42,27.944,3.742,66.366,0.249,0,1616460,11174564,160372,3333192,23442.817,14711.391,0,359.277,0,32.934,5151,5186,2.480,1.560,1,2,0,0,0,0,13,29,0,22,0
02-10 21:04:43,27.914,30.680,40.739,0,0,1466644,11324312,160388,3333208,48502.874,28203.650,0,168.993,0,11.065,5575,3941,2.520,1.580,1.010,5,0,205.205,0,0,13,28,0,23,0
02-10 21:04:44,39.082,37.091,22.902,0,0,1515976,11274968,160404,3333204,45416.018,23879.480,0,4110.353,0,532.713,5638,2784,2.520,1.580,1.010,3,0,175.248,0,0,13,28,0,23,0
02-10 21:04:45,60.291,13.009,26.768,0,0,1639848,11151060,160420,3333224,45073.440,24314.421,0,156.105,0,8.005,3795,1592,2.520,1.580,1.010,2,0,0,0,0,13,29,0,23,0
02-10 21:04:46,39.987,7.498,51.733,0,0,1660112,11130720,160476,3333236,34062.669,459765.060,0,695.769,0,35.988,4134,3114,2.520,1.580,1.010,3,0,0,0,0,13,31,0,23,0
02-10 21:04:47,44.908,8.781,45.660,0,0,1661704,11128956,160492,3333392,43346.210,157710.801,0,256.902,0,46.162,5479,4932,2.520,1.580,1.010,2,0,3.011,0,0,13,31,0,22,0
02-10 21:04:48,44.277,18.407,36.317,0,0,1606356,11184000,160764,3333428,23645.021,15030.369,0,2499.423,0,150.244,6474,6146,2.640,1.620,1.020,5,0,92.534,0,0,13,29,0,23,0
02-10 21:04:49,55.875,40.200,4.551,0,0,1546264,11244020,160820,3333440,61446.727,32876.967,0,335.758,0,26.294,5478,3770,2.640,1.620,1.020,4,0,166.868,0,0,13,28,0,23,0
02-10 21:04:50,75.067,15.660,8.451,0,0,1685564,11104704,160836,3333440,31467.580,17370.852,0,119.312,0,6.960,4454,1724,2.640,1.620,1.020,3,0,2.983,0,0,13,29,0,23,0
02-10 21:04:51,54.415,10.636,33.638,0,0,1728076,11062128,160868,3333468,42033.720,27375.442,0,403.657,0,21.766,4923,3718,2.640,1.620,1.020,4,0,0,0,0,13,32,0,23,0
02-10 21:04:52,57.164,9.821,32.485,0,0,1731060,11059104,160868,3333508,42395.736,28114.410,0,8.058,0,2.015,6125,5774,2.640,1.620,1.020,1,0,0,0,0,13,32,0,23,0
02-10 21:04:53,55.207,13.616,28.718,0,0,1651904,11138044,160944,3333648,29358.468,19389.442,0,352.535,0,30.698,7145,7105,2.750,1.660,1.040,7,0,59.416,0,0,13,29,0,25,0
02-10 21:04:54,46.338,44.059,9.622,0,0,1502288,11287608,160976,3333664,63079.037,34207.861,0,218.775,0,17.218,5392,3870,2.750,1.660,1.040,3,0,269.417,0,0,13,28,0,26,0
02-10 21:04:55,63.763,13.753,23.505,0,0,1615156,11174704,160992,3333680,44385.362,21892.618,0,144.030,0,7.001,4379,1719,2.750,1.660,1.040,3,0,0,0,0,13,28,0,24,0
02-10 21:04:56,41.778,6.217,50.481,0,0,1677912,11111880,161032,3333708,39420.270,24301.706,0,429.714,0,22.878,4034,2691,2.750,1.660,1.040,7,0,1.989,0,0,13,31,0,24,0
02-10 21:04:57,49.745,8.542,40.952,0,0,1676728,11113008,161064,3333732,22052.717,15737.584,0,100.495,0,12.059,5202,4120,2.750,1.660,1.040,2,0,1.005,0,0,13,33,0,24,0
02-10 21:04:58,45.259,13.003,40.508,0,0,1661064,11128448,161152,3333844,27593.753,18206.796,0,396.083,0,37.008,6263,6454,2.770,1.680,1.050,3,0,59.012,0,0,13,33,0,26,0
02-10 21:04:59,49.610,36.263,14.102,0,0,1535944,11253508,161200,3333856,61267.476,33318.717,0,338.455,0,25.183,5105,3558,2.770,1.680,1.050,4,0,244.776,0,0,13,32,0,25,0
02-10 21:05:00,61.583,14.345,23.001,0,0,1620608,11168840,161232,3333828,41559.137,562046.045,0,182.030,0,12.861,4631,2283,2.770,1.680,1.050,4,0,1.979,0,0,13,32,0,25,0
02-10 21:05:01,39.616,7.271,53.156,0,0,1666488,11122736,161280,3334000,39555.263,24731.693,0,625.840,0,28.083,4140,2874,2.770,1.680,1.050,3,0,0,0,0,13,35,0,25,0
02-10 21:05:02,46.035,7.963,44.542,0,0,1667672,11121224,161328,3334276,23208.466,15577.153,0,708.686,0,20.902,5419,4758,2.770,1.680,1.050,2,0,4.977,0,0,13,34,0,26,0
02-10 21:05:03,42.504,21.758,35.673,0,0,1631080,11157668,161344,3334400,39988.497,22588.026,0,226.690,0,13.156,6141,5541,2.790,1.700,1.060,5,0,116.381,0,0,13,33,0,26,0
02-10 21:05:04,56.006,33.504,10.001,0,0,1555776,11232960,161344,3334412,46782.145,27817.059,0,12.001,0,3.000,4965,3103,2.790,1.700,1.060,3,0,172.019,0,0,13,32,0,27,0
02-10 21:05:05,64.078,12.915,22.104,0,0,1659972,11128668,161360,3334452,44085.562,22700.448,0,119.215,0,6.954,4196,1668,2.790,1.700,1.060,3,0,1.987,0,0,13,32,1,27,0
02-10 21:05:06,37.019,7.555,55.403,0.252,0,1663960,11124424,161424,3334596,41990.204,26174.246,0,725.272,0,38.278,3954,2857,2.790,1.700,1.060,3,0,0,0,0,13,35,0,27,0
02-10 21:05:07,42.668,8.682,47.133,0,0,1664432,11123708,161456,3334756,24475.669,17674.557,0,107.167,0,12.900,5772,5682,2.790,1.700,1.060,2,0,5.954,0,0,13,34,0,28,0
02-10 21:05:08,46.189,22.471,29.711,0,0,1452208,11335848,161512,3334784,20987.482,11170.354,0,267.649,0,22.970,5681,4403,2.890,1.740,1.080,3,0,108.857,0,0,13,32,0,29,0
02-10 21:05:09,60.314,17.519,23.024,0,0,1579212,11208840,161536,3334760,45160.857,24331.784,0,144.153,0,10.011,4440,1983,2.890,1.740,1.080,3,0,5.005,0,0,13,32,0,29,0
02-10 21:05:10,44.080,7.720,47.567,0,0,1656168,11131836,161552,3334792,37593.013,22817.001,0,167.355,0,10.958,3949,2258,2.890,1.740,1.080,2,0,0.996,0,0,13,35,0,29,0
02-10 21:05:11,50.734,9.087,40.890,0,0,1657896,11130072,161576,3334804,36699.943,23014.448,0,347.312,0,17.164,4326,3030,2.890,1.740,1.080,1,0,2.019,0,0,13,35,0,29,0
02-10 21:05:12,43.492,13.420,41.255,0,0,1643692,11144184,161624,3334848,26102.951,17270.416,0,377.756,0,21.870,6310,6080,2.890,1.740,1.080,2,0,50.699,0,0,13,33,0,30,0
02-10 21:05:13,45.369,43.857,10.586,0,0,1538852,11248936,161672,3334852,48049.850,25829.101,0,379.084,0,28.230,5520,3841,3.060,1.800,1.100,5,0,261.124,0,0,13,32,0,30,0
02-10 21:05:14,64.886,35.188,0.250,0,0,1630412,11157344,161688,3334864,60832.088,32972.052,0,187.670,0,13.975,5248,3276,3.060,1.800,1.100,7,0,229.596,0,0,13,32,0,30,0
02-10 21:05:15,70.779,28.411,0,0,0,1760408,11027312,161736,3334852,60150.884,576669.519,0,4880.736,0,612.086,6664,4268,3.060,1.800,1.100,7,0,177.445,0,0,13,33,0,30,0
02-10 21:05:16,73.247,25.586,1.505,0,0,1858104,10929552,161736,3334912,71336.765,45410.262,0,4.014,0,1.003,5579,3980,3.060,1.800,1.100,5,0,186.630,0,0,13,36,0,24,0
02-10 21:05:17,64.767,28.149,6.477,0,0,1893444,10894020,161768,3335068,84159.075,57151.287,0,167.397,0,12.953,6660,6049,3.060,1.800,1.100,11,0,188.322,0,0,13,36,0,24,0
02-10 21:05:18,63.634,30.077,4.723,0,0,1839916,10947480,161800,3335132,66228.572,48678.647,0,310.213,0,40.765,6955,6824,3.370,1.880,1.130,6,0,247.574,0,0,13,35,0,25,0
02-10 21:05:19,66.330,32.666,0.249,0,0,1721200,11065928,161896,3335300,69081.790,44073.941,0,454.833,0,37.903,6496,5724,3.370,1.880,1.130,6,0,279.284,0,0,13,33,0,25,0
02-10 21:05:20,73.344,27.567,0,0,0,1742444,11044600,161944,3335332,64070.121,38318.855,0,275.166,0,19.221,5615,4067,3.370,1.880,1.130,6,0,180.072,0,0,13,32,0,24,0
02-10 21:05:21,77.090,20.774,2.503,0,0,1801360,10985656,161960,3335356,50842.521,31504.882,0,148.173,0,7.008,5192,3012,3.370,1.880,1.130,2,0,62.073,0,0,13,34,1,24,0
02-10 21:05:22,67.200,12.241,20.235,0,0,1809816,10977156,161976,3335384,46389.536,29837.833,0,323.759,0,8.993,5472,4596,3.370,1.880,1.130,3,0,0,0,0,13,37,0,24,0
02-10 21:05:23,63.329,11.448,22.165,0,0,1782528,11004376,161992,3335432,46374.123,30592.619,0,175.372,0,10.717,6975,7222,3.420,1.920,1.140,11,0,33.126,0,0,13,36,0,25,0
02-10 21:05:24,57.254,22.901,19.593,0,0,1764624,11022092,162012,3335600,54654.001,468033.920,0,199.497,0,9.161,7228,7337,3.420,1.920,1.140,7,0,165.908,0,0,13,34,0,26,0
02-10 21:05:25,38.274,37.023,23.765,0,0,1623104,11163524,162012,3335688,68973.377,148351.298,0,8.005,0,2.001,6079,4554,3.420,1.920,1.140,3,0,260.164,0,0,13,32,0,28,0
02-10 21:05:26,9.764,33.048,55.832,0,0,1514620,11272012,162012,3335684,61034.474,34462.521,0,4.006,0,1.001,5036,2844,3.420,1.920,1.140,1,0,214.314,0,0,13,32,0,28,0
02-10 21:05:27,15.219,37.922,45.157,0,0,1500124,11286500,162012,3338132,45506.171,23980.554,0,11.975,0,2.994,5434,8252,3.420,1.920,1.140,4,0,243.498,0,0,13,32,0,28,0
02-10 21:05:28,31.283,45.298,23.024,0,0,1510768,11275808,162044,3335704,60414.898,31443.256,0,436.462,0,24.025,5682,9099,3.550,1.970,1.170,5,0,234.248,0,0,13,32,0,28,0
02-10 21:05:29,48.704,45.928,5.552,0,0,1560544,11225996,162100,3335684,47092.933,25437.088,0,633.908,0,38.358,5368,3610,3.550,1.970,1.170,5,0,306.860,0,0,13,33,0,28,0
02-10 21:05:30,62.375,28.977,6.385,0,0,1655988,11130500,162100,3335736,63686.629,35553.907,0,0,0,0,4990,3064,3.550,1.970,1.170,3,0,189.582,0,0,13,34,0,28,0
02-10 21:05:31,62.479,10.497,26.991,0,0,1720696,11065736,162132,3335760,53599.209,30599.843,0,167.944,0,14.995,5386,4288,3.550,1.970,1.170,4,0,0,0,0,13,34,0,29,0
02-10 21:05:32,53.209,18.661,27.739,0,0,1675380,11110884,162148,3335912,39911.070,26171.623,0,157.357,0,7.061,5441,4241,3.550,1.970,1.170,3,0,69.600,0,0,13,35,0,28,0
02-10 21:05:33,68.062,15.377,17.646,0,0,1680016,11106124,162244,3335928,23265.255,14405.037,0,387.200,0,38.317,5876,5546,3.660,2.020,1.190,3,0,47.392,0,0,13,33,0,30,0
02-10 21:05:34,53.212,32.026,12.318,0,0,1607444,11178620,162292,3335956,18155.033,10598.976,0,335.036,0,25.620,5482,3711,3.660,2.020,1.190,4,0,149.781,0,0,13,33,0,31,0
02-10 21:05:35,77.189,17.658,5.550,0,0,1689248,11096780,162324,3335960,29285.362,452068.554,0,201.801,0,16.144,5257,2969,3.660,2.020,1.190,3,0,4.036,0,0,13,33,0,31,0
02-10 21:05:36,57.691,10.647,31.445,0,0,1732008,11053980,162340,3335984,30419.385,148295.741,0,297.122,0,42.588,4888,4168,3.660,2.020,1.190,3,0,0.990,0,0,13,36,0,31,0
02-10 21:05:37,54.899,8.272,35.847,0,0,1732684,11053252,162356,3336016,28949.450,20187.707,0,148.402,0,8.022,5809,5397,3.660,2.020,1.190,4,0,0,0,0,13,36,0,31,0
02-10 21:05:38,53.312,6.758,38.545,0,0,1732728,11053000,162372,3336204,15249.878,14182.627,0,116.136,0,7.008,7639,8028,3.610,2.040,1.200,4,0,2.002,0,0,13,36,0,31,0
02-10 21:05:39,54.063,11.315,33.695,0,0,1660780,11124848,162420,3336252,28188.976,20140.443,0,201.163,0,18.105,7220,7555,3.610,2.040,1.200,2,0,30.174,0,0,13,35,0,31,0
02-10 21:05:40,59.608,12.418,26.575,0,0,1698888,11086544,162436,3336428,29062.942,19953.825,0,135.112,0,8.941,7064,6986,3.610,2.040,1.200,5,0,0.993,0,0,13,35,0,26,0
02-10 21:05:41,67.699,17.177,15.156,0,0,1672620,11112712,162548,3336416,6443.532,5862.533,0,440.549,0,46.480,6007,5133,3.610,2.040,1.200,3,0,62.647,0,0,13,33,0,26,0
02-10 21:05:42,67.528,20.234,9.508,0,0,1649996,11135272,162564,3336460,5206.242,3010.239,0,113.116,0,6.826,4700,2609,3.610,2.040,1.200,5,0,29.254,0,0,13,33,0,26,0
02-10 21:05:43,60.346,10.949,30.046,0,0,1704632,11080376,162788,3336488,24930.995,16992.758,0,2452.563,0,133.424,5358,4584,3.560,2.050,1.210,4,0,0,0,0,13,35,0,26,0
02-10 21:05:44,59.308,10.260,30.530,0,0,1732184,11052656,162788,3336656,13456.147,13884.565,0,60.059,0,2.002,5856,5266,3.560,2.050,1.210,3,0,2.002,0,0,13,36,0,24,0
02-10 21:05:45,53.123,8.230,36.912,0,0,1732140,11052656,162788,3336700,30518.896,20015.057,0,7.981,0,0.998,7076,7221,3.560,2.050,1.210,2,0,0,0,0,13,36,0,24,0
02-10 21:05:46,53.291,13.761,30.774,0,0,1659688,11125052,162788,3336752,14638.369,13269.305,0,6549.086,0,730.567,8126,7229,3.560,2.050,1.210,5,0,44.034,0,0,13,35,0,25,0
02-10 21:05:47,56.803,15.447,26.658,0,0,1696052,11088512,162788,3336920,11878.891,10440.867,0,3.986,0,0.997,7180,7044,3.560,2.050,1.210,5,0,28.900,0,0,13,35,0,25,0
02-10 21:05:48,71.060,9.827,20.159,0,0,1733596,11050936,162796,3336944,12986.340,11397.822,0,100.794,0,2.016,5823,5131,3.680,2.100,1.230,3,0,10.079,0,0,13,33,1,26,0
02-10 21:05:49,49.359,36.767,13.851,0,0,1574996,11209504,162796,3336976,21442.915,12857.489,0,153.113,0,31.227,5545,3793,3.680,2.100,1.230,4,0,211.538,0,0,13,33,0,27,0
02-10 21:05:50,73.316,15.160,10.935,0,0,1660284,11124204,162796,3336988,4719.075,4393.004,0,11.929,0,0.994,4890,3254,3.680,2.100,1.230,3,0,2.982,0,0,13,33,0,27,0
02-10 21:05:51,53.189,9.196,36.288,0,0,1734612,11049664,162844,3337152,13163.039,12060.485,0,178.954,0,17.895,5277,4462,3.680,2.100,1.230,3,0,0,0,0,13,36,0,27,0
02-10 21:05:52,60.809,10.467,28.161,0,0,1734580,11049664,162844,3337184,27254.283,19603.346,0,3.987,0,0.997,6231,5893,3.680,2.100,1.230,4,0,0,0,0,13,36,0,27,0
02-10 21:05:53,62.569,8.544,28.144,0,0,1670848,11113316,162876,3337224,12875.653,11305.648,0,884.510,0,16.082,6517,6501,3.620,2.120,1.240,5,0,25.128,0,0,13,33,0,29,0
02-10 21:05:54,61.524,27.511,10.004,0,0,1679476,11104648,162892,3337248,5336.111,3910.547,0,140.055,0,8.003,5102,3871,3.620,2.120,1.240,4,0,75.030,0,0,13,33,0,29,0
02-10 21:05:55,67.364,11.858,21.698,0,0,1753048,11030880,162928,3337404,8675.032,8414.660,0,121.103,0,12.110,4794,3692,3.620,2.120,1.240,2,0,0,0,0,13,34,0,29,0
02-10 21:05:56,62.440,17.592,18.831,0,0,1694152,11089768,162944,3337396,7635.579,6809.977,0,130.828,0,7.929,4871,3109,3.620,2.120,1.240,3,0,31.716,0,0,13,35,0,29,0
02-10 21:05:57,64.823,11.306,24.120,0,0,1727908,11055896,163016,3337436,23404.495,14886.095,0,317.581,0,30.150,5027,4329,3.620,2.120,1.240,5,0,8.040,0,0,13,34,0,27,0
02-10 21:05:58,57.696,14.610,25.753,0,0,1762072,11021652,163080,3337452,11182.709,10334.844,0,297.149,0,28.724,5728,5020,3.730,2.170,1.260,4,0,51.506,0,0,13,34,0,28,0
02-10 21:05:59,62.282,17.831,19.589,0,0,1751984,11031672,163096,3337500,8530.572,8865.084,0,144.654,0,8.036,5519,4781,3.730,2.170,1.260,3,0,62.282,0,0,13,35,0,28,0
02-10 21:06:00,62.589,17.024,19.528,0,0,1698500,11084984,163112,3337652,10540.984,9061.882,0,136.194,0,7.010,5465,4415,3.730,2.170,1.260,3,0,60.085,0,0,13,34,0,29,0
02-10 21:06:01,57.743,11.896,29.739,0,0,1731220,11052224,163128,3337672,14076.375,12060.083,0,114.990,0,6.939,6196,5809,3.730,2.170,1.260,5,0,0,0,0,13,35,0,27,0
02-10 21:06:02,66.081,9.150,25.670,0,0,1751340,11032036,163144,3337724,10989.738,10589.187,0,130.128,0,8.133,5355,4798,3.730,2.170,1.260,3,0,9.150,0,0,13,34,0,29,0
02-10 21:06:03,53.760,26.391,17.350,0,0,1732928,11050428,163144,3337740,22954.620,14150.657,0,0,0,0,5358,4862,3.750,2.200,1.270,4,0,115.340,0,0,13,33,0,30,0
02-10 21:06:04,74.755,19.969,7.424,0,0,1756432,11026908,163144,3337756,3889.288,3226.737,0,36.865,0,5.120,4862,3017,3.750,2.200,1.270,4,0,44.034,0,0,13,32,0,31,0
02-10 21:06:05,60.440,19.253,17.791,0,0,1706304,11076900,163144,3337896,6440.802,6064.512,0,0,0,0,4753,2318,3.750,2.200,1.270,5,0,35.094,0,0,13,34,0,28,0
02-10 21:06:06,66.224,13.144,21.485,0,0,1744792,11038356,163144,3337948,11319.700,9604.961,0,4141.255,0,513.613,5041,3536,3.750,2.200,1.270,4,0,0,0,0,13,35,0,28,0
02-10 21:06:07,55.287,9.341,34.839,0,0,1753476,11029564,163216,3337984,14294.972,13566.893,0,302.945,0,29.285,6161,6627,3.750,2.200,1.270,3,0,6.059,0,0,13,34,0,30,0
02-10 21:06:08,54.433,24.630,19.951,0,0,1682084,11100904,163240,3338008,6624.604,5529.042,0,82.758,0,8.867,5438,4366,3.850,2.240,1.290,6,0,106.404,0,0,13,33,0,31,0
02-10 21:06:09,67.016,24.186,8.314,0,0,1553340,11229596,163280,3338020,35504.483,18989.270,0,278.142,0,49.380,5038,2835,3.850,2.240,1.290,4,0,126.978,0,0,13,32,0,30,0
02-10 21:06:10,47.926,10.037,43.158,0,0,1631156,11151768,163280,3338032,36990.734,21964.597,0,8.029,0,2.007,3909,2158,3.850,2.240,1.290,3,0,1.004,0,0,13,34,0,30,0
02-10 21:06:11,51.393,8.732,39.667,0,0,1655936,11126832,163408,3338052,36621.490,21471.142,0,2842.062,0,322.327,4978,3121,3.850,2.240,1.290,2,0,1.996,0,0,13,34,0,31,0
02-10 21:06:12,46.744,17.687,35.627,0,0,1622376,11160168,163440,3338240,22385.600,14605.368,0,198.094,0,14.150,5555,4654,3.850,2.240,1.290,2,0,60.641,0,0,13,33,0,32,0
02-10 21:06:13,45.155,20.344,33.246,0,0,1591096,11191416,163456,3338256,34584.389,19554.386,0,138.937,0,7.939,5457,4320,3.790,2.260,1.300,3,0,95.271,0,0,13,33,0,30,0
02-10 21:06:14,48.901,12.724,37.424,0,0,1630644,11151856,163456,3338268,5208.441,6422.978,0,0,0,0,4318,2790,3.790,2.260,1.300,4,0,18.962,0,0,13,33,0,31,0
02-10 21:06:15,48.808,15.018,36.543,0,0,1670196,11112296,163456,3338276,20664.465,11578.708,0,0,0,0,4012,2377,3.790,2.260,1.300,2,0,26.031,0,0,13,34,0,31,0
02-10 21:06:16,51.368,8.934,38.960,0,0,1713868,11068476,163456,3338424,22514.665,14757.320,0,7.941,0,1.985,5027,3979,3.790,2.260,1.300,3,0,0,0,0,13,34,0,31,0
02-10 21:06:17,44.340,14.108,41.065,0,0,1655784,11126468,163488,3338484,24587.773,16258.827,0,209.609,0,13.101,5085,4495,3.790,2.260,1.300,3,0,45.348,0,0,13,33,0,33,0
02-10 21:06:18,45.253,19.501,35.252,0,0,1627516,11154720,163504,3338484,4327.256,3362.199,0,144.009,0,10.001,4878,3549,3.640,2.250,1.310,3,0,86.005,0,0,13,33,0,33,0
02-10 21:06:19,28.019,4.503,66.545,0,0,1620472,11161676,163552,3338520,21880.937,14389.823,0,276.189,0,19.013,3792,3236,3.640,2.250,1.310,2,0,0,0,0,13,33,0,34,0
02-10 21:06:20,30.240,17.388,52.416,0,0,1560300,11221828,163568,3338524,49475.933,26494.416,0,120.961,0,7.056,4586,3054,3.640,2.250,1.310,2,0,70.560,0,0,13,33,0,34,0
02-10 21:06:21,32.163,8.412,58.635,0,0,1577340,11204592,163608,3338676,34084.621,19333.289,0,190.008,0,14.844,3936,3309,3.640,2.250,1.310,2,0,0,0,0,13,33,0,33,0
02-10 21:06:22,29.754,12.608,57.491,0,0,1546780,11235084,163664,3338684,18798.706,10888.080,0,286.449,0,27.233,4326,2894,3.640,2.250,1.310,3,0,62.535,0,0,13,33,0,34,0
02-10 21:06:23,37.085,11.373,49.941,0,0,1566808,11215032,163680,3338692,30887.358,113491.981,0,154.274,0,8.900,4048,2697,3.510,2.250,1.310,2,0,7.911,0,0,13,33,0,34,0
02-10 21:06:24,36.191,5.027,58.057,0,0,1601560,11180248,163696,3338708,15832.684,346778.913,0,768.060,0,9.048,3747,2444,3.510,2.250,1.310,1,0,0,0,0,13,33,0,35,0
02-10 21:06:25,29.740,13.995,55.981,0,0,1556216,11225580,163712,3338708,21563.795,141519.712,0,115.961,0,6.998,3668,2045,3.510,2.250,1.310,2,0,34.988,0,0,13,33,0,31,0
02-10 21:06:26,36.614,7.223,55.046,0,0,1596672,11184908,163744,3338888,19529.666,11194.538,0,163.395,0,12.952,4377,3741,3.510,2.250,1.310,2,0,1.993,0,0,13,33,0,32,0
02-10 21:06:27,25.362,20.340,53.989,0,0,1554680,11226868,163760,3338900,19633.881,12322.528,0,128.569,0,9.040,4246,2522,3.510,2.250,1.310,1,0,104.462,0,0,13,33,0,32,0
02-10 21:06:28,47.484,19.494,32.989,0,0,1522220,11259240,163808,3338908,2598.147,1283.579,0,219.928,0,20.993,4988,17493,3.390,2.240,1.310,2,0,64.979,0,0,13,32,0,34,0
02-10 21:06:29,34.267,12.256,53.026,0,0,1559832,11221608,163824,3338912,16342.123,9272.609,0,136.068,0,8.004,3284,1687,3.390,2.240,1.310,3,0,33.016,0,0,13,33,0,32,0
02-10 21:06:30,35.524,6.956,56.888,0,0,1601300,11180088,163872,3338916,5324.155,4819.363,0,449.145,0,26.829,3411,2376,3.390,2.240,1.310,2,0,0.994,0,0,13,34,0,32,0
02-10 21:06:31,28.313,4.803,67.750,0,0,1598472,11182740,163896,3339068,9698.351,8869.172,0,76.851,0,9.101,4234,3744,3.390,2.240,1.310,1,0,0,0,0,13,34,0,32,0
02-10 21:06:32,32.924,8.417,57.432,0,0,1538196,11242996,163904,3339080,20651.826,11502.283,0,35.648,0,2.971,4324,3536,3.390,2.240,1.310,4,0,6.931,0,0,13,33,0,33,0
02-10 21:06:33,38.599,9.775,51.131,0,0,1543608,11237572,163904,3339092,2581.615,2242.747,0,0,0,0,3909,2453,3.280,2.240,1.320,2,0,33.085,0,0,13,32,0,31,0
02-10 21:06:34,29.752,11.501,58.755,0,0,1584452,11196724,163904,3339096,19983.572,12347.971,0,16.001,0,3.000,3019,1893,3.280,2.240,1.320,3,0,10.001,0,0,13,33,0,31,0
02-10 21:06:35,33.580,6.766,58.891,0,0,1618312,11162696,163928,3339240,5524.196,4700.228,0,288.690,0,13.031,3617,2661,3.280,2.240,1.320,4,0,2.005,0,0,13,34,0,31,0
02-10 21:06:36,32.864,4.232,60.997,0,0,1614664,11166280,163976,3339256,7830.486,6328.722,0,227.057,0,18.921,4146,3281,3.280,2.240,1.320,1,0,0,0,0,13,33,0,32,0
02-10 21:06:37,33.036,10.261,57.063,0,0,1615488,11165400,164008,3339276,20292.416,11290.472,0,164.181,0,13.014,4536,3760,3.280,2.240,1.320,2,0,5.006,0,0,13,33,0,32,0
02-10 21:06:38,34.748,7.050,58.166,0,0,1565244,11215580,164056,3339288,4114.396,3980.439,0,197.410,0,18.130,3732,2514,3.100,2.220,1.320,2,0,14.101,0,0,13,33,0,32,0
02-10 21:06:39,18.890,26.844,52.196,0,0,1561572,11219248,164056,3339292,4775.181,4128.946,0,0,0,0,5120,3074,3.100,2.220,1.320,2,0,163.050,0,0,13,33,0,32,0
02-10 21:06:40,16.017,17.769,64.570,0,0,1555976,11224804,164056,3339332,4628.052,3904.262,0,32.035,0,5.005,4655,3820,3.100,2.220,1.320,0,0,102.111,0,0,13,33,0,32,0
02-10 21:06:41,19.765,3.753,75.308,0,0,1469880,11310616,164088,3339584,17848.842,21388.587,0,148.115,0,12.009,2983,2181,3.100,2.220,1.320,1,0,7.005,0,0,13,32,0,33,0
02-10 21:06:42,20.244,8.498,71.479,0,0,1505752,11274736,164088,3339592,44826.017,22853.381,0,3954.855,0,506.853,3336,1450,3.100,2.220,1.320,1,0,0,0,0,13,32,0,33,0
02-10 21:06:43,14.252,3.500,81.510,0,0,1532460,11248024,164168,3339516,32599.926,17423.098,0,776.093,0,44.005,2053,1493,2.850,2.180,1.310,1,0,0,0,0,13,33,0,33,0
02-10 21:06:44,17.974,3.994,76.638,0,0,1531332,11249032,164184,3339612,19315.682,12136.208,0,75.889,0,5.991,2688,2110,2.850,2.180,1.310,0,0,1.997,0,0,13,33,0,33,0
02-10 21:06:45,14.264,3.003,82.333,0,0,1527504,11252848,164220,3339588,20197.334,11381.458,0,360.363,0,50.050,3380,3177,2.850,2.180,1.310,1,0,0,0,0,13,32,0,34,0
02-10 21:06:46,12.757,17.010,69.289,0,0,1495788,11284524,164220,3339628,16284.149,7624.284,0,32.018,0,7.004,3803,2119,2.850,2.180,1.310,2,0,113.064,0,0,13,32,0,34,0
02-10 21:06:47,6.738,26.452,65.630,0,0,1481716,11298572,164236,3339628,15429.737,7606.068,0,131.759,0,10.980,4684,2649,2.850,2.180,1.310,2,0,169.689,0,0,13,32,0,34,0
02-10 21:06:48,19.035,7.764,72.635,0,0,1484568,11295716,164268,3339600,15379.531,7457.835,0,308.572,0,15.028,2398,1405,2.700,2.160,1.310,1,0,3.006,0,0,13,32,0,34,0
02-10 21:06:49,16.236,4.246,79.679,0,0,1519148,11261104,164268,3339632,16559.294,9097.920,0,0,0,0,1904,1084,2.700,2.160,1.310,0,0,0,0,0,13,33,0,34,0
02-10 21:06:50,17.768,3.754,77.078,0,0,1519140,11261108,164268,3339636,4876.966,3712.781,0,20.020,0,3.003,2689,2049,2.700,2.160,1.310,1,0,3.003,0,0,13,33,0,30,0
02-10 21:06:51,15.245,3.499,80.975,0,0,1519216,11260884,164268,3339784,20777.495,12529.078,0,3.999,0,1.000,3437,3185,2.700,2.160,1.310,1,0,0,0,0,13,32,0,31,0
02-10 21:06:52,16.505,11.503,71.521,0,0,1474416,11305680,164268,3339788,599.178,0,0,12.004,0,3.001,2754,1545,2.700,2.160,1.310,1,0,46.014,0,0,13,32,0,31,0
02-10 21:06:53,21.743,5.248,72.725,0,0,1503492,11276604,164276,3339780,1001.659,147.950,0,95.967,0,1.999,2062,1089,2.560,2.140,1.300,1,0,1.999,0,0,13,32,0,31,0
02-10 21:06:54,14.004,4.001,82.023,0,0,1518052,11262028,164276,3339792,20782.855,12641.561,0,264.074,0,2.001,2254,1605,2.560,2.140,1.300,2,0,0,0,0,13,33,0,29,0
02-10 21:06:55,16.707,3.491,78.798,0.249,0,1518004,11262028,164308,3339808,3352.402,3161.891,0,103.734,0,11.969,3167,2718,2.560,2.140,1.300,1,0,0,0,0,13,33,0,29,0
02-10 21:06:56,15.785,3.257,79.927,0,0,1518212,11261804,164308,3339824,20072.481,12028.656,0,0,0,0,3785,3488,2.560,2.140,1.300,2,0,2.004,0,0,13,33,0,29,0
02-10 21:06:57,15.754,7.502,75.269,0,0,1471564,11308412,164340,3339832,2656.679,2074.530,0,104.027,0,12.003,3529,2727,2.560,2.140,1.300,1,0,43.011,0,0,13,32,0,29,0
02-10 21:06:58,6.251,26.502,66.756,0,0,1460448,11319488,164340,3339872,659.062,148.014,0,8.001,0,2.000,4585,2425,2.440,2.120,1.300,1,0,178.017,0,0,13,32,0,28,0
02-10 21:06:59,5.247,26.236,66.963,0,0,1452636,11327248,164388,3339876,16231.043,37617.241,0,547.698,0,27.985,4684,2590,2.440,2.120,1.300,1,0,167.907,0,0,13,32,0,28,0
02-10 21:07:00,12.744,31.736,53.976,0,0,1451552,11328292,164408,3339892,45922.277,24153.101,0,119.946,0,6.997,5065,2916,2.440,2.120,1.300,3,0,195.912,0,0,13,33,0,30,0
02-10 21:07:01,34.528,18.515,45.036,0.500,0,1494624,11285004,164580,3339936,70692.544,465608.423,172.138,1753.402,6.005,93.074,4682,2925,2.440,2.120,1.300,2,0,45.036,0,0,13,32,0,30,0
02-10 21:07:02,44.097,7.972,46.837,0.249,0,1574184,11204600,164652,3340632,47923.590,144593.913,27.903,558.062,1.993,6.976,3705,1701,2.440,2.120,1.300,2,0,2.990,0,0,13,32,0,27,0
02-10 21:07:03,39.273,11.507,45.527,3.752,0,1645680,11128084,165708,3344252,29820.803,14814.845,2181.302,5591.338,36.022,640.382,5505,4915,2.560,2.150,1.320,2,0,20.012,0,0,13,36,0,27,0
02-10 21:07:04,44.719,15.739,36.475,1.999,0,1651312,11112464,171324,3348228,14981.722,7422.907,0,25410.567,0,2274.440,12599,18180,2.560,2.150,1.320,2,0,77.947,0,0,13,36,0,27,0
02-10 21:07:05,43.025,18.011,34.520,4.503,0,1632400,11123832,176640,3350128,15360.013,7366.322,0,33479.645,0,2513.475,13761,18614,2.560,2.150,1.320,4,0,48.028,0,0,13,36,0,27,0
02-10 21:07:06,43.264,14.755,37.763,4.502,0,1667352,11082596,181528,3351316,45141.112,23397.833,0,24736.281,0,2127.712,12528,15957,2.560,2.150,1.320,3,0,27.009,0,0,13,36,0,24,0
02-10 21:07:07,45.369,15.290,38.350,2.256,0,1601976,11146692,183612,3350452,30410.631,14858.908,0,13916.440,0,985.581,7873,7951,2.560,2.150,1.320,3,0,13.034,0,0,13,32,0,24,0
02-10 21:07:08,45.826,6.475,47.071,0.249,0,1608940,11139660,183676,3350452,29903.204,15072.641,0,641.559,0,34.867,3335,1517,2.520,2.150,1.320,4,0,1.992,0,0,13,32,0,24,0
02-10 21:07:09,41.585,12.275,45.343,0.752,0,1650116,11097568,184572,3350472,16068.030,7311.029,0,6990.369,0,482.993,5532,4865,2.520,2.150,1.320,3,0,2.004,0,0,13,34,0,24,0
02-10 21:07:10,45.632,12.966,37.902,3.242,0,1686764,11056520,188556,3350756,45009.281,22713.100,0,13812.182,0,1664.683,13667,16953,2.520,2.150,1.320,6,0,0.997,0,0,13,34,0,20,0
02-10 21:07:11,42.660,12.874,42.660,2.272,0,1696916,11043416,191268,3350908,30153.137,14897.344,0,8283.707,0,1104.629,10229,12233,2.520,2.150,1.320,2,0,4.039,0,0,13,34,0,20,0
02-10 21:07:12,29.994,18.344,50.073,0,0,1656500,11083692,191332,3350980,29718.799,15027.963,0,785.309,0,35.696,4328,2172,2.520,2.150,1.320,1,0,98.164,0,0,13,32,0,20,0
02-10 21:07:13,22.016,6.505,71.052,0.250,0,1683240,11056664,191612,3350980,45344.233,23975.572,0,3354.458,0,141.103,2923,2139,2.400,2.130,1.320,1,0,0,0,0,13,32,0,20,0
02-10 21:07:14,21.987,5.747,71.707,0,0,1689500,11050380,191636,3350980,44289.258,23044.086,0,91.944,0,8.995,2426,1328,2.400,2.130,1.320,1,0,3.998,0,0,13,32,0,17,0
02-10 21:07:15,23.069,4.263,72.466,0,0,1697196,11042684,191636,3350980,29711.764,15285.666,0,0,0,0,2145,1131,2.400,2.130,1.320,1,0,0,0,0,13,32,0,17,0
02-10 21:07:16,23.004,5.751,72.014,0,0,1642036,11097816,191640,3351000,15216.858,7621.431,0,1752.329,0,159.030,2347,1202,2.400,2.130,1.320,1,0,1.000,0,0,13,32,0,17,0
02-10 21:07:17,22.249,5.750,70.997,0,0,1614176,11125672,191640,3351004,58014.948,598920.817,0,0,0,0,2879,1617,2.400,2.130,1.320,1,0,3.000,0,0,13,32,0,17,0
02-10 21:07:18,22.171,5.231,71.743,0,0,1622616,11117232,191640,3351004,30042.402,15171.662,0,0,0,0,2305,1260,2.360,2.130,1.320,1,0,1.993,0,0,13,32,0,15,0
02-10 21:07:19,22.838,4.517,72.779,0,0,1627368,11112480,191640,3351004,30275.212,15202.355,0,281.079,0,63.243,2383,1273,2.360,2.130,1.320,1,0,0,0,0,13,32,0,15,0
02-10 21:07:20,21.741,5.748,71.971,0,0,1587040,11152784,191652,3351016,15169.952,7616.963,0,103.959,0,1.999,2424,1356,2.360,2.130,1.320,1,0,3.998,0,0,13,32,0,15,0
02-10 21:07:21,23.008,5.002,71.774,0,0,1579504,11160276,191708,3351016,30775.413,16113.452,0,388.131,0,27.009,2601,1640,2.360,2.130,1.320,1,0,0,0,0,13,32,0,15,0
02-10 21:07:22,20.245,6.498,72.731,0,0,1605420,11134360,191708,3351016,44672.616,22692.217,0,3.999,0,1.000,2305,1299,2.360,2.130,1.320,1,0,1.999,0,0,13,32,0,15,0
02-10 21:07:23,22.765,3.002,72.296,1.501,0,1548936,11190584,191724,3351236,15456.882,7772.970,152.097,4.003,6.004,1.001,2134,1114,2.250,2.110,1.320,1,0,3.002,0,0,13,32,0,13,0
02-10 21:07:24,21.248,6.250,72.744,0,0,1545300,11194216,191724,3351240,30045.645,14956.828,0,0,0,0,2253,1240,2.250,2.110,1.320,1,0,0,0,0,13,32,0,13,0
02-10 21:07:25,21.753,4.751,72.509,0,0,1570296,11169220,191724,3351240,30518.968,15786.052,0,176.023,0,32.004,2216,1114,2.250,2.110,1.320,1,0,2.000,0,0,13,32,0,13,0
02-10 21:07:26,23.245,4.249,72.485,0,0,1591976,11147528,191732,3351240,30045.719,15074.849,0,191.960,0,2.999,2162,1124,2.250,2.110,1.320,1,0,2.000,0,0,13,32,0,13,0
02-10 21:07:27,22.496,4.499,72.736,0,0,1547872,11191548,191732,3351324,30047.136,15075.058,0,0,0,0,2234,1216,2.250,2.110,1.320,1,0,1.000,0,0,13,32,0,11,0
02-10 21:07:28,26.251,9.250,64.001,0,0,1547368,11192052,191732,3352716,45034.866,23568.453,0,8.000,0,2.000,2886,3873,3.040,2.270,1.380,3,0,34.001,0,0,13,32,0,11,0
02-10 21:07:29,26.511,10.504,62.776,0,0,1572568,11166852,191732,3351324,30179.286,15150.168,0,0,0,0,2993,8780,3.040,2.270,1.380,1,0,6.002,0,0,13,32,0,12,0
02-10 21:07:30,23.246,3.749,71.987,0,0,1545076,11194320,191732,3351344,29868.413,14913.211,0,131.975,0,29.994,2171,1168,3.040,2.270,1.380,1,0,2.000,0,0,13,32,0,12,0
02-10 21:07:31,21.504,6.001,71.515,0,0,1585644,11153748,191796,3351284,40627.302,457907.569,0,604.123,0,30.006,2954,1966,3.040,2.270,1.380,1,0,0,0,0,13,32,0,10,0
02-10 21:07:32,23.496,4.499,71.987,0,0,1609488,11129812,191804,3351368,48451.491,152903.147,0,0,0,0,2474,1376,3.040,2.270,1.380,1,0,2.000,0,0,13,32,0,10,0
02-10 21:07:33,20.225,6.492,72.662,0,0,1593588,11145688,191804,3351392,15618.024,7758.573,0,0,0,0,2367,1339,2.870,2.250,1.380,1,0,0.999,0,0,13,32,0,10,0
02-10 21:07:34,23.022,4.004,72.570,0,0,1605408,11133860,191804,3351400,45071.241,23508.554,0,12.012,0,3.003,2204,1199,2.870,2.250,1.380,1,0,0,0,0,13,32,0,10,0
02-10 21:07:35,20.498,6.499,72.491,0,0,1624464,11114608,191804,3351596,30265.317,15304.138,0,4.000,0,1.000,2262,1233,2.870,2.250,1.380,2,0,4.000,0,0,13,32,0,8,0
02-10 21:07:36,17.506,10.504,71.024,0.500,0,1556256,11182656,191820,3351740,45641.295,25006.380,4.001,2460.825,1.000,44.015,3053,1724,2.870,2.250,1.380,2,0,57.019,0,0,13,32,0,8,0
02-10 21:07:37,5.245,24.225,67.931,0,0,1549480,11189352,191828,3351800,45916.176,25300.200,0,167.829,0,1.998,4613,2734,2.870,2.250,1.380,2,0,162.834,0,0,13,32,0,8,0
02-10 21:07:38,6.758,25.779,67.076,0,0,1536384,11202444,191828,3351800,61475.255,32258.341,0,336.379,0,4.005,4756,2781,2.720,2.230,1.370,4,0,179.202,0,0,13,32,0,8,0
02-10 21:07:39,6.252,25.006,66.767,0,0,1532344,11206476,191828,3351808,61138.424,32684.245,0,260.066,0,3.001,4696,2768,2.720,2.230,1.370,1,0,168.042,0,0,13,32,0,6,0
02-10 21:07:40,6.497,22.989,69.467,0,0,1526668,11212124,191832,3351824,60854.671,33203.997,0,191.908,0,5.997,4438,2655,2.720,2.230,1.370,2,0,130.937,0,0,13,32,0,6,0
02-10 21:07:41,6.738,24.455,66.877,0,0,1512236,11226464,191912,3351836,55754.811,302481.602,0,806.522,0,39.927,5005,3456,2.720,2.230,1.370,3,0,150.724,0,0,13,32,0,6,0
02-10 21:07:42,7.008,25.528,66.322,0,0,1504112,11234588,191912,3351836,63645.381,320831.744,0,124.135,0,3.003,4959,2831,2.720,2.230,1.370,2,0,165.180,0,0,13,32,0,6,0
02-10 21:07:43,6.508,23.529,68.335,0.751,0,1493540,11245144,191916,3351848,61319.091,32364.161,8.010,0,2.002,0,4565,2665,2.580,2.210,1.370,1,0,147.183,0,0,13,32,0,5,0
02-10 21:07:44,6.495,23.980,68.193,0,0,1492368,11246300,191916,3351848,60772.995,33324.032,0,0,0,0,4670,2779,2.580,2.210,1.370,2,0,162.863,0,0,13,32,0,5,0
02-10 21:07:45,13.952,13.454,71.008,0,0,1487752,11250912,191916,3351852,45639.266,23573.560,0,0,0,0,3194,1898,2.580,2.210,1.370,2,0,52.820,0,0,13,32,0,5,0
02-10 21:07:46,22.822,5.517,71.725,0,0,1533200,11205476,191924,3351832,60852.731,30162.539,0,92.289,0,4.013,2638,1627,2.580,2.210,1.370,1,0,0,0,0,13,32,0,5,0
02-10 21:07:47,21.017,5.755,72.558,0,0,1573012,11165656,191924,3351840,30010.826,14603.594,0,556.442,0,116.092,2524,1283,2.580,2.210,1.370,1,0,4.003,0,0,13,32,0,4,0
02-10 21:07:48,24.242,2.999,72.477,0,0,1577816,11160852,191924,3351840,29978.498,14735.330,0,15.995,0,1.000,2158,1141,2.460,2.190,1.370,1,0,0,0,0,13,32,0,4,0
02-10 21:07:49,19.909,7.466,72.171,0,0,1565992,11172660,191924,3351856,21728.097,9875.050,0,0,0,0,2479,1411,2.460,2.190,1.370,1,0,0.995,0,0,13,32,0,4,0
02-10 21:07:50,22.868,4.775,72.375,0,0,1594300,11144372,191924,3351836,38877.298,20457.927,0,0,0,0,2461,1431,2.460,2.190,1.370,2,0,3.016,0,0,13,32,0,4,0
02-10 21:07:51,20.000,8.000,71.750,0,0,1623224,11115376,191984,3351848,30482.916,14981.959,0,419.999,0,27.000,2663,1858,2.460,2.190,1.370,2,0,2.000,0,0,13,32,0,4,0
02-10 21:07:52,23.250,3.250,72.750,0,0,1577224,11161356,191984,3351868,15175.956,7619.978,0,463.999,0,69.000,2154,1105,2.460,2.190,1.370,2,0,1.000,0,0,13,32,0,4,0
02-10 21:07:53,21.247,7.499,70.991,0,0,1570744,11167848,191984,3351856,38046.402,450681.537,0,0,0,0,2829,1890,2.340,2.170,1.370,2,0,3.000,0,0,13,32,0,4,0
02-10 21:07:54,22.252,5.000,72.257,0,0,1585936,11152652,191984,3351856,47150.526,151824.575,0,0,0,0,2330,1228,2.340,2.170,1.370,2,0,2.000,0,0,13,32,0,4,0
02-10 21:07:55,22.991,4.998,71.473,0,0,1599460,11139128,191984,3351856,30047.765,15300.279,0,11.996,0,1.000,2203,1197,2.340,2.170,1.370,2,0,0,0,0,13,32,0,3,0
02-10 21:07:56,21.248,5.500,72.494,0,0,1563004,11175572,191992,3351860,15358.714,7295.389,0,87.993,0,3.000,2354,1340,2.340,2.170,1.370,2,0,3.000,0,0,13,32,0,3,0
02-10 21:07:57,22.745,4.749,71.985,0,0,1559104,11179484,191992,3351848,44957.608,23253.142,0,319.933,0,38.992,2371,1329,2.340,2.170,1.370,2,0,0,0,0,13,32,0,3,0
02-10 21:07:58,20.514,7.005,72.799,0,0,1585948,11152640,191992,3351848,29707.844,15626.438,0,8.005,0,2.001,2303,1328,2.230,2.150,1.360,2,0,2.001,0,0,13,32,0,3,0
02-10 21:07:59,23.743,3.499,72.227,0,0,1545404,11193160,191992,3351872,29917.565,15109.235,0,19.994,0,1.000,2331,1249,2.230,2.150,1.360,2,0,2.999,0,0,13,32,0,3,0
02-10 21:08:00,21.502,6.251,72.507,0,0,1589388,11149188,191992,3351860,30278.801,15477.432,0,0,0,0,2401,1450,2.230,2.150,1.360,1,0,1.000,0,0,13,32,0,3,0
02-10 21:08:01,22.221,5.493,72.656,0,0,1605660,11132856,192048,3351864,30523.522,14573.152,0,443.426,0,27.964,2484,1639,2.230,2.150,1.360,3,0,1.997,0,0,13,32,0,3,0
02-10 21:08:02,21.766,4.503,72.304,0,0,1621676,11116840,192048,3351864,29890.221,14927.097,0,52.039,0,2.001,2212,1236,2.230,2.150,1.360,1,0,2.001,0,0,13,32,0,3,0
02-10 21:08:03,22.242,4.998,72.723,0,0,1575504,11162872,192048,3352004,30677.684,14962.481,0,0,0,0,2275,1242,2.130,2.130,1.360,1,0,1.000,0,0,13,32,0,3,0
02-10 21:08:04,22.530,5.007,72.846,0,0,1577404,11161000,192048,3351976,15784.781,8322.957,0,8.011,0,2.003,2278,1244,2.130,2.130,1.360,1,0,0,0,0,13,32,0,1,0
02-10 21:08:05,20.998,7.499,70.742,0,0,1599416,11138836,192168,3352008,44494.140,22017.595,0,1239.865,0,64.993,2685,1603,2.130,2.130,1.360,1,0,4.000,0,0,13,32,0,1,0
02-10 21:08:06,23.738,3.498,72.464,0,0,1569876,11168348,192168,3352036,29793.320,14812.702,0,27.986,0,1.000,2154,1107,2.130,2.130,1.360,1,0,1.000,0,0,13,32,0,1,0
02-10 21:08:07,21.758,8.253,69.775,0,0,1568188,11170116,192168,3351956,16066.659,7658.697,0,96.034,0,2.001,2316,1271,2.130,2.130,1.360,1,0,6.002,0,0,13,32,0,1,0
02-10 21:08:08,21.501,5.500,72.504,0,0,1601956,11136348,192168,3351956,15362.817,7606.404,0,192.010,0,42.002,2267,1236,2.040,2.110,1.360,1,0,2.000,0,0,13,32,0,1,0
02-10 21:08:09,21.976,6.992,70.424,0,0,1637964,11100340,192168,3351956,53915.136,599762.305,0,0,0,0,3016,1955,2.040,2.110,1.360,1,0,2.997,0,0,13,32,0,1,0
02-10 21:08:10,24.771,2.752,72.812,0,0,1587196,11151020,192168,3352040,30235.759,15415.133,0,92.078,0,3.003,2133,1128,2.040,2.110,1.360,2,0,1.001,0,0,13,32,0,1,0
02-10 21:08:11,20.852,6.281,71.851,0,0,1572424,11165744,192224,3352028,45495.340,23518.939,0,446.181,0,27.133,2761,1889,2.040,2.110,1.360,1,0,3.015,0,0,13,32,0,1,0
02-10 21:08:12,21.153,5.972,72.416,0,0,1592804,11145364,192232,3352020,29973.942,15008.870,0,91.578,0,5.972,2344,1312,2.040,2.110,1.360,1,0,1.991,0,0,13,32,0,1,0
02-10 21:08:13,22.745,4.249,72.485,0,0,1607432,11130728,192232,3352028,30322.919,15354.921,0,135.973,0,29.994,2435,1395,1.960,2.090,1.360,1,0,0,0,0,13,32,0,1,0
02-10 21:08:14,22.750,4.750,72.501,0,0,1511428,11226712,192232,3352048,30270.389,15450.198,0,20.000,0,1.000,2237,1187,1.960,2.090,1.360,1,0,3.000,0,0,13,32,0,1,0
02-10 21:08:15,21.631,5.030,73.193,0,0,1564344,11173820,192232,3352024,16430.511,8769.110,0,0,0,0,2275,1260,1.960,2.090,1.360,2,0,0,0,0,13,32,0,1,0
02-10 21:08:16,22.508,4.252,72.777,0,0,1575912,11162228,192232,3352048,44820.611,22676.404,0,32.012,0,3.001,2278,1227,1.960,2.090,1.360,1,0,1.000,0,0,13,32,0,1,0
02-10 21:08:17,20.851,5.709,72.233,0,0,1572680,11165468,192244,3352028,30703.101,15832.605,0,103.260,0,2.979,2435,1419,1.960,2.090,1.360,1,0,1.986,0,0,13,32,0,1,0
02-10 21:08:18,21.502,5.750,72.255,0,0,1584748,11153380,192252,3352040,44443.246,22847.669,0,164.012,0,33.002,2313,1209,1.880,2.080,1.360,1,0,4.000,0,0,13,32,0,1,0
02-10 21:08:19,23.017,5.004,72.804,0,0,1601348,11136780,192252,3352040,30511.817,15251.405,0,12.009,0,1.001,2147,1112,1.880,2.080,1.360,1,0,0,0,0,13,32,0,1,0
02-10 21:08:20,12.752,16.753,69.263,0,0,1557380,11180708,192252,3352080,15418.863,7621.415,0,48.009,0,2.000,3647,2028,1.880,2.080,1.360,2,0,106.020,0,0,13,32,0,1,0
02-10 21:08:21,6.249,25.995,66.237,0,0,1539840,11198248,192252,3352080,61414.838,32555.553,0,119.976,0,4.999,4708,2734,1.880,2.080,1.360,1,0,166.967,0,0,13,32,0,1,0
02-10 21:08:22,7.249,25.248,65.995,0,0,1533392,11204696,192252,3352080,58208.975,588813.288,0,79.994,0,5.000,4942,2872,1.880,2.080,1.360,1,0,160.989,0,0,13,32,0,1,0
02-10 21:08:23,16.255,12.003,71.020,0,0,1529504,11208568,192260,3352084,60042.072,31322.906,0,108.031,0,2.001,3094,1905,1.890,2.070,1.360,2,0,36.010,0,0,13,32,0,1,0
02-10 21:08:24,22.429,4.984,72.023,0,0,1537860,11200200,192260,3352096,45111.749,22927.702,0,143.547,0,32.896,2496,1332,1.890,2.070,1.360,1,0,0,0,0,13,32,0,1,0
02-10 21:08:25,23.067,3.510,72.712,0,0,1558760,11179060,192260,3352304,30357.481,14833.234,0,0,0,0,2176,1081,1.890,2.070,1.360,1,0,0,0,0,13,32,0,1,0
02-10 21:08:26,20.250,7.500,72.249,0,0,1526752,11210992,192260,3352372,30465.670,17303.812,0,0,0,0,2487,1406,1.890,2.070,1.360,1,0,11.000,0,0,13,32,0,1,0
02-10 21:08:27,20.682,5.980,71.764,0,0,1530336,11207408,192260,3352372,59843.822,31165.314,0,11.961,0,0.997,2476,1423,1.890,2.070,1.360,2,0,0,0,0,13,32,0,1,0
02-10 21:08:28,23.681,3.988,72.290,0,0,1567128,11170616,192260,3352372,30020.939,15343.504,0,135.607,0,29.913,2163,1096,1.820,2.060,1.360,2,0,0,0,0,13,32,0,1,0
02-10 21:08:29,22.305,26.816,48.870,1.002,0,1528292,11209332,192268,3352468,31576.750,35337.008,40.099,140.346,2.005,3.007,4642,11564,1.820,2.060,1.360,3,0,163.402,0,0,13,32,0,2,0
02-10 21:08:30,6.511,24.542,66.864,0,0,1531116,11206472,192268,3352504,56945.047,43015.307,0,56.096,0,2.003,4600,2744,1.820,2.060,1.360,2,0,152.259,0,0,13,32,0,2,0
02-10 21:08:31,6.263,24.048,67.886,0,0,1525992,11211592,192268,3352508,50856.689,29460.908,0,56.112,0,2.004,4518,2691,1.820,2.060,1.360,2,0,155.311,0,0,13,32,0,2,0
02-10 21:08:32,7.731,24.441,67.087,0,0,1510956,11226624,192268,3352512,71839.574,476872.158,0,83.797,0,2.993,4911,2923,1.820,2.060,1.360,2,0,160.610,0,0,13,32,0,1,0
02-10 21:08:33,6.260,25.290,67.357,0,0,1507372,11230204,192268,3352516,65005.942,148308.858,0,0,0,0,4826,2862,1.750,2.040,1.360,1,0,163.259,0,0,13,32,0,1,0
02-10 21:08:34,6.758,26.032,66.582,0,0,1510636,11226932,192276,3352516,60959.037,32281.737,0,208.256,0,6.007,4653,2829,1.750,2.040,1.360,1,0,168.207,0,0,13,32,0,1,0
02-10 21:08:35,5.747,25.738,67.220,0,0,1505700,11231868,192276,3352516,46072.398,24373.101,0,255.886,0,38.983,4712,2753,1.750,2.040,1.360,1,0,170.924,0,0,13,32,0,1,0
02-10 21:08:36,6.251,25.253,66.759,0,0,1503756,11233808,192276,3352520,61479.907,32152.135,0,44.006,0,3.000,4775,2880,1.750,2.040,1.360,1,0,168.022,0,0,13,32,0,1,0
02-10 21:08:37,6.000,26.248,66.245,0,0,1495824,11241724,192276,3352528,61298.345,31787.586,0,87.993,0,1.000,4648,2803,1.750,2.040,1.360,2,0,157.988,0,0,13,32,0,1,0
02-10 21:08:38,6.750,24.251,67.753,0,0,1497288,11240260,192276,3352528,61301.087,33049.665,0,264.013,0,3.000,4753,2761,1.770,2.040,1.360,1,0,151.008,0,0,13,32,0,1,0
02-10 21:08:39,6.988,25.707,66.389,0,0,1488676,11248864,192284,3352528,56476.274,27258.280,0,535.102,0,6.988,4812,2762,1.770,2.040,1.360,2,0,162.727,0,0,13,32,0,1,0
02-10 21:08:40,7.513,26.045,64.360,0,0,1479216,11258312,192284,3352536,61383.269,537201.274,0,360.618,0,6.010,5008,2966,1.770,2.040,1.360,4,0,165.283,0,0,13,32,0,1,0
02-10 21:08:41,6.742,25.719,66.419,0,0,1481640,11255884,192284,3352540,62103.090,79888.351,0,351.570,0,3.995,4750,2765,1.770,2.040,1.360,3,0,157.807,0,0,13,32,0,1,0
02-10 21:08:42,6.479,25.417,66.283,0,0,1474736,11262788,192284,3352540,60685.061,31722.008,0,350.850,0,3.987,4752,2682,1.770,2.040,1.360,3,0,158.480,0,0,13,32,0,1,0
02-10 21:08:43,6.520,25.327,66.704,0,0,1461672,11275852,192284,3352540,61573.199,32186.378,0,453.386,0,6.018,4688,2747,1.710,2.020,1.360,1,0,156.478,0,0,13,32,0,1,0
02-10 21:08:44,6.988,25.458,65.891,0,0,1455664,11281848,192292,3352540,46050.128,23818.756,0,515.151,0,6.988,4737,2641,1.710,2.020,1.360,2,0,156.742,0,0,13,32,0,1,0
02-10 21:08:45,6.018,26.078,66.700,0,0,1448300,11289204,192292,3352548,61589.789,31855.577,0,441.324,0,43.129,4691,2650,1.710,2.020,1.360,1,0,148.445,0,0,13,32,0,1,0
02-10 21:08:46,5.750,23.501,68.252,0,0,1449836,11287668,192292,3352548,61341.567,33548.857,0,60.002,0,3.000,4607,2695,1.710,2.020,1.360,2,0,145.004,0,0,13,32,0,1,0
02-10 21:08:47,6.746,23.487,68.462,0,0,1453732,11283764,192292,3352556,61060.814,32699.693,0,59.966,0,2.998,4510,2726,1.710,2.020,1.360,3,0,148.917,0,0,13,32,0,1,0
02-10 21:08:48,7.243,25.226,65.689,0,0,1446824,11290668,192292,3352560,59122.905,589107.029,0,119.888,0,2.997,5075,3087,1.740,2.020,1.360,1,0,152.858,0,0,13,32,0,1,0
02-10 21:08:49,6.490,23.962,68.393,0,0,1450696,11286780,192304,3352564,61410.697,32618.848,0,203.681,0,4.992,4664,2785,1.740,2.020,1.360,3,0,144.773,0,0,13,32,0,1,0
02-10 21:08:50,6.266,25.566,66.672,0,0,1457544,11279924,192304,3352572,61346.192,33618.692,0,144.372,0,3.008,4699,2791,1.740,2.020,1.360,2,0,161.416,0,0,13,32,0,1,0
02-10 21:08:51,7.746,23.488,67.465,0,0,1448404,11289056,192304,3352576,61555.434,33256.946,0,247.873,0,36.981,4718,2775,1.740,2.020,1.360,2,0,134.931,0,0,13,32,0,1,0
02-10 21:08:52,6.488,25.454,66.381,0,0,1451916,11285532,192304,3352588,56590.243,27526.504,0,23.957,0,5.989,4830,2800,1.740,2.020,1.360,2,0,162.707,0,0,13,32,0,1,0
02-10 21:08:53,6.248,26.241,65.977,0,0,1452892,11284556,192304,3352588,50719.541,27838.417,0,23.992,0,5.998,4714,2762,1.680,2,1.360,3,0,167.942,0,0,13,32,0,1,0
02-10 21:08:54,6.020,25.333,66.969,0,0,1449000,11288440,192312,3352588,61204.537,31657.727,0,128.421,0,6.020,4716,2769,1.680,2,1.360,2,0,152.500,0,0,13,32,0,1,0
02-10 21:08:55,6.000,24.000,67.750,0,0,1452060,11285376,192312,3352592,61306.998,33185.999,0,8.000,0,2.000,4662,2758,1.680,2,1.360,2,0,148.000,0,0,13,32,0,1,0
02-10 21:08:56,20.744,34.411,42.464,0,0,1418588,11311308,192324,3360096,57546.646,558222.969,0,4549.065,0,203.048,10806,14836,1.680,2,1.360,5,0,60.524,0,0,13,32,0,1,0
02-10 21:08:57,14.597,34.571,50.448,0,0,1430368,11296948,192336,3362484,62610.207,32454.916,0,188.477,0,6.146,6863,6984,1.680,2,1.360,3,0,247.888,0,0,13,32,0,2,0
02-10 21:08:58,20.258,35.764,42.266,0,0,1466816,11260416,192412,3362488,61471.380,32100.209,0,3753.428,0,43.016,5464,3406,1.700,2,1.360,2,0,180.068,0,0,13,32,0,3,0
02-10 21:08:59,27.458,35.196,35.945,0,0,1516304,11210916,192412,3362500,57191.618,29868.365,0,11.982,0,2.995,5144,2919,1.700,2,1.360,6,0,205.686,0,0,13,32,0,3,0
02-10 21:09:00,42.282,42.785,15.352,0,0,1555808,11171368,192544,3362412,49790.171,25773.949,0,765.104,0,46.309,5518,3725,1.700,2,1.360,5,0,244.632,0,0,13,32,0,7,0
02-10 21:09:01,61.687,15.177,21.052,0,0,1711360,11014188,192684,3363600,44648.638,22671.431,0,11416.986,0,1897.609,6189,1949,1.700,2,1.360,5,0,13.708,0,0,13,32,0,7,0
02-10 21:09:02,57.390,15.720,23.954,1.747,0,1731696,10987836,194308,3367284,29810.714,14827.507,443.148,16891.540,9.981,786.489,7014,6570,1.700,2,1.360,3,0,26.948,0,0,13,36,0,8,0
02-10 21:09:03,46.752,21.089,28.204,2.795,0,1742332,10963964,200252,3374072,30416.127,15188.245,0,41686.365,0,3026.672,15770,21056,2.050,2.070,1.390,8,0,59.964,0,0,13,38,0,8,0
02-10 21:09:04,44.672,17.469,28.450,6.489,0,1726324,10968752,205904,3379248,15790.380,7283.261,0,38297.013,0,2712.256,15427,21319,2.050,2.070,1.390,2,0,73.871,0,0,13,36,0,8,0
02-10 21:09:05,41.868,26.074,23.316,6.268,0,1752216,10931728,211764,3384164,15518.778,7316.640,0,53599.200,0,3275.239,16378,23141,2.050,2.070,1.390,2,0,87.246,0,0,13,36,0,8,0
02-10 21:09:06,50.687,17.478,25.219,5.244,0,1793360,10881076,217316,3387804,15703.538,7514.687,0,37685.294,0,2696.658,13728,20843,2.050,2.070,1.390,3,0,50.937,0,0,13,36,0,8,0
02-10 21:09:07,45.612,17.198,29.161,5.733,0,1787728,10878556,222920,3390100,20311.342,12372.442,0,25450.740,0,2359.836,14542,19752,2.050,2.070,1.390,1,1,53.837,0,0,13,37,0,8,0
02-10 21:09:08,47.164,17.059,28.098,6.523,0,1783268,10873768,229084,3392892,3392.807,3340.626,0,47384.904,0,3212.179,16368,23283,2.040,2.070,1.390,1,0,44.154,0,0,13,37,0,8,0
02-10 21:09:09,55.351,14.461,22.440,5.485,0,1697572,10951248,234480,3395452,17431.113,8703.589,0,30805.139,0,2455.395,13745,18538,2.040,2.070,1.390,3,0,46.874,0,0,13,36,0,9,0
02-10 21:09:10,37.191,36.942,20.468,3.994,0,1620428,11021808,238832,3397520,965.480,0,0,32249.230,0,2207.525,12970,17142,2.040,2.070,1.390,4,0,160.747,0,0,13,34,0,9,0
02-10 21:09:11,43.461,30.973,20.732,3.747,0,1659340,10977960,242588,3398620,15585.171,7451.388,0,24730.057,0,1973.249,12779,16763,2.040,2.070,1.390,4,1,139.876,0,0,13,34,0,9,0
02-10 21:09:12,37.384,21.577,25.341,14.050,0,1671448,10957324,247144,3402388,8442.158,7075.275,3291.759,31159.311,43.154,2419.644,13480,18538,2.040,2.070,1.390,4,1,64.229,0,0,13,37,0,9,0
02-10 21:09:13,50.840,26.525,18.666,2.210,0,1673208,10952060,249640,3403660,17045.004,9609.060,0,16374.993,0,1267.323,11623,15515,2.520,2.160,1.430,6,2,80.559,0,0,13,37,0,9,0
02-10 21:09:14,49.542,29.979,17.022,5.081,0,1668448,10952732,252352,3404356,5250.904,4222.471,650.393,15548.449,52.844,1372.938,11755,16727,2.520,2.160,1.430,6,0,102.640,0,0,13,37,0,9,0
02-10 21:09:15,48.958,25.978,17.735,5.495,0,1684412,10931592,255752,3405908,4575.105,3399.106,1226.955,22461.877,104.911,1755.505,12113,17166,2.520,2.160,1.430,7,0,77.934,0,0,13,37,0,9,0
02-10 21:09:16,35.658,29.424,27.180,4.239,0,1687268,10923812,259504,3406960,33652.029,569415.389,793.948,25234.783,12.966,1962.927,13666,18531,2.520,2.160,1.430,2,0,117.696,0,0,13,37,0,9,0
02-10 21:09:17,41.620,12.536,39.113,6.268,0,1683112,10921796,263736,3408756,3126.015,2304.647,0,25766.310,0,2220.404,13559,18014,2.520,2.160,1.430,6,0,26.075,0,0,13,36,0,9,0
02-10 21:09:18,36.478,21.737,35.229,5.747,0,1621412,10976736,268532,3410580,843.487,147.910,0,35454.447,0,2691.364,14033,19701,2.720,2.210,1.450,4,0,65.960,0,0,13,36,0,9,0
02-10 21:09:19,42.569,15.525,35.057,5.759,0,1657836,10933392,273468,3412348,45280.483,22554.603,0,35705.945,0,2745.455,13201,19927,2.720,2.210,1.450,6,0,27.044,0,0,13,36,0,9,0
02-10 21:09:20,33.759,13.901,44.185,5.709,0,1672456,10913260,277064,3414092,35244.783,19405.681,0,30494.641,0,2511.101,13675,19753,2.720,2.210,1.450,6,1,59.575,0,0,13,37,0,9,0
02-10 21:09:21,40.627,14.131,38.608,5.299,0,1672244,10909228,279536,3415756,33557.507,17289.495,0,29768.333,0,2407.347,14330,19340,2.720,2.210,1.450,8,0,42.394,0,0,13,37,0,9,0
02-10 21:09:22,32.892,13.705,43.606,6.479,0,1670816,10907212,281712,3416920,19897.436,11479.175,0,35526.935,0,2673.192,14800,20781,2.720,2.210,1.450,5,0,32.892,0,0,13,37,0,9,0
02-10 21:09:23,39.123,12.289,41.882,5.016,0,1676244,10899176,283244,3417948,18675.679,10747.769,0,25997.685,0,2065.490,13402,17587,2.660,2.210,1.450,2,0,17.054,0,0,13,37,0,9,0
02-10 21:09:24,37.013,10.930,44.713,4.720,0,1673980,10897676,285400,3419440,19220.782,11436.683,0,22710.411,0,1856.101,12857,16955,2.660,2.210,1.450,2,0,20.866,0,0,13,37,0,9,0
02-10 21:09:25,37.469,17.100,40.486,5.029,0,1601668,10964960,288612,3421092,3593.984,2046.951,0,29753.722,0,2132.451,12699,16346,2.660,2.210,1.450,2,0,43.253,0,0,13,36,0,10,0
02-10 21:09:26,39.061,15.372,42.589,2.268,0,1632860,10931444,290556,3421412,15970.247,7517.901,0,14289.858,0,1031.216,6961,7974,2.660,2.210,1.450,3,0,54.434,0,0,13,34,0,11,0
02-10 21:09:27,28.081,25.845,44.731,0,0,1541636,11022568,290612,3421452,14901.432,7252.408,0,2823.032,0,430.413,5182,2587,2.660,2.210,1.450,3,0,129.223,0,0,13,32,0,11,0
02-10 21:09:28,16.513,16.763,65.302,0.500,0,1544436,11019360,291008,3421456,5262.181,5038.003,0,5836.638,0,292.232,4476,3373,2.530,2.190,1.450,1,0,82.065,0,0,13,33,0,11,0
02-10 21:09:29,24.472,8.740,65.674,0,0,1569496,10994160,291008,3424188,33954.592,33006.692,0,183.787,0,3.995,4021,7118,2.530,2.190,1.450,6,0,34.959,0,0,13,33,0,11,0
02-10 21:09:30,22.030,8.011,69.345,0,0,1562800,11000824,291008,3421608,48431.348,25858.424,0,0,0,0,4420,9521,2.530,2.190,1.450,1,0,4.005,0,0,13,33,0,11,0
02-10 21:09:31,15.975,2.995,79.125,0,0,1563012,11000600,291008,3421620,21887.356,13212.088,0,0,0,0,3657,3398,2.530,2.190,1.450,1,0,0,0,0,13,33,0,11,0
02-10 21:09:32,19.031,2.504,77.877,0.250,0,1560476,11003084,291036,3421640,49542.957,30579.970,0,144.236,0,12.020,3488,2969,2.530,2.190,1.450,3,0,1.002,0,0,13,32,0,11,0
02-10 21:09:33,16.746,10.498,71.483,0,0,1527484,11035992,291056,3421704,15459.319,7640.181,0,223.947,0,11.997,2823,1701,2.410,2.170,1.450,3,0,31.992,0,0,13,32,0,11,0
02-10 21:09:34,22.253,6.001,71.011,0,0,1558932,11004508,291088,3421704,15323.318,7525.138,0,4940.747,0,114.017,2634,1596,2.410,2.170,1.450,2,0,0,0,0,13,32,0,11,0
02-10 21:09:35,13.504,3.001,83.275,0,0,1563124,11000296,291104,3421708,5906.792,4887.482,0,316.096,0,10.003,2088,1568,2.410,2.170,1.450,2,0,0,0,0,13,33,0,11,0
02-10 21:09:36,16.502,3.250,79.260,0,0,1560976,11002432,291104,3421720,18501.385,10852.399,0,40.005,0,1.000,2844,2441,2.410,2.170,1.450,3,0,2.000,0,0,13,33,0,11,0
02-10 21:09:37,15.735,2.747,80.423,0,0,1559648,11003748,291104,3421732,19567.309,11316.191,0,0,0,0,3523,3310,2.410,2.170,1.450,2,0,0,0,0,13,33,0,11,0
02-10 21:09:38,16.006,3.001,80.781,0,0,1559624,11003748,291104,3421752,5072.931,4208.602,0,0,0,0,3434,3342,2.290,2.150,1.440,2,0,0,0,0,13,33,0,11,0
02-10 21:09:39,18.232,1.998,78.172,0,0,1559956,11003272,291104,3421896,19561.532,11796.260,0,0,0,0,2889,2449,2.290,2.150,1.440,2,0,1.998,0,0,13,32,0,12,0
02-10 21:09:40,14.008,13.257,71.790,0,0,1505056,11058164,291112,3421896,540.302,0,0,96.054,0,7.004,2962,1812,2.290,2.150,1.440,2,0,56.031,0,0,13,32,0,12,0
02-10 21:09:41,22.016,5.004,73.055,0,0,1530508,11032712,291112,3421896,15368.508,7625.710,0,0,0,0,2219,1258,2.290,2.150,1.440,3,0,0,0,0,13,32,0,12,0
02-10 21:09:42,14.249,3.000,82.492,0,0,1544888,11018200,291112,3422028,5323.467,4885.511,0,0,0,0,2196,1679,2.290,2.150,1.440,2,0,2.000,0,0,13,33,0,12,0
02-10 21:09:43,15.965,3.243,79.327,0,0,1544624,11018452,291112,3422040,3743.831,3198.022,0,0,0,0,2879,2515,2.190,2.130,1.440,2,0,0,0,0,13,33,0,12,0
02-10 21:09:44,18.647,8.316,72.824,0,0,1502976,11060032,291164,3422056,16033.424,8294.402,0,378.988,0,29.230,3263,2439,2.190,2.130,1.440,2,0,34.270,0,0,13,32,0,13,0
02-10 21:09:45,19.141,7.209,72.585,0,0,1526780,11036208,291184,3422056,476.280,0,0,115.341,0,8.949,2144,1246,2.190,2.130,1.440,1,0,1.989,0,0,13,32,0,13,0
02-10 21:09:46,14.498,3.999,81.238,0,0,1552460,11010528,291184,3422056,2936.556,2194.668,0,7.999,0,2.000,1725,1050,2.190,2.130,1.440,1,0,0,0,0,13,33,0,13,0
02-10 21:09:47,18.089,4.522,77.380,0,0,1547816,11015168,291184,3422060,29428.523,441400.710,0,369.816,0,78.385,2816,2070,2.190,2.130,1.440,1,0,0,0,0,13,33,0,13,0
02-10 21:09:48,15.928,10.951,71.925,0,0,1508028,11054888,291244,3422068,1601.764,973.602,0,418.111,0,31.856,3423,2441,2.170,2.130,1.440,1,0,61.721,0,0,13,32,0,14,0
02-10 21:09:49,21.001,7.000,71.502,0,0,1547124,11015528,291492,3422076,511.016,0,0,3828.120,0,193.006,2829,2037,2.170,2.130,1.440,1,0,0,0,0,13,32,0,14,0
02-10 21:09:50,14.246,3.749,80.729,0,0,1566304,10996172,291664,3422076,2957.247,2194.441,0,3075.217,0,143.963,2435,1939,2.170,2.130,1.440,2,0,1.000,0,0,13,33,0,14,0
02-10 21:09:51,17.838,4.774,77.884,0,0,1562968,10999496,291664,3422088,23105.918,121183.464,0,0,0,0,2694,1994,2.170,2.130,1.440,2,0,3.015,0,0,13,33,0,14,0
02-10 21:09:52,18.345,1.735,78.336,0,0,1558892,11003552,291672,3422100,4236.100,3633.209,0,51.563,0,3.966,3121,2729,2.170,2.130,1.440,1,0,0,0,0,13,32,0,15,0
02-10 21:09:53,16.309,11.291,71.761,0,0,1513080,11049364,291672,3422100,721.624,148.540,0,8.029,0,2.007,2730,1596,2.080,2.110,1.440,1,0,43.157,0,0,13,32,0,15,0
02-10 21:09:54,21.506,5.502,73.022,0,0,1558508,11003936,291672,3422100,807.243,74.022,0,0,0,0,2062,1063,2.080,2.110,1.440,0,0,2.001,0,0,13,32,1,15,0
02-10 21:09:55,13.497,3.249,83.228,0,0,1555720,11006720,291672,3422104,5664.534,4913.728,0,0,0,0,2035,1472,2.080,2.110,1.440,2,0,1.000,0,0,13,33,0,15,0
02-10 21:09:56,15.501,2.500,80.755,0,0,1553296,11009128,291672,3422120,19571.166,11164.665,0,0,0,0,3283,3000,2.080,2.110,1.440,1,0,0,0,0,13,33,0,15,0
02-10 21:09:57,14.748,7.249,77.488,0.250,0,1529680,11032676,291732,3422124,2537.592,1836.704,0,399.936,0,32.995,3104,2368,2.080,2.110,1.440,1,0,34.994,0,0,13,32,0,16,0
02-10 21:09:58,5.749,26.745,66.238,0,0,1526764,11035456,291764,3422196,1328.758,147.973,0,2751.498,0,425.922,5329,2648,1.990,2.090,1.440,1,0,173.968,0,0,13,32,0,14,0
02-10 21:09:59,5.251,26.006,66.766,0,0,1512840,11049352,291764,3422224,722.169,0,0,4.001,0,1.000,4572,2520,1.990,2.090,1.440,1,0,168.039,0,0,13,32,0,14,0
02-10 21:10:00,6.251,25.253,67.507,0,0,1515276,11046908,291764,3422232,420.042,0,0,4.000,0,1.000,4471,2589,1.990,2.090,1.440,2,0,160.016,0,0,13,32,0,14,0
02-10 21:10:01,20.200,36.659,41.897,0,0,1496044,11066084,291812,3422236,32137.644,69825.584,0,275.320,0,20.948,5372,3229,1.990,2.090,1.440,3,0,228.436,0,0,13,32,0,16,0
02-10 21:10:02,58.296,18.675,23.722,0,0,1565200,10996648,291904,3422416,46392.377,24438.823,0,621.822,0,40.378,4736,2539,1.990,2.090,1.440,4,0,37.350,0,0,13,32,0,15,0
02-10 21:10:03,61.324,14.897,23.090,0,0,1669744,10890808,291984,3423588,59928.703,30827.853,0,218.482,0,7.945,4645,2110,2.150,2.120,1.450,4,0,6.952,0,0,13,32,0,15,0
02-10 21:10:04,64.995,11.749,23.248,0.250,0,1790112,10767860,292076,3425720,29681.902,14884.948,11.999,671.953,2.000,11.999,4426,1751,2.150,2.120,1.450,4,0,0,0,0,13,32,0,15,0
02-10 21:10:05,62.971,10.995,21.990,3.998,0,1898668,10656040,292152,3428624,30164.084,15460.867,795.633,1727.203,8.996,22.989,4104,1706,2.150,2.120,1.450,3,0,5.997,0,0,13,32,0,15,0
02-10 21:10:06,55.187,16.333,24.500,1.980,0,1913472,10630600,296040,3434948,30117.784,15783.006,0,22882.586,0,1858.047,12461,15411,2.150,2.120,1.450,5,0,91.071,0,0,13,38,0,15,0
02-10 21:10:07,40.739,25.834,26.828,2.732,0,1911280,10620784,302084,3440532,29553.539,14630.209,0,51966.853,0,3435.973,18099,24547,2.150,2.120,1.450,7,1,110.293,0,0,13,38,0,15,0
02-10 21:10:08,38.759,19.631,32.215,5.537,0,1910960,10608700,307756,3446876,29943.896,14905.505,0,51447.448,0,3356.406,17759,24513,2.380,2.170,1.470,2,2,105.706,0,0,13,38,0,15,0
02-10 21:10:09,39.305,18.393,31.746,7.559,0,1911824,10598368,313508,3450348,30688.900,15778.313,0,53470.502,0,3503.156,17518,24588,2.380,2.170,1.470,3,0,119.930,0,0,13,38,0,15,0
02-10 21:10:10,37.937,17.721,34.193,7.737,0,1910988,10587532,319940,3455232,44710.079,22993.983,0,53383.738,0,3659.949,18452,25530,2.380,2.170,1.470,3,0,81.865,0,0,13,38,0,15,0
02-10 21:10:11,50.916,20.021,21.009,5.685,0,1800472,10686820,325548,3460564,44914.183,22579.192,0,44102.487,0,3044.108,14861,22005,2.380,2.170,1.470,7,0,126.549,0,0,13,36,0,14,0
02-10 21:10:12,47.827,23.534,21.509,5.567,0,1827368,10649572,330860,3465244,59027.766,583005.974,0,41172.464,0,2951.591,15887,21448,2.380,2.170,1.470,2,0,125.513,0,0,13,36,0,14,0
02-10 21:10:13,51.000,20.500,21.750,6.250,0,1857576,10608348,336804,3469984,60179.571,30879.780,0,49947.644,0,3247.977,15088,22777,2.830,2.270,1.510,4,2,72.999,0,0,13,36,0,14,0
02-10 21:10:14,53.695,17.564,23.586,4.767,0,1903400,10553808,341216,3474036,29671.721,15072.720,32.117,45886.588,2.007,2627.539,13336,18183,2.830,2.270,1.510,5,0,0,0,0,13,36,0,14,0
02-10 21:10:15,50.394,15.391,26.811,5.958,0,1930408,10513588,346324,3481656,30118.376,15097.418,0,29444.136,0,2213.374,12692,17681,2.830,2.270,1.510,2,2,3.972,0,0,13,38,0,14,0
02-10 21:10:16,48.161,20.318,24.582,6.271,0,1835212,10599288,351736,3485464,44933.917,23745.223,0,52418.890,0,3061.213,15418,21961,2.830,2.270,1.510,6,0,52.174,0,0,13,36,0,14,0
02-10 21:10:17,31.061,22.294,37.825,7.014,0,1827300,10600524,356696,3486960,60061.667,30564.388,0,37073.248,0,2789.511,15280,21076,2.830,2.270,1.510,4,0,95.188,0,0,13,36,0,14,0
02-10 21:10:18,35.625,16.941,36.124,7.972,0,1822088,10598220,362012,3488976,29520.768,14688.635,0,49937.373,0,3334.340,16346,23279,3.090,2.330,1.530,5,1,46.836,0,0,13,36,0,14,0
02-10 21:10:19,47.757,9.300,38.960,3.770,0,1816768,10598668,364768,3490972,30024.656,14870.062,0,25022.725,0,1637.818,9843,11710,3.090,2.330,1.530,2,0,27.146,0,0,13,34,0,14,0
02-10 21:10:20,18.679,29.389,50.310,0.249,0,1570792,10844300,365080,3490996,22618.526,18553.886,0,4407.345,0,225.149,5235,3561,3.090,2.330,1.530,1,0,173.345,0,0,13,32,0,14,0
02-10 21:10:21,14.625,15.381,69.595,0.252,0,1583488,10831540,365136,3491004,53964.271,34738.938,0,802.863,0,41.353,3505,2126,3.090,2.330,1.530,1,0,78.672,0,0,13,32,0,14,0
02-10 21:10:22,22.381,5.968,70.126,0.497,0,1608700,10805892,365556,3491008,59891.575,30861.404,0,6159.151,0,308.355,2979,2420,3.090,2.330,1.530,1,0,0.995,0,0,13,32,0,14,0
02-10 21:10:23,23.246,5.499,70.238,0,0,1632192,10782400,365556,3491008,42869.859,472613.272,0,11.998,0,2.000,2964,1644,2.920,2.310,1.530,1,0,0,0,0,13,32,0,14,0
02-10 21:10:24,22.748,5.000,71.745,0,0,1658744,10755848,365556,3491008,32981.748,139704.462,0,0,0,0,2385,1339,2.920,2.310,1.530,2,0,5.000,0,0,13,34,0,14,0
02-10 21:10:25,25.449,2.495,70.858,0,0,1666008,10748532,365596,3491016,49036.669,25245.376,0,207.584,0,14.970,3096,2143,2.920,2.310,1.530,2,0,0,0,0,13,38,0,14,0
02-10 21:10:26,19.431,8.328,72.677,0,0,1591204,10823320,365620,3491008,56689.890,30778.607,0,104.978,0,9.085,2751,1539,2.920,2.310,1.530,1,0,27.254,0,0,13,32,0,14,0
02-10 21:10:27,21.756,5.251,72.770,0,0,1606112,10808404,365620,3491016,45077.411,22890.302,0,0,0,0,2231,1151,2.920,2.310,1.530,1,0,3.001,0,0,13,32,0,12,0
02-10 21:10:28,21.109,5.712,71.772,0,0,1629132,10785344,365656,3491020,29427.951,15125.236,0,691.394,0,106.292,2610,1604,2.760,2.280,1.530,1,0,0,0,0,13,32,0,12,0
02-10 21:10:29,23.251,4.250,72.252,0,0,1655580,10758884,365668,3491020,29743.860,15078.436,0,120.003,0,10.000,2172,1206,2.760,2.280,1.530,1,0,2.000,0,0,13,32,0,12,0
02-10 21:10:30,36.243,11.248,52.990,0,0,1665568,10748860,365700,3491020,30146.155,15810.935,0,203.960,0,13.997,3908,11776,2.760,2.280,1.530,1,0,38.992,0,0,13,34,0,13,0
02-10 21:10:31,8.498,31.244,58.489,0,0,1584940,10829416,365752,3491036,46101.968,24141.270,0,583.886,0,30.994,4922,3009,2.760,2.280,1.530,2,0,198.961,0,0,13,32,0,12,0
02-10 21:10:32,10.502,45.760,41.259,0,0,1574864,10839464,365776,3491040,61294.903,33705.095,0,220.046,0,14.003,5856,3601,2.760,2.280,1.530,2,0,303.064,0,0,13,32,0,12,0
02-10 21:10:33,10.717,46.358,41.124,0,0,1562772,10851548,365776,3491048,60753.249,33816.607,0,15.951,0,3.988,5750,3520,2.780,2.300,1.540,2,0,304.070,0,0,13,32,0,12,0
02-10 21:10:34,12.025,46.348,39.834,0,0,1553036,10861268,365776,3491064,60093.295,575412.889,0,208.442,0,44.093,6135,3751,2.780,2.300,1.540,2,0,304.645,0,0,13,32,0,12,0
02-10 21:10:35,6.003,31.265,60.779,0,0,1550248,10864052,365776,3491068,60197.660,30358.454,0,36.017,0,8.004,4924,2895,2.780,2.300,1.540,3,0,212.101,0,0,13,32,0,12,0
02-10 21:10:36,5.753,25.765,66.790,0,0,1528916,10885376,365776,3491072,29968.957,14762.846,0,4334.597,0,28.017,4667,2648,2.780,2.300,1.540,1,0,168.101,0,0,13,32,0,12,0
02-10 21:10:37,6.748,24.744,66.985,0,0,1523592,10890672,365784,3491084,30581.974,21255.117,0,259.940,0,4.999,4666,2570,2.780,2.300,1.540,1,0,168.961,0,0,13,32,0,12,0
02-10 21:10:38,6.501,24.754,67.760,0,0,1507716,10906540,365784,3491092,61155.843,32154.650,0,8.001,0,2.000,4634,2642,2.640,2.270,1.530,1,0,153.022,0,0,13,32,0,12,0
02-10 21:10:39,5.751,23.252,69.256,0,0,1503868,10910380,365784,3491100,60944.445,34441.077,0,0,0,0,4511,2601,2.640,2.270,1.530,1,0,134.012,0,0,13,32,0,12,0
02-10 21:10:40,7.208,23.365,67.112,0,0,1505760,10908452,365808,3491112,45170.573,24878.017,0,151.125,0,10.937,4633,3015,2.640,2.270,1.530,2,0,134.223,0,0,13,32,0,12,0
02-10 21:10:41,8.801,23.889,67.140,0,0,1506032,10908156,365840,3491116,61662.991,32452.406,0,1070.213,0,84.491,4562,2569,2.640,2.270,1.530,1,0,120.701,0,0,13,32,0,12,0
02-10 21:10:42,6.998,24.244,67.234,0,0,1500116,10913932,365840,3491256,60655.989,31874.637,0,11.997,0,2.999,4445,2617,2.640,2.270,1.530,2,0,123.971,0,0,13,32,0,12,0
02-10 21:10:43,8.751,24.502,65.505,0,0,1498664,10915376,365840,3491264,60588.694,592963.936,0,12.001,0,3.000,4926,2997,2.590,2.270,1.540,1,0,120.009,0,0,13,32,0,11,0
02-10 21:10:44,14.752,27.254,56.257,0,0,1498168,10915852,365840,3491724,60545.950,31368.119,0,8.001,0,2.000,5213,4867,2.590,2.270,1.540,2,0,115.015,0,0,13,32,0,11,0
02-10 21:10:45,20.258,22.759,54.522,1.751,0,1490856,10922500,365872,3492328,44921.003,23307.341,792.318,0,41.016,0,4597,4791,2.590,2.270,1.540,1,0,74.030,0,0,13,32,0,11,0
02-10 21:10:46,34.222,21.982,43.215,0,0,1544924,10868252,365888,3492472,45736.968,24012.558,0,267.783,0,8.993,4624,2881,2.590,2.270,1.540,3,0,75.939,0,0,13,32,0,11,0
02-10 21:10:47,43.260,20.755,35.508,0,0,1622820,10790164,365888,3492592,60670.406,32681.221,0,36.008,0,2.000,4184,2171,2.590,2.270,1.540,2,0,55.012,0,0,13,33,0,10,0
02-10 21:10:48,43.509,9.002,47.260,0,0,1690344,10722628,365888,3492604,44445.511,22268.765,0,0,0,0,3157,1367,2.780,2.310,1.550,3,0,2.000,0,0,13,33,0,10,0
02-10 21:10:49,54.337,5.982,39.880,0,0,1721240,10691660,365932,3492632,18834.397,7447.618,0,247.257,0,11.964,4435,2922,2.780,2.310,1.550,2,0,16.949,0,0,13,49,0,10,0
02-10 21:10:50,42.839,9.269,47.098,0,0,1753828,10657916,366000,3493712,29685.706,15129.449,0,1010.100,0,101.210,3764,1894,2.780,2.310,1.550,3,0,3.006,0,0,13,49,0,10,0
02-10 21:10:51,34.730,16.741,47.473,0,0,1767404,10641304,366044,3496340,15956.989,8255.338,0,635.641,0,36.979,5272,5676,2.780,2.310,1.550,1,0,59.966,0,0,13,48,0,9,0
02-10 21:10:52,7.003,22.260,69.281,0.250,0,1771376,10637076,366096,3496492,61039.411,34005.271,20.009,1040.467,5.002,13.006,4476,2850,2.780,2.310,1.550,1,0,126.057,0,0,13,48,0,9,0
02-10 21:10:53,7.735,24.702,65.622,0,0,1777564,10630864,366096,3496500,69126.269,475044.111,0,3.992,0,0.998,5176,3355,2.720,2.310,1.560,2,0,163.681,0,0,13,48,0,9,0
02-10 21:10:54,21.753,22.753,53.757,0,0,1775820,10632568,366096,3496892,46860.020,138179.752,0,0,0,0,6364,7715,2.720,2.310,1.560,5,0,88.011,0,0,13,48,0,9,0
02-10 21:10:55,12.518,19.528,64.093,2.504,0,1766292,10640652,366116,3497888,60150.012,31569.668,1422.057,0,36.052,0,3622,2551,2.720,2.310,1.560,1,0,80.116,0,0,13,48,0,9,0
02-10 21:10:56,15.513,20.767,60.050,2.752,0,1773868,10629152,366124,3502256,45001.371,22925.038,3891.231,0,57.047,0,4951,4938,2.720,2.310,1.560,1,0,79.066,0,0,14,48,0,8,0
02-10 21:10:57,21.395,20.640,57.892,0,0,1764952,10638060,366132,3502260,45269.441,23537.330,0,112.763,0,4.027,4965,5138,2.720,2.310,1.560,1,0,66.450,0,0,14,48,0,8,0
02-10 21:10:58,9.893,24.732,59.110,3.463,0,1836176,10564484,366144,3504060,44898.058,24639.323,2219.973,7.914,45.507,1.979,4568,3132,2.660,2.300,1.560,1,0,119.704,0,0,14,48,0,8,0
02-10 21:10:59,33.107,24.580,41.384,0,0,1836496,10564084,366184,3504084,61729.272,33476.610,0,8848.708,0,942.056,6644,3250,2.660,2.300,1.560,3,0,99.322,0,0,14,64,0,8,0
02-10 21:11:00,10.005,22.511,66.531,0,0,1845800,10554768,366192,3504480,61040.881,33868.025,0,40.019,0,3.001,5240,3974,2.660,2.300,1.560,5,0,119.056,0,0,14,64,0,7,0
02-10 21:11:01,19.205,22.653,55.893,0,0,1843120,10557436,366192,3504480,44569.342,22959.815,0,539.721,0,65.003,5206,5866,2.660,2.300,1.560,5,0,65.988,0,0,14,64,0,7,0
02-10 21:11:02,18.736,30.635,48.358,2.532,0,1841968,10558044,366232,3504568,69283.780,596799.372,392.944,283.568,17.217,8.102,4914,3855,2.660,2.300,1.560,3,0,166.090,0,0,14,64,0,7,0
02-10 21:11:03,2.758,4.764,91.270,0.501,0,1843268,10555524,366236,3505736,48945.655,24213.561,1075.178,8.024,16.047,1.003,1882,1555,2.610,2.300,1.560,1,0,23.068,0,0,14,64,0,7,0
02-10 21:11:04,5.751,19.753,69.761,3.751,0,1846528,10550492,366236,3507472,45733.030,25763.960,1728.266,4.001,20.003,1.000,4068,2615,2.610,2.300,1.560,1,0,101.016,0,0,16,64,0,1,0
02-10 21:11:05,16.501,25.751,57.002,0,0,1852592,10544284,366236,3507956,45192.767,23258.910,0,4.000,0,1.000,5215,5083,2.610,2.300,1.560,1,0,99.004,0,0,16,64,0,1,0
02-10 21:11:06,18.227,22.721,57.676,0,0,1839824,10557048,366236,3507512,59687.488,31154.064,3.995,0,0.999,0,4980,5144,2.610,2.300,1.560,2,0,75.903,0,0,16,64,0,1,0
02-10 21:11:07,7.761,28.040,60.836,2.003,0,1842064,10552888,366240,3509400,45435.585,23627.586,1882.676,0,23.033,0,4667,2760,2.610,2.300,1.560,1,0,147.209,0,0,16,66,0,1,0
02-10 21:11:08,7.748,26.492,64.482,0,0,1847328,10547596,366244,3509404,61255.472,33376.449,0,179.949,0,9.997,4689,2817,2.560,2.290,1.560,2,0,158.955,0,0,16,66,0,1,0
02-10 21:11:09,9.240,22.976,66.181,0,0,1846468,10548440,366244,3509420,62913.255,445987.940,0,3.996,0,0.999,4873,2823,2.560,2.290,1.560,1,0,129.864,0,0,16,66,0,1,0
02-10 21:11:10,7.249,25.245,65.987,0,0,1848972,10545932,366244,3509424,60280.393,31223.988,0,19.996,0,4.999,4452,2711,2.560,2.290,1.560,3,0,131.975,0,0,16,66,0,1,0
02-10 21:11:11,8.010,25.283,64.834,0,0,1845916,10548708,366516,3509432,61018.290,31883.431,0,5362.969,0,246.320,5173,3664,2.560,2.290,1.560,1,0,126.164,0,0,16,66,0,1,0
02-10 21:11:12,15.747,23.996,58.990,0,0,1855208,10539412,366516,3509908,44716.125,22532.032,0,3.999,0,1.000,4914,4692,2.560,2.290,1.560,2,0,88.984,0,0,16,66,0,1,0
02-10 21:11:13,19.252,20.503,60.007,0,0,1842604,10552028,366516,3509512,44788.533,22728.808,0,0,0,0,4476,5121,2.510,2.290,1.570,1,0,66.008,0,0,16,66,0,1,0
02-10 21:11:14,23.230,28.476,47.210,0,0,1880172,10514424,366532,3509432,60300.836,32562.372,0,3.997,0,0.999,5263,3103,2.510,2.290,1.570,3,0,122.896,0,0,16,66,0,1,0
02-10 21:11:15,28.032,29.533,41.547,0,0,1932040,10462484,366540,3509496,56516.888,30676.678,0,1417.602,0,248.281,5672,2832,2.510,2.290,1.570,2,0,167.189,0,0,16,66,0,1,0
02-10 21:11:16,25.361,29.588,44.009,0,0,1983848,10410568,366556,3509548,50033.484,26164.445,0,278.472,0,3.978,5081,2833,2.510,2.290,1.570,3,0,131.280,0,0,16,66,0,1,0
02-10 21:11:17,28.326,28.576,41.360,1.003,0,2016052,10376612,366608,3511164,60981.681,33326.906,36.096,204.546,3.008,4.011,6023,5032,2.510,2.290,1.570,3,0,143.383,0,0,16,68,0,2,0
02-10 21:11:18,25.811,30.572,42.099,0.752,0,2028868,10363760,366624,3511164,61095.640,33424.584,12.028,16.038,3.007,4.009,5220,2893,2.550,2.300,1.570,2,0,178.419,0,0,16,70,0,3,0
02-10 21:11:19,24.144,31.114,43.062,0,0,2097104,10295508,366624,3511176,60685.725,32647.289,0,0,0,0,5147,2846,2.550,2.300,1.570,2,0,165.278,0,0,16,70,0,3,0
02-10 21:11:20,28.194,27.438,44.808,0.252,0,2133532,10259048,366628,3511184,63161.701,756528.715,4.028,592.065,1.007,3.021,5313,3095,2.550,2.300,1.570,2,0,139.961,0,0,16,70,0,3,0
02-10 21:11:21,22.443,26.931,48.128,0,0,2152932,10239396,366628,3511408,60583.897,31264.475,0,11.970,0,2.992,4886,2769,2.550,2.300,1.570,1,0,121.690,0,0,16,70,0,3,0
02-10 21:11:22,7.479,24.682,67.065,0,0,2146828,10245476,366636,3511412,45187.365,23128.208,0,957.359,0,7.978,4389,2611,2.550,2.300,1.570,1,0,119.670,0,0,16,70,0,3,0
02-10 21:11:23,6.771,24.325,67.208,0,0,2133992,10258300,366636,3511424,61187.928,31537.377,0,433.338,0,7.022,4619,2740,2.510,2.290,1.580,1,0,123.381,0,0,16,70,0,3,0
02-10 21:11:24,10.748,25.496,62.241,0,0,2132872,10259420,366636,3511880,61143.694,31779.163,0,7.999,0,2.000,5965,5629,2.510,2.290,1.580,1,0,128.980,0,0,16,70,0,3,0
02-10 21:11:25,18.425,24.400,54.777,0,0,2128032,10264188,366636,3511820,44601.050,22699.398,0,3.984,0,0.996,4994,5108,2.510,2.290,1.580,9,0,89.634,0,0,16,70,0,3,0
02-10 21:11:26,21.646,18.661,58.719,0,0,2138696,10253392,366636,3512012,44510.656,22444.422,0,3.981,0,0.995,3491,2321,2.510,2.290,1.580,4,0,30.852,0,0,16,70,0,3,0
02-10 21:11:27,45.468,34.666,20.347,0,0,2224828,10167240,366656,3512016,70940.377,460995.388,0,184.884,0,2.010,5579,3035,2.510,2.290,1.580,5,0,129.620,0,0,16,70,0,3,0
02-10 21:11:28,51.435,27.216,20.724,0,0,2294504,10097532,366656,3512048,62156.411,92938.492,0,7.990,0,1.997,5312,2688,2.710,2.340,1.600,5,0,134.830,0,0,16,70,0,3,0
02-10 21:11:29,49.263,31.508,18.005,0,0,2353652,10037812,366684,3512576,45756.975,24010.284,0,16.004,0,4.001,5087,3230,2.710,2.340,1.600,7,0,114.030,0,0,16,70,0,3,0
02-10 21:11:30,51.698,33.966,13.986,0,0,2401028,9989688,366728,3514792,60411.659,32119.918,0,7424.584,0,801.200,6813,6437,2.710,2.340,1.600,6,0,172.827,0,0,16,70,0,3,0
02-10 21:11:31,53.815,26.047,14.498,2.457,0,2411820,9975972,367452,3514928,48421.495,25060.480,597.614,676.248,57.992,31.453,6045,14405,2.710,2.340,1.600,5,2,117.950,0,0,16,70,0,4,0
02-10 21:11:32,57.560,25.246,15.652,3.029,0,2440508,9946708,367880,3514860,56610.776,29204.132,424.126,1179.475,75.737,7.069,5838,5803,2.710,2.340,1.600,5,0,79.776,0,0,16,74,0,3,0
02-10 21:11:33,47.074,35.556,14.523,0.751,0,2525688,9857560,370180,3516468,45850.674,25912.506,0,8248.895,0,988.545,9476,11579,3.290,2.470,1.640,7,0,134.210,0,0,16,74,0,3,0
02-10 21:11:34,45.663,30.526,20.939,1.514,0,2561152,9809440,372588,3526384,61629.348,35305.285,0,17175.326,0,1164.531,10572,13152,3.290,2.470,1.640,5,0,105.958,0,0,16,74,0,3,0
02-10 21:11:35,49.578,28.651,18.187,1.495,0,2588760,9776288,374500,3529864,45471.116,24694.257,0,11240.969,0,1266.602,10713,13859,3.290,2.470,1.640,6,0,113.606,0,0,16,74,0,3,0
02-10 21:11:36,49.042,31.689,16.599,1.509,0,2628984,9731472,376396,3532412,72749.238,611992.551,0,9798.351,0,1072.386,10501,12811,3.290,2.470,1.640,6,1,100.599,0,0,16,74,0,3,0
02-10 21:11:37,57.678,30.462,8.489,1.998,0,2670596,9686180,376828,3535316,45820.896,23294.969,531.338,5061.692,6.991,441.450,7564,7083,3.290,2.470,1.640,6,0,131.836,0,0,16,79,0,5,1
02-10 21:11:38,61.936,23.376,11.568,0,0,2703312,9652556,376864,3536536,43344.254,22223.522,3.856,751.902,0.964,33.739,6476,7731,3.350,2.490,1.650,8,0,81.938,0,0,16,82,0,7,0
02-10 21:11:39,43.403,31.967,26.769,0,0,2721980,9631088,376928,3538848,62378.443,32755.362,0,1168.498,0,63.415,7667,12425,3.350,2.490,1.650,2,0,141.384,0,0,16,98,0,14,0
02-10 21:11:40,24.634,30.358,44.043,0,0,2758748,9594268,376956,3538856,45916.560,25269.436,0,740.525,0,38.818,5191,3190,3.350,2.490,1.650,2,0,136.360,0,0,16,98,0,14,0
02-10 21:11:41,28.768,27.267,43.027,0,0,2805320,9547448,377172,3538880,61036.829,35047.721,0,5579.458,0,260.161,5648,3668,3.350,2.490,1.650,2,0,124.077,0,0,16,98,0,14,0
02-10 21:11:42,27.469,29.467,42.702,0,0,2840032,9512600,377172,3539016,60343.861,31372.575,0,15.982,0,3.995,5077,2801,3.350,2.490,1.650,3,0,123.860,0,0,16,98,0,14,0
02-10 21:11:43,28.927,28.676,42.259,0,0,2879112,9473448,377172,3539052,46242.053,23854.013,0,2479.175,0,14.086,4915,2868,3.320,2.500,1.660,2,0,121.745,0,0,16,100,0,14,0
02-10 21:11:44,36.966,25.227,37.215,0,0,2881276,9471268,377172,3539536,60643.653,31618.622,0,3.996,0,0.999,5429,4644,3.320,2.500,1.660,2,0,118.890,0,0,16,100,0,14,0
02-10 21:11:45,32.277,23.520,43.537,0,0,2870748,9480108,377176,3540764,54933.278,556406.738,0,0,0,0,6271,7899,3.320,2.500,1.660,1,0,85.072,0,0,16,98,0,15,0
02-10 21:11:46,20.993,29.240,48.983,0,0,2898548,9452164,377180,3540776,46736.223,24479.736,0,239.919,0,3.999,5289,3298,3.320,2.500,1.660,4,0,111.962,0,0,16,98,0,15,0
02-10 21:11:47,26.756,27.256,45.260,0,0,2950048,9400660,377180,3540784,61164.453,33571.384,0,12.003,0,3.001,5150,2786,3.320,2.500,1.660,2,0,127.028,0,0,16,98,0,15,0
02-10 21:11:48,29.555,27.802,42.079,0,0,2991476,9359224,377180,3540792,61146.334,33875.342,0,52.097,0,3.006,5304,2955,3.220,2.490,1.660,3,0,138.259,0,0,16,100,0,15,0
02-10 21:11:49,30.825,29.085,39.028,0,0,3035180,9315428,377220,3540844,60626.527,33730.348,0,576.723,0,39.774,5408,3450,3.220,2.490,1.660,2,0,128.271,0,0,16,102,0,15,0
02-10 21:11:50,33.921,24.692,40.405,0,0,3077392,9273196,377228,3540856,45038.558,24524.584,0,726.300,0,135.682,5130,2794,3.220,2.490,1.660,2,0,110.741,0,0,16,106,0,15,0
02-10 21:11:51,31.410,30.153,37.441,0,0,3067460,9281640,377228,3542352,60713.939,31456.062,0,12.061,0,3.015,6596,6726,3.220,2.490,1.660,2,0,125.639,0,0,16,108,0,18,0
02-10 21:11:52,10.494,27.234,60.714,0,0,3071920,9276900,377252,3542564,60777.633,30471.767,0,463.723,0,16.990,4819,3132,3.220,2.490,1.660,4,0,129.922,0,0,16,108,0,18,0
02-10 21:11:53,12.953,26.404,58.538,0,0,3080572,9268236,377268,3543028,59731.917,583670.542,0,390.587,0,17.935,6029,5775,3.680,2.600,1.700,10,0,136.506,0,0,16,108,0,18,0
02-10 21:11:54,20.598,26.627,51.496,0,0,3072144,9276636,377296,3543028,45222.169,22740.704,0,3034.505,0,27.130,5586,5810,3.680,2.600,1.700,5,0,80.384,0,0,16,108,0,18,0
02-10 21:11:55,18.642,16.157,64.626,0,0,3088764,9259844,377316,3543148,44644.800,22533.678,0,238.620,0,11.931,3284,2192,3.680,2.600,1.700,4,0,17.896,0,0,16,110,0,18,0
02-10 21:11:56,49.279,26.148,24.388,0,0,3189040,9159552,377320,3543168,61329.129,33147.619,0,0,0,0,5120,2512,3.680,2.600,1.700,2,0,109.620,0,0,16,111,0,18,0
02-10 21:11:57,42.006,11.002,47.007,0,0,3252004,9096552,377320,3543200,44909.300,22713.186,0,56.008,0,1.000,3311,1491,3.680,2.600,1.700,2,0,2.000,0,0,16,111,0,18,0
02-10 21:11:58,23.082,16.877,58.078,0,0,3269608,9078216,377432,3543744,44746.946,23473.482,0,778.346,0,68.502,4816,3724,3.540,2.590,1.700,1,0,80.416,0,0,16,114,0,18,0
02-10 21:11:59,6.040,24.162,68.207,0,0,3274056,9073684,377484,3543772,61655.064,33653.465,0,1091.311,0,58.391,4862,3034,3.540,2.590,1.700,2,0,140.944,0,0,16,114,0,18,0
02-10 21:12:00,6.743,22.977,69.182,0,0,3274764,9072968,377492,3543772,60760.138,33664.833,0,107.894,0,8.991,4655,2926,3.540,2.590,1.700,1,0,131.870,0,0,16,114,0,18,0
02-10 21:12:01,11.493,25.484,62.210,0,0,3266448,9081272,377496,3543780,61256.042,33886.449,0,18324.346,0,2000.728,8320,2862,3.540,2.590,1.700,1,0,129.917,0,0,16,116,0,18,0
02-10 21:12:02,20.782,28.794,48.574,0,0,3347544,9000028,377504,3543920,58781.565,569075.091,0,84.128,0,6.009,5344,3250,3.540,2.590,1.700,3,0,134.204,0,0,16,118,0,18,0
02-10 21:12:03,9.754,23.010,65.528,0,0,3357044,8990500,377520,3543932,61566.857,33698.152,0,328.138,0,22.009,4829,3304,3.580,2.610,1.720,2,0,135.057,0,0,16,118,0,18,0
02-10 21:12:04,7.239,22.714,69.141,0,0,3360512,8987012,377528,3543944,60843.878,33523.040,0,95.849,0,9.984,4667,2894,3.580,2.610,1.720,2,0,136.784,0,0,16,118,0,18,0
02-10 21:12:05,8.764,21.283,68.107,0,0,3373308,8974172,377528,3543980,60746.054,32689.151,0,4.006,0,1.002,4276,2561,3.580,2.610,1.720,1,0,113.177,0,0,16,118,0,18,0
02-10 21:12:06,18.989,7.745,72.207,0,0,3408836,8938640,377528,3543984,30112.995,14907.087,0,0,0,0,2357,1455,3.580,2.610,1.720,1,0,1.999,0,0,16,118,0,18,0
02-10 21:12:07,16.003,4.251,80.016,0,0,3441300,8906160,377544,3543984,31345.165,17310.405,0,112.022,0,12.002,2369,1695,3.580,2.610,1.720,1,0,0,0,0,16,119,0,18,0
02-10 21:12:08,26.473,7.742,64.934,0.250,0,3441980,8905404,377596,3544012,20002.693,11424.402,0,1042.941,0,126.871,3540,2606,3.610,2.640,1.730,2,0,7.992,0,0,16,126,0,18,0
02-10 21:12:09,22.020,3.503,74.318,0,0,3443956,8903400,377616,3544020,49025.707,33597.638,0,316.288,0,30.027,3026,2396,3.610,2.640,1.730,1,0,2.002,0,0,16,124,0,19,0
02-10 21:12:10,13.426,15.167,70.116,0,0,3447612,8899720,377628,3544032,7258.208,2076.615,0,171.062,0,8.951,3217,2000,3.610,2.640,1.730,3,0,63.651,0,0,16,124,0,19,0
02-10 21:12:11,22.096,5.022,72.313,0,0,3479500,8867824,377636,3544032,53139.000,33032.975,0,453.965,0,27.117,2471,1506,3.610,2.640,1.730,1,0,0,0,0,16,124,0,19,0
02-10 21:12:12,30.280,7.257,62.061,0,0,3483624,8863256,377696,3544404,35426.594,20740.253,0,424.414,0,44.043,4875,5098,3.610,2.640,1.730,1,0,9.009,0,0,16,127,0,19,0
02-10 21:12:13,17.491,3.748,76.959,0,0,3481172,8865696,377700,3544412,16273.393,8345.586,0,159.915,0,7.996,2302,1574,3.480,2.630,1.730,1,0,0,0,0,16,129,0,20,0
02-10 21:12:14,23.461,5.990,69.884,0,0,3483500,8862952,377816,3544668,14967.209,7593.422,0,890.525,0,95.841,3949,3656,3.480,2.630,1.730,2,0,0,0,0,16,129,0,20,0
02-10 21:12:15,27.868,9.455,61.211,0.498,0,3485740,8860420,378020,3544748,15039.973,7584.183,0,1377.495,0,162.234,6050,6715,3.480,2.630,1.730,1,0,4.976,0,0,16,132,0,20,0
02-10 21:12:16,20.292,8.768,69.644,0,0,3489944,8856056,378116,3544812,14902.887,7701.963,0,917.902,0,87.181,4195,4105,3.480,2.630,1.730,2,0,1.002,0,0,16,134,0,20,0
02-10 21:12:17,28.885,4.772,65.054,0.251,0,3488744,8856912,378296,3544968,29194.295,576769.668,0,4243.812,0,263.229,5125,4652,3.480,2.630,1.730,2,0,3.014,0,0,16,131,0,21,0
02-10 21:12:18,9.994,18.988,69.706,0,0,3439980,8905652,378312,3544976,479.695,0,0,375.761,0,21.986,3833,2425,3.290,2.600,1.730,2,0,112.928,0,0,16,131,0,21,0
02-10 21:12:19,21.525,6.007,72.083,0,0,3488732,8856876,378328,3544980,44894.445,24241.779,0,228.262,0,14.016,2537,1536,3.290,2.600,1.730,2,0,0,0,0,16,131,0,21,0
02-10 21:12:20,13.994,3.748,81.965,0,0,3503060,8842492,378380,3544984,35597.814,20152.403,0,1079.539,0,59.974,2632,2193,3.290,2.600,1.730,2,0,1.000,0,0,16,132,0,21,0
02-10 21:12:21,20.740,5.747,73.215,0,0,3500796,8844612,378392,3545116,31148.171,15434.652,0,75.964,0,5.997,2702,1928,3.290,2.600,1.730,2,0,1.999,0,0,16,132,0,21,0
02-10 21:12:22,21.251,4.250,73.002,0,0,3500616,8844716,378456,3545128,17262.472,9284.254,0,496.014,0,71.002,3683,3372,3.290,2.600,1.730,1,0,1.000,0,0,16,134,0,20,0
02-10 21:12:23,24.159,11.094,63.110,0.247,0,3543048,8802204,378540,3545120,15078.402,7194.560,0,619.269,0,58.180,4979,4764,3.260,2.610,1.730,4,0,2.958,0,0,16,134,0,20,0
02-10 21:12:24,43.656,27.097,28.602,0,0,3667180,8677976,378592,3545160,17222.494,8831.534,0,469.677,0,42.151,5039,3235,3.260,2.610,1.730,5,0,84.301,0,0,16,133,0,21,0
02-10 21:12:25,40.691,14.406,45.998,0,0,3719292,8625832,378616,3545164,15688.985,8898.411,0,727.886,0,23.252,3664,1915,3.260,2.610,1.730,3,0,14.153,0,0,16,133,0,21,0
02-10 21:12:26,38.012,7.002,54.267,0.250,0,3776544,8568500,378688,3545168,45798.047,24632.555,0,1420.436,0,68.021,3293,1775,3.260,2.610,1.730,1,0,0,0,0,16,134,0,21,0
02-10 21:12:27,18.498,5.499,74.742,0,0,3779424,8565584,378708,3545184,54185.345,37137.124,0,387.960,0,67.993,2781,1936,3.260,2.610,1.730,1,0,2.000,0,0,16,134,0,21,0
02-10 21:12:28,20.503,12.502,67.259,0,0,3769092,8575892,378712,3545200,15393.014,7494.981,0,148.019,0,9.001,3274,1947,3.260,2.610,1.730,1,0,57.007,0,0,16,135,0,22,0
02-10 21:12:29,21.253,7.251,71.762,0,0,3766024,8578960,378712,3545200,44916.225,27086.357,0,160.026,0,11.002,2499,1548,3.080,2.580,1.730,1,0,0,0,0,16,135,0,22,0
02-10 21:12:30,13.704,3.488,81.476,0,0,3773348,8571624,378720,3545204,35208.805,20645.693,0,143.518,0,8.970,2236,1564,3.080,2.580,1.730,1,0,2.990,0,0,16,136,0,22,0
02-10 21:12:31,31.599,11.035,57.431,0,0,3784476,8560476,378728,3545216,50188.003,33861.604,0,124.392,0,8.025,3922,8927,3.080,2.580,1.730,1,0,36.114,0,0,16,135,0,24,0
02-10 21:12:32,14.744,14.494,69.722,0,0,3753436,8591496,378732,3545228,30527.538,18810.321,0,3482.578,0,548.776,4124,1989,3.080,2.580,1.730,1,0,50.979,0,0,16,135,0,24,0
02-10 21:12:33,22.002,5.001,72.008,0,0,3790412,8554520,378732,3545228,44319.702,22220.357,0,80.008,0,3.000,2547,1445,3.080,2.580,1.730,2,0,2.000,0,0,16,135,0,24,0
02-10 21:12:34,14.226,4.492,80.612,0,0,3766284,8578620,378752,3545236,32200.848,460052.049,0,159.726,0,19.966,2632,1874,2.910,2.550,1.720,2,0,0,0,0,16,136,0,23,0
02-10 21:12:35,17.447,5.733,75.521,0,0,3763756,8581132,378776,3545228,32819.419,150930.045,0,346.947,0,43.867,3338,2817,2.910,2.550,1.720,3,0,0.997,0,0,16,136,0,23,0
02-10 21:12:36,22.992,5.559,71.756,0,0,3714164,8630556,378844,3545324,16843.473,8533.919,0,598.304,0,57.607,3229,2622,2.910,2.550,1.720,2,0,4.043,0,0,16,135,0,24,0
02-10 21:12:37,13.178,16.162,69.372,0,0,3734076,8610616,378864,3545332,16004.904,8853.819,0,318.268,0,23.870,3782,2563,2.910,2.550,1.720,2,0,79.567,0,0,16,135,0,24,0
02-10 21:12:38,21.243,5.748,72.227,0,0,3754188,8590492,378876,3545332,45348.442,23050.600,0,543.825,0,66.978,2536,1463,2.910,2.550,1.720,2,0,0,0,0,16,135,0,21,0
02-10 21:12:39,14.738,3.497,81.183,0.250,0,3764756,8579912,378884,3545336,35728.608,20845.851,0,283.767,0,24.979,2643,1944,2.840,2.540,1.730,2,0,1.998,0,0,16,136,0,21,0
02-10 21:12:40,17.760,4.503,77.043,0,0,3713180,8631460,378892,3545352,34666.527,26473.912,0,196.110,0,10.006,2485,1562,2.840,2.540,1.730,1,0,15.008,0,0,16,135,0,22,0
02-10 21:12:41,15.008,13.508,70.540,0,0,3741036,8603592,378900,3545356,60229.085,35193.917,0,288.163,0,13.007,3101,1947,2.840,2.540,1.730,1,0,41.023,0,0,16,135,0,22,0
02-10 21:12:42,19.492,4.498,75.219,0,0,3778912,8565688,378928,3545356,30668.357,16437.224,0,647.733,0,32.986,2268,1369,2.840,2.540,1.730,1,0,1.999,0,0,16,136,0,14,0
02-10 21:12:43,12.510,4.003,83.314,0,0,3771144,8573444,378936,3545360,35221.960,19975.290,0,124.095,0,11.008,2139,1543,2.840,2.540,1.730,0,0,0,0,0,16,136,0,14,0
02-10 21:12:44,21.245,8.998,67.986,0.250,0,3770580,8573512,379212,3545568,16603.477,7810.343,0,1511.679,0,200.957,6124,6802,2.610,2.500,1.720,1,0,1.000,0,0,16,137,0,14,0
02-10 21:12:45,21.733,9.243,67.197,0.250,0,3772304,8571692,379320,3545556,15310.936,7518.076,0,1270.999,0,98.922,4890,4939,2.610,2.500,1.720,1,0,1.998,0,0,16,139,0,14,0
02-10 21:12:46,24.270,10.759,63.302,0,0,3732972,8610668,379572,3545648,16509.581,9065.458,0,5748.729,0,320.263,5066,4669,2.610,2.500,1.720,1,0,37.030,0,0,16,138,0,15,0
02-10 21:12:47,18.164,9.704,71.661,0,0,3733916,8609720,379576,3545648,15804.290,8814.333,0,250.814,0,9.953,2393,1562,2.610,2.500,1.720,1,0,16.920,0,0,16,138,0,15,0
02-10 21:12:48,17.565,4.768,77.788,0,0,3771948,8571680,379584,3545648,45941.897,24827.815,0,1557.761,0,284.050,2608,1403,2.610,2.500,1.720,0,0,2.007,0,0,16,139,0,15,0
02-10 21:12:49,14.478,3.495,81.125,0,0,3771856,8571736,379612,3545656,37289.517,21580.732,0,595.083,0,29.954,2359,1739,2.400,2.460,1.710,2,0,0,0,0,16,139,0,15,0
02-10 21:12:50,15.535,7.266,76.671,0,0,3772592,8570980,379644,3545640,17388.669,9447.009,0,284.633,0,19.042,3112,2579,2.400,2.460,1.710,2,0,1.002,0,0,16,139,0,15,0
02-10 21:12:51,23.730,8.493,66.444,0,0,3774132,8569216,379820,3545688,15338.022,7613.558,0,815.310,0,97.917,5651,6020,2.400,2.460,1.710,3,0,1.998,0,0,16,139,0,15,0
02-10 21:12:52,25.749,7.750,64.747,0,0,3776604,8566696,379948,3545604,15231.203,7457.610,0,523.973,0,53.997,5338,4861,2.400,2.460,1.710,1,0,1.000,0,0,16,141,0,15,0
02-10 21:12:53,25.871,4.229,67.662,0.249,0,3777104,8565940,380060,3545740,16165.284,7259.751,0,497.516,0,46.766,4313,3860,2.400,2.460,1.710,1,0,0,0,0,16,141,0,15,0
02-10 21:12:54,32.943,15.843,50.798,0,0,3716564,8626200,380180,3545896,29718.125,583965.591,0,796.668,0,75.442,6431,5326,2.290,2.430,1.700,2,0,80.472,0,0,16,140,0,13,0
02-10 21:12:55,17.587,8.793,72.859,0,0,3744252,8598480,380196,3545912,601.963,0,0,321.583,0,14.069,2337,1465,2.290,2.430,1.700,1,0,0,0,0,16,140,0,13,0
02-10 21:12:56,20.375,4.224,74.790,0,0,3780640,8562076,380212,3545912,44842.201,24555.970,0,266.362,0,15.902,2277,1330,2.290,2.430,1.700,1,0,0,0,0,16,141,0,13,0
02-10 21:12:57,13.474,3.743,81.594,0,0,3779772,8562896,380256,3545916,35310.412,20355.038,0,1237.631,0,61.882,2182,1563,2.290,2.430,1.700,0,0,1.996,0,0,16,141,0,13,0
02-10 21:12:58,16.472,6.239,75.869,0.499,0,3777664,8564740,380460,3545968,33487.211,17922.072,0,934.388,0,131.773,4520,4848,2.290,2.430,1.700,3,0,0,0,0,16,140,0,14,0
02-10 21:12:59,12.550,19.075,68.019,0,0,3724528,8617844,380488,3545972,41981.103,21135.625,0,393.557,0,24.095,4261,2589,2.270,2.430,1.710,4,0,127.504,0,0,16,140,0,14,0
02-10 21:13:00,18.433,10.213,69.745,0,0,3742532,8599816,380508,3545976,49477.213,28025.596,0,354.704,0,15.942,3000,1848,2.270,2.430,1.710,2,0,22.916,0,0,16,140,0,14,0
02-10 21:13:01,18.340,4.773,76.627,0,0,3780600,8561600,380652,3545976,32221.524,16549.420,0,1941.552,0,96.475,2419,1604,2.270,2.430,1.710,0,0,0,0,0,16,141,0,14,0
02-10 21:13:02,15.986,3.997,79.182,0,0,3780552,8561600,380684,3545984,34945.976,19183.519,0,119.897,0,11.990,2472,1881,2.270,2.430,1.710,1,0,0,0,0,16,141,0,14,0
02-10 21:13:03,11.760,3.753,84.074,0,0,3780800,8561348,380684,3545988,20781.370,12641.174,0,0,0,0,2482,1995,2.270,2.430,1.710,1,0,2.002,0,0,16,141,0,14,0
02-10 21:13:04,24.493,9.497,64.232,0,0,3781760,8560088,380944,3546016,15047.891,7669.906,0,2147.414,0,373.898,6029,5871,2.250,2.420,1.710,1,0,0,0,0,16,141,0,14,0
02-10 21:13:05,20.235,9.743,68.950,0,0,3782640,8559080,381024,3546064,15441.750,7680.405,0,455.668,0,37.972,4085,3489,2.250,2.420,1.710,1,0,0,0,0,16,141,0,14,0
02-10 21:13:06,28.756,15.353,53.370,0,0,3785476,8556084,381096,3546112,14874.348,7427.913,0,510.791,0,33.143,5151,4678,2.250,2.420,1.710,5,0,2.924,0,0,16,141,0,14,0
02-10 21:13:07,41.430,15.795,43.760,0,0,3725384,8615880,381356,3546144,2834.844,1646.841,0,1023.320,0,110.825,5858,5439,2.250,2.420,1.710,2,0,77.681,0,0,16,140,0,15,0
02-10 21:13:08,29.753,27.522,40.415,0,0,3729272,8611384,381876,3546196,45528.595,27295.735,0,5795.955,0,323.320,7292,6588,2.250,2.420,1.710,3,0,149.759,0,0,16,140,0,15,0
02-10 21:13:09,32.262,18.757,48.018,0,0,3743032,8597492,381952,3546220,45714.904,24823.179,0,1092.404,0,116.043,5895,5690,2.390,2.450,1.720,2,0,68.025,0,0,16,140,0,15,0
02-10 21:13:10,22.753,7.001,69.260,0,0,3783464,8557044,381956,3546232,55536.141,469118.769,0,236.035,0,12.002,3078,2067,2.390,2.450,1.720,3,0,1.000,0,0,16,140,0,15,0
02-10 21:13:11,13.249,4.000,82.241,0,0,3797272,8543080,381980,3546364,22257.641,136796.503,0,259.972,0,15.998,2129,1537,2.390,2.450,1.720,2,0,1.000,0,0,16,141,0,14,0
02-10 21:13:12,21.253,3.501,74.761,0,0,3798740,8541596,381992,3546368,31423.547,16495.387,0,212.031,0,16.002,2534,1632,2.390,2.450,1.720,2,0,2.000,0,0,16,140,0,15,0
02-10 21:13:13,6.493,24.224,68.178,0,0,3747988,8592332,382000,3546372,23433.217,11108.252,0,167.823,0,7.992,4477,2747,2.390,2.450,1.720,1,0,137.854,0,0,16,140,0,15,0
02-10 21:13:14,6.505,22.768,69.053,0,0,3751472,8588832,382004,3546384,54289.900,32979.453,0,112.087,0,7.005,4665,2800,2.360,2.440,1.720,1,0,137.106,0,0,16,140,0,15,0
02-10 21:13:15,6.993,23.974,67.678,0,0,3753172,8587112,382020,3546388,60628.290,32737.059,0,123.868,0,8.990,4502,2714,2.360,2.440,1.720,2,0,127.864,0,0,16,140,0,14,0
02-10 21:13:16,7.962,24.384,65.687,0,0,3753188,8587076,382028,3546400,60847.644,32646.217,0,246.822,0,13.934,4544,2807,2.360,2.440,1.720,6,0,121.421,0,0,16,140,0,14,0
02-10 21:13:17,7.547,24.402,66.665,0,0,3750264,8589964,382052,3546412,46311.380,24301.324,0,330.055,0,28.175,4752,3110,2.360,2.440,1.720,1,0,116.727,0,0,16,140,0,14,0
02-10 21:13:18,17.828,22.533,57.941,0,0,3735036,8605152,382068,3546404,44356.430,22241.604,0,1663.960,0,202.052,5758,5341,2.360,2.440,1.720,2,0,78.246,0,0,16,140,0,14,0
02-10 21:13:19,17.902,24.962,56.480,0,0,3716288,8623828,382080,3546424,60396.468,30963.238,0,1412.004,0,253.152,5646,5554,2.410,2.450,1.730,2,0,85.729,0,0,16,140,0,12,0
02-10 21:13:20,27.457,26.958,45.179,0,0,3767292,8572816,382080,3546428,45774.425,25466.180,0,0,0,0,5084,2820,2.410,2.450,1.730,2,0,131.794,0,0,16,140,0,12,0
02-10 21:13:21,26.400,27.396,44.082,0,0,3802744,8537352,382088,3546432,74856.286,589380.304,0,79.697,0,2.989,5436,3162,2.410,2.450,1.730,3,0,140.466,0,0,16,140,0,12,0
02-10 21:13:22,32.470,26.769,39.163,0,0,3822184,8517436,382200,3546740,45336.524,23414.336,0,606.774,0,52.547,5757,4551,2.410,2.450,1.730,3,0,117.984,0,0,16,146,0,12,0
02-10 21:13:23,11.143,24.312,64.072,0.507,0,3823024,8516556,382240,3546752,61670.605,31731.304,0,547.022,0,29.377,4918,3213,2.410,2.450,1.730,1,0,135.742,0,0,16,146,0,12,0
02-10 21:13:24,33.060,35.565,29.053,0,0,3873856,8462844,382344,3549492,60829.121,31519.579,0,669.223,0,45.082,8032,9648,2.450,2.460,1.740,2,0,132.242,0,0,16,152,0,12,0
02-10 21:13:25,9.245,23.238,65.966,0,0,3876492,8460188,382360,3549980,61771.393,31457.904,0,503.742,0,11.994,4818,3491,2.450,2.460,1.740,6,0,102.947,0,0,16,152,0,12,0
02-10 21:13:26,19.296,22.960,54.958,0,0,3871516,8465104,382376,3549888,43814.018,22219.659,0,187.590,0,5.862,5063,5283,2.450,2.460,1.740,7,0,72.300,0,0,16,152,0,12,0
02-10 21:13:27,21.391,22.665,57.553,0,0,3898204,8438364,382400,3549956,45678.996,23447.119,0,334.115,0,16.298,4155,3374,2.450,2.460,1.740,4,0,93.715,0,0,18,152,0,11,0
02-10 21:13:28,48.135,29.834,21.059,0,0,3979800,8356720,382432,3549972,61677.535,34799.913,0,176.497,0,13.037,5543,3074,2.450,2.460,1.740,4,0,135.381,0,0,18,152,0,11,0
02-10 21:13:29,48.238,33.491,17.995,0,0,4037404,8299076,382472,3549972,55910.681,468627.984,0,135.965,0,15.996,5682,3285,2.580,2.480,1.750,6,0,149.962,0,0,18,152,0,11,0
02-10 21:13:30,53.380,27.066,19.046,0,0,4093796,8242648,382488,3549992,63627.129,132765.696,0,188.459,0,9.022,5510,3276,2.580,2.480,1.750,3,0,143.350,0,0,18,160,0,11,0
02-10 21:13:31,45.977,33.370,19.033,0,0,4139180,8195240,382532,3554144,60018.106,32672.251,0,237.300,0,19.775,7792,12781,2.580,2.480,1.750,6,0,169.076,0,0,18,168,0,9,0
02-10 21:13:32,16.193,29.350,54.146,0,0,4146808,8187484,382588,3551944,47019.052,23862.741,0,340.058,0,24.290,5386,12775,2.580,2.480,1.750,1,0,121.449,0,0,18,170,0,10,0
02-10 21:13:33,13.949,24.660,59.532,0,0,4150036,8184208,382620,3551956,60441.378,31940.881,0,263.036,0,16.938,4851,2970,2.580,2.480,1.750,1,0,127.532,0,0,18,174,0,10,0
02-10 21:13:34,18.816,23.834,56.700,0.251,0,4126012,8208116,382684,3551964,45285.631,22683.960,0,357.259,0,29.103,5742,6009,2.530,2.480,1.750,1,0,86.304,0,0,18,174,0,10,0
02-10 21:13:35,17.498,25.747,55.245,0,0,4116780,8217288,382692,3551964,45120.569,22941.747,0,14818.545,0,1728.830,7579,4708,2.530,2.480,1.750,3,0,73.993,0,0,18,174,0,9,0
02-10 21:13:36,24.991,26.491,47.484,0,0,4151396,8182656,382700,3551976,61141.068,33290.603,0,99.966,0,4.998,5121,2866,2.530,2.480,1.750,2,0,121.958,0,0,18,174,0,9,0
02-10 21:13:37,32.003,27.253,39.504,0,0,4201220,8132768,382732,3552004,61065.196,33907.440,0,264.027,0,12.001,9684,3216,2.530,2.480,1.750,3,0,128.013,0,0,18,174,0,9,0
02-10 21:13:38,28.699,26.453,43.672,0,0,4233276,8100700,382748,3552000,59411.456,587857.677,0,187.667,0,8.984,5434,3087,2.530,2.480,1.750,3,0,135.759,0,0,18,174,0,9,0
02-10 21:13:39,14.419,26.849,56.929,0,0,4234344,8099512,382796,3552056,60538.128,32608.392,0,322.186,0,22.871,5225,3365,2.650,2.500,1.760,6,0,167.059,0,0,19,177,0,9,0
02-10 21:13:40,13.221,23.015,60.230,0,0,4238292,8095516,382832,3552068,60003.303,32367.252,0,1198.715,0,200.765,5066,3011,2.650,2.500,1.760,5,0,133.191,0,0,19,180,0,8,0
02-10 21:13:41,25.173,25.687,49.833,0,0,4239520,8094212,382892,3552080,62798.758,34034.360,0,345.234,0,32.879,4964,3211,2.650,2.500,1.760,1,0,134.600,0,0,19,194,0,8,0
02-10 21:13:42,8.511,24.032,66.589,0,0,4237848,8095880,382892,3552084,45312.331,22980.597,0,12.016,0,3.004,4552,2708,2.650,2.500,1.760,1,0,123.164,0,0,19,194,0,8,0
02-10 21:13:43,7.252,23.506,67.017,0,0,4236468,8097108,382892,3552220,61661.351,32564.107,0,12.003,0,3.001,4523,2756,2.650,2.500,1.760,2,0,124.031,0,0,19,194,0,8,0
02-10 21:13:44,17.222,22.963,58.905,0,0,4237376,8096188,382912,3552328,59853.672,30888.289,0,159.743,0,9.984,4988,4875,2.600,2.490,1.760,1,0,81.868,0,0,19,194,0,7,0
02-10 21:13:45,19.274,22.779,57.573,0,0,4248524,8084944,382944,3552332,45074.045,22674.697,0,564.715,0,28.035,4656,4480,2.600,2.490,1.760,1,0,77.098,0,0,19,194,0,7,0
02-10 21:13:46,25.220,28.466,44.696,0,0,4276872,8056540,382956,3552248,56467.411,457714.133,0,139.833,0,6.992,5347,3335,2.600,2.490,1.760,2,0,122.853,0,0,19,194,0,7,0
02-10 21:13:47,26.439,27.936,44.896,0,0,4329908,8003484,382968,3552256,64599.957,155956.182,0,91.788,0,9.977,5163,2789,2.600,2.490,1.760,3,0,136.685,0,0,19,194,0,7,0
02-10 21:13:48,29.610,25.344,43.663,0,0,4366448,7966708,382972,3552484,45728.221,25213.857,0,4.015,0,1.004,5075,3018,2.600,2.490,1.760,3,0,138.516,0,0,19,196,0,5,0
02-10 21:13:49,17.415,25.128,56.226,0,0,4367880,7965244,382980,3552504,61008.236,32125.730,0,1998.280,0,11.942,4830,3119,2.710,2.520,1.780,2,0,121.409,0,0,19,200,0,5,0
02-10 21:13:50,30.563,35.323,32.317,0,0,4428852,7901500,383016,3555220,61148.057,32154.286,0,232.479,0,19.039,7240,9680,2.710,2.520,1.780,10,0,135.279,0,0,19,206,0,5,0
02-10 21:13:51,17.794,25.062,56.390,0,0,4428960,7901352,383044,3555716,46382.388,23191.695,0,597.486,0,19.047,5736,6372,2.710,2.520,1.780,1,0,95.237,0,0,19,206,0,5,0
02-10 21:13:52,18.247,24.996,55.990,0,0,4438264,7892016,383072,3555716,45082.207,22804.058,0,283.951,0,24.996,5976,6497,2.710,2.520,1.780,1,0,75.987,0,0,19,206,0,5,0
02-10 21:13:53,23.345,22.848,52.650,0,0,4469400,7860812,383084,3555240,60375.961,32597.476,0,206.628,0,10.927,4803,2924,2.710,2.520,1.780,2,0,92.386,0,0,19,206,0,5,0
02-10 21:13:54,26.249,30.749,41.999,0,0,4511628,7818500,383132,3555256,46177.902,29007.310,0,379.991,0,30.999,5516,3541,2.810,2.540,1.790,2,0,158.996,0,0,19,206,0,5,0
02-10 21:13:55,30.404,26.132,42.464,0,0,4545088,7784896,383268,3555260,73266.941,585657.112,0,2054.373,0,110.558,6082,4186,2.810,2.540,1.790,3,0,145.736,0,0,19,206,0,5,0
02-10 21:13:56,30.996,33.996,32.746,0,0,4602216,7724988,383356,3557928,61010.195,33579.704,0,603.923,0,43.994,7578,10568,2.810,2.540,1.790,3,0,179.977,0,0,19,212,0,4,0
02-10 21:13:57,7.262,25.793,65.860,0,0,4602924,7724264,383372,3557928,45981.644,25099.837,0,184.307,0,10.017,4749,2895,2.810,2.540,1.790,2,0,160.267,0,0,19,212,0,4,0
02-10 21:13:58,7.237,26.453,65.134,0,0,4587736,7739436,383384,3557932,60712.224,31915.344,0,195.653,0,10.981,4846,2866,2.810,2.540,1.790,2,0,159.716,0,0,19,212,0,4,0
02-10 21:13:59,15.783,24.051,58.624,0,0,4589604,7737520,383420,3557940,61930.597,33015.622,0,825.741,0,39.082,5106,3180,2.910,2.570,1.800,1,0,145.306,0,0,19,218,0,4,0
02-10 21:14:00,6.742,22.724,68.171,0,0,4595056,7732012,383460,3557948,61151.260,33796.904,0,239.723,0,18.978,4883,3123,2.910,2.570,1.800,3,0,141.836,0,0,19,218,0,3,0
02-10 21:14:01,8.259,24.778,66.325,0,0,4597484,7729544,383488,3557960,45934.836,24331.457,0,188.212,0,17.019,4919,3122,2.910,2.570,1.800,1,0,133.150,0,0,19,218,0,3,0
02-10 21:14:02,7.494,24.480,66.196,0,0,4598212,7728788,383508,3557968,60770.215,31592.119,0,339.722,0,17.985,4676,2804,2.910,2.570,1.800,1,0,121.900,0,0,19,218,0,3,0
02-10 21:14:03,7.962,24.883,65.441,0,0,4589740,7737248,383516,3557972,73707.519,589236.152,0,91.568,0,5.972,4972,2991,2.910,2.570,1.800,1,0,129.390,0,0,19,218,0,3,0
02-10 21:14:04,17.439,22.746,59.140,0,0,4591556,7735380,383540,3557988,45273.849,22865.396,0,218.363,0,17.186,5023,5105,2.840,2.560,1.800,2,0,85.930,0,0,19,218,0,3,0
02-10 21:14:05,16.574,21.936,58.254,0,0,4601208,7725584,383548,3558116,43602.871,21983.265,0,2417.886,0,24.374,4509,4408,2.840,2.560,1.800,4,0,69.222,0,0,19,218,0,3,0
02-10 21:14:06,33.699,31.951,34.198,0,0,4634332,7692444,383592,3558036,60949.173,32228.915,0,17066.008,0,2035.899,7121,3185,2.840,2.560,1.800,3,0,121.814,0,0,19,224,0,3,0
02-10 21:14:07,43.459,10.226,47.037,0,0,4716736,7610040,383608,3558020,47187.753,23931.830,0,143.157,0,12.271,3591,1884,2.840,2.560,1.800,3,0,0,0,0,19,224,0,3,0
02-10 21:14:08,44.364,14.705,38.881,0.997,0,4775332,7550344,383620,3559072,59292.882,28189.890,39.878,179.452,2.991,8.973,4057,3134,2.840,2.560,1.800,4,0,6.979,0,0,19,224,0,2,0
02-10 21:14:09,41.110,12.283,45.873,0.251,0,4861248,7463656,383664,3559764,29860.896,17607.110,0,372.998,0,26.070,4180,2924,2.850,2.560,1.810,2,0,9.024,0,0,19,227,0,2,0
02-10 21:14:10,32.434,17.464,49.399,0,0,4890512,7434268,383676,3559880,31081.544,17388.500,0,127.739,0,4.990,4518,2855,2.850,2.560,1.810,2,0,60.876,0,0,19,230,0,2,0
02-10 21:14:11,22.556,51.310,21.317,2.974,0,4838520,7482840,384008,3562732,45103.887,23607.385,2573.909,1328.597,150.707,98.158,6601,5464,2.850,2.560,1.810,4,0,181.443,0,0,19,228,0,2,0
02-10 21:14:12,40.827,44.355,15.121,0,0,4843240,7474576,384068,3565948,64123.025,34987.925,270.161,362.903,11.089,29.234,8658,13455,2.850,2.560,1.810,3,0,136.089,0,0,19,228,0,1,0
02-10 21:14:13,39.827,28.484,30.248,0.252,0,4847784,7469764,384200,3566068,61442.675,587774.841,16.133,725.963,1.008,70.580,6868,6040,2.850,2.560,1.810,10,0,134.101,0,0,19,234,0,2,0
02-10 21:14:14,30.779,28.793,38.721,0,0,4852888,7463980,384648,3566288,65773.787,36561.953,0,1818.914,0,254.171,7016,7113,3.020,2.610,1.830,2,0,116.164,0,0,19,238,0,2,0
02-10 21:14:15,29.788,25.032,43.055,0,0,4798992,7517828,384676,3566304,61806.486,32474.238,0,1565.989,0,25.032,5293,3489,3.020,2.610,1.830,2,0,136.173,0,0,19,236,0,3,0
02-10 21:14:16,25.923,29.413,43.371,0,0,4838924,7477876,384692,3566308,45866.000,23528.235,0,442.687,0,17.947,4989,2980,3.020,2.610,1.830,2,0,120.642,0,0,19,236,0,3,0
02-10 21:14:17,26.750,28.000,44.500,0,0,4874804,7441968,384732,3566692,61812.742,33075.862,0,995.996,0,142.999,6222,5288,3.020,2.610,1.830,1,0,145.999,0,0,19,237,0,3,0
02-10 21:14:18,29.598,29.348,41.137,0,0,4868248,7448320,384824,3566820,51010.478,29441.818,0,1332.427,0,67.223,5111,4339,3.020,2.610,1.830,1,0,104.347,0,0,19,237,0,3,0
02-10 21:14:19,36.625,17.706,43.901,0,0,4869624,7446816,384944,3566768,47253.319,25682.016,0,492.859,0,54.331,5322,4643,2.940,2.600,1.830,5,0,30.076,0,0,19,238,0,4,0
02-10 21:14:20,64.781,24.716,12.228,0,0,4893384,7422992,384960,3566816,62868.375,35315.851,0,1452.762,0,11.447,4859,2685,2.940,2.600,1.830,4,0,111.351,0,0,19,239,0,4,0
02-10 21:14:21,62.570,13.986,22.574,0,0,4987044,7329272,384992,3566828,52640.311,438520.402,0,290.521,0,18.648,4896,2515,2.940,2.600,1.830,3,0,2.944,0,0,19,239,1,4,0
02-10 21:14:22,52.295,13.455,31.732,2.285,0,5040408,7274896,385092,3567732,23890.173,137853.621,739.238,1108.857,9.139,44.679,4489,2547,2.940,2.600,1.830,2,0,4.062,0,0,19,244,0,4,0
02-10 21:14:23,54.467,10.694,34.570,0,0,5070968,7242148,385200,3569460,34875.547,19226.965,0,1468.360,0,115.400,5465,4944,2.940,2.600,1.830,3,0,2.984,0,0,19,244,0,12,0
02-10 21:14:24,27.228,27.478,44.714,0,0,5053920,7259072,385268,3569512,16656.613,10553.518,0,395.682,0,36.970,5361,3525,2.940,2.600,1.830,2,0,137.889,0,0,19,242,0,14,0
02-10 21:14:25,26.230,27.229,44.966,0,0,5085848,7227132,385272,3569520,60773.134,34166.214,0,167.873,0,6.995,4983,2911,2.940,2.600,1.830,3,0,139.894,0,0,19,242,0,14,0
02-10 21:14:26,19.235,26.730,52.710,0,0,5089040,7223884,385312,3569532,66232.772,37162.818,0,799.394,0,40.969,4932,3110,2.940,2.600,1.830,2,0,117.911,0,0,19,243,0,14,0
02-10 21:14:27,15.780,25.549,57.109,0,0,5089212,7223608,385368,3569556,51362.837,28750.765,0,508.969,0,39.074,5390,3999,2.940,2.600,1.830,2,0,119.227,0,0,19,242,0,15,0
02-10 21:14:28,29.382,30.378,38.346,0,0,5079696,7233100,385380,3570036,60767.538,32333.924,0,167.327,0,9.960,5729,4615,2.940,2.600,1.830,8,0,148.403,0,0,19,242,0,15,0
02-10 21:14:29,39.772,26.014,34.269,0,0,5072400,7240372,385384,3570036,44987.339,23018.453,0,152.082,0,7.004,5677,5011,3.910,2.810,1.910,8,0,86.047,0,0,19,242,0,15,0
02-10 21:14:30,29.864,23.590,46.176,0,0,5086812,7225828,385400,3569580,50625.639,28362.925,0,558.124,0,12.046,4370,2929,3.910,2.810,1.910,5,0,48.183,0,0,19,243,0,15,0
02-10 21:14:31,35.429,27.445,36.178,0,0,5129848,7182732,385452,3569588,68859.877,41369.619,0,339.324,0,36.926,5624,4048,3.910,2.810,1.910,3,0,121.758,0,0,19,242,0,16,0
02-10 21:14:32,51.587,35.560,12.521,0,0,5139500,7173000,385476,3569468,74472.016,577126.571,0,180.305,0,14.024,6046,12994,3.910,2.810,1.910,4,0,186.315,0,0,19,242,0,17,0
02-10 21:14:33,52.960,29.422,17.163,0,0,5181632,7130468,385548,3569900,59758.967,30904.839,0,627.669,0,32.364,5793,3742,3.910,2.810,1.910,7,0,124.553,0,0,19,248,0,18,0
02-10 21:14:34,30.380,29.865,38.876,0,0,5189816,7120892,385720,3571120,52857.734,29857.663,131.817,3328.388,1.030,178.159,6938,7589,4,2.840,1.920,2,0,122.549,0,0,19,251,0,19,0
02-10 21:14:35,22.020,26.474,48.494,0,0,5192804,7117896,385740,3571612,48436.639,27366.473,0,186.059,0,14.845,5982,5630,4,2.840,1.920,2,0,138.554,0,0,19,251,0,19,0
02-10 21:14:36,32.188,27.447,39.175,0,0,5192628,7117968,385764,3571532,62108.562,31277.851,0,538.964,0,20.960,5418,4913,4,2.840,1.920,10,0,102.802,0,0,19,250,0,20,0
02-10 21:14:37,36.680,28.006,34.202,0,0,5226960,7083520,385788,3571152,44515.092,22642.690,0,14652.318,0,1437.474,7218,3279,4,2.840,1.920,3,0,40.646,0,0,19,250,0,20,0
02-10 21:14:38,39.700,29.333,31.356,0,0,5288084,7022352,385816,3571164,63826.964,38443.044,0,457.186,0,20.229,5278,3049,4,2.840,1.920,4,0,127.446,0,0,19,251,0,20,0
02-10 21:14:39,42.418,29.617,28.111,0,0,5317432,6992960,385840,3571184,55613.450,34106.196,0,112.446,0,12.048,5639,3590,4.080,2.880,1.940,4,0,138.549,0,0,19,250,0,21,0
02-10 21:14:40,51.234,33.829,13.728,0,0,5295912,7012936,385912,3572620,67285.667,457436.639,0,1745.387,0,36.281,6725,6955,4.080,2.880,1.940,5,0,119.628,0,0,19,256,0,22,0
02-10 21:14:41,29.933,27.166,41.001,0,0,5317184,6991556,385948,3572688,52200.895,146857.967,0,1412.657,0,147.906,5440,3832,4.080,2.880,1.940,2,0,117.721,0,0,19,257,0,22,0
02-10 21:14:42,19.926,26.484,53.472,0.252,0,5308772,6999944,385960,3572700,66468.272,37276.350,0,225.997,0,11.098,4859,2961,4.080,2.880,1.940,2,0,114.007,0,0,19,257,0,22,0
02-10 21:14:43,27.919,23.432,48.110,0,0,5273700,7034868,386004,3573108,50727.691,27698.565,0,558.379,0,30.910,6285,7941,4.080,2.880,1.940,7,0,81.763,0,0,19,256,0,23,0
02-10 21:14:44,38.914,30.127,29.625,0,0,5254044,7054476,386020,3572728,44852.557,23087.057,0,249.047,0,14.059,5462,4363,4.470,2.980,1.980,4,0,112.473,0,0,19,258,0,23,0
02-10 21:14:45,47.588,30.807,22.041,0,0,5336468,6972016,386032,3572736,61234.192,34819.364,0,180.333,0,8.015,5403,3009,4.470,2.980,1.980,4,0,137.254,0,0,19,259,0,23,0
02-10 21:14:46,53.019,14.323,32.917,0,0,5427236,6881044,386064,3572904,50750.019,28999.867,0,619.136,0,29.148,4391,2163,4.470,2.980,1.980,3,0,6.031,0,0,19,259,0,23,0
02-10 21:14:47,50.826,7.973,41.358,0.249,0,5480624,6827144,386152,3573284,36560.483,22195.799,0,422.549,0,40.860,4393,3000,4.470,2.980,1.980,3,0,1.993,0,0,19,261,0,26,0
02-10 21:14:48,56.382,19.125,23.348,0,0,5465552,6841768,386188,3573684,33651.433,19011.952,11.922,886.218,0.994,150.021,5207,3569,4.470,2.980,1.980,2,0,13.909,0,0,19,261,0,30,0
02-10 21:14:49,49.441,16.901,33.549,0,0,5520376,6786632,386220,3573960,17515.302,10022.438,1162.373,254.269,9.081,24.216,4633,3104,4.350,2.980,1.980,3,0,8.072,0,0,19,264,0,30,0
02-10 21:14:50,41.825,18.834,33.998,3.424,0,5553488,6747684,387344,3577324,20945.993,13816.587,4621.835,1646.602,102.729,60.659,5128,4383,4.350,2.980,1.980,4,0,36.200,0,0,19,268,0,30,0
02-10 21:14:51,51.709,18.757,30.163,0,0,5509464,6791368,387480,3577480,21703.414,12054.185,1184.228,689.448,10.139,73.000,5325,3999,4.350,2.980,1.980,7,0,30.417,0,0,19,272,0,32,0
02-10 21:14:52,38.430,37.931,22.709,0,0,5519944,6780844,387504,3577496,15617.634,10257.370,766.608,303.449,5.989,20.962,5642,3774,4.350,2.980,1.980,4,0,155.717,0,0,19,272,0,32,0
02-10 21:14:53,36.654,37.160,25.784,0,0,5501304,6799460,387512,3577512,75628.048,592569.025,905.992,194.141,7.078,10.112,5793,3653,4.350,2.980,1.980,2,0,150.662,0,0,19,273,0,32,0
02-10 21:14:54,33.702,35.684,29.489,0,0,5495612,6805064,387568,3577540,50561.666,30437.709,888.142,380.632,6.939,26.763,5612,3766,4.170,2.970,1.980,3,0,132.825,0,0,19,273,0,32,0
02-10 21:14:55,33.039,32.535,33.291,0,0,5502196,6798368,387656,3577560,65852.330,35305.993,258.260,564.944,2.018,40.353,5861,4301,4.170,2.970,1.980,4,0,135.183,0,0,19,274,0,33,0
02-10 21:14:56,37.108,39.565,20.151,0,0,5420788,6879644,387672,3577700,59785.275,31402.506,880.756,680.227,6.881,12.779,5522,3390,4.170,2.970,1.980,5,0,148.431,0,0,19,274,0,33,0
02-10 21:14:57,46.401,38.794,15.213,0,0,5467756,6832636,387696,3578192,61404.280,32357.864,778.926,239.357,6.085,13.185,6198,6621,4.170,2.970,1.980,4,0,152.134,0,0,19,277,0,33,0
02-10 21:14:58,43.971,29.398,27.136,0,0,5480012,6820216,387760,3578228,50627.414,28526.351,643.232,406.040,5.025,27.136,5736,5267,4.170,2.970,1.980,2,0,91.460,0,0,19,280,0,33,0
02-10 21:14:59,38.824,21.462,36.171,0,0,5504120,6795940,387860,3578200,48605.397,28150.831,0,891.258,0,54.980,5412,4159,3.990,2.950,1.980,5,0,57.874,0,0,20,280,0,33,0
02-10 21:15:00,55.850,25.387,19.548,0,0,5524976,6775032,387896,3578220,62114.771,33282.770,0,296.515,0,25.387,4943,3230,3.990,2.950,1.980,4,0,140.134,0,0,20,282,0,34,0
02-10 21:15:01,38.435,8.092,44.251,9.356,0,5570232,6729140,387948,3578720,30316.221,14959.361,631.145,404.580,42.481,34.389,3838,2422,3.990,2.950,1.980,1,1,3.034,0,0,20,284,0,34,0
02-10 21:15:02,31.399,4.735,44.607,18.441,0,5564844,6731760,388004,3581252,42316.284,575910.950,2464.097,622.005,145.533,33.891,3950,2659,3.990,2.950,1.980,2,0,3.987,0,0,20,284,0,34,0
02-10 21:15:03,44.621,9.526,45.122,0.501,0,5617088,6678840,388028,3581844,15091.820,7381.967,172.466,9204.897,14.038,1024.772,5349,2186,3.990,2.950,1.980,2,0,4.011,0,0,20,284,0,34,0
02-10 21:15:04,48.791,9.708,41.572,0,0,5626868,6667492,388108,3583204,30083.177,15356.241,0,951.924,0,66.714,5299,5379,3.910,2.950,1.990,1,0,26.885,0,0,20,285,0,36,0
02-10 21:15:05,7.776,24.834,65.722,0,0,5633284,6660948,388124,3583280,49241.391,25076.737,0,465.573,0,22.075,4883,3225,3.910,2.950,1.990,3,0,156.529,0,0,20,285,0,36,0
02-10 21:15:06,4.761,6.265,87.958,0,0,5635032,6659188,388132,3583284,57294.250,33718.597,0,92.218,0,6.014,2692,2146,3.910,2.950,1.990,0,0,32.076,0,0,20,286,0,36,0
02-10 21:15:07,5.994,2.248,91.654,0,0,5634996,6659188,388164,3583288,55567.625,25138.591,0,307.677,0,30.967,2394,2193,3.910,2.950,1.990,0,0,0.999,0,0,20,289,0,36,0
02-10 21:15:08,3.227,5.213,89.856,0,0,5635840,6658192,388188,3583356,252265.017,39207.003,0,266.093,0,17.872,2526,1945,3.910,2.950,1.990,0,0,5.957,0,0,20,288,0,36,0
02-10 21:15:09,12.847,8.061,77.082,0,0,5629332,6661476,388248,3586412,3646696.667,104257.231,0,7089.532,0,975.365,10144,5934,3.840,2.950,2,1,0,8.061,0,0,20,288,0,36,0
02-10 21:15:10,6.749,5.749,81.235,0,0,5629056,6653904,388296,3593992,7964140.695,192996.830,0,235.957,0,24.995,12884,10272,3.840,2.950,2,0,0,1.000,0,0,20,288,0,36,0
02-10 21:15:11,5.930,9.390,78.826,0,0,5631136,6646500,388336,3599144,5385108.837,118180.211,0,838.172,0,25.699,9197,7504,3.840,2.950,2,1,0,32.618,0,0,20,287,0,36,0
02-10 21:15:12,6.074,22.017,68.076,3.037,0,5630636,6644460,388364,3601616,61567.334,34170.781,2328.262,1413.154,28.344,157.917,4803,3113,3.840,2.950,2,1,0,133.622,0,0,20,287,0,36,0
02-10 21:15:13,11.256,18.760,68.536,0,0,5647040,6628048,388368,3601620,72940.904,601480.563,0,40.021,0,3.002,4657,3080,3.840,2.950,2,1,0,95.049,0,0,20,287,0,36,0
02-10 21:15:14,25.481,7.245,66.701,0,0,5689856,6585208,388388,3601624,30003.903,14729.152,0,87.935,0,8.993,2992,1914,3.610,2.920,1.990,1,0,1.999,0,0,20,291,0,35,0
02-10 21:15:15,14.240,3.997,81.444,0,0,5711260,6563800,388388,3601624,35487.421,20280.953,0,155.892,0,0.999,2396,1721,3.610,2.920,1.990,1,0,1.999,0,0,20,292,0,35,0
02-10 21:15:16,15.834,4.273,78.667,0,0,5711948,6563072,388400,3601652,33597.893,18443.655,0,144.767,0,13.069,2969,2473,3.610,2.920,1.990,3,0,0,0,0,20,297,0,36,0
02-10 21:15:17,25.142,4.979,68.704,0,0,5711868,6563072,388452,3601680,15567.820,7264.651,0,215.072,0,26.884,4607,4346,3.610,2.920,1.990,1,0,1.991,0,0,20,296,0,36,0
02-10 21:15:18,4.743,3.245,89.364,0.250,0,5713960,6560772,388644,3601688,177053.625,5434967.359,0,2436.280,0,139.787,4372,2730,3.610,2.920,1.990,1,0,2.995,0,0,20,295,0,36,0
02-10 21:15:19,2.984,1.989,90.266,0,0,5710416,6564304,388668,3601676,372831.511,10949842.172,0,198.933,0,18.899,4416,1529,3.320,2.870,1.980,0,0,0,0,0,20,295,0,36,0
02-10 21:15:20,15.371,4.536,79.628,0,0,5711840,6562708,388676,3601836,1081833.428,49357.419,0,177.400,0,9.072,5098,3941,3.320,2.870,1.980,3,0,1.008,0,0,20,300,0,36,0
02-10 21:15:21,25.732,6.246,66.204,0,0,5700104,6570472,388788,3605548,2992979.040,60333.950,0,907.368,0,68.952,9072,7014,3.320,2.870,1.980,0,0,2.998,0,0,20,300,0,37,0
02-10 21:15:22,8.742,7.243,79.674,0,0,5700336,6566412,388804,3609248,4034536.323,113611.819,0,275.737,0,18.982,9330,7039,3.320,2.870,1.980,0,0,0,0,0,20,300,0,36,0
02-10 21:15:23,12.502,11.502,72.260,0,0,5702548,6556376,388808,3616860,8175562.550,147077.709,0,176.024,0,12.002,12556,9664,3.320,2.870,1.980,0,0,0,0,0,20,300,0,36,0
02-10 21:15:24,15.007,10.505,72.785,0,0,5633948,6623924,388824,3617872,861301.838,16521.881,0,392.187,0,44.021,4536,3520,3.220,2.860,1.980,1,0,52.025,0,0,20,297,0,40,0
02-10 21:15:25,6.247,26.739,65.724,0.250,0,5638660,6619168,388832,3617904,16092.530,28832.408,0,151.939,0,7.997,4817,2984,3.220,2.860,1.980,1,0,159.936,0,0,20,297,0,40,0
02-10 21:15:26,6.505,23.769,67.805,0,0,5645420,6612376,388856,3617908,46071.651,27668.611,0,6201.068,0,33.027,5548,3799,3.220,2.860,1.980,1,0,219.179,0,0,20,297,0,30,0
02-10 21:15:27,19.254,11.002,68.765,0,0,5686980,6570800,388868,3617912,60146.241,32987.262,0,10466.304,0,21.005,3329,2308,3.220,2.860,1.980,1,0,38.008,0,0,20,297,0,30,0
02-10 21:15:28,22.950,5.239,71.346,0,0,5717232,6540544,388868,3617916,30695.780,15350.883,0,35.923,0,3.991,2652,1574,3.220,2.860,1.980,2,0,0,0,0,20,297,0,30,0
02-10 21:15:29,7.725,21.679,68.026,0,0,5707120,6550656,388888,3617896,46033.634,26217.791,0,131.567,0,13.954,4862,3392,3.040,2.830,1.970,2,0,129.574,0,0,20,297,0,30,0
02-10 21:15:30,8.274,23.067,67.446,0,0,5705228,6552504,388892,3617932,73062.822,478419.569,0,188.549,0,9.026,5007,3389,3.040,2.830,1.970,3,0,133.389,0,0,20,297,0,29,0
02-10 21:15:31,7.518,23.057,67.416,0,0,5698084,6559576,388944,3617952,49198.037,147542.985,0,409.006,0,43.106,5234,3858,3.040,2.830,1.970,1,0,123.303,0,0,20,297,0,29,0
02-10 21:15:32,11.275,26.717,59.316,0,0,5699200,6558436,388956,3619236,60241.469,34165.984,0,176.477,0,12.746,4986,5032,3.040,2.830,1.970,7,0,166.673,0,0,20,297,0,29,0
02-10 21:15:33,15.275,29.786,54.990,0,0,5670420,6587184,388960,3617976,62630.421,36892.101,0,114.053,0,7.128,5401,9952,3.040,2.830,1.970,1,0,140.530,0,0,20,297,0,30,0
02-10 21:15:34,2.755,4.508,92.418,0,0,5669200,6588368,388992,3617980,45021.945,23172.176,0,508.926,0,64.117,2247,1914,2.870,2.790,1.970,0,0,17.031,0,0,20,297,0,25,0
02-10 21:15:35,17.483,8.242,73.929,0,0,5675216,6582348,388996,3617980,44983.746,22802.075,0,51.950,0,3.996,2665,1811,2.870,2.790,1.970,1,0,8.991,0,0,20,297,0,25,0
02-10 21:15:36,19.513,4.753,74.549,0,0,5718056,6539508,388996,3617980,45068.635,24013.791,0,0,0,0,2503,1581,2.870,2.790,1.970,0,0,2.001,0,0,20,298,0,25,0
02-10 21:15:37,14.771,3.755,81.113,0,0,5718044,6539508,388996,3617988,22808.844,14001.548,0,104.145,0,12.017,2607,2104,2.870,2.790,1.970,0,0,0,0,0,20,298,0,25,0
02-10 21:15:38,17.686,9.466,72.488,0,0,5680228,6577312,388996,3617996,32091.129,17022.537,0,15.942,0,0.996,3620,2472,2.870,2.790,1.970,1,0,50.817,0,0,20,301,0,25,0
02-10 21:15:39,6.513,16.032,67.634,7.264,0,5678848,6576632,389056,3619928,60775.395,32614.609,997.977,2813.574,23.046,521.032,4840,3247,2.720,2.760,1.960,1,1,65.129,0,0,20,301,0,25,0
02-10 21:15:40,2.250,4.250,71.257,22.002,0,5676324,6563528,389116,3635340,29994.858,14725.403,13153.253,20.002,163.016,2.000,2585,2006,2.720,2.760,1.960,0,1,1.000,0,0,20,301,0,25,0
02-10 21:15:41,4.001,4.501,68.271,21.257,0,5672156,6545132,389208,3657544,45733.205,594672.712,20754.447,740.230,219.068,56.017,4046,3285,2.720,2.760,1.960,0,1,1.000,0,0,20,301,0,25,0
02-10 21:15:42,2.250,4.000,71.999,21.250,0,5665128,6528012,389212,3681584,29867.586,14591.798,22859.683,135.998,225.997,2.000,2512,1993,2.720,2.760,1.960,0,1,2.000,0,0,20,301,0,23,0
02-10 21:15:43,1.501,4.502,70.777,21.758,0,5661172,6506960,389220,3706376,15763.035,7622.918,22868.755,16198.201,239.092,67.026,2502,1928,2.720,2.760,1.960,1,0,0,0,0,20,301,0,23,0
02-10 21:15:44,1.749,3.999,71.477,21.993,0,5657728,6485580,389232,3731024,15290.991,7669.488,23248.384,211.931,239.921,8.997,2357,1969,2.590,2.730,1.960,0,1,0,0,0,20,301,0,23,0
02-10 21:15:45,3.747,7.993,70.937,15.986,0,5654712,6472092,389244,3747420,906.199,0,14275.375,55.951,154.863,5.995,2836,2285,2.590,2.730,1.960,2,1,17.984,0,0,20,301,0,23,0
02-10 21:15:46,2.002,3.754,71.571,22.022,0,5652996,6456872,389256,3764248,45781.428,27461.249,16200.075,108.107,149.148,8.008,2364,1972,2.590,2.730,1.960,1,0,0,0,0,20,301,0,22,0
02-10 21:15:47,1.749,3.997,71.192,21.233,0,5641608,6446432,389280,3785956,30322.330,15131.689,20974.935,107.912,197.839,12.989,2639,2064,2.590,2.730,1.960,0,1,0,0,0,20,301,0,22,0
02-10 21:15:48,5.751,10.252,70.266,13.503,0,5641736,6435092,389308,3797068,30828.972,20044.533,10846.453,120.027,109.025,12.003,3341,2454,2.590,2.730,1.960,0,1,26.006,0,0,20,301,0,22,0
02-10 21:15:49,1.751,4.253,71.297,21.014,0,5640812,6416696,389320,3816296,44652.458,22410.785,18872.451,64.042,191.126,6.004,2683,2158,2.460,2.710,1.950,0,1,2.001,0,0,20,301,0,22,0
02-10 21:15:50,1.999,3.248,71.450,22.234,0,5640976,6402080,389320,3830684,29667.308,14647.783,14234.072,0,149.895,0,2266,1873,2.460,2.710,1.950,0,1,0.999,0,0,20,301,0,15,0
02-10 21:15:51,5.504,11.507,69.044,13.258,0,5634876,6396800,389340,3841948,45241.990,27211.437,10730.876,136.087,123.079,15.010,3788,2969,2.460,2.710,1.950,0,1,26.017,0,0,20,301,0,15,0
02-10 21:15:52,2.500,3.500,70.499,21.750,0,5634584,6382436,389360,3856520,29927.491,14753.749,13827.765,271.995,153.997,22.000,2870,2452,2.460,2.710,1.950,0,1,2.000,0,0,20,301,0,15,0
02-10 21:15:53,1.000,3.001,71.514,23.255,0,5634608,6374372,389360,3864528,29993.000,14594.920,7673.535,4.001,83.017,1.000,2062,1679,2.460,2.710,1.950,0,1,0,0,0,20,301,0,15,0
02-10 21:15:54,4.249,8.248,70.736,15.997,0,5637320,6361016,389388,3875088,20987.956,13163.463,10262.022,95.982,95.982,11.998,3204,2502,2.340,2.680,1.950,1,0,15.997,0,0,20,301,0,15,0
02-10 21:15:55,2.249,5.247,69.962,21.738,0,5637048,6348668,389400,3887660,39319.661,20634.801,12325.311,1363.260,110.940,287.844,2977,2043,2.340,2.680,1.950,1,1,1.999,0,0,20,301,0,13,0
02-10 21:15:56,6.253,11.255,68.030,12.506,0,5639712,6334584,389432,3898996,59628.359,482399.251,11108.911,472.209,103.046,34.015,4482,3266,2.340,2.680,1.950,0,1,26.011,0,0,20,301,0,13,0
02-10 21:15:57,2.995,4.992,70.139,20.967,0,5640160,6314424,389432,3918628,48256.502,151024.589,19421.213,43.930,198.685,2.995,3042,2150,2.340,2.680,1.950,2,0,1.997,0,0,20,301,0,13,0
02-10 21:15:58,17.532,19.034,47.586,15.027,0,5661984,6279408,389432,3931736,45524.338,26862.585,13099.693,172.312,133.241,3.005,4011,2378,2.340,2.680,1.950,1,1,25.045,0,0,20,301,0,13,0
02-10 21:15:59,12.748,9.749,55.492,20.997,0,5669228,6256740,389432,3947096,40833.077,19129.225,15765.713,3.999,155.977,1.000,3553,2336,2.310,2.670,1.950,0,1,3.999,0,0,20,301,0,12,0
02-10 21:16:00,3.498,7.996,70.962,15.741,0,5649348,6263200,389432,3960468,19189.636,11010.054,13076.937,0,128.930,0,3146,2184,2.310,2.670,1.950,0,1,16.991,0,0,20,301,0,12,0
02-10 21:16:01,2.501,4.252,70.025,21.508,0,5649364,6247336,389464,3976188,46053.481,29622.601,14301.118,184.066,149.053,22.008,3148,2523,2.310,2.670,1.950,0,1,2.001,0,0,20,301,0,12,0
02-10 21:16:02,2.751,4.751,71.271,20.506,0,5649392,6233224,389484,3990204,30180.981,15244.536,13091.896,216.064,134.040,15.004,2625,2000,2.310,2.670,1.950,1,0,2.001,0,0,20,301,0,12,0
02-10 21:16:03,4.497,6.996,70.956,16.490,0,5652644,6217108,389492,4002992,60491.651,34250.853,11744.749,47.970,129.920,3.998,3213,2284,2.310,2.670,1.950,0,1,13.991,0,0,20,301,0,11,0
02-10 21:16:04,1.740,3.976,71.324,21.372,0,5650428,6206272,389504,4015984,29935.405,15457.779,12008.358,83.502,135.193,6.958,2562,2038,2.210,2.640,1.940,0,1,1.988,0,0,20,301,0,11,0
02-10 21:16:05,8.304,18.621,68.948,3.523,0,5640344,6213660,389504,4018660,46963.958,29054.665,2564.653,4.026,24.157,1.007,3936,2626,2.210,2.640,1.940,1,0,66.431,0,0,20,301,0,11,0
02-10 21:16:06,1.749,3.498,70.951,22.235,0,5636036,6206100,389520,4030464,44892.834,22328.499,11687.886,107.925,120.916,11.992,2417,1993,2.210,2.640,1.940,0,1,0,0,0,20,301,0,11,0
02-10 21:16:07,5.003,8.256,69.797,16.511,0,5637800,6194004,389536,4040748,30649.810,15154.289,10258.965,112.076,103.070,12.008,3230,2678,2.210,2.640,1.940,3,0,21.014,0,0,20,301,0,9,0
02-10 21:16:08,6.993,15.485,65.185,10.739,0,5637780,6185492,389544,4049240,58941.050,476595.328,7852.147,295.704,96.903,14.985,4208,2827,2.210,2.640,1.940,2,0,40.959,0,0,20,301,0,9,0
02-10 21:16:09,2.993,4.240,69.341,21.950,0,5637764,6172388,389564,4062276,33036.105,133351.648,11832.816,103.762,151.652,11.972,3019,2478,2.110,2.610,1.940,3,1,3.991,0,0,20,301,0,9,0
02-10 21:16:10,11.031,14.040,60.671,11.533,0,5635632,6164116,389572,4072624,49651.062,28215.594,9635.180,2270.405,142.402,421.188,5506,4134,2.110,2.610,1.940,0,1,35.099,0,0,20,301,0,11,0
02-10 21:16:11,2.741,3.987,71.026,21.433,0,5634516,6154300,389588,4083504,44760.142,22824.173,10407.249,143.548,151.523,12.959,2718,2341,2.110,2.610,1.940,1,1,0,0,0,20,301,0,11,0
02-10 21:16:12,3.261,8.528,71.738,15.552,0,5635996,6139936,389596,4096316,30748.090,18710.121,11875.429,116.386,155.516,7.023,3083,2210,2.110,2.610,1.940,0,1,16.053,0,0,20,301,0,11,0
02-10 21:16:13,2.498,4.246,71.438,21.232,0,5635276,6121804,389596,4115088,44400.476,21934.968,17696.646,83.927,190.834,1.998,2993,2131,2.110,2.610,1.940,1,1,1.998,0,0,20,301,0,11,0
02-10 21:16:14,4.501,8.001,70.010,15.502,0,5636316,6108700,389604,4127096,45046.613,26991.962,10913.602,600.088,138.020,48.007,3311,2288,2.020,2.580,1.930,1,1,16.002,0,0,20,301,0,11,0
02-10 21:16:15,1.751,4.003,71.800,22.015,0,5636688,6092824,389612,4142528,30007.946,14668.239,14518.134,40.028,182.127,4.003,2810,2060,2.020,2.580,1.930,2,0,0,0,0,20,301,0,11,0
02-10 21:16:16,4.252,8.503,70.777,14.756,0,5635988,6080512,389612,4155476,60340.688,35729.434,12252.607,4.002,147.055,1.000,3276,2333,2.020,2.580,1.930,0,1,18.007,0,0,20,301,0,11,0
02-10 21:16:17,2.750,6.001,71.257,19.502,0,5636860,6065644,389620,4169384,30215.828,15049.408,13213.237,68.006,166.016,7.001,2850,2087,2.020,2.580,1.930,1,0,10.001,0,0,20,301,0,11,0
02-10 21:16:18,4.000,7.000,70.750,17.250,0,5635844,6050044,389620,4185936,45105.911,26719.947,15091.970,0,198.000,0,3210,2380,2.020,2.580,1.930,0,1,8.000,0,0,20,301,0,11,0
02-10 21:16:19,4.751,3.250,69.010,22.503,0,5632444,6045528,389648,4193808,44441.122,596088.114,7297.005,180.025,97.013,18.002,3203,2804,1.940,2.560,1.930,0,1,3.000,0,0,20,301,0,9,0
02-10 21:16:20,3.747,9.493,69.202,15.489,0,5636448,6031456,389716,4203744,45872.103,27700.739,9673.274,2226.452,95.933,122.915,3466,2728,1.940,2.560,1.930,0,1,16.988,0,0,20,301,0,9,0
02-10 21:16:21,3.753,8.757,70.054,15.512,0,5637380,6017108,389736,4217072,45651.142,24616.950,12953.972,148.114,136.105,15.012,3601,2778,1.940,2.560,1.930,0,1,16.012,0,0,20,301,0,9,0
02-10 21:16:22,3.244,4.991,69.881,21.214,0,5637316,5999972,389768,4234160,44965.239,22078.310,17046.899,283.516,199.659,22.961,3148,2669,1.940,2.560,1.930,1,0,1.997,0,0,20,301,0,9,0
02-10 21:16:23,3.255,8.262,70.854,16.274,0,5639404,5985356,389768,4246624,45399.884,26507.051,12033.728,4.006,130.192,1.001,3042,2266,1.940,2.560,1.930,0,1,16.024,0,0,20,301,0,8,0
02-10 21:16:24,4.493,13.730,67.899,11.483,0,5640540,5974156,389792,4256632,45494.646,27021.995,9829.448,99.852,108.839,11.982,3934,2954,1.860,2.530,1.920,2,0,61.908,0,0,20,301,0,8,0
02-10 21:16:25,21.727,6.493,70.925,0,0,5683852,5930840,389792,4256636,45446.700,23361.172,0,0,0,0,2900,1872,1.860,2.530,1.920,1,0,8.990,0,0,20,301,0,8,0
02-10 21:16:26,22.536,6.260,71.113,0,0,5717340,5897324,389816,4256636,45169.765,23026.584,0,1606.552,0,296.471,3223,1771,1.860,2.530,1.920,3,0,1.002,0,0,20,301,0,8,0
02-10 21:16:27,22.698,5.737,71.337,0,0,5757404,5857256,389820,4256636,33506.437,14756.281,0,27.936,0,2.993,2678,1700,1.860,2.530,1.920,3,0,0,0,0,20,301,0,4,0
02-10 21:16:28,24.315,4.763,70.438,0.251,0,5788060,5826540,389868,4256648,43578.313,24024.122,0,236.632,0,29.078,3464,2574,1.860,2.530,1.920,2,0,6.016,0,0,20,305,0,4,0
02-10 21:16:29,23.252,4.750,70.755,0,0,5720020,5894580,389888,4256628,45030.449,23265.782,0,380.029,0,18.001,2874,1820,1.790,2.510,1.920,3,0,5.000,0,0,20,301,0,4,0
02-10 21:16:30,24.011,6.253,69.781,0,0,5718376,5896176,389896,4256668,59478.636,602962.026,0,80.036,0,6.003,3541,2336,1.790,2.510,1.920,2,0,2.001,0,0,20,301,0,4,0
02-10 21:16:31,24.249,4.500,69.997,0,0,5742540,5871984,389920,4256668,45203.193,22961.082,0,171.993,0,17.999,3130,2230,1.790,2.510,1.920,2,0,2.000,0,0,20,301,0,4,0
02-10 21:16:32,19.375,8.694,70.544,0,0,5774512,5839980,389936,4256684,15247.472,7314.733,0,286.151,0,19.872,2838,2000,1.790,2.510,1.920,3,0,2.981,0,0,20,303,0,4,0
02-10 21:16:33,17.868,10.318,70.971,0,0,5797352,5817116,389936,4256692,39112.332,24039.392,0,0,0,0,3955,9065,1.790,2.510,1.920,0,0,36.240,0,0,20,304,0,6,0
02-10 21:16:34,13.746,2.749,82.725,0,0,5796792,5817660,389940,4256704,26376.916,17033.780,0,91.972,0,7.998,2624,2066,1.650,2.460,1.910,1,0,2.999,0,0,20,308,0,6,0
02-10 21:16:35,23.245,5.999,70.485,0,0,5658668,5955776,389940,4256712,15831.735,9322.078,0,0,0,0,2631,1658,1.650,2.460,1.910,1,0,14.997,0,0,20,301,0,7,0
02-10 21:16:36,20.978,7.242,71.176,0,0,5707020,5907420,389944,4256712,59721.623,30008.657,0,83.912,0,2.997,2743,1816,1.650,2.460,1.910,1,0,0,0,0,20,301,0,6,0
02-10 21:16:37,23.029,6.007,69.837,0.250,0,5732456,5881968,389952,4256716,30508.066,15000.717,0,1257.569,0,265.331,3117,2004,1.650,2.460,1.910,1,0,2.002,0,0,20,301,0,6,0
02-10 21:16:38,25.183,2.992,71.809,0,0,5675848,5938416,389956,4256868,15315.230,7599.769,0,331.119,0,10.971,2390,1443,1.650,2.460,1.910,1,0,0.997,0,0,20,301,0,6,0
02-10 21:16:39,7.757,25.022,65.557,0,0,5682372,5931872,389976,4256868,46226.050,25692.259,512.444,104.090,4.003,12.010,4966,3474,1.680,2.460,1.910,1,0,143.124,0,0,20,301,0,6,0
02-10 21:16:40,7.508,23.025,68.576,0,0,5679356,5934868,389976,4256876,61434.760,33849.335,0,252.278,0,5.006,4628,3056,1.680,2.460,1.910,1,0,133.147,0,0,20,301,0,5,0
02-10 21:16:41,8.002,24.508,65.520,0,0,5678988,5935160,389988,4256940,46680.383,52660.226,0,348.107,0,21.006,5155,3506,1.680,2.460,1.910,3,0,166.051,0,0,20,301,0,5,0
02-10 21:16:42,12.008,19.013,68.548,0,0,5670072,5944064,389992,4256948,73150.012,484265.710,0,280.195,0,14.010,5131,3520,1.680,2.460,1.910,2,0,119.083,0,0,20,301,0,5,0
02-10 21:16:43,15.590,13.579,69.653,0,0,5696300,5917832,389996,4256948,63272.155,146278.512,0,64.373,0,3.017,3719,2327,1.680,2.460,1.910,1,0,76.442,0,0,20,301,0,5,0
02-10 21:16:44,22.277,6.188,70.544,0,0,5699652,5914468,390000,4256956,30432.419,15300.862,0,550.490,0,61.386,2887,1794,1.620,2.430,1.900,1,0,0.990,0,0,20,301,0,5,0
02-10 21:16:45,13.705,4.984,79.490,0,0,5706292,5907816,390000,4256968,51126.041,25715.024,0,259.154,0,5.980,2514,1796,1.620,2.430,1.900,1,0,16.945,0,0,20,302,0,5,0
02-10 21:16:46,23.652,5.032,71.711,0.252,0,5691708,5916784,390008,4261572,30996.161,15417.060,0,748.811,0,14.091,2796,1810,1.620,2.430,1.900,2,0,4.026,0,0,20,301,0,5,0
02-10 21:16:47,22.530,8.261,68.591,0,0,5691820,5915536,390020,4262488,45556.448,23571.276,0,436.579,0,6.008,4734,5220,1.620,2.430,1.900,2,0,6.008,0,0,20,301,0,5,0
02-10 21:16:48,20.417,11.204,65.733,0,0,5718064,5888128,390020,4263508,44438.289,22187.772,0,824.647,0,182.259,6071,7497,1.620,2.430,1.900,1,0,7.968,0,0,20,301,0,5,0
02-10 21:16:49,16.029,3.757,79.643,0,0,5710852,5895160,390028,4263636,36721.969,20792.352,0,496.893,0,10.018,2494,1724,1.570,2.410,1.900,3,0,2.004,0,0,20,302,0,5,0
02-10 21:16:50,21.769,11.009,65.306,0,0,5727072,5878744,390028,4263832,61759.866,37934.472,0,120.103,0,3.003,8143,12211,1.570,2.410,1.900,3,0,7.006,0,0,20,302,0,5,0
02-10 21:16:51,16.892,11.178,70.051,0,0,5714568,5891088,390044,4263920,29623.918,14820.901,0,353.730,0,13.911,3139,2172,1.570,2.410,1.900,1,0,13.911,0,0,20,302,0,5,0
02-10 21:16:52,21.794,7.349,71.718,0.253,0,5700356,5904976,390096,4264136,30999.610,16332.550,0,535.228,0,24.329,2936,2079,1.570,2.410,1.900,1,0,3.041,0,0,20,302,0,5,0
02-10 21:16:53,14.135,15.623,68.443,0,0,5648200,5963192,390228,4258788,73281.170,478090.247,0,547.541,0,20.830,4482,2977,1.570,2.410,1.900,2,0,83.321,0,0,20,301,0,5,0
02-10 21:16:54,7.509,24.778,66.076,0,0,5656956,5954416,390240,4258796,57344.792,163181.219,0,380.436,0,12.014,5359,3637,1.530,2.380,1.890,3,0,173.199,0,0,20,301,0,5,0
02-10 21:16:55,19.266,9.758,70.559,0,0,5698004,5913368,390240,4258796,53102.302,28846.065,0,0,0,0,3061,2048,1.530,2.380,1.890,2,0,14.012,0,0,20,301,0,5,0
02-10 21:16:56,24.507,4.001,70.520,0,0,5722500,5888672,390244,4258992,30175.742,14728.267,0,284.082,0,14.004,2693,1642,1.530,2.380,1.890,1,0,0,0,0,20,301,0,5,0
02-10 21:16:57,14.660,5.467,79.266,0,0,5734812,5876336,390260,4259000,20931.202,12949.933,0,143.126,0,14.909,2750,2103,1.530,2.380,1.890,2,0,0.994,0,0,20,302,0,5,0
02-10 21:16:58,32.402,13.670,53.919,0,0,5673132,5937716,390284,4259284,20761.522,12145.653,648.038,324.019,5.063,20.251,3826,2414,1.530,2.380,1.890,5,0,14.176,0,0,20,301,0,9,0
02-10 21:16:59,18.382,24.095,55.890,0,0,5673828,5937000,390292,4259296,45735.645,25394.560,635.907,31.795,4.968,2.981,4652,3188,1.490,2.360,1.890,1,0,114.265,0,0,20,301,0,9,0
02-10 21:17:00,22.239,5.997,71.216,0,0,5724732,5886096,390292,4259296,44901.492,21877.521,0,19.990,0,1.000,2712,1811,1.490,2.360,1.890,1,0,1.000,0,0,20,301,0,9,0
02-10 21:17:01,14.667,4.475,79.053,0,0,5742816,5867980,390312,4259308,35935.653,20049.547,3.977,361.952,0.994,24.859,2810,2231,1.490,2.360,1.890,1,0,4.972,0,0,20,302,0,9,0
02-10 21:17:02,21.225,5.306,74.538,0,0,5709652,5901128,390324,4259312,19304.195,10562.730,0,254.694,0,16.171,2714,1872,1.490,2.360,1.890,1,0,12.128,0,0,20,301,0,10,0
02-10 21:17:03,16.129,13.151,68.734,0,0,5710100,5900680,390324,4259312,60079.411,30920.103,0,0,0,0,3635,2476,1.490,2.360,1.890,1,0,57.568,0,0,20,301,0,10,0
02-10 21:17:04,23.304,5.763,70.913,0,0,5739308,5871460,390336,4259312,30420.907,15172.867,0,1567.602,0,324.746,3250,1694,1.450,2.340,1.880,0,0,2.005,0,0,20,301,1,10,0
02-10 21:17:05,13.996,4.249,80.980,0.250,0,5739488,5871236,390336,4259356,35693.969,21025.680,0,55.986,0,2.999,2379,1775,1.450,2.340,1.880,1,0,0,0,0,20,302,0,10,0
02-10 21:17:06,15.730,6.242,76.901,0,0,5667656,5943060,390336,4259364,23801.278,14771.933,0,0,0,0,2918,2005,1.450,2.340,1.880,2,0,30.960,0,0,20,301,0,12,0
02-10 21:17:07,20.041,11.774,66.886,0,0,5680332,5930356,390356,4259372,45049.356,479121.611,0,164.333,0,18.037,4191,3006,1.450,2.340,1.880,1,0,27.055,0,0,20,301,0,12,0
02-10 21:17:08,20.255,5.251,74.269,0,0,5723380,5887292,390364,4259380,48040.017,146420.628,0,92.023,0,9.002,2690,1830,1.450,2.340,1.880,0,0,1.000,0,0,20,302,0,12,0
02-10 21:17:09,15.603,7.047,77.763,0,0,5723604,5887040,390388,4259384,23406.559,15119.840,0,84.558,0,12.080,3002,2234,1.410,2.310,1.880,0,0,6.040,0,0,20,302,0,13,0
02-10 21:17:10,24.231,12.610,60.330,0,0,5646696,5963748,390400,4259556,32710.492,17422.387,0,2836.479,0,105.824,4391,3360,1.410,2.310,1.880,4,0,40.549,0,0,20,301,0,17,0
02-10 21:17:11,22.851,7.785,69.559,0,0,5693756,5916624,390448,4259572,45120.171,22769.012,0,341.515,0,31.138,3448,2775,1.410,2.310,1.880,1,0,0,0,0,20,301,0,17,0
02-10 21:17:12,23.736,4.248,70.960,0,0,5721936,5888400,390480,4259584,31750.901,17297.140,0,267.847,0,27.984,3657,3018,1.410,2.310,1.880,0,1,0,0,0,20,302,0,15,0
02-10 21:17:13,14.730,4.244,80.642,0,0,5721796,5888400,390480,4259724,22310.133,13277.225,0,23.968,0,2.996,2480,1986,1.410,2.310,1.880,1,0,1.997,0,0,20,303,0,15,0
02-10 21:17:14,15.024,7.763,76.624,0,0,5714700,5895460,390504,4259736,18600.216,10345.807,0,192.312,0,24.039,3519,2717,1.460,2.310,1.880,1,0,38.062,0,0,20,301,0,17,0
02-10 21:17:15,18.757,9.003,71.276,0,0,5714692,5895460,390504,4259744,45104.683,25513.437,0,136.050,0,2.001,2892,1941,1.460,2.310,1.880,1,0,9.003,0,0,20,301,0,17,0
02-10 21:17:16,18.248,4.750,76.993,0,0,5720432,5889704,390520,4259744,31625.931,16886.361,0,967.906,0,45.996,2515,1802,1.460,2.310,1.880,2,0,2.000,0,0,20,302,0,17,0
02-10 21:17:17,14.982,3.496,80.154,0,0,5721424,5888696,390524,4259752,38118.135,21514.114,0,127.846,0,11.986,2724,2154,1.460,2.310,1.880,1,0,1.998,0,0,20,305,0,18,0
02-10 21:17:18,17.524,9.764,71.350,0,0,5693564,5916420,390524,4259888,17359.256,9002.579,0,4.006,0,1.001,3154,2098,1.460,2.310,1.880,1,0,32.045,0,0,20,301,0,20,0
02-10 21:17:19,22.191,6.233,71.060,0,0,5704896,5905080,390532,4259888,44967.708,23229.858,0,51.861,0,2.992,2817,1791,1.420,2.290,1.870,1,0,1.995,0,0,20,301,0,20,0
02-10 21:17:20,14.535,4.762,80.194,0,0,5724768,5885200,390540,4259888,35782.429,20344.139,0,2141.172,0,436.053,3221,1843,1.420,2.290,1.870,1,0,1.002,0,0,20,302,0,20,0
02-10 21:17:21,12.496,3.499,83.220,0,0,5724708,5885200,390576,4259908,33677.029,18968.258,0,191.932,0,20.993,2804,2381,1.420,2.290,1.870,0,0,0,0,0,20,302,0,20,0
02-10 21:17:22,15.970,14.472,68.869,0,0,5678712,5931068,390712,4259900,32715.570,18513.671,0,2227.749,0,149.714,4783,3771,1.420,2.290,1.870,3,0,84.838,0,0,20,301,0,21,0
02-10 21:17:23,7.768,15.788,74.176,0,0,5678040,5931584,390764,4260000,65935.799,624761.715,0,16.038,0,4.010,4676,3168,1.420,2.290,1.870,0,0,97.231,0,0,20,303,0,21,0
02-10 21:17:24,2.999,2.499,94.213,0,0,5678016,5931584,390788,4260000,65324.021,31876.323,0,299.881,0,21.991,2403,2256,1.310,2.250,1.860,0,0,0,0,0,20,303,0,21,0
02-10 21:17:25,5.742,18.723,73.642,0,0,5677360,5932148,390832,4260048,55367.133,25594.617,0,151.778,0,11.982,4309,3060,1.310,2.250,1.860,1,0,124.818,0,0,20,301,0,22,0
02-10 21:17:26,4.508,2.505,92.673,0,0,5679348,5930160,390832,4260048,50850.739,25540.584,0,0,0,0,1933,1605,1.310,2.250,1.860,0,0,1.002,0,0,20,303,0,22,0
02-10 21:17:27,4.750,18.001,75.003,0,0,5673876,5935600,390852,4260060,61913.768,33571.501,0,436.019,0,16.001,4240,2854,1.310,2.250,1.860,1,0,115.005,0,0,20,301,0,23,0
02-10 21:17:28,11.492,18.237,69.200,0,0,5683764,5925648,390868,4260104,60835.026,34481.076,0,231.832,0,17.987,4191,2950,1.310,2.250,1.860,2,0,94.931,0,0,20,301,0,23,0
02-10 21:17:29,20.181,9.468,69.761,0.249,0,5700496,5901064,391376,4266604,44810.180,23447.512,0,789.291,0,14.949,3018,2123,1.280,2.230,1.860,2,0,4.983,0,0,20,301,0,23,0
02-10 21:17:30,22.840,5.020,71.029,0.502,0,5721404,5876912,391536,4269248,60010.419,29837.050,4.016,638.505,1.004,14.055,3110,2093,1.280,2.230,1.860,1,0,2.008,0,0,20,301,0,23,0
02-10 21:17:31,17.503,6.001,75.764,0,0,5726648,5869380,391680,4270916,34016.438,16631.148,0,776.147,0,31.006,3198,2400,1.280,2.230,1.860,0,0,19.004,0,0,20,302,0,23,0
02-10 21:17:32,18.735,3.497,77.938,0.250,0,5723516,5871428,391724,4271928,47742.239,456128.234,0,631.501,0,35.972,2950,2032,1.280,2.230,1.860,1,0,0.999,0,0,20,302,0,23,0
02-10 21:17:33,24.010,8.504,65.778,0,0,5718504,5873448,391776,4275632,19302.089,135154.638,0,248.104,0,9.004,3336,4588,1.280,2.230,1.860,9,0,37.016,0,0,20,301,0,23,0
02-10 21:17:34,18.245,23.993,54.985,1.250,0,5657376,5931024,391864,4277960,31036.529,19512.674,1395.619,3295.101,20.994,94.974,5693,11983,1.340,2.220,1.860,1,0,129.965,0,0,20,301,0,24,0
02-10 21:17:35,6.753,25.262,66.032,0,0,5657272,5931268,391864,4277816,60909.524,32125.572,0,12.006,0,3.001,4867,3154,1.340,2.220,1.860,1,0,174.084,0,0,20,301,0,24,0
02-10 21:17:36,19.753,8.001,71.259,0,0,5701120,5887420,391864,4277816,44680.883,21956.891,0,0,0,0,2809,1883,1.340,2.220,1.860,1,0,1.000,0,0,20,301,0,24,0
02-10 21:17:37,16.744,4.248,78.721,0,0,5733592,5854924,391880,4277820,31440.298,16674.794,0,147.945,0,11.996,2653,2057,1.340,2.220,1.860,0,0,1.999,0,0,20,302,0,21,0
02-10 21:17:38,16.753,4.251,78.015,0,0,5733816,5854684,391888,4277828,38822.269,29652.552,0,180.034,0,9.002,2629,1980,1.340,2.220,1.860,2,0,0,0,0,20,302,0,22,0
02-10 21:17:39,19.760,10.255,69.286,0.250,0,5695220,5893252,391916,4277828,15311.936,7970.131,0,180.093,0,21.011,3635,2556,1.310,2.200,1.850,1,0,47.024,0,0,20,301,0,23,0
02-10 21:17:40,21.496,6.999,70.737,0,0,5711072,5877376,391916,4277848,45146.526,26774.974,0,7.998,0,2.000,2843,1887,1.310,2.200,1.850,1,0,2.999,0,0,20,301,0,23,0
02-10 21:17:41,14.251,4.250,80.508,0,0,5734068,5854232,391940,4277972,35642.605,20879.112,0,1716.174,0,101.010,2668,2119,1.310,2.200,1.850,2,0,0,0,0,20,302,0,23,0
02-10 21:17:42,18.186,3.986,76.730,0,0,5734036,5854232,391960,4277996,32980.003,18163.117,0,199.299,0,11.958,2778,2018,1.310,2.200,1.850,1,0,0,0,0,20,301,0,25,0
02-10 21:17:43,19.550,8.522,71.183,0,0,5719664,5868596,391968,4277996,30536.540,15728.454,0,44.113,0,4.010,2896,1921,1.310,2.200,1.850,3,0,16.041,0,0,20,301,0,25,0
02-10 21:17:44,22.512,5.503,71.789,0,0,5760784,5827476,391968,4277996,44579.234,22990.498,0,0,0,0,2611,1672,1.290,2.180,1.850,4,0,0,0,0,20,301,0,25,0
02-10 21:17:45,14.500,3.750,81.001,0,0,5759932,5828320,391972,4278000,20947.305,13029.190,0,52.001,0,3.000,2380,1814,1.290,2.180,1.850,2,0,0,0,0,20,302,0,25,0
02-10 21:17:46,19.923,7.720,70.476,0,0,5756872,5831188,392120,4278040,30722.568,15988.844,0,3095.965,0,541.893,5727,5516,1.290,2.180,1.850,1,0,2.988,0,0,20,302,0,25,0
02-10 21:17:47,24.591,7.779,66.246,0.251,0,5711508,5876344,392252,4278112,27349.747,445995.206,0,847.152,0,108.403,5460,5516,1.290,2.180,1.850,3,0,5.019,0,0,20,301,0,26,0
02-10 21:17:48,21.222,7.490,70.656,0,0,5724128,5863716,392260,4278112,62733.590,158910.713,0,119.841,0,6.991,2987,2011,1.290,2.180,1.850,2,0,0,0,0,20,301,0,26,0
02-10 21:17:49,14.266,4.004,81.088,0,0,5748760,5839068,392272,4278116,31935.798,18867.559,0,116.127,0,7.008,2408,1700,1.260,2.160,1.840,1,0,2.002,0,0,20,302,0,26,0
02-10 21:17:50,16.970,4.991,77.112,0,0,5746724,5841008,392356,4278124,21794.127,13705.554,0,2898.830,0,144.742,3123,2478,1.260,2.160,1.840,1,0,0.998,0,0,20,302,0,26,0
02-10 21:17:51,18.888,7.555,72.279,0,0,5746804,5840644,392484,4278260,16636.670,8427.634,0,660.833,0,86.634,4966,5032,1.260,2.160,1.840,1,0,0,0,0,20,302,0,26,0
02-10 21:17:52,23.283,7.511,68.846,0,0,5660292,5927020,392580,4278296,16744.416,8894.438,0,660.924,0,88.123,5021,4979,1.260,2.160,1.840,2,0,26.036,0,0,20,301,0,27,0
02-10 21:17:53,7.697,25.078,65.551,0,0,5667768,5919528,392596,4278296,46073.664,25406.116,0,178.776,0,11.918,5114,3303,1.260,2.160,1.840,1,0,183.742,0,0,20,301,0,27,0
02-10 21:17:54,6.471,26.630,63.962,0,0,5672016,5915248,392624,4278300,60725.751,31926.340,0,286.710,0,23.892,5348,3730,1.240,2.140,1.840,1,0,184.171,0,0,20,301,0,27,0
02-10 21:17:55,8.032,25.853,65.511,0,0,5675256,5911984,392644,4278300,61189.879,32170.218,0,200.800,0,15.060,5070,3228,1.240,2.140,1.840,1,0,170.680,0,0,20,301,0,27,0
02-10 21:17:56,7.247,26.740,63.726,0.250,0,5675692,5911440,392744,4278304,46244.644,23537.166,0,2439.085,0,118.955,5536,4016,1.240,2.140,1.840,1,0,174.934,0,0,20,301,0,27,0
02-10 21:17:57,6.472,29.124,63.227,0,0,5667628,5919488,392756,4278308,61456.349,32220.723,0,107.535,0,11.948,5090,3417,1.240,2.140,1.840,4,0,176.238,0,0,20,301,0,27,0
02-10 21:17:58,21.655,35.504,41.295,0,0,5659832,5927276,392760,4278312,70671.949,467556.677,515.685,136.979,4.029,12.086,5563,3479,1.240,2.140,1.840,3,0,187.339,0,0,20,301,0,27,0
02-10 21:17:59,16.436,30.630,50.553,0,0,5665236,5921860,392764,4278316,51885.502,140720.797,637.512,83.673,4.981,5.977,5222,3216,1.300,2.140,1.840,2,0,169.339,0,0,20,301,0,27,0
02-10 21:18:00,7.517,26.810,65.146,0.251,0,5669156,5917924,392768,4278324,58222.668,31837.452,0,188.423,0,11.025,5019,3262,1.300,2.140,1.840,1,0,172.387,0,0,20,301,0,27,0
02-10 21:18:01,8.242,29.721,59.942,0,0,5672784,5914240,392800,4278332,61073.216,32550.669,0,13167.326,0,440.576,5849,3741,1.300,2.140,1.840,2,0,175.831,0,0,20,301,0,27,0
02-10 21:18:02,7.501,26.505,64.011,0.250,0,5666676,5920240,392896,4278340,61665.962,32571.790,0,3084.548,0,158.028,5424,4006,1.300,2.140,1.840,2,0,165.029,0,0,20,301,0,23,0
02-10 21:18:03,7.503,26.010,64.525,0,0,5668700,5918208,392904,4278340,61215.877,32794.791,0,168.066,0,12.005,5013,3212,1.300,2.140,1.840,1,0,170.066,0,0,20,301,0,23,0
02-10 21:18:04,7.240,26.713,64.160,0,0,5671612,5915272,392916,4278352,45954.773,24160.233,0,183.743,0,17.975,5023,3274,1.280,2.120,1.840,1,0,175.754,0,0,20,301,0,23,0
02-10 21:18:05,6.757,26.776,64.813,0,0,5672340,5914524,392932,4278356,60939.125,32161.204,0,280.272,0,17.017,4896,3075,1.280,2.120,1.840,2,0,165.160,0,0,20,301,0,23,0
02-10 21:18:06,7.490,25.965,63.414,0,0,5672700,5914108,392952,4278392,72807.575,481445.159,0,3946.665,0,33.954,5459,3492,1.280,2.120,1.840,1,0,166.775,0,0,20,301,0,22,0
02-10 21:18:07,7.763,26.794,64.355,0,0,5670408,5916388,392964,4278392,63690.394,147814.281,0,232.381,0,14.023,5266,3650,1.280,2.120,1.840,3,0,170.279,0,0,20,301,0,22,0
02-10 21:18:08,6.255,26.021,65.552,0,0,5663568,5923208,392972,4278400,61376.624,31993.346,0,236.187,0,13.010,5005,3230,1.280,2.120,1.840,1,0,163.129,0,0,20,301,0,22,0
02-10 21:18:09,9.493,28.230,61.206,0,0,5664300,5922452,392988,4278400,46280.838,24740.273,0,131.905,0,13.990,5216,3606,1.260,2.100,1.830,1,0,167.880,0,0,20,301,0,22,0
02-10 21:18:10,6.750,26.249,65.248,0,0,5669324,5917416,392988,4278412,61500.723,32938.780,0,71.997,0,9.000,4864,3128,1.260,2.100,1.830,1,0,167.994,0,0,20,301,0,17,0
02-10 21:18:11,8.003,26.011,64.527,0,0,5674404,5912308,393008,4278420,61123.904,32437.747,0,820.348,0,72.031,5319,3647,1.260,2.100,1.830,1,0,160.068,0,0,20,301,0,17,0
02-10 21:18:12,12.994,27.736,56.972,0,0,5673520,5913036,393024,4278560,61055.192,31872.439,0,471.770,0,25.987,5677,4226,1.260,2.100,1.830,1,0,168.918,0,0,20,301,0,19,0
02-10 21:18:13,6.753,26.510,64.774,0,0,5678320,5908200,393028,4278592,46037.090,24445.075,0,36.013,0,5.002,5006,3314,1.260,2.100,1.830,3,0,168.062,0,0,20,301,0,19,0
02-10 21:18:14,7.753,26.761,64.027,0,0,5677572,5908944,393028,4278596,72369.503,480738.626,0,16.007,0,4.002,5429,3478,1.240,2.090,1.830,1,0,165.070,0,0,20,301,0,16,0
02-10 21:18:15,7.224,23.415,67.506,0,0,5675856,5910632,393036,4278612,63691.533,153803.463,0,255.077,0,11.957,4825,2992,1.240,2.090,1.830,1,0,140.492,0,0,20,301,0,16,0
02-10 21:18:16,15.500,12.750,71.249,0,0,5667212,5979816,393044,4222360,52368.215,25035.625,0,151.998,0,8.000,3009,2337,1.240,2.090,1.830,2,0,41.999,0,0,20,301,0,16,0
02-10 21:18:17,14.801,13.546,71.244,0,0,5706940,5991888,393284,4176860,38331.167,20193.100,0,2335.994,0,13.045,2790,1916,1.240,2.090,1.830,1,0,5.017,0,0,20,301,0,16,0
02-10 21:18:18,23.631,4.975,70.396,0,0,5704340,5991412,393320,4179636,44857.384,22616.249,0,1130.315,0,142.284,3351,1965,1.240,2.090,1.830,2,0,2.985,0,0,20,301,0,12,0
02-10 21:18:19,23.122,6.534,69.869,0,0,5728908,5965264,393340,4180992,30022.433,15017.248,0,1113.878,0,105.557,3308,2320,1.220,2.070,1.820,1,0,20.106,0,0,20,301,0,12,0
02-10 21:18:20,12.655,2.730,82.879,0.248,0,5731040,5962744,393364,4181280,39706.280,19709.219,0,726.552,0,23.821,2209,1574,1.220,2.070,1.820,1,0,0.993,0,0,20,302,0,12,0
02-10 21:18:21,19.387,3.021,78.302,0,0,5739144,5954452,393404,4181372,24087.928,13045.026,0,845.968,0,36.256,2795,2050,1.220,2.070,1.820,1,0,0,0,0,20,302,0,12,0
02-10 21:18:22,16.234,3.247,79.922,0,0,5739396,5953724,393468,4181712,26553.988,14578.719,0,1334.693,0,59.941,2740,2046,1.220,2.070,1.820,2,0,1.998,0,0,20,302,0,11,0
02-10 21:18:23,18.028,3.005,78.623,0,0,5758836,5934068,393504,4181852,22518.248,13151.586,0,584.916,0,18.028,2266,1452,1.220,2.070,1.820,0,0,0,0,0,20,302,0,11,0
02-10 21:18:24,15.253,2.751,81.265,0,0,5758080,5934536,393572,4182028,26357.970,14793.789,0,1016.192,0,39.007,2471,1867,1.200,2.050,1.820,0,0,0,0,0,20,302,0,11,0
02-10 21:18:25,17.494,2.249,78.972,0,0,5765024,5927380,393588,4182184,9388.662,4889.262,0,711.747,0,20.993,2202,1411,1.200,2.050,1.820,1,0,1.999,0,0,20,302,0,11,0
02-10 21:18:26,18.485,2.248,78.938,0,0,5772904,5919316,393616,4182300,22347.424,13191.625,0,843.337,0,31.975,2268,1499,1.200,2.050,1.820,0,0,0,0,0,20,302,0,10,0
02-10 21:18:27,17.522,3.755,78.597,0.250,0,5770900,5903440,393636,4200124,8700.747,4777.901,0,740.915,0,25.031,2192,1434,1.200,2.050,1.820,1,0,1.001,0,0,20,302,0,10,0
02-10 21:18:28,23.966,3.994,71.399,0,0,5778916,5887340,393652,4207880,15149.632,7579.310,0,547.228,0,19.972,2610,1632,1.200,2.050,1.820,1,0,2.996,0,0,20,302,0,10,0
02-10 21:18:29,22.995,4.999,71.233,0.250,0,5769660,5885728,393684,4217360,883.795,147.966,0,1099.744,0,47.989,2865,1964,1.180,2.030,1.810,1,0,0,0,0,20,302,0,10,0
02-10 21:18:30,23.280,4.756,71.592,0,0,5771856,5868716,393712,4230804,15310.649,7695.877,0,1193.532,0,31.040,2856,1867,1.180,2.030,1.810,2,0,1.001,0,0,20,302,0,9,0
02-10 21:18:31,25.006,4.751,70.268,0.250,0,5774128,5860456,393760,4235964,540.139,0,0,920.237,0,36.009,3250,2307,1.180,2.030,1.810,1,0,2.001,0,0,20,302,0,9,0
02-10 21:18:32,21.983,5.746,70.695,0.500,0,5780652,5833112,394252,4254332,588.541,0,0,3129.558,0,249.805,3412,2272,1.180,2.030,1.810,2,0,0,0,0,20,302,0,9,0
02-10 21:18:33,22.497,5.499,71.240,0,0,5780404,5821924,394776,4263488,14929.920,7456.961,0,1767.754,0,50.993,2992,2100,1.180,2.030,1.810,1,0,0,0,0,20,302,0,9,0
02-10 21:18:34,35.520,13.758,50.529,0.250,0,5781464,5794076,394992,4287976,479.272,148.084,0,1464.831,0,50.028,4410,14152,1.170,2.010,1.810,1,0,38.022,0,0,20,302,0,9,0
02-10 21:18:35,23.256,4.501,71.767,0,0,5780456,5785844,395068,4295932,420.102,0,0,1444.352,0,48.012,2775,1882,1.170,2.010,1.810,1,0,0,0,0,20,302,0,9,0
02-10 21:18:36,21.716,6.240,71.637,0,0,5696448,5886804,395080,4278536,15976.757,7685.857,0,411.350,0,13.978,2702,1705,1.170,2.010,1.810,1,0,1.997,0,0,20,301,0,9,0
02-10 21:18:37,20.776,8.260,70.588,0,0,5716804,5866396,395116,4278552,480.601,0,0,640.801,0,41.051,2964,2173,1.170,2.010,1.810,1,0,20.025,0,0,20,301,0,9,0
02-10 21:18:38,20.756,7.252,71.269,0,0,5741104,5837696,395160,4282656,866.233,0,0,1244.335,0,27.007,2879,1777,1.170,2.010,1.810,1,0,19.005,0,0,20,301,0,8,0
02-10 21:18:39,22.717,6.241,70.648,0,0,5749808,5827392,395192,4283932,359.481,147.787,0,379.452,0,11.983,3094,2197,1.150,2,1.800,1,0,1.997,0,0,20,301,0,8,0
02-10 21:18:40,20.772,11.012,65.821,0,0,5783148,5792868,395192,4284972,44891.122,23110.774,0,12.013,0,2.002,9000,13807,1.150,2,1.800,1,0,15.016,0,0,20,301,0,8,0
02-10 21:18:41,22.251,8.000,69.002,0,0,5773580,5802232,395240,4285092,41769.455,580486.221,0,1900.066,0,24.001,3386,2467,1.150,2,1.800,2,0,2.000,0,0,20,301,0,8,0
02-10 21:18:42,20.743,11.746,63.478,0,0,5777864,5797908,395252,4285120,29672.864,14587.017,0,6517.774,0,180.938,8976,13279,1.150,2,1.800,2,0,11.996,0,0,20,301,0,8,0
02-10 21:18:43,17.510,11.006,71.542,0,0,5774272,5801460,395256,4285180,15267.927,7366.307,0,904.529,0,142.083,2836,1570,1.150,2,1.800,2,0,9.005,0,0,20,301,0,5,0
02-10 21:18:44,20.496,6.999,72.237,0,0,5743300,5839604,395272,4278636,15048.234,7670.590,0,263.951,0,9.998,2548,1709,1.140,1.980,1.800,2,0,4.999,0,0,20,301,0,5,0
02-10 21:18:45,20.754,7.251,71.013,0,0,5720540,5862336,395272,4278664,30277.653,16341.051,0,4.001,0,1.000,3424,2539,1.140,1.980,1.800,2,0,46.009,0,0,20,301,0,5,0
02-10 21:18:46,22.743,9.997,64.729,0,0,5716448,5866408,395272,4278676,56374.672,30827.977,0,7.997,0,1.999,7566,11361,1.140,1.980,1.800,1,0,8.997,0,0,20,301,0,5,0
02-10 21:18:47,21.126,7.456,70.338,0,0,5720460,5862376,395284,4278688,48178.086,24755.145,0,608.440,0,6.959,2774,1838,1.140,1.980,1.800,1,0,17.895,0,0,20,301,0,5,0
02-10 21:18:48,20.867,7.542,71.652,0,0,5738900,5839220,395300,4283180,29971.103,15229.419,0,583.271,0,7.039,2772,1761,1.140,1.980,1.800,2,0,18.102,0,0,20,301,0,5,0
02-10 21:18:49,22.250,5.750,71.499,0,0,5722980,5854116,395328,4283936,14991.790,7509.895,0,307.996,0,12.000,2851,1906,1.130,1.960,1.790,1,0,5.000,0,0,20,301,0,5,0
02-10 21:18:50,21.497,9.499,66.241,0,0,5745300,5830608,395328,4285000,15048.987,7427.006,0,0,0,0,8621,13467,1.130,1.960,1.790,1,0,9.999,0,0,20,301,0,5,0
02-10 21:18:51,20.270,11.261,66.317,0,0,5738368,5837160,395364,4285224,15334.444,7465.519,0,652.657,0,14.014,6508,9119,1.130,1.960,1.790,1,0,8.008,0,0,20,301,0,4,0
02-10 21:18:52,17.735,14.238,66.695,0.250,0,5738256,5837144,395400,4285312,15218.500,7715.663,0,11938.195,0,75.938,4759,5021,1.130,1.960,1.790,1,0,16.986,0,0,20,301,0,4,0
02-10 21:18:53,16.906,10.345,72.669,0,0,5704760,5877904,395420,4278688,15191.953,7527.344,0,355.273,0,11.102,2570,1664,1.130,1.960,1.790,2,0,1.009,0,0,20,301,0,4,0
02-10 21:18:54,22.064,5.950,70.654,0,0,5688052,5894592,395440,4278688,593.992,146.763,0,400.622,0,12.891,2922,2112,1.120,1.950,1.790,2,0,4.958,0,0,20,301,0,4,0
02-10 21:18:55,22.478,6.244,70.681,0,0,5699616,5883004,395440,4278712,44806.385,24100.540,0,0,0,0,2887,1827,1.120,1.950,1.790,2,0,18.982,0,0,20,301,0,3,0
02-10 21:18:56,17.263,12.760,68.802,0,0,5687972,5894640,395464,4278696,60594.932,40602.778,0,448.340,0,18.014,4190,3050,1.120,1.950,1.790,1,0,91.069,0,0,20,301,0,3,0
02-10 21:18:57,24.006,11.253,62.767,0.250,0,5693216,5889388,395472,4278696,59157.589,479286.298,0,172.045,0,15.004,8157,10746,1.120,1.950,1.790,2,0,9.002,0,0,20,301,0,3,0
02-10 21:18:58,36.730,17.741,43.727,0,0,5711040,5871540,395476,4278716,48051.337,146457.780,511.727,1147.387,3.998,190.898,6262,6114,1.120,1.950,1.790,7,0,12.993,0,0,20,301,0,3,0
02-10 21:18:59,27.253,16.002,56.257,0,0,5751908,5830648,395480,4278736,44543.690,22692.899,640.082,24.003,5.001,3.000,3824,2490,1.350,1.980,1.800,1,0,39.005,0,0,20,301,0,3,0
02-10 21:19:00,22.427,5.731,71.518,0,0,5734924,5842044,395504,4283940,29619.034,15256.569,0,757.546,0,11.961,2602,1820,1.350,1.980,1.800,2,0,2.990,0,0,20,301,0,3,0
02-10 21:19:01,21.827,9.032,66.235,0,0,5745988,5830452,395532,4284268,15350.485,7647.143,0,646.294,0,21.075,6737,9530,1.350,1.980,1.800,2,0,8.028,0,0,20,301,0,3,0
02-10 21:19:02,19.169,10.207,69.707,0,0,5749952,5825512,395544,4285156,15276.734,7426.757,0,1529.565,0,18.920,3860,4051,1.350,1.980,1.800,5,0,7.966,0,0,20,301,0,3,0
02-10 21:19:03,20.587,19.080,55.734,0.502,0,5722960,5852360,395556,4285276,15087.398,7326.787,4.017,57280.696,1.004,192.810,9194,12965,1.350,1.980,1.800,1,0,6.025,0,0,20,301,0,3,0
02-10 21:19:04,16.995,11.747,71.480,0,0,5723576,5851608,395564,4285364,15572.541,7765.776,0,471.865,0,9.997,2781,1806,1.320,1.970,1.800,1,0,15.995,0,0,20,301,0,3,0
02-10 21:19:05,17.431,10.459,70.472,0,0,5691860,5890444,395580,4278780,14992.754,7751.370,0,370.536,0,10.957,2553,1590,1.320,1.970,1.800,2,0,0.996,0,0,20,301,0,3,0
02-10 21:19:06,21.048,5.763,71.913,1.002,0,5696660,5885208,395580,4279212,15614.432,7493.003,248.564,4.009,4.009,1.002,2569,1662,1.320,1.970,1.800,2,0,5.011,0,0,20,301,0,3,0
02-10 21:19:07,19.037,8.517,69.636,2.254,0,5711132,5867820,395724,4281764,44811.536,23944.774,392.767,1723.366,10.020,26.051,3228,2358,1.320,1.970,1.800,2,0,2.004,0,0,20,301,0,3,0
02-10 21:19:08,22.847,10.927,64.319,0,0,5710796,5867796,395916,4281828,29870.005,14882.355,0,42352.429,0,251.317,5698,5524,1.320,1.970,1.800,1,0,0,0,0,20,303,0,5,0
02-10 21:19:09,27.400,12.317,58.821,0.503,0,5713472,5864540,396116,4282200,15074.353,7810.671,0,3330.193,0,496.714,7020,7373,1.300,1.950,1.790,2,0,9.049,0,0,20,304,0,9,0
02-10 21:19:10,22.508,9.253,65.273,0.500,0,5713544,5864288,396352,4282144,15338.372,7460.613,0,1420.498,0,175.061,6115,6535,1.300,1.950,1.790,1,0,4.001,0,0,20,303,0,9,0
02-10 21:19:11,9.930,21.101,66.034,0.745,0,5665104,5912372,396420,4282432,45786.722,33803.331,127.103,1187.615,0.993,62.558,5016,3653,1.300,1.950,1.790,2,0,127.103,0,0,20,303,0,9,0
02-10 21:19:12,7.055,25.700,66.013,0,0,5671296,5906156,396420,4282456,64020.855,42974.187,0,24.188,0,3.024,5037,3216,1.300,1.950,1.790,1,0,168.309,0,0,20,303,0,9,0
02-10 21:19:13,7.498,23.493,67.480,0,0,5679668,5897776,396420,4282464,73308.798,591039.060,0,3067.113,0,89.974,5073,3079,1.300,1.950,1.790,1,0,117.966,0,0,20,303,0,9,0
02-10 21:19:14,26.633,13.441,58.244,0,0,5682112,5895092,396592,4282580,60427.247,32891.347,0,3377.148,0,169.256,4882,3937,1.270,1.930,1.790,1,0,32.856,0,0,20,305,0,12,0
02-10 21:19:15,20.351,10.804,67.838,0,0,5682932,5895876,396624,4280948,127236.460,43470.765,0,574.867,0,31.155,4536,3885,1.270,1.930,1.790,1,0,19.095,0,0,20,303,0,11,0
02-10 21:19:16,6.988,5.989,86.097,0,0,5681864,5896936,396624,4280956,50159.608,24283.723,0,495.118,0,4.991,2466,1886,1.270,1.930,1.790,0,0,7.986,0,0,20,304,0,11,0
02-10 21:19:17,3.253,2.002,94.828,0,0,5678036,5900760,396624,4280960,68164.011,18439.152,0,0,0,0,1799,1576,1.270,1.930,1.790,0,0,2.002,0,0,20,304,0,11,0
02-10 21:19:18,6.994,6.994,84.425,0,0,5669988,5908012,396664,4281648,184701.325,20116.174,0,1774.428,0,10.990,2939,2179,1.270,1.930,1.790,0,0,15.986,0,0,20,303,0,11,0
02-10 21:19:19,5.494,8.741,85.414,0,0,5647472,5930512,396676,4281652,148071.158,51571.812,0,495.499,0,7.992,2996,2212,1.170,1.900,1.780,0,0,24.975,0,0,20,303,0,12,0
02-10 21:19:20,9.766,23.038,64.605,0,0,5648864,5928972,396720,4281756,643102.797,522687.232,0,340.556,0,28.046,6327,4150,1.170,1.900,1.780,1,0,198.324,0,0,20,303,0,15,0
02-10 21:19:21,14.417,14.417,66.367,3.728,0,5668308,5908336,397116,4282444,29719.609,14508.332,1240.844,389.752,103.404,27.839,3988,2890,1.170,1.900,1.780,1,0,87.495,0,0,20,303,0,15,0
02-10 21:19:22,12.294,8.029,71.005,8.531,0,5672216,5899152,397580,4286040,29970.510,14644.533,3873.896,128.461,628.254,14.050,3529,3333,1.170,1.900,1.780,0,1,0,0,0,20,303,0,15,0
02-10 21:19:23,14.258,8.255,71.041,5.753,0,5676820,5886156,398280,4290836,15186.839,8120.726,5479.189,112.065,282.164,7.004,2857,2162,1.170,1.900,1.780,1,0,2.001,0,0,20,303,0,15,0
02-10 21:19:24,9.018,3.507,85.919,0.501,0,5677280,5884644,398348,4291620,23276.805,15328.163,645.270,2945.797,47.093,547.077,3344,2629,1.160,1.890,1.770,0,0,0,0,0,20,304,0,15,0
02-10 21:19:25,19.260,7.254,73.287,0.250,0,5666388,5895484,398380,4291640,31982.146,16799.481,0,256.129,0,28.014,3470,2792,1.160,1.890,1.770,1,0,1.001,0,0,20,303,0,16,0
02-10 21:19:26,13.244,4.748,81.213,0,0,5684264,5877592,398388,4291648,35691.686,20821.483,0,115.947,0,6.997,2498,1879,1.160,1.890,1.770,2,0,1.999,0,0,20,304,0,16,0
02-10 21:19:27,12.494,4.248,82.458,0,0,5668468,5893220,398408,4291796,34660.381,19310.184,0,423.785,0,30.984,2876,2479,1.160,1.890,1.770,3,0,0.999,0,0,20,303,0,18,0
02-10 21:19:28,17.253,6.251,75.762,0,0,5679552,5882132,398408,4291800,31533.841,16520.536,0,132.020,0,10.002,2593,1731,1.160,1.890,1.770,1,0,0,0,0,20,304,0,18,0
02-10 21:19:29,9.000,3.000,86.754,0,0,5679712,5881908,398456,4291812,23878.114,16029.748,0,1228.057,0,233.011,3124,2820,1.060,1.850,1.760,1,0,2.000,0,0,20,304,0,18,0
02-10 21:19:30,20.132,7.456,71.332,0,0,5679456,5882164,398456,4291812,15972.358,7450.320,0,11.930,0,0.994,2700,1795,1.060,1.850,1.760,4,0,1.988,0,0,20,303,0,19,0
02-10 21:19:31,7.795,2.515,89.016,0,0,5679612,5881940,398508,4291828,12237.924,10666.818,0,269.562,0,30.175,2936,2806,1.060,1.850,1.760,1,0,0,0,0,20,303,0,19,1
02-10 21:19:32,20.260,8.504,70.284,0,0,5678736,5882728,398572,4291852,45527.071,24623.937,0,1164.565,0,64.031,3090,2195,1.060,1.850,1.760,1,0,3.001,0,0,20,303,0,20,0
02-10 21:19:33,7.752,2.001,89.028,0,0,5682736,5878696,398588,4291868,39505.241,23828.383,0,80.025,0,9.003,2635,2372,1.060,1.850,1.760,1,0,0,0,0,20,304,0,20,0
02-10 21:19:34,19.585,9.421,69.911,0,0,5681912,5879484,398624,4292476,32041.250,15888.240,0,337.161,0,30.741,3355,3714,0.980,1.820,1.750,14,0,34.708,0,0,20,303,0,21,0
02-10 21:19:35,23.649,10.455,64.972,0,0,5693240,5868144,398628,4291876,17119.780,9629.814,0,55.762,0,5.974,3542,11420,0.980,1.820,1.750,1,0,3.983,0,0,20,304,0,22,0
02-10 21:19:36,15.431,5.565,78.671,0,0,5685388,5875956,398652,4291892,23789.386,15942.562,0,174.037,0,18.213,3247,2652,0.980,1.820,1.750,3,0,2.024,0,0,20,299,0,24,0
02-10 21:19:37,52.300,17.016,30.279,0,0,5283580,6277432,398696,4291716,30643.421,15566.946,268.258,236.227,5.005,25.024,4542,2705,0.980,1.820,1.750,3,0,5.005,0,0,20,276,0,27,0
02-10 21:19:38,61.965,14.242,23.237,0,0,5376140,6184756,398832,4292152,58788.724,600482.109,0,2926.344,0,152.913,4663,2875,0.980,1.820,1.750,3,0,4.997,0,0,20,276,0,27,0
02-10 21:19:39,78.487,14.997,6.999,0,0,5474292,6086532,398884,4292168,15175.414,8192.604,0,3123.468,0,45.992,4973,2692,1.140,1.840,1.760,4,0,1.000,0,0,20,272,0,27,0
02-10 21:19:40,84.974,13.996,0.500,0,0,5507016,6053056,398900,4292900,29747.999,15477.317,0,499.849,0,12.996,5010,2544,1.140,1.840,1.760,7,0,8.997,0,0,20,271,0,30,0
02-10 21:19:41,72.684,18.296,9.023,0,0,5585720,5973280,399008,4293912,85057.857,24835.026,0,1912.854,0,120.305,7058,7918,1.140,1.840,1.760,4,0,7.018,0,0,20,270,0,33,0
02-10 21:19:42,68.900,14.281,16.536,0,0,5657848,5900704,399020,4294316,84572.648,19173.635,0,64.139,0,3.007,5597,5919,1.140,1.840,1.760,4,0,0,0,0,20,278,0,37,0
02-10 21:19:43,47.809,29.134,21.912,0.249,0,5676916,5880452,399088,4295424,177835.095,45035.967,0,625.500,0,53.785,7334,8416,1.140,1.840,1.760,5,0,206.176,0,0,20,280,0,39,0
02-10 21:19:44,42.874,20.938,35.146,0,0,5714080,5842368,399116,4296324,36010.830,15151.330,0,3110.828,0,304.103,6472,7411,1.130,1.830,1.760,4,1,74.780,0,0,20,284,0,41,0
02-10 21:19:45,25.275,6.256,67.566,0,0,5761672,5794740,399148,4296328,29995.262,14672.313,0,8296.093,0,607.593,3928,2507,1.130,1.830,1.760,2,0,0,0,0,20,286,1,41,0
02-10 21:19:46,13.530,4.009,81.679,0,0,5761876,5794500,399180,4296332,21040.063,13206.914,0,737.615,0,21.046,2480,1836,1.130,1.830,1.760,0,0,2.004,0,0,20,287,0,41,0
02-10 21:19:47,20.656,2.738,76.154,0,0,5770420,5785932,399188,4296356,17035.561,9735.744,0,79.638,0,6.968,2918,2068,1.130,1.830,1.760,0,0,0,0,0,20,289,0,41,0
02-10 21:19:48,22.351,2.009,74.838,0,0,5778232,5778120,399188,4296356,18858.231,10122.750,0,0,0,0,2650,1672,1.130,1.830,1.760,1,0,0,0,0,20,292,0,42,0
02-10 21:19:49,10.981,21.462,66.633,0,0,5774396,5781944,399192,4296360,15373.058,7914.130,0,1752.928,0,17.969,4834,3107,1.120,1.810,1.750,1,0,217.619,0,0,20,292,0,42,0
02-10 21:19:50,18.275,13.268,67.342,0,0,5774388,5781944,399192,4296364,44722.080,22146.247,0,6196.463,0,1019.392,5175,2288,1.120,1.810,1.750,1,0,54.074,0,0,20,292,0,42,0
02-10 21:19:51,21.497,5.749,71.492,0.250,0,5779864,5776412,399252,4296360,29694.501,15039.228,0,819.903,0,52.994,3188,2627,1.120,1.810,1.750,0,0,0,0,0,20,293,0,42,0
02-10 21:19:52,14.504,4.251,79.773,0,0,5780592,5775656,399272,4296368,21012.119,12806.729,0,116.034,0,14.004,2661,2166,1.120,1.810,1.750,0,0,2.001,0,0,20,293,0,42,0
02-10 21:19:53,18.738,2.998,76.949,0,0,5780636,5775432,399308,4296512,31370.301,498584.014,0,255.831,0,27.982,3595,3094,1.120,1.810,1.750,1,0,0.999,0,0,20,294,0,43,0
02-10 21:19:54,9.987,16.729,71.660,0,0,5703524,5852520,399328,4296516,129651.190,50782.230,0,735.077,0,21.972,4600,3166,1.110,1.800,1.750,1,0,146.816,0,0,20,294,0,43,0
02-10 21:19:55,8.505,24.516,66.042,0.250,0,5700844,5855048,399464,4296532,45755.109,28988.442,132.084,144.092,5.003,7.004,5149,3218,1.110,1.800,1.750,3,0,204.130,0,0,20,294,0,43,0
02-10 21:19:56,6.486,23.200,68.104,0,0,5715376,5840452,399520,4296540,61065.849,38144.078,0,678.543,0,40.912,5553,3845,1.110,1.800,1.750,1,0,188.595,0,0,20,294,0,43,0
02-10 21:19:57,7.026,22.582,69.001,0,0,5723568,5832244,399528,4296548,61162.324,39585.894,0,56.204,0,7.026,5183,3455,1.110,1.800,1.750,1,0,196.715,0,0,20,294,0,43,0
02-10 21:19:58,6.000,22.999,68.997,0,0,5722092,5833700,399536,4296560,61008.439,38956.365,0,83.996,0,8.000,5214,3314,1.110,1.800,1.750,1,0,192.992,0,0,20,294,0,43,0
02-10 21:19:59,6.998,22.743,68.478,0,0,5718304,5837476,399540,4296568,61004.771,38979.713,0,31.990,0,2.999,5077,3280,1.100,1.790,1.740,1,0,196.938,0,0,20,294,0,43,0
02-10 21:20:00,6.503,25.262,67.281,0,0,5719376,5836400,399540,4296572,46274.234,28409.036,0,40.018,0,2.001,5278,3438,1.100,1.790,1.740,1,0,230.106,0,0,20,294,0,43,0
02-10 21:20:01,7.999,25.747,63.993,0,0,5722080,5833652,399568,4296588,71234.576,570954.499,0,491.949,0,35.996,5993,4579,1.100,1.790,1.740,3,0,217.977,0,0,20,294,0,43,0
02-10 21:20:02,6.496,26.233,65.706,0.250,0,5722564,5833148,399580,4296596,61266.293,38214.609,0,51.965,0,5.996,5304,3357,1.100,1.790,1.740,2,0,219.854,0,0,20,294,0,43,0
02-10 21:20:03,8.004,23.763,65.785,0,0,5722504,5833148,399632,4296604,56723.999,32317.091,0,296.157,0,34.018,5520,3864,1.100,1.790,1.740,4,0,201.106,0,0,20,294,0,43,0
02-10 21:20:04,8.498,23.994,66.734,0.250,0,5723268,5832348,399640,4296620,50739.015,34255.908,0,79.981,0,7.998,5240,3450,1.090,1.770,1.740,1,0,190.955,0,0,20,294,0,43,0
02-10 21:20:05,18.738,11.992,68.205,0,0,5751780,5803772,399652,4296660,60072.245,33375.912,0,299.802,0,13.991,3362,2246,1.090,1.770,1.740,1,0,32.978,0,0,20,294,0,43,0
02-10 21:20:06,23.241,5.998,69.972,0,0,5795604,5759924,399668,4296668,29997.822,15107.867,0,119.951,0,15.994,2861,1917,1.090,1.770,1.740,1,0,1.999,0,0,20,294,0,43,0
02-10 21:20:07,23.518,5.754,71.053,0,0,5779188,5776304,399688,4296684,30679.024,16776.591,0,108.081,0,12.009,3068,2189,1.090,1.770,1.740,1,0,5.004,0,0,20,294,0,43,0
02-10 21:20:08,21.510,6.753,71.282,0,0,5827004,5728488,399688,4296684,45124.438,23002.418,0,0,0,0,2764,1798,1.090,1.770,1.740,1,0,0,0,0,20,294,0,43,0
02-10 21:20:09,23.813,9.178,65.983,0,0,5840136,5715328,399700,4296692,29334.074,15173.070,0,87.316,0,11.907,3326,2298,1.080,1.760,1.740,1,0,7.938,0,0,20,295,0,42,0
02-10 21:20:10,23.876,8.545,66.602,0.503,0,5833428,5721808,399904,4296716,15474.830,7497.647,0,977.167,0,148.787,5087,5016,1.080,1.760,1.740,1,0,2.011,0,0,20,295,0,42,0
02-10 21:20:11,20.797,9.271,70.159,0,0,5799080,5756080,399940,4296756,15152.245,7607.193,0,328.743,0,31.070,3261,2375,1.080,1.760,1.740,5,0,22.050,0,0,20,295,0,42,0
02-10 21:20:12,24.407,7.222,66.994,0,0,5823424,5731580,400092,4296760,60446.383,588795.609,0,3857.284,0,203.225,3987,2952,1.080,1.760,1.740,1,0,2.989,0,0,20,295,0,42,0
02-10 21:20:13,24.519,5.254,69.304,0,0,5826648,5728308,400124,4296776,29914.399,14831.601,0,232.182,0,29.023,3591,2847,1.080,1.760,1.740,3,0,0,0,0,20,295,0,38,0
02-10 21:20:14,9.522,4.260,85.444,0,0,5784340,5770608,400124,4296784,45419.900,23523.293,0,0,0,0,2509,1941,1.160,1.770,1.740,2,0,21.048,0,0,20,295,0,38,0
02-10 21:20:15,2.250,2.000,95.267,0,0,5770764,5784184,400124,4296784,29971.191,14594.528,0,360.062,0,65.011,1823,1561,1.160,1.770,1.740,0,0,2.000,0,0,20,295,0,38,0
02-10 21:20:16,7.502,4.501,87.276,0.250,0,5752020,5802740,400144,4296952,29817.993,14758.451,0,452.136,0,35.011,3008,2984,1.160,1.770,1.740,0,0,6.002,0,0,20,295,0,40,0
02-10 21:20:17,1.752,1.752,95.835,0,0,5750368,5804380,400152,4296956,15695.971,7302.500,0,272.242,0,16.014,1803,1765,1.160,1.770,1.740,0,0,2.002,0,0,20,295,0,36,0
02-10 21:20:18,1.250,1.500,95.482,0,0,5745264,5809456,400172,4296964,29617.467,14589.274,0,75.986,0,9.998,1900,1801,1.160,1.770,1.740,0,0,2.000,0,0,20,295,0,36,0
02-10 21:20:19,2.750,2.000,95.508,0,0,5741244,5813464,400180,4296968,240.021,148.013,0,188.016,0,24.002,2049,1990,1.060,1.740,1.730,0,0,1.000,0,0,20,295,0,36,0
02-10 21:20:20,2.247,1.997,94.124,0,0,5738720,5815972,400196,4296968,15312.458,7286.226,0,3123.809,0,584.216,2929,1917,1.060,1.740,1.730,0,0,0.999,0,0,20,295,0,36,0
02-10 21:20:21,2.253,2.253,95.139,0,0,5738320,5816352,400216,4296968,15401.546,7306.696,0,96.141,0,12.018,1964,1892,1.060,1.740,1.730,0,0,2.003,0,0,20,295,0,32,0
02-10 21:20:22,1.500,1.500,95.994,0,0,5738128,5816524,400236,4296968,16028.966,7457.519,0,91.994,0,13.999,1800,1782,1.060,1.740,1.730,0,0,0,0,0,20,295,0,32,0
02-10 21:20:23,2.749,1.750,94.975,0,0,5738084,5816524,400276,4296972,1049.724,0,0,207.945,0,29.992,2125,2142,1.060,1.740,1.730,0,0,0,0,0,20,295,0,32,0
02-10 21:20:24,11.256,7.504,80.291,0,0,5746852,5807736,400292,4296976,22672.618,13128.728,0,80.041,0,12.006,2864,2271,0.980,1.710,1.720,2,0,11.006,0,0,20,295,0,32,0
02-10 21:20:25,22.000,5.500,71.501,0,0,5795208,5759380,400292,4296976,37498.377,20004.201,0,88.001,0,2.000,2664,1643,0.980,1.710,1.720,1,0,0,0,0,20,295,0,31,0
02-10 21:20:26,24.234,4.497,70.952,0,0,5803356,5751076,400320,4297104,29788.960,14648.146,0,859.422,0,45.969,3230,2342,0.980,1.710,1.720,1,0,0,0,0,20,295,0,32,0
02-10 21:20:27,6.500,4.250,88.494,0,0,5772908,5781516,400328,4297104,45575.925,23092.442,0,35.998,0,3.000,2264,1751,0.980,1.710,1.720,0,0,22.998,0,0,20,295,0,32,0
02-10 21:20:28,1.501,1.501,96.300,0,0,5766264,5788160,400328,4297104,29944.564,14923.757,0,4.002,0,1.001,1665,1502,0.980,1.710,1.720,0,0,0,0,0,20,295,0,32,0
02-10 21:20:29,1.998,1.499,95.171,0,0,5760400,5794024,400328,4297104,29851.295,15021.568,0,3.997,0,0.999,1766,1647,0.900,1.680,1.710,0,0,0,0,0,20,295,0,30,0
02-10 21:20:30,1.750,2.000,96.267,0,0,5755732,5798692,400328,4297104,15413.712,7297.284,0,0,0,0,1691,1579,0.900,1.680,1.710,0,0,3.001,0,0,20,295,0,30,0
02-10 21:20:31,2.751,2.251,93.048,0,0,5720540,5833872,400340,4297104,33099.134,590205.532,0,124.064,0,13.007,2602,2439,0.900,1.680,1.710,0,0,0,0,0,20,295,0,30,0
02-10 21:20:32,1.750,2.000,96.246,0,0,5721044,5833368,400352,4297092,15988.317,7337.687,0,215.991,0,14.999,1709,1591,0.900,1.680,1.710,1,0,0,0,0,20,295,0,30,0
02-10 21:20:33,2.501,1.500,94.774,0,0,5720972,5833368,400400,4297116,15637.969,7363.869,0,200.051,0,28.007,2191,2149,0.900,1.680,1.710,0,0,2.001,0,0,20,295,0,28,0
02-10 21:20:34,2.249,1.500,96.470,0,0,5720952,5833368,400416,4297120,778.757,147.954,0,55.983,0,7.998,1544,1475,0.830,1.650,1.700,1,0,0,0,0,20,295,0,28,0
02-10 21:20:35,13.253,9.252,75.768,0,0,5726056,5828256,400424,4296968,15697.792,7459.802,0,260.063,0,14.003,3375,9942,0.830,1.650,1.700,1,0,36.009,0,0,20,295,0,29,0
02-10 21:20:36,2.000,2.500,95.242,0,0,5726052,5828256,400436,4297112,1165.903,0,0,1027.914,0,213.982,2061,1569,0.830,1.650,1.700,0,0,2.000,0,0,20,295,0,29,0
02-10 21:20:37,14.753,7.752,77.518,0,0,5754748,5799532,400452,4297124,45154.442,23525.440,0,92.021,0,12.003,2788,2140,0.830,1.650,1.700,2,0,9.002,0,0,20,295,0,23,0
02-10 21:20:38,22.367,4.970,71.324,0,0,5804140,5750140,400456,4297120,30249.517,15185.397,0,174.956,0,8.947,2590,1633,0.830,1.650,1.700,1,0,0,0,0,20,296,0,23,0
02-10 21:20:39,24.873,4.522,70.098,0,0,5803968,5750140,400484,4297264,30539.583,15139.143,0,84.419,0,12.060,3301,2476,0.840,1.640,1.700,1,0,2.010,0,0,20,295,0,23,0
02-10 21:20:40,2.251,4.501,92.521,0,0,5772864,5781236,400484,4297272,30703.949,16449.723,0,148.034,0,29.007,2086,1794,0.840,1.640,1.700,0,0,22.005,0,0,20,295,0,23,0
02-10 21:20:41,1.744,1.495,95.194,0,0,5757936,5796156,400492,4297276,30073.266,15161.232,0,127.590,0,11.962,1887,1925,0.840,1.640,1.700,0,0,0,0,0,20,295,0,16,0
02-10 21:20:42,2.008,2.008,96.148,0,0,5751612,5802480,400500,4297268,30420.770,15273.144,0,289.196,0,15.062,1849,1701,0.840,1.640,1.700,0,0,2.008,0,0,20,295,0,16,0
02-10 21:20:43,3.998,1.999,92.696,0,0,5741396,5812672,400512,4297280,30650.264,14907.374,0,159.907,0,20.988,2378,2274,0.840,1.640,1.700,3,0,0,0,0,20,293,0,17,0
02-10 21:20:44,12.256,3.752,82.538,0.250,0,5738416,5815520,400600,4297324,18645.536,8725.995,0,600.275,0,80.037,3470,3514,0.860,1.630,1.690,1,0,0,0,0,20,295,0,17,0
02-10 21:20:45,1.750,1.750,95.767,0,0,5735160,5818772,400612,4297316,15300.683,7525.320,0,108.019,0,7.001,1716,1611,0.860,1.630,1.690,0,0,2.000,0,0,20,295,0,8,0
02-10 21:20:46,1.250,1.500,96.753,0,0,5731964,5821944,400620,4297332,839.030,0,0,116.004,0,9.000,1537,1540,0.860,1.630,1.690,0,0,0,0,0,20,295,0,8,0
02-10 21:20:47,1.500,1.500,95.757,0,0,5726472,5827436,400680,4297272,15293.042,7500.511,0,1324.090,0,72.005,1684,1668,0.860,1.630,1.690,0,0,0,0,0,20,295,0,8,0
02-10 21:20:48,1.250,1.750,96.233,0,0,5725676,5828168,400684,4297332,15288.307,7618.658,0,119.979,0,3.999,1531,1454,0.860,1.630,1.690,0,0,2.000,0,0,20,295,0,8,0
02-10 21:20:49,2.488,1.742,95.299,0,0,5725496,5828328,400712,4297324,758.410,147.303,0,282.662,0,20.901,1840,1822,0.790,1.600,1.680,0,0,0,0,0,20,295,0,7,0
02-10 21:20:50,16.827,8.539,74.089,0,0,5761520,5792292,400712,4297336,30410.191,15973.111,0,0,0,0,2844,1981,0.790,1.600,1.680,1,0,10.046,0,0,20,295,0,7,0
02-10 21:20:51,23.233,6.245,70.698,0,0,5807088,5746692,400732,4297348,29886.179,15132.951,0,135.901,0,15.988,3174,2299,0.790,1.600,1.680,2,0,1.999,0,0,20,295,0,7,0
02-10 21:20:52,22.737,6.496,69.459,0,0,5791220,5762464,400756,4297420,30101.166,15362.898,0,1718.982,0,324.808,3960,2526,0.790,1.600,1.680,1,0,20.988,0,0,20,295,0,7,0
02-10 21:20:53,23.270,8.853,68.039,0.253,0,5796432,5757052,400948,4297428,56724.712,473485.979,0,3023.052,0,191.217,4364,3620,0.790,1.600,1.680,1,0,1.012,0,0,20,295,0,7,0
02-10 21:20:54,22.276,5.693,70.045,0,0,5806404,5747068,400956,4297432,33135.516,142341.442,0,99.004,0,13.861,3034,2170,0.800,1.590,1.680,1,0,1.980,0,0,20,295,0,6,0
02-10 21:20:55,22.148,5.972,70.673,0,0,5750696,5802764,400956,4297444,30550.692,18345.147,0,0,0,0,2965,2022,0.800,1.590,1.680,1,0,4.977,0,0,20,295,0,6,0
02-10 21:20:56,21.854,6.782,71.591,0,0,5795804,5757656,400956,4297444,44587.233,22806.558,0,0,0,0,2727,1792,0.800,1.590,1.680,1,0,0,0,0,20,295,0,6,0
02-10 21:20:57,22.515,6.186,69.773,0,0,5811952,5741340,400972,4297596,29508.562,14987.848,0,467.133,0,32.660,3224,2442,0.800,1.590,1.680,4,0,1.979,0,0,20,297,0,7,0
02-10 21:20:58,17.176,4.294,78.302,0,0,5737900,5815148,401104,4297708,18758.186,8426.332,0,784.033,0,109.118,3774,3730,0.800,1.590,1.680,0,0,6.062,0,0,20,296,0,7,0
02-10 21:20:59,7.492,17.980,73.670,0,0,5736052,5817016,401140,4297652,150365.470,53598.709,0,331.639,0,21.976,4673,3417,0.740,1.560,1.670,1,0,147.839,0,0,20,296,0,8,0
02-10 21:21:00,7.252,25.258,65.520,0,0,5728616,5824444,401148,4297652,61270.067,37687.728,0,116.036,0,6.002,5219,3369,0.740,1.560,1.670,2,0,210.065,0,0,20,296,0,8,0
02-10 21:21:01,6.990,22.717,68.900,0,0,5730764,5822260,401168,4297668,49064.970,28386.905,0,119.827,0,14.978,5237,3664,0.740,1.560,1.670,2,0,186.730,0,0,20,296,0,8,0
02-10 21:21:02,6.756,23.519,67.305,0.250,0,5731892,5821064,401228,4297676,58395.003,39298.304,0,1441.185,0,77.063,5276,3509,0.740,1.560,1.670,1,0,187.154,0,0,20,296,0,8,0
02-10 21:21:03,9.455,22.642,65.934,0,0,5736768,5816120,401284,4297688,86629.394,544287.058,0,266.723,0,35.829,6136,4591,0.740,1.560,1.670,1,0,189.095,0,0,20,296,0,8,0
02-10 21:21:04,7.296,22.894,68.681,0.252,0,5739276,5813604,401288,4297692,61643.495,39117.259,0,56.353,0,8.050,5116,3378,0.760,1.550,1.660,1,0,199.249,0,0,20,296,0,8,0
02-10 21:21:05,5.490,24.954,66.876,0,0,5738600,5814224,401288,4297744,46665.622,27533.036,0,0,0,0,5281,3311,0.760,1.550,1.660,1,0,220.592,0,0,20,296,0,8,0
02-10 21:21:06,5.760,25.545,66.618,0,0,5729428,5823376,401300,4297752,62012.630,38810.612,0,336.595,0,15.027,5351,3451,0.760,1.550,1.660,1,0,216.383,0,0,20,296,0,8,0
02-10 21:21:07,8.992,26.977,62.198,0,0,5722564,5830184,401344,4297764,72223.746,39822.777,0,2250.123,0,437.635,6279,4081,0.760,1.550,1.660,3,0,225.812,0,0,20,296,0,8,0
02-10 21:21:08,6.503,24.260,67.529,0,0,5725900,5826684,401360,4297912,62234.363,38252.204,0,196.083,0,17.007,5452,3777,0.760,1.550,1.660,2,0,197.083,0,0,20,296,0,8,0
02-10 21:21:09,8.747,25.741,63.977,0,0,5733824,5818728,401380,4297916,45775.565,28437.790,0,87.968,0,11.996,5312,3606,0.780,1.540,1.660,1,0,187.933,0,0,20,296,0,8,0
02-10 21:21:10,15.262,13.260,69.555,0,0,5768536,5784012,401380,4297920,61096.293,34749.467,0,52.041,0,3.002,3797,2505,0.780,1.540,1.660,1,0,61.048,0,0,20,296,0,7,0
02-10 21:21:11,26.228,5.745,67.195,0,0,5815604,5736888,401412,4297944,68107.981,570778.535,0,631.481,0,37.969,3780,2732,0.780,1.540,1.660,1,0,2.998,0,0,20,296,0,7,0
02-10 21:21:12,23.734,6.496,69.455,0,0,5815704,5736648,401472,4298024,15167.094,7357.195,0,439.713,0,38.975,3820,3240,0.780,1.540,1.660,1,0,0,0,0,20,297,0,9,0
02-10 21:21:13,24.531,9.512,64.332,0,0,5815480,5736648,401588,4298132,30055.474,14838.995,0,785.005,0,98.126,5577,5941,0.780,1.540,1.660,2,0,1.001,0,0,20,297,0,9,0
02-10 21:21:14,24.991,6.997,67.475,0,0,5815356,5736648,401680,4298164,15519.145,9604.377,0,443.833,0,60.977,4652,4699,0.800,1.530,1.660,2,0,1.999,0,0,20,296,0,9,0
02-10 21:21:15,21.705,7.984,69.358,0,0,5792732,5759268,401680,4298168,60258.378,30038.375,0,0,0,0,2820,1930,0.800,1.530,1.660,3,0,20.957,0,0,20,296,0,9,0
02-10 21:21:16,31.310,9.017,59.363,0,0,5747968,5803940,401680,4298264,29859.831,14619.825,0,472.900,0,67.128,5143,4512,0.800,1.530,1.660,6,0,10.019,0,0,20,296,0,20,0
02-10 21:21:17,6.480,18.943,73.030,0,0,5746024,5805828,401716,4298284,50595.708,29864.109,0,681.947,0,35.892,4540,3176,0.800,1.530,1.660,1,0,129.610,0,0,20,296,0,21,0
02-10 21:21:18,6.991,22.220,68.658,0,0,5754256,5797592,401716,4298288,61460.248,37417.620,0,19.973,0,3.995,5010,3281,0.800,1.530,1.660,3,0,180.757,0,0,20,296,0,19,0
02-10 21:21:19,20.844,9.292,70.066,0.251,0,5791516,5760332,401832,4298172,44926.462,24114.673,0,2989.472,0,131.593,3340,2498,0.810,1.520,1.650,1,0,0,0,0,20,296,0,19,0
02-10 21:21:20,20.252,7.501,70.758,0.750,0,5822816,5728876,401840,4298320,45268.167,23318.662,16.002,272.031,1.000,3.000,2732,1898,0.810,1.520,1.650,1,0,5.001,0,0,20,296,0,19,0
02-10 21:21:21,23.980,5.995,69.693,0,0,5849944,5698284,401940,4301212,30052.523,15065.729,0,643.476,0,11.990,2908,2405,0.810,1.520,1.650,1,0,0,0,0,20,296,0,19,0
02-10 21:21:22,22.267,8.006,68.053,0,0,5833860,5713152,402044,4302108,29964.539,15480.161,0,6092.786,0,634.498,4605,2965,0.810,1.520,1.650,1,0,3.002,0,0,20,296,0,19,0
02-10 21:21:23,25.382,7.963,65.943,0,0,5849644,5697288,402120,4302112,24830.555,443549.807,0,648.983,0,54.745,4321,3833,0.810,1.520,1.650,3,0,1.991,0,0,20,297,0,19,0
02-10 21:21:24,26.353,6.023,66.007,0.251,0,5850256,5696280,402224,4302400,48433.815,152787.629,0,819.194,0,86.337,6085,6313,0.830,1.520,1.650,2,0,2.008,0,0,20,297,0,20,0
02-10 21:21:25,23.923,6.479,67.782,0,0,5850072,5696280,402340,4302468,30049.503,14545.291,0,574.156,0,65.789,5797,5956,0.830,1.520,1.650,1,0,0,0,0,20,299,0,21,0
02-10 21:21:26,27.817,10.275,59.645,0.251,0,5850904,5695020,402628,4302604,29881.468,15054.510,0,1399.394,0,206.501,5770,6261,0.830,1.520,1.650,4,0,2.005,0,0,20,299,0,23,0
02-10 21:21:27,7.479,2.244,89.254,0,0,5850948,5694768,402708,4302732,18273.682,8224.353,0,602.341,0,53.852,2710,2765,0.830,1.520,1.650,0,0,0,0,0,20,296,0,23,0
02-10 21:21:28,24.859,5.524,68.048,0.251,0,5851040,5694264,403000,4302844,21318.458,8822.678,0,1868.190,0,240.052,6150,6465,0.830,1.520,1.650,0,0,0,0,0,20,296,0,23,0
02-10 21:21:29,6.286,2.766,90.272,0,0,5851124,5694012,403068,4302940,15079.221,7487.308,0,832.817,0,66.384,2719,2693,0.840,1.510,1.650,3,0,2.012,0,0,20,298,0,23,0
02-10 21:21:30,8.204,2.735,88.006,0.249,0,5850936,5694012,403164,4303032,29014.982,9096.890,0,863.150,0,88.503,3396,3562,0.840,1.510,1.650,0,0,0.994,0,0,20,296,0,23,0
02-10 21:21:31,23.454,6.986,67.617,0.250,0,5851076,5693760,403364,4302936,1341.370,0,0,1433.190,0,147.710,6069,6504,0.840,1.510,1.650,1,0,0,0,0,20,299,0,23,0
02-10 21:21:32,24.496,11.248,61.241,0.250,0,5850256,5693760,403896,4303204,30496.297,15007.686,0,8718.655,0,603.907,7522,8692,0.840,1.510,1.650,2,0,2.000,0,0,20,299,0,23,0
02-10 21:21:33,26.801,6.512,64.873,0,0,5850272,5693508,404076,4303252,44863.045,22091.878,0,1450.750,0,148.281,6817,7335,0.840,1.510,1.650,1,0,0,0,0,20,299,0,24,0
02-10 21:21:34,22.585,7.197,67.258,0,0,5850272,5693256,404144,4303428,15499.671,7455.487,0,500.342,0,56.586,5718,5897,0.860,1.500,1.640,2,0,0,0,0,20,299,0,24,1
02-10 21:21:35,25.389,10.952,62.227,0.249,0,5861504,5681424,404372,4304188,32646.758,15599.555,0,1931.525,0,204.104,5830,5932,0.860,1.500,1.640,5,0,15.930,0,0,20,298,0,25,0
02-10 21:21:36,20.988,9.862,68.527,0.253,0,5849940,5692780,404488,4303836,15472.471,7784.280,0,971.012,0,83.952,4765,11408,0.860,1.500,1.640,0,0,22.252,0,0,20,298,0,26,0
02-10 21:21:37,6.750,2.500,89.496,0,0,5849788,5692780,404612,4303860,29460.740,9619.589,0,959.959,0,104.996,3228,3520,0.860,1.500,1.640,1,0,0,0,0,20,299,0,26,0
02-10 21:21:38,23.838,7.946,65.804,0.248,0,5849488,5692780,404832,4303932,44520.296,21967.134,0,1624.988,0,181.768,6778,7328,0.860,1.500,1.640,4,0,1.987,0,0,20,299,0,27,0
02-10 21:21:39,25.396,11.566,61.101,0.503,0,5848832,5692780,405412,4303992,29795.281,14825.224,0,8339.943,0,578.325,7556,8937,0.870,1.490,1.640,2,0,0,0,0,20,299,0,26,0
02-10 21:21:40,24.260,6.503,66.777,0,0,5848440,5692780,405572,4304216,15177.186,7298.975,0,2541.036,0,163.066,6211,6271,0.870,1.490,1.640,2,0,1.000,0,0,20,299,0,27,0
02-10 21:21:41,24.501,7.500,66.503,0,0,5848576,5692528,405660,4304240,15958.709,7452.331,0,692.031,0,70.003,6079,6220,0.870,1.490,1.640,0,0,2.000,0,0,20,297,0,28,2
02-10 21:21:42,20.261,7.004,71.287,0.250,0,5847976,5692528,405984,4304508,18412.548,8308.308,0,1728.897,0,218.113,5616,5793,0.870,1.490,1.640,0,0,0,0,0,20,296,0,31,2
02-10 21:21:43,15.191,7.222,75.957,0,0,5847780,5692528,406180,4304500,15575.848,7333.678,0,1239.214,0,145.438,4522,4582,0.870,1.490,1.640,4,0,0,0,0,20,295,0,32,2
02-10 21:21:44,13.303,3.012,82.327,0.251,0,5847612,5692276,406300,4304792,18633.059,8743.753,0,1032.102,0,95.379,3684,3912,0.960,1.500,1.640,0,0,2.008,0,0,20,296,0,32,2
02-10 21:21:45,22.893,7.465,67.185,0.498,0,5847476,5692052,406468,4304984,4863.188,44518.176,0,1433.277,0,140.342,5242,5316,0.960,1.500,1.640,3,0,0,0,0,20,296,0,33,2
02-10 21:21:46,11.047,3.515,84.611,0,0,5847840,5691576,406532,4305024,25816.044,407159.561,0,799.408,0,59.253,3452,3033,0.960,1.500,1.640,1,0,0,0,0,20,298,0,33,2
02-10 21:21:47,27.496,4.499,66.242,0,0,5848552,5690568,406604,4305244,16009.956,9012.849,0,1763.775,0,155.980,4830,4065,0.960,1.500,1.640,0,0,3.000,0,0,20,296,0,32,2
02-10 21:21:48,7.984,4.990,85.833,0,0,5848368,5690568,406748,4305272,62837.569,160233.804,0,9006.452,0,1113.830,5183,3639,0.960,1.500,1.640,1,0,0,0,0,20,297,0,32,2
02-10 21:21:49,12.782,5.013,80.705,0.501,0,5848192,5690316,407112,4305328,43860.304,16634.213,0,5149.067,0,367.934,4986,5444,1.120,1.520,1.650,0,0,0,0,0,20,296,0,32,2
02-10 21:21:50,11.421,3.724,82.929,0.248,0,5848652,5689812,407280,4305204,29158.383,9311.932,0,2002.224,0,127.125,3935,4111,1.120,1.520,1.650,0,0,2.980,0,0,20,296,0,33,2
02-10 21:21:51,16.974,6.240,75.633,0,0,5848336,5689812,407368,4305420,15415.212,7284.759,0,1309.979,0,125.806,5043,5378,1.120,1.520,1.650,1,0,0,0,0,20,298,0,33,2
02-10 21:21:52,24.085,10.537,63.224,0,0,5846152,5691572,407576,4305616,15224.939,7321.940,0,6294.300,0,217.772,6607,7062,1.120,1.520,1.650,3,0,0,0,0,20,297,0,33,2
02-10 21:21:53,26.365,7.784,64.280,0.502,0,5846660,5690844,407760,4305652,15461.239,7327.868,0,3659.917,0,573.494,7428,7379,1.120,1.520,1.650,2,0,2.009,0,0,20,297,0,33,2
02-10 21:21:54,23.759,7.253,66.776,0,0,5847840,5689332,407880,4305852,15564.076,7446.907,0,1208.472,0,107.042,6342,6670,1.190,1.530,1.650,1,0,0,0,0,20,298,0,33,2
02-10 21:21:55,24.436,6.234,66.326,0.249,0,5847624,5689332,407976,4305968,418.899,0,0,761.998,0,88.767,5999,6146,1.190,1.530,1.650,2,0,0,0,0,20,298,0,35,2
02-10 21:21:56,24.946,9.729,63.362,0,0,5847500,5689080,408252,4306060,44691.916,24187.458,0,1939.786,0,221.519,6695,7341,1.190,1.530,1.650,1,0,1.996,0,0,20,297,0,35,2
02-10 21:21:57,25.598,7.780,65.249,0.502,0,5848132,5688072,408564,4306112,44371.368,22200.741,0,5878.438,0,353.349,7030,7458,1.190,1.530,1.650,3,0,0,0,0,20,297,0,36,2
02-10 21:21:58,23.491,6.498,67.975,0,0,5848728,5687064,408648,4306432,15432.375,7293.342,0,635.768,0,74.973,6092,6503,1.190,1.530,1.650,2,0,0,0,0,20,297,0,36,2
02-10 21:21:59,24.287,7.261,67.354,0,0,5848928,5686812,408716,4306416,15198.395,7455.476,0,516.796,0,59.091,6037,6322,1.180,1.520,1.640,1,0,2.003,0,0,20,298,0,34,2
02-10 21:22:00,25.730,7.244,64.700,0.250,0,5849436,5685816,408860,4306748,44959.999,22806.245,0,1490.839,0,128.900,6779,7208,1.180,1.520,1.640,1,0,2.998,0,0,20,299,0,34,2
02-10 21:22:01,23.921,9.220,63.790,0,0,5849848,5685060,409132,4306812,29678.412,14837.212,0,1837.956,0,203.331,6744,7131,1.180,1.520,1.640,4,0,0,0,0,20,299,0,34,2
02-10 21:22:02,23.128,9.699,63.665,0.249,0,5850164,5684556,409436,4306688,29967.465,14676.846,0,2797.295,0,289.478,7167,7858,1.180,1.520,1.640,2,0,1.990,0,0,20,299,0,34,2
02-10 21:22:03,27.447,8.813,62.701,0.252,0,5849988,5684080,409660,4307100,31119.852,15497.477,0,1647.853,0,178.282,6735,7284,1.180,1.520,1.640,1,0,0,0,0,20,299,0,34,2
02-10 21:22:04,23.469,7.490,65.913,0,0,5850396,5683508,409780,4307136,37909.818,458397.210,0,1106.535,0,98.869,6350,6537,1.080,1.500,1.640,1,0,0,0,0,20,299,0,34,2
02-10 21:22:05,25.047,8.015,65.373,0.250,0,5851632,5682012,409884,4307284,33731.291,148406.458,0,1190.233,0,103.194,6503,6627,1.080,1.500,1.640,1,0,3.006,0,0,20,299,0,34,2
02-10 21:22:06,26.106,7.956,64.642,0,0,5853092,5680248,410084,4307384,30590.751,14804.094,0,1424.121,0,156.136,6154,6188,1.080,1.500,1.640,4,0,0,0,0,20,298,0,34,2
02-10 21:22:07,6.786,3.770,87.971,0.251,0,5854744,5678232,410324,4307500,26400.437,9054.509,0,5807.111,0,316.697,3853,4041,1.080,1.500,1.640,1,0,0,0,0,20,299,0,34,2
02-10 21:22:08,30.046,7.512,61.094,0.250,0,5855668,5676972,410564,4307584,15326.497,8439.939,0,1293.984,0,167.256,5508,5726,1.080,1.500,1.640,0,0,2.003,0,0,20,298,0,37,2
02-10 21:22:09,6.487,5.240,87.332,0,0,5856076,5676468,410644,4307596,3147.934,213.588,0,686.677,0,59.885,2677,2524,1.080,1.490,1.630,3,0,2.994,0,0,20,297,0,38,2
02-10 21:22:10,21.495,4.499,72.234,0.500,0,5858096,5674200,410828,4307640,18509.805,8327.113,0,1607.636,0,157.964,4569,4460,1.080,1.490,1.630,0,0,3.999,0,0,20,298,0,39,2
02-10 21:22:11,12.016,3.505,83.113,0,0,5858100,5673948,410892,4307820,26351.795,9018.250,0,925.257,0,87.118,3700,3741,1.080,1.490,1.630,1,0,2.003,0,0,20,299,0,39,2
02-10 21:22:12,38.395,8.083,52.793,0.253,0,5858168,5673696,411084,4307808,3982.947,794.165,0,1378.168,0,167.724,6428,6573,1.080,1.490,1.630,1,0,0,0,0,20,299,0,42,2
02-10 21:22:13,26.446,4.943,65.250,0,0,5858004,5673444,411304,4307992,17994.118,8500.271,0,5018.304,0,475.533,6094,5841,1.080,1.490,1.630,1,0,0,0,0,20,298,0,45,2
02-10 21:22:14,12.479,4.493,82.614,0,0,5858280,5672940,411364,4308156,15243.904,1647.288,0,4788.117,0,738.784,4338,2944,0.990,1.460,1.620,3,0,1.997,0,0,20,299,0,46,2
02-10 21:22:15,23.804,6.264,68.906,0.501,0,5858280,5672436,411764,4308244,15608.405,7713.497,0,6274.232,0,394.896,4972,5431,0.990,1.460,1.620,0,0,0,0,0,20,298,0,49,2
02-10 21:22:16,14.918,4.724,77.821,0.249,0,5858368,5671932,412048,4308368,14373.842,1444.048,0,1627.040,0,219.790,4593,5229,0.990,1.460,1.620,2,0,0.995,0,0,20,299,0,47,2
02-10 21:22:17,16.112,5.790,76.785,0,0,5853492,5676704,412152,4308364,1028.159,0,0,1389.677,0,113.792,4678,4937,0.990,1.460,1.620,2,0,10.070,0,0,20,298,0,50,2
02-10 21:22:18,23.386,8.210,66.176,0.249,0,5853028,5676720,412340,4308616,30183.448,15374.840,0,1496.683,0,197.037,4902,5013,0.990,1.460,1.620,5,0,0,0,0,20,297,0,53,2
02-10 21:22:19,11.304,2.763,86.411,0,0,5853204,5676468,412424,4308608,47528.243,23964.073,0,960.572,0,86.411,3425,3558,1.150,1.490,1.630,0,0,1.005,0,0,20,298,0,53,2
02-10 21:22:20,28.157,7.725,62.544,0.249,0,5855688,5673696,412576,4308732,15001.572,7433.508,0,1048.545,0,121.599,4814,4768,1.150,1.490,1.630,3,0,2.990,0,0,20,299,0,45,2
02-10 21:22:21,8.029,3.513,88.071,0,0,5855420,5673696,412680,4308892,32970.013,15845.680,0,983.580,0,85.311,3241,3254,1.150,1.490,1.630,0,0,0,0,0,20,298,0,46,2
02-10 21:22:22,12.989,3.747,81.184,0,0,5855576,5673444,412804,4308856,15946.946,7290.032,0,1111.090,0,101.917,3602,3621,1.150,1.490,1.630,0,0,0,0,0,20,298,0,47,2
02-10 21:22:23,10.496,3.499,83.970,0.250,0,5855940,5672940,412916,4308880,15106.653,7293.418,0,1519.462,0,113.960,3843,4038,1.150,1.490,1.630,0,0,1.999,0,0,20,298,0,47,2
02-10 21:22:24,9.510,4.505,84.843,0.501,0,5856092,5672436,413192,4308956,539.591,148.162,0,9366.252,0,979.072,5182,4200,1.060,1.470,1.620,1,0,0,0,0,20,298,0,46,2
02-10 21:22:25,7.229,2.742,89.488,0,0,5856008,5672436,413236,4308992,15336.124,7274.713,0,346.985,0,27.918,2416,2311,1.060,1.470,1.620,2,0,0,0,0,20,298,0,46,2
02-10 21:22:26,2.757,1.504,94.229,0.251,0,5855948,5672436,413268,4309012,15153.820,7542.326,0,821.997,0,36.088,2113,2091,1.060,1.470,1.620,1,0,2.005,0,0,20,299,0,46,2
02-10 21:22:27,21.751,4.750,71.752,0,0,5856344,5671960,413460,4308900,6602.173,1782.047,0,1356.036,0,186.005,4648,4708,1.060,1.470,1.620,1,0,0,0,0,20,298,0,49,2
02-10 21:22:28,12.401,2.976,83.335,0,0,5856572,5671484,413520,4309084,15116.463,7956.555,0,638.905,0,58.533,3231,3280,1.060,1.470,1.620,1,0,0,0,0,20,298,0,49,2
02-10 21:22:29,14.116,3.781,81.421,0,0,5856928,5670728,413704,4309292,6471.371,685.655,0,1387.442,0,179.480,4208,4553,1.050,1.460,1.620,0,0,2.017,0,0,20,298,0,49,2
02-10 21:22:30,21.197,3.741,73.816,0.249,0,5856824,5670728,413756,4309340,17927.208,7742.655,0,498.754,0,34.913,3649,3197,1.050,1.460,1.620,3,0,0.998,0,0,20,298,0,53,2
02-10 21:22:31,9.269,3.507,85.677,0.251,0,5856456,5670728,414028,4309428,14454.809,1855.827,0,1683.472,0,233.481,4223,4845,1.050,1.460,1.620,0,0,0,0,0,20,299,0,53,2
02-10 21:22:32,16.997,4.999,77.238,0,0,5856768,5669972,414180,4309708,768.877,0,0,1395.778,0,137.978,4861,5108,1.050,1.460,1.620,1,0,2.000,0,0,20,298,0,55,2
02-10 21:22:33,11.833,6.656,79.131,0.247,0,5856792,5669720,414408,4309708,29802.626,15968.228,0,1498.809,0,167.630,4346,4471,1.050,1.460,1.620,3,0,0,0,0,20,296,1,56,2
02-10 21:22:34,19.938,4.038,75.207,0.252,0,5856932,5669216,414540,4309924,47871.226,23591.880,0,1122.558,0,113.063,4162,4221,1.210,1.480,1.630,0,0,0,0,0,20,298,0,59,2
02-10 21:22:35,15.081,3.519,80.181,0,0,5857160,5668964,414732,4309756,18150.618,8212.167,0,1391.484,0,156.844,4022,4195,1.210,1.480,1.630,1,0,2.011,0,0,20,298,0,60,2
02-10 21:22:36,19.979,11.738,66.680,0,0,5879012,5646844,414768,4309980,40467.643,450238.740,0,555.419,0,32.965,4464,10887,1.210,1.480,1.630,2,0,36.961,0,0,20,299,0,58,2
02-10 21:22:37,15.502,5.001,78.013,0.500,0,5876524,5648820,415204,4310048,21616.474,138852.312,0,7601.221,0,482.077,5224,5664,1.210,1.480,1.630,0,0,1.000,0,0,20,298,0,60,2
02-10 21:22:38,17.506,3.751,77.525,0,0,5873612,5651692,415268,4310020,15644.033,7698.477,0,460.148,0,41.013,3830,3532,1.210,1.480,1.630,0,0,2.001,0,0,20,298,0,63,2
02-10 21:22:39,10.402,4.210,83.714,0,0,5871280,5653692,415464,4310148,14433.530,1585.122,0,1272.061,0,165.447,4273,4677,1.110,1.460,1.620,1,0,0,0,0,20,299,0,63,2
02-10 21:22:40,24.226,7.066,66.370,0,0,5870736,5654012,415596,4310232,45326.339,23123.973,0,1449.538,0,162.518,6706,7349,1.110,1.460,1.620,1,0,1.009,0,0,20,300,0,61,2
02-10 21:22:41,26.003,9.501,62.006,0.750,0,5870668,5653648,415816,4310440,30482.009,15307.511,0,2244.222,0,239.024,6750,7337,1.110,1.460,1.620,1,0,3.000,0,0,20,299,0,61,2
02-10 21:22:42,22.144,10.450,64.690,0.249,0,5870360,5653396,416072,4310732,29607.180,14946.406,0,2746.842,0,259.756,6838,7588,1.110,1.460,1.620,2,0,0,0,0,20,299,0,61,2
02-10 21:22:43,26.364,6.779,65.784,0.251,0,5870200,5653396,416188,4310768,15385.347,7327.599,0,1606.930,0,146.632,6637,7282,1.110,1.460,1.620,1,0,0,0,0,20,299,0,61,2
02-10 21:22:44,24.022,8.007,65.310,0,0,5870076,5653144,416432,4310892,15305.038,7775.132,0,5473.020,0,322.296,6748,7169,1.260,1.480,1.630,1,0,2.002,0,0,20,299,0,56,2
02-10 21:22:45,24.957,9.484,65.388,0,0,5870748,5652136,416576,4311076,14906.434,7445.231,0,7443.234,0,1000.284,7009,6278,1.260,1.480,1.630,1,0,0,0,0,20,300,0,57,2
02-10 21:22:46,17.682,4.981,74.464,0.249,0,5870532,5652136,416712,4311148,15694.755,7429.481,0,1836.949,0,156.400,5072,5370,1.260,1.480,1.630,0,0,0,0,0,20,298,0,57,2
02-10 21:22:47,8.765,5.760,84.393,0.250,0,5870472,5652136,416804,4311112,480.813,0,0,901.524,0,86.146,3189,3242,1.260,1.480,1.630,1,0,2.003,0,0,20,299,0,57,2
02-10 21:22:48,22.336,4.015,71.525,0.251,0,5870188,5652136,416948,4311248,18528.119,8300.862,0,1449.564,0,175.674,4708,4772,1.260,1.480,1.630,0,0,0,0,0,20,298,0,59,2
02-10 21:22:49,13.478,3.744,81.615,0.250,0,5870164,5652136,417084,4311136,3820.669,1041.275,0,1241.942,0,149.752,3672,3831,1.160,1.460,1.620,4,0,0,0,0,20,298,0,60,2
02-10 21:22:50,6.507,2.753,89.850,0,0,5869940,5652136,417124,4311312,15368.186,7304.168,0,909.017,0,62.069,2779,2672,1.160,1.460,1.620,3,0,3.003,0,0,20,299,0,60,2
02-10 21:22:51,21.198,5.736,70.826,0,0,5869848,5651884,417324,4311448,3392.677,464.860,0,1727.762,0,193.525,5569,6264,1.160,1.460,1.620,0,0,0,0,0,20,298,0,62,2
02-10 21:22:52,13.250,3.750,82.497,0.250,0,5869420,5651884,417408,4311780,15797.408,7457.721,0,1071.960,0,82.997,3145,3133,1.160,1.460,1.620,8,0,0,0,0,20,297,0,63,2
02-10 21:22:53,14.024,4.007,80.390,0.250,0,5871916,5649140,417608,4311824,14632.549,1855.239,0,2015.519,0,209.366,4585,4782,1.160,1.460,1.620,0,0,2.003,0,0,20,300,0,63,2
02-10 21:22:54,22.446,7.482,67.587,0.748,0,5871788,5649140,417968,4311588,657.411,147.643,0,6947.210,0,440.934,7083,7964,1.150,1.450,1.610,1,0,0,0,0,20,301,0,63,2
02-10 21:22:55,24.057,10.274,63.902,0,0,5871472,5648888,418112,4312000,45016.972,22992.637,0,5256.491,0,807.920,6926,6861,1.150,1.450,1.610,2,0,0,0,0,20,301,0,63,2
02-10 21:22:56,24.275,9.760,64.065,0.250,0,5871248,5648636,418372,4312204,29893.260,15321.510,0,1905.929,0,242.245,6882,7715,1.150,1.450,1.610,1,0,2.002,0,0,20,301,0,61,2
02-10 21:22:57,24.479,7.493,65.443,0.250,0,5871136,5648636,418536,4312152,29724.128,14777.138,0,1290.876,0,138.879,6128,6517,1.150,1.450,1.610,3,0,0,0,0,20,301,0,61,2
02-10 21:22:58,23.760,6.503,67.027,0.250,0,5871608,5647880,418608,4312348,15177.074,7364.948,0,2172.870,0,107.043,6058,6323,1.150,1.450,1.610,2,0,0,0,0,20,301,0,62,2
02-10 21:22:59,24.230,6.245,67.195,0,0,5871924,5647400,418704,4312400,15099.606,7761.629,0,1230.990,0,100.917,5990,6429,1.140,1.440,1.610,5,0,1.998,0,0,20,301,0,62,2
02-10 21:23:00,23.781,8.261,66.085,0.250,0,5871532,5647400,418864,4312608,15070.426,7371.502,0,1666.148,0,165.213,6316,6850,1.140,1.440,1.610,1,0,1.001,0,0,20,301,0,63,2
02-10 21:23:01,24.502,7.251,66.006,0,0,5871284,5647400,419028,4312684,30154.803,15385.430,0,1696.158,0,175.016,6914,7525,1.140,1.440,1.610,2,0,0,0,0,20,301,0,62,2
02-10 21:23:02,24.474,11.238,60.684,0.250,0,5871228,5646644,419576,4312928,30180.376,15061.719,0,7899.461,0,569.385,7766,8927,1.140,1.440,1.610,2,0,1.998,0,0,20,301,0,63,2
02-10 21:23:03,26.548,10.917,60.291,0.496,0,5871468,5646168,419868,4312868,44453.558,582159.799,0,2953.514,0,302.695,7407,8116,1.140,1.440,1.610,3,0,0.992,0,0,20,301,0,63,2
02-10 21:23:04,25.211,6.555,67.565,0.252,0,5872632,5644656,419964,4313108,15238.455,7670.153,0,863.220,0,85.717,5982,6219,1.130,1.440,1.610,1,0,0,0,0,20,301,0,64,2
02-10 21:23:05,25.003,8.751,64.259,0,0,5873012,5644152,420036,4313156,29688.013,14767.996,0,1284.174,0,106.014,6339,6464,1.130,1.440,1.610,1,0,2.000,0,0,20,301,0,64,2
02-10 21:23:06,23.750,6.750,67.749,0.250,0,5873328,5643396,420120,4313504,1124.977,0,0,1131.977,0,94.998,5668,5889,1.130,1.440,1.610,1,0,0,0,0,20,302,0,64,2
02-10 21:23:07,25.953,6.987,64.632,0,0,5873480,5642920,420264,4313680,26371.750,8732.024,0,1449.348,0,161.704,6630,7064,1.130,1.440,1.610,1,0,0,0,0,20,301,0,66,2
02-10 21:23:08,24.762,9.004,64.531,0.250,0,5873524,5642668,420452,4313688,45191.552,22544.752,0,1868.891,0,207.099,6867,7511,1.130,1.440,1.610,1,0,2.001,0,0,20,301,0,68,2
02-10 21:23:09,25.253,9.251,63.508,0.250,0,5873632,5642164,420756,4313776,29687.946,14903.981,0,2368.315,0,273.036,7018,7947,1.200,1.450,1.610,3,0,0,0,0,20,301,0,67,2
02-10 21:23:10,25.026,13.264,59.311,0.250,0,5874348,5640904,421108,4313948,29893.933,14607.115,0,6999.243,0,455.471,7291,7915,1.200,1.450,1.610,1,0,7.007,0,0,20,301,0,67,2
02-10 21:23:11,26.725,6.994,64.441,0.250,0,5874280,5640652,421220,4314152,26857.288,8674.019,0,2309.875,0,149.862,6255,6512,1.200,1.450,1.610,2,0,1.998,0,0,20,301,0,69,2
02-10 21:23:12,24.586,6.209,66.803,0,0,5874392,5640400,421284,4314220,15010.669,7247.558,0,1088.723,0,96.356,5872,6114,1.200,1.450,1.610,1,0,0,0,0,20,300,0,71,2
02-10 21:23:13,24.665,7.299,66.193,0.252,0,5875172,5639392,421416,4314316,15213.889,7345.192,0,1345.008,0,129.870,6145,6628,1.200,1.450,1.610,2,0,0,0,0,20,301,0,63,2
02-10 21:23:14,14.002,5.001,80.764,0,0,5874868,5639392,421552,4314472,15173.626,7445.288,0,1944.336,0,170.029,4383,4665,1.180,1.440,1.610,0,0,2.000,0,0,20,300,0,63,2
02-10 21:23:15,10.255,4.752,83.542,0,0,5875092,5639140,421636,4314416,642.321,0,0,7207.600,0,967.483,4336,3445,1.180,1.440,1.610,1,0,0,0,0,20,300,0,65,2
02-10 21:23:16,10.734,5.492,82.630,0,0,5874892,5639140,421720,4314528,15089.116,7285.434,0,2140.895,0,153.777,3467,3427,1.180,1.440,1.610,2,0,0,0,0,20,301,0,65,2
02-10 21:23:17,21.667,3.985,70.979,0.498,0,5874752,5638888,421876,4314752,3733.737,956.347,0,1661.653,0,161.384,4490,4818,1.180,1.440,1.610,1,0,3.985,0,0,20,300,0,63,2
02-10 21:23:18,15.958,3.491,80.536,0,0,5874752,5638888,421892,4314736,15076.976,7599.825,0,897.617,0,87.767,3244,2564,1.180,1.440,1.610,3,0,1.995,0,0,20,300,0,66,2
02-10 21:23:19,28.648,8.042,61.568,0.251,0,5872736,5640608,422024,4314896,14321.071,2010.398,0,3071.888,0,478.475,6434,6289,1.160,1.430,1.600,3,0,6.031,0,0,20,300,0,69,2
02-10 21:23:20,11.513,4.505,82.342,0.250,0,5873236,5640104,422260,4314664,22975.765,8853.929,0,5057.672,0,314.353,4311,4482,1.160,1.430,1.600,0,0,3.003,0,0,20,300,0,70,2
02-10 21:23:21,8.770,3.007,86.448,0,0,5872888,5640104,422292,4314972,3735.534,66.151,0,665.520,0,47.108,2964,2836,1.160,1.430,1.600,2,0,0,0,0,20,301,0,60,2
02-10 21:23:22,14.503,4.251,80.519,0.250,0,5873400,5639348,422392,4315108,941.227,0,0,1348.325,0,138.033,4476,4814,1.160,1.430,1.600,0,0,0,0,0,20,300,0,60,2
02-10 21:23:23,20.901,7.131,69.834,0.246,0,5873264,5639348,422540,4315088,44054.692,22978.471,0,1510.784,0,189.832,5232,5501,1.160,1.430,1.600,4,0,1.967,0,0,20,300,0,62,2
02-10 21:23:24,13.221,3.560,82.633,0,0,5873148,5638872,422664,4315548,33285.981,16102.445,0,1525.527,0,117.974,3534,3684,1.230,1.440,1.600,0,0,0,0,0,20,300,0,63,2
02-10 21:23:25,22.608,7.453,68.320,0.248,0,5873644,5638368,422776,4315444,29498.409,14727.342,0,1057.348,0,103.350,4464,4268,1.230,1.440,1.600,4,0,0,0,0,20,299,0,66,2
02-10 21:23:26,12.320,3.771,82.969,0,0,5873476,5638120,422864,4315764,18199.966,8302.974,0,4248.033,0,678.841,4042,3451,1.230,1.440,1.600,1,0,2.011,0,0,20,300,0,66,2
02-10 21:23:27,11.247,3.249,84.724,0,0,5873456,5638120,422908,4315740,14873.457,7425.732,0,763.767,0,53.984,3033,2916,1.230,1.440,1.600,1,0,0,0,0,20,300,0,68,2
02-10 21:23:28,13.749,3.000,81.993,0,0,5873336,5638120,422956,4315808,15049.803,7619.394,0,1791.857,0,65.995,3302,3212,1.230,1.440,1.600,0,0,0,0,0,20,300,0,69,2
02-10 21:23:29,6.219,2.239,90.801,0.249,0,5873316,5638120,422972,4315812,15318.247,7729.774,0,640.831,0,39.803,2511,2375,1.130,1.420,1.600,1,0,2.985,0,0,20,299,0,63,2
02-10 21:23:30,25.048,5.010,68.632,0,0,5873296,5637868,423220,4315824,6333.217,933.801,0,4544.767,0,257.497,4537,4271,1.130,1.420,1.600,2,0,1.002,0,0,20,300,0,67,2
02-10 21:23:31,15.301,4.766,78.262,0.502,0,5871784,5638856,423492,4316068,41179.982,591144.746,0,1717.756,0,226.760,5617,5701,1.130,1.420,1.600,1,0,0,0,0,20,301,0,67,2
02-10 21:23:32,24.490,7.247,65.722,0.250,0,5871756,5638604,423744,4316084,832.645,0,0,1679.284,0,195.917,6797,7470,1.130,1.420,1.600,1,0,1.999,0,0,20,302,0,68,2
02-10 21:23:33,24.928,9.971,62.071,0,0,5872004,5638100,424008,4316072,44567.584,22501.165,0,2413.047,0,278.198,7076,7844,1.130,1.420,1.600,2,0,0,0,0,20,301,0,62,2
02-10 21:23:34,25.021,10.008,62.553,0.250,0,5871516,5637848,424308,4316496,29888.134,14794.441,0,2686.259,0,283.238,7055,7876,1.200,1.430,1.600,1,0,0,0,0,20,301,0,62,2
02-10 21:23:35,25.549,6.763,66.629,0,0,5872324,5636840,424428,4316568,29621.381,14620.322,0,1418.748,0,117.227,6313,6623,1.200,1.430,1.600,1,0,2.004,0,0,20,301,0,62,2
02-10 21:23:36,24.450,8.732,64.367,0,0,5882576,5626256,424508,4317012,15079.954,7281.010,0,1377.165,0,105.782,6307,6591,1.200,1.430,1.600,4,0,13.971,0,0,20,301,0,62,2
02-10 21:23:37,33.340,13.787,51.139,0.251,0,5897032,5611668,424612,4316836,15092.880,7315.815,0,1407.813,0,124.337,7189,15454,1.200,1.430,1.600,1,0,22.060,0,0,20,302,0,57,2
02-10 21:23:38,16.998,6.749,74.491,0.500,0,5896652,5611668,424924,4316892,15917.178,7295.165,0,6919.208,0,423.951,5670,6380,1.200,1.430,1.600,0,0,2.000,0,0,20,300,0,57,2
02-10 21:23:39,11.945,6.968,80.132,0.249,0,5896156,5612084,425016,4316880,14983.190,7571.229,0,1150.715,0,129.406,4025,4131,1.190,1.420,1.600,6,0,0,0,0,20,299,0,59,2
02-10 21:23:40,19.336,3.767,75.587,0,0,5893384,5614648,425108,4316988,3480.514,968.316,0,1141.086,0,118.528,4273,4222,1.190,1.420,1.600,0,0,1.004,0,0,20,300,0,62,2
02-10 21:23:41,16.927,4.979,75.674,0,0,5891092,5616708,425216,4317108,15047.104,7264.668,0,1123.156,0,116.498,4318,4340,1.190,1.420,1.600,2,0,1.991,0,0,20,301,0,63,2
02-10 21:23:42,17.047,4.262,78.719,0,0,5888160,5619452,425300,4317204,10981.528,2008.584,0,878.442,0,79.220,3534,3408,1.190,1.420,1.600,3,0,0,0,0,20,300,0,63,2
02-10 21:23:43,17.163,2.985,77.359,0,0,5888596,5618948,425376,4317196,15159.343,7259.292,0,1034.767,0,104.472,4196,4079,1.190,1.420,1.600,1,0,0,0,0,20,301,0,66,2
02-10 21:23:44,12.827,3.521,83.503,0,0,5888048,5619372,425436,4317256,733.418,551.321,0,1207.272,0,54.327,2977,2774,1.170,1.410,1.590,0,0,2.012,0,0,20,300,0,67,2
02-10 21:23:45,12.009,3.503,83.812,0.250,0,5888032,5619372,425564,4317144,18414.531,7879.790,0,1296.953,0,155.114,3398,3680,1.170,1.410,1.590,1,0,1.001,0,0,20,300,0,68,2
02-10 21:23:46,13.727,4.243,80.366,0,0,5887680,5619372,425596,4317460,11904.112,1034.272,0,6513.119,0,898.499,4162,2903,1.170,1.410,1.590,2,0,0,0,0,20,299,0,70,2
02-10 21:23:47,6.765,2.255,90.204,0,0,5889424,5617608,425620,4317456,11187.319,1806.088,0,593.343,0,37.084,2289,2106,1.170,1.410,1.590,0,0,2.005,0,0,20,300,0,70,2
02-10 21:23:48,11.992,3.997,83.195,0.500,0,5889196,5617608,425784,4317512,22189.288,8127.611,0,1507.001,0,187.875,4032,4327,1.170,1.410,1.590,0,0,0,0,0,20,300,0,71,2
02-10 21:23:49,18.508,5.252,74.783,0.250,0,5889120,5617608,425916,4317456,7819.459,763.338,0,1276.565,0,134.059,5320,5639,1.080,1.390,1.580,1,0,0,0,0,20,301,0,72,2
02-10 21:23:50,23.864,9.198,63.140,0.994,0,5888744,5617356,426300,4317680,961.519,0,0,7433.624,0,518.047,7322,8235,1.080,1.390,1.580,2,0,2.983,0,0,20,301,0,68,2
02-10 21:23:51,25.095,11.042,62.486,0,0,5888272,5617356,426596,4317852,30856.754,15572.924,0,1895.171,0,230.874,7161,8029,1.080,1.390,1.580,1,0,1.004,0,0,20,301,0,69,2
02-10 21:23:52,24.216,6.990,65.908,0,0,5887948,5617356,426784,4317976,44437.119,22085.245,0,1445.986,0,159.778,6289,6788,1.080,1.390,1.580,1,0,0,0,0,20,301,0,69,2
02-10 21:23:53,24.904,7.471,65.997,0,0,5888612,5616600,426932,4317916,15297.323,7333.869,0,1203.384,0,125.519,6308,6666,1.080,1.390,1.580,3,0,1.992,0,0,20,301,0,69,2
02-10 21:23:54,24.378,6.534,67.103,0.503,0,5888408,5616348,427044,4318248,30632.203,14817.980,0,1322.962,0,96.508,5901,6232,0.990,1.360,1.570,1,0,0,0,0,20,301,0,66,2
02-10 21:23:55,25.695,7.234,64.861,0.249,0,5888844,5615844,427196,4318160,15203.398,7280.388,0,1899.926,0,150.677,6310,6717,0.990,1.360,1.570,4,0,0,0,0,20,300,0,66,2
02-10 21:23:56,4.754,3.753,91.330,0.250,0,5888616,5615844,427256,4318324,15428.528,7368.461,0,5176.539,0,759.666,3188,2511,0.990,1.360,1.570,2,0,2.002,0,0,20,301,0,66,2
02-10 21:23:57,19.170,4.481,73.693,0,0,5888752,5615368,427392,4318524,11767.030,1445.982,0,1453.949,0,142.407,4808,5042,0.990,1.360,1.570,2,0,0,0,0,20,300,0,66,2
02-10 21:23:58,12.336,4.783,82.074,0,0,5888544,5615368,427548,4318568,15644.381,7347.371,0,4596.135,0,263.845,4255,4630,0.990,1.360,1.570,1,0,0,0,0,20,301,0,66,2
02-10 21:23:59,25.707,6.988,65.389,0,0,5888916,5614864,427692,4318548,30408.598,15797.296,0,2004.611,0,178.698,6459,6962,0.990,1.360,1.570,2,0,1.997,0,0,20,301,0,68,2
02-10 21:24:00,24.544,10.769,63.113,0.501,0,5888764,5614612,427908,4318724,29920.656,14780.506,0,2280.089,0,278.499,6901,7877,0.990,1.360,1.570,3,0,1.002,0,0,20,301,0,69,2
02-10 21:24:01,26.422,9.970,60.820,0.249,0,5888756,5614164,428148,4318932,44929.820,597925.640,0,2357.013,0,239.291,7256,7815,0.990,1.360,1.570,1,0,0,0,0,20,301,0,69,2
02-10 21:24:02,24.238,6.247,66.967,0,0,5889248,5613156,428276,4319312,15979.173,7292.428,0,1339.344,0,104.949,5965,6101,0.990,1.360,1.570,4,0,1.999,0,0,20,301,0,67,2
02-10 21:24:03,24.942,7.482,65.846,0,0,5889116,5612904,428404,4319560,29798.115,14851.170,0,1472.546,0,129.696,6302,6752,0.990,1.360,1.570,1,0,0,0,0,20,301,0,67,2
02-10 21:24:04,24.125,7.288,67.348,0,0,5888892,5612904,428456,4319732,972.024,148.769,0,1266.546,0,83.431,5806,5977,1.070,1.370,1.570,1,0,0,0,0,20,302,0,67,2
02-10 21:24:05,25.259,10.254,63.273,0.250,0,5888544,5612904,428644,4319884,15421.687,7406.731,0,1440.531,0,175.065,5948,6012,1.070,1.370,1.570,1,0,2.001,0,0,20,300,0,68,2
02-10 21:24:06,10.169,5.456,82.094,0.496,0,5888756,5612400,428928,4319892,18076.582,8218.342,0,6261.972,0,371.036,4284,4595,1.070,1.370,1.570,2,0,0,0,0,20,301,0,66,2
02-10 21:24:07,23.957,8.322,67.836,0,0,5888520,5612148,429140,4320152,26685.438,9754.231,0,1755.156,0,191.655,5726,5942,1.070,1.370,1.570,0,0,0,0,0,20,300,0,67,2
02-10 21:24:08,11.475,4.740,81.324,0.249,0,5888632,5611896,429248,4320180,3449.545,65.858,0,977.887,0,108.765,3858,3729,1.070,1.370,1.570,3,0,1.996,0,0,20,301,0,67,2
02-10 21:24:09,19.782,6.510,72.866,0.250,0,5890880,5609376,429452,4320240,18495.557,8609.759,0,1614.580,0,166.266,4779,4973,1.390,1.430,1.590,0,0,0,0,0,20,300,0,69,2
02-10 21:24:10,21.620,9.940,66.352,0,0,5891292,5608620,429580,4320444,599.409,0,0,1419.496,0,161.035,5003,5048,1.390,1.430,1.590,1,0,8.946,0,0,20,300,0,64,2
02-10 21:24:11,12.569,3.519,82.200,0.251,0,5892892,5606856,429680,4320496,19577.112,4140.655,0,997.457,0,96.528,3764,3781,1.390,1.430,1.590,1,0,2.011,0,0,20,302,0,64,2
02-10 21:24:12,26.275,6.006,67.314,0,0,5892612,5606856,429724,4320732,20779.674,9869.344,0,7026.653,0,934.885,5957,4131,1.390,1.430,1.590,1,0,0,0,0,20,301,0,64,2
02-10 21:24:13,11.417,3.226,83.390,0.248,0,5896276,5603076,429872,4320696,11603.156,1375.939,0,1592.356,0,167.773,4268,4570,1.390,1.430,1.590,1,0,0,0,0,20,302,0,64,2
02-10 21:24:14,13.349,4.534,80.345,0.504,0,5896352,5602824,430100,4320636,44856.103,17823.964,0,6653.259,0,421.118,5168,5699,1.280,1.410,1.580,0,0,2.015,0,0,20,301,0,62,2
02-10 21:24:15,13.937,3.733,80.138,0.249,0,5896092,5602824,430256,4320732,43616.211,16531.413,0,1485.299,0,153.308,4395,4644,1.280,1.410,1.580,1,0,0,0,0,20,301,0,62,2
02-10 21:24:16,12.549,3.514,82.823,0,0,5895832,5602824,430336,4320904,32976.654,15279.612,0,891.478,0,84.329,3898,3971,1.280,1.410,1.580,1,0,0,0,0,20,301,0,62,2
02-10 21:24:17,9.752,3.751,85.268,0,0,5895620,5602824,430408,4321044,26607.740,8749.888,0,1000.216,0,105.023,3530,3703,1.280,1.410,1.580,3,0,5.001,0,0,20,302,0,62,2
02-10 21:24:18,23.372,7.708,66.385,0.497,0,5895360,5602824,430560,4321144,29763.488,14512.274,0,1368.482,0,153.159,6508,7230,1.280,1.410,1.580,0,0,0,0,0,20,303,0,54,2
02-10 21:24:19,30.316,12.778,54.118,0,0,5897204,5600808,430724,4321144,729.596,148.325,0,2321.078,0,253.555,7163,8075,1.330,1.420,1.590,7,0,5.011,0,0,20,304,0,55,2
02-10 21:24:20,37.581,15.533,45.347,0.501,0,5929304,5568300,430820,4321448,15327.938,7311.712,0,2689.780,0,285.614,8437,9264,1.330,1.420,1.590,2,0,5.011,0,0,20,302,0,56,2
02-10 21:24:21,25.535,7.260,65.339,0,0,5929324,5568076,430928,4321540,15196.786,7468.215,0,1630.230,0,163.223,6643,7228,1.330,1.420,1.590,1,0,0,0,0,20,302,0,56,2
02-10 21:24:22,25.992,6.248,65.481,0.250,0,5929164,5568076,430988,4321636,15416.537,7617.795,0,1527.558,0,130.962,6479,6763,1.330,1.420,1.590,4,0,0,0,0,20,302,0,51,2
02-10 21:24:23,25.235,8.495,64.462,0,0,5930128,5566816,431104,4321812,543.680,0,0,4525.337,0,305.820,7209,7882,1.330,1.420,1.590,3,0,1.999,0,0,20,303,0,51,2
02-10 21:24:24,25.485,7.496,65.211,0.500,0,5929904,5566816,431184,4321944,15475.731,7505.505,0,2590.448,0,217.870,6712,7206,1.310,1.410,1.580,1,0,0,0,0,20,302,0,51,2
02-10 21:24:25,25.712,5.991,64.904,0,0,5929768,5566564,431268,4322240,483.286,0,0,1989.060,0,150.777,6354,6809,1.310,1.410,1.580,2,0,0,0,0,20,302,0,53,2
02-10 21:24:26,24.636,7.217,65.944,0.249,0,5929876,5566312,431360,4322288,15696.165,8333.331,0,1672.240,0,146.321,6496,7075,1.310,1.410,1.580,3,0,1.991,0,0,20,303,0,53,2
02-10 21:24:27,25.772,11.010,60.803,0.250,0,5929460,5566312,431544,4322512,44358.341,21972.992,0,8671.495,0,1125.973,8202,7328,1.310,1.410,1.580,1,0,0,0,0,20,302,0,46,2
02-10 21:24:28,25.639,11.311,61.585,0.503,0,5929284,5566312,431828,4322396,29969.920,14834.643,0,7858.721,0,565.072,7954,9020,1.310,1.410,1.580,2,0,0,0,0,20,302,0,46,2
02-10 21:24:29,24.012,7.004,66.534,0.500,0,5929720,5565556,431888,4322652,15655.939,7513.810,0,1144.580,0,96.049,6135,6560,1.280,1.400,1.580,1,0,2.001,0,0,20,302,0,46,2
02-10 21:24:30,24.754,7.501,67.010,0.250,0,5929756,5565304,431924,4322824,15177.353,7687.192,0,1256.195,0,98.015,6060,6420,1.280,1.400,1.580,1,0,1.000,0,0,20,302,0,46,2
02-10 21:24:31,25.468,6.991,64.418,0,0,5930316,5564548,432012,4322928,31038.666,579633.448,0,1250.415,0,110.860,6915,7116,1.280,1.400,1.580,2,0,0.999,0,0,20,303,0,38,2
02-10 21:24:32,25.542,9.265,64.606,0,0,5930368,5564296,432124,4323004,15688.736,8255.542,0,1610.642,0,188.309,5662,5911,1.280,1.400,1.580,0,0,2.003,0,0,20,301,0,41,2
02-10 21:24:33,13.756,3.752,80.285,0,0,5930296,5564296,432216,4322984,18097.960,7431.269,0,1720.757,0,207.091,4536,4889,1.280,1.400,1.580,1,0,0,0,0,20,301,0,41,2
02-10 21:24:34,3.992,2.245,91.806,0.249,0,5930056,5564296,432244,4323192,3899.747,1098.675,0,1061.753,0,77.835,2541,2618,1.260,1.390,1.580,3,0,0.998,0,0,20,302,0,41,3
02-10 21:24:35,19.029,5.008,73.863,0.250,0,5930720,5563540,432288,4323236,18324.914,8530.995,0,1738.648,0,190.290,5546,5778,1.260,1.390,1.580,0,0,2.003,0,0,20,301,0,40,2
02-10 21:24:36,10.752,3.501,85.518,0,0,5930868,5563288,432304,4323324,3464.722,532.111,0,748.156,0,56.012,3093,2942,1.260,1.390,1.580,1,0,1.000,0,0,20,301,0,42,2
02-10 21:24:37,19.376,11.675,66.326,0.248,0,5948440,5545516,432336,4323472,44682.515,22681.086,0,1140.712,0,118.245,5065,14147,1.260,1.390,1.580,1,0,35.771,0,0,20,302,0,43,2
02-10 21:24:38,12.583,4.782,81.287,0.503,0,5948556,5545268,432436,4323500,48592.956,23576.724,0,5250.681,0,359.374,5145,5368,1.260,1.390,1.580,0,0,2.013,0,0,20,301,0,45,2
02-10 21:24:39,12.504,3.751,83.528,0.250,0,5948448,5545268,432464,4323576,47256.767,22803.608,0,948.316,0,100.033,4109,4172,1.160,1.370,1.570,0,0,0,0,0,20,301,0,42,2
02-10 21:24:40,12.994,3.498,81.965,0,0,5946924,5546708,432536,4323584,15822.197,8244.455,0,1463.371,0,136.941,4087,4202,1.160,1.370,1.570,0,0,1.000,0,0,20,301,0,42,2
02-10 21:24:41,6.453,2.730,88.599,0,0,5946180,5547324,432560,4323688,62257.395,29582.562,0,806.075,0,69.489,3312,3251,1.160,1.370,1.570,1,0,1.985,0,0,20,302,0,42,2
02-10 21:24:42,7.772,3.008,88.496,0.251,0,5945844,5547436,432620,4323848,33286.588,15298.554,0,1042.901,0,110.307,3460,3474,1.160,1.370,1.570,0,0,0,0,0,20,301,0,42,2
02-10 21:24:43,14.578,4.524,79.424,0.251,0,5945904,5547184,432740,4323916,33761.261,16490.045,0,1697.061,0,206.100,5195,5460,1.160,1.370,1.570,0,0,0,0,0,20,301,0,33,2
02-10 21:24:44,10.245,3.498,84.710,0,0,5945828,5547184,432804,4323928,47463.500,22557.307,0,1103.477,0,109.948,3838,3968,1.070,1.350,1.560,0,0,1.999,0,0,20,301,0,34,2
02-10 21:24:45,9.749,3.499,84.987,0,0,5945712,5547184,432820,4324016,15233.731,7294.913,0,967.856,0,84.987,3717,3829,1.070,1.350,1.560,1,0,0,0,0,20,302,0,34,2
02-10 21:24:46,9.690,3.230,85.219,0.248,0,5945628,5547184,432856,4324064,47830.082,23116.018,0,1307.854,0,121.245,3704,4018,1.070,1.350,1.560,0,0,0,0,0,20,301,0,34,2
02-10 21:24:47,13.830,5.029,80.217,0,0,5944388,5548216,432880,4324244,54667.144,469872.496,0,1371.984,0,152.890,4611,4671,1.070,1.350,1.560,0,0,2.012,0,0,20,301,0,26,2
02-10 21:24:48,16.223,6.240,76.125,0.250,0,5944788,5547768,432936,4324232,33581.950,149946.198,0,5323.274,0,312.488,5640,6084,1.070,1.350,1.560,1,0,0.998,0,0,20,302,0,26,2
02-10 21:24:49,24.265,8.755,64.790,0.500,0,5944536,5547768,433048,4324368,15337.399,7514.605,0,1584.971,0,194.119,6698,7417,1.300,1.390,1.570,3,0,0,0,0,20,302,0,26,2
02-10 21:24:50,24.043,10.018,63.614,0.250,0,5944712,5547516,433148,4324340,15595.048,7309.146,0,2087.755,0,254.458,6934,7827,1.300,1.390,1.570,2,0,3.005,0,0,20,302,0,26,2
02-10 21:24:51,24.627,8.458,64.926,0,0,5944624,5547276,433208,4324604,15279.798,7259.794,0,1727.385,0,204.978,6501,6770,1.300,1.390,1.570,1,0,0,0,0,20,302,0,23,2
02-10 21:24:52,25.129,6.534,66.844,0.251,0,5945272,5546520,433252,4324664,15619.338,7496.559,0,1539.921,0,135.698,6524,6766,1.300,1.390,1.570,1,0,0,0,0,20,302,0,23,2
02-10 21:24:53,24.984,8.744,63.710,0.250,0,5945700,5545764,433312,4324924,723.543,0,0,8746.479,0,1088.313,7571,6799,1.300,1.390,1.570,1,0,1.999,0,0,20,302,0,25,2
02-10 21:24:54,23.509,8.253,67.025,0.250,0,5946308,5545008,433396,4324984,15360.622,7836.868,0,1092.400,0,116.042,5851,6013,1.280,1.390,1.570,2,0,0,0,0,20,302,0,26,2
02-10 21:24:55,11.998,4.499,81.984,0,0,5946236,5545008,433440,4325012,887.823,0,0,1419.718,0,140.972,3607,4005,1.280,1.390,1.570,0,0,0,0,0,20,301,0,27,2
02-10 21:24:56,19.748,6.499,72.743,0,0,5946216,5544756,433476,4325244,15537.526,7523.287,0,1955.815,0,156.985,4942,4936,1.280,1.390,1.570,1,0,2.000,0,0,20,302,0,27,2
02-10 21:24:57,15.244,6.997,75.219,0.500,0,5946040,5544756,433612,4325280,729.698,65.973,0,7472.909,0,489.797,5204,6037,1.280,1.390,1.570,0,0,0,0,0,20,301,0,28,2
02-10 21:24:58,17.255,4.251,77.522,0.250,0,5945872,5544756,433680,4325368,45628.134,23592.791,0,1108.319,0,117.034,4626,4598,1.280,1.390,1.570,1,0,0,0,0,20,302,0,28,2
02-10 21:24:59,23.754,7.501,66.012,0,0,5946036,5544504,433720,4325412,44574.436,22430.245,0,1364.258,0,150.028,6851,7428,1.330,1.400,1.570,1,0,2.000,0,0,20,302,0,26,2
02-10 21:25:00,24.971,9.988,62.926,0.250,0,5945864,5544252,433884,4325664,30143.711,14706.783,0,2549.016,0,253.703,6800,7739,1.330,1.400,1.570,1,0,1.998,0,0,20,302,0,27,2
02-10 21:25:01,23.119,10.689,62.892,0.249,0,5946324,5543496,434152,4325684,15392.451,7254.737,0,3122.241,0,280.405,6853,7347,1.330,1.400,1.570,3,0,2.983,0,0,20,302,0,27,2
02-10 21:25:02,24.811,6.699,66.742,0.248,0,5946608,5542992,434228,4325828,15526.772,7306.366,0,1135.355,0,86.343,5773,5719,1.330,1.400,1.570,1,0,1.985,0,0,20,302,0,27,2
02-10 21:25:03,25.806,9.108,64.008,0.253,0,5947212,5541984,434436,4326020,15667.607,7450.260,0,5432.355,0,352.172,7243,7813,1.330,1.400,1.570,1,0,0,0,0,20,302,0,26,2
02-10 21:25:04,26.416,10.716,60.309,0.249,0,5949292,5539720,434508,4326104,15366.342,7462.370,0,1287.922,0,102.675,6084,6096,1.390,1.410,1.570,4,0,34.890,0,0,20,302,0,26,2
02-10 21:25:05,26.264,29.766,41.272,0,0,5951148,5537720,434560,4326184,30982.376,15892.400,0,1284.679,0,88.047,6816,6494,1.390,1.410,1.570,3,0,207.109,0,0,20,302,0,27,2
02-10 21:25:06,28.225,30.206,39.119,0.248,0,5954676,5533624,434728,4326536,44311.899,21742.472,0,1968.846,0,199.063,7777,8417,1.390,1.410,1.570,10,0,177.275,0,0,20,302,0,27,2
02-10 21:25:07,28.238,26.977,42.861,0.252,0,5955132,5532868,434952,4326596,41483.197,16246.762,0,2638.208,0,267.250,8039,8524,1.390,1.410,1.570,9,0,144.214,0,0,20,302,0,27,2
02-10 21:25:08,23.791,10.769,63.610,0,0,5954976,5532868,435132,4326568,15441.780,7440.905,0,2099.641,0,218.379,6464,7098,1.390,1.410,1.570,3,0,2.003,0,0,20,302,0,26,2
02-10 21:25:09,27.019,7.505,64.295,0,0,5954592,5532868,435216,4326860,58743.418,475034.935,0,1356.957,0,104.073,6840,6802,1.440,1.420,1.570,1,0,0,0,0,20,302,0,27,2
02-10 21:25:10,24.355,10.189,61.880,0.249,0,5955200,5532112,435312,4326908,33409.435,147709.685,0,1320.115,0,103.382,6596,6695,1.440,1.420,1.570,2,0,7.952,0,0,20,302,0,27,3
02-10 21:25:11,26.040,7.512,64.349,0.250,0,5955004,5532112,435404,4327004,41017.341,16525.519,0,1113.720,0,94.145,6343,6525,1.440,1.420,1.570,1,0,0,0,0,20,302,0,28,2
02-10 21:25:12,26.041,7.262,65.604,0,0,5954796,5532112,435584,4327032,30509.486,15490.618,0,1366.171,0,145.231,6489,6863,1.440,1.420,1.570,3,0,2.003,0,0,20,303,0,26,2
02-10 21:25:13,26.083,13.042,58.938,0.251,0,5954384,5532112,435948,4327068,44522.175,22120.639,0,15674.053,0,1574.026,9410,8299,1.440,1.420,1.570,1,1,0,0,0,20,302,0,26,2
02-10 21:25:14,26.545,11.770,59.101,0.250,0,5956232,5529788,436172,4327312,15381.285,7456.743,0,1923.287,0,239.409,7204,7709,1.400,1.410,1.570,3,0,36.062,0,0,20,302,0,26,2
02-10 21:25:15,26.343,15.408,57.656,0.497,0,5956860,5528860,436288,4327480,29993.031,14636.663,0,1749.560,0,159.051,6690,7136,1.400,1.410,1.570,4,0,51.692,0,0,20,302,0,27,2
02-10 21:25:16,24.840,6.022,67.245,0,0,5956732,5528860,436364,4327524,15684.049,7322.635,0,2023.360,0,78.285,5669,5824,1.400,1.410,1.570,2,0,0,0,0,20,302,0,26,2
02-10 21:25:17,24.857,7.030,66.537,0.251,0,5956508,5528860,436452,4327656,15486.816,7393.900,0,1181.096,0,106.459,6404,6741,1.400,1.410,1.570,1,0,2.009,0,0,20,302,0,28,2
02-10 21:25:18,24.232,6.995,66.701,0,0,5956916,5528356,436636,4327568,902.332,0,0,1438.935,0,159.882,6216,6461,1.400,1.410,1.570,1,0,1.999,0,0,20,302,0,29,2
02-10 21:25:19,25.241,7.248,66.227,0.250,0,5956288,5528356,436864,4327956,60259.522,30579.608,0,1639.443,0,179.939,7021,7315,1.370,1.400,1.570,1,0,0,0,0,20,302,0,29,2
02-10 21:25:20,25.245,7.069,65.889,0.252,0,5955916,5528356,437204,4327976,30834.205,14734.983,0,1926.696,0,188.832,6779,7322,1.370,1.400,1.570,2,0,1.010,0,0,20,302,0,27,2
02-10 21:25:21,28.171,16.062,53.376,0.494,0,5990604,5493088,437544,4328204,29641.322,14648.673,0,2475.052,0,282.694,8241,8696,1.370,1.400,1.570,4,0,5.931,0,0,20,302,0,27,2
02-10 21:25:22,36.061,11.520,50.586,0.250,0,5990260,5492584,438276,4328300,15867.890,7861.322,0,6939.760,0,514.873,7989,9055,1.370,1.400,1.570,1,0,3.005,0,0,20,304,0,29,2
02-10 21:25:23,26.295,7.263,64.862,0.250,0,5990144,5492332,438540,4328392,30482.658,15104.092,0,2704.672,0,194.336,6864,7178,1.370,1.400,1.570,1,0,0,0,0,20,304,0,29,2
02-10 21:25:24,25.001,8.000,66.253,0,0,5990332,5491828,438656,4328588,843.042,148.007,0,1388.070,0,125.006,6359,6772,1.500,1.430,1.580,1,0,2.000,0,0,20,304,0,29,2
02-10 21:25:25,23.996,6.749,66.239,0,0,5990132,5491828,438780,4328656,15357.343,7360.727,0,1011.825,0,84.985,6292,6626,1.500,1.430,1.580,2,0,0,0,0,20,305,0,30,2
02-10 21:25:26,24.916,5.731,67.523,0.249,0,5990464,5491324,438876,4328724,15429.097,7403.096,0,1140.165,0,118.601,5771,5694,1.500,1.430,1.580,1,0,0,0,0,20,304,0,31,2
02-10 21:25:27,21.070,8.278,69.481,0.251,0,5990304,5491072,439052,4328952,19141.742,8953.816,0,2187.284,0,199.665,5373,5613,1.500,1.430,1.580,0,0,2.007,0,0,20,303,0,32,2
02-10 21:25:28,11.238,3.496,84.161,0,0,5986952,5494396,439092,4328936,55354.137,469964.245,0,863.082,0,66.929,3817,3619,1.500,1.430,1.580,0,0,0,0,0,20,303,0,30,2
02-10 21:25:29,12.252,4.501,81.514,0,0,5987032,5494144,439160,4329040,47267.089,151195.876,0,1196.205,0,121.021,4194,4389,1.460,1.420,1.570,3,0,1.000,0,0,20,304,0,30,2
02-10 21:25:30,19.269,8.008,71.571,0.500,0,5988116,5492632,439496,4329128,33658.421,15945.833,0,6102.059,0,399.397,5699,6215,1.460,1.420,1.570,0,0,3.003,0,0,20,303,0,31,2
02-10 21:25:31,16.450,3.988,76.769,0.249,0,5987940,5492632,439616,4329172,44426.194,21888.076,0,1008.961,0,116.649,4569,4703,1.460,1.420,1.570,2,0,0,0,0,20,304,0,31,2
02-10 21:25:32,22.753,6.501,69.008,0.500,0,5988152,5491876,439944,4329372,26408.109,9245.089,0,2676.315,0,347.041,6563,7252,1.460,1.420,1.570,0,0,0,0,0,20,303,0,29,2
02-10 21:25:33,12.458,3.737,81.725,0,0,5988012,5491876,440096,4329356,33530.263,15075.313,0,1207.939,0,135.544,4408,4797,1.460,1.420,1.570,2,0,1.993,0,0,20,303,0,31,2
02-10 21:25:34,26.104,8.785,63.503,0.251,0,5988100,5491400,440360,4329468,60672.434,30372.863,0,9610.242,0,1269.050,8975,7958,1.420,1.410,1.570,1,0,0,0,0,20,304,0,31,2
02-10 21:25:35,24.011,9.254,65.531,0.250,0,5988276,5490896,440620,4329536,30384.173,14802.905,0,2120.989,0,212.099,6215,6677,1.420,1.410,1.570,7,0,0,0,0,20,304,0,31,2
02-10 21:25:36,24.518,9.757,62.795,0.500,0,5987876,5490644,440968,4329820,30350.928,14764.667,0,3542.559,0,351.254,7310,8315,1.420,1.410,1.570,1,0,2.001,0,0,20,304,0,29,2
02-10 21:25:37,26.022,10.259,59.801,0.751,0,5990244,5487872,441480,4329708,15369.022,7464.325,0,7994.774,0,517.438,8140,9136,1.420,1.410,1.570,2,0,10.008,0,0,20,304,0,29,2
02-10 21:25:38,36.976,15.740,46.220,0.250,0,6010840,5466708,441632,4330104,15404.912,7291.225,0,1207.209,0,142.906,7086,15022,1.420,1.410,1.570,1,0,25.983,0,0,20,304,0,30,2
02-10 21:25:39,25.775,7.257,65.563,0.250,0,6010616,5466708,441796,4330156,15494.954,7517.255,0,1777.716,0,147.142,6617,6879,1.550,1.440,1.580,1,0,2.002,0,0,20,304,0,30,2
02-10 21:25:40,24.248,6.749,66.745,0,0,6010404,5466708,441908,4330248,15473.850,7361.453,0,1319.902,0,108.992,6180,6512,1.550,1.440,1.580,1,0,1.000,0,0,20,304,0,26,2
02-10 21:25:41,23.178,8.224,66.793,0.249,0,6009700,5467340,442044,4330184,781.573,0,0,1467.443,0,127.604,5859,6000,1.550,1.440,1.580,2,1,0,0,0,20,304,0,26,2
02-10 21:25:42,17.550,6.017,75.213,0.501,0,6008884,5467464,442312,4330592,18639.793,8665.543,0,2214.271,0,225.639,4840,5422,1.550,1.440,1.580,0,0,2.006,0,0,20,303,0,27,2
02-10 21:25:43,17.746,6.748,73.482,0,0,6008716,5467464,442440,4330628,1375.658,65.984,0,1203.701,0,110.972,4797,4912,1.550,1.440,1.580,1,0,0,0,0,20,304,0,27,2
02-10 21:25:44,19.759,6.253,70.783,0,0,6008296,5467464,442636,4330844,59301.542,24963.594,0,6851.182,0,1020.474,6760,5891,1.430,1.420,1.570,0,0,0,0,0,20,303,0,27,2
02-10 21:25:45,14.747,4.999,78.732,0.750,0,6008648,5466988,442948,4330652,30101.264,14654.721,0,4962.889,0,337.924,5413,5913,1.430,1.420,1.570,1,0,2.000,0,0,20,304,0,27,2
02-10 21:25:46,24.422,7.476,65.541,0,0,6008148,5466988,443160,4330920,30130.832,14742.945,0,1818.197,0,182.418,6509,7015,1.430,1.420,1.570,5,0,0,0,0,20,304,0,27,2
02-10 21:25:47,24.516,9.756,63.541,0.250,0,6008232,5466764,443436,4330780,25952.932,449211.071,0,1997.303,0,239.156,6909,7508,1.430,1.420,1.570,4,0,0,0,0,20,304,0,27,2
02-10 21:25:48,25.561,9.523,63.653,0.501,0,6007540,5466764,443692,4331204,18858.333,140565.900,0,2181.243,0,226.545,6738,7344,1.430,1.420,1.570,2,0,3.007,0,0,20,304,0,27,2
02-10 21:25:49,24.763,7.004,65.785,0,0,6008144,5466008,443812,4331236,15303.245,7514.049,0,3790.042,0,574.309,6720,6308,1.470,1.430,1.570,1,0,0,0,0,20,304,0,27,2
02-10 21:25:50,23.740,6.747,67.470,0.250,0,6008012,5466008,443932,4331240,14984.431,7424.745,0,1139.500,0,96.957,5932,6317,1.470,1.430,1.570,1,0,1.000,0,0,20,304,0,27,2
02-10 21:25:51,23.753,7.501,66.758,0,0,6007964,5465756,444056,4331404,1069.129,0,0,1124.135,0,97.012,6205,6348,1.470,1.430,1.570,2,0,2.000,0,0,20,304,0,29,2
02-10 21:25:52,24.485,8.495,64.711,0,0,6007488,5465756,444300,4331624,15879.340,8392.894,0,2246.633,0,258.843,5927,6454,1.470,1.430,1.570,0,0,0,0,0,20,303,0,30,2
02-10 21:25:53,11.004,4.252,82.033,0.750,0,6007036,5465756,444716,4331660,3662.477,66.027,0,6354.563,0,444.179,4926,5355,1.470,1.430,1.570,4,0,0,0,0,20,304,0,30,2
02-10 21:25:54,17.249,4.250,77.248,0,0,6007424,5465000,444860,4331868,47326.541,13966.569,0,1295.960,0,126.996,4463,4560,1.590,1.450,1.580,0,0,2.000,0,0,20,304,0,30,1
02-10 21:25:55,18.009,3.752,76.537,0,0,6007824,5464524,444964,4331836,18109.753,2301.112,0,992.480,0,82.040,4210,4069,1.590,1.450,1.580,0,0,0,0,0,20,304,0,30,1
02-10 21:25:56,16.431,4.232,77.423,0,0,6007960,5464020,445060,4332104,40471.037,10996.547,0,836.466,0,76.676,4011,3770,1.590,1.450,1.580,3,0,0,0,0,20,305,0,30,1
02-10 21:25:57,11.723,3.741,82.562,0,0,6008028,5463768,445224,4332116,14846.268,1913.652,0,2035.376,0,132.699,4158,4413,1.590,1.450,1.580,0,0,1.995,0,0,20,304,0,25,1
02-10 21:25:58,20.629,6.289,72.706,0.252,0,6008256,5463264,445372,4332240,832.217,66.416,0,1288.074,0,133.839,5760,6122,1.590,1.450,1.580,1,0,0,0,0,20,305,0,26,1
02-10 21:25:59,25.245,8.748,64.487,0.250,0,6007812,5463264,445608,4332436,48550.373,25280.987,0,1799.643,0,204.959,6845,7405,1.550,1.450,1.570,1,0,0,0,0,20,305,0,26,1
02-10 21:26:00,24.493,10.997,61.982,0.500,0,6007400,5463264,445920,4332524,30258.261,14911.693,0,2627.241,0,272.921,7133,8104,1.550,1.450,1.570,3,0,3.999,0,0,20,305,0,26,1
02-10 21:26:01,25.350,7.207,65.364,0,0,6007872,5462508,446148,4332568,29748.266,14667.354,0,4847.365,0,309.174,6130,6572,1.550,1.450,1.570,1,0,0,0,0,20,305,0,24,1
02-10 21:26:02,25.127,7.036,66.587,0.251,0,6008648,5461500,446308,4332636,15599.912,7333.095,0,2476.528,0,157.798,6422,6708,1.550,1.450,1.570,5,0,0,0,0,20,305,0,24,1
02-10 21:26:03,25.532,7.009,65.833,0.250,0,6008396,5461248,446436,4333004,15010.885,7305.191,0,1638.061,0,119.150,6289,6985,1.550,1.450,1.570,1,0,2.003,0,0,20,305,0,25,1
02-10 21:26:04,22.696,7.981,67.588,0.249,0,6009024,5460492,446516,4333044,15719.413,7791.370,0,885.882,0,77.814,5753,5689,1.500,1.440,1.570,2,0,0,0,0,20,305,0,25,1
02-10 21:26:05,18.282,7.012,72.876,0.250,0,6009448,5459748,446756,4333120,18517.121,8667.034,0,1915.322,0,211.367,4878,5297,1.500,1.440,1.570,0,0,0,0,0,20,304,0,27,1
02-10 21:26:06,17.244,4.249,76.975,0,0,6009624,5459244,446932,4333264,544.823,349.886,0,1399.545,0,152.950,4737,4803,1.500,1.440,1.570,0,0,1.999,0,0,20,304,0,29,1
02-10 21:26:07,12.201,2.739,83.915,0,0,6009956,5458740,446968,4333392,40751.308,11856.664,0,677.296,0,42.829,3199,2798,1.500,1.440,1.570,1,0,0,0,0,20,305,0,31,1
02-10 21:26:08,11.061,3.519,83.711,0.251,0,6010208,5458236,447144,4333464,14747.277,1928.629,0,1319.271,0,132.732,3901,4306,1.500,1.440,1.570,0,0,1.006,0,0,20,305,0,30,1
02-10 21:26:09,21.239,7.996,69.214,0,0,6009832,5458236,447332,4333648,44701.024,22948.205,0,1395.283,0,153.921,6113,6658,1.380,1.410,1.560,1,0,1.999,0,0,20,306,0,28,1
02-10 21:26:10,24.698,13.971,58.628,0.249,0,6010472,5457228,447604,4333728,29562.242,14789.104,0,9268.637,0,1178.538,8248,7237,1.380,1.410,1.560,1,0,6.985,0,0,20,306,0,28,1
02-10 21:26:11,25.298,11.772,59.613,0.751,0,6009888,5457228,448156,4333752,45554.715,16777.937,0,7390.067,0,522.996,7849,8924,1.380,1.410,1.560,5,0,0,0,0,20,305,0,28,2
02-10 21:26:12,25.451,7.236,65.374,0.250,0,6009540,5456976,448344,4334148,15114.837,7443.638,0,1493.119,0,144.721,6137,6390,1.380,1.410,1.560,1,0,1.996,0,0,20,305,0,28,2
02-10 21:26:13,26.069,7.019,65.674,0.251,0,6010128,5456220,448560,4334096,15646.464,7315.386,0,1973.229,0,135.359,6655,7102,1.380,1.410,1.560,1,0,0,0,0,20,305,0,25,2
02-10 21:26:14,23.697,6.735,67.101,0,0,6010932,5455212,448668,4334184,15170.300,7589.141,0,1089.580,0,93.792,6210,6502,1.350,1.410,1.560,1,0,0,0,0,20,305,0,25,2
02-10 21:26:15,23.784,7.761,67.598,0,0,6010820,5454960,448728,4334480,15661.598,8127.727,0,773.116,0,54.078,5320,5183,1.350,1.410,1.560,1,0,2.003,0,0,20,305,0,25,2
02-10 21:26:16,18.709,5.987,72.840,0.249,0,6011160,5454232,449036,4334552,59716.573,584232.195,0,1943.722,0,216.523,5407,5816,1.350,1.410,1.560,0,0,0.998,0,0,20,304,0,27,2
02-10 21:26:17,15.797,3.761,79.488,0,0,6011272,5453980,449200,4334520,32948.838,15616.847,0,1315.948,0,121.364,4077,4156,1.350,1.410,1.560,3,0,2.006,0,0,20,304,0,25,2
02-10 21:26:18,9.479,3.742,85.065,0,0,6010976,5453980,449284,4334728,26194.984,8313.904,0,1017.785,0,78.828,3579,3708,1.350,1.410,1.560,1,0,1.996,0,0,20,305,0,25,2
02-10 21:26:19,25.563,9.679,62.543,0.993,0,6011144,5453476,449656,4334684,44577.562,22708.219,0,6409.210,0,427.876,7608,8487,1.320,1.400,1.560,4,0,0.993,0,0,20,305,0,25,2
02-10 21:26:20,26.630,11.054,61.300,0.251,0,6010820,5453224,449980,4334920,29829.879,14826.507,0,7010.283,0,1052.145,7911,7800,1.320,1.400,1.560,1,1,1.005,0,0,20,305,0,25,2
02-10 21:26:21,23.679,9.970,63.061,0.249,0,6010696,5452972,450288,4334972,30684.274,14710.026,0,1962.134,0,224.329,6811,7435,1.320,1.400,1.560,3,0,1.994,0,0,20,305,0,23,2
02-10 21:26:22,25.906,5.282,67.407,0,0,6011012,5452468,450348,4335100,15451.194,7406.673,0,1106.675,0,91.552,5040,5000,1.320,1.400,1.560,1,0,0,0,0,20,305,0,24,2
02-10 21:26:23,30.757,9.502,57.763,0.250,0,6005800,5457284,450568,4335268,15174.516,7297.691,0,1724.400,0,189.044,7334,8045,1.320,1.400,1.560,1,0,6.001,0,0,20,305,0,27,2
02-10 21:26:24,24.770,7.256,66.053,0,0,6005424,5457284,450752,4335456,15004.104,7516.063,0,1609.298,0,131.106,6395,6834,1.540,1.440,1.570,1,0,2.002,0,0,20,305,0,27,2
02-10 21:26:25,23.999,6.750,66.498,0,0,6005428,5457032,450868,4335576,15578.468,8435.712,0,1099.962,0,98.997,6073,6383,1.540,1.440,1.570,1,0,0,0,0,20,305,0,25,2
02-10 21:26:26,23.999,9.000,64.746,0.250,0,6005348,5457032,451168,4335352,44505.580,22246.790,0,1991.892,0,215.988,6755,7479,1.540,1.440,1.570,1,0,0,0,0,20,305,0,25,2
02-10 21:26:27,25.999,10.500,61.249,0.750,0,6004580,5456780,451660,4335860,29964.371,14591.694,0,7619.840,0,528.989,7624,8516,1.540,1.440,1.570,1,0,2.000,0,0,20,305,0,25,2
02-10 21:26:28,24.752,7.501,65.505,0.250,0,6004580,5456528,451852,4335916,15638.231,7458.587,0,1992.157,0,169.013,6216,6504,1.540,1.440,1.570,3,0,0,0,0,20,305,0,26,2
02-10 21:26:29,24.311,7.194,66.235,0,0,6004384,5456528,451960,4335992,15173.132,7456.080,0,1305.856,0,105.183,6191,6544,1.490,1.430,1.570,2,0,0,0,0,20,304,0,25,2
02-10 21:26:30,24.437,6.550,67.767,0,0,6004652,5456024,452104,4336084,15288.699,7352.119,0,1148.769,0,96.738,6118,6519,1.490,1.430,1.570,3,1,3.023,0,0,20,304,0,24,3
02-10 21:26:31,24.085,7.449,66.296,0,0,6004336,5456024,452232,4336260,15912.913,7311.875,0,1144.157,0,112.231,6126,6299,1.490,1.430,1.570,2,0,0,0,0,20,305,0,25,2
02-10 21:26:32,22.896,7.548,68.184,0.252,0,6003996,5456024,452464,4336360,18153.433,8378.275,0,2153.695,0,219.395,5450,5685,1.490,1.430,1.570,3,0,0,0,0,20,304,0,26,2
02-10 21:26:33,14.506,4.252,79.535,0.250,0,6003980,5455772,452708,4336380,901.397,837.369,0,2056.906,0,213.094,4834,5408,1.490,1.430,1.570,0,0,2.001,0,0,20,304,0,27,2
02-10 21:26:34,4.751,2.250,91.267,0,0,6003692,5455772,452800,4336564,19297.628,7739.455,0,2308.434,0,83.016,2624,2601,1.370,1.410,1.560,2,0,0,0,0,20,305,0,25,2
02-10 21:26:35,16.756,4.752,77.026,0.250,0,6003840,5455520,453012,4336456,18686.218,8546.844,0,1584.527,0,166.055,4834,5092,1.370,1.410,1.560,0,0,0,0,0,20,304,0,25,2
02-10 21:26:36,12.001,4.750,80.755,0.250,0,6003328,5455520,453284,4336684,47753.136,22837.500,0,5532.363,0,339.022,4593,4702,1.370,1.410,1.560,0,0,2.000,0,0,20,304,0,26,2
02-10 21:26:37,10.978,3.743,83.586,0,0,6003196,5455584,453368,4336664,55876.477,603730.637,0,1137.770,0,123.757,4616,4673,1.370,1.410,1.560,1,0,0,0,0,20,305,0,28,2
02-10 21:26:38,34.010,14.398,49.649,0.496,0,6033672,5424880,453516,4339472,15515.370,7310.346,0,1394.149,0,145.969,7317,12129,1.370,1.410,1.560,5,0,35.747,0,0,20,306,0,27,2
02-10 21:26:39,28.490,13.110,56.728,0.252,0,6010696,5447320,453780,4336968,15360.441,7670.640,0,2589.824,0,276.329,7204,11838,1.340,1.400,1.550,1,0,2.017,0,0,20,305,0,28,2
02-10 21:26:40,24.695,10.975,62.361,0.499,0,6010544,5447096,454076,4337036,15419.550,7345.589,0,9251.331,0,1203.312,8452,7433,1.340,1.400,1.550,2,0,0,0,0,20,305,0,29,2
02-10 21:26:41,24.487,6.996,65.965,0,0,6010712,5446592,454204,4337236,15630.628,7424.024,0,1591.148,0,125.933,6442,6992,1.340,1.400,1.550,1,0,0.999,0,0,20,305,0,29,2
02-10 21:26:42,23.546,8.016,66.881,0.250,0,6010520,5446592,454316,4337312,15879.993,7442.526,0,1350.636,0,106.207,6110,6461,1.340,1.400,1.550,2,0,2.004,0,0,20,305,0,27,2
02-10 21:26:43,26.540,6.259,65.598,0.250,0,6010332,5446340,454684,4337368,747.114,0,0,4827.199,0,328.490,6602,7334,1.340,1.400,1.550,1,0,0,0,0,20,305,0,29,2
02-10 21:26:44,23.471,9.239,65.169,0.250,0,6010352,5445836,454964,4337564,14913.527,7500.709,0,1625.986,0,188.766,5981,6541,1.400,1.410,1.560,4,0,0,0,0,20,302,0,30,2
02-10 21:26:45,10.512,3.254,84.094,0,0,6010192,5445836,455056,4337628,3408.815,995.114,0,1401.568,0,119.133,3472,3619,1.400,1.410,1.560,0,0,2.002,0,0,20,304,0,30,2
02-10 21:26:46,14.493,3.249,80.713,0.250,0,6009980,5445836,455224,4337664,29043.834,9305.781,0,1247.435,0,124.943,4122,4261,1.400,1.410,1.560,0,0,0,0,0,20,304,0,29,2
02-10 21:26:47,18.343,3.966,75.355,0,0,6009752,5445836,455364,4337744,814.035,0,0,1229.480,0,113.033,4211,4387,1.400,1.410,1.560,2,0,0,0,0,20,305,0,29,2
02-10 21:26:48,24.722,8.325,65.589,0.252,0,6010332,5444828,455592,4337940,45311.190,23162.147,0,1949.519,0,212.913,6828,7607,1.400,1.410,1.560,2,0,2.018,0,0,20,306,0,29,2
02-10 21:26:49,24.495,10.498,63.238,0.250,0,6010012,5444828,455868,4337968,29797.253,14899.127,0,2423.533,0,246.952,6738,7225,1.360,1.410,1.550,2,0,0,0,0,20,305,0,29,2
02-10 21:26:50,24.912,10.258,62.037,0.244,0,6009960,5444604,456108,4338000,29334.056,14255.730,0,6064.938,0,785.472,7847,7859,1.360,1.410,1.550,5,0,0,0,0,20,305,0,29,2
02-10 21:26:51,24.070,11.011,61.967,0.512,0,6009632,5444352,456516,4338160,15996.737,7472.928,0,7268.078,0,670.884,7748,8385,1.360,1.410,1.550,1,0,3.073,0,0,20,305,0,30,2
02-10 21:26:52,26.450,7.486,64.876,0.749,0,6009484,5444100,456748,4338320,15667.088,7282.097,0,2399.419,0,211.596,6823,7448,1.360,1.410,1.550,1,0,0,0,0,20,305,0,30,2
02-10 21:26:53,25.531,7.509,65.579,0,0,6009516,5443848,456824,4338456,15255.402,7370.891,0,1297.565,0,125.151,6611,7075,1.360,1.410,1.550,2,0,0,0,0,20,305,0,30,2
02-10 21:26:54,24.194,7.233,66.347,0,0,6009656,5443596,456972,4338412,15362.611,7588.519,0,1536.461,0,155.641,6518,6799,1.660,1.470,1.570,3,0,1.995,0,0,20,306,0,28,2
02-10 21:26:55,24.285,9.013,65.094,0.250,0,6009952,5443092,457160,4338428,942.364,0,0,1650.389,0,180.261,5996,6360,1.660,1.470,1.570,3,0,0,0,0,20,302,0,30,2
02-10 21:26:56,10.515,3.004,84.372,0.250,0,6009900,5442840,457240,4338644,18070.230,8356.129,0,1402.035,0,108.157,3545,3795,1.660,1.470,1.570,0,0,0,0,0,20,304,0,30,2
02-10 21:26:57,15.742,4.248,78.959,0,0,6009944,5442336,457424,4338908,11966.833,1451.252,0,1675.137,0,170.912,4523,4808,1.660,1.470,1.570,0,0,1.999,0,0,20,304,0,30,2
02-10 21:26:58,14.724,3.993,78.859,0.250,0,6010000,5442084,457568,4338960,18676.668,8097.548,0,1253.762,0,130.767,4018,3969,1.660,1.470,1.570,0,0,0,0,0,20,304,0,29,2
02-10 21:26:59,9.218,4.235,85.450,0.249,0,6009820,5441832,457812,4339136,11857.353,1179.856,0,4671.592,0,276.030,3964,4163,1.840,1.510,1.580,2,0,0,0,0,20,305,0,30,2
02-10 21:27:00,26.481,5.496,66.452,0.250,0,6010668,5440824,457992,4339112,30477.829,16064.314,0,1434.956,0,143.895,5897,5888,1.840,1.510,1.580,1,0,1.999,0,0,20,306,0,30,2
02-10 21:27:01,24.855,7.030,66.028,0.251,0,6010656,5440320,458176,4339428,59665.875,30136.715,0,1558.553,0,163.688,6933,7486,1.840,1.510,1.580,1,0,1.004,0,0,20,305,0,31,2
02-10 21:27:02,25.290,9.515,63.349,0,0,6010536,5440320,458384,4339340,30253.425,14681.014,0,1834.876,0,185.290,6141,6627,1.840,1.510,1.580,1,0,1.002,0,0,20,305,0,31,2
02-10 21:27:03,25.263,10.005,61.031,0.500,0,6010328,5439872,458784,4339576,38020.112,450664.543,0,2661.338,0,302.152,7786,8770,1.840,1.510,1.580,1,0,3.002,0,0,20,305,0,31,2
02-10 21:27:04,24.727,7.493,65.440,0,0,6010152,5439620,459008,4339772,19026.592,142783.364,0,1974.194,0,178.836,6530,6930,1.780,1.500,1.580,1,0,0,0,0,20,305,0,32,2
02-10 21:27:05,25.265,7.504,66.039,0.250,0,6011308,5438372,459112,4339760,15744.348,7300.334,0,2317.376,0,98.058,6170,6406,1.780,1.500,1.580,1,0,0,0,0,20,305,0,33,2
02-10 21:27:06,25.027,9.760,62.817,0.501,0,6011008,5438120,459420,4339996,15188.090,7369.807,0,11720.416,0,1248.322,7636,7337,1.780,1.500,1.580,1,0,2.002,0,0,20,305,0,29,2
02-10 21:27:07,24.944,7.234,66.101,0,0,6011872,5437112,459572,4339984,11719.620,1382.887,0,1209.278,0,118.733,5810,5864,1.780,1.500,1.580,1,0,0,0,0,20,305,0,29,2
02-10 21:27:08,25.225,6.743,65.685,0.250,0,6011632,5436860,459748,4340288,59690.336,30432.091,0,1502.523,0,164.838,6878,7539,1.780,1.500,1.580,1,0,0,0,0,20,306,0,29,2
02-10 21:27:09,24.827,9.530,63.699,0.502,0,6011444,5436608,459980,4340488,29836.111,14786.144,0,2872.966,0,256.801,6827,7680,2.030,1.560,1.600,1,0,2.006,0,0,20,305,0,30,2
02-10 21:27:10,25.458,14.476,58.403,0.250,0,6012076,5435600,460288,4340548,15178.731,7349.764,0,2607.659,0,255.575,7093,7698,2.030,1.560,1.600,2,0,5.990,0,0,20,305,0,30,2
02-10 21:27:11,26.247,6.499,64.992,0,0,6011856,5435348,460424,4340876,26406.838,8812.945,0,1471.824,0,139.983,6463,6696,2.030,1.560,1.600,2,0,1.000,0,0,20,305,0,31,2
02-10 21:27:12,25.597,7.456,65.609,0,0,6011864,5435096,460540,4340992,15459.835,7545.020,0,1304.225,0,103.384,6086,6292,2.030,1.560,1.600,5,0,1.988,0,0,20,305,0,31,2
02-10 21:27:13,24.404,7.548,65.160,0.252,0,6012508,5434088,460732,4341160,15206.736,7408.642,0,1364.591,0,140.887,6376,6860,2.030,1.560,1.600,1,0,0,0,0,20,305,0,32,2
02-10 21:27:14,26.766,6.754,65.790,0.250,0,6012124,5434088,460840,4341428,30704.797,17222.544,0,1148.703,0,97.059,5885,5873,1.950,1.550,1.600,2,0,0,0,0,20,305,0,34,2
02-10 21:27:15,24.753,8.751,64.758,0.250,0,6011764,5433584,461280,4341840,44380.769,22478.922,0,6080.790,0,398.052,7302,8159,1.950,1.550,1.600,1,0,2.000,0,0,20,305,0,35,2
02-10 21:27:16,25.190,9.228,61.854,0.249,0,6011856,5433080,461636,4341880,29614.051,14719.233,0,2294.580,0,269.364,7157,8048,1.950,1.550,1.600,1,0,0,0,0,20,305,0,35,2
02-10 21:27:17,24.207,9.483,63.885,0.250,0,6011904,5432576,461968,4341992,15143.851,7282.944,0,1876.636,0,215.613,6647,7301,1.950,1.550,1.600,2,0,1.996,0,0,20,305,0,35,2
02-10 21:27:18,24.322,6.519,67.450,0,0,6012896,5431316,462088,4342136,15036.580,7383.892,0,1307.878,0,96.285,5987,6060,1.950,1.550,1.600,1,0,2.006,0,0,20,305,0,35,2
02-10 21:27:19,24.502,6.751,67.256,0.250,0,6013304,5430560,462196,4342368,15172.311,7444.644,0,1180.102,0,103.009,6414,6613,1.960,1.560,1.600,2,0,0,0,0,20,305,0,33,2
02-10 21:27:20,24.270,6.756,67.306,0,0,6013892,5429804,462300,4342424,15124.614,7302.090,0,1132.945,0,94.078,5831,5867,1.960,1.560,1.600,2,1,0,0,0,20,305,0,33,2
02-10 21:27:21,26.973,8.741,62.187,0.250,0,6013588,5429552,462488,4342788,30968.452,15877.825,0,8771.065,0,1113.865,8568,7442,1.960,1.560,1.600,5,0,2.997,0,0,20,305,0,34,2
02-10 21:27:22,25.193,8.892,62.735,0.741,0,6013804,5429048,462728,4342828,43965.894,21979.983,0,2130.027,0,223.277,6668,7335,1.960,1.560,1.600,2,0,0,0,0,20,305,0,35,2
02-10 21:27:23,26.534,11.624,59.385,1.011,0,6013540,5428544,463364,4342936,15786.877,7441.605,0,9040.711,0,623.672,7935,9393,1.960,1.560,1.600,3,0,0,0,0,20,305,0,34,2
02-10 21:27:24,30.860,12.545,54.694,0,0,6018064,5423528,463628,4343156,45403.417,478121.800,0,1597.680,0,172.614,7788,8212,2.040,1.580,1.610,2,0,9.032,0,0,20,305,0,36,2
02-10 21:27:25,24.468,6.991,66.164,0,0,6018636,5422772,463740,4343224,20172.927,144990.603,0,1342.265,0,131.830,6361,6567,2.040,1.580,1.610,1,0,0,0,0,20,305,0,36,2
02-10 21:27:26,24.840,6.707,66.818,0,0,6018976,5422268,463872,4343252,15140.181,7475.700,0,1132.682,0,94.390,6053,6377,2.040,1.580,1.610,2,0,0,0,0,20,306,0,36,2
02-10 21:27:27,22.142,8.303,68.187,0,0,6018624,5422268,463980,4343484,1119.179,66.426,0,942.043,0,79.510,5647,5614,2.040,1.580,1.610,1,0,2.013,0,0,20,305,0,35,2
02-10 21:27:28,19.020,6.257,72.328,0.501,0,6018600,5422016,464300,4343436,18519.916,8254.877,0,1978.127,0,225.242,5073,5588,2.040,1.580,1.610,0,0,0,0,0,20,304,0,36,2
02-10 21:27:29,17.866,6.451,73.695,0.248,0,6018764,5421512,464480,4343584,15337.563,7549.181,0,1270.438,0,121.089,4172,4150,1.880,1.560,1.600,4,0,0,0,0,20,302,0,37,2
02-10 21:27:30,10.780,3.510,84.984,0,0,6018432,5421512,464596,4343796,3475.575,953.627,0,1054.906,0,100.276,3442,3467,1.880,1.560,1.600,2,0,2.006,0,0,20,305,0,37,2
02-10 21:27:31,23.108,7.535,67.565,0,0,6018392,5421260,464800,4343876,15495.171,8382.041,0,1904.872,0,159.744,5333,5433,1.880,1.560,1.600,0,0,1.005,0,0,20,304,0,37,2
02-10 21:27:32,12.246,3.999,82.724,0.250,0,6018336,5421260,464860,4343868,3854.792,65.979,0,803.748,0,62.980,3556,3394,1.880,1.560,1.600,2,0,0,0,0,20,305,0,37,2
02-10 21:27:33,21.986,9.244,66.207,0,0,6018132,5420756,465312,4344112,18435.003,8461.493,0,6351.866,0,467.696,6414,7077,1.880,1.560,1.600,0,0,1.999,0,0,20,304,0,39,2
02-10 21:27:34,16.499,4.000,77.247,0.250,0,6018836,5420000,465444,4344028,671.976,947.967,0,1259.956,0,127.995,4149,4321,1.890,1.560,1.600,0,0,0,0,0,20,304,0,40,2
02-10 21:27:35,10.737,3.995,84.150,0.250,0,6018604,5419748,465696,4344240,29648.914,2978.475,0,1801.868,0,197.766,4154,4529,1.890,1.560,1.600,1,0,0,0,0,20,305,0,37,2
02-10 21:27:36,12.515,4.255,82.099,0.250,0,6018244,5419748,465880,4344412,44533.518,17078.524,0,1437.728,0,154.185,4395,4621,1.890,1.560,1.600,0,0,2.002,0,0,20,304,0,37,2
02-10 21:27:37,15.763,4.253,78.813,0.250,0,6018732,5419244,466024,4344284,58822.003,23921.115,0,1421.136,0,164.131,4489,4692,1.890,1.560,1.600,2,0,0,0,0,20,304,0,37,2
02-10 21:27:38,13.756,4.752,80.033,0.250,0,6018368,5419244,466164,4344496,15884.502,7461.054,0,1148.470,0,115.047,4661,5076,1.890,1.560,1.600,1,0,0,0,0,20,305,0,37,2
02-10 21:27:39,36.249,18.249,43.748,0.250,0,6042584,5394668,466436,4344568,30383.774,14805.403,0,1663.933,0,201.992,7629,18638,2.300,1.650,1.630,2,0,37.998,0,0,20,305,0,34,2
02-10 21:27:40,25.749,9.750,62.248,0,0,6041844,5394668,466960,4344764,15051.610,7295.811,0,7771.799,0,525.986,7305,8601,2.300,1.650,1.630,1,0,0,0,0,20,305,0,35,2
02-10 21:27:41,25.986,7.996,64.715,0,0,6041820,5394416,467196,4344796,15162.827,7292.070,0,1747.058,0,177.904,6249,6848,2.300,1.650,1.630,1,0,0.999,0,0,20,305,0,35,2
02-10 21:27:42,23.466,8.238,65.155,0,0,6042040,5393912,467324,4344944,485.293,65.904,0,8311.895,0,1076.432,7239,6168,2.300,1.650,1.630,2,0,1.997,0,0,20,305,0,35,2
02-10 21:27:43,24.978,7.244,65.941,0.749,0,6041924,5393912,467488,4344892,15103.522,7355.436,0,1198.930,0,121.891,6441,6850,2.300,1.650,1.630,1,0,0,0,0,20,305,0,32,2
02-10 21:27:44,23.771,9.008,65.056,0.250,0,6041524,5393660,467820,4345196,30184.084,15529.420,0,1957.692,0,234.202,6747,7494,2.270,1.660,1.630,5,0,0,0,0,20,305,0,32,2
02-10 21:27:45,26.035,7.761,64.838,0.250,0,6041200,5393660,468084,4345248,30065.835,15164.596,0,1834.492,0,191.260,6425,7084,2.270,1.660,1.630,1,0,2.003,0,0,20,305,0,33,2
02-10 21:27:46,24.759,7.002,67.273,0,0,6041676,5392904,468244,4345360,30054.459,14987.216,0,2116.737,0,118.041,6110,6386,2.270,1.660,1.630,2,0,0,0,0,20,305,0,33,2
02-10 21:27:47,23.207,7.736,66.628,0.250,0,6041668,5392652,468420,4345440,30329.313,15096.282,0,1245.713,0,117.784,6238,6678,2.270,1.660,1.630,2,0,0,0,0,20,305,0,32,2
02-10 21:27:48,25.471,10.987,61.680,0.250,0,6041256,5392400,468912,4345596,44745.008,22156.750,0,6960.068,0,453.483,7164,7591,2.270,1.660,1.630,4,0,1.998,0,0,20,305,0,32,2
02-10 21:27:49,26.836,7.023,64.457,0.251,0,6041548,5391700,469100,4345804,39578.383,455770.894,0,1593.127,0,166.536,6949,7501,2.170,1.650,1.630,2,0,0,0,0,20,305,0,33,2
02-10 21:27:50,23.758,7.002,67.023,0,0,6043008,5390188,469216,4345740,18304.403,139928.945,0,1120.392,0,92.032,6145,6451,2.170,1.650,1.630,1,0,1.000,0,0,20,306,0,33,2
02-10 21:27:51,25.104,9.197,63.134,0.249,0,6042536,5390188,469452,4345964,15155.063,8133.804,0,1737.916,0,205.806,5998,6291,2.170,1.650,1.630,1,0,2.983,0,0,20,304,0,34,2
02-10 21:27:52,11.194,4.727,82.590,0.249,0,6042512,5389936,469632,4346056,17817.479,7325.605,0,6081.784,0,875.650,4834,4222,2.170,1.650,1.630,2,0,0,0,0,20,305,0,34,2
02-10 21:27:53,8.087,2.527,87.436,0.253,0,6042236,5389936,469800,4346156,19105.575,8274.601,0,1593.058,0,144.548,3805,4013,2.170,1.650,1.630,0,0,0,0,0,20,304,0,34,2
02-10 21:27:54,23.994,5.998,68.233,0.250,0,6042284,5389432,470008,4346392,33694.423,16313.847,0,1615.589,0,162.959,5971,6144,2.160,1.650,1.630,1,0,1.999,0,0,20,304,0,34,2
02-10 21:27:55,6.236,2.744,90.047,0.499,0,6042668,5388928,470140,4346376,44676.166,21838.710,0,1532.541,0,140.682,2918,2860,2.160,1.650,1.630,2,0,0,0,0,20,304,0,32,2
02-10 21:27:56,11.527,3.759,82.446,0,0,6042540,5388676,470364,4346524,44360.616,16561.430,0,1828.353,0,178.425,4356,4597,2.160,1.650,1.630,1,0,0,0,0,20,303,0,32,3
02-10 21:27:57,19.355,7.940,69.727,0.248,0,6042544,5388172,470684,4346692,15064.112,7599.054,0,5669.514,0,335.486,6212,6628,2.160,1.650,1.630,1,0,1.985,0,0,20,304,0,32,3
02-10 21:27:58,24.626,9.800,64.079,0.251,0,6042108,5388172,470948,4346856,15700.566,7629.148,0,2086.708,0,257.320,6719,7650,2.160,1.650,1.630,2,0,0,0,0,20,304,0,32,3
02-10 21:27:59,25.041,6.761,66.359,0.501,0,6043048,5386912,471040,4347076,15135.841,7470.260,0,1185.946,0,108.178,6012,6329,1.980,1.630,1.620,1,0,0,0,0,20,304,0,32,3
02-10 21:28:00,24.009,7.003,67.526,0,0,6042992,5386660,471112,4347308,15682.130,7446.911,0,1032.404,0,79.031,5988,6218,1.980,1.630,1.620,1,0,2.001,0,0,20,305,0,31,3
02-10 21:28:01,25.031,7.931,64.188,0,0,6043212,5386156,471284,4347416,30466.368,15393.283,0,1586.119,0,179.430,6854,7603,1.980,1.630,1.620,2,0,0.991,0,0,20,304,0,32,3
02-10 21:28:02,23.674,9.570,65.229,0,0,6043144,5385904,471436,4347576,44704.359,22049.960,0,1938.237,0,207.524,6261,6644,1.980,1.630,1.620,1,0,0,0,0,20,304,0,33,3
02-10 21:28:03,24.544,7.263,65.869,0,0,6043956,5384896,471584,4347620,16234.277,7309.182,0,1450.616,0,127.229,6253,6701,1.980,1.630,1.620,1,0,2.004,0,0,20,304,0,33,3
02-10 21:28:04,25.222,5.935,65.774,0.247,0,6044368,5384140,471708,4347828,29419.476,14658.305,0,1451.983,0,117.702,6368,6784,1.980,1.630,1.620,3,0,0,0,0,20,304,0,32,3
02-10 21:28:05,26.631,20.601,51.503,0.251,0,6047044,5381116,471972,4347900,15125.247,7480.722,0,6029.598,0,344.692,7682,7974,1.980,1.630,1.620,4,0,106.523,0,0,20,304,0,32,3
02-10 21:28:06,21.494,7.748,68.730,0.250,0,6046512,5381116,472220,4348172,18365.587,8304.552,0,2355.306,0,251.926,5885,6106,1.980,1.630,1.620,0,0,1.999,0,0,20,303,0,33,3
02-10 21:28:07,13.838,3.271,82.022,0,0,6046456,5381116,472284,4348164,11765.881,1797.439,0,869.534,0,75.480,3857,3867,1.980,1.630,1.620,0,0,0,0,0,20,303,0,33,3
02-10 21:28:08,9.232,4.990,84.082,0.499,0,6046468,5380892,472408,4348248,60107.817,24049.913,0,994.013,0,107.784,4082,4025,1.980,1.630,1.620,1,0,0,0,0,20,304,0,31,3
02-10 21:28:09,25.187,7.481,65.088,0,0,6046328,5380892,472584,4348208,30072.081,15040.529,0,1635.924,0,181.548,6942,7595,1.990,1.640,1.630,3,0,1.995,0,0,20,304,0,31,3
02-10 21:28:10,26.101,12.549,59.480,0,0,6046000,5380668,472808,4348520,46206.938,592946.203,0,2124.226,0,201.781,7184,7223,1.990,1.640,1.630,2,0,5.019,0,0,20,304,0,31,3
02-10 21:28:11,23.954,10.730,62.132,0.499,0,6045804,5380416,473176,4348588,15273.897,7697.333,0,3010.264,0,291.445,7160,7999,1.990,1.640,1.630,2,0,3.992,0,0,20,304,0,31,3
02-10 21:28:12,27.056,7.265,65.135,0,0,6045844,5379912,473288,4348936,26513.976,8481.586,0,1358.817,0,103.214,5844,5942,1.990,1.640,1.630,1,0,2.004,0,0,20,304,0,28,3
02-10 21:28:13,25.269,10.008,61.297,0.500,0,6046160,5379156,473716,4348936,15242.614,7367.614,0,14254.862,0,1448.103,8650,7727,1.990,1.640,1.630,1,0,0,0,0,20,305,0,30,3
02-10 21:28:14,23.248,7.499,67.243,0.250,0,6046040,5378904,473940,4349076,15122.515,8176.197,0,1551.848,0,184.982,5292,5577,1.910,1.630,1.620,0,0,0,0,0,20,303,0,31,3
02-10 21:28:15,16.629,13.650,68.003,0.248,0,6048820,5375628,474212,4349264,3380.317,1026.504,0,1655.909,0,170.753,5514,5369,1.910,1.630,1.620,0,0,86.369,0,0,20,303,0,31,3
02-10 21:28:16,3.778,2.267,92.934,0,0,6048776,5375628,474288,4349232,18174.852,7549.600,0,793.846,0,61.453,2496,2586,1.910,1.630,1.620,1,0,0,0,0,20,304,0,27,3
02-10 21:28:17,9.499,3.500,86.240,0,0,6048536,5375628,474436,4349320,3659.568,885.895,0,2323.725,0,137.984,3477,3858,1.910,1.630,1.620,1,0,2.000,0,0,20,303,0,27,3
02-10 21:28:18,15.002,4.001,79.010,0.500,0,6048404,5375628,474652,4349232,21190.815,8953.189,0,1920.255,0,220.029,4517,5207,1.910,1.630,1.620,0,0,2.000,0,0,20,303,0,27,3
02-10 21:28:19,7.247,3.748,87.459,0.250,0,6048144,5375628,474760,4349376,3218.508,415.807,0,3566.347,0,589.727,4098,3387,1.750,1.600,1.610,0,0,2.999,0,0,20,303,0,27,3
02-10 21:28:20,14.246,5.998,79.227,0,0,6047984,5375628,474796,4349492,26766.175,8813.423,0,851.751,0,57.983,4036,3858,1.750,1.600,1.610,1,0,0,0,0,20,304,0,28,3
02-10 21:28:21,17.738,5.496,74.698,0,0,6047676,5375628,474900,4349692,5536.174,1089.247,0,1586.903,0,185.872,4770,5139,1.750,1.600,1.610,1,0,2.998,0,0,20,303,0,29,3
02-10 21:28:22,13.020,5.008,79.872,0.501,0,6047596,5375628,475144,4349528,3546.403,954.454,0,6545.973,0,407.621,4959,5294,1.750,1.600,1.610,0,0,0,0,0,20,303,0,29,3
02-10 21:28:23,12.663,7.946,77.965,0,0,6047280,5375628,475200,4349776,44936.857,22545.401,0,3233.825,0,573.070,4787,4362,1.750,1.600,1.610,8,0,0,0,0,20,304,0,29,3
02-10 21:28:24,16.613,4.782,77.527,0.252,0,6047052,5375376,475356,4350096,40168.923,19450.152,0,1369.304,0,157.067,4609,4954,1.690,1.590,1.610,0,0,2.014,0,0,20,303,0,29,3
02-10 21:28:25,12.465,3.241,83.015,0,0,6047028,5375376,475468,4350008,48936.292,15187.950,0,849.592,0,72.794,3605,3416,1.690,1.590,1.610,0,0,0,0,0,20,303,0,29,3
02-10 21:28:26,9.513,5.257,84.114,0,0,6048560,5373612,475512,4350192,21585.226,8116.990,0,917.242,0,92.125,3509,3368,1.690,1.590,1.610,0,0,6.008,0,0,20,303,0,31,3
02-10 21:28:27,7.263,2.003,90.406,0,0,6048532,5373612,475532,4350196,41675.801,13709.620,0,436.752,0,24.041,2432,2144,1.690,1.590,1.610,1,0,2.003,0,0,20,304,0,31,2
02-10 21:28:28,3.738,2.991,92.709,0,0,6048472,5373612,475568,4350220,27297.266,10365.445,0,454.572,0,29.906,2232,2173,1.690,1.590,1.610,0,0,0,0,0,20,304,0,25,2
02-10 21:28:29,4.477,1.990,92.274,0.249,0,6048444,5373612,475596,4350220,26916.074,10505.775,0,386.008,0,23.877,2136,1964,1.560,1.560,1.600,0,0,0,0,0,20,304,0,25,2
02-10 21:28:30,4.284,2.268,93.494,0,0,6048400,5373612,475608,4350244,12402.642,3112.757,0,334.662,0,16.128,2015,1898,1.560,1.560,1.600,0,0,2.016,0,0,20,304,0,25,2
02-10 21:28:31,4.250,2.250,93.008,0,0,6048376,5373612,475632,4350244,27297.206,10398.841,0,360.029,0,27.002,2239,2265,1.560,1.560,1.600,0,0,1.000,0,0,20,304,0,25,2
02-10 21:28:32,3.501,2.251,93.025,0,0,6048332,5373612,475652,4350268,12307.318,2940.793,0,216.058,0,15.004,1931,1874,1.560,1.560,1.600,0,0,0,0,0,20,304,0,23,2
02-10 21:28:33,4.482,2.241,92.131,0,0,6048268,5373612,475704,4350276,26996.851,10356.512,0,537.845,0,53.785,2884,2992,1.560,1.560,1.600,1,0,1.992,0,0,20,305,0,23,2
02-10 21:28:34,3.514,1.757,94.379,0,0,6048212,5373612,475736,4350300,12636.741,2951.853,0,313.258,0,21.085,1839,1781,1.670,1.590,1.610,1,0,0,0,0,20,304,0,23,2
02-10 21:28:35,3.249,1.750,93.731,0,0,6048208,5373612,475736,4350304,27169.395,10705.792,0,0,0,0,1798,1728,1.670,1.590,1.610,0,0,0,0,0,20,304,0,23,2
02-10 21:28:36,4.500,2.000,93.007,0,0,6048044,5373612,475744,4350456,12430.940,3006.227,0,104.008,0,8.001,2034,1864,1.670,1.590,1.610,0,0,2.000,0,0,20,304,0,20,2
02-10 21:28:37,4.001,2.000,93.514,0.250,0,6048020,5373612,475760,4350460,13441.990,2940.435,0,116.017,0,12.002,2187,2145,1.670,1.590,1.610,0,0,0,0,0,20,304,0,21,2
02-10 21:28:38,4.750,2.000,91.743,0,0,6047840,5373612,475776,4350624,35352.335,13314.996,0,271.979,0,17.999,2433,2434,1.670,1.590,1.610,0,0,0,0,0,20,304,0,21,2
02-10 21:28:39,10.498,6.749,82.484,0,0,6083064,5338360,475800,4352812,478.910,0,0,331.937,0,25.995,2988,4513,1.540,1.560,1.600,2,0,35.993,0,0,20,304,0,21,2
02-10 21:28:40,8.501,6.001,84.007,0,0,6053024,5368384,475804,4350640,300.026,148.013,0,52.005,0,5.000,2702,6888,1.540,1.560,1.600,0,0,2.000,0,0,20,304,0,22,2
02-10 21:28:41,3.996,1.748,93.418,0,0,6052988,5368384,475828,4350652,15097.769,7289.612,0,123.891,0,14.987,2169,2114,1.540,1.560,1.600,0,0,0.999,0,0,20,304,0,20,2
02-10 21:28:42,2.753,2.002,94.336,0,0,6053208,5368136,475848,4350660,306.280,66.060,0,420.385,0,17.016,1920,1828,1.540,1.560,1.600,1,0,2.002,0,0,20,304,0,20,2
02-10 21:28:43,4.499,2.249,91.975,0.250,0,6053008,5368136,475904,4350796,418.885,0,0,523.856,0,49.986,2735,2795,1.540,1.560,1.600,0,0,0,0,0,20,304,0,20,2
02-10 21:28:44,3.252,2.502,93.559,0,0,6052992,5368136,475916,4350800,300.188,0,0,3145.973,0,563.353,2679,1723,1.420,1.530,1.590,0,0,0,0,0,20,304,0,20,2
02-10 21:28:45,3.745,1.747,94.112,0,0,6052992,5368136,475916,4350800,15310.623,7660.803,0,0,0,0,1929,1777,1.420,1.530,1.590,0,0,1.997,0,0,20,304,0,20,2
02-10 21:28:46,3.255,2.003,94.137,0,0,6052980,5368136,475916,4350812,480.702,0,0,8.012,0,2.003,1723,1651,1.420,1.530,1.590,0,0,0,0,0,20,304,0,20,2
02-10 21:28:47,3.250,1.750,94.498,0,0,6052956,5368136,475936,4350816,478.992,0,0,95.998,0,10.000,1723,1639,1.420,1.530,1.590,0,0,0,0,0,20,304,0,20,2
02-10 21:28:48,3.500,2.000,93.756,0,0,6052952,5368136,475964,4350792,240.015,0,0,572.037,0,17.001,2057,2055,1.420,1.530,1.590,0,0,2.000,0,0,20,304,0,20,2
02-10 21:28:49,2.247,1.248,95.633,0,0,6052896,5368136,475980,4350832,14972.728,7514.829,0,287.649,0,19.976,1704,1684,1.380,1.530,1.590,1,0,0,0,0,20,305,0,19,2
02-10 21:28:50,2.752,1.751,94.830,0.250,0,6052892,5368136,475996,4350820,300.253,148.125,0,152.128,0,8.007,1632,1589,1.380,1.530,1.590,0,0,0,0,0,20,304,0,19,2
02-10 21:28:51,3.731,2.239,92.786,0,0,6052860,5368136,476004,4350844,476.617,0,0,111.443,0,12.935,2077,2091,1.380,1.530,1.590,0,0,2.985,0,0,20,304,0,19,2
02-10 21:28:52,4.021,3.016,92.241,0,0,6052856,5368136,476160,4350692,488.602,66.353,0,3277.454,0,195.039,2608,2690,1.380,1.530,1.590,0,0,0,0,0,20,304,0,19,2
02-10 21:28:53,4.250,2.000,92.495,0.250,0,6052620,5368136,476220,4350860,1061.942,131.993,0,495.973,0,50.997,2716,2773,1.380,1.530,1.590,0,0,0,0,0,20,304,0,16,2
02-10 21:28:54,3.500,2.000,93.263,0,0,6052600,5368136,476256,4350844,576.081,0,0,360.050,0,30.004,2143,2159,1.270,1.500,1.580,0,0,2.000,0,0,20,304,0,16,2
02-10 21:28:55,3.000,2.000,94.242,0,0,6052432,5368136,476268,4351000,15483.766,7605.394,0,223.982,0,10.999,1840,1730,1.270,1.500,1.580,0,0,0,0,0,20,304,0,16,2
02-10 21:28:56,3.749,1.250,94.480,0,0,6052424,5368136,476268,4351008,451.903,0,0,0,0,0,1684,1662,1.270,1.500,1.580,0,0,0,0,0,20,304,0,16,2
02-10 21:28:57,3.247,1.998,94.662,0,0,6052424,5368136,476268,4351008,602.442,0,0,159.852,0,28.973,1813,1651,1.270,1.500,1.580,0,0,1.998,0,0,20,304,0,16,2
02-10 21:28:58,4.249,1.749,92.968,0,0,6052364,5368136,476296,4351040,10366.411,1420.508,0,179.938,0,16.994,2211,2179,1.270,1.500,1.580,1,0,0,0,0,20,304,0,16,2
02-10 21:28:59,7.010,2.503,90.126,0,0,6052252,5368136,476388,4351056,1290.801,400.559,0,737.028,0,79.110,2908,3013,1.170,1.470,1.570,0,0,0,0,0,20,304,0,16,2
02-10 21:29:00,14.498,3.750,79.491,0,0,6052384,5367884,476544,4351012,14426.397,1999.778,0,1187.868,0,131.985,4240,4466,1.170,1.470,1.570,0,0,2.000,0,0,20,304,0,16,2
02-10 21:29:01,6.742,3.246,88.650,0,0,6052168,5367884,476648,4351116,29438.861,8738.164,0,986.889,0,111.874,3699,3868,1.170,1.470,1.570,2,0,0.999,0,0,20,305,0,14,2
02-10 21:29:02,23.995,7.498,66.985,0.250,0,6051772,5367884,476740,4351416,539.883,0,0,1155.749,0,110.976,5921,6342,1.170,1.470,1.570,1,0,0,0,0,20,305,0,14,2
02-10 21:29:03,25.506,10.252,63.265,0.250,0,6051316,5367884,477100,4351504,709.171,0,0,2212.533,0,277.067,6804,7742,1.170,1.470,1.570,1,0,2.000,0,0,20,305,0,15,2
02-10 21:29:04,23.852,6.460,66.089,0,0,6051852,5367128,477216,4351600,477.032,0,0,1470.850,0,118.264,5964,6271,1.080,1.450,1.560,1,0,0,0,0,20,305,0,16,2
02-10 21:29:05,24.145,8.803,65.393,0.252,0,6052428,5366412,477336,4351612,783.709,148.895,0,4740.481,0,740.449,6874,5806,1.080,1.450,1.560,2,0,0,0,0,20,305,0,15,2
02-10 21:29:06,21.760,9.004,68.032,0.500,0,6051340,5366412,478108,4351904,4136.963,946.449,0,7411.517,0,499.237,6114,6774,1.080,1.450,1.560,0,0,2.001,0,0,20,304,0,17,2
02-10 21:29:07,17.238,4.247,76.946,0.250,0,6051120,5366412,478288,4351940,11680.800,1450.981,0,1127.209,0,105.926,4332,4457,1.080,1.450,1.560,1,0,0,0,0,20,305,0,17,2
02-10 21:29:08,17.277,4.507,76.872,0,0,6050872,5366160,478528,4352184,15123.905,1854.932,0,1498.368,0,163.258,5123,5600,1.080,1.450,1.560,0,0,0,0,0,20,304,0,18,2
02-10 21:29:09,15.229,5.492,77.644,0,0,6051012,5365908,478720,4352100,15737.463,7993.061,0,946.704,0,108.851,5056,5411,0.990,1.430,1.550,3,0,1.997,0,0,20,305,0,17,2
02-10 21:29:10,26.370,10.200,61.697,0.249,0,6050312,5365908,479180,4352324,60870.982,600338.937,0,1846.927,0,201.013,7134,7685,0.990,1.430,1.550,1,0,1.990,0,0,20,305,0,17,2
02-10 21:29:11,26.380,11.808,59.291,0,0,6050812,5364928,479552,4352424,42357.198,16123.251,0,2769.613,0,252.240,6658,7461,0.990,1.430,1.550,1,0,7.035,0,0,20,305,0,17,2
02-10 21:29:12,25.242,7.248,65.980,0,0,6051224,5364172,479680,4352624,18122.474,9313.160,0,1511.539,0,111.966,6275,6692,0.990,1.430,1.550,1,0,1.999,0,0,20,305,0,18,2
02-10 21:29:13,27.288,7.260,63.087,0.501,0,6051456,5363920,479988,4352336,15579.460,7306.064,0,5383.415,0,352.486,6257,6965,0.990,1.430,1.550,2,0,1.001,0,0,20,305,0,16,2
02-10 21:29:14,24.549,6.447,66.705,0.248,0,6050816,5363920,480084,4352868,14876.381,7302.301,0,1079.177,0,99.189,5949,6295,0.990,1.420,1.550,3,0,0,0,0,20,304,0,17,3
02-10 21:29:15,24.885,11.060,62.591,0,0,6050668,5363920,480288,4352808,15193.691,7526.965,0,6298.278,0,946.149,7181,6261,0.990,1.420,1.550,7,0,3.016,0,0,20,302,0,19,2
02-10 21:29:16,11.012,3.504,85.095,0.250,0,6050316,5363920,480408,4353032,18400.479,8414.365,0,876.976,0,95.106,3486,3644,0.990,1.420,1.550,0,0,0,0,0,20,304,0,19,2
02-10 21:29:17,27.022,5.504,65.303,0.250,0,6050808,5363164,480716,4352976,881.711,0,0,2526.036,0,313.253,6800,7184,0.990,1.420,1.550,2,0,2.002,0,0,20,305,0,18,2
02-10 21:29:18,15.259,4.503,78.295,0.500,0,6050296,5363164,480872,4353320,29015.812,9153.304,0,1328.770,0,134.078,4818,5087,0.990,1.420,1.550,0,0,2.001,0,0,20,304,0,18,2
02-10 21:29:19,16.891,6.955,75.016,0.248,0,6050524,5362912,481008,4353208,15598.343,7648.643,0,1625.510,0,112.275,4014,4007,0.910,1.390,1.540,1,0,0,0,0,20,304,0,19,2
02-10 21:29:20,10.060,3.270,86.014,0,0,6050188,5362912,481108,4353436,48111.690,23578.994,0,889.318,0,85.511,3289,3347,0.910,1.390,1.540,1,0,0,0,0,20,304,1,19,2
02-10 21:29:21,19.132,4.721,73.051,0.248,0,6050476,5362408,481252,4353508,44491.380,16409.085,0,1773.096,0,185.857,5616,5906,0.910,1.390,1.540,1,0,2.982,0,0,20,304,0,17,2
02-10 21:29:22,15.351,5.285,78.769,0,0,6050452,5362156,481316,4353708,15278.582,7706.735,0,1167.687,0,111.736,4682,4863,0.910,1.390,1.540,3,0,0,0,0,20,305,0,17,2
02-10 21:29:23,25.993,9.497,61.483,0.500,0,6050328,5362156,481556,4353584,45190.690,22495.872,0,7785.879,0,522.858,8123,9010,0.910,1.390,1.540,1,0,0,0,0,20,305,0,18,2
02-10 21:29:24,24.623,10.197,62.926,0,0,6050276,5361652,481724,4353960,29710.890,14517.188,0,1949.951,0,250.708,6914,7643,1.240,1.450,1.560,4,0,1.990,0,0,20,305,0,18,2
02-10 21:29:25,24.862,9.794,63.537,0.251,0,6050140,5361652,481772,4354048,29878.129,14806.967,0,1647.451,0,202.918,6711,7431,1.240,1.450,1.560,2,0,0,0,0,20,305,0,18,2
02-10 21:29:26,23.769,10.258,64.050,0.250,0,6050032,5361652,481860,4354064,15406.044,7463.835,0,2101.643,0,249.195,6756,7670,1.240,1.450,1.560,1,0,0,0,0,20,305,0,16,2
02-10 21:29:27,24.740,5.998,66.972,0,0,6051012,5360392,481880,4354316,18949.135,7556.864,0,1147.524,0,96.960,6117,6208,1.240,1.450,1.560,1,0,1.999,0,0,20,305,0,16,2
02-10 21:29:28,30.738,9.172,57.509,0.248,0,6047272,5363960,481952,4354412,14865.148,7299.708,0,1150.185,0,100.145,6839,7216,1.240,1.450,1.560,3,0,3.966,0,0,20,307,0,17,2
02-10 21:29:29,36.288,10.080,52.416,0,0,6047940,5363204,482024,4354424,15522.143,7420.873,0,1387.004,0,118.944,7302,7773,1.300,1.460,1.560,1,0,3.024,0,0,20,305,0,18,2
02-10 21:29:30,24.021,8.257,65.306,0.250,0,6048200,5362448,482216,4354720,360.311,148.128,0,5981.160,0,333.288,6614,7076,1.300,1.460,1.560,3,0,2.002,0,0,20,305,0,16,2
02-10 21:29:31,22.515,7.755,68.046,0.500,0,6047928,5362448,482404,4354796,20506.737,10064.742,0,2213.483,0,249.167,6106,6427,1.300,1.460,1.560,0,0,1.001,0,0,20,304,0,17,2
02-10 21:29:32,11.221,3.242,84.280,0,0,6047872,5362448,482424,4354828,359.061,0,0,558.539,0,36.903,3328,3229,1.300,1.460,1.560,2,0,0,0,0,20,305,0,17,2
02-10 21:29:33,26.312,7.017,64.652,0.251,0,6047644,5362196,482672,4355052,18305.115,7780.325,0,2578.072,0,374.883,7017,7521,1.300,1.460,1.560,1,0,2.005,0,0,20,304,0,18,2
02-10 21:29:34,7.195,2.481,88.076,0,0,6047832,5361944,482736,4355052,11478.190,1375.477,0,901.106,0,104.203,3174,3366,1.190,1.440,1.550,1,0,0,0,0,20,305,0,18,2
02-10 21:29:35,24.669,9.566,65.450,0.252,0,6045012,5364464,482884,4355192,48794.191,591762.106,0,8655.459,0,1177.086,7351,5340,1.190,1.440,1.550,1,0,1.007,0,0,20,303,0,19,3
02-10 21:29:36,14.172,3.978,79.065,0.249,0,6045708,5363596,483004,4355236,44013.823,21994.977,0,1416.208,0,129.289,4304,4538,1.190,1.440,1.550,6,0,1.989,0,0,20,304,0,20,3
02-10 21:29:37,9.037,3.515,87.110,0.251,0,6045440,5363596,483092,4355412,30155.506,9185.927,0,1341.539,0,129.535,3784,4086,1.190,1.440,1.550,0,0,0,0,0,20,303,0,20,3
02-10 21:29:38,23.509,6.502,67.775,0.250,0,6046000,5362840,483204,4355492,30283.002,15293.556,0,1508.548,0,144.052,6544,6880,1.190,1.440,1.550,1,0,0,0,0,20,304,0,19,3
02-10 21:29:39,25.026,11.011,61.313,0.250,0,6046056,5362340,483560,4355564,44546.755,23081.708,0,8000.217,0,533.548,8110,9056,1.260,1.450,1.560,2,0,2.002,0,0,20,304,0,19,3
02-10 21:29:40,38.030,18.264,41.782,0,0,6060328,5347500,483820,4355776,30089.392,14979.646,0,2209.718,0,282.219,7868,17076,1.260,1.450,1.560,1,0,36.028,0,0,20,304,0,20,3
02-10 21:29:41,25.242,9.247,62.979,0.750,0,6060132,5347500,483988,4355864,15405.868,7293.570,0,2167.278,0,243.919,6832,7446,1.260,1.450,1.560,1,0,1.000,0,0,20,304,0,20,3
02-10 21:29:42,24.260,8.003,65.778,0.250,0,6059952,5347500,484108,4355924,15124.331,7431.111,0,1752.734,0,188.079,6284,6820,1.260,1.450,1.560,1,0,2.001,0,0,20,304,0,20,3
02-10 21:29:43,25.210,7.239,65.397,0,0,6059864,5347500,484184,4355936,15147.233,7350.466,0,1865.074,0,141.778,6374,6781,1.260,1.450,1.560,2,0,0,0,0,20,304,0,20,3
02-10 21:29:44,24.528,6.257,66.827,0,0,6059552,5347500,484224,4356196,15577.945,7370.491,0,1217.402,0,101.116,6154,6517,1.240,1.440,1.550,2,0,0,0,0,20,304,0,20,3
02-10 21:29:45,24.503,7.001,66.509,0,0,6059488,5347500,484296,4356184,15353.129,7673.064,0,1180.164,0,99.014,6282,6541,1.240,1.440,1.550,1,0,2.000,0,0,20,304,0,21,3
02-10 21:29:46,20.515,9.640,66.735,0.247,0,6059240,5347500,484396,4356324,10390.953,3630.407,0,1312.958,0,152.256,5967,6195,1.240,1.440,1.550,4,0,0,0,0,20,304,0,21,3
02-10 21:29:47,15.932,4.552,79.152,0.253,0,6058824,5347500,484628,4356504,9398.087,4627.731,0,6704.394,0,396.518,4773,5138,1.240,1.440,1.550,0,0,0,0,0,20,303,0,22,3
02-10 21:29:48,22.742,5.498,68.975,0.250,0,6058828,5347248,484816,4356560,15046.531,7455.290,0,2219.193,0,294.893,6293,6614,1.240,1.440,1.550,1,0,1.999,0,0,20,304,0,22,3
02-10 21:29:49,17.671,4.480,75.415,0.249,0,6058656,5347248,484940,4356600,14720.594,1843.808,0,1377.878,0,151.328,5089,5389,1.220,1.430,1.550,0,0,0,0,0,20,303,0,22,3
02-10 21:29:50,11.766,6.759,79.106,0.250,0,6058736,5346996,485016,4356688,420.566,148.199,0,2343.151,0,152.205,4010,4234,1.220,1.430,1.550,5,0,0,0,0,20,302,0,24,3
02-10 21:29:51,14.059,4.017,80.840,0,0,6058456,5346996,485088,4356888,48600.426,23634.412,0,1124.731,0,111.469,4148,4431,1.220,1.430,1.550,0,0,3.013,0,0,20,303,0,24,3
02-10 21:29:52,20.695,5.486,71.810,0,0,6058452,5346744,485324,4356904,44357.879,16466.522,0,1875.049,0,207.452,5906,6145,1.220,1.430,1.550,3,0,0,0,0,20,303,0,24,3
02-10 21:29:53,12.948,4.980,80.180,0.249,0,6058116,5346744,485460,4357100,30368.617,14695.263,0,1394.427,0,144.423,4939,5223,1.220,1.430,1.550,1,0,0,0,0,20,304,0,24,3
02-10 21:29:54,25.601,9.537,62.998,0.502,0,6057504,5346744,485876,4357280,37176.152,19131.211,0,7529.601,0,475.871,7771,8628,1.360,1.460,1.560,4,0,2.008,0,0,20,304,0,24,3
02-10 21:29:55,23.752,10.392,62.349,0.495,0,6057044,5346744,486240,4357360,37287.879,18560.312,0,2054.559,0,256.325,6945,7803,1.360,1.460,1.560,2,0,0,0,0,20,304,0,24,3
02-10 21:29:56,27.835,12.399,59.213,0.253,0,6057072,5346492,486504,4357316,50934.440,615592.022,0,9198.788,0,1236.897,9057,7748,1.360,1.460,1.560,2,0,0,0,0,20,304,0,25,3
02-10 21:29:57,23.701,9.730,63.370,0.249,0,6057056,5345988,486712,4357616,15598.028,9155.234,0,2151.590,0,250.487,7101,7740,1.360,1.460,1.560,5,0,1.996,0,0,20,304,0,25,3
02-10 21:29:58,25.541,6.510,66.606,0,0,6056852,5345988,486872,4357656,15136.036,7307.604,0,1546.456,0,143.227,6468,7078,1.360,1.460,1.560,1,0,0,0,0,20,304,0,27,3
02-10 21:29:59,24.768,6.505,67.050,0.250,0,6057848,5344728,487012,4357772,15062.239,7301.448,0,1300.971,0,98.073,6228,6538,1.250,1.440,1.550,1,0,0,0,0,20,305,0,27,3
02-10 21:30:00,25.498,8.499,64.745,0,0,6057704,5344476,487364,4357808,617.956,1090.922,0,1915.863,0,201.986,5930,6158,1.250,1.440,1.550,0,0,2.000,0,0,20,303,0,28,3
02-10 21:30:01,9.506,5.754,83.303,0.750,0,6057688,5343972,487792,4357880,18276.530,7366.648,0,6544.129,0,373.235,4441,4630,1.250,1.440,1.550,1,0,1.001,0,0,20,304,0,28,3
02-10 21:30:02,20.470,6.740,71.645,0.250,0,6057304,5343972,488028,4358020,25075.366,9304.407,0,1469.853,0,169.752,5089,5117,1.250,1.440,1.550,1,0,0,0,0,20,303,0,29,3
02-10 21:30:03,14.000,4.500,80.498,0,0,6057008,5343972,488168,4358168,774.985,399.992,0,1471.971,0,178.996,4680,4904,1.250,1.440,1.550,0,0,2.000,0,0,20,303,0,30,3
02-10 21:30:04,13.017,3.755,81.855,0.250,0,6056756,5343972,488352,4358236,29097.199,9484.125,0,1229.572,0,129.165,4166,4353,1.150,1.410,1.540,0,0,0,0,0,20,303,0,31,3
02-10 21:30:05,7.485,5.239,85.577,0,0,6056764,5343720,488432,4358388,14510.694,1638.691,0,1053.872,0,102.792,3555,3602,1.150,1.410,1.540,4,0,1.996,0,0,20,304,0,31,3
02-10 21:30:06,24.151,7.718,65.232,0,0,6056516,5343720,488672,4358392,30539.704,15773.287,0,1896.220,0,191.215,6659,7361,1.150,1.410,1.540,8,0,1.992,0,0,20,304,0,31,3
02-10 21:30:07,25.137,10.809,62.590,0.251,0,6055992,5343720,488828,4358744,41293.305,16131.627,0,6185.600,0,917.986,7888,7159,1.150,1.410,1.540,2,0,0,0,0,20,304,0,27,3
02-10 21:30:08,24.440,6.734,66.338,0.499,0,6055760,5343720,488992,4358812,30052.524,14688.089,0,1460.429,0,117.712,6393,6624,1.150,1.410,1.540,1,0,0,0,0,20,304,0,27,3
02-10 21:30:09,23.283,8.262,66.845,0.250,0,6055840,5343468,489132,4358832,15599.146,7306.373,0,1546.195,0,137.195,6024,6159,1.300,1.440,1.550,2,0,2.003,0,0,20,304,0,27,3
02-10 21:30:10,17.163,6.716,73.625,0.497,0,6055156,5343468,489436,4359204,32747.145,16321.836,0,6160.610,0,415.881,5588,6082,1.300,1.440,1.550,0,0,0,0,0,20,303,0,28,3
02-10 21:30:11,17.852,7.292,73.922,0,0,6055700,5342712,489656,4359192,18799.380,2638.068,0,1339.652,0,143.821,4366,4600,1.300,1.440,1.550,1,0,7.040,0,0,20,303,0,29,3
02-10 21:30:12,12.752,4.251,82.514,0,0,6055696,5342460,489716,4359376,22267.745,8398.412,0,1292.217,0,93.016,4245,4461,1.300,1.440,1.550,1,0,2.000,0,0,20,304,0,29,3
02-10 21:30:13,26.011,10.004,61.025,0.750,0,6055232,5342460,490144,4359404,45041.231,22887.264,0,2917.181,0,280.113,7711,8492,1.300,1.440,1.550,1,0,1.000,0,0,20,304,0,29,3
02-10 21:30:14,24.216,7.489,65.656,0,0,6054812,5342460,490296,4359660,29701.690,14703.055,0,1957.212,0,166.762,5977,6227,1.280,1.430,1.540,1,0,0,0,0,20,304,0,29,3
02-10 21:30:15,24.125,7.959,65.410,0,0,6055516,5341704,490400,4359608,29774.392,14729.515,0,1185.842,0,96.499,6305,6620,1.280,1.430,1.540,1,0,1.990,0,0,20,304,0,29,3
02-10 21:30:16,22.823,9.530,65.459,0,0,6055460,5341200,490640,4359916,15505.546,7481.907,0,1605.129,0,176.564,5846,6080,1.280,1.430,1.540,4,0,0,0,0,20,302,0,30,3
02-10 21:30:17,12.423,3.478,83.231,0,0,6055288,5341200,490752,4359968,18443.939,8185.933,0,1661.634,0,120.250,3786,3972,1.280,1.430,1.540,0,0,1.988,0,0,20,303,0,30,3
02-10 21:30:18,24.538,7.512,65.350,0.250,0,6055664,5340192,490940,4360404,15075.181,7307.236,0,1754.698,0,164.253,5395,5409,1.280,1.430,1.540,2,0,2.003,0,0,20,303,0,31,3
02-10 21:30:19,10.025,3.759,84.960,0.251,0,6055544,5339940,491092,4360620,18322.352,8257.439,0,1387.434,0,115.285,3670,3822,1.250,1.420,1.540,1,0,1.002,0,0,20,304,0,29,3
02-10 21:30:20,15.353,5.034,78.274,0.755,0,6055788,5339184,491416,4360796,14525.282,2013.485,0,5424.329,0,357.394,5264,5725,1.250,1.420,1.540,0,0,0,0,0,20,303,0,29,3
02-10 21:30:21,12.966,4.488,80.539,0,0,6055992,5338932,491588,4360668,29442.934,9124.118,0,2676.993,0,159.582,4418,4692,1.250,1.420,1.540,3,0,2.992,0,0,20,303,0,29,3
02-10 21:30:22,11.362,6.422,79.288,0,0,6055968,5338680,491736,4360788,797.325,0,0,1205.374,0,129.429,4087,4123,1.250,1.420,1.540,4,0,0,0,0,20,304,0,29,3
02-10 21:30:23,16.730,5.070,78.328,0,0,6054508,5339776,492008,4360872,68538.342,626082.213,0,1395.203,0,143.982,5455,5262,1.250,1.420,1.540,0,0,1.014,0,0,20,303,0,29,3
02-10 21:30:24,24.068,7.940,65.256,0.248,0,6054536,5339272,492260,4361080,29579.923,14803.856,0,1671.339,0,160.782,5537,5623,1.310,1.430,1.540,3,0,1.985,0,0,20,303,0,30,3
02-10 21:30:25,4.018,2.009,93.173,0,0,6054536,5339272,492280,4361060,37355.698,16819.407,0,514.337,0,27.123,2176,1983,1.310,1.430,1.540,0,0,0,0,0,20,303,0,31,3
02-10 21:30:26,8.742,2.997,87.173,0,0,6054660,5339020,492352,4361116,18065.122,7487.419,0,927.185,0,86.924,3093,3038,1.310,1.430,1.540,1,0,0,0,0,20,304,0,31,3
02-10 21:30:27,25.104,8.284,64.016,0.502,0,6055032,5338516,492468,4361128,15426.986,8270.302,0,8908.951,0,1214.035,7411,5860,1.310,1.430,1.540,0,0,2.008,0,0,20,303,0,34,3
02-10 21:30:28,11.982,3.245,83.626,0,0,6054784,5338264,492516,4361572,17999.397,7351.135,0,1290.093,0,115.829,3806,3770,1.310,1.430,1.540,2,0,0,0,0,20,304,0,34,3
02-10 21:30:29,7.513,3.005,88.150,0.501,0,6054768,5338264,492604,4361496,29630.413,9163.591,0,1037.766,0,107.182,3414,3573,1.210,1.410,1.540,0,0,0,0,0,20,303,0,34,3
02-10 21:30:30,19.228,7.492,70.921,0.250,0,6052440,5340024,492932,4361724,14411.860,1997.763,0,6496.724,0,409.541,5933,6600,1.210,1.410,1.540,0,0,7.991,0,0,20,303,0,37,3
02-10 21:30:31,10.512,3.004,85.601,0.250,0,6052616,5339772,492992,4361736,25423.044,9403.112,0,820.970,0,76.090,3775,3770,1.210,1.410,1.540,0,0,1.001,0,0,20,303,0,34,3
02-10 21:30:32,3.248,1.749,93.456,0,0,6052844,5339520,493008,4361744,599.720,0,0,375.824,0,24.988,1981,1916,1.210,1.410,1.540,0,0,0,0,0,20,303,0,34,3
02-10 21:30:33,17.247,5.499,75.737,0.250,0,6052980,5339268,493128,4361732,29336.952,8908.467,0,1483.745,0,174.970,5491,6004,1.210,1.410,1.540,2,0,2.000,0,0,20,304,0,34,3
02-10 21:30:34,23.749,8.500,65.246,0,0,6052784,5339016,493272,4362028,239.987,0,0,1807.902,0,217.988,6392,6998,1.190,1.400,1.530,1,0,0,0,0,20,304,0,34,3
02-10 21:30:35,25.283,7.932,63.951,0.248,0,6052836,5338764,493496,4362000,30072.775,15383.904,0,2228.862,0,210.195,6387,7213,1.190,1.400,1.530,2,0,0,0,0,20,304,0,33,3
02-10 21:30:36,23.706,7.313,66.829,0.504,0,6053124,5338008,493612,4362344,45027.374,20451.307,0,1472.768,0,105.918,6046,6281,1.190,1.400,1.530,2,0,2.017,0,0,20,304,0,34,3
02-10 21:30:37,25.048,8.432,64.233,0,0,6053192,5337756,493728,4362404,30213.733,17026.907,0,5598.920,0,858.091,7557,6805,1.190,1.400,1.530,2,0,0,0,0,20,304,0,34,3
02-10 21:30:38,22.885,10.060,65.135,0,0,6053448,5337280,493892,4362452,44519.382,22151.048,0,1685.974,0,176.041,6373,6635,1.190,1.400,1.530,2,0,0,0,0,20,304,0,34,3
02-10 21:30:39,26.291,8.012,63.097,0.751,0,6053684,5336776,494220,4362384,15642.136,7307.275,0,7659.819,0,474.733,7469,8271,1.180,1.400,1.530,1,0,2.003,0,0,20,304,0,34,3
02-10 21:30:40,26.103,8.950,63.393,0.249,0,6065064,5324936,494296,4362956,29696.906,14979.714,0,902.920,0,86.513,6320,6495,1.180,1.400,1.530,2,0,13.922,0,0,20,305,0,34,3
02-10 21:30:41,35.968,16.349,46.532,0.252,0,6064280,5325452,494460,4362840,15625.721,7340.497,0,1513.173,0,185.122,6587,17403,1.180,1.400,1.530,1,0,23.140,0,0,20,303,0,36,3
02-10 21:30:42,9.996,3.249,85.215,0,0,6064208,5325452,494492,4362880,18336.432,8466.506,0,883.635,0,72.970,3472,3456,1.180,1.400,1.530,3,0,1.999,0,0,20,304,0,36,3
02-10 21:30:43,21.240,8.246,69.217,0.250,0,6064044,5325200,494688,4363092,3910.157,945.554,0,1759.171,0,205.903,5500,5847,1.180,1.400,1.530,1,0,0,0,0,20,303,0,35,3
02-10 21:30:44,12.385,6.193,79.761,0,0,6064240,5324976,494736,4363068,15151.631,7294.422,0,1244.471,0,96.110,3772,3740,1.080,1.370,1.520,2,0,0,0,0,20,304,0,35,3
02-10 21:30:45,14.151,3.538,81.116,0,0,6064056,5324976,494812,4363172,18352.940,8613.965,0,1006.748,0,99.058,3916,3972,1.080,1.370,1.520,1,0,2.022,0,0,20,303,0,37,3
02-10 21:30:46,21.211,5.240,72.117,0,0,6064896,5323968,494824,4363324,1185.805,65.878,0,582.921,0,29.945,3543,2933,1.080,1.370,1.520,1,0,0,0,0,20,303,0,37,3
02-10 21:30:47,24.242,5.937,67.530,0,0,6067524,5321196,494840,4363448,30717.508,16604.968,0,538.261,0,27.705,3923,3183,1.080,1.370,1.520,1,0,0,0,0,20,304,0,37,3
02-10 21:30:48,24.347,7.530,67.269,0,0,6071528,5316968,494860,4363648,74119.384,608469.107,0,510.040,0,25.100,4400,3455,1.080,1.370,1.520,1,0,3.012,0,0,20,304,0,35,3
02-10 21:30:49,18.144,4.284,77.112,0.252,0,6071372,5316968,494968,4363692,59381.585,24627.583,0,1524.104,0,157.249,4626,4769,1.070,1.370,1.520,0,0,0,0,0,20,303,0,35,3
02-10 21:30:50,12.009,3.503,82.563,0.250,0,6071436,5316716,495056,4363784,36628.074,16121.357,0,1224.939,0,132.101,3849,3997,1.070,1.370,1.520,0,0,0,0,0,20,303,0,35,3
02-10 21:30:51,11.501,3.500,83.506,0,0,6071628,5316464,495152,4363748,40267.813,15674.095,0,1040.073,0,100.007,3891,3999,1.070,1.370,1.520,1,0,3.000,0,0,20,303,0,36,3
02-10 21:30:52,9.738,4.744,83.647,0.250,0,6071584,5316212,495508,4363680,26552.408,8833.158,0,6803.649,0,373.541,4482,4772,1.070,1.370,1.520,1,0,0,0,0,20,304,0,34,3
02-10 21:30:53,26.250,9.000,62.749,0.250,0,6071128,5315960,495800,4364076,15410.764,7295.888,0,2011.969,0,253.996,7416,8237,1.070,1.370,1.520,3,0,0,0,0,20,304,0,34,3
02-10 21:30:54,25.254,8.001,64.759,0,0,6071304,5315708,495996,4363956,15234.129,7459.042,0,1472.206,0,166.023,6540,6935,1.070,1.360,1.520,1,0,2.000,0,0,20,304,0,34,3
02-10 21:30:55,24.268,6.505,66.800,0.751,0,6071208,5315456,496048,4364240,15242.349,7773.788,0,1569.168,0,132.098,6171,6658,1.070,1.360,1.520,1,0,0,0,0,20,304,0,35,3
02-10 21:30:56,21.809,8.426,67.658,0,0,6071500,5314952,496104,4364396,356.877,0,0,864.435,0,73.358,5118,5042,1.070,1.360,1.520,1,0,0,0,0,20,304,0,35,3
02-10 21:30:57,16.652,5.298,76.194,0.252,0,6071872,5314448,496240,4364384,18856.746,8546.844,0,1723.699,0,187.710,4706,5044,1.070,1.360,1.520,1,0,2.018,0,0,20,303,0,36,3
02-10 21:30:58,20.126,5.218,72.801,0,0,6071740,5314448,496252,4364504,757.330,77.522,0,8070.235,0,1033.626,5918,3810,1.070,1.360,1.520,1,0,0,0,0,20,306,0,37,4
02-10 21:30:59,25.870,5.275,67.565,0,0,6072192,5313944,496280,4364524,15632.784,7330.128,0,1101.127,0,75.351,5562,5455,1.060,1.350,1.510,1,0,2.009,0,0,20,308,0,40,4
02-10 21:31:00,25.220,5.743,67.170,0,0,6072680,5313188,496316,4364752,419.498,189.773,0,1370.361,0,99.881,5714,5794,1.060,1.350,1.510,3,0,2.996,0,0,20,309,0,56,4
02-10 21:31:01,26.798,5.510,66.619,0.250,0,6072828,5312936,496368,4364796,34041.664,16958.220,0,1274.271,0,116.207,5862,5917,1.060,1.350,1.510,2,0,1.002,0,0,20,309,0,66,4
02-10 21:31:02,25.516,4.211,66.887,0,0,6072900,5312684,496380,4364964,43913.685,22367.084,0,721.391,0,50.537,5633,5434,1.060,1.350,1.510,1,0,0,0,0,20,309,0,66,4
02-10 21:31:03,27.979,7.994,61.953,0.250,0,6073796,5311424,496616,4365084,15731.080,7290.476,0,5260.014,0,330.749,6559,6919,1.060,1.350,1.510,1,0,1.998,0,0,20,306,0,86,4
02-10 21:31:04,28.009,5.804,65.607,0.252,0,6073916,5310920,496688,4365384,61454.439,35007.814,0,1170.830,0,104.971,5590,5370,1.060,1.350,1.510,0,0,0,0,0,20,305,0,84,4
02-10 21:31:05,7.732,4.739,85.057,0,0,6073812,5310920,496792,4365380,58123.878,24081.261,0,1556.462,0,162.630,3930,4000,1.060,1.350,1.510,2,0,0,0,0,20,306,0,84,4
02-10 21:31:06,26.956,8.736,62.649,0.250,0,6074208,5310220,496972,4365496,46313.073,596217.419,0,1725.209,0,184.701,7413,7684,1.060,1.350,1.510,5,0,2.995,0,0,20,306,0,84,4
02-10 21:31:07,24.106,9.291,64.534,0.251,0,6073884,5310220,497180,4365608,15364.592,7746.077,0,2784.249,0,234.030,6347,7168,1.060,1.350,1.510,1,0,0,0,0,20,306,0,84,4
02-10 21:31:08,25.243,8.747,63.982,0,0,6074372,5309464,497256,4365792,26504.357,8461.560,0,6702.067,0,943.728,6994,6278,1.060,1.350,1.510,3,0,0,0,0,20,306,0,84,4
02-10 21:31:09,23.551,8.181,65.694,0.248,0,6074960,5308708,497372,4365840,15043.587,7395.364,0,1289.082,0,98.169,5878,6050,0.970,1.320,1.500,4,0,1.983,0,0,20,306,0,84,4
02-10 21:31:10,18.394,6.047,73.829,0.504,0,6074764,5308456,497588,4366056,18241.057,8990.509,0,2237.548,0,233.834,5180,5787,0.970,1.320,1.500,0,0,0,0,0,20,305,0,85,4
02-10 21:31:11,13.677,8.206,74.602,0.497,0,6075516,5307448,497900,4365996,29620.012,9590.844,0,6282.490,0,425.729,5462,6060,0.970,1.320,1.500,1,0,6.963,0,0,20,305,0,85,4
02-10 21:31:12,11.324,3.775,85.056,0.252,0,6075272,5307448,497992,4366140,7002.783,1099.186,0,1256.213,0,126.829,3496,3708,0.970,1.320,1.500,4,0,2.013,0,0,20,305,0,81,4
02-10 21:31:13,6.490,3.245,88.616,0.250,0,6075144,5307448,498088,4366172,11617.402,7219.064,0,1126.294,0,123.812,3806,4067,0.970,1.320,1.500,4,0,0,0,0,20,306,0,81,4
02-10 21:31:14,7.511,2.754,87.881,0,0,6075160,5307196,498256,4366232,18606.816,8268.361,0,1217.821,0,131.196,3475,3772,0.970,1.320,1.500,0,0,0,0,0,20,305,0,81,4
02-10 21:31:15,22.926,6.479,69.526,0,0,6075700,5306440,498284,4366412,865.206,147.524,0,865.206,0,28.907,4300,3696,0.970,1.320,1.500,1,0,1.994,0,0,20,306,0,83,4
02-10 21:31:16,11.000,4.500,83.253,0,0,6075988,5305936,498364,4366544,3221.113,532.019,0,1056.037,0,102.004,3540,3657,0.970,1.320,1.500,1,0,0,0,0,20,305,0,82,4
02-10 21:31:17,16.042,3.008,79.960,0.251,0,6075856,5305936,498460,4366572,47956.115,24763.122,0,1042.742,0,101.266,3571,3429,0.970,1.320,1.500,1,0,2.005,0,0,20,305,0,82,4
02-10 21:31:18,7.250,2.750,87.499,0.250,0,6075936,5305684,498516,4366688,32544.644,15285.833,0,991.989,0,103.999,3263,3432,0.970,1.320,1.500,0,0,2.000,0,0,20,305,0,83,4
02-10 21:31:19,8.974,2.742,87.499,0,0,6076112,5305432,498608,4366672,29657.777,14550.189,0,877.479,0,88.745,2985,2946,0.980,1.310,1.500,6,0,0,0,0,20,306,0,83,4
02-10 21:31:20,6.767,3.509,88.720,0.251,0,6076104,5305180,498728,4366804,29010.777,9385.220,0,1030.550,0,118.293,3479,3773,0.980,1.310,1.500,0,0,0,0,0,20,305,0,81,4
02-10 21:31:21,23.511,7.003,66.280,0.250,0,6076284,5304928,498868,4366732,15462.069,7299.337,0,1748.800,0,165.075,6337,6900,0.980,1.310,1.500,5,0,3.001,0,0,20,306,0,81,4
02-10 21:31:22,27.698,11.728,58.640,0.250,0,6075868,5304676,499288,4366964,15083.746,7282.359,0,7557.843,0,540.987,7783,8962,0.980,1.310,1.500,2,0,0.998,0,0,20,306,0,81,4
02-10 21:31:23,26.313,7.268,65.157,0.251,0,6076880,5303416,499420,4367072,15207.660,7313.631,0,1575.799,0,140.338,6447,6996,0.980,1.310,1.500,2,0,0,0,0,20,306,0,83,4
02-10 21:31:24,23.733,7.495,66.453,0,0,6077376,5302660,499488,4367260,419.706,0,0,1111.222,0,98.931,6072,6137,0.980,1.310,1.490,2,0,1.999,0,0,20,306,0,80,4
02-10 21:31:25,25.007,8.252,65.269,0.250,0,6077512,5302156,499624,4367480,44988.434,24431.295,0,2084.622,0,201.060,5715,5851,0.980,1.310,1.490,0,0,0,0,0,20,305,0,82,4
02-10 21:31:26,12.484,4.494,81.394,0,0,6077644,5301904,499740,4367480,32621.585,14704.880,0,1877.559,0,186.757,4378,4618,0.980,1.310,1.490,3,0,0,0,0,20,305,0,82,4
02-10 21:31:27,3.752,2.251,92.553,0,0,6077788,5301652,499780,4367548,32942.743,15629.893,0,832.474,0,63.036,2719,2769,0.980,1.310,1.490,2,0,0,0,0,20,306,0,82,4
02-10 21:31:28,10.475,3.492,84.545,0,0,6077656,5301652,499868,4367588,17690.203,7743.267,0,2334.353,0,388.061,4033,3524,0.980,1.310,1.490,2,0,1.995,0,0,20,305,0,79,4
02-10 21:31:29,12.293,4.014,80.784,0.753,0,6077856,5301400,499964,4367540,18222.059,8140.618,0,7209.344,0,867.048,5677,4643,1.060,1.320,1.500,0,0,0,0,0,20,305,0,79,4
02-10 21:31:30,20.860,8.940,69.036,0.497,0,6083836,5295100,500060,4367760,41076.662,16246.702,0,1331.046,0,129.131,5715,6264,1.060,1.320,1.500,2,0,5.960,0,0,20,306,0,83,4
02-10 21:31:31,25.149,11.066,60.107,0,0,6080748,5297756,500396,4367856,59542.685,608812.356,0,6937.207,0,449.671,7884,8180,1.060,1.320,1.500,3,0,3.018,0,0,20,306,0,84,4
02-10 21:31:32,25.768,5.754,67.798,0.250,0,5949724,5428528,500584,4367912,15002.716,7301.215,0,1677.198,0,163.117,4889,4807,1.060,1.320,1.500,1,0,0,0,0,20,305,0,85,4
02-10 21:31:33,12.978,4.992,80.364,0,0,5907208,5470892,500668,4367972,113803.970,36701.748,0,1617.257,0,63.892,3531,3088,1.060,1.320,1.500,3,0,18.968,0,0,20,305,0,82,4
02-10 21:31:34,3.256,3.005,93.409,0,0,5907200,5470892,500704,4367944,149952.649,46597.131,0,552.939,0,24.041,2510,2146,0.980,1.300,1.490,0,0,11.019,0,0,20,305,0,82,4
02-10 21:31:35,6.749,9.248,72.485,8.748,0,5906048,5464592,500884,4375180,112622.467,38204.356,5682.863,531.894,71.986,23.995,3333,2429,0.980,1.300,1.490,1,0,9.998,0,0,20,305,0,82,4
02-10 21:31:36,14.255,15.005,71.276,0.250,0,5906052,5461820,500924,4377868,29786.858,14759.380,0,780.284,0,92.034,2873,1746,0.980,1.300,1.490,1,0,0,0,0,20,305,0,82,4
02-10 21:31:37,10.991,12.490,70.443,4.746,0,5903204,5460320,501016,4382020,30306.407,15211.656,2394.057,1414.852,28.976,74.939,3267,2421,0.980,1.300,1.490,1,0,1.998,0,0,20,305,0,80,4
02-10 21:31:38,12.008,12.759,69.048,5.254,0,5896052,5463492,501024,4385944,57976.665,442672.495,1941.362,204.143,29.020,9.006,3532,2301,0.980,1.300,1.490,1,0,4.003,0,0,20,305,0,80,4
02-10 21:31:39,14.001,15.501,69.504,0,0,5895296,5461476,501080,4388644,44377.245,22117.119,0,2556.129,0,482.024,3553,2218,1.220,1.340,1.500,1,0,0,0,0,20,305,0,80,4
02-10 21:31:40,9.500,14.750,70.249,5.000,0,5895876,5456368,501108,4393056,45191.648,23035.820,2951.977,227.998,49.000,19.000,3288,2340,1.220,1.340,1.500,4,0,6.000,0,0,20,305,0,80,4
02-10 21:31:41,13.985,12.237,57.440,14.984,0,5916044,5423688,501152,4405452,44958.215,22496.589,12083.426,239.751,119.875,26.972,4535,7363,1.220,1.340,1.500,0,1,40.957,0,0,20,305,0,80,4
02-10 21:31:42,2.997,3.746,69.683,22.228,0,5913644,5413116,501240,4418272,44812.652,22917.831,11764.620,751.273,128.875,56.945,2971,2885,1.220,1.340,1.500,0,1,0,0,0,20,305,0,80,4
02-10 21:31:43,2.505,3.758,69.393,22.045,0,5913484,5394468,501356,4436892,29924.620,15297.500,17099.210,480.990,171.353,50.103,3380,3326,1.220,1.340,1.500,1,1,0,0,0,20,305,0,80,4
02-10 21:31:44,12.323,12.826,71.925,3.521,0,5915288,5387160,501372,4442360,29920.650,14678.662,3259.242,189.117,34.202,9.053,2664,1810,1.200,1.340,1.500,2,0,2.012,0,0,20,305,0,80,4
02-10 21:31:45,13.668,14.662,71.072,0,0,5913428,5385900,501396,4445368,15205.329,7464.995,0,103.377,0,9.940,2834,1898,1.200,1.340,1.500,1,0,0,0,0,20,305,0,75,4
02-10 21:31:46,14.005,13.505,71.527,0.250,0,5914352,5381868,501404,4448384,15297.712,7460.786,0,272.102,0,6.002,2600,1615,1.200,1.340,1.500,1,0,0,0,0,20,305,0,75,4
02-10 21:31:47,6.247,7.747,70.469,13.494,0,5909116,5375832,501428,4459508,44943.127,22348.118,9695.713,103.954,91.959,8.996,2931,2219,1.200,1.340,1.500,1,0,3.998,0,0,20,305,0,75,4
02-10 21:31:48,2.750,6.001,71.258,19.002,0,5900488,5369476,501428,4474412,45440.858,22794.437,14493.549,0,142.015,0,3183,2419,1.200,1.340,1.500,0,1,4.000,0,0,20,305,0,75,4
02-10 21:31:49,3.000,5.251,70.508,20.002,0,5899888,5355400,501452,4488996,44971.951,23074.540,14533.600,112.012,138.015,9.001,3121,2476,1.180,1.330,1.500,0,1,2.000,0,0,20,305,0,75,4
02-10 21:31:50,2.749,4.749,70.986,20.496,0,5898692,5341036,501452,4504492,44839.020,22369.520,15332.929,0,138.972,0,3116,2434,1.180,1.330,1.500,0,1,3.999,0,0,20,305,0,75,4
02-10 21:31:51,6.997,11.746,67.225,12.995,0,5899268,5329700,501548,4514976,75397.458,496972.462,9800.420,259.905,101.963,12.995,4499,3210,1.180,1.330,1.500,1,0,15.994,0,0,20,305,0,75,4
