"pcp-dstat 6.2.0 CSV Output"
"Author:","PCP team <pcp@groups.io> and Dag Wieers <dag@wieers.com>",,,,"URL:","https://pcp.io/ and http://dag.wieers.com/home-made/dstat/"
"Host:","ubuntu",,,,"User:","stack"
"Cmdline:","dstat -tcmndrylpg --tcp --output /opt/stack/logs/dstat-csv.log",,,,"Date:","28 Aug 2026 08:14:00 UTC"
"system","total usage",,,,,"memory usage",,,,"net/total",,"dsk/total",,"io/total",,"system",,"load avg",,,"procs",,,"paging",,"tcp sockets",,,,
"time","total usage:usr","total usage:sys","total usage:idl","total usage:wai","total usage:stl","used","free","buf","cach","net/total:recv","net/total:send","dsk/total:read","dsk/total:writ","read","writ","int","csw","1m","5m","15m","run","blk","new","in","out","lis","act","syn","tim","clo"
28-08 08:14:00,,1202416,10944624,334332,3641956,,,,,,,1.940,1.600,0.990,2,0,,,,11,4,0,9,2
28-08 08:14:01,26.769,28.256,43.128,0.744,0,1200828,10936600,334932,3649568,45886.344,24714.895,333.128,3422.490,11.897,453.093,5555,2540,1.940,1.600,0.990,4,0,128.889,0,0,11,4,0,9,2
28-08 08:14:02,26.549,26.549,44.833,0,0,1208168,10920828,335444,3656216,61209.184,33379.723,0,1294.393,0,38.070,4910,2420,1.940,1.600,0.990,3,0,124.230,0,0,11,4,0,9,2
28-08 08:14:03,26.462,31.705,40.442,0.250,0,1204440,10903888,336052,3674824,61047.648,32743.148,0,13908.099,0,88.873,5029,2500,1.940,1.600,0.990,2,0,131.811,0,0,11,4,0,9,2
28-08 08:14:04,27.867,26.612,44.938,0,0,1211360,10889452,336444,3680956,61122.210,35149.338,64.269,919.856,1.004,30.126,4645,2371,1.940,1.610,1,3,0,127.535,0,0,11,4,0,9,2
28-08 08:14:05,27.228,27.977,42.965,0.749,0,1197992,10914552,336896,3668252,45547.151,23840.712,263.787,1059.143,3.997,33.973,4607,2216,1.940,1.610,1,3,0,114.907,0,0,11,2,0,9,0
28-08 08:14:06,26.525,30.529,41.290,1.001,0,1118260,10993340,336896,3669196,60778.298,32569.240,1008.968,36.035,10.010,5.005,4647,2305,1.940,1.610,1,4,0,123.118,0,0,11,2,0,9,0
28-08 08:14:07,29.576,34.338,35.341,0,0,1175060,10936460,336896,3669720,60088.989,30502.167,64.164,8.021,1.003,2.005,5584,4468,1.940,1.610,1,2,0,136.349,0,0,11,2,0,9,0
28-08 08:14:08,30.895,25.164,42.107,0,0,1181928,10924176,336904,3674264,44895.143,23276.748,95.674,12481.504,0.997,43.851,4246,1955,1.940,1.610,1,2,0,77.735,0,0,11,2,0,9,0
28-08 08:14:09,27.226,27.725,43.211,0.749,0,1198748,10906344,336916,3674936,45353.325,24144.346,263.763,207.814,3.996,9.991,4539,2145,1.950,1.610,1,2,0,113.898,0,0,11,2,0,9,0
28-08 08:14:10,35.280,27.023,37.032,0,0,1208336,10896340,336916,3675312,59862.984,30888.307,56.048,0,1.001,0,4972,4768,1.950,1.610,1,3,0,73.062,0,0,11,2,0,9,0
28-08 08:14:11,36.127,30.895,30.895,0,0,1211684,10891912,336916,3676236,44948.971,22876.118,63.783,3.986,0.997,0.997,9264,13430,1.950,1.610,1,2,0,67.769,0,0,11,2,0,9,0
28-08 08:14:12,19.757,19.507,59.020,0,0,1284508,10818144,336916,3801808,44862.375,22265.631,120.041,88.030,1.000,1.000,3511,2541,1.950,1.610,1,4,0,27.009,0,0,12,4,0,9,0
28-08 08:14:13,32.594,28.081,34.851,1.003,0,1311688,10790896,336924,3801848,60689.278,32656.315,20.058,19187.416,2.006,74.214,9986,13242,1.950,1.610,1,3,0,65.188,0,0,12,4,0,9,0
28-08 08:14:14,31.654,20.852,46.979,0,0,1318208,10784212,336936,3801964,45738.829,24692.295,0,2375.573,0,11.054,4071,2587,1.950,1.620,1.010,2,0,32.157,0,0,12,4,0,9,0
28-08 08:14:15,31.288,21.355,45.938,0,0,1322512,10779960,336964,3801848,60160.000,32149.962,0,353.602,0,14.899,4074,2120,1.950,1.620,1.010,3,0,59.596,0,0,12,4,0,9,0
28-08 08:14:16,28.027,26.276,44.043,0,0,1299668,10809928,336992,3795396,60687.112,33104.245,0,484.472,0,17.017,4786,2610,1.950,1.620,1.010,3,0,106.103,0,0,12,4,0,11,0
28-08 08:14:17,33.565,18.035,45.839,1.503,0,1281296,10827856,337044,3795756,59748.525,30802.072,252.492,344.672,19.037,18.035,4097,2318,1.950,1.620,1.010,2,0,52.102,0,0,12,4,0,11,0
28-08 08:14:18,40.943,10.550,46.972,1.256,0,1310040,10797644,337052,3797176,45076.643,23709.848,1129.327,0,25.118,0,3213,1537,1.950,1.620,1.010,2,0,10.047,0,0,12,4,0,11,0
28-08 08:14:19,22.141,13.682,62.690,0.249,0,1337096,10769420,337208,3798136,44420.360,22759.464,131.351,9182.596,1.990,258.721,3543,1747,1.880,1.610,1.010,1,0,41.793,0,0,12,4,0,11,0
28-08 08:14:20,20.494,6.748,71.729,1.000,0,1353812,10752536,337220,3798276,29459.357,15397.483,111.967,0,4.999,0,2236,1272,1.880,1.610,1.010,1,0,0,0,0,12,4,0,11,0
28-08 08:14:21,21.481,7.244,70.189,0.250,0,1360604,10745616,337312,3798428,30338.803,15856.308,15.986,1550.661,0.999,57.950,2670,1751,1.880,1.610,1.010,4,0,2.997,0,0,12,6,0,11,0
28-08 08:14:22,18.269,15.516,60.563,2.002,0,1364896,10732952,340368,3803584,44626.676,23146.209,0,24845.987,0,1960.050,12977,16231,1.880,1.610,1.010,1,0,27.028,0,0,12,6,0,11,0
28-08 08:14:23,19.987,19.488,52.467,5.247,0,1360392,10730120,343832,3807272,29689.081,14582.707,0,40270.338,0,2703.277,14481,19335,1.880,1.610,1.010,2,0,32.979,0,0,12,6,0,11,0
28-08 08:14:24,24.764,8.255,60.284,3.002,0,1358292,10729472,345748,3808036,44785.384,27149.388,0,20975.889,0,1544.876,9325,11856,1.810,1.600,1.010,2,0,27.015,0,0,12,4,0,11,0
28-08 08:14:25,13.001,17.501,67.754,0.500,0,1260464,10827084,345952,3808040,46158.969,24671.587,0,4976.320,0,218.014,4028,2987,1.810,1.600,1.010,1,0,77.005,0,0,12,4,0,10,0
28-08 08:14:26,20.754,7.502,71.015,0,0,1294632,10792888,345976,3808044,60106.585,30980.486,0,552.116,0,26.005,2555,1491,1.810,1.600,1.010,1,0,1.000,0,0,12,4,0,10,0
28-08 08:14:27,21.651,7.964,68.437,0.249,0,1323680,10763540,346268,3808044,44430.996,21788.449,0,8529.031,0,711.748,4339,2711,1.810,1.600,1.010,1,0,0,0,0,12,4,0,10,0
28-08 08:14:28,21.847,5.525,71.569,0,0,1336984,10750216,346284,3808044,29780.747,14657.335,0,208.931,0,9.040,2313,1289,1.810,1.600,1.010,1,0,2.009,0,0,12,4,0,10,0
28-08 08:14:29,24.247,8.999,65.991,0.500,0,1337308,10749864,346292,3808064,15448.961,7457.016,3.999,31003.908,1.000,125.983,2719,1338,1.980,1.640,1.020,1,0,0,0,0,12,4,0,9,0
28-08 08:14:30,19.756,8.003,71.523,0,0,1330504,10756668,346292,3808064,45002.626,23997.799,0,0,0,0,2592,1446,1.980,1.640,1.020,1,0,10.003,0,0,12,4,0,9,0
28-08 08:14:31,21.498,6.999,70.993,0,0,1330440,10756732,346292,3808064,44635.517,22933.697,0,7.999,0,1.000,2485,1432,1.980,1.640,1.020,1,0,2.000,0,0,12,4,0,9,0
28-08 08:14:32,21.002,6.251,71.757,0,0,1334472,10752700,346292,3808064,29530.712,14593.340,0,0,0,0,2425,1451,1.980,1.640,1.020,1,0,0,0,0,12,4,0,9,0
28-08 08:14:33,23.531,4.256,71.846,0,0,1340228,10746904,346304,3808076,29687.701,14773.757,0,620.830,0,4.005,2293,1268,1.980,1.640,1.020,1,0,0,0,0,12,4,0,9,0
28-08 08:14:34,15.721,12.976,69.620,0,0,1283972,10803136,346316,3808088,30473.062,17463.370,0,115.784,0,11.978,3444,2156,1.900,1.630,1.020,1,0,63.881,0,0,12,4,0,9,0
28-08 08:14:35,5.503,33.019,54.031,4.753,0,1234020,10853032,346344,3808064,64743.314,35768.615,0,60122.651,0,202.116,5044,2947,1.900,1.630,1.020,1,0,133.077,0,0,12,4,0,9,0
28-08 08:14:36,6.739,25.709,65.147,0.499,0,1240100,10846776,346344,3808240,60004.913,32402.653,167.734,7.987,1.997,1.997,4345,2569,1.900,1.630,1.020,1,1,122.805,0,0,12,4,0,9,0
28-08 08:14:37,7.243,25.474,65.933,0.250,0,1245532,10841236,346344,3808348,48091.367,24395.330,99.899,63.935,1.998,5.994,4281,2547,1.900,1.630,1.020,1,0,119.879,0,0,12,4,0,9,0
28-08 08:14:38,7.003,25.012,66.281,0,0,1244408,10842220,346344,3808488,57790.944,31100.500,68.032,16.007,1.000,4.002,4417,2577,1.900,1.630,1.020,1,0,122.057,0,0,12,4,0,6,0
28-08 08:14:39,6.764,25.304,65.640,0.501,0,1245736,10840800,346344,3808580,60631.301,30857.807,92.197,12.026,3.006,3.006,4424,2576,1.830,1.620,1.020,1,1,122.261,0,0,12,4,0,6,0
28-08 08:14:40,17.332,21.100,60.033,0,0,1228644,10857708,346348,3808808,44972.341,23177.435,148.702,1796.482,4.019,9.043,4560,4574,1.830,1.620,1.020,2,0,65.308,0,0,12,4,0,6,0
28-08 08:14:41,17.152,23.367,56.926,0.249,0,1230176,10856044,346348,3809328,59673.111,28561.319,127.275,3.977,0.994,0.994,4824,5008,1.830,1.620,1.020,1,0,61.649,0,0,12,4,0,6,0
28-08 08:14:42,28.514,24.012,40.520,5.253,0,1271644,10811716,346352,3812192,46144.324,25654.411,2409.166,24.012,34.016,2.001,4356,2407,1.830,1.620,1.020,3,0,72.035,0,0,12,4,0,6,0
28-08 08:14:43,43.271,22.010,27.013,7.253,0,1326956,10754540,346352,3814056,60428.745,32965.681,1864.887,1656.788,22.010,323.154,4834,2027,1.830,1.620,1.020,2,0,61.029,0,0,12,5,0,6,0
28-08 08:14:44,43.199,9.239,46.196,0.499,0,1369296,10711952,346372,3814280,29820.114,15384.002,39.953,0,5.993,0,3198,1319,1.840,1.620,1.030,2,0,0,0,0,12,5,0,6,0
28-08 08:14:45,48.044,5.005,46.543,0.250,0,1383832,10696860,346408,3814748,29495.118,15091.875,92.085,352.324,1.001,4.004,3084,1111,1.840,1.620,1.030,2,0,0,0,0,12,5,0,6,0
28-08 08:14:46,41.726,11.243,46.223,0.250,0,1407992,10672416,346408,3815028,14875.306,7763.463,127.925,207.879,0.999,0.999,3304,1405,1.840,1.620,1.030,2,0,2.998,0,0,12,5,0,3,0
28-08 08:14:47,33.009,20.005,46.513,0,0,1411572,10668636,346420,3815216,29476.059,15244.168,0,24.007,0,4.001,3292,1414,1.840,1.620,1.030,2,0,0,0,0,12,5,0,3,0
28-08 08:14:48,45.795,12.762,37.787,3.754,0,1434140,10640424,346540,3820384,11676.409,3903.814,2962.895,0,54.053,0,4719,3650,1.840,1.620,1.030,3,0,9.009,0,0,12,4,0,3,0
28-08 08:14:49,6.747,24.988,65.720,0,0,1446696,10627836,346548,3820396,49843.050,29212.549,0,0,0,0,4347,2566,1.780,1.610,1.030,2,0,120.944,0,0,12,4,0,3,0
28-08 08:14:50,19.953,10.226,67.343,1.497,0,1482884,10591072,346816,3820672,59367.585,30943.855,526.772,4593.291,13.967,152.644,2862,1521,1.780,1.610,1.030,2,1,8.979,0,0,13,4,0,3,0
28-08 08:14:51,21.295,7.015,70.899,0,0,1513376,10560580,346816,3820672,45748.177,24721.973,0,893.879,0,41.086,2459,1404,1.780,1.610,1.030,1,0,0,0,0,13,4,0,3,0
28-08 08:14:52,25.243,12.746,60.733,0,0,1567220,10506652,346816,3822980,29579.689,15073.764,63.982,0,1.000,0,3133,3827,1.780,1.610,1.030,2,0,35.990,0,0,13,4,0,3,0
28-08 08:14:53,29.847,9.203,59.942,0,0,1572244,10501612,346816,3820736,15539.231,7903.429,0,374.080,0,2.985,3409,9354,1.780,1.610,1.030,3,0,1.990,0,0,13,4,0,4,0
28-08 08:14:54,24.384,5.028,69.884,0.251,0,1585584,10487752,347132,3820964,14905.799,7499.153,0,6218.123,0,302.661,3161,2267,1.710,1.600,1.030,2,0,0,0,0,13,6,0,3,0
28-08 08:14:55,23.487,5.997,67.463,0.250,0,1596048,10476916,347440,3821024,48980.954,36749.708,19.989,2014.887,0.999,230.873,5154,5232,1.710,1.600,1.030,2,0,2.998,0,0,13,10,0,3,0
28-08 08:14:56,16.743,13.244,68.720,0.250,0,1490676,10582124,347568,3821060,56544.993,30136.672,35.984,2438.921,1.000,112.950,3434,2252,1.710,1.600,1.030,1,0,42.981,0,0,13,4,0,5,0
28-08 08:14:57,18.522,8.260,71.836,0.250,0,1511872,10560704,347568,3821244,30001.829,14609.447,184.220,4.005,4.005,1.001,2242,1295,1.710,1.600,1.030,1,0,0,0,0,13,4,0,5,0
28-08 08:14:58,23.249,5.000,69.748,0.750,0,1526476,10545612,347600,3821632,29809.026,14591.523,187.994,5639.816,9.000,602.980,3210,1313,1.710,1.600,1.030,1,0,2.000,0,0,13,4,0,5,0
28-08 08:14:59,13.929,4.229,81.088,0.497,0,1546516,10525452,347616,3821708,31919.003,16795.757,67.657,561.152,1.990,9.950,1859,1151,1.580,1.580,1.020,1,0,0,0,0,13,9,0,5,0
28-08 08:15:00,21.350,5.526,70.830,0.251,0,1547428,10524444,347644,3821776,16944.017,9034.130,64.300,188.881,1.005,18.084,3216,2584,1.580,1.580,1.020,1,0,1.005,0,0,13,17,0,5,0
28-08 08:15:01,12.499,5.250,71.497,9.500,0,1548404,10522708,347700,3822148,15471.249,8182.603,415.980,799.961,102.995,15.999,2156,1379,1.580,1.580,1.020,0,0,5.000,0,0,13,17,0,5,0
28-08 08:15:02,18.995,4.249,75.981,0.250,0,1552280,10518704,347704,3822264,3127.209,2244.432,103.974,655.834,1.000,3.999,2375,1626,1.580,1.580,1.020,1,0,1.999,0,0,13,29,0,5,0
28-08 08:15:03,15.507,10.755,73.035,0,0,1510940,10560036,347704,3822272,16846.084,9098.366,0,8.004,0,2.001,2913,1773,1.580,1.580,1.020,1,0,43.021,0,0,13,28,0,6,0
28-08 08:15:04,19.231,7.992,71.678,0,0,1543688,10527288,347704,3822272,15456.413,7914.019,0,0,0,0,2273,1371,1.530,1.570,1.020,1,0,1.998,0,0,13,28,0,6,0
28-08 08:15:05,18.966,5.989,74.117,0,0,1569832,10501120,347720,3822280,44966.493,22434.833,0,119.786,0,12.977,2389,1589,1.530,1.570,1.020,3,0,0,0,0,13,29,0,6,0
28-08 08:15:06,15.522,6.259,76.357,0.250,0,1567852,10502904,347736,3822452,33554.928,18229.495,0,456.639,0,25.035,2345,1495,1.530,1.570,1.020,2,0,1.001,0,0,13,29,0,6,0
28-08 08:15:07,15.475,6.739,77.374,0,0,1525120,10545624,347736,3822464,18137.449,10675.607,0,0,0,0,2608,1726,1.530,1.570,1.020,2,0,22.963,0,0,13,28,0,7,0
28-08 08:15:08,18.286,28.556,51.351,0,0,1540936,10529776,347740,3822472,60344.357,32289.331,0,100.197,0,6.012,4611,2576,1.530,1.570,1.020,3,0,135.265,0,0,13,28,0,7,0
28-08 08:15:09,39.294,13.015,47.303,0,0,1578880,10491828,347740,3822476,30411.036,14608.350,0,4.004,0,1.001,3336,1514,1.570,1.570,1.020,2,0,0,0,0,13,28,0,7,0
28-08 08:15:10,38.710,10.239,50.198,0,0,1636576,10434132,347740,3822476,30329.818,16107.440,0,0,0,0,3149,1313,1.570,1.570,1.020,1,0,1.998,0,0,13,29,1,7,0
28-08 08:15:11,28.133,7.536,63.549,0,0,1636788,10433908,347740,3822484,36858.696,21328.510,0,36.170,0,4.019,3239,2172,1.570,1.570,1.020,2,0,0,0,0,13,30,0,7,0
28-08 08:15:12,29.486,7.434,59.468,0.991,0,1638272,10431904,347740,3823000,20670.252,12947.279,455.925,103.079,5.947,6.938,5140,4946,1.570,1.570,1.020,2,0,0,0,0,13,30,0,7,0
28-08 08:15:13,33.150,8.790,56.255,0.251,0,1569044,10500952,347752,3823164,21648.953,13290.132,128.582,116.527,4.018,13.059,4845,4049,1.570,1.570,1.020,4,0,13.059,0,0,13,28,1,8,0
28-08 08:15:14,29.050,44.828,25.544,0,0,1501912,10568052,347764,3823184,45847.323,24121.734,0,168.291,0,13.023,5145,3109,2,1.660,1.060,4,0,240.416,0,0,13,28,0,8,0
28-08 08:15:15,55.660,43.625,0.501,0,0,1456840,10613100,347776,3823196,51750.728,794748.046,0,156.450,0,11.032,5908,3407,2,1.660,1.060,6,0,204.588,0,0,13,28,0,8,0
28-08 08:15:16,67.720,31.619,0,0,0,1564800,10505084,347820,3823204,53156.395,1578088.434,0,533.795,0,27.885,5774,3716,2,1.660,1.060,6,0,129.465,0,0,13,28,0,8,0
28-08 08:15:17,75.939,23.404,0.498,0,0,1679048,10390828,347820,3823208,60536.476,1599691.119,95.609,11.951,0.996,2.988,5759,3069,2,1.660,1.060,7,0,3.984,0,0,13,30,0,8,0
28-08 08:15:18,80.771,19.064,0,0,0,1770388,10299380,347820,3823308,36941.770,1172313.735,0,951.187,0,2.007,5272,2785,2,1.660,1.060,6,0,3.010,0,0,13,30,0,8,0
28-08 08:15:19,70.237,15.747,14.247,0,0,1826340,10243236,347820,3823500,30898.346,285250.806,31.994,1971.639,1.000,350.936,6043,5016,2.160,1.700,1.070,3,0,2.999,0,0,13,34,0,6,0
28-08 08:15:20,68.731,17.681,11.704,0,0,1810476,10258864,347852,3823696,28928.956,20964.080,63.751,262.972,0.996,21.914,6631,6389,2.160,1.700,1.070,4,0,32.872,0,0,13,33,0,7,0
28-08 08:15:21,73.417,19.545,6.515,0.251,0,1629268,10439876,347912,3823832,53080.975,30572.677,104.238,392.895,2.005,33.075,6061,5638,2.160,1.700,1.070,8,0,77.176,0,0,13,29,0,11,0
28-08 08:15:22,35.174,31.931,31.432,0,0,1503724,10565228,347948,3823972,49956.441,27426.948,0,339.270,0,28.938,5374,3682,2.160,1.700,1.070,3,0,184.603,0,0,13,28,0,12,0
28-08 08:15:23,21.095,15.068,63.285,0,0,1493368,10575532,347956,3823972,57190.402,28289.324,0,920.141,0,11.050,2989,1720,2.160,1.700,1.070,2,0,23.104,0,0,13,28,0,12,0
28-08 08:15:24,19.911,5.476,73.424,0,0,1515820,10553024,348012,3823972,32137.158,291770.148,0,1019.469,0,39.823,2308,1441,2.070,1.690,1.070,0,0,0,0,0,13,29,0,12,0
28-08 08:15:25,15.818,5.021,78.335,0.251,0,1505808,10563000,348012,3824004,33907.014,17962.824,24.103,0,1.004,0,2335,1632,2.070,1.690,1.070,1,0,2.009,0,0,13,29,0,12,0
28-08 08:15:26,15.498,4.749,78.988,0,0,1493200,10575608,348024,3824012,19078.138,10544.418,0,2555.617,0,327.951,3824,3001,2.070,1.690,1.070,2,0,1.000,0,0,13,28,0,13,0
28-08 08:15:27,14.502,14.252,69.511,0,0,1438812,10629992,348024,3824016,30720.835,17058.685,0,4.001,0,1.000,3318,1927,2.070,1.690,1.070,3,0,68.011,0,0,13,28,0,13,0
28-08 08:15:28,19.003,8.751,71.011,0,0,1443548,10625256,348024,3824016,44244.787,23187.557,0,0,0,0,2370,1446,2.070,1.690,1.070,3,0,2.000,0,0,13,28,0,13,0
28-08 08:15:29,21.848,6.278,72.072,0,0,1475420,10593356,348052,3824016,30049.248,15308.392,0,1647.360,0,260.162,2569,1182,1.980,1.680,1.070,2,0,0,0,0,13,28,0,13,0
28-08 08:15:30,13.188,3.733,81.618,0,0,1472256,10596516,348052,3824020,19071.795,11059.272,0,3.981,0,0.995,2068,1577,1.980,1.680,1.070,1,0,0,0,0,13,29,0,13,0
28-08 08:15:31,14.992,4.248,79.207,0,0,1469404,10599204,348100,3824136,31887.854,17983.331,67.963,387.791,2.998,23.987,3178,2887,1.980,1.680,1.070,2,0,1.999,0,0,13,29,0,13,0
28-08 08:15:32,12.010,18.515,67.805,0,0,1382296,10686288,348112,3824144,6072.912,4033.262,0,200.162,0,10.008,3928,2256,1.980,1.680,1.070,1,0,105.085,0,0,13,28,0,14,0
28-08 08:15:33,6.490,26.708,64.648,0,0,1380988,10687592,348120,3824140,61260.194,33688.764,0,175.722,0,8.986,4851,2683,1.980,1.680,1.070,1,0,174.724,0,0,13,28,0,14,0
28-08 08:15:34,6.007,27.533,64.576,0,0,1382236,10686312,348168,3824140,61000.063,33109.114,0,889.050,0,45.053,4988,2976,1.820,1.650,1.070,1,0,174.206,0,0,13,28,0,14,0
28-08 08:15:35,9.711,35.605,52.287,0,0,1378840,10689672,348192,3824152,44985.140,23512.424,0,203.174,0,16.931,5020,2804,1.820,1.650,1.070,4,0,210.146,0,0,13,28,0,14,0
28-08 08:15:36,39.378,48.718,12.116,0,0,1430228,10638272,348192,3824164,61621.468,32215.215,0,24.233,0,6.058,5128,3148,1.820,1.650,1.070,5,0,243.336,0,0,13,28,0,14,0
28-08 08:15:37,64.627,34.934,0.250,0,0,1546140,10522352,348192,3824172,60363.123,32733.705,0,79.848,0,6.987,5007,2855,1.820,1.650,1.070,7,0,136.740,0,0,13,28,0,14,0
28-08 08:15:38,79.492,18.939,0.997,0,0,1671084,10397400,348192,3824176,32710.954,20542.403,0,0,0,0,4907,2417,1.820,1.650,1.070,3,1,0,0,0,13,30,0,14,0
28-08 08:15:39,78.922,16.681,3.983,0,0,1745432,10322820,348192,3824408,40301.598,22053.396,175.272,3.983,2.988,0.996,4855,2425,2,1.690,1.080,5,0,0,0,0,13,32,0,14,0
28-08 08:15:40,59.877,12.724,25.198,0,0,1755028,10312740,348196,3824884,34799.613,23336.129,299.386,83.828,5.988,1.996,6437,5913,2,1.690,1.080,7,0,1.996,0,0,13,33,0,14,0
28-08 08:15:41,66.035,12.459,19.188,0,0,1754852,10312488,348224,3825280,38335.288,27462.659,223.274,215.300,2.990,23.922,6759,6650,2,1.690,1.080,3,0,0,0,0,13,31,1,14,0
28-08 08:15:42,70.424,22.465,6.815,0,0,1685600,10381540,348276,3825424,13818.283,8479.171,96.928,355.402,1.010,35.338,6038,5927,2,1.690,1.080,5,0,60.580,0,0,13,29,0,15,0
28-08 08:15:43,65.144,34.326,0.752,0,0,1499452,10567652,348296,3825436,13268.242,8375.459,0,264.583,0,21.046,5519,3840,2,1.690,1.080,7,0,114.252,0,0,13,28,0,15,0
28-08 08:15:44,67.969,31.236,0.250,0,0,1568152,10498940,348300,3825444,45207.382,24206.960,0,191.912,0,10.995,5032,2976,2.320,1.760,1.110,7,0,137.937,0,0,13,28,0,15,0
28-08 08:15:45,78.801,21.514,0,0,0,1691576,10375500,348312,3825444,45754.700,22375.524,0,160.104,0,9.006,4856,2387,2.320,1.760,1.110,8,0,0,0,0,13,29,0,15,0
28-08 08:15:46,81.380,16.227,0.492,0,0,1776812,10290140,348360,3825520,24154.264,16871.893,125.880,767.083,1.967,39.338,5359,3327,2.320,1.760,1.110,7,0,2.950,0,0,13,31,0,15,0
28-08 08:15:47,75.093,16.127,8.316,0,0,1820832,10245828,348460,3825708,44454.055,30370.840,92.732,1854.646,3.024,102.812,6287,5570,2.320,1.760,1.110,6,0,0,0,0,13,34,0,15,0
28-08 08:15:48,72.646,14.230,12.981,0,0,1824968,10241304,348460,3826076,32839.131,25211.018,95.863,0,1.997,0,6860,7304,2.320,1.760,1.110,5,0,0,0,0,13,33,0,16,0
28-08 08:15:49,67.857,19.603,11.812,0.251,0,1790240,10275664,348480,3826424,29637.759,21736.233,301.585,180.951,4.021,16.085,6367,7161,2.850,1.880,1.150,5,0,85.449,0,0,13,31,0,18,0
28-08 08:15:50,51.230,27.489,19.243,0,0,1576188,10489496,348520,3826604,57389.028,31220.047,0,371.858,0,25.990,5954,5636,2.850,1.880,1.150,5,0,129.950,0,0,13,28,1,20,0
28-08 08:15:51,35.359,26.833,37.114,0,0,1512708,10552940,348532,3826612,60129.018,31769.756,0,160.494,0,8.025,4333,2437,2.850,1.880,1.150,2,0,85.262,0,0,13,28,0,20,0
28-08 08:15:52,41.458,11.307,47.488,0,0,1538468,10527172,348540,3826612,29737.029,14665.497,0,136.685,0,7.035,3173,1369,2.850,1.880,1.150,2,0,2.010,0,0,13,28,0,20,0
28-08 08:15:53,45.261,16.662,35.811,0,0,1552344,10513256,348576,3826616,38575.099,1140765.120,0,568.992,0,31.832,4870,14367,2.850,1.880,1.150,2,0,37.800,0,0,13,29,0,21,0
28-08 08:15:54,29.973,7.244,61.945,0,0,1548416,10517176,348576,3826624,20505.840,13204.307,0,0,0,0,3268,2262,2.790,1.880,1.160,2,0,0,0,0,13,30,0,21,0
28-08 08:15:55,32.406,9.472,56.336,0.249,0,1507996,10557480,348604,3826712,19772.434,11844.515,63.814,761.782,0.997,50.852,4625,3738,2.790,1.880,1.160,3,0,19.942,0,0,13,29,0,21,0
28-08 08:15:56,23.998,38.997,33.997,0,0,1501408,10564032,348616,3826732,34974.335,20463.441,119.991,3403.741,1.000,456.965,6842,4602,2.790,1.880,1.160,4,0,205.984,0,0,13,28,0,21,1
28-08 08:15:57,50.179,42.653,7.276,0,0,1435648,10629636,348632,3826868,45998.499,25314.529,0,361.292,0,43.154,4995,2832,2.790,1.880,1.160,4,0,155.556,0,0,13,28,0,22,0
28-08 08:15:58,61.485,15.496,22.245,0,0,1544000,10521276,348632,3826872,44488.429,22206.724,0,3.999,0,1.000,4233,1523,2.790,1.880,1.160,4,0,2.000,0,0,13,28,0,22,0
28-08 08:15:59,46.007,10.002,44.007,0,0,1595816,10469416,348672,3826884,35236.453,21694.357,0,684.106,0,30.005,3510,1862,2.800,1.900,1.170,1,0,0,0,0,13,31,0,22,0
28-08 08:16:00,50.617,11.470,36.404,0.249,0,1597164,10467904,348712,3827008,22715.281,14689.381,107.717,147.612,1.995,18.950,4344,3333,2.800,1.900,1.170,2,0,0.997,0,0,13,33,0,20,0
28-08 08:16:01,41.015,8.503,48.268,0,0,1596940,10467652,348740,3827448,27576.342,19359.260,240.090,168.063,4.002,20.008,6672,6518,2.800,1.900,1.170,5,0,2.001,0,0,13,32,0,21,0
28-08 08:16:02,48.503,25.751,24.501,0,0,1477524,10586852,348800,3827604,18816.092,10124.587,0,420.024,0,44.003,5742,4540,2.800,1.900,1.170,5,0,128.007,0,0,13,30,0,21,0
28-08 08:16:03,53.204,44.671,1.757,0,0,1481032,10583328,348808,3827608,60042.005,31890.163,0,208.800,0,9.035,5126,2894,2.800,1.900,1.170,4,0,130.500,0,0,13,30,0,21,0
28-08 08:16:04,82.347,17.825,0,0,0,1600972,10463376,348820,3827608,29592.523,14653.662,0,148.625,0,7.030,4726,1572,2.900,1.940,1.180,4,0,2.008,0,0,13,30,0,20,0
28-08 08:16:05,53.825,12.898,33.237,0,0,1670172,10393892,348896,3827816,37886.635,24330.748,63.498,928.662,0.992,51.592,4334,2482,2.900,1.940,1.180,4,0,0,0,0,13,34,0,20,0
28-08 08:16:06,69.258,15.281,12.816,0,0,1672264,10391624,348912,3827976,23580.313,15607.490,110.419,126.193,0.986,13.802,5247,3896,2.900,1.940,1.180,3,0,1.972,0,0,13,36,0,20,0
28-08 08:16:07,45.657,8.576,43.639,0.504,0,1672032,10391372,348928,3828440,30238.431,22284.560,32.288,181.618,2.018,14.126,7071,7202,2.900,1.940,1.180,3,0,2.018,0,0,13,35,0,21,0
28-08 08:16:08,57.832,26.401,16.344,0.251,0,1575392,10487940,348960,3828476,39036.833,24426.056,0,253.453,0,22.127,6106,5274,2.900,1.940,1.180,5,0,140.807,0,0,13,32,0,22,0
28-08 08:16:09,44.445,42.688,12.555,0,0,1468528,10594752,348968,3828488,45500.030,24264.674,0,156.689,0,9.040,4598,2722,2.990,1.970,1.200,4,0,184.812,0,0,13,32,0,22,0
28-08 08:16:10,61.412,15.541,22.560,0,0,1533196,10530064,348984,3828488,44349.167,22433.267,0,188.498,0,13.034,4288,1650,2.990,1.970,1.200,3,0,2.005,0,0,13,32,0,22,0
28-08 08:16:11,50.342,10.168,38.438,0,0,1598372,10464836,349028,3828496,18187.435,11744.709,0,440.427,0,25.791,3842,1856,2.990,1.970,1.200,2,0,0,0,0,13,35,0,22,0
28-08 08:16:12,47.132,11.031,40.864,0,0,1598284,10464836,349040,3828572,39617.787,24090.366,64.179,132.370,1.003,14.039,4797,3367,2.990,1.970,1.200,3,0,0,0,0,13,35,0,22,0
28-08 08:16:13,41.366,7.974,47.097,0.498,0,1598104,10464836,349072,3828716,24776.467,16866.179,107.650,219.287,2.990,24.919,5965,5684,2.990,1.970,1.200,2,0,1.994,0,0,13,34,0,23,0
28-08 08:16:14,43.498,24.249,30.749,0,0,1443484,10618980,349092,3829168,22611.089,14847.402,251.990,239.990,4.000,21.999,6189,5054,2.990,1.990,1.210,7,0,115.995,0,0,13,32,0,24,0
28-08 08:16:15,46.340,46.089,7.515,0,0,1446320,10616132,349096,3829172,61966.047,471427.300,0,196.380,0,11.021,4942,3094,2.990,1.990,1.210,4,0,183.355,0,0,13,32,0,24,0
28-08 08:16:16,61.873,16.032,21.543,0,0,1523104,10539272,349108,3829236,46177.699,352335.661,64.127,3046.049,1.002,456.907,4860,1678,2.990,1.990,1.210,3,0,3.006,0,0,13,32,0,23,0
28-08 08:16:17,49.461,9.492,40.218,0,0,1603340,10458964,349168,3829244,33623.380,19988.175,0,831.342,0,44.964,3632,1640,2.990,1.990,1.210,0,0,0,0,0,13,35,0,23,0
28-08 08:16:18,49.365,11.026,39.091,0,0,1604084,10458208,349172,3829252,22198.537,13360.017,0,96.223,0,8.019,4362,2667,2.990,1.990,1.210,3,0,0,0,0,13,35,0,23,0
28-08 08:16:19,38.128,7.975,51.336,0,0,1603892,10458208,349192,3829420,24602.496,17870.976,115.631,135.567,1.994,15.949,6227,6125,2.990,2.010,1.220,0,0,1.994,0,0,13,35,0,23,0
28-08 08:16:20,45.506,21.137,31.830,0,0,1482608,10579272,349208,3829620,22477.631,13413.172,43.766,179.041,1.989,11.936,5889,4537,2.990,2.010,1.220,4,0,93.499,0,0,13,32,0,25,0
28-08 08:16:21,46.806,46.300,7.590,0,0,1465032,10596832,349216,3829628,46190.478,25130.405,0,202.403,0,11.132,4751,2755,2.990,2.010,1.220,3,0,195.319,0,0,13,32,0,25,0
28-08 08:16:22,61.876,14.413,22.862,0,0,1553720,10508128,349228,3829632,44127.595,21756.652,0,186.872,0,11.928,4331,1730,2.990,2.010,1.220,3,0,1.988,0,0,13,32,0,25,0
28-08 08:16:23,45.885,12.968,40.399,0,0,1614256,10447492,349252,3829640,36243.188,22121.572,0,694.260,0,39.900,3916,2043,2.990,2.010,1.220,2,0,5.985,0,0,13,35,0,25,0
28-08 08:16:24,49.385,12.534,37.853,0,0,1615252,10446484,349252,3829652,22108.435,13953.142,0,0,0,0,4257,3177,2.990,2.020,1.230,2,0,0,0,0,13,35,0,20,0
28-08 08:16:25,43.608,7.476,46.100,0.249,0,1615096,10446484,349280,3829776,25551.978,16388.751,175.430,231.249,1.994,27.909,6014,5779,2.990,2.020,1.230,3,0,1.994,0,0,13,33,0,21,0
28-08 08:16:26,46.332,27.698,25.432,0,0,1459196,10602268,349292,3829880,18065.302,10067.055,0,515.691,0,9.065,5079,3468,2.990,2.020,1.230,3,0,108.779,0,0,13,32,0,22,0
28-08 08:16:27,58.022,19.007,23.259,0,0,1526208,10535244,349304,3829880,44840.135,23859.117,0,128.049,0,8.003,4236,1835,2.990,2.020,1.230,3,0,5.002,0,0,13,32,0,22,0
28-08 08:16:28,56.344,13.272,30.050,0,0,1607100,10454352,349304,3829880,31376.082,16747.800,0,24.040,0,3.005,3695,1371,2.990,2.020,1.230,2,0,2.003,0,0,13,33,0,21,0
28-08 08:16:29,42.713,9.933,45.694,0,0,1611760,10449632,349340,3829896,37624.631,23394.083,0,564.215,0,29.800,4009,2584,2.910,2.020,1.230,2,0,0,0,0,13,35,0,21,0
28-08 08:16:30,43.615,9.471,44.861,0.498,0,1612788,10448372,349348,3830116,23951.830,16583.646,195.395,35.889,2.991,2.991,4943,4475,2.910,2.020,1.230,2,0,0,0,0,13,35,0,21,0
28-08 08:16:31,46.005,18.252,33.254,0.250,0,1529148,10531744,349392,3830340,22436.650,14106.666,64.008,308.036,1.000,32.004,5877,5012,2.910,2.020,1.230,2,0,72.009,0,0,13,33,0,23,0
28-08 08:16:32,36.792,44.002,16.159,0,0,1438556,10622304,349408,3830356,30415.325,16928.450,0,2497.901,0,396.761,5446,3016,2.910,2.020,1.230,4,0,222.743,0,0,13,32,0,22,0
28-08 08:16:33,61.127,39.060,0.254,0,0,1513832,10546988,349428,3830372,60786.056,31629.771,0,324.658,0,46.670,5141,2946,2.910,2.020,1.230,5,0,150.154,0,0,13,32,0,22,0
28-08 08:16:34,68.481,31.491,0,0,0,1615096,10445692,349448,3830384,45845.099,23845.290,0,451.873,0,22.994,5188,3274,3.160,2.090,1.260,9,0,148.958,0,0,13,32,0,22,0
28-08 08:16:35,68.323,32.034,0.501,0,0,1714364,10346416,349448,3830392,65070.318,37312.748,0,4.004,0,1.001,5268,3560,3.160,2.090,1.260,6,0,132.141,0,0,13,33,1,22,0
28-08 08:16:36,70.684,26.786,0.992,0,0,1770076,10290684,349452,3830408,69832.858,44331.048,0,361.109,0,66.468,5580,3890,3.160,2.090,1.260,7,0,122.023,0,0,13,35,0,22,0
28-08 08:16:37,73.150,26.554,0.251,0,0,1822024,10238700,349468,3830428,56156.869,36844.365,32.066,192.394,1.002,13.027,5625,4175,3.160,2.090,1.260,8,0,122.250,0,0,13,36,0,22,0
28-08 08:16:39,62.420,31.941,2.682,0,0,1820948,10239568,349488,3830608,79155.134,874772.537,97.531,163.852,0.975,13.654,6793,5820,3.160,2.090,1.260,7,0,142.395,0,0,13,36,0,22,0
28-08 08:16:39,63.611,33.721,2.810,0,0,1807640,10252512,349508,3830952,60274.475,102435.441,171.673,163.498,4.087,14.306,6521,5853,3.470,2.170,1.290,8,0,136.929,0,0,13,34,0,23,0
28-08 08:16:40,64.821,34.654,0.748,0,0,1709660,10350364,349540,3831056,73390.422,44202.988,63.824,331.086,0.997,21.939,6102,5119,3.470,2.170,1.290,9,0,196.458,0,0,13,33,0,23,0
28-08 08:16:41,66.342,34.437,0.253,0,0,1560564,10499408,349568,3831064,48348.829,29124.764,0,247.138,0,21.270,5517,3773,3.470,2.170,1.290,7,0,149.903,0,0,13,32,0,23,0
28-08 08:16:42,62.859,36.274,0.248,0,0,1614704,10445268,349584,3831064,63990.493,36795.850,0,143.109,0,6.957,5422,3684,3.470,2.170,1.290,6,0,154.041,0,0,13,33,0,23,0
28-08 08:16:43,71.559,28.372,0.251,0,0,1680404,10379536,349624,3831072,62409.411,35965.256,0,546.359,0,28.121,5301,3218,3.470,2.170,1.290,3,0,119.516,0,0,13,34,0,23,0
28-08 08:16:44,73.392,15.780,10.270,0,0,1748888,10311032,349624,3831092,57312.651,34351.321,0,0,0,0,5355,3886,3.670,2.240,1.310,4,0,0,0,0,13,36,0,23,0
28-08 08:16:45,69.214,12.404,16.373,0.248,0,1758756,10300952,349624,3831300,43522.051,28577.750,43.662,11.908,0.992,2.977,6042,5154,3.670,2.240,1.310,3,0,0,0,0,13,36,0,23,0
28-08 08:16:46,54.847,26.682,16.059,0,0,1726640,10333044,349624,3831340,41685.702,27795.080,0,3.953,0,0.988,6516,6544,3.670,2.240,1.310,5,0,128.470,0,0,13,36,0,23,0
28-08 08:16:47,57.856,19.451,20.200,0,0,1611432,10448212,349624,3831376,55218.230,32003.152,0,7.980,0,1.995,5875,5418,3.670,2.240,1.310,4,0,69.826,0,0,13,34,0,25,0
28-08 08:16:48,37.567,41.374,21.068,0,0,1424324,10635168,349632,3831516,65889.167,38172.972,0,105.593,0,6.092,5756,3856,3.670,2.240,1.310,4,0,251.799,0,0,13,32,0,27,0
28-08 08:16:49,6.505,33.027,58.548,0,0,1415196,10644264,349660,3831520,60906.441,34420.506,0,168.139,0,14.012,5182,3145,3.620,2.250,1.320,1,0,206.171,0,0,13,32,0,26,0
28-08 08:16:50,7.468,33.107,57.004,0,0,1413304,10646028,349772,3831532,45260.453,23267.473,0,1967.499,0,107.535,5139,3156,3.620,2.250,1.320,4,0,193.165,0,0,13,32,0,26,0
28-08 08:16:51,23.747,43.995,30.746,0,0,1412860,10646464,349772,3831540,62040.795,32808.190,0,15.998,0,4.000,5263,2936,3.620,2.250,1.320,5,0,228.973,0,0,13,32,0,26,0
28-08 08:16:52,44.544,47.061,7.550,0,0,1455888,10603428,349772,3831548,65269.425,872245.461,0,12.080,0,3.020,5323,3323,3.620,2.250,1.320,5,0,236.564,0,0,13,32,0,26,0
28-08 08:16:54,55.151,40.573,1.701,0,0,1555008,10504300,349772,3832564,45331.483,24634.647,0,3067.062,0,448.009,5765,5145,3.620,2.250,1.320,9,0,222.547,0,0,13,33,0,22,0
28-08 08:16:54,63.303,33.710,4.889,0,0,1610908,10448396,349772,3831564,67277.575,35871.904,0,0,0,0,5492,8398,3.730,2.290,1.340,3,0,109.108,0,0,13,34,0,23,0
28-08 08:16:55,62.080,13.603,23.496,0,0,1657988,10401284,349780,3831584,51367.381,29543.021,0,102.889,0,1.979,4748,3182,3.730,2.290,1.340,2,0,1.979,0,0,13,35,0,23,0
28-08 08:16:56,57.918,16.620,24.678,0,0,1629896,10429260,349808,3831668,38600.326,22986.745,64.465,616.445,1.007,20.145,5523,4462,3.730,2.290,1.340,4,0,40.291,0,0,13,35,0,24,0
28-08 08:16:57,56.557,27.278,16.517,0,0,1637144,10421952,349852,3831684,21556.849,14014.204,0,232.235,0,19.019,5453,4343,3.730,2.290,1.340,4,0,84.085,0,0,13,34,0,22,0
28-08 08:16:58,61.300,22.427,14.453,0,0,1583156,10475876,349892,3831708,20372.640,11921.169,0,251.182,0,27.909,5386,4278,3.730,2.290,1.340,4,0,43.857,0,0,13,33,0,23,0
28-08 08:16:59,66.493,29.107,4.015,0,0,1541040,10517960,349912,3831716,15946.384,9234.811,0,260.955,0,18.066,5140,2905,3.750,2.320,1.360,3,0,99.364,0,0,13,33,0,24,0
28-08 08:17:00,63.152,18.647,17.156,0,0,1609292,10449696,349916,3831724,22356.955,14260.515,0,147.190,0,7.956,4584,2601,3.750,2.320,1.360,4,0,3.978,0,0,13,34,0,24,0
28-08 08:17:01,64.483,14.996,20.245,0,0,1653448,10405344,349964,3831872,22460.110,15253.000,0,811.787,0,47.987,5265,3706,3.750,2.320,1.360,7,0,2.999,0,0,13,35,0,24,0
28-08 08:17:02,55.629,12.586,30.961,0.252,0,1676220,10382424,349972,3832008,13096.216,11379.521,104.713,48.329,1.007,3.021,5645,5164,3.750,2.320,1.360,2,0,2.014,0,0,13,36,0,24,0
28-08 08:17:03,57.451,11.440,28.601,0,0,1677692,10380912,349972,3832044,26386.468,18902.476,0,0,0,0,6963,6247,3.750,2.320,1.360,5,0,0,0,0,13,36,0,24,0
28-08 08:17:04,45.560,9.513,42.306,0,0,1677668,10380660,349972,3832312,28039.185,20275.889,88.117,76.101,1.001,4.005,7486,7505,3.770,2.350,1.370,3,0,2.003,0,0,13,36,0,24,0
28-08 08:17:05,52.741,9.498,35.244,1.000,0,1677560,10380660,349984,3832404,12579.913,11282.128,51.991,175.971,2.000,12.998,7086,7145,3.770,2.350,1.370,3,0,0,0,0,13,35,0,23,0
28-08 08:17:06,55.306,25.162,18.186,0,0,1583216,10474908,350016,3832472,9097.089,8551.005,0,151.469,0,17.937,6236,5732,3.770,2.350,1.370,4,0,60.787,0,0,13,34,0,23,0
28-08 08:17:07,68.973,20.566,9.531,0.251,0,1581836,10476172,350064,3832556,19905.220,12178.291,64.207,196.634,1.003,24.078,5507,4693,3.770,2.350,1.370,4,0,32.104,0,0,13,32,0,23,0
28-08 08:17:08,75.139,23.371,1.508,0,0,1574416,10483552,350088,3832568,1559.066,515.668,0,108.562,0,13.068,4865,2451,3.770,2.350,1.370,4,0,30.156,0,0,13,33,0,23,0
28-08 08:17:09,66.086,15.019,18.524,0,0,1643636,10414308,350100,3832580,22402.986,14431.672,0,352.456,0,46.060,4483,2337,3.710,2.360,1.380,4,0,0,0,0,13,34,0,20,0
28-08 08:17:10,56.796,11.210,30.391,0,0,1681260,10376536,350104,3832728,9528.710,11008.385,0,127.541,0,6.975,5097,3921,3.710,2.360,1.380,3,0,1.993,0,0,13,36,0,20,0
28-08 08:17:11,59.409,12.481,26.210,0,0,1681912,10375780,350112,3832824,13605.181,11679.128,51.921,127.804,0.998,8.986,5763,5694,3.710,2.360,1.380,2,0,0.998,0,0,13,36,0,20,0
28-08 08:17:12,46.140,8.777,43.131,0,0,1682060,10375528,350116,3832920,14790.958,13229.211,56.171,124.378,1.003,7.021,7062,6967,3.710,2.360,1.380,2,0,0,0,0,13,36,0,20,0
28-08 08:17:13,47.235,8.997,41.487,0.250,0,1681712,10375528,350128,3833252,27814.400,19137.083,147.954,111.965,3.999,6.998,7490,7578,3.710,2.360,1.380,4,0,2.999,0,0,13,36,0,20,0
28-08 08:17:14,57.044,11.459,27.899,0.249,0,1640272,10416912,350128,3833308,11727.627,11608.059,11.957,4834.532,0.996,615.775,7679,6529,3.650,2.370,1.390,3,0,13.950,0,0,13,34,0,22,0
28-08 08:17:16,45.590,33.580,18.873,0,0,1564164,10492988,350128,3833336,8397.467,6859.157,0,3.922,0,0.980,5948,5453,3.650,2.370,1.390,5,0,125.496,0,0,13,34,0,22,0
28-08 08:17:16,68.115,28.274,5.655,0,0,1466716,10590292,350128,3833480,20103.574,12500.345,0,0,0,0,4966,3129,3.650,2.370,1.390,5,0,120.294,0,0,13,32,0,24,0
28-08 08:17:17,72.721,24.990,2.249,0,0,1591204,10465804,350128,3833480,779.688,446.821,0,3.998,0,1.000,4651,1928,3.650,2.370,1.390,3,0,34.986,0,0,13,33,0,22,0
28-08 08:17:18,65.778,14.756,18.758,0,0,1649596,10407368,350148,3833500,7739.278,7186.044,0,172.073,0,12.005,4657,2514,3.650,2.370,1.390,4,0,0,0,0,13,34,0,22,0
28-08 08:17:19,52.875,10.871,33.850,0.247,0,1679976,10376876,350184,3833576,11567.250,13287.908,47.439,589.036,1.977,33.603,5799,4984,3.360,2.330,1.380,3,0,1.977,0,0,13,36,0,22,0
28-08 08:17:20,57.912,11.783,28.580,0,0,1681920,10374888,350184,3833612,13257.147,10091.276,0,0,0,0,6433,6013,3.360,2.330,1.380,3,0,0,0,0,13,36,0,22,0
28-08 08:17:21,54.320,8.802,34.704,0.251,0,1681868,10374636,350184,3833916,27275.465,19212.027,128.757,0,2.012,0,7192,7074,3.360,2.330,1.380,4,0,0,0,0,13,34,0,24,0
28-08 08:17:22,54.280,26.273,17.846,0,0,1603164,10453288,350184,3833968,8563.908,7832.238,27.760,3.966,0.991,0.991,6143,5407,3.360,2.330,1.380,6,0,69.400,0,0,13,34,0,21,0
28-08 08:17:23,74.747,20.707,4.798,0,0,1545364,10511012,350220,3833984,3726.217,2720.169,0,242.421,0,28.282,5330,3483,3.360,2.330,1.380,4,0,43.434,0,0,13,32,0,21,0
28-08 08:17:24,66.419,22.722,10.737,0,0,1636548,10419828,350220,3833984,2290.209,2566.872,0,31.961,0,0.999,4351,1881,3.410,2.360,1.400,2,0,22.972,0,0,13,34,0,21,0
28-08 08:17:25,73.114,14.824,11.809,0,0,1672720,10383592,350220,3834028,6944.579,5766.714,36.180,8.040,1.005,1.005,4584,2186,3.410,2.360,1.400,2,0,2.010,0,0,13,34,1,21,0
28-08 08:17:26,52.635,12.356,33.113,0.494,0,1627372,10428728,350288,3834172,10082.254,10708.935,110.707,324.214,0.988,39.538,5305,4434,3.410,2.360,1.400,4,0,18.781,0,0,13,34,0,22,0
28-08 08:17:27,56.229,31.266,12.607,0,0,1601608,10454472,350292,3834184,20789.993,12009.239,0,814.938,0,8.069,5408,3963,3.410,2.360,1.400,2,0,102.876,0,0,13,34,0,22,0
28-08 08:17:28,68.054,14.458,16.453,0,0,1647064,10408860,350292,3834340,8746.855,7272.094,0,3.989,0,0.997,5617,4804,3.410,2.360,1.400,3,0,1.994,0,0,13,34,0,22,0
28-08 08:17:29,57.361,10.973,29.927,0,0,1687064,10368820,350292,3834380,12006.864,11933.043,0,111.729,0,26.935,5569,4683,3.460,2.390,1.410,2,0,0,0,0,13,36,0,22,0
28-08 08:17:30,53.160,12.363,31.649,0,0,1688040,10367812,350292,3834408,15205.205,12402.320,0,11.868,0,0.989,6069,5610,3.460,2.390,1.410,4,0,0,0,0,13,35,0,21,1
28-08 08:17:31,57.376,18.370,23.655,0,0,1632296,10423508,350292,3834452,10782.704,9492.242,12.079,0,1.007,0,6119,5498,3.460,2.390,1.410,4,0,61.403,0,0,13,34,0,23,0
28-08 08:17:32,57.701,26.091,15.052,0,0,1601104,10454532,350296,3834612,7826.217,7272.291,0,68.237,0,3.010,5962,4917,3.460,2.390,1.410,4,0,82.286,0,0,13,32,0,25,0
28-08 08:17:33,68.616,30.915,0.503,0,0,1565800,10489832,350296,3834616,16280.880,7642.785,0,4.021,0,1.005,4801,2166,3.460,2.390,1.410,4,0,86.461,0,0,13,32,0,25,0
28-08 08:17:34,69.425,16.982,14.235,0,0,1640636,10414988,350296,3834624,4852.748,5309.254,0,43.952,0,10.988,4338,1985,3.420,2.400,1.420,3,0,1.998,0,0,13,34,0,23,0
28-08 08:17:35,66.313,13.412,19.372,0,0,1681132,10374444,350320,3834648,7589.997,6391.890,15.895,4693.082,0.993,549.381,5098,2683,3.420,2.400,1.420,3,0,0,0,0,13,35,0,23,0
28-08 08:17:36,58.544,11.211,27.902,0,0,1654580,10400948,350332,3834680,13701.744,12016.679,0,127.551,0,9.965,5359,5151,3.420,2.400,1.420,5,0,2.989,0,0,13,35,0,24,0
28-08 08:17:37,58.090,24.288,17.277,0,0,1589776,10465720,350332,3834704,7341.402,6409.955,0,36.056,0,1.002,5263,4557,3.420,2.400,1.420,5,0,68.106,0,0,13,34,0,25,0
28-08 08:17:38,66.014,15.176,18.970,0,0,1617844,10437468,350356,3834864,7048.610,6523.531,0,157.827,0,17.199,5243,3998,3.420,2.400,1.420,5,0,0,0,0,13,33,0,26,0
28-08 08:17:39,56.997,31.112,10.951,0,0,1572424,10482856,350376,3834876,4046.068,3223.713,0,223.012,0,20.907,5229,3247,3.470,2.430,1.430,4,0,107.523,0,0,13,33,0,27,0
28-08 08:17:40,51.777,17.259,30.766,0,0,1619756,10435512,350376,3834884,8515.424,6614.437,0,152.079,0,8.004,4350,2504,3.470,2.430,1.430,3,0,32.017,0,0,13,34,0,27,0
28-08 08:17:41,48.266,11.004,39.263,0,0,1632784,10422448,350420,3834876,35475.018,20839.060,0,388.131,0,37.013,4740,3338,3.470,2.430,1.430,4,0,10.003,0,0,13,33,0,28,1
28-08 08:17:42,43.986,29.741,26.492,0,0,1607632,10447560,350432,3834904,33517.677,17774.526,0,143.956,0,7.998,5114,3070,3.470,2.430,1.430,5,0,109.966,0,0,13,33,0,28,0
28-08 08:17:43,51.006,15.426,31.848,0,0,1634388,10420736,350448,3834952,33149.506,17896.434,0,210.991,0,13.933,4813,3543,3.470,2.430,1.430,4,0,1.990,0,0,13,33,0,28,0
28-08 08:17:44,50.781,18.603,30.418,0,0,1567168,10487940,350456,3834960,18111.308,10459.932,0,116.646,0,8.045,4587,2211,3.590,2.470,1.450,3,0,57.317,0,0,13,33,0,29,0
28-08 08:17:45,43.905,18.604,36.463,0,0,1591540,10463560,350460,3834964,38093.460,22014.890,0,146.845,0,6.945,4460,2787,3.590,2.470,1.450,4,0,38.696,0,0,13,34,0,29,0
28-08 08:17:46,49.164,10.535,38.127,0,0,1620584,10434324,350472,3835144,8238.509,7237.165,20.067,112.375,1.003,8.027,5175,4561,3.590,2.470,1.450,6,0,3.010,0,0,13,34,0,28,0
28-08 08:17:47,45.043,10.950,42.555,0,0,1571176,10483612,350484,3835244,23741.141,15733.857,15.927,143.343,0.995,8.959,5253,4159,3.590,2.470,1.450,3,0,16.922,0,0,13,33,0,30,0
28-08 08:17:48,47.525,26.543,26.291,0,0,1545036,10509740,350496,3835244,18428.765,10566.836,0,121.342,0,7.078,4464,2388,3.590,2.470,1.450,2,0,69.771,0,0,13,33,0,30,0
28-08 08:17:49,55.304,14.514,29.529,0,0,1580796,10473396,350512,3835808,18440.983,10320.064,0,184.180,0,14.014,5311,3875,3.540,2.480,1.460,3,0,2.002,0,0,13,33,0,30,0
28-08 08:17:50,48.146,18.613,31.766,0,0,1556760,10497408,350524,3835820,3529.038,3165.711,0,119.124,0,7.942,4534,2203,3.540,2.480,1.460,5,0,75.445,0,0,13,33,0,27,0
28-08 08:17:51,31.622,9.286,58.225,0,0,1562644,10491476,350556,3835836,23587.975,16167.355,0,252.976,0,15.058,3866,2841,3.540,2.480,1.460,2,0,10.039,0,0,13,34,0,27,0
28-08 08:17:52,31.018,7.004,60.535,0,0,1562464,10491476,350576,3835992,50830.377,28539.494,0,140.081,0,11.006,5139,4744,3.540,2.480,1.460,1,0,2.001,0,0,13,34,0,27,0
28-08 08:17:53,27.938,8.731,61.363,0,0,1547568,10506212,350716,3836004,37397.478,20330.594,0,2031.463,0,121.728,5058,4389,3.540,2.480,1.460,2,0,20.953,0,0,13,33,0,28,0
28-08 08:17:54,38.791,32.534,27.279,0,0,1479692,10574040,350760,3836000,15896.825,8216.697,0,240.254,0,24.025,5808,14926,4.220,2.640,1.520,3,0,124.131,0,0,13,32,0,29,0
28-08 08:17:55,35.996,17.998,45.244,0,0,1515460,10538256,350772,3836012,15404.093,7295.097,0,3403.579,0,475.941,4110,1743,4.220,2.640,1.520,5,0,27.997,0,0,13,32,0,29,0
28-08 08:17:56,34.791,10.763,53.813,0.250,0,1539260,10514344,350820,3836076,18331.522,457734.401,56.066,464.545,3.004,29.034,3258,1674,4.220,2.640,1.520,1,0,1.001,0,0,13,33,0,29,0
28-08 08:17:57,32.753,7.251,58.756,0,0,1559876,10493708,350832,3836084,24560.311,407493.343,0,88.008,0,8.001,3409,2307,4.220,2.640,1.520,1,0,1.000,0,0,13,34,0,29,0
28-08 08:17:58,33.137,7.724,58.052,0.747,0,1558372,10495180,350832,3836116,22152.275,61725.001,15.945,510.256,0.997,0.997,4315,3457,4.220,2.640,1.520,2,0,2.990,0,0,13,33,0,27,0
28-08 08:17:59,32.983,13.596,51.866,0,0,1488816,10564672,350840,3836164,7897.789,3568.205,0,104.740,0,7.050,4554,3343,4.040,2.630,1.520,4,0,34.242,0,0,13,32,0,28,0
28-08 08:18:00,29.894,23.915,44.591,0,0,1453768,10599708,350840,3836176,11568.803,7335.876,0,7.972,0,1.993,4426,2145,4.040,2.630,1.520,2,0,103.631,0,0,13,32,0,28,0
28-08 08:18:01,33.968,12.488,53.200,0,0,1505164,10548300,350848,3836180,16596.520,9239.382,0,71.933,0,2.997,2947,1332,4.040,2.630,1.520,1,0,1.998,0,0,13,33,0,28,0
28-08 08:18:02,38.089,10.274,51.371,0,0,1530860,10522596,350852,3836184,3916.195,2889.785,0,196.461,0,15.035,3236,1663,4.040,2.630,1.520,2,0,0,0,0,13,33,0,27,0
28-08 08:18:03,28.180,6.983,63.093,0,0,1522216,10531064,350876,3836336,6906.759,6439.925,0,115.711,0,12.968,3471,2659,4.040,2.630,1.520,3,0,11.970,0,0,13,33,0,28,0
28-08 08:18:04,28.244,19.156,50.102,0,0,1536192,10516952,350876,3836472,16953.962,9111.600,0,0,0,0,4044,2586,3.880,2.610,1.520,2,0,49.119,0,0,13,33,0,28,0
28-08 08:18:05,34.125,8.913,57.046,0,0,1536156,10516952,350896,3836488,4584.018,3923.919,0,297.452,0,45.840,4142,3250,3.880,2.610,1.520,2,0,0,0,0,13,32,0,28,1
28-08 08:18:06,37.518,11.505,50.524,0,0,1487988,10565084,350896,3836524,16529.873,9870.701,0,0,0,0,3238,1553,3.880,2.610,1.520,1,0,6.003,0,0,13,33,0,29,0
28-08 08:18:07,36.748,9.249,52.497,0,0,1519464,10533584,350908,3836528,4284.737,3536.783,0,63.996,0,6.000,3249,1739,3.880,2.610,1.520,3,0,2.000,0,0,13,33,0,29,0
28-08 08:18:08,27.478,6.495,65.197,0,0,1543352,10509672,350916,3836544,5981.150,6099.054,0,75.938,0,6.994,3819,3268,3.880,2.610,1.520,1,0,0,0,0,13,34,0,29,0
28-08 08:18:09,37.712,7.291,54.809,0,0,1543340,10509672,350916,3836556,21941.612,13105.834,0,0,0,0,3681,2734,3.650,2.590,1.520,4,0,0,0,0,13,33,0,30,0
28-08 08:18:10,25.376,16.668,55.976,0,0,1498000,10554992,350916,3836572,4562.676,4106.906,0,63.688,0,10.946,4298,3352,3.650,2.590,1.520,2,0,44.781,0,0,13,33,0,30,0
28-08 08:18:11,40.177,10.546,48.966,0,0,1461252,10591708,350944,3836576,2466.871,1264.573,0,293.292,0,33.146,3896,2300,3.650,2.590,1.520,3,0,5.022,0,0,13,32,0,31,0
28-08 08:18:12,31.109,11.199,56.493,0,0,1493236,10559704,350960,3836580,2579.278,2244.798,0,111.493,0,6.968,2860,1386,3.650,2.590,1.520,2,0,0,0,0,13,33,0,31,0
28-08 08:18:13,40.459,9.740,48.950,0,0,1526952,10525936,351004,3836588,18439.329,10930.932,0,527.466,0,26.973,3579,2198,3.650,2.590,1.520,3,0,1.998,0,0,13,33,0,31,0
28-08 08:18:14,25.279,6.758,66.827,0,0,1535212,10517424,351004,3836840,10271.802,9900.376,32.037,8.009,2.002,2.002,4059,3552,3.430,2.560,1.520,3,0,0,0,0,13,34,0,31,0
28-08 08:18:15,32.987,9.246,56.229,0.250,0,1462364,10590000,351048,3837064,4810.168,4045.459,83.968,159.939,1.000,18.993,4688,3700,3.430,2.560,1.520,3,0,17.993,0,0,13,33,0,30,0
28-08 08:18:16,19.851,26.798,49.875,0,0,1464856,10587480,351068,3837076,4341.343,3308.116,0,2616.319,0,425.797,5985,4018,3.430,2.560,1.520,3,0,148.880,0,0,13,32,0,31,0
28-08 08:18:17,21.169,25.453,52.671,0,0,1435792,10616516,351068,3837104,614.910,66.531,0,153.223,0,8.064,3915,2053,3.430,2.560,1.520,1,0,117.942,0,0,13,32,0,31,0
28-08 08:18:18,20.999,6.750,71.496,0,0,1464872,10587436,351068,3837104,30184.415,27642.549,0,0,0,0,2052,1057,3.430,2.560,1.520,1,0,0,0,0,13,32,0,31,0
28-08 08:18:19,13.495,4.998,80.971,0,0,1479396,10572888,351088,3837108,49231.403,27725.090,0,419.850,0,22.992,2330,1801,3.160,2.520,1.510,1,0,1.999,0,0,13,33,0,29,0
28-08 08:18:20,18.993,4.998,75.221,0,0,1478464,10573744,351092,3837180,19922.443,11226.741,39.985,79.970,2.999,5.998,2384,1626,3.160,2.520,1.510,0,0,0,0,0,13,33,0,29,0
28-08 08:18:21,13.945,3.984,80.181,0,0,1478512,10573644,351112,3837204,30119.137,16996.361,0,115.540,0,13.945,3377,3150,3.160,2.520,1.510,2,0,0,0,0,13,33,0,29,0
28-08 08:18:22,13.051,16.314,68.519,0,0,1444500,10607636,351128,3837208,16071.167,7686.210,0,152.600,0,13.051,3554,2081,3.160,2.520,1.510,1,0,96.379,0,0,13,32,0,30,0
28-08 08:18:23,7.009,29.287,62.328,0,0,1443232,10608872,351160,3837208,15086.995,7305.198,0,248.313,0,16.020,4559,2671,3.160,2.520,1.510,3,0,163.205,0,0,13,32,0,28,0
28-08 08:18:24,14.543,14.292,70.709,0,0,1440480,10611580,351200,3837208,1008.982,0,0,489.447,0,28.083,2814,1688,2.990,2.490,1.510,1,0,33.098,0,0,13,32,0,28,0
28-08 08:18:25,21.437,5.484,72.039,0,0,1466888,10585172,351200,3837208,15745.954,7274.726,0,0,0,0,2088,1057,2.990,2.490,1.510,1,0,1.994,0,0,13,32,0,28,0
28-08 08:18:26,13.996,4.999,80.979,0,0,1485944,10566108,351200,3837216,17528.562,9630.562,0,0,0,0,1895,1183,2.990,2.490,1.510,1,0,1.000,0,0,13,33,0,28,0
28-08 08:18:27,18.500,6.000,74.001,0,0,1481868,10570184,351200,3837216,4275.082,3317.064,0,108.002,0,23.000,2439,1642,2.990,2.490,1.510,1,0,0,0,0,13,33,0,26,0
28-08 08:18:28,14.752,4.251,79.260,0,0,1478520,10573512,351200,3837236,19793.478,11996.502,0,12.002,0,3.000,3493,3134,2.990,2.490,1.510,1,0,2.000,0,0,13,33,0,26,0
28-08 08:18:29,17.496,10.748,70.984,0,0,1430004,10622020,351200,3837244,1873.580,951.787,0,255.943,0,2.000,2981,1767,2.830,2.470,1.500,1,0,45.990,0,0,13,32,0,27,0
28-08 08:18:30,18.500,8.750,71.748,0,0,1439288,10612728,351204,3837244,15431.668,7457.840,0,95.998,0,2.000,2141,1215,2.830,2.470,1.500,1,0,0,0,0,13,32,0,27,0
28-08 08:18:31,21.493,5.748,71.727,0,0,1470660,10581356,351204,3837244,663.789,147.953,0,0,0,0,2053,985,2.830,2.470,1.500,1,0,1.999,0,0,13,32,0,26,0
28-08 08:18:32,13.510,4.003,82.308,0,0,1471132,10580880,351204,3837248,5681.013,4878.446,0,8.006,0,1.001,2010,1452,2.830,2.470,1.500,1,0,0,0,0,13,33,0,26,0
28-08 08:18:33,15.496,3.999,78.978,0,0,1466152,10585848,351204,3837260,18986.652,10910.927,0,0,0,0,2932,2499,2.830,2.470,1.500,1,0,0,0,0,13,33,0,26,0
28-08 08:18:34,16.236,3.997,78.434,0,0,1466008,10585852,351204,3837400,4626.081,3848.739,0,7.993,0,1.998,3542,3219,2.600,2.430,1.500,1,0,1.998,0,0,13,33,0,26,0
28-08 08:18:35,18.868,5.535,74.970,0,0,1408448,10643236,351232,3837552,3292.652,2215.899,0,225.414,0,32.202,3239,2565,2.600,2.430,1.500,1,0,9.057,0,0,13,32,0,23,0
28-08 08:18:36,5.721,26.365,65.166,0,0,1403876,10647764,351232,3837596,31072.567,29560.327,0,3.980,0,0.995,4631,2489,2.600,2.430,1.500,1,0,165.153,0,0,13,32,0,23,0
28-08 08:18:37,4.998,27.241,65.478,0,0,1404008,10647624,351232,3837604,61069.652,47080.313,0,47.984,0,2.999,4648,2564,2.600,2.430,1.500,4,0,159.947,0,0,13,32,0,23,0
28-08 08:18:38,6.744,29.975,61.200,0.250,0,1400776,10650828,351252,3837608,60920.102,32119.692,0,239.804,0,13.989,4688,2707,2.600,2.430,1.500,4,0,169.861,0,0,13,32,0,23,0
28-08 08:18:39,24.950,28.193,44.909,0,0,1410292,10641216,351296,3837656,45819.399,24073.348,0,215.564,0,15.968,4776,2835,2.550,2.420,1.500,2,0,123.750,0,0,13,32,0,21,0
28-08 08:18:40,39.587,12.778,45.851,1.002,0,1486464,10564664,351336,3837924,59723.409,30230.516,172.379,733.614,6.013,77.170,3781,1853,2.550,2.420,1.500,2,0,2.004,0,0,13,32,0,21,0
28-08 08:18:41,44.033,9.257,46.785,0,0,1546052,10504436,351404,3838432,29914.090,14750.893,0,68.050,0,5.004,3330,1321,2.550,2.420,1.500,2,0,0,0,0,13,32,0,21,0
28-08 08:18:42,38.683,12.150,42.898,3.967,0,1578092,10467484,352364,3842124,30107.212,14473.362,2031.349,6332.096,30.748,597.106,6589,6713,2.550,2.420,1.500,2,0,28.764,0,0,13,36,0,21,0
28-08 08:18:43,38.422,19.839,36.664,2.762,0,1585588,10452656,355532,3845888,15497.340,7491.519,132.593,23927.057,5.022,2058.209,13192,16647,2.550,2.420,1.500,2,0,68.306,0,0,13,36,0,19,0
28-08 08:18:44,43.485,16.994,34.238,3.499,0,1499424,10533812,358740,3847496,29941.814,14587.038,0,32480.950,0,2414.179,13552,17412,3.230,2.560,1.550,3,0,45.984,0,0,13,36,0,19,0
28-08 08:18:45,40.042,17.769,37.039,4.505,0,1526896,10502632,361156,3848700,1191.252,0,0,21082.166,0,1740.830,11498,14357,3.230,2.560,1.550,2,0,24.025,0,0,13,36,0,19,0
28-08 08:18:46,44.659,15.054,36.380,3.011,0,1556020,10472100,363016,3848208,48573.058,869148.636,0,26502.424,0,1669.950,10535,12632,3.230,2.560,1.550,2,0,11.039,0,0,13,32,0,19,0
28-08 08:18:47,38.532,13.921,46.736,0,0,1530260,10497804,363076,3848208,29843.530,14510.089,0,4104.828,0,481.283,3932,1864,3.230,2.560,1.550,2,0,6.961,0,0,13,32,0,19,0
28-08 08:18:48,42.976,9.802,46.746,0,0,1577844,10450176,363096,3848228,30050.149,15483.487,0,522.751,0,21.111,3231,1328,3.230,2.560,1.550,2,0,0,0,0,13,32,0,16,0
28-08 08:18:49,43.113,10.467,44.858,0.498,0,1570556,10457176,363376,3848232,15140.027,7434.443,0,4832.687,0,245.223,4031,2452,3.130,2.550,1.550,2,0,3.987,0,0,13,34,0,16,0
28-08 08:18:50,41.697,18.476,36.953,0.999,0,1579924,10444828,366064,3848456,15532.073,7286.652,0,14401.524,0,1523.046,11347,15267,3.130,2.550,1.550,3,0,0,0,0,13,34,0,16,0
28-08 08:18:51,42.015,15.506,38.764,1.250,0,1602656,10419664,368264,3848628,37481.517,19302.961,0,12820.624,0,1463.528,10540,14532,3.130,2.550,1.550,8,0,0,0,0,13,34,0,16,0
28-08 08:18:52,37.871,16.302,45.396,0.502,0,1539500,10482296,368656,3848732,37761.144,18437.149,0,1914.141,0,262.843,5145,4124,3.130,2.550,1.550,3,0,46.148,0,0,13,32,0,15,0
28-08 08:18:53,24.506,13.754,60.516,0,0,1534768,10486988,368680,3848744,45329.623,22441.754,0,436.112,0,22.006,3357,1755,3.130,2.550,1.550,1,0,56.014,0,0,13,32,0,15,0
28-08 08:18:54,21.715,7.987,70.139,0.250,0,1515276,10506252,368900,3848744,30000.331,14568.851,0,4209.312,0,175.721,2701,2070,2.960,2.530,1.550,3,0,6.989,0,0,13,32,0,15,0
28-08 08:18:55,31.066,15.032,52.863,0,0,1525588,10495920,368916,3848748,45160.595,22983.159,0,128.274,0,9.019,3706,10385,2.960,2.530,1.550,1,0,32.069,0,0,13,32,0,16,0
28-08 08:18:56,21.755,6.252,71.518,0,0,1525588,10495920,368916,3848748,29899.464,14743.681,0,0,0,0,2205,1165,2.960,2.530,1.550,1,0,3.001,0,0,13,32,0,13,0
28-08 08:18:57,20.253,7.251,71.511,0,0,1525128,10496380,368916,3848748,29896.597,14594.244,0,0,0,0,2305,1242,2.960,2.530,1.550,1,0,0,0,0,13,32,0,13,0
28-08 08:18:58,20.743,6.248,71.976,0.250,0,1519652,10501792,368916,3848812,15182.849,7293.526,39.986,307.896,2.999,45.984,2063,961,2.960,2.530,1.550,1,0,1.999,0,0,13,32,0,13,0
28-08 08:18:59,21.508,6.252,71.526,0,0,1483768,10537676,368916,3848812,15257.519,7298.640,0,48.017,0,1.000,2174,1173,2.880,2.520,1.550,3,0,1.000,0,0,13,32,0,13,0
28-08 08:19:00,20.499,7.500,71.496,0,0,1510092,10511352,368916,3848812,30238.170,15799.044,0,0,0,0,2199,1265,2.880,2.520,1.550,3,0,0,0,0,13,32,0,11,0
28-08 08:19:01,21.488,6.497,71.212,0,0,1524196,10497244,368928,3848800,44392.185,22875.728,0,187.899,0,8.995,2240,1284,2.880,2.520,1.550,2,0,3.998,0,0,13,32,0,11,0
28-08 08:19:02,21.010,6.753,71.534,0,0,1544956,10476428,368968,3848812,15315.206,7785.663,0,472.222,0,28.013,2292,1419,2.880,2.520,1.550,3,0,0,0,0,13,32,0,11,0
28-08 08:19:03,22.972,4.245,71.911,0,0,1508504,10512868,368968,3848824,29795.169,14735.785,0,3.995,0,0.999,2030,1009,2.880,2.520,1.550,3,0,0.999,0,0,13,32,0,11,0
28-08 08:19:04,19.727,8.240,71.416,0,0,1534412,10486960,368968,3848824,15821.375,8170.382,0,3.995,0,0.999,2337,1291,2.730,2.490,1.550,1,0,1.998,0,0,13,32,0,10,0
28-08 08:19:05,22.301,5.011,71.414,0,0,1559272,10462096,368968,3848828,44463.926,23074.895,0,0,0,0,2220,1150,2.730,2.490,1.550,2,0,0,0,0,13,32,0,10,0
28-08 08:19:06,21.252,7.501,70.758,0,0,1563312,10458024,368968,3848860,29775.294,15551.720,0,84.009,0,15.002,2250,1272,2.730,2.490,1.550,1,0,3.000,0,0,13,32,0,10,0
28-08 08:19:07,21.497,5.499,71.490,0.500,0,1560272,10460820,368988,3849080,15185.931,7780.940,151.979,0,5.999,0,2132,1182,2.730,2.490,1.550,1,0,2.000,0,0,13,32,0,10,0
28-08 08:19:08,21.358,6.209,71.028,0,0,1452984,10568096,368996,3849080,29796.186,14817.627,0,162.918,0,1.987,2238,1190,2.730,2.490,1.550,1,0,0.993,0,0,13,32,0,9,0
28-08 08:19:09,20.374,7.295,72.443,0,0,1474744,10546336,368996,3849080,732.475,0,0,0,0,0,2210,1251,2.590,2.470,1.540,1,0,0,0,0,13,32,0,9,0
28-08 08:19:10,21.163,6.473,71.208,0,0,1496420,10524660,368996,3849080,48266.194,23551.481,0,11.951,0,2.988,2278,1189,2.590,2.470,1.540,2,0,3.984,0,0,13,32,0,9,0
28-08 08:19:11,22.068,8.025,69.716,0,0,1518868,10502064,369008,3849216,31166.704,876690.201,0,104.324,0,6.019,2671,1549,2.590,2.470,1.540,1,0,0,0,0,13,32,0,9,0
28-08 08:19:12,20.782,7.261,71.109,0,0,1528656,10492236,369044,3849216,30148.339,65652.911,0,1201.847,0,28.043,2377,1364,2.590,2.470,1.540,1,0,1.002,0,0,13,32,0,7,0
28-08 08:19:13,22.644,5.226,71.666,0,0,1474104,10546704,369044,3849300,14998.049,7262.129,0,211.016,0,39.814,2156,1059,2.590,2.470,1.540,3,0,2.986,0,0,13,32,0,7,0
28-08 08:19:14,21.101,6.531,71.592,0,0,1475284,10545472,369052,3849312,15566.322,7493.779,0,0,0,0,2239,1211,2.460,2.440,1.540,1,0,0,0,0,13,32,0,7,0
28-08 08:19:15,20.991,5.997,71.218,0,0,1449620,10571124,369052,3849324,44863.809,22923.683,0,0,0,0,2294,1246,2.460,2.440,1.540,1,0,1.000,0,0,13,32,0,7,0
28-08 08:19:16,20.756,7.502,71.021,0,0,1450872,10569868,369052,3849328,30188.924,16438.859,0,12.004,0,3.001,2455,1445,2.460,2.440,1.540,1,0,3.001,0,0,13,32,0,6,0
28-08 08:19:17,21.740,6.497,70.968,0,0,1469756,10550996,369052,3849328,44276.165,23173.618,0,1327.405,0,5.997,2317,1259,2.460,2.440,1.540,1,0,0,0,0,13,32,0,6,0
28-08 08:19:18,21.513,6.254,71.542,0,0,1496452,10524284,369060,3849328,29849.407,15086.798,0,496.289,0,66.039,2361,1237,2.460,2.440,1.540,1,0,2.001,0,0,13,32,0,6,0
28-08 08:19:19,21.747,5.499,71.990,0,0,1505504,10515212,369060,3849348,15531.826,7456.956,0,3.999,0,1.000,2193,1185,2.350,2.420,1.540,1,0,2.000,0,0,13,32,0,6,0
28-08 08:19:20,21.744,5.748,71.479,0,0,1438340,10582376,369060,3849348,26126.457,13262.171,0,0,0,0,2172,1161,2.350,2.420,1.540,3,0,1.000,0,0,13,32,0,5,0
28-08 08:19:21,20.749,6.250,71.998,0,0,1473076,10547620,369080,3849344,4545.878,2121.943,0,115.997,0,7.000,2211,1306,2.350,2.420,1.540,4,0,0,0,0,13,32,0,5,0
28-08 08:19:22,23.246,5.249,70.738,0,0,1492988,10527620,369116,3849396,44816.507,23902.004,0,527.912,0,30.995,2427,1499,2.350,2.420,1.540,2,0,2.000,0,0,13,32,0,5,0
28-08 08:19:23,21.471,9.487,67.908,0,0,1491764,10528836,369116,3849396,44290.275,22829.215,0,223.698,0,34.953,2504,1342,2.350,2.420,1.540,7,0,3.995,0,0,13,32,0,5,0
28-08 08:19:24,21.288,7.513,70.876,0,0,1488936,10531664,369116,3849396,30604.545,15665.920,0,140.250,0,32.057,2374,1260,2.240,2.390,1.540,2,0,3.005,0,0,13,32,0,4,0
28-08 08:19:25,21.000,6.750,71.499,0,0,1512268,10508332,369116,3849396,29831.672,15239.833,0,0,0,0,2304,1173,2.240,2.390,1.540,2,0,4.000,0,0,13,32,0,4,0
28-08 08:19:26,21.500,6.500,71.250,0,0,1534948,10485652,369116,3849396,29832.125,15550.065,0,0,0,0,2276,1234,2.240,2.390,1.540,2,0,1.000,0,0,13,32,0,4,0
28-08 08:19:27,18.235,9.992,70.440,0,0,1480720,10539768,369124,3849500,30334.367,16669.914,0,83.929,0,2.997,2847,1533,2.240,2.390,1.540,1,0,48.959,0,0,13,32,0,4,0
28-08 08:19:28,6.241,25.715,66.659,0,0,1475408,10545012,369132,3849532,56319.013,29893.137,0,99.863,0,2.996,4346,2637,2.240,2.390,1.540,4,0,153.790,0,0,13,32,0,4,0
28-08 08:19:29,6.000,27.250,65.249,0,0,1463456,10556956,369132,3849532,50239.505,27523.729,0,335.997,0,4.000,4572,2598,2.140,2.370,1.530,1,0,155.998,0,0,13,32,0,4,0
28-08 08:19:30,5.761,26.051,66.129,0,0,1443296,10577108,369132,3849540,60870.639,33064.444,0,420.820,0,37.072,4570,2587,2.140,2.370,1.530,3,0,153.299,0,0,13,32,0,4,0
28-08 08:19:31,6.253,25.764,66.286,0,0,1436740,10583652,369152,3849528,60910.928,32469.553,0,396.214,0,7.004,4502,2682,2.140,2.370,1.530,1,0,139.075,0,0,13,32,0,4,0
28-08 08:19:32,7.723,24.914,65.274,0,0,1430420,10589848,369188,3849616,52735.661,876529.311,0,558.070,0,26.907,4993,3119,2.140,2.370,1.530,2,0,123.573,0,0,13,32,0,4,0
28-08 08:19:33,6.774,25.590,66.233,0,0,1431556,10588708,369188,3849620,61032.488,53393.643,0,124.437,0,2.007,4571,2608,2.140,2.370,1.530,1,0,140.494,0,0,13,32,0,3,0
28-08 08:19:34,6.239,25.208,65.889,0,0,1430468,10589796,369188,3849620,60925.350,32155.822,0,95.839,0,2.995,4654,2657,1.970,2.330,1.520,1,0,144.756,0,0,13,32,0,3,0
28-08 08:19:35,6.261,24.545,67.122,0.250,0,1436464,10583784,369192,3849632,64775.776,35210.019,8.015,0,2.004,0,4537,2552,1.970,2.330,1.520,1,0,134.244,0,0,13,32,0,3,0
28-08 08:19:36,6.243,25.221,66.675,0,0,1435368,10584880,369192,3849632,45272.812,24048.809,0,435.508,0,94.893,4572,2630,1.970,2.330,1.520,1,0,150.829,0,0,13,32,0,3,0
28-08 08:19:37,15.266,12.513,70.573,0,0,1450144,10570112,369200,3849616,59757.537,31386.321,0,144.148,0,3.003,2973,1708,1.970,2.330,1.520,1,0,35.036,0,0,13,32,0,3,0
28-08 08:19:38,21.502,7.001,71.507,0,0,1485732,10534520,369200,3849620,44892.371,22774.218,0,76.007,0,1.000,2419,1343,1.970,2.330,1.520,2,0,0,0,0,13,32,0,3,0
28-08 08:19:39,21.743,5.248,71.727,0,0,1518340,10501908,369200,3849624,29762.351,14587.271,0,0,0,0,2211,1129,1.890,2.310,1.520,2,0,1.999,0,0,13,32,0,3,0
28-08 08:19:40,20.508,7.253,71.277,0,0,1526472,10493776,369200,3849624,30247.279,14597.443,0,8.003,0,2.001,2463,1390,1.890,2.310,1.520,1,0,2.001,0,0,13,32,0,3,0
28-08 08:19:41,22.935,4.737,71.547,0,0,1417364,10602864,369200,3849644,15264.726,7584.499,0,275.220,0,57.836,2141,1090,1.890,2.310,1.520,1,0,0.997,0,0,13,32,0,1,0
28-08 08:19:42,20.553,8.021,71.435,0,0,1455868,10564328,369252,3849624,15287.597,7314.947,0,497.288,0,30.078,2524,1686,1.890,2.310,1.520,1,0,1.003,0,0,13,32,0,1,0
28-08 08:19:43,22.008,5.752,71.277,0,0,1493416,10526780,369252,3849624,30675.508,15805.930,0,100.038,0,2.001,2225,1174,1.890,2.310,1.520,1,0,2.001,0,0,13,32,0,1,0
28-08 08:19:44,20.498,7.499,71.242,0,0,1516348,10503848,369252,3849624,44411.007,23019.412,0,0,0,0,2250,1216,1.820,2.290,1.520,1,0,2.000,0,0,13,32,0,1,0
28-08 08:19:45,21.248,5.750,71.995,0,0,1532680,10487496,369252,3849644,15126.900,7619.446,0,23.998,0,2.000,2060,1100,1.820,2.290,1.520,1,0,0,0,0,13,32,0,1,0
28-08 08:19:46,21.506,6.252,71.519,0,0,1531988,10488200,369252,3849632,29660.040,15392.173,0,8.002,0,2.001,2245,1231,1.820,2.290,1.520,1,0,4.001,0,0,13,32,0,1,0
28-08 08:19:47,20.242,6.997,71.473,0,0,1532428,10487752,369256,3849636,15932.078,8808.726,0,211.921,0,33.987,2307,1337,1.820,2.290,1.520,2,0,0,0,0,13,32,0,1,0
28-08 08:19:48,22.749,5.250,71.248,0,0,1532428,10487752,369256,3849636,44538.782,22859.375,0,23.999,0,1.000,2199,1206,1.820,2.290,1.520,1,0,0,0,0,13,32,0,1,0
28-08 08:19:49,19.753,8.001,71.762,0,0,1555360,10464820,369256,3849636,29897.184,15566.699,0,0,0,0,2292,1230,1.750,2.270,1.520,1,0,4.001,0,0,13,32,0,1,0
28-08 08:19:50,24.052,3.508,72.157,0,0,1555348,10464820,369256,3849648,15221.183,7799.002,0,12.026,0,1.002,2028,1024,1.750,2.270,1.520,1,0,0,0,0,13,32,0,1,0
28-08 08:19:51,18.664,8.710,70.924,0,0,1500016,10520176,369256,3849624,30214.979,15478.781,0,0,0,0,2372,1385,1.750,2.270,1.520,2,0,0.995,0,0,13,32,0,1,0
28-08 08:19:52,20.547,7.016,71.413,0.251,0,1530904,10489240,369296,3849632,545.248,0,0,445.018,0,29.067,2611,1751,1.750,2.270,1.520,1,0,2.005,0,0,13,32,0,1,0
28-08 08:19:53,22.742,7.247,68.976,0,0,1545140,10475004,369296,3849632,51494.139,905929.774,0,159.945,0,33.988,2875,1616,1.750,2.270,1.520,1,0,3.999,0,0,13,32,0,1,0
28-08 08:19:54,21.255,6.501,71.516,0,0,1563576,10456564,369296,3849632,29658.574,14595.235,0,108.024,0,3.001,2328,1275,1.690,2.240,1.510,1,0,0,0,0,13,32,0,1,0
28-08 08:19:55,33.986,14.994,50.230,0,0,1535128,10484988,369296,3849728,29879.867,14748.011,0,23.990,0,1.000,3697,13230,1.690,2.240,1.510,1,0,37.985,0,0,13,32,0,2,0
28-08 08:19:56,19.997,7.249,71.488,0,0,1496040,10524084,369296,3849648,16611.295,7454.786,0,0,0,0,2471,1404,1.690,2.240,1.510,1,0,2.000,0,0,13,32,0,2,0
28-08 08:19:57,21.509,7.503,70.779,0,0,1508804,10511252,369360,3849648,44842.576,23591.773,0,1176.487,0,58.024,2649,1639,1.690,2.240,1.510,3,0,0,0,0,13,32,0,1,0
28-08 08:19:58,22.250,5.250,71.251,0,0,1522972,10497084,369360,3849648,30238.218,15078.109,0,152.001,0,33.000,2212,1118,1.690,2.240,1.510,1,0,2.000,0,0,13,32,0,1,0
28-08 08:19:59,19.999,7.749,71.495,0,0,1530884,10489172,369360,3849648,29829.992,15238.974,0,223.985,0,37.997,2408,1334,1.640,2.220,1.510,1,0,2.000,0,0,13,32,0,1,0
28-08 08:20:00,24.256,3.251,71.766,0,0,1529920,10490124,369360,3849660,15191.484,7459.711,0,12.003,0,1.000,2111,1062,1.640,2.220,1.510,1,0,0,0,0,13,32,0,1,0
28-08 08:20:01,19.005,8.252,71.520,0,0,1470092,10549980,369360,3849632,15855.345,7770.130,0,12.003,0,1.000,2446,1412,1.640,2.220,1.510,1,0,3.001,0,0,13,32,0,1,0
28-08 08:20:02,21.497,6.249,71.239,0,0,1481300,10538772,369360,3849632,30295.354,16163.521,0,0,0,0,2355,1322,1.640,2.220,1.510,1,0,0,0,0,13,32,0,1,0
28-08 08:20:03,21.504,6.501,71.014,0,0,1502716,10517352,369364,3849632,29961.961,15081.000,0,72.014,0,2.000,2247,1225,1.640,2.220,1.510,1,0,2.000,0,0,13,32,0,1,0
28-08 08:20:04,21.490,6.747,71.216,0,0,1521560,10498480,369364,3849660,29823.762,15394.650,0,203.903,0,38.981,2314,1267,1.590,2.200,1.510,1,0,1.999,0,0,13,32,0,1,0
28-08 08:20:05,21.892,5.224,71.399,0,0,1478948,10541176,369364,3849576,29626.288,15165.411,0,0,0,0,2195,1140,1.590,2.200,1.510,1,0,0.995,0,0,13,32,0,1,0
28-08 08:20:06,20.610,10.054,68.115,0,0,1500384,10519692,369364,3849620,15984.674,8535.750,0,12.065,0,2.011,2593,1606,1.590,2.200,1.510,1,0,4.022,0,0,13,32,0,1,0
28-08 08:20:07,22.247,4.999,71.741,0,0,1524844,10495228,369364,3849624,44534.346,22695.119,0,0,0,0,2181,1180,1.590,2.200,1.510,3,0,1.000,0,0,13,32,0,1,0
28-08 08:20:08,19.973,8.239,71.403,0,0,1546468,10473596,369368,3849624,30031.159,15542.862,0,95.870,0,1.997,2296,1258,1.590,2.200,1.510,1,0,2.996,0,0,13,32,0,1,0
28-08 08:20:09,18.779,8.012,71.610,0,0,1546672,10473392,369368,3849624,15553.926,7631.740,0,372.573,0,85.131,2219,1060,1.620,2.200,1.510,1,0,0,0,0,13,32,0,1,0
28-08 08:20:10,23.254,5.001,71.512,0,0,1491836,10528144,369368,3849708,15550.717,7621.332,0,92.016,0,3.001,2192,1128,1.620,2.200,1.510,1,0,1.000,0,0,13,32,0,1,0
28-08 08:20:11,20.742,6.498,72.223,0,0,1523488,10496500,369368,3849700,15704.133,7441.220,0,0,0,0,2005,1253,1.620,2.200,1.510,1,0,1.999,0,0,13,32,0,1,0
28-08 08:20:12,22.252,6.251,71.506,0,0,1539788,10480188,369368,3849712,45191.927,23584.049,0,12.001,0,1.000,2292,1338,1.620,2.200,1.510,1,0,0,0,0,13,32,0,1,0
28-08 08:20:13,19.000,8.750,71.249,0,0,1516888,10503108,369368,3849692,29891.762,15401.877,0,0,0,0,2236,1322,1.620,2.200,1.510,1,0,1.000,0,0,13,32,0,1,0
28-08 08:20:14,20.749,7.250,70.497,0,0,1534808,10485176,369376,3849692,45062.275,23581.098,0,175.993,0,20.999,2340,1371,1.570,2.180,1.510,1,0,2.000,0,0,13,32,0,1,0
28-08 08:20:15,22.752,4.500,71.755,0,0,1555408,10464576,369376,3849692,29834.194,15241.121,0,152.011,0,33.002,2116,1118,1.570,2.180,1.510,1,0,0,0,0,13,32,0,1,0
28-08 08:20:16,20.752,7.751,71.508,0,0,1568728,10451256,369376,3849692,29901.393,15713.783,0,8.001,0,2.000,2238,1265,1.570,2.180,1.510,1,0,3.000,0,0,13,32,0,1,0
28-08 08:20:17,23.748,3.750,70.994,0,0,1565040,10454924,369376,3849712,30105.614,15562.766,0,19.998,0,1.000,2056,1059,1.570,2.180,1.510,1,0,2.000,0,0,13,32,0,1,0
28-08 08:20:18,19.962,7.985,71.615,0,0,1512536,10507452,369376,3849688,15810.279,8164.651,0,0,0,0,2163,1213,1.570,2.180,1.510,2,0,0.998,0,0,13,32,0,1,0
28-08 08:20:19,22.043,8.266,69.135,0,0,1523196,10496780,369388,3849688,50135.879,877026.192,0,168.329,0,20.039,2864,1694,1.520,2.160,1.500,3,0,1.002,0,0,13,32,0,1,0
28-08 08:20:20,22.753,4.751,71.509,0,0,1443812,10576140,369388,3849712,30177.771,57955.241,0,164.020,0,32.004,2192,1121,1.520,2.160,1.500,1,0,3.000,0,0,13,32,0,1,0
28-08 08:20:21,19.745,7.498,71.733,0,0,1483180,10536784,369388,3849700,15466.413,7766.199,0,0,0,0,2204,1330,1.520,2.160,1.500,1,0,0,0,0,13,32,0,1,0
28-08 08:20:22,21.249,7.500,70.247,0,0,1519088,10500876,369388,3849700,44698.145,23743.014,0,8.000,0,2.000,2239,1282,1.520,2.160,1.500,1,0,1.000,0,0,13,32,0,1,0
28-08 08:20:23,20.996,6.749,71.486,0,0,1526804,10493160,369388,3849700,29462.167,15236.983,0,0,0,0,2288,1251,1.520,2.160,1.500,2,0,3.999,0,0,13,32,0,1,0
28-08 08:20:24,23.747,7.749,67.742,0,0,1538184,10481760,369392,3849712,29806.441,15400.161,0,75.991,0,3.000,2545,1371,1.480,2.140,1.500,1,0,5.999,0,0,13,32,0,1,0
28-08 08:20:25,12.998,16.997,68.737,0,0,1504172,10515724,369392,3849744,30638.348,16566.944,0,47.991,0,2.000,3471,2011,1.480,2.140,1.500,1,0,89.983,0,0,13,32,0,1,0
28-08 08:20:26,5.976,27.142,64.243,0,0,1482672,10537224,369392,3849744,60906.688,31510.122,0,243.029,0,35.857,4649,2732,1.480,2.140,1.500,2,0,157.371,0,0,13,32,0,1,0
28-08 08:20:27,5.524,27.370,65.034,0,0,1475852,10544044,369392,3849744,60894.310,32060.209,0,72.316,0,3.013,4671,2711,1.480,2.140,1.500,3,0,155.681,0,0,13,32,0,1,0
28-08 08:20:28,11.698,18.419,69.443,0,0,1484864,10535028,369392,3849748,59895.474,31654.200,0,31.859,0,2.987,3501,2099,1.480,2.140,1.500,1,0,63.719,0,0,13,32,0,1,0
28-08 08:20:29,19.329,8.786,71.041,0,0,1483688,10536188,369396,3849760,45393.851,24004.278,0,96.395,0,2.008,2496,1508,1.440,2.120,1.500,2,0,2.008,0,0,13,32,0,1,0
28-08 08:20:30,22.509,5.502,71.780,0,0,1481148,10538728,369396,3849760,29600.479,15246.428,0,0,0,0,2188,1164,1.440,2.120,1.500,1,0,0,0,0,13,32,0,1,0
28-08 08:20:31,22.249,4.750,71.745,0,0,1497712,10522156,369396,3849768,29586.137,15387.031,0,143.991,0,30.998,2120,1051,1.440,2.120,1.500,3,0,0,0,0,13,32,0,1,0
28-08 08:20:32,22.991,5.748,70.722,0,0,1463264,10556336,369396,3850032,35030.165,21403.547,0,11.995,0,1.000,2425,1266,1.440,2.120,1.500,1,0,10.996,0,0,13,32,0,1,0
28-08 08:20:33,17.508,9.254,71.534,0,0,1463512,10556084,369396,3850036,44887.390,23593.243,0,0,0,0,2510,1606,1.440,2.120,1.500,1,0,0,0,0,13,32,0,1,0
28-08 08:20:34,21.000,6.750,71.249,0,0,1479892,10539704,369396,3850036,44171.575,23021.779,0,12.000,0,3.000,2317,1264,1.410,2.100,1.500,1,0,0,0,0,13,32,0,1,0
28-08 08:20:35,22.497,6.249,71.242,0,0,1508608,10510976,369404,3850036,29584.564,15238.230,0,587.932,0,40.995,2216,1087,1.410,2.100,1.500,1,0,2.000,0,0,13,32,0,1,0
28-08 08:20:36,15.253,19.004,64.263,0,0,1478040,10541512,369404,3850068,15067.079,7931.621,0,0,0,0,3528,1997,1.410,2.100,1.500,2,0,104.021,0,0,13,32,0,1,0
28-08 08:20:37,6.742,25.968,65.419,0.250,0,1474812,10544616,369404,3850160,45525.312,56459.696,39.950,235.706,1.998,36.954,4466,2615,1.410,2.100,1.500,4,0,149.813,0,0,13,32,0,1,0
28-08 08:20:38,6.497,26.737,63.968,0,0,1455020,10564396,369404,3850168,67560.552,914185.400,0,55.972,0,1.999,5154,2935,1.410,2.100,1.500,1,0,141.930,0,0,13,32,0,1,0
28-08 08:20:39,6.258,25.531,66.331,0,0,1449680,10569736,369404,3850168,61399.059,33134.506,0,56.069,0,2.002,4608,2687,1.370,2.080,1.490,1,0,143.175,0,0,13,32,0,1,0
28-08 08:20:40,6.754,26.015,65.287,0,0,1437420,10581992,369404,3850172,60722.668,32052.299,0,180.103,0,6.003,4625,2732,1.370,2.080,1.490,2,0,147.084,0,0,13,32,0,1,0
28-08 08:20:41,5.728,25.652,66.247,0,0,1434476,10584932,369404,3850176,45402.644,24355.008,0,27.893,0,0.996,4667,2635,1.370,2.080,1.490,1,0,151.422,0,0,13,32,0,1,0
28-08 08:20:42,6.514,26.307,65.141,0,0,1425560,10593840,369404,3850176,61410.190,31879.141,0,176.383,0,2.004,4716,2680,1.370,2.080,1.490,3,0,155.337,0,0,13,32,0,1,0
28-08 08:20:43,5.507,26.282,66.080,0,0,1429104,10590292,369404,3850180,60888.165,32459.538,0,4.005,0,1.001,4604,2663,1.370,2.080,1.490,1,0,148.180,0,0,13,32,0,1,0
28-08 08:20:44,6.500,26.999,64.998,0,0,1413240,10606156,369404,3850180,60685.745,31646.824,0,0,0,0,4583,2645,1.340,2.070,1.490,1,0,149.994,0,0,13,32,0,1,0
28-08 08:20:45,7.484,26.445,64.865,0,0,1415744,10603640,369408,3850188,60785.114,32402.362,0,183.617,0,2.994,4738,2608,1.340,2.070,1.490,2,0,146.694,0,0,13,32,0,1,0
28-08 08:20:46,5.499,25.746,66.241,0,0,1412288,10607088,369408,3850196,49659.035,26596.270,0,271.962,0,4.999,4407,2647,1.340,2.070,1.490,1,0,145.980,0,0,13,32,0,1,0
28-08 08:20:47,6.768,26.321,64.925,0,0,1403268,10616108,369408,3850196,57256.017,30510.071,0,605.629,0,41.111,4644,2635,1.340,2.070,1.490,1,0,153.413,0,0,13,32,0,1,0
28-08 08:20:48,5.967,27.348,64.889,0,0,1398904,10620472,369408,3850196,60173.668,31007.717,0,350.055,0,3.978,4587,2640,1.340,2.070,1.490,2,0,156.133,0,0,13,32,0,1,0
28-08 08:20:49,6.018,26.579,66.448,0,0,1402680,10616696,369408,3850196,60755.244,31873.083,0,353.053,0,4.012,4577,2582,1.480,2.080,1.500,1,0,141.422,0,0,13,32,0,1,0
28-08 08:20:50,7.266,26.807,63.385,0,0,1401536,10617832,369412,3850196,53562.485,901314.479,0,340.728,0,5.011,4935,2745,1.480,2.080,1.500,2,0,151.323,0,0,13,32,0,1,0
28-08 08:20:51,6.499,26.497,65.243,0,0,1401528,10617832,369412,3850204,60501.565,31486.651,0,443.953,0,5.999,4661,2634,1.480,2.080,1.500,2,0,148.984,0,0,13,32,0,1,0
28-08 08:20:52,5.996,26.235,65.461,0,0,1403896,10615464,369412,3850204,60460.427,31271.601,0,267.842,0,3.998,4636,2682,1.480,2.080,1.500,2,0,147.913,0,0,13,32,0,1,0
28-08 08:20:53,5.740,27.203,65.138,0,0,1398908,10620452,369412,3850204,60745.511,31497.820,0,515.114,0,39.931,4722,2642,1.480,2.080,1.500,3,0,151.739,0,0,13,32,0,1,0
28-08 08:20:54,5.755,23.773,68.315,0,0,1405444,10613908,369412,3850212,60553.531,34378.662,0,88.084,0,1.001,4401,2640,1.440,2.060,1.500,1,0,129.123,0,0,13,32,0,1,0
28-08 08:20:55,6.001,25.004,67.011,0,0,1401312,10618032,369420,3850212,46327.872,24654.189,0,164.028,0,5.001,4519,2603,1.440,2.060,1.500,2,0,138.023,0,0,13,32,0,1,0
28-08 08:20:56,18.016,33.280,46.793,0,0,1411448,10607892,369420,3850216,60863.446,32539.643,0,56.051,0,2.002,5502,13047,1.440,2.060,1.500,1,0,169.154,0,0,13,32,0,2,0
28-08 08:20:57,6.713,25.607,66.379,0,0,1401828,10617504,369420,3850224,61337.436,32918.155,0,55.689,0,1.989,4598,2557,1.440,2.060,1.500,3,0,142.206,0,0,13,32,0,2,0
28-08 08:20:58,5.782,24.638,67.627,0,0,1403560,10615768,369420,3850228,60841.588,32919.742,0,96.539,0,6.034,4546,2588,1.440,2.060,1.500,1,0,137.769,0,0,13,32,0,2,0
28-08 08:20:59,7.001,25.254,65.762,0,0,1408336,10610988,369420,3850232,61044.855,32231.731,0,356.063,0,37.007,4624,2616,1.480,2.060,1.500,1,0,142.025,0,0,13,32,0,1,0
28-08 08:21:00,6.232,24.929,66.311,0,0,1408804,10610508,369424,3850240,46228.303,24996.788,0,95.727,0,3.989,4440,2535,1.480,2.060,1.500,4,0,133.619,0,0,13,32,0,1,0
28-08 08:21:01,6.269,26.832,65.451,0,0,1406288,10613024,369424,3850240,61137.470,32106.450,0,20.062,0,5.015,4573,2579,1.480,2.060,1.500,2,0,152.468,0,0,13,32,0,1,0
28-08 08:21:02,5.751,27.506,64.514,0,0,1403260,10616048,369424,3850244,60701.319,31088.822,0,16.004,0,4.001,4633,2617,1.480,2.060,1.500,1,0,160.035,0,0,13,32,0,1,0
28-08 08:21:03,7.250,26.750,63.999,0,0,1402492,10616812,369424,3850248,65156.950,911955.304,0,28.000,0,5.000,4968,2798,1.480,2.060,1.500,1,0,144.998,0,0,13,32,0,1,0
28-08 08:21:04,6.501,26.006,66.014,0,0,1406508,10612788,369424,3850256,45959.929,24513.296,0,372.080,0,78.017,4577,2604,1.440,2.040,1.500,1,0,137.030,0,0,13,32,0,1,0
28-08 08:21:05,16.495,29.741,50.735,0,0,1395096,10622208,369440,3852180,60516.207,31858.633,63.981,279.918,1.000,4.999,7112,8080,1.440,2.040,1.500,3,0,126.963,0,0,13,32,0,1,0
28-08 08:21:06,8.462,30.860,58.484,0,0,1398768,10618460,369440,3852224,59799.944,31363.315,0,11.946,0,2.986,4818,2797,1.440,2.040,1.500,4,0,179.185,0,0,13,34,0,1,0
28-08 08:21:07,19.827,35.638,42.415,0,0,1411344,10605812,369500,3852228,45572.902,24171.829,0,646.510,0,33.129,5424,3360,1.440,2.040,1.500,3,0,167.651,0,0,13,32,0,3,0
28-08 08:21:08,25.752,31.503,41.504,0,0,1446044,10571108,369500,3852232,60901.345,32444.848,0,96.008,0,3.000,5006,2669,1.440,2.040,1.500,3,0,149.013,0,0,13,32,0,3,0
28-08 08:21:09,34.329,43.782,20.896,0,0,1465188,10551916,369536,3852244,60062.832,30896.109,0,310.454,0,23.881,5591,3300,1.650,2.080,1.510,4,0,219.905,0,0,13,32,0,5,0
28-08 08:21:10,53.574,37.401,9.603,0,0,1532136,10484696,369608,3852400,45942.325,23410.875,0,9332.003,0,915.814,5857,2834,1.650,2.080,1.510,4,0,118.267,0,0,13,32,0,7,0
28-08 08:21:11,60.674,16.163,22.629,0,0,1636460,10379444,369692,3853144,44380.792,21918.356,0,35.808,0,0.995,4293,1655,1.650,2.080,1.510,3,0,3.979,0,0,13,32,0,7,0
28-08 08:21:12,60.870,14.162,21.615,1.491,0,1676432,10335632,370524,3855692,29404.557,14823.522,15.901,5064.405,0.994,426.340,5661,5143,1.650,2.080,1.510,4,0,19.876,0,0,13,36,0,7,0
28-08 08:21:13,49.018,21.477,21.982,6.317,0,1682084,10321588,372988,3861028,15349.058,7373.854,432.567,28335.168,9.096,2111.291,13054,17104,1.650,2.080,1.510,5,0,55.587,0,0,13,38,0,9,0
28-08 08:21:14,41.773,26.854,23.870,4.724,0,1656504,10340192,375052,3865652,15468.772,7578.734,0,48189.607,0,2911.149,15260,20703,1.920,2.120,1.530,3,0,84.540,0,0,13,36,0,9,0
28-08 08:21:15,44.993,22.497,24.996,5.499,0,1655896,10333064,377180,3871036,15001.775,7456.894,0,38110.349,0,2651.607,15377,20267,1.920,2.120,1.530,6,0,69.990,0,0,13,36,0,9,0
28-08 08:21:16,47.711,20.874,23.607,4.970,0,1678868,10302600,379528,3875928,14913.737,7399.217,0,47731.114,0,2992.886,15873,21235,1.920,2.120,1.530,2,1,51.687,0,0,13,36,0,9,0
28-08 08:21:17,45.906,17.811,29.601,6.021,0,1694268,10282200,381592,3878724,19959.009,12278.839,0,33835.291,0,2536.643,13690,19063,1.920,2.120,1.530,6,2,35.120,0,0,13,37,0,9,0
28-08 08:21:18,48.935,20.866,23.101,5.216,0,1694072,10278684,383828,3880068,1276.786,626.966,0,49807.561,0,3148.742,14661,21828,1.920,2.120,1.530,3,0,38.751,0,0,13,37,0,9,0
28-08 08:21:19,48.667,17.903,27.485,5.295,0,1696728,10270900,386516,3882348,19094.545,10294.170,0,36141.553,0,2567.995,14611,19403,2.160,2.170,1.550,6,0,39.337,0,0,13,37,0,9,0
28-08 08:21:20,46.244,26.851,20.139,3.729,0,1557148,10406640,388884,3883736,15774.730,8150.907,0,29624.112,0,2114.303,12280,16306,2.160,2.170,1.550,10,0,104.422,0,0,13,34,0,10,0
28-08 08:21:21,34.837,37.845,21.053,3.008,0,1565824,10393812,390832,3885828,421.053,148.371,0,23627.060,0,1674.185,10898,14582,2.160,2.170,1.550,3,1,141.353,0,0,13,34,0,10,0
28-08 08:21:22,43.293,28.028,19.269,7.507,0,1594856,10359960,393216,3888160,300.297,0,1229.216,28864.561,13.013,2164.141,12354,16389,2.160,2.170,1.550,5,1,91.090,0,0,13,34,0,10,0
28-08 08:21:23,42.629,27.920,18.447,8.974,0,1619316,10328800,395856,3892552,16295.579,9318.454,2050.160,28925.599,30.912,2153.864,13200,18413,2.160,2.170,1.550,7,0,82.764,0,0,13,37,0,10,0
28-08 08:21:24,45.850,35.773,14.108,3.527,0,1619140,10325804,398200,3892728,4451.014,3407.036,0,27022.502,0,1937.808,12055,15887,2.310,2.200,1.560,6,0,70.539,0,0,13,37,0,10,0
28-08 08:21:25,49.453,30.471,17.483,1.998,0,1619584,10323356,399392,3893512,18942.977,10162.331,7.992,12036.548,1.998,1048.003,10633,14551,2.310,2.200,1.560,7,1,75.928,0,0,13,37,0,10,0
28-08 08:21:26,39.194,33.031,15.037,9.614,0,1631632,10307068,401544,3895288,4789.054,4017.993,1975.965,21370.795,157.762,1633.820,11993,16477,2.310,2.200,1.560,4,0,98.601,0,0,13,37,0,10,0
28-08 08:21:27,43.678,28.529,22.218,3.030,0,1645648,10289960,403448,3896348,4041.591,2869.105,803.875,23106.345,13.129,1881.430,12041,17094,2.310,2.200,1.560,6,0,89.880,0,0,13,37,0,10,0
28-08 08:21:28,31.859,21.072,39.635,4.766,0,1641672,10289736,405856,3898000,4979.985,4389.973,0,27317.171,0,2133.276,13518,18204,2.310,2.200,1.560,4,0,57.195,0,0,13,37,0,10,0
28-08 08:21:29,36.892,20.303,34.912,4.952,0,1559748,10367608,408048,3899760,44987.036,24095.494,0,31019.395,0,2328.435,13933,18236,2.290,2.200,1.560,3,0,61.405,0,0,13,36,0,10,0
28-08 08:21:30,36.237,20.383,35.733,5.033,0,1592956,10331068,409556,3901496,44866.976,22031.866,0,30732.681,0,2597.964,13064,17184,2.290,2.200,1.560,1,1,27.177,0,0,13,36,0,10,0
28-08 08:21:31,41.037,18.266,33.280,5.755,0,1627060,10293800,411088,3903044,20540.481,465072.437,0,35804.214,0,2644.379,14440,19779,2.290,2.200,1.560,1,1,27.024,0,0,13,36,0,10,0
28-08 08:21:32,35.794,16.385,41.088,5.293,0,1624384,10293324,412224,3904968,23231.903,442015.153,0,30704.305,0,2415.852,14325,19725,2.290,2.200,1.560,2,1,67.555,0,0,13,37,0,10,0
28-08 08:21:33,37.013,15.545,37.753,5.675,0,1621172,10293072,413916,3906648,16892.643,9373.615,0,30889.403,0,2392.507,14216,19476,2.290,2.200,1.560,3,1,38.493,0,0,13,37,0,10,0
28-08 08:21:34,34.991,13.845,45.312,4.783,0,1620740,10289824,416008,3908140,19329.975,11520.250,0,24991.925,0,2072.255,12903,17721,2.260,2.200,1.560,3,1,21.145,0,0,13,37,0,10,0
28-08 08:21:35,36.177,13.972,41.416,4.491,0,1620348,10286800,418148,3909324,17844.989,10538.733,0,30234.986,0,2113.734,13025,17390,2.260,2.200,1.560,2,1,22.954,0,0,13,37,0,10,0
28-08 08:21:36,35.079,13.280,44.851,4.009,0,1620148,10283272,419992,3911112,4407.913,3681.279,0,24851.888,0,1929.339,12457,15749,2.260,2.200,1.560,2,0,12.027,0,0,13,37,0,10,0
28-08 08:21:37,40.480,14.243,38.231,4.498,0,1554336,10346208,422200,3911704,18310.779,10132.897,0,27206.300,0,2050.967,11815,15753,2.260,2.200,1.560,2,0,26.986,0,0,13,34,0,12,0
28-08 08:21:38,30.897,21.927,45.848,0.249,0,1443380,10457100,422260,3911704,390.702,0,0,1542.875,0,75.748,4427,2383,2.260,2.200,1.560,2,0,89.702,0,0,13,32,0,12,0
28-08 08:21:39,25.106,28.370,44.940,0,0,1481820,10418620,422268,3911736,15039.681,7489.713,0,88.374,0,7.030,4917,2540,2.320,2.210,1.570,3,0,138.587,0,0,13,32,0,12,0
28-08 08:21:40,19.010,14.758,66.036,0.250,0,1509280,10390956,422464,3911736,1965.077,1804.989,0,4978.728,0,252.138,3546,2405,2.320,2.210,1.570,0,0,54.030,0,0,13,33,0,12,0
28-08 08:21:41,18.244,5.498,74.474,0,0,1509024,10391208,422464,3911740,48610.201,40205.105,0,375.870,0,3.999,2492,1667,2.320,2.210,1.570,2,0,1.999,0,0,13,33,0,12,0
28-08 08:21:42,15.509,4.502,78.793,0,0,1509228,10390984,422464,3911756,33792.543,19165.517,0,0,0,0,3745,3386,2.320,2.210,1.570,0,0,0,0,0,13,33,0,12,0
28-08 08:21:43,15.749,4.250,78.246,0,0,1509396,10390760,422464,3911812,34096.350,18789.091,43.998,0,1.000,0,3602,3238,2.320,2.210,1.570,0,0,0,0,0,13,33,0,12,0
28-08 08:21:44,15.253,5.001,78.513,0,0,1509844,10390296,422464,3911828,19455.288,11227.898,0,0,0,0,3635,3296,2.300,2.210,1.580,1,0,2.000,0,0,13,33,0,12,0
28-08 08:21:45,19.499,3.500,75.497,0,0,1506676,10393404,422500,3911848,18259.259,9663.608,0,551.978,0,41.998,3380,3108,2.300,2.210,1.580,1,0,0,0,0,13,32,0,12,0
28-08 08:21:46,16.750,14.500,68.251,0,0,1445184,10454892,422508,3911848,14944.169,7606.086,0,7132.081,0,485.005,3379,1785,2.300,2.210,1.580,1,0,31.000,0,0,13,32,0,12,0
28-08 08:21:47,21.250,6.250,71.250,0,0,1480464,10419616,422512,3911848,360.001,0,0,344.001,0,13.000,2156,1163,2.300,2.210,1.580,2,0,2.000,0,0,13,32,0,12,0
28-08 08:21:48,13.497,3.999,81.734,0,0,1495800,10404272,422512,3911856,20073.139,12720.553,0,0,0,0,2144,1596,2.300,2.210,1.580,1,0,0,0,0,13,33,0,12,0
28-08 08:21:49,18.239,4.747,75.703,0,0,1495796,10404272,422512,3911860,16667.550,9515.035,0,0,0,0,2416,1747,2.190,2.190,1.570,1,0,0,0,0,13,33,0,12,0
28-08 08:21:50,15.976,3.994,78.882,0,0,1495780,10404272,422512,3911876,5369.935,4266.592,0,0,0,0,3382,3037,2.190,2.190,1.570,1,0,1.997,0,0,13,33,0,12,0
28-08 08:21:51,16.013,4.003,78.564,0,0,1495548,10404272,422512,3912108,19358.831,11756.614,12.010,4.003,1.001,1.001,3473,3158,2.190,2.190,1.570,0,0,0,0,0,13,33,0,12,0
28-08 08:21:52,15.493,3.748,79.462,0,0,1495528,10404272,422512,3912124,5607.293,4329.909,0,7.996,0,1.999,3437,3134,2.190,2.190,1.570,1,0,0,0,0,13,33,0,12,0
28-08 08:21:53,16.780,11.020,70.627,0,0,1433216,10466580,422512,3912128,16437.673,8631.581,0,44.080,0,3.005,3426,2238,2.190,2.190,1.570,2,0,55.099,0,0,13,32,0,13,0
28-08 08:21:54,17.719,9.983,71.625,0,0,1457912,10441884,422512,3912128,359.371,0,0,0,0,0,2291,1390,2.100,2.170,1.570,1,0,1.997,0,0,13,32,0,13,0
28-08 08:21:55,21.040,6.011,71.886,0,0,1489280,10410488,422540,3912128,661.248,0,0,404.764,0,28.053,2318,1462,2.100,2.170,1.570,2,0,0,0,0,13,32,0,13,0
28-08 08:21:56,23.967,10.735,64.661,0,0,1512952,10386812,422540,3914980,20435.840,12463.825,0,7.989,0,0.999,3195,8088,2.100,2.170,1.570,3,0,38.946,0,0,13,33,0,13,0
28-08 08:21:57,20.530,6.259,72.356,0,0,1497796,10401960,422540,3912140,2826.154,1828.688,0,4.006,0,1.001,3019,6331,2.100,2.170,1.570,2,0,0,0,0,13,33,0,14,0
28-08 08:21:58,18.995,5.249,74.479,0,0,1426208,10473528,422540,3912160,3390.038,2125.397,0,3.999,0,1.000,2994,2280,2.100,2.170,1.570,1,0,12.996,0,0,13,32,0,15,0
28-08 08:21:59,16.754,12.003,70.766,0,0,1458968,10440768,422540,3912160,15394.476,7783.758,0,0,0,0,2630,1603,2.010,2.150,1.560,1,0,23.005,0,0,13,32,0,15,0
28-08 08:22:00,21.488,5.747,71.711,0,0,1492232,10407504,422540,3912160,359.802,0,0,0,0,0,2062,1054,2.010,2.150,1.560,1,0,0,0,0,13,32,0,14,0
28-08 08:22:01,12.504,4.252,82.530,0,0,1504316,10395408,422548,3912164,6197.219,5090.823,0,64.023,0,3.001,2179,1624,2.010,2.150,1.560,2,0,0,0,0,13,33,0,14,0
28-08 08:22:02,17.750,4.750,76.501,0,0,1504276,10395408,422576,3912176,3228.046,1681.024,0,1372.020,0,241.003,3050,2174,2.010,2.150,1.560,1,0,2.000,0,0,13,32,0,15,0
28-08 08:22:03,14.711,12.716,69.815,0.249,0,1468448,10431200,422608,3912180,15329.421,7827.280,0,319.155,0,17.952,3231,1824,2.010,2.150,1.560,1,0,59.842,0,0,13,32,0,15,0
28-08 08:22:04,19.552,8.021,71.941,0,0,1472460,10427168,422620,3912184,748.991,0,0,136.363,0,11.029,2232,1256,2.010,2.140,1.570,1,0,0,0,0,13,32,0,15,0
28-08 08:22:05,22.368,5.781,72.382,0,0,1472712,10426916,422620,3912184,1398.386,0,0,0,0,0,2192,1111,2.010,2.140,1.570,1,0,2.011,0,0,13,32,0,15,0
28-08 08:22:06,12.892,4.959,79.832,0,0,1476144,10423440,422620,3912224,6061.312,5148.942,0,0,0,0,2343,1695,2.010,2.140,1.570,1,0,0.992,0,0,13,33,0,15,0
28-08 08:22:07,16.794,4.762,78.205,0,0,1477140,10422432,422620,3912236,3513.212,3273.584,0,212.557,0,5.013,2831,2331,2.010,2.140,1.570,1,0,0,0,0,13,33,0,15,0
28-08 08:22:08,18.213,4.990,75.096,0,0,1421684,10477876,422620,3912248,18670.810,9559.447,0,0,0,0,2972,2373,2.010,2.140,1.570,2,0,6.986,0,0,13,32,0,14,0
28-08 08:22:09,14.037,14.037,71.189,0,0,1445284,10454276,422620,3912248,1004.661,0,0,4.011,0,1.003,2670,1598,1.930,2.120,1.560,1,0,38.101,0,0,13,32,0,14,0
28-08 08:22:10,20.750,6.750,72.250,0,0,1477048,10422504,422628,3912248,988.997,0,0,84.000,0,3.000,2002,1082,1.930,2.120,1.560,2,0,0,0,0,13,32,0,14,0
28-08 08:22:11,13.747,3.999,81.232,0,0,1493500,10406048,422628,3912252,2896.365,4992.905,0,39.991,0,1.000,2123,1578,1.930,2.120,1.560,1,0,2.000,0,0,13,33,0,14,0
28-08 08:22:12,19.736,5.746,73.947,0,0,1493468,10406048,422652,3912260,3948.184,1239.116,0,155.889,0,10.992,2651,2050,1.930,2.120,1.560,1,0,0,0,0,13,33,0,10,0
28-08 08:22:13,12.246,3.749,81.726,0,0,1493444,10406048,422660,3912272,19952.123,11319.666,0,179.947,0,8.997,3158,2865,1.930,2.120,1.560,1,0,0,0,0,13,33,0,10,0
28-08 08:22:14,15.019,13.768,69.840,0,0,1453744,10445580,422688,3912412,1481.919,983.273,0,380.493,0,31.040,3882,2607,1.850,2.110,1.560,2,0,67.087,0,0,13,32,0,11,0
28-08 08:22:15,4.745,26.970,66.177,0,0,1449568,10449672,422704,3912480,479.468,0,0,223.752,0,10.988,4375,2451,1.850,2.110,1.560,4,0,156.826,0,0,13,32,0,11,0
28-08 08:22:16,6.006,27.025,65.310,0,0,1444464,10454740,422708,3912512,1152.066,148.137,0,256.237,0,14.013,4465,2510,1.850,2.110,1.560,1,0,153.142,0,0,13,32,0,9,0
28-08 08:22:17,6.251,26.004,66.260,0,0,1428380,10470824,422708,3912512,600.089,0,0,872.129,0,183.027,4676,2493,1.850,2.110,1.560,1,0,142.021,0,0,13,32,0,9,0
28-08 08:22:18,15.002,36.006,46.757,0.250,0,1424404,10474748,422752,3912516,480.075,0,0,236.037,0,21.003,5108,2908,1.850,2.110,1.560,3,0,201.031,0,0,13,32,0,11,0
28-08 08:22:19,49.490,25.624,24.619,0,0,1469720,10429192,422796,3912704,602.918,0,0,643.113,0,41.199,4848,2742,1.940,2.120,1.570,3,0,82.399,0,0,13,32,0,15,0
28-08 08:22:20,63.072,12.963,22.437,0,0,1553352,10345332,422828,3912860,45172.277,77897.747,0,127.639,0,11.966,4260,1768,1.940,2.120,1.570,4,0,2.992,0,0,13,32,0,15,0
28-08 08:22:21,61.264,15.690,22.414,0,0,1647664,10249584,422900,3914056,44402.817,22919.639,0,239.078,0,9.962,4448,1748,1.940,2.120,1.570,3,0,1.992,0,0,13,32,0,14,0
28-08 08:22:22,63.590,13.519,22.532,0.501,0,1726048,10169476,422960,3915480,29749.960,15099.297,4.006,416.588,1.001,57.081,4408,1659,1.940,2.120,1.570,3,0,0,0,0,13,32,0,14,0
28-08 08:22:23,59.987,16.496,22.495,0,0,1844248,10049776,423008,3916840,15000.744,7618.347,0,683.852,0,11.997,4307,1608,1.940,2.120,1.570,3,0,2.000,0,0,13,32,0,14,0
28-08 08:22:24,62.281,15.076,18.783,2.224,0,1871068,10018860,423516,3920044,15230.249,7533.071,786.919,11277.858,8.897,513.079,6380,4744,2.030,2.140,1.580,4,0,11.863,0,0,13,38,0,14,0
28-08 08:22:25,46.009,23.633,24.387,3.771,0,1866532,10012320,427808,3926500,59782.196,30789.148,0,38086.185,0,2891.260,16189,22896,2.030,2.140,1.580,2,0,108.611,0,0,13,38,0,14,0
28-08 08:22:26,36.292,21.024,32.037,6.257,0,1865960,10003024,432560,3931312,30132.041,14919.350,0,54351.206,0,3369.919,16822,23778,2.030,2.140,1.580,3,0,114.133,0,0,13,38,0,14,0
28-08 08:22:27,37.117,21.174,32.384,7.473,0,1866324,9990680,437676,3937844,14950.253,7431.284,0,50354.972,0,3230.387,16408,23497,2.030,2.140,1.580,5,0,113.592,0,0,13,38,0,14,0
28-08 08:22:28,34.518,19.510,33.768,7.504,0,1866028,9981608,442172,3942456,15255.071,7299.862,0,48241.522,0,3436.818,17025,24174,2.030,2.140,1.580,7,0,111.059,0,0,13,38,0,14,0
28-08 08:22:29,40.814,18.279,33.052,6.510,0,1866016,9973796,445664,3946524,45446.120,23707.100,0,42614.689,0,2993.685,15394,21948,2.190,2.170,1.590,4,0,77.121,0,0,13,38,0,14,0
28-08 08:22:30,47.739,23.870,19.394,4.973,0,1766136,10066284,448636,3950744,50233.443,888054.228,0,46175.621,0,2874.290,14703,21295,2.190,2.170,1.590,5,0,118.353,0,0,13,36,0,14,0
28-08 08:22:31,43.580,24.687,23.679,5.542,0,1783368,10040104,452188,3955844,60491.396,31175.730,0,33505.345,0,2519.047,13814,19511,2.190,2.170,1.590,2,0,114.869,0,0,13,36,0,14,0
28-08 08:22:32,49.795,20.914,21.412,6.224,0,1804216,10011128,455688,3960220,44724.837,23047.099,0,50245.106,0,3173.931,15688,21945,2.190,2.170,1.590,3,0,71.705,0,0,13,36,0,14,0
28-08 08:22:33,55.780,18.091,21.106,3.769,0,1832272,9977040,458052,3963688,29556.417,14828.461,4.020,33966.563,1.005,2077.432,11535,15490,2.190,2.170,1.590,4,1,0,0,0,13,36,0,14,0
28-08 08:22:34,46.277,20.899,24.383,5.971,0,1858228,9939976,461380,3971084,29446.222,14522.079,0,44195.209,0,2796.535,14010,19569,2.410,2.210,1.610,5,0,0,0,0,13,36,0,14,0
28-08 08:22:35,45.345,22.798,23.299,6.514,0,1859564,9930932,464480,3975424,15382.176,7311.294,0,54582.174,0,3038.356,14587,21034,2.410,2.210,1.610,3,1,22.046,0,0,13,36,0,14,0
28-08 08:22:36,46.556,19.023,27.033,5.507,0,1741912,10044080,467668,3976616,30032.142,15658.845,0,36588.032,0,2820.394,14498,21204,2.410,2.210,1.610,4,1,56.067,0,0,13,36,0,14,0
28-08 08:22:37,35.134,25.096,32.122,5.270,0,1741112,10039568,470764,3978700,45690.121,23814.756,0,38117.262,0,2625.004,14084,19315,2.410,2.210,1.610,3,1,107.409,0,0,13,36,0,14,0
28-08 08:22:38,45.036,12.077,37.236,5.032,0,1739944,10038056,472120,3979960,44617.108,22257.228,0,29954.067,0,2134.544,11576,14184,2.410,2.210,1.610,2,0,41.262,0,0,13,36,0,14,0
28-08 08:22:39,26.864,27.361,43.778,0,0,1485404,10292552,472144,3979972,44945.944,30521.135,0,1568.044,0,81.586,4729,2601,2.460,2.230,1.620,2,0,144.268,0,0,13,32,0,14,0
28-08 08:22:40,10.996,21.243,65.728,0.250,0,1485924,10291912,472252,3979984,60265.828,38035.269,0,5350.209,0,261.912,4611,2990,2.460,2.230,1.620,1,0,103.965,0,0,13,32,0,14,0
28-08 08:22:41,21.918,6.227,71.483,0,0,1486168,10291660,472260,3979984,45101.374,23041.851,0,39.851,0,2.989,2306,1217,2.460,2.230,1.620,3,0,2.989,0,0,13,32,0,12,0
28-08 08:22:42,21.093,6.529,71.564,0,0,1512628,10265200,472260,3979984,29778.632,14656.294,0,0,0,0,2238,1195,2.460,2.230,1.620,1,0,0,0,0,13,32,0,12,0
28-08 08:22:43,21.995,5.999,71.734,0,0,1542616,10235212,472260,3979984,29761.273,14750.666,0,0,0,0,2228,1181,2.460,2.230,1.620,1,0,0,0,0,13,32,0,12,0
28-08 08:22:44,22.248,5.749,70.993,0,0,1569072,10208752,472260,3979988,30619.949,15234.482,0,167.983,0,35.996,2450,1242,2.340,2.210,1.610,1,0,4.000,0,0,13,32,0,12,0
28-08 08:22:45,23.993,4.499,69.981,0,0,1584932,10192876,472268,3979992,45035.798,23567.615,0,155.958,0,12.996,2998,1999,2.340,2.210,1.610,1,0,0,0,0,13,38,0,12,0
28-08 08:22:46,24.014,4.503,71.041,0,0,1451616,10326192,472268,3979992,44887.807,23493.507,0,4.002,0,1.001,2379,1229,2.340,2.210,1.610,1,0,6.003,0,0,13,32,0,12,0
28-08 08:22:47,18.246,9.998,70.234,0,0,1473852,10303924,472292,3980000,59552.494,30641.051,0,363.917,0,25.994,3171,1972,2.340,2.210,1.610,1,0,23.995,0,0,13,32,0,12,0
28-08 08:22:48,23.496,6.999,68.737,0,0,1500408,10277356,472300,3980004,48725.885,895558.471,0,203.962,0,11.998,2758,1637,2.340,2.210,1.610,1,0,2.999,0,0,13,32,0,12,0
28-08 08:22:49,21.005,6.502,71.517,0,0,1533164,10244596,472304,3980004,29918.924,14661.393,0,184.043,0,35.008,2349,1242,2.240,2.190,1.610,1,0,0,0,0,13,32,0,12,0
28-08 08:22:50,22.754,5.251,71.512,0,0,1561640,10216120,472304,3980004,29755.050,14594.477,0,4.001,0,1.000,2298,1215,2.240,2.190,1.610,1,0,2.000,0,0,13,32,0,12,0
28-08 08:22:51,23.235,4.497,70.703,0,0,1580512,10197224,472324,3980008,30443.752,15901.424,0,595.604,0,39.973,2674,1802,2.240,2.190,1.610,1,0,1.999,0,0,13,34,0,12,0
28-08 08:22:52,16.511,13.009,69.547,0,0,1559560,10218152,472340,3980012,44694.097,23457.797,0,152.102,0,13.009,3336,1947,2.240,2.190,1.610,2,0,59.040,0,0,13,32,0,12,0
28-08 08:22:53,9.990,45.204,42.707,0,0,1536072,10241624,472340,3980020,61051.506,32093.674,0,3688.285,0,27.972,5482,3176,2.240,2.190,1.610,3,0,262.735,0,0,13,32,0,11,0
28-08 08:22:54,11.245,45.479,40.981,0,0,1519936,10257752,472340,3980028,60474.558,34196.482,0,15.993,0,3.998,5585,3238,2.300,2.200,1.620,3,0,261.881,0,0,13,32,0,11,0
28-08 08:22:55,10.467,47.103,39.626,0,0,1517004,10260668,472340,3980044,45987.341,24539.342,0,275.140,0,58.816,5583,3251,2.300,2.200,1.620,3,0,271.153,0,0,13,32,0,11,0
28-08 08:22:56,10.545,47.956,39.168,0,0,1496148,10281512,472340,3980056,61669.118,36251.848,0,24.104,0,5.022,5660,3312,2.300,2.200,1.620,2,0,280.205,0,0,13,32,0,11,0
28-08 08:22:57,18.974,38.947,40.695,0,0,1477064,10300580,472340,3980056,60300.251,30896.114,0,19.973,0,4.993,5603,12669,2.300,2.200,1.620,1,0,208.717,0,0,13,32,0,11,0
28-08 08:22:58,5.758,26.535,65.586,0,0,1469784,10307856,472340,3980060,29566.620,15422.145,0,2094.736,0,116.152,4574,2501,2.300,2.200,1.620,3,0,152.199,0,0,13,32,0,11,0
28-08 08:22:59,6.503,25.761,65.778,0,0,1471072,10306568,472340,3980060,30008.549,15162.341,0,12.005,0,3.001,4420,2476,2.270,2.200,1.620,3,0,155.065,0,0,13,32,0,11,0
28-08 08:23:00,5.494,26.968,65.673,0,0,1465692,10311936,472340,3980072,45849.334,29289.717,0,7.991,0,1.998,4564,2547,2.270,2.200,1.620,2,0,147.827,0,0,13,32,0,11,0
28-08 08:23:01,6.003,25.012,67.532,0,0,1462536,10315072,472348,3980084,60830.408,33039.429,0,452.211,0,28.013,4733,2943,2.270,2.200,1.620,2,0,126.059,0,0,13,32,0,10,0
28-08 08:23:03,5.610,21.707,68.780,0,0,1460340,10317256,472352,3980092,61214.841,33529.335,0,58.536,0,3.902,4024,2447,2.270,2.200,1.620,2,0,110.243,0,0,13,32,0,10,0
28-08 08:23:03,8.461,26.152,63.842,0,0,1459732,10317852,472352,3980100,53633.669,899184.413,0,12.307,0,3.077,4777,2790,2.270,2.200,1.620,2,0,127.172,0,0,13,32,0,10,0
28-08 08:23:04,7.004,25.765,66.289,0,0,1457800,10319780,472352,3980104,60387.244,53681.330,0,20.012,0,5.003,4316,2575,2.250,2.190,1.620,1,0,119.069,0,0,13,32,0,10,0
28-08 08:23:05,5.749,26.495,65.237,0,0,1457600,10319972,472352,3980108,45441.204,22881.571,0,867.832,0,175.966,4663,2582,2.250,2.190,1.620,2,0,121.976,0,0,13,32,0,10,0
28-08 08:23:06,7.503,25.511,64.777,0,0,1457984,10319516,472352,3980176,60592.965,32167.253,32.013,12.005,2.001,3.001,4397,2548,2.250,2.190,1.620,1,0,118.049,0,0,13,32,0,9,0
28-08 08:23:07,15.620,24.050,58.266,0,0,1448532,10328944,472356,3980640,59480.362,31508.506,0,99.177,0,3.967,4754,4535,2.250,2.190,1.620,1,0,78.350,0,0,13,32,0,9,0
28-08 08:23:08,18.651,23.439,57.716,0,0,1444800,10332688,472356,3980640,45393.547,23711.467,0,100.814,0,4.033,4427,4213,2.250,2.190,1.620,2,0,66.537,0,0,13,32,0,9,0
28-08 08:23:09,28.897,23.666,46.086,0.249,0,1481344,10296076,472360,3980704,36667.891,17468.018,51.816,7.972,0.996,1.993,4471,2858,2.310,2.210,1.630,4,0,59.788,0,0,13,32,0,9,0
28-08 08:23:10,44.671,23.339,31.119,0,0,1531852,10245456,472368,3980808,54033.068,31446.511,0,4.015,0,1.004,4465,2152,2.310,2.210,1.630,3,0,71.273,0,0,13,33,0,8,0
28-08 08:23:11,40.485,12.495,46.233,0,0,1587036,10190268,472368,3980808,45580.821,22201.632,0,0,0,0,3476,1552,2.310,2.210,1.630,3,0,1.999,0,0,13,33,0,8,0
28-08 08:23:12,44.783,7.961,47.023,0,0,1640176,10137096,472372,3980832,29869.552,14521.773,0,218.941,0,3.981,3122,1168,2.310,2.210,1.630,3,0,0,0,0,13,33,0,8,0
28-08 08:23:13,51.710,7.782,38.908,0,0,1678128,10098804,472400,3981116,15393.491,7325.739,0,204.832,0,14.057,4490,2990,2.310,2.210,1.630,3,0,17.069,0,0,13,49,0,8,0
28-08 08:23:14,43.262,10.503,46.263,0,0,1700540,10075900,472432,3981488,15170.107,7297.976,0,720.195,0,10.003,3220,1484,2.290,2.200,1.630,2,0,4.001,0,0,13,49,0,7,0
28-08 08:23:15,48.186,10.626,39.784,0.247,0,1731672,10042184,472464,3983760,14771.003,7371.664,79.074,569.332,2.965,52.386,4622,4068,2.290,2.200,1.630,3,0,0,0,0,13,49,0,7,0
28-08 08:23:16,12.624,24.238,61.100,0.252,0,1733104,10039324,472464,3985140,15092.217,7517.831,173.706,367.610,4.040,14.139,4948,4339,2.290,2.200,1.630,3,0,117.151,0,0,13,48,0,7,0
28-08 08:23:17,5.260,23.796,68.133,0.501,0,1737448,10034808,472600,3985168,45665.202,27443.608,120.235,192.376,8.016,9.018,4403,2620,2.290,2.200,1.630,1,0,117.229,0,0,13,48,0,7,0
28-08 08:23:18,10.675,26.563,59.581,0,0,1726924,10045324,472600,3985612,48454.970,23091.480,0,834.129,0,4.965,5832,5370,2.290,2.200,1.630,6,0,158.882,0,0,13,48,0,7,0
28-08 08:23:19,17.379,23.675,58.181,0,0,1727360,10044852,472600,3985632,41299.884,22148.037,0,4.030,0,1.007,4892,4703,2.180,2.180,1.630,1,0,60.448,0,0,13,48,0,7,0
28-08 08:23:20,16.235,24.977,55.949,1.748,0,1728956,10042992,472616,3985372,44479.442,22253.708,99.909,8072.639,13.987,854.221,4864,2663,2.180,2.180,1.630,1,1,62.943,0,0,13,48,0,7,0
28-08 08:23:21,20.320,15.611,44.604,17.346,0,1739344,10028600,472624,3989372,48725.554,894861.979,4052.038,23.789,65.419,3.965,4291,2296,2.180,2.180,1.630,2,0,72.358,0,0,13,49,0,7,0
28-08 08:23:22,42.377,30.521,27.999,0,0,1786740,9981040,472648,3989448,45599.439,24592.661,0,318.835,0,4.036,5608,5282,2.180,2.180,1.630,1,0,85.763,0,0,14,50,0,1,0
28-08 08:23:23,46.036,29.861,23.391,0,0,1765964,10001472,472676,3989716,56321.353,24131.893,0,752.504,0,89.584,5439,5524,2.180,2.180,1.630,5,0,112.477,0,0,14,64,0,1,0
28-08 08:23:24,19.845,45.216,29.641,3.517,0,1821988,9943368,472692,3991524,46103.800,23822.574,2110.060,538.568,43.206,61.292,5999,4381,2.650,2.280,1.660,2,0,228.087,0,0,14,64,0,1,2
28-08 08:23:25,27.136,25.145,44.813,0,0,1866044,9899312,472692,3991536,61011.803,32816.736,0,0,0,0,4813,2854,2.650,2.280,1.660,2,0,86.638,0,0,14,64,0,1,0
28-08 08:23:26,28.866,27.862,42.421,0,0,1890884,9874404,472692,3991540,61201.221,33253.784,0,92.372,0,4.016,4837,2637,2.650,2.280,1.660,3,0,125.505,0,0,14,64,0,1,0
28-08 08:23:27,33.796,28.826,36.032,0,0,1957548,9807712,472692,3992012,48097.334,23331.004,0,3.976,0,0.994,4973,4112,2.650,2.280,1.660,4,0,82.501,0,0,14,64,0,1,0
28-08 08:23:28,28.616,33.636,33.887,3.012,0,1943652,9934164,472704,3880744,56400.166,30340.743,0,8301.584,0,18.073,5584,5566,2.650,2.280,1.660,2,0,89.362,0,0,14,64,0,1,0
28-08 08:23:29,34.815,26.550,36.318,1.002,0,1964796,9911484,472732,3881792,45988.861,23752.346,1446.701,276.516,28.052,7.013,4748,3303,2.920,2.340,1.690,1,0,124.232,0,0,14,64,0,1,0
28-08 08:23:30,24.522,11.010,64.059,0,0,1971720,9896324,472732,3890028,44560.821,22616.718,0,0,0,0,2958,1583,2.920,2.340,1.690,2,0,35.032,0,0,14,64,0,1,0
28-08 08:23:31,17.727,37.451,42.943,0.749,0,1961532,9800380,472732,3994812,60488.329,32593.071,1761.680,3.995,20.972,0.999,4953,2818,2.920,2.340,1.690,2,0,161.787,0,0,16,64,0,1,0
28-08 08:23:32,34.024,28.770,35.525,0,0,1961652,9800240,472732,3994900,44491.146,22677.875,0,0,0,0,5148,4995,2.920,2.340,1.690,2,0,124.087,0,0,16,64,0,1,0
28-08 08:23:33,41.446,23.612,34.915,0,0,1944312,9817540,472732,3994900,45448.347,22380.043,0,4.019,0,1.005,5216,4729,2.920,2.340,1.690,2,0,70.333,0,0,16,64,0,1,0
28-08 08:23:34,30.443,29.700,34.650,2.723,0,1919236,9840708,472740,3996704,44538.393,23643.325,1849.331,546.483,21.780,60.390,4881,2852,3.160,2.400,1.710,3,0,113.851,0,0,16,66,0,1,0
28-08 08:23:35,29.915,25.642,43.239,0,0,1922536,9837408,472740,3996704,60970.773,33832.876,0,0,0,0,4868,2717,3.160,2.400,1.710,2,0,140.778,0,0,16,66,0,1,0
28-08 08:23:36,30.638,25.656,42.096,0,0,1912008,9847928,472740,3996712,68984.848,908167.316,0,0,0,0,5363,2979,3.160,2.400,1.710,3,0,127.532,0,0,16,66,0,1,0
28-08 08:23:37,29.294,27.541,42.564,0,0,1913672,9846252,472740,3996724,45235.931,24616.967,0,8.012,0,2.003,4765,2601,3.160,2.400,1.710,3,0,121.182,0,0,16,66,0,1,0
28-08 08:23:38,29.815,26.307,42.342,0,0,1897604,9862316,472740,3996728,60744.816,32386.278,0,12.026,0,3.007,4810,2580,3.160,2.400,1.710,4,0,113.246,0,0,16,66,0,1,0
28-08 08:23:39,29.739,25.740,43.483,0,0,1887792,9872116,472744,3996736,60076.826,31589.814,0,127.951,0,7.997,4743,2593,3.150,2.410,1.720,3,0,106.959,0,0,16,66,0,1,0
28-08 08:23:40,38.646,23.589,37.642,0,0,1866276,9893620,472744,3997208,44869.166,22488.788,0,8.030,0,2.008,4862,4971,3.150,2.410,1.720,2,0,69.261,0,0,16,66,0,1,0
28-08 08:23:41,39.607,25.657,33.379,0,0,1871532,9888368,472744,3997208,44804.974,22578.351,0,2989.190,0,562.964,5933,5551,3.150,2.410,1.720,2,0,70.744,0,0,16,66,0,1,0
28-08 08:23:42,43.047,28.615,26.873,0,0,1872756,9887124,472744,3996748,45341.551,23897.501,0,0,0,0,5135,2787,3.150,2.410,1.720,3,0,85.597,0,0,16,66,0,1,0
28-08 08:23:43,30.890,35.913,33.150,0,0,1900524,9859332,472752,3996764,61483.996,33412.617,0,48.219,0,2.009,5113,2668,3.150,2.410,1.720,5,0,148.675,0,0,16,67,0,1,0
28-08 08:23:44,27.887,28.385,41.831,0,0,1935368,9824352,472752,3996896,61342.016,29285.609,0,462.132,0,29.879,4857,2694,3.140,2.420,1.720,6,0,121.509,0,0,16,67,0,1,0
28-08 08:23:45,23.355,33.148,42.189,0,0,1973716,9785692,472776,3997108,203271.596,32459.408,0,763.420,0,4.018,5041,2576,3.140,2.420,1.720,4,0,137.616,0,0,16,67,0,1,0
28-08 08:23:46,28.139,30.878,39.096,0.498,0,1990472,9767324,472824,3998608,205539.342,35804.784,31.874,3.984,1.992,0.996,5603,4150,3.140,2.420,1.720,4,0,133.474,0,0,16,67,0,1,0
28-08 08:23:47,23.043,33.062,41.328,0.751,0,2022652,9734732,472836,3998976,189873.687,34863.677,76.143,0,4.008,0,5313,2949,3.140,2.420,1.720,3,0,170.321,0,0,16,71,0,3,0
28-08 08:23:48,23.010,32.264,42.519,0,0,2069656,9687580,472836,3999112,193885.974,34983.512,0,608.270,0,3.001,5068,2719,3.140,2.420,1.720,2,0,132.059,0,0,16,71,0,3,0
28-08 08:23:49,25.599,30.818,42.002,0,0,2100260,9656808,472840,3999244,178008.770,865675.754,0,938.458,0,6.959,5171,3028,3.050,2.420,1.730,2,0,124.266,0,0,16,71,0,3,0
28-08 08:23:50,27.148,29.410,42.733,0.251,0,2121004,9635896,472844,3999404,224380.954,59836.128,4.022,16.088,1.005,4.022,5050,2764,3.050,2.420,1.730,3,0,114.625,0,0,16,71,0,3,0
28-08 08:23:51,28.507,27.756,42.510,0,0,2127220,9629328,472844,3999748,187749.205,29174.714,0,16.004,0,4.001,5045,2715,3.050,2.420,1.730,2,0,111.026,0,0,16,71,0,3,0
28-08 08:23:52,9.254,24.759,62.524,0,0,2133600,9622668,472844,4000016,200912.664,37548.328,0,20.008,0,5.002,4756,2895,3.050,2.420,1.730,2,0,109.042,0,0,16,71,0,3,0
28-08 08:23:53,7.511,29.541,58.082,3.255,0,2115580,9640532,472852,4000164,203028.007,37210.235,4.006,12056.925,1.001,13.018,4750,2821,3.050,2.420,1.730,1,1,115.162,0,0,16,71,0,3,0
28-08 08:23:54,17.751,24.252,53.504,2.750,0,2096196,9659736,472856,4000384,187313.565,29274.433,0,51944.316,0,122.010,5430,5278,2.880,2.390,1.720,1,0,71.006,0,0,16,71,0,3,0
28-08 08:23:55,18.735,23.981,55.956,0,0,2095992,9659768,472856,4000900,185417.136,29666.822,0,41695.424,0,34.973,4965,4646,2.880,2.390,1.720,1,0,69.945,0,0,16,71,0,3,0
28-08 08:23:56,28.228,30.975,39.219,0.500,0,2152668,9602836,472856,4001076,138985.996,27933.891,87.930,1534.785,1.998,1.998,4627,2808,2.880,2.390,1.720,3,0,76.939,0,0,16,71,0,3,0
28-08 08:23:57,45.654,40.165,12.973,0,0,2224532,9530764,472868,4002636,279810.903,39853.809,0,5747.858,0,710.499,6293,5477,2.880,2.390,1.720,18,0,151.680,0,0,16,71,0,3,0
28-08 08:23:58,49.878,35.414,14.215,0,0,2290096,9464708,472868,4001752,514832.709,31678.636,0,7.981,0,1.995,5625,13123,2.880,2.390,1.720,3,0,115.717,0,0,16,71,0,4,0
28-08 08:23:59,53.197,29.610,16.561,0,0,2297392,9456088,472880,4003024,1206435.719,66424.150,0,7399.420,0,13.048,6626,3586,2.890,2.400,1.730,4,0,115.428,0,0,16,71,0,3,0
28-08 08:24:00,50.001,32.664,17.337,0.251,0,2326668,9425108,472900,4004632,1319165.552,54009.510,8.040,12.061,1.005,3.015,6454,3519,2.890,2.400,1.730,4,0,103.520,0,0,16,71,0,3,0
28-08 08:24:01,50.345,32.823,14.561,0,0,2352088,9398976,472916,4005716,420292.481,38133.832,0,2298.099,0,6.910,6078,5020,2.890,2.400,1.730,13,0,139.189,0,0,16,71,0,3,0
28-08 08:24:02,52.170,29.423,16.813,0,0,2366592,9383180,472976,4006716,61648.725,23620.440,31.648,1230.324,0.989,25.714,5606,5430,2.890,2.400,1.730,15,0,62.307,0,0,16,71,0,3,0
28-08 08:24:03,51.967,27.233,15.740,3.748,0,2405520,9341808,473984,4007340,280890.800,872533.563,935.410,747.528,109.931,19.987,5458,3323,2.890,2.400,1.730,4,0,35.977,0,0,16,71,0,3,0
28-08 08:24:04,65.338,35.592,1.271,0,0,2472032,9274580,473984,4008016,791173.745,75592.297,0,1326.074,0,5.085,5918,3409,2.980,2.430,1.740,5,0,174.912,0,0,16,75,0,3,0
28-08 08:24:05,51.600,37.956,8.435,0.248,0,2536972,9206024,474768,4010756,1237852.059,49182.416,0,11336.049,0,1040.924,10844,12374,2.980,2.430,1.740,4,0,136.938,0,0,16,74,2,3,0
28-08 08:24:06,45.236,33.424,17.089,1.257,0,2551044,9181092,475428,4020648,65741.525,32451.076,8.042,15766.144,2.010,938.892,9889,12167,2.980,2.430,1.740,4,0,87.456,0,0,16,75,0,3,0
28-08 08:24:07,46.161,32.687,17.466,0.749,0,2560068,9168588,476304,4023168,125529.665,26021.765,0,8930.759,0,1031.010,10253,12849,2.980,2.430,1.740,7,0,98.809,0,0,16,75,0,3,0
28-08 08:24:08,46.968,32.903,16.828,1.507,0,2586780,9135840,477736,4028080,827368.177,53594.757,4.019,10995.033,1.005,1068.962,11268,13394,2.980,2.430,1.740,4,0,81.378,0,0,16,75,0,3,0
28-08 08:24:09,60.220,33.594,5.226,0,0,2636748,9082160,478132,4030920,755743.966,40575.655,246.854,3647.071,2.986,329.471,8343,9070,3.060,2.450,1.750,11,0,70.672,0,0,16,75,0,3,0
28-08 08:24:10,66.324,28.640,5.276,0,0,2644908,9071064,478168,4033372,1763823.139,72055.147,538.632,4015.625,8.039,48.236,9138,8208,3.060,2.450,1.750,4,0,82.403,0,0,16,81,0,7,0
28-08 08:24:11,53.907,40.368,5.015,0.251,0,2719964,8995020,478540,4033960,172957.989,28511.245,28.082,6338.507,2.006,285.835,6533,6047,3.060,2.450,1.750,3,0,133.389,0,0,16,85,0,11,0
28-08 08:24:12,46.924,41.959,8.938,0.248,0,2758804,8953064,478556,4037032,401955.835,40927.900,143.007,9021.378,2.979,1040.775,8374,7382,3.060,2.450,1.750,7,0,132.083,0,0,16,93,2,19,0
28-08 08:24:13,29.405,31.918,37.950,0,0,2801080,8910748,478580,4037056,66151.755,34111.839,0,237.251,0,15.079,5557,4460,3.060,2.450,1.750,3,0,116.615,0,0,16,97,0,19,0
28-08 08:24:14,28.323,29.325,41.356,0,0,2827772,8883956,478640,4037092,85581.372,24906.844,0,1720.410,0,80.206,5069,2914,3.060,2.460,1.760,2,0,114.293,0,0,16,97,0,19,0
28-08 08:24:15,27.463,32.456,38.448,0,0,2832768,8878676,478644,4037364,333090.335,33297.249,0,431.420,0,10.985,5039,2857,3.060,2.460,1.760,2,0,120.838,0,0,16,96,0,19,0
28-08 08:24:16,36.001,27.500,35.751,0,0,2847260,8864156,478644,4037868,44580.697,22890.358,0,12.000,0,3.000,5274,4973,3.060,2.460,1.760,2,0,83.001,0,0,16,98,0,19,0
28-08 08:24:17,38.569,28.801,31.055,0,0,2851696,8859672,478648,4037868,52633.744,882778.280,0,5654.070,0,631.124,6393,5136,3.060,2.460,1.760,2,0,78.139,0,0,16,98,0,19,0
28-08 08:24:18,33.878,33.131,29.892,1.495,0,2846096,8863516,478648,4039116,60129.516,32678.348,115.584,0,4.982,0,6086,5853,3.060,2.460,1.760,3,0,85.691,0,0,16,96,0,21,0
28-08 08:24:19,24.030,29.787,44.805,0,0,2868420,8841164,478648,4039132,45812.504,25094.952,0,0,0,0,4917,2521,2.970,2.460,1.760,2,0,113.140,0,0,16,96,0,21,0
28-08 08:24:20,27.093,26.596,44.244,0,0,2910228,8799344,478656,4039132,60219.143,33026.672,0,2302.660,0,7.954,4903,2556,2.970,2.460,1.760,3,0,121.297,0,0,16,96,0,21,0
28-08 08:24:21,31.215,29.452,38.263,0,0,2930748,8778752,478704,4039156,61174.527,34108.469,0,575.959,0,41.284,5006,2961,2.970,2.460,1.760,6,0,120.831,0,0,16,100,0,21,0
28-08 08:24:22,27.697,31.406,38.825,0,0,2953580,8755892,478712,4039172,44625.768,24484.129,0,201.792,0,17.805,4771,2706,2.970,2.460,1.760,3,0,116.723,0,0,16,102,0,21,0
28-08 08:24:23,27.552,28.564,42.466,0,0,2977716,8731596,478712,4039332,61097.585,31673.638,0,12.133,0,3.033,4722,2774,2.970,2.460,1.760,2,0,111.221,0,0,16,104,0,21,0
28-08 08:24:24,29.160,32.176,38.209,0.503,0,2987864,8721388,478716,4039384,60430.864,31874.516,44.242,225.233,3.017,5.028,4732,2618,3.060,2.480,1.770,4,0,118.650,0,0,16,104,0,21,0
28-08 08:24:25,29.857,34.052,32.572,0,0,3010984,8696876,478752,4040744,45049.579,23816.799,0,2301.731,0,258.599,7356,7251,3.060,2.480,1.770,6,0,122.391,0,0,16,106,0,24,0
28-08 08:24:26,15.131,33.037,50.942,0,0,3028064,8679600,478772,4041364,60605.352,31719.481,0,310.698,0,21.184,5718,5690,3.060,2.480,1.770,1,0,128.113,0,0,16,106,0,24,0
28-08 08:24:27,21.203,20.216,55.718,0,0,3034180,8673456,478796,4041356,43957.311,20691.710,0,236.680,0,19.723,5289,5549,3.060,2.480,1.770,14,0,71.004,0,0,16,106,0,24,0
28-08 08:24:28,17.434,19.708,62.158,0,0,3030008,8677400,478820,4041476,45123.337,24440.544,0,185.967,0,12.128,3392,2303,3.060,2.480,1.770,4,0,16.171,0,0,16,108,0,24,0
28-08 08:24:29,46.300,31.863,21.159,0,0,3105436,8601940,478836,4041500,45260.837,24737.334,0,151.347,0,8.961,5243,2562,3.050,2.490,1.780,3,0,109.528,0,0,16,108,0,24,0
28-08 08:24:30,39.091,15.286,45.356,0,0,3157836,8549524,478836,4041516,59771.123,30831.764,0,0,0,0,3462,1586,3.050,2.490,1.780,4,0,5.012,0,0,16,109,0,24,0
28-08 08:24:31,39.387,14.551,44.656,0,0,3186612,8519880,478948,4042216,36010.445,854093.295,0,1830.376,0,116.406,4978,3920,3.050,2.490,1.780,2,0,23.080,0,0,16,112,0,25,0
28-08 08:24:32,6.261,23.540,68.365,0,0,3195660,8510816,478956,4042224,45845.057,49098.526,0,112.189,0,7.012,4448,2639,3.050,2.490,1.780,1,0,125.210,0,0,16,112,0,25,0
28-08 08:24:33,6.250,23.749,67.996,0,0,3200944,8505528,478960,4042224,60504.487,33846.035,0,511.970,0,8.999,4466,2692,3.050,2.490,1.780,1,0,123.993,0,0,16,112,0,25,0
28-08 08:24:34,6.977,24.169,66.527,0,0,3197592,8508848,478968,4042232,60365.787,32750.293,0,131.559,0,12.957,4562,2861,3.130,2.520,1.790,3,0,120.596,0,0,16,112,0,25,0
28-08 08:24:35,8.028,23.833,66.230,0,0,3199336,8507088,478980,4042236,64485.764,36133.382,0,128.446,0,12.042,4568,2746,3.130,2.520,1.790,1,0,117.407,0,0,16,114,0,25,0
28-08 08:24:36,16.741,32.983,48.975,0,0,3279956,8426448,478992,4042244,45372.873,24737.391,0,131.933,0,11.994,5075,3028,3.130,2.520,1.790,2,0,121.938,0,0,16,116,0,25,0
28-08 08:24:37,15.011,26.269,56.290,0,0,3281640,8424720,479020,4042260,60743.548,33924.321,0,260.187,0,28.020,5163,3555,3.130,2.520,1.790,2,0,121.087,0,0,16,116,0,25,0
28-08 08:24:38,7.491,24.221,66.420,0,0,3290432,8415908,479028,4042272,60501.436,33531.783,0,8817.425,0,705.154,5521,2655,3.130,2.520,1.790,1,0,122.853,0,0,16,116,0,25,0
28-08 08:24:39,6.256,25.024,67.065,0,0,3292688,8413652,479028,4042272,60833.518,33378.108,0,4.004,0,1.001,4481,2653,2.960,2.490,1.790,1,0,129.124,0,0,16,116,0,25,0
28-08 08:24:40,18.504,10.002,70.764,0,0,3324412,8381900,479052,4042272,44180.877,22054.431,0,284.057,0,22.004,2659,1910,2.960,2.490,1.790,1,0,0,0,0,16,116,0,25,0
28-08 08:24:41,26.141,9.049,64.598,0,0,3354052,8352192,479112,4042280,30277.194,14671.077,0,1150.200,0,50.271,3097,2350,2.960,2.490,1.790,1,0,4.022,0,0,16,120,0,25,0
28-08 08:24:42,12.663,4.718,80.200,0,0,3369924,8336316,479112,4042284,17123.465,12782.263,0,154.937,0,7.945,2327,1823,2.960,2.490,1.790,0,0,0,0,0,16,121,0,25,0
28-08 08:24:43,18.459,6.985,72.591,0,0,3356688,8349532,479124,4042292,19128.983,8301.765,0,3879.479,0,605.670,3213,1383,2.960,2.490,1.790,2,0,0,0,0,16,124,0,25,0
28-08 08:24:44,20.811,4.513,73.968,0,0,3361160,8345020,479140,4042300,33499.695,25046.792,0,232.686,0,20.059,2771,2157,2.800,2.470,1.790,2,0,2.006,0,0,16,122,0,27,0
28-08 08:24:45,12.750,16.750,69.252,0,0,3330156,8376008,479144,4042312,45175.261,26970.753,0,124.003,0,8.000,3452,2144,2.800,2.470,1.790,1,0,63.002,0,0,16,122,0,27,0
28-08 08:24:46,42.020,13.756,43.771,0,0,3367648,8338240,479184,4042544,44072.672,23032.803,0,672.315,0,53.025,5413,5299,2.800,2.470,1.790,1,0,8.004,0,0,16,124,0,28,0
28-08 08:24:47,15.993,5.498,77.216,0,0,3394620,8311248,479196,4042552,16610.791,9729.777,0,107.953,0,9.996,2273,1513,2.800,2.470,1.790,0,0,4.998,0,0,16,125,0,28,0
28-08 08:24:48,19.005,7.002,73.021,0,0,3391836,8314004,479220,4042556,39174.237,881237.791,0,216.062,0,19.005,3336,2391,2.800,2.470,1.790,1,0,2.001,0,0,16,125,0,26,0
28-08 08:24:49,17.749,4.750,76.495,0,0,3388956,8316724,479228,4042700,16042.966,26590.285,0,359.977,0,7.999,2353,1621,2.660,2.440,1.780,2,0,0,0,0,16,127,0,26,0
28-08 08:24:50,20.949,7.980,69.330,0.249,0,3385484,8319788,479328,4042960,14907.452,7439.760,0,654.396,0,74.817,3838,3441,2.660,2.440,1.780,2,0,1.995,0,0,16,127,0,26,0
28-08 08:24:51,25.536,11.015,61.336,0.250,0,3386548,8318464,479528,4043016,480.675,0,0,1658.330,0,196.276,6072,6336,2.660,2.440,1.780,1,0,3.004,0,0,16,130,0,26,0
28-08 08:24:52,21.479,9.491,66.683,0.250,0,3390268,8314508,479624,4043104,15048.940,7760.234,15.984,1202.796,0.999,101.898,4680,4387,2.660,2.440,1.780,1,0,0,0,0,16,130,0,26,0
28-08 08:24:53,26.002,8.501,64.755,0.250,0,3393560,8310980,479836,4043120,16059.306,7470.607,0,4452.362,0,268.022,5238,5293,2.660,2.440,1.780,3,0,2.000,0,0,16,130,0,27,0
28-08 08:24:54,13.523,15.025,69.367,0,0,3320988,8383532,479836,4043140,1709.873,1277.146,0,228.384,0,15.025,3602,2339,2.600,2.430,1.780,1,0,72.121,0,0,16,129,0,28,0
28-08 08:24:55,15.714,13.968,69.343,0,0,3333760,8370724,479856,4043140,30449.038,17217.006,0,255.422,0,19.955,3223,2232,2.600,2.430,1.780,1,0,38.912,0,0,16,129,0,28,0
28-08 08:24:56,24.737,6.497,67.465,0,0,3368008,8336452,479872,4043144,44715.652,22848.070,0,883.539,0,96.949,2825,1705,2.600,2.430,1.780,4,0,2.998,0,0,16,131,0,28,0
28-08 08:24:57,14.253,5.501,79.766,0,0,3384608,8319832,479884,4043152,17463.528,10220.065,0,312.063,0,21.004,2489,2057,2.600,2.430,1.780,1,0,1.000,0,0,16,132,0,28,0
28-08 08:24:58,29.814,15.283,54.116,0,0,3401792,8302640,479888,4043228,34029.143,18880.582,0,160.345,0,10.022,3943,10466,2.600,2.430,1.780,1,0,36.078,0,0,16,132,0,29,0
28-08 08:24:59,15.008,6.754,76.793,0,0,3386296,8318124,479900,4043156,16317.219,9449.339,0,172.097,0,9.005,2237,1598,2.470,2.410,1.780,0,0,2.001,0,0,16,132,0,29,0
28-08 08:25:00,19.734,9.492,69.194,0,0,3388976,8315352,479972,4043168,16418.759,7583.884,0,575.536,0,65.947,4119,3728,2.470,2.410,1.780,2,0,0,0,0,16,132,0,28,0
28-08 08:25:01,20.250,9.250,69.500,0,0,3391976,8312328,479992,4043172,659.997,0,0,387.998,0,28.000,3738,3195,2.470,2.410,1.780,1,0,0,0,0,16,132,0,28,0
28-08 08:25:02,39.411,16.607,41.642,0,0,3362912,8341308,480052,4043192,16321.692,8790.434,0,765.420,0,65.437,5050,3744,2.470,2.410,1.780,4,0,30.736,0,0,16,133,0,29,0
28-08 08:25:03,27.631,27.631,43.707,0,0,3425368,8278816,480068,4043208,30500.553,16662.972,0,333.581,0,19.090,4257,2322,2.470,2.410,1.780,2,0,75.357,0,0,16,133,0,29,0
28-08 08:25:04,39.636,14.550,45.155,0,0,3457276,8246812,480164,4043208,30928.345,14816.947,0,4696.147,0,610.098,4567,1997,2.440,2.400,1.780,3,0,0,0,0,16,133,0,29,0
28-08 08:25:05,38.532,9.258,51.293,0.250,0,3494932,8209012,480176,4043340,30999.980,17220.432,0,92.077,0,9.008,3089,1284,2.440,2.400,1.780,2,0,2.002,0,0,16,134,0,29,0
28-08 08:25:06,22.479,9.741,66.438,0,0,3505200,8198680,480176,4043388,19529.645,11171.500,0,0,0,0,2663,1621,2.440,2.400,1.780,3,0,0,0,0,16,134,0,29,0
28-08 08:25:07,22.500,23.501,52.001,0,0,3474900,8228932,480180,4043412,48566.066,33243.730,0,8.000,0,2.000,4881,3084,2.440,2.400,1.780,3,0,178.004,0,0,16,133,0,30,0
28-08 08:25:08,16.651,37.776,43.492,0,0,3475796,8227924,480180,4043440,1283.376,0,0,7.953,0,1.988,4988,3149,2.440,2.400,1.780,2,0,230.630,0,0,16,133,0,30,0
28-08 08:25:09,25.080,28.842,43.889,0,0,3489360,8214328,480184,4043444,59745.806,32820.267,0,192.612,0,11.035,5056,3009,2.400,2.400,1.780,3,0,182.580,0,0,16,133,0,30,0
28-08 08:25:10,24.590,19.823,54.450,0,0,3517540,8186132,480196,4043408,30556.414,17475.290,0,397.462,0,22.081,3896,2609,2.400,2.400,1.780,0,0,114.421,0,0,16,134,0,30,0
28-08 08:25:11,15.007,4.752,78.789,0,0,3517504,8186132,480224,4043416,21249.459,12501.153,0,188.093,0,20.010,2446,1845,2.400,2.400,1.780,1,0,2.001,0,0,16,134,0,30,0
28-08 08:25:12,18.992,6.997,72.717,0,0,3483296,8220332,480232,4043432,33905.833,25383.645,0,239.893,0,15.993,2879,1893,2.400,2.400,1.780,1,0,21.990,0,0,16,135,0,31,0
28-08 08:25:13,16.474,13.229,69.392,0,0,3510420,8193204,480236,4043432,46173.942,26071.314,0,71.888,0,5.991,3069,1880,2.400,2.400,1.780,3,0,29.953,0,0,16,135,0,15,0
28-08 08:25:14,21.018,7.757,69.810,0,0,3538400,8165216,480244,4043432,30236.095,14604.604,0,320.276,0,18.016,2637,1774,2.290,2.370,1.780,1,0,2.002,0,0,16,135,0,15,0
28-08 08:25:15,12.496,5.248,81.226,0,0,3548080,8155528,480244,4043436,35506.362,20148.963,0,3.999,0,1.000,2026,1305,2.290,2.370,1.780,1,0,0,0,0,16,136,0,15,0
28-08 08:25:16,16.999,6.000,75.746,0,0,3542336,8161204,480292,4043456,16530.083,8117.550,0,375.979,0,42.998,2766,2130,2.290,2.370,1.780,1,0,0,0,0,16,136,0,15,0
28-08 08:25:17,24.996,8.249,65.490,0,0,3541084,8162388,480328,4043488,16293.608,8656.729,0,571.916,0,57.991,4571,3654,2.290,2.370,1.780,2,0,3.999,0,0,16,137,0,16,0
28-08 08:25:18,11.005,20.259,67.531,0,0,3519212,8184256,480328,4043492,30637.862,16205.332,0,228.103,0,12.005,3830,2290,2.290,2.370,1.780,2,0,82.037,0,0,16,137,0,16,0
28-08 08:25:19,20.749,7.500,70.996,0,0,3546780,8156668,480348,4043492,44431.446,21886.742,0,255.985,0,17.999,2451,1439,2.190,2.350,1.770,2,0,0,0,0,16,137,0,16,0
28-08 08:25:20,20.008,7.503,71.530,0,0,3570784,8132624,480384,4043492,15010.255,7373.072,0,1188.495,0,53.022,2358,1394,2.190,2.350,1.770,1,0,2.001,0,0,16,137,1,16,0
28-08 08:25:21,14.511,5.754,79.058,0,0,3548344,8155060,480384,4043496,41200.465,889317.588,0,8.006,0,2.001,2631,1722,2.190,2.350,1.770,1,0,2.001,0,0,16,138,0,14,0
28-08 08:25:22,16.765,6.256,75.317,0,0,3469152,8234212,480384,4043516,34922.125,74042.992,0,28.025,0,4.004,2618,1618,2.190,2.350,1.770,2,0,20.018,0,0,16,137,0,15,0
28-08 08:25:23,15.488,13.490,69.946,0,0,3476528,8226832,480384,4043520,15400.085,12062.667,0,0,0,0,2896,1757,2.190,2.350,1.770,2,0,36.971,0,0,16,137,0,15,0
28-08 08:25:24,22.496,7.999,69.239,0,0,3510552,8192812,480384,4043520,44734.909,22694.403,0,0,0,0,2469,1425,2.090,2.330,1.770,2,0,3.000,0,0,16,137,0,15,0
28-08 08:25:25,14.252,6.251,77.510,0,0,3526868,8176460,480412,4043524,35282.760,20542.771,0,1800.243,0,329.044,2912,1796,2.090,2.330,1.770,1,0,3.000,0,0,16,138,0,15,0
28-08 08:25:26,17.738,5.746,75.950,0,0,3526848,8176460,480424,4043532,16394.265,8393.504,0,559.634,0,77.949,2369,1754,2.090,2.330,1.770,2,0,1.999,0,0,16,138,0,15,0
28-08 08:25:27,22.915,10.461,64.511,0.498,0,3526696,8176212,480732,4043612,14948.655,7577.944,0,2040.446,0,263.026,5954,6804,2.090,2.330,1.770,1,0,1.993,0,0,16,139,0,15,0
28-08 08:25:28,23.806,10.525,64.152,0.752,0,3529452,8172936,481048,4043804,15099.797,7313.338,0,6808.140,0,401.953,5920,6324,2.090,2.330,1.770,1,0,0,0,0,16,139,0,15,0
28-08 08:25:29,25.786,8.512,64.091,0,0,3480592,8221656,481152,4043840,16471.282,8614.176,0,1013.432,0,106.150,4511,4232,2,2.310,1.760,1,0,8.011,0,0,16,138,0,14,0
28-08 08:25:30,13.340,16.109,70.226,0,0,3505912,8196332,481152,4043844,30766.573,16016.580,0,229.556,0,11.075,3122,1931,2,2.310,1.760,1,0,47.321,0,0,16,138,0,14,0
28-08 08:25:31,21.107,5.960,70.771,0,0,3510864,8191320,481208,4043844,43934.408,21901.648,0,1215.765,0,66.549,2512,1579,2,2.310,1.760,1,0,0,0,0,16,138,0,14,0
28-08 08:25:32,17.762,5.754,76.300,0,0,3535512,8166664,481216,4043844,21049.722,13899.060,0,92.060,0,9.006,2077,1273,2,2.310,1.760,0,0,2.001,0,0,16,139,0,14,0
28-08 08:25:33,15.731,4.744,78.404,0,0,3535508,8166664,481216,4043848,34784.364,19233.425,0,163.799,0,4.994,2168,1429,2,2.310,1.760,1,0,0,0,0,16,140,0,13,0
28-08 08:25:34,14.733,4.994,78.906,0,0,3537012,8165152,481216,4043856,18893.604,11056.894,0,7.991,0,1.998,2798,2135,2,2.300,1.760,3,0,0,0,0,16,139,0,13,0
28-08 08:25:35,22.977,13.486,61.688,0,0,3540176,8161876,481288,4043892,15108.874,7288.703,0,1018.980,0,110.889,5380,5415,2,2.300,1.760,2,0,1.998,0,0,16,139,0,13,0
28-08 08:25:36,18.806,12.036,68.204,0,0,3544160,8157844,481328,4043900,665.993,0,0,461.381,0,43.129,4027,3654,2,2.300,1.760,2,0,0,0,0,16,139,0,13,0
28-08 08:25:37,32.645,13.849,51.688,0,0,3546016,8155828,481440,4043944,15052.402,7363.965,0,985.291,0,112.774,5955,5985,2,2.300,1.760,3,0,0.989,0,0,16,139,0,13,0
28-08 08:25:38,38.116,18.807,40.874,0.251,0,3480872,8220848,481532,4043976,31449.308,18082.800,0,874.651,0,79.240,6077,5481,2,2.300,1.760,2,0,80.243,0,0,16,140,0,14,0
28-08 08:25:39,19.915,9.075,70.837,0,0,3511592,8190104,481552,4043980,44541.407,22561.112,0,367.044,0,19.159,2797,1857,1.920,2.280,1.760,1,0,0,0,0,16,140,0,14,0
28-08 08:25:40,22.001,6.750,70.252,0,0,3545080,8156588,481572,4043984,30050.945,15402.484,0,380.012,0,28.001,2662,1689,1.920,2.280,1.760,1,0,0,0,0,16,140,0,14,0
28-08 08:25:41,13.237,5.495,79.923,0,0,3553576,8148060,481600,4043988,20880.827,13231.217,0,2073.996,0,330.681,2806,1818,1.920,2.280,1.760,2,0,1.998,0,0,16,141,0,14,0
28-08 08:25:42,16.473,5.241,76.623,0,0,3553396,8148060,481728,4044032,18649.191,10690.339,0,1034.291,0,110.817,3819,3645,1.920,2.280,1.760,1,0,0,0,0,16,141,0,14,0
28-08 08:25:43,16.530,13.775,68.122,0,0,3511200,8189976,481992,4044040,16378.346,8578.370,0,5638.102,0,310.556,4211,3622,1.920,2.280,1.760,1,0,48.086,0,0,16,140,0,15,0
28-08 08:25:44,10.255,21.511,66.035,0,0,3514220,8186932,481996,4044044,45785.939,26603.910,0,144.075,0,7.004,3941,2381,1.850,2.260,1.760,1,0,101.053,0,0,16,140,0,15,0
28-08 08:25:45,20.994,6.748,70.978,0,0,3539148,8161968,482032,4044044,44560.306,21881.276,0,467.856,0,25.992,2400,1430,1.850,2.260,1.760,1,0,0,0,0,16,140,0,13,0
28-08 08:25:46,18.753,5.751,75.010,0,0,3563604,8137496,482048,4044044,30507.153,15890.163,0,96.013,0,10.001,2135,1249,1.850,2.260,1.760,0,0,0,0,0,16,141,0,13,0
28-08 08:25:47,14.726,4.742,79.373,0,0,3562544,8138544,482052,4044052,20888.601,12530.964,0,39.936,0,3.994,2172,1532,1.850,2.260,1.760,3,0,4.992,0,0,16,142,0,13,0
28-08 08:25:48,15.742,2.998,80.209,0,0,3559932,8141004,482060,4044192,34255.369,19450.989,0,19.990,0,1.999,2338,1559,1.850,2.260,1.760,2,0,0,0,0,16,141,0,13,0
28-08 08:25:49,18.735,7.744,72.440,0,0,3559388,8141488,482112,4044200,1667.621,362.700,0,335.722,0,33.972,3824,3350,1.780,2.240,1.750,1,0,0,0,0,16,141,0,12,0
28-08 08:25:50,22.273,11.762,63.316,0,0,3560220,8140480,482256,4044228,14959.621,7303.626,0,1077.125,0,128.134,5563,5654,1.780,2.240,1.750,1,0,0,0,0,16,141,0,12,0
28-08 08:25:51,19.532,9.015,69.113,0,0,3562804,8137860,482264,4044256,18634.399,7440.137,0,360.588,0,19.031,3756,3065,1.780,2.240,1.750,2,0,2.003,0,0,16,141,0,12,0
28-08 08:25:52,23.450,18.211,57.128,0,0,3564992,8135592,482288,4044308,15658.587,7428.150,0,530.867,0,39.915,4901,3727,1.780,2.240,1.750,4,0,0,0,0,16,141,0,12,0
28-08 08:25:53,39.814,18.029,40.816,0.250,0,3505836,8194612,482348,4044360,1977.198,1658.683,0,1073.737,0,109.177,6976,7179,1.780,2.240,1.750,3,0,41.066,0,0,16,142,0,13,0
28-08 08:25:54,30.957,26.713,38.945,0,0,3509740,8190600,482404,4044396,18991.390,460145.268,0,1054.522,0,85.880,7201,6866,1.800,2.230,1.750,3,0,119.832,0,0,16,142,0,12,0
28-08 08:25:55,22.955,28.195,46.659,0,0,3510832,8189460,482428,4044420,62862.912,458947.365,0,674.679,0,51.898,6237,5215,1.800,2.230,1.750,1,0,131.742,0,0,16,142,0,12,0
28-08 08:25:56,18.317,10.037,70.758,0.251,0,3534236,8166024,482456,4044424,44361.475,22144.606,0,545.987,0,37.135,2838,1997,1.800,2.230,1.750,2,0,0,0,0,16,142,0,12,0
28-08 08:25:57,21.987,7.246,69.460,0,0,3567480,8132760,482472,4044424,29852.801,14891.421,0,2562.524,0,436.748,3131,1438,1.800,2.230,1.750,1,0,2.998,0,0,16,142,0,12,0
28-08 08:25:58,13.003,5.751,80.015,0,0,3579796,8120412,482500,4044428,20884.029,13240.555,0,1932.373,0,105.020,2559,1901,1.800,2.230,1.750,3,0,6.001,0,0,16,143,0,11,0
28-08 08:25:59,31.003,13.001,55.004,0,0,3581224,8118956,482508,4044432,16700.363,8901.726,0,92.008,0,6.000,3848,12349,1.730,2.210,1.750,2,0,30.002,0,0,16,142,0,13,0
28-08 08:26:00,7.753,22.759,67.526,0,0,3530316,8169852,482512,4044440,15283.966,7298.849,0,44.017,0,3.001,4287,2439,1.730,2.210,1.750,2,0,120.047,0,0,16,142,0,13,0
28-08 08:26:01,6.748,23.242,67.976,0,0,3530168,8170000,482512,4044440,60786.568,35171.599,0,0,0,0,4535,2648,1.730,2.210,1.750,1,0,128.955,0,0,16,142,0,13,0
28-08 08:26:02,6.994,24.477,66.689,0,0,3515328,8184812,482512,4044452,45426.181,24467.476,0,3.996,0,0.999,4462,2648,1.730,2.210,1.750,1,0,129.880,0,0,16,142,0,12,0
28-08 08:26:03,7.006,26.022,65.054,0,0,3512988,8186984,482532,4044600,60516.292,31918.526,0,476.396,0,29.024,4716,3035,1.730,2.210,1.750,1,0,118.098,0,0,16,142,0,12,0
28-08 08:26:04,6.502,25.759,65.774,0,0,3511688,8188268,482532,4044616,60836.204,32972.034,0,96.035,0,7.003,4311,2624,1.670,2.190,1.740,2,0,118.043,0,0,16,142,0,12,0
28-08 08:26:05,15.512,25.520,57.295,0,0,3517500,8182436,482540,4045104,45322.516,22421.570,0,180.141,0,16.013,5457,5484,1.670,2.190,1.740,1,0,96.075,0,0,16,142,0,12,0
28-08 08:26:06,16.743,26.988,53.976,0,0,3513764,8185928,482540,4045140,44800.076,22537.977,0,0,0,0,5582,5698,1.670,2.190,1.740,1,0,75.966,0,0,16,142,0,11,0
28-08 08:26:07,20.706,21.954,56.132,0,0,3538148,8161596,482540,4044672,60218.995,31904.711,0,0,0,0,4237,2466,1.670,2.190,1.740,2,0,63.865,0,0,16,142,0,11,0
28-08 08:26:08,26.945,27.943,43.661,0,0,3575000,8124740,482540,4044676,45978.018,25056.782,0,103.788,0,3.992,4858,2592,1.670,2.190,1.740,2,0,121.751,0,0,16,142,0,11,0
28-08 08:26:09,26.537,28.540,43.561,0,0,3600940,8098792,482556,4044688,60899.222,34546.344,0,128.179,0,17.024,4856,2638,1.700,2.190,1.750,2,0,123.172,0,0,16,142,0,11,0
28-08 08:26:10,30.037,28.285,40.800,0,0,3613000,8086576,482576,4044820,62781.502,484159.681,0,424.524,0,24.030,5222,3301,1.700,2.190,1.750,3,0,115.142,0,0,16,145,0,10,0
28-08 08:26:11,25.522,28.274,44.038,0,0,3607656,8091692,482592,4044992,47452.621,432806.497,0,576.493,0,42.036,5760,4457,1.700,2.190,1.750,1,0,124.106,0,0,16,148,0,10,0
28-08 08:26:12,14.618,29.236,53.021,0,0,3612648,8085744,482592,4045924,60019.838,31436.037,0,285.422,0,4.955,5672,5307,1.700,2.190,1.750,3,0,114.962,0,0,16,148,0,10,0
28-08 08:26:13,29.278,38.617,31.550,0.252,0,3650764,8045968,482612,4047544,45540.528,23789.949,20.192,9506.287,1.010,1008.579,7833,7945,1.700,2.190,1.750,1,0,115.093,0,0,16,154,0,10,0
28-08 08:26:14,17.176,23.648,56.505,0,0,3640524,8056112,482612,4047544,58968.614,29587.859,0,131.431,0,8.961,5166,5471,1.640,2.170,1.740,2,0,77.664,0,0,16,154,0,9,0
28-08 08:26:15,17.558,23.246,57.126,0,0,3635272,8061356,482612,4047636,44216.958,22480.416,0,1131.638,0,4.946,4989,5326,1.640,2.170,1.740,5,0,70.233,0,0,16,154,0,9,0
28-08 08:26:16,36.526,29.424,34.243,0,0,3696088,8000444,482612,4048148,46303.130,25209.211,0,12.175,0,3.044,4807,2742,1.640,2.170,1.740,3,0,90.301,0,0,18,154,0,9,0
28-08 08:26:17,43.098,37.120,18.933,0,0,3757036,7939492,482612,4048152,60535.182,33267.046,0,0,0,0,5169,2668,1.640,2.170,1.740,3,0,142.499,0,0,18,154,0,9,0
28-08 08:26:18,42.739,35.990,18.995,0,0,3802424,7894068,482632,4048168,45683.731,24709.364,0,2947.208,0,367.901,5572,2977,1.640,2.170,1.740,4,0,118.968,0,0,18,154,0,8,0
28-08 08:26:19,48.934,29.259,21.440,0,0,3853976,7842508,482632,4048176,61176.125,34871.017,0,40.358,0,3.027,5217,2630,1.830,2.200,1.750,4,0,130.153,0,0,18,154,0,8,0
28-08 08:26:20,52.656,28.182,16.563,0,0,3873648,7822804,482632,4048204,60099.495,31708.548,0,67.242,0,7.911,5611,3917,1.830,2.200,1.750,7,0,125.584,0,0,18,170,0,8,0
28-08 08:26:21,38.757,32.213,27.683,0.503,0,3882464,7811916,482752,4050084,46058.192,24045.330,8.053,3322.012,2.013,195.294,6665,8119,1.830,2.200,1.750,2,0,129.860,0,0,18,176,0,8,0
28-08 08:26:22,6.748,25.241,66.476,0,0,3884320,7810044,482764,4050088,60526.814,31322.519,0,227.916,0,11.996,4343,2530,1.830,2.200,1.750,1,0,108.960,0,0,18,176,0,7,0
28-08 08:26:23,18.008,22.760,57.525,0,0,3882884,7811440,482784,4050572,44847.622,22413.806,0,1036.453,0,52.023,4823,5478,1.830,2.200,1.750,2,0,72.032,0,0,18,176,0,7,0
28-08 08:26:24,16.989,27.232,54.215,0,0,3886228,7808092,482788,4050572,48217.803,480671.006,0,87.943,0,5.996,5329,5422,2.570,2.340,1.800,1,0,77.950,0,0,18,176,0,7,0
28-08 08:26:25,21.479,28.722,48.203,0,0,3907356,7786824,482800,4050108,47470.650,428255.852,0,435.575,0,25.975,4876,3158,2.570,2.340,1.800,2,0,80.921,0,0,18,176,0,7,0
28-08 08:26:27,25.477,29.601,41.248,0,0,3942572,7751560,482820,4050120,60831.539,32406.348,0,229.048,0,21.352,5017,3018,2.570,2.340,1.800,7,0,120.347,0,0,18,176,0,7,0
28-08 08:26:27,26.535,33.233,40.962,0,0,3965328,7728768,482832,4050140,62604.133,34298.722,0,267.927,0,12.366,6809,2875,2.570,2.340,1.800,3,0,126.750,0,0,18,176,0,7,0
28-08 08:26:28,32.409,28.918,37.395,0,0,3988184,7705872,482864,4050148,45814.821,24626.563,0,741.908,0,111.685,5274,2817,2.570,2.340,1.800,3,0,131.629,0,0,18,180,0,7,0
28-08 08:26:29,17.829,28.125,52.232,0,0,4013920,7680044,482876,4050192,61246.495,32094.795,0,0,0,0,4829,2608,2.440,2.320,1.800,1,0,137.612,0,0,19,180,0,7,0
28-08 08:26:30,20.360,24.285,52.249,0,0,4015376,7678564,482884,4050208,59551.035,32840.789,0,180.541,0,6.868,4751,2832,2.440,2.320,1.800,6,0,122.650,0,0,19,188,0,5,0
28-08 08:26:31,13.766,26.002,59.397,0,0,4022576,7671344,482900,4050212,61531.906,33631.270,0,220.252,0,26.512,4710,3069,2.440,2.320,1.800,1,0,125.421,0,0,19,196,0,5,0
28-08 08:26:32,7.250,25.749,64.996,0,0,4024828,7669088,482900,4050216,46266.469,23610.708,0,11.999,0,3.000,4438,2692,2.440,2.320,1.800,3,0,117.994,0,0,19,196,0,5,0
28-08 08:26:33,7.000,26.001,65.002,0,0,4017480,7676400,482924,4050228,61154.782,31536.919,0,324.009,0,25.001,4777,3119,2.440,2.320,1.800,1,0,121.004,0,0,19,196,0,5,0
28-08 08:26:34,16.750,23.750,57.001,0,0,4014868,7678980,482932,4050724,44764.785,22242.390,0,168.003,0,8.000,4906,5127,2.330,2.300,1.790,1,0,80.001,0,0,19,196,0,5,0
28-08 08:26:35,17.133,24.582,56.117,0,0,4006156,7687692,482940,4050728,44638.945,22426.739,0,286.045,0,16.885,4920,5388,2.330,2.300,1.790,1,0,76.477,0,0,19,196,0,5,0
28-08 08:26:36,21.910,26.695,50.619,0,0,4027888,7665916,482956,4050256,45870.796,23733.221,0,8973.495,0,1056.713,6701,2675,2.330,2.300,1.790,3,0,78.573,0,0,19,196,0,5,0
28-08 08:26:37,23.419,31.142,43.599,0,0,4060556,7633244,482956,4050260,60721.762,33232.937,0,39.862,0,0.997,5085,2656,2.330,2.300,1.790,3,0,126.562,0,0,19,196,0,5,0
28-08 08:26:38,25.814,29.322,42.856,0,0,4091796,7601996,482956,4050268,63248.039,897287.698,0,0,0,0,5147,2928,2.330,2.300,1.790,3,0,120.297,0,0,19,196,0,5,0
28-08 08:26:39,28.361,28.361,41.795,0,0,4110972,7582444,482964,4050628,45010.997,23110.528,0,15.922,0,3.980,4935,2929,2.300,2.290,1.800,4,0,118.419,0,0,19,198,0,4,0
28-08 08:26:40,17.784,27.803,53.102,0,0,4120216,7573180,482976,4050632,60928.886,32293.953,0,352.677,0,22.042,4995,3360,2.300,2.290,1.800,2,0,119.229,0,0,19,202,0,4,0
28-08 08:26:41,25.887,33.283,37.228,0,0,4130848,7560812,482984,4052352,59620.245,28535.983,67.060,394.470,0.986,15.779,7208,7996,2.300,2.290,1.800,5,0,100.590,0,0,19,202,0,4,0
28-08 08:26:42,32.053,31.799,36.123,0,0,4186824,7503916,483044,4053264,45861.521,25194.836,0,439.587,0,35.615,6568,7300,2.300,2.290,1.800,3,0,92.598,0,0,19,208,0,4,0
28-08 08:26:43,17.745,24.243,56.233,0,0,4183912,7506784,483068,4053272,44930.143,22896.938,0,259.920,0,19.994,5179,5236,2.300,2.290,1.800,3,0,77.976,0,0,19,208,0,4,0
28-08 08:26:44,22.805,28.506,46.602,0,0,4207552,7483100,483072,4053188,45431.786,24107.997,0,325.221,0,50.568,5100,2828,2.280,2.290,1.800,3,0,94.195,0,0,19,208,0,4,0
28-08 08:26:45,23.951,33.784,40.843,0.252,0,4242264,7448332,483112,4053200,61573.196,37870.097,0,2315.449,0,37.313,5106,2899,2.280,2.290,1.800,4,0,152.279,0,0,19,208,0,4,0
28-08 08:26:46,24.512,30.265,43.271,0,0,4279000,7411548,483128,4053232,60907.615,32431.769,36.018,144.070,1.000,11.005,5116,2831,2.280,2.290,1.800,2,0,139.068,0,0,19,208,0,4,0
28-08 08:26:47,30.870,28.381,39.334,0,0,4301404,7388936,483144,4053420,60742.243,32224.319,0,342.558,0,22.904,5638,3912,2.280,2.290,1.800,3,0,142.400,0,0,19,210,0,3,0
28-08 08:26:48,31.622,39.653,26.352,0,0,4349040,7338716,483152,4055960,53517.471,29166.525,24.093,369.425,1.004,30.116,7274,8489,2.280,2.290,1.800,1,0,151.585,0,0,19,214,0,3,0
28-08 08:26:49,7.994,29.477,59.704,0.749,0,4349516,7338240,483152,4055960,54123.004,28244.084,0,15523.954,0,1797.605,7761,2811,2.170,2.270,1.790,3,0,146.886,0,0,19,214,0,3,0
28-08 08:26:50,14.503,26.755,56.511,0,0,4344940,7342760,483192,4055972,61007.810,31804.157,0,536.104,0,35.007,4869,3074,2.170,2.270,1.790,1,0,140.027,0,0,19,220,0,3,0
28-08 08:26:51,7.499,26.247,64.243,0,0,4346688,7340996,483208,4055972,66109.197,905262.841,0,191.980,0,17.998,4991,3069,2.170,2.270,1.790,2,0,131.986,0,0,19,220,0,3,0
28-08 08:26:52,5.750,23.752,67.755,0,0,4337084,7350592,483208,4055980,60816.078,33808.267,0,4.000,0,1.000,4535,2794,2.170,2.270,1.790,2,0,133.009,0,0,19,220,0,3,0
28-08 08:26:53,8.747,26.492,62.981,0,0,4346336,7341300,483232,4056000,45278.225,23524.843,0,743.774,0,48.985,4839,3495,2.170,2.270,1.790,3,0,114.965,0,0,19,220,0,3,0
28-08 08:26:54,6.757,25.274,65.563,0,0,4343416,7344216,483232,4056004,60462.282,30693.587,0,12.012,0,3.003,4464,2719,2.160,2.260,1.790,1,0,122.118,0,0,19,220,0,3,0
28-08 08:26:55,7.003,24.760,66.028,0,0,4343072,7344536,483240,4056012,46887.721,23311.805,0,396.167,0,25.011,4645,2997,2.160,2.260,1.790,1,0,110.046,0,0,19,220,0,2,0
28-08 08:26:56,17.284,22.716,57.283,0,0,4350528,7337068,483240,4056016,58673.348,29492.720,0,134.318,0,11.852,4953,5262,2.160,2.260,1.790,3,0,73.085,0,0,19,220,0,2,0
28-08 08:26:57,25.042,24.283,50.084,0,0,4351224,7336348,483240,4056116,45352.968,23455.571,0,165.935,0,17.201,5017,5272,2.160,2.260,1.790,2,0,84.991,0,0,19,224,0,2,0
28-08 08:26:58,22.595,31.533,44.445,0,0,4380636,7306896,483248,4056036,45727.894,24293.130,0,274.117,0,14.898,5065,2917,2.160,2.260,1.790,2,0,107.263,0,0,19,226,0,2,0
28-08 08:26:59,48.610,23.039,28.609,0,0,4472308,7215192,483248,4055872,60929.210,32439.407,0,417.240,0,64.814,4591,13953,2.630,2.360,1.830,3,0,46.585,0,0,19,226,0,2,0
28-08 08:27:00,39.287,13.179,46.249,0,0,4530540,7156956,483248,4056040,44737.473,23102.757,0,0,0,0,3300,1535,2.630,2.360,1.830,3,0,2.984,0,0,19,226,0,2,0
28-08 08:27:01,40.858,16.096,41.353,0,0,4570880,7115380,483248,4057256,29699.217,15255.714,31.696,0,5.943,0,4309,3918,2.630,2.360,1.830,2,0,1.981,0,0,19,226,0,2,0
28-08 08:27:02,39.086,14.626,46.146,0,0,4637460,7048088,483256,4057908,30937.717,14867.695,0,137.178,0,4.035,3723,2376,2.630,2.360,1.830,2,0,5.043,0,0,19,229,0,2,0
28-08 08:27:03,34.287,18.770,46.300,0.250,0,4668464,7016960,483288,4057980,15144.282,7303.853,0,1125.210,0,40.043,4681,3410,2.630,2.360,1.830,2,0,53.057,0,0,19,232,0,1,0
28-08 08:27:04,21.744,34.740,37.739,3.499,0,4612124,7064904,483440,4066156,45746.673,24818.770,8217.606,247.928,96.972,7.998,4806,2813,2.900,2.420,1.850,2,1,92.973,0,0,19,230,0,1,0
28-08 08:27:05,25.177,54.344,12.963,5.484,0,4613124,7051108,483452,4078824,60946.493,31872.218,11750.163,319.081,165.523,15.954,5685,3667,2.900,2.420,1.850,2,1,167.518,0,0,19,230,0,1,0
28-08 08:27:06,32.279,35.259,24.582,7.449,0,4607984,7035768,483604,4099028,48480.549,468087.787,19598.013,353.583,186.723,18.871,5810,3405,2.900,2.420,1.850,4,0,125.144,0,0,19,230,0,1,0
28-08 08:27:07,25.438,34.001,35.008,4.030,0,4618208,7005112,483604,4119384,63913.349,445961.886,20209.038,8.059,200.478,2.015,5780,3625,2.900,2.420,1.850,3,0,129.958,0,0,19,231,0,1,0
28-08 08:27:08,28.572,36.523,31.554,1.739,0,4638912,6975328,483608,4128392,51174.645,28660.703,7779.603,2611.752,80.499,10.932,5438,3496,2.900,2.420,1.850,6,0,119.258,0,0,19,231,0,1,0
28-08 08:27:09,34.427,32.908,26.327,4.810,0,4633580,6962756,483616,4146212,63285.169,32119.501,17294.571,202.513,167.073,9.113,5811,4027,2.820,2.410,1.850,5,0,113.407,0,0,19,232,0,2,0
28-08 08:27:10,32.536,39.739,25.582,0.248,0,4562940,7032392,483616,4147204,60430.766,30722.053,393.414,242.407,7.948,14.902,5503,3795,2.820,2.410,1.850,2,0,107.295,0,0,19,232,0,2,0
28-08 08:27:12,35.878,34.403,22.608,4.423,0,4563048,7021692,483660,4158004,44637.763,23003.015,9452.055,228.045,159.238,14.744,5934,4714,2.820,2.410,1.850,3,0,102.227,0,0,19,232,0,2,0
28-08 08:27:12,29.424,26.155,43.005,1.006,0,4574608,7003536,483660,4164500,51002.114,28945.460,6679.567,0,66.393,0,4600,4102,2.820,2.410,1.850,5,0,85.507,0,0,19,233,0,2,0
28-08 08:27:13,33.203,29.209,35.949,0,0,4572452,7003948,483688,4165788,47333.355,26117.227,966.639,407.426,10.985,32.954,5189,5484,2.820,2.410,1.850,8,0,80.886,0,0,19,233,0,2,0
28-08 08:27:14,52.787,36.117,11.618,0.505,0,4644904,6919640,483724,4177996,64026.277,35267.744,11181.741,517.262,110.120,33.339,5964,4107,3,2.450,1.870,4,1,110.120,0,0,19,234,0,3,0
28-08 08:27:15,63.349,28.909,5.530,1.760,0,4665668,6884868,483792,4191880,45830.583,23461.301,13076.065,3266.000,128.709,259.430,5755,3776,3,2.450,1.870,3,1,45.249,0,0,19,235,0,3,0
28-08 08:27:16,65.453,22.319,4.012,8.025,0,4728832,6810740,483792,4202780,44357.744,22118.685,10524.682,1348.187,106.330,5.016,4789,2470,3,2.450,1.870,3,0,6.019,0,0,19,235,0,3,0
28-08 08:27:17,60.763,24.005,10.752,4.251,0,4809108,6707640,483828,4225456,16337.628,9250.054,21736.826,404.090,203.045,10.002,4852,2875,3,2.450,1.870,2,1,15.003,0,0,19,240,0,3,0
28-08 08:27:18,59.875,24.539,10.552,3.190,0,4844324,6659112,483884,4238484,33447.526,18072.422,11236.861,537.893,108.953,62.820,5185,3264,3,2.450,1.870,4,1,9.816,0,0,19,240,0,3,0
28-08 08:27:19,59.887,17.002,19.793,3.045,0,4847008,6641100,483912,4253588,20333.004,12453.356,13410.526,1222.092,136.014,64.962,6043,5309,3,2.460,1.870,2,1,14.210,0,0,19,239,0,11,0
28-08 08:27:20,30.076,35.793,24.359,7.208,0,4852016,6620660,483916,4268944,16318.669,9666.124,14667.215,8494.895,147.149,962.437,7007,3646,3,2.460,1.870,2,1,120.305,0,0,19,238,0,12,0
28-08 08:27:21,32.305,35.060,31.053,0.501,0,4833896,6637796,483928,4269892,60855.834,33449.072,4.007,324.554,1.002,17.029,5465,3434,3,2.460,1.870,6,0,121.207,0,0,19,238,0,12,0
28-08 08:27:22,30.359,31.106,26.626,9.705,0,4846772,6609384,483960,4285272,60536.207,33604.130,14727.687,768.436,144.331,36.829,5422,3167,3,2.460,1.870,4,0,121.437,0,0,19,239,0,12,0
28-08 08:27:23,34.028,38.091,27.172,1.778,0,4852220,6587956,483984,4301172,57367.601,915048.642,15411.251,548.515,150.334,38.599,6389,4837,3,2.460,1.870,7,0,112.750,0,0,19,241,0,12,0
28-08 08:27:24,20.341,33.489,40.683,3.473,0,4880768,6547072,484028,4313424,65710.836,35523.125,11498.379,488.195,112.126,38.698,5709,4170,3.080,2.490,1.890,3,0,110.142,0,0,19,240,0,13,0
28-08 08:27:25,34.274,44.281,17.012,2.502,0,4828956,6586152,484044,4326540,45753.365,22836.154,12196.628,448.317,121.086,23.016,6452,6107,3.080,2.490,1.890,3,0,147.104,0,0,19,240,0,13,0
28-08 08:27:27,39.532,31.967,24.159,1.952,0,4862276,6539872,484060,4339388,43694.330,22024.816,11881.141,402.155,119.085,20.498,6281,5983,3.080,2.490,1.890,11,0,78.088,0,0,19,240,0,13,0
28-08 08:27:27,37.044,29.178,31.462,1.776,0,4843356,6550060,484068,4347576,46977.333,25182.521,8378.950,211.098,86.266,9.134,5058,3132,3.080,2.490,1.890,4,0,45.670,0,0,19,241,0,13,0
28-08 08:27:28,47.298,37.737,14.089,0.755,0,4906124,6473916,484080,4360876,67145.482,38830.322,12591.225,398.507,129.817,16.101,5628,3425,3.080,2.490,1.890,5,0,108.684,0,0,19,241,0,13,0
28-08 08:27:29,44.767,32.895,17.066,3.215,0,4899576,6465164,484128,4376064,64101.768,36786.742,14242.199,656.906,128.611,44.519,6102,4406,3.390,2.570,1.910,4,0,112.782,0,0,19,244,0,14,0
28-08 08:27:30,50.249,40.499,5.750,2.250,0,4872784,6480980,484132,4386984,45639.043,24247.492,9775.795,223.995,94.998,9.000,5312,3581,3.390,2.570,1.910,6,1,146.997,0,0,19,244,0,14,0
28-08 08:27:31,50.482,39.124,7.320,3.534,0,4932288,6409404,484160,4398936,61978.046,32167.278,11223.210,294.816,115.099,11.106,5539,3502,3.390,2.570,1.910,6,0,133.273,0,0,19,246,0,14,0
28-08 08:27:32,47.065,38.643,11.643,0.743,0,4967800,6359856,484340,4412668,61459.611,33456.136,12437.181,1062.194,138.719,51.524,7087,7260,3.390,2.570,1.910,13,0,104.040,0,0,19,247,0,17,0
28-08 08:27:33,47.104,45.067,7.638,0.255,0,4976364,6346780,484356,4417532,51332.307,29015.861,1352.512,769.954,18.332,38.701,9867,13415,3.390,2.570,1.910,2,0,134.436,0,0,19,251,0,17,0
28-08 08:27:34,41.973,27.982,27.245,0.245,0,4949756,6372976,484412,4417836,47918.622,25213.093,15.709,1810.473,0.982,217.964,7139,8732,3.360,2.570,1.920,11,0,76.582,0,0,19,251,0,18,0
28-08 08:27:35,51.435,29.645,19.003,0,0,4951392,6371296,484432,4417380,45179.365,22347.459,0,283.777,0,26.351,5066,3653,3.360,2.570,1.920,3,0,27.364,0,0,19,253,0,18,0
28-08 08:27:36,54.843,33.903,10.969,0,0,4984572,6337808,484604,4417504,45450.145,24402.280,0,1834.758,0,253.276,7067,7870,3.360,2.570,1.920,3,0,102.707,0,0,19,256,0,18,0
28-08 08:27:37,39.429,30.695,27.451,0,0,5039248,6283124,484604,4417512,67749.633,891292.339,0,247.557,0,10.980,5399,3123,3.360,2.570,1.920,5,0,121.782,0,0,19,257,0,18,0
28-08 08:27:38,40.954,32.663,25.879,0,0,5067108,6255224,484672,4417480,55039.747,30057.039,0,2283.398,0,108.542,5348,3402,3.360,2.570,1.920,5,0,116.582,0,0,19,257,0,18,0
28-08 08:27:39,45.987,36.293,15.412,0.249,0,5021920,6298672,484688,4419128,59577.448,33705.336,79.545,16390.311,2.983,56.676,6351,6656,3.330,2.580,1.930,3,0,115.341,0,0,19,260,0,20,0
28-08 08:27:40,31.720,31.468,36.000,0,0,5028524,6292048,484696,4419152,61521.058,32159.239,0,467.243,0,32.224,5787,4128,3.330,2.580,1.930,2,0,115.804,0,0,19,264,0,20,0
28-08 08:27:41,27.571,32.290,37.755,0,0,5061392,6259152,484712,4419636,46564.498,24641.916,0,9148.567,0,920.023,7856,6163,3.330,2.580,1.930,9,0,145.058,0,0,19,265,0,20,0
28-08 08:27:42,32.285,19.521,47.302,0,0,5067572,6252876,484712,4419560,49237.077,28089.851,0,0,0,0,4400,3235,3.330,2.580,1.930,1,0,13.014,0,0,19,265,0,20,0
28-08 08:27:43,29.684,25.659,44.023,0,0,5072296,6247864,484760,4419316,50210.608,27761.287,0,615.822,0,63.393,5680,6051,3.330,2.580,1.930,3,0,84.525,0,0,19,266,0,21,0
28-08 08:27:44,42.147,34.872,21.575,0,0,5041832,6278276,484768,4419332,60772.565,32776.644,0,353.236,0,11.039,5138,2881,3.310,2.590,1.930,3,0,116.407,0,0,19,266,0,21,0
28-08 08:27:45,52.021,26.010,22.009,0,0,5114872,6205200,484804,4419332,45433.114,24149.628,0,1272.507,0,68.027,4739,2437,3.310,2.590,1.930,4,0,57.023,0,0,19,266,0,21,0
28-08 08:27:46,51.430,16.319,28.682,0.989,0,5187428,6132624,484812,4419340,45207.184,23941.768,0,5831.398,0,616.174,5084,1976,3.310,2.590,1.930,2,0,0.989,0,0,19,267,0,21,0
28-08 08:27:47,56.570,15.085,28.662,0,0,5244992,6074692,484820,4419660,20965.766,13238.996,0,2071.736,0,5.028,4140,1922,3.310,2.590,1.930,2,0,4.023,0,0,19,269,0,21,0
28-08 08:27:48,45.676,11.731,41.433,0,0,5220140,6099388,484860,4419768,39386.883,23680.451,0,483.213,0,31.948,4421,2988,3.310,2.590,1.930,4,0,3.993,0,0,19,269,0,23,0
28-08 08:27:49,53.678,25.585,20.568,0,0,5256408,6062160,484880,4420692,16422.486,8143.017,12.040,798.650,1.003,34.113,5515,5073,3.440,2.630,1.950,3,0,11.037,0,0,19,271,0,27,0
28-08 08:27:50,55.867,18.705,24.940,0.249,0,5289304,6029148,484988,4420716,16731.074,8875.819,893.867,3747.058,6.983,190.545,5080,3265,3.440,2.630,1.950,4,0,7.981,0,0,19,277,0,27,0
28-08 08:27:51,52.488,21.745,22.995,2.000,0,5314868,6002972,485152,4421068,2577.416,2886.346,911.794,1214.725,40.991,66.985,5208,3969,3.440,2.630,1.950,4,0,36.992,0,0,19,281,0,28,0
28-08 08:27:52,33.770,36.271,27.016,1.501,0,5273356,6041068,485288,4424328,66827.801,38244.205,3934.284,348.202,53.031,18.010,5570,3594,3.440,2.630,1.950,3,0,113.066,0,0,19,281,0,28,0
28-08 08:27:53,32.828,33.326,31.585,0,0,5278200,6036112,485356,4424352,64408.339,36854.363,764.007,668.506,5.969,62.672,6052,4558,3.440,2.630,1.950,5,0,121.366,0,0,19,280,0,29,0
28-08 08:27:54,38.701,39.712,21.500,0,0,5243776,6070532,485360,4424364,48545.184,478844.921,518.031,319.722,4.047,11.130,5382,3323,3.650,2.680,1.970,3,0,130.520,0,0,19,280,0,29,0
28-08 08:27:55,38.893,39.141,19.818,0,0,5248016,6066232,485396,4424376,62411.922,442357.278,634.187,1454.666,4.955,76.301,5774,3653,3.650,2.680,1.970,4,0,113.955,0,0,19,280,0,29,0
28-08 08:27:56,35.466,36.465,26.725,0,0,5272404,6041820,485408,4424384,46861.528,24895.374,511.515,171.837,3.996,17.983,5322,3348,3.650,2.680,1.970,2,0,123.882,0,0,19,281,0,29,0
28-08 08:27:57,37.910,36.152,24.102,0,0,5281076,6033000,485408,4424532,64994.051,35796.940,899.794,24.102,7.030,5.021,5238,3210,3.650,2.680,1.970,4,0,114.483,0,0,19,281,0,29,0
28-08 08:27:59,32.382,32.866,30.449,0,0,5286304,6027708,485444,4425064,48884.722,27157.642,247.459,572.249,1.933,42.532,6118,5580,3.650,2.680,1.970,10,0,91.830,0,0,19,282,0,30,0
28-08 08:28:00,47.685,39.315,13.950,0,0,5222200,6091776,485456,4424564,46055.473,22746.700,649.326,353.071,5.073,18.262,5265,3647,3.590,2.690,1.980,4,0,99.428,0,0,19,284,0,30,0
28-08 08:28:00,55.251,37.428,8.402,0,0,5262876,6051024,485476,4424684,45590.047,24119.013,521.448,818.837,4.074,40.738,6163,20934,3.590,2.690,1.980,2,0,125.270,0,0,19,287,0,30,0
28-08 08:28:01,55.251,40.633,3.221,0,0,5287288,6026532,485492,4425060,46140.922,25618.429,634.267,198.208,4.955,11.893,5529,4055,3.590,2.690,1.980,4,0,189.289,0,0,20,288,0,30,0
28-08 08:28:02,54.802,29.394,7.473,0,0,5332112,5981676,485504,4425080,61083.676,35352.487,255.080,589.872,1.993,31.885,4930,3559,3.590,2.690,1.980,4,0,81.705,0,0,20,291,0,30,0
28-08 08:28:03,53.908,13.477,33.057,0.254,0,5380628,5933068,485552,4425124,55472.039,29673.645,0,602.139,0,74.250,5370,4264,3.590,2.690,1.980,3,0,6.103,0,0,20,290,0,31,0
28-08 08:28:04,45.067,15.437,33.116,3.735,0,5369552,5942988,485584,4426176,45150.700,22699.844,1103.520,254.965,57.765,7.968,4282,2359,3.470,2.680,1.980,2,0,38.842,0,0,20,290,0,31,0
28-08 08:28:05,45.426,6.989,44.428,1.997,0,5374376,5935492,485644,4428492,30634.357,15215.344,2156.505,1409.716,142.769,140.772,4113,2466,3.470,2.680,1.980,3,0,1.997,0,0,20,290,0,31,0
28-08 08:28:06,44.711,9.492,44.212,0,0,5394012,5915092,485680,4429116,29626.301,15388.651,0,919.203,0,24.978,3703,2008,3.470,2.680,1.980,2,0,1.998,0,0,20,290,0,31,0
28-08 08:28:08,47.594,11.097,38.963,0,0,5407860,5900476,485736,4429744,22097.468,11444.283,0,978.515,0,71.021,5604,5353,3.470,2.680,1.980,6,0,13.810,0,0,20,291,0,32,0
28-08 08:28:08,7.628,26.188,65.343,0,0,5412716,5895188,485748,4430156,54739.292,28968.378,0,195.265,0,17.289,5097,3770,3.470,2.680,1.980,2,0,131.194,0,0,20,291,0,32,0
28-08 08:28:09,6.250,14.001,77.753,0,0,5417740,5890156,485752,4430160,61025.466,34088.377,0,8.000,0,2.000,3369,2377,3.270,2.650,1.970,1,0,73.003,0,0,20,292,0,32,0
28-08 08:28:10,4.253,4.253,90.057,0,0,5417948,5889904,485780,4430172,72189.867,887707.024,0,680.432,0,43.027,2971,2666,3.270,2.650,1.970,0,0,2.001,0,0,20,293,0,32,0
28-08 08:28:11,8.500,9.751,79.004,0,0,5411960,5879484,485788,4446132,17173709.834,128995.285,0,8920.504,0,980.055,8962,2875,3.270,2.650,1.970,2,0,13.001,0,0,20,291,0,32,0
28-08 08:28:12,10.992,18.737,60.956,6.995,0,5413680,5875456,485796,4448412,61050.428,33112.368,2270.380,187.866,24.982,17.987,4263,2901,3.270,2.650,1.970,1,0,99.929,0,0,20,295,0,32,0
28-08 08:28:13,9.168,29.735,57.735,0,0,5422672,5866392,485828,4448444,45815.583,25355.967,0,689.850,0,55.505,5225,3727,3.270,2.650,1.970,3,0,171.471,0,0,20,295,0,31,0
28-08 08:28:14,17.538,17.789,63.889,0,0,5448264,5840700,485840,4448428,60108.456,31017.318,0,56.122,0,8.017,3545,2507,3.090,2.620,1.970,2,0,60.131,0,0,20,295,0,31,0
28-08 08:28:15,21.670,7.307,71.056,0,0,5477996,5810964,485844,4448428,30192.185,14870.326,0,169.325,0,10.079,2543,1500,3.090,2.620,1.970,1,0,2.016,0,0,20,295,0,31,0
28-08 08:28:16,14.249,5.000,79.744,0,0,5498904,5790048,485844,4448436,32204.450,20310.392,0,1739.862,0,379.970,2825,1670,3.090,2.620,1.970,0,0,0,0,0,20,296,0,31,0
28-08 08:28:17,20.873,6.461,70.818,0,0,5498896,5790048,485848,4448440,21171.887,11171.871,0,934.302,0,8.945,2816,1974,3.090,2.620,1.970,1,0,2.982,0,0,20,302,0,31,0
28-08 08:28:18,25.143,6.537,66.629,0.251,0,5498948,5789796,485892,4448600,16574.291,7567.049,0,531.021,0,41.235,5088,4847,3.090,2.620,1.970,1,0,2.011,0,0,20,305,0,32,0
28-08 08:28:19,12.242,4.997,80.695,0.250,0,5502600,5786100,485908,4448624,48768.889,1468547.935,0,363.753,0,31.978,3817,3462,2.840,2.580,1.960,1,0,0.999,0,0,20,303,0,33,0
28-08 08:28:20,2.002,3.002,90.574,0,0,5491712,5796984,485912,4448624,344006.337,13733407.433,0,172.141,0,14.011,3234,1485,2.840,2.580,1.960,0,0,0,0,0,20,303,0,33,0
28-08 08:28:21,12.715,4.986,80.281,0,0,5490628,5798028,485940,4448636,8108162.177,1263126.901,0,753.946,0,42.883,4670,2759,2.840,2.580,1.960,2,0,1.995,0,0,20,308,0,24,0
28-08 08:28:22,24.237,6.247,67.214,0,0,5493128,5795480,485956,4448668,1350157.824,7571.961,0,191.898,0,17.990,5328,4894,2.840,2.580,1.960,3,0,0.999,0,0,20,309,0,24,0
28-08 08:28:23,19.551,7.770,70.432,0,0,5484040,5788108,485980,4464664,7697805.413,44065.925,0,389.006,0,37.096,5980,3575,2.840,2.580,1.960,2,0,0,0,0,20,305,0,27,0
28-08 08:28:24,9.961,23.408,64.994,0,0,5422564,5849556,485988,4464684,46046.740,43076.433,0,143.435,0,6.973,4483,2737,2.850,2.580,1.960,2,0,134.471,0,0,20,305,0,27,0
28-08 08:28:25,7.769,29.322,60.398,0.251,0,5430124,5841964,485996,4464704,61316.397,33165.348,0,785.928,0,46.113,5374,3739,2.850,2.580,1.960,2,0,161.396,0,0,20,305,0,26,0
28-08 08:28:26,10.517,22.286,64.856,0,0,5437640,5834412,486012,4464716,60859.556,35209.597,0,156.256,0,20.033,5110,3781,2.850,2.580,1.960,1,0,177.290,0,0,20,305,0,26,0
28-08 08:28:27,19.474,9.987,70.156,0,0,5449736,5822316,486012,4464716,44352.654,22006.554,0,7.989,0,1.997,2679,1772,2.850,2.580,1.960,1,0,2.996,0,0,20,305,0,26,0
28-08 08:28:28,22.539,6.762,69.870,0,0,5482220,5789808,486032,4464720,29981.651,14617.182,0,356.614,0,25.043,2786,1707,2.850,2.580,1.960,1,0,0,0,0,20,305,0,26,0
28-08 08:28:29,13.984,15.233,68.672,0,0,5458860,5813164,486036,4464720,30851.883,16499.220,0,35.959,0,3.995,3589,2248,2.860,2.590,1.970,4,0,62.928,0,0,20,305,0,26,0
28-08 08:28:30,6.259,23.536,68.353,0,0,5464392,5807624,486036,4464724,60599.544,33873.170,0,0,0,0,4471,2856,2.860,2.590,1.970,2,0,120.182,0,0,20,305,0,26,0
28-08 08:28:31,8.491,24.725,64.685,0,0,5466020,5805992,486036,4464728,69881.252,900062.769,0,127.871,0,2.997,5184,3248,2.860,2.590,1.970,1,0,124.874,0,0,20,305,0,26,0
28-08 08:28:32,7.226,23.919,66.277,0,0,5460280,5811620,486132,4464744,45363.263,25629.705,0,2563.369,0,132.554,5137,3809,2.860,2.590,1.970,1,0,110.628,0,0,20,305,0,26,0
28-08 08:28:33,7.777,27.346,62.470,0,0,5459924,5811884,486192,4464776,60841.987,37056.331,0,525.849,0,51.180,5162,3710,2.860,2.590,1.970,1,0,134.473,0,0,20,305,0,22,0
28-08 08:28:34,6.256,24.024,68.068,0,0,5459504,5812300,486192,4464780,61210.750,32894.647,0,0,0,0,4646,3037,2.720,2.570,1.960,0,0,124.123,0,0,20,305,0,22,0
28-08 08:28:35,1.750,3.249,93.484,0,0,5454772,5817024,486200,4464780,44632.249,22430.105,0,123.978,0,11.998,1827,1597,2.720,2.570,1.960,1,0,8.998,0,0,20,305,0,22,0
28-08 08:28:36,19.247,9.998,69.740,0,0,5485196,5786596,486204,4464780,44633.285,22754.577,0,663.900,0,96.985,2856,1888,2.720,2.570,1.960,1,0,2.000,0,0,20,305,0,22,0
28-08 08:28:37,22.224,7.242,69.670,0,0,5515720,5756072,486204,4464780,29955.398,14722.993,0,2465.152,0,464.463,3382,1717,2.720,2.570,1.960,1,0,0.999,0,0,20,305,0,21,0
28-08 08:28:38,13.520,4.256,80.367,0,0,5520928,5750856,486204,4464788,35389.341,20245.371,0,4.006,0,1.001,2290,1629,2.720,2.570,1.960,1,0,0,0,0,20,306,0,21,0
28-08 08:28:39,19.473,4.743,75.145,0,0,5519032,5752740,486204,4464800,18408.215,10507.282,0,3.994,0,0.999,2743,1998,2.580,2.540,1.960,1,0,4.993,0,0,20,309,0,22,0
28-08 08:28:40,10.254,19.757,67.525,0,0,5461992,5809760,486216,4464808,45773.189,25015.394,0,180.068,0,12.005,4557,3250,2.580,2.540,1.960,1,0,101.038,0,0,20,309,0,22,0
28-08 08:28:41,7.004,17.511,66.041,7.755,0,5443704,5824484,486240,4468316,61199.863,40697.178,3057.892,16125.977,33.020,28.017,4092,2872,2.580,2.540,1.960,2,0,45.028,0,0,20,309,0,20,0
28-08 08:28:42,7.001,17.003,59.012,14.003,0,5436584,5831056,486256,4468848,60880.044,39131.742,500.099,16223.210,6.001,32.006,4138,3018,2.580,2.540,1.960,2,0,48.009,0,0,20,309,0,20,0
28-08 08:28:43,9.248,21.496,66.988,1.500,0,5436840,5829688,486280,4469916,49315.325,32612.263,907.840,275.951,7.999,25.995,4440,3092,2.580,2.540,1.960,2,0,59.989,0,0,20,309,0,20,0
28-08 08:28:44,8.747,22.493,66.980,0,0,5432900,5833480,486284,4470060,57451.068,41771.689,127.962,119.965,1.000,7.998,4383,2870,2.530,2.530,1.960,1,0,71.979,0,0,20,309,0,20,0
28-08 08:28:45,9.998,22.246,65.739,0.250,0,5427112,5838848,486284,4470480,63232.958,495251.518,395.931,59.990,3.999,3.999,4677,3093,2.530,2.530,1.960,1,0,68.988,0,0,20,309,0,20,0
28-08 08:28:46,8.502,22.755,66.015,0,0,5422856,5842720,486296,4470836,63324.697,452803.087,320.074,516.120,3.001,25.006,4499,2820,2.530,2.530,1.960,1,0,70.016,0,0,20,309,0,19,0
28-08 08:28:47,9.202,22.383,66.154,0,0,5422552,5842792,486312,4471036,45345.162,33676.109,159.169,330.275,1.990,23.875,4630,3368,2.530,2.530,1.960,2,0,66.652,0,0,20,309,0,19,0
28-08 08:28:48,12.299,19.076,67.017,0,0,5427868,5837344,486312,4471160,61213.857,39790.513,116.464,192.768,1.004,4.016,4043,2554,2.530,2.530,1.960,1,0,77.308,0,0,20,309,0,19,0
28-08 08:28:49,23.036,7.011,69.108,0,0,5453936,5811256,486324,4471168,60771.204,31571.460,0,156.245,0,15.024,2862,1854,2.410,2.500,1.950,1,0,1.002,0,0,20,309,0,19,0
28-08 08:28:50,22.331,6.699,69.971,0,0,5487700,5777488,486328,4471168,29425.728,15125.745,0,55.580,0,6.948,2689,1707,2.410,2.500,1.950,3,0,0,0,0,20,309,0,13,0
28-08 08:28:51,21.391,7.046,69.961,0,0,5512644,5752540,486332,4471168,29844.603,15504.134,0,60.398,0,7.046,2649,1651,2.410,2.500,1.950,1,0,2.013,0,0,20,309,0,13,0
28-08 08:28:52,22.029,8.011,69.341,0,0,5541344,5723840,486332,4471168,29867.186,15732.642,0,2579.384,0,490.644,3206,1721,2.410,2.500,1.950,1,0,2.003,0,0,20,309,0,13,0
28-08 08:28:53,26.222,3.996,68.426,0,0,5549344,5715776,486384,4471180,15455.305,8874.414,0,787.150,0,62.932,3520,2778,2.410,2.500,1.950,1,0,1.998,0,0,20,313,0,13,0
28-08 08:28:54,20.879,8.203,69.100,0.249,0,5485564,5779532,486384,4471204,47823.137,22821.877,0,63.632,0,2.983,2844,1743,2.300,2.480,1.950,3,0,6.960,0,0,20,309,0,11,0
28-08 08:28:55,23.897,6.540,69.426,0,0,5514992,5750048,486428,4471212,56693.782,31211.463,0,454.790,0,39.241,3079,2271,2.300,2.480,1.950,1,0,0,0,0,20,309,0,11,0
28-08 08:28:56,22.518,7.005,69.805,0,0,5545216,5719808,486444,4471212,29791.359,14603.451,0,88.069,0,13.010,2864,1981,2.300,2.480,1.950,1,0,0,0,0,20,309,0,11,0
28-08 08:28:57,28.996,18.248,51.493,0,0,5577460,5687548,486456,4471216,29925.982,14899.999,255.966,83.989,2.000,9.999,3482,2039,2.300,2.480,1.950,3,0,8.999,0,0,20,309,0,11,0
28-08 08:28:58,30.507,17.504,51.013,0,0,5563896,5701108,486460,4471216,30853.577,17194.223,896.220,268.066,7.002,14.003,3666,2090,2.300,2.480,1.950,1,0,9.002,0,0,20,312,0,11,0
28-08 08:28:59,6.996,3.248,88.453,0,0,5540604,5724384,486460,4471232,26525.915,18995.913,0,0,0,0,2394,2089,2.110,2.440,1.940,0,0,0,0,0,20,312,0,12,0
28-08 08:29:00,23.295,7.930,66.663,0,0,5561228,5703752,486460,4473392,21993.442,15213.113,0,0,0,0,3377,5068,2.110,2.440,1.940,2,0,36.677,0,0,20,315,0,13,0
28-08 08:29:01,27.244,13.370,59.532,0,0,5475124,5789832,486460,4471244,45103.189,22652.497,0,246.201,0,4.036,3637,9901,2.110,2.440,1.940,1,0,17.153,0,0,20,309,0,14,0
28-08 08:29:02,20.260,8.504,69.786,0,0,5508872,5756072,486468,4471244,44500.665,23181.807,0,96.049,0,4.002,2745,1889,2.110,2.440,1.940,1,0,0,0,0,20,309,0,12,0
28-08 08:29:03,29.219,9.740,59.437,0,0,5531440,5733432,486492,4471288,29958.067,14900.118,0,503.463,0,40.956,4147,3438,2.110,2.440,1.940,1,0,7.991,0,0,20,309,0,14,0
28-08 08:29:04,24.754,4.501,70.263,0,0,5527180,5737688,486492,4471292,15348.775,7297.320,0,0,0,0,2532,1620,2.020,2.410,1.930,1,0,0,0,0,20,309,0,14,0
28-08 08:29:05,13.246,16.496,68.232,0.250,0,5449628,5815076,486496,4471448,15341.859,7455.988,0,231.937,0,9.997,3751,2333,2.020,2.410,1.930,2,0,75.979,0,0,20,309,0,14,0
28-08 08:29:06,9.755,27.013,61.280,0,0,5438240,5826412,486496,4471496,65712.088,911933.309,512.250,304.149,4.002,8.004,4848,3160,2.020,2.410,1.930,2,0,117.057,0,0,20,309,0,13,0
28-08 08:29:07,7.002,24.256,67.267,0,0,5435216,5829428,486496,4471504,45593.482,25044.307,0,248.062,0,51.013,4566,2898,2.020,2.410,1.930,1,0,129.032,0,0,20,309,0,13,0
28-08 08:29:08,5.751,26.254,65.011,0,0,5432988,5831596,486496,4471564,60924.439,60298.332,0,4.001,0,1.000,4870,2978,2.020,2.410,1.930,1,0,157.027,0,0,20,309,0,13,0
28-08 08:29:09,9.741,20.481,67.935,0,0,5445688,5818884,486500,4471568,60636.380,33873.812,0,127.878,0,4.995,4344,2864,1.940,2.390,1.920,2,0,113.892,0,0,20,309,0,13,0
28-08 08:29:10,18.761,13.008,67.540,0,0,5462696,5801848,486524,4471572,45068.667,22911.557,0,324.192,0,27.016,3633,2578,1.940,2.390,1.920,1,0,46.027,0,0,20,309,0,12,0
28-08 08:29:11,22.071,6.448,68.942,0,0,5472616,5791912,486528,4471584,29734.285,14635.518,0,146.811,0,11.904,2960,2023,1.940,2.390,1.920,2,0,0.992,0,0,20,309,0,12,0
28-08 08:29:12,15.561,7.027,77.051,0,0,5492580,5771944,486528,4471588,50583.412,24581.936,0,140.549,0,4.016,2710,1774,1.940,2.390,1.920,1,0,19.074,0,0,20,310,0,12,0
28-08 08:29:13,23.320,6.018,70.209,0.251,0,5492460,5766720,486568,4475936,31136.888,15661.722,0,1436.285,0,48.144,2968,2077,1.940,2.390,1.920,1,0,1.003,0,0,20,309,0,12,0
28-08 08:29:14,21.784,7.011,69.607,0,0,5468912,5788912,486568,4477100,45652.411,23089.612,0,116.179,0,5.008,3048,1970,1.860,2.370,1.920,1,0,2.003,0,0,20,309,0,12,0
28-08 08:29:15,22.502,12.251,62.755,0,0,5472272,5785352,486568,4477248,44463.679,22437.857,0,4.000,0,1.000,8296,12559,1.860,2.370,1.920,1,0,7.001,0,0,20,309,0,12,0
28-08 08:29:16,17.910,10.447,70.146,0,0,5487868,5768708,486568,4478136,29439.332,14679.867,0,0,0,0,2776,1760,1.860,2.370,1.920,2,0,7.960,0,0,20,309,0,12,0
28-08 08:29:17,16.582,5.276,77.134,0,0,5478688,5777740,486568,4478268,51122.339,32884.604,0,574.860,0,4.020,2693,1980,1.860,2.370,1.920,1,0,1.005,0,0,20,310,0,12,0
28-08 08:29:18,22.004,9.502,66.012,0,0,5498324,5757860,486568,4478456,46642.431,25824.668,0,124.022,0,3.001,6487,9174,1.860,2.370,1.920,2,0,7.001,0,0,20,310,0,10,0
28-08 08:29:19,18.497,11.998,67.988,0,0,5500476,5755640,486568,4478488,44044.281,21884.165,0,163.971,0,2.999,3961,4087,1.790,2.340,1.910,1,0,7.999,0,0,20,310,0,10,0
28-08 08:29:20,17.753,11.252,70.260,0,0,5470780,5785320,486580,4478476,15228.191,7297.050,0,360.052,0,8.001,2727,1675,1.790,2.340,1.910,1,0,7.001,0,0,20,310,0,10,0
28-08 08:29:21,18.997,10.748,69.238,0,0,5436360,5825500,486736,4473408,60371.527,31720.497,0,843.854,0,27.995,3385,2236,1.790,2.340,1.910,1,0,33.994,0,0,20,309,0,10,0
28-08 08:29:22,8.497,22.992,65.978,0,0,5434972,5826880,486736,4473416,64776.336,901072.639,0,0,0,0,5174,3328,1.790,2.340,1.910,2,0,138.954,0,0,20,309,0,9,0
28-08 08:29:23,12.506,20.760,64.280,0,0,5442044,5819796,486752,4473420,45195.081,23665.039,0,2253.051,0,384.179,4834,3112,1.790,2.340,1.910,1,0,96.045,0,0,20,309,0,9,0
28-08 08:29:24,20.255,8.752,69.766,0,0,5476276,5785556,486760,4473420,44182.432,21893.169,0,32.008,0,3.001,2794,1759,1.970,2.370,1.930,1,0,2.000,0,0,20,309,0,9,0
28-08 08:29:25,25.753,8.001,65.507,0,0,5490056,5771532,486784,4473640,15245.607,7296.769,0,296.031,0,21.002,3153,2056,1.970,2.370,1.930,1,0,6.001,0,0,20,309,0,9,0
28-08 08:29:26,14.240,4.997,79.695,0,0,5507716,5753848,486804,4473644,35922.042,20363.852,0,87.939,0,11.992,2595,2029,1.970,2.370,1.930,1,0,0,0,0,20,310,0,8,0
28-08 08:29:27,17.501,5.500,76.006,0,0,5507820,5753736,486804,4473652,19830.477,12125.903,0,28.002,0,3.000,2637,1844,1.970,2.370,1.930,1,0,3.000,0,0,20,309,0,10,0
28-08 08:29:28,11.997,19.745,66.233,0,0,5463456,5798088,486804,4473664,15414.013,9009.670,0,0,0,0,4141,2591,1.970,2.370,1.930,1,0,102.973,0,0,20,309,0,10,0
28-08 08:29:29,18.011,10.757,70.043,0,0,5484552,5776988,486808,4473664,44970.761,23450.476,0,488.301,0,47.029,2760,1862,1.890,2.350,1.920,1,0,9.006,0,0,20,309,0,10,0
28-08 08:29:30,21.742,6.997,70.475,0,0,5489836,5771696,486812,4473668,44162.097,22365.946,0,27.990,0,2.999,2613,1549,1.890,2.350,1.920,1,0,1.999,0,0,20,309,0,10,0
28-08 08:29:31,13.234,4.494,80.401,0,0,5507216,5754308,486816,4473672,21050.182,13000.055,0,47.941,0,3.995,2279,1611,1.890,2.350,1.920,2,0,0,0,0,20,310,0,10,0
28-08 08:29:32,21.283,4.507,73.112,0,0,5507212,5754308,486816,4473676,18178.802,10769.470,0,152.233,0,4.006,2653,1804,1.890,2.350,1.920,1,0,0,0,0,20,309,0,11,0
28-08 08:29:33,12.479,19.467,66.885,0,0,5466024,5795476,486832,4473680,45122.523,23799.136,0,155.733,0,12.978,3907,2769,1.890,2.350,1.920,1,0,71.877,0,0,20,309,0,11,0
28-08 08:29:34,22.283,6.510,69.855,0,0,5497344,5764156,486832,4473680,44242.501,22083.193,0,20.030,0,1.002,2698,1660,1.820,2.330,1.910,1,0,0,0,0,20,309,0,11,0
28-08 08:29:35,14.989,5.746,78.441,0,0,5518004,5743480,486848,4473680,20596.554,11568.325,0,243.817,0,14.989,2255,1484,1.820,2.330,1.910,1,0,0,0,0,20,310,0,11,0
28-08 08:29:36,18.017,6.006,75.070,0,0,5516148,5745272,486900,4473692,36171.606,20452.001,0,1573.462,0,76.071,2954,2291,1.820,2.330,1.910,2,0,2.002,0,0,20,310,0,11,0
28-08 08:29:37,16.332,12.372,68.296,0,0,5483036,5778368,486908,4473700,20803.442,15409.077,0,102.938,0,7.918,3457,2243,1.820,2.330,1.910,1,0,56.418,0,0,20,309,0,12,0
28-08 08:29:38,20.452,9.595,70.697,0,0,5483000,5778404,486908,4473700,44675.500,22269.578,0,4.040,0,1.010,2713,1747,1.820,2.330,1.910,1,0,0,0,0,20,309,0,12,0
28-08 08:29:39,22.013,7.004,70.042,0,0,5513712,5747692,486908,4473700,29697.651,14762.774,0,4.002,0,1.001,2566,1483,1.760,2.300,1.910,1,0,2.001,0,0,20,309,0,12,0
28-08 08:29:40,13.501,5.500,80.253,0,0,5513644,5747724,486932,4473712,20846.836,12920.518,0,308.012,0,21.001,2763,2152,1.760,2.300,1.910,1,0,0,0,0,20,310,0,12,0
28-08 08:29:41,19.498,4.500,74.743,0,0,5465620,5795724,486948,4473720,35023.679,19453.156,0,171.984,0,23.998,3129,2512,1.760,2.300,1.910,2,0,2.000,0,0,20,309,0,16,0
28-08 08:29:42,16.170,13.433,68.907,0,0,5462176,5799168,486948,4473720,358.217,147.267,0,700.513,0,80.599,3233,2026,1.760,2.300,1.910,3,0,32.837,0,0,20,309,0,16,0
28-08 08:29:43,23.021,6.756,69.062,0.250,0,5487872,5773464,486960,4473724,45672.315,23519.276,0,528.478,0,43.039,2768,1884,1.760,2.300,1.910,1,0,0,0,0,20,309,0,15,0
28-08 08:29:44,14.038,5.515,79.465,0,0,5508500,5752828,486964,4473728,46951.298,26582.071,0,1828.959,0,392.063,2990,1668,1.620,2.260,1.900,3,0,0,0,0,20,310,0,15,0
28-08 08:29:45,15.470,4.741,77.848,0,0,5508496,5752828,486964,4473732,21483.921,11539.398,0,7.984,0,1.996,2314,1562,1.620,2.260,1.900,1,0,1.996,0,0,20,310,0,15,0
28-08 08:29:46,21.949,9.478,67.342,0,0,5469264,5792024,486980,4473752,17567.896,10380.712,0,786.161,0,58.862,3990,3530,1.620,2.260,1.900,8,0,32.923,0,0,20,309,0,17,0
28-08 08:29:47,20.345,14.065,64.048,0,0,5481436,5779840,486980,4473764,53908.432,886009.965,0,140.653,0,15.070,3930,2999,1.620,2.260,1.900,2,0,19.089,0,0,20,309,0,17,0
28-08 08:29:48,21.505,7.252,70.267,0,0,5510408,5750868,486980,4473764,30057.158,57931.797,0,0,0,0,2628,1617,1.620,2.260,1.900,2,0,2.000,0,0,20,309,0,17,0
28-08 08:29:49,13.992,4.997,79.956,0,0,5520032,5741240,486984,4473764,35318.760,20690.728,0,187.898,0,8.995,2338,1725,1.490,2.230,1.890,3,0,0,0,0,20,310,0,17,0
28-08 08:29:50,17.744,4.998,75.975,0,0,5514088,5747168,486984,4473780,19992.368,12478.861,0,107.964,0,1.000,2371,1611,1.490,2.230,1.890,4,0,0,0,0,20,309,0,20,0
28-08 08:29:51,17.261,12.508,68.796,0,0,5472576,5788676,486988,4473780,30081.983,16603.029,0,80.053,0,9.006,3134,2151,1.490,2.230,1.890,2,0,34.023,0,0,20,309,0,20,0
28-08 08:29:52,22.252,6.500,70.005,0,0,5486700,5774552,486988,4473780,44617.390,23171.761,0,92.007,0,7.001,2580,1585,1.490,2.230,1.890,2,0,0,0,0,20,309,0,20,0
28-08 08:29:53,13.973,5.739,78.596,0,0,5506072,5755016,487024,4473912,17510.653,9823.731,0,2012.053,0,36.928,2523,1867,1.490,2.230,1.890,3,0,0,0,0,20,310,0,20,0
28-08 08:29:54,16.025,5.509,77.621,0,0,5507980,5752976,487024,4474044,35168.827,20501.962,0,0,0,0,2450,1621,1.450,2.210,1.880,1,0,2.003,0,0,20,310,0,20,0
28-08 08:29:55,16.038,5.764,77.435,0,0,5468348,5792580,487040,4474056,19432.404,11631.776,0,449.072,0,50.120,3503,3106,1.450,2.210,1.880,2,0,12.029,0,0,20,309,0,21,0
28-08 08:29:56,12.962,18.944,66.304,0,0,5467584,5793324,487040,4474076,60655.729,31457.027,0,215.363,0,19.941,4099,2880,1.450,2.210,1.880,2,0,75.776,0,0,20,309,0,21,0
28-08 08:29:57,31.914,14.710,51.860,0,0,5510416,5750484,487044,4474080,44334.654,22042.663,382.969,59.839,2.992,7.979,3579,1912,1.450,2.210,1.880,3,0,7.979,0,0,20,309,0,21,0
28-08 08:29:58,28.363,15.674,54.486,0,0,5535808,5725064,487068,4474084,16456.344,9407.464,891.684,979.260,6.966,38.812,3420,1996,1.450,2.210,1.880,0,0,6.966,0,0,20,310,0,21,0
28-08 08:29:59,20.168,6.554,73.360,0,0,5532808,5728052,487068,4474096,35830.782,35912.461,0,0,0,0,2856,1940,1.410,2.190,1.880,0,0,0,0,0,20,310,0,21,0
28-08 08:30:00,17.492,10.995,69.469,0,0,5484772,5776060,487080,4474112,32876.269,11688.762,0,147.934,0,15.993,3394,2358,1.410,2.190,1.880,1,0,48.978,0,0,20,309,0,22,0
28-08 08:30:01,29.996,18.747,49.993,0,0,5493388,5767440,487080,4474116,44585.813,22856.828,0,0,0,0,4091,12062,1.410,2.190,1.880,1,0,37.995,0,0,20,309,0,23,0
28-08 08:30:02,23.757,7.002,68.770,0,0,5524780,5736024,487100,4474120,29836.746,15304.486,0,416.122,0,34.010,3162,2338,1.410,2.190,1.880,0,0,0,0,0,20,309,1,23,0
28-08 08:30:03,13.512,5.255,79.569,0,0,5520456,5740336,487112,4474120,21567.648,13115.340,0,244.211,0,24.021,2629,2047,1.410,2.190,1.880,2,0,2.002,0,0,20,310,0,19,0
28-08 08:30:04,22.162,7.470,68.726,0,0,5436136,5824616,487112,4474160,18220.488,10626.709,0,0,0,0,3329,2729,1.380,2.170,1.870,2,0,8.964,0,0,20,310,0,23,0
28-08 08:30:05,20.578,11.795,66.501,0,0,5468848,5791844,487152,4474180,60165.216,30653.765,0,313.183,0,37.140,3567,2665,1.380,2.170,1.870,1,0,11.042,0,0,20,309,0,23,0
28-08 08:30:06,24.244,8.498,67.232,0,0,5499116,5761528,487152,4474228,29820.149,14588.159,0,7.998,0,1.999,2761,1678,1.380,2.170,1.870,1,0,1.999,0,0,20,309,0,23,0
28-08 08:30:07,13.510,5.004,80.061,0,0,5508544,5752080,487164,4474232,35490.900,20379.447,0,324.246,0,15.011,2411,1757,1.380,2.170,1.870,1,0,1.001,0,0,20,310,0,23,0
28-08 08:30:08,17.418,6.469,74.149,0.249,0,5506164,5754212,487248,4474396,16405.363,8257.920,0,676.797,0,91.567,3568,3475,1.380,2.170,1.870,4,0,0,0,0,20,310,0,23,0
28-08 08:30:09,25.716,8.988,62.666,0,0,5505652,5754656,487280,4474432,15346.492,7286.263,0,663.114,0,82.889,5269,5666,1.350,2.150,1.870,5,0,2.996,0,0,20,310,0,23,0
28-08 08:30:10,21.383,9.559,67.922,0,0,5475224,5785004,487336,4474456,32759.580,19450.875,0,519.227,0,67.419,4244,3899,1.350,2.150,1.870,1,0,5.031,0,0,20,309,0,24,0
28-08 08:30:11,22.744,8.248,67.981,0,0,5510312,5749904,487348,4474456,46787.212,491189.746,0,223.939,0,19.995,3407,2236,1.350,2.150,1.870,1,0,0,0,0,20,309,0,24,0
28-08 08:30:12,19.742,5.998,73.470,0,0,5534052,5726016,487360,4474592,34376.885,435485.194,0,263.892,0,18.992,3208,2394,1.350,2.150,1.870,2,0,3.998,0,0,20,310,0,24,0
28-08 08:30:13,16.967,5.739,74.606,0.250,0,5530044,5729988,487392,4474596,20350.789,15011.077,0,3018.185,0,150.710,3131,2539,1.350,2.150,1.870,1,0,0,0,0,20,310,0,24,0
28-08 08:30:14,15.521,7.260,75.851,0,0,5526916,5733040,487504,4474560,18709.029,10678.286,0,2579.451,0,172.230,4453,4355,1.320,2.130,1.860,1,0,0,0,0,20,310,0,24,0
28-08 08:30:15,22.508,11.754,64.273,0,0,5524136,5735652,487584,4474644,15189.370,7298.580,0,4217.491,0,683.242,6050,5157,1.320,2.130,1.860,1,0,2.001,0,0,20,310,0,24,0
28-08 08:30:16,13.498,18.248,66.742,0,0,5475284,5784460,487612,4474660,46604.747,26535.009,0,355.960,0,25.997,4326,2920,1.320,2.130,1.860,1,0,100.989,0,0,20,309,0,25,0
28-08 08:30:17,6.256,27.778,63.565,0.250,0,5462808,5796932,487616,4474660,60936.285,32186.899,0,228.233,0,13.013,5024,3374,1.320,2.130,1.860,1,0,164.168,0,0,20,309,0,25,0
28-08 08:30:18,6.988,27.453,62.393,0,0,5447400,5812276,487676,4474664,60989.718,31885.481,0,2415.869,0,155.734,5380,3803,1.320,2.130,1.860,2,0,160.725,0,0,20,309,0,25,0
28-08 08:30:19,7.258,26.779,63.569,0,0,5443364,5816312,487676,4474664,61036.101,31373.977,0,16.017,0,4.004,5023,3257,1.290,2.110,1.860,1,0,168.182,0,0,20,309,0,25,0
28-08 08:30:20,6.750,27.251,63.253,0,0,5446956,5812712,487680,4474668,60564.838,31599.481,0,536.025,0,84.004,5176,3319,1.290,2.110,1.860,2,0,164.008,0,0,20,309,0,25,0
28-08 08:30:21,6.239,27.703,64.390,0,0,5451192,5808460,487684,4474676,45781.796,23747.435,0,255.563,0,12.978,4913,3039,1.290,2.110,1.860,2,0,161.724,0,0,20,309,0,25,0
28-08 08:30:22,6.009,26.788,63.591,0,0,5439868,5819784,487684,4474676,61241.337,31516.947,0,16.023,0,4.006,4905,3057,1.290,2.110,1.860,2,0,160.229,0,0,20,309,0,25,0
28-08 08:30:23,7.739,27.211,63.409,0,0,5443016,5816620,487700,4474676,60607.308,31758.573,0,467.332,0,29.957,5054,3436,1.290,2.110,1.860,2,0,157.774,0,0,20,309,0,25,0
28-08 08:30:24,6.261,27.548,63.862,0,0,5431572,5828060,487700,4474680,60608.375,31395.102,0,16.028,0,4.007,4975,3104,1.350,2.110,1.860,1,0,165.290,0,0,20,309,0,25,0
28-08 08:30:25,8.489,30.210,58.922,0,0,5435476,5824132,487716,4474688,45773.104,24149.872,0,555.261,0,43.942,5256,3652,1.350,2.110,1.860,6,0,163.782,0,0,20,309,0,25,0
28-08 08:30:26,7.263,27.800,62.613,0,0,5438928,5820656,487728,4474700,60863.770,32139.966,0,220.397,0,22.040,5415,3880,1.350,2.110,1.860,1,0,165.298,0,0,20,309,0,25,0
28-08 08:30:27,8.998,27.995,60.739,0,0,5437992,5821592,487728,4474700,71474.931,911325.362,0,31.994,0,6.999,5473,3434,1.350,2.110,1.860,1,0,160.971,0,0,20,309,0,25,0
28-08 08:30:28,7.999,25.995,63.488,0.250,0,5432388,5827168,487744,4474708,60883.951,31908.210,0,691.874,0,41.992,5074,3325,1.350,2.110,1.860,1,0,156.972,0,0,20,309,0,21,0
28-08 08:30:29,5.751,27.006,64.515,0,0,5428112,5831444,487744,4474708,45630.775,23243.488,0,84.020,0,8.002,4884,3102,1.320,2.090,1.850,2,0,160.038,0,0,20,309,0,21,0
28-08 08:30:30,6.743,27.472,63.685,0,0,5424904,5834648,487744,4474712,61031.901,31759.685,0,7.992,0,1.998,4975,3115,1.320,2.090,1.850,1,0,161.835,0,0,20,309,0,21,0
28-08 08:30:31,7.002,26.757,64.266,0,0,5421824,5837724,487744,4474716,60582.998,32055.936,0,968.240,0,216.053,5188,3068,1.320,2.090,1.850,3,0,157.039,0,0,20,309,0,21,0
28-08 08:30:32,7.253,26.011,63.776,0,0,5414824,5844724,487744,4474716,65360.787,35916.720,0,16.007,0,4.002,4976,3310,1.320,2.090,1.850,1,0,154.063,0,0,20,309,0,21,0
28-08 08:30:33,6.491,27.962,63.414,0,0,5416092,5843440,487756,4474720,60947.453,32064.572,0,383.481,0,26.963,5115,3443,1.320,2.090,1.850,2,0,156.788,0,0,20,309,0,21,0
28-08 08:30:34,7.244,26.230,64.451,0,0,5420840,5838684,487756,4474728,45727.080,24011.663,0,79.939,0,6.995,4828,3199,1.300,2.070,1.850,3,0,150.885,0,0,20,309,0,21,0
28-08 08:30:35,6.759,27.286,63.584,0,0,5414528,5844984,487764,4474732,60708.470,32010.430,0,224.297,0,18.024,4790,3143,1.300,2.070,1.850,2,0,159.211,0,0,20,309,0,21,0
28-08 08:30:36,7.005,28.019,63.293,0.250,0,5421396,5838096,487776,4474740,60483.214,31973.787,0,240.164,0,20.014,5112,3412,1.300,2.070,1.850,2,0,155.106,0,0,20,309,0,20,0
28-08 08:30:37,6.747,26.490,64.225,0,0,5419952,5839536,487776,4474744,60478.359,31813.564,0,7.997,0,1.999,4801,3068,1.300,2.070,1.850,1,0,154.939,0,0,20,309,0,20,0
28-08 08:30:38,6.504,23.763,67.036,0,0,5430260,5829216,487780,4474752,49068.637,26704.497,0,428.232,0,22.012,4579,3027,1.300,2.070,1.850,2,0,133.072,0,0,20,309,0,20,0
28-08 08:30:39,20.001,12.000,67.252,0,0,5448568,5810888,487784,4474768,61530.769,884549.425,0,84.002,0,7.000,4020,2750,1.270,2.050,1.850,1,0,67.002,0,0,20,309,0,20,0
28-08 08:30:40,8.750,20.499,68.747,0,0,5456456,5917100,487800,4371860,44895.830,36366.243,0,2727.868,0,23.999,3448,2764,1.270,2.050,1.850,1,0,2.000,0,0,20,309,0,19,0
28-08 08:30:41,17.753,11.002,69.762,0,0,5477020,5889420,487848,4378640,30202.375,14594.597,0,656.117,0,14.002,2988,2036,1.270,2.050,1.850,1,0,3.001,0,0,20,309,0,19,0
28-08 08:30:42,24.003,5.251,69.759,0,0,5474716,5888472,487896,4381592,45543.640,22748.817,0,0,0,0,3104,2030,1.270,2.050,1.850,1,0,2.000,0,0,20,309,0,19,0
28-08 08:30:43,22.750,7.500,69.001,0,0,5491940,5869824,487936,4382784,30762.435,14766.209,0,996.014,0,28.000,3145,2131,1.270,2.050,1.850,1,0,17.000,0,0,20,309,0,19,0
28-08 08:30:44,14.501,4.000,80.758,0,0,5480832,5880592,487952,4383064,39097.997,19049.948,0,464.047,0,14.001,2381,1680,1.250,2.030,1.840,1,0,0,0,0,20,310,0,15,0
28-08 08:30:45,16.993,3.748,77.967,0.250,0,5494704,5866540,487976,4383152,22126.619,12885.537,0,735.688,0,26.989,2397,1571,1.250,2.030,1.840,0,0,1.999,0,0,20,310,0,15,0
28-08 08:30:46,13.477,3.993,80.612,0,0,5494508,5866288,488044,4383484,28752.602,15273.759,0,2192.234,0,212.635,2710,1943,1.250,2.030,1.840,2,0,0,0,0,20,310,0,15,0
28-08 08:30:47,18.535,4.759,76.146,0,0,5505884,5854696,488092,4383612,22118.305,12243.418,0,697.334,0,33.063,2837,2243,1.250,2.030,1.840,1,0,3.006,0,0,20,310,0,15,0
28-08 08:30:48,19.479,2.997,75.919,0,0,5510232,5850216,488112,4383688,21240.384,11299.968,0,495.472,0,14.984,2384,1538,1.250,2.030,1.840,1,0,1.998,0,0,20,310,0,13,0
28-08 08:30:49,16.009,3.252,79.794,0,0,5510780,5849460,488144,4383868,9893.427,7128.911,0,4026.209,0,153.084,2499,1668,1.230,2.020,1.840,0,0,0,0,0,20,310,0,13,0
28-08 08:30:50,21.255,3.751,74.517,0,0,5520432,5839632,488172,4384012,20473.793,10097.364,0,468.110,0,24.006,2447,1586,1.230,2.020,1.840,2,0,0,0,0,20,310,0,13,0
28-08 08:30:51,16.507,3.501,78.783,0,0,5520088,5839632,488196,4384260,9956.225,7201.056,0,836.355,0,31.013,2382,1648,1.230,2.020,1.840,0,0,2.001,0,0,20,310,0,13,0
28-08 08:30:52,17.498,4.999,76.490,0,0,5519340,5823756,488204,4400760,21118.315,11216.574,0,495.937,0,14.998,2363,1528,1.230,2.020,1.840,1,0,0,0,0,20,310,0,13,0
28-08 08:30:53,24.256,5.501,69.266,0.250,0,5530276,5807416,488236,4405928,807.184,0,0,720.164,0,33.008,3015,1955,1.230,2.020,1.840,1,0,1.000,0,0,20,310,0,10,0
28-08 08:30:54,21.507,6.502,70.272,0.250,0,5521876,5806268,488296,4414048,15799.871,7784.400,0,1136.350,0,54.017,3155,2075,1.210,2,1.830,2,0,2.001,0,0,20,310,0,10,0
28-08 08:30:55,23.816,5.210,69.215,0,0,5530328,5789956,488332,4421296,416.776,0,0,1456.732,0,41.678,3223,2324,1.210,2,1.830,1,0,0,0,0,20,310,0,10,0
28-08 08:30:56,23.923,6.296,69.756,0,0,5521932,5789032,488408,4429568,1278.267,0,0,1313.523,0,185.344,3502,2230,1.210,2,1.830,2,0,0,0,0,20,310,0,10,0
28-08 08:30:57,33.845,12.284,52.647,0,0,5547008,5759588,488488,4433236,15526.397,7789.773,256.718,665.861,2.006,23.064,3707,2191,1.210,2,1.830,2,0,8.022,0,0,20,310,0,9,0
28-08 08:30:58,35.881,15.589,46.026,0.247,0,5556972,5731956,488744,4449424,566.171,0,633.478,1706.431,4.949,74.236,3756,2287,1.210,2,1.830,3,0,6.929,0,0,20,310,0,9,0
28-08 08:30:59,23.913,7.048,68.720,0.252,0,5524588,5755212,488780,4457028,575.937,0,257.762,1220.342,2.014,57.392,2988,2026,1.190,1.980,1.830,3,0,0,0,0,20,310,0,9,0
28-08 08:31:00,22.845,5.711,70.272,0,0,5525796,5746488,488804,4463252,15287.041,7407.625,0,1215.732,0,35.757,2860,1965,1.190,1.980,1.830,7,0,0.993,0,0,20,310,0,9,0
28-08 08:31:01,29.049,11.269,58.098,0,0,5555896,5695680,488824,4484936,823.389,0,0,1406.372,0,47.079,3679,6579,1.190,1.980,1.830,3,0,35.059,0,0,20,310,0,7,0
28-08 08:31:02,28.162,9.304,62.610,0,0,5547732,5697120,488844,4488296,905.208,148.856,0,864.976,0,31.179,3638,8250,1.190,1.980,1.830,1,0,2.012,0,0,20,310,0,8,0
28-08 08:31:03,23.759,5.752,69.277,0,0,5564976,5692388,488872,4474824,762.293,174.067,0,1344.517,0,58.022,3019,2264,1.190,1.980,1.830,1,0,0,0,0,20,309,0,8,0
28-08 08:31:04,19.239,10.244,69.210,0,0,5492384,5764968,488872,4474832,44800.185,23476.472,0,63.963,0,4.997,3033,1962,1.260,1.980,1.830,1,0,20.988,0,0,20,309,0,8,0
28-08 08:31:05,19.998,8.499,69.743,0,0,5522480,5734728,488876,4474972,29645.230,14914.606,0,375.965,0,8.999,2844,1797,1.260,1.980,1.830,2,0,17.998,0,0,20,309,0,3,0
28-08 08:31:06,24.951,10.376,62.253,0.494,0,5497856,5754836,488880,4479092,29740.265,14419.043,0,1245.065,0,24.704,3450,2500,1.260,1.980,1.830,3,0,5.929,0,0,20,310,0,5,0
28-08 08:31:07,24.744,9.183,67.089,0,0,5508352,5742808,488928,4480436,16327.962,7607.879,0,2963.155,0,137.750,3651,2939,1.260,1.980,1.830,2,0,6.122,0,0,20,309,0,6,0
28-08 08:31:08,21.294,9.904,63.881,0,0,5522020,5728948,488932,4480584,14859.995,7225.975,0,75.271,0,3.962,7695,11705,1.260,1.980,1.830,2,0,4.952,0,0,20,309,0,6,0
28-08 08:31:09,17.521,11.264,70.335,0,0,5528516,5721456,488932,4481472,15169.303,7629.205,0,4.005,0,1.001,2767,1702,1.240,1.970,1.820,1,0,8.010,0,0,20,309,0,6,0
28-08 08:31:10,21.767,8.257,69.305,0.250,0,5521588,5728260,488932,4481596,19068.257,7530.025,0,1805.445,0,24.019,3301,2592,1.240,1.970,1.820,2,0,7.006,0,0,20,309,0,6,0
28-08 08:31:11,19.483,13.738,62.945,0,0,5527084,5722716,488936,4481632,761.336,0,0,1442.742,0,261.772,8431,12146,1.240,1.970,1.820,1,0,7.993,0,0,20,309,0,6,0
28-08 08:31:12,16.731,12.486,69.920,0,0,5525364,5724332,488936,4481696,15328.447,7759.115,0,91.895,0,1.998,2816,1747,1.240,1.970,1.820,1,0,6.992,0,0,20,309,0,6,0
28-08 08:31:13,20.016,9.507,69.805,0,0,5482260,5774496,488944,4475152,627.491,0,0,704.552,0,24.019,2964,2078,1.240,1.970,1.820,1,0,3.002,0,0,20,309,0,5,0
28-08 08:31:14,21.289,7.764,69.879,0,0,5466100,5790632,488944,4475176,15314.217,7471.767,0,4.007,0,1.002,3088,2079,1.220,1.950,1.820,1,0,26.048,0,0,20,309,0,5,0
28-08 08:31:15,20.956,10.727,66.610,0,0,5478816,5777908,488948,4475180,419.117,0,0,11783.179,0,63.865,4334,4301,1.220,1.950,1.820,2,0,27.941,0,0,20,309,0,5,0
28-08 08:31:16,22.028,10.263,64.834,0,0,5475516,5781192,488956,4475188,45797.147,27459.464,0,120.155,0,6.008,7002,10216,1.220,1.950,1.820,2,0,5.006,0,0,20,309,0,5,0
28-08 08:31:17,20.214,9.982,68.629,0,0,5487820,5768876,488960,4475196,44315.928,22805.823,0,27.951,0,2.995,3132,2143,1.220,1.950,1.820,1,0,18.967,0,0,20,309,0,4,0
28-08 08:31:18,21.543,8.016,70.390,0,0,5513992,5741912,488960,4475988,29526.577,15270.294,0,0,0,0,2774,1708,1.220,1.950,1.820,3,0,17.034,0,0,20,309,0,4,0
28-08 08:31:19,22.007,6.752,70.021,0,0,5503524,5747736,488968,4480172,15234.508,7460.208,0,764.226,0,14.004,2869,1866,1.360,1.970,1.820,2,0,4.001,0,0,20,309,0,4,0
28-08 08:31:20,20.716,8.985,68.887,0,0,5503256,5747512,488972,4480676,15201.164,7445.835,0,5411.159,0,119.804,3223,2290,1.360,1.970,1.820,3,0,5.990,0,0,20,309,0,4,0
28-08 08:31:21,22.380,11.190,63.658,0,0,5518128,5731636,488976,4481616,14983.386,7579.222,0,246.673,0,7.957,7866,12029,1.360,1.970,1.820,1,0,4.973,0,0,20,309,0,4,0
28-08 08:31:22,18.123,11.075,69.722,0,0,5510372,5739244,488976,4481728,15166.640,7657.824,0,938.350,0,132.899,2934,1745,1.360,1.970,1.820,3,0,6.041,0,0,20,309,0,4,0
28-08 08:31:23,19.724,14.481,62.169,0,0,5518288,5731280,488988,4481756,15104.265,7610.057,0,375.509,0,21.971,9849,15560,1.360,1.970,1.820,1,0,11.984,0,0,20,309,0,4,0
28-08 08:31:24,16.276,12.270,70.612,0,0,5516612,5732848,488992,4481820,763.213,0,0,128.204,0,5.008,2718,1639,1.330,1.950,1.820,1,0,7.011,0,0,20,309,0,4,0
28-08 08:31:25,18.367,14.892,65.029,0,0,5446484,5810180,489028,4475204,15562.278,7565.203,0,15976.279,0,98.288,3508,2341,1.330,1.950,1.820,2,0,5.957,0,0,20,309,0,4,0
28-08 08:31:26,23.293,11.020,65.371,0,0,5472936,5783720,489036,4475204,18635.627,472956.817,0,148.276,0,14.026,3402,2374,1.330,1.950,1.820,3,0,8.015,0,0,20,309,0,4,0
28-08 08:31:27,22.348,7.784,68.551,0,0,5494608,5762048,489036,4475204,47474.295,464289.080,0,4.018,0,1.004,2948,1787,1.330,1.950,1.820,3,0,20.088,0,0,20,309,0,4,0
28-08 08:31:28,17.988,13.741,66.704,0,0,5489360,5767296,489040,4475216,45608.581,33544.892,0,259.821,0,9.993,3736,2326,1.330,1.950,1.820,2,0,55.961,0,0,20,309,0,4,0
28-08 08:31:29,21.523,7.758,69.573,0,0,5494520,5762132,489040,4475220,60272.141,30718.180,0,0,0,0,3354,2381,1.310,1.940,1.810,1,0,40.042,0,0,20,309,0,4,0
28-08 08:31:30,19.502,16.252,63.257,0,0,5464056,5784744,489192,4482460,44584.783,22404.403,0,45172.846,0,152.016,3353,1887,1.310,1.940,1.810,1,0,3.000,0,0,20,309,0,4,0
28-08 08:31:31,23.269,5.254,70.307,0,0,5476364,5769268,489348,4485080,29552.103,14603.911,0,0,0,0,2845,1891,1.310,1.940,1.810,1,0,2.002,0,0,20,309,0,4,0
28-08 08:31:32,15.496,5.749,77.732,0.250,0,5479964,5764488,489400,4486012,34865.929,16868.095,0,2207.489,0,146.966,2941,1966,1.310,1.940,1.810,1,0,16.996,0,0,20,310,0,4,0
28-08 08:31:33,24.746,4.999,69.488,0,0,5491868,5752208,489424,4486300,30413.908,15087.474,0,519.913,0,27.995,2848,1913,1.310,1.940,1.810,1,0,0,0,0,20,309,0,4,0
28-08 08:31:34,16.993,3.249,78.219,0,0,5491304,5752208,489436,4486720,47001.155,9686.116,0,383.846,0,5.998,2365,1692,1.200,1.900,1.800,1,0,1.999,0,0,20,310,0,4,0
28-08 08:31:35,10.507,3.252,84.803,0,0,5491440,5751732,489536,4486928,135494.296,15035.354,0,1024.637,0,48.030,2149,1652,1.200,1.900,1.800,0,0,0,0,0,20,311,0,4,0
28-08 08:31:36,23.462,8.985,64.145,2.746,0,5499484,5743412,489564,4487100,5360.224,107.823,0,32818.269,0,208.658,2950,1557,1.200,1.900,1.800,1,0,2.995,0,0,20,311,0,4,0
28-08 08:31:37,25.297,3.256,70.382,0,0,5508844,5733584,489564,4487464,15032.120,7782.559,0,16.030,0,1.002,2517,1462,1.200,1.900,1.800,1,0,3.006,0,0,20,311,0,4,0
28-08 08:31:38,17.993,4.248,77.471,0,0,5510548,5731344,489648,4487868,382826.015,15748.077,0,1295.513,0,32.988,2486,1613,1.200,1.900,1.800,1,0,0,0,0,20,311,0,4,0
28-08 08:31:39,7.501,4.001,86.762,0.250,0,5510192,5731120,489868,4488056,87104.284,12670.787,0,2004.283,0,90.013,2266,1819,1.100,1.870,1.790,1,0,0,0,0,20,311,0,4,0
28-08 08:31:40,15.497,3.749,78.732,0.250,0,5509692,5731120,489976,4488304,51105.545,14607.726,0,1471.670,0,68.985,2838,2215,1.100,1.870,1.790,1,0,2.000,0,0,20,311,0,4,0
28-08 08:31:41,15.737,5.745,76.189,1.249,0,5516196,5705380,490020,4506952,5648284.505,40294.694,0,2058.350,0,37.970,4839,2636,1.100,1.870,1.790,1,0,2.998,0,0,20,311,0,4,0
28-08 08:31:42,5.001,8.001,76.512,8.001,0,5527552,5671120,490112,4528780,11363813.470,24303.677,0,15058.278,0,41.006,5367,2428,1.100,1.870,1.790,1,0,2.000,0,0,20,311,0,4,0
28-08 08:31:43,11.254,6.502,80.031,1.501,0,5515860,5670144,490292,4541044,2236431.541,13105.037,0,3905.501,0,95.037,3145,2301,1.100,1.870,1.790,2,0,3.001,0,0,20,311,0,4,0
28-08 08:31:44,25.260,3.752,70.779,0,0,5516304,5665872,490400,4544428,840.341,0,0,324.132,0,16.006,2547,1565,1.100,1.860,1.790,1,0,1.000,0,0,20,311,0,4,0
28-08 08:31:45,22.743,5.998,70.480,0,0,5518948,5657120,490608,4549696,15299.611,7455.861,0,643.815,0,30.991,2718,1788,1.100,1.860,1.790,1,0,0,0,0,20,311,0,4,0
28-08 08:31:46,19.994,8.248,70.479,0.250,0,5519688,5643988,493368,4556752,986.707,0,0,3778.877,0,69.979,2739,1904,1.100,1.860,1.790,2,0,1.999,0,0,20,311,0,4,0
28-08 08:31:47,22.839,6.206,69.262,0,0,5527920,5627956,493796,4563080,714.958,146.964,0,992.997,0,25.818,2873,2022,1.100,1.860,1.790,1,0,2.979,0,0,20,311,0,4,0
28-08 08:31:48,22.916,5.792,71.267,0.252,0,5517672,5625520,494024,4574100,15113.592,7675.658,4.029,290.104,1.007,12.088,2736,1810,1.100,1.860,1.790,1,0,0,0,0,20,311,0,4,0
28-08 08:31:49,23.748,5.500,69.744,0,0,5520800,5617020,494096,4578784,539.954,0,0,647.944,0,17.998,2866,1957,1.090,1.840,1.790,1,0,2.000,0,0,20,311,0,4,0
28-08 08:31:50,21.242,7.247,70.224,0.250,0,5536440,5584820,494544,4593596,539.801,0,0,1491.449,0,66.975,2897,2037,1.090,1.840,1.790,2,0,0,0,0,20,311,0,4,0
28-08 08:31:51,21.754,8.252,69.014,0,0,5533768,5577608,494972,4602064,360.074,0,0,10222.100,0,209.043,3149,1932,1.090,1.840,1.790,2,0,0,0,0,20,311,0,4,0
28-08 08:31:52,18.671,9.958,70.452,0,0,5537524,5537248,495432,4635400,15060.248,7573.938,0,955.953,0,24.895,2723,1729,1.090,1.840,1.790,2,0,1.992,0,0,20,311,0,4,0
28-08 08:31:53,23.595,6.526,68.778,0.251,0,5532572,5534560,495900,4641336,542.194,0,0,2277.216,0,258.044,3471,2328,1.090,1.840,1.790,1,0,0,0,0,20,311,0,4,0
28-08 08:31:54,22.259,6.253,70.529,0.250,0,5534360,5522280,496196,4650404,1209.489,0,0,752.304,0,29.012,2818,1863,1.080,1.830,1.780,1,0,0,0,0,20,311,0,4,0
28-08 08:31:55,24.258,4.251,69.772,0,0,5534772,5516544,496300,4655232,480.155,0,0,872.281,0,39.013,3106,2312,1.080,1.830,1.780,1,0,2.001,0,0,20,311,0,4,0
28-08 08:31:56,21.991,6.997,69.720,0.250,0,5548676,5481668,497484,4672756,599.743,0,0,1415.395,0,15.993,2843,1969,1.080,1.830,1.780,1,0,0,0,0,20,311,0,4,0
28-08 08:31:57,32.418,13.715,52.617,0,0,5570840,5454772,497640,4676676,15085.968,7910.059,255.356,606.471,1.995,8.977,3526,1994,1.080,1.830,1.780,2,0,5.985,0,0,20,311,0,4,0
28-08 08:31:58,35.074,17.537,45.695,0,0,5584420,5421112,498156,4694828,619.475,0,632.319,1280.447,4.940,46.436,3810,2125,1.080,1.830,1.780,2,0,8.892,0,0,20,311,0,4,0
28-08 08:31:59,24.119,6.855,68.803,0,0,5581412,5416884,498568,4700724,551.438,0,259.978,1052.099,2.031,36.559,3065,2069,1.070,1.810,1.780,1,0,0,0,0,20,311,0,4,0
28-08 08:32:00,22.247,6.749,69.740,0.250,0,5579220,5406512,499204,4711076,719.899,0,0,1875.736,0,69.990,3243,2444,1.070,1.810,1.780,3,0,0,0,0,20,311,0,4,0
28-08 08:32:01,20.997,8.249,69.988,0,0,5503284,5518908,499228,4675432,1343.777,347.942,0,219.964,0,7.999,2710,1698,1.070,1.810,1.780,2,0,3.999,0,0,20,309,0,4,0
28-08 08:32:02,34.479,19.738,44.973,0,0,5533940,5488224,499240,4675444,15702.623,8069.182,0,11481.144,0,76.954,5151,12388,1.070,1.810,1.780,2,0,56.966,0,0,20,309,0,4,0
28-08 08:32:03,21.752,7.751,68.756,0,0,5542684,5478504,499248,4676408,44539.174,23024.158,0,264.025,0,14.001,3020,2104,1.070,1.810,1.780,1,0,17.002,0,0,20,309,0,4,0
28-08 08:32:04,22.514,7.755,69.292,0.250,0,5538496,5478084,499248,4680508,29606.013,15087.179,0,2001.218,0,227.138,3111,2007,1.230,1.830,1.780,2,0,4.002,0,0,20,309,0,4,0
28-08 08:32:05,21.436,7.976,69.542,0,0,5540688,5475508,499256,4680836,15198.635,7758.842,0,654.048,0,17.946,2811,1883,1.230,1.830,1.780,1,0,5.982,0,0,20,309,0,4,0
28-08 08:32:06,22.319,11.034,62.444,0,0,5555088,5459948,499256,4681888,14990.602,7318.752,0,200.624,0,6.019,8283,12688,1.230,1.830,1.780,1,0,5.016,0,0,20,309,0,4,0
28-08 08:32:07,20.327,15.369,62.468,0,0,5540272,5474704,499256,4681940,14936.896,7381.190,0,1939.496,0,18.840,3279,2433,1.230,1.830,1.780,2,0,9.916,0,0,20,309,0,6,0
28-08 08:32:08,22.760,9.254,67.279,0,0,5517168,5497628,499256,4682076,15190.629,7299.185,0,1204.526,0,18.008,3628,3227,1.230,1.830,1.780,1,0,7.003,0,0,20,309,0,6,0
28-08 08:32:09,19.896,13.348,63.719,0,0,5527216,5487552,499256,4682104,14994.404,7350.119,0,36.267,0,2.015,7716,11900,1.210,1.820,1.780,2,0,8.059,0,0,20,309,0,6,0
28-08 08:32:10,16.998,12.748,68.991,0,0,5527116,5487552,499264,4682160,15007.952,7942.916,0,731.900,0,33.995,3214,2211,1.210,1.820,1.780,2,0,8.999,0,0,20,309,0,3,0
28-08 08:32:11,17.248,11.749,69.992,0,0,5528860,5485788,499272,4682172,686.920,0,0,231.973,0,16.998,2711,1745,1.210,1.820,1.780,2,0,0,0,0,20,309,0,3,0
28-08 08:32:12,21.009,8.504,70.031,0.250,0,5496600,5525128,499296,4675624,15592.812,7609.324,0,304.133,0,16.007,2825,1933,1.210,1.820,1.780,3,0,1.000,0,0,20,309,0,3,0
28-08 08:32:13,21.355,7.946,68.038,0.497,0,5493848,5527176,499388,4676220,357.573,0,246.328,2725.503,3.973,105.285,3403,2517,1.210,1.820,1.780,1,0,6.953,0,0,20,309,0,3,0
28-08 08:32:14,19.633,9.313,70.226,0.755,0,5512700,5505292,499780,4678464,362.457,0,394.675,4.027,10.068,1.007,2814,1910,1.190,1.810,1.770,1,0,0,0,0,20,309,0,3,0
28-08 08:32:15,23.696,6.735,67.347,0,0,5512532,5504816,499824,4678936,48212.407,24995.183,0,2614.058,0,89.796,4612,4009,1.190,1.810,1.770,3,0,0,0,0,20,310,0,3,0
28-08 08:32:16,23.310,8.773,66.421,0,0,5512932,5504312,499868,4678996,41226.032,22880.849,0,481.238,0,66.170,5449,5349,1.190,1.810,1.770,2,0,2.005,0,0,20,312,0,7,0
28-08 08:32:17,25.212,14.228,55.915,1.997,0,5490544,5526472,499948,4679140,48807.826,908195.795,0,21754.939,0,213.675,6786,6975,1.190,1.810,1.770,2,0,2.995,0,0,20,312,0,9,0
28-08 08:32:18,21.765,11.758,64.544,0.500,0,5428556,5588028,500060,4679460,14954.270,7301.014,128.088,1933.328,1.001,187.129,5535,5428,1.190,1.810,1.770,5,0,39.027,0,0,20,311,0,9,0
28-08 08:32:19,6.756,26.024,64.809,0,0,5432032,5584520,500068,4679484,60623.543,46756.838,0,148.136,0,10.009,4897,3148,1.260,1.810,1.780,2,0,150.138,0,0,20,311,0,9,0
28-08 08:32:20,7.469,26.140,63.981,0,0,5431596,5584932,500100,4679476,60260.387,34385.286,0,4473.174,0,583.544,5889,3328,1.260,1.810,1.780,4,0,138.417,0,0,20,311,0,9,0
28-08 08:32:21,8.077,22.464,68.401,0,0,5448408,5568052,500144,4679500,61216.961,33830.160,0,1659.806,0,91.875,4644,3017,1.260,1.810,1.780,1,0,90.865,0,0,20,311,0,9,0
28-08 08:32:22,15.664,9.945,72.354,0,0,5455948,5560492,500152,4679512,45234.123,26023.395,0,99.455,0,8.951,3050,2059,1.260,1.810,1.780,0,0,24.864,0,0,20,311,0,11,0
28-08 08:32:23,13.484,23.472,60.928,0,0,5405120,5612960,500164,4678008,124795.559,43182.981,0,87468.659,0,539.363,4826,3046,1.260,1.810,1.780,1,0,25.969,0,0,20,311,0,11,0
28-08 08:32:24,4.004,3.754,91.851,0,0,5409124,5608956,500164,4678008,50815.609,24402.705,0,0,0,0,1839,1551,1.160,1.780,1.770,0,0,0,0,0,20,312,0,11,0
28-08 08:32:25,4.242,4.741,89.087,0.499,0,5410560,5607368,500192,4678132,69306.836,17027.758,91.832,339.377,0.998,20.962,2383,2068,1.160,1.780,1.770,1,0,4.991,0,0,20,311,0,11,1
28-08 08:32:26,6.239,15.222,76.611,0,0,5397848,5620044,500208,4678152,114721.396,37650.866,0,794.562,0,21.960,3598,2696,1.160,1.780,1.770,2,0,38.930,0,0,20,311,0,12,0
28-08 08:32:27,17.822,6.777,74.300,0,0,5413244,5604660,500212,4678152,129704.021,482539.521,0,140.568,0,12.049,3000,2037,1.160,1.780,1.770,1,0,18.073,0,0,20,311,0,12,0
28-08 08:32:28,24.680,12.714,60.328,0.997,0,5413632,5604220,500232,4678172,65166.703,249031.895,3.989,42941.898,0.997,207.410,3909,2603,1.160,1.780,1.770,4,0,20.940,0,0,20,311,0,12,0
28-08 08:32:29,8.271,27.569,62.657,0,0,5405432,5612412,500232,4678180,45037.105,23599.267,0,13233.234,0,32.081,5177,3176,1.140,1.770,1.760,1,0,233.587,0,0,20,311,0,12,0
28-08 08:32:30,13.988,11.240,69.689,3.247,0,5427276,5589032,500360,4679304,29502.196,14902.965,1246.909,111.902,132.884,2.997,3131,2189,1.140,1.770,1.760,2,0,18.983,0,0,20,311,0,12,0
28-08 08:32:31,11.498,6.499,69.236,11.998,0,5435924,5576796,500536,4681840,29669.181,15398.980,2735.464,15.997,550.892,2.000,3223,2651,1.140,1.770,1.760,1,0,0,0,0,20,311,0,12,0
28-08 08:32:32,14.254,8.252,70.268,5.251,0,5443220,5564264,500760,4684076,14887.841,7519.940,2292.592,4.001,201.052,1.000,2744,2083,1.140,1.770,1.760,0,0,0,0,0,20,311,1,12,0
28-08 08:32:33,6.467,4.477,87.050,0,0,5443452,5564012,500772,4684084,22333.636,15954.587,0,1277.402,0,23.877,2691,2403,1.140,1.770,1.760,0,0,1.990,0,0,20,313,0,12,0
28-08 08:32:34,19.863,11.063,68.389,0,0,5420540,5586912,500784,4684092,32012.131,17360.773,0,16365.108,0,76.435,3664,2910,1.130,1.750,1.760,2,0,1.006,0,0,20,311,0,13,0
28-08 08:32:35,13.984,5.993,78.912,0,0,5438392,5569048,500792,4684096,46129.594,25200.916,0,399.555,0,8.990,2252,1604,1.130,1.750,1.760,1,0,0,0,0,20,312,0,13,0
28-08 08:32:36,12.005,5.252,81.032,0,0,5438356,5569048,500820,4684104,23225.087,15532.077,0,792.310,0,63.025,3163,2808,1.130,1.750,1.760,1,0,2.001,0,0,20,311,0,15,0
28-08 08:32:37,19.264,9.507,69.552,0,0,5432288,5575100,500820,4684120,29676.104,14817.037,0,84.063,0,7.005,3022,2084,1.130,1.750,1.760,1,0,2.001,0,0,20,311,0,15,0
28-08 08:32:38,9.500,4.250,85.746,0,0,5437040,5570340,500824,4684124,23254.918,15151.295,0,119.994,0,8.000,2347,1893,1.130,1.750,1.760,1,0,0,0,0,20,313,0,15,0
28-08 08:32:39,14.737,7.993,76.183,0,0,5417900,5589456,500836,4684136,17875.253,10290.934,0,123.891,0,14.987,2883,2242,1.120,1.740,1.750,1,0,2.997,0,0,20,311,0,16,0
28-08 08:32:40,20.013,8.756,69.797,0,0,5436544,5570804,500840,4684140,480.322,0,0,96.064,0,12.008,2902,2110,1.120,1.740,1.750,1,0,0,0,0,20,311,0,16,0
28-08 08:32:41,7.490,3.995,87.389,0.250,0,5436520,5570804,500852,4684152,23325.322,15321.505,0,2257.128,0,459.415,3062,2276,1.120,1.740,1.750,1,0,0,0,0,20,312,0,16,0
28-08 08:32:42,19.299,9.402,68.537,0,0,5429188,5578116,500864,4684160,30807.568,16739.887,0,958.035,0,61.362,3449,2730,1.120,1.740,1.750,2,0,2.969,0,0,20,311,0,17,0
28-08 08:32:43,12.149,5.568,81.751,0,0,5436920,5570332,500900,4684176,36471.768,22520.874,0,2166.539,0,125.538,2882,2453,1.120,1.740,1.750,0,0,0,0,0,20,312,0,17,0
28-08 08:32:44,13.941,6.224,78.417,0,0,5434844,5572388,500912,4684184,33896.889,18025.366,0,2485.433,0,30.869,3012,2436,1.110,1.730,1.750,2,0,0.996,0,0,20,311,0,18,0
28-08 08:32:45,19.327,8.785,70.784,0,0,5461288,5545928,500916,4684196,29827.603,14813.399,0,184.741,0,10.040,2636,1626,1.110,1.730,1.750,1,0,2.008,0,0,20,311,1,18,0
28-08 08:32:46,5.744,3.746,88.912,0,0,5459340,5547772,500944,4684272,24092.173,16792.393,0,1138.874,0,55.945,2332,2022,1.110,1.730,1.750,0,0,0,0,0,20,312,0,18,0
28-08 08:32:47,44.603,12.708,41.363,0,0,5448532,5558244,500960,4684588,17079.539,8839.778,306.985,199.341,2.990,23.921,4438,2691,1.110,1.730,1.750,3,0,4.984,0,0,20,303,0,21,0
28-08 08:32:48,38.680,26.875,34.661,0,0,5212784,5793984,500960,4684588,44438.695,22641.310,0,52.243,0,2.009,3970,1877,1.110,1.730,1.750,3,0,8.037,0,0,20,295,0,23,0
28-08 08:32:49,54.150,24.205,21.211,0,0,5270360,5736276,500968,4684712,29653.287,15535.336,0,930.284,0,14.972,4325,1811,1.260,1.750,1.760,4,0,0,0,0,20,295,0,23,0
28-08 08:32:50,69.188,25.634,4.480,0,0,5089412,5917184,500980,4684736,16190.902,7424.480,0,350.418,0,37.829,5140,2851,1.260,1.750,1.760,4,0,5.973,0,0,20,272,0,25,0
28-08 08:32:51,85.323,14.470,0,0,0,5134748,5871628,500988,4684948,16050.702,7604.225,0,371.230,0,18.961,5043,2474,1.260,1.750,1.760,6,0,2.994,0,0,20,270,0,25,0
28-08 08:32:52,82.497,18.109,0,0,0,5119816,5886500,501020,4684976,16121.134,7652.106,0,724.364,0,39.236,5111,2963,1.260,1.750,1.760,6,0,6.036,0,0,20,266,0,25,0
28-08 08:32:54,69.121,27.266,0,0,0,5208736,5797572,501020,4684984,119530.798,42398.600,0,287.007,0,25.831,5567,3951,1.260,1.750,1.760,8,0,110.976,0,0,20,266,0,25,0
28-08 08:32:54,75.824,25.620,0.776,0,0,5277260,5728680,501020,4685352,31975.444,15607.826,0,4194.383,0,222.555,5750,4914,1.720,1.840,1.780,6,0,172.868,0,0,20,270,0,28,0
28-08 08:32:55,78.452,20.116,2.012,0,0,5357660,5647060,501028,4686640,37492.976,921934.745,0,378.178,0,31.180,7312,7395,1.720,1.840,1.780,4,0,3.017,0,0,20,274,0,30,0
28-08 08:32:56,66.033,16.008,17.259,0.250,0,5480836,5523356,501064,4687100,15205.519,7999.956,0,640.317,0,46.023,4593,2682,1.720,1.840,1.780,3,0,3.001,0,0,20,274,1,33,0
28-08 08:32:58,63.023,16.002,18.218,0,0,5501028,5502216,501092,4688016,127824.246,38112.120,0,429.344,0,41.359,6415,7530,1.720,1.840,1.780,7,0,1.969,0,0,20,281,0,37,0
28-08 08:32:58,41.832,11.733,46.934,0,0,5536640,5465928,501128,4688660,56203.408,9046.009,0,371.390,0,33.670,5308,6609,1.720,1.840,1.780,3,0,0,0,0,20,293,0,37,0
28-08 08:32:59,24.536,3.255,71.605,0,0,5540124,5462428,501148,4688656,20021.279,9076.273,0,304.445,0,22.032,2863,1961,1.660,1.820,1.780,2,0,2.003,0,0,20,295,0,37,0
28-08 08:33:00,15.260,13.759,68.543,0,0,5505352,5497184,501152,4688664,17002.656,9259.803,0,144.090,0,7.004,3831,2414,1.660,1.820,1.780,1,0,101.063,0,0,20,296,0,38,0
28-08 08:33:01,11.496,21.742,65.225,0,0,5512808,5489724,501152,4688668,15465.964,7872.927,0,595.767,0,8.996,4450,2785,1.660,1.820,1.780,2,0,167.934,0,0,20,296,0,38,0
28-08 08:33:02,22.204,11.726,62.370,0,0,5549704,5452824,501156,4689516,44481.500,23283.581,0,251.477,0,10.977,3077,4014,1.660,1.820,1.780,4,1,35.925,0,0,20,296,0,38,0
28-08 08:33:03,29.531,11.762,57.811,0,0,5585308,5417184,501180,4688676,29925.681,14929.806,0,644.683,0,56.059,3917,10669,1.660,1.820,1.780,3,0,2.002,0,0,20,296,0,39,0
28-08 08:33:04,12.015,5.507,81.352,0,0,5597248,5405236,501180,4688684,20720.060,13260.678,0,52.065,0,4.005,2135,1648,1.530,1.790,1.770,1,0,0,0,0,20,297,0,38,0
28-08 08:33:05,15.774,4.757,78.117,0,0,5594204,5408244,501188,4688708,18069.162,11190.823,0,96.145,0,7.011,2641,2027,1.530,1.790,1.770,0,0,2.003,0,0,20,297,0,38,0
28-08 08:33:06,14.734,4.495,79.911,0,0,5576948,5425448,501196,4688752,17733.182,9797.051,0,159.821,0,15.982,2634,2072,1.530,1.790,1.770,0,0,0.999,0,0,20,298,0,39,0
28-08 08:33:07,6.489,16.472,75.124,0,0,5566340,5436048,501196,4688756,132549.997,49700.758,0,0,0,0,3912,2631,1.530,1.790,1.770,3,0,124.791,0,0,20,298,0,39,0
28-08 08:33:08,7.992,25.724,63.687,0.500,0,5559992,5442252,501332,4688764,45737.557,28110.071,131.869,239.762,4.995,17.982,5142,3439,1.530,1.790,1.770,5,1,190.810,0,0,20,298,0,37,0
28-08 08:33:09,9.758,27.022,59.798,0,0,5538792,5463404,501344,4688800,60737.108,37470.296,0,440.356,0,34.028,5617,4196,1.410,1.760,1.760,2,0,179.145,0,0,20,300,0,38,0
28-08 08:33:10,21.253,27.254,49.007,0,0,5530492,5471636,501372,4688836,60936.527,38197.345,0,340.048,0,28.004,6202,5370,1.410,1.760,1.760,5,0,170.024,0,0,20,298,0,39,0
28-08 08:33:11,6.256,24.523,67.063,0,0,5533560,5468548,501384,4688844,61018.280,38325.978,0,256.241,0,21.020,5113,3495,1.410,1.760,1.760,2,0,176.165,0,0,20,298,0,39,0
28-08 08:33:12,7.495,25.234,64.209,0.250,0,5532808,5469284,501384,4688860,52542.834,31014.423,0,12751.951,0,1546.024,7631,3286,1.410,1.760,1.760,3,0,175.889,0,0,20,298,0,39,0
28-08 08:33:13,7.253,25.262,65.281,0,0,5522660,5479420,501392,4688864,54451.613,35738.811,0,320.151,0,21.010,5333,3581,1.410,1.760,1.760,2,0,199.094,0,0,20,298,0,39,0
28-08 08:33:14,7.259,25.783,64.834,0,0,5522232,5479836,501392,4688876,64016.514,841478.626,0,292.377,0,17.022,5243,3305,1.540,1.780,1.770,2,0,186.240,0,0,20,298,0,39,0
28-08 08:33:15,6.500,26.000,64.750,0,0,5514548,5487512,501392,4688884,60966.912,37517.946,0,56.000,0,6.000,4993,3161,1.540,1.780,1.770,1,0,199.000,0,0,20,298,0,39,0
28-08 08:33:16,7.463,27.363,63.184,0,0,5512496,5489548,501400,4688892,56175.775,32166.967,0,238.805,0,13.930,5339,3628,1.540,1.780,1.770,3,0,207.959,0,0,20,298,0,38,0
28-08 08:33:17,5.769,25.333,65.715,0,0,5509920,5492120,501400,4688896,50162.425,33331.255,0,1003.289,0,179.589,5150,3195,1.540,1.780,1.770,2,0,185.608,0,0,20,298,0,38,0
28-08 08:33:18,7.252,24.507,66.518,0,0,5506688,5495328,501420,4688900,60716.832,38098.562,0,208.058,0,18.005,5031,3434,1.540,1.780,1.770,3,0,176.049,0,0,20,298,0,38,0
28-08 08:33:19,15.273,14.772,68.101,0,0,5523960,5478028,501436,4688912,59660.163,33343.273,0,1458.155,0,21.031,3701,2709,1.490,1.770,1.760,2,0,51.075,0,0,20,298,0,38,0
28-08 08:33:20,22.244,6.498,69.732,0,0,5552984,5448984,501452,4688912,29622.385,15695.965,0,183.953,0,18.995,2551,1644,1.490,1.770,1.760,1,0,0,0,0,20,298,0,33,0
28-08 08:33:21,22.222,6.742,69.913,0,0,5573940,5427892,501452,4689048,29491.407,15221.113,0,55.931,0,6.991,2547,1677,1.490,1.770,1.760,1,0,0,0,0,20,298,0,33,0
28-08 08:33:22,22.262,7.004,69.789,0,0,5539016,5462804,501452,4689060,30480.841,17225.517,0,176.097,0,9.005,3002,2069,1.490,1.770,1.760,3,0,7.004,0,0,20,298,0,34,0
28-08 08:33:23,20.260,9.505,69.284,0,0,5541716,5460096,501460,4689060,45935.683,22721.220,0,92.045,0,12.006,2862,2073,1.490,1.770,1.760,3,0,0,0,0,20,298,0,34,0
28-08 08:33:24,21.216,6.739,70.139,0,0,5568932,5432880,501460,4689060,29541.061,15377.566,0,0,0,0,2420,1472,1.530,1.770,1.760,2,0,0,0,0,20,298,0,32,0
28-08 08:33:25,23.226,7.243,68.430,0,0,5569144,5432640,501464,4689084,15450.250,7612.240,0,535.454,0,91.906,3397,2409,1.530,1.770,1.760,2,0,1.998,0,0,20,299,0,35,0
28-08 08:33:26,22.791,13.377,60.693,0.248,0,5569000,5432656,501532,4689132,15147.104,7711.289,0,1197.024,0,152.601,4841,4795,1.530,1.770,1.760,1,0,6.936,0,0,20,299,0,35,0
28-08 08:33:27,18.477,12.402,68.845,0,0,5539660,5461936,501588,4689132,15263.316,7834.143,0,4227.886,0,228.808,3642,2822,1.530,1.770,1.760,1,0,23.286,0,0,20,299,0,35,0
28-08 08:33:28,22.775,7.508,68.824,0,0,5540148,5461432,501592,4689144,44820.466,24350.331,0,132.143,0,12.013,3140,2140,1.530,1.770,1.760,1,0,2.002,0,0,20,299,0,34,0
28-08 08:33:29,23.216,6.241,69.149,0,0,5556004,5445556,501604,4689152,29952.140,15283.620,0,407.403,0,28.958,3121,2215,1.490,1.760,1.760,1,0,0,0,0,20,299,0,34,0
28-08 08:33:30,22.347,7.282,70.305,0,0,5499740,5501812,501604,4689160,29662.488,15306.302,0,48.209,0,3.013,3148,2234,1.490,1.760,1.760,1,0,10.044,0,0,20,299,0,35,0
28-08 08:33:31,1.743,3.485,93.100,0,0,5500276,5501276,501604,4689160,29807.829,16309.869,0,0,0,0,1835,1597,1.490,1.760,1.760,0,0,12.944,0,0,20,299,0,35,0
28-08 08:33:32,1.249,2.498,94.424,0,0,5494128,5507424,501604,4689160,44478.312,22503.943,0,0,0,0,1706,1569,1.490,1.760,1.760,1,0,0,0,0,20,299,0,35,0
28-08 08:33:33,3.002,2.751,93.300,0,0,5491760,5509780,501616,4689160,15702.483,7299.944,0,360.195,0,35.019,2165,2126,1.490,1.760,1.760,0,0,0,0,0,20,299,0,35,0
28-08 08:33:34,2.499,3.748,92.211,0,0,5490448,5511084,501620,4689164,33809.879,874100.920,0,211.911,0,13.994,2317,1788,1.370,1.730,1.750,0,0,2.999,0,0,20,299,0,35,0
28-08 08:33:35,1.501,2.252,95.081,0,0,5490252,5511280,501620,4689164,15389.053,58433.563,0,156.132,0,10.008,1666,1519,1.370,1.730,1.750,2,0,1.001,0,0,20,299,0,35,0
28-08 08:33:36,1.748,2.746,94.122,0,0,5490188,5511336,501624,4689168,15265.315,7483.859,0,147.800,0,18.974,1939,1933,1.370,1.730,1.750,1,0,0,0,0,20,299,0,33,0
28-08 08:33:37,1.753,2.254,95.154,0,0,5490388,5511136,501624,4689168,827.343,148.241,0,280.455,0,15.024,1720,1552,1.370,1.730,1.750,0,0,3.005,0,0,20,299,0,33,0
28-08 08:33:38,1.749,2.998,92.953,0,0,5490384,5511136,501628,4689168,15028.477,7292.349,0,2034.981,0,420.789,2388,1850,1.370,1.730,1.750,0,0,0,0,0,20,299,0,33,0
28-08 08:33:39,2.000,3.000,94.250,0.500,0,5490372,5511136,501640,4689168,15303.032,7296.015,0,272.001,0,25.000,1859,1780,1.260,1.700,1.740,0,0,0,0,0,20,299,0,33,0
28-08 08:33:40,2.002,3.253,93.329,0,0,5490356,5511136,501648,4689176,854.726,0,0,232.197,0,19.016,2012,1920,1.260,1.700,1.740,0,0,2.002,0,0,20,299,0,31,0
28-08 08:33:41,18.168,10.453,69.936,0,0,5511508,5489968,501664,4689176,29981.183,15118.019,0,203.087,0,24.888,3495,2644,1.260,1.700,1.740,1,0,9.955,0,0,20,299,0,31,0
28-08 08:33:42,22.077,6.774,69.994,0,0,5544240,5457236,501664,4689176,44452.748,22341.776,0,92.321,0,7.024,2800,1738,1.260,1.700,1.740,1,0,0,0,0,20,299,0,31,0
28-08 08:33:43,23.238,6.746,69.214,0,0,5555808,5445644,501672,4689192,15122.038,7358.126,0,111.941,0,11.994,3193,2198,1.260,1.700,1.740,3,0,1.999,0,0,20,301,0,31,0
28-08 08:33:44,12.749,5.749,79.492,0,0,5513088,5488352,501676,4689200,30004.914,15634.392,0,495.949,0,27.997,2760,2048,1.160,1.670,1.730,0,0,20.998,0,0,20,299,0,31,0
28-08 08:33:45,1.250,3.000,94.736,0,0,5508684,5492756,501676,4689200,44451.492,22046.772,0,63.991,0,4.999,1786,1546,1.160,1.670,1.730,1,0,0,0,0,20,299,0,29,0
28-08 08:33:46,2.003,2.754,94.647,0,0,5504980,5496460,501676,4689200,29574.016,14614.740,0,0,0,0,1707,1517,1.160,1.670,1.730,0,0,2.003,0,0,20,299,0,29,0
28-08 08:33:47,1.750,2.250,94.730,0,0,5501392,5500044,501676,4689204,14940.852,7442.432,0,23.995,0,1.000,1732,1598,1.160,1.670,1.730,0,0,2.999,0,0,20,299,0,29,0
28-08 08:33:48,1.998,2.748,93.927,0,0,5495612,5505816,501680,4689208,15595.846,7290.318,0,123.903,0,12.990,2037,1943,1.160,1.670,1.730,0,0,0,0,0,20,299,0,29,0
28-08 08:33:49,1.752,2.502,93.842,0,0,5493220,5508200,501688,4689208,14958.656,7303.155,0,312.306,0,26.025,1927,1812,1.070,1.650,1.720,0,0,2.002,0,0,20,299,0,24,0
28-08 08:33:50,1.250,3.000,95.005,0,0,5493084,5508336,501688,4689208,15064.844,7296.409,0,80.004,0,9.001,1699,1518,1.070,1.650,1.720,1,0,0,0,0,20,299,0,24,0
28-08 08:33:51,1.500,2.250,94.741,0,0,5493076,5508336,501692,4689212,15182.500,7295.279,0,55.994,0,7.999,1562,1439,1.070,1.650,1.720,0,0,0,0,0,20,299,0,24,0
28-08 08:33:52,1.500,2.249,95.227,0,0,5493044,5508368,501692,4689212,921.776,147.964,0,195.952,0,11.997,1620,1513,1.070,1.650,1.720,0,0,2.000,0,0,20,299,0,24,0
28-08 08:33:53,3.244,2.995,92.836,0,0,5493024,5508368,501708,4689216,15157.200,7606.551,0,199.647,0,25.954,2022,1991,1.070,1.650,1.720,1,0,0,0,0,20,299,0,22,0
28-08 08:33:54,7.762,6.760,84.629,0,0,5502800,5498588,501712,4689216,15675.925,8388.803,0,184.281,0,12.018,2257,1787,1.060,1.640,1.720,3,0,9.014,0,0,20,299,0,22,0
28-08 08:33:55,20.224,8.989,68.912,0,0,5538064,5463308,501724,4689220,44697.240,22992.802,0,87.888,0,11.985,3000,2180,1.060,1.640,1.720,3,0,1.997,0,0,20,299,0,22,0
28-08 08:33:56,23.043,7.263,68.877,0,0,5569516,5431836,501740,4689224,29823.195,15430.558,0,456.846,0,60.111,3116,2203,1.060,1.640,1.720,3,0,0,0,0,20,299,0,22,0
28-08 08:33:57,23.647,5.786,70.188,0,0,5537552,5463788,501740,4689236,21997.119,7991.817,0,8.050,0,2.013,2950,1929,1.060,1.640,1.720,5,0,6.038,0,0,20,299,0,12,0
28-08 08:33:58,7.170,4.945,85.053,0,0,5533164,5468024,501752,4689372,55564.571,24427.128,0,98.899,0,11.868,2735,2314,1.060,1.640,1.720,1,0,17.802,0,0,20,299,0,14,0
28-08 08:33:59,10.799,4.520,83.377,0.251,0,5533404,5467688,501796,4689424,32902.686,15583.421,0,518.342,0,77.350,3216,3414,0.980,1.610,1.710,2,0,0,0,0,20,299,0,14,0
28-08 08:34:00,1.001,2.752,94.553,0,0,5528572,5472520,501796,4689424,30172.847,14666.189,0,100.056,0,7.004,1664,1535,0.980,1.610,1.710,1,0,0,0,0,20,299,0,14,0
28-08 08:34:01,1.496,2.742,94.969,0,0,5524736,5476348,501804,4689424,15723.424,7274.451,0,111.669,0,7.976,1637,1455,0.980,1.610,1.710,1,0,1.994,0,0,20,299,0,11,0
28-08 08:34:02,1.500,2.751,94.526,0,0,5520780,5480276,501828,4689424,15068.111,7608.075,0,1292.353,0,66.018,1756,1672,0.980,1.610,1.710,1,0,0,0,0,20,299,0,11,0
28-08 08:34:03,14.035,11.028,73.434,0,0,5514208,5486828,501836,4689436,15707.457,7476.782,0,104.262,0,13.033,3631,5907,0.980,1.610,1.710,0,0,36.091,0,0,20,299,0,12,0
28-08 08:34:04,1.499,3.249,94.458,0,0,5513608,5487364,501896,4689436,14877.342,7454.664,0,2890.706,0,128.942,2011,1860,0.900,1.580,1.700,0,0,1.999,0,0,20,299,0,12,0
28-08 08:34:05,0.999,2.249,94.694,0,0,5511128,5489836,501900,4689440,239.857,0,0,83.950,0,8.995,1469,1372,0.900,1.580,1.700,0,0,0,0,0,20,299,0,11,0
28-08 08:34:06,3.754,3.254,92.356,0,0,5509396,5491432,501900,4689568,26527.332,8845.114,0,104.119,0,12.014,1922,1665,0.900,1.580,1.700,1,0,0,0,0,20,299,0,11,0
28-08 08:34:07,1.500,2.500,94.252,0,0,5509564,5491260,501900,4689572,420.008,148.003,0,36.001,0,3.000,1779,1549,0.900,1.580,1.700,1,0,3.000,0,0,20,299,0,11,0
28-08 08:34:08,17.483,10.490,70.681,0,0,5529436,5471352,501932,4689576,44656.486,23593.011,0,167.836,0,23.977,3389,2672,0.900,1.580,1.700,1,0,8.991,0,0,20,299,0,11,0
28-08 08:34:09,22.749,7.000,69.746,0,0,5563168,5437584,501960,4689584,29868.291,14753.156,0,351.980,0,28.998,2964,2006,0.910,1.570,1.690,3,0,0,0,0,20,299,0,10,0
28-08 08:34:10,25.023,8.258,65.810,0,0,5577196,5423528,501980,4689592,41656.191,889951.918,0,2294.103,0,467.429,4608,2338,0.910,1.570,1.690,1,0,4.004,0,0,20,299,0,10,0
28-08 08:34:11,24.094,12.420,61.849,0,0,5538964,5461592,501984,4689756,30047.377,46570.355,0,131.151,0,13.910,4126,3305,0.910,1.570,1.690,3,0,24.839,0,0,20,300,0,12,0
28-08 08:34:12,23.082,8.028,67.238,0,0,5542468,5458064,501992,4689772,29753.503,14792.453,0,272.968,0,20.071,3149,2316,0.910,1.570,1.690,2,0,2.007,0,0,20,299,0,12,0
28-08 08:34:13,23.763,6.754,68.539,0,0,5567140,5433368,502008,4689780,29892.954,14828.410,0,216.123,0,19.011,3104,2074,0.910,1.570,1.690,3,0,2.001,0,0,20,299,0,10,0
28-08 08:34:14,23.009,6.252,69.277,0,0,5536476,5463876,502012,4689916,30461.898,17838.968,0,92.036,0,7.003,3104,2106,0.910,1.560,1.690,3,0,5.002,0,0,20,299,0,10,0
28-08 08:34:15,20.501,9.250,70.252,0,0,5536476,5463876,502012,4689916,44173.483,21888.735,0,132.004,0,10.000,2738,1745,0.910,1.560,1.690,2,0,0,0,0,20,299,0,10,0
28-08 08:34:16,22.433,6.481,69.792,0,0,5565188,5435148,502020,4689924,29880.999,14548.666,0,147.560,0,8.973,2809,1827,0.910,1.560,1.690,2,0,1.994,0,0,20,300,0,10,0
28-08 08:34:17,25.795,6.762,66.115,0,0,5568772,5431368,502056,4690080,15096.290,8016.962,0,721.256,0,61.106,3824,3136,0.910,1.560,1.690,1,0,2.003,0,0,20,300,0,11,0
28-08 08:34:18,14.796,5.517,77.492,0.251,0,5526888,5473100,502160,4690124,29688.885,8766.427,0,1143.578,0,132.414,4229,4348,0.910,1.560,1.690,0,0,5.016,0,0,20,300,0,11,0
28-08 08:34:19,6.499,18.748,72.493,0,0,5527252,5472784,502176,4690060,129152.997,51036.862,0,239.976,0,18.998,4657,3306,0.920,1.550,1.690,2,0,146.985,0,0,20,300,0,11,0
28-08 08:34:20,6.995,26.230,64.701,0,0,5531024,5468992,502188,4690068,60581.818,38200.879,0,191.854,0,11.991,5025,3187,0.920,1.550,1.690,1,0,188.856,0,0,20,300,0,11,0
28-08 08:34:21,6.494,23.976,66.684,0,0,5519064,5480932,502196,4690076,60645.604,36251.897,0,127.873,0,12.987,4951,3126,0.920,1.550,1.690,2,0,176.824,0,0,20,300,0,11,0
28-08 08:34:22,6.761,24.790,66.357,0,0,5527256,5472680,502248,4690084,45655.955,30837.952,0,1903.083,0,104.169,5274,3682,0.920,1.550,1.690,2,0,175.284,0,0,20,300,0,11,0
28-08 08:34:23,7.004,23.764,67.289,0,0,5526100,5473816,502260,4690092,60741.323,38310.279,0,184.107,0,21.012,5237,3443,0.920,1.550,1.690,3,0,173.101,0,0,20,300,0,11,0
28-08 08:34:24,5.499,24.494,67.485,0,0,5523192,5476708,502268,4690100,60872.073,38263.246,0,167.962,0,8.998,5129,3234,0.930,1.540,1.680,2,0,177.959,0,0,20,300,0,11,0
28-08 08:34:25,6.743,25.725,64.686,0,0,5505620,5494264,502276,4690108,65039.794,492541.770,0,91.909,0,11.988,5640,3794,0.930,1.540,1.680,1,0,195.807,0,0,20,300,0,10,0
28-08 08:34:26,7.755,29.771,59.292,0.250,0,5503720,5496128,502296,4690120,69400.731,401443.881,0,312.219,0,27.019,5470,3615,0.930,1.540,1.680,3,0,191.134,0,0,20,300,0,7,0
28-08 08:34:27,6.495,26.730,65.451,0,0,5506652,5493180,502300,4690128,46479.934,29903.440,0,299.774,0,59.955,5145,3215,0.930,1.540,1.680,2,0,188.858,0,0,20,300,0,7,0
28-08 08:34:28,10.977,27.942,58.378,0,0,5504912,5494864,502332,4690148,61072.877,37446.056,0,419.128,0,51.892,5796,4435,0.930,1.540,1.680,4,0,195.593,0,0,20,302,0,7,0
28-08 08:34:29,6.259,24.536,66.097,0,0,5501592,5498156,502352,4690156,60979.363,36966.172,0,841.233,0,50.073,5210,3543,0.930,1.530,1.680,1,0,182.267,0,0,20,302,0,7,0
28-08 08:34:30,7.004,24.265,67.040,0,0,5505864,5493880,502352,4690160,61645.039,37074.276,0,0,0,0,4809,2992,0.930,1.530,1.680,1,0,172.103,0,0,20,302,0,7,0
28-08 08:34:31,14.005,14.756,69.277,0,0,5528032,5471704,502352,4690168,45195.727,25429.974,0,0,0,0,3415,2259,0.930,1.530,1.680,2,0,56.022,0,0,20,302,0,7,0
28-08 08:34:32,22.231,6.744,70.191,0,0,5557504,5442220,502364,4690168,44318.615,22341.154,0,283.761,0,16.986,2765,1750,0.930,1.530,1.680,1,0,0,0,0,20,302,0,7,0
28-08 08:34:33,23.503,6.501,68.760,0,0,5578400,5421304,502372,4690180,15320.262,7363.087,0,124.018,0,15.002,2979,2172,0.930,1.530,1.680,1,0,0,0,0,20,302,0,7,0
28-08 08:34:34,22.997,7.249,67.741,0,0,5579544,5420044,502452,4690216,30053.901,14751.988,0,559.924,0,63.991,4633,4209,1.020,1.540,1.680,2,0,2.000,0,0,20,303,0,8,0
28-08 08:34:35,21.999,10.499,65.746,0.250,0,5580032,5419540,502456,4690228,15127.010,7457.512,0,295.981,0,22.998,4694,4297,1.020,1.540,1.680,2,0,1.000,0,0,20,303,0,8,0
28-08 08:34:36,22.737,9.495,65.963,0,0,5516640,5482820,502508,4690252,15831.128,9616.611,0,423.763,0,52.970,4316,3920,1.020,1.540,1.680,2,0,15.991,0,0,20,302,0,8,0
28-08 08:34:37,8.514,25.293,63.607,0,0,5499344,5500028,502568,4690276,82384.610,615834.123,0,1987.344,0,103.174,5314,3468,1.020,1.540,1.680,1,0,145.244,0,0,20,302,0,10,0
28-08 08:34:38,7.754,23.761,66.530,0,0,5488440,5510880,502596,4690296,61183.920,36324.576,0,296.135,0,28.013,5187,3750,1.020,1.540,1.680,1,0,151.069,0,0,20,302,0,10,0
28-08 08:34:39,17.748,13.499,67.243,0,0,5515248,5483944,502684,4690320,45287.603,24115.658,0,2975.711,0,152.985,3971,3004,1.100,1.550,1.680,1,0,45.996,0,0,20,302,0,10,0
28-08 08:34:40,19.478,10.238,68.671,0.250,0,5534232,5464792,502704,4690344,44952.386,22344.344,15.982,631.275,0.999,14.983,3095,2151,1.100,1.550,1.680,1,0,3.995,0,0,20,302,0,10,0
28-08 08:34:41,20.270,10.010,68.569,0,0,5552304,5446648,502708,4690412,51321.404,22204.240,0,3359.365,0,587.589,3581,2214,1.100,1.550,1.680,2,0,0,0,0,20,302,0,10,0
28-08 08:34:42,23.245,7.498,69.235,0,0,5567068,5429580,502844,4692192,30188.242,14898.665,0,131.970,0,8.998,2869,1877,1.100,1.550,1.680,1,0,0,0,0,20,302,0,10,0
28-08 08:34:43,24.720,5.743,68.166,0,0,5580892,5413228,502936,4694152,15109.476,7287.066,0,830.981,0,18.977,3287,2706,1.100,1.550,1.680,2,0,1.998,0,0,20,302,0,10,0
28-08 08:34:44,18.021,11.263,69.580,0,0,5550084,5443972,502960,4694184,15860.249,7436.557,0,588.677,0,34.039,2960,2134,1.090,1.540,1.680,2,0,3.003,0,0,20,302,0,10,0
28-08 08:34:45,22.003,7.251,70.761,0,0,5583004,5410988,502960,4694248,15310.373,7297.131,0,4.001,0,1.000,2405,1485,1.090,1.540,1.680,1,0,0,0,0,20,302,0,10,0
28-08 08:34:46,32.983,8.746,54.972,0,0,5583460,5410232,503024,4694476,44985.135,23534.038,0,819.583,0,73.962,6532,7000,1.090,1.540,1.680,1,0,2.998,0,0,20,303,0,10,0
28-08 08:34:47,25.000,8.750,63.500,0.250,0,5583376,5410008,503132,4694672,29652.109,14740.054,0,2044.008,0,153.001,6307,6508,1.090,1.540,1.680,2,0,3.000,0,0,20,304,0,11,0
28-08 08:34:48,20.752,12.251,65.255,0,0,5583760,5409504,503204,4694716,29720.492,14659.229,0,804.067,0,108.009,5530,5478,1.090,1.540,1.680,3,0,0,0,0,20,304,0,11,0
28-08 08:34:49,25.980,7.494,64.701,0.250,0,5584948,5407992,503304,4694940,18040.249,8239.719,0,1338.979,0,145.889,4940,5216,1.160,1.550,1.680,1,0,1.998,0,0,20,300,0,16,0
28-08 08:34:50,13.258,4.753,81.050,0.250,0,5585096,5407740,503368,4694980,15381.426,7300.474,0,748.459,0,105.064,3422,3408,1.160,1.550,1.680,2,0,0,0,0,20,302,0,16,0
28-08 08:34:51,17.516,5.755,75.318,0,0,5585748,5406732,503508,4695192,21065.006,8815.954,0,1737.568,0,205.185,4629,4860,1.160,1.550,1.680,0,0,0,0,0,20,300,0,16,0
28-08 08:34:52,11.738,5.744,79.167,0.250,0,5585940,5406240,503732,4695236,26069.522,9274.225,0,5026.702,0,321.661,4520,4711,1.160,1.550,1.680,0,0,1.998,0,0,20,300,0,16,0
28-08 08:34:53,10.740,4.745,83.170,0,0,5586120,5405988,503756,4695284,4192.962,65.936,0,291.719,0,29.971,3260,3178,1.160,1.550,1.680,2,0,0,0,0,20,301,0,16,0
28-08 08:34:54,22.566,9.671,64.227,0,0,5587196,5404756,503856,4695340,44612.428,22125.685,0,1618.807,0,167.634,6311,6698,1.150,1.540,1.680,4,0,0,0,0,20,303,0,16,0
28-08 08:34:55,27.083,9.529,60.686,0.251,0,5587312,5404252,504012,4695564,34900.858,614419.207,0,1801.516,0,226.694,6976,7577,1.150,1.540,1.680,3,0,2.006,0,0,20,303,0,16,0
28-08 08:34:56,24.638,8.799,65.114,0.251,0,5587904,5403496,504084,4695648,32240.428,88941.747,0,2111.818,0,152.855,6158,6336,1.150,1.540,1.680,1,0,0,0,0,20,303,0,17,0
28-08 08:34:57,23.199,8.980,65.107,0,0,5588792,5402488,504132,4695716,15629.734,7583.374,0,2398.741,0,213.532,6148,5987,1.150,1.540,1.680,1,0,0.998,0,0,20,302,0,17,2
28-08 08:34:58,26.004,11.752,60.010,0.500,0,5589940,5400976,504288,4695932,27865.731,10304.750,0,1692.287,0,220.037,5919,6031,1.150,1.540,1.680,1,0,2.000,0,0,20,301,0,18,2
28-08 08:34:59,14.508,4.502,79.541,0,0,5589668,5400976,504500,4695984,22942.863,8788.544,0,5654.924,0,325.168,4487,4592,1.140,1.530,1.670,3,0,0,0,0,20,303,0,18,2
28-08 08:35:00,8.015,4.007,86.411,0.250,0,5589792,5400724,504584,4696024,25564.715,5588.431,0,1238.311,0,113.211,3490,3622,1.140,1.530,1.670,4,0,0,0,0,20,301,0,18,2
28-08 08:35:01,22.743,9.997,63.981,0,0,5589632,5400724,504680,4696076,49063.182,26310.054,0,7133.845,0,1000.698,7435,6023,1.140,1.530,1.670,1,0,4.998,0,0,20,303,0,19,2
28-08 08:35:02,26.026,11.011,61.311,0,0,5589160,5400724,504904,4696316,30162.134,14916.903,0,2498.496,0,283.283,6999,7832,1.140,1.530,1.670,1,0,0,0,0,20,302,0,17,2
28-08 08:35:03,26.799,11.663,58.809,0.496,0,5602356,5387368,504988,4697036,15253.597,7241.687,0,2489.330,0,181.638,6571,9141,1.140,1.530,1.670,4,0,33.747,0,0,20,302,0,19,2
28-08 08:35:04,31.988,15.364,50.123,0,0,5610588,5378996,505056,4696448,15693.694,7350.657,0,1011.521,0,89.667,6717,13884,1.050,1.500,1.660,2,0,4.030,0,0,20,302,0,20,2
28-08 08:35:05,22.499,11.249,63.747,0,0,5607560,5381700,505164,4696660,16115.175,7361.623,0,1511.923,0,173.991,5537,5611,1.050,1.500,1.660,1,0,0,0,0,20,301,0,21,2
28-08 08:35:06,11.506,6.753,80.791,0.250,0,5605492,5383488,505372,4696720,18489.365,8719.416,0,6063.071,0,349.177,3874,4141,1.050,1.500,1.660,0,0,0,0,0,20,301,0,20,2
28-08 08:35:07,2.496,2.995,92.356,0,0,5605460,5383448,505384,4696760,26762.194,8460.783,0,483.245,0,31.950,2193,2056,1.050,1.500,1.660,2,0,2.995,0,0,20,302,0,20,2
28-08 08:35:08,23.527,10.763,64.325,0,0,5605556,5383196,505484,4696812,1174.366,0,0,889.034,0,115.134,4665,4625,1.050,1.500,1.660,1,0,0,0,0,20,299,0,21,2
28-08 08:35:09,10.005,3.752,83.794,0.250,0,5606104,5382440,505520,4696984,19069.992,8241.318,0,724.380,0,93.049,3402,3503,1.040,1.500,1.660,2,0,0,0,0,20,302,0,21,2
28-08 08:35:10,23.473,9.988,65.174,0,0,5605912,5382440,505624,4697064,1034.796,873.983,0,862.996,0,129.849,5241,5275,1.040,1.500,1.660,0,0,1.998,0,0,20,301,0,22,2
28-08 08:35:11,10.698,4.229,82.844,0,0,5606076,5382188,505684,4697092,18073.482,7487.330,0,664.744,0,64.683,3189,3023,1.040,1.500,1.660,1,0,0,0,0,20,302,0,22,2
28-08 08:35:13,31.255,8.860,56.112,0.492,0,5608544,5379416,505760,4697312,4042.997,601.478,0,1208.863,0,90.566,5229,4896,1.040,1.500,1.660,5,0,3.938,0,0,20,303,0,25,3
28-08 08:35:13,9.706,5.875,85.056,0,0,5608588,5379192,505860,4697384,58055.647,25447.301,0,3735.309,0,121.581,3762,3994,1.040,1.500,1.660,1,0,4.087,0,0,20,301,0,26,2
28-08 08:35:14,11.760,5.254,80.816,0,0,5608428,5379192,505968,4697428,44574.342,16673.594,0,1140.930,0,130.106,4157,4332,0.960,1.470,1.650,0,0,0,0,0,20,301,0,26,2
28-08 08:35:15,12.475,4.241,80.588,0.499,0,5608460,5378968,506100,4697480,43837.620,16883.961,0,1500.974,0,160.676,4231,4342,0.960,1.470,1.650,0,0,0,0,0,20,301,0,24,2
28-08 08:35:16,13.759,6.754,77.800,0.250,0,5608348,5378968,506180,4697512,16235.442,7787.008,0,1196.770,0,118.076,4639,4851,0.960,1.470,1.650,2,0,2.001,0,0,20,302,0,24,2
28-08 08:35:17,23.472,9.988,63.673,0,0,5608000,5378968,506320,4697720,15631.140,7435.029,0,2025.556,0,202.755,6367,6779,0.960,1.470,1.650,1,0,0.999,0,0,20,302,0,24,2
28-08 08:35:18,27.788,9.263,60.082,0.250,0,5607948,5378716,506512,4697816,18102.806,436187.704,0,8435.559,0,443.608,7219,8164,0.960,1.470,1.650,1,0,0,0,0,20,302,0,24,2
28-08 08:35:19,23.993,8.747,65.480,0,0,5608068,5378464,506548,4697908,15867.258,7293.820,0,1991.405,0,139.958,6019,6317,0.960,1.460,1.650,1,0,2.999,0,0,20,302,0,23,2
28-08 08:35:20,23.470,8.489,65.915,0,0,5608320,5377960,506604,4698096,1717.775,95160.757,0,2285.041,0,86.887,5277,5137,0.960,1.460,1.650,6,0,0,0,0,20,302,0,24,2
28-08 08:35:21,23.484,10.243,63.206,0.250,0,5608340,5377708,506748,4698176,33736.637,16608.499,0,1355.062,0,186.871,6564,7078,0.960,1.460,1.650,6,0,0,0,0,20,302,0,24,2
28-08 08:35:22,24.272,10.760,62.557,0,0,5608140,5377708,506876,4698248,41119.644,22542.637,0,7931.261,0,1019.934,7097,6439,0.960,1.460,1.650,5,0,2.002,0,0,20,302,0,24,2
28-08 08:35:23,23.789,8.764,65.106,0.250,0,5608852,5376700,506972,4698436,30514.738,14615.823,0,1242.024,0,111.181,6181,6419,0.960,1.460,1.650,4,0,0,0,0,20,302,0,24,2
28-08 08:35:24,23.004,8.251,66.511,0.250,0,5608712,5376700,507040,4698504,15310.484,7297.184,0,964.156,0,76.012,5788,5915,1.130,1.490,1.650,2,0,0,0,0,20,303,0,24,2
28-08 08:35:25,24.925,9.222,62.810,0.249,0,5608492,5376700,507140,4698620,30328.165,15253.811,0,1288.100,0,132.598,6512,6922,1.130,1.490,1.650,1,0,3.988,0,0,20,305,0,24,2
28-08 08:35:26,26.549,14.277,56.104,0,0,5608476,5376196,507444,4698820,30230.113,14943.739,0,7197.360,0,495.921,7258,8260,1.130,1.490,1.650,3,0,6.011,0,0,20,304,0,24,2
28-08 08:35:27,24.524,10.010,61.810,0.250,0,5608460,5375944,507624,4698900,30111.103,15565.044,0,2210.136,0,266.257,7234,7923,1.130,1.490,1.650,1,0,1.001,0,0,20,304,0,24,2
28-08 08:35:28,24.991,7.747,64.727,0,0,5608256,5375944,507752,4698968,30349.033,15182.513,0,1767.361,0,182.934,6216,6518,1.130,1.490,1.650,1,0,1.999,0,0,20,304,0,24,2
28-08 08:35:29,24.015,9.006,65.290,0.250,0,5608220,5375692,507836,4699168,44791.503,22291.687,0,1132.695,0,88.054,6127,6227,1.280,1.510,1.660,1,0,0,0,0,20,304,0,25,2
28-08 08:35:30,23.752,7.501,66.506,0,0,5608140,5375692,507868,4699212,29840.806,14821.393,0,1032.097,0,90.008,5225,5170,1.280,1.510,1.660,2,0,0,0,0,20,305,0,25,2
28-08 08:35:31,13.507,5.003,79.793,0,0,5610080,5373676,507904,4699248,15376.193,7299.890,0,1100.586,0,111.059,3742,3851,1.280,1.510,1.660,0,0,2.001,0,0,20,303,0,25,2
28-08 08:35:32,15.669,10.695,72.126,0.249,0,5610440,5373172,507996,4699296,20421.195,11217.879,0,5797.960,0,842.634,4793,4439,1.280,1.510,1.660,2,0,0,0,0,20,300,0,28,2
28-08 08:35:33,18.587,5.024,73.847,0,0,5610144,5373172,508080,4699504,18380.328,8463.752,0,1298.097,0,123.580,3952,4062,1.280,1.510,1.660,0,0,0,0,0,20,303,0,30,2
28-08 08:35:34,16.221,5.241,75.863,0.250,0,5610260,5372920,508172,4699544,18613.505,8150.333,0,1405.471,0,139.749,3976,3871,1.330,1.520,1.660,1,0,1.996,0,0,20,303,0,32,2
28-08 08:35:35,7.512,5.759,86.137,0.250,0,5610336,5372668,508324,4699564,15392.433,7307.600,0,5064.038,0,282.448,3400,3561,1.330,1.520,1.660,2,0,0,0,0,20,304,0,30,2
28-08 08:35:36,24.962,9.392,61.787,0,0,5612424,5370400,508416,4699644,3797.181,774.067,0,866.006,0,113.688,5301,5328,1.330,1.520,1.660,3,0,0,0,0,20,304,0,32,2
28-08 08:35:37,31.569,6.819,61.117,0,0,5613900,5368636,508524,4699820,18485.757,8218.025,0,2068.902,0,151.531,4905,4623,1.330,1.520,1.660,3,0,3.031,0,0,20,304,0,37,2
28-08 08:35:38,9.769,4.759,84.167,0,0,5614020,5368384,508608,4699864,26413.542,9014.933,0,1322.631,0,168.335,3882,4216,1.330,1.520,1.660,0,0,0,0,0,20,303,0,38,2
28-08 08:35:39,15.742,5.497,76.211,0.500,0,5613896,5368384,508656,4699932,3929.012,462.766,0,1267.359,0,158.920,4136,4546,1.230,1.500,1.650,0,0,0,0,0,20,303,0,38,2
28-08 08:35:40,15.971,4.991,77.607,0,0,5614824,5367376,508700,4699964,728.661,396.272,0,894.356,0,72.866,3478,3278,1.230,1.500,1.650,2,0,1.996,0,0,20,302,0,40,2
28-08 08:35:41,11.778,4.761,82.196,0,0,5614576,5367376,508772,4700140,29469.143,9247.010,0,1535.655,0,172.410,4160,4444,1.230,1.500,1.650,0,0,1.002,0,0,20,303,0,40,2
28-08 08:35:42,18.735,6.245,71.944,0,0,5618632,5363092,508864,4700268,1708.663,147.884,0,1554.784,0,159.875,4928,5073,1.230,1.500,1.650,1,0,0,0,0,20,303,0,41,2
28-08 08:35:43,9.464,8.218,80.440,0.498,0,5618484,5363092,508988,4700288,15894.810,7991.236,0,6435.227,0,348.658,4115,4103,1.230,1.500,1.650,3,0,1.992,0,0,20,304,0,41,2
28-08 08:35:44,28.071,9.524,60.904,0.501,0,5621792,5359564,509096,4700396,54968.970,602159.349,0,1327.356,0,180.456,5632,5634,1.130,1.470,1.640,2,0,1.003,0,0,20,303,0,45,2
28-08 08:35:45,10.000,5.250,83.001,0,0,5621740,5359564,509108,4700432,30360.186,14658.090,0,312.002,0,19.000,2788,2444,1.130,1.470,1.640,1,0,0,0,0,20,304,0,46,2
28-08 08:35:46,25.020,7.756,64.801,0,0,5621776,5359060,509228,4700768,18308.380,8430.622,0,1305.025,0,160.126,5190,5260,1.130,1.470,1.640,2,0,2.002,0,0,20,303,0,52,2
28-08 08:35:47,12.737,3.496,82.413,0,0,5621992,5358808,509256,4700776,15355.726,7436.119,0,451.521,0,26.971,2880,2579,1.130,1.470,1.640,2,0,2.997,0,0,20,303,0,52,2
28-08 08:35:48,4.229,3.234,90.300,0,0,5622168,5358556,509296,4700812,15172.391,7259.822,0,947.279,0,66.668,2787,2815,1.130,1.470,1.640,2,0,0,0,0,20,304,0,52,2
28-08 08:35:49,8.553,4.528,86.037,0.252,0,5622860,5357800,509340,4700828,15627.611,7341.858,0,656.098,0,62.390,2905,2861,1.040,1.450,1.640,0,0,2.013,0,0,20,303,0,52,2
28-08 08:35:50,8.504,3.752,86.545,0,0,5622796,5357800,509380,4700852,15255.874,7299.767,0,612.316,0,55.028,2948,2838,1.040,1.450,1.640,1,0,0,0,0,20,303,0,52,2
28-08 08:35:51,8.252,3.751,86.270,0,0,5622720,5357800,509420,4700884,788.184,0,0,1524.357,0,62.015,2841,2818,1.040,1.450,1.640,0,0,0,0,0,20,303,0,52,2
28-08 08:35:52,12.245,3.998,81.965,0,0,5622936,5357548,509440,4700900,15523.380,7440.827,0,483.794,0,35.985,2908,2709,1.040,1.450,1.640,1,0,1.999,0,0,20,304,0,50,2
28-08 08:35:53,15.254,6.502,76.521,0.250,0,5624508,5355784,509580,4700948,21487.846,9072.468,0,6989.902,0,1026.279,5798,4885,1.040,1.450,1.640,3,0,0,0,0,20,303,0,50,2
28-08 08:35:54,27.744,5.999,64.987,0,0,5626452,5353516,509704,4701140,6324.717,925.812,0,1611.673,0,183.963,5254,5278,1.110,1.460,1.640,3,0,0,0,0,20,303,0,52,2
28-08 08:35:55,4.246,3.497,90.415,0,0,5626364,5353516,509752,4701172,663.379,0,0,791.259,0,79.925,2811,2782,1.110,1.460,1.640,1,0,1.998,0,0,20,304,0,52,2
28-08 08:35:56,25.888,6.970,63.974,0.498,0,5625996,5353516,510004,4701284,21188.431,8413.639,0,6428.219,0,428.150,5994,6284,1.110,1.460,1.640,1,1,0,0,0,20,303,0,55,2
28-08 08:35:57,13.559,5.022,80.099,0,0,5626768,5352508,510108,4701404,11887.785,1531.672,0,1076.690,0,141.617,4319,4461,1.110,1.460,1.640,2,0,1.004,0,0,20,304,0,55,2
28-08 08:35:58,15.513,5.755,76.813,0.250,0,5627772,5351248,510188,4701580,20261.582,8972.343,0,1064.871,0,137.112,4479,4710,1.110,1.460,1.640,1,0,2.002,0,0,20,305,0,55,2
28-08 08:36:00,19.429,9.591,67.632,0.246,0,5628120,5350772,510264,4701628,50741.934,22612.088,0,1255.243,0,181.991,4946,4897,1.110,1.450,1.630,2,0,0,0,0,20,304,0,60,2
28-08 08:36:00,12.966,4.576,81.612,0,0,5628292,5350520,510300,4701668,33690.262,15888.160,0,622.387,0,71.188,3475,3466,1.110,1.450,1.630,1,0,0,0,0,20,303,0,59,2
28-08 08:36:01,15.749,5.500,76.496,0.500,0,5629224,5349260,510424,4701864,18844.001,8325.559,0,1027.945,0,142.992,4381,4344,1.110,1.450,1.630,0,0,2.000,0,0,20,303,0,61,2
28-08 08:36:02,10.483,4.243,83.615,0,0,5629296,5349008,510460,4702008,15528.948,8313.588,0,682.898,0,52.915,3280,3123,1.110,1.450,1.630,2,0,0,0,0,20,302,0,63,2
28-08 08:36:03,11.765,4.506,82.354,0,0,5629132,5349008,510556,4702072,18185.985,7533.522,0,1638.070,0,159.201,3577,3931,1.110,1.450,1.630,0,0,0,0,0,20,303,0,64,2
28-08 08:36:04,27.056,15.142,55.602,0,0,5663444,5314484,510608,4705304,18099.337,8025.506,0,1060.403,0,79.431,4948,9000,1.180,1.460,1.640,3,0,37.730,0,0,20,303,0,63,2
28-08 08:36:05,13.603,7.557,77.588,0,0,5640012,5337668,510740,4702336,26867.582,8902.456,0,1354.262,0,173.313,4281,7027,1.180,1.460,1.640,3,0,0,0,0,20,304,0,64,2
28-08 08:36:06,24.744,11.497,61.734,0.500,0,5639664,5337668,510980,4702432,12354.864,1376.651,0,6510.348,0,419.893,6725,7693,1.180,1.460,1.640,1,0,0,0,0,20,304,0,65,2
28-08 08:36:07,26.563,9.682,59.581,0.248,0,5639484,5337444,511168,4702644,59231.821,30908.826,0,1982.073,0,245.277,7158,8227,1.180,1.460,1.640,1,0,3.972,0,0,20,304,0,65,2
28-08 08:36:08,25.635,9.299,62.830,0,0,5639276,5337444,511280,4702728,30110.183,14994.775,0,1849.717,0,235.236,6911,7673,1.180,1.460,1.640,0,0,0,0,0,20,304,0,63,2
28-08 08:36:09,23.800,7.766,64.886,0,0,5640144,5336436,511340,4702808,15867.359,7311.371,0,1358.857,0,123.259,6126,6383,1.160,1.450,1.630,3,0,0,0,0,20,304,0,64,2
28-08 08:36:10,24.972,9.739,63.678,0.250,0,5640020,5336436,511384,4702880,20270.959,569360.833,0,1562.224,0,120.863,6314,6570,1.160,1.450,1.630,1,0,2.997,0,0,20,304,0,64,2
28-08 08:36:11,20.266,7.256,70.805,0.250,0,5639812,5336436,511444,4703020,15379.937,7625.919,0,1445.122,0,141.110,5371,5526,1.160,1.450,1.630,0,0,0,0,0,20,303,0,64,2
28-08 08:36:12,7.953,6.214,82.764,0.249,0,5639608,5336444,511624,4703032,15278.254,7722.636,0,5722.386,0,300.236,3597,3510,1.160,1.450,1.630,3,1,0,0,0,20,304,0,62,2
28-08 08:36:13,26.157,9.809,61.620,0,0,5639516,5335968,511836,4703384,18404.398,8641.838,0,8173.025,0,1103.620,7213,6402,1.160,1.450,1.630,0,0,2.012,0,0,20,303,0,66,2
28-08 08:36:14,13.908,6.457,77.486,0.248,0,5640928,5334456,511896,4703416,1058.976,0,0,1434.485,0,110.269,3482,3517,1.310,1.480,1.640,3,0,3.974,0,0,20,305,0,71,2
28-08 08:36:15,10.573,4.279,84.077,0.252,0,5641028,5334204,511968,4703492,18924.908,8311.050,0,1224.405,0,117.809,3440,3779,1.310,1.480,1.640,0,0,2.014,0,0,20,303,0,72,2
28-08 08:36:16,25.206,6.988,65.137,0,0,5640784,5334204,512076,4703620,3578.770,462.195,0,1681.074,0,188.672,5837,6064,1.310,1.480,1.640,0,0,1.997,0,0,20,303,0,71,2
28-08 08:36:17,4.252,3.001,92.033,0,0,5640764,5334204,512084,4703632,15997.694,7446.651,0,700.249,0,32.011,2098,1932,1.310,1.480,1.640,2,0,1.000,0,0,20,302,0,72,2
28-08 08:36:18,22.008,5.752,70.276,0.250,0,5640692,5333952,512212,4703820,14642.380,1840.676,0,1520.559,0,198.073,5042,5430,1.310,1.480,1.640,0,0,0,0,0,20,303,0,73,2
28-08 08:36:19,14.245,5.748,77.222,0.250,0,5640796,5333700,512280,4703896,15518.280,7617.192,0,1475.456,0,117.957,4553,4725,1.290,1.470,1.640,2,0,1.999,0,0,20,304,0,73,2
28-08 08:36:20,23.006,11.003,63.765,0.250,0,5640844,5333448,512396,4703976,816.196,0,0,2120.510,0,241.058,6418,7077,1.290,1.470,1.640,2,0,0,0,0,20,304,0,72,2
28-08 08:36:21,25.483,11.992,59.210,0.500,0,5640464,5333448,512680,4704064,15863.213,7758.724,0,9493.544,0,595.595,7963,8998,1.290,1.470,1.640,1,0,0,0,0,20,304,0,72,2
28-08 08:36:22,25.021,9.508,63.804,0,0,5640428,5333196,512740,4704284,44453.657,22054.683,0,2225.886,0,169.143,6236,6441,1.290,1.470,1.640,2,0,2.002,0,0,20,304,0,73,2
28-08 08:36:23,24.258,9.253,64.272,0,0,5641068,5332440,512788,4704352,29782.330,14597.063,0,5245.820,0,776.269,7058,6348,1.290,1.470,1.640,1,0,0,0,0,20,304,0,74,2
28-08 08:36:24,23.469,8.489,65.664,0,0,5641732,5331684,512824,4704404,15873.329,7610.090,0,1146.507,0,95.875,5803,6053,1.340,1.480,1.640,1,0,0,0,0,20,303,1,76,2
28-08 08:36:25,25.748,8.749,62.744,0.250,0,5641372,5331684,512920,4704656,15426.549,7781.268,0,2371.777,0,229.978,7036,7972,1.340,1.480,1.640,3,0,2.000,0,0,20,304,0,76,2
28-08 08:36:26,24.929,12.963,60.079,0.249,0,5641472,5331432,513012,4704712,45216.968,22565.606,0,1770.946,0,196.439,6527,6840,1.340,1.480,1.640,2,0,2.991,0,0,20,304,0,76,2
28-08 08:36:27,25.618,12.558,59.524,0.502,0,5641544,5331180,513092,4704804,30968.508,14820.198,0,7289.544,0,522.404,7596,8826,1.340,1.480,1.640,1,0,4.018,0,0,20,304,0,77,2
28-08 08:36:28,26.218,8.739,61.924,0,0,5641272,5331180,513156,4705004,30039.108,14735.902,0,2964.359,0,235.711,6765,7241,1.340,1.480,1.640,2,0,1.998,0,0,20,304,0,77,2
28-08 08:36:29,23.970,7.990,65.419,0,0,5641144,5331180,513208,4705076,15684.678,7448.824,0,1745.849,0,158.804,6182,6347,1.230,1.450,1.630,1,0,0,0,0,20,304,0,79,2
28-08 08:36:30,24.242,8.497,65.978,0.250,0,5641192,5330928,513224,4705264,15242.843,7293.533,0,1347.544,0,110.962,5864,5987,1.230,1.450,1.630,5,0,0,0,0,20,304,0,79,2
28-08 08:36:31,23.307,8.020,65.411,0,0,5641016,5330928,513296,4705360,30256.638,15209.519,0,1399.452,0,144.356,6361,6539,1.230,1.450,1.630,2,0,2.005,0,0,20,304,0,79,2
28-08 08:36:32,23.424,10.466,63.044,0.249,0,5640784,5330928,513452,4705432,44369.211,21964.324,0,2041.339,0,223.271,6336,6851,1.230,1.450,1.630,1,0,0,0,0,20,304,0,75,2
28-08 08:36:33,26.332,10.031,61.191,0,0,5640540,5330928,513596,4705520,15056.918,7385.012,0,2467.689,0,287.897,6910,7896,1.230,1.450,1.630,2,0,0,0,0,20,304,0,75,2
28-08 08:36:34,26.259,10.254,61.521,0.500,0,5640896,5330172,513796,4705712,31927.137,448022.287,0,7658.672,0,443.155,7040,7587,1.220,1.440,1.630,2,0,2.001,0,0,20,304,0,75,2
28-08 08:36:35,22.239,8.496,65.968,0.250,0,5641056,5329920,513812,4705788,15842.348,140246.258,0,1059.488,0,85.958,5948,5995,1.220,1.440,1.630,2,0,1.000,0,0,20,304,0,75,2
28-08 08:36:36,23.939,7.980,66.083,0,0,5640948,5329920,513852,4705848,15091.816,7343.420,0,993.486,0,101.743,5940,6098,1.220,1.440,1.630,1,0,1.995,0,0,20,304,0,75,2
28-08 08:36:37,7.265,4.259,86.678,0,0,5641024,5329668,513860,4706012,420.864,148.304,0,986.023,0,94.193,3098,3459,1.220,1.440,1.630,0,0,3.006,0,0,20,303,0,69,2
28-08 08:36:38,13.769,4.757,78.858,0,0,5640944,5329668,513892,4706056,15084.665,7306.009,0,1077.476,0,109.150,4140,4289,1.220,1.440,1.630,1,0,0,0,0,20,305,0,69,2
28-08 08:36:39,15.989,9.102,72.075,0.246,0,5640840,5329668,513948,4706104,14822.434,7338.403,0,1487.754,0,178.097,4521,4748,1.200,1.440,1.620,3,0,0,0,0,20,302,0,73,2
28-08 08:36:40,17.533,5.082,76.486,0,0,5640960,5329416,514004,4706180,3931.509,973.730,0,1386.396,0,124.003,3950,4206,1.200,1.440,1.620,0,0,2.033,0,0,20,303,0,75,2
28-08 08:36:41,18.608,4.714,75.178,0,0,5640776,5329416,514012,4706344,15069.404,7723.268,0,885.268,0,48.630,3449,2929,1.200,1.440,1.620,2,0,0,0,0,20,304,0,68,2
28-08 08:36:42,18.644,5.543,75.081,0.252,0,5641168,5328940,514036,4706404,14687.682,2003.507,0,1535.888,0,182.412,4814,4950,1.200,1.440,1.620,1,0,0,0,0,20,303,0,69,2
28-08 08:36:43,12.000,5.500,80.251,0.250,0,5641036,5328940,514120,4706448,26416.214,8835.072,0,5336.043,0,322.003,4451,4510,1.200,1.440,1.620,2,0,2.000,0,0,20,303,0,69,2
28-08 08:36:44,11.994,4.498,82.206,0,0,5641184,5328688,514140,4706528,479.745,0,0,679.639,0,55.970,3398,3268,1.180,1.430,1.620,1,0,0,0,0,20,304,0,69,2
28-08 08:36:45,10.254,4.752,83.030,0.250,0,5640972,5328688,514184,4706696,540.194,0,128.046,952.343,1.000,95.034,3386,3617,1.180,1.430,1.620,0,0,0,0,0,20,303,0,65,2
28-08 08:36:46,22.722,10.237,64.420,0.250,0,5641224,5328184,514244,4706880,36228.987,17418.358,0,1498.139,0,181.774,5073,5008,1.180,1.430,1.620,2,0,1.998,0,0,20,302,0,68,2
28-08 08:36:47,11.018,3.756,83.389,0,0,5642652,5326672,514280,4706928,41418.811,21103.060,0,921.531,0,91.151,3445,3524,1.180,1.430,1.620,1,0,3.005,0,0,20,303,0,68,2
28-08 08:36:48,24.170,8.970,64.037,0,0,5642576,5326672,514308,4706976,31371.570,14555.547,0,1184.059,0,132.559,4820,4665,1.180,1.430,1.620,3,0,0,0,0,20,302,0,73,2
28-08 08:36:49,11.282,6.518,80.476,0,0,5642620,5326420,514348,4707136,18790.716,8277.221,0,8860.859,0,1084.041,4361,3487,1.090,1.400,1.610,0,0,2.006,0,0,20,303,0,65,2
28-08 08:36:50,13.250,4.000,81.999,0.250,0,5642776,5326168,514400,4707176,14943.900,7457.950,0,1195.992,0,79.999,3323,3236,1.090,1.400,1.610,0,0,0,0,0,20,303,0,66,2
28-08 08:36:51,13.983,4.494,79.652,0.250,0,5642732,5326168,514416,4707204,15045.436,7287.009,0,862.935,0,72.910,3385,3171,1.090,1.400,1.610,0,0,0,0,0,20,303,0,67,2
28-08 08:36:52,2.999,2.999,92.468,0.250,0,5642716,5326168,514424,4707212,947.669,213.925,0,1427.501,0,23.992,2067,1887,1.090,1.400,1.610,2,0,1.999,0,0,20,304,0,67,2
28-08 08:36:53,27.299,5.009,65.617,0,0,5643412,5325412,514432,4707260,18243.487,7935.131,0,769.370,0,59.105,4049,3515,1.090,1.400,1.610,4,0,0,0,0,20,303,0,71,2
28-08 08:36:54,11.486,5.493,81.400,0,0,5643248,5325412,514540,4707312,29121.286,9610.214,0,3192.085,0,551.324,4831,4833,1,1.380,1.600,1,0,0,0,0,20,304,0,71,2
28-08 08:36:55,24.509,8.503,64.523,0.250,0,5643460,5324908,514592,4707548,1464.520,0,0,1500.533,0,164.058,6371,6709,1,1.380,1.600,2,0,2.001,0,0,20,305,0,72,2
28-08 08:36:56,26.198,11.228,59.132,0.499,0,5643300,5324908,514656,4707636,30115.730,15401.178,0,8407.175,0,588.822,7877,8913,1,1.380,1.600,3,0,0,0,0,20,304,0,72,2
28-08 08:36:57,25.073,11.032,61.428,0,0,5643144,5324908,514724,4707724,44360.787,22425.104,0,2266.580,0,274.798,7041,7804,1,1.380,1.600,2,0,1.003,0,0,20,304,0,67,2
28-08 08:36:58,26.691,8.232,62.612,0,0,5642900,5324908,514736,4707952,26214.017,8719.713,0,1584.495,0,139.691,6495,7031,1,1.380,1.600,1,0,1.996,0,0,20,303,0,69,3
28-08 08:36:59,24.009,8.503,65.523,0,0,5643544,5324152,514776,4708012,29418.440,14663.204,0,1876.666,0,135.048,6094,6324,1,1.370,1.600,2,0,0,0,0,20,303,0,72,3
28-08 08:37:00,25.007,8.502,64.268,0.250,0,5643924,5323648,514812,4708100,14888.100,7298.010,0,1816.500,0,199.055,6241,6378,1,1.370,1.600,0,0,0,0,0,20,302,0,75,3
28-08 08:37:01,4.999,4.249,88.489,0.250,0,5643824,5323648,514908,4708104,15408.126,7295.113,0,5379.346,0,275.966,3168,3215,1,1.370,1.600,4,0,2.000,0,0,20,303,0,68,3
28-08 08:37:02,26.745,10.248,61.488,0,0,5643884,5323396,515016,4708180,3465.314,1109.780,0,1423.718,0,184.963,5528,5365,1,1.370,1.600,2,0,0,0,0,20,302,0,72,3
28-08 08:37:03,7.258,3.254,87.852,0.501,0,5643836,5323396,515036,4708200,15243.618,7466.630,0,961.111,0,86.100,2896,2930,1,1.370,1.600,1,0,0,0,0,20,303,0,73,3
28-08 08:37:04,25.385,9.706,63.213,0,0,5643736,5323396,515048,4708284,22275.904,9439.162,0,1294.127,0,144.345,5506,5541,1.080,1.390,1.600,1,0,1.991,0,0,20,303,0,76,3
28-08 08:37:05,16.838,13.068,68.356,0,0,5660012,5307016,515052,4708368,6876.772,485.526,0,619.221,0,27.141,3733,5933,1.080,1.390,1.600,2,0,36.188,0,0,20,302,0,71,3
28-08 08:37:06,10.740,5.245,82.919,0,0,5660172,5306792,515056,4708428,32917.024,579744.837,0,791.231,0,66.935,3311,2910,1.080,1.390,1.600,0,0,0.999,0,0,20,302,0,72,3
28-08 08:37:07,15.763,4.504,78.065,0,0,5660012,5306792,515064,4708580,300.251,148.124,0,592.496,0,40.034,3075,2504,1.080,1.390,1.600,2,0,3.003,0,0,20,303,0,75,3
28-08 08:37:08,17.240,4.997,74.958,0.250,0,5660012,5306540,515116,4708772,29021.645,9130.854,0,1439.189,0,185.895,4942,5211,1.080,1.390,1.600,2,0,0,0,0,20,302,0,76,3
28-08 08:37:09,17.975,4.743,75.395,0,0,5659944,5306540,515144,4708808,10429.542,1391.072,0,679.059,0,58.918,3760,3369,1.150,1.400,1.600,1,0,0,0,0,20,302,0,76,3
28-08 08:37:10,6.259,3.255,89.378,0,0,5659924,5306540,515152,4708820,829.187,397.569,0,817.169,0,70.100,2593,2494,1.150,1.400,1.600,2,0,3.004,0,0,20,301,0,77,3
28-08 08:37:11,9.993,4.247,83.194,0.250,0,5659824,5306540,515208,4708864,29158.254,8733.086,0,1371.071,0,159.892,4005,4201,1.150,1.400,1.600,0,0,0.999,0,0,20,302,0,77,3
28-08 08:37:12,22.523,8.008,66.567,0,0,5659904,5306288,515272,4708964,480.486,148.150,0,1197.211,0,124.126,6022,6297,1.150,1.400,1.600,2,0,1.001,0,0,20,304,0,78,3
28-08 08:37:13,26.003,11.251,60.258,0.250,0,5659616,5306288,515360,4709160,540.071,0,0,3080.405,0,267.035,6712,7345,1.150,1.400,1.600,2,0,4.001,0,0,20,303,0,73,3
28-08 08:37:14,24.138,12.193,60.469,0.498,0,5659240,5306288,515620,4709264,30481.215,15215.226,0,8958.330,0,759.467,7591,8325,1.060,1.370,1.590,1,0,0,0,0,20,303,0,73,3
28-08 08:37:15,24.076,8.527,64.455,0,0,5659092,5306288,515688,4709340,29622.081,14638.492,0,6496.634,0,765.431,6615,6639,1.060,1.370,1.590,1,0,0,0,0,20,303,0,74,3
28-08 08:37:16,27.207,10.388,59.114,0.247,0,5659356,5305784,515716,4709548,29213.788,15077.829,0,724.211,0,64.308,6196,6428,1.060,1.370,1.590,2,0,5.936,0,0,20,303,0,78,3
28-08 08:37:17,25.710,10.335,62.764,0.252,0,5659724,5305280,515772,4709620,30301.920,14861.593,0,1169.569,0,132.081,6354,6617,1.060,1.370,1.590,2,0,3.025,0,0,20,303,0,79,3
28-08 08:37:18,7.778,3.513,86.809,0,0,5659924,5305028,515784,4709660,15849.456,7484.660,0,1477.262,0,106.379,3535,3713,1.060,1.370,1.590,0,0,0,0,0,20,302,0,70,3
28-08 08:37:19,24.842,13.663,58.628,0,0,5698856,5265968,515836,4709732,22721.765,8552.708,0,1538.235,0,142.098,6035,6115,0.980,1.350,1.590,0,0,2.981,0,0,20,302,0,72,3
28-08 08:37:20,9.546,4.271,85.165,0,0,5698776,5265968,515860,4709788,3688.961,66.323,0,1113.421,0,79.387,3087,3138,0.980,1.350,1.590,1,0,0,0,0,20,303,0,72,3
28-08 08:37:21,23.224,11.237,62.430,0.250,0,5698488,5265968,516008,4709912,44709.663,22394.787,0,6069.167,0,379.573,7127,7684,0.980,1.350,1.590,3,0,0,0,0,20,303,0,72,3
28-08 08:37:22,25.535,9.263,62.836,0.250,0,5698384,5265716,516168,4710104,29748.613,15409.036,0,2483.390,0,272.372,6952,7588,0.980,1.350,1.590,1,0,2.003,0,0,20,303,0,70,3
28-08 08:37:23,25.007,9.503,63.267,0,0,5698064,5265716,516280,4710308,29475.765,14919.930,0,1976.521,0,201.053,6628,7203,0.980,1.350,1.590,1,0,0,0,0,20,303,0,71,3
28-08 08:37:24,23.028,8.010,66.081,0.250,0,5697944,5265716,516328,4710376,15085.599,7305.006,0,1265.560,0,99.122,5833,6116,0.980,1.340,1.580,1,0,0,0,0,20,303,0,71,3
28-08 08:37:25,24.757,9.252,63.767,0.250,0,5698072,5265464,516372,4710456,15067.960,7297.918,0,5881.546,0,842.221,7067,6687,0.980,1.340,1.580,2,0,2.001,0,0,20,304,0,71,3
28-08 08:37:26,23.986,11.244,62.964,0,0,5697700,5265464,516520,4710668,15262.376,7291.880,0,1846.956,0,203.885,5852,5838,0.980,1.340,1.580,3,0,0,0,0,20,302,0,70,3
28-08 08:37:27,11.008,7.505,79.554,0,0,5698576,5264456,516596,4710712,17948.275,8502.815,0,1224.838,0,99.068,3519,3539,0.980,1.340,1.580,1,0,7.005,0,0,20,303,0,70,3
28-08 08:37:28,22.002,9.751,65.506,0.250,0,5698336,5264460,516736,4710804,432.038,921.080,0,2024.176,0,224.020,5410,5922,0.980,1.340,1.580,0,0,2.000,0,0,20,302,0,72,3
28-08 08:37:29,14.744,6.997,76.470,0.250,0,5698152,5264460,516888,4710828,17730.961,7521.014,0,6397.460,0,367.854,4416,4850,0.980,1.340,1.580,1,0,0,0,0,20,305,0,73,3
28-08 08:37:30,18.702,7.730,71.567,0,0,5697888,5264460,517000,4710972,3397.291,983.479,0,1571.970,0,205.473,5180,5529,0.980,1.340,1.580,3,0,0,0,0,20,304,0,71,3
28-08 08:37:31,13.750,8.000,76.252,0.250,0,5698184,5263956,517036,4711140,14884.318,7620.163,0,1360.029,0,159.003,4062,3914,0.980,1.340,1.580,2,0,2.000,0,0,20,305,0,71,3
28-08 08:37:32,14.535,4.511,78.692,0.501,0,5697928,5263956,517108,4711324,3354.170,1137.772,0,1243.028,0,133.325,4050,4209,0.980,1.340,1.580,0,0,0,0,0,20,304,0,73,3
28-08 08:37:33,23.963,6.490,68.145,0,0,5698040,5263704,517148,4711416,30341.159,15563.972,0,826.724,0,63.901,4475,3889,0.980,1.340,1.580,6,0,0,0,0,20,305,0,75,3
28-08 08:37:34,9.256,5.003,83.550,0,0,5698168,5263480,517208,4711452,77042.009,484333.239,0,1144.684,0,119.071,4013,3985,0.900,1.320,1.570,0,0,2.001,0,0,20,304,0,75,3
28-08 08:37:35,15.766,5.255,76.078,0.250,0,5698084,5263228,517340,4711648,44279.468,147625.589,0,1405.443,0,146.150,4809,4833,0.900,1.320,1.570,1,0,1.001,0,0,20,304,0,76,3
28-08 08:37:36,14.992,5.247,77.958,0,0,5698444,5262724,517472,4711652,17861.368,8101.631,0,1459.213,0,168.909,4389,4674,0.900,1.320,1.570,0,0,0,0,0,20,304,0,77,3
28-08 08:37:37,8.507,4.504,85.317,0,0,5698320,5262724,517512,4711732,26010.437,8480.664,0,780.613,0,58.046,3278,3281,0.900,1.320,1.570,1,0,3.002,0,0,20,305,0,77,3
28-08 08:37:38,11.752,6.501,79.263,0.250,0,5698340,5262472,517684,4711784,28981.872,9137.536,0,6281.056,0,405.068,5117,5631,0.900,1.320,1.570,0,0,0,0,0,20,304,0,77,3
28-08 08:37:39,21.179,7.973,68.519,0,0,5698176,5262472,517792,4711836,14893.887,7271.534,0,1148.137,0,139.531,5962,6215,0.910,1.310,1.570,1,0,0,0,0,20,306,0,78,3
28-08 08:37:40,25.005,10.002,62.013,0.500,0,5697804,5262472,517932,4712064,15067.061,7297.483,0,2032.413,0,252.051,6761,7379,0.910,1.310,1.570,1,0,2.000,0,0,20,305,0,79,3
28-08 08:37:41,26.249,9.500,61.248,0,0,5697856,5262220,518056,4712136,419.986,0,0,2587.914,0,289.990,7064,8147,0.910,1.310,1.570,2,0,1.000,0,0,20,305,0,79,3
28-08 08:37:42,23.305,8.019,65.654,0,0,5697924,5261968,518128,4712236,15039.256,7461.492,0,1571.684,0,129.303,6354,6570,0.910,1.310,1.570,1,0,0,0,0,20,305,0,70,3
28-08 08:37:43,23.753,8.501,65.007,0.250,0,5698188,5261464,518172,4712432,1089.123,0,0,1620.183,0,122.014,5959,6375,0.910,1.310,1.570,1,0,2.000,0,0,20,305,0,71,3
28-08 08:37:44,23.512,9.005,65.033,0.250,0,5698276,5261212,518260,4712500,15255.698,7461.765,0,2725.375,0,165.083,6307,6531,0.920,1.300,1.560,1,0,0,0,0,20,305,0,72,3
28-08 08:37:45,26.194,9.979,61.119,0.249,0,5698264,5260708,518484,4712780,510.907,0,0,13247.649,0,1308.200,8111,7782,0.920,1.300,1.560,3,0,0,0,0,20,305,0,76,3
28-08 08:37:46,25.273,9.008,63.308,0.250,0,5698336,5260456,518556,4712880,45371.251,23355.234,0,1369.245,0,136.124,6310,6810,0.920,1.300,1.560,3,0,2.002,0,0,20,305,0,77,3
28-08 08:37:47,24.020,10.759,63.804,0,0,5698132,5260456,518692,4712940,44089.430,22054.723,0,2894.457,0,229.195,6380,6862,0.920,1.300,1.560,3,0,3.003,0,0,20,305,0,77,3
28-08 08:37:48,25.766,10.257,61.539,0.750,0,5697984,5260204,518872,4713152,14953.546,7300.660,0,2365.510,0,296.189,6987,7895,0.920,1.300,1.560,1,0,0,0,0,20,305,0,77,3
28-08 08:37:49,24.963,8.488,63.157,0,0,5698332,5259700,518944,4713232,29945.976,14732.342,0,2009.046,0,167.753,6421,6812,0.920,1.300,1.560,2,0,1.997,0,0,20,305,0,79,3
28-08 08:37:50,23.511,8.504,65.781,0.250,0,5698964,5258944,519000,4713296,16043.644,7299.478,0,1332.635,0,94.045,5965,6110,0.920,1.300,1.560,2,0,0,0,0,20,305,0,73,3
28-08 08:37:51,22.219,9.487,65.660,0,0,5699256,5258440,519032,4713476,14989.385,7513.666,0,1497.940,0,75.896,5707,5718,0.920,1.300,1.560,1,0,0.999,0,0,20,305,0,73,3
28-08 08:37:52,21.229,10.240,66.436,0.250,0,5699432,5257936,519292,4713540,3522.594,1092.943,0,5786.404,0,395.617,5763,6107,0.920,1.300,1.560,3,0,1.998,0,0,20,304,0,74,3
28-08 08:37:53,12.276,5.011,80.923,0,0,5699268,5257936,519388,4713600,18628.815,8426.009,0,1294.767,0,158.338,4275,4486,0.920,1.300,1.560,2,0,0,0,0,20,304,0,75,3
28-08 08:37:54,6.502,3.251,89.031,0,0,5699488,5257684,519412,4713608,15069.187,7298.512,0,652.225,0,48.017,2626,2525,0.850,1.280,1.550,1,0,0,0,0,20,305,0,67,3
28-08 08:37:55,14.755,6.752,75.777,0,0,5700112,5256704,519552,4713816,3718.324,883.315,0,6098.172,0,934.333,5459,5178,0.850,1.280,1.550,0,0,2.001,0,0,20,304,0,67,3
28-08 08:37:56,13.000,5.500,80.748,0.250,0,5699960,5256704,519660,4713860,33645.274,15764.660,0,1379.970,0,138.997,3975,4135,0.850,1.280,1.550,1,0,0,0,0,20,304,0,68,3
28-08 08:37:57,8.493,3.997,84.685,0.250,0,5700160,5256452,519692,4713880,44725.452,22598.544,0,995.231,0,91.929,3375,3273,0.850,1.280,1.550,4,0,0.999,0,0,20,305,0,68,3
28-08 08:37:58,8.760,4.255,85.349,0.250,0,5699956,5256452,519816,4713952,55266.860,24109.859,0,1205.393,0,132.153,3628,3990,0.850,1.280,1.550,1,0,2.002,0,0,20,304,0,65,3
28-08 08:37:59,13.245,5.498,78.469,0.250,0,5699960,5256200,519892,4714120,39365.254,585426.836,0,1119.552,0,109.956,4546,4545,0.780,1.260,1.540,1,0,1.000,0,0,20,304,0,65,3
28-08 08:38:00,14.509,5.003,78.298,0.250,0,5699876,5255948,520124,4714216,33659.736,16131.938,0,1484.915,0,166.102,4510,4638,0.780,1.260,1.540,0,0,0,0,0,20,304,0,65,3
28-08 08:38:01,8.749,5.500,83.244,0,0,5699832,5255696,520388,4714240,45272.776,22283.413,0,5771.589,0,318.977,3987,4157,0.780,1.260,1.540,0,0,0,0,0,20,304,0,67,3
28-08 08:38:03,4.668,3.194,88.696,0,0,5699732,5255696,520464,4714260,17700.882,7380.691,0,801.950,0,102.209,2715,2697,0.780,1.260,1.540,3,0,1.966,0,0,20,305,0,68,3
28-08 08:38:03,13.740,5.343,79.641,0.254,0,5699588,5255444,520648,4714460,34400.631,16175.421,0,1367.883,0,170.985,4507,4821,0.780,1.260,1.540,0,0,0,0,0,20,304,0,61,3
28-08 08:38:04,10.993,4.747,81.949,0.250,0,5699704,5255192,520740,4714504,47003.839,22660.941,0,1123.303,0,117.927,3953,4119,0.800,1.250,1.540,2,0,0,0,0,20,304,0,61,3
28-08 08:38:05,16.167,10.944,70.387,0,0,5722792,5232012,520776,4716812,30222.246,15094.210,0,827.734,0,69.641,3965,5691,0.800,1.250,1.540,3,0,35.815,0,0,20,305,0,62,3
28-08 08:38:06,18.838,10.800,68.569,0.251,0,5709956,5244640,520880,4714660,73540.180,31882.347,0,1249.815,0,123.575,5063,11587,0.800,1.250,1.540,0,0,2.009,0,0,20,304,0,63,3
28-08 08:38:07,13.739,4.746,79.686,0.250,0,5709668,5244640,520968,4714844,43710.091,16890.510,0,1175.062,0,126.899,4298,4334,0.800,1.250,1.540,0,0,0.999,0,0,20,304,0,56,3
28-08 08:38:08,13.510,6.505,78.311,0,0,5709564,5244640,521052,4714864,29550.842,15089.664,0,1196.925,0,124.096,4634,4923,0.800,1.250,1.540,2,0,2.002,0,0,20,305,0,56,3
28-08 08:38:09,24.247,10.249,63.241,0.250,0,5709396,5244640,521132,4714948,15535.799,7294.967,0,1811.743,0,212.970,6571,7199,0.890,1.260,1.540,2,0,0,0,0,20,305,0,56,3
28-08 08:38:10,25.717,11.485,59.175,0.250,0,5708904,5244640,521528,4715032,15136.780,7448.542,0,8361.383,0,568.278,7769,8938,0.890,1.260,1.540,3,0,0,0,0,20,305,0,56,3
28-08 08:38:11,24.998,8.499,63.995,0.250,0,5708576,5244640,521652,4715228,15078.820,7295.429,0,1567.877,0,168.987,6306,6744,0.890,1.260,1.540,1,0,2.000,0,0,20,305,0,51,3
28-08 08:38:12,23.760,8.003,66.027,0,0,5708636,5244388,521760,4715308,15919.468,7609.092,0,1100.447,0,101.041,6101,6479,0.890,1.260,1.540,1,0,0,0,0,20,305,0,51,3
28-08 08:38:13,23.043,8.516,65.373,0,0,5708496,5244388,521832,4715372,420.793,0,0,1114.100,0,100.189,6003,6326,0.890,1.260,1.540,1,0,0,0,0,20,306,0,51,3
28-08 08:38:14,19.740,10.745,67.967,0,0,5708032,5244388,522068,4715588,14996.653,7292.428,0,1731.152,0,203.900,5394,5657,1.060,1.290,1.550,0,0,1.999,0,0,20,304,0,53,3
28-08 08:38:15,9.500,3.500,84.498,0.250,0,5707948,5244388,522112,4715624,821.980,0,0,1227.970,0,75.998,3073,2813,1.060,1.290,1.550,1,0,0,0,0,20,305,0,51,3
28-08 08:38:16,24.503,12.251,60.257,0.500,0,5708056,5243884,522392,4715732,44987.193,23232.682,0,8572.990,0,1114.129,7527,6913,1.060,1.290,1.550,1,0,0,0,0,20,304,0,52,3
28-08 08:38:17,7.250,5.500,85.502,0,0,5708260,5243380,522640,4715776,33924.857,573672.490,0,5712.144,0,305.008,3845,3678,1.060,1.290,1.550,1,0,4.000,0,0,20,305,0,52,3
28-08 08:38:18,28.872,11.449,56.499,0.249,0,5709180,5241868,522964,4716032,29929.175,15218.461,0,2054.880,0,254.869,7201,8323,1.060,1.290,1.550,4,0,3.982,0,0,20,307,0,54,3
28-08 08:38:19,38.137,15.807,44.158,0,0,5710120,5240608,523180,4716124,44451.441,21966.792,0,3464.426,0,223.803,7757,8782,1.060,1.290,1.550,2,0,3.011,0,0,20,305,0,48,3
28-08 08:38:20,23.737,10.244,63.466,0.500,0,5709848,5240608,523364,4716200,29754.903,14584.110,0,2230.793,0,219.881,6693,7292,1.060,1.290,1.550,2,0,1.999,0,0,20,305,0,48,3
28-08 08:38:21,24.297,8.516,64.625,0.250,0,5709648,5240356,523536,4716476,15093.153,7310.120,0,2019.901,0,181.350,6212,6732,1.060,1.290,1.550,2,0,0,0,0,20,305,0,48,3
28-08 08:38:22,24.220,8.989,64.920,0.250,0,5710452,5239348,523644,4716564,15518.961,7566.717,0,1765.834,0,113.860,6165,6430,1.060,1.290,1.550,3,0,0,0,0,20,305,0,48,3
28-08 08:38:23,23.502,9.001,65.506,0,0,5711308,5238340,523724,4716632,15065.402,7458.694,0,1172.109,0,81.008,5692,5626,1.060,1.290,1.550,3,0,2.000,0,0,20,305,0,47,3
28-08 08:38:24,23.504,9.252,65.012,0,0,5711888,5237332,523960,4716816,44827.949,22535.996,0,4028.714,0,263.047,6326,6722,1.130,1.300,1.550,3,0,0,0,0,20,305,0,47,3
28-08 08:38:25,24.779,10.512,62.073,0.250,0,5711740,5237080,524268,4716892,30365.478,14609.069,0,3367.935,0,302.353,7026,7487,1.130,1.300,1.550,4,0,0,0,0,20,305,0,47,3
28-08 08:38:26,26.527,8.925,60.988,0.248,0,5711404,5237080,524528,4716964,29758.050,14470.457,0,2165.808,0,270.726,7021,7813,1.130,1.300,1.550,4,0,1.983,0,0,20,305,0,48,3
28-08 08:38:27,25.175,12.336,61.175,0,0,5712876,5235316,524612,4717164,30513.805,15574.104,0,1301.031,0,93.650,6004,5932,1.130,1.300,1.550,4,0,7.049,0,0,20,305,0,46,3
28-08 08:38:28,25.008,8.253,64.270,0,0,5712668,5235316,524744,4717232,44748.075,21894.887,0,1204.379,0,116.036,6280,6555,1.130,1.300,1.550,1,0,0,0,0,20,305,0,46,3
28-08 08:38:29,25.027,8.759,64.069,0.250,0,5712476,5235316,524864,4717300,30535.900,15284.468,0,1237.333,0,136.147,6169,6419,1.120,1.300,1.550,1,0,2.002,0,0,20,305,0,46,3
28-08 08:38:30,22.718,9.486,64.658,0.250,0,5712340,5235064,525064,4717484,44750.207,22018.612,0,1745.512,0,168.759,6183,6418,1.120,1.300,1.550,3,0,0,0,0,20,305,0,46,3
28-08 08:38:31,25.455,9.733,61.892,0,0,5711968,5235064,525352,4717556,15097.555,7283.243,0,2295.978,0,263.538,7150,7898,1.120,1.300,1.550,3,0,0,0,0,20,305,0,42,3
28-08 08:38:32,26.179,8.976,62.330,0.249,0,5712108,5234560,525544,4717720,35754.437,458403.161,0,2074.340,0,214.415,6898,6963,1.120,1.300,1.550,2,0,2.992,0,0,20,305,0,43,3
28-08 08:38:33,25.654,9.809,62.626,0.252,0,5712024,5234056,525916,4717920,16740.637,140963.405,0,7223.424,0,415.498,7041,7657,1.120,1.300,1.550,1,0,0,0,0,20,305,0,43,3
28-08 08:38:34,23.744,7.998,65.733,0.250,0,5712608,5233300,526024,4717980,15407.927,7841.927,0,1003.735,0,96.974,5826,5922,1.110,1.290,1.540,5,0,0,0,0,20,305,0,44,3
28-08 08:38:35,23.496,8.248,64.988,0.250,0,5712780,5232796,526248,4718080,44223.621,22045.823,0,2135.595,0,186.965,6847,7274,1.110,1.290,1.540,3,0,2.000,0,0,20,305,0,40,3
28-08 08:38:36,23.711,9.984,64.893,0.250,0,5712936,5232320,526396,4718248,44947.949,22399.098,0,1174.066,0,123.796,6404,6544,1.110,1.290,1.540,4,0,0,0,0,20,305,0,40,3
28-08 08:38:37,25.492,9.497,61.231,0,0,5712972,5231816,526776,4718324,29748.770,14963.357,0,2619.187,0,292.909,7249,8002,1.110,1.290,1.540,1,0,1.000,0,0,20,305,0,40,3
28-08 08:38:38,26.045,10.268,61.607,0.250,0,5712812,5231564,527096,4718400,29645.498,14845.789,0,2396.162,0,259.451,6964,7667,1.110,1.290,1.540,1,0,2.003,0,0,20,305,0,41,3
28-08 08:38:39,24.474,8.241,65.430,0,0,5713508,5230556,527188,4718608,15047.959,7288.231,0,1670.220,0,125.866,6057,6230,1.100,1.290,1.540,1,0,0,0,0,20,305,0,39,3
28-08 08:38:40,23.291,7.764,65.866,0,0,5714104,5229800,527288,4718664,15210.863,7308.908,0,1430.526,0,116.205,5969,6186,1.100,1.290,1.540,2,0,0,0,0,20,305,0,39,3
28-08 08:38:41,23.977,8.492,64.938,0,0,5713908,5229800,527416,4718732,15436.376,7289.094,0,1162.898,0,109.896,6097,6239,1.100,1.290,1.540,1,0,1.998,0,0,20,306,0,41,3
28-08 08:38:42,25.200,10.479,62.627,0.499,0,5713956,5229296,527648,4718944,15561.395,8038.191,0,13237.965,0,1386.274,8194,6299,1.100,1.290,1.540,1,0,0,0,0,20,306,0,42,3
28-08 08:38:43,22.493,10.247,63.981,0.250,0,5713884,5229044,527880,4719024,44650.651,23133.084,0,2127.364,0,217.935,5555,5842,1.100,1.290,1.540,0,0,0,0,0,20,304,0,44,3
28-08 08:38:44,11.783,5.265,81.476,0,0,5713752,5229044,527964,4719056,33732.466,15259.280,0,1002.778,0,92.256,3701,3698,1.100,1.280,1.540,0,0,2.006,0,0,20,304,0,42,3
28-08 08:38:45,6.741,3.995,87.634,0.250,0,5713832,5228792,528100,4719084,29052.629,8727.473,0,1038.628,0,100.867,3330,3463,1.100,1.280,1.540,1,0,0,0,0,20,305,0,42,3
28-08 08:38:46,22.045,9.770,65.884,0,0,5713904,5228288,528300,4719308,44803.380,23352.630,0,1282.616,0,130.266,5214,5078,1.100,1.280,1.540,0,0,0,0,0,20,304,0,43,3
28-08 08:38:47,12.948,5.478,79.182,0.249,0,5713748,5228288,528416,4719348,32712.577,14746.755,0,3872.442,0,589.631,4682,4071,1.100,1.280,1.540,2,0,4.980,0,0,20,306,0,44,3
28-08 08:38:48,26.989,9.496,60.726,0.250,0,5713984,5227532,528848,4719420,29969.094,15144.983,0,2730.915,0,366.854,7072,7895,1.100,1.280,1.540,3,0,0,0,0,20,304,0,38,3
28-08 08:38:49,6.529,3.766,87.383,0,0,5714028,5227280,528988,4719476,29279.218,8777.438,0,1446.334,0,128.563,3448,3501,1.330,1.330,1.550,0,0,0,0,0,20,304,0,38,3
28-08 08:38:50,25.950,9.482,62.130,0.250,0,5713748,5227056,529396,4719560,49254.940,594273.073,0,6762.948,0,457.118,7299,7870,1.330,1.330,1.550,1,0,2.994,0,0,20,305,0,38,3
28-08 08:38:51,23.665,9.964,64.021,0.249,0,5713844,5226552,529616,4719740,29542.269,14862.807,0,1558.422,0,177.365,6355,7230,1.330,1.330,1.550,1,0,0,0,0,20,305,0,38,3
28-08 08:38:52,24.490,9.746,61.974,0.250,0,5713912,5226048,529948,4719836,30077.364,15219.606,0,2390.995,0,271.886,6914,7746,1.330,1.330,1.550,4,0,0,0,0,20,305,0,33,3
28-08 08:38:53,25.601,9.788,62.244,0.251,0,5713796,5225796,530204,4719936,22346.772,9258.364,0,2662.457,0,251.990,7034,7822,1.330,1.330,1.550,3,0,2.008,0,0,20,305,0,34,3
28-08 08:38:54,24.459,10.483,62.396,0.250,0,5713888,5225292,530404,4720136,23898.282,12710.875,0,2344.104,0,258.570,6635,7579,1.380,1.340,1.550,3,0,0,0,0,20,305,0,34,3
28-08 08:38:55,23.834,8.279,65.481,0.251,0,5714724,5224284,530484,4720220,15117.382,7484.429,0,2075.328,0,107.379,5896,5980,1.380,1.340,1.550,1,0,0,0,0,20,305,0,36,3
28-08 08:38:56,24.493,9.747,63.982,0.250,0,5714732,5224032,530668,4720272,806.778,0,0,6914.097,0,388.893,6898,7377,1.380,1.340,1.550,1,0,1.999,0,0,20,305,0,34,3
28-08 08:38:57,20.221,11.483,66.154,0,0,5714980,5223528,530752,4720444,15368.606,7918.462,0,1014.522,0,101.852,5633,5522,1.380,1.340,1.550,1,0,0.999,0,0,20,305,0,34,3
28-08 08:38:58,22.252,5.751,69.007,0.250,0,5715120,5223024,530940,4720608,21999.229,9338.946,0,1824.185,0,193.020,5027,5169,1.380,1.340,1.550,0,0,2.000,0,0,20,308,0,35,3
28-08 08:38:59,17.779,9.766,71.114,0,0,5717064,5221008,530968,4720648,7537.129,612.986,0,941.515,0,85.137,4704,4611,1.430,1.350,1.560,1,0,2.003,0,0,20,309,0,36,3
28-08 08:39:00,20.456,6.985,71.098,0,0,5716980,5220756,531080,4720864,44321.207,17392.801,0,1404.995,0,151.676,5266,5450,1.430,1.350,1.560,2,0,0,0,0,20,308,0,35,3
28-08 08:39:01,10.766,5.008,81.624,0.250,0,5717104,5220504,531180,4720888,29572.900,14614.188,0,985.496,0,113.172,3912,3913,1.430,1.350,1.560,2,0,0,0,0,20,309,0,36,3
28-08 08:39:02,23.972,10.238,63.425,0,0,5717152,5220252,531336,4720932,29792.942,14722.676,0,1769.917,0,195.770,6624,7050,1.430,1.350,1.560,4,0,1.998,0,0,20,309,0,37,3
28-08 08:39:03,27.011,10.504,61.274,0.250,0,5716808,5220252,531572,4721028,15069.907,7298.861,0,2581.012,0,328.129,7026,7688,1.430,1.350,1.560,2,0,0,0,0,20,309,0,37,3
28-08 08:39:04,24.477,8.742,63.691,0.250,0,5716844,5220000,531716,4721092,29902.215,14740.303,0,1966.173,0,205.809,6277,6976,1.400,1.340,1.550,1,0,0,0,0,20,309,0,31,3
28-08 08:39:05,23.757,9.253,64.269,0.250,0,5717436,5218992,531920,4721296,392.118,0,0,5081.525,0,296.089,6302,6635,1.400,1.340,1.550,1,0,2.001,0,0,20,309,0,33,3
28-08 08:39:06,34.617,21.169,40.096,0,0,5745956,5190304,531984,4724888,26047.735,8639.743,0,1617.773,0,94.636,6513,14610,1.400,1.340,1.550,2,0,35.862,0,0,21,309,0,35,3
28-08 08:39:07,21.293,11.273,65.883,0,0,5729464,5206628,532080,4721448,15066.500,7621.428,0,1170.369,0,119.241,5561,5736,1.400,1.340,1.550,1,0,1.002,0,0,20,309,0,37,3
28-08 08:39:08,20.569,7.274,70.485,0.502,0,5730784,5204920,532240,4721652,18257.962,8488.342,0,7998.707,0,1079.605,6368,4954,1.400,1.340,1.550,0,0,2.007,0,0,20,308,0,37,3
28-08 08:39:09,17.719,4.991,75.119,0.250,0,5730512,5204920,532320,4721836,14902.934,2087.349,0,1281.758,0,125.780,4369,4318,1.290,1.320,1.540,1,0,0,0,0,20,308,0,37,3
28-08 08:39:10,14.987,4.246,78.684,0.500,0,5730380,5204920,532396,4721888,33434.972,10159.483,0,1095.082,0,96.919,3753,3492,1.290,1.320,1.540,2,0,0,0,0,20,309,0,37,3
28-08 08:39:11,16.269,5.506,76.088,0,0,5730020,5204920,532548,4722092,33204.239,4481.161,0,1265.457,0,131.151,4355,4537,1.290,1.320,1.540,1,0,2.002,0,0,20,308,0,38,3
28-08 08:39:12,19.013,6.505,73.051,0,0,5730060,5204668,532624,4722224,18057.539,8398.832,0,1176.817,0,101.070,4293,4030,1.290,1.320,1.540,4,0,0,0,0,20,308,0,37,3
28-08 08:39:13,9.010,4.005,85.348,0.250,0,5729968,5204416,532716,4722472,12382.218,1378.583,0,1145.315,0,101.116,3527,3592,1.290,1.320,1.540,1,0,0,0,0,20,309,0,37,3
28-08 08:39:14,22.474,9.239,65.175,0,0,5729780,5204416,532848,4722520,419.516,0,0,1378.410,0,135.843,6300,6573,1.260,1.310,1.540,2,0,1.998,0,0,20,309,0,37,3
28-08 08:39:15,25.216,10.236,61.667,0.250,0,5729460,5204416,533068,4722604,30075.490,15135.613,0,2716.341,0,297.599,7114,7880,1.260,1.310,1.540,4,0,0,0,0,20,309,0,38,3
28-08 08:39:16,25.773,11.761,60.304,0.250,0,5729056,5204416,533396,4722676,30064.164,14767.343,0,8147.361,0,562.508,7562,8656,1.260,1.310,1.540,1,0,0,0,0,20,309,0,35,3
28-08 08:39:17,25.015,7.755,64.289,0,0,5729520,5203688,533448,4722884,32697.978,581301.176,0,1356.829,0,103.063,6218,6196,1.260,1.310,1.540,2,0,3.002,0,0,20,309,0,36,3
28-08 08:39:18,24.720,9.488,62.924,0.250,0,5729400,5203688,533504,4722944,29893.760,14722.152,0,5505.326,0,800.030,7348,6608,1.260,1.310,1.540,1,0,0,0,0,20,309,0,36,3
28-08 08:39:19,25.844,11.928,60.137,0,0,5724232,5208740,533544,4723008,18645.544,9616.004,0,1041.717,0,89.460,6011,5945,1.240,1.310,1.540,3,0,3.976,0,0,20,310,0,39,3
28-08 08:39:20,20.666,8.317,69.811,0.252,0,5723816,5208740,533720,4723244,18135.694,8490.206,0,1971.841,0,228.838,5366,5943,1.240,1.310,1.540,0,0,4.032,0,0,20,306,0,39,3
28-08 08:39:21,16.000,5.250,76.749,0.500,0,5723912,5208488,533816,4723300,8467.864,1376.978,0,1903.969,0,136.998,4386,4326,1.240,1.310,1.540,0,0,0,0,0,20,306,0,40,3
28-08 08:39:22,7.487,3.244,87.345,0,0,5723876,5208488,533824,4723324,18510.231,7900.014,0,610.918,0,24.956,2572,2288,1.240,1.310,1.540,2,0,0,0,0,20,307,0,40,3
28-08 08:39:23,12.773,4.258,81.147,0,0,5723736,5208488,533912,4723372,29274.207,9433.145,0,1691.074,0,144.262,4187,4342,1.240,1.310,1.540,1,0,2.004,0,0,20,306,0,40,3
28-08 08:39:24,19.229,7.242,70.423,0,0,5723824,5207732,533988,4723956,868.056,0,0,1386.492,0,146.840,5652,5930,1.220,1.300,1.530,2,0,0,0,0,20,307,0,40,3
28-08 08:39:25,26.276,10.510,60.811,0.250,0,5723696,5207480,534180,4724136,30533.501,15008.993,0,5749.744,0,367.367,7190,7651,1.220,1.300,1.530,1,0,1.001,0,0,20,307,0,40,3
28-08 08:39:26,25.216,9.987,62.416,0.250,0,5723528,5207256,534364,4724344,30263.474,14572.486,0,1793.598,0,219.706,6904,7583,1.220,1.300,1.530,2,0,1.997,0,0,20,307,0,40,3
28-08 08:39:27,25.526,12.012,59.560,0,0,5724352,5206248,534488,4724400,29617.690,14606.642,0,1337.341,0,136.136,6079,6096,1.220,1.300,1.530,2,0,7.007,0,0,20,307,0,41,3
28-08 08:39:28,25.722,7.242,64.928,0,0,5724208,5206248,534560,4724456,14987.433,7597.602,0,1166.710,0,101.887,5699,5684,1.220,1.300,1.530,5,0,0,0,0,20,307,0,42,3
28-08 08:39:29,22.976,9.490,64.432,0.250,0,5724204,5205996,534620,4724648,29943.527,14576.679,0,1138.803,0,98.896,6192,6626,1.200,1.300,1.530,2,0,1.998,0,0,20,308,0,41,3
28-08 08:39:30,23.799,11.273,63.382,0,0,5724228,5205744,534756,4724732,870.811,0,0,1491.100,0,156.325,5671,5788,1.200,1.300,1.530,2,0,0,0,0,20,306,0,42,3
28-08 08:39:31,9.905,3.962,83.206,0.248,0,5724100,5205744,534832,4724780,61606.218,30661.460,0,1192.621,0,105.989,3538,3640,1.200,1.300,1.530,3,0,0,0,0,20,307,0,42,3
28-08 08:39:32,15.659,5.556,77.033,0.505,0,5724044,5205492,534948,4724968,44263.905,17113.949,0,1636.635,0,156.592,4670,4933,1.200,1.300,1.530,0,0,2.021,0,0,20,306,0,42,3
28-08 08:39:33,16.427,6.222,74.670,0,0,5723924,5205492,535024,4725012,30709.164,15604.975,0,1194.715,0,111.507,4783,4982,1.200,1.300,1.530,2,0,0,0,0,20,307,0,41,3
28-08 08:39:34,22.597,10.043,65.031,0.251,0,5723948,5205240,535184,4725068,44303.144,22796.354,0,2133.204,0,227.984,6190,6319,1.190,1.290,1.530,2,0,0,0,0,20,307,0,41,3
28-08 08:39:35,26.236,10.994,60.218,0.500,0,5723732,5204988,535564,4725144,14936.062,7292.125,0,8083.704,0,535.715,7503,8775,1.190,1.290,1.530,4,0,1.999,0,0,20,307,0,41,3
28-08 08:39:36,25.225,8.741,63.938,0,0,5723668,5204736,535692,4725328,29499.261,15225.167,0,1430.606,0,146.857,6227,6750,1.190,1.290,1.530,4,0,0,0,0,20,307,0,41,3
28-08 08:39:37,23.920,9.219,64.036,0.747,0,5724504,5203728,535768,4725416,19181.768,436033.899,0,984.703,0,77.740,6027,6094,1.190,1.290,1.530,2,0,1.993,0,0,20,307,0,40,3
28-08 08:39:38,24.358,8.538,64.789,0,0,5725124,5202972,535844,4725472,19768.034,142864.222,0,976.348,0,85.380,6152,6194,1.190,1.290,1.530,2,0,2.009,0,0,20,307,0,41,3
28-08 08:39:39,23.666,9.217,64.271,0,0,5724800,5202972,535960,4725672,44257.651,21810.458,0,1391.054,0,154.451,6496,6862,1.250,1.310,1.530,3,0,0.996,0,0,20,307,0,42,3
28-08 08:39:40,25.570,9.526,61.669,0.251,0,5724436,5202972,536232,4725752,29999.009,14632.000,0,2635.204,0,298.817,7354,8232,1.250,1.310,1.530,6,0,0,0,0,20,307,0,42,3
28-08 08:39:41,26.546,10.268,60.605,0.250,0,5724404,5202720,536436,4725832,15297.378,7470.883,0,2604.491,0,288.497,7267,8155,1.250,1.310,1.530,1,0,3.005,0,0,20,307,0,40,3
28-08 08:39:42,25.227,9.241,63.191,0.250,0,5725020,5201712,536604,4726036,15496.580,7289.217,0,6701.764,0,375.650,6825,7272,1.250,1.310,1.530,1,0,0,0,0,20,307,0,42,3
28-08 08:39:43,23.487,8.245,65.464,0,0,5725640,5200956,536672,4726104,15175.673,7439.918,0,1079.408,0,92.949,5832,5991,1.250,1.310,1.530,2,0,0,0,0,20,307,0,44,3
28-08 08:39:44,21.264,10.257,66.793,0.250,0,5725660,5200704,536748,4726256,15013.654,7462.799,0,788.507,0,77.050,5318,5131,1.230,1.300,1.530,6,0,2.001,0,0,20,307,0,44,3
28-08 08:39:45,18.270,7.258,71.828,0.250,0,5725456,5200452,536940,4726512,18549.015,8267.921,0,1922.074,0,236.255,5320,5811,1.230,1.300,1.530,0,0,0,0,0,20,306,0,40,3
28-08 08:39:46,12.998,4.999,80.735,0.250,0,5725264,5200452,537072,4726564,4203.205,899.830,0,1511.714,0,167.968,4255,4542,1.230,1.300,1.530,0,0,0,0,0,20,306,0,40,3
28-08 08:39:47,9.974,3.242,84.530,0,0,5725476,5200200,537100,4726576,15084.711,7438.626,0,746.057,0,54.857,2987,2736,1.230,1.300,1.530,1,0,4.987,0,0,20,307,0,40,3
28-08 08:39:48,17.540,5.262,75.422,0.251,0,5725300,5200200,537216,4726628,12627.750,4202.568,0,1455.313,0,154.351,4985,5094,1.230,1.300,1.530,0,0,1.002,0,0,20,306,0,40,3
28-08 08:39:49,13.747,7.998,75.981,0,0,5725164,5200200,537308,4726672,80892.215,41173.929,0,10729.376,0,1303.681,6292,4466,1.290,1.310,1.530,0,0,0,0,0,20,306,0,38,3
28-08 08:39:50,10.473,4.987,82.539,0.249,0,5725308,5199976,537372,4726688,42868.319,18941.537,0,1153.050,0,107.724,3815,3800,1.290,1.310,1.530,2,0,1.995,0,0,20,307,0,38,3
28-08 08:39:51,23.532,10.014,64.087,1.001,0,5725600,5199220,537640,4726872,15144.468,7305.874,0,6524.818,0,397.537,6554,7155,1.290,1.310,1.530,1,0,0,0,0,20,307,0,38,3
28-08 08:39:52,25.467,9.737,61.920,0,0,5725512,5198968,537884,4726956,15110.436,7352.480,0,2952.178,0,249.677,6972,7755,1.290,1.310,1.530,2,0,0,0,0,20,307,0,38,3
28-08 08:39:53,25.823,10.279,61.924,0.251,0,5725496,5198744,538044,4727032,15046.345,7627.466,0,2025.701,0,236.666,7034,7740,1.290,1.310,1.530,2,0,2.006,0,0,20,307,0,37,3
28-08 08:39:54,22.732,8.743,66.197,0,0,5725700,5198240,538112,4727256,15707.396,7452.020,0,1694.640,0,102.917,5831,6009,1.350,1.320,1.530,2,0,0,0,0,20,307,0,38,3
28-08 08:39:55,23.443,8.978,65.092,0,0,5726324,5197484,538176,4727320,14967.718,7278.357,0,1328.779,0,110.732,6206,6356,1.350,1.320,1.530,1,0,0,0,0,20,307,0,39,3
28-08 08:39:56,24.780,6.758,65.579,0,0,5726432,5197232,538252,4727384,762.921,0,0,1025.238,0,91.110,5893,5892,1.350,1.320,1.530,1,0,2.002,0,0,20,307,0,39,3
28-08 08:39:57,21.270,10.009,66.313,0.250,0,5726924,5196476,538344,4727552,15242.389,7302.894,0,1229.160,0,126.119,5747,5763,1.350,1.320,1.530,2,0,1.001,0,0,20,307,0,37,3
28-08 08:39:58,19.513,6.004,72.297,0.500,0,5726700,5196476,538492,4727624,3555.322,1139.744,0,1785.166,0,192.125,4775,5121,1.350,1.320,1.530,1,0,0,0,0,20,308,0,39,3
28-08 08:39:59,13.966,4.738,77.808,1.247,0,5726744,5196224,538640,4727680,22039.742,8826.271,0,1540.208,0,154.619,4358,4426,1.480,1.350,1.540,0,0,1.995,0,0,20,308,0,39,3
28-08 08:40:00,14.473,6.738,76.359,0.250,0,5726436,5196224,538868,4727744,7571.039,610.874,0,6248.478,0,378.302,5232,5675,1.480,1.350,1.540,1,0,0,0,0,20,309,0,40,3
28-08 08:40:01,24.332,9.030,63.966,0.251,0,5726632,5195720,538960,4727956,48445.557,454777.378,0,1966.640,0,192.650,6780,7418,1.480,1.350,1.540,1,0,0,0,0,20,309,0,37,3
28-08 08:40:02,25.120,10.446,61.433,0.249,0,5726652,5195468,539108,4728032,30838.757,125133.843,0,1981.767,0,233.793,6734,7277,1.480,1.350,1.540,10,0,1.990,0,0,20,309,0,37,3
28-08 08:40:03,26.137,10.053,61.572,0.251,0,5726608,5195216,539324,4728104,29743.720,14817.576,0,2947.431,0,310.626,7289,8155,1.480,1.350,1.540,5,0,0,0,0,20,309,0,37,3
28-08 08:40:04,24.710,10.483,62.649,0.250,0,5726208,5195216,539508,4728316,15445.121,7284.266,0,2783.516,0,316.490,7019,7704,1.440,1.350,1.540,1,0,0,0,0,20,309,0,37,3
28-08 08:40:05,24.792,8.765,64.358,0,0,5726256,5194964,539636,4728380,15149.530,7308.316,0,1754.957,0,161.272,6432,6762,1.440,1.350,1.540,1,0,2.003,0,0,20,309,0,35,3
28-08 08:40:06,26.184,10.224,62.093,0.249,0,5726072,5194964,539688,4728504,25990.237,8651.110,0,1448.335,0,114.710,6131,6341,1.440,1.350,1.540,3,0,0,0,0,20,309,0,36,3
28-08 08:40:07,35.388,22.086,39.654,0,0,5748624,5172064,539828,4728704,15183.040,7324.482,0,5485.330,0,308.198,7417,16206,1.440,1.350,1.540,1,0,40.156,0,0,20,309,0,39,3
28-08 08:40:08,26.463,6.741,65.409,0.499,0,5746028,5174448,539944,4728796,944.680,147.793,0,1661.678,0,153.785,5530,5489,1.440,1.350,1.540,1,0,1.997,0,0,20,309,0,42,3
28-08 08:40:09,23.182,8.974,64.310,0,0,5743372,5176940,540056,4728844,30488.060,15592.003,0,1340.047,0,141.582,6576,6953,1.490,1.360,1.540,1,0,0,0,0,20,310,0,42,3
28-08 08:40:10,26.600,11.794,60.226,0.502,0,5741372,5178496,540284,4729052,44519.103,22133.077,0,9993.511,0,1292.853,8011,7603,1.490,1.360,1.540,1,0,0,0,0,20,309,0,36,3
28-08 08:40:11,25.253,9.751,61.007,0.500,0,5741288,5178264,540520,4729120,15452.788,7296.844,0,2756.319,0,295.034,6984,8063,1.490,1.360,1.540,1,0,2.000,0,0,20,309,0,36,3
28-08 08:40:12,23.489,8.496,65.719,0,0,5741108,5178320,540572,4729188,29693.862,15394.670,0,1723.180,0,124.941,6148,6435,1.490,1.360,1.540,1,0,0,0,0,20,309,0,37,3
28-08 08:40:13,23.494,8.498,64.983,0,0,5740872,5178320,540612,4729380,15060.053,7604.007,0,1411.630,0,112.970,6007,6328,1.490,1.360,1.540,1,0,0,0,0,20,309,0,39,3
28-08 08:40:14,23.991,8.997,65.476,0.250,0,5740720,5178320,540684,4729456,14998.421,7293.287,0,1239.539,0,113.958,5948,5963,1.530,1.370,1.550,1,0,1.999,0,0,20,309,0,37,3
28-08 08:40:15,23.518,9.007,65.550,0.250,0,5740920,5177816,540800,4729640,546.415,66.050,0,1445.097,0,148.112,6154,6587,1.530,1.370,1.550,2,0,0,0,0,20,309,0,37,3
28-08 08:40:16,25.001,10.251,61.753,0.250,0,5740772,5177564,541036,4729800,44702.491,22741.267,0,6132.342,0,415.023,6752,7384,1.530,1.370,1.550,1,0,0,0,0,20,309,0,37,3
28-08 08:40:17,24.818,10.672,61.798,0,0,5740724,5177312,541212,4729908,44313.827,21729.044,0,2279.326,0,263.076,6860,7706,1.530,1.370,1.550,2,0,2.978,0,0,20,309,0,37,3
28-08 08:40:18,25.662,8.554,62.393,0,0,5740552,5177312,541304,4729984,15159.499,7654.219,0,1722.853,0,184.160,6826,7433,1.530,1.370,1.550,1,0,0,0,0,20,309,0,36,3
28-08 08:40:19,23.523,8.758,65.814,0.500,0,5740524,5177060,541372,4730192,14958.460,7303.060,0,1501.451,0,124.120,6064,6423,1.490,1.360,1.540,4,0,0,0,0,20,309,0,37,3
28-08 08:40:20,27.376,11.697,57.490,0,0,5742264,5175044,541412,4730420,14816.976,7263.146,0,5813.702,0,815.312,7533,6498,1.490,1.360,1.540,3,0,5.973,0,0,20,310,0,39,3
28-08 08:40:21,25.881,8.795,61.813,0.503,0,5742072,5175044,541508,4730516,45026.003,24045.763,0,1636.286,0,164.835,6731,6961,1.490,1.360,1.540,1,0,2.010,0,0,20,310,0,39,3
28-08 08:40:22,26.329,10.681,60.359,0,0,5741952,5174792,541704,4730680,36302.559,467398.682,0,3382.066,0,246.402,7087,7275,1.490,1.360,1.540,4,0,0.994,0,0,20,309,0,32,3
28-08 08:40:23,26.780,12.398,57.280,0.496,0,5749288,5166980,542068,4730780,31048.309,158872.760,0,8228.501,0,554.452,7815,8709,1.490,1.360,1.540,6,0,1.984,0,0,20,309,0,32,3
28-08 08:40:24,28.591,15.687,54.146,0,0,5781408,5134724,542124,4730856,15063.598,7384.037,0,1165.901,0,115.376,7951,8875,1.450,1.350,1.540,2,0,0,0,0,20,309,0,34,3
28-08 08:40:25,23.567,8.524,65.687,0.251,0,5781628,5134220,542208,4731048,15973.517,7316.850,0,1793.110,0,107.306,6037,6502,1.450,1.350,1.540,1,0,0,0,0,20,309,0,34,3
28-08 08:40:26,23.487,8.495,65.465,0,0,5781396,5134220,542248,4731236,15685.518,7292.057,0,991.464,0,80.956,6051,6122,1.450,1.350,1.540,1,0,1.999,0,0,20,309,0,34,3
28-08 08:40:27,26.202,11.729,60.140,0,0,5782220,5133212,542356,4731308,359.345,0,0,1465.331,0,146.733,6612,6907,1.450,1.350,1.540,2,0,6.987,0,0,20,309,0,34,3
28-08 08:40:28,26.003,10.501,61.007,0.250,0,5781744,5133212,542496,4731632,59176.958,31235.673,0,1628.191,0,182.021,6773,7215,1.450,1.350,1.540,5,0,1.000,0,0,20,309,0,34,3
28-08 08:40:29,24.480,9.992,62.200,0,0,5781664,5132960,542732,4731720,29504.364,14580.320,0,2565.944,0,286.770,7332,8053,1.490,1.370,1.540,3,0,1.998,0,0,20,309,0,34,3
28-08 08:40:30,24.817,10.278,62.670,0.501,0,5781364,5132960,542956,4731792,15378.638,7381.987,0,6068.431,0,353.958,6818,7291,1.490,1.370,1.540,2,0,0,0,0,20,309,0,32,3
28-08 08:40:31,23.555,8.182,65.705,0.248,0,5781352,5132708,543024,4731976,15160.304,7236.005,0,971.941,0,85.293,6027,6200,1.490,1.370,1.540,1,0,0,0,0,20,309,0,32,3
28-08 08:40:32,20.291,10.521,66.886,0,0,5782020,5131952,543068,4732020,19690.175,11150.751,0,629.284,0,45.092,5445,5212,1.490,1.370,1.540,2,0,2.004,0,0,20,309,0,32,3
28-08 08:40:33,20.361,8.044,68.876,0.251,0,5782000,5131700,543244,4732108,17907.743,8928.734,0,1914.449,0,238.301,5702,6065,1.490,1.370,1.540,0,0,0,0,0,20,306,0,35,3
28-08 08:40:34,12.444,8.462,77.653,0.249,0,5781816,5131700,543284,4732252,15221.885,7424.775,0,884.044,0,69.688,3497,3348,1.450,1.360,1.540,2,0,0,0,0,20,307,0,34,3
28-08 08:40:35,15.075,4.774,77.888,0,0,5781888,5131448,543384,4732324,6920.432,1021.080,0,1451.220,0,169.845,4048,4215,1.450,1.360,1.540,2,0,2.010,0,0,20,306,0,35,3
28-08 08:40:36,20.444,9.723,67.814,0,0,5781968,5131196,543496,4732380,15028.731,7664.952,0,1300.429,0,139.617,4779,4682,1.450,1.360,1.540,5,0,0,0,0,20,306,0,36,3
28-08 08:40:37,9.757,4.253,84.312,0,0,5782020,5130944,543536,4732540,3408.507,951.700,0,980.721,0,91.067,3274,3331,1.450,1.360,1.540,2,0,1.001,0,0,20,307,0,36,3
28-08 08:40:38,24.276,9.760,63.817,0.250,0,5781796,5130944,543668,4732620,15434.285,8588.062,0,1689.783,0,207.219,5636,5943,1.450,1.360,1.540,0,0,2.002,0,0,20,306,0,35,3
28-08 08:40:39,5.503,3.502,89.550,0,0,5781732,5130944,543700,4732648,3603.012,66.037,0,948.530,0,83.046,2721,2879,1.340,1.340,1.530,1,0,0,0,0,20,306,0,35,3
28-08 08:40:40,7.250,5.000,85.754,0,0,5782176,5130440,543748,4732660,15124.729,7458.359,0,7960.384,0,1044.050,4010,2448,1.340,1.340,1.530,2,0,0,0,0,20,306,0,35,3
28-08 08:40:41,24.003,6.501,67.009,0.500,0,5782240,5129936,543940,4732900,34660.555,5488.721,0,2344.308,0,277.036,6205,6645,1.340,1.340,1.530,0,0,2.000,0,0,20,307,0,35,2
28-08 08:40:42,13.998,5.999,77.489,0.750,0,5782284,5129684,544084,4732956,29894.900,9520.694,0,6067.168,0,391.946,4863,5279,1.340,1.340,1.530,6,0,0,0,0,20,307,0,32,2
28-08 08:40:43,13.019,5.258,80.365,0,0,5782168,5129684,544168,4732984,47405.027,23018.031,0,1794.575,0,113.162,3958,4049,1.340,1.340,1.530,2,0,0,0,0,20,307,0,32,2
28-08 08:40:44,7.496,4.248,85.458,0.250,0,5782592,5129180,544216,4733016,40979.713,16284.938,0,799.604,0,65.967,3315,3282,1.310,1.330,1.530,2,0,1.999,0,0,20,308,0,32,2
28-08 08:40:45,23.365,9.197,65.123,0,0,5782464,5129180,544320,4733036,14917.695,7576.169,0,1555.004,0,162.062,6211,6529,1.310,1.330,1.530,5,0,0,0,0,20,308,0,32,2
28-08 08:40:46,24.560,9.523,63.655,0.251,0,5782360,5128928,544440,4733264,15161.025,7476.258,0,1916.681,0,231.566,6661,7426,1.310,1.330,1.530,2,0,0,0,0,20,308,0,29,2
28-08 08:40:47,25.841,10.286,61.466,0.251,0,5782556,5128424,544660,4733344,15400.149,7321.744,0,2320.158,0,249.879,6907,7668,1.310,1.330,1.530,1,0,5.018,0,0,20,308,0,29,2
28-08 08:40:48,24.499,8.500,64.247,0,0,5783136,5127668,544740,4733428,15003.361,7443.683,0,1583.933,0,140.994,6024,6467,1.310,1.330,1.530,1,0,0,0,0,20,309,0,32,2
28-08 08:40:49,24.208,11.230,61.892,0.250,0,5783292,5127164,544928,4733584,34573.571,452131.742,0,5861.755,0,361.368,7265,7619,1.200,1.310,1.520,3,0,0.998,0,0,20,308,0,32,2
28-08 08:40:50,26.245,9.498,61.739,0.250,0,5783028,5127164,545080,4733688,45351.845,142778.327,0,2455.558,0,274.951,6923,7861,1.200,1.310,1.520,1,0,2.000,0,0,20,308,0,34,2
28-08 08:40:51,23.535,10.015,64.344,0,0,5783632,5126408,545156,4733760,14965.942,7306.713,0,5852.581,0,845.239,6867,5884,1.200,1.310,1.520,1,0,0,0,0,20,309,0,34,2
28-08 08:40:52,23.898,9.211,63.479,0.249,0,5785112,5124644,545256,4733940,44515.926,22390.397,0,1278.541,0,127.456,6062,6222,1.200,1.310,1.520,4,0,0,0,0,20,308,0,34,2
28-08 08:40:53,26.526,11.011,60.811,0.500,0,5785060,5124392,545476,4734012,29497.348,14916.841,0,2134.123,0,232.231,6757,7177,1.200,1.310,1.520,1,0,2.002,0,0,20,308,0,34,2
28-08 08:40:54,24.295,7.514,65.620,0.250,0,5784932,5124392,545532,4734080,29924.917,14781.126,0,1398.567,0,105.193,5981,5947,1.110,1.290,1.510,1,0,0,0,0,20,309,0,34,2
28-08 08:40:55,23.725,11.238,62.434,0.250,0,5784832,5124140,545672,4734288,15374.829,7288.334,0,2021.873,0,218.770,5857,6063,1.110,1.290,1.510,2,0,0,0,0,20,307,0,34,2
28-08 08:40:56,10.489,5.245,82.166,0,0,5784984,5123888,545784,4734276,17977.668,8304.532,0,4887.017,0,692.294,4641,4232,1.110,1.290,1.510,1,0,1.998,0,0,20,308,0,34,2
28-08 08:40:57,8.027,5.518,84.533,0.502,0,5784684,5123888,545972,4734376,18687.494,8210.457,0,6842.884,0,415.389,4342,4827,1.110,1.290,1.510,0,0,1.003,0,0,20,307,0,35,2
28-08 08:40:58,24.751,6.750,65.254,0.500,0,5784740,5123384,546104,4734684,19485.177,8992.543,0,1632.099,0,195.012,6404,6553,1.110,1.290,1.510,2,0,0,0,0,20,307,0,36,2
28-08 08:40:59,6.744,4.246,87.172,0,0,5784980,5122880,546196,4734848,69405.091,30560.740,0,1138.984,0,112.899,3425,3498,1.020,1.260,1.500,1,0,1.998,0,0,20,308,0,33,2
28-08 08:41:00,13.267,5.007,80.606,0.250,0,5784944,5122628,546300,4735032,43960.817,16453.640,0,1089.433,0,132.174,4371,4470,1.020,1.260,1.500,0,0,0,0,0,20,307,0,34,2
28-08 08:41:01,17.940,7.475,72.260,0,0,5784836,5122628,546376,4735060,14818.750,7271.832,0,968.780,0,86.712,4749,4673,1.020,1.260,1.500,1,0,0,0,0,20,308,0,34,2
28-08 08:41:02,24.835,10.285,62.213,0.251,0,5784884,5122124,546612,4735268,15340.551,7321.079,0,2661.116,0,292.000,7061,7769,1.020,1.260,1.500,3,0,2.007,0,0,20,308,0,35,2
28-08 08:41:03,24.753,7.251,65.259,0.250,0,5784872,5121872,546668,4735472,15065.979,7444.978,0,1652.217,0,119.016,5742,5795,1.020,1.260,1.500,2,0,0,0,0,20,308,0,34,2
28-08 08:41:04,24.965,8.488,64.161,0,0,5784660,5121872,546700,4735648,44985.725,22888.315,0,1266.247,0,81.887,5893,5883,1.020,1.260,1.500,1,0,0,0,0,20,308,0,34,2
28-08 08:41:05,26.387,10.704,59.993,0,0,5784840,5121396,546912,4735724,45662.286,156318.004,0,2513.228,0,308.677,7498,8365,1.020,1.260,1.500,5,0,1.991,0,0,20,308,0,34,2
28-08 08:41:06,27.119,10.798,59.261,0.502,0,5785160,5120668,547000,4736036,45659.940,460770.759,0,5508.241,0,333.468,6703,6618,1.020,1.260,1.500,1,0,4.018,0,0,20,308,0,34,2
28-08 08:41:07,27.063,13.407,57.105,0,0,5801304,5104288,547032,4737788,30004.474,14652.655,0,1330.796,0,91.368,6285,8066,1.020,1.260,1.500,3,0,34.760,0,0,20,308,0,32,2
28-08 08:41:08,27.423,17.611,52.582,0,0,5790520,5114872,547060,4736392,15368.081,7491.323,0,1300.214,0,136.865,6480,13584,1.020,1.260,1.500,3,0,4.025,0,0,20,308,0,33,2
28-08 08:41:09,17.265,5.004,75.565,0.250,0,5790432,5114872,547084,4736456,18065.650,8248.145,0,1709.481,0,186.161,4807,4979,0.930,1.240,1.490,2,0,0,0,0,20,307,0,34,2
28-08 08:41:10,15.760,5.504,77.550,0,0,5790332,5114872,547132,4736500,11208.203,1775.141,0,1388.893,0,133.086,4361,4447,0.930,1.240,1.490,1,0,0,0,0,20,307,0,34,2
28-08 08:41:11,11.942,5.971,79.364,0,0,5790144,5114872,547148,4736668,48110.132,22554.361,0,1134.485,0,100.511,4377,4612,0.930,1.240,1.490,2,0,1.990,0,0,20,308,0,29,2
28-08 08:41:12,23.933,10.221,63.074,0.499,0,5790024,5114872,547212,4736724,29565.548,14712.969,0,2181.915,0,226.369,6668,7357,0.930,1.240,1.490,3,0,0,0,0,20,308,0,29,2
28-08 08:41:13,25.187,10.579,62.212,0.252,0,5789828,5114872,547316,4736812,29749.138,14850.389,0,2405.884,0,264.970,6902,7662,0.930,1.240,1.490,2,0,0,0,0,20,308,0,29,2
28-08 08:41:14,25.979,7.744,63.198,0.250,0,5789708,5114872,547360,4736880,15117.630,7355.981,0,2877.645,0,167.863,6207,6229,0.940,1.230,1.490,2,0,1.998,0,0,20,308,0,29,2
28-08 08:41:15,23.991,9.996,64.226,0.250,0,5790180,5114116,547464,4737056,15385.347,7363.294,0,5973.805,0,336.876,6388,6830,0.940,1.230,1.490,1,0,0,0,0,20,308,0,26,2
28-08 08:41:16,20.779,11.015,66.092,0.250,0,5789916,5114116,547524,4737256,18075.204,8253.509,0,8383.690,0,1102.537,6495,5466,0.940,1.230,1.490,1,0,0,0,0,20,307,0,27,2
28-08 08:41:17,14.008,5.253,79.043,0.250,0,5790236,5113612,547644,4737316,18373.993,8344.538,0,2381.295,0,238.130,4754,5012,0.940,1.230,1.490,0,0,3.002,0,0,20,307,0,27,2
28-08 08:41:18,6.495,3.747,87.929,0.250,0,5790164,5113612,547696,4737332,539.562,147.880,0,867.295,0,76.937,3029,3072,0.940,1.230,1.490,1,0,0,0,0,20,308,0,27,2
28-08 08:41:19,7.000,3.500,87.001,0,0,5790032,5113612,547788,4737368,18241.201,8180.090,0,1128.012,0,114.001,3069,3408,0.950,1.230,1.490,0,0,0,0,0,20,307,0,25,2
28-08 08:41:20,20.952,8.231,68.841,0.249,0,5787716,5115628,547988,4737456,6345.363,1319.955,0,1644.207,0,183.577,5466,5777,0.950,1.230,1.490,1,0,5.986,0,0,20,307,0,25,2
28-08 08:41:21,6.771,3.762,87.020,0,0,5787508,5115628,548064,4737584,18051.003,7776.125,0,999.100,0,77.240,2950,3182,0.950,1.230,1.490,4,0,2.006,0,0,20,307,0,25,2
28-08 08:41:22,14.702,8.722,74.259,0,0,5787800,5115152,548136,4737692,11894.390,1372.545,0,1136.311,0,111.638,4508,4471,0.950,1.230,1.490,1,0,0,0,0,20,308,0,25,2
28-08 08:41:23,17.275,6.259,74.359,0.250,0,5787592,5115152,548264,4737768,33464.870,16257.742,0,1498.188,0,172.252,4807,5109,0.950,1.230,1.490,0,0,2.003,0,0,20,307,0,24,2
28-08 08:41:24,13.762,6.256,78.821,0.500,0,5787480,5114900,548408,4737980,48169.308,22792.492,0,5941.342,0,403.363,4909,5430,0.950,1.230,1.480,4,0,0,0,0,20,307,0,24,2
28-08 08:41:25,9.990,7.992,79.173,0,0,5787676,5114676,548416,4738000,15049.390,7288.924,0,835.189,0,72.929,3573,3364,0.950,1.230,1.480,1,0,0,0,0,20,308,0,24,2
28-08 08:41:26,19.239,8.495,69.459,1.249,0,5787816,5114424,548456,4738064,32685.676,15595.780,0,5532.729,0,854.495,6294,5715,0.950,1.230,1.480,0,0,1.999,0,0,20,307,0,25,2
28-08 08:41:27,11.782,7.771,79.215,0,0,5788512,5113668,548468,4738108,34327.189,9977.085,0,846.297,0,66.180,3579,3386,0.950,1.230,1.480,0,0,7.019,0,0,20,307,0,23,2
28-08 08:41:28,5.749,3.749,88.734,0.250,0,5788492,5113668,548476,4738120,31672.287,444841.757,0,635.885,0,47.991,3169,2913,0.950,1.230,1.480,0,0,0,0,0,20,307,0,23,2
28-08 08:41:29,4.249,2.999,90.482,0,0,5788468,5113668,548488,4738132,14119.128,2659.459,0,587.880,0,40.992,2496,2406,0.950,1.220,1.480,0,0,2.000,0,0,20,307,0,23,2
28-08 08:41:30,7.000,3.750,87.499,0.250,0,5788276,5113668,548528,4738284,21241.764,112230.755,0,919.990,0,85.999,2984,2925,0.950,1.220,1.480,0,0,1.000,0,0,20,307,0,23,2
28-08 08:41:31,10.729,4.741,83.584,0,0,5788192,5113668,548552,4738340,28972.306,8721.632,0,1002.005,0,97.805,3464,3571,0.950,1.220,1.480,1,0,0,0,0,20,308,0,24,2
28-08 08:41:32,10.764,4.506,82.856,0.250,0,5788116,5113668,548588,4738380,14410.501,1842.365,0,1361.748,0,140.180,4100,4230,0.950,1.220,1.480,0,0,2.003,0,0,20,307,0,24,2
28-08 08:41:33,20.478,8.241,68.925,0,0,5787880,5113668,548612,4738584,30023.224,15125.488,0,1098.800,0,107.882,5452,5544,0.950,1.220,1.480,3,0,0,0,0,20,308,0,26,2
28-08 08:41:34,25.757,10.253,61.516,0.250,0,5787600,5113668,548676,4738796,44123.151,22055.574,0,2004.507,0,236.060,7095,7662,0.960,1.220,1.480,2,0,1.000,0,0,20,308,0,28,2
28-08 08:41:35,24.775,8.424,64.416,0,0,5788212,5112912,548752,4738860,14750.234,7230.429,0,4919.387,0,270.546,6442,6612,0.960,1.220,1.480,1,0,1.982,0,0,20,309,0,29,2
28-08 08:41:36,23.193,13.109,62.267,0,0,5788220,5112660,548804,4739048,29720.897,14780.787,0,4811.974,0,798.634,6624,5841,0.960,1.220,1.480,2,0,2.017,0,0,20,307,0,26,2
28-08 08:41:37,8.509,4.004,85.595,0.250,0,5788028,5112660,548824,4739216,18010.020,8251.172,0,1165.295,0,120.134,3280,3284,0.960,1.220,1.480,1,0,1.001,0,0,20,308,0,26,2
28-08 08:41:38,25.780,7.008,64.576,0.501,0,5787972,5112408,548892,4739448,18972.431,8577.141,0,1858.197,0,194.230,6065,6510,0.960,1.220,1.480,3,0,2.002,0,0,20,307,0,27,2
28-08 08:41:39,8.244,4.497,85.186,0.250,0,5787780,5112408,548928,4739600,55491.324,24380.689,0,1071.195,0,100.924,3586,3776,0.960,1.220,1.470,1,0,0,0,0,20,308,0,27,2
28-08 08:41:40,24.255,10.752,62.263,0,0,5787488,5112408,548988,4739832,29594.361,14595.137,0,2300.494,0,247.053,6869,7524,0.960,1.220,1.470,3,0,0,0,0,20,308,0,25,2
28-08 08:41:41,25.472,8.990,63.180,0.250,0,5787840,5111904,549064,4739900,15553.847,7449.784,0,2081.704,0,183.797,6251,6769,0.960,1.220,1.470,2,0,2.997,0,0,20,308,0,25,2
28-08 08:41:42,23.793,8.516,65.369,0,0,5788488,5111148,549104,4739964,15392.038,7309.314,0,1622.956,0,119.217,5998,6203,0.960,1.220,1.470,3,0,0,0,0,20,308,0,25,2
28-08 08:41:43,23.250,9.500,64.501,0,0,5788476,5110896,549184,4740148,15244.149,7606.075,0,1508.015,0,134.001,6292,6617,0.960,1.220,1.470,1,0,0,0,0,20,308,0,25,2
28-08 08:41:44,22.729,10.990,63.691,0.250,0,5789036,5110140,549328,4740192,15535.507,7355.138,0,5734.650,0,302.718,6026,6109,0.960,1.210,1.470,2,0,1.998,0,0,20,308,0,25,2
28-08 08:41:45,19.518,9.008,69.814,0.500,0,5789044,5109888,549488,4740272,18066.589,8411.724,0,2562.353,0,212.195,5455,6001,0.960,1.210,1.470,0,0,0,0,0,20,307,0,26,2
28-08 08:41:46,13.244,4.998,79.716,0,0,5789708,5109160,549508,4740308,15471.330,7752.658,0,611.736,0,35.984,3613,3436,0.960,1.210,1.470,1,0,0,0,0,20,308,0,26,2
28-08 08:41:47,24.963,7.489,64.156,0.499,0,5789788,5108656,549660,4740572,3396.012,462.321,0,2640.122,0,353.481,7113,7573,0.960,1.210,1.470,5,1,4.993,0,0,20,307,0,26,2
28-08 08:41:48,8.513,4.757,84.879,0,0,5789700,5108656,549692,4740624,26515.311,8996.678,0,909.383,0,84.128,3488,3559,0.960,1.210,1.470,2,0,0,0,0,20,308,0,25,2
28-08 08:41:49,20.245,9.498,68.234,0.250,0,5789800,5108404,549776,4740688,3987.061,946.777,0,1543.636,0,189.955,5224,5528,0.890,1.190,1.460,0,0,0,0,0,20,307,0,26,2
28-08 08:41:50,16.405,5.220,76.307,0,0,5789484,5108404,549876,4740896,602.503,394.709,0,1205.005,0,99.423,4262,4200,0.890,1.190,1.460,2,0,1.988,0,0,20,307,0,27,2
28-08 08:41:51,6.756,3.753,86.580,0.500,0,5789592,5108152,549996,4740912,59182.539,24403.489,0,1305.203,0,129.119,3515,3658,0.890,1.190,1.460,0,0,0,0,0,20,308,0,27,2
28-08 08:41:52,24.110,9.293,64.294,0,0,5789680,5107900,550088,4740984,45496.358,22768.271,0,3182.575,0,220.008,6302,6462,0.890,1.190,1.460,2,0,0,0,0,20,308,0,23,2
28-08 08:41:53,25.178,12.215,60.079,0,0,5789400,5107900,550284,4741056,46864.738,449320.337,0,6114.613,0,986.196,8127,7122,0.890,1.190,1.460,3,0,2.991,0,0,20,308,0,23,2
28-08 08:41:54,25.740,10.996,59.726,0.250,0,5789576,5107172,550624,4741256,15657.719,146613.186,0,9096.351,0,600.759,7849,8966,0.900,1.190,1.460,2,0,0,0,0,20,308,0,23,2
28-08 08:41:55,25.048,9.518,62.369,0.501,0,5789580,5106920,550792,4741332,29885.012,14619.891,0,2132.067,0,248.474,6849,7965,0.900,1.190,1.460,2,0,0,0,0,20,308,0,23,2
28-08 08:41:56,26.063,8.270,63.404,0,0,5789644,5106668,550884,4741420,15281.103,7313.758,0,1427.466,0,146.355,6337,6530,0.900,1.190,1.460,2,0,2.005,0,0,20,308,0,22,2
28-08 08:41:57,24.159,8.219,64.757,0,0,5790412,5105660,550940,4741600,15467.871,7430.078,0,1637.845,0,114.569,6124,6489,0.900,1.190,1.460,2,0,0.996,0,0,20,308,0,23,2
28-08 08:41:58,23.079,9.533,64.972,0.502,0,5791008,5104904,551016,4741680,4501.394,916.133,0,1204.118,0,120.412,6275,6593,0.900,1.190,1.460,5,0,0,0,0,20,308,0,24,2
28-08 08:41:59,23.990,8.496,64.972,0.250,0,5791636,5104148,551068,4741748,22747.293,7970.599,0,1015.567,0,79.966,5654,5759,0.900,1.180,1.460,2,0,1.999,0,0,20,308,0,24,2
28-08 08:42:00,20.252,9.751,67.256,0.250,0,5791792,5103672,551200,4741932,18333.622,8475.750,0,1988.176,0,240.021,5561,6011,0.900,1.180,1.460,0,0,0,0,0,20,307,0,22,2
28-08 08:42:01,14.966,6.236,77.821,0.499,0,5791568,5103672,551348,4742004,1239.145,0,0,5974.234,0,317.269,4493,4460,0.900,1.180,1.460,2,0,0,0,0,20,308,0,22,2
28-08 08:42:02,25.804,8.267,62.380,0.501,0,5791688,5103168,551584,4742136,15702.751,7709.079,0,2906.061,0,350.732,6841,7122,0.900,1.180,1.460,2,0,2.004,0,0,20,307,0,22,2
28-08 08:42:03,7.990,4.245,85.644,0,0,5791620,5103168,551632,4742156,14547.950,1589.028,0,1018.736,0,108.865,3460,3653,0.900,1.180,1.460,2,0,0,0,0,20,308,0,22,2
28-08 08:42:04,22.291,9.518,66.372,0.250,0,5791768,5102664,551736,4742404,15626.822,8760.157,0,1398.580,0,151.279,5196,5459,0.910,1.180,1.450,0,0,0,0,0,20,307,0,23,2
28-08 08:42:05,12.756,4.752,80.790,0.250,0,5791672,5102664,551780,4742452,47229.095,21964.741,0,748.366,0,74.036,3875,3772,0.910,1.180,1.450,2,0,2.001,0,0,20,308,0,23,2
28-08 08:42:06,12.747,5.749,79.731,0.250,0,5791704,5102424,551864,4742568,55541.841,17966.743,0,1279.697,0,146.965,4564,4602,0.910,1.180,1.450,0,0,0,0,0,20,307,0,23,2
28-08 08:42:07,20.476,7.990,68.418,0,0,5791792,5102172,551948,4742644,44646.722,22263.433,0,1590.103,0,190.772,5860,6180,0.910,1.180,1.450,2,0,0.999,0,0,20,308,0,23,2
28-08 08:42:08,34.776,21.015,42.281,0,0,5812932,5080780,552088,4746076,29912.941,14750.820,0,1957.436,0,210.154,7352,14887,0.910,1.180,1.450,6,0,38.028,0,0,21,309,0,21,2
28-08 08:42:09,27.247,11.999,57.244,0.750,0,5796448,5096940,552324,4742824,29927.090,14752.566,0,7971.225,0,556.946,8041,9665,1.080,1.210,1.460,2,0,0,0,0,20,308,0,24,2
28-08 08:42:10,25.012,10.005,61.279,0.250,0,5796480,5096688,552468,4742900,15371.261,7299.448,0,2317.095,0,236.112,6816,7669,1.080,1.210,1.460,2,1,0,0,0,20,308,0,24,2
28-08 08:42:11,25.199,7.984,64.121,0.249,0,5796816,5096184,552572,4742960,15438.931,7281.347,0,1469.044,0,156.685,6179,6648,1.080,1.210,1.460,2,0,1.996,0,0,20,308,0,24,2
28-08 08:42:12,23.791,9.015,65.613,0,0,5797356,5095428,552648,4743088,15089.936,7308.562,0,1166.004,0,97.167,6153,6392,1.080,1.210,1.460,1,0,0,0,0,20,308,0,24,2
28-08 08:42:13,24.283,9.912,62.443,0.248,0,5797608,5094924,552728,4743256,15329.154,7378.134,0,8135.374,0,1024.851,7060,6531,1.080,1.210,1.460,2,0,0,0,0,20,308,0,24,2
28-08 08:42:14,23.688,8.820,66.024,0.252,0,5797868,5094420,552752,4743472,483.837,0,0,899.130,0,71.568,5945,5980,1.070,1.210,1.460,1,0,2.016,0,0,20,308,0,24,2
28-08 08:42:15,22.029,9.763,65.838,0.250,0,5797676,5094420,552864,4743548,15744.957,8256.990,0,1638.180,0,192.256,5335,5527,1.070,1.210,1.460,0,0,1.001,0,0,20,307,0,25,2
28-08 08:42:16,12.725,4.990,80.090,0,0,5797600,5094420,552888,4743596,3668.687,65.869,0,2694.629,0,119.761,3947,3876,1.070,1.210,1.460,3,0,0.998,0,0,20,309,0,25,2
28-08 08:42:17,26.299,8.516,63.117,0.501,0,5797916,5093664,553116,4743804,15230.118,8005.781,0,2488.595,0,330.610,6907,7325,1.070,1.210,1.460,0,0,3.006,0,0,20,307,0,24,2
28-08 08:42:18,9.496,4.248,83.962,0.250,0,5797752,5093664,553244,4743836,14499.490,1590.286,0,5129.697,0,335.849,4651,5016,1.070,1.210,1.460,1,0,0,0,0,20,307,0,24,3
28-08 08:42:19,23.516,11.508,62.293,0.250,0,5797824,5093412,553292,4743956,35354.410,459745.425,0,1797.241,0,175.121,5666,5606,1.230,1.240,1.470,0,0,1.001,0,0,20,307,0,25,2
28-08 08:42:20,11.722,5.237,81.053,0,0,5797704,5093412,553348,4744012,47899.726,147055.032,0,1093.346,0,92.775,3705,3733,1.230,1.240,1.470,2,0,2.993,0,0,20,308,0,26,2
28-08 08:42:21,17.206,7.979,72.812,0,0,5798108,5092724,553424,4744216,29086.911,9178.306,0,1420.333,0,147.619,5091,5360,1.230,1.240,1.470,1,0,3.990,0,0,20,307,0,28,2
28-08 08:42:22,20.545,7.516,68.900,0.501,0,5797960,5092724,553492,4744296,30564.736,15189.164,0,1362.976,0,124.271,5700,5971,1.230,1.240,1.470,2,0,2.004,0,0,20,308,0,28,2
28-08 08:42:23,25.546,11.771,60.610,0,0,5797668,5092724,553692,4744380,44372.747,22725.354,0,7080.885,0,1052.916,7513,7204,1.230,1.240,1.470,2,0,2.004,0,0,20,308,0,28,2
28-08 08:42:24,25.725,9.990,62.190,0.250,0,5797536,5092472,553868,4744584,29559.280,15063.364,0,2657.418,0,287.720,6883,7908,1.210,1.230,1.470,1,0,0,0,0,20,308,0,28,2
28-08 08:42:25,26.041,11.017,59.844,0.751,0,5797376,5092220,554172,4744672,15550.330,7307.433,0,7227.308,0,530.831,7935,9157,1.210,1.230,1.470,4,0,0,0,0,20,308,0,27,2
28-08 08:42:26,25.996,8.749,62.490,0.250,0,5797432,5091968,554288,4744752,15563.404,7294.783,0,3247.458,0,254.957,6442,6939,1.210,1.230,1.470,3,0,2.000,0,0,20,308,0,27,2
28-08 08:42:27,23.740,9.246,64.472,0,0,5798232,5090960,554300,4744940,15459.187,7292.786,0,987.565,0,85.962,5932,6095,1.210,1.230,1.470,5,0,3.998,0,0,20,308,0,27,2
28-08 08:42:28,21.760,12.756,63.028,0,0,5798032,5090960,554416,4745016,15262.674,8324.640,0,2176.952,0,233.102,5525,6040,1.210,1.230,1.470,2,0,3.001,0,0,20,307,0,28,2
28-08 08:42:29,10.454,6.471,80.644,0.249,0,5797960,5090960,554468,4745036,17839.262,7490.937,0,1278.358,0,97.569,3477,3252,1.190,1.230,1.460,5,0,1.991,0,0,20,308,0,27,2
28-08 08:42:30,17.827,7.030,73.317,0.251,0,5797764,5090960,554548,4745144,741.204,946.089,0,1546.685,0,145.629,4348,4612,1.190,1.230,1.460,0,0,0,0,0,20,307,0,29,2
28-08 08:42:31,3.495,2.996,92.373,0,0,5797740,5090960,554564,4745152,15163.144,7447.756,0,1130.445,0,30.957,1970,1887,1.190,1.230,1.460,2,0,0,0,0,20,307,0,29,2
28-08 08:42:32,5.744,3.247,82.418,6.494,0,5797820,5090708,554604,4745284,24791.428,8590.486,0,847.160,0,71.929,2883,2952,1.190,1.230,1.460,0,0,1.998,0,0,20,307,0,29,2
28-08 08:42:33,12.253,4.251,81.772,0,0,5797728,5090708,554644,4745332,670.181,545.147,0,848.229,0,72.019,3274,3118,1.190,1.230,1.460,0,0,0,0,0,20,307,0,26,2
28-08 08:42:34,8.755,4.002,86.050,0.250,0,5797624,5090708,554716,4745360,15021.707,1443.837,0,956.554,0,100.058,3336,3411,1.100,1.210,1.450,1,0,0,0,0,20,308,0,26,2
28-08 08:42:35,10.767,4.757,82.127,0.250,0,5797476,5090708,554812,4745412,29385.524,9150.175,0,1318.042,0,156.242,3984,4309,1.100,1.210,1.450,0,0,2.003,0,0,20,307,0,26,2
28-08 08:42:36,20.171,9.961,66.739,0.747,0,5797256,5090708,554960,4745476,970.209,65.743,0,5068.199,0,327.720,6092,6650,1.100,1.210,1.450,3,0,0,0,0,20,308,0,27,2
28-08 08:42:37,26.801,9.268,62.369,0,0,5797196,5090468,555028,4745688,15866.312,7842.984,0,1851.537,0,185.354,6784,7195,1.100,1.210,1.450,1,0,2.004,0,0,20,308,0,24,2
28-08 08:42:38,25.504,8.501,63.510,0.250,0,5797580,5089964,555072,4745756,44362.827,22039.392,0,1848.284,0,166.026,6342,6382,1.100,1.210,1.450,1,0,2.000,0,0,20,309,0,26,2
28-08 08:42:39,23.287,10.767,64.102,0.250,0,5797360,5089964,555204,4745836,29951.657,15663.923,0,1830.913,0,218.347,5787,6194,1.090,1.200,1.450,1,0,0,0,0,20,307,0,27,2
28-08 08:42:40,10.204,4.231,82.876,0,0,5797152,5089964,555264,4745984,18263.563,7328.919,0,1326.015,0,93.578,3632,3535,1.090,1.200,1.450,3,0,0,0,0,20,308,0,27,2
28-08 08:42:41,10.053,4.021,83.692,0.251,0,5797040,5089964,555324,4746032,29436.617,9184.554,0,1367.228,0,137.728,4121,4313,1.090,1.200,1.450,0,0,2.011,0,0,20,307,0,26,2
28-08 08:42:42,21.344,9.431,67.755,0,0,5796884,5089964,555424,4746084,15595.983,7243.048,0,1413.665,0,136.006,5716,5904,1.090,1.200,1.450,4,0,0,0,0,20,308,0,26,2
28-08 08:42:43,26.163,9.056,62.639,0.252,0,5796708,5089964,555512,4746164,45164.536,22741.256,0,2209.726,0,226.406,6881,7329,1.090,1.200,1.450,1,0,0,0,0,20,308,0,26,2
28-08 08:42:44,25.453,10.980,60.638,0,0,5797160,5089236,555596,4746356,33687.823,588455.889,0,8069.107,0,1037.086,7503,6323,1.160,1.220,1.450,1,0,2.994,0,0,20,309,0,27,2
28-08 08:42:45,22.054,11.027,63.657,0.501,0,5797128,5088984,555784,4746440,30282.518,15504.152,0,5513.568,0,377.930,6048,6482,1.160,1.220,1.450,0,0,0,0,0,20,307,0,28,2
28-08 08:42:46,11.989,4.246,82.172,0.250,0,5797052,5088984,555824,4746472,18150.877,7420.999,0,1039.020,0,87.917,3610,3576,1.160,1.220,1.450,1,0,0,0,0,20,307,0,28,2
28-08 08:42:47,21.753,9.502,66.261,0,0,5797464,5088228,555932,4746696,16106.573,8172.306,0,1448.231,0,148.024,4949,5002,1.160,1.220,1.450,0,0,5.001,0,0,20,307,0,29,2
28-08 08:42:48,15.020,4.756,78.102,0,0,5797348,5088228,556004,4746740,18071.705,7917.385,0,1345.765,0,138.181,4425,4604,1.160,1.220,1.450,0,0,0,0,0,20,307,0,29,2
28-08 08:42:49,5.749,3.499,87.978,0,0,5797268,5088228,556052,4746772,29206.841,8736.858,0,1123.725,0,114.972,3320,3635,1.150,1.210,1.450,1,0,0,0,0,20,308,0,28,2
28-08 08:42:50,14.247,4.749,78.733,0.250,0,5797676,5087724,556096,4746820,16043.559,1839.605,0,1315.718,0,128.972,4340,4487,1.150,1.210,1.450,1,0,2.000,0,0,20,307,0,28,2
28-08 08:42:51,18.989,9.245,70.958,0,0,5797388,5087724,556180,4747020,44917.519,22422.781,0,1199.293,0,122.928,4548,4374,1.150,1.210,1.450,1,0,0,0,0,20,307,0,29,2
28-08 08:42:52,10.255,4.502,84.295,0,0,5797560,5087472,556204,4747068,32945.402,15605.243,0,940.497,0,84.044,3275,3220,1.150,1.210,1.450,1,0,0,0,0,20,308,0,29,2
28-08 08:42:53,22.506,11.753,63.018,0.250,0,5797528,5087220,556288,4747264,30032.412,15471.334,0,1684.472,0,183.051,5723,5700,1.150,1.210,1.450,0,0,2.001,0,0,20,307,0,28,2
28-08 08:42:54,4.741,3.244,90.824,0,0,5797488,5087220,556308,4747284,29415.056,8896.777,0,774.501,0,54.894,2547,2450,1.380,1.260,1.470,0,0,0,0,0,20,307,0,28,2
28-08 08:42:55,11.515,4.506,82.356,0,0,5797396,5087220,556368,4747312,19206.748,7885.160,0,1069.378,0,102.132,3731,3656,1.380,1.260,1.470,2,0,0,0,0,20,308,0,28,2
28-08 08:42:56,23.257,11.503,63.268,0.750,0,5797612,5086716,556560,4747400,15504.484,8172.364,0,6589.906,0,432.125,5975,6624,1.380,1.260,1.470,0,0,2.001,0,0,20,307,0,29,2
28-08 08:42:57,12.419,4.222,80.473,0,0,5797632,5086464,556624,4747564,18383.717,7475.091,0,1049.136,0,107.298,3821,3875,1.380,1.260,1.470,4,0,0.993,0,0,20,308,0,29,2
28-08 08:42:58,8.878,4.058,86.243,0.254,0,5797516,5086464,556696,4747608,19426.979,2793.256,0,1270.307,0,142.047,4076,4296,1.380,1.260,1.470,1,0,0,0,0,20,307,0,28,2
28-08 08:42:59,14.390,5.458,77.659,0,0,5797604,5086212,556788,4747672,36633.127,10073.316,0,1671.277,0,163.753,4661,4924,1.270,1.240,1.460,0,0,1.985,0,0,20,306,0,29,3
28-08 08:43:00,9.746,3.998,84.461,0,0,5797512,5086212,556848,4747700,10809.046,1789.180,0,855.608,0,69.968,3212,3066,1.270,1.240,1.460,0,0,0,0,0,20,306,0,29,3
28-08 08:43:01,3.752,2.251,92.560,0,0,5797492,5086212,556864,4747704,15377.999,7624.958,0,520.338,0,28.018,1946,1791,1.270,1.240,1.460,0,0,0,0,0,20,306,0,29,3
28-08 08:43:02,14.474,6.488,77.362,0,0,5797912,5085456,556976,4747924,14817.585,1440.432,0,2112.235,0,134.760,4778,5028,1.270,1.240,1.460,1,0,1.996,0,0,20,307,0,27,3
28-08 08:43:03,22.906,10.955,63.490,0.249,0,5797724,5085456,557096,4747988,30506.934,15386.920,0,1681.108,0,191.216,6202,6679,1.270,1.240,1.460,5,0,0,0,0,20,307,0,27,3
28-08 08:43:04,26.643,9.048,61.831,0.251,0,5797564,5085456,557176,4748060,44808.121,22168.800,0,8606.119,0,1116.986,7326,6894,1.160,1.220,1.450,1,0,0,0,0,20,307,0,29,3
28-08 08:43:05,23.553,8.430,65.205,0.248,0,5797424,5085456,557244,4748128,15304.042,7235.504,0,1094.846,0,96.196,5731,5938,1.160,1.220,1.450,2,0,1.983,0,0,20,308,0,29,3
28-08 08:43:06,25.943,11.334,59.441,0.504,0,5797228,5085204,557476,4748332,56415.845,23974.996,0,6206.075,0,421.127,7117,7856,1.160,1.220,1.450,3,0,0,0,0,20,307,0,27,3
28-08 08:43:07,25.745,8.748,63.238,0.250,0,5797572,5084728,557508,4748432,34199.655,577820.796,0,1303.758,0,128.976,6453,6552,1.160,1.220,1.450,1,0,0,0,0,20,307,0,28,3
28-08 08:43:08,20.485,11.600,63.428,0,0,5797700,5084476,557584,4748472,29450.548,14871.381,0,1409.741,0,145.120,5994,6210,1.160,1.220,1.450,4,0,2.962,0,0,20,307,0,29,3
28-08 08:43:09,28.649,17.240,53.748,0.254,0,5815832,5066036,557652,4748676,18430.446,8357.286,0,2267.551,0,246.429,5704,15545,1.070,1.200,1.440,0,0,36.508,0,0,20,306,0,32,3
28-08 08:43:10,20.426,9.217,67.755,0,0,5809868,5071932,557672,4748724,15495.861,7269.663,0,1654.008,0,144.477,4740,4612,1.070,1.200,1.440,2,0,0,0,0,20,306,0,30,3
28-08 08:43:11,10.782,4.764,83.249,0,0,5807688,5074032,557696,4748776,18693.894,8266.717,0,1416.234,0,111.333,3810,3965,1.070,1.200,1.440,1,0,2.006,0,0,20,307,0,30,3
28-08 08:43:12,22.032,9.263,66.346,0.250,0,5807200,5074248,557756,4748980,15864.950,8187.844,0,1321.912,0,139.201,5272,5221,1.070,1.200,1.440,1,0,1.001,0,0,20,306,0,31,3
28-08 08:43:13,12.464,5.235,80.519,0.249,0,5807380,5073996,557784,4749020,3507.945,213.388,0,929.336,0,77.777,3359,3181,1.070,1.200,1.440,3,0,0,0,0,20,307,0,32,3
28-08 08:43:14,23.734,9.244,64.957,0,0,5810568,5070720,557800,4749092,46756.967,23870.157,0,5528.331,0,801.468,5066,3502,1.070,1.190,1.440,2,0,1.999,0,0,20,307,0,31,3
28-08 08:43:15,21.852,8.194,66.549,0,0,5814876,5066184,557808,4749304,60396.491,31691.123,0,524.444,0,24.832,3858,3045,1.070,1.190,1.440,3,0,0,0,0,20,307,0,33,3
28-08 08:43:16,24.494,8.838,65.655,0,0,5818264,5062656,557824,4749420,62018.463,32662.720,0,832.300,0,61.614,4684,4089,1.070,1.190,1.440,1,0,0,0,0,20,306,0,35,3
28-08 08:43:17,7.485,3.743,86.829,0.250,0,5818196,5062656,557872,4749436,58611.608,23285.157,0,946.137,0,96.809,3421,3424,1.070,1.190,1.440,1,0,1.996,0,0,20,307,0,35,3
28-08 08:43:18,15.008,6.253,76.040,0.250,0,5818088,5062404,557992,4749676,44010.353,16588.802,0,5871.115,0,422.224,5579,5971,1.070,1.190,1.440,0,0,1.001,0,0,20,306,0,34,3
28-08 08:43:19,13.769,4.757,79.359,0,0,5817912,5062404,558072,4749764,29887.150,9148.596,32.044,1381.903,1.001,150.207,4433,4501,0.980,1.170,1.430,0,0,0,0,0,20,306,0,34,3
28-08 08:43:20,12.474,6.736,78.834,0,0,5818088,5062152,558116,4749792,15275.823,7280.664,0,842.226,0,73.844,4073,4100,0.980,1.170,1.430,5,0,1.996,0,0,20,308,0,34,3
28-08 08:43:21,24.782,10.013,61.831,0.501,0,5817872,5062152,558268,4749856,15620.362,7533.821,0,2074.705,0,262.342,6899,7659,0.980,1.170,1.430,2,0,0,0,0,20,307,0,34,3
28-08 08:43:22,27.770,10.910,58.515,0,0,5818688,5060956,558400,4750096,15521.260,7235.982,0,1396.418,0,122.980,6701,7250,0.980,1.170,1.430,3,0,3.967,0,0,20,310,0,31,3
28-08 08:43:23,34.967,16.100,47.041,0,0,5820668,5058692,558664,4750104,15467.777,7490.381,0,2161.383,0,207.284,7085,7378,0.980,1.170,1.430,3,0,4.025,0,0,20,306,0,34,3
28-08 08:43:24,14.282,4.761,78.675,0.251,0,5820384,5058692,558808,4750236,4343.689,947.113,0,2329.195,0,162.362,4073,4256,0.900,1.150,1.420,0,0,0,0,0,20,306,0,35,3
28-08 08:43:25,23.462,5.741,69.138,0,0,5820204,5058692,558836,4750388,15910.124,7284.153,0,622.987,0,40.933,4806,4521,0.900,1.150,1.420,1,0,0,0,0,20,309,0,36,3
28-08 08:43:26,25.042,7.012,65.609,0.250,0,5820104,5058692,558892,4750432,3956.587,1863.102,0,1145.908,0,93.155,5877,5947,0.900,1.150,1.420,2,0,4.007,0,0,20,312,0,38,3
28-08 08:43:27,24.978,7.493,65.941,0.250,0,5820684,5057936,558980,4750512,11711.515,5431.138,0,1043.066,0,88.920,5547,5464,0.900,1.150,1.420,2,0,0.999,0,0,20,313,0,58,3
28-08 08:43:28,26.233,10.394,59.890,0,0,5821340,5056928,559148,4750680,720.654,146.507,0,1528.420,0,141.557,6094,6192,0.900,1.150,1.420,7,0,6.929,0,0,20,312,0,67,3
28-08 08:43:29,27.011,8.078,63.363,0.252,0,5818428,5059548,559372,4750740,47655.135,587698.865,0,5016.543,0,260.521,6253,6302,0.910,1.150,1.420,1,0,3.029,0,0,20,313,0,67,3
28-08 08:43:30,24.780,8.010,65.080,0.250,0,5818244,5059548,559456,4750836,30137.821,14772.048,0,897.096,0,77.094,5493,5341,0.910,1.150,1.420,2,0,0,0,0,20,310,0,85,3
28-08 08:43:31,27.575,7.386,62.289,0,0,5818176,5059296,559496,4751108,51863.897,27417.038,0,748.454,0,50.225,5133,4625,0.910,1.150,1.420,2,0,0,0,0,20,310,0,90,3
28-08 08:43:32,30.711,9.391,58.123,0.254,0,5818468,5058792,559620,4751188,64114.181,27265.609,0,2708.692,0,180.715,6055,6315,0.910,1.150,1.420,3,0,2.031,0,0,20,311,0,90,3
28-08 08:43:33,25.756,10.502,60.263,0.250,0,5818264,5058540,559844,4751412,34646.661,18302.047,0,2392.529,0,284.063,6946,7836,0.910,1.150,1.420,1,0,0,0,0,20,310,0,90,3
28-08 08:43:34,24.476,7.992,65.187,0,0,5818336,5058288,559952,4751476,15515.047,7288.975,0,1822.244,0,133.871,6159,6416,0.920,1.150,1.420,2,0,0,0,0,20,309,0,91,3
28-08 08:43:35,22.267,13.260,61.797,0.250,0,5819072,5057280,560152,4751540,15199.613,7301.579,0,9839.518,0,1237.946,7077,5867,0.920,1.150,1.420,3,0,2.002,0,0,20,307,0,92,3
28-08 08:43:36,11.505,4.002,82.289,0,0,5818948,5057280,560232,4751580,18248.673,8482.031,0,1532.728,0,111.053,3573,3819,0.920,1.150,1.420,0,0,0,0,0,20,310,0,92,3
28-08 08:43:37,12.497,5.249,80.231,0.250,0,5818808,5057028,560420,4751776,18300.670,8347.025,0,1767.582,0,187.956,4080,4541,0.920,1.150,1.420,0,0,0,0,0,20,309,0,92,3
28-08 08:43:38,12.503,6.252,78.770,0.500,0,5819136,5056276,560768,4751840,18493.683,8661.193,0,5081.287,0,354.090,4927,5408,0.920,1.150,1.420,1,0,3.001,0,0,20,309,0,88,3
28-08 08:43:39,10.969,4.737,82.017,0,0,5818972,5056276,560864,4751908,3710.442,887.475,0,1966.404,0,206.413,4011,4201,1,1.160,1.420,1,0,0,0,0,20,309,0,88,3
28-08 08:43:40,6.480,3.738,87.228,0,0,5818908,5056276,560900,4751932,15541.578,7919.326,0,1204.248,0,92.711,2919,3111,1,1.160,1.420,2,0,0,0,0,20,310,0,89,3
28-08 08:43:41,24.889,9.302,64.108,0,0,5820376,5054512,560912,4752208,1058.919,0,0,667.732,0,48.270,4876,4267,1,1.160,1.420,1,0,3.017,0,0,20,310,0,89,3
28-08 08:43:42,6.750,4.250,86.750,0.250,0,5820536,5054260,560968,4752240,47624.897,24400.947,0,967.998,0,101.000,3091,3380,1,1.160,1.420,0,0,0,0,0,20,309,0,90,3
28-08 08:43:43,9.499,4.750,84.492,0,0,5820420,5054260,561028,4752292,43372.646,19425.050,0,1027.897,0,108.989,3706,3766,1,1.160,1.420,2,0,0,0,0,20,309,0,89,3
28-08 08:43:44,8.002,5.252,84.774,0.250,0,5820336,5054260,561088,4752312,22183.383,11644.350,0,944.272,0,96.028,3565,3621,0.920,1.140,1.410,2,0,2.001,0,0,20,309,0,89,3
28-08 08:43:45,13.222,5.738,79.084,0,0,5820576,5053756,561168,4752496,25914.678,9374.350,0,5340.805,0,833.253,5303,4283,0.920,1.140,1.410,0,0,0,0,0,20,309,0,90,3
28-08 08:43:46,10.509,5.004,81.817,0.250,0,5820480,5053756,561240,4752516,18334.076,7368.059,0,1176.968,0,84.069,3796,3809,0.920,1.140,1.410,4,0,0,0,0,20,310,0,90,3
28-08 08:43:47,24.946,9.978,62.615,0,0,5820324,5053756,561300,4752604,14975.717,7280.306,0,1740.249,0,175.621,6315,6860,0.920,1.140,1.410,1,0,2.994,0,0,20,310,0,87,3
28-08 08:43:48,25.822,10.529,60.920,0.251,0,5820352,5053504,561436,4752684,16027.684,7627.264,0,6722.743,0,439.225,7533,8165,0.920,1.140,1.410,1,0,3.008,0,0,20,310,0,87,3
28-08 08:43:49,22.253,9.751,65.758,0,0,5821124,5052496,561472,4752884,826.105,0,0,1328.169,0,78.010,5122,4988,0.930,1.140,1.410,5,0,0,0,0,20,310,0,87,3
28-08 08:43:50,22.004,9.252,66.262,0.250,0,5820960,5052496,561556,4752960,53643.644,599459.774,0,1796.323,0,211.038,5908,5824,0.930,1.140,1.410,1,0,1.000,0,0,20,309,0,88,3
28-08 08:43:51,12.005,5.252,80.285,0.500,0,5821344,5051992,561624,4753004,32843.273,15652.802,0,1500.652,0,166.072,4279,4366,0.930,1.140,1.410,1,0,2.001,0,0,20,309,0,87,3
28-08 08:43:52,8.499,4.000,86.990,0,0,5821168,5051992,561640,4753160,30289.376,15053.199,0,771.908,0,39.995,2803,2580,0.930,1.140,1.410,2,0,0,0,0,20,309,0,87,3
28-08 08:43:53,6.483,3.740,87.767,0,0,5821108,5051992,561676,4753184,18059.057,7490.115,0,1081.130,0,97.741,3191,3274,0.930,1.140,1.410,1,0,0,0,0,20,310,0,87,3
28-08 08:43:54,12.286,5.015,81.238,0,0,5821016,5051992,561720,4753228,29305.871,9162.849,0,1327.891,0,135.397,3951,4101,0.850,1.120,1.400,0,0,2.006,0,0,20,309,0,87,3
28-08 08:43:55,18.235,8.993,70.443,0,0,5821192,5051740,561748,4753276,30275.381,15159.672,0,1123.087,0,103.915,5155,5159,0.850,1.120,1.400,1,0,0,0,0,20,310,0,85,3
28-08 08:43:56,25.276,9.259,62.564,0.501,0,5821212,5051488,561892,4753360,44341.353,22072.576,0,2266.318,0,257.263,6648,7060,0.850,1.120,1.400,1,0,0,0,0,20,309,0,85,3
28-08 08:43:57,23.497,5.749,69.492,0.250,0,5721692,5150824,561916,4753512,15559.132,7295.124,0,1379.834,0,77.991,2892,1977,0.850,1.120,1.400,1,0,2.000,0,0,20,309,0,85,3
28-08 08:43:58,7.999,6.500,83.495,0,0,5681980,5190640,561940,4753384,146307.453,51223.658,0,1175.923,0,73.995,3747,3432,0.850,1.120,1.400,0,0,20.999,0,0,20,309,0,85,3
28-08 08:43:59,12.752,9.751,68.509,6.751,0,5672248,5189672,561976,4763964,117153.337,38665.062,7681.006,3468.454,77.010,163.021,3666,2987,0.870,1.120,1.400,1,0,10.001,0,0,20,309,0,83,3
28-08 08:44:00,14.994,10.746,68.472,4.498,0,5672352,5180360,561980,4773020,33884.947,486966.048,5181.851,327.864,48.980,6.997,3304,2261,0.870,1.120,1.400,3,0,2.999,0,0,20,309,0,83,3
28-08 08:44:01,12.251,9.751,69.504,7.000,0,5658744,5180312,561980,4786524,74290.922,30743.623,9304.491,164.009,112.006,11.001,3194,2147,0.870,1.120,1.400,0,1,4.000,0,0,20,309,0,83,3
28-08 08:44:02,7.990,9.488,69.662,11.236,0,5657792,5169152,561980,4798588,45474.707,22939.100,11038.093,0,108.863,0,3125,2238,0.870,1.120,1.400,1,0,7.990,0,0,20,309,0,83,3
28-08 08:44:03,19.269,10.260,68.817,0,0,5658960,5161596,561984,4804804,44709.394,23026.349,0,812.789,0,12.012,2964,1877,0.870,1.120,1.400,1,0,0,0,0,20,309,0,83,3
28-08 08:44:04,8.999,13.248,68.991,7.499,0,5657444,5153796,561992,4814028,45226.162,23123.015,7495.033,299.961,73.990,19.997,3685,2765,0.880,1.120,1.400,3,0,13.998,0,0,20,309,0,83,3
