Triggered by Gerrit: https://review.opendev.org/c/openstack/cinder/+/928781
Obtained FC/Jenkinsfile from git https://github.hpe.com/vijay-jatti/devstack-jenkins-ci.git
[8mha:////4Btr8w393nncEwnaC+GaxU/ph5Z6P/nmO7cINeJtyuHzAAAAoh+LCAAAAAAAAP9tjTEOwjAQBM8BClpKHuFItIiK1krDC0x8GCfWnbEdkooX8TX+gCESFVvtrLSa5wtWKcKBo5UdUu8otU4GP9jS5Mixv3geZcdn2TIl9igbHBs2eJyx4YwwR1SwULBGaj0nRzbDRnX6rmuvydanHMu2V1A5c4MHCFXMWcf8hSnC9jqYxPTz/BXAFEIGsfuclm8zQVqFvQAAAA==[0m[Pipeline] Start of Pipeline
[8mha:////4FBSiz7TX8HhjPKDSrn2ipeyI+F2ZgS67y62yfW2PnRZAAAApR+LCAAAAAAAAP9tjTEOwjAUQ3+KOrAycohUghExsUZZOEFIQkgb/d8mKe3EibgadyBQiQlLlmxL1nu+oE4RjhQdby12HpP2vA+jK4lPFLtroIm3dOGaMFGwXNpJkrGnpUrKFhaxClYC1hZ1oOTRZdiIVt1VExS65pxj2Q4CKm8GeAAThZxVzN8yR9jeRpMIf5y/AJj7DGxXvP/86jduZBmjwAAAAA==[0m[Pipeline] node
Still waiting to schedule task
Waiting for next available executor on ‘[8mha:////4Izec4YXFzQIHm1nnAvghM4nv3LMc1W+PFTbezs4z2szAAAArB+LCAAAAAAAAP9b85aBtbiIQTGjNKU4P08vOT+vOD8nVc83PyU1x6OyILUoJzMv2y+/JJUBAhiZGBgqihhk0NSjKDWzXb3RdlLBUSYGJk8GtpzUvPSSDB8G5tKinBIGIZ+sxLJE/ZzEvHT94JKizLx0a6BxUmjGOUNodHsLgAyhEgZl/eT83ILSktQi/ZTUsuKSxORsVSOXPKCTgVRaMpAw0gcAtl3nFNgAAAA=[0mdevstack-node-fc-2’
Running on [8mha:////4Izec4YXFzQIHm1nnAvghM4nv3LMc1W+PFTbezs4z2szAAAArB+LCAAAAAAAAP9b85aBtbiIQTGjNKU4P08vOT+vOD8nVc83PyU1x6OyILUoJzMv2y+/JJUBAhiZGBgqihhk0NSjKDWzXb3RdlLBUSYGJk8GtpzUvPSSDB8G5tKinBIGIZ+sxLJE/ZzEvHT94JKizLx0a6BxUmjGOUNodHsLgAyhEgZl/eT83ILSktQi/ZTUsuKSxORsVSOXPKCTgVRaMpAw0gcAtl3nFNgAAAA=[0mdevstack-node-fc-2 in /home/ci_user/jenkins/workspace/OpenstackCI/Openstack_FC_CI
[8mha:////4OsP6mHnK3Mp645RX+9/KZtiufD/rRB75TwmbWImLCrfAAAApR+LCAAAAAAAAP9tjTEOwjAUQ3+KOrAycoh0gA0xsUZZOEFIQkgb/d8mKe3EibgadyBQiQlLlmxL1nu+oE4RjhQdby12HpP2vA+jK4lPFLtroIm3dOGaMFGwXNpJkrGnpUrKFhaxClYC1hZ1oOTRZdiIVt1VExS65pxj2Q4CKm8GeAAThZxVzN8yR9jeRpMIf5y/AJj7DGxXvP/86jfoP95RwAAAAA==[0m[Pipeline] {
[8mha:////4P0HYNRPaPUdLc/ewo2A0CLquNs5oufRvcBcQVWM1L9IAAAAoh+LCAAAAAAAAP9tjTEOAiEURD9rLGwtPQTbaGWsbAmNJ0AWEZb8zwLrbuWJvJp3kLiJlZNMMm+a93rDOic4UbLcG+wdZu14DKOti0+U+lugiXu6ck2YKRguzSSpM+cFJRUDS1gDKwEbgzpQdmgLbIVXD9UGhba9lFS/o4DGdQM8gYlqLiqVL8wJdvexy4Q/z18BzLEA29ce4gdpL1fxvAAAAA==[0m[Pipeline] sh
+ date +%Y-%m-%d %H:%M:%S
[8mha:////4H0gVbqXyU3BpMkXgpZscxyrNFkdhU7owmB8Mt+8EQ+OAAAAph+LCAAAAAAAAP9tjTEOwjAUQ3+KOrAycoh0QSyIiTXKwglCEkLa6P82SWknTsTVuAOBSkxYsmRbst7zBXWKcKToeGux85i0530YXUl8othdA028pQvXhImC5dJOkow9LVVStrCIVbASsLaoAyWPLsNGtOqumqDQNeccy3YQUHkzwAOYKOSsYv6WOcL2NppE+OP8BcDcZ2C74v3nV78BmoXK/sAAAAA=[0m[Pipeline] withEnv
[8mha:////4FUFrAmYYIib7u856OzWm947q39u77H6OdiL3jvAnGOWAAAApR+LCAAAAAAAAP9tjTEOwjAUQ3+KOrAycoh0gwExsUZZOEFIQkgb/d8mKe3EibgadyBQiQlLlmxL1nu+oE4RjhQdby12HpP2vA+jK4lPFLtroIm3dOGaMFGwXNpJkrGnpUrKFhaxClYC1hZ1oOTRZdiIVt1VExS65pxj2Q4CKm8GeAAThZxVzN8yR9jeRpMIf5y/AJj7DGxXvP/86jcChmMxwAAAAA==[0m[Pipeline] {
[8mha:////4ApOjnbZH9Ok+OiF5276RT/Jq7qJNv3cAiEInaTndqn+AAAApR+LCAAAAAAAAP9tjTEOwjAUQ3+KOrAycoh0BAkxsUZZOEFIQkgb/d8mKe3EibgadyBQiQlLlmxL1nu+oE4RjhQdby12HpP2vA+jK4lPFLtroIm3dOGaMFGwXNpJkrGnpUrKFhaxClYC1hZ1oOTRZdiIVt1VExS65pxj2Q4CKm8GeAAThZxVzN8yR9jeRpMIf5y/AJj7DGxXvP/86jfpX/cvwAAAAA==[0m[Pipeline] timestamps
[8mha:////4Fdi2SxdImLaIxj+K37NaLgqH9YhNzcmhz5SSZEuZeYJAAAApR+LCAAAAAAAAP9tjTEOwjAUQ3+KOrAycoh0BSEm1igLJwhJCGmj/9skpZ04EVfjDgQqMWHJkm3Jes8X1CnCkaLjrcXOY9Ke92F0JfGJYncNNPGWLlwTJgqWSztJMva0VEnZwiJWwUrA2qIOlDy6DBvRqrtqgkLXnHMs20FA5c0AD2CikLOK+VvmCNvbaBLhj/MXAHOfge2K959f/QbB16AVwAAAAA==[0m[Pipeline] {
[8mha:////4C+Bnip0+a8zB2daFyhh8S2h2+eZK2EFmiepfUCTNS6tAAAAph+LCAAAAAAAAP9tjTEOwjAQBM9BKWgpeYQDJUJUtJYbXmBiY5xYd8G+kFS8iK/xBwKRqNhqZ6XVPF9Q5gQHSl42DtuAuQ6yi72fmhwotZdIg2zoLGvCTNFJ7QZN1h1n1MQO5ogCFgqWDutIOaBnWKnG3E0VDfrqxGna9gqKYG/wAKEmM5vEXxgTrK+9zYQ/z18BjB2D2DEU283nWL4Bsam+msEAAAA=[0m[Pipeline] timeout
[2026-06-30T09:53:49.994Z] Timeout set to expire in 2 hr 0 min
[8mha:////4Lq1ifz+EwPFnPysq6EhRKXgfMPBnW5Ki0VPJQOhOJLhAAAApR+LCAAAAAAAAP9tjTEOwjAUQ3+DOrAycoiUzoiJNerCCUITQtLo/zZJSSdOxNW4Ay2VmPBg2Zas93pDGQOcKBjuNHYWY2t570czJ54pdDdPmTu68pYwkte80bkhpc9rbShpWFUw2AjYamw9RYsmwU44+ZCVl2iqSwrzdhTArBrgCYWYyUmG9C1TgP19VJHwx/kLgKlPwOrDYvXyLD8BobDcwgAAAA==[0m[Pipeline] {
[8mha:////4D3XLYaJA42D26oMSyiG1+sD44EzZCGBMSfwHCNmitbeAAAAph+LCAAAAAAAAP9tjTEOwjAUQ3+LOrAycohUZUVMrFEWThCaEJJG/7dJSjpxIq7GHWipxIQHy7ZkvdcbqhjgRMEwp7GzGFvLej+aObFMobt5yszRlbWEkbxmQmdBSp/XKihpWFWUsOGw1dh6ihZNgh138iFrL9HUlxTm7cihtGqAJxR8JicZ0rdMAfb3UUXCH+cvAKY+Qdk0ix2WZ/UBbwyqm8IAAAA=[0m[Pipeline] stage
[8mha:////4NzPZX4fG43iqH1pb7mEGd4ubC2pAVuyZi/X6hl3pU2YAAAAph+LCAAAAAAAAP9tjTEOwjAUQ3+LOrAycohUwIiYukZZOEFoQkgb/V9+UtqJE3E17kBLJSY8WLYl673eUESGE7ETjcXWY6y96ELvpiQG4vYaaBANXURNGClYoeygyNhqqYqShUVZDisJa4t1oOjRJdjIRj90GTS68px42o4Scm/u8IRMTuSkOX3LyLC99SYS/jh/ATB2CfLdfrbD/Cw+y7kUycIAAAA=[0m[Pipeline] { (Prepare Node)
[8mha:////4CokC+W/hOwbw/C8j8zJ6I5bBpzmD6+WbJwobsFlLKykAAAApB+LCAAAAAAAAP9tjTEOwjAQBC9BFLSUPOIiBB2iSmu54QUmNsaJdWdsh6TiRXyNPxCIRMUWq51t5vmCZYpw5GixNdQ5So3D4Hs7LRw4dhfPA7Z8xoYpsTcozSBZm3pGydnAnKKEhYCVocZzcmQzrEWr7qryimx1ynH6DgJKp2/wgEJM5qxi/sIYYXPtdWL6ef4KYAwZyu3uU/vwBgq0rvS+AAAA[0m[Pipeline] cleanWs
[2026-06-30T09:53:50.136Z] [WS-CLEANUP] Deleting project workspace...
[2026-06-30T09:53:50.136Z] [WS-CLEANUP] Deferred wipeout is used...
[2026-06-30T09:53:50.149Z] [WS-CLEANUP] done
[8mha:////4EjLHQi5fYktsLimypBR7Wo2IWlb3lB3yVirx9u9Y8fdAAAApB+LCAAAAAAAAP9tjTEOwjAQBC9BFLSUPOIihKgQVVrLDS8wsTFOrDtjOyQVL+Jr/IFAJCq2WO1sM88XLFOEI0eLraHOUWocBt/baeHAsbt4HrDlMzZMib1BaQbJ2tQzSs4G5hQlLASsDDWekyObYS1adVeVV2SrU47TdxBQOn2DBxRiMmcV8xfGCJtrrxPTz/NXAGPIUG53n9qHN0uFte2+AAAA[0m[Pipeline] sh
[2026-06-30T09:53:50.462Z] + set -eux
[2026-06-30T09:53:50.462Z] + id -u stack
[2026-06-30T09:53:50.462Z] + echo stack ALL=(ALL) NOPASSWD:ALL
[2026-06-30T09:53:50.462Z] + sudo tee /etc/sudoers.d/stack
[2026-06-30T09:53:50.724Z] stack ALL=(ALL) NOPASSWD:ALL
[2026-06-30T09:53:50.724Z] + sudo rm -rf /etc/environment
[2026-06-30T09:53:50.724Z] + sudo rm -rf /etc/resolv.conf
[2026-06-30T09:53:50.724Z] + sudo rm -rf /etc/needrestart/needrestart.conf
[2026-06-30T09:53:50.724Z] + sudo wget --no-proxy -O /etc/needrestart/needrestart.conf http://10.132.239.244/fc/needrestart.conf
[2026-06-30T09:53:50.989Z] --2026-06-30 09:53:59--  http://10.132.239.244/fc/needrestart.conf
[2026-06-30T09:53:50.990Z] Connecting to 10.132.239.244:80... connected.
[2026-06-30T09:53:50.990Z] HTTP request sent, awaiting response... 200 OK
[2026-06-30T09:53:50.990Z] Length: 6011 (5.9K)
[2026-06-30T09:53:50.990Z] Saving to: ‘/etc/needrestart/needrestart.conf’
[2026-06-30T09:53:50.990Z] 
[2026-06-30T09:53:50.990Z]      0K .....                                                 100%  130M=0s
[2026-06-30T09:53:50.990Z] 
[2026-06-30T09:53:50.990Z] 2026-06-30 09:53:59 (130 MB/s) - ‘/etc/needrestart/needrestart.conf’ saved [6011/6011]
[2026-06-30T09:53:50.990Z] 
[2026-06-30T09:53:50.990Z] + sudo wget --no-proxy -O /etc/apt/apt.conf http://10.132.239.244/fc/apt.conf
[2026-06-30T09:53:50.990Z] --2026-06-30 09:53:59--  http://10.132.239.244/fc/apt.conf
[2026-06-30T09:53:50.990Z] Connecting to 10.132.239.244:80... connected.
[2026-06-30T09:53:50.990Z] HTTP request sent, awaiting response... 200 OK
[2026-06-30T09:53:50.990Z] Length: 233
[2026-06-30T09:53:50.990Z] Saving to: ‘/etc/apt/apt.conf’
[2026-06-30T09:53:50.990Z] 
[2026-06-30T09:53:50.990Z]      0K                                                       100% 11.4M=0s
[2026-06-30T09:53:50.990Z] 
[2026-06-30T09:53:50.990Z] 2026-06-30 09:53:59 (11.4 MB/s) - ‘/etc/apt/apt.conf’ saved [233/233]
[2026-06-30T09:53:50.990Z] 
[2026-06-30T09:53:50.990Z] + sudo wget --no-proxy -O /etc/resolv.conf http://10.132.239.244/fc/resolv.conf
[2026-06-30T09:53:50.990Z] --2026-06-30 09:53:59--  http://10.132.239.244/fc/resolv.conf
[2026-06-30T09:53:50.990Z] Connecting to 10.132.239.244:80... connected.
[2026-06-30T09:53:50.990Z] HTTP request sent, awaiting response... 200 OK
[2026-06-30T09:53:50.990Z] Length: 923
[2026-06-30T09:53:50.990Z] Saving to: ‘/etc/resolv.conf’
[2026-06-30T09:53:50.990Z] 
[2026-06-30T09:53:50.990Z]      0K                                                       100% 45.6M=0s
[2026-06-30T09:53:50.990Z] 
[2026-06-30T09:53:50.990Z] 2026-06-30 09:53:59 (45.6 MB/s) - ‘/etc/resolv.conf’ saved [923/923]
[2026-06-30T09:53:50.990Z] 
[2026-06-30T09:53:50.990Z] + sudo wget --no-proxy -O /etc/environment http://10.132.239.244/fc/environment
[2026-06-30T09:53:50.990Z] --2026-06-30 09:53:59--  http://10.132.239.244/fc/environment
[2026-06-30T09:53:50.990Z] Connecting to 10.132.239.244:80... connected.
[2026-06-30T09:53:50.990Z] HTTP request sent, awaiting response... 200 OK
[2026-06-30T09:53:50.990Z] Length: 724
[2026-06-30T09:53:50.990Z] Saving to: ‘/etc/environment’
[2026-06-30T09:53:50.990Z] 
[2026-06-30T09:53:50.990Z]      0K                                                       100% 37.2M=0s
[2026-06-30T09:53:50.990Z] 
[2026-06-30T09:53:50.990Z] 2026-06-30 09:53:59 (37.2 MB/s) - ‘/etc/environment’ saved [724/724]
[2026-06-30T09:53:50.990Z] 
[2026-06-30T09:53:50.990Z] + sudo wget --no-proxy -O /etc/sudoers.d/ubuntu http://10.132.239.244/fc/ubuntu
[2026-06-30T09:53:50.990Z] --2026-06-30 09:53:59--  http://10.132.239.244/fc/ubuntu
[2026-06-30T09:53:50.990Z] Connecting to 10.132.239.244:80... connected.
[2026-06-30T09:53:50.990Z] HTTP request sent, awaiting response... 200 OK
[2026-06-30T09:53:50.990Z] Length: 32
[2026-06-30T09:53:50.990Z] Saving to: ‘/etc/sudoers.d/ubuntu’
[2026-06-30T09:53:50.990Z] 
[2026-06-30T09:53:50.990Z]      0K                                                       100% 1.75M=0s
[2026-06-30T09:53:50.990Z] 
[2026-06-30T09:53:50.990Z] 2026-06-30 09:53:59 (1.75 MB/s) - ‘/etc/sudoers.d/ubuntu’ saved [32/32]
[2026-06-30T09:53:50.990Z] 
[2026-06-30T09:53:50.990Z] + sudo wget --no-proxy -O /etc/sudoers.d/stack http://10.132.239.244/fc/stack
[2026-06-30T09:53:50.990Z] --2026-06-30 09:53:59--  http://10.132.239.244/fc/stack
[2026-06-30T09:53:50.990Z] Connecting to 10.132.239.244:80... connected.
[2026-06-30T09:53:50.990Z] HTTP request sent, awaiting response... 200 OK
[2026-06-30T09:53:50.990Z] Length: 30
[2026-06-30T09:53:50.990Z] Saving to: ‘/etc/sudoers.d/stack’
[2026-06-30T09:53:50.990Z] 
[2026-06-30T09:53:50.990Z]      0K                                                       100% 1.43M=0s
[2026-06-30T09:53:50.990Z] 
[2026-06-30T09:53:50.990Z] 2026-06-30 09:53:59 (1.43 MB/s) - ‘/etc/sudoers.d/stack’ saved [30/30]
[2026-06-30T09:53:50.990Z] 
[2026-06-30T09:53:50.990Z] + . /etc/environment
[2026-06-30T09:53:50.990Z] + PATH=/usr/local/sbin:/usr/local/bin:/usr/sbin:/usr/bin:/sbin:/bin:/usr/games:/usr/local/games:/snap/bin
[2026-06-30T09:53:50.990Z] + export http_proxy=http://proxy-in.its.hpecorp.net:80
[2026-06-30T09:53:50.990Z] + export https_proxy=http://proxy-in.its.hpecorp.net:443
[2026-06-30T09:53:50.990Z] + export no_proxy=10.201.5.87,10.201.4.29,10.201.3.85,10.201.3.86,localhost,127.0.0.1,10.201.4.31,10.201.4.32,10.201.4.33,10.201.4.34,10.201.1.221,172.28.65.17,172.28.65.18,172.28.65.207,172.28.65.208
[2026-06-30T09:53:50.990Z] + export HTTP_PROXY=http://proxy-in.its.hpecorp.net:80
[2026-06-30T09:53:50.990Z] + export HTTPS_PROXY=http://proxy-in.its.hpecorp.net:443
[2026-06-30T09:53:50.990Z] + export NO_PROXY=10.201.5.87,10.201.4.29,10.201.3.85,10.201.3.86,localhost,127.0.0.1,10.201.4.31,10.201.4.32,10.201.4.33,10.201.4.34,10.201.1.221,172.28.65.17,172.28.65.18,172.28.65.207,172.28.65.208
[2026-06-30T09:53:50.990Z] + sudo mkdir -p /opt/stack
[2026-06-30T09:53:51.253Z] + sudo chown stack:stack /opt/stack
[2026-06-30T09:53:51.253Z] + sudo mkdir -p /opt/stack/logs
[2026-06-30T09:53:51.253Z] + sudo chown stack:stack /opt/stack/logs
[2026-06-30T09:53:51.253Z] + sudo pip uninstall hpe-storage-flowkit-py -y --break-system-packages
[2026-06-30T09:53:54.567Z] Found existing installation: hpe_storage_flowkit_py 0.9.3
[2026-06-30T09:53:54.832Z] Uninstalling hpe_storage_flowkit_py-0.9.3:
[2026-06-30T09:53:54.832Z]   Successfully uninstalled hpe_storage_flowkit_py-0.9.3
[2026-06-30T09:53:54.832Z] WARNING: Running pip as the 'root' user can result in broken permissions and conflicting behaviour with the system package manager. It is recommended to use a virtual environment instead: https://pip.pypa.io/warnings/venv
[2026-06-30T09:53:54.832Z] + echo Installing latest hpe-storage-flowkit-py...
[2026-06-30T09:53:54.832Z] Installing latest hpe-storage-flowkit-py...
[2026-06-30T09:53:54.832Z] + sudo pip install hpe-storage-flowkit-py --break-system-packages
[2026-06-30T09:53:56.763Z] Collecting hpe-storage-flowkit-py
[2026-06-30T09:53:56.763Z]   Using cached hpe_storage_flowkit_py-0.9.3-py2.py3-none-any.whl.metadata (5.7 kB)
[2026-06-30T09:53:56.763Z] Using cached hpe_storage_flowkit_py-0.9.3-py2.py3-none-any.whl (251 kB)
[2026-06-30T09:53:58.155Z] Installing collected packages: hpe-storage-flowkit-py
[2026-06-30T09:53:58.417Z] Successfully installed hpe-storage-flowkit-py-0.9.3
[2026-06-30T09:53:58.417Z] WARNING: Running pip as the 'root' user can result in broken permissions and conflicting behaviour with the system package manager. It is recommended to use a virtual environment instead: https://pip.pypa.io/warnings/venv
[8mha:////4FYmKRDWe3ulM7MrNtYZo8UdqkKUf8Of53PdbPEFzEFSAAAApR+LCAAAAAAAAP9tjTEOwjAQBC9BFLSUPOIihESDqNJabniBiY1xYt0Z2yGpeBFf4w8EIlGxxWpnm3m+YJkiHDlabA11jlLjMPjeTgsHjt3F84Atn7FhSuwNSjNI1qaeUXI2MKcoYSFgZajxnBzZDGvRqruqvCJbnXKcvoOA0ukbPKAQkzmrmL8wRthce52Yfp6/AhhDyFBu95/avQEeFbpZvgAAAA==[0m[Pipeline] }
[8mha:////4H9R+Ej9x0eIKTcSlBmM3GiviIE9lj/exa/dWZ8Zfm9KAAAApB+LCAAAAAAAAP9tjTEOwjAQBC9BFLSUPOIiaCgQVVrLDS8wsTFOrDtjOyQVL+Jr/IFAJCq2WO1sM88XLFOEI0eLraHOUWocBt/baeHAsbt4HrDlMzZMib1BaQbJ2tQzSs4G5hQlLASsDDWekyObYS1adVeVV2SrU47TdxBQOn2DBxRiMmcV8xfGCJtrrxPTz/NXAGMIGcrt/lO7Ny324eW+AAAA[0m[Pipeline] // stage
[8mha:////4Dq4KDGr9yCJMFVFG2atTHTWuVH69iMs75RM4gFSCry/AAAApx+LCAAAAAAAAP9tjTEOwjAUQ3+LOrAycohU3ZAQE2uUhROEJoSk0f9tkpJOnIircQdaKjHhwbItWe/1hioGOFEwzGnsLMbWst6PZk4sU+hunjJzdGUtYSSvmdBZkNLntQpKGlYVJWw4bDW2nqJFk2DHnXzI2ks09SWFeTtyKK0a4AkFn8lJhvQtU4D9fVSR8Mf5C4CpT1A2zWKH5Vl9AAkvMTrCAAAA[0m[Pipeline] stage
[8mha:////4Mu808AL0K1+K3bgIUfo8vha5FBXSUEt0UmcWEu6pdjmAAAApx+LCAAAAAAAAP9tjTEOwjAUQ3+LOrAycohUbCDE1DXKwglCE0La6P/yk9JOnIircQdaKjHhwbItWe/1hiIynIidaCy2HmPtRRd6NyUxELfXQINo6CJqwkjBCmUHRcZWS1WULCzKclhJWFusA0WPLsFGNvqhy6DRlefE03aUkHtzhydkciInzelbRobtrTeR8Mf5C4CxS5Dv9rMd5mfxASnCIIrCAAAA[0m[Pipeline] { (Checkout Repositories)
[8mha:////4PPVTcdn87fJuf9PLEKqsdgVuEbFeQiRfFFO2/fHXltnAAAApB+LCAAAAAAAAP9tjTEOwjAQBC9BFLSUPOICdAilorXc8AKTGOPEugu2g1PxIr7GH7CIRMUWq51t5vWGZfBQszfYaeothcbi4EaTFyb2/dVxwo4v2DAFdhqlTpJbfZpRctQwpyhhIWClqXEcLJkIa9Gph6qcIlOdo8/fUUBp2zs8oRDZHJWPX5g8bG5jG5h+nr8CmIYI5e6Qa78dPhmQ9Da+AAAA[0m[Pipeline] sh
[2026-06-30T09:53:59.114Z] + set -eux
[2026-06-30T09:53:59.114Z] + cd /opt/stack
[2026-06-30T09:53:59.114Z] + sudo -u stack git clone https://github.com/openstack/devstack
[2026-06-30T09:53:59.114Z] Cloning into 'devstack'...
[2026-06-30T09:54:05.773Z] + sudo -u stack chmod 777 /opt/stack/devstack/tools/outfilter.py
[2026-06-30T09:54:05.773Z] + cd devstack
[8mha:////4NvDP4VgyOeYkYkxcrVKjWQ3ktNQtySuBq8ZzfEz9CtlAAAApB+LCAAAAAAAAP9tjTEOwjAQBC9BFLSUPOKi0CFEldZKwwtMbIwT687YDknFi/gaf8AiEhVbrHa2mdcb1jHAiYPBXtNgKXYWvRtNXjhxGK6OJ+z5gh1TZKex1VPLSjcLtpw0LClKWAnYaOocR0smwVb08iErJ8lU5xTydxRQWnWHJxQim5MM6QtzgN1tVJHp5/krgNn7BOW+zlUfPiXWgpW+AAAA[0m[Pipeline] }
[8mha:////4ARoP5gQM+8iOh80iUgdFygrbRalmTBCq72HmzQPFCtWAAAApR+LCAAAAAAAAP9tjTEOwjAQBC9BFLSUPMIRqZAQVVorDS8w8WGcWHfGdkgqXsTX+AMWkajYYrWzzbzesI4BThyM6JEGS7GzwrvR5CUmDsPV8SR6voiOKbJD0eLUssZmwZYTwpKihJWEDVLnOFoyCbayVw9VOUWmOqeQv6OE0uo7PKGQ2ZxUSF+YA+xuo45MP89fAczeJyjrOtf+8AEdlBFkvgAAAA==[0m[Pipeline] // stage
[8mha:////4LLsDX0bjK86FAy1MYt0oi2oGoIR8H4rK8XlFJdYSgseAAAApx+LCAAAAAAAAP9tjTEOwjAUQ3+LOrAycohUhRExdY26cILQhJA0+r8kKenEibgadyBQiQkPlm3Jes8XVMHDkbxmVuFgMPSGjW7SObFEfrg4SszSmfWEgZxinUodSdUutaOoYFFRworDWmHvKBjUETbciruonUBdn6LP24FDaeQNHlDwTI7Cx2+ZPWyvkwyEP85fAMxjhLJpsu32n2f1BlfFHmHCAAAA[0m[Pipeline] stage
[8mha:////4Ck9Fdxgo2ASHUll7CNs5PDBRspAeaAhh1uf/Yi/PepMAAAApx+LCAAAAAAAAP9tjTEOwjAUQ3+LOrAycohUAjbE1DXKwglCE0La6P/yk9JOnIircQdaKjHhwbItWe/1hiIynIidaCy2HmPtRRd6NyUxELfXQINo6CJqwkjBCmUHRcZWS1WULCzKclhJWFusA0WPLsFGNvqhy6DRlefE03aUkHtzhydkciInzelbRobtrTeR8Mf5C4CxS5Dv9rMd5mfxAd6e6VPCAAAA[0m[Pipeline] { (Prepare local.conf)
[8mha:////4Gysgom4TL0rB+b/ryB/aGoL/hFNM+0Vw6TvOMxv3nYUAAAApB+LCAAAAAAAAP9tjTEOwjAQBC9BFLSUPOIiIagQVVrLDS8wsTFOrDtjOyQVL+Jr/IFAJCq2WO1sM88XLFOEI0eLraHOUWocBt/baeHAsbt4HrDlMzZMib1BaQbJ2tQzSs4G5hQlLASsDDWekyObYS1adVeVV2SrU47TdxBQOn2DBxRiMmcV8xfGCJtrrxPTz/NXAGPIUG53n9qHN38C26S+AAAA[0m[Pipeline] sh
[2026-06-30T09:54:06.229Z] + set -eux
[2026-06-30T09:54:06.229Z] + hostname -I
[2026-06-30T09:54:06.230Z] + awk {print $1}
[2026-06-30T09:54:06.230Z] + HOST_IP=10.132.239.110
[2026-06-30T09:54:06.230Z] + sudo -u stack wget --no-proxy http://10.132.239.244/fc/local.conf -P /opt/stack/devstack/
[2026-06-30T09:54:06.230Z] --2026-06-30 09:54:14--  http://10.132.239.244/fc/local.conf
[2026-06-30T09:54:06.230Z] Connecting to 10.132.239.244:80... connected.
[2026-06-30T09:54:06.230Z] HTTP request sent, awaiting response... 200 OK
[2026-06-30T09:54:06.230Z] Length: 2727 (2.7K)
[2026-06-30T09:54:06.230Z] Saving to: ‘/opt/stack/devstack/local.conf’
[2026-06-30T09:54:06.230Z] 
[2026-06-30T09:54:06.230Z]      0K ..                                                    100% 82.9M=0s
[2026-06-30T09:54:06.230Z] 
[2026-06-30T09:54:06.230Z] 2026-06-30 09:54:14 (82.9 MB/s) - ‘/opt/stack/devstack/local.conf’ saved [2727/2727]
[2026-06-30T09:54:06.230Z] 
[2026-06-30T09:54:06.230Z] + sudo -u stack sed -i s/192.168.1.2/10.132.239.110/g /opt/stack/devstack/local.conf
[2026-06-30T09:54:06.492Z] + sudo -u stack sed -i s/10.201.5.127/10.132.239.110/g /opt/stack/devstack/local.conf
[2026-06-30T09:54:06.492Z] + sudo -u stack sed -i s|SCREEN_LOGDIR=.*|SCREEN_LOGDIR=/opt/stack/logs|g /opt/stack/devstack/local.conf
[2026-06-30T09:54:06.492Z] + sudo -u stack sed -i s|LOGFILE=.*|LOGFILE=/opt/stack/logs/stack.sh.log|g /opt/stack/devstack/local.conf
[2026-06-30T09:54:06.492Z] + sudo -u stack sed -i s|IRONIC_VM_LOG_DIR=.*|IRONIC_VM_LOG_DIR=/opt/stack/logs/ironic-bm-logs|g /opt/stack/devstack/local.conf
[8mha:////4IYQN6ykeD8SWY7wbZnPnXiE2rBZTZ0L4hZTKntlZ9X2AAAApR+LCAAAAAAAAP9tjTEOwjAQBC9BFLSUPOIiIUSDqNJabniBiY1xYt0Z2yGpeBFf4w8EIlGxxWpnm3m+YJkiHDlabA11jlLjMPjeTgsHjt3F84Atn7FhSuwNSjNI1qaeUXI2MKcoYSFgZajxnBzZDGvRqruqvCJbnXKcvoOA0ukbPKAQkzmrmL8wRthce52Yfp6/AhhDyFBu95/avQHjyRvdvgAAAA==[0m[Pipeline] }
[8mha:////4Pstl3HOEVxqIVomNIbcDSGaFQQHm8OEiX3cdCwkeoIhAAAApR+LCAAAAAAAAP9tjTEOwjAQBC9BFLSUPOIiQUGBqNJabniBiY1xYt0Z2yGpeBFf4w8EIlGxxWpnm3m+YJkiHDlabA11jlLjMPjeTgsHjt3F84Atn7FhSuwNSjNI1qaeUXI2MKcoYSFgZajxnBzZDGvRqruqvCJbnXKcvoOA0ukbPKAQkzmrmL8wRthce52Yfp6/AhhDyFBu95/avQHljyOIvgAAAA==[0m[Pipeline] // stage
[8mha:////4BHTUJ1cfH4q1VkbsJsLVZoDnri22iaWaYHu5SZDoqNzAAAAqB+LCAAAAAAAAP9tjTEOwjAUQ3+LOrAycohUZUJCTF2jLpwgNCEkjf4vSUo6cSKuxh0IVGLCg2Vbst7zBVXwcCSvmVU4GAy9YaObdE4skR8ujhKzdGY9YSCnWKdSR1K1S+0oKlhUlLDisFbYOwoGdYQNt+IuaidQ16fo83bgUBp5gwcUPJOj8PFbZg/b6yQD4Y/zFwDzGKFsmmy7/edZvQGUNdkLwgAAAA==[0m[Pipeline] stage
[8mha:////4Dl7oNWto1B+h/ElJ+yBCcw0lnv3oyONVMJ0T1qdtgRkAAAApx+LCAAAAAAAAP9tjTEOwjAUQ3+LOrAycohUYgIhpq5RFk4QmhDSRv+Xn5R24kRcjTvQUokJD5ZtyXqvNxSR4UTsRGOx9RhrL7rQuymJgbi9BhpEQxdRE0YKVig7KDK2WqqiZGFRlsNKwtpiHSh6dAk2stEPXQaNrjwnnrajhNybOzwhkxM5aU7fMjJsb72JhD/OXwCMXYJ8t5/tMD+LD0QKVszCAAAA[0m[Pipeline] { (Deploy DevStack)
[8mha:////4EmAymVU31cHnAJaIsyYB/Qy/aVbYB3eqAuz4eVUADgFAAAApR+LCAAAAAAAAP9tjTEOwjAQBC9BFLSUPOKCoEIoFa3lhheYxBgn1l2wHZyKF/E1/oBFJCq2WO1sM683LIOHmr3BTlNvKTQWBzeavDCx76+OE3Z8wYYpsNModZLc6tOMkqOGOUUJCwErTY3jYMlEWItOPVTlFJnqHH3+jgJK297hCYXI5qh8/MLkYXMb28D08/wVwDREKHeHXPvt8AHN/bm5vgAAAA==[0m[Pipeline] sh
[2026-06-30T09:54:06.947Z] + set -ex
[2026-06-30T09:54:06.947Z] + hostname -I
[2026-06-30T09:54:06.947Z] + awk {print $1}
[2026-06-30T09:54:06.947Z] + HOST_IP=10.132.239.110
[2026-06-30T09:54:06.947Z] + export no_proxy=10.201.5.87,10.201.4.29,10.201.3.85,10.201.3.86,localhost,127.0.0.1,10.201.4.31,10.201.4.32,10.201.4.33,10.201.4.34,10.201.1.221,172.28.65.17,172.28.65.18,172.28.65.207,172.28.65.208,localhost,127.0.0.1,10.132.239.110
[2026-06-30T09:54:06.947Z] + export TERM=xterm-256color
[2026-06-30T09:54:06.947Z] + sudo -u stack bash -c export TERM=xterm-256color; cd /opt/stack/devstack && ./stack.sh
[2026-06-30T09:54:06.947Z] + unset GREP_OPTIONS
[2026-06-30T09:54:06.947Z] + unset LANG
[2026-06-30T09:54:06.947Z] + unset LANGUAGE
[2026-06-30T09:54:06.947Z] + LC_ALL=en_US.utf8
[2026-06-30T09:54:06.947Z] + export LC_ALL
[2026-06-30T09:54:06.947Z] ++ env
[2026-06-30T09:54:06.947Z] ++ grep -E '^OS_'
[2026-06-30T09:54:06.947Z] ++ cut -d = -f 1
[2026-06-30T09:54:06.947Z] + unset
[2026-06-30T09:54:06.947Z] + umask 022
[2026-06-30T09:54:06.947Z] + PATH=/usr/local/sbin:/usr/local/bin:/usr/sbin:/usr/bin:/sbin:/bin:/snap/bin:/usr/local/bin:/usr/local/sbin:/usr/sbin:/sbin
[2026-06-30T09:54:06.947Z] +++ dirname ./stack.sh
[2026-06-30T09:54:06.947Z] ++ cd .
[2026-06-30T09:54:06.947Z] ++ pwd
[2026-06-30T09:54:06.947Z] + TOP_DIR=/opt/stack/devstack
[2026-06-30T09:54:06.947Z] + NOUNSET=
[2026-06-30T09:54:06.947Z] + [[ -n '' ]]
[2026-06-30T09:54:06.947Z] ++ date +%s
[2026-06-30T09:54:06.947Z] + DEVSTACK_START_TIME=1782813255
[2026-06-30T09:54:06.947Z] + [[ -r /opt/stack/devstack/.stackenv ]]
[2026-06-30T09:54:06.947Z] + FILES=/opt/stack/devstack/files
[2026-06-30T09:54:06.947Z] + '[' '!' -d /opt/stack/devstack/files ']'
[2026-06-30T09:54:06.947Z] + '[' '!' -d /opt/stack/devstack/inc ']'
[2026-06-30T09:54:06.947Z] + '[' '!' -d /opt/stack/devstack/lib ']'
[2026-06-30T09:54:06.947Z] + [[ '' == \y ]]
[2026-06-30T09:54:06.947Z] + [[ 1001 -eq 0 ]]
[2026-06-30T09:54:06.947Z] + [[ -n '' ]]
[2026-06-30T09:54:06.947Z] + [[ -e /opt/stack/.no-devstack ]]
[2026-06-30T09:54:06.947Z] + LAST_SPINNER_PID=
[2026-06-30T09:54:06.947Z] + source /opt/stack/devstack/functions
[2026-06-30T09:54:06.947Z] ++ [[ -z '' ]]
[2026-06-30T09:54:06.947Z] ++ declare -r -g _DEVSTACK_FUNCTIONS=1
[2026-06-30T09:54:06.947Z] ++++ dirname /opt/stack/devstack/functions
[2026-06-30T09:54:06.947Z] +++ cd /opt/stack/devstack
[2026-06-30T09:54:06.947Z] +++ pwd
[2026-06-30T09:54:06.947Z] ++ FUNC_DIR=/opt/stack/devstack
[2026-06-30T09:54:06.947Z] ++ source /opt/stack/devstack/functions-common
[2026-06-30T09:54:06.947Z] ++++ set +o
[2026-06-30T09:54:06.947Z] ++++ grep xtrace
[2026-06-30T09:54:06.947Z] +++ _XTRACE_FUNCTIONS_COMMON='set -o xtrace'
[2026-06-30T09:54:06.947Z] +++ set +o xtrace
[2026-06-30T09:54:06.947Z] ++ source /opt/stack/devstack/inc/ini-config
[2026-06-30T09:54:06.947Z] ++++ set +o
[2026-06-30T09:54:06.947Z] ++++ grep xtrace
[2026-06-30T09:54:06.947Z] +++ INC_CONF_TRACE='set -o xtrace'
[2026-06-30T09:54:06.947Z] +++ set +o xtrace
[2026-06-30T09:54:06.947Z] ++ source /opt/stack/devstack/inc/meta-config
[2026-06-30T09:54:06.947Z] ++++ set +o
[2026-06-30T09:54:06.947Z] ++++ grep xtrace
[2026-06-30T09:54:06.947Z] +++ _XTRACE_INC_META='set -o xtrace'
[2026-06-30T09:54:06.947Z] +++ set +o xtrace
[2026-06-30T09:54:06.947Z] ++ source /opt/stack/devstack/inc/python
[2026-06-30T09:54:06.947Z] ++++ set +o
[2026-06-30T09:54:06.947Z] ++++ grep xtrace
[2026-06-30T09:54:06.947Z] +++ INC_PY_TRACE='set -o xtrace'
[2026-06-30T09:54:06.947Z] +++ set +o xtrace
[2026-06-30T09:54:06.947Z] ++ source /opt/stack/devstack/inc/rootwrap
[2026-06-30T09:54:06.947Z] ++++ set +o
[2026-06-30T09:54:06.947Z] ++++ grep xtrace
[2026-06-30T09:54:06.947Z] +++ INC_ROOT_TRACE='set -o xtrace'
[2026-06-30T09:54:06.947Z] +++ set +o xtrace
[2026-06-30T09:54:06.947Z] ++ source /opt/stack/devstack/inc/async
[2026-06-30T09:54:06.947Z] ++++ trueorfalse True DEVSTACK_PARALLEL
[2026-06-30T09:54:06.947Z] ++++ local xtrace
[2026-06-30T09:54:06.947Z] +++++ set +o
[2026-06-30T09:54:06.947Z] +++++ grep xtrace
[2026-06-30T09:54:06.947Z] ++++ xtrace='set -o xtrace'
[2026-06-30T09:54:06.947Z] ++++ set +o xtrace
[2026-06-30T09:54:06.947Z] +++ DEVSTACK_PARALLEL=True
[2026-06-30T09:54:06.947Z] +++ _ASYNC_BG_TIME=0
[2026-06-30T09:54:06.947Z] +++ set +o
[2026-06-30T09:54:06.947Z] +++ grep xtrace
[2026-06-30T09:54:06.947Z] ++ _XTRACE_FUNCTIONS='set -o xtrace'
[2026-06-30T09:54:06.947Z] ++ set +o xtrace
[2026-06-30T09:54:07.211Z] + source /opt/stack/devstack/lib/stack
[2026-06-30T09:54:07.211Z] + GetDistro
[2026-06-30T09:54:07.211Z] + GetOSVersion
[2026-06-30T09:54:07.211Z] + source /etc/os-release
[2026-06-30T09:54:07.211Z] ++ PRETTY_NAME='Ubuntu 24.04.2 LTS'
[2026-06-30T09:54:07.211Z] ++ NAME=Ubuntu
[2026-06-30T09:54:07.211Z] ++ VERSION_ID=24.04
[2026-06-30T09:54:07.211Z] ++ VERSION='24.04.2 LTS (Noble Numbat)'
[2026-06-30T09:54:07.211Z] ++ VERSION_CODENAME=noble
[2026-06-30T09:54:07.211Z] ++ ID=ubuntu
[2026-06-30T09:54:07.211Z] ++ ID_LIKE=debian
[2026-06-30T09:54:07.211Z] ++ HOME_URL=https://www.ubuntu.com/
[2026-06-30T09:54:07.211Z] ++ SUPPORT_URL=https://help.ubuntu.com/
[2026-06-30T09:54:07.211Z] ++ BUG_REPORT_URL=https://bugs.launchpad.net/ubuntu/
[2026-06-30T09:54:07.211Z] ++ PRIVACY_POLICY_URL=https://www.ubuntu.com/legal/terms-and-policies/privacy-policy
[2026-06-30T09:54:07.211Z] ++ UBUNTU_CODENAME=noble
[2026-06-30T09:54:07.211Z] ++ LOGO=ubuntu-logo
[2026-06-30T09:54:07.211Z] + [[ ubuntu =~ (almalinux|centos|rocky|rhel) ]]
[2026-06-30T09:54:07.211Z] + _ensure_lsb_release
[2026-06-30T09:54:07.211Z] ++ command -v lsb_release
[2026-06-30T09:54:07.211Z] + [[ -x /usr/bin/lsb_release ]]
[2026-06-30T09:54:07.211Z] + return
[2026-06-30T09:54:07.211Z] ++ lsb_release -r -s
[2026-06-30T09:54:07.211Z] + os_RELEASE=24.04
[2026-06-30T09:54:07.211Z] ++ lsb_release -c -s
[2026-06-30T09:54:07.211Z] + os_CODENAME=noble
[2026-06-30T09:54:07.211Z] ++ lsb_release -i -s
[2026-06-30T09:54:07.211Z] + os_VENDOR=Ubuntu
[2026-06-30T09:54:07.211Z] + [[ Ubuntu =~ (Debian|Ubuntu) ]]
[2026-06-30T09:54:07.211Z] + os_PACKAGE=deb
[2026-06-30T09:54:07.211Z] + typeset -xr os_VENDOR
[2026-06-30T09:54:07.211Z] + typeset -xr os_RELEASE
[2026-06-30T09:54:07.211Z] + typeset -xr os_PACKAGE
[2026-06-30T09:54:07.211Z] + typeset -xr os_CODENAME
[2026-06-30T09:54:07.211Z] + [[ Ubuntu =~ (Ubuntu) ]]
[2026-06-30T09:54:07.211Z] + DISTRO=noble
[2026-06-30T09:54:07.211Z] + typeset -xr DISTRO
[2026-06-30T09:54:07.211Z] + rm -f /opt/stack/devstack/.localrc.auto
[2026-06-30T09:54:07.211Z] + extract_localrc_section /opt/stack/devstack/local.conf /opt/stack/devstack/localrc /opt/stack/devstack/.localrc.auto
[2026-06-30T09:54:07.211Z] + local configfile=/opt/stack/devstack/local.conf
[2026-06-30T09:54:07.211Z] + local localrcfile=/opt/stack/devstack/localrc
[2026-06-30T09:54:07.211Z] + local localautofile=/opt/stack/devstack/.localrc.auto
[2026-06-30T09:54:07.211Z] + [[ -r /opt/stack/devstack/local.conf ]]
[2026-06-30T09:54:07.211Z] ++ get_meta_section_files /opt/stack/devstack/local.conf local
[2026-06-30T09:54:07.211Z] ++ local file=/opt/stack/devstack/local.conf
[2026-06-30T09:54:07.211Z] ++ local matchgroup=local
[2026-06-30T09:54:07.211Z] ++ [[ -r /opt/stack/devstack/local.conf ]]
[2026-06-30T09:54:07.211Z] ++ awk -v matchgroup=local '
[2026-06-30T09:54:07.211Z]         /^\[\[.+\|.*\]\]/ {
[2026-06-30T09:54:07.211Z]             gsub("[][]", "", $1);
[2026-06-30T09:54:07.211Z]             split($1, a, "|");
[2026-06-30T09:54:07.211Z]             if (a[1] == matchgroup)
[2026-06-30T09:54:07.211Z]                 print a[2]
[2026-06-30T09:54:07.211Z]         }
[2026-06-30T09:54:07.211Z]     ' /opt/stack/devstack/local.conf
[2026-06-30T09:54:07.211Z] + LRC=localrc
[2026-06-30T09:54:07.211Z] + for lfile in $LRC
[2026-06-30T09:54:07.211Z] + [[ localrc == \l\o\c\a\l\r\c ]]
[2026-06-30T09:54:07.211Z] + [[ -r /opt/stack/devstack/localrc ]]
[2026-06-30T09:54:07.211Z] + echo '# Generated file, do not edit'
[2026-06-30T09:54:07.211Z] + get_meta_section /opt/stack/devstack/local.conf local localrc
[2026-06-30T09:54:07.211Z] + local file=/opt/stack/devstack/local.conf
[2026-06-30T09:54:07.211Z] + local matchgroup=local
[2026-06-30T09:54:07.211Z] + local configfile=localrc
[2026-06-30T09:54:07.211Z] + [[ -r /opt/stack/devstack/local.conf ]]
[2026-06-30T09:54:07.211Z] + [[ -z localrc ]]
[2026-06-30T09:54:07.211Z] + awk -v matchgroup=local -v configfile=localrc '
[2026-06-30T09:54:07.211Z]         BEGIN { group = "" }
[2026-06-30T09:54:07.211Z]         /^\[\[.+\|.*\]\]/ {
[2026-06-30T09:54:07.211Z]             gsub("[][]", "", $1);
[2026-06-30T09:54:07.211Z]             split($1, a, "|");
[2026-06-30T09:54:07.211Z]             if (a[1] == matchgroup && a[2] == configfile) {
[2026-06-30T09:54:07.211Z]                 group=a[1]
[2026-06-30T09:54:07.211Z]             } else {
[2026-06-30T09:54:07.211Z]                 group=""
[2026-06-30T09:54:07.211Z]             }
[2026-06-30T09:54:07.211Z]             next
[2026-06-30T09:54:07.211Z]         }
[2026-06-30T09:54:07.211Z]         {
[2026-06-30T09:54:07.211Z]             if (group != "")
[2026-06-30T09:54:07.211Z]                 print $0
[2026-06-30T09:54:07.211Z]         }
[2026-06-30T09:54:07.211Z]     ' /opt/stack/devstack/local.conf
[2026-06-30T09:54:07.211Z] + [[ ! -r /opt/stack/devstack/stackrc ]]
[2026-06-30T09:54:07.211Z] + source /opt/stack/devstack/stackrc
[2026-06-30T09:54:07.211Z] ++ [[ -z '' ]]
[2026-06-30T09:54:07.211Z] ++ declare -r -g _DEVSTACK_STACKRC=1
[2026-06-30T09:54:07.211Z] ++++ dirname /opt/stack/devstack/stackrc
[2026-06-30T09:54:07.211Z] +++ cd /opt/stack/devstack
[2026-06-30T09:54:07.211Z] +++ pwd
[2026-06-30T09:54:07.211Z] ++ RC_DIR=/opt/stack/devstack
[2026-06-30T09:54:07.211Z] ++ source /opt/stack/devstack/functions
[2026-06-30T09:54:07.211Z] +++ [[ -z 1 ]]
[2026-06-30T09:54:07.211Z] +++ return 0
[2026-06-30T09:54:07.211Z] ++ TARGET_BRANCH=master
[2026-06-30T09:54:07.211Z] ++ TRAILING_TARGET_BRANCH=master
[2026-06-30T09:54:07.211Z] ++ BRANCHLESS_TARGET_BRANCH=master
[2026-06-30T09:54:07.211Z] ++ DEST=/opt/stack
[2026-06-30T09:54:07.211Z] ++ DATA_DIR=/opt/stack/data
[2026-06-30T09:54:07.211Z] ++ SERVICE_DIR=/opt/stack/status
[2026-06-30T09:54:07.211Z] ++ SUBUNIT_OUTPUT=/opt/stack/devstack.subunit
[2026-06-30T09:54:07.211Z] ++ [[ 1001 -eq 0 ]]
[2026-06-30T09:54:07.211Z] +++ whoami
[2026-06-30T09:54:07.211Z] ++ STACK_USER=stack
[2026-06-30T09:54:07.211Z] ++ REGION_NAME=RegionOne
[2026-06-30T09:54:07.211Z] ++ KEYSTONE_REGION_NAME=RegionOne
[2026-06-30T09:54:07.211Z] ++ isset ENABLED_SERVICES
[2026-06-30T09:54:07.211Z] ++ [[ -v ENABLED_SERVICES ]]
[2026-06-30T09:54:07.211Z] ++ ENABLED_SERVICES=key
[2026-06-30T09:54:07.211Z] ++ ENABLED_SERVICES+=,n-api,n-cpu,n-cond,n-sch,n-novnc,n-api-meta
[2026-06-30T09:54:07.211Z] ++ ENABLED_SERVICES+=,placement-api,placement-client
[2026-06-30T09:54:07.211Z] ++ ENABLED_SERVICES+=,g-api
[2026-06-30T09:54:07.211Z] ++ ENABLED_SERVICES+=,c-sch,c-api,c-vol
[2026-06-30T09:54:07.211Z] ++ ENABLED_SERVICES+=,ovn-controller,ovn-northd,ovs-vswitchd,ovsdb-server
[2026-06-30T09:54:07.211Z] ++ ENABLED_SERVICES+=,q-svc,q-ovn-agent
[2026-06-30T09:54:07.211Z] ++ ENABLED_SERVICES+=,horizon
[2026-06-30T09:54:07.211Z] ++ ENABLED_SERVICES+=,rabbit,tempest,mysql,etcd3,dstat
[2026-06-30T09:54:07.211Z] ++ ENABLE_HTTPD_MOD_WSGI_SERVICES=True
[2026-06-30T09:54:07.211Z] ++ NOVA_ENABLED_APIS=osapi_compute,metadata
[2026-06-30T09:54:07.211Z] ++ [[ -f /opt/stack/devstack/localrc ]]
[2026-06-30T09:54:07.211Z] ++ [[ -f /opt/stack/devstack/.localrc.auto ]]
[2026-06-30T09:54:07.211Z] ++ source /opt/stack/devstack/.localrc.auto
[2026-06-30T09:54:07.211Z] +++ ADMIN_PASSWORD=hpinvent
[2026-06-30T09:54:07.211Z] +++ DATABASE_PASSWORD=hpinvent
[2026-06-30T09:54:07.211Z] +++ RABBIT_PASSWORD=hpinvent
[2026-06-30T09:54:07.211Z] +++ SERVICE_PASSWORD=hpinvent
[2026-06-30T09:54:07.211Z] +++ SERVICE_TOKEN=hpinvent
[2026-06-30T09:54:07.211Z] +++ SWIFT_HASH=hpinvent
[2026-06-30T09:54:07.211Z] +++ SWIFT_TEMPURL_KEY=hpinvent
[2026-06-30T09:54:07.211Z] +++ GIT_BASE=http://github.com
[2026-06-30T09:54:07.211Z] +++ disable_service n-net
[2026-06-30T09:54:07.211Z] +++ local xtrace
[2026-06-30T09:54:07.211Z] ++++ set +o
[2026-06-30T09:54:07.212Z] ++++ grep xtrace
[2026-06-30T09:54:07.212Z] +++ xtrace='set -o xtrace'
[2026-06-30T09:54:07.212Z] +++ set +o xtrace
[2026-06-30T09:54:07.474Z] +++ disable_service horizon
[2026-06-30T09:54:07.474Z] +++ local xtrace
[2026-06-30T09:54:07.474Z] ++++ set +o
[2026-06-30T09:54:07.474Z] ++++ grep xtrace
[2026-06-30T09:54:07.474Z] +++ xtrace='set -o xtrace'
[2026-06-30T09:54:07.474Z] +++ set +o xtrace
[2026-06-30T09:54:07.474Z] +++ disable_service heat h-api h-api-cfn h-api-cw
[2026-06-30T09:54:07.474Z] +++ local xtrace
[2026-06-30T09:54:07.474Z] ++++ set +o
[2026-06-30T09:54:07.474Z] ++++ grep xtrace
[2026-06-30T09:54:07.474Z] +++ xtrace='set -o xtrace'
[2026-06-30T09:54:07.474Z] +++ set +o xtrace
[2026-06-30T09:54:07.474Z] +++ enable_service cinder c-sch c-api c-vol c-bak
[2026-06-30T09:54:07.474Z] +++ local xtrace
[2026-06-30T09:54:07.474Z] ++++ set +o
[2026-06-30T09:54:07.474Z] ++++ grep xtrace
[2026-06-30T09:54:07.474Z] +++ xtrace='set -o xtrace'
[2026-06-30T09:54:07.474Z] +++ set +o xtrace
[2026-06-30T09:54:07.740Z] +++ SWIFT_START_ALL_SERVICES=True
[2026-06-30T09:54:07.741Z] +++ SWIFT_REPLICAS=1
[2026-06-30T09:54:07.741Z] +++ SYSLOG=False
[2026-06-30T09:54:07.741Z] +++ SCREEN_LOGDIR=/opt/stack/logs
[2026-06-30T09:54:07.741Z] +++ IRONIC_VM_LOG_DIR=/opt/stack/logs/ironic-bm-logs
[2026-06-30T09:54:07.741Z] +++ LOGFILE=/opt/stack/logs/stack.sh.log
[2026-06-30T09:54:07.741Z] +++ VERBOSE=True
[2026-06-30T09:54:07.741Z] +++ ETCD_DOWNLOAD_URL=https://github.com/coreos/etcd/releases/download/
[2026-06-30T09:54:07.741Z] +++ DOWNLOAD_DEFAULT_IMAGES=False
[2026-06-30T09:54:07.741Z] +++ IMAGE_URLS=https://download.cirros-cloud.net/0.5.1/cirros-0.5.1-x86_64-disk.img
[2026-06-30T09:54:07.741Z] +++ USE_PYTHON3=True
[2026-06-30T09:54:07.741Z] +++ PYTHON3_VERSION=3.12
[2026-06-30T09:54:07.741Z] +++ USE_SUBNETPOOL=False
[2026-06-30T09:54:07.741Z] +++ IP_VERSION=4
[2026-06-30T09:54:07.741Z] +++ SWIFT_ENABLE_TEMPURLS=True
[2026-06-30T09:54:07.741Z] +++ SWIFT_LOOPBACK_DISK_SIZE_DEFAULT=15G
[2026-06-30T09:54:07.741Z] +++ FORCE=yes
[2026-06-30T09:54:07.741Z] +++ LOG_COLOR=True
[2026-06-30T09:54:07.741Z] +++ HOST_IP=10.132.239.110
[2026-06-30T09:54:07.741Z] +++ TEMPEST_VOLUME_VENDOR='Hewlett Packard Enterprise'
[2026-06-30T09:54:07.741Z] +++ TEMPEST_STORAGE_PROTOCOL=FC
[2026-06-30T09:54:07.741Z] +++ TEMPEST_STORAGE_PROTOCOL=FC
[2026-06-30T09:54:07.741Z] +++ TEMPEST_VOLUME_MANAGE_SNAPSHOT=False
[2026-06-30T09:54:07.741Z] ++ CELLSV2_SETUP=superconductor
[2026-06-30T09:54:07.741Z] ++ HORIZON_APACHE_ROOT=/dashboard
[2026-06-30T09:54:07.741Z] +++ trueorfalse False USER_UNITS
[2026-06-30T09:54:07.741Z] +++ local xtrace
[2026-06-30T09:54:07.741Z] ++++ set +o
[2026-06-30T09:54:07.741Z] ++++ grep xtrace
[2026-06-30T09:54:07.741Z] +++ xtrace='set -o xtrace'
[2026-06-30T09:54:07.741Z] +++ set +o xtrace
[2026-06-30T09:54:07.741Z] ++ USER_UNITS=False
[2026-06-30T09:54:07.741Z] ++ [[ False == \T\r\u\e ]]
[2026-06-30T09:54:07.741Z] ++ SYSTEMD_DIR=/etc/systemd/system
[2026-06-30T09:54:07.741Z] ++ SYSTEMCTL='sudo systemctl'
[2026-06-30T09:54:07.741Z] ++ [[ -r /opt/stack/devstack/.localrc.password ]]
[2026-06-30T09:54:07.741Z] +++ _get_python_version python3
[2026-06-30T09:54:07.741Z] +++ local interp=python3
[2026-06-30T09:54:07.741Z] +++ local version
[2026-06-30T09:54:07.741Z] ++++ which python3
[2026-06-30T09:54:07.741Z] +++ [[ -x /usr/bin/python3 ]]
[2026-06-30T09:54:07.741Z] ++++ python3 -c 'import sys; print("%s.%s" % sys.version_info[0:2])'
[2026-06-30T09:54:07.741Z] +++ version=3.12
[2026-06-30T09:54:07.741Z] +++ echo 3.12
[2026-06-30T09:54:07.741Z] ++ _DEFAULT_PYTHON3_VERSION=3.12
[2026-06-30T09:54:07.741Z] ++ export PYTHON3_VERSION=3.12
[2026-06-30T09:54:07.741Z] ++ PYTHON3_VERSION=3.12
[2026-06-30T09:54:07.741Z] ++ export 'VIRTUALENV_CMD=python3.12 -m venv'
[2026-06-30T09:54:07.741Z] ++ VIRTUALENV_CMD='python3.12 -m venv'
[2026-06-30T09:54:07.741Z] ++ '[' -t 1 ']'
[2026-06-30T09:54:07.741Z] ++ _LOG_COLOR_DEFAULT=False
[2026-06-30T09:54:07.741Z] +++ trueorfalse False LOG_COLOR
[2026-06-30T09:54:07.741Z] +++ local xtrace
[2026-06-30T09:54:07.741Z] ++++ set +o
[2026-06-30T09:54:07.741Z] ++++ grep xtrace
[2026-06-30T09:54:07.741Z] +++ xtrace='set -o xtrace'
[2026-06-30T09:54:07.741Z] +++ set +o xtrace
[2026-06-30T09:54:07.741Z] ++ LOG_COLOR=True
[2026-06-30T09:54:07.741Z] ++ [[ True == \T\r\u\e ]]
[2026-06-30T09:54:07.741Z] ++ TPUT_T=
[2026-06-30T09:54:07.741Z] ++ '[' xterm-256color ']'
[2026-06-30T09:54:07.741Z] ++ export 'PS4=+\[$(tput  setaf 242)\]$(short_source)\[$(tput  sgr0)\] '
[2026-06-30T09:54:07.741Z] ++ PS4='+\[$(tput  setaf 242)\]$(short_source)\[$(tput  sgr0)\] '
[2026-06-30T09:54:08.007Z] +++[38;5;242mstackrc:source:167                       (B[m trueorfalse False ENFORCE_SCOPE
[2026-06-30T09:54:08.007Z] +++[38;5;242mfunctions-common:trueorfalse:224         (B[m local xtrace
[2026-06-30T09:54:08.007Z] ++++[38;5;242mfunctions-common:trueorfalse:225         (B[m grep xtrace
[2026-06-30T09:54:08.007Z] ++++[38;5;242mfunctions-common:trueorfalse:225         (B[m set +o
[2026-06-30T09:54:08.007Z] +++[38;5;242mfunctions-common:trueorfalse:225         (B[m xtrace='set -o xtrace'
[2026-06-30T09:54:08.007Z] +++[38;5;242mfunctions-common:trueorfalse:226         (B[m set +o xtrace
[2026-06-30T09:54:08.007Z] ++[38;5;242mstackrc:source:167                       (B[m ENFORCE_SCOPE=False
[2026-06-30T09:54:08.007Z] ++[38;5;242mstackrc:source:174                       (B[m DEVSTACK_VENV=/opt/stack/data/venv
[2026-06-30T09:54:08.007Z] ++[38;5;242mstackrc:source:180                       (B[m [[ Ubuntu =~ (CentOSStream|Rocky) ]]
[2026-06-30T09:54:08.007Z] +++[38;5;242mstackrc:source:183                       (B[m trueorfalse True GLOBAL_VENV
[2026-06-30T09:54:08.007Z] +++[38;5;242mfunctions-common:trueorfalse:224         (B[m local xtrace
[2026-06-30T09:54:08.272Z] ++++[38;5;242mfunctions-common:trueorfalse:225         (B[m set +o
[2026-06-30T09:54:08.272Z] ++++[38;5;242mfunctions-common:trueorfalse:225         (B[m grep xtrace
[2026-06-30T09:54:08.272Z] +++[38;5;242mfunctions-common:trueorfalse:225         (B[m xtrace='set -o xtrace'
[2026-06-30T09:54:08.272Z] +++[38;5;242mfunctions-common:trueorfalse:226         (B[m set +o xtrace
[2026-06-30T09:54:08.272Z] ++[38;5;242mstackrc:source:183                       (B[m GLOBAL_VENV=True
[2026-06-30T09:54:08.272Z] +++[38;5;242mstackrc:source:190                       (B[m trueorfalse False USE_VENV
[2026-06-30T09:54:08.273Z] +++[38;5;242mfunctions-common:trueorfalse:224         (B[m local xtrace
[2026-06-30T09:54:08.273Z] ++++[38;5;242mfunctions-common:trueorfalse:225         (B[m set +o
[2026-06-30T09:54:08.273Z] ++++[38;5;242mfunctions-common:trueorfalse:225         (B[m grep xtrace
[2026-06-30T09:54:08.273Z] +++[38;5;242mfunctions-common:trueorfalse:225         (B[m xtrace='set -o xtrace'
[2026-06-30T09:54:08.273Z] +++[38;5;242mfunctions-common:trueorfalse:226         (B[m set +o xtrace
[2026-06-30T09:54:08.273Z] ++[38;5;242mstackrc:source:190                       (B[m USE_VENV=False
[2026-06-30T09:54:08.273Z] ++[38;5;242mstackrc:source:195                       (B[m ADDITIONAL_VENV_PACKAGES=
[2026-06-30T09:54:08.273Z] +++[38;5;242mstackrc:source:199                       (B[m trueorfalse False DATABASE_QUERY_LOGGING
[2026-06-30T09:54:08.538Z] +++[38;5;242mfunctions-common:trueorfalse:224         (B[m local xtrace
[2026-06-30T09:54:08.538Z] ++++[38;5;242mfunctions-common:trueorfalse:225         (B[m set +o
[2026-06-30T09:54:08.538Z] ++++[38;5;242mfunctions-common:trueorfalse:225         (B[m grep xtrace
[2026-06-30T09:54:08.538Z] +++[38;5;242mfunctions-common:trueorfalse:225         (B[m xtrace='set -o xtrace'
[2026-06-30T09:54:08.538Z] +++[38;5;242mfunctions-common:trueorfalse:226         (B[m set +o xtrace
[2026-06-30T09:54:08.539Z] ++[38;5;242mstackrc:source:199                       (B[m DATABASE_QUERY_LOGGING=False
[2026-06-30T09:54:08.539Z] +++[38;5;242mstackrc:source:203                       (B[m trueorfalse True MYSQL_GATHER_PERFORMANCE
[2026-06-30T09:54:08.539Z] +++[38;5;242mfunctions-common:trueorfalse:224         (B[m local xtrace
[2026-06-30T09:54:08.539Z] ++++[38;5;242mfunctions-common:trueorfalse:225         (B[m grep xtrace
[2026-06-30T09:54:08.539Z] ++++[38;5;242mfunctions-common:trueorfalse:225         (B[m set +o
[2026-06-30T09:54:08.539Z] +++[38;5;242mfunctions-common:trueorfalse:225         (B[m xtrace='set -o xtrace'
[2026-06-30T09:54:08.539Z] +++[38;5;242mfunctions-common:trueorfalse:226         (B[m set +o xtrace
[2026-06-30T09:54:08.539Z] ++[38;5;242mstackrc:source:203                       (B[m MYSQL_GATHER_PERFORMANCE=True
[2026-06-30T09:54:08.803Z] +++[38;5;242mstackrc:source:208                       (B[m trueorfalse True MYSQL_REDUCE_MEMORY
[2026-06-30T09:54:08.803Z] +++[38;5;242mfunctions-common:trueorfalse:224         (B[m local xtrace
[2026-06-30T09:54:08.803Z] ++++[38;5;242mfunctions-common:trueorfalse:225         (B[m set +o
[2026-06-30T09:54:08.803Z] ++++[38;5;242mfunctions-common:trueorfalse:225         (B[m grep xtrace
[2026-06-30T09:54:08.803Z] +++[38;5;242mfunctions-common:trueorfalse:225         (B[m xtrace='set -o xtrace'
[2026-06-30T09:54:08.803Z] +++[38;5;242mfunctions-common:trueorfalse:226         (B[m set +o xtrace
[2026-06-30T09:54:08.803Z] ++[38;5;242mstackrc:source:208                       (B[m MYSQL_REDUCE_MEMORY=True
[2026-06-30T09:54:08.803Z] ++[38;5;242mstackrc:source:219                       (B[m GIT_TIMEOUT=0
[2026-06-30T09:54:08.803Z] ++[38;5;242mstackrc:source:225                       (B[m WSGI_MODE=uwsgi
[2026-06-30T09:54:08.803Z] ++[38;5;242mstackrc:source:226                       (B[m [[ uwsgi != \u\w\s\g\i ]]
[2026-06-30T09:54:08.803Z] ++[38;5;242mstackrc:source:234                       (B[m GIT_BASE=http://github.com
[2026-06-30T09:54:08.803Z] ++[38;5;242mstackrc:source:237                       (B[m REQUIREMENTS_DIR=/opt/stack/requirements
[2026-06-30T09:54:09.070Z] ++[38;5;242mstackrc:source:255                       (B[m DEVSTACK_SERIES=2026.2
[2026-06-30T09:54:09.070Z] ++[38;5;242mstackrc:source:264                       (B[m CINDER_REPO=http://github.com/openstack/cinder.git
[2026-06-30T09:54:09.070Z] ++[38;5;242mstackrc:source:265                       (B[m CINDER_BRANCH=master
[2026-06-30T09:54:09.070Z] ++[38;5;242mstackrc:source:268                       (B[m GLANCE_REPO=http://github.com/openstack/glance.git
[2026-06-30T09:54:09.070Z] ++[38;5;242mstackrc:source:269                       (B[m GLANCE_BRANCH=master
[2026-06-30T09:54:09.070Z] ++[38;5;242mstackrc:source:272                       (B[m HORIZON_REPO=http://github.com/openstack/horizon.git
[2026-06-30T09:54:09.070Z] ++[38;5;242mstackrc:source:273                       (B[m HORIZON_BRANCH=master
[2026-06-30T09:54:09.070Z] ++[38;5;242mstackrc:source:276                       (B[m KEYSTONE_REPO=http://github.com/openstack/keystone.git
[2026-06-30T09:54:09.070Z] ++[38;5;242mstackrc:source:277                       (B[m KEYSTONE_BRANCH=master
[2026-06-30T09:54:09.070Z] ++[38;5;242mstackrc:source:280                       (B[m NEUTRON_REPO=http://github.com/openstack/neutron.git
[2026-06-30T09:54:09.070Z] ++[38;5;242mstackrc:source:281                       (B[m NEUTRON_BRANCH=master
[2026-06-30T09:54:09.070Z] ++[38;5;242mstackrc:source:284                       (B[m NOVA_REPO=http://github.com/openstack/nova.git
[2026-06-30T09:54:09.070Z] ++[38;5;242mstackrc:source:285                       (B[m NOVA_BRANCH=master
[2026-06-30T09:54:09.333Z] ++[38;5;242mstackrc:source:288                       (B[m SWIFT_REPO=http://github.com/openstack/swift.git
[2026-06-30T09:54:09.333Z] ++[38;5;242mstackrc:source:289                       (B[m SWIFT_BRANCH=master
[2026-06-30T09:54:09.333Z] ++[38;5;242mstackrc:source:292                       (B[m PLACEMENT_REPO=http://github.com/openstack/placement.git
[2026-06-30T09:54:09.333Z] ++[38;5;242mstackrc:source:293                       (B[m PLACEMENT_BRANCH=master
[2026-06-30T09:54:09.333Z] ++[38;5;242mstackrc:source:302                       (B[m REQUIREMENTS_REPO=http://github.com/openstack/requirements.git
[2026-06-30T09:54:09.333Z] ++[38;5;242mstackrc:source:303                       (B[m REQUIREMENTS_BRANCH=master
[2026-06-30T09:54:09.333Z] ++[38;5;242mstackrc:source:306                       (B[m TEMPEST_REPO=http://github.com/openstack/tempest.git
[2026-06-30T09:54:09.333Z] ++[38;5;242mstackrc:source:307                       (B[m TEMPEST_BRANCH=master
[2026-06-30T09:54:09.333Z] ++[38;5;242mstackrc:source:308                       (B[m TEMPEST_VENV_UPPER_CONSTRAINTS=master
[2026-06-30T09:54:09.333Z] ++[38;5;242mstackrc:source:310                       (B[m OSTESTIMAGES_REPO=http://github.com/openstack/os-test-images.git
[2026-06-30T09:54:09.333Z] ++[38;5;242mstackrc:source:311                       (B[m OSTESTIMAGES_BRANCH=master
[2026-06-30T09:54:09.333Z] ++[38;5;242mstackrc:source:312                       (B[m OSTESTIMAGES_DIR=/opt/stack/os-test-images
[2026-06-30T09:54:09.597Z] ++[38;5;242mstackrc:source:322                       (B[m GITREPO["python-cinderclient"]=http://github.com/openstack/python-cinderclient.git
[2026-06-30T09:54:09.597Z] ++[38;5;242mstackrc:source:323                       (B[m GITBRANCH["python-cinderclient"]=master
[2026-06-30T09:54:09.597Z] ++[38;5;242mstackrc:source:326                       (B[m GITREPO["python-brick-cinderclient-ext"]=http://github.com/openstack/python-brick-cinderclient-ext.git
[2026-06-30T09:54:09.597Z] ++[38;5;242mstackrc:source:327                       (B[m GITBRANCH["python-brick-cinderclient-ext"]=master
[2026-06-30T09:54:09.597Z] ++[38;5;242mstackrc:source:330                       (B[m GITREPO["python-barbicanclient"]=http://github.com/openstack/python-barbicanclient.git
[2026-06-30T09:54:09.597Z] ++[38;5;242mstackrc:source:331                       (B[m GITBRANCH["python-barbicanclient"]=master
[2026-06-30T09:54:09.597Z] ++[38;5;242mstackrc:source:332                       (B[m GITDIR["python-barbicanclient"]=/opt/stack/python-barbicanclient
[2026-06-30T09:54:09.597Z] ++[38;5;242mstackrc:source:335                       (B[m GITREPO["python-glanceclient"]=http://github.com/openstack/python-glanceclient.git
[2026-06-30T09:54:09.597Z] ++[38;5;242mstackrc:source:336                       (B[m GITBRANCH["python-glanceclient"]=master
[2026-06-30T09:54:09.597Z] ++[38;5;242mstackrc:source:339                       (B[m GITREPO["python-ironicclient"]=http://github.com/openstack/python-ironicclient.git
[2026-06-30T09:54:09.597Z] ++[38;5;242mstackrc:source:340                       (B[m GITBRANCH["python-ironicclient"]=master
[2026-06-30T09:54:09.597Z] ++[38;5;242mstackrc:source:342                       (B[m GITDIR["python-ironicclient"]=/opt/stack/python-ironicclient
[2026-06-30T09:54:09.860Z] ++[38;5;242mstackrc:source:345                       (B[m GITREPO["keystoneauth"]=http://github.com/openstack/keystoneauth.git
[2026-06-30T09:54:09.860Z] ++[38;5;242mstackrc:source:346                       (B[m GITBRANCH["keystoneauth"]=master
[2026-06-30T09:54:09.860Z] ++[38;5;242mstackrc:source:349                       (B[m GITREPO["python-keystoneclient"]=http://github.com/openstack/python-keystoneclient.git
[2026-06-30T09:54:09.860Z] ++[38;5;242mstackrc:source:350                       (B[m GITBRANCH["python-keystoneclient"]=master
[2026-06-30T09:54:09.860Z] ++[38;5;242mstackrc:source:353                       (B[m GITREPO["python-neutronclient"]=http://github.com/openstack/python-neutronclient.git
[2026-06-30T09:54:09.860Z] ++[38;5;242mstackrc:source:354                       (B[m GITBRANCH["python-neutronclient"]=master
[2026-06-30T09:54:09.860Z] ++[38;5;242mstackrc:source:357                       (B[m GITREPO["python-novaclient"]=http://github.com/openstack/python-novaclient.git
[2026-06-30T09:54:09.860Z] ++[38;5;242mstackrc:source:358                       (B[m GITBRANCH["python-novaclient"]=master
[2026-06-30T09:54:09.860Z] ++[38;5;242mstackrc:source:361                       (B[m GITREPO["python-swiftclient"]=http://github.com/openstack/python-swiftclient.git
[2026-06-30T09:54:09.860Z] ++[38;5;242mstackrc:source:362                       (B[m GITBRANCH["python-swiftclient"]=master
[2026-06-30T09:54:09.860Z] ++[38;5;242mstackrc:source:365                       (B[m GITREPO["python-openstackclient"]=http://github.com/openstack/python-openstackclient.git
[2026-06-30T09:54:09.860Z] ++[38;5;242mstackrc:source:366                       (B[m GITBRANCH["python-openstackclient"]=master
[2026-06-30T09:54:10.122Z] ++[38;5;242mstackrc:source:368                       (B[m GITDIR["python-openstackclient"]=/opt/stack/python-openstackclient
[2026-06-30T09:54:10.123Z] ++[38;5;242mstackrc:source:371                       (B[m GITREPO["osc-placement"]=http://github.com/openstack/osc-placement.git
[2026-06-30T09:54:10.123Z] ++[38;5;242mstackrc:source:372                       (B[m GITBRANCH["osc-placement"]=master
[2026-06-30T09:54:10.123Z] ++[38;5;242mstackrc:source:383                       (B[m GITREPO["castellan"]=http://github.com/openstack/castellan.git
[2026-06-30T09:54:10.123Z] ++[38;5;242mstackrc:source:384                       (B[m GITBRANCH["castellan"]=master
[2026-06-30T09:54:10.123Z] ++[38;5;242mstackrc:source:387                       (B[m GITREPO["cliff"]=http://github.com/openstack/cliff.git
[2026-06-30T09:54:10.123Z] ++[38;5;242mstackrc:source:388                       (B[m GITBRANCH["cliff"]=master
[2026-06-30T09:54:10.123Z] ++[38;5;242mstackrc:source:391                       (B[m GITREPO["futurist"]=http://github.com/openstack/futurist.git
[2026-06-30T09:54:10.123Z] ++[38;5;242mstackrc:source:392                       (B[m GITBRANCH["futurist"]=master
[2026-06-30T09:54:10.123Z] ++[38;5;242mstackrc:source:395                       (B[m GITREPO["debtcollector"]=http://github.com/openstack/debtcollector.git
[2026-06-30T09:54:10.123Z] ++[38;5;242mstackrc:source:396                       (B[m GITBRANCH["debtcollector"]=master
[2026-06-30T09:54:10.123Z] ++[38;5;242mstackrc:source:399                       (B[m GITREPO["etcd3gw"]=http://github.com/openstack/etcd3gw.git
[2026-06-30T09:54:10.385Z] ++[38;5;242mstackrc:source:400                       (B[m GITBRANCH["etcd3gw"]=master
[2026-06-30T09:54:10.385Z] ++[38;5;242mstackrc:source:403                       (B[m GITREPO["automaton"]=http://github.com/openstack/automaton.git
[2026-06-30T09:54:10.385Z] ++[38;5;242mstackrc:source:404                       (B[m GITBRANCH["automaton"]=master
[2026-06-30T09:54:10.385Z] ++[38;5;242mstackrc:source:407                       (B[m GITREPO["oslo.cache"]=http://github.com/openstack/oslo.cache.git
[2026-06-30T09:54:10.385Z] ++[38;5;242mstackrc:source:408                       (B[m GITBRANCH["oslo.cache"]=master
[2026-06-30T09:54:10.385Z] ++[38;5;242mstackrc:source:411                       (B[m GITREPO["oslo.concurrency"]=http://github.com/openstack/oslo.concurrency.git
[2026-06-30T09:54:10.385Z] ++[38;5;242mstackrc:source:412                       (B[m GITBRANCH["oslo.concurrency"]=master
[2026-06-30T09:54:10.385Z] ++[38;5;242mstackrc:source:415                       (B[m GITREPO["oslo.config"]=http://github.com/openstack/oslo.config.git
[2026-06-30T09:54:10.385Z] ++[38;5;242mstackrc:source:416                       (B[m GITBRANCH["oslo.config"]=master
[2026-06-30T09:54:10.385Z] ++[38;5;242mstackrc:source:419                       (B[m GITREPO["oslo.context"]=http://github.com/openstack/oslo.context.git
[2026-06-30T09:54:10.385Z] ++[38;5;242mstackrc:source:420                       (B[m GITBRANCH["oslo.context"]=master
[2026-06-30T09:54:10.385Z] ++[38;5;242mstackrc:source:423                       (B[m GITREPO["oslo.db"]=http://github.com/openstack/oslo.db.git
[2026-06-30T09:54:10.385Z] ++[38;5;242mstackrc:source:424                       (B[m GITBRANCH["oslo.db"]=master
[2026-06-30T09:54:10.650Z] ++[38;5;242mstackrc:source:427                       (B[m GITREPO["oslo.i18n"]=http://github.com/openstack/oslo.i18n.git
[2026-06-30T09:54:10.650Z] ++[38;5;242mstackrc:source:428                       (B[m GITBRANCH["oslo.i18n"]=master
[2026-06-30T09:54:10.650Z] ++[38;5;242mstackrc:source:431                       (B[m GITREPO["oslo.limit"]=http://github.com/openstack/oslo.limit.git
[2026-06-30T09:54:10.650Z] ++[38;5;242mstackrc:source:432                       (B[m GITBRANCH["oslo.limit"]=master
[2026-06-30T09:54:10.650Z] ++[38;5;242mstackrc:source:435                       (B[m GITREPO["oslo.log"]=http://github.com/openstack/oslo.log.git
[2026-06-30T09:54:10.650Z] ++[38;5;242mstackrc:source:436                       (B[m GITBRANCH["oslo.log"]=master
[2026-06-30T09:54:10.650Z] ++[38;5;242mstackrc:source:439                       (B[m GITREPO["oslo.messaging"]=http://github.com/openstack/oslo.messaging.git
[2026-06-30T09:54:10.650Z] ++[38;5;242mstackrc:source:440                       (B[m GITBRANCH["oslo.messaging"]=master
[2026-06-30T09:54:10.650Z] ++[38;5;242mstackrc:source:443                       (B[m GITREPO["oslo.middleware"]=http://github.com/openstack/oslo.middleware.git
[2026-06-30T09:54:10.650Z] ++[38;5;242mstackrc:source:444                       (B[m GITBRANCH["oslo.middleware"]=master
[2026-06-30T09:54:10.650Z] ++[38;5;242mstackrc:source:447                       (B[m GITREPO["oslo.policy"]=http://github.com/openstack/oslo.policy.git
[2026-06-30T09:54:10.650Z] ++[38;5;242mstackrc:source:448                       (B[m GITBRANCH["oslo.policy"]=master
[2026-06-30T09:54:10.913Z] ++[38;5;242mstackrc:source:451                       (B[m GITREPO["oslo.privsep"]=http://github.com/openstack/oslo.privsep.git
[2026-06-30T09:54:10.913Z] ++[38;5;242mstackrc:source:452                       (B[m GITBRANCH["oslo.privsep"]=master
[2026-06-30T09:54:10.913Z] ++[38;5;242mstackrc:source:455                       (B[m GITREPO["oslo.reports"]=http://github.com/openstack/oslo.reports.git
[2026-06-30T09:54:10.913Z] ++[38;5;242mstackrc:source:456                       (B[m GITBRANCH["oslo.reports"]=master
[2026-06-30T09:54:10.913Z] ++[38;5;242mstackrc:source:459                       (B[m GITREPO["oslo.rootwrap"]=http://github.com/openstack/oslo.rootwrap.git
[2026-06-30T09:54:10.913Z] ++[38;5;242mstackrc:source:460                       (B[m GITBRANCH["oslo.rootwrap"]=master
[2026-06-30T09:54:10.913Z] ++[38;5;242mstackrc:source:463                       (B[m GITREPO["oslo.serialization"]=http://github.com/openstack/oslo.serialization.git
[2026-06-30T09:54:10.913Z] ++[38;5;242mstackrc:source:464                       (B[m GITBRANCH["oslo.serialization"]=master
[2026-06-30T09:54:10.913Z] ++[38;5;242mstackrc:source:467                       (B[m GITREPO["oslo.service"]=http://github.com/openstack/oslo.service.git
[2026-06-30T09:54:10.913Z] ++[38;5;242mstackrc:source:468                       (B[m GITBRANCH["oslo.service"]=master
[2026-06-30T09:54:10.913Z] ++[38;5;242mstackrc:source:471                       (B[m GITREPO["oslo.utils"]=http://github.com/openstack/oslo.utils.git
[2026-06-30T09:54:10.913Z] ++[38;5;242mstackrc:source:472                       (B[m GITBRANCH["oslo.utils"]=master
[2026-06-30T09:54:10.913Z] ++[38;5;242mstackrc:source:475                       (B[m GITREPO["oslo.versionedobjects"]=http://github.com/openstack/oslo.versionedobjects.git
[2026-06-30T09:54:11.176Z] ++[38;5;242mstackrc:source:476                       (B[m GITBRANCH["oslo.versionedobjects"]=master
[2026-06-30T09:54:11.176Z] ++[38;5;242mstackrc:source:479                       (B[m GITREPO["oslo.vmware"]=http://github.com/openstack/oslo.vmware.git
[2026-06-30T09:54:11.176Z] ++[38;5;242mstackrc:source:480                       (B[m GITBRANCH["oslo.vmware"]=master
[2026-06-30T09:54:11.176Z] ++[38;5;242mstackrc:source:483                       (B[m GITREPO["osprofiler"]=http://github.com/openstack/osprofiler.git
[2026-06-30T09:54:11.176Z] ++[38;5;242mstackrc:source:484                       (B[m GITBRANCH["osprofiler"]=master
[2026-06-30T09:54:11.176Z] ++[38;5;242mstackrc:source:487                       (B[m GITREPO["pycadf"]=http://github.com/openstack/pycadf.git
[2026-06-30T09:54:11.176Z] ++[38;5;242mstackrc:source:488                       (B[m GITBRANCH["pycadf"]=master
[2026-06-30T09:54:11.176Z] ++[38;5;242mstackrc:source:491                       (B[m GITREPO["stevedore"]=http://github.com/openstack/stevedore.git
[2026-06-30T09:54:11.176Z] ++[38;5;242mstackrc:source:492                       (B[m GITBRANCH["stevedore"]=master
[2026-06-30T09:54:11.176Z] ++[38;5;242mstackrc:source:495                       (B[m GITREPO["taskflow"]=http://github.com/openstack/taskflow.git
[2026-06-30T09:54:11.176Z] ++[38;5;242mstackrc:source:496                       (B[m GITBRANCH["taskflow"]=master
[2026-06-30T09:54:11.176Z] ++[38;5;242mstackrc:source:499                       (B[m GITREPO["tooz"]=http://github.com/openstack/tooz.git
[2026-06-30T09:54:11.438Z] ++[38;5;242mstackrc:source:500                       (B[m GITBRANCH["tooz"]=master
[2026-06-30T09:54:11.438Z] ++[38;5;242mstackrc:source:503                       (B[m GITREPO["pbr"]=http://github.com/openstack/pbr.git
[2026-06-30T09:54:11.438Z] ++[38;5;242mstackrc:source:504                       (B[m GITBRANCH["pbr"]=master
[2026-06-30T09:54:11.438Z] ++[38;5;242mstackrc:source:514                       (B[m GITREPO["cursive"]=http://github.com/openstack/cursive.git
[2026-06-30T09:54:11.438Z] ++[38;5;242mstackrc:source:515                       (B[m GITBRANCH["cursive"]=master
[2026-06-30T09:54:11.438Z] ++[38;5;242mstackrc:source:518                       (B[m GITREPO["glance_store"]=http://github.com/openstack/glance_store.git
[2026-06-30T09:54:11.438Z] ++[38;5;242mstackrc:source:519                       (B[m GITBRANCH["glance_store"]=master
[2026-06-30T09:54:11.439Z] ++[38;5;242mstackrc:source:522                       (B[m GITREPO["keystonemiddleware"]=http://github.com/openstack/keystonemiddleware.git
[2026-06-30T09:54:11.439Z] ++[38;5;242mstackrc:source:523                       (B[m GITBRANCH["keystonemiddleware"]=master
[2026-06-30T09:54:11.439Z] ++[38;5;242mstackrc:source:526                       (B[m GITREPO["ceilometermiddleware"]=http://github.com/openstack/ceilometermiddleware.git
[2026-06-30T09:54:11.439Z] ++[38;5;242mstackrc:source:527                       (B[m GITBRANCH["ceilometermiddleware"]=master
[2026-06-30T09:54:11.439Z] ++[38;5;242mstackrc:source:528                       (B[m GITDIR["ceilometermiddleware"]=/opt/stack/ceilometermiddleware
[2026-06-30T09:54:11.439Z] ++[38;5;242mstackrc:source:531                       (B[m GITREPO["openstacksdk"]=http://github.com/openstack/openstacksdk.git
[2026-06-30T09:54:11.702Z] ++[38;5;242mstackrc:source:532                       (B[m GITBRANCH["openstacksdk"]=master
[2026-06-30T09:54:11.702Z] ++[38;5;242mstackrc:source:535                       (B[m GITREPO["os-brick"]=http://github.com/openstack/os-brick.git
[2026-06-30T09:54:11.702Z] ++[38;5;242mstackrc:source:536                       (B[m GITBRANCH["os-brick"]=master
[2026-06-30T09:54:11.702Z] ++[38;5;242mstackrc:source:539                       (B[m GITREPO["os-client-config"]=http://github.com/openstack/os-client-config.git
[2026-06-30T09:54:11.702Z] ++[38;5;242mstackrc:source:540                       (B[m GITBRANCH["os-client-config"]=master
[2026-06-30T09:54:11.702Z] ++[38;5;242mstackrc:source:541                       (B[m GITDIR["os-client-config"]=/opt/stack/os-client-config
[2026-06-30T09:54:11.702Z] ++[38;5;242mstackrc:source:544                       (B[m GITREPO["os-vif"]=http://github.com/openstack/os-vif.git
[2026-06-30T09:54:11.702Z] ++[38;5;242mstackrc:source:545                       (B[m GITBRANCH["os-vif"]=master
[2026-06-30T09:54:11.702Z] ++[38;5;242mstackrc:source:548                       (B[m GITREPO["osc-lib"]=http://github.com/openstack/osc-lib.git
[2026-06-30T09:54:11.702Z] ++[38;5;242mstackrc:source:549                       (B[m GITBRANCH["osc-lib"]=master
[2026-06-30T09:54:11.702Z] ++[38;5;242mstackrc:source:552                       (B[m GITREPO["ironic-lib"]=http://github.com/openstack/ironic-lib.git
[2026-06-30T09:54:11.702Z] ++[38;5;242mstackrc:source:553                       (B[m GITBRANCH["ironic-lib"]=master
[2026-06-30T09:54:11.972Z] ++[38;5;242mstackrc:source:555                       (B[m GITDIR["ironic-lib"]=/opt/stack/ironic-lib
[2026-06-30T09:54:11.972Z] ++[38;5;242mstackrc:source:558                       (B[m GITREPO["diskimage-builder"]=http://github.com/openstack/diskimage-builder.git
[2026-06-30T09:54:11.972Z] ++[38;5;242mstackrc:source:559                       (B[m GITBRANCH["diskimage-builder"]=master
[2026-06-30T09:54:11.972Z] ++[38;5;242mstackrc:source:560                       (B[m GITDIR["diskimage-builder"]=/opt/stack/diskimage-builder
[2026-06-30T09:54:11.972Z] ++[38;5;242mstackrc:source:563                       (B[m GITREPO["neutron-lib"]=http://github.com/openstack/neutron-lib.git
[2026-06-30T09:54:11.972Z] ++[38;5;242mstackrc:source:564                       (B[m GITBRANCH["neutron-lib"]=master
[2026-06-30T09:54:11.972Z] ++[38;5;242mstackrc:source:565                       (B[m GITDIR["neutron-lib"]=/opt/stack/neutron-lib
[2026-06-30T09:54:11.972Z] ++[38;5;242mstackrc:source:568                       (B[m GITREPO["os-resource-classes"]=http://github.com/openstack/os-resource-classes.git
[2026-06-30T09:54:11.972Z] ++[38;5;242mstackrc:source:569                       (B[m GITBRANCH["os-resource-classes"]=master
[2026-06-30T09:54:11.973Z] ++[38;5;242mstackrc:source:572                       (B[m GITREPO["os-traits"]=http://github.com/openstack/os-traits.git
[2026-06-30T09:54:11.973Z] ++[38;5;242mstackrc:source:573                       (B[m GITBRANCH["os-traits"]=master
[2026-06-30T09:54:11.973Z] ++[38;5;242mstackrc:source:576                       (B[m GITREPO["ovsdbapp"]=http://github.com/openstack/ovsdbapp.git
[2026-06-30T09:54:12.240Z] ++[38;5;242mstackrc:source:577                       (B[m GITBRANCH["ovsdbapp"]=master
[2026-06-30T09:54:12.240Z] ++[38;5;242mstackrc:source:578                       (B[m GITDIR["ovsdbapp"]=/opt/stack/ovsdbapp
[2026-06-30T09:54:12.240Z] ++[38;5;242mstackrc:source:581                       (B[m GITREPO["os-ken"]=http://github.com/openstack/os-ken.git
[2026-06-30T09:54:12.240Z] ++[38;5;242mstackrc:source:582                       (B[m GITBRANCH["os-ken"]=master
[2026-06-30T09:54:12.240Z] ++[38;5;242mstackrc:source:583                       (B[m GITDIR["os-ken"]=/opt/stack/os-ken
[2026-06-30T09:54:12.240Z] ++[38;5;242mstackrc:source:595                       (B[m IRONIC_PYTHON_AGENT_REPO=http://github.com/openstack/ironic-python-agent.git
[2026-06-30T09:54:12.240Z] ++[38;5;242mstackrc:source:596                       (B[m IRONIC_PYTHON_AGENT_BRANCH=master
[2026-06-30T09:54:12.240Z] ++[38;5;242mstackrc:source:599                       (B[m NOVNC_REPO=https://github.com/novnc/novnc.git
[2026-06-30T09:54:12.240Z] ++[38;5;242mstackrc:source:600                       (B[m NOVNC_BRANCH=v1.3.0
[2026-06-30T09:54:12.240Z] ++[38;5;242mstackrc:source:603                       (B[m SPICE_REPO=http://anongit.freedesktop.org/git/spice/spice-html5.git
[2026-06-30T09:54:12.240Z] ++[38;5;242mstackrc:source:604                       (B[m SPICE_BRANCH=master
[2026-06-30T09:54:12.240Z] +++[38;5;242mstackrc:source:610                       (B[m trueorfalse False ENABLE_VOLUME_MULTIATTACH
[2026-06-30T09:54:12.240Z] +++[38;5;242mfunctions-common:trueorfalse:224         (B[m local xtrace
[2026-06-30T09:54:12.503Z] ++++[38;5;242mfunctions-common:trueorfalse:225         (B[m grep xtrace
[2026-06-30T09:54:12.503Z] ++++[38;5;242mfunctions-common:trueorfalse:225         (B[m set +o
[2026-06-30T09:54:12.503Z] +++[38;5;242mfunctions-common:trueorfalse:225         (B[m xtrace='set -o xtrace'
[2026-06-30T09:54:12.503Z] +++[38;5;242mfunctions-common:trueorfalse:226         (B[m set +o xtrace
[2026-06-30T09:54:12.503Z] ++[38;5;242mstackrc:source:610                       (B[m ENABLE_VOLUME_MULTIATTACH=False
[2026-06-30T09:54:12.503Z] ++[38;5;242mstackrc:source:615                       (B[m DEFAULT_VIRT_DRIVER=libvirt
[2026-06-30T09:54:12.503Z] ++[38;5;242mstackrc:source:616                       (B[m VIRT_DRIVER=libvirt
[2026-06-30T09:54:12.503Z] ++[38;5;242mstackrc:source:617                       (B[m case "$VIRT_DRIVER" in
[2026-06-30T09:54:12.503Z] ++[38;5;242mstackrc:source:619                       (B[m LIBVIRT_TYPE=kvm
[2026-06-30T09:54:12.503Z] ++[38;5;242mstackrc:source:620                       (B[m LIBVIRT_CPU_MODE=custom
[2026-06-30T09:54:12.503Z] ++[38;5;242mstackrc:source:621                       (B[m LIBVIRT_CPU_MODEL=Nehalem
[2026-06-30T09:54:12.503Z] ++[38;5;242mstackrc:source:623                       (B[m [[ -z Ubuntu ]]
[2026-06-30T09:54:12.766Z] ++[38;5;242mstackrc:source:627                       (B[m [[ Ubuntu =~ (Debian|Ubuntu) ]]
[2026-06-30T09:54:12.766Z] ++[38;5;242mstackrc:source:628                       (B[m LIBVIRT_GROUP=libvirt
[2026-06-30T09:54:12.766Z] ++[38;5;242mstackrc:source:667                       (B[m CIRROS_VERSION=0.6.3
[2026-06-30T09:54:12.766Z] +++[38;5;242mstackrc:source:668                       (B[m uname -m
[2026-06-30T09:54:12.766Z] ++[38;5;242mstackrc:source:668                       (B[m CIRROS_ARCH=x86_64
[2026-06-30T09:54:12.766Z] +++[38;5;242mstackrc:source:673                       (B[m trueorfalse True DOWNLOAD_DEFAULT_IMAGES
[2026-06-30T09:54:12.766Z] +++[38;5;242mfunctions-common:trueorfalse:224         (B[m local xtrace
[2026-06-30T09:54:12.766Z] ++++[38;5;242mfunctions-common:trueorfalse:225         (B[m set +o
[2026-06-30T09:54:12.766Z] ++++[38;5;242mfunctions-common:trueorfalse:225         (B[m grep xtrace
[2026-06-30T09:54:12.766Z] +++[38;5;242mfunctions-common:trueorfalse:225         (B[m xtrace='set -o xtrace'
[2026-06-30T09:54:12.766Z] +++[38;5;242mfunctions-common:trueorfalse:226         (B[m set +o xtrace
[2026-06-30T09:54:12.766Z] ++[38;5;242mstackrc:source:673                       (B[m DOWNLOAD_DEFAULT_IMAGES=False
[2026-06-30T09:54:12.766Z] ++[38;5;242mstackrc:source:674                       (B[m [[ False == \T\r\u\e ]]
[2026-06-30T09:54:13.028Z] ++[38;5;242mstackrc:source:710                       (B[m EXTRA_CACHE_URLS=
[2026-06-30T09:54:13.028Z] ++[38;5;242mstackrc:source:713                       (B[m ETCD_VERSION=v3.5.21
[2026-06-30T09:54:13.028Z] ++[38;5;242mstackrc:source:714                       (B[m ETCD_SHA256_AMD64=adddda4b06718e68671ffabff2f8cee48488ba61ad82900e639d108f2148501c
[2026-06-30T09:54:13.028Z] ++[38;5;242mstackrc:source:715                       (B[m ETCD_SHA256_ARM64=95bf6918623a097c0385b96f139d90248614485e781ec9bee4768dbb6c79c53f
[2026-06-30T09:54:13.028Z] ++[38;5;242mstackrc:source:716                       (B[m ETCD_SHA256_PPC64=6fb6ecb3d1b331eb177dc610a8efad3aceb1f836d6aeb439ba0bfac5d5c2a38c
[2026-06-30T09:54:13.028Z] ++[38;5;242mstackrc:source:717                       (B[m ETCD_SHA256_S390X=a211a83961ba8a7e94f7d6343ad769e699db21a715ba4f3b68cf31ea28f9c951
[2026-06-30T09:54:13.028Z] ++[38;5;242mstackrc:source:719                       (B[m is_arch x86_64
[2026-06-30T09:54:13.028Z] +++[38;5;242mfunctions-common:is_arch:519             (B[m uname -m
[2026-06-30T09:54:13.028Z] ++[38;5;242mfunctions-common:is_arch:519             (B[m [[ x86_64 == \x\8\6\_\6\4 ]]
[2026-06-30T09:54:13.028Z] ++[38;5;242mstackrc:source:720                       (B[m ETCD_ARCH=amd64
[2026-06-30T09:54:13.028Z] ++[38;5;242mstackrc:source:721                       (B[m ETCD_SHA256=adddda4b06718e68671ffabff2f8cee48488ba61ad82900e639d108f2148501c
[2026-06-30T09:54:13.028Z] ++[38;5;242mstackrc:source:734                       (B[m ETCD_PORT=2379
[2026-06-30T09:54:13.291Z] ++[38;5;242mstackrc:source:735                       (B[m ETCD_PEER_PORT=2380
[2026-06-30T09:54:13.291Z] ++[38;5;242mstackrc:source:736                       (B[m ETCD_DOWNLOAD_URL=https://github.com/coreos/etcd/releases/download/
[2026-06-30T09:54:13.291Z] ++[38;5;242mstackrc:source:737                       (B[m ETCD_NAME=etcd-v3.5.21-linux-amd64
[2026-06-30T09:54:13.291Z] ++[38;5;242mstackrc:source:738                       (B[m ETCD_DOWNLOAD_FILE=etcd-v3.5.21-linux-amd64.tar.gz
[2026-06-30T09:54:13.291Z] ++[38;5;242mstackrc:source:739                       (B[m ETCD_DOWNLOAD_LOCATION=https://github.com/coreos/etcd/releases/download//v3.5.21/etcd-v3.5.21-linux-amd64.tar.gz
[2026-06-30T09:54:13.291Z] ++[38;5;242mstackrc:source:741                       (B[m EXTRA_CACHE_URLS+=,https://github.com/coreos/etcd/releases/download//v3.5.21/etcd-v3.5.21-linux-amd64.tar.gz
[2026-06-30T09:54:13.291Z] ++[38;5;242mstackrc:source:744                       (B[m CACHE_BACKEND=dogpile.cache.memcached
[2026-06-30T09:54:13.291Z] ++[38;5;242mstackrc:source:745                       (B[m MEMCACHE_SERVERS=localhost:11211
[2026-06-30T09:54:13.291Z] ++[38;5;242mstackrc:source:748                       (B[m for image_url in ${IMAGE_URLS//,/ }
[2026-06-30T09:54:13.291Z] +++[38;5;242mstackrc:source:749                       (B[m echo https://download.cirros-cloud.net/0.5.1/cirros-0.5.1-x86_64-disk.img
[2026-06-30T09:54:13.291Z] +++[38;5;242mstackrc:source:749                       (B[m grep -o -F https://download.cirros-cloud.net/0.5.1/cirros-0.5.1-x86_64-disk.img
[2026-06-30T09:54:13.291Z] +++[38;5;242mstackrc:source:749                       (B[m wc -l
[2026-06-30T09:54:13.291Z] ++[38;5;242mstackrc:source:749                       (B[m '[' 1 -gt 1 ']'
[2026-06-30T09:54:13.291Z] ++[38;5;242mstackrc:source:755                       (B[m VOLUME_BACKING_FILE_SIZE=30G
[2026-06-30T09:54:13.555Z] ++[38;5;242mstackrc:source:758                       (B[m VOLUME_NAME_PREFIX=volume-
[2026-06-30T09:54:13.555Z] ++[38;5;242mstackrc:source:759                       (B[m INSTANCE_NAME_PREFIX=instance-
[2026-06-30T09:54:13.555Z] ++[38;5;242mstackrc:source:762                       (B[m S3_SERVICE_PORT=3333
[2026-06-30T09:54:13.555Z] ++[38;5;242mstackrc:source:765                       (B[m PRIVATE_NETWORK_NAME=private
[2026-06-30T09:54:13.555Z] ++[38;5;242mstackrc:source:766                       (B[m PUBLIC_NETWORK_NAME=public
[2026-06-30T09:54:13.555Z] ++[38;5;242mstackrc:source:768                       (B[m PUBLIC_INTERFACE=
[2026-06-30T09:54:13.555Z] ++[38;5;242mstackrc:source:771                       (B[m SERVICE_PROTOCOL=http
[2026-06-30T09:54:13.555Z] +++[38;5;242mstackrc:source:777                       (B[m nproc
[2026-06-30T09:54:13.555Z] +++[38;5;242mstackrc:source:777                       (B[m nproc
[2026-06-30T09:54:13.555Z] ++[38;5;242mstackrc:source:777                       (B[m API_WORKERS=2
[2026-06-30T09:54:13.555Z] ++[38;5;242mstackrc:source:780                       (B[m SERVICE_TIMEOUT=60
[2026-06-30T09:54:13.826Z] ++[38;5;242mstackrc:source:783                       (B[m NOVA_READY_TIMEOUT=60
[2026-06-30T09:54:13.826Z] ++[38;5;242mstackrc:source:786                       (B[m SERVICE_GRACEFUL_SHUTDOWN_TIMEOUT=5
[2026-06-30T09:54:13.826Z] ++[38;5;242mstackrc:source:789                       (B[m WORKER_TIMEOUT=80
[2026-06-30T09:54:13.826Z] +++[38;5;242mstackrc:source:797                       (B[m trueorfalse False OFFLINE
[2026-06-30T09:54:13.826Z] +++[38;5;242mfunctions-common:trueorfalse:224         (B[m local xtrace
[2026-06-30T09:54:13.826Z] ++++[38;5;242mfunctions-common:trueorfalse:225         (B[m set +o
[2026-06-30T09:54:13.826Z] ++++[38;5;242mfunctions-common:trueorfalse:225         (B[m grep xtrace
[2026-06-30T09:54:13.826Z] +++[38;5;242mfunctions-common:trueorfalse:225         (B[m xtrace='set -o xtrace'
[2026-06-30T09:54:13.826Z] +++[38;5;242mfunctions-common:trueorfalse:226         (B[m set +o xtrace
[2026-06-30T09:54:13.826Z] ++[38;5;242mstackrc:source:797                       (B[m OFFLINE=False
[2026-06-30T09:54:13.826Z] +++[38;5;242mstackrc:source:802                       (B[m trueorfalse False ERROR_ON_CLONE
[2026-06-30T09:54:13.826Z] +++[38;5;242mfunctions-common:trueorfalse:224         (B[m local xtrace
[2026-06-30T09:54:13.826Z] ++++[38;5;242mfunctions-common:trueorfalse:225         (B[m set +o
[2026-06-30T09:54:13.826Z] ++++[38;5;242mfunctions-common:trueorfalse:225         (B[m grep xtrace
[2026-06-30T09:54:14.091Z] +++[38;5;242mfunctions-common:trueorfalse:225         (B[m xtrace='set -o xtrace'
[2026-06-30T09:54:14.091Z] +++[38;5;242mfunctions-common:trueorfalse:226         (B[m set +o xtrace
[2026-06-30T09:54:14.091Z] ++[38;5;242mstackrc:source:802                       (B[m ERROR_ON_CLONE=False
[2026-06-30T09:54:14.091Z] +++[38;5;242mstackrc:source:805                       (B[m trueorfalse True ENABLE_DEBUG_LOG_LEVEL
[2026-06-30T09:54:14.091Z] +++[38;5;242mfunctions-common:trueorfalse:224         (B[m local xtrace
[2026-06-30T09:54:14.091Z] ++++[38;5;242mfunctions-common:trueorfalse:225         (B[m set +o
[2026-06-30T09:54:14.091Z] ++++[38;5;242mfunctions-common:trueorfalse:225         (B[m grep xtrace
[2026-06-30T09:54:14.091Z] +++[38;5;242mfunctions-common:trueorfalse:225         (B[m xtrace='set -o xtrace'
[2026-06-30T09:54:14.091Z] +++[38;5;242mfunctions-common:trueorfalse:226         (B[m set +o xtrace
[2026-06-30T09:54:14.091Z] ++[38;5;242mstackrc:source:805                       (B[m ENABLE_DEBUG_LOG_LEVEL=True
[2026-06-30T09:54:14.091Z] ++[38;5;242mstackrc:source:811                       (B[m FLOATING_RANGE=172.24.4.0/24
[2026-06-30T09:54:14.091Z] ++[38;5;242mstackrc:source:812                       (B[m IPV4_ADDRS_SAFE_TO_USE=10.0.0.0/22
[2026-06-30T09:54:14.355Z] ++[38;5;242mstackrc:source:813                       (B[m FIXED_RANGE=10.0.0.0/22
[2026-06-30T09:54:14.355Z] ++[38;5;242mstackrc:source:814                       (B[m HOST_IP_IFACE=
[2026-06-30T09:54:14.355Z] ++[38;5;242mstackrc:source:815                       (B[m HOST_IP=10.132.239.110
[2026-06-30T09:54:14.355Z] ++[38;5;242mstackrc:source:816                       (B[m HOST_IPV6=
[2026-06-30T09:54:14.355Z] +++[38;5;242mstackrc:source:818                       (B[m get_default_host_ip 10.0.0.0/22 172.24.4.0/24 '' 10.132.239.110 inet
[2026-06-30T09:54:14.355Z] +++[38;5;242mfunctions-common:get_default_host_ip:760 (B[m local fixed_range=10.0.0.0/22
[2026-06-30T09:54:14.355Z] +++[38;5;242mfunctions-common:get_default_host_ip:761 (B[m local floating_range=172.24.4.0/24
[2026-06-30T09:54:14.355Z] +++[38;5;242mfunctions-common:get_default_host_ip:762 (B[m local host_ip_iface=
[2026-06-30T09:54:14.355Z] +++[38;5;242mfunctions-common:get_default_host_ip:763 (B[m local host_ip=10.132.239.110
[2026-06-30T09:54:14.355Z] +++[38;5;242mfunctions-common:get_default_host_ip:764 (B[m local af=inet
[2026-06-30T09:54:14.355Z] +++[38;5;242mfunctions-common:get_default_host_ip:767 (B[m '[' -z 10.132.239.110 -o 10.132.239.110 == dhcp ']'
[2026-06-30T09:54:14.355Z] +++[38;5;242mfunctions-common:get_default_host_ip:791 (B[m echo 10.132.239.110
[2026-06-30T09:54:14.632Z] ++[38;5;242mstackrc:source:818                       (B[m HOST_IP=10.132.239.110
[2026-06-30T09:54:14.632Z] ++[38;5;242mstackrc:source:819                       (B[m '[' 10.132.239.110 == '' ']'
[2026-06-30T09:54:14.632Z] +++[38;5;242mstackrc:source:823                       (B[m get_default_host_ip '' '' '' '' inet6
[2026-06-30T09:54:14.632Z] +++[38;5;242mfunctions-common:get_default_host_ip:760 (B[m local fixed_range=
[2026-06-30T09:54:14.632Z] +++[38;5;242mfunctions-common:get_default_host_ip:761 (B[m local floating_range=
[2026-06-30T09:54:14.632Z] +++[38;5;242mfunctions-common:get_default_host_ip:762 (B[m local host_ip_iface=
[2026-06-30T09:54:14.632Z] +++[38;5;242mfunctions-common:get_default_host_ip:763 (B[m local host_ip=
[2026-06-30T09:54:14.632Z] +++[38;5;242mfunctions-common:get_default_host_ip:764 (B[m local af=inet6
[2026-06-30T09:54:14.632Z] +++[38;5;242mfunctions-common:get_default_host_ip:767 (B[m '[' -z '' -o '' == dhcp ']'
[2026-06-30T09:54:14.632Z] +++[38;5;242mfunctions-common:get_default_host_ip:768 (B[m host_ip=
[2026-06-30T09:54:14.632Z] ++++[38;5;242mfunctions-common:get_default_host_ip:770 (B[m grep via
[2026-06-30T09:54:14.632Z] ++++[38;5;242mfunctions-common:get_default_host_ip:770 (B[m head -1
[2026-06-30T09:54:14.632Z] ++++[38;5;242mfunctions-common:get_default_host_ip:770 (B[m ip -f inet6 route list match default table all
[2026-06-30T09:54:14.632Z] ++++[38;5;242mfunctions-common:get_default_host_ip:770 (B[m awk '/default/ {print $5}'
[2026-06-30T09:54:14.899Z] +++[38;5;242mfunctions-common:get_default_host_ip:770 (B[m host_ip_iface=
[2026-06-30T09:54:14.899Z] +++[38;5;242mfunctions-common:get_default_host_ip:771 (B[m local host_ips
[2026-06-30T09:54:14.899Z] ++++[38;5;242mfunctions-common:get_default_host_ip:772 (B[m sed /temporary/d
[2026-06-30T09:54:14.899Z] ++++[38;5;242mfunctions-common:get_default_host_ip:772 (B[m LC_ALL=C
[2026-06-30T09:54:14.899Z] ++++[38;5;242mfunctions-common:get_default_host_ip:772 (B[m awk '/inet6/ {split($2,parts,"/");  print parts[1]}'
[2026-06-30T09:54:14.900Z] ++++[38;5;242mfunctions-common:get_default_host_ip:772 (B[m ip -f inet6 addr show
[2026-06-30T09:54:14.900Z] +++[38;5;242mfunctions-common:get_default_host_ip:772 (B[m host_ips='::1
[2026-06-30T09:54:14.900Z] fe80::250:56ff:fea8:6313'
[2026-06-30T09:54:14.900Z] +++[38;5;242mfunctions-common:get_default_host_ip:773 (B[m local ip
[2026-06-30T09:54:14.900Z] +++[38;5;242mfunctions-common:get_default_host_ip:774 (B[m for ip in $host_ips
[2026-06-30T09:54:14.900Z] +++[38;5;242mfunctions-common:get_default_host_ip:781 (B[m [[ inet6 == \i\n\e\t\6 ]]
[2026-06-30T09:54:15.163Z] +++[38;5;242mfunctions-common:get_default_host_ip:782 (B[m host_ip=::1
[2026-06-30T09:54:15.163Z] +++[38;5;242mfunctions-common:get_default_host_ip:783 (B[m break
[2026-06-30T09:54:15.163Z] +++[38;5;242mfunctions-common:get_default_host_ip:791 (B[m echo ::1
[2026-06-30T09:54:15.163Z] ++[38;5;242mstackrc:source:823                       (B[m HOST_IPV6=::1
[2026-06-30T09:54:15.163Z] +++[38;5;242mstackrc:source:826                       (B[m trueorfalse True NEUTRON_PORT_SECURITY
[2026-06-30T09:54:15.164Z] +++[38;5;242mfunctions-common:trueorfalse:224         (B[m local xtrace
[2026-06-30T09:54:15.164Z] ++++[38;5;242mfunctions-common:trueorfalse:225         (B[m set +o
[2026-06-30T09:54:15.164Z] ++++[38;5;242mfunctions-common:trueorfalse:225         (B[m grep xtrace
[2026-06-30T09:54:15.164Z] +++[38;5;242mfunctions-common:trueorfalse:225         (B[m xtrace='set -o xtrace'
[2026-06-30T09:54:15.164Z] +++[38;5;242mfunctions-common:trueorfalse:226         (B[m set +o xtrace
[2026-06-30T09:54:15.164Z] ++[38;5;242mstackrc:source:826                       (B[m NEUTRON_PORT_SECURITY=True
[2026-06-30T09:54:15.164Z] ++[38;5;242mstackrc:source:831                       (B[m SERVICE_IP_VERSION=4
[2026-06-30T09:54:15.428Z] ++[38;5;242mstackrc:source:837                       (B[m [[ 4 != \4 ]]
[2026-06-30T09:54:15.428Z] ++[38;5;242mstackrc:source:841                       (B[m [[ 4 == 4 ]]
[2026-06-30T09:54:15.428Z] ++[38;5;242mstackrc:source:842                       (B[m DEF_SERVICE_HOST=10.132.239.110
[2026-06-30T09:54:15.428Z] ++[38;5;242mstackrc:source:843                       (B[m DEF_SERVICE_LOCAL_HOST=127.0.0.1
[2026-06-30T09:54:15.428Z] ++[38;5;242mstackrc:source:844                       (B[m DEF_SERVICE_LISTEN_ADDRESS=0.0.0.0
[2026-06-30T09:54:15.428Z] ++[38;5;242mstackrc:source:847                       (B[m [[ 4 == 6 ]]
[2026-06-30T09:54:15.428Z] ++[38;5;242mstackrc:source:858                       (B[m SERVICE_LISTEN_ADDRESS=0.0.0.0
[2026-06-30T09:54:15.428Z] ++[38;5;242mstackrc:source:862                       (B[m SERVICE_HOST=10.132.239.110
[2026-06-30T09:54:15.428Z] ++[38;5;242mstackrc:source:864                       (B[m SERVICE_LOCAL_HOST=127.0.0.1
[2026-06-30T09:54:15.428Z] ++[38;5;242mstackrc:source:868                       (B[m TUNNEL_IP_VERSION=4
[2026-06-30T09:54:15.428Z] ++[38;5;242mstackrc:source:871                       (B[m [[ 4 != \4 ]]
[2026-06-30T09:54:15.428Z] ++[38;5;242mstackrc:source:875                       (B[m [[ 4 == 4 ]]
[2026-06-30T09:54:15.692Z] ++[38;5;242mstackrc:source:876                       (B[m DEF_TUNNEL_ENDPOINT_IP=10.132.239.110
[2026-06-30T09:54:15.692Z] ++[38;5;242mstackrc:source:879                       (B[m [[ 4 == 6 ]]
[2026-06-30T09:54:15.692Z] ++[38;5;242mstackrc:source:890                       (B[m TUNNEL_ENDPOINT_IP=10.132.239.110
[2026-06-30T09:54:15.692Z] +++[38;5;242mstackrc:source:893                       (B[m trueorfalse False SYSLOG
[2026-06-30T09:54:15.692Z] +++[38;5;242mfunctions-common:trueorfalse:224         (B[m local xtrace
[2026-06-30T09:54:15.692Z] ++++[38;5;242mfunctions-common:trueorfalse:225         (B[m set +o
[2026-06-30T09:54:15.692Z] ++++[38;5;242mfunctions-common:trueorfalse:225         (B[m grep xtrace
[2026-06-30T09:54:15.692Z] +++[38;5;242mfunctions-common:trueorfalse:225         (B[m xtrace='set -o xtrace'
[2026-06-30T09:54:15.692Z] +++[38;5;242mfunctions-common:trueorfalse:226         (B[m set +o xtrace
[2026-06-30T09:54:15.692Z] ++[38;5;242mstackrc:source:893                       (B[m SYSLOG=False
[2026-06-30T09:54:15.692Z] ++[38;5;242mstackrc:source:894                       (B[m SYSLOG_HOST=10.132.239.110
[2026-06-30T09:54:15.692Z] ++[38;5;242mstackrc:source:895                       (B[m SYSLOG_PORT=516
[2026-06-30T09:54:15.957Z] ++[38;5;242mstackrc:source:899                       (B[m GIT_DEPTH=0
[2026-06-30T09:54:15.957Z] +++[38;5;242mstackrc:source:903                       (B[m trueorfalse True RECREATE_KEYSTONE_DB
[2026-06-30T09:54:15.957Z] +++[38;5;242mfunctions-common:trueorfalse:224         (B[m local xtrace
[2026-06-30T09:54:15.957Z] ++++[38;5;242mfunctions-common:trueorfalse:225         (B[m set +o
[2026-06-30T09:54:15.957Z] ++++[38;5;242mfunctions-common:trueorfalse:225         (B[m grep xtrace
[2026-06-30T09:54:15.957Z] +++[38;5;242mfunctions-common:trueorfalse:225         (B[m xtrace='set -o xtrace'
[2026-06-30T09:54:15.957Z] +++[38;5;242mfunctions-common:trueorfalse:226         (B[m set +o xtrace
[2026-06-30T09:54:15.957Z] ++[38;5;242mstackrc:source:903                       (B[m RECREATE_KEYSTONE_DB=True
[2026-06-30T09:54:15.957Z] ++[38;5;242mstackrc:source:915                       (B[m [[ -z '' ]]
[2026-06-30T09:54:15.957Z] ++[38;5;242mstackrc:source:916                       (B[m default_logdir=/opt/stack/logs
[2026-06-30T09:54:15.957Z] ++[38;5;242mstackrc:source:917                       (B[m [[ -z /opt/stack/logs/stack.sh.log ]]
[2026-06-30T09:54:15.957Z] ++[38;5;242mstackrc:source:922                       (B[m LOGDIR=/opt/stack/logs
[2026-06-30T09:54:15.957Z] ++[38;5;242mstackrc:source:923                       (B[m logfile=stack.sh.log
[2026-06-30T09:54:16.220Z] ++[38;5;242mstackrc:source:924                       (B[m [[ -z /opt/stack/logs ]]
[2026-06-30T09:54:16.220Z] ++[38;5;242mstackrc:source:924                       (B[m [[ /opt/stack/logs == \s\t\a\c\k\.\s\h\.\l\o\g ]]
[2026-06-30T09:54:16.220Z] ++[38;5;242mstackrc:source:929                       (B[m unset default_logdir logfile
[2026-06-30T09:54:16.220Z] ++[38;5;242mstackrc:source:935                       (B[m ULIMIT_NOFILE=2048
[2026-06-30T09:54:16.220Z] +[38;5;242m./stack.sh:main:228                      (B[m write_devstack_version
[2026-06-30T09:54:16.220Z] +[38;5;242mfunctions:write_devstack_version:876     (B[m sudo tee /etc/devstack-version
[2026-06-30T09:54:16.220Z] +[38;5;242mfunctions:write_devstack_version:876     (B[m cat -
[2026-06-30T09:54:16.220Z] ++[38;5;242mfunctions:write_devstack_version:876     (B[m git log '--format=%H %s %ci' -1
[2026-06-30T09:54:16.220Z] +[38;5;242m./stack.sh:main:232                      (B[m SUPPORTED_DISTROS='trixie|bookworm|noble|resolute|rhel9|rhel10'
[2026-06-30T09:54:16.220Z] +[38;5;242m./stack.sh:main:234                      (B[m [[ ! noble =~ trixie|bookworm|noble|resolute|rhel9|rhel10 ]]
[2026-06-30T09:54:16.220Z] +[38;5;242m./stack.sh:main:245                      (B[m export_proxy_variables
[2026-06-30T09:54:16.220Z] +[38;5;242mfunctions-common:export_proxy_variables:2238 (B[m isset http_proxy
[2026-06-30T09:54:16.483Z] +[38;5;242mfunctions-common:isset:266               (B[m [[ -v http_proxy ]]
[2026-06-30T09:54:16.483Z] +[38;5;242mfunctions-common:export_proxy_variables:2239 (B[m export http_proxy=http://proxy-in.its.hpecorp.net:80
[2026-06-30T09:54:16.483Z] +[38;5;242mfunctions-common:export_proxy_variables:2239 (B[m http_proxy=http://proxy-in.its.hpecorp.net:80
[2026-06-30T09:54:16.483Z] +[38;5;242mfunctions-common:export_proxy_variables:2241 (B[m isset https_proxy
[2026-06-30T09:54:16.483Z] +[38;5;242mfunctions-common:isset:266               (B[m [[ -v https_proxy ]]
[2026-06-30T09:54:16.483Z] +[38;5;242mfunctions-common:export_proxy_variables:2242 (B[m export https_proxy=http://proxy-in.its.hpecorp.net:443
[2026-06-30T09:54:16.483Z] +[38;5;242mfunctions-common:export_proxy_variables:2242 (B[m https_proxy=http://proxy-in.its.hpecorp.net:443
[2026-06-30T09:54:16.483Z] +[38;5;242mfunctions-common:export_proxy_variables:2244 (B[m isset no_proxy
[2026-06-30T09:54:16.483Z] +[38;5;242mfunctions-common:isset:266               (B[m [[ -v no_proxy ]]
[2026-06-30T09:54:16.483Z] +[38;5;242mfunctions-common:export_proxy_variables:2245 (B[m export no_proxy=10.201.5.87,10.201.4.29,10.201.3.85,10.201.3.86,localhost,127.0.0.1,10.201.4.31,10.201.4.32,10.201.4.33,10.201.4.34,10.201.1.221,172.28.65.17,172.28.65.18,172.28.65.207,172.28.65.208
[2026-06-30T09:54:16.483Z] +[38;5;242mfunctions-common:export_proxy_variables:2245 (B[m no_proxy=10.201.5.87,10.201.4.29,10.201.3.85,10.201.3.86,localhost,127.0.0.1,10.201.4.31,10.201.4.32,10.201.4.33,10.201.4.34,10.201.1.221,172.28.65.17,172.28.65.18,172.28.65.207,172.28.65.208
[2026-06-30T09:54:16.483Z] +[38;5;242m./stack.sh:main:250                      (B[m disable_negated_services
[2026-06-30T09:54:16.746Z] +[38;5;242mfunctions-common:disable_negated_services:1943 (B[m local xtrace
[2026-06-30T09:54:16.746Z] ++[38;5;242mfunctions-common:disable_negated_services:1944 (B[m set +o
[2026-06-30T09:54:16.746Z] ++[38;5;242mfunctions-common:disable_negated_services:1944 (B[m grep xtrace
[2026-06-30T09:54:16.746Z] +[38;5;242mfunctions-common:disable_negated_services:1944 (B[m xtrace='set -o xtrace'
[2026-06-30T09:54:16.746Z] +[38;5;242mfunctions-common:disable_negated_services:1945 (B[m set +o xtrace
[2026-06-30T09:54:16.746Z] +[38;5;242m./stack.sh:main:257                      (B[m is_package_installed sudo
[2026-06-30T09:54:16.746Z] +[38;5;242mfunctions-common:is_package_installed:1447 (B[m [[ -z sudo ]]
[2026-06-30T09:54:16.746Z] +[38;5;242mfunctions-common:is_package_installed:1451 (B[m [[ -z deb ]]
[2026-06-30T09:54:16.746Z] +[38;5;242mfunctions-common:is_package_installed:1455 (B[m [[ deb = \d\e\b ]]
[2026-06-30T09:54:16.746Z] +[38;5;242mfunctions-common:is_package_installed:1456 (B[m dpkg -s sudo
[2026-06-30T09:54:17.009Z] +[38;5;242m./stack.sh:main:260                      (B[m sudo grep -q '^#includedir.*/etc/sudoers.d' /etc/sudoers
[2026-06-30T09:54:17.009Z] +[38;5;242m./stack.sh:main:264                      (B[m [[ -n '' ]]
[2026-06-30T09:54:17.009Z] ++[38;5;242m./stack.sh:main:273                      (B[m mktemp
[2026-06-30T09:54:17.009Z] +[38;5;242m./stack.sh:main:273                      (B[m TEMPFILE=/tmp/tmp.AcNyAS4ZeD
[2026-06-30T09:54:17.271Z] +[38;5;242m./stack.sh:main:274                      (B[m echo 'stack ALL=(root) NOPASSWD:ALL'
[2026-06-30T09:54:17.271Z] +[38;5;242m./stack.sh:main:277                      (B[m echo 'Defaults:stack secure_path=/sbin:/usr/sbin:/usr/bin:/bin:/usr/local/sbin:/usr/local/bin'
[2026-06-30T09:54:17.271Z] +[38;5;242m./stack.sh:main:279                      (B[m is_sudo_rs
[2026-06-30T09:54:17.271Z] +[38;5;242mfunctions-common:is_sudo_rs:564          (B[m sudo --version
[2026-06-30T09:54:17.271Z] +[38;5;242mfunctions-common:is_sudo_rs:564          (B[m grep -q '^sudo-rs '
[2026-06-30T09:54:17.271Z] +[38;5;242m./stack.sh:main:280                      (B[m echo 'Defaults:stack !requiretty'
[2026-06-30T09:54:17.272Z] +[38;5;242m./stack.sh:main:282                      (B[m chmod 0440 /tmp/tmp.AcNyAS4ZeD
[2026-06-30T09:54:17.272Z] +[38;5;242m./stack.sh:main:283                      (B[m sudo chown root:root /tmp/tmp.AcNyAS4ZeD
[2026-06-30T09:54:17.272Z] +[38;5;242m./stack.sh:main:284                      (B[m sudo mv /tmp/tmp.AcNyAS4ZeD /etc/sudoers.d/50_stack_sh
[2026-06-30T09:54:17.538Z] +[38;5;242m./stack.sh:main:290                      (B[m is_ubuntu
[2026-06-30T09:54:17.538Z] +[38;5;242mfunctions-common:is_ubuntu:546           (B[m [[ -z deb ]]
[2026-06-30T09:54:17.538Z] +[38;5;242mfunctions-common:is_ubuntu:549           (B[m '[' deb = deb ']'
[2026-06-30T09:54:17.538Z] +[38;5;242m./stack.sh:main:291                      (B[m echo 'APT::Acquire::Retries "20";'
[2026-06-30T09:54:17.538Z] +[38;5;242m./stack.sh:main:291                      (B[m sudo tee /etc/apt/apt.conf.d/80retry
[2026-06-30T09:54:17.538Z] +[38;5;242m./stack.sh:main:329                      (B[m DEST=/opt/stack
[2026-06-30T09:54:17.538Z] +[38;5;242m./stack.sh:main:334                      (B[m [[ ! -d /opt/stack ]]
[2026-06-30T09:54:17.538Z] +[38;5;242m./stack.sh:main:341                      (B[m [[ -n /opt/stack/logs ]]
[2026-06-30T09:54:17.538Z] +[38;5;242m./stack.sh:main:342                      (B[m sudo mkdir -p /opt/stack/logs
[2026-06-30T09:54:17.804Z] +[38;5;242m./stack.sh:main:343                      (B[m safe_chown -R stack /opt/stack/logs
[2026-06-30T09:54:17.804Z] +[38;5;242mfunctions-common:safe_chown:2321         (B[m _safe_permission_operation chown -R stack /opt/stack/logs
[2026-06-30T09:54:17.804Z] +[38;5;242mfunctions-common:_safe_permission_operation:2146 (B[m local xtrace
[2026-06-30T09:54:17.804Z] ++[38;5;242mfunctions-common:_safe_permission_operation:2147 (B[m grep xtrace
[2026-06-30T09:54:17.804Z] ++[38;5;242mfunctions-common:_safe_permission_operation:2147 (B[m set +o
[2026-06-30T09:54:17.804Z] +[38;5;242mfunctions-common:_safe_permission_operation:2147 (B[m xtrace='set -o xtrace'
[2026-06-30T09:54:17.804Z] +[38;5;242mfunctions-common:_safe_permission_operation:2148 (B[m set +o xtrace
[2026-06-30T09:54:17.804Z] +[38;5;242mfunctions-common:_safe_permission_operation:2169 (B[m sudo chown -R stack /opt/stack/logs
[2026-06-30T09:54:17.804Z] +[38;5;242m./stack.sh:main:344                      (B[m safe_chmod 0755 /opt/stack/logs
[2026-06-30T09:54:17.804Z] +[38;5;242mfunctions-common:safe_chmod:2315         (B[m _safe_permission_operation chmod 0755 /opt/stack/logs
[2026-06-30T09:54:18.068Z] +[38;5;242mfunctions-common:_safe_permission_operation:2146 (B[m local xtrace
[2026-06-30T09:54:18.068Z] ++[38;5;242mfunctions-common:_safe_permission_operation:2147 (B[m set +o
[2026-06-30T09:54:18.068Z] ++[38;5;242mfunctions-common:_safe_permission_operation:2147 (B[m grep xtrace
[2026-06-30T09:54:18.068Z] +[38;5;242mfunctions-common:_safe_permission_operation:2147 (B[m xtrace='set -o xtrace'
[2026-06-30T09:54:18.068Z] +[38;5;242mfunctions-common:_safe_permission_operation:2148 (B[m set +o xtrace
[2026-06-30T09:54:18.068Z] +[38;5;242mfunctions-common:_safe_permission_operation:2169 (B[m sudo chmod 0755 /opt/stack/logs
[2026-06-30T09:54:18.068Z] +[38;5;242m./stack.sh:main:348                      (B[m DATA_DIR=/opt/stack/data
[2026-06-30T09:54:18.068Z] +[38;5;242m./stack.sh:main:349                      (B[m [[ ! -d /opt/stack/data ]]
[2026-06-30T09:54:18.068Z] +[38;5;242m./stack.sh:main:350                      (B[m sudo mkdir -p /opt/stack/data
[2026-06-30T09:54:18.333Z] +[38;5;242m./stack.sh:main:351                      (B[m safe_chown -R stack /opt/stack/data
[2026-06-30T09:54:18.333Z] +[38;5;242mfunctions-common:safe_chown:2321         (B[m _safe_permission_operation chown -R stack /opt/stack/data
[2026-06-30T09:54:18.333Z] +[38;5;242mfunctions-common:_safe_permission_operation:2146 (B[m local xtrace
[2026-06-30T09:54:18.333Z] ++[38;5;242mfunctions-common:_safe_permission_operation:2147 (B[m set +o
[2026-06-30T09:54:18.333Z] ++[38;5;242mfunctions-common:_safe_permission_operation:2147 (B[m grep xtrace
[2026-06-30T09:54:18.333Z] +[38;5;242mfunctions-common:_safe_permission_operation:2147 (B[m xtrace='set -o xtrace'
[2026-06-30T09:54:18.333Z] +[38;5;242mfunctions-common:_safe_permission_operation:2148 (B[m set +o xtrace
[2026-06-30T09:54:18.333Z] +[38;5;242mfunctions-common:_safe_permission_operation:2169 (B[m sudo chown -R stack /opt/stack/data
[2026-06-30T09:54:18.333Z] +[38;5;242m./stack.sh:main:352                      (B[m safe_chmod 0755 /opt/stack/data
[2026-06-30T09:54:18.333Z] +[38;5;242mfunctions-common:safe_chmod:2315         (B[m _safe_permission_operation chmod 0755 /opt/stack/data
[2026-06-30T09:54:18.598Z] +[38;5;242mfunctions-common:_safe_permission_operation:2146 (B[m local xtrace
[2026-06-30T09:54:18.598Z] ++[38;5;242mfunctions-common:_safe_permission_operation:2147 (B[m set +o
[2026-06-30T09:54:18.598Z] ++[38;5;242mfunctions-common:_safe_permission_operation:2147 (B[m grep xtrace
[2026-06-30T09:54:18.598Z] +[38;5;242mfunctions-common:_safe_permission_operation:2147 (B[m xtrace='set -o xtrace'
[2026-06-30T09:54:18.598Z] +[38;5;242mfunctions-common:_safe_permission_operation:2148 (B[m set +o xtrace
[2026-06-30T09:54:18.598Z] +[38;5;242mfunctions-common:_safe_permission_operation:2169 (B[m sudo chmod 0755 /opt/stack/data
[2026-06-30T09:54:18.598Z] +[38;5;242m./stack.sh:main:356                      (B[m async_init
[2026-06-30T09:54:18.598Z] +[38;5;242minc/async:async_init:217                 (B[m local async_dir=/opt/stack/async
[2026-06-30T09:54:18.598Z] +[38;5;242minc/async:async_init:220                 (B[m rm -Rf /opt/stack/async
[2026-06-30T09:54:18.598Z] +[38;5;242minc/async:async_init:223                 (B[m mkdir -p /opt/stack/async
[2026-06-30T09:54:18.863Z] ++[38;5;242m./stack.sh:main:361                      (B[m hostname -s
[2026-06-30T09:54:18.863Z] +[38;5;242m./stack.sh:main:361                      (B[m LOCAL_HOSTNAME=ubuntu
[2026-06-30T09:54:18.863Z] +[38;5;242m./stack.sh:main:362                      (B[m grep -Fqwe ubuntu /etc/hosts
[2026-06-30T09:54:18.863Z] ++[38;5;242m./stack.sh:main:369                      (B[m trueorfalse False SKIP_EPEL_INSTALL
[2026-06-30T09:54:18.863Z] ++[38;5;242mfunctions-common:trueorfalse:224         (B[m local xtrace
[2026-06-30T09:54:18.863Z] +++[38;5;242mfunctions-common:trueorfalse:225         (B[m grep xtrace
[2026-06-30T09:54:18.863Z] +++[38;5;242mfunctions-common:trueorfalse:225         (B[m set +o
[2026-06-30T09:54:18.863Z] ++[38;5;242mfunctions-common:trueorfalse:225         (B[m xtrace='set -o xtrace'
[2026-06-30T09:54:18.863Z] ++[38;5;242mfunctions-common:trueorfalse:226         (B[m set +o xtrace
[2026-06-30T09:54:18.863Z] +[38;5;242m./stack.sh:main:369                      (B[m SKIP_EPEL_INSTALL=False
[2026-06-30T09:54:18.863Z] +[38;5;242m./stack.sh:main:371                      (B[m [[ noble == \r\h\e\l\9 ]]
[2026-06-30T09:54:18.863Z] +[38;5;242m./stack.sh:main:385                      (B[m [[ noble == \r\h\e\l\1\0 ]]
[2026-06-30T09:54:19.127Z] +[38;5;242m./stack.sh:main:390                      (B[m [[ noble == \o\p\e\n\E\u\l\e\r\-\2\2\.\0\3 ]]
[2026-06-30T09:54:19.127Z] +[38;5;242m./stack.sh:main:407                      (B[m install_python
[2026-06-30T09:54:19.127Z] +[38;5;242minc/python:install_python:482            (B[m install_python3
[2026-06-30T09:54:19.127Z] +[38;5;242minc/python:install_python3:488           (B[m is_ubuntu
[2026-06-30T09:54:19.127Z] +[38;5;242mfunctions-common:is_ubuntu:546           (B[m [[ -z deb ]]
[2026-06-30T09:54:19.127Z] +[38;5;242mfunctions-common:is_ubuntu:549           (B[m '[' deb = deb ']'
[2026-06-30T09:54:19.127Z] +[38;5;242minc/python:install_python3:489           (B[m apt_get install python3.12 python3.12-dev
[2026-06-30T09:54:19.127Z] +[38;5;242mfunctions-common:apt_get:1194            (B[m local xtrace result
[2026-06-30T09:54:19.127Z] ++[38;5;242mfunctions-common:apt_get:1195            (B[m grep xtrace
[2026-06-30T09:54:19.127Z] ++[38;5;242mfunctions-common:apt_get:1195            (B[m set +o
[2026-06-30T09:54:19.127Z] +[38;5;242mfunctions-common:apt_get:1195            (B[m xtrace='set -o xtrace'
[2026-06-30T09:54:19.127Z] +[38;5;242mfunctions-common:apt_get:1196            (B[m set +o xtrace
[2026-06-30T09:54:19.390Z] +[38;5;242mfunctions-common:apt_get:1207            (B[m sudo DEBIAN_FRONTEND=noninteractive http_proxy=http://proxy-in.its.hpecorp.net:80 https_proxy=http://proxy-in.its.hpecorp.net:443 no_proxy=10.201.5.87,10.201.4.29,10.201.3.85,10.201.3.86,localhost,127.0.0.1,10.201.4.31,10.201.4.32,10.201.4.33,10.201.4.34,10.201.1.221,172.28.65.17,172.28.65.18,172.28.65.207,172.28.65.208 apt-get --option Dpkg::Options::=--force-confold --assume-yes install python3.12 python3.12-dev
[2026-06-30T09:54:19.653Z] Reading package lists...
[2026-06-30T09:54:19.915Z] Building dependency tree...
[2026-06-30T09:54:19.915Z] Reading state information...
[2026-06-30T09:54:20.489Z] python3.12 is already the newest version (3.12.3-1ubuntu0.13).
[2026-06-30T09:54:20.489Z] python3.12-dev is already the newest version (3.12.3-1ubuntu0.13).
[2026-06-30T09:54:20.489Z] The following packages were automatically installed and are no longer required:
[2026-06-30T09:54:20.489Z]   libcgi-fast-perl libcgi-pm-perl libclone-perl libencode-locale-perl
[2026-06-30T09:54:20.489Z]   libevent-pthreads-2.1-7t64 libfcgi-bin libfcgi-perl libfcgi0t64
[2026-06-30T09:54:20.489Z]   libhtml-parser-perl libhtml-tagset-perl libhtml-template-perl
[2026-06-30T09:54:20.489Z]   libhttp-date-perl libhttp-message-perl libio-html-perl
[2026-06-30T09:54:20.489Z]   liblwp-mediatypes-perl libmecab2 libprotobuf-lite32t64 libtimedate-perl
[2026-06-30T09:54:20.489Z]   liburi-perl mecab-ipadic mecab-ipadic-utf8 mecab-utils
[2026-06-30T09:54:20.489Z] Use 'sudo apt autoremove' to remove them.
[2026-06-30T09:54:20.753Z] 0 upgraded, 0 newly installed, 0 to remove and 67 not upgraded.
[2026-06-30T09:54:20.753Z] +[38;5;242mfunctions-common:apt_get:1211            (B[m result=0
[2026-06-30T09:54:20.753Z] +[38;5;242mfunctions-common:apt_get:1214            (B[m time_stop apt-get
[2026-06-30T09:54:20.753Z] +[38;5;242mfunctions-common:time_stop:2420          (B[m local name
[2026-06-30T09:54:20.753Z] +[38;5;242mfunctions-common:time_stop:2421          (B[m local end_time
[2026-06-30T09:54:20.753Z] +[38;5;242mfunctions-common:time_stop:2422          (B[m local elapsed_time
[2026-06-30T09:54:21.015Z] +[38;5;242mfunctions-common:time_stop:2423          (B[m local total
[2026-06-30T09:54:21.015Z] +[38;5;242mfunctions-common:time_stop:2424          (B[m local start_time
[2026-06-30T09:54:21.015Z] +[38;5;242mfunctions-common:time_stop:2426          (B[m name=apt-get
[2026-06-30T09:54:21.015Z] +[38;5;242mfunctions-common:time_stop:2427          (B[m start_time=1782813267500
[2026-06-30T09:54:21.015Z] +[38;5;242mfunctions-common:time_stop:2429          (B[m [[ -z 1782813267500 ]]
[2026-06-30T09:54:21.015Z] ++[38;5;242mfunctions-common:time_stop:2432          (B[m date +%s%3N
[2026-06-30T09:54:21.015Z] +[38;5;242mfunctions-common:time_stop:2432          (B[m end_time=1782813269257
[2026-06-30T09:54:21.016Z] +[38;5;242mfunctions-common:time_stop:2433          (B[m elapsed_time=1757
[2026-06-30T09:54:21.016Z] +[38;5;242mfunctions-common:time_stop:2434          (B[m total=0
[2026-06-30T09:54:21.016Z] +[38;5;242mfunctions-common:time_stop:2436          (B[m _TIME_START[$name]=
[2026-06-30T09:54:21.016Z] +[38;5;242mfunctions-common:time_stop:2437          (B[m _TIME_TOTAL[$name]=1757
[2026-06-30T09:54:21.016Z] +[38;5;242mfunctions-common:apt_get:1215            (B[m return 0
[2026-06-30T09:54:21.281Z] ++[38;5;242minc/python:install_python:483            (B[m which python3.12
[2026-06-30T09:54:21.281Z] +[38;5;242minc/python:install_python:483            (B[m export PYTHON=/usr/bin/python3.12
[2026-06-30T09:54:21.281Z] +[38;5;242minc/python:install_python:483            (B[m PYTHON=/usr/bin/python3.12
[2026-06-30T09:54:21.281Z] ++[38;5;242m./stack.sh:main:414                      (B[m trueorfalse True VERBOSE
[2026-06-30T09:54:21.281Z] ++[38;5;242mfunctions-common:trueorfalse:224         (B[m local xtrace
[2026-06-30T09:54:21.281Z] +++[38;5;242mfunctions-common:trueorfalse:225         (B[m set +o
[2026-06-30T09:54:21.281Z] +++[38;5;242mfunctions-common:trueorfalse:225         (B[m grep xtrace
[2026-06-30T09:54:21.281Z] ++[38;5;242mfunctions-common:trueorfalse:225         (B[m xtrace='set -o xtrace'
[2026-06-30T09:54:21.281Z] ++[38;5;242mfunctions-common:trueorfalse:226         (B[m set +o xtrace
[2026-06-30T09:54:21.281Z] +[38;5;242m./stack.sh:main:414                      (B[m VERBOSE=True
[2026-06-30T09:54:21.281Z] ++[38;5;242m./stack.sh:main:415                      (B[m trueorfalse False VERBOSE
[2026-06-30T09:54:21.281Z] ++[38;5;242mfunctions-common:trueorfalse:224         (B[m local xtrace
[2026-06-30T09:54:21.546Z] +++[38;5;242mfunctions-common:trueorfalse:225         (B[m set +o
[2026-06-30T09:54:21.546Z] +++[38;5;242mfunctions-common:trueorfalse:225         (B[m grep xtrace
[2026-06-30T09:54:21.546Z] ++[38;5;242mfunctions-common:trueorfalse:225         (B[m xtrace='set -o xtrace'
[2026-06-30T09:54:21.546Z] ++[38;5;242mfunctions-common:trueorfalse:226         (B[m set +o xtrace
[2026-06-30T09:54:21.546Z] +[38;5;242m./stack.sh:main:415                      (B[m VERBOSE_NO_TIMESTAMP=True
[2026-06-30T09:54:21.546Z] +[38;5;242m./stack.sh:main:461                      (B[m TIMESTAMP_FORMAT=%F-%H%M%S
[2026-06-30T09:54:21.546Z] +[38;5;242m./stack.sh:main:462                      (B[m LOGDAYS=7
[2026-06-30T09:54:21.546Z] ++[38;5;242m./stack.sh:main:463                      (B[m date +%F-%H%M%S
[2026-06-30T09:54:21.546Z] +[38;5;242m./stack.sh:main:463                      (B[m CURRENT_LOG_TIME=2026-06-30-095429
[2026-06-30T09:54:21.546Z] +[38;5;242m./stack.sh:main:465                      (B[m [[ -n /opt/stack/logs/stack.sh.log ]]
[2026-06-30T09:54:21.546Z] +[38;5;242m./stack.sh:main:468                      (B[m LOGFILE_DIR=/opt/stack/logs
[2026-06-30T09:54:21.546Z] +[38;5;242m./stack.sh:main:469                      (B[m LOGFILE_NAME=stack.sh.log
[2026-06-30T09:54:21.546Z] +[38;5;242m./stack.sh:main:470                      (B[m mkdir -p /opt/stack/logs
[2026-06-30T09:54:21.816Z] +[38;5;242m./stack.sh:main:471                      (B[m find /opt/stack/logs -maxdepth 1 -name 'stack.sh.log.*' -mtime +7 -exec rm '{}' ';'
[2026-06-30T09:54:21.816Z] +[38;5;242m./stack.sh:main:472                      (B[m LOGFILE=/opt/stack/logs/stack.sh.log.2026-06-30-095429
[2026-06-30T09:54:21.816Z] +[38;5;242m./stack.sh:main:473                      (B[m SUMFILE=/opt/stack/logs/stack.sh.log.2026-06-30-095429.summary.2026-06-30-095429
[2026-06-30T09:54:21.816Z] +[38;5;242m./stack.sh:main:479                      (B[m exec
[2026-06-30T09:54:21.816Z] +[38;5;242m./stack.sh:main:480                      (B[m [[ True == \T\r\u\e ]]
[2026-06-30T09:54:21.816Z] +[38;5;242m./stack.sh:main:481                      (B[m _of_args=-v
[2026-06-30T09:54:21.816Z] +[38;5;242m./stack.sh:main:482                      (B[m [[ True == \T\r\u\e ]]
[2026-06-30T09:54:21.816Z] +[38;5;242m./stack.sh:main:483                      (B[m _of_args='-v --no-timestamp'
[2026-06-30T09:54:21.816Z] +[38;5;242m./stack.sh:main:486                      (B[m exec
[2026-06-30T09:54:21.816Z] ++[38;5;242m./stack.sh:main:486                      (B[m /usr/bin/python3.12 /opt/stack/devstack/tools/outfilter.py -v --no-timestamp -o /opt/stack/logs/stack.sh.log.2026-06-30-095429
[2026-06-30T09:54:22.082Z] +[38;5;242m./stack.sh:main:488                      (B[m exec
[2026-06-30T09:54:22.082Z] +[38;5;242m./stack.sh:main:496                      (B[m echo_summary 'stack.sh log /opt/stack/logs/stack.sh.log.2026-06-30-095429'
[2026-06-30T09:54:22.082Z] ++[38;5;242m./stack.sh:main:488                      (B[m /usr/bin/python3.12 /opt/stack/devstack/tools/outfilter.py -o /opt/stack/logs/stack.sh.log.2026-06-30-095429.summary.2026-06-30-095429
[2026-06-30T09:54:22.082Z] +[38;5;242m./stack.sh:echo_summary:441              (B[m [[ -t 3 ]]
[2026-06-30T09:54:22.082Z] +[38;5;242m./stack.sh:echo_summary:447              (B[m echo -e stack.sh log /opt/stack/logs/stack.sh.log.2026-06-30-095429
[2026-06-30T09:54:22.082Z] +[38;5;242m./stack.sh:main:498                      (B[m ln -sf /opt/stack/logs/stack.sh.log.2026-06-30-095429 /opt/stack/logs/stack.sh.log
[2026-06-30T09:54:22.082Z] +[38;5;242m./stack.sh:main:499                      (B[m ln -sf /opt/stack/logs/stack.sh.log.2026-06-30-095429.summary.2026-06-30-095429 /opt/stack/logs/stack.sh.log.summary
[2026-06-30T09:54:22.082Z] +[38;5;242m./stack.sh:main:514                      (B[m check_path_perm_sanity /opt/stack
[2026-06-30T09:54:22.082Z] +[38;5;242mfunctions:check_path_perm_sanity:615     (B[m local real_path
[2026-06-30T09:54:22.082Z] ++[38;5;242mfunctions:check_path_perm_sanity:616     (B[m readlink -f /opt/stack
[2026-06-30T09:54:22.082Z] +[38;5;242mfunctions:check_path_perm_sanity:616     (B[m real_path=/opt/stack
[2026-06-30T09:54:22.082Z] +[38;5;242mfunctions:check_path_perm_sanity:617     (B[m local rebuilt_path=
[2026-06-30T09:54:22.345Z] ++[38;5;242mfunctions:check_path_perm_sanity:618     (B[m echo /opt/stack
[2026-06-30T09:54:22.345Z] ++[38;5;242mfunctions:check_path_perm_sanity:618     (B[m tr / ' '
[2026-06-30T09:54:22.345Z] +[38;5;242mfunctions:check_path_perm_sanity:618     (B[m for i in $(echo ${real_path} | tr "/" " ")
[2026-06-30T09:54:22.345Z] +[38;5;242mfunctions:check_path_perm_sanity:619     (B[m rebuilt_path=/opt
[2026-06-30T09:54:22.345Z] ++[38;5;242mfunctions:check_path_perm_sanity:621     (B[m stat -c %a /opt
[2026-06-30T09:54:22.345Z] +[38;5;242mfunctions:check_path_perm_sanity:621     (B[m [[ 755 = 700 ]]
[2026-06-30T09:54:22.345Z] +[38;5;242mfunctions:check_path_perm_sanity:618     (B[m for i in $(echo ${real_path} | tr "/" " ")
[2026-06-30T09:54:22.345Z] +[38;5;242mfunctions:check_path_perm_sanity:619     (B[m rebuilt_path=/opt/stack
[2026-06-30T09:54:22.345Z] ++[38;5;242mfunctions:check_path_perm_sanity:621     (B[m stat -c %a /opt/stack
[2026-06-30T09:54:22.345Z] +[38;5;242mfunctions:check_path_perm_sanity:621     (B[m [[ 751 = 700 ]]
[2026-06-30T09:54:22.345Z] +[38;5;242m./stack.sh:main:520                      (B[m trap exit_trap EXIT
[2026-06-30T09:54:22.345Z] +[38;5;242m./stack.sh:main:561                      (B[m trap err_trap ERR
[2026-06-30T09:54:22.345Z] +[38;5;242m./stack.sh:main:574                      (B[m set -o errexit
[2026-06-30T09:54:22.646Z] +[38;5;242m./stack.sh:main:577                      (B[m uname -a
[2026-06-30T09:54:22.646Z] Linux ubuntu 6.8.0-124-generic #124-Ubuntu SMP PREEMPT_DYNAMIC Tue May 26 13:00:45 UTC 2026 x86_64 x86_64 x86_64 GNU/Linux
[2026-06-30T09:54:22.646Z] +[38;5;242m./stack.sh:main:580                      (B[m SSL_BUNDLE_FILE=/opt/stack/data/ca-bundle.pem
[2026-06-30T09:54:22.646Z] +[38;5;242m./stack.sh:main:581                      (B[m rm -f /opt/stack/data/ca-bundle.pem
[2026-06-30T09:54:22.646Z] +[38;5;242m./stack.sh:main:584                      (B[m source /opt/stack/devstack/lib/database
[2026-06-30T09:54:22.925Z] +[38;5;242m./stack.sh:main:585                      (B[m source /opt/stack/devstack/lib/rpc_backend
[2026-06-30T09:54:22.925Z] +[38;5;242m./stack.sh:main:588                      (B[m source /opt/stack/devstack/lib/host
[2026-06-30T09:54:22.925Z] +++[38;5;242mlib/host:source:12                       (B[m trueorfalse True ENABLE_KSM
[2026-06-30T09:54:22.925Z] ++[38;5;242mlib/host:source:12                       (B[m ENABLE_KSM=True
[2026-06-30T09:54:22.925Z] +++[38;5;242mlib/host:source:13                       (B[m trueorfalse True ENABLE_KSMTUNED
[2026-06-30T09:54:23.188Z] ++[38;5;242mlib/host:source:13                       (B[m ENABLE_KSMTUNED=True
[2026-06-30T09:54:23.188Z] +++[38;5;242mlib/host:source:56                       (B[m trueorfalse False ENABLE_ZSWAP
[2026-06-30T09:54:23.188Z] ++[38;5;242mlib/host:source:56                       (B[m ENABLE_ZSWAP=False
[2026-06-30T09:54:23.451Z] ++[38;5;242mlib/host:source:59                       (B[m ZSWAP_COMPRESSOR=lz4
[2026-06-30T09:54:23.451Z] ++[38;5;242mlib/host:source:60                       (B[m ZSWAP_ZPOOL=zsmalloc
[2026-06-30T09:54:23.451Z] +++[38;5;242mlib/host:source:82                       (B[m trueorfalse False ENABLE_SYSCTL_MEM_TUNING
[2026-06-30T09:54:23.451Z] ++[38;5;242mlib/host:source:82                       (B[m ENABLE_SYSCTL_MEM_TUNING=False
[2026-06-30T09:54:23.451Z] +++[38;5;242mlib/host:source:104                      (B[m trueorfalse False ENABLE_SYSCTL_NET_TUNING
[2026-06-30T09:54:23.715Z] ++[38;5;242mlib/host:source:104                      (B[m ENABLE_SYSCTL_NET_TUNING=False
[2026-06-30T09:54:23.715Z] +[38;5;242m./stack.sh:main:591                      (B[m tune_host
[2026-06-30T09:54:23.715Z] +[38;5;242mlib/host:tune_host:125                   (B[m configure_host_mem
[2026-06-30T09:54:23.715Z] +[38;5;242mlib/host:configure_host_mem:99           (B[m configure_zswap
[2026-06-30T09:54:23.715Z] +[38;5;242mlib/host:configure_zswap:69              (B[m [[ False == \T\r\u\e ]]
[2026-06-30T09:54:23.715Z] +[38;5;242mlib/host:configure_host_mem:100          (B[m configure_ksm
[2026-06-30T09:54:23.715Z] +[38;5;242mlib/host:configure_ksm:39                (B[m [[ True == \T\r\u\e ]]
[2026-06-30T09:54:23.715Z] +[38;5;242mlib/host:configure_ksm:40                (B[m install_package ksmtuned
[2026-06-30T09:54:23.715Z] +[38;5;242mfunctions-common:install_package:1438    (B[m update_package_repo
[2026-06-30T09:54:23.715Z] +[38;5;242mfunctions-common:update_package_repo:1412 (B[m NO_UPDATE_REPOS=False
[2026-06-30T09:54:23.715Z] +[38;5;242mfunctions-common:update_package_repo:1413 (B[m REPOS_UPDATED=False
[2026-06-30T09:54:23.977Z] +[38;5;242mfunctions-common:update_package_repo:1414 (B[m RETRY_UPDATE=False
[2026-06-30T09:54:23.977Z] +[38;5;242mfunctions-common:update_package_repo:1416 (B[m [[ False = \T\r\u\e ]]
[2026-06-30T09:54:23.977Z] +[38;5;242mfunctions-common:update_package_repo:1420 (B[m is_ubuntu
[2026-06-30T09:54:23.977Z] +[38;5;242mfunctions-common:is_ubuntu:546           (B[m [[ -z deb ]]
[2026-06-30T09:54:23.977Z] +[38;5;242mfunctions-common:is_ubuntu:549           (B[m '[' deb = deb ']'
[2026-06-30T09:54:23.977Z] +[38;5;242mfunctions-common:update_package_repo:1421 (B[m apt_get_update
[2026-06-30T09:54:23.977Z] +[38;5;242mfunctions-common:apt_get_update:1166     (B[m [[ False == \T\r\u\e ]]
[2026-06-30T09:54:23.977Z] +[38;5;242mfunctions-common:apt_get_update:1171     (B[m [[ False = \T\r\u\e ]]
[2026-06-30T09:54:23.977Z] +[38;5;242mfunctions-common:apt_get_update:1173     (B[m local sudo=sudo
[2026-06-30T09:54:23.977Z] ++[38;5;242mfunctions-common:apt_get_update:1174     (B[m id -u
[2026-06-30T09:54:23.977Z] +[38;5;242mfunctions-common:apt_get_update:1174     (B[m [[ 1001 = \0 ]]
[2026-06-30T09:54:24.240Z] +[38;5;242mfunctions-common:apt_get_update:1177     (B[m time_start apt-get-update
[2026-06-30T09:54:24.240Z] +[38;5;242mfunctions-common:time_start:2406         (B[m local name=apt-get-update
[2026-06-30T09:54:24.240Z] +[38;5;242mfunctions-common:time_start:2407         (B[m local start_time=
[2026-06-30T09:54:24.240Z] +[38;5;242mfunctions-common:time_start:2408         (B[m [[ -n '' ]]
[2026-06-30T09:54:24.240Z] ++[38;5;242mfunctions-common:time_start:2411         (B[m date +%s%3N
[2026-06-30T09:54:24.240Z] +[38;5;242mfunctions-common:time_start:2411         (B[m _TIME_START[$name]=1782813272438
[2026-06-30T09:54:24.240Z] +[38;5;242mfunctions-common:apt_get_update:1179     (B[m local 'proxies=http_proxy=http://proxy-in.its.hpecorp.net:80 https_proxy=http://proxy-in.its.hpecorp.net:443 no_proxy=10.201.5.87,10.201.4.29,10.201.3.85,10.201.3.86,localhost,127.0.0.1,10.201.4.31,10.201.4.32,10.201.4.33,10.201.4.34,10.201.1.221,172.28.65.17,172.28.65.18,172.28.65.207,172.28.65.208 '
[2026-06-30T09:54:24.240Z] +[38;5;242mfunctions-common:apt_get_update:1180     (B[m local 'update_cmd=sudo http_proxy=http://proxy-in.its.hpecorp.net:80 https_proxy=http://proxy-in.its.hpecorp.net:443 no_proxy=10.201.5.87,10.201.4.29,10.201.3.85,10.201.3.86,localhost,127.0.0.1,10.201.4.31,10.201.4.32,10.201.4.33,10.201.4.34,10.201.1.221,172.28.65.17,172.28.65.18,172.28.65.207,172.28.65.208  apt-get update'
[2026-06-30T09:54:24.240Z] +[38;5;242mfunctions-common:apt_get_update:1181     (B[m timeout 300 sh -c 'while ! sudo http_proxy=http://proxy-in.its.hpecorp.net:80 https_proxy=http://proxy-in.its.hpecorp.net:443 no_proxy=10.201.5.87,10.201.4.29,10.201.3.85,10.201.3.86,localhost,127.0.0.1,10.201.4.31,10.201.4.32,10.201.4.33,10.201.4.34,10.201.1.221,172.28.65.17,172.28.65.18,172.28.65.207,172.28.65.208  apt-get update; do sleep 30; done'
[2026-06-30T09:54:25.203Z] Hit:1 https://security.ubuntu.com/ubuntu noble-security InRelease
[2026-06-30T09:54:25.469Z] Hit:2 https://in.archive.ubuntu.com/ubuntu noble InRelease
[2026-06-30T09:54:25.736Z] Hit:3 https://in.archive.ubuntu.com/ubuntu noble-updates InRelease
[2026-06-30T09:54:25.736Z] Hit:4 https://in.archive.ubuntu.com/ubuntu noble-backports InRelease
[2026-06-30T09:54:31.045Z] Reading package lists...
[2026-06-30T09:54:31.045Z] +[38;5;242mfunctions-common:apt_get_update:1185     (B[m REPOS_UPDATED=True
[2026-06-30T09:54:31.045Z] +[38;5;242mfunctions-common:apt_get_update:1187     (B[m time_stop apt-get-update
[2026-06-30T09:54:31.045Z] +[38;5;242mfunctions-common:time_stop:2420          (B[m local name
[2026-06-30T09:54:31.045Z] +[38;5;242mfunctions-common:time_stop:2421          (B[m local end_time
[2026-06-30T09:54:31.045Z] +[38;5;242mfunctions-common:time_stop:2422          (B[m local elapsed_time
[2026-06-30T09:54:31.045Z] +[38;5;242mfunctions-common:time_stop:2423          (B[m local total
[2026-06-30T09:54:31.045Z] +[38;5;242mfunctions-common:time_stop:2424          (B[m local start_time
[2026-06-30T09:54:31.045Z] +[38;5;242mfunctions-common:time_stop:2426          (B[m name=apt-get-update
[2026-06-30T09:54:31.045Z] +[38;5;242mfunctions-common:time_stop:2427          (B[m start_time=1782813272438
[2026-06-30T09:54:31.045Z] +[38;5;242mfunctions-common:time_stop:2429          (B[m [[ -z 1782813272438 ]]
[2026-06-30T09:54:31.045Z] ++[38;5;242mfunctions-common:time_stop:2432          (B[m date +%s%3N
[2026-06-30T09:54:31.045Z] +[38;5;242mfunctions-common:time_stop:2432          (B[m end_time=1782813278796
[2026-06-30T09:54:31.045Z] +[38;5;242mfunctions-common:time_stop:2433          (B[m elapsed_time=6358
[2026-06-30T09:54:31.045Z] +[38;5;242mfunctions-common:time_stop:2434          (B[m total=0
[2026-06-30T09:54:31.045Z] +[38;5;242mfunctions-common:time_stop:2436          (B[m _TIME_START[$name]=
[2026-06-30T09:54:31.045Z] +[38;5;242mfunctions-common:time_stop:2437          (B[m _TIME_TOTAL[$name]=6358
[2026-06-30T09:54:31.045Z] +[38;5;242mfunctions-common:install_package:1439    (B[m real_install_package ksmtuned
[2026-06-30T09:54:31.045Z] +[38;5;242mfunctions-common:real_install_package:1426 (B[m is_ubuntu
[2026-06-30T09:54:31.045Z] +[38;5;242mfunctions-common:is_ubuntu:546           (B[m [[ -z deb ]]
[2026-06-30T09:54:31.045Z] +[38;5;242mfunctions-common:is_ubuntu:549           (B[m '[' deb = deb ']'
[2026-06-30T09:54:31.045Z] +[38;5;242mfunctions-common:real_install_package:1427 (B[m apt_get install ksmtuned
[2026-06-30T09:54:31.045Z] +[38;5;242mfunctions-common:apt_get:1207            (B[m sudo DEBIAN_FRONTEND=noninteractive http_proxy=http://proxy-in.its.hpecorp.net:80 https_proxy=http://proxy-in.its.hpecorp.net:443 no_proxy=10.201.5.87,10.201.4.29,10.201.3.85,10.201.3.86,localhost,127.0.0.1,10.201.4.31,10.201.4.32,10.201.4.33,10.201.4.34,10.201.1.221,172.28.65.17,172.28.65.18,172.28.65.207,172.28.65.208 apt-get --option Dpkg::Options::=--force-confold --assume-yes install ksmtuned
[2026-06-30T09:54:31.045Z] Reading package lists...
[2026-06-30T09:54:31.619Z] Building dependency tree...
[2026-06-30T09:54:31.619Z] Reading state information...
[2026-06-30T09:54:31.882Z] ksmtuned is already the newest version (4.20150326).
[2026-06-30T09:54:31.882Z] The following packages were automatically installed and are no longer required:
[2026-06-30T09:54:31.882Z]   libcgi-fast-perl libcgi-pm-perl libclone-perl libencode-locale-perl
[2026-06-30T09:54:31.882Z]   libevent-pthreads-2.1-7t64 libfcgi-bin libfcgi-perl libfcgi0t64
[2026-06-30T09:54:31.882Z]   libhtml-parser-perl libhtml-tagset-perl libhtml-template-perl
[2026-06-30T09:54:31.882Z]   libhttp-date-perl libhttp-message-perl libio-html-perl
[2026-06-30T09:54:31.882Z]   liblwp-mediatypes-perl libmecab2 libprotobuf-lite32t64 libtimedate-perl
[2026-06-30T09:54:31.882Z]   liburi-perl mecab-ipadic mecab-ipadic-utf8 mecab-utils
[2026-06-30T09:54:31.882Z] Use 'sudo apt autoremove' to remove them.
[2026-06-30T09:54:32.145Z] 0 upgraded, 0 newly installed, 0 to remove and 67 not upgraded.
[2026-06-30T09:54:32.145Z] +[38;5;242mfunctions-common:apt_get:1211            (B[m result=0
[2026-06-30T09:54:32.145Z] +[38;5;242mfunctions-common:apt_get:1214            (B[m time_stop apt-get
[2026-06-30T09:54:32.145Z] +[38;5;242mfunctions-common:time_stop:2420          (B[m local name
[2026-06-30T09:54:32.145Z] +[38;5;242mfunctions-common:time_stop:2421          (B[m local end_time
[2026-06-30T09:54:32.145Z] +[38;5;242mfunctions-common:time_stop:2422          (B[m local elapsed_time
[2026-06-30T09:54:32.145Z] +[38;5;242mfunctions-common:time_stop:2423          (B[m local total
[2026-06-30T09:54:32.145Z] +[38;5;242mfunctions-common:time_stop:2424          (B[m local start_time
[2026-06-30T09:54:32.145Z] +[38;5;242mfunctions-common:time_stop:2426          (B[m name=apt-get
[2026-06-30T09:54:32.145Z] +[38;5;242mfunctions-common:time_stop:2427          (B[m start_time=1782813279126
[2026-06-30T09:54:32.145Z] +[38;5;242mfunctions-common:time_stop:2429          (B[m [[ -z 1782813279126 ]]
[2026-06-30T09:54:32.407Z] ++[38;5;242mfunctions-common:time_stop:2432          (B[m date +%s%3N
[2026-06-30T09:54:32.407Z] +[38;5;242mfunctions-common:time_stop:2432          (B[m end_time=1782813280555
[2026-06-30T09:54:32.407Z] +[38;5;242mfunctions-common:time_stop:2433          (B[m elapsed_time=1429
[2026-06-30T09:54:32.407Z] +[38;5;242mfunctions-common:time_stop:2434          (B[m total=1757
[2026-06-30T09:54:32.407Z] +[38;5;242mfunctions-common:time_stop:2436          (B[m _TIME_START[$name]=
[2026-06-30T09:54:32.407Z] +[38;5;242mfunctions-common:time_stop:2437          (B[m _TIME_TOTAL[$name]=3186
[2026-06-30T09:54:32.407Z] +[38;5;242mfunctions-common:apt_get:1215            (B[m return 0
[2026-06-30T09:54:32.407Z] ++[38;5;242mlib/host:configure_ksm:42                (B[m bool_to_int ENABLE_KSM
[2026-06-30T09:54:32.669Z] +[38;5;242mlib/host:configure_ksm:42                (B[m set_sysfs_parameter ksm 0 /sys/kernel/mm/ksm/run
[2026-06-30T09:54:32.669Z] +[38;5;242mlib/host:set_sysfs_parameter:15          (B[m local name=ksm
[2026-06-30T09:54:32.669Z] +[38;5;242mlib/host:set_sysfs_parameter:16          (B[m local value=0
[2026-06-30T09:54:32.669Z] +[38;5;242mlib/host:set_sysfs_parameter:17          (B[m local param_file=/sys/kernel/mm/ksm/run
[2026-06-30T09:54:32.669Z] +[38;5;242mlib/host:set_sysfs_parameter:19          (B[m [[ ! -e /sys/kernel/mm/ksm/run ]]
[2026-06-30T09:54:32.669Z] +[38;5;242mlib/host:set_sysfs_parameter:24          (B[m sudo tee /sys/kernel/mm/ksm/run
[2026-06-30T09:54:32.669Z] +[38;5;242mlib/host:set_sysfs_parameter:24          (B[m echo 0
[2026-06-30T09:54:32.669Z] 0
[2026-06-30T09:54:32.669Z] +[38;5;242mlib/host:configure_host_mem:101          (B[m configure_sysctl_mem_parmaters
[2026-06-30T09:54:32.669Z] +[38;5;242mlib/host:configure_sysctl_mem_parmaters:84 (B[m [[ False == \T\r\u\e ]]
[2026-06-30T09:54:32.933Z] +[38;5;242mlib/host:tune_host:126                   (B[m configure_host_net
[2026-06-30T09:54:32.933Z] +[38;5;242mlib/host:configure_host_net:121          (B[m configure_sysctl_net_parmaters
[2026-06-30T09:54:32.933Z] +[38;5;242mlib/host:configure_sysctl_net_parmaters:106 (B[m [[ False == \T\r\u\e ]]
[2026-06-30T09:54:32.933Z] +[38;5;242m./stack.sh:main:597                      (B[m fetch_plugins
[2026-06-30T09:54:32.933Z] +[38;5;242mfunctions-common:fetch_plugins:1766      (B[m local plugins=
[2026-06-30T09:54:32.933Z] +[38;5;242mfunctions-common:fetch_plugins:1767      (B[m local plugin
[2026-06-30T09:54:32.933Z] +[38;5;242mfunctions-common:fetch_plugins:1770      (B[m [[ -z '' ]]
[2026-06-30T09:54:32.933Z] +[38;5;242mfunctions-common:fetch_plugins:1771      (B[m return
[2026-06-30T09:54:32.933Z] +[38;5;242m./stack.sh:main:601                      (B[m run_phase override_defaults
[2026-06-30T09:54:32.933Z] +[38;5;242mfunctions-common:run_phase:1848          (B[m local mode=override_defaults
[2026-06-30T09:54:32.933Z] +[38;5;242mfunctions-common:run_phase:1849          (B[m local phase=
[2026-06-30T09:54:33.198Z] +[38;5;242mfunctions-common:run_phase:1850          (B[m [[ -d /opt/stack/devstack/extras.d ]]
[2026-06-30T09:54:33.198Z] +[38;5;242mfunctions-common:run_phase:1851          (B[m local extra_plugin_file_name
[2026-06-30T09:54:33.198Z] +[38;5;242mfunctions-common:run_phase:1852          (B[m for extra_plugin_file_name in $TOP_DIR/extras.d/*.sh
[2026-06-30T09:54:33.198Z] +[38;5;242mfunctions-common:run_phase:1857          (B[m local exceptions=80-tempest.sh
[2026-06-30T09:54:33.198Z] +[38;5;242mfunctions-common:run_phase:1858          (B[m local extra
[2026-06-30T09:54:33.198Z] ++[38;5;242mfunctions-common:run_phase:1859          (B[m basename /opt/stack/devstack/extras.d/80-tempest.sh
[2026-06-30T09:54:33.198Z] +[38;5;242mfunctions-common:run_phase:1859          (B[m extra=80-tempest.sh
[2026-06-30T09:54:33.198Z] +[38;5;242mfunctions-common:run_phase:1860          (B[m [[ 80-tempest.sh =~ 80-tempest\.sh ]]
[2026-06-30T09:54:33.198Z] +[38;5;242mfunctions-common:run_phase:1864          (B[m [[ -r /opt/stack/devstack/extras.d/80-tempest.sh ]]
[2026-06-30T09:54:33.198Z] +[38;5;242mfunctions-common:run_phase:1864          (B[m source /opt/stack/devstack/extras.d/80-tempest.sh override_defaults
[2026-06-30T09:54:33.198Z] ++[38;5;242mextras.d/80-tempest.sh:source:3          (B[m is_service_enabled tempest
[2026-06-30T09:54:33.462Z] ++[38;5;242mfunctions-common:is_service_enabled:2076 (B[m return 0
[2026-06-30T09:54:33.462Z] ++[38;5;242mextras.d/80-tempest.sh:source:4          (B[m [[ override_defaults == \s\o\u\r\c\e ]]
[2026-06-30T09:54:33.462Z] ++[38;5;242mextras.d/80-tempest.sh:source:7          (B[m [[ override_defaults == \s\t\a\c\k ]]
[2026-06-30T09:54:33.462Z] ++[38;5;242mextras.d/80-tempest.sh:source:10         (B[m [[ override_defaults == \s\t\a\c\k ]]
[2026-06-30T09:54:33.462Z] ++[38;5;242mextras.d/80-tempest.sh:source:13         (B[m [[ override_defaults == \s\t\a\c\k ]]
[2026-06-30T09:54:33.462Z] ++[38;5;242mextras.d/80-tempest.sh:source:16         (B[m [[ override_defaults == \s\t\a\c\k ]]
[2026-06-30T09:54:33.462Z] ++[38;5;242mextras.d/80-tempest.sh:source:19         (B[m [[ override_defaults == \s\t\a\c\k ]]
[2026-06-30T09:54:33.462Z] ++[38;5;242mextras.d/80-tempest.sh:source:27         (B[m [[ override_defaults == \u\n\s\t\a\c\k ]]
[2026-06-30T09:54:33.462Z] ++[38;5;242mextras.d/80-tempest.sh:source:32         (B[m [[ override_defaults == \c\l\e\a\n ]]
[2026-06-30T09:54:33.724Z] +[38;5;242mfunctions-common:run_phase:1869          (B[m [[ override_defaults == \s\o\u\r\c\e ]]
[2026-06-30T09:54:33.724Z] +[38;5;242mfunctions-common:run_phase:1872          (B[m [[ override_defaults == \o\v\e\r\r\i\d\e\_\d\e\f\a\u\l\t\s ]]
[2026-06-30T09:54:33.724Z] +[38;5;242mfunctions-common:run_phase:1873          (B[m plugin_override_defaults
[2026-06-30T09:54:33.724Z] +[38;5;242mfunctions-common:plugin_override_defaults:1807 (B[m local plugins=
[2026-06-30T09:54:33.724Z] +[38;5;242mfunctions-common:plugin_override_defaults:1808 (B[m local plugin
[2026-06-30T09:54:33.724Z] +[38;5;242mfunctions-common:plugin_override_defaults:1811 (B[m [[ -z '' ]]
[2026-06-30T09:54:33.724Z] +[38;5;242mfunctions-common:plugin_override_defaults:1812 (B[m return
[2026-06-30T09:54:33.724Z] +[38;5;242m./stack.sh:main:604                      (B[m source /opt/stack/devstack/lib/apache
[2026-06-30T09:54:33.996Z] +[38;5;242m./stack.sh:main:607                      (B[m source /opt/stack/devstack/lib/tls
[2026-06-30T09:54:33.996Z] ++[38;5;242mlib/tls:source:38                        (B[m is_service_enabled tls-proxy
[2026-06-30T09:54:33.996Z] ++[38;5;242mfunctions-common:is_service_enabled:2076 (B[m return 1
[2026-06-30T09:54:33.996Z] +++[38;5;242mlib/tls:source:43                        (B[m hostname -f
[2026-06-30T09:54:33.996Z] ++[38;5;242mlib/tls:source:43                        (B[m DEVSTACK_HOSTNAME=localhost
[2026-06-30T09:54:33.996Z] ++[38;5;242mlib/tls:source:44                        (B[m DEVSTACK_CERT_NAME=devstack-cert
[2026-06-30T09:54:34.259Z] ++[38;5;242mlib/tls:source:45                        (B[m DEVSTACK_CERT=/opt/stack/data/devstack-cert.pem
[2026-06-30T09:54:34.259Z] ++[38;5;242mlib/tls:source:48                        (B[m ROOT_CA_DIR=/opt/stack/data/CA/root-ca
[2026-06-30T09:54:34.259Z] ++[38;5;242mlib/tls:source:49                        (B[m INT_CA_DIR=/opt/stack/data/CA/int-ca
[2026-06-30T09:54:34.259Z] ++[38;5;242mlib/tls:source:51                        (B[m ORG_NAME=OpenStack
[2026-06-30T09:54:34.260Z] ++[38;5;242mlib/tls:source:52                        (B[m ORG_UNIT_NAME=DevStack
[2026-06-30T09:54:34.260Z] ++[38;5;242mlib/tls:source:55                        (B[m STUD_PROTO=--tls
[2026-06-30T09:54:34.260Z] ++[38;5;242mlib/tls:source:56                        (B[m STUD_CIPHERS='TLSv1+HIGH:!DES:!aNULL:!eNULL:@STRENGTH'
[2026-06-30T09:54:34.260Z] ++[38;5;242mlib/tls:source:63                        (B[m OPENSSL=/usr/bin/openssl
[2026-06-30T09:54:34.260Z] +[38;5;242m./stack.sh:main:610                      (B[m source /opt/stack/devstack/lib/infra
[2026-06-30T09:54:34.523Z] +[38;5;242m./stack.sh:main:611                      (B[m source /opt/stack/devstack/lib/libraries
[2026-06-30T09:54:34.523Z] +[38;5;242m./stack.sh:main:612                      (B[m source /opt/stack/devstack/lib/lvm
[2026-06-30T09:54:34.792Z] +[38;5;242m./stack.sh:main:613                      (B[m source /opt/stack/devstack/lib/horizon
[2026-06-30T09:54:34.792Z] +[38;5;242m./stack.sh:main:614                      (B[m source /opt/stack/devstack/lib/keystone
[2026-06-30T09:54:35.055Z] +[38;5;242m./stack.sh:main:615                      (B[m source /opt/stack/devstack/lib/glance
[2026-06-30T09:54:35.320Z] +[38;5;242m./stack.sh:main:616                      (B[m source /opt/stack/devstack/lib/nova
[2026-06-30T09:54:35.594Z] +[38;5;242m./stack.sh:main:617                      (B[m source /opt/stack/devstack/lib/placement
[2026-06-30T09:54:35.873Z] +[38;5;242m./stack.sh:main:618                      (B[m source /opt/stack/devstack/lib/cinder
[2026-06-30T09:54:36.168Z] +[38;5;242m./stack.sh:main:619                      (B[m source /opt/stack/devstack/lib/swift
[2026-06-30T09:54:36.168Z] +[38;5;242m./stack.sh:main:620                      (B[m source /opt/stack/devstack/lib/neutron
[2026-06-30T09:54:36.429Z] ++[38;5;242mlib/neutron:source:61                    (B[m is_service_enabled tls-proxy
[2026-06-30T09:54:36.429Z] ++[38;5;242mfunctions-common:is_service_enabled:2076 (B[m return 1
[2026-06-30T09:54:36.429Z] ++[38;5;242mlib/neutron:source:66                    (B[m GITDIR["python-neutronclient"]=/opt/stack/python-neutronclient
[2026-06-30T09:54:36.429Z] ++[38;5;242mlib/neutron:source:68                    (B[m NEUTRON_DIR=/opt/stack/neutron
[2026-06-30T09:54:36.429Z] ++[38;5;242mlib/neutron:source:69                    (B[m NEUTRON_FWAAS_DIR=/opt/stack/neutron-fwaas
[2026-06-30T09:54:36.429Z] ++[38;5;242mlib/neutron:source:72                    (B[m [[ -d /opt/stack/neutron/bin/neutron-server ]]
[2026-06-30T09:54:36.691Z] +++[38;5;242mlib/neutron:source:75                    (B[m get_python_exec_prefix
[2026-06-30T09:54:36.691Z] +++[38;5;242minc/python:get_python_exec_prefix:80     (B[m [[ True == \T\r\u\e ]]
[2026-06-30T09:54:36.692Z] +++[38;5;242minc/python:get_python_exec_prefix:81     (B[m echo /opt/stack/data/venv/bin
[2026-06-30T09:54:36.692Z] ++[38;5;242mlib/neutron:source:75                    (B[m NEUTRON_BIN_DIR=/opt/stack/data/venv/bin
[2026-06-30T09:54:36.692Z] ++[38;5;242mlib/neutron:source:78                    (B[m NEUTRON_CONF_DIR=/etc/neutron
[2026-06-30T09:54:36.692Z] ++[38;5;242mlib/neutron:source:79                    (B[m NEUTRON_CONF=/etc/neutron/neutron.conf
[2026-06-30T09:54:36.692Z] ++[38;5;242mlib/neutron:source:80                    (B[m export NEUTRON_TEST_CONFIG_FILE=/etc/neutron/debug.ini
[2026-06-30T09:54:36.957Z] ++[38;5;242mlib/neutron:source:80                    (B[m NEUTRON_TEST_CONFIG_FILE=/etc/neutron/debug.ini
[2026-06-30T09:54:36.957Z] ++[38;5;242mlib/neutron:source:82                    (B[m NEUTRON_UWSGI=neutron.wsgi.api:application
[2026-06-30T09:54:36.957Z] ++[38;5;242mlib/neutron:source:83                    (B[m NEUTRON_UWSGI_CONF=/etc/neutron/neutron-api-uwsgi.ini
[2026-06-30T09:54:36.957Z] +++[38;5;242mlib/neutron:source:89                    (B[m trueorfalse True NEUTRON_ENFORCE_SCOPE
[2026-06-30T09:54:36.957Z] ++[38;5;242mlib/neutron:source:89                    (B[m NEUTRON_ENFORCE_SCOPE=True
[2026-06-30T09:54:36.957Z] ++[38;5;242mlib/neutron:source:93                    (B[m AGENT_DHCP_BINARY=/opt/stack/data/venv/bin/neutron-dhcp-agent
[2026-06-30T09:54:36.957Z] ++[38;5;242mlib/neutron:source:94                    (B[m AGENT_L3_BINARY=/opt/stack/data/venv/bin/neutron-l3-agent
[2026-06-30T09:54:37.222Z] ++[38;5;242mlib/neutron:source:95                    (B[m AGENT_META_BINARY=/opt/stack/data/venv/bin/neutron-metadata-agent
[2026-06-30T09:54:37.222Z] ++[38;5;242mlib/neutron:source:99                    (B[m Q_DHCP_CONF_FILE=/etc/neutron/dhcp_agent.ini
[2026-06-30T09:54:37.222Z] ++[38;5;242mlib/neutron:source:102                   (B[m NEUTRON_DHCP_CONF=/etc/neutron/dhcp_agent.ini
[2026-06-30T09:54:37.222Z] ++[38;5;242mlib/neutron:source:103                   (B[m Q_L3_CONF_FILE=/etc/neutron/l3_agent.ini
[2026-06-30T09:54:37.222Z] ++[38;5;242mlib/neutron:source:106                   (B[m NEUTRON_L3_CONF=/etc/neutron/l3_agent.ini
[2026-06-30T09:54:37.222Z] ++[38;5;242mlib/neutron:source:107                   (B[m Q_META_CONF_FILE=/etc/neutron/metadata_agent.ini
[2026-06-30T09:54:37.222Z] ++[38;5;242mlib/neutron:source:110                   (B[m Q_DB_NAME=neutron
[2026-06-30T09:54:37.222Z] ++[38;5;242mlib/neutron:source:112                   (B[m Q_PLUGIN=ml2
[2026-06-30T09:54:37.222Z] ++[38;5;242mlib/neutron:source:114                   (B[m Q_HOST=10.132.239.110
[2026-06-30T09:54:37.222Z] ++[38;5;242mlib/neutron:source:116                   (B[m Q_PROTOCOL=http
[2026-06-30T09:54:37.484Z] +++[38;5;242mlib/neutron:source:118                   (B[m ipv6_unquote 0.0.0.0
[2026-06-30T09:54:37.484Z] +++[38;5;242mfunctions-common:ipv6_unquote:2218       (B[m echo 0.0.0.0
[2026-06-30T09:54:37.484Z] +++[38;5;242mfunctions-common:ipv6_unquote:2218       (B[m tr -d '[]'
[2026-06-30T09:54:37.484Z] ++[38;5;242mlib/neutron:source:118                   (B[m Q_LISTEN_ADDRESS=0.0.0.0
[2026-06-30T09:54:37.484Z] ++[38;5;242mlib/neutron:source:120                   (B[m Q_ADMIN_USERNAME=neutron
[2026-06-30T09:54:37.484Z] ++[38;5;242mlib/neutron:source:122                   (B[m Q_AUTH_STRATEGY=keystone
[2026-06-30T09:54:37.484Z] ++[38;5;242mlib/neutron:source:124                   (B[m Q_OVS_USE_VETH=False
[2026-06-30T09:54:37.484Z] ++[38;5;242mlib/neutron:source:125                   (B[m Q_USE_ROOTWRAP=True
[2026-06-30T09:54:37.484Z] +++[38;5;242mlib/neutron:source:126                   (B[m trueorfalse True Q_USE_ROOTWRAP_DAEMON
[2026-06-30T09:54:37.748Z] ++[38;5;242mlib/neutron:source:126                   (B[m Q_USE_ROOTWRAP_DAEMON=True
[2026-06-30T09:54:37.748Z] +++[38;5;242mlib/neutron:source:128                   (B[m ipv6_unquote 10.132.239.110
[2026-06-30T09:54:37.748Z] +++[38;5;242mfunctions-common:ipv6_unquote:2218       (B[m echo 10.132.239.110
[2026-06-30T09:54:37.748Z] +++[38;5;242mfunctions-common:ipv6_unquote:2218       (B[m tr -d '[]'
[2026-06-30T09:54:37.748Z] ++[38;5;242mlib/neutron:source:128                   (B[m Q_META_DATA_IP=10.132.239.110
[2026-06-30T09:54:37.748Z] ++[38;5;242mlib/neutron:source:130                   (B[m Q_ALLOW_OVERLAPPING_IP=True
[2026-06-30T09:54:37.748Z] ++[38;5;242mlib/neutron:source:131                   (B[m Q_NOTIFY_NOVA_PORT_STATUS_CHANGES=True
[2026-06-30T09:54:37.748Z] ++[38;5;242mlib/neutron:source:132                   (B[m Q_NOTIFY_NOVA_PORT_DATA_CHANGES=True
[2026-06-30T09:54:37.748Z] ++[38;5;242mlib/neutron:source:133                   (B[m VIF_PLUGGING_IS_FATAL=True
[2026-06-30T09:54:38.013Z] ++[38;5;242mlib/neutron:source:134                   (B[m VIF_PLUGGING_TIMEOUT=300
[2026-06-30T09:54:38.013Z] ++[38;5;242mlib/neutron:source:137                   (B[m SKIP_STOP_OVN=False
[2026-06-30T09:54:38.013Z] ++[38;5;242mlib/neutron:source:141                   (B[m _Q_PLUGIN_EXTRA_CONF_PATH=/etc/neutron
[2026-06-30T09:54:38.013Z] ++[38;5;242mlib/neutron:source:144                   (B[m NEUTRON_ENDPOINT_SERVICE_NAME=networking
[2026-06-30T09:54:38.013Z] ++[38;5;242mlib/neutron:source:145                   (B[m [[ -z networking ]]
[2026-06-30T09:54:38.013Z] ++[38;5;242mlib/neutron:source:150                   (B[m ALEMBIC_REPO=https://github.com/sqlalchemy/alembic.git
[2026-06-30T09:54:38.013Z] ++[38;5;242mlib/neutron:source:151                   (B[m ALEMBIC_DIR=/opt/stack/alembic
[2026-06-30T09:54:38.013Z] ++[38;5;242mlib/neutron:source:152                   (B[m ALEMBIC_BRANCH=main
[2026-06-30T09:54:38.013Z] ++[38;5;242mlib/neutron:source:153                   (B[m SQLALCHEMY_REPO=https://github.com/sqlalchemy/sqlalchemy.git
[2026-06-30T09:54:38.013Z] ++[38;5;242mlib/neutron:source:154                   (B[m SQLALCHEMY_DIR=/opt/stack/sqlalchemy
[2026-06-30T09:54:38.013Z] ++[38;5;242mlib/neutron:source:155                   (B[m SQLALCHEMY_BRANCH=main
[2026-06-30T09:54:38.277Z] ++[38;5;242mlib/neutron:source:166                   (B[m declare -a -g Q_PLUGIN_EXTRA_CONF_FILES
[2026-06-30T09:54:38.277Z] ++[38;5;242mlib/neutron:source:169                   (B[m declare -a -g _Q_PLUGIN_EXTRA_CONF_FILES_ABS
[2026-06-30T09:54:38.277Z] ++[38;5;242mlib/neutron:source:172                   (B[m Q_RR_CONF_FILE=/etc/neutron/rootwrap.conf
[2026-06-30T09:54:38.277Z] ++[38;5;242mlib/neutron:source:173                   (B[m [[ True == \F\a\l\s\e ]]
[2026-06-30T09:54:38.277Z] +++[38;5;242mlib/neutron:source:176                   (B[m get_rootwrap_location neutron
[2026-06-30T09:54:38.277Z] +++[38;5;242mfunctions:get_rootwrap_location:601      (B[m local module=neutron
[2026-06-30T09:54:38.277Z] ++++[38;5;242mfunctions:get_rootwrap_location:603      (B[m get_python_exec_prefix
[2026-06-30T09:54:38.538Z] ++++[38;5;242minc/python:get_python_exec_prefix:80     (B[m [[ True == \T\r\u\e ]]
[2026-06-30T09:54:38.538Z] ++++[38;5;242minc/python:get_python_exec_prefix:81     (B[m echo /opt/stack/data/venv/bin
[2026-06-30T09:54:38.538Z] +++[38;5;242mfunctions:get_rootwrap_location:603      (B[m echo /opt/stack/data/venv/bin/neutron-rootwrap
[2026-06-30T09:54:38.538Z] ++[38;5;242mlib/neutron:source:176                   (B[m NEUTRON_ROOTWRAP=/opt/stack/data/venv/bin/neutron-rootwrap
[2026-06-30T09:54:38.538Z] ++[38;5;242mlib/neutron:source:177                   (B[m Q_RR_COMMAND='sudo /opt/stack/data/venv/bin/neutron-rootwrap /etc/neutron/rootwrap.conf'
[2026-06-30T09:54:38.538Z] ++[38;5;242mlib/neutron:source:178                   (B[m [[ True == \T\r\u\e ]]
[2026-06-30T09:54:38.538Z] ++[38;5;242mlib/neutron:source:179                   (B[m Q_RR_DAEMON_COMMAND='sudo /opt/stack/data/venv/bin/neutron-rootwrap-daemon /etc/neutron/rootwrap.conf'
[2026-06-30T09:54:38.538Z] ++[38;5;242mlib/neutron:source:191                   (B[m Q_DVR_MODE=legacy
[2026-06-30T09:54:38.538Z] ++[38;5;242mlib/neutron:source:192                   (B[m [[ legacy != \l\e\g\a\c\y ]]
[2026-06-30T09:54:38.538Z] ++[38;5;242mlib/neutron:source:208                   (B[m ENABLE_TENANT_TUNNELS=True
[2026-06-30T09:54:38.538Z] ++[38;5;242mlib/neutron:source:213                   (B[m TENANT_TUNNEL_RANGES=1:1000
[2026-06-30T09:54:38.800Z] ++[38;5;242mlib/neutron:source:218                   (B[m ENABLE_TENANT_VLANS=False
[2026-06-30T09:54:38.800Z] ++[38;5;242mlib/neutron:source:226                   (B[m TENANT_VLAN_RANGE=
[2026-06-30T09:54:38.800Z] ++[38;5;242mlib/neutron:source:234                   (B[m PHYSICAL_NETWORK=public
[2026-06-30T09:54:38.800Z] ++[38;5;242mlib/neutron:source:244                   (B[m OVS_PHYSICAL_BRIDGE=br-ex
[2026-06-30T09:54:38.800Z] ++[38;5;242mlib/neutron:source:250                   (B[m OVS_ENABLE_TUNNELING=True
[2026-06-30T09:54:38.800Z] ++[38;5;242mlib/neutron:source:254                   (B[m ENABLE_ISOLATED_METADATA=False
[2026-06-30T09:54:38.800Z] ++[38;5;242mlib/neutron:source:259                   (B[m ENABLE_METADATA_NETWORK=False
[2026-06-30T09:54:38.800Z] ++[38;5;242mlib/neutron:source:264                   (B[m '[' -f /opt/stack/devstack/lib/neutron_plugins/ml2 ']'
[2026-06-30T09:54:38.800Z] ++[38;5;242mlib/neutron:source:265                   (B[m source /opt/stack/devstack/lib/neutron_plugins/ml2
[2026-06-30T09:54:39.377Z] ++[38;5;242mlib/neutron:source:272                   (B[m source /opt/stack/devstack/lib/neutron_plugins/services/metering
[2026-06-30T09:54:39.377Z] ++[38;5;242mlib/neutron:source:275                   (B[m source /opt/stack/devstack/lib/neutron_plugins/services/l3
[2026-06-30T09:54:39.377Z] +++[38;5;242mlib/neutron_plugins/services/l3:source:3 (B[m IP_VERSION=4
[2026-06-30T09:54:39.377Z] +++[38;5;242mlib/neutron_plugins/services/l3:source:5 (B[m [[ 4 != \4 ]]
[2026-06-30T09:54:39.644Z] +++[38;5;242mlib/neutron_plugins/services/l3:source:9 (B[m NEUTRON_CREATE_INITIAL_NETWORKS=True
[2026-06-30T09:54:39.644Z] +++[38;5;242mlib/neutron_plugins/services/l3:source:12 (B[m PROVIDER_SUBNET_NAME=provider_net
[2026-06-30T09:54:39.644Z] +++[38;5;242mlib/neutron_plugins/services/l3:source:13 (B[m IPV6_PROVIDER_SUBNET_NAME=provider_net_v6
[2026-06-30T09:54:39.644Z] +++[38;5;242mlib/neutron_plugins/services/l3:source:14 (B[m IPV6_PROVIDER_FIXED_RANGE=
[2026-06-30T09:54:39.644Z] +++[38;5;242mlib/neutron_plugins/services/l3:source:15 (B[m IPV6_PROVIDER_NETWORK_GATEWAY=
[2026-06-30T09:54:39.644Z] +++[38;5;242mlib/neutron_plugins/services/l3:source:17 (B[m PUBLIC_BRIDGE=br-ex
[2026-06-30T09:54:39.644Z] +++[38;5;242mlib/neutron_plugins/services/l3:source:18 (B[m PUBLIC_BRIDGE_MTU=1500
[2026-06-30T09:54:39.644Z] +++[38;5;242mlib/neutron_plugins/services/l3:source:23 (B[m Q_ASSIGN_GATEWAY_TO_PUBLIC_BRIDGE=True
[2026-06-30T09:54:39.644Z] +++[38;5;242mlib/neutron_plugins/services/l3:source:26 (B[m Q_ROUTER_NAME=router1
[2026-06-30T09:54:39.644Z] +++[38;5;242mlib/neutron_plugins/services/l3:source:31 (B[m Q_USE_PUBLIC_VETH=False
[2026-06-30T09:54:39.644Z] +++[38;5;242mlib/neutron_plugins/services/l3:source:32 (B[m Q_PUBLIC_VETH_EX=veth-pub-ex
[2026-06-30T09:54:39.907Z] +++[38;5;242mlib/neutron_plugins/services/l3:source:33 (B[m Q_PUBLIC_VETH_INT=veth-pub-int
[2026-06-30T09:54:39.907Z] +++[38;5;242mlib/neutron_plugins/services/l3:source:39 (B[m Q_L3_ROUTER_PER_TENANT=True
[2026-06-30T09:54:39.907Z] +++[38;5;242mlib/neutron_plugins/services/l3:source:72 (B[m Q_USE_PROVIDERNET_FOR_PUBLIC=True
[2026-06-30T09:54:39.907Z] +++[38;5;242mlib/neutron_plugins/services/l3:source:73 (B[m PUBLIC_PHYSICAL_NETWORK=public
[2026-06-30T09:54:39.907Z] ++++[38;5;242mlib/neutron_plugins/services/l3:source:76 (B[m uuidgen
[2026-06-30T09:54:39.907Z] ++++[38;5;242mlib/neutron_plugins/services/l3:source:76 (B[m sed s/-//g
[2026-06-30T09:54:39.907Z] ++++[38;5;242mlib/neutron_plugins/services/l3:source:76 (B[m cut -c 23-
[2026-06-30T09:54:39.907Z] ++++[38;5;242mlib/neutron_plugins/services/l3:source:76 (B[m sed -e 's/\(..\)\(....\)\(....\)/\1:\2:\3/'
[2026-06-30T09:54:39.907Z] +++[38;5;242mlib/neutron_plugins/services/l3:source:76 (B[m IPV6_GLOBAL_ID=40:6439:8b33
[2026-06-30T09:54:39.907Z] +++[38;5;242mlib/neutron_plugins/services/l3:source:79 (B[m IPV6_RA_MODE=slaac
[2026-06-30T09:54:39.907Z] +++[38;5;242mlib/neutron_plugins/services/l3:source:80 (B[m IPV6_ADDRESS_MODE=slaac
[2026-06-30T09:54:39.907Z] +++[38;5;242mlib/neutron_plugins/services/l3:source:81 (B[m IPV6_PUBLIC_SUBNET_NAME=ipv6-public-subnet
[2026-06-30T09:54:40.169Z] +++[38;5;242mlib/neutron_plugins/services/l3:source:82 (B[m IPV6_PRIVATE_SUBNET_NAME=ipv6-private-subnet
[2026-06-30T09:54:40.169Z] +++[38;5;242mlib/neutron_plugins/services/l3:source:83 (B[m IPV6_ADDRS_SAFE_TO_USE=fd40:6439:8b33::/56
[2026-06-30T09:54:40.169Z] ++++[38;5;242mlib/neutron_plugins/services/l3:source:86 (B[m echo fd40:6439:8b33::/56
[2026-06-30T09:54:40.169Z] ++++[38;5;242mlib/neutron_plugins/services/l3:source:86 (B[m awk -F / '{ print $1"/"($2>63 ? $2 : 64) }'
[2026-06-30T09:54:40.169Z] +++[38;5;242mlib/neutron_plugins/services/l3:source:86 (B[m FIXED_RANGE_V6=fd40:6439:8b33::/64
[2026-06-30T09:54:40.169Z] +++[38;5;242mlib/neutron_plugins/services/l3:source:87 (B[m IPV6_PRIVATE_NETWORK_GATEWAY=
[2026-06-30T09:54:40.169Z] +++[38;5;242mlib/neutron_plugins/services/l3:source:88 (B[m IPV6_PUBLIC_RANGE=2001:db8::/64
[2026-06-30T09:54:40.169Z] +++[38;5;242mlib/neutron_plugins/services/l3:source:89 (B[m IPV6_PUBLIC_NETWORK_GATEWAY=2001:db8::2
[2026-06-30T09:54:40.169Z] +++[38;5;242mlib/neutron_plugins/services/l3:source:90 (B[m IPV6_ROUTER_GW_IP=2001:db8::1
[2026-06-30T09:54:40.169Z] +++[38;5;242mlib/neutron_plugins/services/l3:source:93 (B[m NETWORK_GATEWAY=
[2026-06-30T09:54:40.169Z] +++[38;5;242mlib/neutron_plugins/services/l3:source:94 (B[m PUBLIC_NETWORK_GATEWAY=
[2026-06-30T09:54:40.435Z] +++[38;5;242mlib/neutron_plugins/services/l3:source:95 (B[m PRIVATE_SUBNET_NAME=private-subnet
[2026-06-30T09:54:40.435Z] +++[38;5;242mlib/neutron_plugins/services/l3:source:96 (B[m PUBLIC_SUBNET_NAME=public-subnet
[2026-06-30T09:54:40.435Z] +++[38;5;242mlib/neutron_plugins/services/l3:source:97 (B[m PUBLIC_SUBNET_ENABLE_DHCP=False
[2026-06-30T09:54:40.435Z] +++[38;5;242mlib/neutron_plugins/services/l3:source:100 (B[m USE_SUBNETPOOL=False
[2026-06-30T09:54:40.435Z] +++[38;5;242mlib/neutron_plugins/services/l3:source:101 (B[m SUBNETPOOL_NAME_V4=shared-default-subnetpool-v4
[2026-06-30T09:54:40.435Z] +++[38;5;242mlib/neutron_plugins/services/l3:source:102 (B[m SUBNETPOOL_NAME_V6=shared-default-subnetpool-v6
[2026-06-30T09:54:40.435Z] +++[38;5;242mlib/neutron_plugins/services/l3:source:104 (B[m SUBNETPOOL_PREFIX_V4=10.0.0.0/22
[2026-06-30T09:54:40.435Z] +++[38;5;242mlib/neutron_plugins/services/l3:source:105 (B[m SUBNETPOOL_PREFIX_V6=fd40:6439:8b33::/56
[2026-06-30T09:54:40.435Z] +++[38;5;242mlib/neutron_plugins/services/l3:source:107 (B[m SUBNETPOOL_SIZE_V4=26
[2026-06-30T09:54:40.435Z] +++[38;5;242mlib/neutron_plugins/services/l3:source:108 (B[m SUBNETPOOL_SIZE_V6=64
[2026-06-30T09:54:40.705Z] ++++[38;5;242mlib/neutron_plugins/services/l3:source:110 (B[m ip -4 route
[2026-06-30T09:54:40.705Z] ++++[38;5;242mlib/neutron_plugins/services/l3:source:110 (B[m awk '{print $5}'
[2026-06-30T09:54:40.706Z] ++++[38;5;242mlib/neutron_plugins/services/l3:source:110 (B[m grep '^default'
[2026-06-30T09:54:40.706Z] +++[38;5;242mlib/neutron_plugins/services/l3:source:110 (B[m default_v4_route_devs=ens192
[2026-06-30T09:54:40.706Z] ++++[38;5;242mlib/neutron_plugins/services/l3:source:112 (B[m ip -6 route list match default table all
[2026-06-30T09:54:40.706Z] ++++[38;5;242mlib/neutron_plugins/services/l3:source:112 (B[m grep via
[2026-06-30T09:54:40.706Z] ++++[38;5;242mlib/neutron_plugins/services/l3:source:112 (B[m awk '{print $5}'
[2026-06-30T09:54:40.706Z] +++[38;5;242mlib/neutron_plugins/services/l3:source:112 (B[m default_v6_route_devs=
[2026-06-30T09:54:40.706Z] ++[38;5;242mlib/neutron:source:278                   (B[m source /opt/stack/devstack/lib/neutron_plugins/services/placement
[2026-06-30T09:54:40.706Z] ++[38;5;242mlib/neutron:source:279                   (B[m source /opt/stack/devstack/lib/neutron_plugins/services/trunk
[2026-06-30T09:54:40.706Z] ++[38;5;242mlib/neutron:source:280                   (B[m source /opt/stack/devstack/lib/neutron_plugins/services/qos
[2026-06-30T09:54:40.706Z] ++[38;5;242mlib/neutron:source:281                   (B[m source /opt/stack/devstack/lib/neutron_plugins/services/segments
[2026-06-30T09:54:40.706Z] ++[38;5;242mlib/neutron:source:282                   (B[m source /opt/stack/devstack/lib/neutron_plugins/services/ovn-bgp
[2026-06-30T09:54:40.968Z] ++[38;5;242mlib/neutron:source:285                   (B[m has_neutron_plugin_security_group
[2026-06-30T09:54:40.968Z] ++[38;5;242mlib/neutron_plugins/ml2:has_neutron_plugin_security_group:146 (B[m return 0
[2026-06-30T09:54:40.968Z] ++[38;5;242mlib/neutron:source:286                   (B[m Q_USE_SECGROUP=True
[2026-06-30T09:54:40.968Z] ++[38;5;242mlib/neutron:source:294                   (B[m OVN_BRIDGE_MAPPINGS=public:br-ex
[2026-06-30T09:54:40.968Z] +[38;5;242m./stack.sh:main:621                      (B[m source /opt/stack/devstack/lib/ldap
[2026-06-30T09:54:41.232Z] +[38;5;242m./stack.sh:main:622                      (B[m source /opt/stack/devstack/lib/dstat
[2026-06-30T09:54:41.232Z] +[38;5;242m./stack.sh:main:623                      (B[m source /opt/stack/devstack/lib/atop
[2026-06-30T09:54:41.496Z] +[38;5;242m./stack.sh:main:624                      (B[m source /opt/stack/devstack/lib/tcpdump
[2026-06-30T09:54:41.496Z] +[38;5;242m./stack.sh:main:625                      (B[m source /opt/stack/devstack/lib/etcd3
[2026-06-30T09:54:41.790Z] +[38;5;242m./stack.sh:main:626                      (B[m source /opt/stack/devstack/lib/os-vif
[2026-06-30T09:54:41.790Z] +++[38;5;242mlib/os-vif:source:12                     (B[m is_ml2_ovs
[2026-06-30T09:54:41.790Z] +++[38;5;242mlib/os-vif:is_ml2_ovs:4                  (B[m [[ ovn == \o\p\e\n\v\s\w\i\t\c\h ]]
[2026-06-30T09:54:41.790Z] +++[38;5;242mlib/os-vif:is_ml2_ovs:7                  (B[m echo False
[2026-06-30T09:54:41.790Z] ++[38;5;242mlib/os-vif:source:12                     (B[m OS_VIF_OVS_ISOLATE_VIF=False
[2026-06-30T09:54:41.790Z] +++[38;5;242mlib/os-vif:source:13                     (B[m trueorfalse False OS_VIF_OVS_ISOLATE_VIF
[2026-06-30T09:54:42.077Z] ++[38;5;242mlib/os-vif:source:13                     (B[m OS_VIF_OVS_ISOLATE_VIF=False
[2026-06-30T09:54:42.077Z] +[38;5;242m./stack.sh:main:632                      (B[m run_phase source
[2026-06-30T09:54:42.077Z] +[38;5;242mfunctions-common:run_phase:1848          (B[m local mode=source
[2026-06-30T09:54:42.077Z] +[38;5;242mfunctions-common:run_phase:1849          (B[m local phase=
[2026-06-30T09:54:42.077Z] +[38;5;242mfunctions-common:run_phase:1850          (B[m [[ -d /opt/stack/devstack/extras.d ]]
[2026-06-30T09:54:42.077Z] +[38;5;242mfunctions-common:run_phase:1851          (B[m local extra_plugin_file_name
[2026-06-30T09:54:42.077Z] +[38;5;242mfunctions-common:run_phase:1852          (B[m for extra_plugin_file_name in $TOP_DIR/extras.d/*.sh
[2026-06-30T09:54:42.341Z] +[38;5;242mfunctions-common:run_phase:1857          (B[m local exceptions=80-tempest.sh
[2026-06-30T09:54:42.341Z] +[38;5;242mfunctions-common:run_phase:1858          (B[m local extra
[2026-06-30T09:54:42.341Z] ++[38;5;242mfunctions-common:run_phase:1859          (B[m basename /opt/stack/devstack/extras.d/80-tempest.sh
[2026-06-30T09:54:42.341Z] +[38;5;242mfunctions-common:run_phase:1859          (B[m extra=80-tempest.sh
[2026-06-30T09:54:42.341Z] +[38;5;242mfunctions-common:run_phase:1860          (B[m [[ 80-tempest.sh =~ 80-tempest\.sh ]]
[2026-06-30T09:54:42.341Z] +[38;5;242mfunctions-common:run_phase:1864          (B[m [[ -r /opt/stack/devstack/extras.d/80-tempest.sh ]]
[2026-06-30T09:54:42.341Z] +[38;5;242mfunctions-common:run_phase:1864          (B[m source /opt/stack/devstack/extras.d/80-tempest.sh source
[2026-06-30T09:54:42.341Z] ++[38;5;242mextras.d/80-tempest.sh:source:3          (B[m is_service_enabled tempest
[2026-06-30T09:54:42.611Z] ++[38;5;242mfunctions-common:is_service_enabled:2076 (B[m return 0
[2026-06-30T09:54:42.611Z] ++[38;5;242mextras.d/80-tempest.sh:source:4          (B[m [[ source == \s\o\u\r\c\e ]]
[2026-06-30T09:54:42.611Z] ++[38;5;242mextras.d/80-tempest.sh:source:6          (B[m source /opt/stack/devstack/lib/tempest
[2026-06-30T09:54:42.878Z] ++[38;5;242mextras.d/80-tempest.sh:source:27         (B[m [[ source == \u\n\s\t\a\c\k ]]
[2026-06-30T09:54:42.878Z] ++[38;5;242mextras.d/80-tempest.sh:source:32         (B[m [[ source == \c\l\e\a\n ]]
[2026-06-30T09:54:42.878Z] +[38;5;242mfunctions-common:run_phase:1869          (B[m [[ source == \s\o\u\r\c\e ]]
[2026-06-30T09:54:42.878Z] +[38;5;242mfunctions-common:run_phase:1870          (B[m load_plugin_settings
[2026-06-30T09:54:42.878Z] +[38;5;242mfunctions-common:load_plugin_settings:1784 (B[m local plugins=
[2026-06-30T09:54:42.878Z] +[38;5;242mfunctions-common:load_plugin_settings:1785 (B[m local plugin
[2026-06-30T09:54:42.878Z] +[38;5;242mfunctions-common:load_plugin_settings:1788 (B[m [[ -z '' ]]
[2026-06-30T09:54:42.878Z] +[38;5;242mfunctions-common:load_plugin_settings:1789 (B[m return
[2026-06-30T09:54:43.142Z] +[38;5;242mfunctions-common:run_phase:1871          (B[m verify_disabled_services
[2026-06-30T09:54:43.142Z] +[38;5;242mfunctions-common:verify_disabled_services:2131 (B[m local service
[2026-06-30T09:54:43.142Z] +[38;5;242mfunctions-common:verify_disabled_services:2132 (B[m for service in ${ENABLED_SERVICES//,/ }
[2026-06-30T09:54:43.142Z] +[38;5;242mfunctions-common:verify_disabled_services:2133 (B[m [[ ,n-net,horizon,heat,h-api,h-api-cfn,h-api-cw, =~ ,key, ]]
[2026-06-30T09:54:43.142Z] +[38;5;242mfunctions-common:verify_disabled_services:2132 (B[m for service in ${ENABLED_SERVICES//,/ }
[2026-06-30T09:54:43.142Z] +[38;5;242mfunctions-common:verify_disabled_services:2133 (B[m [[ ,n-net,horizon,heat,h-api,h-api-cfn,h-api-cw, =~ ,n-api, ]]
[2026-06-30T09:54:43.142Z] +[38;5;242mfunctions-common:verify_disabled_services:2132 (B[m for service in ${ENABLED_SERVICES//,/ }
[2026-06-30T09:54:43.142Z] +[38;5;242mfunctions-common:verify_disabled_services:2133 (B[m [[ ,n-net,horizon,heat,h-api,h-api-cfn,h-api-cw, =~ ,n-cpu, ]]
[2026-06-30T09:54:43.142Z] +[38;5;242mfunctions-common:verify_disabled_services:2132 (B[m for service in ${ENABLED_SERVICES//,/ }
[2026-06-30T09:54:43.409Z] +[38;5;242mfunctions-common:verify_disabled_services:2133 (B[m [[ ,n-net,horizon,heat,h-api,h-api-cfn,h-api-cw, =~ ,n-cond, ]]
[2026-06-30T09:54:43.409Z] +[38;5;242mfunctions-common:verify_disabled_services:2132 (B[m for service in ${ENABLED_SERVICES//,/ }
[2026-06-30T09:54:43.409Z] +[38;5;242mfunctions-common:verify_disabled_services:2133 (B[m [[ ,n-net,horizon,heat,h-api,h-api-cfn,h-api-cw, =~ ,n-sch, ]]
[2026-06-30T09:54:43.409Z] +[38;5;242mfunctions-common:verify_disabled_services:2132 (B[m for service in ${ENABLED_SERVICES//,/ }
[2026-06-30T09:54:43.409Z] +[38;5;242mfunctions-common:verify_disabled_services:2133 (B[m [[ ,n-net,horizon,heat,h-api,h-api-cfn,h-api-cw, =~ ,n-novnc, ]]
[2026-06-30T09:54:43.409Z] +[38;5;242mfunctions-common:verify_disabled_services:2132 (B[m for service in ${ENABLED_SERVICES//,/ }
[2026-06-30T09:54:43.409Z] +[38;5;242mfunctions-common:verify_disabled_services:2133 (B[m [[ ,n-net,horizon,heat,h-api,h-api-cfn,h-api-cw, =~ ,n-api-meta, ]]
[2026-06-30T09:54:43.409Z] +[38;5;242mfunctions-common:verify_disabled_services:2132 (B[m for service in ${ENABLED_SERVICES//,/ }
[2026-06-30T09:54:43.409Z] +[38;5;242mfunctions-common:verify_disabled_services:2133 (B[m [[ ,n-net,horizon,heat,h-api,h-api-cfn,h-api-cw, =~ ,placement-api, ]]
[2026-06-30T09:54:43.409Z] +[38;5;242mfunctions-common:verify_disabled_services:2132 (B[m for service in ${ENABLED_SERVICES//,/ }
[2026-06-30T09:54:43.671Z] +[38;5;242mfunctions-common:verify_disabled_services:2133 (B[m [[ ,n-net,horizon,heat,h-api,h-api-cfn,h-api-cw, =~ ,placement-client, ]]
[2026-06-30T09:54:43.671Z] +[38;5;242mfunctions-common:verify_disabled_services:2132 (B[m for service in ${ENABLED_SERVICES//,/ }
[2026-06-30T09:54:43.671Z] +[38;5;242mfunctions-common:verify_disabled_services:2133 (B[m [[ ,n-net,horizon,heat,h-api,h-api-cfn,h-api-cw, =~ ,g-api, ]]
[2026-06-30T09:54:43.671Z] +[38;5;242mfunctions-common:verify_disabled_services:2132 (B[m for service in ${ENABLED_SERVICES//,/ }
[2026-06-30T09:54:43.671Z] +[38;5;242mfunctions-common:verify_disabled_services:2133 (B[m [[ ,n-net,horizon,heat,h-api,h-api-cfn,h-api-cw, =~ ,c-sch, ]]
[2026-06-30T09:54:43.671Z] +[38;5;242mfunctions-common:verify_disabled_services:2132 (B[m for service in ${ENABLED_SERVICES//,/ }
[2026-06-30T09:54:43.671Z] +[38;5;242mfunctions-common:verify_disabled_services:2133 (B[m [[ ,n-net,horizon,heat,h-api,h-api-cfn,h-api-cw, =~ ,c-api, ]]
[2026-06-30T09:54:43.671Z] +[38;5;242mfunctions-common:verify_disabled_services:2132 (B[m for service in ${ENABLED_SERVICES//,/ }
[2026-06-30T09:54:43.937Z] +[38;5;242mfunctions-common:verify_disabled_services:2133 (B[m [[ ,n-net,horizon,heat,h-api,h-api-cfn,h-api-cw, =~ ,c-vol, ]]
[2026-06-30T09:54:43.937Z] +[38;5;242mfunctions-common:verify_disabled_services:2132 (B[m for service in ${ENABLED_SERVICES//,/ }
[2026-06-30T09:54:43.937Z] +[38;5;242mfunctions-common:verify_disabled_services:2133 (B[m [[ ,n-net,horizon,heat,h-api,h-api-cfn,h-api-cw, =~ ,ovn-controller, ]]
[2026-06-30T09:54:43.937Z] +[38;5;242mfunctions-common:verify_disabled_services:2132 (B[m for service in ${ENABLED_SERVICES//,/ }
[2026-06-30T09:54:43.937Z] +[38;5;242mfunctions-common:verify_disabled_services:2133 (B[m [[ ,n-net,horizon,heat,h-api,h-api-cfn,h-api-cw, =~ ,ovn-northd, ]]
[2026-06-30T09:54:43.937Z] +[38;5;242mfunctions-common:verify_disabled_services:2132 (B[m for service in ${ENABLED_SERVICES//,/ }
[2026-06-30T09:54:43.937Z] +[38;5;242mfunctions-common:verify_disabled_services:2133 (B[m [[ ,n-net,horizon,heat,h-api,h-api-cfn,h-api-cw, =~ ,ovs-vswitchd, ]]
[2026-06-30T09:54:43.937Z] +[38;5;242mfunctions-common:verify_disabled_services:2132 (B[m for service in ${ENABLED_SERVICES//,/ }
[2026-06-30T09:54:43.937Z] +[38;5;242mfunctions-common:verify_disabled_services:2133 (B[m [[ ,n-net,horizon,heat,h-api,h-api-cfn,h-api-cw, =~ ,ovsdb-server, ]]
[2026-06-30T09:54:43.937Z] +[38;5;242mfunctions-common:verify_disabled_services:2132 (B[m for service in ${ENABLED_SERVICES//,/ }
[2026-06-30T09:54:43.937Z] +[38;5;242mfunctions-common:verify_disabled_services:2133 (B[m [[ ,n-net,horizon,heat,h-api,h-api-cfn,h-api-cw, =~ ,q-svc, ]]
[2026-06-30T09:54:44.200Z] +[38;5;242mfunctions-common:verify_disabled_services:2132 (B[m for service in ${ENABLED_SERVICES//,/ }
[2026-06-30T09:54:44.200Z] +[38;5;242mfunctions-common:verify_disabled_services:2133 (B[m [[ ,n-net,horizon,heat,h-api,h-api-cfn,h-api-cw, =~ ,q-ovn-agent, ]]
[2026-06-30T09:54:44.200Z] +[38;5;242mfunctions-common:verify_disabled_services:2132 (B[m for service in ${ENABLED_SERVICES//,/ }
[2026-06-30T09:54:44.200Z] +[38;5;242mfunctions-common:verify_disabled_services:2133 (B[m [[ ,n-net,horizon,heat,h-api,h-api-cfn,h-api-cw, =~ ,rabbit, ]]
[2026-06-30T09:54:44.200Z] +[38;5;242mfunctions-common:verify_disabled_services:2132 (B[m for service in ${ENABLED_SERVICES//,/ }
[2026-06-30T09:54:44.200Z] +[38;5;242mfunctions-common:verify_disabled_services:2133 (B[m [[ ,n-net,horizon,heat,h-api,h-api-cfn,h-api-cw, =~ ,tempest, ]]
[2026-06-30T09:54:44.200Z] +[38;5;242mfunctions-common:verify_disabled_services:2132 (B[m for service in ${ENABLED_SERVICES//,/ }
[2026-06-30T09:54:44.200Z] +[38;5;242mfunctions-common:verify_disabled_services:2133 (B[m [[ ,n-net,horizon,heat,h-api,h-api-cfn,h-api-cw, =~ ,mysql, ]]
[2026-06-30T09:54:44.200Z] +[38;5;242mfunctions-common:verify_disabled_services:2132 (B[m for service in ${ENABLED_SERVICES//,/ }
[2026-06-30T09:54:44.463Z] +[38;5;242mfunctions-common:verify_disabled_services:2133 (B[m [[ ,n-net,horizon,heat,h-api,h-api-cfn,h-api-cw, =~ ,etcd3, ]]
[2026-06-30T09:54:44.463Z] +[38;5;242mfunctions-common:verify_disabled_services:2132 (B[m for service in ${ENABLED_SERVICES//,/ }
[2026-06-30T09:54:44.463Z] +[38;5;242mfunctions-common:verify_disabled_services:2133 (B[m [[ ,n-net,horizon,heat,h-api,h-api-cfn,h-api-cw, =~ ,dstat, ]]
[2026-06-30T09:54:44.463Z] +[38;5;242mfunctions-common:verify_disabled_services:2132 (B[m for service in ${ENABLED_SERVICES//,/ }
[2026-06-30T09:54:44.463Z] +[38;5;242mfunctions-common:verify_disabled_services:2133 (B[m [[ ,n-net,horizon,heat,h-api,h-api-cfn,h-api-cw, =~ ,cinder, ]]
[2026-06-30T09:54:44.463Z] +[38;5;242mfunctions-common:verify_disabled_services:2132 (B[m for service in ${ENABLED_SERVICES//,/ }
[2026-06-30T09:54:44.463Z] +[38;5;242mfunctions-common:verify_disabled_services:2133 (B[m [[ ,n-net,horizon,heat,h-api,h-api-cfn,h-api-cw, =~ ,c-bak, ]]
[2026-06-30T09:54:44.463Z] +[38;5;242m./stack.sh:main:703                      (B[m initialize_database_backends
[2026-06-30T09:54:44.726Z] +[38;5;242mlib/database:initialize_database_backends:65 (B[m for backend in $DATABASE_BACKENDS
[2026-06-30T09:54:44.726Z] +[38;5;242mlib/database:initialize_database_backends:66 (B[m is_service_enabled mysql
[2026-06-30T09:54:44.726Z] +[38;5;242mfunctions-common:is_service_enabled:2076 (B[m return 0
[2026-06-30T09:54:44.726Z] +[38;5;242mlib/database:initialize_database_backends:66 (B[m DATABASE_TYPE=mysql
[2026-06-30T09:54:44.726Z] +[38;5;242mlib/database:initialize_database_backends:65 (B[m for backend in $DATABASE_BACKENDS
[2026-06-30T09:54:44.989Z] +[38;5;242mlib/database:initialize_database_backends:66 (B[m is_service_enabled postgresql
[2026-06-30T09:54:44.989Z] +[38;5;242mfunctions-common:is_service_enabled:2076 (B[m return 1
[2026-06-30T09:54:44.989Z] +[38;5;242mlib/database:initialize_database_backends:69 (B[m '[' -z mysql ']'
[2026-06-30T09:54:44.989Z] +[38;5;242mlib/database:initialize_database_backends:73 (B[m MYSQL_HOST=127.0.0.1
[2026-06-30T09:54:44.989Z] +[38;5;242mlib/database:initialize_database_backends:74 (B[m MYSQL_USER=root
[2026-06-30T09:54:45.252Z] +[38;5;242mlib/database:initialize_database_backends:80 (B[m [[ 4 == 6 ]]
[2026-06-30T09:54:45.252Z] +[38;5;242mlib/database:initialize_database_backends:83 (B[m DATABASE_HOST=127.0.0.1
[2026-06-30T09:54:45.252Z] +[38;5;242mlib/database:initialize_database_backends:86 (B[m DATABASE_USER=root
[2026-06-30T09:54:45.252Z] +[38;5;242mlib/database:initialize_database_backends:88 (B[m '[' -n '' ']'
[2026-06-30T09:54:45.252Z] +[38;5;242mlib/database:initialize_database_backends:92 (B[m return 0
[2026-06-30T09:54:45.252Z] +[38;5;242m./stack.sh:main:704                      (B[m echo 'Using mysql database backend'
[2026-06-30T09:54:45.252Z] Using mysql database backend
[2026-06-30T09:54:45.252Z] +[38;5;242m./stack.sh:main:707                      (B[m read_password DATABASE_PASSWORD 'ENTER A PASSWORD TO USE FOR THE DATABASE.'
[2026-06-30T09:54:45.518Z] +[38;5;242m./stack.sh:main:709                      (B[m define_database_baseurl
[2026-06-30T09:54:45.518Z] ++[38;5;242mlib/database:define_database_baseurl:106 (B[m get_database_type_mysql
[2026-06-30T09:54:45.518Z] ++[38;5;242mlib/databases/mysql:get_database_type_mysql:32 (B[m [[ PyMySQL == \P\y\M\y\S\Q\L ]]
[2026-06-30T09:54:45.518Z] ++[38;5;242mlib/databases/mysql:get_database_type_mysql:33 (B[m echo mysql+pymysql
[2026-06-30T09:54:45.518Z] +[38;5;242mlib/database:define_database_baseurl:106 (B[m BASE_SQL_CONN=mysql+pymysql://root:hpinvent@127.0.0.1
[2026-06-30T09:54:45.518Z] +[38;5;242m./stack.sh:main:721                      (B[m is_service_enabled rabbit
[2026-06-30T09:54:45.784Z] +[38;5;242mfunctions-common:is_service_enabled:2076 (B[m return 0
[2026-06-30T09:54:45.784Z] +[38;5;242m./stack.sh:main:722                      (B[m read_password RABBIT_PASSWORD 'ENTER A PASSWORD TO USE FOR RABBIT.'
[2026-06-30T09:54:46.050Z] +[38;5;242m./stack.sh:main:729                      (B[m is_service_enabled keystone
[2026-06-30T09:54:46.050Z] +[38;5;242mfunctions-common:is_service_enabled:2076 (B[m return 0
[2026-06-30T09:54:46.050Z] +[38;5;242m./stack.sh:main:731                      (B[m read_password SERVICE_PASSWORD 'ENTER A SERVICE_PASSWORD TO USE FOR THE SERVICE AUTHENTICATION.'
[2026-06-30T09:54:46.312Z] +[38;5;242m./stack.sh:main:733                      (B[m read_password ADMIN_PASSWORD 'ENTER A PASSWORD TO USE FOR HORIZON AND KEYSTONE (20 CHARS OR LESS).'
[2026-06-30T09:54:46.312Z] +[38;5;242m./stack.sh:main:744                      (B[m is_service_enabled ldap
[2026-06-30T09:54:46.574Z] +[38;5;242mfunctions-common:is_service_enabled:2076 (B[m return 1
[2026-06-30T09:54:46.574Z] +[38;5;242m./stack.sh:main:753                      (B[m is_service_enabled s-proxy
[2026-06-30T09:54:46.836Z] +[38;5;242mfunctions-common:is_service_enabled:2076 (B[m return 1
[2026-06-30T09:54:46.836Z] +[38;5;242m./stack.sh:main:765                      (B[m save_stackenv 765
[2026-06-30T09:54:46.836Z] +[38;5;242mfunctions-common:save_stackenv:65        (B[m local tag=765
[2026-06-30T09:54:46.836Z] ++[38;5;242mfunctions-common:save_stackenv:67        (B[m date +%F-%H%M%S
[2026-06-30T09:54:46.837Z] +[38;5;242mfunctions-common:save_stackenv:67        (B[m time_stamp=2026-06-30-095455
[2026-06-30T09:54:46.837Z] +[38;5;242mfunctions-common:save_stackenv:68        (B[m echo '# 2026-06-30-095455 765'
[2026-06-30T09:54:46.837Z] +[38;5;242mfunctions-common:save_stackenv:69        (B[m for i in $STACK_ENV_VARS
[2026-06-30T09:54:47.097Z] +[38;5;242mfunctions-common:save_stackenv:70        (B[m echo BASE_SQL_CONN=mysql+pymysql://root:hpinvent@127.0.0.1
[2026-06-30T09:54:47.097Z] +[38;5;242mfunctions-common:save_stackenv:69        (B[m for i in $STACK_ENV_VARS
[2026-06-30T09:54:47.097Z] +[38;5;242mfunctions-common:save_stackenv:70        (B[m echo DATA_DIR=/opt/stack/data
[2026-06-30T09:54:47.097Z] +[38;5;242mfunctions-common:save_stackenv:69        (B[m for i in $STACK_ENV_VARS
[2026-06-30T09:54:47.097Z] +[38;5;242mfunctions-common:save_stackenv:70        (B[m echo DEST=/opt/stack
[2026-06-30T09:54:47.097Z] +[38;5;242mfunctions-common:save_stackenv:69        (B[m for i in $STACK_ENV_VARS
[2026-06-30T09:54:47.097Z] +[38;5;242mfunctions-common:save_stackenv:70        (B[m echo ENABLED_SERVICES=key,n-api,n-cpu,n-cond,n-sch,n-novnc,n-api-meta,placement-api,placement-client,g-api,c-sch,c-api,c-vol,ovn-controller,ovn-northd,ovs-vswitchd,ovsdb-server,q-svc,q-ovn-agent,rabbit,tempest,mysql,etcd3,dstat,cinder,c-bak
[2026-06-30T09:54:47.097Z] +[38;5;242mfunctions-common:save_stackenv:69        (B[m for i in $STACK_ENV_VARS
[2026-06-30T09:54:47.097Z] +[38;5;242mfunctions-common:save_stackenv:70        (B[m echo HOST_IP=10.132.239.110
[2026-06-30T09:54:47.097Z] +[38;5;242mfunctions-common:save_stackenv:69        (B[m for i in $STACK_ENV_VARS
[2026-06-30T09:54:47.359Z] +[38;5;242mfunctions-common:save_stackenv:70        (B[m echo KEYSTONE_SERVICE_URI=http://10.132.239.110/identity
[2026-06-30T09:54:47.359Z] +[38;5;242mfunctions-common:save_stackenv:69        (B[m for i in $STACK_ENV_VARS
[2026-06-30T09:54:47.359Z] +[38;5;242mfunctions-common:save_stackenv:70        (B[m echo LOGFILE=/opt/stack/logs/stack.sh.log.2026-06-30-095429
[2026-06-30T09:54:47.360Z] +[38;5;242mfunctions-common:save_stackenv:69        (B[m for i in $STACK_ENV_VARS
[2026-06-30T09:54:47.360Z] +[38;5;242mfunctions-common:save_stackenv:70        (B[m echo OS_CACERT=
[2026-06-30T09:54:47.360Z] +[38;5;242mfunctions-common:save_stackenv:69        (B[m for i in $STACK_ENV_VARS
[2026-06-30T09:54:47.360Z] +[38;5;242mfunctions-common:save_stackenv:70        (B[m echo SERVICE_HOST=10.132.239.110
[2026-06-30T09:54:47.360Z] +[38;5;242mfunctions-common:save_stackenv:69        (B[m for i in $STACK_ENV_VARS
[2026-06-30T09:54:47.360Z] +[38;5;242mfunctions-common:save_stackenv:70        (B[m echo STACK_USER=stack
[2026-06-30T09:54:47.623Z] +[38;5;242mfunctions-common:save_stackenv:69        (B[m for i in $STACK_ENV_VARS
[2026-06-30T09:54:47.623Z] +[38;5;242mfunctions-common:save_stackenv:70        (B[m echo TLS_IP=
[2026-06-30T09:54:47.623Z] +[38;5;242mfunctions-common:save_stackenv:69        (B[m for i in $STACK_ENV_VARS
[2026-06-30T09:54:47.623Z] +[38;5;242mfunctions-common:save_stackenv:70        (B[m echo HOST_IPV6=::1
[2026-06-30T09:54:47.623Z] +[38;5;242mfunctions-common:save_stackenv:69        (B[m for i in $STACK_ENV_VARS
[2026-06-30T09:54:47.623Z] +[38;5;242mfunctions-common:save_stackenv:70        (B[m echo SERVICE_IP_VERSION=4
[2026-06-30T09:54:47.623Z] +[38;5;242mfunctions-common:save_stackenv:69        (B[m for i in $STACK_ENV_VARS
[2026-06-30T09:54:47.623Z] +[38;5;242mfunctions-common:save_stackenv:70        (B[m echo TUNNEL_ENDPOINT_IP=10.132.239.110
[2026-06-30T09:54:47.623Z] +[38;5;242mfunctions-common:save_stackenv:69        (B[m for i in $STACK_ENV_VARS
[2026-06-30T09:54:47.887Z] +[38;5;242mfunctions-common:save_stackenv:70        (B[m echo TUNNEL_IP_VERSION=4
[2026-06-30T09:54:47.887Z] +[38;5;242m./stack.sh:main:778                      (B[m GIT_DEPTH=0
[2026-06-30T09:54:47.887Z] +[38;5;242m./stack.sh:main:778                      (B[m git_clone http://github.com/openstack/requirements.git /opt/stack/requirements master
[2026-06-30T09:54:47.887Z] +[38;5;242mfunctions-common:git_clone:589           (B[m local git_remote=http://github.com/openstack/requirements.git
[2026-06-30T09:54:47.887Z] +[38;5;242mfunctions-common:git_clone:590           (B[m local git_dest=/opt/stack/requirements
[2026-06-30T09:54:47.887Z] +[38;5;242mfunctions-common:git_clone:591           (B[m local git_ref=master
[2026-06-30T09:54:47.887Z] +[38;5;242mfunctions-common:git_clone:592           (B[m local orig_dir
[2026-06-30T09:54:47.887Z] ++[38;5;242mfunctions-common:git_clone:593           (B[m pwd
[2026-06-30T09:54:47.887Z] +[38;5;242mfunctions-common:git_clone:593           (B[m orig_dir=/opt/stack/devstack
[2026-06-30T09:54:47.887Z] +[38;5;242mfunctions-common:git_clone:594           (B[m local git_clone_flags=
[2026-06-30T09:54:48.149Z] ++[38;5;242mfunctions-common:git_clone:596           (B[m trueorfalse False RECLONE
[2026-06-30T09:54:48.149Z] +[38;5;242mfunctions-common:git_clone:596           (B[m RECLONE=False
[2026-06-30T09:54:48.150Z] +[38;5;242mfunctions-common:git_clone:597           (B[m [[ 0 -gt 0 ]]
[2026-06-30T09:54:48.150Z] +[38;5;242mfunctions-common:git_clone:601           (B[m [[ False = \T\r\u\e ]]
[2026-06-30T09:54:48.150Z] +[38;5;242mfunctions-common:git_clone:610           (B[m echo master
[2026-06-30T09:54:48.150Z] +[38;5;242mfunctions-common:git_clone:610           (B[m egrep -q '^refs'
[2026-06-30T09:54:48.413Z] +[38;5;242mfunctions-common:git_clone:624           (B[m [[ ! -d /opt/stack/requirements ]]
[2026-06-30T09:54:48.413Z] +[38;5;242mfunctions-common:git_clone:625           (B[m [[ False = \T\r\u\e ]]
[2026-06-30T09:54:48.413Z] +[38;5;242mfunctions-common:git_clone:630           (B[m git_timed clone --no-checkout http://github.com/openstack/requirements.git /opt/stack/requirements
[2026-06-30T09:54:48.413Z] +[38;5;242mfunctions-common:git_timed:697           (B[m local count=0
[2026-06-30T09:54:48.413Z] +[38;5;242mfunctions-common:git_timed:698           (B[m local timeout=0
[2026-06-30T09:54:48.413Z] +[38;5;242mfunctions-common:git_timed:700           (B[m [[ -n 0 ]]
[2026-06-30T09:54:48.413Z] +[38;5;242mfunctions-common:git_timed:701           (B[m timeout=0
[2026-06-30T09:54:48.413Z] +[38;5;242mfunctions-common:git_timed:704           (B[m time_start git_timed
[2026-06-30T09:54:48.413Z] +[38;5;242mfunctions-common:time_start:2406         (B[m local name=git_timed
[2026-06-30T09:54:48.413Z] +[38;5;242mfunctions-common:time_start:2407         (B[m local start_time=
[2026-06-30T09:54:48.676Z] +[38;5;242mfunctions-common:time_start:2408         (B[m [[ -n '' ]]
[2026-06-30T09:54:48.676Z] ++[38;5;242mfunctions-common:time_start:2411         (B[m date +%s%3N
[2026-06-30T09:54:48.676Z] +[38;5;242mfunctions-common:time_start:2411         (B[m _TIME_START[$name]=1782813296842
[2026-06-30T09:54:48.676Z] +[38;5;242mfunctions-common:git_timed:705           (B[m timeout -s SIGINT 0 git clone --no-checkout http://github.com/openstack/requirements.git /opt/stack/requirements
[2026-06-30T09:54:48.676Z] Cloning into '/opt/stack/requirements'...
[2026-06-30T09:54:49.250Z] warning: redirecting to https://github.com/openstack/requirements.git/
[2026-06-30T09:54:52.622Z] +[38;5;242mfunctions-common:git_timed:719           (B[m time_stop git_timed
[2026-06-30T09:54:52.622Z] +[38;5;242mfunctions-common:time_stop:2420          (B[m local name
[2026-06-30T09:54:52.889Z] +[38;5;242mfunctions-common:time_stop:2421          (B[m local end_time
[2026-06-30T09:54:52.889Z] +[38;5;242mfunctions-common:time_stop:2422          (B[m local elapsed_time
[2026-06-30T09:54:52.889Z] +[38;5;242mfunctions-common:time_stop:2423          (B[m local total
[2026-06-30T09:54:52.889Z] +[38;5;242mfunctions-common:time_stop:2424          (B[m local start_time
[2026-06-30T09:54:52.889Z] +[38;5;242mfunctions-common:time_stop:2426          (B[m name=git_timed
[2026-06-30T09:54:52.889Z] +[38;5;242mfunctions-common:time_stop:2427          (B[m start_time=1782813296842
[2026-06-30T09:54:52.889Z] +[38;5;242mfunctions-common:time_stop:2429          (B[m [[ -z 1782813296842 ]]
[2026-06-30T09:54:52.889Z] ++[38;5;242mfunctions-common:time_stop:2432          (B[m date +%s%3N
[2026-06-30T09:54:52.889Z] +[38;5;242mfunctions-common:time_stop:2432          (B[m end_time=1782813301197
[2026-06-30T09:54:52.889Z] +[38;5;242mfunctions-common:time_stop:2433          (B[m elapsed_time=4355
[2026-06-30T09:54:52.889Z] +[38;5;242mfunctions-common:time_stop:2434          (B[m total=0
[2026-06-30T09:54:53.156Z] +[38;5;242mfunctions-common:time_stop:2436          (B[m _TIME_START[$name]=
[2026-06-30T09:54:53.156Z] +[38;5;242mfunctions-common:time_stop:2437          (B[m _TIME_TOTAL[$name]=4355
[2026-06-30T09:54:53.156Z] +[38;5;242mfunctions-common:git_clone:631           (B[m cd /opt/stack/requirements
[2026-06-30T09:54:53.156Z] +[38;5;242mfunctions-common:git_clone:632           (B[m git_timed fetch origin master
[2026-06-30T09:54:53.156Z] +[38;5;242mfunctions-common:git_timed:697           (B[m local count=0
[2026-06-30T09:54:53.156Z] +[38;5;242mfunctions-common:git_timed:698           (B[m local timeout=0
[2026-06-30T09:54:53.156Z] +[38;5;242mfunctions-common:git_timed:700           (B[m [[ -n 0 ]]
[2026-06-30T09:54:53.156Z] +[38;5;242mfunctions-common:git_timed:701           (B[m timeout=0
[2026-06-30T09:54:53.156Z] +[38;5;242mfunctions-common:git_timed:704           (B[m time_start git_timed
[2026-06-30T09:54:53.424Z] +[38;5;242mfunctions-common:time_start:2406         (B[m local name=git_timed
[2026-06-30T09:54:53.424Z] +[38;5;242mfunctions-common:time_start:2407         (B[m local start_time=
[2026-06-30T09:54:53.424Z] +[38;5;242mfunctions-common:time_start:2408         (B[m [[ -n '' ]]
[2026-06-30T09:54:53.424Z] ++[38;5;242mfunctions-common:time_start:2411         (B[m date +%s%3N
[2026-06-30T09:54:53.424Z] +[38;5;242mfunctions-common:time_start:2411         (B[m _TIME_START[$name]=1782813301641
[2026-06-30T09:54:53.424Z] +[38;5;242mfunctions-common:git_timed:705           (B[m timeout -s SIGINT 0 git fetch origin master
[2026-06-30T09:54:54.003Z] warning: redirecting to https://github.com/openstack/requirements.git/
[2026-06-30T09:54:54.582Z] From http://github.com/openstack/requirements
[2026-06-30T09:54:54.582Z]  * branch              master     -> FETCH_HEAD
[2026-06-30T09:54:54.582Z] +[38;5;242mfunctions-common:git_timed:719           (B[m time_stop git_timed
[2026-06-30T09:54:54.582Z] +[38;5;242mfunctions-common:time_stop:2420          (B[m local name
[2026-06-30T09:54:54.582Z] +[38;5;242mfunctions-common:time_stop:2421          (B[m local end_time
[2026-06-30T09:54:54.582Z] +[38;5;242mfunctions-common:time_stop:2422          (B[m local elapsed_time
[2026-06-30T09:54:54.582Z] +[38;5;242mfunctions-common:time_stop:2423          (B[m local total
[2026-06-30T09:54:54.582Z] +[38;5;242mfunctions-common:time_stop:2424          (B[m local start_time
[2026-06-30T09:54:54.582Z] +[38;5;242mfunctions-common:time_stop:2426          (B[m name=git_timed
[2026-06-30T09:54:54.582Z] +[38;5;242mfunctions-common:time_stop:2427          (B[m start_time=1782813301641
[2026-06-30T09:54:54.582Z] +[38;5;242mfunctions-common:time_stop:2429          (B[m [[ -z 1782813301641 ]]
[2026-06-30T09:54:54.862Z] ++[38;5;242mfunctions-common:time_stop:2432          (B[m date +%s%3N
[2026-06-30T09:54:54.862Z] +[38;5;242mfunctions-common:time_stop:2432          (B[m end_time=1782813302984
[2026-06-30T09:54:54.862Z] +[38;5;242mfunctions-common:time_stop:2433          (B[m elapsed_time=1343
[2026-06-30T09:54:54.862Z] +[38;5;242mfunctions-common:time_stop:2434          (B[m total=4355
[2026-06-30T09:54:54.862Z] +[38;5;242mfunctions-common:time_stop:2436          (B[m _TIME_START[$name]=
[2026-06-30T09:54:54.862Z] +[38;5;242mfunctions-common:time_stop:2437          (B[m _TIME_TOTAL[$name]=5698
[2026-06-30T09:54:54.862Z] +[38;5;242mfunctions-common:git_clone:633           (B[m git_timed checkout FETCH_HEAD
[2026-06-30T09:54:54.862Z] +[38;5;242mfunctions-common:git_timed:697           (B[m local count=0
[2026-06-30T09:54:54.862Z] +[38;5;242mfunctions-common:git_timed:698           (B[m local timeout=0
[2026-06-30T09:54:55.126Z] +[38;5;242mfunctions-common:git_timed:700           (B[m [[ -n 0 ]]
[2026-06-30T09:54:55.126Z] +[38;5;242mfunctions-common:git_timed:701           (B[m timeout=0
[2026-06-30T09:54:55.126Z] +[38;5;242mfunctions-common:git_timed:704           (B[m time_start git_timed
[2026-06-30T09:54:55.126Z] +[38;5;242mfunctions-common:time_start:2406         (B[m local name=git_timed
[2026-06-30T09:54:55.126Z] +[38;5;242mfunctions-common:time_start:2407         (B[m local start_time=
[2026-06-30T09:54:55.126Z] +[38;5;242mfunctions-common:time_start:2408         (B[m [[ -n '' ]]
[2026-06-30T09:54:55.126Z] ++[38;5;242mfunctions-common:time_start:2411         (B[m date +%s%3N
[2026-06-30T09:54:55.126Z] +[38;5;242mfunctions-common:time_start:2411         (B[m _TIME_START[$name]=1782813303440
[2026-06-30T09:54:55.126Z] +[38;5;242mfunctions-common:git_timed:705           (B[m timeout -s SIGINT 0 git checkout FETCH_HEAD
[2026-06-30T09:54:55.389Z] Note: switching to 'FETCH_HEAD'.
[2026-06-30T09:54:55.389Z] 
[2026-06-30T09:54:55.389Z] You are in 'detached HEAD' state. You can look around, make experimental
[2026-06-30T09:54:55.389Z] changes and commit them, and you can discard any commits you make in this
[2026-06-30T09:54:55.389Z] state without impacting any branches by switching back to a branch.
[2026-06-30T09:54:55.389Z] 
[2026-06-30T09:54:55.389Z] If you want to create a new branch to retain commits you create, you may
[2026-06-30T09:54:55.389Z] do so (now or later) by using -c with the switch command. Example:
[2026-06-30T09:54:55.389Z] 
[2026-06-30T09:54:55.389Z]   git switch -c <new-branch-name>
[2026-06-30T09:54:55.389Z] 
[2026-06-30T09:54:55.389Z] Or undo this operation with:
[2026-06-30T09:54:55.389Z] 
[2026-06-30T09:54:55.389Z]   git switch -
[2026-06-30T09:54:55.389Z] 
[2026-06-30T09:54:55.389Z] Turn off this advice by setting config variable advice.detachedHead to false
[2026-06-30T09:54:55.389Z] 
[2026-06-30T09:54:55.389Z] HEAD is now at 3b629eba Merge "update constraint for networking-generic-switch to new release 10.0.0"
[2026-06-30T09:54:55.389Z] +[38;5;242mfunctions-common:git_timed:719           (B[m time_stop git_timed
[2026-06-30T09:54:55.389Z] +[38;5;242mfunctions-common:time_stop:2420          (B[m local name
[2026-06-30T09:54:55.389Z] +[38;5;242mfunctions-common:time_stop:2421          (B[m local end_time
[2026-06-30T09:54:55.389Z] +[38;5;242mfunctions-common:time_stop:2422          (B[m local elapsed_time
[2026-06-30T09:54:55.389Z] +[38;5;242mfunctions-common:time_stop:2423          (B[m local total
[2026-06-30T09:54:55.389Z] +[38;5;242mfunctions-common:time_stop:2424          (B[m local start_time
[2026-06-30T09:54:55.389Z] +[38;5;242mfunctions-common:time_stop:2426          (B[m name=git_timed
[2026-06-30T09:54:55.389Z] +[38;5;242mfunctions-common:time_stop:2427          (B[m start_time=1782813303440
[2026-06-30T09:54:55.652Z] +[38;5;242mfunctions-common:time_stop:2429          (B[m [[ -z 1782813303440 ]]
[2026-06-30T09:54:55.652Z] ++[38;5;242mfunctions-common:time_stop:2432          (B[m date +%s%3N
[2026-06-30T09:54:55.652Z] +[38;5;242mfunctions-common:time_stop:2432          (B[m end_time=1782813303825
[2026-06-30T09:54:55.652Z] +[38;5;242mfunctions-common:time_stop:2433          (B[m elapsed_time=385
[2026-06-30T09:54:55.652Z] +[38;5;242mfunctions-common:time_stop:2434          (B[m total=5698
[2026-06-30T09:54:55.652Z] +[38;5;242mfunctions-common:time_stop:2436          (B[m _TIME_START[$name]=
[2026-06-30T09:54:55.652Z] +[38;5;242mfunctions-common:time_stop:2437          (B[m _TIME_TOTAL[$name]=6083
[2026-06-30T09:54:55.652Z] +[38;5;242mfunctions-common:git_clone:669           (B[m sudo git config --system --add safe.directory /opt/stack/requirements
[2026-06-30T09:54:55.918Z] +[38;5;242mfunctions-common:git_clone:672           (B[m cd /opt/stack/requirements
[2026-06-30T09:54:55.918Z] +[38;5;242mfunctions-common:git_clone:673           (B[m head -1
[2026-06-30T09:54:55.918Z] +[38;5;242mfunctions-common:git_clone:673           (B[m git show --oneline
[2026-06-30T09:54:55.918Z] 3b629eba Merge "update constraint for networking-generic-switch to new release 10.0.0"
[2026-06-30T09:54:55.918Z] +[38;5;242mfunctions-common:git_clone:674           (B[m cd /opt/stack/devstack
[2026-06-30T09:54:55.918Z] +[38;5;242m./stack.sh:main:782                      (B[m echo_summary 'Installing package prerequisites'
[2026-06-30T09:54:55.918Z] +[38;5;242m./stack.sh:echo_summary:441              (B[m [[ -t 3 ]]
[2026-06-30T09:54:55.918Z] +[38;5;242m./stack.sh:echo_summary:447              (B[m echo -e Installing package prerequisites
[2026-06-30T09:54:55.918Z] +[38;5;242m./stack.sh:main:783                      (B[m source /opt/stack/devstack/tools/install_prereqs.sh
[2026-06-30T09:54:55.918Z] ++[38;5;242mtools/install_prereqs.sh:source:11       (B[m FORCE_PREREQ=0
[2026-06-30T09:54:56.185Z] ++[38;5;242mtools/install_prereqs.sh:source:13       (B[m getopts :f opt
[2026-06-30T09:54:56.185Z] ++[38;5;242mtools/install_prereqs.sh:source:23       (B[m [[ -z /opt/stack/devstack ]]
[2026-06-30T09:54:56.185Z] ++[38;5;242mtools/install_prereqs.sh:source:43       (B[m PREREQ_RERUN_MARKER=/opt/stack/devstack/.prereqs
[2026-06-30T09:54:56.186Z] ++[38;5;242mtools/install_prereqs.sh:source:44       (B[m PREREQ_RERUN_HOURS=2
[2026-06-30T09:54:56.186Z] ++[38;5;242mtools/install_prereqs.sh:source:45       (B[m PREREQ_RERUN_SECONDS=7200
[2026-06-30T09:54:56.186Z] +++[38;5;242mtools/install_prereqs.sh:source:47       (B[m date +%s
[2026-06-30T09:54:56.186Z] ++[38;5;242mtools/install_prereqs.sh:source:47       (B[m NOW=1782813304
[2026-06-30T09:54:56.186Z] +++[38;5;242mtools/install_prereqs.sh:source:48       (B[m head -1 /opt/stack/devstack/.prereqs
[2026-06-30T09:54:56.186Z] +++[38;5;242mtools/install_prereqs.sh:source:48       (B[m echo 0
[2026-06-30T09:54:56.448Z] ++[38;5;242mtools/install_prereqs.sh:source:48       (B[m LAST_RUN=0
[2026-06-30T09:54:56.448Z] ++[38;5;242mtools/install_prereqs.sh:source:49       (B[m DELTA=1782813304
[2026-06-30T09:54:56.448Z] ++[38;5;242mtools/install_prereqs.sh:source:50       (B[m [[ 1782813304 -lt 7200 ]]
[2026-06-30T09:54:56.448Z] ++[38;5;242mtools/install_prereqs.sh:source:57       (B[m export_proxy_variables
[2026-06-30T09:54:56.448Z] ++[38;5;242mfunctions-common:export_proxy_variables:2238 (B[m isset http_proxy
[2026-06-30T09:54:56.448Z] ++[38;5;242mfunctions-common:isset:266               (B[m [[ -v http_proxy ]]
[2026-06-30T09:54:56.448Z] ++[38;5;242mfunctions-common:export_proxy_variables:2239 (B[m export http_proxy=http://proxy-in.its.hpecorp.net:80
[2026-06-30T09:54:56.448Z] ++[38;5;242mfunctions-common:export_proxy_variables:2239 (B[m http_proxy=http://proxy-in.its.hpecorp.net:80
[2026-06-30T09:54:56.713Z] ++[38;5;242mfunctions-common:export_proxy_variables:2241 (B[m isset https_proxy
[2026-06-30T09:54:56.713Z] ++[38;5;242mfunctions-common:isset:266               (B[m [[ -v https_proxy ]]
[2026-06-30T09:54:56.713Z] ++[38;5;242mfunctions-common:export_proxy_variables:2242 (B[m export https_proxy=http://proxy-in.its.hpecorp.net:443
[2026-06-30T09:54:56.713Z] ++[38;5;242mfunctions-common:export_proxy_variables:2242 (B[m https_proxy=http://proxy-in.its.hpecorp.net:443
[2026-06-30T09:54:56.713Z] ++[38;5;242mfunctions-common:export_proxy_variables:2244 (B[m isset no_proxy
[2026-06-30T09:54:56.713Z] ++[38;5;242mfunctions-common:isset:266               (B[m [[ -v no_proxy ]]
[2026-06-30T09:54:56.713Z] ++[38;5;242mfunctions-common:export_proxy_variables:2245 (B[m export no_proxy=10.201.5.87,10.201.4.29,10.201.3.85,10.201.3.86,localhost,127.0.0.1,10.201.4.31,10.201.4.32,10.201.4.33,10.201.4.34,10.201.1.221,172.28.65.17,172.28.65.18,172.28.65.207,172.28.65.208
[2026-06-30T09:54:56.713Z] ++[38;5;242mfunctions-common:export_proxy_variables:2245 (B[m no_proxy=10.201.5.87,10.201.4.29,10.201.3.85,10.201.3.86,localhost,127.0.0.1,10.201.4.31,10.201.4.32,10.201.4.33,10.201.4.34,10.201.1.221,172.28.65.17,172.28.65.18,172.28.65.207,172.28.65.208
[2026-06-30T09:54:56.714Z] +++[38;5;242mtools/install_prereqs.sh:source:64       (B[m get_packages general,key,n-api,n-cpu,n-cond,n-sch,n-novnc,n-api-meta,placement-api,placement-client,g-api,c-sch,c-api,c-vol,ovn-controller,ovn-northd,ovs-vswitchd,ovsdb-server,q-svc,q-ovn-agent,rabbit,tempest,mysql,etcd3,dstat,cinder,c-bak
[2026-06-30T09:54:56.980Z] ++[38;5;242mtools/install_prereqs.sh:source:64       (B[m PACKAGES='apache2
[2026-06-30T09:54:56.980Z] apache2-dev
[2026-06-30T09:54:56.980Z] bc
[2026-06-30T09:54:56.980Z] bsdmainutils
[2026-06-30T09:54:56.980Z] curl
[2026-06-30T09:54:56.980Z] g++
[2026-06-30T09:54:56.980Z] gawk
[2026-06-30T09:54:56.980Z] gcc
[2026-06-30T09:54:56.980Z] gettext  
[2026-06-30T09:54:56.980Z] git
[2026-06-30T09:54:56.980Z] graphviz 
[2026-06-30T09:54:56.980Z] iputils-ping
[2026-06-30T09:54:56.980Z] libffi-dev 
[2026-06-30T09:54:56.980Z] libjpeg-dev 
[2026-06-30T09:54:56.980Z] libpq-dev  
[2026-06-30T09:54:56.980Z] libssl-dev 
[2026-06-30T09:54:56.980Z] libsystemd-dev 
[2026-06-30T09:54:56.980Z] libxml2-dev  
[2026-06-30T09:54:56.980Z] libxslt1-dev  
[2026-06-30T09:54:56.980Z] libyaml-dev
[2026-06-30T09:54:56.980Z] lsof 
[2026-06-30T09:54:56.980Z] openssh-server
[2026-06-30T09:54:56.980Z] openssl
[2026-06-30T09:54:56.980Z] pkg-config
[2026-06-30T09:54:56.980Z] psmisc
[2026-06-30T09:54:56.980Z] python3-dev
[2026-06-30T09:54:56.980Z] python3-pip
[2026-06-30T09:54:56.980Z] python3-systemd
[2026-06-30T09:54:56.980Z] python3-venv
[2026-06-30T09:54:56.980Z] tar
[2026-06-30T09:54:56.980Z] tcpdump
[2026-06-30T09:54:56.980Z] unzip
[2026-06-30T09:54:56.980Z] uuid-runtime
[2026-06-30T09:54:56.980Z] wget
[2026-06-30T09:54:56.980Z] zlib1g-dev
[2026-06-30T09:54:56.980Z] libkrb5-dev
[2026-06-30T09:54:56.980Z] libldap2-dev
[2026-06-30T09:54:56.980Z] libsasl2-dev
[2026-06-30T09:54:56.980Z] memcached
[2026-06-30T09:54:56.980Z] python3-mysqldb
[2026-06-30T09:54:56.980Z] sqlite3
[2026-06-30T09:54:56.980Z] conntrack
[2026-06-30T09:54:56.980Z] curl
[2026-06-30T09:54:56.980Z] ebtables
[2026-06-30T09:54:56.980Z] genisoimage 
[2026-06-30T09:54:56.980Z] iptables
[2026-06-30T09:54:56.980Z] iputils-arping
[2026-06-30T09:54:56.980Z] kpartx
[2026-06-30T09:54:56.980Z] libjs-jquery-tablesorter 
[2026-06-30T09:54:56.980Z] parted
[2026-06-30T09:54:56.980Z] pm-utils
[2026-06-30T09:54:56.980Z] python3-mysqldb
[2026-06-30T09:54:56.980Z] socat 
[2026-06-30T09:54:56.980Z] sqlite3
[2026-06-30T09:54:56.980Z] sudo
[2026-06-30T09:54:56.980Z] vlan
[2026-06-30T09:54:56.980Z] lsscsi
[2026-06-30T09:54:56.980Z] open-iscsi
[2026-06-30T09:54:56.980Z] cryptsetup
[2026-06-30T09:54:56.980Z] dosfstools
[2026-06-30T09:54:56.980Z] genisoimage
[2026-06-30T09:54:56.980Z] gir1.2-libosinfo-1.0
[2026-06-30T09:54:56.980Z] netcat-openbsd
[2026-06-30T09:54:56.980Z] open-iscsi
[2026-06-30T09:54:56.980Z] qemu-utils
[2026-06-30T09:54:56.980Z] sg3-utils
[2026-06-30T09:54:56.980Z] sysfsutils
[2026-06-30T09:54:56.980Z] lvm2
[2026-06-30T09:54:56.980Z] qemu-utils
[2026-06-30T09:54:56.980Z] thin-provisioning-tools
[2026-06-30T09:54:56.980Z] acl
[2026-06-30T09:54:56.980Z] dnsmasq-base
[2026-06-30T09:54:56.980Z] dnsmasq-utils 
[2026-06-30T09:54:56.980Z] ebtables
[2026-06-30T09:54:56.980Z] haproxy 
[2026-06-30T09:54:56.980Z] iptables
[2026-06-30T09:54:56.980Z] iputils-arping
[2026-06-30T09:54:56.980Z] iputils-ping
[2026-06-30T09:54:56.980Z] postgresql-server-dev-all
[2026-06-30T09:54:56.980Z] python3-mysqldb
[2026-06-30T09:54:56.980Z] sqlite3
[2026-06-30T09:54:56.980Z] sudo
[2026-06-30T09:54:56.980Z] vlan
[2026-06-30T09:54:56.980Z] pcp
[2026-06-30T09:54:56.980Z] lvm2
[2026-06-30T09:54:56.980Z] qemu-utils
[2026-06-30T09:54:56.980Z] thin-provisioning-tools'
[2026-06-30T09:54:56.980Z] +++[38;5;242mtools/install_prereqs.sh:source:65       (B[m get_plugin_packages
[2026-06-30T09:54:57.245Z] ++[38;5;242mtools/install_prereqs.sh:source:65       (B[m PACKAGES='apache2
[2026-06-30T09:54:57.245Z] apache2-dev
[2026-06-30T09:54:57.245Z] bc
[2026-06-30T09:54:57.245Z] bsdmainutils
[2026-06-30T09:54:57.245Z] curl
[2026-06-30T09:54:57.245Z] g++
[2026-06-30T09:54:57.245Z] gawk
[2026-06-30T09:54:57.245Z] gcc
[2026-06-30T09:54:57.245Z] gettext  
[2026-06-30T09:54:57.245Z] git
[2026-06-30T09:54:57.245Z] graphviz 
[2026-06-30T09:54:57.245Z] iputils-ping
[2026-06-30T09:54:57.245Z] libffi-dev 
[2026-06-30T09:54:57.245Z] libjpeg-dev 
[2026-06-30T09:54:57.245Z] libpq-dev  
[2026-06-30T09:54:57.245Z] libssl-dev 
[2026-06-30T09:54:57.245Z] libsystemd-dev 
[2026-06-30T09:54:57.245Z] libxml2-dev  
[2026-06-30T09:54:57.245Z] libxslt1-dev  
[2026-06-30T09:54:57.245Z] libyaml-dev
[2026-06-30T09:54:57.245Z] lsof 
[2026-06-30T09:54:57.245Z] openssh-server
[2026-06-30T09:54:57.245Z] openssl
[2026-06-30T09:54:57.245Z] pkg-config
[2026-06-30T09:54:57.245Z] psmisc
[2026-06-30T09:54:57.245Z] python3-dev
[2026-06-30T09:54:57.245Z] python3-pip
[2026-06-30T09:54:57.245Z] python3-systemd
[2026-06-30T09:54:57.245Z] python3-venv
[2026-06-30T09:54:57.245Z] tar
[2026-06-30T09:54:57.245Z] tcpdump
[2026-06-30T09:54:57.245Z] unzip
[2026-06-30T09:54:57.245Z] uuid-runtime
[2026-06-30T09:54:57.245Z] wget
[2026-06-30T09:54:57.245Z] zlib1g-dev
[2026-06-30T09:54:57.245Z] libkrb5-dev
[2026-06-30T09:54:57.245Z] libldap2-dev
[2026-06-30T09:54:57.245Z] libsasl2-dev
[2026-06-30T09:54:57.245Z] memcached
[2026-06-30T09:54:57.245Z] python3-mysqldb
[2026-06-30T09:54:57.245Z] sqlite3
[2026-06-30T09:54:57.245Z] conntrack
[2026-06-30T09:54:57.245Z] curl
[2026-06-30T09:54:57.245Z] ebtables
[2026-06-30T09:54:57.245Z] genisoimage 
[2026-06-30T09:54:57.245Z] iptables
[2026-06-30T09:54:57.245Z] iputils-arping
[2026-06-30T09:54:57.245Z] kpartx
[2026-06-30T09:54:57.245Z] libjs-jquery-tablesorter 
[2026-06-30T09:54:57.245Z] parted
[2026-06-30T09:54:57.245Z] pm-utils
[2026-06-30T09:54:57.245Z] python3-mysqldb
[2026-06-30T09:54:57.245Z] socat 
[2026-06-30T09:54:57.245Z] sqlite3
[2026-06-30T09:54:57.245Z] sudo
[2026-06-30T09:54:57.245Z] vlan
[2026-06-30T09:54:57.245Z] lsscsi
[2026-06-30T09:54:57.245Z] open-iscsi
[2026-06-30T09:54:57.245Z] cryptsetup
[2026-06-30T09:54:57.245Z] dosfstools
[2026-06-30T09:54:57.245Z] genisoimage
[2026-06-30T09:54:57.245Z] gir1.2-libosinfo-1.0
[2026-06-30T09:54:57.245Z] netcat-openbsd
[2026-06-30T09:54:57.245Z] open-iscsi
[2026-06-30T09:54:57.245Z] qemu-utils
[2026-06-30T09:54:57.245Z] sg3-utils
[2026-06-30T09:54:57.245Z] sysfsutils
[2026-06-30T09:54:57.245Z] lvm2
[2026-06-30T09:54:57.245Z] qemu-utils
[2026-06-30T09:54:57.245Z] thin-provisioning-tools
[2026-06-30T09:54:57.245Z] acl
[2026-06-30T09:54:57.245Z] dnsmasq-base
[2026-06-30T09:54:57.245Z] dnsmasq-utils 
[2026-06-30T09:54:57.245Z] ebtables
[2026-06-30T09:54:57.245Z] haproxy 
[2026-06-30T09:54:57.245Z] iptables
[2026-06-30T09:54:57.245Z] iputils-arping
[2026-06-30T09:54:57.245Z] iputils-ping
[2026-06-30T09:54:57.245Z] postgresql-server-dev-all
[2026-06-30T09:54:57.245Z] python3-mysqldb
[2026-06-30T09:54:57.245Z] sqlite3
[2026-06-30T09:54:57.245Z] sudo
[2026-06-30T09:54:57.245Z] vlan
[2026-06-30T09:54:57.245Z] pcp
[2026-06-30T09:54:57.245Z] lvm2
[2026-06-30T09:54:57.245Z] qemu-utils
[2026-06-30T09:54:57.245Z] thin-provisioning-tools '
[2026-06-30T09:54:57.245Z] ++[38;5;242mtools/install_prereqs.sh:source:67       (B[m is_ubuntu
[2026-06-30T09:54:57.245Z] ++[38;5;242mfunctions-common:is_ubuntu:546           (B[m [[ -z deb ]]
[2026-06-30T09:54:57.245Z] ++[38;5;242mfunctions-common:is_ubuntu:549           (B[m '[' deb = deb ']'
[2026-06-30T09:54:57.245Z] ++[38;5;242mtools/install_prereqs.sh:source:67       (B[m grep -q dkms
[2026-06-30T09:54:57.245Z] ++[38;5;242mtools/install_prereqs.sh:source:67       (B[m echo apache2 apache2-dev bc bsdmainutils curl g++ gawk gcc gettext git graphviz iputils-ping libffi-dev libjpeg-dev libpq-dev libssl-dev libsystemd-dev libxml2-dev libxslt1-dev libyaml-dev lsof openssh-server openssl pkg-config psmisc python3-dev python3-pip python3-systemd python3-venv tar tcpdump unzip uuid-runtime wget zlib1g-dev libkrb5-dev libldap2-dev libsasl2-dev memcached python3-mysqldb sqlite3 conntrack curl ebtables genisoimage iptables iputils-arping kpartx libjs-jquery-tablesorter parted pm-utils python3-mysqldb socat sqlite3 sudo vlan lsscsi open-iscsi cryptsetup dosfstools genisoimage gir1.2-libosinfo-1.0 netcat-openbsd open-iscsi qemu-utils sg3-utils sysfsutils lvm2 qemu-utils thin-provisioning-tools acl dnsmasq-base dnsmasq-utils ebtables haproxy iptables iputils-arping iputils-ping postgresql-server-dev-all python3-mysqldb sqlite3 sudo vlan pcp lvm2 qemu-utils thin-provisioning-tools
[2026-06-30T09:54:57.245Z] ++[38;5;242mtools/install_prereqs.sh:source:72       (B[m install_package apache2 apache2-dev bc bsdmainutils curl g++ gawk gcc gettext git graphviz iputils-ping libffi-dev libjpeg-dev libpq-dev libssl-dev libsystemd-dev libxml2-dev libxslt1-dev libyaml-dev lsof openssh-server openssl pkg-config psmisc python3-dev python3-pip python3-systemd python3-venv tar tcpdump unzip uuid-runtime wget zlib1g-dev libkrb5-dev libldap2-dev libsasl2-dev memcached python3-mysqldb sqlite3 conntrack curl ebtables genisoimage iptables iputils-arping kpartx libjs-jquery-tablesorter parted pm-utils python3-mysqldb socat sqlite3 sudo vlan lsscsi open-iscsi cryptsetup dosfstools genisoimage gir1.2-libosinfo-1.0 netcat-openbsd open-iscsi qemu-utils sg3-utils sysfsutils lvm2 qemu-utils thin-provisioning-tools acl dnsmasq-base dnsmasq-utils ebtables haproxy iptables iputils-arping iputils-ping postgresql-server-dev-all python3-mysqldb sqlite3 sudo vlan pcp lvm2 qemu-utils thin-provisioning-tools
[2026-06-30T09:54:57.245Z] ++[38;5;242mfunctions-common:install_package:1438    (B[m update_package_repo
[2026-06-30T09:54:57.510Z] ++[38;5;242mfunctions-common:update_package_repo:1412 (B[m NO_UPDATE_REPOS=False
[2026-06-30T09:54:57.510Z] ++[38;5;242mfunctions-common:update_package_repo:1413 (B[m REPOS_UPDATED=True
[2026-06-30T09:54:57.510Z] ++[38;5;242mfunctions-common:update_package_repo:1414 (B[m RETRY_UPDATE=False
[2026-06-30T09:54:57.510Z] ++[38;5;242mfunctions-common:update_package_repo:1416 (B[m [[ False = \T\r\u\e ]]
[2026-06-30T09:54:57.510Z] ++[38;5;242mfunctions-common:update_package_repo:1420 (B[m is_ubuntu
[2026-06-30T09:54:57.510Z] ++[38;5;242mfunctions-common:is_ubuntu:546           (B[m [[ -z deb ]]
[2026-06-30T09:54:57.510Z] ++[38;5;242mfunctions-common:is_ubuntu:549           (B[m '[' deb = deb ']'
[2026-06-30T09:54:57.510Z] ++[38;5;242mfunctions-common:update_package_repo:1421 (B[m apt_get_update
[2026-06-30T09:54:57.510Z] ++[38;5;242mfunctions-common:apt_get_update:1166     (B[m [[ True == \T\r\u\e ]]
[2026-06-30T09:54:57.510Z] ++[38;5;242mfunctions-common:apt_get_update:1166     (B[m [[ False != \T\r\u\e ]]
[2026-06-30T09:54:57.775Z] ++[38;5;242mfunctions-common:apt_get_update:1167     (B[m return
[2026-06-30T09:54:57.775Z] ++[38;5;242mfunctions-common:install_package:1439    (B[m real_install_package apache2 apache2-dev bc bsdmainutils curl g++ gawk gcc gettext git graphviz iputils-ping libffi-dev libjpeg-dev libpq-dev libssl-dev libsystemd-dev libxml2-dev libxslt1-dev libyaml-dev lsof openssh-server openssl pkg-config psmisc python3-dev python3-pip python3-systemd python3-venv tar tcpdump unzip uuid-runtime wget zlib1g-dev libkrb5-dev libldap2-dev libsasl2-dev memcached python3-mysqldb sqlite3 conntrack curl ebtables genisoimage iptables iputils-arping kpartx libjs-jquery-tablesorter parted pm-utils python3-mysqldb socat sqlite3 sudo vlan lsscsi open-iscsi cryptsetup dosfstools genisoimage gir1.2-libosinfo-1.0 netcat-openbsd open-iscsi qemu-utils sg3-utils sysfsutils lvm2 qemu-utils thin-provisioning-tools acl dnsmasq-base dnsmasq-utils ebtables haproxy iptables iputils-arping iputils-ping postgresql-server-dev-all python3-mysqldb sqlite3 sudo vlan pcp lvm2 qemu-utils thin-provisioning-tools
[2026-06-30T09:54:57.775Z] ++[38;5;242mfunctions-common:real_install_package:1426 (B[m is_ubuntu
[2026-06-30T09:54:57.775Z] ++[38;5;242mfunctions-common:is_ubuntu:546           (B[m [[ -z deb ]]
[2026-06-30T09:54:57.775Z] ++[38;5;242mfunctions-common:is_ubuntu:549           (B[m '[' deb = deb ']'
[2026-06-30T09:54:57.775Z] ++[38;5;242mfunctions-common:real_install_package:1427 (B[m apt_get install apache2 apache2-dev bc bsdmainutils curl g++ gawk gcc gettext git graphviz iputils-ping libffi-dev libjpeg-dev libpq-dev libssl-dev libsystemd-dev libxml2-dev libxslt1-dev libyaml-dev lsof openssh-server openssl pkg-config psmisc python3-dev python3-pip python3-systemd python3-venv tar tcpdump unzip uuid-runtime wget zlib1g-dev libkrb5-dev libldap2-dev libsasl2-dev memcached python3-mysqldb sqlite3 conntrack curl ebtables genisoimage iptables iputils-arping kpartx libjs-jquery-tablesorter parted pm-utils python3-mysqldb socat sqlite3 sudo vlan lsscsi open-iscsi cryptsetup dosfstools genisoimage gir1.2-libosinfo-1.0 netcat-openbsd open-iscsi qemu-utils sg3-utils sysfsutils lvm2 qemu-utils thin-provisioning-tools acl dnsmasq-base dnsmasq-utils ebtables haproxy iptables iputils-arping iputils-ping postgresql-server-dev-all python3-mysqldb sqlite3 sudo vlan pcp lvm2 qemu-utils thin-provisioning-tools
[2026-06-30T09:54:58.039Z] ++[38;5;242mfunctions-common:apt_get:1207            (B[m sudo DEBIAN_FRONTEND=noninteractive http_proxy=http://proxy-in.its.hpecorp.net:80 https_proxy=http://proxy-in.its.hpecorp.net:443 no_proxy=10.201.5.87,10.201.4.29,10.201.3.85,10.201.3.86,localhost,127.0.0.1,10.201.4.31,10.201.4.32,10.201.4.33,10.201.4.34,10.201.1.221,172.28.65.17,172.28.65.18,172.28.65.207,172.28.65.208 apt-get --option Dpkg::Options::=--force-confold --assume-yes install apache2 apache2-dev bc bsdmainutils curl g++ gawk gcc gettext git graphviz iputils-ping libffi-dev libjpeg-dev libpq-dev libssl-dev libsystemd-dev libxml2-dev libxslt1-dev libyaml-dev lsof openssh-server openssl pkg-config psmisc python3-dev python3-pip python3-systemd python3-venv tar tcpdump unzip uuid-runtime wget zlib1g-dev libkrb5-dev libldap2-dev libsasl2-dev memcached python3-mysqldb sqlite3 conntrack curl ebtables genisoimage iptables iputils-arping kpartx libjs-jquery-tablesorter parted pm-utils python3-mysqldb socat sqlite3 sudo vlan lsscsi open-iscsi cryptsetup dosfstools genisoimage gir1.2-libosinfo-1.0 netcat-openbsd open-iscsi qemu-utils sg3-utils sysfsutils lvm2 qemu-utils thin-provisioning-tools acl dnsmasq-base dnsmasq-utils ebtables haproxy iptables iputils-arping iputils-ping postgresql-server-dev-all python3-mysqldb sqlite3 sudo vlan pcp lvm2 qemu-utils thin-provisioning-tools
[2026-06-30T09:54:58.039Z] Reading package lists...
[2026-06-30T09:54:58.617Z] Building dependency tree...
[2026-06-30T09:54:58.617Z] Reading state information...
[2026-06-30T09:54:58.617Z] apache2 is already the newest version (2.4.58-1ubuntu8.13).
[2026-06-30T09:54:58.617Z] apache2-dev is already the newest version (2.4.58-1ubuntu8.13).
[2026-06-30T09:54:58.617Z] bc is already the newest version (1.07.1-3ubuntu4).
[2026-06-30T09:54:58.617Z] bsdmainutils is already the newest version (12.1.8).
[2026-06-30T09:54:58.617Z] curl is already the newest version (8.5.0-2ubuntu10.9).
[2026-06-30T09:54:58.617Z] g++ is already the newest version (4:13.2.0-7ubuntu1).
[2026-06-30T09:54:58.617Z] gawk is already the newest version (1:5.2.1-2build3).
[2026-06-30T09:54:58.617Z] gcc is already the newest version (4:13.2.0-7ubuntu1).
[2026-06-30T09:54:58.617Z] gettext is already the newest version (0.21-14ubuntu2).
[2026-06-30T09:54:58.617Z] git is already the newest version (1:2.43.0-1ubuntu7.3).
[2026-06-30T09:54:58.617Z] graphviz is already the newest version (2.42.2-9ubuntu0.1).
[2026-06-30T09:54:58.617Z] iputils-ping is already the newest version (3:20240117-1ubuntu0.1).
[2026-06-30T09:54:58.617Z] libffi-dev is already the newest version (3.4.6-1build1).
[2026-06-30T09:54:58.617Z] libjpeg-dev is already the newest version (8c-2ubuntu11).
[2026-06-30T09:54:58.617Z] libpq-dev is already the newest version (16.14-0ubuntu0.24.04.1).
[2026-06-30T09:54:58.617Z] libssl-dev is already the newest version (3.0.13-0ubuntu3.11).
[2026-06-30T09:54:58.617Z] libsystemd-dev is already the newest version (255.4-1ubuntu8.16).
[2026-06-30T09:54:58.617Z] libxml2-dev is already the newest version (2.9.14+dfsg-1.3ubuntu3.8).
[2026-06-30T09:54:58.617Z] libxslt1-dev is already the newest version (1.1.39-0exp1ubuntu0.24.04.3).
[2026-06-30T09:54:58.617Z] libyaml-dev is already the newest version (0.2.5-1build1).
[2026-06-30T09:54:58.617Z] lsof is already the newest version (4.95.0-1build3).
[2026-06-30T09:54:58.617Z] openssh-server is already the newest version (1:9.6p1-3ubuntu13.16).
[2026-06-30T09:54:58.617Z] openssl is already the newest version (3.0.13-0ubuntu3.11).
[2026-06-30T09:54:58.617Z] pkg-config is already the newest version (1.8.1-2build1).
[2026-06-30T09:54:58.617Z] psmisc is already the newest version (23.7-1build1).
[2026-06-30T09:54:58.617Z] python3-dev is already the newest version (3.12.3-0ubuntu2.1).
[2026-06-30T09:54:58.617Z] python3-pip is already the newest version (24.0+dfsg-1ubuntu1.3).
[2026-06-30T09:54:58.617Z] python3-systemd is already the newest version (235-1build4).
[2026-06-30T09:54:58.617Z] python3-venv is already the newest version (3.12.3-0ubuntu2.1).
[2026-06-30T09:54:58.617Z] tar is already the newest version (1.35+dfsg-3ubuntu0.1).
[2026-06-30T09:54:58.617Z] tcpdump is already the newest version (4.99.4-3ubuntu4.24.04.1).
[2026-06-30T09:54:58.617Z] unzip is already the newest version (6.0-28ubuntu4.1).
[2026-06-30T09:54:58.617Z] uuid-runtime is already the newest version (2.39.3-9ubuntu6.5).
[2026-06-30T09:54:58.617Z] wget is already the newest version (1.21.4-1ubuntu4.1).
[2026-06-30T09:54:58.617Z] zlib1g-dev is already the newest version (1:1.3.dfsg-3.1ubuntu2.1).
[2026-06-30T09:54:58.617Z] libkrb5-dev is already the newest version (1.20.1-6ubuntu2.6).
[2026-06-30T09:54:58.617Z] libldap2-dev is already the newest version (2.6.10+dfsg-0ubuntu0.24.04.1).
[2026-06-30T09:54:58.617Z] libsasl2-dev is already the newest version (2.1.28+dfsg1-5ubuntu3.1).
[2026-06-30T09:54:58.617Z] memcached is already the newest version (1.6.24-1ubuntu0.1).
[2026-06-30T09:54:58.617Z] sqlite3 is already the newest version (3.45.1-1ubuntu2.6).
[2026-06-30T09:54:58.617Z] conntrack is already the newest version (1:1.4.8-1ubuntu1).
[2026-06-30T09:54:58.617Z] ebtables is already the newest version (2.0.11-6build1).
[2026-06-30T09:54:58.617Z] genisoimage is already the newest version (9:1.1.11-3.5).
[2026-06-30T09:54:58.617Z] iptables is already the newest version (1.8.10-3ubuntu2).
[2026-06-30T09:54:58.617Z] iputils-arping is already the newest version (3:20240117-1ubuntu0.1).
[2026-06-30T09:54:58.617Z] kpartx is already the newest version (0.9.4-5ubuntu8.2).
[2026-06-30T09:54:58.617Z] libjs-jquery-tablesorter is already the newest version (1:2.31.3+dfsg1-3).
[2026-06-30T09:54:58.617Z] parted is already the newest version (3.6-4build1).
[2026-06-30T09:54:58.617Z] pm-utils is already the newest version (1.4.1-21).
[2026-06-30T09:54:58.617Z] socat is already the newest version (1.8.0.0-4build3).
[2026-06-30T09:54:58.617Z] sudo is already the newest version (1.9.15p5-3ubuntu5.24.04.2).
[2026-06-30T09:54:58.617Z] vlan is already the newest version (2.0.5ubuntu5).
[2026-06-30T09:54:58.617Z] lsscsi is already the newest version (0.32-1build1).
[2026-06-30T09:54:58.617Z] open-iscsi is already the newest version (2.1.9-3ubuntu5.4).
[2026-06-30T09:54:58.617Z] cryptsetup is already the newest version (2:2.7.0-1ubuntu4.2).
[2026-06-30T09:54:58.617Z] dosfstools is already the newest version (4.2-1.1build1).
[2026-06-30T09:54:58.617Z] gir1.2-libosinfo-1.0 is already the newest version (1.11.0-2build3).
[2026-06-30T09:54:58.617Z] netcat-openbsd is already the newest version (1.226-1ubuntu2).
[2026-06-30T09:54:58.617Z] qemu-utils is already the newest version (1:8.2.2+ds-0ubuntu1.17).
[2026-06-30T09:54:58.617Z] sg3-utils is already the newest version (1.46-3ubuntu4).
[2026-06-30T09:54:58.617Z] sysfsutils is already the newest version (2.1.1-6build1).
[2026-06-30T09:54:58.617Z] lvm2 is already the newest version (2.03.16-3ubuntu3.2).
[2026-06-30T09:54:58.617Z] thin-provisioning-tools is already the newest version (0.9.0-2ubuntu5.1).
[2026-06-30T09:54:58.617Z] acl is already the newest version (2.3.2-1build1.1).
[2026-06-30T09:54:58.617Z] dnsmasq-base is already the newest version (2.90-2ubuntu0.3).
[2026-06-30T09:54:58.617Z] dnsmasq-utils is already the newest version (2.90-2ubuntu0.3).
[2026-06-30T09:54:58.617Z] haproxy is already the newest version (2.8.16-0ubuntu0.24.04.3).
[2026-06-30T09:54:58.886Z] postgresql-server-dev-all is already the newest version (257build1.1).
[2026-06-30T09:54:58.886Z] pcp is already the newest version (6.2.0-1.1build4).
[2026-06-30T09:54:58.886Z] The following packages were automatically installed and are no longer required:
[2026-06-30T09:54:58.886Z]   libcgi-fast-perl libcgi-pm-perl libclone-perl libencode-locale-perl
[2026-06-30T09:54:58.886Z]   libevent-pthreads-2.1-7t64 libfcgi-bin libfcgi-perl libfcgi0t64
[2026-06-30T09:54:58.886Z]   libhtml-parser-perl libhtml-tagset-perl libhtml-template-perl
[2026-06-30T09:54:58.886Z]   libhttp-date-perl libhttp-message-perl libio-html-perl
[2026-06-30T09:54:58.886Z]   liblwp-mediatypes-perl libmecab2 libprotobuf-lite32t64 libtimedate-perl
[2026-06-30T09:54:58.886Z]   liburi-perl mecab-ipadic mecab-ipadic-utf8 mecab-utils
[2026-06-30T09:54:58.886Z] Use 'sudo apt autoremove' to remove them.
[2026-06-30T09:54:58.886Z] The following additional packages will be installed:
[2026-06-30T09:54:58.886Z]   libmysqlclient21 mysql-common
[2026-06-30T09:54:58.886Z] Suggested packages:
[2026-06-30T09:54:58.886Z]   default-mysql-server | virtual-mysql-server
[2026-06-30T09:54:58.886Z] The following NEW packages will be installed:
[2026-06-30T09:54:58.886Z]   libmysqlclient21 mysql-common python3-mysqldb
[2026-06-30T09:55:00.321Z] 0 upgraded, 3 newly installed, 0 to remove and 67 not upgraded.
[2026-06-30T09:55:00.321Z] Need to get 0 B/1,309 kB of archives.
[2026-06-30T09:55:00.321Z] After this operation, 7,055 kB of additional disk space will be used.
[2026-06-30T09:55:00.584Z] Selecting previously unselected package mysql-common.
[2026-06-30T09:55:02.510Z] (Reading database ... [2026-06-30T09:55:02.510Z] (Reading database ... 5%[2026-06-30T09:55:02.510Z] (Reading database ... 10%[2026-06-30T09:55:02.510Z] (Reading database ... 15%[2026-06-30T09:55:02.510Z] (Reading database ... 20%[2026-06-30T09:55:02.510Z] (Reading database ... 25%[2026-06-30T09:55:02.510Z] (Reading database ... 30%[2026-06-30T09:55:02.510Z] (Reading database ... 35%[2026-06-30T09:55:02.510Z] (Reading database ... 40%[2026-06-30T09:55:02.510Z] (Reading database ... 45%[2026-06-30T09:55:02.510Z] (Reading database ... 50%[2026-06-30T09:55:02.510Z] (Reading database ... 55%[2026-06-30T09:55:02.510Z] (Reading database ... 60%[2026-06-30T09:55:02.510Z] (Reading database ... 65%[2026-06-30T09:55:02.510Z] (Reading database ... 70%[2026-06-30T09:55:02.510Z] (Reading database ... 75%[2026-06-30T09:55:02.510Z] (Reading database ... 80%[2026-06-30T09:55:02.510Z] (Reading database ... 85%[2026-06-30T09:55:02.510Z] (Reading database ... 90%[2026-06-30T09:55:02.510Z] (Reading database ... 95%[2026-06-30T09:55:02.510Z] (Reading database ... 100%[2026-06-30T09:55:02.510Z] (Reading database ... 164905 files and directories currently installed.)
[2026-06-30T09:55:02.510Z] Preparing to unpack .../mysql-common_5.8+1.1.0build1_all.deb ...
[2026-06-30T09:55:02.510Z] Unpacking mysql-common (5.8+1.1.0build1) ...
[2026-06-30T09:55:02.510Z] Selecting previously unselected package libmysqlclient21:amd64.
[2026-06-30T09:55:02.510Z] Preparing to unpack .../libmysqlclient21_8.0.46-0ubuntu0.24.04.3_amd64.deb ...
[2026-06-30T09:55:02.510Z] Unpacking libmysqlclient21:amd64 (8.0.46-0ubuntu0.24.04.3) ...
[2026-06-30T09:55:02.772Z] Selecting previously unselected package python3-mysqldb.
[2026-06-30T09:55:03.036Z] Preparing to unpack .../python3-mysqldb_1.4.6-2build3_amd64.deb ...
[2026-06-30T09:55:03.036Z] Unpacking python3-mysqldb (1.4.6-2build3) ...
[2026-06-30T09:55:03.036Z] Setting up mysql-common (5.8+1.1.0build1) ...
[2026-06-30T09:55:03.302Z] update-alternatives: using /etc/mysql/my.cnf.fallback to provide /etc/mysql/my.cnf (my.cnf) in auto mode
[2026-06-30T09:55:03.302Z] Setting up libmysqlclient21:amd64 (8.0.46-0ubuntu0.24.04.3) ...
[2026-06-30T09:55:03.565Z] Setting up python3-mysqldb (1.4.6-2build3) ...
[2026-06-30T09:55:03.829Z] Processing triggers for libc-bin (2.39-0ubuntu8.7) ...
[2026-06-30T09:55:08.050Z] Disabling Ubuntu mode, explicit restart mode configured
[2026-06-30T09:55:08.050Z] Running kernel seems to be up-to-date.
[2026-06-30T09:55:08.050Z] 
[2026-06-30T09:55:08.050Z] No services need to be restarted.
[2026-06-30T09:55:08.050Z] 
[2026-06-30T09:55:08.050Z] No containers need to be restarted.
[2026-06-30T09:55:08.050Z] 
[2026-06-30T09:55:08.050Z] User sessions running outdated binaries:
[2026-06-30T09:55:08.050Z]  root @ session #2: sshd[3420]
[2026-06-30T09:55:08.050Z] 
[2026-06-30T09:55:08.050Z] No VM guests are running outdated hypervisor (qemu) binaries on this host.
[2026-06-30T09:55:09.976Z] ++[38;5;242mfunctions-common:apt_get:1211            (B[m result=0
[2026-06-30T09:55:09.976Z] ++[38;5;242mfunctions-common:apt_get:1214            (B[m time_stop apt-get
[2026-06-30T09:55:09.976Z] ++[38;5;242mfunctions-common:time_stop:2420          (B[m local name
[2026-06-30T09:55:09.976Z] ++[38;5;242mfunctions-common:time_stop:2421          (B[m local end_time
[2026-06-30T09:55:09.976Z] ++[38;5;242mfunctions-common:time_stop:2422          (B[m local elapsed_time
[2026-06-30T09:55:09.976Z] ++[38;5;242mfunctions-common:time_stop:2423          (B[m local total
[2026-06-30T09:55:09.976Z] ++[38;5;242mfunctions-common:time_stop:2424          (B[m local start_time
[2026-06-30T09:55:10.241Z] ++[38;5;242mfunctions-common:time_stop:2426          (B[m name=apt-get
[2026-06-30T09:55:10.241Z] ++[38;5;242mfunctions-common:time_stop:2427          (B[m start_time=1782813306167
[2026-06-30T09:55:10.241Z] ++[38;5;242mfunctions-common:time_stop:2429          (B[m [[ -z 1782813306167 ]]
[2026-06-30T09:55:10.241Z] +++[38;5;242mfunctions-common:time_stop:2432          (B[m date +%s%3N
[2026-06-30T09:55:10.241Z] ++[38;5;242mfunctions-common:time_stop:2432          (B[m end_time=1782813318466
[2026-06-30T09:55:10.241Z] ++[38;5;242mfunctions-common:time_stop:2433          (B[m elapsed_time=12299
[2026-06-30T09:55:10.241Z] ++[38;5;242mfunctions-common:time_stop:2434          (B[m total=3186
[2026-06-30T09:55:10.241Z] ++[38;5;242mfunctions-common:time_stop:2436          (B[m _TIME_START[$name]=
[2026-06-30T09:55:10.241Z] ++[38;5;242mfunctions-common:time_stop:2437          (B[m _TIME_TOTAL[$name]=15485
[2026-06-30T09:55:10.525Z] ++[38;5;242mfunctions-common:apt_get:1215            (B[m return 0
[2026-06-30T09:55:10.525Z] ++[38;5;242mtools/install_prereqs.sh:source:74       (B[m [[ -n False ]]
[2026-06-30T09:55:10.525Z] ++[38;5;242mtools/install_prereqs.sh:source:74       (B[m [[ False != \F\a\l\s\e ]]
[2026-06-30T09:55:10.525Z] +++[38;5;242mtools/install_prereqs.sh:source:83       (B[m which python3.12
[2026-06-30T09:55:10.525Z] ++[38;5;242mtools/install_prereqs.sh:source:83       (B[m export PYTHON=/usr/bin/python3.12
[2026-06-30T09:55:10.525Z] ++[38;5;242mtools/install_prereqs.sh:source:83       (B[m PYTHON=/usr/bin/python3.12
[2026-06-30T09:55:10.525Z] ++[38;5;242mtools/install_prereqs.sh:source:88       (B[m date +%s
[2026-06-30T09:55:10.525Z] ++[38;5;242mtools/install_prereqs.sh:source:89       (B[m date
[2026-06-30T09:55:10.525Z] +[38;5;242m./stack.sh:main:798                      (B[m [[ False != \T\r\u\e ]]
[2026-06-30T09:55:10.788Z] +[38;5;242m./stack.sh:main:799                      (B[m PYPI_ALTERNATIVE_URL=
[2026-06-30T09:55:10.788Z] +[38;5;242m./stack.sh:main:799                      (B[m /opt/stack/devstack/tools/install_pip.sh
[2026-06-30T09:55:11.752Z] +[38;5;242mtools/install_pip.sh:main:25             (B[m FILES=/opt/stack/devstack/files
[2026-06-30T09:55:11.752Z] +[38;5;242mtools/install_pip.sh:main:40             (B[m PIP_GET_PIP_URL=https://bootstrap.pypa.io/get-pip.py
[2026-06-30T09:55:11.752Z] +[38;5;242mtools/install_pip.sh:main:42             (B[m GetDistro
[2026-06-30T09:55:11.752Z] +[38;5;242mfunctions-common:GetDistro:472           (B[m GetOSVersion
[2026-06-30T09:55:11.752Z] +[38;5;242mfunctions-common:GetOSVersion:442        (B[m source /etc/os-release
[2026-06-30T09:55:11.752Z] ++[38;5;242m/etc/os-release:source:1                 (B[m PRETTY_NAME='Ubuntu 24.04.2 LTS'
[2026-06-30T09:55:12.021Z] ++[38;5;242m/etc/os-release:source:2                 (B[m NAME=Ubuntu
[2026-06-30T09:55:12.021Z] ++[38;5;242m/etc/os-release:source:3                 (B[m VERSION_ID=24.04
[2026-06-30T09:55:12.021Z] ++[38;5;242m/etc/os-release:source:4                 (B[m VERSION='24.04.2 LTS (Noble Numbat)'
[2026-06-30T09:55:12.021Z] ++[38;5;242m/etc/os-release:source:5                 (B[m VERSION_CODENAME=noble
[2026-06-30T09:55:12.021Z] ++[38;5;242m/etc/os-release:source:6                 (B[m ID=ubuntu
[2026-06-30T09:55:12.021Z] ++[38;5;242m/etc/os-release:source:7                 (B[m ID_LIKE=debian
[2026-06-30T09:55:12.021Z] ++[38;5;242m/etc/os-release:source:8                 (B[m HOME_URL=https://www.ubuntu.com/
[2026-06-30T09:55:12.021Z] ++[38;5;242m/etc/os-release:source:9                 (B[m SUPPORT_URL=https://help.ubuntu.com/
[2026-06-30T09:55:12.021Z] ++[38;5;242m/etc/os-release:source:10                (B[m BUG_REPORT_URL=https://bugs.launchpad.net/ubuntu/
[2026-06-30T09:55:12.021Z] ++[38;5;242m/etc/os-release:source:11                (B[m PRIVACY_POLICY_URL=https://www.ubuntu.com/legal/terms-and-policies/privacy-policy
[2026-06-30T09:55:12.021Z] ++[38;5;242m/etc/os-release:source:12                (B[m UBUNTU_CODENAME=noble
[2026-06-30T09:55:12.021Z] ++[38;5;242m/etc/os-release:source:13                (B[m LOGO=ubuntu-logo
[2026-06-30T09:55:12.021Z] +[38;5;242mfunctions-common:GetOSVersion:443        (B[m [[ ubuntu =~ (almalinux|centos|rocky|rhel) ]]
[2026-06-30T09:55:12.289Z] +[38;5;242mfunctions-common:GetOSVersion:448        (B[m _ensure_lsb_release
[2026-06-30T09:55:12.289Z] ++[38;5;242mfunctions-common:_ensure_lsb_release:419 (B[m command -v lsb_release
[2026-06-30T09:55:12.289Z] +[38;5;242mfunctions-common:_ensure_lsb_release:419 (B[m [[ -x /usr/bin/lsb_release ]]
[2026-06-30T09:55:12.289Z] +[38;5;242mfunctions-common:_ensure_lsb_release:420 (B[m return
[2026-06-30T09:55:12.289Z] ++[38;5;242mfunctions-common:GetOSVersion:450        (B[m lsb_release -r -s
[2026-06-30T09:55:12.289Z] +[38;5;242mfunctions-common:GetOSVersion:450        (B[m os_RELEASE=24.04
[2026-06-30T09:55:12.289Z] ++[38;5;242mfunctions-common:GetOSVersion:451        (B[m lsb_release -c -s
[2026-06-30T09:55:12.289Z] +[38;5;242mfunctions-common:GetOSVersion:451        (B[m os_CODENAME=noble
[2026-06-30T09:55:12.289Z] ++[38;5;242mfunctions-common:GetOSVersion:452        (B[m lsb_release -i -s
[2026-06-30T09:55:12.557Z] +[38;5;242mfunctions-common:GetOSVersion:452        (B[m os_VENDOR=Ubuntu
[2026-06-30T09:55:12.557Z] +[38;5;242mfunctions-common:GetOSVersion:455        (B[m [[ Ubuntu =~ (Debian|Ubuntu) ]]
[2026-06-30T09:55:12.557Z] +[38;5;242mfunctions-common:GetOSVersion:456        (B[m os_PACKAGE=deb
[2026-06-30T09:55:12.557Z] +[38;5;242mfunctions-common:GetOSVersion:461        (B[m typeset -xr os_VENDOR
[2026-06-30T09:55:12.557Z] +[38;5;242mfunctions-common:GetOSVersion:462        (B[m typeset -xr os_RELEASE
[2026-06-30T09:55:12.557Z] +[38;5;242mfunctions-common:GetOSVersion:463        (B[m typeset -xr os_PACKAGE
[2026-06-30T09:55:12.557Z] +[38;5;242mfunctions-common:GetOSVersion:464        (B[m typeset -xr os_CODENAME
[2026-06-30T09:55:12.557Z] +[38;5;242mfunctions-common:GetDistro:473           (B[m [[ Ubuntu =~ (Ubuntu) ]]
[2026-06-30T09:55:12.557Z] +[38;5;242mfunctions-common:GetDistro:476           (B[m DISTRO=noble
[2026-06-30T09:55:12.557Z] +[38;5;242mfunctions-common:GetDistro:513           (B[m typeset -xr DISTRO
[2026-06-30T09:55:12.557Z] +[38;5;242mtools/install_pip.sh:main:43             (B[m echo 'Distro: noble'
[2026-06-30T09:55:12.557Z] Distro: noble
[2026-06-30T09:55:12.821Z] +[38;5;242mtools/install_pip.sh:main:117            (B[m get_versions
[2026-06-30T09:55:12.821Z] ++[38;5;242mtools/install_pip.sh:get_versions:48     (B[m which pip
[2026-06-30T09:55:12.821Z] +[38;5;242mtools/install_pip.sh:get_versions:48     (B[m PIP=/usr/bin/pip
[2026-06-30T09:55:12.821Z] +[38;5;242mtools/install_pip.sh:get_versions:49     (B[m [[ -n /usr/bin/pip ]]
[2026-06-30T09:55:12.821Z] ++[38;5;242mtools/install_pip.sh:get_versions:50     (B[m /usr/bin/pip --version
[2026-06-30T09:55:12.821Z] ++[38;5;242mtools/install_pip.sh:get_versions:50     (B[m awk '{ print $2}'
[2026-06-30T09:55:13.397Z] +[38;5;242mtools/install_pip.sh:get_versions:50     (B[m PIP_VERSION=24.0
[2026-06-30T09:55:13.397Z] +[38;5;242mtools/install_pip.sh:get_versions:51     (B[m echo 'pip: 24.0'
[2026-06-30T09:55:13.397Z] pip: 24.0
[2026-06-30T09:55:13.397Z] +[38;5;242mtools/install_pip.sh:main:119            (B[m [[ -n '' ]]
[2026-06-30T09:55:13.397Z] +[38;5;242mtools/install_pip.sh:main:123            (B[m is_fedora
[2026-06-30T09:55:13.397Z] +[38;5;242mfunctions-common:is_fedora:526           (B[m [[ -z Ubuntu ]]
[2026-06-30T09:55:13.665Z] +[38;5;242mfunctions-common:is_fedora:530           (B[m '[' Ubuntu = Fedora ']'
[2026-06-30T09:55:13.665Z] +[38;5;242mfunctions-common:is_fedora:530           (B[m '[' Ubuntu = 'Red Hat' ']'
[2026-06-30T09:55:13.665Z] +[38;5;242mfunctions-common:is_fedora:531           (B[m '[' Ubuntu = openEuler ']'
[2026-06-30T09:55:13.665Z] +[38;5;242mfunctions-common:is_fedora:532           (B[m '[' Ubuntu = RedHatEnterpriseServer ']'
[2026-06-30T09:55:13.665Z] +[38;5;242mfunctions-common:is_fedora:533           (B[m '[' Ubuntu = RedHatEnterprise ']'
[2026-06-30T09:55:13.665Z] +[38;5;242mfunctions-common:is_fedora:534           (B[m '[' Ubuntu = RedHatEnterpriseLinux ']'
[2026-06-30T09:55:13.665Z] +[38;5;242mfunctions-common:is_fedora:535           (B[m '[' Ubuntu = RockyLinux ']'
[2026-06-30T09:55:13.665Z] +[38;5;242mfunctions-common:is_fedora:536           (B[m '[' Ubuntu = CentOS ']'
[2026-06-30T09:55:13.665Z] +[38;5;242mfunctions-common:is_fedora:536           (B[m '[' Ubuntu = CentOSStream ']'
[2026-06-30T09:55:13.665Z] +[38;5;242mfunctions-common:is_fedora:537           (B[m '[' Ubuntu = AlmaLinux ']'
[2026-06-30T09:55:13.665Z] +[38;5;242mfunctions-common:is_fedora:538           (B[m '[' Ubuntu = OracleServer ']'
[2026-06-30T09:55:13.665Z] +[38;5;242mfunctions-common:is_fedora:538           (B[m '[' Ubuntu = Virtuozzo ']'
[2026-06-30T09:55:13.930Z] +[38;5;242mtools/install_pip.sh:main:134            (B[m is_ubuntu
[2026-06-30T09:55:13.930Z] +[38;5;242mfunctions-common:is_ubuntu:546           (B[m [[ -z deb ]]
[2026-06-30T09:55:13.930Z] +[38;5;242mfunctions-common:is_ubuntu:549           (B[m '[' deb = deb ']'
[2026-06-30T09:55:13.930Z] +[38;5;242mtools/install_pip.sh:main:137            (B[m sed -i -e /setuptools/d /opt/stack/requirements/upper-constraints.txt
[2026-06-30T09:55:13.930Z] +[38;5;242mtools/install_pip.sh:main:146            (B[m set -x
[2026-06-30T09:55:13.930Z] +[38;5;242mtools/install_pip.sh:main:149            (B[m get_versions
[2026-06-30T09:55:13.930Z] ++[38;5;242mtools/install_pip.sh:get_versions:48     (B[m which pip
[2026-06-30T09:55:13.930Z] +[38;5;242mtools/install_pip.sh:get_versions:48     (B[m PIP=/usr/bin/pip
[2026-06-30T09:55:13.930Z] +[38;5;242mtools/install_pip.sh:get_versions:49     (B[m [[ -n /usr/bin/pip ]]
[2026-06-30T09:55:13.930Z] ++[38;5;242mtools/install_pip.sh:get_versions:50     (B[m awk '{ print $2}'
[2026-06-30T09:55:13.930Z] ++[38;5;242mtools/install_pip.sh:get_versions:50     (B[m /usr/bin/pip --version
[2026-06-30T09:55:14.513Z] +[38;5;242mtools/install_pip.sh:get_versions:50     (B[m PIP_VERSION=24.0
[2026-06-30T09:55:14.513Z] +[38;5;242mtools/install_pip.sh:get_versions:51     (B[m echo 'pip: 24.0'
[2026-06-30T09:55:14.513Z] pip: 24.0
[2026-06-30T09:55:14.776Z] +[38;5;242m./stack.sh:main:803                      (B[m source /opt/stack/devstack/tools/fixup_stuff.sh
[2026-06-30T09:55:14.776Z] ++[38;5;242mtools/fixup_stuff.sh:source:12           (B[m [[ -z /opt/stack/devstack ]]
[2026-06-30T09:55:14.776Z] +[38;5;242m./stack.sh:main:804                      (B[m fixup_all
[2026-06-30T09:55:14.776Z] +[38;5;242mtools/fixup_stuff.sh:fixup_all:111       (B[m fixup_ubuntu
[2026-06-30T09:55:14.776Z] +[38;5;242mtools/fixup_stuff.sh:fixup_ubuntu:95     (B[m is_ubuntu
[2026-06-30T09:55:14.776Z] +[38;5;242mfunctions-common:is_ubuntu:546           (B[m [[ -z deb ]]
[2026-06-30T09:55:14.776Z] +[38;5;242mfunctions-common:is_ubuntu:549           (B[m '[' deb = deb ']'
[2026-06-30T09:55:14.776Z] +[38;5;242mtools/fixup_stuff.sh:fixup_ubuntu:105    (B[m sudo rm -rf '/usr/lib/python3/dist-packages/PyYAML-*.egg-info'
[2026-06-30T09:55:15.039Z] +[38;5;242mtools/fixup_stuff.sh:fixup_ubuntu:106    (B[m sudo rm -rf '/usr/lib/python3/dist-packages/pyasn1_modules-*.egg-info'
[2026-06-30T09:55:15.039Z] +[38;5;242mtools/fixup_stuff.sh:fixup_ubuntu:107    (B[m sudo rm -rf '/usr/lib/python3/dist-packages/simplejson-*.egg-info'
[2026-06-30T09:55:15.039Z] +[38;5;242mtools/fixup_stuff.sh:fixup_all:112       (B[m fixup_fedora
[2026-06-30T09:55:15.039Z] +[38;5;242mtools/fixup_stuff.sh:fixup_fedora:33     (B[m is_fedora
[2026-06-30T09:55:15.039Z] +[38;5;242mfunctions-common:is_fedora:526           (B[m [[ -z Ubuntu ]]
[2026-06-30T09:55:15.039Z] +[38;5;242mfunctions-common:is_fedora:530           (B[m '[' Ubuntu = Fedora ']'
[2026-06-30T09:55:15.039Z] +[38;5;242mfunctions-common:is_fedora:530           (B[m '[' Ubuntu = 'Red Hat' ']'
[2026-06-30T09:55:15.039Z] +[38;5;242mfunctions-common:is_fedora:531           (B[m '[' Ubuntu = openEuler ']'
[2026-06-30T09:55:15.302Z] +[38;5;242mfunctions-common:is_fedora:532           (B[m '[' Ubuntu = RedHatEnterpriseServer ']'
[2026-06-30T09:55:15.302Z] +[38;5;242mfunctions-common:is_fedora:533           (B[m '[' Ubuntu = RedHatEnterprise ']'
[2026-06-30T09:55:15.302Z] +[38;5;242mfunctions-common:is_fedora:534           (B[m '[' Ubuntu = RedHatEnterpriseLinux ']'
[2026-06-30T09:55:15.302Z] +[38;5;242mfunctions-common:is_fedora:535           (B[m '[' Ubuntu = RockyLinux ']'
[2026-06-30T09:55:15.302Z] +[38;5;242mfunctions-common:is_fedora:536           (B[m '[' Ubuntu = CentOS ']'
[2026-06-30T09:55:15.302Z] +[38;5;242mfunctions-common:is_fedora:536           (B[m '[' Ubuntu = CentOSStream ']'
[2026-06-30T09:55:15.302Z] +[38;5;242mfunctions-common:is_fedora:537           (B[m '[' Ubuntu = AlmaLinux ']'
[2026-06-30T09:55:15.302Z] +[38;5;242mfunctions-common:is_fedora:538           (B[m '[' Ubuntu = OracleServer ']'
[2026-06-30T09:55:15.302Z] +[38;5;242mfunctions-common:is_fedora:538           (B[m '[' Ubuntu = Virtuozzo ']'
[2026-06-30T09:55:15.302Z] +[38;5;242mtools/fixup_stuff.sh:fixup_fedora:34     (B[m return
[2026-06-30T09:55:15.566Z] +[38;5;242m./stack.sh:main:806                      (B[m [[ True == \T\r\u\e ]]
[2026-06-30T09:55:15.566Z] +[38;5;242m./stack.sh:main:808                      (B[m sudo ln -sf /opt/stack/data/venv/bin/cinder-manage /usr/local/bin
[2026-06-30T09:55:15.566Z] +[38;5;242m./stack.sh:main:809                      (B[m sudo ln -sf /opt/stack/data/venv/bin/cinder-rtstool /usr/local/bin
[2026-06-30T09:55:15.566Z] +[38;5;242m./stack.sh:main:810                      (B[m sudo ln -sf /opt/stack/data/venv/bin/glance /usr/local/bin
[2026-06-30T09:55:15.566Z] +[38;5;242m./stack.sh:main:811                      (B[m sudo ln -sf /opt/stack/data/venv/bin/nova-manage /usr/local/bin
[2026-06-30T09:55:15.828Z] +[38;5;242m./stack.sh:main:812                      (B[m sudo ln -sf /opt/stack/data/venv/bin/openstack /usr/local/bin
[2026-06-30T09:55:15.828Z] +[38;5;242m./stack.sh:main:813                      (B[m sudo ln -sf /opt/stack/data/venv/bin/privsep-helper /usr/local/bin
[2026-06-30T09:55:15.828Z] +[38;5;242m./stack.sh:main:814                      (B[m sudo ln -sf /opt/stack/data/venv/bin/rally /usr/local/bin
[2026-06-30T09:55:15.828Z] +[38;5;242m./stack.sh:main:815                      (B[m sudo ln -sf /opt/stack/data/venv/bin/tox /usr/local/bin
[2026-06-30T09:55:16.093Z] +[38;5;242m./stack.sh:main:817                      (B[m setup_devstack_virtualenv
[2026-06-30T09:55:16.093Z] +[38;5;242minc/python:setup_devstack_virtualenv:39  (B[m [[ ! -d /opt/stack/data/venv ]]
[2026-06-30T09:55:16.093Z] +[38;5;242minc/python:setup_devstack_virtualenv:43  (B[m /usr/bin/python3.12 -m venv --system-site-packages /opt/stack/data/venv
[2026-06-30T09:55:21.388Z] +[38;5;242minc/python:setup_devstack_virtualenv:44  (B[m pip_install -U pip 'setuptools[core]'
[2026-06-30T09:55:21.651Z] Using python 3.12 to install setuptools
[2026-06-30T09:55:21.651Z] +[38;5;242minc/python:pip_install:210               (B[m env http_proxy=http://proxy-in.its.hpecorp.net:80 https_proxy=http://proxy-in.its.hpecorp.net:443 no_proxy=10.201.5.87,10.201.4.29,10.201.3.85,10.201.3.86,localhost,127.0.0.1,10.201.4.31,10.201.4.32,10.201.4.33,10.201.4.34,10.201.1.221,172.28.65.17,172.28.65.18,172.28.65.207,172.28.65.208 PIP_FIND_LINKS= /opt/stack/data/venv/bin/pip install -c /opt/stack/requirements/upper-constraints.txt -U pip 'setuptools[core]'
[2026-06-30T09:55:23.073Z] Requirement already satisfied: pip in /opt/stack/data/venv/lib/python3.12/site-packages (24.0)
[2026-06-30T09:55:23.649Z] Collecting pip
[2026-06-30T09:55:23.911Z]   Downloading pip-26.1.2-py3-none-any.whl.metadata (4.6 kB)
[2026-06-30T09:55:23.911Z] Requirement already satisfied: setuptools[core] in /usr/lib/python3/dist-packages (68.1.2)
[2026-06-30T09:55:24.483Z] Collecting setuptools[core]
[2026-06-30T09:55:24.483Z]   Downloading setuptools-82.0.1-py3-none-any.whl.metadata (6.5 kB)
[2026-06-30T09:55:24.483Z] Collecting packaging>=24.2 (from setuptools[core])
[2026-06-30T09:55:24.483Z]   Downloading packaging-26.2-py3-none-any.whl.metadata (3.5 kB)
[2026-06-30T09:55:24.745Z] Collecting more_itertools>=8.8 (from setuptools[core])
[2026-06-30T09:55:24.746Z]   Downloading more_itertools-11.1.0-py3-none-any.whl.metadata (41 kB)
[2026-06-30T09:55:24.746Z]      ━━━━━━━━━━━━━━━━━━━━━━━━━━━━━━━━━━━━━━━━ 41.4/41.4 kB 1.6 MB/s eta 0:00:00
[2026-06-30T09:55:24.746Z] Collecting jaraco.text>=3.7 (from setuptools[core])
[2026-06-30T09:55:24.746Z]   Downloading jaraco_text-4.2.0-py3-none-any.whl.metadata (3.8 kB)
[2026-06-30T09:55:25.007Z] Collecting wheel>=0.43.0 (from setuptools[core])
[2026-06-30T09:55:25.007Z]   Downloading wheel-0.47.0-py3-none-any.whl.metadata (2.3 kB)
[2026-06-30T09:55:25.007Z] Collecting jaraco.functools>=4 (from setuptools[core])
[2026-06-30T09:55:25.268Z]   Downloading jaraco_functools-4.5.0-py3-none-any.whl.metadata (2.9 kB)
[2026-06-30T09:55:25.268Z] Collecting jaraco.context>=4.1 (from jaraco.text>=3.7->setuptools[core])
[2026-06-30T09:55:25.268Z]   Downloading jaraco_context-6.1.2-py3-none-any.whl.metadata (4.2 kB)
[2026-06-30T09:55:25.533Z] Collecting typer-slim (from jaraco.text>=3.7->setuptools[core])
[2026-06-30T09:55:25.533Z]   Downloading typer_slim-0.24.0-py3-none-any.whl.metadata (4.2 kB)
[2026-06-30T09:55:25.801Z] Collecting typer>=0.24.0 (from typer-slim->jaraco.text>=3.7->setuptools[core])
[2026-06-30T09:55:25.801Z]   Downloading typer-0.26.8-py3-none-any.whl.metadata (15 kB)
[2026-06-30T09:55:26.067Z] Collecting shellingham>=1.3.0 (from typer>=0.24.0->typer-slim->jaraco.text>=3.7->setuptools[core])
[2026-06-30T09:55:26.067Z]   Downloading shellingham-1.5.4-py2.py3-none-any.whl.metadata (3.5 kB)
[2026-06-30T09:55:26.330Z] Collecting rich>=13.8.0 (from typer>=0.24.0->typer-slim->jaraco.text>=3.7->setuptools[core])
[2026-06-30T09:55:26.330Z]   Downloading rich-15.0.0-py3-none-any.whl.metadata (18 kB)
[2026-06-30T09:55:26.330Z] Collecting annotated-doc>=0.0.2 (from typer>=0.24.0->typer-slim->jaraco.text>=3.7->setuptools[core])
[2026-06-30T09:55:26.330Z]   Downloading annotated_doc-0.0.4-py3-none-any.whl.metadata (6.6 kB)
[2026-06-30T09:55:26.330Z] Collecting markdown-it-py>=2.2.0 (from rich>=13.8.0->typer>=0.24.0->typer-slim->jaraco.text>=3.7->setuptools[core])
[2026-06-30T09:55:26.594Z]   Downloading markdown_it_py-4.2.0-py3-none-any.whl.metadata (7.4 kB)
[2026-06-30T09:55:26.594Z] Collecting pygments<3.0.0,>=2.13.0 (from rich>=13.8.0->typer>=0.24.0->typer-slim->jaraco.text>=3.7->setuptools[core])
[2026-06-30T09:55:26.594Z]   Downloading pygments-2.20.0-py3-none-any.whl.metadata (2.5 kB)
[2026-06-30T09:55:26.594Z] Requirement already satisfied: mdurl~=0.1 in /usr/lib/python3/dist-packages (from markdown-it-py>=2.2.0->rich>=13.8.0->typer>=0.24.0->typer-slim->jaraco.text>=3.7->setuptools[core]) (0.1.2)
[2026-06-30T09:55:26.858Z] Downloading pip-26.1.2-py3-none-any.whl (1.8 MB)
[2026-06-30T09:55:27.122Z]    ━━━━━━━━━━━━━━━━━━━━━━━━━━━━━━━━━━━━━━━━ 1.8/1.8 MB 8.0 MB/s eta 0:00:00
[2026-06-30T09:55:27.122Z] Downloading jaraco_functools-4.5.0-py3-none-any.whl (10 kB)
[2026-06-30T09:55:27.122Z] Downloading jaraco_text-4.2.0-py3-none-any.whl (13 kB)
[2026-06-30T09:55:27.122Z] Downloading more_itertools-11.1.0-py3-none-any.whl (72 kB)
[2026-06-30T09:55:27.122Z]    ━━━━━━━━━━━━━━━━━━━━━━━━━━━━━━━━━━━━━━━━ 72.2/72.2 kB 5.3 MB/s eta 0:00:00
[2026-06-30T09:55:27.122Z] Downloading packaging-26.2-py3-none-any.whl (100 kB)
[2026-06-30T09:55:27.122Z]    ━━━━━━━━━━━━━━━━━━━━━━━━━━━━━━━━━━━━━━━━ 100.2/100.2 kB 5.4 MB/s eta 0:00:00
[2026-06-30T09:55:27.122Z] Downloading wheel-0.47.0-py3-none-any.whl (32 kB)
[2026-06-30T09:55:27.122Z] Downloading setuptools-82.0.1-py3-none-any.whl (1.0 MB)
[2026-06-30T09:55:27.384Z]    ━━━━━━━━━━━━━━━━━━━━━━━━━━━━━━━━━━━━━━━━ 1.0/1.0 MB 7.2 MB/s eta 0:00:00
[2026-06-30T09:55:27.384Z] Downloading jaraco_context-6.1.2-py3-none-any.whl (7.9 kB)
[2026-06-30T09:55:27.384Z] Downloading typer_slim-0.24.0-py3-none-any.whl (3.4 kB)
[2026-06-30T09:55:27.384Z] Downloading typer-0.26.8-py3-none-any.whl (122 kB)
[2026-06-30T09:55:27.384Z]    ━━━━━━━━━━━━━━━━━━━━━━━━━━━━━━━━━━━━━━━━ 122.6/122.6 kB 6.9 MB/s eta 0:00:00
[2026-06-30T09:55:27.384Z] Downloading annotated_doc-0.0.4-py3-none-any.whl (5.3 kB)
[2026-06-30T09:55:27.654Z] Downloading rich-15.0.0-py3-none-any.whl (310 kB)
[2026-06-30T09:55:27.654Z]    ━━━━━━━━━━━━━━━━━━━━━━━━━━━━━━━━━━━━━━━━ 310.7/310.7 kB 7.7 MB/s eta 0:00:00
[2026-06-30T09:55:27.654Z] Downloading shellingham-1.5.4-py2.py3-none-any.whl (9.8 kB)
[2026-06-30T09:55:27.654Z] Downloading markdown_it_py-4.2.0-py3-none-any.whl (91 kB)
[2026-06-30T09:55:27.654Z]    ━━━━━━━━━━━━━━━━━━━━━━━━━━━━━━━━━━━━━━━━ 91.7/91.7 kB 6.4 MB/s eta 0:00:00
[2026-06-30T09:55:27.654Z] Downloading pygments-2.20.0-py3-none-any.whl (1.2 MB)
[2026-06-30T09:55:27.917Z]    ━━━━━━━━━━━━━━━━━━━━━━━━━━━━━━━━━━━━━━━━ 1.2/1.2 MB 8.4 MB/s eta 0:00:00
[2026-06-30T09:55:28.863Z] Installing collected packages: shellingham, setuptools, pygments, pip, packaging, more_itertools, markdown-it-py, jaraco.context, annotated-doc, wheel, rich, jaraco.functools, typer, typer-slim, jaraco.text
[2026-06-30T09:55:28.863Z]   Attempting uninstall: setuptools
[2026-06-30T09:55:28.863Z]     Found existing installation: setuptools 68.1.2
[2026-06-30T09:55:28.863Z]     Not uninstalling setuptools at /usr/lib/python3/dist-packages, outside environment /opt/stack/data/venv
[2026-06-30T09:55:28.863Z]     Can't uninstall 'setuptools'. No files were found to uninstall.
[2026-06-30T09:55:29.808Z]   Attempting uninstall: pygments
[2026-06-30T09:55:29.808Z]     Found existing installation: Pygments 2.17.2
[2026-06-30T09:55:29.808Z]     Not uninstalling pygments at /usr/lib/python3/dist-packages, outside environment /opt/stack/data/venv
[2026-06-30T09:55:29.808Z]     Can't uninstall 'Pygments'. No files were found to uninstall.
[2026-06-30T09:55:31.197Z]   Attempting uninstall: pip
[2026-06-30T09:55:31.197Z]     Found existing installation: pip 24.0
[2026-06-30T09:55:31.197Z]     Uninstalling pip-24.0:
[2026-06-30T09:55:31.197Z]       Successfully uninstalled pip-24.0
[2026-06-30T09:55:32.634Z]   Attempting uninstall: packaging
[2026-06-30T09:55:32.898Z]     Found existing installation: packaging 24.0
[2026-06-30T09:55:32.898Z]     Not uninstalling packaging at /usr/lib/python3/dist-packages, outside environment /opt/stack/data/venv
[2026-06-30T09:55:32.898Z]     Can't uninstall 'packaging'. No files were found to uninstall.
[2026-06-30T09:55:32.898Z]   Attempting uninstall: more_itertools
[2026-06-30T09:55:32.898Z]     Found existing installation: more-itertools 10.2.0
[2026-06-30T09:55:32.898Z]     Not uninstalling more-itertools at /usr/lib/python3/dist-packages, outside environment /opt/stack/data/venv
[2026-06-30T09:55:32.898Z]     Can't uninstall 'more-itertools'. No files were found to uninstall.
[2026-06-30T09:55:32.898Z]   Attempting uninstall: markdown-it-py
[2026-06-30T09:55:32.898Z]     Found existing installation: markdown-it-py 3.0.0
[2026-06-30T09:55:32.898Z]     Not uninstalling markdown-it-py at /usr/lib/python3/dist-packages, outside environment /opt/stack/data/venv
[2026-06-30T09:55:32.898Z]     Can't uninstall 'markdown-it-py'. No files were found to uninstall.
[2026-06-30T09:55:33.160Z]   Attempting uninstall: wheel
[2026-06-30T09:55:33.160Z]     Found existing installation: wheel 0.42.0
[2026-06-30T09:55:33.160Z]     Not uninstalling wheel at /usr/lib/python3/dist-packages, outside environment /opt/stack/data/venv
[2026-06-30T09:55:33.160Z]     Can't uninstall 'wheel'. No files were found to uninstall.
[2026-06-30T09:55:33.160Z]   Attempting uninstall: rich
[2026-06-30T09:55:33.160Z]     Found existing installation: rich 13.7.1
[2026-06-30T09:55:33.160Z]     Not uninstalling rich at /usr/lib/python3/dist-packages, outside environment /opt/stack/data/venv
[2026-06-30T09:55:33.160Z]     Can't uninstall 'rich'. No files were found to uninstall.
[2026-06-30T09:55:33.736Z] Successfully installed annotated-doc-0.0.4 jaraco.context-6.1.2 jaraco.functools-4.5.0 jaraco.text-4.2.0 markdown-it-py-4.2.0 more_itertools-11.1.0 packaging-26.2 pip-26.1.2 pygments-2.20.0 rich-15.0.0 setuptools-82.0.1 shellingham-1.5.4 typer-0.26.8 typer-slim-0.24.0 wheel-0.47.0
[2026-06-30T09:55:33.999Z] +[38;5;242minc/python:pip_install:216               (B[m result=0
[2026-06-30T09:55:33.999Z] +[38;5;242minc/python:pip_install:218               (B[m time_stop pip_install
[2026-06-30T09:55:33.999Z] +[38;5;242mfunctions-common:time_stop:2420          (B[m local name
[2026-06-30T09:55:33.999Z] +[38;5;242mfunctions-common:time_stop:2421          (B[m local end_time
[2026-06-30T09:55:34.265Z] +[38;5;242mfunctions-common:time_stop:2422          (B[m local elapsed_time
[2026-06-30T09:55:34.265Z] +[38;5;242mfunctions-common:time_stop:2423          (B[m local total
[2026-06-30T09:55:34.265Z] +[38;5;242mfunctions-common:time_stop:2424          (B[m local start_time
[2026-06-30T09:55:34.265Z] +[38;5;242mfunctions-common:time_stop:2426          (B[m name=pip_install
[2026-06-30T09:55:34.265Z] +[38;5;242mfunctions-common:time_stop:2427          (B[m start_time=1782813329866
[2026-06-30T09:55:34.265Z] +[38;5;242mfunctions-common:time_stop:2429          (B[m [[ -z 1782813329866 ]]
[2026-06-30T09:55:34.265Z] ++[38;5;242mfunctions-common:time_stop:2432          (B[m date +%s%3N
[2026-06-30T09:55:34.265Z] +[38;5;242mfunctions-common:time_stop:2432          (B[m end_time=1782813342555
[2026-06-30T09:55:34.265Z] +[38;5;242mfunctions-common:time_stop:2433          (B[m elapsed_time=12689
[2026-06-30T09:55:34.265Z] +[38;5;242mfunctions-common:time_stop:2434          (B[m total=0
[2026-06-30T09:55:34.532Z] +[38;5;242mfunctions-common:time_stop:2436          (B[m _TIME_START[$name]=
[2026-06-30T09:55:34.532Z] +[38;5;242mfunctions-common:time_stop:2437          (B[m _TIME_TOTAL[$name]=12689
[2026-06-30T09:55:34.532Z] +[38;5;242minc/python:pip_install:219               (B[m return 0
[2026-06-30T09:55:34.532Z] +[38;5;242minc/python:setup_devstack_virtualenv:46  (B[m [[ :/usr/local/sbin:/usr/local/bin:/usr/sbin:/usr/bin:/sbin:/bin:/snap/bin:/usr/local/bin:/usr/local/sbin:/usr/sbin:/sbin: != *\:\/\o\p\t\/\s\t\a\c\k\/\d\a\t\a\/\v\e\n\v\/\b\i\n\:* ]]
[2026-06-30T09:55:34.532Z] +[38;5;242minc/python:setup_devstack_virtualenv:47  (B[m export PATH=/opt/stack/data/venv/bin:/usr/local/sbin:/usr/local/bin:/usr/sbin:/usr/bin:/sbin:/bin:/snap/bin:/usr/local/bin:/usr/local/sbin:/usr/sbin:/sbin
[2026-06-30T09:55:34.532Z] +[38;5;242minc/python:setup_devstack_virtualenv:47  (B[m PATH=/opt/stack/data/venv/bin:/usr/local/sbin:/usr/local/bin:/usr/sbin:/usr/bin:/sbin:/bin:/snap/bin:/usr/local/bin:/usr/local/sbin:/usr/sbin:/sbin
[2026-06-30T09:55:34.532Z] +[38;5;242minc/python:setup_devstack_virtualenv:48  (B[m export PYTHON=/opt/stack/data/venv/bin/python3
[2026-06-30T09:55:34.532Z] +[38;5;242minc/python:setup_devstack_virtualenv:48  (B[m PYTHON=/opt/stack/data/venv/bin/python3
[2026-06-30T09:55:34.532Z] +[38;5;242m./stack.sh:main:821                      (B[m pip_install -U os-testr
[2026-06-30T09:55:34.797Z] Using python 3.12 to install os-testr
[2026-06-30T09:55:34.797Z] +[38;5;242minc/python:pip_install:210               (B[m env http_proxy=http://proxy-in.its.hpecorp.net:80 https_proxy=http://proxy-in.its.hpecorp.net:443 no_proxy=10.201.5.87,10.201.4.29,10.201.3.85,10.201.3.86,localhost,127.0.0.1,10.201.4.31,10.201.4.32,10.201.4.33,10.201.4.34,10.201.1.221,172.28.65.17,172.28.65.18,172.28.65.207,172.28.65.208 PIP_FIND_LINKS= /opt/stack/data/venv/bin/pip install -c /opt/stack/requirements/upper-constraints.txt -U os-testr
[2026-06-30T09:55:36.730Z] Collecting os-testr
[2026-06-30T09:55:36.996Z]   Downloading os_testr-3.0.0-py3-none-any.whl.metadata (1.8 kB)
[2026-06-30T09:55:37.259Z] Collecting pbr!=2.1.0,>=2.0.0 (from os-testr)
[2026-06-30T09:55:37.259Z]   Downloading pbr-7.0.3-py2.py3-none-any.whl.metadata (3.8 kB)
[2026-06-30T09:55:37.259Z] Collecting python-subunit>=1.0.0 (from os-testr)
[2026-06-30T09:55:37.259Z]   Downloading python_subunit-1.4.6-py3-none-any.whl.metadata (22 kB)
[2026-06-30T09:55:37.523Z] Collecting testtools>=2.2.0 (from os-testr)
[2026-06-30T09:55:37.524Z]   Downloading testtools-2.9.1-py3-none-any.whl.metadata (5.4 kB)
[2026-06-30T09:55:37.524Z] Requirement already satisfied: setuptools in /opt/stack/data/venv/lib/python3.12/site-packages (from pbr!=2.1.0,>=2.0.0->os-testr) (82.0.1)
[2026-06-30T09:55:37.524Z] Collecting iso8601 (from python-subunit>=1.0.0->os-testr)
[2026-06-30T09:55:37.524Z]   Downloading iso8601-2.1.0-py3-none-any.whl.metadata (3.7 kB)
[2026-06-30T09:55:37.788Z] Collecting PyYAML (from python-subunit>=1.0.0->os-testr)
[2026-06-30T09:55:37.788Z]   Downloading pyyaml-6.0.3-cp312-cp312-manylinux2014_x86_64.manylinux_2_17_x86_64.manylinux_2_28_x86_64.whl.metadata (2.4 kB)
[2026-06-30T09:55:37.788Z] Downloading os_testr-3.0.0-py3-none-any.whl (32 kB)
[2026-06-30T09:55:37.788Z] Downloading pbr-7.0.3-py2.py3-none-any.whl (131 kB)
[2026-06-30T09:55:38.053Z] Downloading python_subunit-1.4.6-py3-none-any.whl (77 kB)
[2026-06-30T09:55:38.053Z] Downloading testtools-2.9.1-py3-none-any.whl (110 kB)
[2026-06-30T09:55:38.053Z] Downloading iso8601-2.1.0-py3-none-any.whl (7.5 kB)
[2026-06-30T09:55:38.316Z] Downloading pyyaml-6.0.3-cp312-cp312-manylinux2014_x86_64.manylinux_2_17_x86_64.manylinux_2_28_x86_64.whl (807 kB)
[2026-06-30T09:55:38.579Z]    ━━━━━━━━━━━━━━━━━━━━━━━━━━━━━━━━━━━━━━━━ 807.9/807.9 kB 3.0 MB/s  0:00:00
[2026-06-30T09:55:38.846Z] Installing collected packages: testtools, PyYAML, pbr, iso8601, python-subunit, os-testr
[2026-06-30T09:55:38.846Z]   Attempting uninstall: PyYAML
[2026-06-30T09:55:39.108Z]     Found existing installation: PyYAML 6.0.1
[2026-06-30T09:55:39.108Z]     Not uninstalling pyyaml at /usr/lib/python3/dist-packages, outside environment /opt/stack/data/venv
[2026-06-30T09:55:39.108Z]     Can't uninstall 'PyYAML'. No files were found to uninstall.
[2026-06-30T09:55:39.108Z]   Attempting uninstall: pbr
[2026-06-30T09:55:39.108Z]     Found existing installation: pbr 5.11.1
[2026-06-30T09:55:39.108Z]     Not uninstalling pbr at /usr/lib/python3/dist-packages, outside environment /opt/stack/data/venv
[2026-06-30T09:55:39.108Z]     Can't uninstall 'pbr'. No files were found to uninstall.
[2026-06-30T09:55:39.372Z]   Attempting uninstall: iso8601
[2026-06-30T09:55:39.372Z]     Found existing installation: iso8601 1.0.2
[2026-06-30T09:55:39.372Z]     Not uninstalling iso8601 at /usr/lib/python3/dist-packages, outside environment /opt/stack/data/venv
[2026-06-30T09:55:39.372Z]     Can't uninstall 'iso8601'. No files were found to uninstall.
[2026-06-30T09:55:39.372Z] 
[2026-06-30T09:55:39.372Z] Successfully installed PyYAML-6.0.3 iso8601-2.1.0 os-testr-3.0.0 pbr-7.0.3 python-subunit-1.4.6 testtools-2.9.1
[2026-06-30T09:55:39.637Z] +[38;5;242minc/python:pip_install:216               (B[m result=0
[2026-06-30T09:55:39.637Z] +[38;5;242minc/python:pip_install:218               (B[m time_stop pip_install
[2026-06-30T09:55:39.637Z] +[38;5;242mfunctions-common:time_stop:2420          (B[m local name
[2026-06-30T09:55:39.637Z] +[38;5;242mfunctions-common:time_stop:2421          (B[m local end_time
[2026-06-30T09:55:39.637Z] +[38;5;242mfunctions-common:time_stop:2422          (B[m local elapsed_time
[2026-06-30T09:55:39.637Z] +[38;5;242mfunctions-common:time_stop:2423          (B[m local total
[2026-06-30T09:55:39.637Z] +[38;5;242mfunctions-common:time_stop:2424          (B[m local start_time
[2026-06-30T09:55:39.637Z] +[38;5;242mfunctions-common:time_stop:2426          (B[m name=pip_install
[2026-06-30T09:55:39.901Z] +[38;5;242mfunctions-common:time_stop:2427          (B[m start_time=1782813343010
[2026-06-30T09:55:39.901Z] +[38;5;242mfunctions-common:time_stop:2429          (B[m [[ -z 1782813343010 ]]
[2026-06-30T09:55:39.901Z] ++[38;5;242mfunctions-common:time_stop:2432          (B[m date +%s%3N
[2026-06-30T09:55:39.901Z] +[38;5;242mfunctions-common:time_stop:2432          (B[m end_time=1782813348097
[2026-06-30T09:55:39.901Z] +[38;5;242mfunctions-common:time_stop:2433          (B[m elapsed_time=5087
[2026-06-30T09:55:39.901Z] +[38;5;242mfunctions-common:time_stop:2434          (B[m total=12689
[2026-06-30T09:55:39.901Z] +[38;5;242mfunctions-common:time_stop:2436          (B[m _TIME_START[$name]=
[2026-06-30T09:55:39.901Z] +[38;5;242mfunctions-common:time_stop:2437          (B[m _TIME_TOTAL[$name]=17776
[2026-06-30T09:55:39.901Z] +[38;5;242minc/python:pip_install:219               (B[m return 0
[2026-06-30T09:55:40.163Z] +[38;5;242m./stack.sh:main:825                      (B[m iniset -sudo /etc/systemd/journald.conf Journal RateLimitBurst 0
[2026-06-30T09:55:40.426Z] +[38;5;242m./stack.sh:main:826                      (B[m sudo systemctl restart systemd-journald
[2026-06-30T09:55:41.011Z] +[38;5;242m./stack.sh:main:832                      (B[m install_infra
[2026-06-30T09:55:41.011Z] +[38;5;242mlib/infra:install_infra:31               (B[m local PIP_VIRTUAL_ENV=/opt/stack/requirements/.venv
[2026-06-30T09:55:41.011Z] +[38;5;242mlib/infra:install_infra:32               (B[m '[' '!' -d /opt/stack/requirements/.venv ']'
[2026-06-30T09:55:41.275Z] +[38;5;242mlib/infra:install_infra:32               (B[m python3.12 -m venv /opt/stack/requirements/.venv
[2026-06-30T09:55:47.884Z] +[38;5;242mlib/infra:install_infra:34               (B[m PIP_VIRTUAL_ENV=/opt/stack/requirements/.venv
[2026-06-30T09:55:47.884Z] +[38;5;242mlib/infra:install_infra:34               (B[m pip_install -U pbr 'setuptools[core]'
[2026-06-30T09:55:47.884Z] +[38;5;242minc/python:pip_install:210               (B[m env http_proxy=http://proxy-in.its.hpecorp.net:80 https_proxy=http://proxy-in.its.hpecorp.net:443 no_proxy=10.201.5.87,10.201.4.29,10.201.3.85,10.201.3.86,localhost,127.0.0.1,10.201.4.31,10.201.4.32,10.201.4.33,10.201.4.34,10.201.1.221,172.28.65.17,172.28.65.18,172.28.65.207,172.28.65.208 PIP_FIND_LINKS= /opt/stack/requirements/.venv/bin/pip install -c /opt/stack/requirements/upper-constraints.txt -U pbr 'setuptools[core]'
[2026-06-30T09:55:48.830Z] Collecting pbr
[2026-06-30T09:55:48.830Z]   Using cached pbr-7.0.3-py2.py3-none-any.whl.metadata (3.8 kB)
[2026-06-30T09:55:49.092Z] Collecting setuptools[core]
[2026-06-30T09:55:49.092Z]   Using cached setuptools-82.0.1-py3-none-any.whl.metadata (6.5 kB)
[2026-06-30T09:55:49.355Z] Collecting packaging>=24.2 (from setuptools[core])
[2026-06-30T09:55:49.355Z]   Using cached packaging-26.2-py3-none-any.whl.metadata (3.5 kB)
[2026-06-30T09:55:49.355Z] Collecting more_itertools>=8.8 (from setuptools[core])
[2026-06-30T09:55:49.355Z]   Using cached more_itertools-11.1.0-py3-none-any.whl.metadata (41 kB)
[2026-06-30T09:55:49.355Z] Collecting jaraco.text>=3.7 (from setuptools[core])
[2026-06-30T09:55:49.355Z]   Using cached jaraco_text-4.2.0-py3-none-any.whl.metadata (3.8 kB)
[2026-06-30T09:55:49.618Z] Collecting wheel>=0.43.0 (from setuptools[core])
[2026-06-30T09:55:49.618Z]   Using cached wheel-0.47.0-py3-none-any.whl.metadata (2.3 kB)
[2026-06-30T09:55:49.618Z] Collecting jaraco.functools>=4 (from setuptools[core])
[2026-06-30T09:55:49.618Z]   Using cached jaraco_functools-4.5.0-py3-none-any.whl.metadata (2.9 kB)
[2026-06-30T09:55:49.880Z] Collecting jaraco.context>=4.1 (from jaraco.text>=3.7->setuptools[core])
[2026-06-30T09:55:49.880Z]   Using cached jaraco_context-6.1.2-py3-none-any.whl.metadata (4.2 kB)
[2026-06-30T09:55:49.880Z] Collecting typer-slim (from jaraco.text>=3.7->setuptools[core])
[2026-06-30T09:55:49.880Z]   Using cached typer_slim-0.24.0-py3-none-any.whl.metadata (4.2 kB)
[2026-06-30T09:55:50.143Z] Collecting typer>=0.24.0 (from typer-slim->jaraco.text>=3.7->setuptools[core])
[2026-06-30T09:55:50.143Z]   Using cached typer-0.26.8-py3-none-any.whl.metadata (15 kB)
[2026-06-30T09:55:50.143Z] Collecting shellingham>=1.3.0 (from typer>=0.24.0->typer-slim->jaraco.text>=3.7->setuptools[core])
[2026-06-30T09:55:50.143Z]   Using cached shellingham-1.5.4-py2.py3-none-any.whl.metadata (3.5 kB)
[2026-06-30T09:55:50.406Z] Collecting rich>=13.8.0 (from typer>=0.24.0->typer-slim->jaraco.text>=3.7->setuptools[core])
[2026-06-30T09:55:50.406Z]   Using cached rich-15.0.0-py3-none-any.whl.metadata (18 kB)
[2026-06-30T09:55:50.406Z] Collecting annotated-doc>=0.0.2 (from typer>=0.24.0->typer-slim->jaraco.text>=3.7->setuptools[core])
[2026-06-30T09:55:50.406Z]   Using cached annotated_doc-0.0.4-py3-none-any.whl.metadata (6.6 kB)
[2026-06-30T09:55:50.670Z] Collecting markdown-it-py>=2.2.0 (from rich>=13.8.0->typer>=0.24.0->typer-slim->jaraco.text>=3.7->setuptools[core])
[2026-06-30T09:55:50.670Z]   Using cached markdown_it_py-4.2.0-py3-none-any.whl.metadata (7.4 kB)
[2026-06-30T09:55:50.670Z] Collecting pygments<3.0.0,>=2.13.0 (from rich>=13.8.0->typer>=0.24.0->typer-slim->jaraco.text>=3.7->setuptools[core])
[2026-06-30T09:55:50.670Z]   Using cached pygments-2.20.0-py3-none-any.whl.metadata (2.5 kB)
[2026-06-30T09:55:50.670Z] Collecting mdurl~=0.1 (from markdown-it-py>=2.2.0->rich>=13.8.0->typer>=0.24.0->typer-slim->jaraco.text>=3.7->setuptools[core])
[2026-06-30T09:55:50.933Z]   Downloading mdurl-0.1.2-py3-none-any.whl.metadata (1.6 kB)
[2026-06-30T09:55:51.197Z] Using cached pbr-7.0.3-py2.py3-none-any.whl (131 kB)
[2026-06-30T09:55:51.197Z] Using cached jaraco_functools-4.5.0-py3-none-any.whl (10 kB)
[2026-06-30T09:55:51.197Z] Using cached jaraco_text-4.2.0-py3-none-any.whl (13 kB)
[2026-06-30T09:55:51.197Z] Using cached more_itertools-11.1.0-py3-none-any.whl (72 kB)
[2026-06-30T09:55:51.197Z] Using cached packaging-26.2-py3-none-any.whl (100 kB)
[2026-06-30T09:55:51.197Z] Using cached wheel-0.47.0-py3-none-any.whl (32 kB)
[2026-06-30T09:55:51.197Z] Using cached setuptools-82.0.1-py3-none-any.whl (1.0 MB)
[2026-06-30T09:55:51.197Z] Using cached jaraco_context-6.1.2-py3-none-any.whl (7.9 kB)
[2026-06-30T09:55:51.197Z] Using cached typer_slim-0.24.0-py3-none-any.whl (3.4 kB)
[2026-06-30T09:55:51.197Z] Using cached typer-0.26.8-py3-none-any.whl (122 kB)
[2026-06-30T09:55:51.197Z] Using cached annotated_doc-0.0.4-py3-none-any.whl (5.3 kB)
[2026-06-30T09:55:51.197Z] Using cached rich-15.0.0-py3-none-any.whl (310 kB)
[2026-06-30T09:55:51.197Z] Using cached shellingham-1.5.4-py2.py3-none-any.whl (9.8 kB)
[2026-06-30T09:55:51.197Z] Using cached markdown_it_py-4.2.0-py3-none-any.whl (91 kB)
[2026-06-30T09:55:51.197Z] Using cached pygments-2.20.0-py3-none-any.whl (1.2 MB)
[2026-06-30T09:55:51.197Z] Downloading mdurl-0.1.2-py3-none-any.whl (10.0 kB)
[2026-06-30T09:55:51.460Z] Installing collected packages: shellingham, setuptools, pygments, packaging, more_itertools, mdurl, jaraco.context, annotated-doc, wheel, pbr, markdown-it-py, jaraco.functools, rich, typer, typer-slim, jaraco.text
[2026-06-30T09:55:54.792Z] Successfully installed annotated-doc-0.0.4 jaraco.context-6.1.2 jaraco.functools-4.5.0 jaraco.text-4.2.0 markdown-it-py-4.2.0 mdurl-0.1.2 more_itertools-11.1.0 packaging-26.2 pbr-7.0.3 pygments-2.20.0 rich-15.0.0 setuptools-82.0.1 shellingham-1.5.4 typer-0.26.8 typer-slim-0.24.0 wheel-0.47.0
[2026-06-30T09:55:55.054Z] +[38;5;242minc/python:pip_install:216               (B[m result=0
[2026-06-30T09:55:55.054Z] +[38;5;242minc/python:pip_install:218               (B[m time_stop pip_install
[2026-06-30T09:55:55.054Z] +[38;5;242mfunctions-common:time_stop:2420          (B[m local name
[2026-06-30T09:55:55.054Z] +[38;5;242mfunctions-common:time_stop:2421          (B[m local end_time
[2026-06-30T09:55:55.054Z] +[38;5;242mfunctions-common:time_stop:2422          (B[m local elapsed_time
[2026-06-30T09:55:55.054Z] +[38;5;242mfunctions-common:time_stop:2423          (B[m local total
[2026-06-30T09:55:55.054Z] +[38;5;242mfunctions-common:time_stop:2424          (B[m local start_time
[2026-06-30T09:55:55.317Z] +[38;5;242mfunctions-common:time_stop:2426          (B[m name=pip_install
[2026-06-30T09:55:55.317Z] +[38;5;242mfunctions-common:time_stop:2427          (B[m start_time=1782813355246
[2026-06-30T09:55:55.317Z] +[38;5;242mfunctions-common:time_stop:2429          (B[m [[ -z 1782813355246 ]]
[2026-06-30T09:55:55.317Z] ++[38;5;242mfunctions-common:time_stop:2432          (B[m date +%s%3N
[2026-06-30T09:55:55.317Z] +[38;5;242mfunctions-common:time_stop:2432          (B[m end_time=1782813363538
[2026-06-30T09:55:55.317Z] +[38;5;242mfunctions-common:time_stop:2433          (B[m elapsed_time=8292
[2026-06-30T09:55:55.317Z] +[38;5;242mfunctions-common:time_stop:2434          (B[m total=17776
[2026-06-30T09:55:55.317Z] +[38;5;242mfunctions-common:time_stop:2436          (B[m _TIME_START[$name]=
[2026-06-30T09:55:55.317Z] +[38;5;242mfunctions-common:time_stop:2437          (B[m _TIME_TOTAL[$name]=26068
[2026-06-30T09:55:55.317Z] +[38;5;242minc/python:pip_install:219               (B[m return 0
[2026-06-30T09:55:55.582Z] +[38;5;242mlib/infra:install_infra:35               (B[m PIP_VIRTUAL_ENV=/opt/stack/requirements/.venv
[2026-06-30T09:55:55.582Z] +[38;5;242mlib/infra:install_infra:35               (B[m pip_install /opt/stack/requirements
[2026-06-30T09:55:55.582Z] +[38;5;242minc/python:pip_install:210               (B[m env http_proxy=http://proxy-in.its.hpecorp.net:80 https_proxy=http://proxy-in.its.hpecorp.net:443 no_proxy=10.201.5.87,10.201.4.29,10.201.3.85,10.201.3.86,localhost,127.0.0.1,10.201.4.31,10.201.4.32,10.201.4.33,10.201.4.34,10.201.1.221,172.28.65.17,172.28.65.18,172.28.65.207,172.28.65.208 PIP_FIND_LINKS= /opt/stack/requirements/.venv/bin/pip install -c /opt/stack/requirements/upper-constraints.txt /opt/stack/requirements
[2026-06-30T09:55:56.974Z] Processing /opt/stack/requirements
[2026-06-30T09:55:56.974Z]   Installing build dependencies: started
[2026-06-30T09:56:00.299Z]   Installing build dependencies: finished with status 'done'
[2026-06-30T09:56:00.299Z]   Getting requirements to build wheel: started
[2026-06-30T09:56:00.561Z]   Getting requirements to build wheel: finished with status 'done'
[2026-06-30T09:56:00.561Z]   Preparing metadata (pyproject.toml): started
[2026-06-30T09:56:02.489Z]   Preparing metadata (pyproject.toml): finished with status 'done'
[2026-06-30T09:56:02.751Z] Collecting fixtures>=3.0.0 (from openstack_requirements==1.2.1.dev8461)
[2026-06-30T09:56:03.013Z]   Downloading fixtures-4.3.2-py3-none-any.whl.metadata (22 kB)
[2026-06-30T09:56:03.013Z] Requirement already satisfied: packaging!=20.5,!=20.6,!=20.7,>=16.5 in /opt/stack/requirements/.venv/lib/python3.12/site-packages (from openstack_requirements==1.2.1.dev8461) (26.2)
[2026-06-30T09:56:03.013Z] Collecting requests>=2.14.2 (from openstack_requirements==1.2.1.dev8461)
[2026-06-30T09:56:03.013Z]   Downloading requests-2.34.2-py3-none-any.whl.metadata (4.8 kB)
[2026-06-30T09:56:03.276Z] Collecting PyYAML>=3.12 (from openstack_requirements==1.2.1.dev8461)
[2026-06-30T09:56:03.276Z]   Using cached pyyaml-6.0.3-cp312-cp312-manylinux2014_x86_64.manylinux_2_17_x86_64.manylinux_2_28_x86_64.whl.metadata (2.4 kB)
[2026-06-30T09:56:03.276Z] Collecting beagle>=0.2.1 (from openstack_requirements==1.2.1.dev8461)
[2026-06-30T09:56:03.539Z]   Downloading beagle-0.5.0-py3-none-any.whl.metadata (1.1 kB)
[2026-06-30T09:56:03.539Z] Requirement already satisfied: setuptools!=24.0.0,!=34.0.0,!=34.0.1,!=34.0.2,!=34.0.3,!=34.1.0,!=34.1.1,!=34.2.0,!=34.3.0,!=34.3.1,!=34.3.2,!=36.2.0,>=21.0.0 in /opt/stack/requirements/.venv/lib/python3.12/site-packages (from openstack_requirements==1.2.1.dev8461) (82.0.1)
[2026-06-30T09:56:03.805Z] Collecting charset_normalizer<4,>=2 (from requests>=2.14.2->openstack_requirements==1.2.1.dev8461)
[2026-06-30T09:56:03.805Z]   Downloading charset_normalizer-3.4.7-cp312-cp312-manylinux2014_x86_64.manylinux_2_17_x86_64.manylinux_2_28_x86_64.whl.metadata (40 kB)
[2026-06-30T09:56:03.805Z]      ━━━━━━━━━━━━━━━━━━━━━━━━━━━━━━━━━━━━━━━━ 40.9/40.9 kB 8.0 MB/s eta 0:00:00
[2026-06-30T09:56:03.805Z] Collecting idna<4,>=2.5 (from requests>=2.14.2->openstack_requirements==1.2.1.dev8461)
[2026-06-30T09:56:03.805Z]   Downloading idna-3.18-py3-none-any.whl.metadata (6.1 kB)
[2026-06-30T09:56:04.067Z] Collecting urllib3<3,>=1.26 (from requests>=2.14.2->openstack_requirements==1.2.1.dev8461)
[2026-06-30T09:56:04.067Z]   Downloading urllib3-2.7.0-py3-none-any.whl.metadata (6.9 kB)
[2026-06-30T09:56:04.331Z] Collecting certifi>=2023.5.7 (from requests>=2.14.2->openstack_requirements==1.2.1.dev8461)
[2026-06-30T09:56:04.331Z]   Downloading certifi-2026.6.17-py3-none-any.whl.metadata (2.5 kB)
[2026-06-30T09:56:04.331Z] Downloading beagle-0.5.0-py3-none-any.whl (10 kB)
[2026-06-30T09:56:04.594Z] Downloading fixtures-4.3.2-py3-none-any.whl (41 kB)
[2026-06-30T09:56:04.594Z]    ━━━━━━━━━━━━━━━━━━━━━━━━━━━━━━━━━━━━━━━━ 41.6/41.6 kB 5.0 MB/s eta 0:00:00
[2026-06-30T09:56:04.594Z] Using cached pyyaml-6.0.3-cp312-cp312-manylinux2014_x86_64.manylinux_2_17_x86_64.manylinux_2_28_x86_64.whl (807 kB)
[2026-06-30T09:56:04.594Z] Downloading requests-2.34.2-py3-none-any.whl (73 kB)
[2026-06-30T09:56:04.594Z]    ━━━━━━━━━━━━━━━━━━━━━━━━━━━━━━━━━━━━━━━━ 73.1/73.1 kB 6.2 MB/s eta 0:00:00
[2026-06-30T09:56:04.594Z] Downloading certifi-2026.6.17-py3-none-any.whl (133 kB)
[2026-06-30T09:56:04.594Z]    ━━━━━━━━━━━━━━━━━━━━━━━━━━━━━━━━━━━━━━━━ 133.3/133.3 kB 6.9 MB/s eta 0:00:00
[2026-06-30T09:56:04.594Z] Downloading charset_normalizer-3.4.7-cp312-cp312-manylinux2014_x86_64.manylinux_2_17_x86_64.manylinux_2_28_x86_64.whl (216 kB)
[2026-06-30T09:56:04.594Z]    ━━━━━━━━━━━━━━━━━━━━━━━━━━━━━━━━━━━━━━━━ 216.6/216.6 kB 7.1 MB/s eta 0:00:00
[2026-06-30T09:56:04.594Z] Downloading idna-3.18-py3-none-any.whl (65 kB)
[2026-06-30T09:56:04.594Z]    ━━━━━━━━━━━━━━━━━━━━━━━━━━━━━━━━━━━━━━━━ 65.5/65.5 kB 5.3 MB/s eta 0:00:00
[2026-06-30T09:56:04.594Z] Downloading urllib3-2.7.0-py3-none-any.whl (131 kB)
[2026-06-30T09:56:04.857Z]    ━━━━━━━━━━━━━━━━━━━━━━━━━━━━━━━━━━━━━━━━ 131.1/131.1 kB 6.6 MB/s eta 0:00:00
[2026-06-30T09:56:04.857Z] Building wheels for collected packages: openstack_requirements
[2026-06-30T09:56:04.857Z]   Building wheel for openstack_requirements (pyproject.toml): started
[2026-06-30T09:56:08.204Z]   Building wheel for openstack_requirements (pyproject.toml): finished with status 'done'
[2026-06-30T09:56:08.204Z]   Created wheel for openstack_requirements: filename=openstack_requirements-1.2.1.dev8461-py3-none-any.whl size=52407 sha256=9a8dfaadf727aa8a232991b96ef37e2782e9f36ed184063c194a09f9123361ee
[2026-06-30T09:56:08.204Z]   Stored in directory: /tmp/pip-ephem-wheel-cache-o5dmqw40/wheels/09/5d/92/4cd2c84803dbd4129257ae3d0359353f58d376e96c4633bda7
[2026-06-30T09:56:08.204Z] Successfully built openstack_requirements
[2026-06-30T09:56:08.204Z] Installing collected packages: urllib3, PyYAML, idna, fixtures, charset_normalizer, certifi, beagle, requests, openstack_requirements
[2026-06-30T09:56:08.777Z] Successfully installed PyYAML-6.0.3 beagle-0.5.0 certifi-2026.6.17 charset_normalizer-3.4.7 fixtures-4.3.2 idna-3.18 openstack_requirements-1.2.1.dev8461 requests-2.34.2 urllib3-2.7.0
[2026-06-30T09:56:09.040Z] +[38;5;242minc/python:pip_install:216               (B[m result=0
[2026-06-30T09:56:09.040Z] +[38;5;242minc/python:pip_install:218               (B[m time_stop pip_install
[2026-06-30T09:56:09.040Z] +[38;5;242mfunctions-common:time_stop:2420          (B[m local name
[2026-06-30T09:56:09.040Z] +[38;5;242mfunctions-common:time_stop:2421          (B[m local end_time
[2026-06-30T09:56:09.040Z] +[38;5;242mfunctions-common:time_stop:2422          (B[m local elapsed_time
[2026-06-30T09:56:09.304Z] +[38;5;242mfunctions-common:time_stop:2423          (B[m local total
[2026-06-30T09:56:09.304Z] +[38;5;242mfunctions-common:time_stop:2424          (B[m local start_time
[2026-06-30T09:56:09.304Z] +[38;5;242mfunctions-common:time_stop:2426          (B[m name=pip_install
[2026-06-30T09:56:09.304Z] +[38;5;242mfunctions-common:time_stop:2427          (B[m start_time=1782813363900
[2026-06-30T09:56:09.304Z] +[38;5;242mfunctions-common:time_stop:2429          (B[m [[ -z 1782813363900 ]]
[2026-06-30T09:56:09.304Z] ++[38;5;242mfunctions-common:time_stop:2432          (B[m date +%s%3N
[2026-06-30T09:56:09.304Z] +[38;5;242mfunctions-common:time_stop:2432          (B[m end_time=1782813377585
[2026-06-30T09:56:09.304Z] +[38;5;242mfunctions-common:time_stop:2433          (B[m elapsed_time=13685
[2026-06-30T09:56:09.304Z] +[38;5;242mfunctions-common:time_stop:2434          (B[m total=26068
[2026-06-30T09:56:09.304Z] +[38;5;242mfunctions-common:time_stop:2436          (B[m _TIME_START[$name]=
[2026-06-30T09:56:09.568Z] +[38;5;242mfunctions-common:time_stop:2437          (B[m _TIME_TOTAL[$name]=39753
[2026-06-30T09:56:09.568Z] +[38;5;242minc/python:pip_install:219               (B[m return 0
[2026-06-30T09:56:09.568Z] +[38;5;242mlib/infra:install_infra:39               (B[m unset PIP_VIRTUAL_ENV
[2026-06-30T09:56:09.568Z] +[38;5;242mlib/infra:install_infra:42               (B[m use_library_from_git pbr
[2026-06-30T09:56:09.568Z] +[38;5;242minc/python:use_library_from_git:266      (B[m local name=pbr
[2026-06-30T09:56:09.568Z] +[38;5;242minc/python:use_library_from_git:267      (B[m local enabled=1
[2026-06-30T09:56:09.568Z] +[38;5;242minc/python:use_library_from_git:268      (B[m [[ '' = \A\L\L ]]
[2026-06-30T09:56:09.568Z] +[38;5;242minc/python:use_library_from_git:268      (B[m [[ ,, =~ ,pbr, ]]
[2026-06-30T09:56:09.568Z] +[38;5;242minc/python:use_library_from_git:269      (B[m return 1
[2026-06-30T09:56:09.832Z] +[38;5;242mlib/infra:install_infra:48               (B[m pip_install -U pbr
[2026-06-30T09:56:09.832Z] Using python 3.12 to install pbr
[2026-06-30T09:56:09.832Z] +[38;5;242minc/python:pip_install:210               (B[m env http_proxy=http://proxy-in.its.hpecorp.net:80 https_proxy=http://proxy-in.its.hpecorp.net:443 no_proxy=10.201.5.87,10.201.4.29,10.201.3.85,10.201.3.86,localhost,127.0.0.1,10.201.4.31,10.201.4.32,10.201.4.33,10.201.4.34,10.201.1.221,172.28.65.17,172.28.65.18,172.28.65.207,172.28.65.208 PIP_FIND_LINKS= /opt/stack/data/venv/bin/pip install -c /opt/stack/requirements/upper-constraints.txt -U pbr
[2026-06-30T09:56:11.226Z] Requirement already satisfied: pbr in /opt/stack/data/venv/lib/python3.12/site-packages (7.0.3)
[2026-06-30T09:56:11.490Z] Requirement already satisfied: setuptools in /opt/stack/data/venv/lib/python3.12/site-packages (from pbr) (82.0.1)
[2026-06-30T09:56:11.753Z] +[38;5;242minc/python:pip_install:216               (B[m result=0
[2026-06-30T09:56:11.753Z] +[38;5;242minc/python:pip_install:218               (B[m time_stop pip_install
[2026-06-30T09:56:11.753Z] +[38;5;242mfunctions-common:time_stop:2420          (B[m local name
[2026-06-30T09:56:11.753Z] +[38;5;242mfunctions-common:time_stop:2421          (B[m local end_time
[2026-06-30T09:56:11.753Z] +[38;5;242mfunctions-common:time_stop:2422          (B[m local elapsed_time
[2026-06-30T09:56:12.016Z] +[38;5;242mfunctions-common:time_stop:2423          (B[m local total
[2026-06-30T09:56:12.016Z] +[38;5;242mfunctions-common:time_stop:2424          (B[m local start_time
[2026-06-30T09:56:12.016Z] +[38;5;242mfunctions-common:time_stop:2426          (B[m name=pip_install
[2026-06-30T09:56:12.016Z] +[38;5;242mfunctions-common:time_stop:2427          (B[m start_time=1782813378098
[2026-06-30T09:56:12.016Z] +[38;5;242mfunctions-common:time_stop:2429          (B[m [[ -z 1782813378098 ]]
[2026-06-30T09:56:12.016Z] ++[38;5;242mfunctions-common:time_stop:2432          (B[m date +%s%3N
[2026-06-30T09:56:12.016Z] +[38;5;242mfunctions-common:time_stop:2432          (B[m end_time=1782813380304
[2026-06-30T09:56:12.016Z] +[38;5;242mfunctions-common:time_stop:2433          (B[m elapsed_time=2206
[2026-06-30T09:56:12.016Z] +[38;5;242mfunctions-common:time_stop:2434          (B[m total=39753
[2026-06-30T09:56:12.283Z] +[38;5;242mfunctions-common:time_stop:2436          (B[m _TIME_START[$name]=
[2026-06-30T09:56:12.284Z] +[38;5;242mfunctions-common:time_stop:2437          (B[m _TIME_TOTAL[$name]=41959
[2026-06-30T09:56:12.284Z] +[38;5;242minc/python:pip_install:219               (B[m return 0
[2026-06-30T09:56:12.284Z] +[38;5;242m./stack.sh:main:835                      (B[m python3.12 -m venv /opt/stack/bindep-venv
[2026-06-30T09:56:18.883Z] +[38;5;242m./stack.sh:main:837                      (B[m /opt/stack/bindep-venv/bin/pip install bindep
[2026-06-30T09:56:18.883Z] Collecting bindep
[2026-06-30T09:56:19.149Z]   Downloading bindep-2.14.0-py3-none-any.whl.metadata (11 kB)
[2026-06-30T09:56:19.412Z] Collecting distro>=1.7 (from bindep)
[2026-06-30T09:56:19.412Z]   Downloading distro-1.9.0-py3-none-any.whl.metadata (6.8 kB)
[2026-06-30T09:56:19.412Z] Collecting packaging (from bindep)
[2026-06-30T09:56:19.412Z]   Using cached packaging-26.2-py3-none-any.whl.metadata (3.5 kB)
[2026-06-30T09:56:19.412Z] Collecting Parsley (from bindep)
[2026-06-30T09:56:19.412Z]   Downloading Parsley-1.3-py2.py3-none-any.whl.metadata (4.1 kB)
[2026-06-30T09:56:19.675Z] Collecting pbr>=2 (from bindep)
[2026-06-30T09:56:19.675Z]   Using cached pbr-7.0.3-py2.py3-none-any.whl.metadata (3.8 kB)
[2026-06-30T09:56:19.937Z] Collecting setuptools (from pbr>=2->bindep)
[2026-06-30T09:56:19.937Z]   Using cached setuptools-82.0.1-py3-none-any.whl.metadata (6.5 kB)
[2026-06-30T09:56:20.200Z] Downloading bindep-2.14.0-py3-none-any.whl (35 kB)
[2026-06-30T09:56:20.200Z] Downloading distro-1.9.0-py3-none-any.whl (20 kB)
[2026-06-30T09:56:20.200Z] Using cached pbr-7.0.3-py2.py3-none-any.whl (131 kB)
[2026-06-30T09:56:20.200Z] Using cached packaging-26.2-py3-none-any.whl (100 kB)
[2026-06-30T09:56:20.200Z] Downloading Parsley-1.3-py2.py3-none-any.whl (88 kB)
[2026-06-30T09:56:20.200Z]    ━━━━━━━━━━━━━━━━━━━━━━━━━━━━━━━━━━━━━━━━ 88.9/88.9 kB 2.3 MB/s eta 0:00:00
[2026-06-30T09:56:20.200Z] Using cached setuptools-82.0.1-py3-none-any.whl (1.0 MB)
[2026-06-30T09:56:20.467Z] Installing collected packages: Parsley, setuptools, packaging, distro, pbr, bindep
[2026-06-30T09:56:22.389Z] Successfully installed Parsley-1.3 bindep-2.14.0 distro-1.9.0 packaging-26.2 pbr-7.0.3 setuptools-82.0.1
[2026-06-30T09:56:22.389Z] +[38;5;242m./stack.sh:main:838                      (B[m export BINDEP_CMD=/opt/stack/bindep-venv/bin/bindep
[2026-06-30T09:56:22.389Z] +[38;5;242m./stack.sh:main:838                      (B[m BINDEP_CMD=/opt/stack/bindep-venv/bin/bindep
[2026-06-30T09:56:22.389Z] ++[38;5;242m./stack.sh:main:841                      (B[m _get_plugin_bindep_packages
[2026-06-30T09:56:22.389Z] +[38;5;242m./stack.sh:main:841                      (B[m pkgs=
[2026-06-30T09:56:22.389Z] +[38;5;242m./stack.sh:main:842                      (B[m [[ -n '' ]]
[2026-06-30T09:56:22.389Z] +[38;5;242m./stack.sh:main:849                      (B[m run_phase stack pre-install
[2026-06-30T09:56:22.389Z] +[38;5;242mfunctions-common:run_phase:1848          (B[m local mode=stack
[2026-06-30T09:56:22.651Z] +[38;5;242mfunctions-common:run_phase:1849          (B[m local phase=pre-install
[2026-06-30T09:56:22.651Z] +[38;5;242mfunctions-common:run_phase:1850          (B[m [[ -d /opt/stack/devstack/extras.d ]]
[2026-06-30T09:56:22.651Z] +[38;5;242mfunctions-common:run_phase:1851          (B[m local extra_plugin_file_name
[2026-06-30T09:56:22.651Z] +[38;5;242mfunctions-common:run_phase:1852          (B[m for extra_plugin_file_name in $TOP_DIR/extras.d/*.sh
[2026-06-30T09:56:22.651Z] +[38;5;242mfunctions-common:run_phase:1857          (B[m local exceptions=80-tempest.sh
[2026-06-30T09:56:22.651Z] +[38;5;242mfunctions-common:run_phase:1858          (B[m local extra
[2026-06-30T09:56:22.651Z] ++[38;5;242mfunctions-common:run_phase:1859          (B[m basename /opt/stack/devstack/extras.d/80-tempest.sh
[2026-06-30T09:56:22.651Z] +[38;5;242mfunctions-common:run_phase:1859          (B[m extra=80-tempest.sh
[2026-06-30T09:56:22.651Z] +[38;5;242mfunctions-common:run_phase:1860          (B[m [[ 80-tempest.sh =~ 80-tempest\.sh ]]
[2026-06-30T09:56:22.651Z] +[38;5;242mfunctions-common:run_phase:1864          (B[m [[ -r /opt/stack/devstack/extras.d/80-tempest.sh ]]
[2026-06-30T09:56:22.913Z] +[38;5;242mfunctions-common:run_phase:1864          (B[m source /opt/stack/devstack/extras.d/80-tempest.sh stack pre-install
[2026-06-30T09:56:22.913Z] ++[38;5;242mextras.d/80-tempest.sh:source:3          (B[m is_service_enabled tempest
[2026-06-30T09:56:22.913Z] ++[38;5;242mfunctions-common:is_service_enabled:2076 (B[m return 0
[2026-06-30T09:56:22.913Z] ++[38;5;242mextras.d/80-tempest.sh:source:4          (B[m [[ stack == \s\o\u\r\c\e ]]
[2026-06-30T09:56:22.913Z] ++[38;5;242mextras.d/80-tempest.sh:source:7          (B[m [[ stack == \s\t\a\c\k ]]
[2026-06-30T09:56:23.179Z] ++[38;5;242mextras.d/80-tempest.sh:source:7          (B[m [[ pre-install == \i\n\s\t\a\l\l ]]
[2026-06-30T09:56:23.179Z] ++[38;5;242mextras.d/80-tempest.sh:source:10         (B[m [[ stack == \s\t\a\c\k ]]
[2026-06-30T09:56:23.179Z] ++[38;5;242mextras.d/80-tempest.sh:source:10         (B[m [[ pre-install == \p\o\s\t\-\c\o\n\f\i\g ]]
[2026-06-30T09:56:23.179Z] ++[38;5;242mextras.d/80-tempest.sh:source:13         (B[m [[ stack == \s\t\a\c\k ]]
[2026-06-30T09:56:23.179Z] ++[38;5;242mextras.d/80-tempest.sh:source:13         (B[m [[ pre-install == \e\x\t\r\a ]]
[2026-06-30T09:56:23.179Z] ++[38;5;242mextras.d/80-tempest.sh:source:16         (B[m [[ stack == \s\t\a\c\k ]]
[2026-06-30T09:56:23.179Z] ++[38;5;242mextras.d/80-tempest.sh:source:16         (B[m [[ pre-install == \p\o\s\t\-\e\x\t\r\a ]]
[2026-06-30T09:56:23.179Z] ++[38;5;242mextras.d/80-tempest.sh:source:19         (B[m [[ stack == \s\t\a\c\k ]]
[2026-06-30T09:56:23.179Z] ++[38;5;242mextras.d/80-tempest.sh:source:19         (B[m [[ pre-install == \t\e\s\t\-\c\o\n\f\i\g ]]
[2026-06-30T09:56:23.179Z] ++[38;5;242mextras.d/80-tempest.sh:source:27         (B[m [[ stack == \u\n\s\t\a\c\k ]]
[2026-06-30T09:56:23.441Z] ++[38;5;242mextras.d/80-tempest.sh:source:32         (B[m [[ stack == \c\l\e\a\n ]]
[2026-06-30T09:56:23.441Z] +[38;5;242mfunctions-common:run_phase:1869          (B[m [[ stack == \s\o\u\r\c\e ]]
[2026-06-30T09:56:23.441Z] +[38;5;242mfunctions-common:run_phase:1872          (B[m [[ stack == \o\v\e\r\r\i\d\e\_\d\e\f\a\u\l\t\s ]]
[2026-06-30T09:56:23.441Z] +[38;5;242mfunctions-common:run_phase:1875          (B[m run_plugins stack pre-install
[2026-06-30T09:56:23.441Z] +[38;5;242mfunctions-common:run_plugins:1834        (B[m local mode=stack
[2026-06-30T09:56:23.441Z] +[38;5;242mfunctions-common:run_plugins:1835        (B[m local phase=pre-install
[2026-06-30T09:56:23.441Z] +[38;5;242mfunctions-common:run_plugins:1837        (B[m local plugins=
[2026-06-30T09:56:23.441Z] +[38;5;242mfunctions-common:run_plugins:1838        (B[m local plugin
[2026-06-30T09:56:23.441Z] +[38;5;242m./stack.sh:main:852                      (B[m set_systemd_override DefaultLimitNOFILE 2048
[2026-06-30T09:56:23.704Z] +[38;5;242mfunctions:set_systemd_override:844       (B[m local key=DefaultLimitNOFILE
[2026-06-30T09:56:23.704Z] +[38;5;242mfunctions:set_systemd_override:845       (B[m local value=2048
[2026-06-30T09:56:23.704Z] +[38;5;242mfunctions:set_systemd_override:847       (B[m local sysconf=/etc/systemd/system.conf
[2026-06-30T09:56:23.704Z] +[38;5;242mfunctions:set_systemd_override:848       (B[m iniset -sudo /etc/systemd/system.conf Manager DefaultLimitNOFILE 2048
[2026-06-30T09:56:23.968Z] +[38;5;242mfunctions:set_systemd_override:849       (B[m echo 'Set systemd system override for DefaultLimitNOFILE=2048'
[2026-06-30T09:56:23.968Z] Set systemd system override for DefaultLimitNOFILE=2048
[2026-06-30T09:56:23.968Z] +[38;5;242mfunctions:set_systemd_override:851       (B[m sudo systemctl daemon-reload
[2026-06-30T09:56:25.890Z] +[38;5;242m./stack.sh:main:854                      (B[m install_rpc_backend
[2026-06-30T09:56:25.890Z] +[38;5;242mlib/rpc_backend:install_rpc_backend:52   (B[m is_service_enabled rabbit
[2026-06-30T09:56:25.890Z] +[38;5;242mfunctions-common:is_service_enabled:2076 (B[m return 0
[2026-06-30T09:56:25.890Z] +[38;5;242mlib/rpc_backend:install_rpc_backend:54   (B[m install_package rabbitmq-server
[2026-06-30T09:56:25.890Z] +[38;5;242mfunctions-common:install_package:1438    (B[m update_package_repo
[2026-06-30T09:56:26.155Z] +[38;5;242mfunctions-common:update_package_repo:1412 (B[m NO_UPDATE_REPOS=False
[2026-06-30T09:56:26.155Z] +[38;5;242mfunctions-common:update_package_repo:1413 (B[m REPOS_UPDATED=True
[2026-06-30T09:56:26.155Z] +[38;5;242mfunctions-common:update_package_repo:1414 (B[m RETRY_UPDATE=False
[2026-06-30T09:56:26.155Z] +[38;5;242mfunctions-common:update_package_repo:1416 (B[m [[ False = \T\r\u\e ]]
[2026-06-30T09:56:26.155Z] +[38;5;242mfunctions-common:update_package_repo:1420 (B[m is_ubuntu
[2026-06-30T09:56:26.155Z] +[38;5;242mfunctions-common:is_ubuntu:546           (B[m [[ -z deb ]]
[2026-06-30T09:56:26.155Z] +[38;5;242mfunctions-common:is_ubuntu:549           (B[m '[' deb = deb ']'
[2026-06-30T09:56:26.155Z] +[38;5;242mfunctions-common:update_package_repo:1421 (B[m apt_get_update
[2026-06-30T09:56:26.155Z] +[38;5;242mfunctions-common:apt_get_update:1166     (B[m [[ True == \T\r\u\e ]]
[2026-06-30T09:56:26.155Z] +[38;5;242mfunctions-common:apt_get_update:1166     (B[m [[ False != \T\r\u\e ]]
[2026-06-30T09:56:26.417Z] +[38;5;242mfunctions-common:apt_get_update:1167     (B[m return
[2026-06-30T09:56:26.417Z] +[38;5;242mfunctions-common:install_package:1439    (B[m real_install_package rabbitmq-server
[2026-06-30T09:56:26.417Z] +[38;5;242mfunctions-common:real_install_package:1426 (B[m is_ubuntu
[2026-06-30T09:56:26.417Z] +[38;5;242mfunctions-common:is_ubuntu:546           (B[m [[ -z deb ]]
[2026-06-30T09:56:26.417Z] +[38;5;242mfunctions-common:is_ubuntu:549           (B[m '[' deb = deb ']'
[2026-06-30T09:56:26.417Z] +[38;5;242mfunctions-common:real_install_package:1427 (B[m apt_get install rabbitmq-server
[2026-06-30T09:56:26.685Z] +[38;5;242mfunctions-common:apt_get:1207            (B[m sudo DEBIAN_FRONTEND=noninteractive http_proxy=http://proxy-in.its.hpecorp.net:80 https_proxy=http://proxy-in.its.hpecorp.net:443 no_proxy=10.201.5.87,10.201.4.29,10.201.3.85,10.201.3.86,localhost,127.0.0.1,10.201.4.31,10.201.4.32,10.201.4.33,10.201.4.34,10.201.1.221,172.28.65.17,172.28.65.18,172.28.65.207,172.28.65.208 apt-get --option Dpkg::Options::=--force-confold --assume-yes install rabbitmq-server
[2026-06-30T09:56:26.685Z] Reading package lists...
[2026-06-30T09:56:27.273Z] Building dependency tree...
[2026-06-30T09:56:27.273Z] Reading state information...
[2026-06-30T09:56:27.546Z] The following packages were automatically installed and are no longer required:
[2026-06-30T09:56:27.546Z]   libcgi-fast-perl libcgi-pm-perl libclone-perl libencode-locale-perl
[2026-06-30T09:56:27.546Z]   libevent-pthreads-2.1-7t64 libfcgi-bin libfcgi-perl libfcgi0t64
[2026-06-30T09:56:27.546Z]   libhtml-parser-perl libhtml-tagset-perl libhtml-template-perl
[2026-06-30T09:56:27.546Z]   libhttp-date-perl libhttp-message-perl libio-html-perl
[2026-06-30T09:56:27.546Z]   liblwp-mediatypes-perl libmecab2 libprotobuf-lite32t64 libtimedate-perl
[2026-06-30T09:56:27.546Z]   liburi-perl mecab-ipadic mecab-ipadic-utf8 mecab-utils
[2026-06-30T09:56:27.546Z] Use 'sudo apt autoremove' to remove them.
[2026-06-30T09:56:27.546Z] The following additional packages will be installed:
[2026-06-30T09:56:27.546Z]   erlang-asn1 erlang-base erlang-crypto erlang-eldap erlang-ftp erlang-inets
[2026-06-30T09:56:27.546Z]   erlang-mnesia erlang-os-mon erlang-parsetools erlang-public-key
[2026-06-30T09:56:27.546Z]   erlang-runtime-tools erlang-snmp erlang-ssl erlang-syntax-tools erlang-tftp
[2026-06-30T09:56:27.546Z]   erlang-tools erlang-xmerl
[2026-06-30T09:56:27.546Z] Suggested packages:
[2026-06-30T09:56:27.546Z]   erlang erlang-manpages erlang-doc
[2026-06-30T09:56:27.546Z] The following NEW packages will be installed:
[2026-06-30T09:56:27.546Z]   erlang-asn1 erlang-base erlang-crypto erlang-eldap erlang-ftp erlang-inets
[2026-06-30T09:56:27.546Z]   erlang-mnesia erlang-os-mon erlang-parsetools erlang-public-key
[2026-06-30T09:56:27.546Z]   erlang-runtime-tools erlang-snmp erlang-ssl erlang-syntax-tools erlang-tftp
[2026-06-30T09:56:27.546Z]   erlang-tools erlang-xmerl rabbitmq-server
[2026-06-30T09:56:28.603Z] 0 upgraded, 18 newly installed, 0 to remove and 67 not upgraded.
[2026-06-30T09:56:28.603Z] Need to get 0 B/36.1 MB of archives.
[2026-06-30T09:56:28.603Z] After this operation, 56.3 MB of additional disk space will be used.
[2026-06-30T09:56:28.603Z] Selecting previously unselected package erlang-base.
[2026-06-30T09:56:28.868Z] (Reading database ... [2026-06-30T09:56:28.868Z] (Reading database ... 5%[2026-06-30T09:56:28.868Z] (Reading database ... 10%[2026-06-30T09:56:28.868Z] (Reading database ... 15%[2026-06-30T09:56:28.868Z] (Reading database ... 20%[2026-06-30T09:56:28.868Z] (Reading database ... 25%[2026-06-30T09:56:28.868Z] (Reading database ... 30%[2026-06-30T09:56:28.868Z] (Reading database ... 35%[2026-06-30T09:56:28.868Z] (Reading database ... 40%[2026-06-30T09:56:28.868Z] (Reading database ... 45%[2026-06-30T09:56:28.868Z] (Reading database ... 50%[2026-06-30T09:56:28.868Z] (Reading database ... 55%[2026-06-30T09:56:28.868Z] (Reading database ... 60%[2026-06-30T09:56:28.868Z] (Reading database ... 65%[2026-06-30T09:56:28.868Z] (Reading database ... 70%[2026-06-30T09:56:28.868Z] (Reading database ... 75%[2026-06-30T09:56:28.868Z] (Reading database ... 80%[2026-06-30T09:56:28.868Z] (Reading database ... 85%[2026-06-30T09:56:28.868Z] (Reading database ... 90%[2026-06-30T09:56:28.868Z] (Reading database ... 95%[2026-06-30T09:56:28.868Z] (Reading database ... 100%[2026-06-30T09:56:28.868Z] (Reading database ... 164951 files and directories currently installed.)
[2026-06-30T09:56:28.868Z] Preparing to unpack .../00-erlang-base_1%3a25.3.2.8+dfsg-1ubuntu4.6_amd64.deb ...
[2026-06-30T09:56:28.868Z] Unpacking erlang-base (1:25.3.2.8+dfsg-1ubuntu4.6) ...
[2026-06-30T09:56:29.446Z] Selecting previously unselected package erlang-asn1.
[2026-06-30T09:56:29.711Z] Preparing to unpack .../01-erlang-asn1_1%3a25.3.2.8+dfsg-1ubuntu4.6_amd64.deb ...
[2026-06-30T09:56:29.711Z] Unpacking erlang-asn1 (1:25.3.2.8+dfsg-1ubuntu4.6) ...
[2026-06-30T09:56:29.711Z] Selecting previously unselected package erlang-crypto.
[2026-06-30T09:56:29.711Z] Preparing to unpack .../02-erlang-crypto_1%3a25.3.2.8+dfsg-1ubuntu4.6_amd64.deb ...
[2026-06-30T09:56:29.711Z] Unpacking erlang-crypto (1:25.3.2.8+dfsg-1ubuntu4.6) ...
[2026-06-30T09:56:29.973Z] Selecting previously unselected package erlang-public-key.
[2026-06-30T09:56:29.973Z] Preparing to unpack .../03-erlang-public-key_1%3a25.3.2.8+dfsg-1ubuntu4.6_amd64.deb ...
[2026-06-30T09:56:29.973Z] Unpacking erlang-public-key (1:25.3.2.8+dfsg-1ubuntu4.6) ...
[2026-06-30T09:56:29.973Z] Selecting previously unselected package erlang-mnesia.
[2026-06-30T09:56:30.237Z] Preparing to unpack .../04-erlang-mnesia_1%3a25.3.2.8+dfsg-1ubuntu4.6_amd64.deb ...
[2026-06-30T09:56:30.237Z] Unpacking erlang-mnesia (1:25.3.2.8+dfsg-1ubuntu4.6) ...
[2026-06-30T09:56:30.237Z] Selecting previously unselected package erlang-runtime-tools.
[2026-06-30T09:56:30.237Z] Preparing to unpack .../05-erlang-runtime-tools_1%3a25.3.2.8+dfsg-1ubuntu4.6_amd64.deb ...
[2026-06-30T09:56:30.237Z] Unpacking erlang-runtime-tools (1:25.3.2.8+dfsg-1ubuntu4.6) ...
[2026-06-30T09:56:30.499Z] Selecting previously unselected package erlang-ssl.
[2026-06-30T09:56:30.499Z] Preparing to unpack .../06-erlang-ssl_1%3a25.3.2.8+dfsg-1ubuntu4.6_amd64.deb ...
[2026-06-30T09:56:30.499Z] Unpacking erlang-ssl (1:25.3.2.8+dfsg-1ubuntu4.6) ...
[2026-06-30T09:56:30.762Z] Selecting previously unselected package erlang-eldap.
[2026-06-30T09:56:30.762Z] Preparing to unpack .../07-erlang-eldap_1%3a25.3.2.8+dfsg-1ubuntu4.6_amd64.deb ...
[2026-06-30T09:56:30.762Z] Unpacking erlang-eldap (1:25.3.2.8+dfsg-1ubuntu4.6) ...
[2026-06-30T09:56:30.762Z] Selecting previously unselected package erlang-ftp.
[2026-06-30T09:56:31.024Z] Preparing to unpack .../08-erlang-ftp_1%3a25.3.2.8+dfsg-1ubuntu4.6_amd64.deb ...
[2026-06-30T09:56:31.024Z] Unpacking erlang-ftp (1:25.3.2.8+dfsg-1ubuntu4.6) ...
[2026-06-30T09:56:31.024Z] Selecting previously unselected package erlang-tftp.
[2026-06-30T09:56:31.024Z] Preparing to unpack .../09-erlang-tftp_1%3a25.3.2.8+dfsg-1ubuntu4.6_amd64.deb ...
[2026-06-30T09:56:31.024Z] Unpacking erlang-tftp (1:25.3.2.8+dfsg-1ubuntu4.6) ...
[2026-06-30T09:56:31.287Z] Selecting previously unselected package erlang-inets.
[2026-06-30T09:56:31.287Z] Preparing to unpack .../10-erlang-inets_1%3a25.3.2.8+dfsg-1ubuntu4.6_amd64.deb ...
[2026-06-30T09:56:31.287Z] Unpacking erlang-inets (1:25.3.2.8+dfsg-1ubuntu4.6) ...
[2026-06-30T09:56:31.287Z] Selecting previously unselected package erlang-snmp.
[2026-06-30T09:56:31.552Z] Preparing to unpack .../11-erlang-snmp_1%3a25.3.2.8+dfsg-1ubuntu4.6_amd64.deb ...
[2026-06-30T09:56:31.552Z] Unpacking erlang-snmp (1:25.3.2.8+dfsg-1ubuntu4.6) ...
[2026-06-30T09:56:31.817Z] Selecting previously unselected package erlang-os-mon.
[2026-06-30T09:56:31.817Z] Preparing to unpack .../12-erlang-os-mon_1%3a25.3.2.8+dfsg-1ubuntu4.6_amd64.deb ...
[2026-06-30T09:56:31.817Z] Unpacking erlang-os-mon (1:25.3.2.8+dfsg-1ubuntu4.6) ...
[2026-06-30T09:56:31.817Z] Selecting previously unselected package erlang-parsetools.
[2026-06-30T09:56:31.817Z] Preparing to unpack .../13-erlang-parsetools_1%3a25.3.2.8+dfsg-1ubuntu4.6_amd64.deb ...
[2026-06-30T09:56:31.817Z] Unpacking erlang-parsetools (1:25.3.2.8+dfsg-1ubuntu4.6) ...
[2026-06-30T09:56:32.079Z] Selecting previously unselected package erlang-syntax-tools.
[2026-06-30T09:56:32.079Z] Preparing to unpack .../14-erlang-syntax-tools_1%3a25.3.2.8+dfsg-1ubuntu4.6_amd64.deb ...
[2026-06-30T09:56:32.079Z] Unpacking erlang-syntax-tools (1:25.3.2.8+dfsg-1ubuntu4.6) ...
[2026-06-30T09:56:32.341Z] Selecting previously unselected package erlang-tools.
[2026-06-30T09:56:32.341Z] Preparing to unpack .../15-erlang-tools_1%3a25.3.2.8+dfsg-1ubuntu4.6_amd64.deb ...
[2026-06-30T09:56:32.341Z] Unpacking erlang-tools (1:25.3.2.8+dfsg-1ubuntu4.6) ...
[2026-06-30T09:56:32.341Z] Selecting previously unselected package erlang-xmerl.
[2026-06-30T09:56:32.604Z] Preparing to unpack .../16-erlang-xmerl_1%3a25.3.2.8+dfsg-1ubuntu4.6_amd64.deb ...
[2026-06-30T09:56:32.604Z] Unpacking erlang-xmerl (1:25.3.2.8+dfsg-1ubuntu4.6) ...
[2026-06-30T09:56:32.604Z] Selecting previously unselected package rabbitmq-server.
[2026-06-30T09:56:32.604Z] Preparing to unpack .../17-rabbitmq-server_3.12.1-1ubuntu1.2_all.deb ...
[2026-06-30T09:56:32.604Z] Unpacking rabbitmq-server (3.12.1-1ubuntu1.2) ...
[2026-06-30T09:56:33.999Z] Setting up erlang-base (1:25.3.2.8+dfsg-1ubuntu4.6) ...
[2026-06-30T09:56:34.945Z] Created symlink /etc/systemd/system/multi-user.target.wants/epmd.service → /usr/lib/systemd/system/epmd.service.[2026-06-30T09:56:34.945Z] 
[2026-06-30T09:56:34.945Z] Created symlink /etc/systemd/system/sockets.target.wants/epmd.socket → /usr/lib/systemd/system/epmd.socket.[2026-06-30T09:56:34.945Z] 
[2026-06-30T09:56:43.172Z] Searching for services which depend on erlang and should be started... none found.
[2026-06-30T09:56:43.172Z] Setting up erlang-xmerl (1:25.3.2.8+dfsg-1ubuntu4.6) ...
[2026-06-30T09:56:43.172Z] Setting up erlang-syntax-tools (1:25.3.2.8+dfsg-1ubuntu4.6) ...
[2026-06-30T09:56:43.172Z] Setting up erlang-parsetools (1:25.3.2.8+dfsg-1ubuntu4.6) ...
[2026-06-30T09:56:43.172Z] Setting up erlang-asn1 (1:25.3.2.8+dfsg-1ubuntu4.6) ...
[2026-06-30T09:56:43.172Z] Setting up erlang-tftp (1:25.3.2.8+dfsg-1ubuntu4.6) ...
[2026-06-30T09:56:43.172Z] Setting up erlang-mnesia (1:25.3.2.8+dfsg-1ubuntu4.6) ...
[2026-06-30T09:56:43.172Z] Setting up erlang-crypto (1:25.3.2.8+dfsg-1ubuntu4.6) ...
[2026-06-30T09:56:43.172Z] Setting up erlang-runtime-tools (1:25.3.2.8+dfsg-1ubuntu4.6) ...
[2026-06-30T09:56:43.172Z] Setting up erlang-tools (1:25.3.2.8+dfsg-1ubuntu4.6) ...
[2026-06-30T09:56:43.172Z] Setting up erlang-snmp (1:25.3.2.8+dfsg-1ubuntu4.6) ...
[2026-06-30T09:56:43.172Z] Setting up erlang-public-key (1:25.3.2.8+dfsg-1ubuntu4.6) ...
[2026-06-30T09:56:43.172Z] Setting up erlang-ssl (1:25.3.2.8+dfsg-1ubuntu4.6) ...
[2026-06-30T09:56:43.172Z] Setting up erlang-os-mon (1:25.3.2.8+dfsg-1ubuntu4.6) ...
[2026-06-30T09:56:43.172Z] Setting up erlang-eldap (1:25.3.2.8+dfsg-1ubuntu4.6) ...
[2026-06-30T09:56:43.172Z] Setting up erlang-ftp (1:25.3.2.8+dfsg-1ubuntu4.6) ...
[2026-06-30T09:56:43.172Z] Setting up erlang-inets (1:25.3.2.8+dfsg-1ubuntu4.6) ...
[2026-06-30T09:56:43.172Z] Setting up rabbitmq-server (3.12.1-1ubuntu1.2) ...
[2026-06-30T09:56:43.172Z] Created symlink /etc/systemd/system/multi-user.target.wants/rabbitmq-server.service → /usr/lib/systemd/system/rabbitmq-server.service.[2026-06-30T09:56:43.172Z] 
[2026-06-30T09:57:01.325Z] Processing triggers for man-db (2.12.0-4build2) ...
[2026-06-30T09:57:07.959Z] Disabling Ubuntu mode, explicit restart mode configured
[2026-06-30T09:57:07.959Z] Running kernel seems to be up-to-date.
[2026-06-30T09:57:07.959Z] 
[2026-06-30T09:57:07.959Z] No services need to be restarted.
[2026-06-30T09:57:07.959Z] 
[2026-06-30T09:57:07.959Z] No containers need to be restarted.
[2026-06-30T09:57:07.959Z] 
[2026-06-30T09:57:07.959Z] User sessions running outdated binaries:
[2026-06-30T09:57:07.959Z]  root @ session #2: sshd[3420]
[2026-06-30T09:57:07.959Z] 
[2026-06-30T09:57:07.959Z] No VM guests are running outdated hypervisor (qemu) binaries on this host.
[2026-06-30T09:57:09.371Z] +[38;5;242mfunctions-common:apt_get:1211            (B[m result=0
[2026-06-30T09:57:09.654Z] +[38;5;242mfunctions-common:apt_get:1214            (B[m time_stop apt-get
[2026-06-30T09:57:09.654Z] +[38;5;242mfunctions-common:time_stop:2420          (B[m local name
[2026-06-30T09:57:09.654Z] +[38;5;242mfunctions-common:time_stop:2421          (B[m local end_time
[2026-06-30T09:57:09.654Z] +[38;5;242mfunctions-common:time_stop:2422          (B[m local elapsed_time
[2026-06-30T09:57:09.654Z] +[38;5;242mfunctions-common:time_stop:2423          (B[m local total
[2026-06-30T09:57:09.654Z] +[38;5;242mfunctions-common:time_stop:2424          (B[m local start_time
[2026-06-30T09:57:09.654Z] +[38;5;242mfunctions-common:time_stop:2426          (B[m name=apt-get
[2026-06-30T09:57:09.654Z] +[38;5;242mfunctions-common:time_stop:2427          (B[m start_time=1782813394853
[2026-06-30T09:57:09.654Z] +[38;5;242mfunctions-common:time_stop:2429          (B[m [[ -z 1782813394853 ]]
[2026-06-30T09:57:09.654Z] ++[38;5;242mfunctions-common:time_stop:2432          (B[m date +%s%3N
[2026-06-30T09:57:09.917Z] +[38;5;242mfunctions-common:time_stop:2432          (B[m end_time=1782813438032
[2026-06-30T09:57:09.917Z] +[38;5;242mfunctions-common:time_stop:2433          (B[m elapsed_time=43179
[2026-06-30T09:57:09.917Z] +[38;5;242mfunctions-common:time_stop:2434          (B[m total=15485
[2026-06-30T09:57:09.917Z] +[38;5;242mfunctions-common:time_stop:2436          (B[m _TIME_START[$name]=
[2026-06-30T09:57:09.917Z] +[38;5;242mfunctions-common:time_stop:2437          (B[m _TIME_TOTAL[$name]=58664
[2026-06-30T09:57:09.917Z] +[38;5;242mfunctions-common:apt_get:1215            (B[m return 0
[2026-06-30T09:57:09.917Z] +[38;5;242mlib/rpc_backend:install_rpc_backend:55   (B[m is_fedora
[2026-06-30T09:57:09.917Z] +[38;5;242mfunctions-common:is_fedora:526           (B[m [[ -z Ubuntu ]]
[2026-06-30T09:57:09.917Z] +[38;5;242mfunctions-common:is_fedora:530           (B[m '[' Ubuntu = Fedora ']'
[2026-06-30T09:57:10.182Z] +[38;5;242mfunctions-common:is_fedora:530           (B[m '[' Ubuntu = 'Red Hat' ']'
[2026-06-30T09:57:10.182Z] +[38;5;242mfunctions-common:is_fedora:531           (B[m '[' Ubuntu = openEuler ']'
[2026-06-30T09:57:10.182Z] +[38;5;242mfunctions-common:is_fedora:532           (B[m '[' Ubuntu = RedHatEnterpriseServer ']'
[2026-06-30T09:57:10.182Z] +[38;5;242mfunctions-common:is_fedora:533           (B[m '[' Ubuntu = RedHatEnterprise ']'
[2026-06-30T09:57:10.182Z] +[38;5;242mfunctions-common:is_fedora:534           (B[m '[' Ubuntu = RedHatEnterpriseLinux ']'
[2026-06-30T09:57:10.182Z] +[38;5;242mfunctions-common:is_fedora:535           (B[m '[' Ubuntu = RockyLinux ']'
[2026-06-30T09:57:10.182Z] +[38;5;242mfunctions-common:is_fedora:536           (B[m '[' Ubuntu = CentOS ']'
[2026-06-30T09:57:10.182Z] +[38;5;242mfunctions-common:is_fedora:536           (B[m '[' Ubuntu = CentOSStream ']'
[2026-06-30T09:57:10.182Z] +[38;5;242mfunctions-common:is_fedora:537           (B[m '[' Ubuntu = AlmaLinux ']'
[2026-06-30T09:57:10.445Z] +[38;5;242mfunctions-common:is_fedora:538           (B[m '[' Ubuntu = OracleServer ']'
[2026-06-30T09:57:10.445Z] +[38;5;242mfunctions-common:is_fedora:538           (B[m '[' Ubuntu = Virtuozzo ']'
[2026-06-30T09:57:10.445Z] +[38;5;242m./stack.sh:main:855                      (B[m restart_rpc_backend
[2026-06-30T09:57:10.445Z] +[38;5;242mlib/rpc_backend:restart_rpc_backend:68   (B[m is_service_enabled rabbit
[2026-06-30T09:57:10.445Z] +[38;5;242mfunctions-common:is_service_enabled:2076 (B[m return 0
[2026-06-30T09:57:10.708Z] +[38;5;242mlib/rpc_backend:restart_rpc_backend:70   (B[m echo_summary 'Starting RabbitMQ'
[2026-06-30T09:57:10.708Z] +[38;5;242m./stack.sh:echo_summary:441              (B[m [[ -t 3 ]]
[2026-06-30T09:57:10.708Z] +[38;5;242m./stack.sh:echo_summary:447              (B[m echo -e Starting RabbitMQ
[2026-06-30T09:57:10.708Z] +[38;5;242mlib/rpc_backend:restart_rpc_backend:81   (B[m local i
[2026-06-30T09:57:10.708Z] ++[38;5;242mlib/rpc_backend:restart_rpc_backend:82   (B[m seq 20
[2026-06-30T09:57:10.708Z] +[38;5;242mlib/rpc_backend:restart_rpc_backend:82   (B[m for i in `seq 20`
[2026-06-30T09:57:10.708Z] +[38;5;242mlib/rpc_backend:restart_rpc_backend:83   (B[m local rc=0
[2026-06-30T09:57:10.708Z] +[38;5;242mlib/rpc_backend:restart_rpc_backend:85   (B[m [[ 1 -eq 20 ]]
[2026-06-30T09:57:10.975Z] +[38;5;242mlib/rpc_backend:restart_rpc_backend:87   (B[m [[ 1 == \0 ]]
[2026-06-30T09:57:10.975Z] +[38;5;242mlib/rpc_backend:restart_rpc_backend:91   (B[m rabbit_setuser stackrabbit hpinvent
[2026-06-30T09:57:10.975Z] +[38;5;242mlib/rpc_backend:rabbit_setuser:160       (B[m local user=stackrabbit pass=hpinvent found= out=
[2026-06-30T09:57:10.975Z] ++[38;5;242mlib/rpc_backend:rabbit_setuser:161       (B[m sudo rabbitmqctl list_users
[2026-06-30T09:57:12.898Z] +[38;5;242mlib/rpc_backend:rabbit_setuser:161       (B[m out='Listing users ...
[2026-06-30T09:57:12.898Z] user	tags
[2026-06-30T09:57:12.898Z] guest	[administrator]'
[2026-06-30T09:57:12.898Z] ++[38;5;242mlib/rpc_backend:rabbit_setuser:163       (B[m echo 'Listing users ...
[2026-06-30T09:57:12.898Z] user	tags
[2026-06-30T09:57:12.898Z] guest	[administrator]'
[2026-06-30T09:57:12.898Z] ++[38;5;242mlib/rpc_backend:rabbit_setuser:163       (B[m awk '$1 == user { print $1 }' user=stackrabbit
[2026-06-30T09:57:12.898Z] +[38;5;242mlib/rpc_backend:rabbit_setuser:163       (B[m found=
[2026-06-30T09:57:12.898Z] +[38;5;242mlib/rpc_backend:rabbit_setuser:164       (B[m '[' '' = stackrabbit ']'
[2026-06-30T09:57:12.898Z] +[38;5;242mlib/rpc_backend:rabbit_setuser:168       (B[m sudo rabbitmqctl add_user stackrabbit hpinvent
[2026-06-30T09:57:14.307Z] Adding user "stackrabbit" ...
[2026-06-30T09:57:14.307Z] Done. Don't forget to grant the user permissions to some virtual hosts! See 'rabbitmqctl help set_permissions' to learn more.
[2026-06-30T09:57:14.307Z] +[38;5;242mlib/rpc_backend:rabbit_setuser:171       (B[m sudo rabbitmqctl set_permissions stackrabbit '.*' '.*' '.*'
[2026-06-30T09:57:16.235Z] Setting permissions for user "stackrabbit" in vhost "/" ...
[2026-06-30T09:57:16.235Z] +[38;5;242mlib/rpc_backend:restart_rpc_backend:92   (B[m '[' 0 -ne 0 ']'
[2026-06-30T09:57:16.235Z] +[38;5;242mlib/rpc_backend:restart_rpc_backend:97   (B[m sudo rabbitmqctl change_password stackrabbit hpinvent
[2026-06-30T09:57:17.900Z] Changing password for user "stackrabbit" ...
[2026-06-30T09:57:17.900Z] +[38;5;242mlib/rpc_backend:restart_rpc_backend:99   (B[m '[' 0 -ne 0 ']'
[2026-06-30T09:57:17.900Z] +[38;5;242mlib/rpc_backend:restart_rpc_backend:103  (B[m break
[2026-06-30T09:57:17.900Z] +[38;5;242mlib/rpc_backend:restart_rpc_backend:106  (B[m sudo rabbitmqctl delete_user guest
[2026-06-30T09:57:19.327Z] Deleting user "guest" ...
[2026-06-30T09:57:19.327Z] +[38;5;242m./stack.sh:main:857                      (B[m is_service_enabled mysql postgresql
[2026-06-30T09:57:19.590Z] +[38;5;242mfunctions-common:is_service_enabled:2076 (B[m return 0
[2026-06-30T09:57:19.590Z] +[38;5;242m./stack.sh:main:858                      (B[m install_database
[2026-06-30T09:57:19.590Z] +[38;5;242mlib/database:install_database:118        (B[m install_database_mysql
[2026-06-30T09:57:19.590Z] +[38;5;242mlib/databases/mysql:install_database_mysql:202 (B[m is_ubuntu
[2026-06-30T09:57:19.590Z] +[38;5;242mfunctions-common:is_ubuntu:546           (B[m [[ -z deb ]]
[2026-06-30T09:57:19.590Z] +[38;5;242mfunctions-common:is_ubuntu:549           (B[m '[' deb = deb ']'
[2026-06-30T09:57:19.590Z] +[38;5;242mlib/databases/mysql:install_database_mysql:205 (B[m sudo debconf-set-selections
[2026-06-30T09:57:20.212Z] +[38;5;242mlib/databases/mysql:install_database_mysql:215 (B[m [[ ! -e /opt/stack/.my.cnf ]]
[2026-06-30T09:57:20.212Z] +[38;5;242mlib/databases/mysql:install_database_mysql:216 (B[m cat
[2026-06-30T09:57:20.212Z] +[38;5;242mlib/databases/mysql:install_database_mysql:222 (B[m is_ubuntu
[2026-06-30T09:57:20.212Z] +[38;5;242mfunctions-common:is_ubuntu:546           (B[m [[ -z deb ]]
[2026-06-30T09:57:20.212Z] +[38;5;242mfunctions-common:is_ubuntu:549           (B[m '[' deb = deb ']'
[2026-06-30T09:57:20.212Z] +[38;5;242mlib/databases/mysql:install_database_mysql:222 (B[m '[' mysql '!=' mariadb ']'
[2026-06-30T09:57:20.212Z] +[38;5;242mlib/databases/mysql:install_database_mysql:223 (B[m echo host=127.0.0.1
[2026-06-30T09:57:20.212Z] +[38;5;242mlib/databases/mysql:install_database_mysql:225 (B[m chmod 0600 /opt/stack/.my.cnf
[2026-06-30T09:57:20.478Z] +[38;5;242mlib/databases/mysql:install_database_mysql:228 (B[m [[ True == \T\r\u\e ]]
[2026-06-30T09:57:20.478Z] +[38;5;242mlib/databases/mysql:install_database_mysql:229 (B[m is_fedora
[2026-06-30T09:57:20.478Z] +[38;5;242mfunctions-common:is_fedora:526           (B[m [[ -z Ubuntu ]]
[2026-06-30T09:57:20.478Z] +[38;5;242mfunctions-common:is_fedora:530           (B[m '[' Ubuntu = Fedora ']'
[2026-06-30T09:57:20.478Z] +[38;5;242mfunctions-common:is_fedora:530           (B[m '[' Ubuntu = 'Red Hat' ']'
[2026-06-30T09:57:20.478Z] +[38;5;242mfunctions-common:is_fedora:531           (B[m '[' Ubuntu = openEuler ']'
[2026-06-30T09:57:20.478Z] +[38;5;242mfunctions-common:is_fedora:532           (B[m '[' Ubuntu = RedHatEnterpriseServer ']'
[2026-06-30T09:57:20.478Z] +[38;5;242mfunctions-common:is_fedora:533           (B[m '[' Ubuntu = RedHatEnterprise ']'
[2026-06-30T09:57:20.478Z] +[38;5;242mfunctions-common:is_fedora:534           (B[m '[' Ubuntu = RedHatEnterpriseLinux ']'
[2026-06-30T09:57:20.740Z] +[38;5;242mfunctions-common:is_fedora:535           (B[m '[' Ubuntu = RockyLinux ']'
[2026-06-30T09:57:20.740Z] +[38;5;242mfunctions-common:is_fedora:536           (B[m '[' Ubuntu = CentOS ']'
[2026-06-30T09:57:20.740Z] +[38;5;242mfunctions-common:is_fedora:536           (B[m '[' Ubuntu = CentOSStream ']'
[2026-06-30T09:57:20.740Z] +[38;5;242mfunctions-common:is_fedora:537           (B[m '[' Ubuntu = AlmaLinux ']'
[2026-06-30T09:57:20.740Z] +[38;5;242mfunctions-common:is_fedora:538           (B[m '[' Ubuntu = OracleServer ']'
[2026-06-30T09:57:20.740Z] +[38;5;242mfunctions-common:is_fedora:538           (B[m '[' Ubuntu = Virtuozzo ']'
[2026-06-30T09:57:20.740Z] +[38;5;242mlib/databases/mysql:install_database_mysql:232 (B[m is_ubuntu
[2026-06-30T09:57:20.740Z] +[38;5;242mfunctions-common:is_ubuntu:546           (B[m [[ -z deb ]]
[2026-06-30T09:57:20.740Z] +[38;5;242mfunctions-common:is_ubuntu:549           (B[m '[' deb = deb ']'
[2026-06-30T09:57:21.003Z] +[38;5;242mlib/databases/mysql:install_database_mysql:233 (B[m install_package mysql-server
[2026-06-30T09:57:21.003Z] +[38;5;242mfunctions-common:install_package:1438    (B[m update_package_repo
[2026-06-30T09:57:21.003Z] +[38;5;242mfunctions-common:update_package_repo:1412 (B[m NO_UPDATE_REPOS=False
[2026-06-30T09:57:21.003Z] +[38;5;242mfunctions-common:update_package_repo:1413 (B[m REPOS_UPDATED=True
[2026-06-30T09:57:21.003Z] +[38;5;242mfunctions-common:update_package_repo:1414 (B[m RETRY_UPDATE=False
[2026-06-30T09:57:21.003Z] +[38;5;242mfunctions-common:update_package_repo:1416 (B[m [[ False = \T\r\u\e ]]
[2026-06-30T09:57:21.003Z] +[38;5;242mfunctions-common:update_package_repo:1420 (B[m is_ubuntu
[2026-06-30T09:57:21.003Z] +[38;5;242mfunctions-common:is_ubuntu:546           (B[m [[ -z deb ]]
[2026-06-30T09:57:21.003Z] +[38;5;242mfunctions-common:is_ubuntu:549           (B[m '[' deb = deb ']'
[2026-06-30T09:57:21.003Z] +[38;5;242mfunctions-common:update_package_repo:1421 (B[m apt_get_update
[2026-06-30T09:57:21.269Z] +[38;5;242mfunctions-common:apt_get_update:1166     (B[m [[ True == \T\r\u\e ]]
[2026-06-30T09:57:21.269Z] +[38;5;242mfunctions-common:apt_get_update:1166     (B[m [[ False != \T\r\u\e ]]
[2026-06-30T09:57:21.269Z] +[38;5;242mfunctions-common:apt_get_update:1167     (B[m return
[2026-06-30T09:57:21.269Z] +[38;5;242mfunctions-common:install_package:1439    (B[m real_install_package mysql-server
[2026-06-30T09:57:21.269Z] +[38;5;242mfunctions-common:real_install_package:1426 (B[m is_ubuntu
[2026-06-30T09:57:21.269Z] +[38;5;242mfunctions-common:is_ubuntu:546           (B[m [[ -z deb ]]
[2026-06-30T09:57:21.269Z] +[38;5;242mfunctions-common:is_ubuntu:549           (B[m '[' deb = deb ']'
[2026-06-30T09:57:21.269Z] +[38;5;242mfunctions-common:real_install_package:1427 (B[m apt_get install mysql-server
[2026-06-30T09:57:21.533Z] +[38;5;242mfunctions-common:apt_get:1207            (B[m sudo DEBIAN_FRONTEND=noninteractive http_proxy=http://proxy-in.its.hpecorp.net:80 https_proxy=http://proxy-in.its.hpecorp.net:443 no_proxy=10.201.5.87,10.201.4.29,10.201.3.85,10.201.3.86,localhost,127.0.0.1,10.201.4.31,10.201.4.32,10.201.4.33,10.201.4.34,10.201.1.221,172.28.65.17,172.28.65.18,172.28.65.207,172.28.65.208 apt-get --option Dpkg::Options::=--force-confold --assume-yes install mysql-server
[2026-06-30T09:57:21.533Z] Reading package lists...
[2026-06-30T09:57:22.112Z] Building dependency tree...
[2026-06-30T09:57:22.112Z] Reading state information...
[2026-06-30T09:57:22.690Z] The following additional packages will be installed:
[2026-06-30T09:57:22.690Z]   mysql-client-8.0 mysql-client-core-8.0 mysql-server-8.0
[2026-06-30T09:57:22.690Z]   mysql-server-core-8.0
[2026-06-30T09:57:22.690Z] Suggested packages:
[2026-06-30T09:57:22.690Z]   mailx tinyca
[2026-06-30T09:57:22.690Z] The following NEW packages will be installed:
[2026-06-30T09:57:22.690Z]   mysql-client-8.0 mysql-client-core-8.0 mysql-server mysql-server-8.0
[2026-06-30T09:57:22.690Z]   mysql-server-core-8.0
[2026-06-30T09:57:23.267Z] Preconfiguring packages ...
[2026-06-30T09:57:23.531Z] 0 upgraded, 5 newly installed, 0 to remove and 67 not upgraded.
[2026-06-30T09:57:23.531Z] Need to get 0 B/21.8 MB of archives.
[2026-06-30T09:57:23.531Z] After this operation, 185 MB of additional disk space will be used.
[2026-06-30T09:57:23.794Z] Selecting previously unselected package mysql-client-core-8.0.
[2026-06-30T09:57:23.794Z] (Reading database ... [2026-06-30T09:57:23.794Z] (Reading database ... 5%[2026-06-30T09:57:23.794Z] (Reading database ... 10%[2026-06-30T09:57:23.794Z] (Reading database ... 15%[2026-06-30T09:57:23.794Z] (Reading database ... 20%[2026-06-30T09:57:23.794Z] (Reading database ... 25%[2026-06-30T09:57:23.794Z] (Reading database ... 30%[2026-06-30T09:57:23.794Z] (Reading database ... 35%[2026-06-30T09:57:23.794Z] (Reading database ... 40%[2026-06-30T09:57:23.794Z] (Reading database ... 45%[2026-06-30T09:57:23.794Z] (Reading database ... 50%[2026-06-30T09:57:23.794Z] (Reading database ... 55%[2026-06-30T09:57:23.794Z] (Reading database ... 60%[2026-06-30T09:57:23.794Z] (Reading database ... 65%[2026-06-30T09:57:23.794Z] (Reading database ... 70%[2026-06-30T09:57:23.794Z] (Reading database ... 75%[2026-06-30T09:57:23.794Z] (Reading database ... 80%[2026-06-30T09:57:23.794Z] (Reading database ... 85%[2026-06-30T09:57:23.794Z] (Reading database ... 90%[2026-06-30T09:57:23.794Z] (Reading database ... 95%[2026-06-30T09:57:23.794Z] (Reading database ... 100%[2026-06-30T09:57:23.794Z] (Reading database ... 167756 files and directories currently installed.)
[2026-06-30T09:57:23.794Z] Preparing to unpack .../mysql-client-core-8.0_8.0.46-0ubuntu0.24.04.3_amd64.deb ...
[2026-06-30T09:57:24.056Z] Unpacking mysql-client-core-8.0 (8.0.46-0ubuntu0.24.04.3) ...
[2026-06-30T09:57:24.636Z] Selecting previously unselected package mysql-client-8.0.
[2026-06-30T09:57:24.636Z] Preparing to unpack .../mysql-client-8.0_8.0.46-0ubuntu0.24.04.3_amd64.deb ...
[2026-06-30T09:57:24.636Z] Unpacking mysql-client-8.0 (8.0.46-0ubuntu0.24.04.3) ...
[2026-06-30T09:57:24.900Z] Selecting previously unselected package mysql-server-core-8.0.
[2026-06-30T09:57:24.900Z] Preparing to unpack .../mysql-server-core-8.0_8.0.46-0ubuntu0.24.04.3_amd64.deb ...
[2026-06-30T09:57:24.900Z] Unpacking mysql-server-core-8.0 (8.0.46-0ubuntu0.24.04.3) ...
[2026-06-30T09:57:26.828Z] Selecting previously unselected package mysql-server-8.0.
[2026-06-30T09:57:26.828Z] Preparing to unpack .../mysql-server-8.0_8.0.46-0ubuntu0.24.04.3_amd64.deb ...
[2026-06-30T09:57:27.405Z] Unpacking mysql-server-8.0 (8.0.46-0ubuntu0.24.04.3) ...
[2026-06-30T09:57:27.405Z] Selecting previously unselected package mysql-server.
[2026-06-30T09:57:27.405Z] Preparing to unpack .../mysql-server_8.0.46-0ubuntu0.24.04.3_all.deb ...
[2026-06-30T09:57:27.405Z] Unpacking mysql-server (8.0.46-0ubuntu0.24.04.3) ...
[2026-06-30T09:57:27.668Z] Setting up mysql-client-core-8.0 (8.0.46-0ubuntu0.24.04.3) ...
[2026-06-30T09:57:27.668Z] Setting up mysql-server-core-8.0 (8.0.46-0ubuntu0.24.04.3) ...
[2026-06-30T09:57:27.668Z] Setting up mysql-client-8.0 (8.0.46-0ubuntu0.24.04.3) ...
[2026-06-30T09:57:27.669Z] Setting up mysql-server-8.0 (8.0.46-0ubuntu0.24.04.3) ...
[2026-06-30T09:57:28.247Z] update-alternatives: using /etc/mysql/mysql.cnf to provide /etc/mysql/my.cnf (my.cnf) in auto mode
[2026-06-30T09:57:28.510Z] Renaming removed key_buffer and myisam-recover options (if present)
[2026-06-30T09:57:40.800Z] mysqld will log errors to /var/log/mysql/error.log
[2026-06-30T09:57:40.800Z] mysqld is running as pid 1896393
[2026-06-30T09:57:43.356Z] Created symlink /etc/systemd/system/multi-user.target.wants/mysql.service → /usr/lib/systemd/system/mysql.service.[2026-06-30T09:57:43.356Z] 
[2026-06-30T09:57:46.671Z] Setting up mysql-server (8.0.46-0ubuntu0.24.04.3) ...
[2026-06-30T09:57:46.671Z] Processing triggers for man-db (2.12.0-4build2) ...
[2026-06-30T09:57:50.931Z] Disabling Ubuntu mode, explicit restart mode configured
[2026-06-30T09:57:50.931Z] Running kernel seems to be up-to-date.
[2026-06-30T09:57:50.931Z] 
[2026-06-30T09:57:50.931Z] No services need to be restarted.
[2026-06-30T09:57:50.931Z] 
[2026-06-30T09:57:50.931Z] No containers need to be restarted.
[2026-06-30T09:57:50.931Z] 
[2026-06-30T09:57:50.932Z] User sessions running outdated binaries:
[2026-06-30T09:57:50.932Z]  root @ session #2: sshd[3420]
[2026-06-30T09:57:50.932Z] 
[2026-06-30T09:57:50.932Z] No VM guests are running outdated hypervisor (qemu) binaries on this host.
[2026-06-30T09:57:52.953Z] +[38;5;242mfunctions-common:apt_get:1211            (B[m result=0
[2026-06-30T09:57:52.953Z] +[38;5;242mfunctions-common:apt_get:1214            (B[m time_stop apt-get
[2026-06-30T09:57:52.953Z] +[38;5;242mfunctions-common:time_stop:2420          (B[m local name
[2026-06-30T09:57:52.953Z] +[38;5;242mfunctions-common:time_stop:2421          (B[m local end_time
[2026-06-30T09:57:52.953Z] +[38;5;242mfunctions-common:time_stop:2422          (B[m local elapsed_time
[2026-06-30T09:57:52.953Z] +[38;5;242mfunctions-common:time_stop:2423          (B[m local total
[2026-06-30T09:57:52.953Z] +[38;5;242mfunctions-common:time_stop:2424          (B[m local start_time
[2026-06-30T09:57:52.953Z] +[38;5;242mfunctions-common:time_stop:2426          (B[m name=apt-get
[2026-06-30T09:57:53.219Z] +[38;5;242mfunctions-common:time_stop:2427          (B[m start_time=1782813449754
[2026-06-30T09:57:53.219Z] +[38;5;242mfunctions-common:time_stop:2429          (B[m [[ -z 1782813449754 ]]
[2026-06-30T09:57:53.219Z] ++[38;5;242mfunctions-common:time_stop:2432          (B[m date +%s%3N
[2026-06-30T09:57:53.219Z] +[38;5;242mfunctions-common:time_stop:2432          (B[m end_time=1782813481419
[2026-06-30T09:57:53.219Z] +[38;5;242mfunctions-common:time_stop:2433          (B[m elapsed_time=31665
[2026-06-30T09:57:53.219Z] +[38;5;242mfunctions-common:time_stop:2434          (B[m total=58664
[2026-06-30T09:57:53.219Z] +[38;5;242mfunctions-common:time_stop:2436          (B[m _TIME_START[$name]=
[2026-06-30T09:57:53.219Z] +[38;5;242mfunctions-common:time_stop:2437          (B[m _TIME_TOTAL[$name]=90329
[2026-06-30T09:57:53.219Z] +[38;5;242mfunctions-common:apt_get:1215            (B[m return 0
[2026-06-30T09:57:53.497Z] +[38;5;242m./stack.sh:main:860                      (B[m '[' -n mysql ']'
[2026-06-30T09:57:53.497Z] +[38;5;242m./stack.sh:main:861                      (B[m install_database_python
[2026-06-30T09:57:53.497Z] +[38;5;242mlib/database:install_database_python:123 (B[m install_database_python_mysql
[2026-06-30T09:57:53.497Z] +[38;5;242mlib/databases/mysql:install_database_python_mysql:242 (B[m pip_install_gr PyMySQL
[2026-06-30T09:57:53.497Z] +[38;5;242minc/python:pip_install_gr:94             (B[m local name=PyMySQL
[2026-06-30T09:57:53.497Z] +[38;5;242minc/python:pip_install_gr:95             (B[m local clean_name
[2026-06-30T09:57:53.497Z] ++[38;5;242minc/python:pip_install_gr:96             (B[m get_from_global_requirements PyMySQL
[2026-06-30T09:57:53.497Z] ++[38;5;242minc/python:get_from_global_requirements:241 (B[m local package=PyMySQL
[2026-06-30T09:57:53.497Z] ++[38;5;242minc/python:get_from_global_requirements:242 (B[m local required_pkg
[2026-06-30T09:57:53.497Z] +++[38;5;242minc/python:get_from_global_requirements:243 (B[m cut -d# -f1
[2026-06-30T09:57:53.497Z] +++[38;5;242minc/python:get_from_global_requirements:243 (B[m grep -i -h '^PyMySQL' /opt/stack/requirements/global-requirements.txt
[2026-06-30T09:57:53.779Z] ++[38;5;242minc/python:get_from_global_requirements:243 (B[m required_pkg='PyMySQL  '
[2026-06-30T09:57:53.779Z] ++[38;5;242minc/python:get_from_global_requirements:244 (B[m [[ PyMySQL   == '' ]]
[2026-06-30T09:57:53.779Z] ++[38;5;242minc/python:get_from_global_requirements:247 (B[m echo PyMySQL
[2026-06-30T09:57:53.779Z] +[38;5;242minc/python:pip_install_gr:96             (B[m clean_name=PyMySQL
[2026-06-30T09:57:53.779Z] +[38;5;242minc/python:pip_install_gr:97             (B[m pip_install PyMySQL
[2026-06-30T09:57:54.072Z] Using python 3.12 to install PyMySQL
[2026-06-30T09:57:54.073Z] +[38;5;242minc/python:pip_install:210               (B[m env http_proxy=http://proxy-in.its.hpecorp.net:80 https_proxy=http://proxy-in.its.hpecorp.net:443 no_proxy=10.201.5.87,10.201.4.29,10.201.3.85,10.201.3.86,localhost,127.0.0.1,10.201.4.31,10.201.4.32,10.201.4.33,10.201.4.34,10.201.1.221,172.28.65.17,172.28.65.18,172.28.65.207,172.28.65.208 PIP_FIND_LINKS= /opt/stack/data/venv/bin/pip install -c /opt/stack/requirements/upper-constraints.txt PyMySQL
[2026-06-30T09:57:55.531Z] Collecting PyMySQL
[2026-06-30T09:57:55.799Z]   Downloading pymysql-1.2.0-py3-none-any.whl.metadata (4.3 kB)
[2026-06-30T09:57:56.393Z] Downloading pymysql-1.2.0-py3-none-any.whl (45 kB)
[2026-06-30T09:57:56.670Z] Installing collected packages: PyMySQL
[2026-06-30T09:57:56.670Z] Successfully installed PyMySQL-1.2.0
[2026-06-30T09:57:56.935Z] +[38;5;242minc/python:pip_install:216               (B[m result=0
[2026-06-30T09:57:56.935Z] +[38;5;242minc/python:pip_install:218               (B[m time_stop pip_install
[2026-06-30T09:57:56.935Z] +[38;5;242mfunctions-common:time_stop:2420          (B[m local name
[2026-06-30T09:57:56.935Z] +[38;5;242mfunctions-common:time_stop:2421          (B[m local end_time
[2026-06-30T09:57:56.935Z] +[38;5;242mfunctions-common:time_stop:2422          (B[m local elapsed_time
[2026-06-30T09:57:56.935Z] +[38;5;242mfunctions-common:time_stop:2423          (B[m local total
[2026-06-30T09:57:56.935Z] +[38;5;242mfunctions-common:time_stop:2424          (B[m local start_time
[2026-06-30T09:57:56.935Z] +[38;5;242mfunctions-common:time_stop:2426          (B[m name=pip_install
[2026-06-30T09:57:57.218Z] +[38;5;242mfunctions-common:time_stop:2427          (B[m start_time=1782813482173
[2026-06-30T09:57:57.218Z] +[38;5;242mfunctions-common:time_stop:2429          (B[m [[ -z 1782813482173 ]]
[2026-06-30T09:57:57.218Z] ++[38;5;242mfunctions-common:time_stop:2432          (B[m date +%s%3N
[2026-06-30T09:57:57.218Z] +[38;5;242mfunctions-common:time_stop:2432          (B[m end_time=1782813485415
[2026-06-30T09:57:57.218Z] +[38;5;242mfunctions-common:time_stop:2433          (B[m elapsed_time=3242
[2026-06-30T09:57:57.218Z] +[38;5;242mfunctions-common:time_stop:2434          (B[m total=41959
[2026-06-30T09:57:57.218Z] +[38;5;242mfunctions-common:time_stop:2436          (B[m _TIME_START[$name]=
[2026-06-30T09:57:57.218Z] +[38;5;242mfunctions-common:time_stop:2437          (B[m _TIME_TOTAL[$name]=45201
[2026-06-30T09:57:57.218Z] +[38;5;242minc/python:pip_install:219               (B[m return 0
[2026-06-30T09:57:57.485Z] +[38;5;242mlib/databases/mysql:install_database_python_mysql:243 (B[m [[ PyMySQL == \M\y\S\Q\L\-\p\y\t\h\o\n ]]
[2026-06-30T09:57:57.485Z] +[38;5;242mlib/databases/mysql:install_database_python_mysql:245 (B[m [[ PyMySQL == \P\y\M\y\S\Q\L ]]
[2026-06-30T09:57:57.485Z] +[38;5;242mlib/databases/mysql:install_database_python_mysql:246 (B[m ADDITIONAL_VENV_PACKAGES+=,PyMySQL
[2026-06-30T09:57:57.485Z] +[38;5;242m./stack.sh:main:864                      (B[m is_service_enabled neutron
[2026-06-30T09:57:57.485Z] +[38;5;242mfunctions-common:is_service_enabled:2076 (B[m return 0
[2026-06-30T09:57:57.751Z] +[38;5;242m./stack.sh:main:865                      (B[m install_neutron_agent_packages
[2026-06-30T09:57:57.751Z] +[38;5;242mlib/neutron:install_neutron_agent_packages:544 (B[m is_service_enabled q-l3 neutron-l3
[2026-06-30T09:57:57.751Z] +[38;5;242mfunctions-common:is_service_enabled:2076 (B[m return 1
[2026-06-30T09:57:57.751Z] +[38;5;242mlib/neutron:install_neutron_agent_packages:548 (B[m is_service_enabled q-agt neutron-agent q-dhcp neutron-dhcp q-l3 neutron-l3
[2026-06-30T09:57:58.017Z] +[38;5;242mfunctions-common:is_service_enabled:2076 (B[m return 1
[2026-06-30T09:57:58.017Z] +[38;5;242m./stack.sh:main:868                      (B[m is_service_enabled etcd3
[2026-06-30T09:57:58.281Z] +[38;5;242mfunctions-common:is_service_enabled:2076 (B[m return 0
[2026-06-30T09:57:58.281Z] +[38;5;242m./stack.sh:main:869                      (B[m install_etcd3
[2026-06-30T09:57:58.281Z] +[38;5;242mlib/etcd3:install_etcd3:103              (B[m echo 'Installing etcd'
[2026-06-30T09:57:58.281Z] Installing etcd
[2026-06-30T09:57:58.281Z] +[38;5;242mlib/etcd3:install_etcd3:106              (B[m sudo mkdir -p /opt/stack/bin
[2026-06-30T09:57:58.281Z] +[38;5;242mlib/etcd3:install_etcd3:107              (B[m sudo mkdir -p /opt/stack/data/etcd
[2026-06-30T09:57:58.281Z] +[38;5;242mlib/etcd3:install_etcd3:108              (B[m [[ True == \T\r\u\e ]]
[2026-06-30T09:57:58.548Z] +[38;5;242mlib/etcd3:install_etcd3:109              (B[m sudo mount -t tmpfs -o nodev,nosuid,size=512M tmpfs /opt/stack/data/etcd
[2026-06-30T09:57:58.548Z] +[38;5;242mlib/etcd3:install_etcd3:113              (B[m local etcd_file
[2026-06-30T09:57:58.548Z] ++[38;5;242mlib/etcd3:install_etcd3:114              (B[m get_extra_file https://github.com/coreos/etcd/releases/download//v3.5.21/etcd-v3.5.21-linux-amd64.tar.gz
[2026-06-30T09:57:58.548Z] ++[38;5;242mfunctions:get_extra_file:66              (B[m local file_url=https://github.com/coreos/etcd/releases/download//v3.5.21/etcd-v3.5.21-linux-amd64.tar.gz
[2026-06-30T09:57:58.548Z] ++[38;5;242mfunctions:get_extra_file:67              (B[m local 'retry_args=--retry-on-host-error --retry-on-http-error=500,503 '
[2026-06-30T09:57:58.548Z] ++[38;5;242mfunctions:get_extra_file:68              (B[m retry_args+='-t 2 --waitretry=10 '
[2026-06-30T09:57:58.548Z] ++[38;5;242mfunctions:get_extra_file:69              (B[m retry_args+='--tries=3 --retry-connrefused'
[2026-06-30T09:57:58.548Z] ++[38;5;242mfunctions:get_extra_file:71              (B[m local file_name=etcd-v3.5.21-linux-amd64.tar.gz
[2026-06-30T09:57:58.815Z] ++[38;5;242mfunctions:get_extra_file:72              (B[m [[ https://github.com/coreos/etcd/releases/download//v3.5.21/etcd-v3.5.21-linux-amd64.tar.gz != file* ]]
[2026-06-30T09:57:58.815Z] ++[38;5;242mfunctions:get_extra_file:74              (B[m [[ ! -f /opt/stack/devstack/files/etcd-v3.5.21-linux-amd64.tar.gz ]]
[2026-06-30T09:57:58.815Z] ++[38;5;242mfunctions:get_extra_file:75              (B[m wget --progress=dot:giga --retry-on-host-error --retry-on-http-error=500,503 -t 2 --waitretry=10 --tries=3 --retry-connrefused -c https://github.com/coreos/etcd/releases/download//v3.5.21/etcd-v3.5.21-linux-amd64.tar.gz -O /opt/stack/devstack/files/etcd-v3.5.21-linux-amd64.tar.gz
[2026-06-30T09:57:58.815Z] --2026-06-30 09:58:07--  https://github.com/coreos/etcd/releases/download//v3.5.21/etcd-v3.5.21-linux-amd64.tar.gz
[2026-06-30T09:57:58.815Z] Resolving proxy-in.its.hpecorp.net (proxy-in.its.hpecorp.net)... 10.120.125.146
[2026-06-30T09:57:58.815Z] Connecting to proxy-in.its.hpecorp.net (proxy-in.its.hpecorp.net)|10.120.125.146|:443... connected.
[2026-06-30T09:57:59.389Z] Proxy request sent, awaiting response... 301 Moved Permanently
[2026-06-30T09:57:59.389Z] Location: https://github.com/etcd-io/etcd/releases/download/v3.5.21/etcd-v3.5.21-linux-amd64.tar.gz [following]
[2026-06-30T09:57:59.389Z] --2026-06-30 09:58:07--  https://github.com/etcd-io/etcd/releases/download/v3.5.21/etcd-v3.5.21-linux-amd64.tar.gz
[2026-06-30T09:57:59.389Z] Reusing existing connection to github.com:443.
[2026-06-30T09:57:59.653Z] Proxy request sent, awaiting response... 302 Found
[2026-06-30T09:57:59.653Z] Location: https://release-assets.githubusercontent.com/github-production-release-asset/11225014/a921b041-0d04-41f7-96b3-8dfd08eb5f41?sp=r&sv=2018-11-09&sr=b&spr=https&se=2026-06-30T10%3A50%3A15Z&rscd=attachment%3B+filename%3Detcd-v3.5.21-linux-amd64.tar.gz&rsct=application%2Foctet-stream&skoid=96c2d410-5711-43a1-aedd-ab1947aa7ab0&sktid=398a6654-997b-47e9-b12b-9515b896b4de&skt=2026-06-30T09%3A49%3A28Z&ske=2026-06-30T10%3A50%3A15Z&sks=b&skv=2018-11-09&sig=%2B9KhMXISWlcYzYSrD6OwCjhdYqcl1SNtu%2FBhvNsSQhQ%3D&jwt=eyJ0eXAiOiJKV1QiLCJhbGciOiJIUzI1NiJ9.eyJpc3MiOiJnaXRodWIuY29tIiwiYXVkIjoicmVsZWFzZS1hc3NldHMuZ2l0aHVidXNlcmNvbnRlbnQuY29tIiwia2V5Ijoia2V5MSIsImV4cCI6MTc4MjgxNTI4NiwibmJmIjoxNzgyODEzNDg2LCJwYXRoIjoicmVsZWFzZWFzc2V0cHJvZHVjdGlvbi5ibG9iLmNvcmUud2luZG93cy5uZXQifQ.uSLlLnckmp-yZbnObGNjzvtoXkY6sGpEgfXS20rLg88&response-content-disposition=attachment%3B%20filename%3Detcd-v3.5.21-linux-amd64.tar.gz&response-content-type=application%2Foctet-stream [following]
[2026-06-30T09:57:59.653Z] --2026-06-30 09:58:07--  https://release-assets.githubusercontent.com/github-production-release-asset/11225014/a921b041-0d04-41f7-96b3-8dfd08eb5f41?sp=r&sv=2018-11-09&sr=b&spr=https&se=2026-06-30T10%3A50%3A15Z&rscd=attachment%3B+filename%3Detcd-v3.5.21-linux-amd64.tar.gz&rsct=application%2Foctet-stream&skoid=96c2d410-5711-43a1-aedd-ab1947aa7ab0&sktid=398a6654-997b-47e9-b12b-9515b896b4de&skt=2026-06-30T09%3A49%3A28Z&ske=2026-06-30T10%3A50%3A15Z&sks=b&skv=2018-11-09&sig=%2B9KhMXISWlcYzYSrD6OwCjhdYqcl1SNtu%2FBhvNsSQhQ%3D&jwt=eyJ0eXAiOiJKV1QiLCJhbGciOiJIUzI1NiJ9.eyJpc3MiOiJnaXRodWIuY29tIiwiYXVkIjoicmVsZWFzZS1hc3NldHMuZ2l0aHVidXNlcmNvbnRlbnQuY29tIiwia2V5Ijoia2V5MSIsImV4cCI6MTc4MjgxNTI4NiwibmJmIjoxNzgyODEzNDg2LCJwYXRoIjoicmVsZWFzZWFzc2V0cHJvZHVjdGlvbi5ibG9iLmNvcmUud2luZG93cy5uZXQifQ.uSLlLnckmp-yZbnObGNjzvtoXkY6sGpEgfXS20rLg88&response-content-disposition=attachment%3B%20filename%3Detcd-v3.5.21-linux-amd64.tar.gz&response-content-type=application%2Foctet-stream
[2026-06-30T09:57:59.653Z] Connecting to proxy-in.its.hpecorp.net (proxy-in.its.hpecorp.net)|10.120.125.146|:443... connected.
[2026-06-30T09:57:59.921Z] Proxy request sent, awaiting response... 200 OK
[2026-06-30T09:57:59.921Z] Length: 20927601 (20M) [application/octet-stream]
[2026-06-30T09:57:59.921Z] Saving to: ‘/opt/stack/devstack/files/etcd-v3.5.21-linux-amd64.tar.gz’
[2026-06-30T09:58:00.230Z] 
[2026-06-30T09:58:02.213Z]      0K ........ ........ ...              100% 8.95M=2.2s
[2026-06-30T09:58:02.213Z] 
[2026-06-30T09:58:02.213Z] 2026-06-30 09:58:10 (8.95 MB/s) - ‘/opt/stack/devstack/files/etcd-v3.5.21-linux-amd64.tar.gz’ saved [20927601/20927601]
[2026-06-30T09:58:02.213Z] 
[2026-06-30T09:58:02.213Z] ++[38;5;242mfunctions:get_extra_file:76              (B[m [[ 0 -ne 0 ]]
[2026-06-30T09:58:02.213Z] ++[38;5;242mfunctions:get_extra_file:80              (B[m echo /opt/stack/devstack/files/etcd-v3.5.21-linux-amd64.tar.gz
[2026-06-30T09:58:02.213Z] ++[38;5;242mfunctions:get_extra_file:81              (B[m return
[2026-06-30T09:58:02.213Z] +[38;5;242mlib/etcd3:install_etcd3:114              (B[m etcd_file=/opt/stack/devstack/files/etcd-v3.5.21-linux-amd64.tar.gz
[2026-06-30T09:58:02.213Z] +[38;5;242mlib/etcd3:install_etcd3:115              (B[m '[' '!' -f /opt/stack/devstack/files/etcd-v3.5.21-linux-amd64/etcd ']'
[2026-06-30T09:58:02.213Z] +[38;5;242mlib/etcd3:install_etcd3:116              (B[m echo 'adddda4b06718e68671ffabff2f8cee48488ba61ad82900e639d108f2148501c /opt/stack/devstack/files/etcd-v3.5.21-linux-amd64.tar.gz'
[2026-06-30T09:58:02.213Z] +[38;5;242mlib/etcd3:install_etcd3:118              (B[m sha256sum -c /opt/stack/devstack/files/etcd.sha256sum
[2026-06-30T09:58:02.480Z] /opt/stack/devstack/files/etcd-v3.5.21-linux-amd64.tar.gz: OK
[2026-06-30T09:58:02.480Z] +[38;5;242mlib/etcd3:install_etcd3:120              (B[m tar xzvf /opt/stack/devstack/files/etcd-v3.5.21-linux-amd64.tar.gz -C /opt/stack/devstack/files
[2026-06-30T09:58:02.480Z] etcd-v3.5.21-linux-amd64/
[2026-06-30T09:58:02.480Z] etcd-v3.5.21-linux-amd64/Documentation/
[2026-06-30T09:58:02.480Z] etcd-v3.5.21-linux-amd64/Documentation/dev-guide/
[2026-06-30T09:58:02.480Z] etcd-v3.5.21-linux-amd64/Documentation/dev-guide/apispec/
[2026-06-30T09:58:02.480Z] etcd-v3.5.21-linux-amd64/Documentation/dev-guide/apispec/swagger/
[2026-06-30T09:58:02.480Z] etcd-v3.5.21-linux-amd64/Documentation/dev-guide/apispec/swagger/v3lock.swagger.json
[2026-06-30T09:58:02.480Z] etcd-v3.5.21-linux-amd64/Documentation/dev-guide/apispec/swagger/v3election.swagger.json
[2026-06-30T09:58:02.480Z] etcd-v3.5.21-linux-amd64/Documentation/dev-guide/apispec/swagger/rpc.swagger.json
[2026-06-30T09:58:02.480Z] etcd-v3.5.21-linux-amd64/Documentation/README.md
[2026-06-30T09:58:02.480Z] etcd-v3.5.21-linux-amd64/README-etcdutl.md
[2026-06-30T09:58:02.480Z] etcd-v3.5.21-linux-amd64/READMEv2-etcdctl.md
[2026-06-30T09:58:02.748Z] etcd-v3.5.21-linux-amd64/README-etcdctl.md
[2026-06-30T09:58:02.748Z] etcd-v3.5.21-linux-amd64/README.md
[2026-06-30T09:58:02.748Z] etcd-v3.5.21-linux-amd64/etcdutl
[2026-06-30T09:58:03.010Z] etcd-v3.5.21-linux-amd64/etcdctl
[2026-06-30T09:58:03.010Z] etcd-v3.5.21-linux-amd64/etcd
[2026-06-30T09:58:03.273Z] +[38;5;242mlib/etcd3:install_etcd3:121              (B[m sudo cp /opt/stack/devstack/files/etcd-v3.5.21-linux-amd64/etcd /opt/stack/bin/etcd
[2026-06-30T09:58:03.536Z] +[38;5;242mlib/etcd3:install_etcd3:122              (B[m sudo cp /opt/stack/devstack/files/etcd-v3.5.21-linux-amd64/etcdctl /opt/stack/bin/etcdctl
[2026-06-30T09:58:03.536Z] +[38;5;242mlib/etcd3:install_etcd3:124              (B[m '[' '!' -f /opt/stack/bin/etcd ']'
[2026-06-30T09:58:03.798Z] +[38;5;242m./stack.sh:main:878                      (B[m is_service_enabled tls-proxy
[2026-06-30T09:58:03.799Z] +[38;5;242mfunctions-common:is_service_enabled:2076 (B[m return 1
[2026-06-30T09:58:03.799Z] +[38;5;242m./stack.sh:main:888                      (B[m install_dstat
[2026-06-30T09:58:03.799Z] +[38;5;242mlib/dstat:install_dstat:22               (B[m is_service_enabled memory_tracker
[2026-06-30T09:58:04.062Z] +[38;5;242mfunctions-common:is_service_enabled:2076 (B[m return 1
[2026-06-30T09:58:04.062Z] +[38;5;242m./stack.sh:main:894                      (B[m echo_summary 'Installing OpenStack project source'
[2026-06-30T09:58:04.062Z] +[38;5;242m./stack.sh:echo_summary:441              (B[m [[ -t 3 ]]
[2026-06-30T09:58:04.062Z] +[38;5;242m./stack.sh:echo_summary:447              (B[m echo -e Installing OpenStack project source
[2026-06-30T09:58:04.062Z] +[38;5;242m./stack.sh:main:897                      (B[m install_libs
[2026-06-30T09:58:04.327Z] +[38;5;242mlib/libraries:install_libs:91            (B[m _install_lib_from_source automaton
[2026-06-30T09:58:04.327Z] +[38;5;242mlib/libraries:_install_lib_from_source:75 (B[m local name=automaton
[2026-06-30T09:58:04.327Z] +[38;5;242mlib/libraries:_install_lib_from_source:76 (B[m use_library_from_git automaton
[2026-06-30T09:58:04.327Z] +[38;5;242minc/python:use_library_from_git:266      (B[m local name=automaton
[2026-06-30T09:58:04.327Z] +[38;5;242minc/python:use_library_from_git:267      (B[m local enabled=1
[2026-06-30T09:58:04.327Z] +[38;5;242minc/python:use_library_from_git:268      (B[m [[ '' = \A\L\L ]]
[2026-06-30T09:58:04.327Z] +[38;5;242minc/python:use_library_from_git:268      (B[m [[ ,, =~ ,automaton, ]]
[2026-06-30T09:58:04.327Z] +[38;5;242minc/python:use_library_from_git:269      (B[m return 1
[2026-06-30T09:58:04.327Z] +[38;5;242mlib/libraries:install_libs:92            (B[m _install_lib_from_source castellan
[2026-06-30T09:58:04.327Z] +[38;5;242mlib/libraries:_install_lib_from_source:75 (B[m local name=castellan
[2026-06-30T09:58:04.590Z] +[38;5;242mlib/libraries:_install_lib_from_source:76 (B[m use_library_from_git castellan
[2026-06-30T09:58:04.590Z] +[38;5;242minc/python:use_library_from_git:266      (B[m local name=castellan
[2026-06-30T09:58:04.590Z] +[38;5;242minc/python:use_library_from_git:267      (B[m local enabled=1
[2026-06-30T09:58:04.590Z] +[38;5;242minc/python:use_library_from_git:268      (B[m [[ '' = \A\L\L ]]
[2026-06-30T09:58:04.590Z] +[38;5;242minc/python:use_library_from_git:268      (B[m [[ ,, =~ ,castellan, ]]
[2026-06-30T09:58:04.590Z] +[38;5;242minc/python:use_library_from_git:269      (B[m return 1
[2026-06-30T09:58:04.590Z] +[38;5;242mlib/libraries:install_libs:93            (B[m _install_lib_from_source cliff
[2026-06-30T09:58:04.590Z] +[38;5;242mlib/libraries:_install_lib_from_source:75 (B[m local name=cliff
[2026-06-30T09:58:04.590Z] +[38;5;242mlib/libraries:_install_lib_from_source:76 (B[m use_library_from_git cliff
[2026-06-30T09:58:04.854Z] +[38;5;242minc/python:use_library_from_git:266      (B[m local name=cliff
[2026-06-30T09:58:04.854Z] +[38;5;242minc/python:use_library_from_git:267      (B[m local enabled=1
[2026-06-30T09:58:04.854Z] +[38;5;242minc/python:use_library_from_git:268      (B[m [[ '' = \A\L\L ]]
[2026-06-30T09:58:04.854Z] +[38;5;242minc/python:use_library_from_git:268      (B[m [[ ,, =~ ,cliff, ]]
[2026-06-30T09:58:04.854Z] +[38;5;242minc/python:use_library_from_git:269      (B[m return 1
[2026-06-30T09:58:04.854Z] +[38;5;242mlib/libraries:install_libs:94            (B[m _install_lib_from_source cursive
[2026-06-30T09:58:04.854Z] +[38;5;242mlib/libraries:_install_lib_from_source:75 (B[m local name=cursive
[2026-06-30T09:58:04.854Z] +[38;5;242mlib/libraries:_install_lib_from_source:76 (B[m use_library_from_git cursive
[2026-06-30T09:58:04.854Z] +[38;5;242minc/python:use_library_from_git:266      (B[m local name=cursive
[2026-06-30T09:58:04.854Z] +[38;5;242minc/python:use_library_from_git:267      (B[m local enabled=1
[2026-06-30T09:58:05.115Z] +[38;5;242minc/python:use_library_from_git:268      (B[m [[ '' = \A\L\L ]]
[2026-06-30T09:58:05.115Z] +[38;5;242minc/python:use_library_from_git:268      (B[m [[ ,, =~ ,cursive, ]]
[2026-06-30T09:58:05.115Z] +[38;5;242minc/python:use_library_from_git:269      (B[m return 1
[2026-06-30T09:58:05.115Z] +[38;5;242mlib/libraries:install_libs:95            (B[m _install_lib_from_source debtcollector
[2026-06-30T09:58:05.115Z] +[38;5;242mlib/libraries:_install_lib_from_source:75 (B[m local name=debtcollector
[2026-06-30T09:58:05.115Z] +[38;5;242mlib/libraries:_install_lib_from_source:76 (B[m use_library_from_git debtcollector
[2026-06-30T09:58:05.115Z] +[38;5;242minc/python:use_library_from_git:266      (B[m local name=debtcollector
[2026-06-30T09:58:05.116Z] +[38;5;242minc/python:use_library_from_git:267      (B[m local enabled=1
[2026-06-30T09:58:05.116Z] +[38;5;242minc/python:use_library_from_git:268      (B[m [[ '' = \A\L\L ]]
[2026-06-30T09:58:05.380Z] +[38;5;242minc/python:use_library_from_git:268      (B[m [[ ,, =~ ,debtcollector, ]]
[2026-06-30T09:58:05.380Z] +[38;5;242minc/python:use_library_from_git:269      (B[m return 1
[2026-06-30T09:58:05.380Z] +[38;5;242mlib/libraries:install_libs:96            (B[m _install_lib_from_source futurist
[2026-06-30T09:58:05.380Z] +[38;5;242mlib/libraries:_install_lib_from_source:75 (B[m local name=futurist
[2026-06-30T09:58:05.380Z] +[38;5;242mlib/libraries:_install_lib_from_source:76 (B[m use_library_from_git futurist
[2026-06-30T09:58:05.380Z] +[38;5;242minc/python:use_library_from_git:266      (B[m local name=futurist
[2026-06-30T09:58:05.380Z] +[38;5;242minc/python:use_library_from_git:267      (B[m local enabled=1
[2026-06-30T09:58:05.380Z] +[38;5;242minc/python:use_library_from_git:268      (B[m [[ '' = \A\L\L ]]
[2026-06-30T09:58:05.380Z] +[38;5;242minc/python:use_library_from_git:268      (B[m [[ ,, =~ ,futurist, ]]
[2026-06-30T09:58:05.380Z] +[38;5;242minc/python:use_library_from_git:269      (B[m return 1
[2026-06-30T09:58:05.643Z] +[38;5;242mlib/libraries:install_libs:97            (B[m _install_lib_from_source openstacksdk
[2026-06-30T09:58:05.643Z] +[38;5;242mlib/libraries:_install_lib_from_source:75 (B[m local name=openstacksdk
[2026-06-30T09:58:05.643Z] +[38;5;242mlib/libraries:_install_lib_from_source:76 (B[m use_library_from_git openstacksdk
[2026-06-30T09:58:05.643Z] +[38;5;242minc/python:use_library_from_git:266      (B[m local name=openstacksdk
[2026-06-30T09:58:05.643Z] +[38;5;242minc/python:use_library_from_git:267      (B[m local enabled=1
[2026-06-30T09:58:05.643Z] +[38;5;242minc/python:use_library_from_git:268      (B[m [[ '' = \A\L\L ]]
[2026-06-30T09:58:05.643Z] +[38;5;242minc/python:use_library_from_git:268      (B[m [[ ,, =~ ,openstacksdk, ]]
[2026-06-30T09:58:05.643Z] +[38;5;242minc/python:use_library_from_git:269      (B[m return 1
[2026-06-30T09:58:05.643Z] +[38;5;242mlib/libraries:install_libs:98            (B[m _install_lib_from_source osc-lib
[2026-06-30T09:58:05.643Z] +[38;5;242mlib/libraries:_install_lib_from_source:75 (B[m local name=osc-lib
[2026-06-30T09:58:05.905Z] +[38;5;242mlib/libraries:_install_lib_from_source:76 (B[m use_library_from_git osc-lib
[2026-06-30T09:58:05.905Z] +[38;5;242minc/python:use_library_from_git:266      (B[m local name=osc-lib
[2026-06-30T09:58:05.905Z] +[38;5;242minc/python:use_library_from_git:267      (B[m local enabled=1
[2026-06-30T09:58:05.905Z] +[38;5;242minc/python:use_library_from_git:268      (B[m [[ '' = \A\L\L ]]
[2026-06-30T09:58:05.905Z] +[38;5;242minc/python:use_library_from_git:268      (B[m [[ ,, =~ ,osc-lib, ]]
[2026-06-30T09:58:05.905Z] +[38;5;242minc/python:use_library_from_git:269      (B[m return 1
[2026-06-30T09:58:05.905Z] +[38;5;242mlib/libraries:install_libs:99            (B[m _install_lib_from_source osc-placement
[2026-06-30T09:58:05.905Z] +[38;5;242mlib/libraries:_install_lib_from_source:75 (B[m local name=osc-placement
[2026-06-30T09:58:05.905Z] +[38;5;242mlib/libraries:_install_lib_from_source:76 (B[m use_library_from_git osc-placement
[2026-06-30T09:58:05.905Z] +[38;5;242minc/python:use_library_from_git:266      (B[m local name=osc-placement
[2026-06-30T09:58:06.169Z] +[38;5;242minc/python:use_library_from_git:267      (B[m local enabled=1
[2026-06-30T09:58:06.169Z] +[38;5;242minc/python:use_library_from_git:268      (B[m [[ '' = \A\L\L ]]
[2026-06-30T09:58:06.169Z] +[38;5;242minc/python:use_library_from_git:268      (B[m [[ ,, =~ ,osc-placement, ]]
[2026-06-30T09:58:06.169Z] +[38;5;242minc/python:use_library_from_git:269      (B[m return 1
[2026-06-30T09:58:06.169Z] +[38;5;242mlib/libraries:install_libs:100           (B[m _install_lib_from_source os-client-config
[2026-06-30T09:58:06.169Z] +[38;5;242mlib/libraries:_install_lib_from_source:75 (B[m local name=os-client-config
[2026-06-30T09:58:06.169Z] +[38;5;242mlib/libraries:_install_lib_from_source:76 (B[m use_library_from_git os-client-config
[2026-06-30T09:58:06.169Z] +[38;5;242minc/python:use_library_from_git:266      (B[m local name=os-client-config
[2026-06-30T09:58:06.169Z] +[38;5;242minc/python:use_library_from_git:267      (B[m local enabled=1
[2026-06-30T09:58:06.433Z] +[38;5;242minc/python:use_library_from_git:268      (B[m [[ '' = \A\L\L ]]
[2026-06-30T09:58:06.433Z] +[38;5;242minc/python:use_library_from_git:268      (B[m [[ ,, =~ ,os-client-config, ]]
[2026-06-30T09:58:06.433Z] +[38;5;242minc/python:use_library_from_git:269      (B[m return 1
[2026-06-30T09:58:06.433Z] +[38;5;242mlib/libraries:install_libs:101           (B[m _install_lib_from_source oslo.cache
[2026-06-30T09:58:06.433Z] +[38;5;242mlib/libraries:_install_lib_from_source:75 (B[m local name=oslo.cache
[2026-06-30T09:58:06.433Z] +[38;5;242mlib/libraries:_install_lib_from_source:76 (B[m use_library_from_git oslo.cache
[2026-06-30T09:58:06.433Z] +[38;5;242minc/python:use_library_from_git:266      (B[m local name=oslo.cache
[2026-06-30T09:58:06.433Z] +[38;5;242minc/python:use_library_from_git:267      (B[m local enabled=1
[2026-06-30T09:58:06.433Z] +[38;5;242minc/python:use_library_from_git:268      (B[m [[ '' = \A\L\L ]]
[2026-06-30T09:58:06.433Z] +[38;5;242minc/python:use_library_from_git:268      (B[m [[ ,, =~ ,oslo.cache, ]]
[2026-06-30T09:58:06.700Z] +[38;5;242minc/python:use_library_from_git:269      (B[m return 1
[2026-06-30T09:58:06.700Z] +[38;5;242mlib/libraries:install_libs:102           (B[m _install_lib_from_source oslo.concurrency
[2026-06-30T09:58:06.700Z] +[38;5;242mlib/libraries:_install_lib_from_source:75 (B[m local name=oslo.concurrency
[2026-06-30T09:58:06.700Z] +[38;5;242mlib/libraries:_install_lib_from_source:76 (B[m use_library_from_git oslo.concurrency
[2026-06-30T09:58:06.700Z] +[38;5;242minc/python:use_library_from_git:266      (B[m local name=oslo.concurrency
[2026-06-30T09:58:06.700Z] +[38;5;242minc/python:use_library_from_git:267      (B[m local enabled=1
[2026-06-30T09:58:06.700Z] +[38;5;242minc/python:use_library_from_git:268      (B[m [[ '' = \A\L\L ]]
[2026-06-30T09:58:06.700Z] +[38;5;242minc/python:use_library_from_git:268      (B[m [[ ,, =~ ,oslo.concurrency, ]]
[2026-06-30T09:58:06.700Z] +[38;5;242minc/python:use_library_from_git:269      (B[m return 1
[2026-06-30T09:58:06.700Z] +[38;5;242mlib/libraries:install_libs:103           (B[m _install_lib_from_source oslo.config
[2026-06-30T09:58:06.963Z] +[38;5;242mlib/libraries:_install_lib_from_source:75 (B[m local name=oslo.config
[2026-06-30T09:58:06.963Z] +[38;5;242mlib/libraries:_install_lib_from_source:76 (B[m use_library_from_git oslo.config
[2026-06-30T09:58:06.963Z] +[38;5;242minc/python:use_library_from_git:266      (B[m local name=oslo.config
[2026-06-30T09:58:06.963Z] +[38;5;242minc/python:use_library_from_git:267      (B[m local enabled=1
[2026-06-30T09:58:06.963Z] +[38;5;242minc/python:use_library_from_git:268      (B[m [[ '' = \A\L\L ]]
[2026-06-30T09:58:06.963Z] +[38;5;242minc/python:use_library_from_git:268      (B[m [[ ,, =~ ,oslo.config, ]]
[2026-06-30T09:58:06.963Z] +[38;5;242minc/python:use_library_from_git:269      (B[m return 1
[2026-06-30T09:58:06.963Z] +[38;5;242mlib/libraries:install_libs:104           (B[m _install_lib_from_source oslo.context
[2026-06-30T09:58:06.963Z] +[38;5;242mlib/libraries:_install_lib_from_source:75 (B[m local name=oslo.context
[2026-06-30T09:58:06.963Z] +[38;5;242mlib/libraries:_install_lib_from_source:76 (B[m use_library_from_git oslo.context
[2026-06-30T09:58:07.227Z] +[38;5;242minc/python:use_library_from_git:266      (B[m local name=oslo.context
[2026-06-30T09:58:07.227Z] +[38;5;242minc/python:use_library_from_git:267      (B[m local enabled=1
[2026-06-30T09:58:07.227Z] +[38;5;242minc/python:use_library_from_git:268      (B[m [[ '' = \A\L\L ]]
[2026-06-30T09:58:07.227Z] +[38;5;242minc/python:use_library_from_git:268      (B[m [[ ,, =~ ,oslo.context, ]]
[2026-06-30T09:58:07.227Z] +[38;5;242minc/python:use_library_from_git:269      (B[m return 1
[2026-06-30T09:58:07.227Z] +[38;5;242mlib/libraries:install_libs:105           (B[m _install_lib_from_source oslo.db
[2026-06-30T09:58:07.227Z] +[38;5;242mlib/libraries:_install_lib_from_source:75 (B[m local name=oslo.db
[2026-06-30T09:58:07.227Z] +[38;5;242mlib/libraries:_install_lib_from_source:76 (B[m use_library_from_git oslo.db
[2026-06-30T09:58:07.227Z] +[38;5;242minc/python:use_library_from_git:266      (B[m local name=oslo.db
[2026-06-30T09:58:07.227Z] +[38;5;242minc/python:use_library_from_git:267      (B[m local enabled=1
[2026-06-30T09:58:07.490Z] +[38;5;242minc/python:use_library_from_git:268      (B[m [[ '' = \A\L\L ]]
[2026-06-30T09:58:07.490Z] +[38;5;242minc/python:use_library_from_git:268      (B[m [[ ,, =~ ,oslo.db, ]]
[2026-06-30T09:58:07.490Z] +[38;5;242minc/python:use_library_from_git:269      (B[m return 1
[2026-06-30T09:58:07.490Z] +[38;5;242mlib/libraries:install_libs:106           (B[m _install_lib_from_source oslo.i18n
[2026-06-30T09:58:07.490Z] +[38;5;242mlib/libraries:_install_lib_from_source:75 (B[m local name=oslo.i18n
[2026-06-30T09:58:07.490Z] +[38;5;242mlib/libraries:_install_lib_from_source:76 (B[m use_library_from_git oslo.i18n
[2026-06-30T09:58:07.490Z] +[38;5;242minc/python:use_library_from_git:266      (B[m local name=oslo.i18n
[2026-06-30T09:58:07.490Z] +[38;5;242minc/python:use_library_from_git:267      (B[m local enabled=1
[2026-06-30T09:58:07.490Z] +[38;5;242minc/python:use_library_from_git:268      (B[m [[ '' = \A\L\L ]]
[2026-06-30T09:58:07.753Z] +[38;5;242minc/python:use_library_from_git:268      (B[m [[ ,, =~ ,oslo.i18n, ]]
[2026-06-30T09:58:07.753Z] +[38;5;242minc/python:use_library_from_git:269      (B[m return 1
[2026-06-30T09:58:07.753Z] +[38;5;242mlib/libraries:install_libs:107           (B[m _install_lib_from_source oslo.limit
[2026-06-30T09:58:07.753Z] +[38;5;242mlib/libraries:_install_lib_from_source:75 (B[m local name=oslo.limit
[2026-06-30T09:58:07.753Z] +[38;5;242mlib/libraries:_install_lib_from_source:76 (B[m use_library_from_git oslo.limit
[2026-06-30T09:58:07.753Z] +[38;5;242minc/python:use_library_from_git:266      (B[m local name=oslo.limit
[2026-06-30T09:58:07.753Z] +[38;5;242minc/python:use_library_from_git:267      (B[m local enabled=1
[2026-06-30T09:58:07.753Z] +[38;5;242minc/python:use_library_from_git:268      (B[m [[ '' = \A\L\L ]]
[2026-06-30T09:58:07.753Z] +[38;5;242minc/python:use_library_from_git:268      (B[m [[ ,, =~ ,oslo.limit, ]]
[2026-06-30T09:58:08.015Z] +[38;5;242minc/python:use_library_from_git:269      (B[m return 1
[2026-06-30T09:58:08.015Z] +[38;5;242mlib/libraries:install_libs:108           (B[m _install_lib_from_source oslo.log
[2026-06-30T09:58:08.015Z] +[38;5;242mlib/libraries:_install_lib_from_source:75 (B[m local name=oslo.log
[2026-06-30T09:58:08.015Z] +[38;5;242mlib/libraries:_install_lib_from_source:76 (B[m use_library_from_git oslo.log
[2026-06-30T09:58:08.015Z] +[38;5;242minc/python:use_library_from_git:266      (B[m local name=oslo.log
[2026-06-30T09:58:08.015Z] +[38;5;242minc/python:use_library_from_git:267      (B[m local enabled=1
[2026-06-30T09:58:08.015Z] +[38;5;242minc/python:use_library_from_git:268      (B[m [[ '' = \A\L\L ]]
[2026-06-30T09:58:08.015Z] +[38;5;242minc/python:use_library_from_git:268      (B[m [[ ,, =~ ,oslo.log, ]]
[2026-06-30T09:58:08.015Z] +[38;5;242minc/python:use_library_from_git:269      (B[m return 1
[2026-06-30T09:58:08.015Z] +[38;5;242mlib/libraries:install_libs:109           (B[m _install_lib_from_source oslo.messaging
[2026-06-30T09:58:08.278Z] +[38;5;242mlib/libraries:_install_lib_from_source:75 (B[m local name=oslo.messaging
[2026-06-30T09:58:08.278Z] +[38;5;242mlib/libraries:_install_lib_from_source:76 (B[m use_library_from_git oslo.messaging
[2026-06-30T09:58:08.278Z] +[38;5;242minc/python:use_library_from_git:266      (B[m local name=oslo.messaging
[2026-06-30T09:58:08.278Z] +[38;5;242minc/python:use_library_from_git:267      (B[m local enabled=1
[2026-06-30T09:58:08.278Z] +[38;5;242minc/python:use_library_from_git:268      (B[m [[ '' = \A\L\L ]]
[2026-06-30T09:58:08.278Z] +[38;5;242minc/python:use_library_from_git:268      (B[m [[ ,, =~ ,oslo.messaging, ]]
[2026-06-30T09:58:08.278Z] +[38;5;242minc/python:use_library_from_git:269      (B[m return 1
[2026-06-30T09:58:08.278Z] +[38;5;242mlib/libraries:install_libs:110           (B[m _install_lib_from_source oslo.middleware
[2026-06-30T09:58:08.278Z] +[38;5;242mlib/libraries:_install_lib_from_source:75 (B[m local name=oslo.middleware
[2026-06-30T09:58:08.545Z] +[38;5;242mlib/libraries:_install_lib_from_source:76 (B[m use_library_from_git oslo.middleware
[2026-06-30T09:58:08.545Z] +[38;5;242minc/python:use_library_from_git:266      (B[m local name=oslo.middleware
[2026-06-30T09:58:08.545Z] +[38;5;242minc/python:use_library_from_git:267      (B[m local enabled=1
[2026-06-30T09:58:08.545Z] +[38;5;242minc/python:use_library_from_git:268      (B[m [[ '' = \A\L\L ]]
[2026-06-30T09:58:08.545Z] +[38;5;242minc/python:use_library_from_git:268      (B[m [[ ,, =~ ,oslo.middleware, ]]
[2026-06-30T09:58:08.545Z] +[38;5;242minc/python:use_library_from_git:269      (B[m return 1
[2026-06-30T09:58:08.545Z] +[38;5;242mlib/libraries:install_libs:111           (B[m _install_lib_from_source oslo.policy
[2026-06-30T09:58:08.545Z] +[38;5;242mlib/libraries:_install_lib_from_source:75 (B[m local name=oslo.policy
[2026-06-30T09:58:08.545Z] +[38;5;242mlib/libraries:_install_lib_from_source:76 (B[m use_library_from_git oslo.policy
[2026-06-30T09:58:08.811Z] +[38;5;242minc/python:use_library_from_git:266      (B[m local name=oslo.policy
[2026-06-30T09:58:08.811Z] +[38;5;242minc/python:use_library_from_git:267      (B[m local enabled=1
[2026-06-30T09:58:08.811Z] +[38;5;242minc/python:use_library_from_git:268      (B[m [[ '' = \A\L\L ]]
[2026-06-30T09:58:08.811Z] +[38;5;242minc/python:use_library_from_git:268      (B[m [[ ,, =~ ,oslo.policy, ]]
[2026-06-30T09:58:08.811Z] +[38;5;242minc/python:use_library_from_git:269      (B[m return 1
[2026-06-30T09:58:08.811Z] +[38;5;242mlib/libraries:install_libs:112           (B[m _install_lib_from_source oslo.privsep
[2026-06-30T09:58:08.811Z] +[38;5;242mlib/libraries:_install_lib_from_source:75 (B[m local name=oslo.privsep
[2026-06-30T09:58:08.811Z] +[38;5;242mlib/libraries:_install_lib_from_source:76 (B[m use_library_from_git oslo.privsep
[2026-06-30T09:58:08.811Z] +[38;5;242minc/python:use_library_from_git:266      (B[m local name=oslo.privsep
[2026-06-30T09:58:08.811Z] +[38;5;242minc/python:use_library_from_git:267      (B[m local enabled=1
[2026-06-30T09:58:09.079Z] +[38;5;242minc/python:use_library_from_git:268      (B[m [[ '' = \A\L\L ]]
[2026-06-30T09:58:09.079Z] +[38;5;242minc/python:use_library_from_git:268      (B[m [[ ,, =~ ,oslo.privsep, ]]
[2026-06-30T09:58:09.079Z] +[38;5;242minc/python:use_library_from_git:269      (B[m return 1
[2026-06-30T09:58:09.079Z] +[38;5;242mlib/libraries:install_libs:113           (B[m _install_lib_from_source oslo.reports
[2026-06-30T09:58:09.079Z] +[38;5;242mlib/libraries:_install_lib_from_source:75 (B[m local name=oslo.reports
[2026-06-30T09:58:09.079Z] +[38;5;242mlib/libraries:_install_lib_from_source:76 (B[m use_library_from_git oslo.reports
[2026-06-30T09:58:09.079Z] +[38;5;242minc/python:use_library_from_git:266      (B[m local name=oslo.reports
[2026-06-30T09:58:09.079Z] +[38;5;242minc/python:use_library_from_git:267      (B[m local enabled=1
[2026-06-30T09:58:09.079Z] +[38;5;242minc/python:use_library_from_git:268      (B[m [[ '' = \A\L\L ]]
[2026-06-30T09:58:09.079Z] +[38;5;242minc/python:use_library_from_git:268      (B[m [[ ,, =~ ,oslo.reports, ]]
[2026-06-30T09:58:09.342Z] +[38;5;242minc/python:use_library_from_git:269      (B[m return 1
[2026-06-30T09:58:09.342Z] +[38;5;242mlib/libraries:install_libs:114           (B[m _install_lib_from_source oslo.rootwrap
[2026-06-30T09:58:09.342Z] +[38;5;242mlib/libraries:_install_lib_from_source:75 (B[m local name=oslo.rootwrap
[2026-06-30T09:58:09.342Z] +[38;5;242mlib/libraries:_install_lib_from_source:76 (B[m use_library_from_git oslo.rootwrap
[2026-06-30T09:58:09.342Z] +[38;5;242minc/python:use_library_from_git:266      (B[m local name=oslo.rootwrap
[2026-06-30T09:58:09.342Z] +[38;5;242minc/python:use_library_from_git:267      (B[m local enabled=1
[2026-06-30T09:58:09.342Z] +[38;5;242minc/python:use_library_from_git:268      (B[m [[ '' = \A\L\L ]]
[2026-06-30T09:58:09.342Z] +[38;5;242minc/python:use_library_from_git:268      (B[m [[ ,, =~ ,oslo.rootwrap, ]]
[2026-06-30T09:58:09.342Z] +[38;5;242minc/python:use_library_from_git:269      (B[m return 1
[2026-06-30T09:58:09.604Z] +[38;5;242mlib/libraries:install_libs:115           (B[m _install_lib_from_source oslo.serialization
[2026-06-30T09:58:09.604Z] +[38;5;242mlib/libraries:_install_lib_from_source:75 (B[m local name=oslo.serialization
[2026-06-30T09:58:09.604Z] +[38;5;242mlib/libraries:_install_lib_from_source:76 (B[m use_library_from_git oslo.serialization
[2026-06-30T09:58:09.604Z] +[38;5;242minc/python:use_library_from_git:266      (B[m local name=oslo.serialization
[2026-06-30T09:58:09.604Z] +[38;5;242minc/python:use_library_from_git:267      (B[m local enabled=1
[2026-06-30T09:58:09.604Z] +[38;5;242minc/python:use_library_from_git:268      (B[m [[ '' = \A\L\L ]]
[2026-06-30T09:58:09.604Z] +[38;5;242minc/python:use_library_from_git:268      (B[m [[ ,, =~ ,oslo.serialization, ]]
[2026-06-30T09:58:09.604Z] +[38;5;242minc/python:use_library_from_git:269      (B[m return 1
[2026-06-30T09:58:09.604Z] +[38;5;242mlib/libraries:install_libs:116           (B[m _install_lib_from_source oslo.service
[2026-06-30T09:58:09.866Z] +[38;5;242mlib/libraries:_install_lib_from_source:75 (B[m local name=oslo.service
[2026-06-30T09:58:09.866Z] +[38;5;242mlib/libraries:_install_lib_from_source:76 (B[m use_library_from_git oslo.service
[2026-06-30T09:58:09.866Z] +[38;5;242minc/python:use_library_from_git:266      (B[m local name=oslo.service
[2026-06-30T09:58:09.866Z] +[38;5;242minc/python:use_library_from_git:267      (B[m local enabled=1
[2026-06-30T09:58:09.866Z] +[38;5;242minc/python:use_library_from_git:268      (B[m [[ '' = \A\L\L ]]
[2026-06-30T09:58:09.866Z] +[38;5;242minc/python:use_library_from_git:268      (B[m [[ ,, =~ ,oslo.service, ]]
[2026-06-30T09:58:09.866Z] +[38;5;242minc/python:use_library_from_git:269      (B[m return 1
[2026-06-30T09:58:09.866Z] +[38;5;242mlib/libraries:install_libs:117           (B[m _install_lib_from_source oslo.utils
[2026-06-30T09:58:09.866Z] +[38;5;242mlib/libraries:_install_lib_from_source:75 (B[m local name=oslo.utils
[2026-06-30T09:58:10.128Z] +[38;5;242mlib/libraries:_install_lib_from_source:76 (B[m use_library_from_git oslo.utils
[2026-06-30T09:58:10.128Z] +[38;5;242minc/python:use_library_from_git:266      (B[m local name=oslo.utils
[2026-06-30T09:58:10.128Z] +[38;5;242minc/python:use_library_from_git:267      (B[m local enabled=1
[2026-06-30T09:58:10.128Z] +[38;5;242minc/python:use_library_from_git:268      (B[m [[ '' = \A\L\L ]]
[2026-06-30T09:58:10.128Z] +[38;5;242minc/python:use_library_from_git:268      (B[m [[ ,, =~ ,oslo.utils, ]]
[2026-06-30T09:58:10.128Z] +[38;5;242minc/python:use_library_from_git:269      (B[m return 1
[2026-06-30T09:58:10.128Z] +[38;5;242mlib/libraries:install_libs:118           (B[m _install_lib_from_source oslo.versionedobjects
[2026-06-30T09:58:10.128Z] +[38;5;242mlib/libraries:_install_lib_from_source:75 (B[m local name=oslo.versionedobjects
[2026-06-30T09:58:10.128Z] +[38;5;242mlib/libraries:_install_lib_from_source:76 (B[m use_library_from_git oslo.versionedobjects
[2026-06-30T09:58:10.393Z] +[38;5;242minc/python:use_library_from_git:266      (B[m local name=oslo.versionedobjects
[2026-06-30T09:58:10.393Z] +[38;5;242minc/python:use_library_from_git:267      (B[m local enabled=1
[2026-06-30T09:58:10.393Z] +[38;5;242minc/python:use_library_from_git:268      (B[m [[ '' = \A\L\L ]]
[2026-06-30T09:58:10.393Z] +[38;5;242minc/python:use_library_from_git:268      (B[m [[ ,, =~ ,oslo.versionedobjects, ]]
[2026-06-30T09:58:10.393Z] +[38;5;242minc/python:use_library_from_git:269      (B[m return 1
[2026-06-30T09:58:10.393Z] +[38;5;242mlib/libraries:install_libs:119           (B[m _install_lib_from_source oslo.vmware
[2026-06-30T09:58:10.393Z] +[38;5;242mlib/libraries:_install_lib_from_source:75 (B[m local name=oslo.vmware
[2026-06-30T09:58:10.393Z] +[38;5;242mlib/libraries:_install_lib_from_source:76 (B[m use_library_from_git oslo.vmware
[2026-06-30T09:58:10.393Z] +[38;5;242minc/python:use_library_from_git:266      (B[m local name=oslo.vmware
[2026-06-30T09:58:10.658Z] +[38;5;242minc/python:use_library_from_git:267      (B[m local enabled=1
[2026-06-30T09:58:10.658Z] +[38;5;242minc/python:use_library_from_git:268      (B[m [[ '' = \A\L\L ]]
[2026-06-30T09:58:10.658Z] +[38;5;242minc/python:use_library_from_git:268      (B[m [[ ,, =~ ,oslo.vmware, ]]
[2026-06-30T09:58:10.658Z] +[38;5;242minc/python:use_library_from_git:269      (B[m return 1
[2026-06-30T09:58:10.658Z] +[38;5;242mlib/libraries:install_libs:120           (B[m _install_lib_from_source osprofiler
[2026-06-30T09:58:10.658Z] +[38;5;242mlib/libraries:_install_lib_from_source:75 (B[m local name=osprofiler
[2026-06-30T09:58:10.658Z] +[38;5;242mlib/libraries:_install_lib_from_source:76 (B[m use_library_from_git osprofiler
[2026-06-30T09:58:10.658Z] +[38;5;242minc/python:use_library_from_git:266      (B[m local name=osprofiler
[2026-06-30T09:58:10.658Z] +[38;5;242minc/python:use_library_from_git:267      (B[m local enabled=1
[2026-06-30T09:58:10.922Z] +[38;5;242minc/python:use_library_from_git:268      (B[m [[ '' = \A\L\L ]]
[2026-06-30T09:58:10.922Z] +[38;5;242minc/python:use_library_from_git:268      (B[m [[ ,, =~ ,osprofiler, ]]
[2026-06-30T09:58:10.922Z] +[38;5;242minc/python:use_library_from_git:269      (B[m return 1
[2026-06-30T09:58:10.922Z] +[38;5;242mlib/libraries:install_libs:121           (B[m _install_lib_from_source pycadf
[2026-06-30T09:58:10.922Z] +[38;5;242mlib/libraries:_install_lib_from_source:75 (B[m local name=pycadf
[2026-06-30T09:58:10.922Z] +[38;5;242mlib/libraries:_install_lib_from_source:76 (B[m use_library_from_git pycadf
[2026-06-30T09:58:10.922Z] +[38;5;242minc/python:use_library_from_git:266      (B[m local name=pycadf
[2026-06-30T09:58:10.922Z] +[38;5;242minc/python:use_library_from_git:267      (B[m local enabled=1
[2026-06-30T09:58:10.922Z] +[38;5;242minc/python:use_library_from_git:268      (B[m [[ '' = \A\L\L ]]
[2026-06-30T09:58:11.185Z] +[38;5;242minc/python:use_library_from_git:268      (B[m [[ ,, =~ ,pycadf, ]]
[2026-06-30T09:58:11.185Z] +[38;5;242minc/python:use_library_from_git:269      (B[m return 1
[2026-06-30T09:58:11.185Z] +[38;5;242mlib/libraries:install_libs:122           (B[m _install_lib_from_source stevedore
[2026-06-30T09:58:11.185Z] +[38;5;242mlib/libraries:_install_lib_from_source:75 (B[m local name=stevedore
[2026-06-30T09:58:11.185Z] +[38;5;242mlib/libraries:_install_lib_from_source:76 (B[m use_library_from_git stevedore
[2026-06-30T09:58:11.185Z] +[38;5;242minc/python:use_library_from_git:266      (B[m local name=stevedore
[2026-06-30T09:58:11.185Z] +[38;5;242minc/python:use_library_from_git:267      (B[m local enabled=1
[2026-06-30T09:58:11.185Z] +[38;5;242minc/python:use_library_from_git:268      (B[m [[ '' = \A\L\L ]]
[2026-06-30T09:58:11.185Z] +[38;5;242minc/python:use_library_from_git:268      (B[m [[ ,, =~ ,stevedore, ]]
[2026-06-30T09:58:11.185Z] +[38;5;242minc/python:use_library_from_git:269      (B[m return 1
[2026-06-30T09:58:11.449Z] +[38;5;242mlib/libraries:install_libs:123           (B[m _install_lib_from_source taskflow
[2026-06-30T09:58:11.449Z] +[38;5;242mlib/libraries:_install_lib_from_source:75 (B[m local name=taskflow
[2026-06-30T09:58:11.449Z] +[38;5;242mlib/libraries:_install_lib_from_source:76 (B[m use_library_from_git taskflow
[2026-06-30T09:58:11.449Z] +[38;5;242minc/python:use_library_from_git:266      (B[m local name=taskflow
[2026-06-30T09:58:11.449Z] +[38;5;242minc/python:use_library_from_git:267      (B[m local enabled=1
[2026-06-30T09:58:11.449Z] +[38;5;242minc/python:use_library_from_git:268      (B[m [[ '' = \A\L\L ]]
[2026-06-30T09:58:11.449Z] +[38;5;242minc/python:use_library_from_git:268      (B[m [[ ,, =~ ,taskflow, ]]
[2026-06-30T09:58:11.449Z] +[38;5;242minc/python:use_library_from_git:269      (B[m return 1
[2026-06-30T09:58:11.449Z] +[38;5;242mlib/libraries:install_libs:124           (B[m _install_lib_from_source tooz
[2026-06-30T09:58:11.710Z] +[38;5;242mlib/libraries:_install_lib_from_source:75 (B[m local name=tooz
[2026-06-30T09:58:11.710Z] +[38;5;242mlib/libraries:_install_lib_from_source:76 (B[m use_library_from_git tooz
[2026-06-30T09:58:11.710Z] +[38;5;242minc/python:use_library_from_git:266      (B[m local name=tooz
[2026-06-30T09:58:11.710Z] +[38;5;242minc/python:use_library_from_git:267      (B[m local enabled=1
[2026-06-30T09:58:11.710Z] +[38;5;242minc/python:use_library_from_git:268      (B[m [[ '' = \A\L\L ]]
[2026-06-30T09:58:11.710Z] +[38;5;242minc/python:use_library_from_git:268      (B[m [[ ,, =~ ,tooz, ]]
[2026-06-30T09:58:11.710Z] +[38;5;242minc/python:use_library_from_git:269      (B[m return 1
[2026-06-30T09:58:11.710Z] +[38;5;242mlib/libraries:install_libs:128           (B[m _install_lib_from_source os-brick
[2026-06-30T09:58:11.710Z] +[38;5;242mlib/libraries:_install_lib_from_source:75 (B[m local name=os-brick
[2026-06-30T09:58:11.710Z] +[38;5;242mlib/libraries:_install_lib_from_source:76 (B[m use_library_from_git os-brick
[2026-06-30T09:58:11.973Z] +[38;5;242minc/python:use_library_from_git:266      (B[m local name=os-brick
[2026-06-30T09:58:11.973Z] +[38;5;242minc/python:use_library_from_git:267      (B[m local enabled=1
[2026-06-30T09:58:11.973Z] +[38;5;242minc/python:use_library_from_git:268      (B[m [[ '' = \A\L\L ]]
[2026-06-30T09:58:11.973Z] +[38;5;242minc/python:use_library_from_git:268      (B[m [[ ,, =~ ,os-brick, ]]
[2026-06-30T09:58:11.973Z] +[38;5;242minc/python:use_library_from_git:269      (B[m return 1
[2026-06-30T09:58:11.973Z] +[38;5;242mlib/libraries:install_libs:129           (B[m _install_lib_from_source os-resource-classes
[2026-06-30T09:58:11.973Z] +[38;5;242mlib/libraries:_install_lib_from_source:75 (B[m local name=os-resource-classes
[2026-06-30T09:58:11.973Z] +[38;5;242mlib/libraries:_install_lib_from_source:76 (B[m use_library_from_git os-resource-classes
[2026-06-30T09:58:11.973Z] +[38;5;242minc/python:use_library_from_git:266      (B[m local name=os-resource-classes
[2026-06-30T09:58:12.236Z] +[38;5;242minc/python:use_library_from_git:267      (B[m local enabled=1
[2026-06-30T09:58:12.236Z] +[38;5;242minc/python:use_library_from_git:268      (B[m [[ '' = \A\L\L ]]
[2026-06-30T09:58:12.236Z] +[38;5;242minc/python:use_library_from_git:268      (B[m [[ ,, =~ ,os-resource-classes, ]]
[2026-06-30T09:58:12.236Z] +[38;5;242minc/python:use_library_from_git:269      (B[m return 1
[2026-06-30T09:58:12.236Z] +[38;5;242mlib/libraries:install_libs:130           (B[m _install_lib_from_source os-traits
[2026-06-30T09:58:12.236Z] +[38;5;242mlib/libraries:_install_lib_from_source:75 (B[m local name=os-traits
[2026-06-30T09:58:12.236Z] +[38;5;242mlib/libraries:_install_lib_from_source:76 (B[m use_library_from_git os-traits
[2026-06-30T09:58:12.236Z] +[38;5;242minc/python:use_library_from_git:266      (B[m local name=os-traits
[2026-06-30T09:58:12.236Z] +[38;5;242minc/python:use_library_from_git:267      (B[m local enabled=1
[2026-06-30T09:58:12.236Z] +[38;5;242minc/python:use_library_from_git:268      (B[m [[ '' = \A\L\L ]]
[2026-06-30T09:58:12.500Z] +[38;5;242minc/python:use_library_from_git:268      (B[m [[ ,, =~ ,os-traits, ]]
[2026-06-30T09:58:12.500Z] +[38;5;242minc/python:use_library_from_git:269      (B[m return 1
[2026-06-30T09:58:12.500Z] +[38;5;242mlib/libraries:install_libs:133           (B[m _install_lib_from_source python-barbicanclient
[2026-06-30T09:58:12.500Z] +[38;5;242mlib/libraries:_install_lib_from_source:75 (B[m local name=python-barbicanclient
[2026-06-30T09:58:12.500Z] +[38;5;242mlib/libraries:_install_lib_from_source:76 (B[m use_library_from_git python-barbicanclient
[2026-06-30T09:58:12.500Z] +[38;5;242minc/python:use_library_from_git:266      (B[m local name=python-barbicanclient
[2026-06-30T09:58:12.500Z] +[38;5;242minc/python:use_library_from_git:267      (B[m local enabled=1
[2026-06-30T09:58:12.500Z] +[38;5;242minc/python:use_library_from_git:268      (B[m [[ '' = \A\L\L ]]
[2026-06-30T09:58:12.500Z] +[38;5;242minc/python:use_library_from_git:268      (B[m [[ ,, =~ ,python-barbicanclient, ]]
[2026-06-30T09:58:12.766Z] +[38;5;242minc/python:use_library_from_git:269      (B[m return 1
[2026-06-30T09:58:12.766Z] +[38;5;242mlib/libraries:install_libs:135           (B[m use_library_from_git etcd3gw
[2026-06-30T09:58:12.766Z] +[38;5;242minc/python:use_library_from_git:266      (B[m local name=etcd3gw
[2026-06-30T09:58:12.766Z] +[38;5;242minc/python:use_library_from_git:267      (B[m local enabled=1
[2026-06-30T09:58:12.766Z] +[38;5;242minc/python:use_library_from_git:268      (B[m [[ '' = \A\L\L ]]
[2026-06-30T09:58:12.766Z] +[38;5;242minc/python:use_library_from_git:268      (B[m [[ ,, =~ ,etcd3gw, ]]
[2026-06-30T09:58:12.766Z] +[38;5;242minc/python:use_library_from_git:269      (B[m return 1
[2026-06-30T09:58:12.766Z] +[38;5;242mlib/libraries:install_libs:139           (B[m pip_install etcd3gw
[2026-06-30T09:58:13.028Z] Using python 3.12 to install etcd3gw
[2026-06-30T09:58:13.028Z] +[38;5;242minc/python:pip_install:210               (B[m env http_proxy=http://proxy-in.its.hpecorp.net:80 https_proxy=http://proxy-in.its.hpecorp.net:443 no_proxy=10.201.5.87,10.201.4.29,10.201.3.85,10.201.3.86,localhost,127.0.0.1,10.201.4.31,10.201.4.32,10.201.4.33,10.201.4.34,10.201.1.221,172.28.65.17,172.28.65.18,172.28.65.207,172.28.65.208 PIP_FIND_LINKS= /opt/stack/data/venv/bin/pip install -c /opt/stack/requirements/upper-constraints.txt etcd3gw
[2026-06-30T09:58:14.951Z] Collecting etcd3gw
[2026-06-30T09:58:15.213Z]   Downloading etcd3gw-2.7.0-py3-none-any.whl.metadata (1.9 kB)
[2026-06-30T09:58:15.213Z] Requirement already satisfied: pbr>=2.0 in /opt/stack/data/venv/lib/python3.12/site-packages (from etcd3gw) (7.0.3)
[2026-06-30T09:58:15.213Z] Collecting requests>=2.20.0 (from etcd3gw)
[2026-06-30T09:58:15.213Z]   Using cached requests-2.34.2-py3-none-any.whl.metadata (4.8 kB)
[2026-06-30T09:58:15.213Z] Collecting futurist>=0.16.0 (from etcd3gw)
[2026-06-30T09:58:15.213Z]   Downloading futurist-3.4.0-py3-none-any.whl.metadata (2.1 kB)
[2026-06-30T09:58:15.213Z] Collecting debtcollector>=3.0.0 (from futurist>=0.16.0->etcd3gw)
[2026-06-30T09:58:15.478Z]   Downloading debtcollector-3.1.0-py3-none-any.whl.metadata (2.6 kB)
[2026-06-30T09:58:16.051Z] Collecting wrapt>=2.1.0 (from debtcollector>=3.0.0->futurist>=0.16.0->etcd3gw)
[2026-06-30T09:58:16.051Z]   Downloading wrapt-2.2.1-cp312-cp312-manylinux1_x86_64.manylinux_2_28_x86_64.manylinux_2_5_x86_64.whl.metadata (7.4 kB)
[2026-06-30T09:58:16.051Z] Requirement already satisfied: setuptools in /opt/stack/data/venv/lib/python3.12/site-packages (from pbr>=2.0->etcd3gw) (82.0.1)
[2026-06-30T09:58:16.313Z] Collecting charset_normalizer<4,>=2 (from requests>=2.20.0->etcd3gw)
[2026-06-30T09:58:16.313Z]   Using cached charset_normalizer-3.4.7-cp312-cp312-manylinux2014_x86_64.manylinux_2_17_x86_64.manylinux_2_28_x86_64.whl.metadata (40 kB)
[2026-06-30T09:58:16.313Z] Collecting idna<4,>=2.5 (from requests>=2.20.0->etcd3gw)
[2026-06-30T09:58:16.313Z]   Using cached idna-3.18-py3-none-any.whl.metadata (6.1 kB)
[2026-06-30T09:58:16.313Z] Collecting urllib3<3,>=1.26 (from requests>=2.20.0->etcd3gw)
[2026-06-30T09:58:16.313Z]   Using cached urllib3-2.7.0-py3-none-any.whl.metadata (6.9 kB)
[2026-06-30T09:58:16.313Z] Requirement already satisfied: certifi>=2023.5.7 in /usr/lib/python3/dist-packages (from requests>=2.20.0->etcd3gw) (2023.11.17)
[2026-06-30T09:58:16.313Z] Downloading etcd3gw-2.7.0-py3-none-any.whl (29 kB)
[2026-06-30T09:58:16.313Z] Downloading futurist-3.4.0-py3-none-any.whl (43 kB)
[2026-06-30T09:58:16.576Z] Downloading debtcollector-3.1.0-py3-none-any.whl (24 kB)
[2026-06-30T09:58:16.576Z] Using cached requests-2.34.2-py3-none-any.whl (73 kB)
[2026-06-30T09:58:16.576Z] Using cached charset_normalizer-3.4.7-cp312-cp312-manylinux2014_x86_64.manylinux_2_17_x86_64.manylinux_2_28_x86_64.whl (216 kB)
[2026-06-30T09:58:16.576Z] Using cached idna-3.18-py3-none-any.whl (65 kB)
[2026-06-30T09:58:16.576Z] Using cached urllib3-2.7.0-py3-none-any.whl (131 kB)
[2026-06-30T09:58:16.576Z] Downloading wrapt-2.2.1-cp312-cp312-manylinux1_x86_64.manylinux_2_28_x86_64.manylinux_2_5_x86_64.whl (169 kB)
[2026-06-30T09:58:16.846Z] Installing collected packages: wrapt, urllib3, idna, charset_normalizer, requests, debtcollector, futurist, etcd3gw
[2026-06-30T09:58:16.846Z]   Attempting uninstall: wrapt
[2026-06-30T09:58:16.846Z]     Found existing installation: wrapt 1.15.0
[2026-06-30T09:58:16.846Z]     Not uninstalling wrapt at /usr/lib/python3/dist-packages, outside environment /opt/stack/data/venv
[2026-06-30T09:58:16.846Z]     Can't uninstall 'wrapt'. No files were found to uninstall.
[2026-06-30T09:58:17.109Z]   Attempting uninstall: urllib3
[2026-06-30T09:58:17.109Z]     Found existing installation: urllib3 2.0.7
[2026-06-30T09:58:17.109Z]     Not uninstalling urllib3 at /usr/lib/python3/dist-packages, outside environment /opt/stack/data/venv
[2026-06-30T09:58:17.109Z]     Can't uninstall 'urllib3'. No files were found to uninstall.
[2026-06-30T09:58:17.109Z]   Attempting uninstall: idna
[2026-06-30T09:58:17.109Z]     Found existing installation: idna 3.6
[2026-06-30T09:58:17.109Z]     Not uninstalling idna at /usr/lib/python3/dist-packages, outside environment /opt/stack/data/venv
[2026-06-30T09:58:17.109Z]     Can't uninstall 'idna'. No files were found to uninstall.
[2026-06-30T09:58:17.374Z]   Attempting uninstall: requests
[2026-06-30T09:58:17.374Z]     Found existing installation: requests 2.31.0
[2026-06-30T09:58:17.374Z]     Not uninstalling requests at /usr/lib/python3/dist-packages, outside environment /opt/stack/data/venv
[2026-06-30T09:58:17.374Z]     Can't uninstall 'requests'. No files were found to uninstall.
[2026-06-30T09:58:17.374Z]   Attempting uninstall: debtcollector
[2026-06-30T09:58:17.374Z]     Found existing installation: debtcollector 2.5.0
[2026-06-30T09:58:17.374Z]     Not uninstalling debtcollector at /usr/lib/python3/dist-packages, outside environment /opt/stack/data/venv
[2026-06-30T09:58:17.374Z]     Can't uninstall 'debtcollector'. No files were found to uninstall.
[2026-06-30T09:58:17.374Z] 
[2026-06-30T09:58:17.374Z] Successfully installed charset_normalizer-3.4.7 debtcollector-3.1.0 etcd3gw-2.7.0 futurist-3.4.0 idna-3.18 requests-2.34.2 urllib3-2.7.0 wrapt-2.2.1
[2026-06-30T09:58:17.641Z] +[38;5;242minc/python:pip_install:216               (B[m result=0
[2026-06-30T09:58:17.641Z] +[38;5;242minc/python:pip_install:218               (B[m time_stop pip_install
[2026-06-30T09:58:17.905Z] +[38;5;242mfunctions-common:time_stop:2420          (B[m local name
[2026-06-30T09:58:17.905Z] +[38;5;242mfunctions-common:time_stop:2421          (B[m local end_time
[2026-06-30T09:58:17.905Z] +[38;5;242mfunctions-common:time_stop:2422          (B[m local elapsed_time
[2026-06-30T09:58:17.905Z] +[38;5;242mfunctions-common:time_stop:2423          (B[m local total
[2026-06-30T09:58:17.905Z] +[38;5;242mfunctions-common:time_stop:2424          (B[m local start_time
[2026-06-30T09:58:17.905Z] +[38;5;242mfunctions-common:time_stop:2426          (B[m name=pip_install
[2026-06-30T09:58:17.905Z] +[38;5;242mfunctions-common:time_stop:2427          (B[m start_time=1782813501225
[2026-06-30T09:58:17.905Z] +[38;5;242mfunctions-common:time_stop:2429          (B[m [[ -z 1782813501225 ]]
[2026-06-30T09:58:17.905Z] ++[38;5;242mfunctions-common:time_stop:2432          (B[m date +%s%3N
[2026-06-30T09:58:17.905Z] +[38;5;242mfunctions-common:time_stop:2432          (B[m end_time=1782813506236
[2026-06-30T09:58:17.905Z] +[38;5;242mfunctions-common:time_stop:2433          (B[m elapsed_time=5011
[2026-06-30T09:58:18.169Z] +[38;5;242mfunctions-common:time_stop:2434          (B[m total=45201
[2026-06-30T09:58:18.169Z] +[38;5;242mfunctions-common:time_stop:2436          (B[m _TIME_START[$name]=
[2026-06-30T09:58:18.169Z] +[38;5;242mfunctions-common:time_stop:2437          (B[m _TIME_TOTAL[$name]=50212
[2026-06-30T09:58:18.169Z] +[38;5;242minc/python:pip_install:219               (B[m return 0
[2026-06-30T09:58:18.169Z] +[38;5;242m./stack.sh:main:900                      (B[m install_apache_uwsgi
[2026-06-30T09:58:18.169Z] +[38;5;242mlib/apache:install_apache_uwsgi:79       (B[m local apxs=apxs2
[2026-06-30T09:58:18.169Z] +[38;5;242mlib/apache:install_apache_uwsgi:80       (B[m is_fedora
[2026-06-30T09:58:18.169Z] +[38;5;242mfunctions-common:is_fedora:526           (B[m [[ -z Ubuntu ]]
[2026-06-30T09:58:18.169Z] +[38;5;242mfunctions-common:is_fedora:530           (B[m '[' Ubuntu = Fedora ']'
[2026-06-30T09:58:18.432Z] +[38;5;242mfunctions-common:is_fedora:530           (B[m '[' Ubuntu = 'Red Hat' ']'
[2026-06-30T09:58:18.432Z] +[38;5;242mfunctions-common:is_fedora:531           (B[m '[' Ubuntu = openEuler ']'
[2026-06-30T09:58:18.432Z] +[38;5;242mfunctions-common:is_fedora:532           (B[m '[' Ubuntu = RedHatEnterpriseServer ']'
[2026-06-30T09:58:18.432Z] +[38;5;242mfunctions-common:is_fedora:533           (B[m '[' Ubuntu = RedHatEnterprise ']'
[2026-06-30T09:58:18.432Z] +[38;5;242mfunctions-common:is_fedora:534           (B[m '[' Ubuntu = RedHatEnterpriseLinux ']'
[2026-06-30T09:58:18.432Z] +[38;5;242mfunctions-common:is_fedora:535           (B[m '[' Ubuntu = RockyLinux ']'
[2026-06-30T09:58:18.432Z] +[38;5;242mfunctions-common:is_fedora:536           (B[m '[' Ubuntu = CentOS ']'
[2026-06-30T09:58:18.432Z] +[38;5;242mfunctions-common:is_fedora:536           (B[m '[' Ubuntu = CentOSStream ']'
[2026-06-30T09:58:18.432Z] +[38;5;242mfunctions-common:is_fedora:537           (B[m '[' Ubuntu = AlmaLinux ']'
[2026-06-30T09:58:18.694Z] +[38;5;242mfunctions-common:is_fedora:538           (B[m '[' Ubuntu = OracleServer ']'
[2026-06-30T09:58:18.694Z] +[38;5;242mfunctions-common:is_fedora:538           (B[m '[' Ubuntu = Virtuozzo ']'
[2026-06-30T09:58:18.694Z] +[38;5;242mlib/apache:install_apache_uwsgi:84       (B[m is_ubuntu
[2026-06-30T09:58:18.694Z] +[38;5;242mfunctions-common:is_ubuntu:546           (B[m [[ -z deb ]]
[2026-06-30T09:58:18.694Z] +[38;5;242mfunctions-common:is_ubuntu:549           (B[m '[' deb = deb ']'
[2026-06-30T09:58:18.694Z] +[38;5;242mlib/apache:install_apache_uwsgi:85       (B[m local 'pkg_list=uwsgi uwsgi-plugin-python3'
[2026-06-30T09:58:18.694Z] +[38;5;242mlib/apache:install_apache_uwsgi:86       (B[m install_package uwsgi uwsgi-plugin-python3
[2026-06-30T09:58:18.694Z] +[38;5;242mfunctions-common:install_package:1438    (B[m update_package_repo
[2026-06-30T09:58:18.694Z] +[38;5;242mfunctions-common:update_package_repo:1412 (B[m NO_UPDATE_REPOS=False
[2026-06-30T09:58:18.956Z] +[38;5;242mfunctions-common:update_package_repo:1413 (B[m REPOS_UPDATED=True
[2026-06-30T09:58:18.956Z] +[38;5;242mfunctions-common:update_package_repo:1414 (B[m RETRY_UPDATE=False
[2026-06-30T09:58:18.956Z] +[38;5;242mfunctions-common:update_package_repo:1416 (B[m [[ False = \T\r\u\e ]]
[2026-06-30T09:58:18.956Z] +[38;5;242mfunctions-common:update_package_repo:1420 (B[m is_ubuntu
[2026-06-30T09:58:18.956Z] +[38;5;242mfunctions-common:is_ubuntu:546           (B[m [[ -z deb ]]
[2026-06-30T09:58:18.956Z] +[38;5;242mfunctions-common:is_ubuntu:549           (B[m '[' deb = deb ']'
[2026-06-30T09:58:18.956Z] +[38;5;242mfunctions-common:update_package_repo:1421 (B[m apt_get_update
[2026-06-30T09:58:18.956Z] +[38;5;242mfunctions-common:apt_get_update:1166     (B[m [[ True == \T\r\u\e ]]
[2026-06-30T09:58:18.956Z] +[38;5;242mfunctions-common:apt_get_update:1166     (B[m [[ False != \T\r\u\e ]]
[2026-06-30T09:58:18.956Z] +[38;5;242mfunctions-common:apt_get_update:1167     (B[m return
[2026-06-30T09:58:19.218Z] +[38;5;242mfunctions-common:install_package:1439    (B[m real_install_package uwsgi uwsgi-plugin-python3
[2026-06-30T09:58:19.218Z] +[38;5;242mfunctions-common:real_install_package:1426 (B[m is_ubuntu
[2026-06-30T09:58:19.218Z] +[38;5;242mfunctions-common:is_ubuntu:546           (B[m [[ -z deb ]]
[2026-06-30T09:58:19.218Z] +[38;5;242mfunctions-common:is_ubuntu:549           (B[m '[' deb = deb ']'
[2026-06-30T09:58:19.218Z] +[38;5;242mfunctions-common:real_install_package:1427 (B[m apt_get install uwsgi uwsgi-plugin-python3
[2026-06-30T09:58:19.483Z] +[38;5;242mfunctions-common:apt_get:1207            (B[m sudo DEBIAN_FRONTEND=noninteractive http_proxy=http://proxy-in.its.hpecorp.net:80 https_proxy=http://proxy-in.its.hpecorp.net:443 no_proxy=10.201.5.87,10.201.4.29,10.201.3.85,10.201.3.86,localhost,127.0.0.1,10.201.4.31,10.201.4.32,10.201.4.33,10.201.4.34,10.201.1.221,172.28.65.17,172.28.65.18,172.28.65.207,172.28.65.208 apt-get --option Dpkg::Options::=--force-confold --assume-yes install uwsgi uwsgi-plugin-python3
[2026-06-30T09:58:19.483Z] Reading package lists...
[2026-06-30T09:58:20.058Z] Building dependency tree...
[2026-06-30T09:58:20.058Z] Reading state information...
[2026-06-30T09:58:20.322Z] uwsgi is already the newest version (2.0.24-2ubuntu10).
[2026-06-30T09:58:20.322Z] uwsgi-plugin-python3 is already the newest version (2.0.24-2ubuntu10).
[2026-06-30T09:58:20.322Z] 0 upgraded, 0 newly installed, 0 to remove and 67 not upgraded.
[2026-06-30T09:58:20.323Z] +[38;5;242mfunctions-common:apt_get:1211            (B[m result=0
[2026-06-30T09:58:20.323Z] +[38;5;242mfunctions-common:apt_get:1214            (B[m time_stop apt-get
[2026-06-30T09:58:20.323Z] +[38;5;242mfunctions-common:time_stop:2420          (B[m local name
[2026-06-30T09:58:20.323Z] +[38;5;242mfunctions-common:time_stop:2421          (B[m local end_time
[2026-06-30T09:58:20.323Z] +[38;5;242mfunctions-common:time_stop:2422          (B[m local elapsed_time
[2026-06-30T09:58:20.589Z] +[38;5;242mfunctions-common:time_stop:2423          (B[m local total
[2026-06-30T09:58:20.589Z] +[38;5;242mfunctions-common:time_stop:2424          (B[m local start_time
[2026-06-30T09:58:20.589Z] +[38;5;242mfunctions-common:time_stop:2426          (B[m name=apt-get
[2026-06-30T09:58:20.589Z] +[38;5;242mfunctions-common:time_stop:2427          (B[m start_time=1782813507635
[2026-06-30T09:58:20.589Z] +[38;5;242mfunctions-common:time_stop:2429          (B[m [[ -z 1782813507635 ]]
[2026-06-30T09:58:20.589Z] ++[38;5;242mfunctions-common:time_stop:2432          (B[m date +%s%3N
[2026-06-30T09:58:20.589Z] +[38;5;242mfunctions-common:time_stop:2432          (B[m end_time=1782813508866
[2026-06-30T09:58:20.589Z] +[38;5;242mfunctions-common:time_stop:2433          (B[m elapsed_time=1231
[2026-06-30T09:58:20.589Z] +[38;5;242mfunctions-common:time_stop:2434          (B[m total=90329
[2026-06-30T09:58:20.589Z] +[38;5;242mfunctions-common:time_stop:2436          (B[m _TIME_START[$name]=
[2026-06-30T09:58:20.852Z] +[38;5;242mfunctions-common:time_stop:2437          (B[m _TIME_TOTAL[$name]=91560
[2026-06-30T09:58:20.852Z] +[38;5;242mfunctions-common:apt_get:1215            (B[m return 0
[2026-06-30T09:58:20.852Z] +[38;5;242mlib/apache:install_apache_uwsgi:118      (B[m is_ubuntu
[2026-06-30T09:58:20.852Z] +[38;5;242mfunctions-common:is_ubuntu:546           (B[m [[ -z deb ]]
[2026-06-30T09:58:20.852Z] +[38;5;242mfunctions-common:is_ubuntu:549           (B[m '[' deb = deb ']'
[2026-06-30T09:58:20.852Z] +[38;5;242mlib/apache:install_apache_uwsgi:119      (B[m a2query -m proxy
[2026-06-30T09:58:21.430Z] proxy (enabled by site administrator)
[2026-06-30T09:58:21.430Z] +[38;5;242mlib/apache:install_apache_uwsgi:119      (B[m a2query -m proxy_uwsgi
[2026-06-30T09:58:21.430Z] proxy_uwsgi (enabled by site administrator)
[2026-06-30T09:58:21.430Z] +[38;5;242m./stack.sh:main:903                      (B[m install_keystoneauth
[2026-06-30T09:58:21.697Z] +[38;5;242mlib/keystone:install_keystoneauth:461    (B[m use_library_from_git keystoneauth
[2026-06-30T09:58:21.697Z] +[38;5;242minc/python:use_library_from_git:266      (B[m local name=keystoneauth
[2026-06-30T09:58:21.697Z] +[38;5;242minc/python:use_library_from_git:267      (B[m local enabled=1
[2026-06-30T09:58:21.697Z] +[38;5;242minc/python:use_library_from_git:268      (B[m [[ '' = \A\L\L ]]
[2026-06-30T09:58:21.697Z] +[38;5;242minc/python:use_library_from_git:268      (B[m [[ ,, =~ ,keystoneauth, ]]
[2026-06-30T09:58:21.697Z] +[38;5;242minc/python:use_library_from_git:269      (B[m return 1
[2026-06-30T09:58:21.697Z] +[38;5;242m./stack.sh:main:904                      (B[m install_keystoneclient
[2026-06-30T09:58:21.697Z] +[38;5;242mlib/keystone:install_keystoneclient:469  (B[m use_library_from_git python-keystoneclient
[2026-06-30T09:58:21.697Z] +[38;5;242minc/python:use_library_from_git:266      (B[m local name=python-keystoneclient
[2026-06-30T09:58:21.961Z] +[38;5;242minc/python:use_library_from_git:267      (B[m local enabled=1
[2026-06-30T09:58:21.961Z] +[38;5;242minc/python:use_library_from_git:268      (B[m [[ '' = \A\L\L ]]
[2026-06-30T09:58:21.961Z] +[38;5;242minc/python:use_library_from_git:268      (B[m [[ ,, =~ ,python-keystoneclient, ]]
[2026-06-30T09:58:21.961Z] +[38;5;242minc/python:use_library_from_git:269      (B[m return 1
[2026-06-30T09:58:21.961Z] +[38;5;242m./stack.sh:main:905                      (B[m install_glanceclient
[2026-06-30T09:58:21.961Z] +[38;5;242mlib/glance:install_glanceclient:542      (B[m use_library_from_git python-glanceclient
[2026-06-30T09:58:21.961Z] +[38;5;242minc/python:use_library_from_git:266      (B[m local name=python-glanceclient
[2026-06-30T09:58:21.961Z] +[38;5;242minc/python:use_library_from_git:267      (B[m local enabled=1
[2026-06-30T09:58:21.961Z] +[38;5;242minc/python:use_library_from_git:268      (B[m [[ '' = \A\L\L ]]
[2026-06-30T09:58:21.961Z] +[38;5;242minc/python:use_library_from_git:268      (B[m [[ ,, =~ ,python-glanceclient, ]]
[2026-06-30T09:58:22.223Z] +[38;5;242minc/python:use_library_from_git:269      (B[m return 1
[2026-06-30T09:58:22.223Z] +[38;5;242m./stack.sh:main:906                      (B[m install_cinderclient
[2026-06-30T09:58:22.223Z] +[38;5;242mlib/cinder:install_cinderclient:580      (B[m use_library_from_git python-brick-cinderclient-ext
[2026-06-30T09:58:22.223Z] +[38;5;242minc/python:use_library_from_git:266      (B[m local name=python-brick-cinderclient-ext
[2026-06-30T09:58:22.223Z] +[38;5;242minc/python:use_library_from_git:267      (B[m local enabled=1
[2026-06-30T09:58:22.223Z] +[38;5;242minc/python:use_library_from_git:268      (B[m [[ '' = \A\L\L ]]
[2026-06-30T09:58:22.223Z] +[38;5;242minc/python:use_library_from_git:268      (B[m [[ ,, =~ ,python-brick-cinderclient-ext, ]]
[2026-06-30T09:58:22.223Z] +[38;5;242minc/python:use_library_from_git:269      (B[m return 1
[2026-06-30T09:58:22.223Z] +[38;5;242mlib/cinder:install_cinderclient:585      (B[m use_library_from_git python-cinderclient
[2026-06-30T09:58:22.486Z] +[38;5;242minc/python:use_library_from_git:266      (B[m local name=python-cinderclient
[2026-06-30T09:58:22.486Z] +[38;5;242minc/python:use_library_from_git:267      (B[m local enabled=1
[2026-06-30T09:58:22.486Z] +[38;5;242minc/python:use_library_from_git:268      (B[m [[ '' = \A\L\L ]]
[2026-06-30T09:58:22.486Z] +[38;5;242minc/python:use_library_from_git:268      (B[m [[ ,, =~ ,python-cinderclient, ]]
[2026-06-30T09:58:22.486Z] +[38;5;242minc/python:use_library_from_git:269      (B[m return 1
[2026-06-30T09:58:22.486Z] +[38;5;242m./stack.sh:main:907                      (B[m install_novaclient
[2026-06-30T09:58:22.486Z] +[38;5;242mlib/nova:install_novaclient:899          (B[m use_library_from_git python-novaclient
[2026-06-30T09:58:22.486Z] +[38;5;242minc/python:use_library_from_git:266      (B[m local name=python-novaclient
[2026-06-30T09:58:22.486Z] +[38;5;242minc/python:use_library_from_git:267      (B[m local enabled=1
[2026-06-30T09:58:22.757Z] +[38;5;242minc/python:use_library_from_git:268      (B[m [[ '' = \A\L\L ]]
[2026-06-30T09:58:22.757Z] +[38;5;242minc/python:use_library_from_git:268      (B[m [[ ,, =~ ,python-novaclient, ]]
[2026-06-30T09:58:22.757Z] +[38;5;242minc/python:use_library_from_git:269      (B[m return 1
[2026-06-30T09:58:22.757Z] +[38;5;242m./stack.sh:main:908                      (B[m is_service_enabled swift glance horizon
[2026-06-30T09:58:22.757Z] +[38;5;242mfunctions-common:is_service_enabled:2076 (B[m return 0
[2026-06-30T09:58:23.025Z] +[38;5;242m./stack.sh:main:909                      (B[m install_swiftclient
[2026-06-30T09:58:23.025Z] +[38;5;242mlib/swift:install_swiftclient:744        (B[m use_library_from_git python-swiftclient
[2026-06-30T09:58:23.025Z] +[38;5;242minc/python:use_library_from_git:266      (B[m local name=python-swiftclient
[2026-06-30T09:58:23.025Z] +[38;5;242minc/python:use_library_from_git:267      (B[m local enabled=1
[2026-06-30T09:58:23.025Z] +[38;5;242minc/python:use_library_from_git:268      (B[m [[ '' = \A\L\L ]]
[2026-06-30T09:58:23.025Z] +[38;5;242minc/python:use_library_from_git:268      (B[m [[ ,, =~ ,python-swiftclient, ]]
[2026-06-30T09:58:23.025Z] +[38;5;242minc/python:use_library_from_git:269      (B[m return 1
[2026-06-30T09:58:23.025Z] +[38;5;242m./stack.sh:main:911                      (B[m is_service_enabled neutron nova horizon
[2026-06-30T09:58:23.288Z] +[38;5;242mfunctions-common:is_service_enabled:2076 (B[m return 0
[2026-06-30T09:58:23.288Z] +[38;5;242m./stack.sh:main:912                      (B[m install_neutronclient
[2026-06-30T09:58:23.288Z] +[38;5;242mlib/neutron:install_neutronclient:535    (B[m use_library_from_git python-neutronclient
[2026-06-30T09:58:23.288Z] +[38;5;242minc/python:use_library_from_git:266      (B[m local name=python-neutronclient
[2026-06-30T09:58:23.288Z] +[38;5;242minc/python:use_library_from_git:267      (B[m local enabled=1
[2026-06-30T09:58:23.288Z] +[38;5;242minc/python:use_library_from_git:268      (B[m [[ '' = \A\L\L ]]
[2026-06-30T09:58:23.553Z] +[38;5;242minc/python:use_library_from_git:268      (B[m [[ ,, =~ ,python-neutronclient, ]]
[2026-06-30T09:58:23.553Z] +[38;5;242minc/python:use_library_from_git:269      (B[m return 1
[2026-06-30T09:58:23.553Z] +[38;5;242m./stack.sh:main:916                      (B[m install_keystonemiddleware
[2026-06-30T09:58:23.553Z] +[38;5;242mlib/keystone:install_keystonemiddleware:479 (B[m use_library_from_git keystonemiddleware
[2026-06-30T09:58:23.553Z] +[38;5;242minc/python:use_library_from_git:266      (B[m local name=keystonemiddleware
[2026-06-30T09:58:23.553Z] +[38;5;242minc/python:use_library_from_git:267      (B[m local enabled=1
[2026-06-30T09:58:23.553Z] +[38;5;242minc/python:use_library_from_git:268      (B[m [[ '' = \A\L\L ]]
[2026-06-30T09:58:23.553Z] +[38;5;242minc/python:use_library_from_git:268      (B[m [[ ,, =~ ,keystonemiddleware, ]]
[2026-06-30T09:58:23.553Z] +[38;5;242minc/python:use_library_from_git:269      (B[m return 1
[2026-06-30T09:58:23.553Z] +[38;5;242mlib/keystone:install_keystonemiddleware:484 (B[m pip_install_gr keystonemiddleware
[2026-06-30T09:58:23.817Z] +[38;5;242minc/python:pip_install_gr:94             (B[m local name=keystonemiddleware
[2026-06-30T09:58:23.817Z] +[38;5;242minc/python:pip_install_gr:95             (B[m local clean_name
[2026-06-30T09:58:23.817Z] ++[38;5;242minc/python:pip_install_gr:96             (B[m get_from_global_requirements keystonemiddleware
[2026-06-30T09:58:23.817Z] ++[38;5;242minc/python:get_from_global_requirements:241 (B[m local package=keystonemiddleware
[2026-06-30T09:58:23.817Z] ++[38;5;242minc/python:get_from_global_requirements:242 (B[m local required_pkg
[2026-06-30T09:58:23.817Z] +++[38;5;242minc/python:get_from_global_requirements:243 (B[m grep -i -h '^keystonemiddleware' /opt/stack/requirements/global-requirements.txt
[2026-06-30T09:58:23.817Z] +++[38;5;242minc/python:get_from_global_requirements:243 (B[m cut -d# -f1
[2026-06-30T09:58:23.817Z] ++[38;5;242minc/python:get_from_global_requirements:243 (B[m required_pkg='keystonemiddleware  '
[2026-06-30T09:58:23.817Z] ++[38;5;242minc/python:get_from_global_requirements:244 (B[m [[ keystonemiddleware   == '' ]]
[2026-06-30T09:58:23.817Z] ++[38;5;242minc/python:get_from_global_requirements:247 (B[m echo keystonemiddleware
[2026-06-30T09:58:24.079Z] +[38;5;242minc/python:pip_install_gr:96             (B[m clean_name=keystonemiddleware
[2026-06-30T09:58:24.079Z] +[38;5;242minc/python:pip_install_gr:97             (B[m pip_install keystonemiddleware
[2026-06-30T09:58:24.079Z] Using python 3.12 to install keystonemiddleware
[2026-06-30T09:58:24.079Z] +[38;5;242minc/python:pip_install:210               (B[m env http_proxy=http://proxy-in.its.hpecorp.net:80 https_proxy=http://proxy-in.its.hpecorp.net:443 no_proxy=10.201.5.87,10.201.4.29,10.201.3.85,10.201.3.86,localhost,127.0.0.1,10.201.4.31,10.201.4.32,10.201.4.33,10.201.4.34,10.201.1.221,172.28.65.17,172.28.65.18,172.28.65.207,172.28.65.208 PIP_FIND_LINKS= /opt/stack/data/venv/bin/pip install -c /opt/stack/requirements/upper-constraints.txt keystonemiddleware
[2026-06-30T09:58:26.002Z] Collecting keystonemiddleware
[2026-06-30T09:58:26.002Z]   Downloading keystonemiddleware-13.0.0-py3-none-any.whl.metadata (3.9 kB)
[2026-06-30T09:58:26.002Z] Collecting keystoneauth1>=3.12.0 (from keystonemiddleware)
[2026-06-30T09:58:26.002Z]   Downloading keystoneauth1-5.14.0-py3-none-any.whl.metadata (2.9 kB)
[2026-06-30T09:58:26.309Z] Collecting oslo.cache>=3.11.0 (from keystonemiddleware)
[2026-06-30T09:58:26.309Z]   Downloading oslo_cache-4.2.0-py3-none-any.whl.metadata (2.5 kB)
[2026-06-30T09:58:26.309Z] Collecting oslo.config>=5.2.0 (from keystonemiddleware)
[2026-06-30T09:58:26.309Z]   Downloading oslo_config-10.5.0-py3-none-any.whl.metadata (2.3 kB)
[2026-06-30T09:58:26.309Z] Collecting oslo.context>=2.19.2 (from keystonemiddleware)
[2026-06-30T09:58:26.572Z]   Downloading oslo_context-6.4.0-py3-none-any.whl.metadata (2.3 kB)
[2026-06-30T09:58:26.572Z] Collecting oslo.i18n>=3.15.3 (from keystonemiddleware)
[2026-06-30T09:58:26.572Z]   Downloading oslo_i18n-6.8.0-py3-none-any.whl.metadata (2.0 kB)
[2026-06-30T09:58:26.572Z] Collecting oslo.log>=3.36.0 (from keystonemiddleware)
[2026-06-30T09:58:26.572Z]   Downloading oslo_log-8.2.0-py3-none-any.whl.metadata (2.5 kB)
[2026-06-30T09:58:26.835Z] Collecting oslo.serialization>=2.18.0 (from keystonemiddleware)
[2026-06-30T09:58:26.835Z]   Downloading oslo_serialization-5.10.0-py3-none-any.whl.metadata (2.1 kB)
[2026-06-30T09:58:26.835Z] Collecting oslo.utils>=3.33.0 (from keystonemiddleware)
[2026-06-30T09:58:26.835Z]   Downloading oslo_utils-10.1.1-py3-none-any.whl.metadata (2.1 kB)
[2026-06-30T09:58:26.835Z] Requirement already satisfied: pbr>=2.0.0 in /opt/stack/data/venv/lib/python3.12/site-packages (from keystonemiddleware) (7.0.3)
[2026-06-30T09:58:27.098Z] Collecting pycadf>=1.1.0 (from keystonemiddleware)
[2026-06-30T09:58:27.098Z]   Downloading pycadf-4.0.1-py3-none-any.whl.metadata (2.2 kB)
[2026-06-30T09:58:27.098Z] Collecting PyJWT>=2.4.0 (from keystonemiddleware)
[2026-06-30T09:58:27.098Z]   Downloading pyjwt-2.13.0-py3-none-any.whl.metadata (3.4 kB)
[2026-06-30T09:58:27.360Z] Collecting python-keystoneclient>=3.20.0 (from keystonemiddleware)
[2026-06-30T09:58:27.360Z]   Downloading python_keystoneclient-5.8.0-py3-none-any.whl.metadata (3.8 kB)
[2026-06-30T09:58:27.360Z] Requirement already satisfied: requests>=2.14.2 in /opt/stack/data/venv/lib/python3.12/site-packages (from keystonemiddleware) (2.34.2)
[2026-06-30T09:58:27.360Z] Collecting WebOb>=1.7.1 (from keystonemiddleware)
[2026-06-30T09:58:27.360Z]   Downloading webob-1.8.10-py2.py3-none-any.whl.metadata (12 kB)
[2026-06-30T09:58:27.360Z] Requirement already satisfied: iso8601>=2.0.0 in /opt/stack/data/venv/lib/python3.12/site-packages (from keystoneauth1>=3.12.0->keystonemiddleware) (2.1.0)
[2026-06-30T09:58:27.626Z] Collecting stevedore>=1.20.0 (from keystoneauth1>=3.12.0->keystonemiddleware)
[2026-06-30T09:58:27.626Z]   Downloading stevedore-5.8.0-py3-none-any.whl.metadata (2.3 kB)
[2026-06-30T09:58:27.626Z] Collecting os-service-types>=1.2.0 (from keystoneauth1>=3.12.0->keystonemiddleware)
[2026-06-30T09:58:27.626Z]   Downloading os_service_types-1.8.2-py3-none-any.whl.metadata (1.9 kB)
[2026-06-30T09:58:27.889Z] Collecting typing-extensions>=4.12 (from keystoneauth1>=3.12.0->keystonemiddleware)
[2026-06-30T09:58:27.889Z]   Downloading typing_extensions-4.15.0-py3-none-any.whl.metadata (3.3 kB)
[2026-06-30T09:58:27.889Z] Collecting dogpile.cache>=1.3.3 (from oslo.cache>=3.11.0->keystonemiddleware)
[2026-06-30T09:58:27.889Z]   Downloading dogpile_cache-1.5.0-py3-none-any.whl.metadata (5.5 kB)
[2026-06-30T09:58:28.152Z] Collecting decorator>=4.0.0 (from dogpile.cache>=1.3.3->oslo.cache>=3.11.0->keystonemiddleware)
[2026-06-30T09:58:28.152Z]   Downloading decorator-5.3.1-py3-none-any.whl.metadata (3.9 kB)
[2026-06-30T09:58:28.152Z] Collecting netaddr>=0.7.18 (from oslo.config>=5.2.0->keystonemiddleware)
[2026-06-30T09:58:28.152Z]   Downloading netaddr-1.3.0-py3-none-any.whl.metadata (5.0 kB)
[2026-06-30T09:58:28.152Z] Collecting rfc3986>=1.2.0 (from oslo.config>=5.2.0->keystonemiddleware)
[2026-06-30T09:58:28.152Z]   Downloading rfc3986-2.0.0-py2.py3-none-any.whl.metadata (6.6 kB)
[2026-06-30T09:58:28.416Z] Requirement already satisfied: PyYAML>=5.1 in /opt/stack/data/venv/lib/python3.12/site-packages (from oslo.config>=5.2.0->keystonemiddleware) (6.0.3)
[2026-06-30T09:58:28.416Z] Collecting python-dateutil>=2.7.0 (from oslo.log>=3.36.0->keystonemiddleware)
[2026-06-30T09:58:28.416Z]   Downloading python_dateutil-2.9.0.post0-py2.py3-none-any.whl.metadata (8.4 kB)
[2026-06-30T09:58:28.416Z] Requirement already satisfied: debtcollector>=3.0.0 in /opt/stack/data/venv/lib/python3.12/site-packages (from oslo.log>=3.36.0->keystonemiddleware) (3.1.0)
[2026-06-30T09:58:28.416Z] Requirement already satisfied: wrapt>=2.1.0 in /opt/stack/data/venv/lib/python3.12/site-packages (from debtcollector>=3.0.0->oslo.log>=3.36.0->keystonemiddleware) (2.2.1)
[2026-06-30T09:58:28.740Z] Collecting msgpack>=0.5.2 (from oslo.serialization>=2.18.0->keystonemiddleware)
[2026-06-30T09:58:28.740Z]   Downloading msgpack-1.2.1-cp312-cp312-manylinux2014_x86_64.manylinux_2_17_x86_64.manylinux_2_28_x86_64.whl.metadata (8.3 kB)
[2026-06-30T09:58:29.004Z] Collecting pyparsing>=2.1.0 (from oslo.utils>=3.33.0->keystonemiddleware)
[2026-06-30T09:58:29.004Z]   Downloading pyparsing-3.3.2-py3-none-any.whl.metadata (5.8 kB)
[2026-06-30T09:58:29.004Z] Requirement already satisfied: packaging>=20.4 in /opt/stack/data/venv/lib/python3.12/site-packages (from oslo.utils>=3.33.0->keystonemiddleware) (26.2)
[2026-06-30T09:58:29.269Z] Collecting psutil>=3.2.2 (from oslo.utils>=3.33.0->keystonemiddleware)
[2026-06-30T09:58:29.269Z]   Downloading psutil-7.2.2-cp36-abi3-manylinux2010_x86_64.manylinux_2_12_x86_64.manylinux_2_28_x86_64.whl.metadata (22 kB)
[2026-06-30T09:58:29.269Z] Requirement already satisfied: setuptools in /opt/stack/data/venv/lib/python3.12/site-packages (from pbr>=2.0.0->keystonemiddleware) (82.0.1)
[2026-06-30T09:58:29.533Z] Collecting six>=1.5 (from python-dateutil>=2.7.0->oslo.log>=3.36.0->keystonemiddleware)
[2026-06-30T09:58:29.533Z]   Downloading six-1.17.0-py2.py3-none-any.whl.metadata (1.7 kB)
[2026-06-30T09:58:29.533Z] Requirement already satisfied: charset_normalizer<4,>=2 in /opt/stack/data/venv/lib/python3.12/site-packages (from requests>=2.14.2->keystonemiddleware) (3.4.7)
[2026-06-30T09:58:29.533Z] Requirement already satisfied: idna<4,>=2.5 in /opt/stack/data/venv/lib/python3.12/site-packages (from requests>=2.14.2->keystonemiddleware) (3.18)
[2026-06-30T09:58:29.533Z] Requirement already satisfied: urllib3<3,>=1.26 in /opt/stack/data/venv/lib/python3.12/site-packages (from requests>=2.14.2->keystonemiddleware) (2.7.0)
[2026-06-30T09:58:29.533Z] Requirement already satisfied: certifi>=2023.5.7 in /usr/lib/python3/dist-packages (from requests>=2.14.2->keystonemiddleware) (2023.11.17)
[2026-06-30T09:58:29.533Z] Downloading keystonemiddleware-13.0.0-py3-none-any.whl (135 kB)
[2026-06-30T09:58:29.797Z] Downloading keystoneauth1-5.14.0-py3-none-any.whl (343 kB)
[2026-06-30T09:58:30.372Z] Downloading os_service_types-1.8.2-py3-none-any.whl (24 kB)
[2026-06-30T09:58:30.634Z] Downloading oslo_cache-4.2.0-py3-none-any.whl (65 kB)
[2026-06-30T09:58:30.634Z] Downloading dogpile_cache-1.5.0-py3-none-any.whl (64 kB)
[2026-06-30T09:58:30.634Z] Downloading decorator-5.3.1-py3-none-any.whl (10 kB)
[2026-06-30T09:58:30.634Z] Downloading oslo_config-10.5.0-py3-none-any.whl (137 kB)
[2026-06-30T09:58:30.898Z] Downloading netaddr-1.3.0-py3-none-any.whl (2.3 MB)
[2026-06-30T09:58:31.501Z]    ━━━━━━━━━━━━━━━━━━━━━━━━━━━━━━━━━━━━━━━━ 2.3/2.3 MB 4.3 MB/s  0:00:00
[2026-06-30T09:58:31.501Z] Downloading oslo_context-6.4.0-py3-none-any.whl (20 kB)
[2026-06-30T09:58:31.501Z] Downloading oslo_i18n-6.8.0-py3-none-any.whl (47 kB)
[2026-06-30T09:58:31.501Z] Downloading oslo_log-8.2.0-py3-none-any.whl (77 kB)
[2026-06-30T09:58:31.765Z] Downloading oslo_serialization-5.10.0-py3-none-any.whl (27 kB)
[2026-06-30T09:58:31.765Z] Downloading msgpack-1.2.1-cp312-cp312-manylinux2014_x86_64.manylinux_2_17_x86_64.manylinux_2_28_x86_64.whl (419 kB)
[2026-06-30T09:58:31.765Z] Downloading oslo_utils-10.1.1-py3-none-any.whl (154 kB)
[2026-06-30T09:58:31.765Z] Downloading psutil-7.2.2-cp36-abi3-manylinux2010_x86_64.manylinux_2_12_x86_64.manylinux_2_28_x86_64.whl (155 kB)
[2026-06-30T09:58:31.765Z] Downloading pycadf-4.0.1-py3-none-any.whl (44 kB)
[2026-06-30T09:58:32.027Z] Downloading pyjwt-2.13.0-py3-none-any.whl (31 kB)
[2026-06-30T09:58:32.027Z] Downloading pyparsing-3.3.2-py3-none-any.whl (122 kB)
[2026-06-30T09:58:32.027Z] Downloading python_dateutil-2.9.0.post0-py2.py3-none-any.whl (229 kB)
[2026-06-30T09:58:32.027Z] Downloading python_keystoneclient-5.8.0-py3-none-any.whl (397 kB)
[2026-06-30T09:58:32.027Z] Downloading rfc3986-2.0.0-py2.py3-none-any.whl (31 kB)
[2026-06-30T09:58:32.027Z] Downloading six-1.17.0-py2.py3-none-any.whl (11 kB)
[2026-06-30T09:58:32.289Z] Downloading stevedore-5.8.0-py3-none-any.whl (54 kB)
[2026-06-30T09:58:32.289Z] Downloading typing_extensions-4.15.0-py3-none-any.whl (44 kB)
[2026-06-30T09:58:32.289Z] Downloading webob-1.8.10-py2.py3-none-any.whl (115 kB)
[2026-06-30T09:58:32.864Z] Installing collected packages: WebOb, typing-extensions, stevedore, six, rfc3986, pyparsing, PyJWT, psutil, netaddr, msgpack, decorator, python-dateutil, oslo.i18n, oslo.context, os-service-types, dogpile.cache, oslo.utils, oslo.config, keystoneauth1, oslo.serialization, python-keystoneclient, pycadf, oslo.log, oslo.cache, keystonemiddleware
[2026-06-30T09:58:32.864Z]   Attempting uninstall: typing-extensions
[2026-06-30T09:58:32.864Z]     Found existing installation: typing_extensions 4.10.0
[2026-06-30T09:58:32.864Z]     Not uninstalling typing-extensions at /usr/lib/python3/dist-packages, outside environment /opt/stack/data/venv
[2026-06-30T09:58:32.864Z]     Can't uninstall 'typing_extensions'. No files were found to uninstall.
[2026-06-30T09:58:32.864Z]   Attempting uninstall: stevedore
[2026-06-30T09:58:32.864Z]     Found existing installation: stevedore 5.1.0
[2026-06-30T09:58:32.864Z]     Not uninstalling stevedore at /usr/lib/python3/dist-packages, outside environment /opt/stack/data/venv
[2026-06-30T09:58:32.864Z]     Can't uninstall 'stevedore'. No files were found to uninstall.
[2026-06-30T09:58:32.864Z]   Attempting uninstall: six
[2026-06-30T09:58:32.864Z]     Found existing installation: six 1.16.0
[2026-06-30T09:58:32.864Z]     Not uninstalling six at /usr/lib/python3/dist-packages, outside environment /opt/stack/data/venv
[2026-06-30T09:58:32.864Z]     Can't uninstall 'six'. No files were found to uninstall.
[2026-06-30T09:58:33.125Z]   Attempting uninstall: pyparsing
[2026-06-30T09:58:33.125Z]     Found existing installation: pyparsing 3.1.1
[2026-06-30T09:58:33.125Z]     Not uninstalling pyparsing at /usr/lib/python3/dist-packages, outside environment /opt/stack/data/venv
[2026-06-30T09:58:33.125Z]     Can't uninstall 'pyparsing'. No files were found to uninstall.
[2026-06-30T09:58:33.125Z]   Attempting uninstall: PyJWT
[2026-06-30T09:58:33.386Z]     Found existing installation: PyJWT 2.7.0
[2026-06-30T09:58:33.387Z]     Not uninstalling pyjwt at /usr/lib/python3/dist-packages, outside environment /opt/stack/data/venv
[2026-06-30T09:58:33.387Z]     Can't uninstall 'PyJWT'. No files were found to uninstall.
[2026-06-30T09:58:33.387Z]   Attempting uninstall: netaddr
[2026-06-30T09:58:33.387Z]     Found existing installation: netaddr 0.8.0
[2026-06-30T09:58:33.387Z]     Not uninstalling netaddr at /usr/lib/python3/dist-packages, outside environment /opt/stack/data/venv
[2026-06-30T09:58:33.387Z]     Can't uninstall 'netaddr'. No files were found to uninstall.
[2026-06-30T09:58:33.649Z]   Attempting uninstall: python-dateutil
[2026-06-30T09:58:33.649Z]     Found existing installation: python-dateutil 2.8.2
[2026-06-30T09:58:33.649Z]     Not uninstalling python-dateutil at /usr/lib/python3/dist-packages, outside environment /opt/stack/data/venv
[2026-06-30T09:58:33.649Z]     Can't uninstall 'python-dateutil'. No files were found to uninstall.
[2026-06-30T09:58:33.649Z]   Attempting uninstall: oslo.i18n
[2026-06-30T09:58:33.649Z]     Found existing installation: oslo.i18n 6.3.0
[2026-06-30T09:58:33.649Z]     Not uninstalling oslo-i18n at /usr/lib/python3/dist-packages, outside environment /opt/stack/data/venv
[2026-06-30T09:58:33.649Z]     Can't uninstall 'oslo.i18n'. No files were found to uninstall.
[2026-06-30T09:58:33.911Z]   Attempting uninstall: os-service-types
[2026-06-30T09:58:33.911Z]     Found existing installation: os-service-types 1.7.0
[2026-06-30T09:58:33.911Z]     Not uninstalling os-service-types at /usr/lib/python3/dist-packages, outside environment /opt/stack/data/venv
[2026-06-30T09:58:33.911Z]     Can't uninstall 'os-service-types'. No files were found to uninstall.
[2026-06-30T09:58:33.911Z]   Attempting uninstall: oslo.utils
[2026-06-30T09:58:33.911Z]     Found existing installation: oslo.utils 7.1.0
[2026-06-30T09:58:33.911Z]     Not uninstalling oslo-utils at /usr/lib/python3/dist-packages, outside environment /opt/stack/data/venv
[2026-06-30T09:58:33.911Z]     Can't uninstall 'oslo.utils'. No files were found to uninstall.
[2026-06-30T09:58:34.484Z]   Attempting uninstall: keystoneauth1
[2026-06-30T09:58:34.484Z]     Found existing installation: keystoneauth1 5.6.0
[2026-06-30T09:58:34.484Z]     Not uninstalling keystoneauth1 at /usr/lib/python3/dist-packages, outside environment /opt/stack/data/venv
[2026-06-30T09:58:34.484Z]     Can't uninstall 'keystoneauth1'. No files were found to uninstall.
[2026-06-30T09:58:35.878Z] 
[2026-06-30T09:58:35.878Z] Successfully installed PyJWT-2.13.0 WebOb-1.8.10 decorator-5.3.1 dogpile.cache-1.5.0 keystoneauth1-5.14.0 keystonemiddleware-13.0.0 msgpack-1.2.1 netaddr-1.3.0 os-service-types-1.8.2 oslo.cache-4.2.0 oslo.config-10.5.0 oslo.context-6.4.0 oslo.i18n-6.8.0 oslo.log-8.2.0 oslo.serialization-5.10.0 oslo.utils-10.1.1 psutil-7.2.2 pycadf-4.0.1 pyparsing-3.3.2 python-dateutil-2.9.0.post0 python-keystoneclient-5.8.0 rfc3986-2.0.0 six-1.17.0 stevedore-5.8.0 typing-extensions-4.15.0
[2026-06-30T09:58:35.878Z] +[38;5;242minc/python:pip_install:216               (B[m result=0
[2026-06-30T09:58:35.878Z] +[38;5;242minc/python:pip_install:218               (B[m time_stop pip_install
[2026-06-30T09:58:35.878Z] +[38;5;242mfunctions-common:time_stop:2420          (B[m local name
[2026-06-30T09:58:35.878Z] +[38;5;242mfunctions-common:time_stop:2421          (B[m local end_time
[2026-06-30T09:58:35.878Z] +[38;5;242mfunctions-common:time_stop:2422          (B[m local elapsed_time
[2026-06-30T09:58:35.878Z] +[38;5;242mfunctions-common:time_stop:2423          (B[m local total
[2026-06-30T09:58:35.878Z] +[38;5;242mfunctions-common:time_stop:2424          (B[m local start_time
[2026-06-30T09:58:35.878Z] +[38;5;242mfunctions-common:time_stop:2426          (B[m name=pip_install
[2026-06-30T09:58:35.878Z] +[38;5;242mfunctions-common:time_stop:2427          (B[m start_time=1782813512387
[2026-06-30T09:58:36.142Z] +[38;5;242mfunctions-common:time_stop:2429          (B[m [[ -z 1782813512387 ]]
[2026-06-30T09:58:36.142Z] ++[38;5;242mfunctions-common:time_stop:2432          (B[m date +%s%3N
[2026-06-30T09:58:36.142Z] +[38;5;242mfunctions-common:time_stop:2432          (B[m end_time=1782813524311
[2026-06-30T09:58:36.142Z] +[38;5;242mfunctions-common:time_stop:2433          (B[m elapsed_time=11924
[2026-06-30T09:58:36.142Z] +[38;5;242mfunctions-common:time_stop:2434          (B[m total=50212
[2026-06-30T09:58:36.142Z] +[38;5;242mfunctions-common:time_stop:2436          (B[m _TIME_START[$name]=
[2026-06-30T09:58:36.142Z] +[38;5;242mfunctions-common:time_stop:2437          (B[m _TIME_TOTAL[$name]=62136
[2026-06-30T09:58:36.142Z] +[38;5;242minc/python:pip_install:219               (B[m return 0
[2026-06-30T09:58:36.142Z] +[38;5;242mlib/keystone:install_keystonemiddleware:488 (B[m pip_install_gr python-memcached
[2026-06-30T09:58:36.142Z] +[38;5;242minc/python:pip_install_gr:94             (B[m local name=python-memcached
[2026-06-30T09:58:36.404Z] +[38;5;242minc/python:pip_install_gr:95             (B[m local clean_name
[2026-06-30T09:58:36.404Z] ++[38;5;242minc/python:pip_install_gr:96             (B[m get_from_global_requirements python-memcached
[2026-06-30T09:58:36.404Z] ++[38;5;242minc/python:get_from_global_requirements:241 (B[m local package=python-memcached
[2026-06-30T09:58:36.404Z] ++[38;5;242minc/python:get_from_global_requirements:242 (B[m local required_pkg
[2026-06-30T09:58:36.404Z] +++[38;5;242minc/python:get_from_global_requirements:243 (B[m cut -d# -f1
[2026-06-30T09:58:36.404Z] +++[38;5;242minc/python:get_from_global_requirements:243 (B[m grep -i -h '^python-memcached' /opt/stack/requirements/global-requirements.txt
[2026-06-30T09:58:36.404Z] ++[38;5;242minc/python:get_from_global_requirements:243 (B[m required_pkg='python-memcached  '
[2026-06-30T09:58:36.404Z] ++[38;5;242minc/python:get_from_global_requirements:244 (B[m [[ python-memcached   == '' ]]
[2026-06-30T09:58:36.404Z] ++[38;5;242minc/python:get_from_global_requirements:247 (B[m echo python-memcached
[2026-06-30T09:58:36.668Z] +[38;5;242minc/python:pip_install_gr:96             (B[m clean_name=python-memcached
[2026-06-30T09:58:36.668Z] +[38;5;242minc/python:pip_install_gr:97             (B[m pip_install python-memcached
[2026-06-30T09:58:36.668Z] Using python 3.12 to install python-memcached
[2026-06-30T09:58:36.668Z] +[38;5;242minc/python:pip_install:210               (B[m env http_proxy=http://proxy-in.its.hpecorp.net:80 https_proxy=http://proxy-in.its.hpecorp.net:443 no_proxy=10.201.5.87,10.201.4.29,10.201.3.85,10.201.3.86,localhost,127.0.0.1,10.201.4.31,10.201.4.32,10.201.4.33,10.201.4.34,10.201.1.221,172.28.65.17,172.28.65.18,172.28.65.207,172.28.65.208 PIP_FIND_LINKS= /opt/stack/data/venv/bin/pip install -c /opt/stack/requirements/upper-constraints.txt python-memcached
[2026-06-30T09:58:38.592Z] Collecting python-memcached
[2026-06-30T09:58:38.592Z]   Downloading python_memcached-1.62-py2.py3-none-any.whl.metadata (2.3 kB)
[2026-06-30T09:58:38.592Z] Downloading python_memcached-1.62-py2.py3-none-any.whl (15 kB)
[2026-06-30T09:58:38.855Z] Installing collected packages: python-memcached
[2026-06-30T09:58:38.855Z] Successfully installed python-memcached-1.62
[2026-06-30T09:58:39.119Z] +[38;5;242minc/python:pip_install:216               (B[m result=0
[2026-06-30T09:58:39.119Z] +[38;5;242minc/python:pip_install:218               (B[m time_stop pip_install
[2026-06-30T09:58:39.119Z] +[38;5;242mfunctions-common:time_stop:2420          (B[m local name
[2026-06-30T09:58:39.119Z] +[38;5;242mfunctions-common:time_stop:2421          (B[m local end_time
[2026-06-30T09:58:39.119Z] +[38;5;242mfunctions-common:time_stop:2422          (B[m local elapsed_time
[2026-06-30T09:58:39.119Z] +[38;5;242mfunctions-common:time_stop:2423          (B[m local total
[2026-06-30T09:58:39.383Z] +[38;5;242mfunctions-common:time_stop:2424          (B[m local start_time
[2026-06-30T09:58:39.383Z] +[38;5;242mfunctions-common:time_stop:2426          (B[m name=pip_install
[2026-06-30T09:58:39.383Z] +[38;5;242mfunctions-common:time_stop:2427          (B[m start_time=1782813524949
[2026-06-30T09:58:39.383Z] +[38;5;242mfunctions-common:time_stop:2429          (B[m [[ -z 1782813524949 ]]
[2026-06-30T09:58:39.383Z] ++[38;5;242mfunctions-common:time_stop:2432          (B[m date +%s%3N
[2026-06-30T09:58:39.383Z] +[38;5;242mfunctions-common:time_stop:2432          (B[m end_time=1782813527639
[2026-06-30T09:58:39.383Z] +[38;5;242mfunctions-common:time_stop:2433          (B[m elapsed_time=2690
[2026-06-30T09:58:39.383Z] +[38;5;242mfunctions-common:time_stop:2434          (B[m total=62136
[2026-06-30T09:58:39.383Z] +[38;5;242mfunctions-common:time_stop:2436          (B[m _TIME_START[$name]=
[2026-06-30T09:58:39.646Z] +[38;5;242mfunctions-common:time_stop:2437          (B[m _TIME_TOTAL[$name]=64826
[2026-06-30T09:58:39.646Z] +[38;5;242minc/python:pip_install:219               (B[m return 0
[2026-06-30T09:58:39.646Z] +[38;5;242m./stack.sh:main:918                      (B[m is_service_enabled keystone
[2026-06-30T09:58:39.646Z] +[38;5;242mfunctions-common:is_service_enabled:2076 (B[m return 0
[2026-06-30T09:58:39.646Z] +[38;5;242m./stack.sh:main:919                      (B[m '[' 10.132.239.110 == 10.132.239.110 ']'
[2026-06-30T09:58:39.907Z] +[38;5;242m./stack.sh:main:920                      (B[m stack_install_service keystone
[2026-06-30T09:58:39.907Z] +[38;5;242mlib/stack:stack_install_service:20       (B[m local service=keystone
[2026-06-30T09:58:39.907Z] +[38;5;242mlib/stack:stack_install_service:21       (B[m type install_keystone
[2026-06-30T09:58:39.907Z] +[38;5;242mlib/stack:stack_install_service:23       (B[m [[ False = True ]]
[2026-06-30T09:58:39.907Z] +[38;5;242mlib/stack:stack_install_service:32       (B[m install_keystone
[2026-06-30T09:58:39.907Z] +[38;5;242mlib/keystone:install_keystone:494        (B[m is_service_enabled ldap
[2026-06-30T09:58:40.170Z] +[38;5;242mfunctions-common:is_service_enabled:2076 (B[m return 1
[2026-06-30T09:58:40.170Z] +[38;5;242mlib/keystone:install_keystone:498        (B[m git_clone http://github.com/openstack/keystone.git /opt/stack/keystone master
[2026-06-30T09:58:40.170Z] +[38;5;242mfunctions-common:git_clone:589           (B[m local git_remote=http://github.com/openstack/keystone.git
[2026-06-30T09:58:40.170Z] +[38;5;242mfunctions-common:git_clone:590           (B[m local git_dest=/opt/stack/keystone
[2026-06-30T09:58:40.170Z] +[38;5;242mfunctions-common:git_clone:591           (B[m local git_ref=master
[2026-06-30T09:58:40.170Z] +[38;5;242mfunctions-common:git_clone:592           (B[m local orig_dir
[2026-06-30T09:58:40.170Z] ++[38;5;242mfunctions-common:git_clone:593           (B[m pwd
[2026-06-30T09:58:40.170Z] +[38;5;242mfunctions-common:git_clone:593           (B[m orig_dir=/opt/stack/devstack
[2026-06-30T09:58:40.436Z] +[38;5;242mfunctions-common:git_clone:594           (B[m local git_clone_flags=
[2026-06-30T09:58:40.437Z] ++[38;5;242mfunctions-common:git_clone:596           (B[m trueorfalse False RECLONE
[2026-06-30T09:58:40.437Z] +[38;5;242mfunctions-common:git_clone:596           (B[m RECLONE=False
[2026-06-30T09:58:40.437Z] +[38;5;242mfunctions-common:git_clone:597           (B[m [[ 0 -gt 0 ]]
[2026-06-30T09:58:40.437Z] +[38;5;242mfunctions-common:git_clone:601           (B[m [[ False = \T\r\u\e ]]
[2026-06-30T09:58:40.706Z] +[38;5;242mfunctions-common:git_clone:610           (B[m egrep -q '^refs'
[2026-06-30T09:58:40.706Z] +[38;5;242mfunctions-common:git_clone:610           (B[m echo master
[2026-06-30T09:58:40.706Z] +[38;5;242mfunctions-common:git_clone:624           (B[m [[ ! -d /opt/stack/keystone ]]
[2026-06-30T09:58:40.706Z] +[38;5;242mfunctions-common:git_clone:625           (B[m [[ False = \T\r\u\e ]]
[2026-06-30T09:58:40.706Z] +[38;5;242mfunctions-common:git_clone:630           (B[m git_timed clone --no-checkout http://github.com/openstack/keystone.git /opt/stack/keystone
[2026-06-30T09:58:40.706Z] +[38;5;242mfunctions-common:git_timed:697           (B[m local count=0
[2026-06-30T09:58:40.706Z] +[38;5;242mfunctions-common:git_timed:698           (B[m local timeout=0
[2026-06-30T09:58:40.706Z] +[38;5;242mfunctions-common:git_timed:700           (B[m [[ -n 0 ]]
[2026-06-30T09:58:40.706Z] +[38;5;242mfunctions-common:git_timed:701           (B[m timeout=0
[2026-06-30T09:58:40.706Z] +[38;5;242mfunctions-common:git_timed:704           (B[m time_start git_timed
[2026-06-30T09:58:40.706Z] +[38;5;242mfunctions-common:time_start:2406         (B[m local name=git_timed
[2026-06-30T09:58:40.968Z] +[38;5;242mfunctions-common:time_start:2407         (B[m local start_time=
[2026-06-30T09:58:40.968Z] +[38;5;242mfunctions-common:time_start:2408         (B[m [[ -n '' ]]
[2026-06-30T09:58:40.968Z] ++[38;5;242mfunctions-common:time_start:2411         (B[m date +%s%3N
[2026-06-30T09:58:40.968Z] +[38;5;242mfunctions-common:time_start:2411         (B[m _TIME_START[$name]=1782813529153
[2026-06-30T09:58:40.968Z] +[38;5;242mfunctions-common:git_timed:705           (B[m timeout -s SIGINT 0 git clone --no-checkout http://github.com/openstack/keystone.git /opt/stack/keystone
[2026-06-30T09:58:40.968Z] Cloning into '/opt/stack/keystone'...
[2026-06-30T09:58:41.543Z] warning: redirecting to https://github.com/openstack/keystone.git/
[2026-06-30T09:58:53.938Z] +[38;5;242mfunctions-common:git_timed:719           (B[m time_stop git_timed
[2026-06-30T09:58:53.938Z] +[38;5;242mfunctions-common:time_stop:2420          (B[m local name
[2026-06-30T09:58:53.938Z] +[38;5;242mfunctions-common:time_stop:2421          (B[m local end_time
[2026-06-30T09:58:53.938Z] +[38;5;242mfunctions-common:time_stop:2422          (B[m local elapsed_time
[2026-06-30T09:58:53.938Z] +[38;5;242mfunctions-common:time_stop:2423          (B[m local total
[2026-06-30T09:58:53.938Z] +[38;5;242mfunctions-common:time_stop:2424          (B[m local start_time
[2026-06-30T09:58:53.938Z] +[38;5;242mfunctions-common:time_stop:2426          (B[m name=git_timed
[2026-06-30T09:58:53.938Z] +[38;5;242mfunctions-common:time_stop:2427          (B[m start_time=1782813529153
[2026-06-30T09:58:53.938Z] +[38;5;242mfunctions-common:time_stop:2429          (B[m [[ -z 1782813529153 ]]
[2026-06-30T09:58:53.938Z] ++[38;5;242mfunctions-common:time_stop:2432          (B[m date +%s%3N
[2026-06-30T09:58:54.206Z] +[38;5;242mfunctions-common:time_stop:2432          (B[m end_time=1782813542302
[2026-06-30T09:58:54.206Z] +[38;5;242mfunctions-common:time_stop:2433          (B[m elapsed_time=13149
[2026-06-30T09:58:54.206Z] +[38;5;242mfunctions-common:time_stop:2434          (B[m total=6083
[2026-06-30T09:58:54.206Z] +[38;5;242mfunctions-common:time_stop:2436          (B[m _TIME_START[$name]=
[2026-06-30T09:58:54.206Z] +[38;5;242mfunctions-common:time_stop:2437          (B[m _TIME_TOTAL[$name]=19232
[2026-06-30T09:58:54.206Z] +[38;5;242mfunctions-common:git_clone:631           (B[m cd /opt/stack/keystone
[2026-06-30T09:58:54.206Z] +[38;5;242mfunctions-common:git_clone:632           (B[m git_timed fetch origin master
[2026-06-30T09:58:54.206Z] +[38;5;242mfunctions-common:git_timed:697           (B[m local count=0
[2026-06-30T09:58:54.206Z] +[38;5;242mfunctions-common:git_timed:698           (B[m local timeout=0
[2026-06-30T09:58:54.206Z] +[38;5;242mfunctions-common:git_timed:700           (B[m [[ -n 0 ]]
[2026-06-30T09:58:54.472Z] +[38;5;242mfunctions-common:git_timed:701           (B[m timeout=0
[2026-06-30T09:58:54.472Z] +[38;5;242mfunctions-common:git_timed:704           (B[m time_start git_timed
[2026-06-30T09:58:54.472Z] +[38;5;242mfunctions-common:time_start:2406         (B[m local name=git_timed
[2026-06-30T09:58:54.472Z] +[38;5;242mfunctions-common:time_start:2407         (B[m local start_time=
[2026-06-30T09:58:54.472Z] +[38;5;242mfunctions-common:time_start:2408         (B[m [[ -n '' ]]
[2026-06-30T09:58:54.472Z] ++[38;5;242mfunctions-common:time_start:2411         (B[m date +%s%3N
[2026-06-30T09:58:54.472Z] +[38;5;242mfunctions-common:time_start:2411         (B[m _TIME_START[$name]=1782813542770
[2026-06-30T09:58:54.472Z] +[38;5;242mfunctions-common:git_timed:705           (B[m timeout -s SIGINT 0 git fetch origin master
[2026-06-30T09:58:55.423Z] warning: redirecting to https://github.com/openstack/keystone.git/
[2026-06-30T09:58:55.423Z] From http://github.com/openstack/keystone
[2026-06-30T09:58:55.423Z]  * branch                master     -> FETCH_HEAD
[2026-06-30T09:58:55.685Z] +[38;5;242mfunctions-common:git_timed:719           (B[m time_stop git_timed
[2026-06-30T09:58:55.685Z] +[38;5;242mfunctions-common:time_stop:2420          (B[m local name
[2026-06-30T09:58:55.685Z] +[38;5;242mfunctions-common:time_stop:2421          (B[m local end_time
[2026-06-30T09:58:55.685Z] +[38;5;242mfunctions-common:time_stop:2422          (B[m local elapsed_time
[2026-06-30T09:58:55.685Z] +[38;5;242mfunctions-common:time_stop:2423          (B[m local total
[2026-06-30T09:58:55.685Z] +[38;5;242mfunctions-common:time_stop:2424          (B[m local start_time
[2026-06-30T09:58:55.685Z] +[38;5;242mfunctions-common:time_stop:2426          (B[m name=git_timed
[2026-06-30T09:58:55.685Z] +[38;5;242mfunctions-common:time_stop:2427          (B[m start_time=1782813542770
[2026-06-30T09:58:55.685Z] +[38;5;242mfunctions-common:time_stop:2429          (B[m [[ -z 1782813542770 ]]
[2026-06-30T09:58:55.954Z] ++[38;5;242mfunctions-common:time_stop:2432          (B[m date +%s%3N
[2026-06-30T09:58:55.954Z] +[38;5;242mfunctions-common:time_stop:2432          (B[m end_time=1782813544095
[2026-06-30T09:58:55.954Z] +[38;5;242mfunctions-common:time_stop:2433          (B[m elapsed_time=1325
[2026-06-30T09:58:55.954Z] +[38;5;242mfunctions-common:time_stop:2434          (B[m total=19232
[2026-06-30T09:58:55.954Z] +[38;5;242mfunctions-common:time_stop:2436          (B[m _TIME_START[$name]=
[2026-06-30T09:58:55.954Z] +[38;5;242mfunctions-common:time_stop:2437          (B[m _TIME_TOTAL[$name]=20557
[2026-06-30T09:58:55.954Z] +[38;5;242mfunctions-common:git_clone:633           (B[m git_timed checkout FETCH_HEAD
[2026-06-30T09:58:55.954Z] +[38;5;242mfunctions-common:git_timed:697           (B[m local count=0
[2026-06-30T09:58:55.954Z] +[38;5;242mfunctions-common:git_timed:698           (B[m local timeout=0
[2026-06-30T09:58:55.954Z] +[38;5;242mfunctions-common:git_timed:700           (B[m [[ -n 0 ]]
[2026-06-30T09:58:56.241Z] +[38;5;242mfunctions-common:git_timed:701           (B[m timeout=0
[2026-06-30T09:58:56.241Z] +[38;5;242mfunctions-common:git_timed:704           (B[m time_start git_timed
[2026-06-30T09:58:56.241Z] +[38;5;242mfunctions-common:time_start:2406         (B[m local name=git_timed
[2026-06-30T09:58:56.241Z] +[38;5;242mfunctions-common:time_start:2407         (B[m local start_time=
[2026-06-30T09:58:56.241Z] +[38;5;242mfunctions-common:time_start:2408         (B[m [[ -n '' ]]
[2026-06-30T09:58:56.241Z] ++[38;5;242mfunctions-common:time_start:2411         (B[m date +%s%3N
[2026-06-30T09:58:56.241Z] +[38;5;242mfunctions-common:time_start:2411         (B[m _TIME_START[$name]=1782813544517
[2026-06-30T09:58:56.241Z] +[38;5;242mfunctions-common:git_timed:705           (B[m timeout -s SIGINT 0 git checkout FETCH_HEAD
[2026-06-30T09:58:56.510Z] Note: switching to 'FETCH_HEAD'.
[2026-06-30T09:58:56.510Z] 
[2026-06-30T09:58:56.510Z] You are in 'detached HEAD' state. You can look around, make experimental
[2026-06-30T09:58:56.510Z] changes and commit them, and you can discard any commits you make in this
[2026-06-30T09:58:56.510Z] state without impacting any branches by switching back to a branch.
[2026-06-30T09:58:56.510Z] 
[2026-06-30T09:58:56.510Z] If you want to create a new branch to retain commits you create, you may
[2026-06-30T09:58:56.510Z] do so (now or later) by using -c with the switch command. Example:
[2026-06-30T09:58:56.510Z] 
[2026-06-30T09:58:56.510Z]   git switch -c <new-branch-name>
[2026-06-30T09:58:56.510Z] 
[2026-06-30T09:58:56.510Z] Or undo this operation with:
[2026-06-30T09:58:56.510Z] 
[2026-06-30T09:58:56.510Z]   git switch -
[2026-06-30T09:58:56.510Z] 
[2026-06-30T09:58:56.510Z] Turn off this advice by setting config variable advice.detachedHead to false
[2026-06-30T09:58:56.510Z] 
[2026-06-30T09:58:56.510Z] HEAD is now at 4172e7845 Materialize limit backend queries in read sessions
[2026-06-30T09:58:56.786Z] +[38;5;242mfunctions-common:git_timed:719           (B[m time_stop git_timed
[2026-06-30T09:58:56.786Z] +[38;5;242mfunctions-common:time_stop:2420          (B[m local name
[2026-06-30T09:58:56.786Z] +[38;5;242mfunctions-common:time_stop:2421          (B[m local end_time
[2026-06-30T09:58:56.786Z] +[38;5;242mfunctions-common:time_stop:2422          (B[m local elapsed_time
[2026-06-30T09:58:56.786Z] +[38;5;242mfunctions-common:time_stop:2423          (B[m local total
[2026-06-30T09:58:56.786Z] +[38;5;242mfunctions-common:time_stop:2424          (B[m local start_time
[2026-06-30T09:58:56.786Z] +[38;5;242mfunctions-common:time_stop:2426          (B[m name=git_timed
[2026-06-30T09:58:56.786Z] +[38;5;242mfunctions-common:time_stop:2427          (B[m start_time=1782813544517
[2026-06-30T09:58:56.786Z] +[38;5;242mfunctions-common:time_stop:2429          (B[m [[ -z 1782813544517 ]]
[2026-06-30T09:58:56.786Z] ++[38;5;242mfunctions-common:time_stop:2432          (B[m date +%s%3N
[2026-06-30T09:58:57.057Z] +[38;5;242mfunctions-common:time_stop:2432          (B[m end_time=1782813545175
[2026-06-30T09:58:57.057Z] +[38;5;242mfunctions-common:time_stop:2433          (B[m elapsed_time=658
[2026-06-30T09:58:57.057Z] +[38;5;242mfunctions-common:time_stop:2434          (B[m total=20557
[2026-06-30T09:58:57.057Z] +[38;5;242mfunctions-common:time_stop:2436          (B[m _TIME_START[$name]=
[2026-06-30T09:58:57.057Z] +[38;5;242mfunctions-common:time_stop:2437          (B[m _TIME_TOTAL[$name]=21215
[2026-06-30T09:58:57.057Z] +[38;5;242mfunctions-common:git_clone:669           (B[m sudo git config --system --add safe.directory /opt/stack/keystone
[2026-06-30T09:58:57.057Z] +[38;5;242mfunctions-common:git_clone:672           (B[m cd /opt/stack/keystone
[2026-06-30T09:58:57.057Z] +[38;5;242mfunctions-common:git_clone:673           (B[m git show --oneline
[2026-06-30T09:58:57.057Z] +[38;5;242mfunctions-common:git_clone:673           (B[m head -1
[2026-06-30T09:58:57.322Z] 4172e7845 Materialize limit backend queries in read sessions
[2026-06-30T09:58:57.322Z] +[38;5;242mfunctions-common:git_clone:674           (B[m cd /opt/stack/devstack
[2026-06-30T09:58:57.322Z] +[38;5;242mlib/keystone:install_keystone:499        (B[m setup_develop /opt/stack/keystone
[2026-06-30T09:58:57.322Z] +[38;5;242minc/python:setup_develop:353             (B[m local bindep
[2026-06-30T09:58:57.322Z] +[38;5;242minc/python:setup_develop:354             (B[m [[ /opt/stack/keystone == -bindep* ]]
[2026-06-30T09:58:57.322Z] +[38;5;242minc/python:setup_develop:358             (B[m local project_dir=/opt/stack/keystone
[2026-06-30T09:58:57.322Z] +[38;5;242minc/python:setup_develop:359             (B[m local extras=
[2026-06-30T09:58:57.322Z] +[38;5;242minc/python:setup_develop:360             (B[m _setup_package_with_constraints_edit /opt/stack/keystone -e
[2026-06-30T09:58:57.322Z] +[38;5;242minc/python:_setup_package_with_constraints_edit:379 (B[m local bindep
[2026-06-30T09:58:57.599Z] +[38;5;242minc/python:_setup_package_with_constraints_edit:380 (B[m [[ /opt/stack/keystone == -bindep* ]]
[2026-06-30T09:58:57.599Z] +[38;5;242minc/python:_setup_package_with_constraints_edit:384 (B[m local project_dir=/opt/stack/keystone
[2026-06-30T09:58:57.599Z] +[38;5;242minc/python:_setup_package_with_constraints_edit:385 (B[m local flags=-e
[2026-06-30T09:58:57.599Z] +[38;5;242minc/python:_setup_package_with_constraints_edit:386 (B[m local extras=
[2026-06-30T09:58:57.599Z] ++[38;5;242minc/python:_setup_package_with_constraints_edit:393 (B[m cd /opt/stack/keystone
[2026-06-30T09:58:57.599Z] ++[38;5;242minc/python:_setup_package_with_constraints_edit:393 (B[m pwd
[2026-06-30T09:58:57.599Z] +[38;5;242minc/python:_setup_package_with_constraints_edit:393 (B[m project_dir=/opt/stack/keystone
[2026-06-30T09:58:57.599Z] +[38;5;242minc/python:_setup_package_with_constraints_edit:395 (B[m '[' -n /opt/stack/requirements ']'
[2026-06-30T09:58:57.599Z] +[38;5;242minc/python:_setup_package_with_constraints_edit:399 (B[m local name
[2026-06-30T09:58:57.871Z] ++[38;5;242minc/python:_setup_package_with_constraints_edit:400 (B[m awk '/^name.*=/ {print $3}' /opt/stack/keystone/setup.cfg
[2026-06-30T09:58:57.871Z] +[38;5;242minc/python:_setup_package_with_constraints_edit:400 (B[m name=keystone
[2026-06-30T09:58:57.871Z] +[38;5;242minc/python:_setup_package_with_constraints_edit:401 (B[m '[' -z keystone ']'
[2026-06-30T09:58:57.871Z] +[38;5;242minc/python:_setup_package_with_constraints_edit:405 (B[m /opt/stack/requirements/.venv/bin/edit-constraints /opt/stack/requirements/upper-constraints.txt -- keystone
[2026-06-30T09:58:58.134Z] +[38;5;242minc/python:_setup_package_with_constraints_edit:408 (B[m setup_package /opt/stack/keystone -e
[2026-06-30T09:58:58.134Z] +[38;5;242minc/python:setup_package:436             (B[m local bindep=0
[2026-06-30T09:58:58.134Z] +[38;5;242minc/python:setup_package:437             (B[m local bindep_flag=
[2026-06-30T09:58:58.134Z] +[38;5;242minc/python:setup_package:438             (B[m local bindep_profiles=
[2026-06-30T09:58:58.134Z] +[38;5;242minc/python:setup_package:439             (B[m [[ /opt/stack/keystone == -bindep* ]]
[2026-06-30T09:58:58.402Z] +[38;5;242minc/python:setup_package:444             (B[m local project_dir=/opt/stack/keystone
[2026-06-30T09:58:58.402Z] +[38;5;242minc/python:setup_package:445             (B[m local flags=-e
[2026-06-30T09:58:58.402Z] +[38;5;242minc/python:setup_package:446             (B[m local extras=
[2026-06-30T09:58:58.402Z] +[38;5;242minc/python:setup_package:450             (B[m [[ -n -e ]]
[2026-06-30T09:58:58.402Z] +[38;5;242minc/python:setup_package:450             (B[m [[ -z '' ]]
[2026-06-30T09:58:58.402Z] +[38;5;242minc/python:setup_package:450             (B[m [[ ! -e =~ ^-.* ]]
[2026-06-30T09:58:58.402Z] +[38;5;242minc/python:setup_package:455             (B[m [[ ! -z '' ]]
[2026-06-30T09:58:58.402Z] +[38;5;242minc/python:setup_package:460             (B[m [[ 0 == 1 ]]
[2026-06-30T09:58:58.402Z] +[38;5;242minc/python:setup_package:464             (B[m pip_install -e /opt/stack/keystone
[2026-06-30T09:58:58.667Z] Using python 3.12 to install /opt/stack/keystone
[2026-06-30T09:58:58.667Z] +[38;5;242minc/python:pip_install:210               (B[m env http_proxy=http://proxy-in.its.hpecorp.net:80 https_proxy=http://proxy-in.its.hpecorp.net:443 no_proxy=10.201.5.87,10.201.4.29,10.201.3.85,10.201.3.86,localhost,127.0.0.1,10.201.4.31,10.201.4.32,10.201.4.33,10.201.4.34,10.201.1.221,172.28.65.17,172.28.65.18,172.28.65.207,172.28.65.208 PIP_FIND_LINKS= /opt/stack/data/venv/bin/pip install -c /opt/stack/requirements/upper-constraints.txt -e /opt/stack/keystone
[2026-06-30T09:59:00.073Z] Obtaining file:///opt/stack/keystone
[2026-06-30T09:59:00.073Z]   Installing build dependencies: started
[2026-06-30T09:59:01.998Z]   Installing build dependencies: finished with status 'done'
[2026-06-30T09:59:01.998Z]   Checking if build backend supports build_editable: started
[2026-06-30T09:59:02.572Z]   Checking if build backend supports build_editable: finished with status 'done'
[2026-06-30T09:59:02.572Z]   Getting requirements to build editable: started
[2026-06-30T09:59:02.837Z]   Getting requirements to build editable: finished with status 'done'
[2026-06-30T09:59:02.837Z]   Preparing editable metadata (pyproject.toml): started
[2026-06-30T09:59:04.227Z]   Preparing editable metadata (pyproject.toml): finished with status 'done'
[2026-06-30T09:59:04.227Z] Requirement already satisfied: pbr!=2.1.0,>=2.0.0 in /opt/stack/data/venv/lib/python3.12/site-packages (from keystone==29.1.0.dev45) (7.0.3)
[2026-06-30T09:59:04.227Z] Requirement already satisfied: WebOb>=1.7.1 in /opt/stack/data/venv/lib/python3.12/site-packages (from keystone==29.1.0.dev45) (1.8.10)
[2026-06-30T09:59:04.801Z] Collecting Flask!=0.11,>=1.0.2 (from keystone==29.1.0.dev45)
[2026-06-30T09:59:05.064Z]   Downloading flask-3.1.3-py3-none-any.whl.metadata (3.2 kB)
[2026-06-30T09:59:05.064Z] Collecting Flask-RESTful>=0.3.5 (from keystone==29.1.0.dev45)
[2026-06-30T09:59:05.064Z]   Downloading Flask_RESTful-0.3.10-py2.py3-none-any.whl.metadata (1.0 kB)
[2026-06-30T09:59:05.641Z] Collecting cryptography>=2.7 (from keystone==29.1.0.dev45)
[2026-06-30T09:59:05.641Z]   Downloading cryptography-43.0.3-cp39-abi3-manylinux_2_28_x86_64.whl.metadata (5.4 kB)
[2026-06-30T09:59:06.230Z] Collecting SQLAlchemy>=1.4.0 (from keystone==29.1.0.dev45)
[2026-06-30T09:59:06.494Z]   Downloading sqlalchemy-2.0.51-cp312-cp312-manylinux2014_x86_64.manylinux_2_17_x86_64.manylinux_2_28_x86_64.whl.metadata (9.5 kB)
[2026-06-30T09:59:06.494Z] Requirement already satisfied: stevedore>=1.20.0 in /opt/stack/data/venv/lib/python3.12/site-packages (from keystone==29.1.0.dev45) (5.8.0)
[2026-06-30T09:59:06.494Z] Requirement already satisfied: python-keystoneclient>=3.8.0 in /opt/stack/data/venv/lib/python3.12/site-packages (from keystone==29.1.0.dev45) (5.8.0)
[2026-06-30T09:59:06.494Z] Requirement already satisfied: keystonemiddleware>=7.0.0 in /opt/stack/data/venv/lib/python3.12/site-packages (from keystone==29.1.0.dev45) (13.0.0)
[2026-06-30T09:59:06.494Z] Collecting bcrypt>=3.1.3 (from keystone==29.1.0.dev45)
[2026-06-30T09:59:06.494Z]   Downloading bcrypt-5.0.0-cp39-abi3-manylinux_2_34_x86_64.whl.metadata (10 kB)
[2026-06-30T09:59:06.494Z] Requirement already satisfied: oslo.cache>=1.26.0 in /opt/stack/data/venv/lib/python3.12/site-packages (from keystone==29.1.0.dev45) (4.2.0)
[2026-06-30T09:59:06.494Z] Requirement already satisfied: oslo.config>=6.8.0 in /opt/stack/data/venv/lib/python3.12/site-packages (from keystone==29.1.0.dev45) (10.5.0)
[2026-06-30T09:59:06.494Z] Requirement already satisfied: oslo.context>=2.22.0 in /opt/stack/data/venv/lib/python3.12/site-packages (from keystone==29.1.0.dev45) (6.4.0)
[2026-06-30T09:59:06.762Z] Collecting oslo.messaging>=5.29.0 (from keystone==29.1.0.dev45)
[2026-06-30T09:59:06.762Z]   Downloading oslo_messaging-18.1.0-py3-none-any.whl.metadata (2.6 kB)
[2026-06-30T09:59:06.762Z] Collecting oslo.db>=6.0.0 (from keystone==29.1.0.dev45)
[2026-06-30T09:59:06.762Z]   Downloading oslo_db-18.0.0-py3-none-any.whl.metadata (2.5 kB)
[2026-06-30T09:59:06.762Z] Requirement already satisfied: oslo.i18n>=3.15.3 in /opt/stack/data/venv/lib/python3.12/site-packages (from keystone==29.1.0.dev45) (6.8.0)
[2026-06-30T09:59:06.762Z] Requirement already satisfied: oslo.log>=3.44.0 in /opt/stack/data/venv/lib/python3.12/site-packages (from keystone==29.1.0.dev45) (8.2.0)
[2026-06-30T09:59:07.024Z] Collecting oslo.middleware>=3.31.0 (from keystone==29.1.0.dev45)
[2026-06-30T09:59:07.024Z]   Downloading oslo_middleware-8.1.0-py3-none-any.whl.metadata (2.3 kB)
[2026-06-30T09:59:07.024Z] Collecting oslo.policy>=4.5.0 (from keystone==29.1.0.dev45)
[2026-06-30T09:59:07.024Z]   Downloading oslo_policy-5.1.0-py3-none-any.whl.metadata (2.2 kB)
[2026-06-30T09:59:07.024Z] Requirement already satisfied: oslo.serialization!=2.19.1,>=2.18.0 in /opt/stack/data/venv/lib/python3.12/site-packages (from keystone==29.1.0.dev45) (5.10.0)
[2026-06-30T09:59:07.291Z] Collecting oslo.upgradecheck>=1.3.0 (from keystone==29.1.0.dev45)
[2026-06-30T09:59:07.291Z]   Downloading oslo_upgradecheck-2.7.1-py3-none-any.whl.metadata (1.8 kB)
[2026-06-30T09:59:07.291Z] Requirement already satisfied: oslo.utils>=3.33.0 in /opt/stack/data/venv/lib/python3.12/site-packages (from keystone==29.1.0.dev45) (10.1.1)
[2026-06-30T09:59:07.291Z] Collecting oauthlib>=0.6.2 (from keystone==29.1.0.dev45)
[2026-06-30T09:59:07.291Z]   Downloading oauthlib-3.3.1-py3-none-any.whl.metadata (7.9 kB)
[2026-06-30T09:59:07.291Z] Collecting pysaml2>=5.0.0 (from keystone==29.1.0.dev45)
[2026-06-30T09:59:07.291Z]   Downloading pysaml2-7.5.4-py3-none-any.whl.metadata (6.5 kB)
[2026-06-30T09:59:07.553Z] Requirement already satisfied: PyJWT>=1.6.1 in /opt/stack/data/venv/lib/python3.12/site-packages (from keystone==29.1.0.dev45) (2.13.0)
[2026-06-30T09:59:07.553Z] Requirement already satisfied: dogpile.cache>=1.0.2 in /opt/stack/data/venv/lib/python3.12/site-packages (from keystone==29.1.0.dev45) (1.5.0)
[2026-06-30T09:59:07.553Z] Collecting jsonschema>=3.2.0 (from keystone==29.1.0.dev45)
[2026-06-30T09:59:07.553Z]   Downloading jsonschema-4.26.0-py3-none-any.whl.metadata (7.6 kB)
[2026-06-30T09:59:07.553Z] Requirement already satisfied: pycadf!=2.0.0,>=1.1.0 in /opt/stack/data/venv/lib/python3.12/site-packages (from keystone==29.1.0.dev45) (4.0.1)
[2026-06-30T09:59:07.553Z] Requirement already satisfied: msgpack>=0.5.0 in /opt/stack/data/venv/lib/python3.12/site-packages (from keystone==29.1.0.dev45) (1.2.1)
[2026-06-30T09:59:07.819Z] Collecting osprofiler>=1.4.0 (from keystone==29.1.0.dev45)
[2026-06-30T09:59:07.819Z]   Downloading osprofiler-4.4.0-py3-none-any.whl.metadata (3.1 kB)
[2026-06-30T09:59:07.819Z] Collecting Werkzeug>=0.15.0 (from keystone==29.1.0.dev45)
[2026-06-30T09:59:07.819Z]   Downloading werkzeug-3.1.8-py3-none-any.whl.metadata (4.0 kB)
[2026-06-30T09:59:08.391Z] Collecting cffi>=1.12 (from cryptography>=2.7->keystone==29.1.0.dev45)
[2026-06-30T09:59:08.391Z]   Downloading cffi-2.0.0-cp312-cp312-manylinux2014_x86_64.manylinux_2_17_x86_64.whl.metadata (2.6 kB)
[2026-06-30T09:59:08.391Z] Collecting pycparser (from cffi>=1.12->cryptography>=2.7->keystone==29.1.0.dev45)
[2026-06-30T09:59:08.391Z]   Downloading pycparser-3.0-py3-none-any.whl.metadata (8.2 kB)
[2026-06-30T09:59:08.391Z] Requirement already satisfied: decorator>=4.0.0 in /opt/stack/data/venv/lib/python3.12/site-packages (from dogpile.cache>=1.0.2->keystone==29.1.0.dev45) (5.3.1)
[2026-06-30T09:59:08.391Z] Collecting blinker>=1.9.0 (from Flask!=0.11,>=1.0.2->keystone==29.1.0.dev45)
[2026-06-30T09:59:08.391Z]   Downloading blinker-1.9.0-py3-none-any.whl.metadata (1.6 kB)
[2026-06-30T09:59:08.391Z] Collecting click>=8.1.3 (from Flask!=0.11,>=1.0.2->keystone==29.1.0.dev45)
[2026-06-30T09:59:08.654Z]   Downloading click-8.4.1-py3-none-any.whl.metadata (2.6 kB)
[2026-06-30T09:59:08.654Z] Collecting itsdangerous>=2.2.0 (from Flask!=0.11,>=1.0.2->keystone==29.1.0.dev45)
[2026-06-30T09:59:08.654Z]   Downloading itsdangerous-2.2.0-py3-none-any.whl.metadata (1.9 kB)
[2026-06-30T09:59:08.654Z] Collecting jinja2>=3.1.2 (from Flask!=0.11,>=1.0.2->keystone==29.1.0.dev45)
[2026-06-30T09:59:08.654Z]   Downloading jinja2-3.1.6-py3-none-any.whl.metadata (2.9 kB)
[2026-06-30T09:59:08.919Z] Collecting markupsafe>=2.1.1 (from Flask!=0.11,>=1.0.2->keystone==29.1.0.dev45)
[2026-06-30T09:59:08.919Z]   Downloading markupsafe-3.0.3-cp312-cp312-manylinux2014_x86_64.manylinux_2_17_x86_64.manylinux_2_28_x86_64.whl.metadata (2.7 kB)
[2026-06-30T09:59:09.185Z] Collecting aniso8601>=0.82 (from Flask-RESTful>=0.3.5->keystone==29.1.0.dev45)
[2026-06-30T09:59:09.185Z]   Downloading aniso8601-10.0.1-py2.py3-none-any.whl.metadata (23 kB)
[2026-06-30T09:59:09.185Z] Requirement already satisfied: six>=1.3.0 in /opt/stack/data/venv/lib/python3.12/site-packages (from Flask-RESTful>=0.3.5->keystone==29.1.0.dev45) (1.17.0)
[2026-06-30T09:59:09.450Z] Collecting pytz (from Flask-RESTful>=0.3.5->keystone==29.1.0.dev45)
[2026-06-30T09:59:09.450Z]   Downloading pytz-2026.2-py2.py3-none-any.whl.metadata (22 kB)
[2026-06-30T09:59:09.450Z] Collecting attrs>=22.2.0 (from jsonschema>=3.2.0->keystone==29.1.0.dev45)
[2026-06-30T09:59:09.712Z]   Downloading attrs-26.1.0-py3-none-any.whl.metadata (8.8 kB)
[2026-06-30T09:59:09.712Z] Collecting jsonschema-specifications>=2023.03.6 (from jsonschema>=3.2.0->keystone==29.1.0.dev45)
[2026-06-30T09:59:09.712Z]   Downloading jsonschema_specifications-2025.9.1-py3-none-any.whl.metadata (2.9 kB)
[2026-06-30T09:59:09.712Z] Collecting referencing>=0.28.4 (from jsonschema>=3.2.0->keystone==29.1.0.dev45)
[2026-06-30T09:59:09.712Z]   Downloading referencing-0.37.0-py3-none-any.whl.metadata (2.8 kB)
[2026-06-30T09:59:10.659Z] Collecting rpds-py>=0.25.0 (from jsonschema>=3.2.0->keystone==29.1.0.dev45)
[2026-06-30T09:59:10.659Z]   Downloading rpds_py-2026.5.1-cp312-cp312-manylinux_2_17_x86_64.manylinux2014_x86_64.whl.metadata (4.1 kB)
[2026-06-30T09:59:10.659Z] Requirement already satisfied: keystoneauth1>=3.12.0 in /opt/stack/data/venv/lib/python3.12/site-packages (from keystonemiddleware>=7.0.0->keystone==29.1.0.dev45) (5.14.0)
[2026-06-30T09:59:10.659Z] Requirement already satisfied: requests>=2.14.2 in /opt/stack/data/venv/lib/python3.12/site-packages (from keystonemiddleware>=7.0.0->keystone==29.1.0.dev45) (2.34.2)
[2026-06-30T09:59:10.659Z] Requirement already satisfied: iso8601>=2.0.0 in /opt/stack/data/venv/lib/python3.12/site-packages (from keystoneauth1>=3.12.0->keystonemiddleware>=7.0.0->keystone==29.1.0.dev45) (2.1.0)
[2026-06-30T09:59:10.659Z] Requirement already satisfied: os-service-types>=1.2.0 in /opt/stack/data/venv/lib/python3.12/site-packages (from keystoneauth1>=3.12.0->keystonemiddleware>=7.0.0->keystone==29.1.0.dev45) (1.8.2)
[2026-06-30T09:59:10.659Z] Requirement already satisfied: typing-extensions>=4.12 in /opt/stack/data/venv/lib/python3.12/site-packages (from keystoneauth1>=3.12.0->keystonemiddleware>=7.0.0->keystone==29.1.0.dev45) (4.15.0)
[2026-06-30T09:59:10.659Z] Requirement already satisfied: netaddr>=0.7.18 in /opt/stack/data/venv/lib/python3.12/site-packages (from oslo.config>=6.8.0->keystone==29.1.0.dev45) (1.3.0)
[2026-06-30T09:59:10.659Z] Requirement already satisfied: rfc3986>=1.2.0 in /opt/stack/data/venv/lib/python3.12/site-packages (from oslo.config>=6.8.0->keystone==29.1.0.dev45) (2.0.0)
[2026-06-30T09:59:10.659Z] Requirement already satisfied: PyYAML>=5.1 in /opt/stack/data/venv/lib/python3.12/site-packages (from oslo.config>=6.8.0->keystone==29.1.0.dev45) (6.0.3)
[2026-06-30T09:59:10.659Z] Collecting alembic>=0.9.6 (from oslo.db>=6.0.0->keystone==29.1.0.dev45)
[2026-06-30T09:59:10.925Z]   Downloading alembic-1.18.4-py3-none-any.whl.metadata (7.2 kB)
[2026-06-30T09:59:10.925Z] Requirement already satisfied: debtcollector>=1.2.0 in /opt/stack/data/venv/lib/python3.12/site-packages (from oslo.db>=6.0.0->keystone==29.1.0.dev45) (3.1.0)
[2026-06-30T09:59:10.925Z] Collecting testresources>=2.0.0 (from oslo.db>=6.0.0->keystone==29.1.0.dev45)
[2026-06-30T09:59:10.925Z]   Downloading testresources-2.1.2-py3-none-any.whl.metadata (15 kB)
[2026-06-30T09:59:10.925Z] Collecting testscenarios>=0.4 (from oslo.db>=6.0.0->keystone==29.1.0.dev45)
[2026-06-30T09:59:10.925Z]   Downloading testscenarios-0.6.2-py3-none-any.whl.metadata (13 kB)
[2026-06-30T09:59:11.189Z] Collecting Mako (from alembic>=0.9.6->oslo.db>=6.0.0->keystone==29.1.0.dev45)
[2026-06-30T09:59:11.189Z]   Downloading mako-1.3.12-py3-none-any.whl.metadata (2.9 kB)
[2026-06-30T09:59:11.189Z] Requirement already satisfied: wrapt>=2.1.0 in /opt/stack/data/venv/lib/python3.12/site-packages (from debtcollector>=1.2.0->oslo.db>=6.0.0->keystone==29.1.0.dev45) (2.2.1)
[2026-06-30T09:59:11.189Z] Requirement already satisfied: python-dateutil>=2.7.0 in /opt/stack/data/venv/lib/python3.12/site-packages (from oslo.log>=3.44.0->keystone==29.1.0.dev45) (2.9.0.post0)
[2026-06-30T09:59:11.189Z] Requirement already satisfied: futurist>=1.2.0 in /opt/stack/data/venv/lib/python3.12/site-packages (from oslo.messaging>=5.29.0->keystone==29.1.0.dev45) (3.4.0)
[2026-06-30T09:59:11.189Z] Collecting oslo.service>=1.24.0 (from oslo.messaging>=5.29.0->keystone==29.1.0.dev45)
[2026-06-30T09:59:11.189Z]   Downloading oslo_service-4.6.0-py3-none-any.whl.metadata (2.8 kB)
[2026-06-30T09:59:11.458Z] Collecting cachetools>=2.0.0 (from oslo.messaging>=5.29.0->keystone==29.1.0.dev45)
[2026-06-30T09:59:11.458Z]   Downloading cachetools-7.1.4-py3-none-any.whl.metadata (5.5 kB)
[2026-06-30T09:59:11.458Z] Collecting amqp>=2.5.2 (from oslo.messaging>=5.29.0->keystone==29.1.0.dev45)
[2026-06-30T09:59:11.458Z]   Downloading amqp-5.3.1-py3-none-any.whl.metadata (8.9 kB)
[2026-06-30T09:59:11.723Z] Collecting kombu>=4.6.8 (from oslo.messaging>=5.29.0->keystone==29.1.0.dev45)
[2026-06-30T09:59:11.723Z]   Downloading kombu-5.6.2-py3-none-any.whl.metadata (3.5 kB)
[2026-06-30T09:59:11.985Z] Collecting oslo.metrics>=0.2.1 (from oslo.messaging>=5.29.0->keystone==29.1.0.dev45)
[2026-06-30T09:59:11.985Z]   Downloading oslo_metrics-0.16.0-py3-none-any.whl.metadata (1.5 kB)
[2026-06-30T09:59:12.264Z] Collecting vine<6.0.0,>=5.0.0 (from amqp>=2.5.2->oslo.messaging>=5.29.0->keystone==29.1.0.dev45)
[2026-06-30T09:59:12.265Z]   Downloading vine-5.1.0-py3-none-any.whl.metadata (2.7 kB)
[2026-06-30T09:59:12.265Z] Collecting tzdata>=2025.2 (from kombu>=4.6.8->oslo.messaging>=5.29.0->keystone==29.1.0.dev45)
[2026-06-30T09:59:12.265Z]   Downloading tzdata-2026.2-py2.py3-none-any.whl.metadata (1.4 kB)
[2026-06-30T09:59:12.265Z] Requirement already satisfied: packaging in /opt/stack/data/venv/lib/python3.12/site-packages (from kombu>=4.6.8->oslo.messaging>=5.29.0->keystone==29.1.0.dev45) (26.2)
[2026-06-30T09:59:12.265Z] Collecting prometheus-client>=0.6.0 (from oslo.metrics>=0.2.1->oslo.messaging>=5.29.0->keystone==29.1.0.dev45)
[2026-06-30T09:59:12.265Z]   Downloading prometheus_client-0.25.0-py3-none-any.whl.metadata (2.1 kB)
[2026-06-30T09:59:12.862Z] Collecting statsd>=3.2.1 (from oslo.middleware>=3.31.0->keystone==29.1.0.dev45)
[2026-06-30T09:59:12.862Z]   Downloading statsd-4.0.1-py2.py3-none-any.whl.metadata (2.9 kB)
[2026-06-30T09:59:12.862Z] Collecting eventlet>=0.27.0 (from oslo.service>=1.24.0->oslo.messaging>=5.29.0->keystone==29.1.0.dev45)
[2026-06-30T09:59:12.862Z]   Downloading eventlet-0.41.0-py3-none-any.whl.metadata (5.4 kB)
[2026-06-30T09:59:13.456Z] Collecting greenlet>=0.4.15 (from oslo.service>=1.24.0->oslo.messaging>=5.29.0->keystone==29.1.0.dev45)
[2026-06-30T09:59:13.456Z]   Downloading greenlet-3.5.2-cp312-cp312-manylinux_2_24_x86_64.manylinux_2_28_x86_64.whl.metadata (3.8 kB)
[2026-06-30T09:59:13.456Z] Collecting oslo.concurrency>=3.25.0 (from oslo.service>=1.24.0->oslo.messaging>=5.29.0->keystone==29.1.0.dev45)
[2026-06-30T09:59:13.733Z]   Downloading oslo_concurrency-7.5.0-py3-none-any.whl.metadata (2.2 kB)
[2026-06-30T09:59:13.733Z] Collecting PasteDeploy>=1.5.0 (from oslo.service>=1.24.0->oslo.messaging>=5.29.0->keystone==29.1.0.dev45)
[2026-06-30T09:59:13.733Z]   Downloading PasteDeploy-3.1.0-py3-none-any.whl.metadata (2.7 kB)
[2026-06-30T09:59:13.733Z] Collecting Routes>=2.3.1 (from oslo.service>=1.24.0->oslo.messaging>=5.29.0->keystone==29.1.0.dev45)
[2026-06-30T09:59:13.733Z]   Downloading Routes-2.5.1-py2.py3-none-any.whl.metadata (25 kB)
[2026-06-30T09:59:13.999Z] Collecting Paste>=2.0.2 (from oslo.service>=1.24.0->oslo.messaging>=5.29.0->keystone==29.1.0.dev45)
[2026-06-30T09:59:13.999Z]   Downloading Paste-3.10.1-py3-none-any.whl.metadata (5.3 kB)
[2026-06-30T09:59:14.274Z] Collecting Yappi>=1.0 (from oslo.service>=1.24.0->oslo.messaging>=5.29.0->keystone==29.1.0.dev45)
[2026-06-30T09:59:14.274Z]   Downloading yappi-1.7.6-cp312-cp312-manylinux2014_x86_64.manylinux_2_17_x86_64.manylinux_2_28_x86_64.whl.metadata (11 kB)
[2026-06-30T09:59:14.274Z] Collecting dnspython>=1.15.0 (from eventlet>=0.27.0->oslo.service>=1.24.0->oslo.messaging>=5.29.0->keystone==29.1.0.dev45)
[2026-06-30T09:59:14.274Z]   Downloading dnspython-2.8.0-py3-none-any.whl.metadata (5.7 kB)
[2026-06-30T09:59:14.542Z] Collecting fasteners>=0.7.0 (from oslo.concurrency>=3.25.0->oslo.service>=1.24.0->oslo.messaging>=5.29.0->keystone==29.1.0.dev45)
[2026-06-30T09:59:14.542Z]   Downloading fasteners-0.20-py3-none-any.whl.metadata (4.8 kB)
[2026-06-30T09:59:14.542Z] Collecting PrettyTable>=0.7.1 (from oslo.upgradecheck>=1.3.0->keystone==29.1.0.dev45)
[2026-06-30T09:59:14.542Z]   Downloading prettytable-3.17.0-py3-none-any.whl.metadata (34 kB)
[2026-06-30T09:59:14.814Z] Requirement already satisfied: pyparsing>=2.1.0 in /opt/stack/data/venv/lib/python3.12/site-packages (from oslo.utils>=3.33.0->keystone==29.1.0.dev45) (3.3.2)
[2026-06-30T09:59:14.814Z] Requirement already satisfied: psutil>=3.2.2 in /opt/stack/data/venv/lib/python3.12/site-packages (from oslo.utils>=3.33.0->keystone==29.1.0.dev45) (7.2.2)
[2026-06-30T09:59:14.814Z] Requirement already satisfied: setuptools in /opt/stack/data/venv/lib/python3.12/site-packages (from Paste>=2.0.2->oslo.service>=1.24.0->oslo.messaging>=5.29.0->keystone==29.1.0.dev45) (82.0.1)
[2026-06-30T09:59:14.814Z] Collecting wcwidth (from PrettyTable>=0.7.1->oslo.upgradecheck>=1.3.0->keystone==29.1.0.dev45)
[2026-06-30T09:59:14.814Z]   Downloading wcwidth-0.8.1-py3-none-any.whl.metadata (43 kB)
[2026-06-30T09:59:15.099Z] Collecting defusedxml (from pysaml2>=5.0.0->keystone==29.1.0.dev45)
[2026-06-30T09:59:15.099Z]   Downloading defusedxml-0.7.1-py2.py3-none-any.whl.metadata (32 kB)
[2026-06-30T09:59:15.099Z] Collecting pyopenssl<24.3.0 (from pysaml2>=5.0.0->keystone==29.1.0.dev45)
[2026-06-30T09:59:15.099Z]   Downloading pyOpenSSL-24.2.1-py3-none-any.whl.metadata (13 kB)
[2026-06-30T09:59:15.372Z] Collecting xmlschema<3.0.0,>=2.0.0 (from pysaml2>=5.0.0->keystone==29.1.0.dev45)
[2026-06-30T09:59:15.372Z]   Downloading xmlschema-2.5.1-py3-none-any.whl.metadata (8.3 kB)
[2026-06-30T09:59:15.372Z] Requirement already satisfied: charset_normalizer<4,>=2 in /opt/stack/data/venv/lib/python3.12/site-packages (from requests>=2.14.2->keystonemiddleware>=7.0.0->keystone==29.1.0.dev45) (3.4.7)
[2026-06-30T09:59:15.372Z] Requirement already satisfied: idna<4,>=2.5 in /opt/stack/data/venv/lib/python3.12/site-packages (from requests>=2.14.2->keystonemiddleware>=7.0.0->keystone==29.1.0.dev45) (3.18)
[2026-06-30T09:59:15.372Z] Requirement already satisfied: urllib3<3,>=1.26 in /opt/stack/data/venv/lib/python3.12/site-packages (from requests>=2.14.2->keystonemiddleware>=7.0.0->keystone==29.1.0.dev45) (2.7.0)
[2026-06-30T09:59:15.372Z] Requirement already satisfied: certifi>=2023.5.7 in /usr/lib/python3/dist-packages (from requests>=2.14.2->keystonemiddleware>=7.0.0->keystone==29.1.0.dev45) (2023.11.17)
[2026-06-30T09:59:15.638Z] Collecting elementpath<5.0.0,>=4.1.5 (from xmlschema<3.0.0,>=2.0.0->pysaml2>=5.0.0->keystone==29.1.0.dev45)
[2026-06-30T09:59:15.638Z]   Downloading elementpath-4.8.0-py3-none-any.whl.metadata (7.2 kB)
[2026-06-30T09:59:15.914Z] Collecting repoze.lru>=0.3 (from Routes>=2.3.1->oslo.service>=1.24.0->oslo.messaging>=5.29.0->keystone==29.1.0.dev45)
[2026-06-30T09:59:15.914Z]   Downloading repoze_lru-0.8-py3-none-any.whl.metadata (1.8 kB)
[2026-06-30T09:59:15.914Z] Downloading bcrypt-5.0.0-cp39-abi3-manylinux_2_34_x86_64.whl (278 kB)
[2026-06-30T09:59:16.198Z] Downloading cryptography-43.0.3-cp39-abi3-manylinux_2_28_x86_64.whl (4.0 MB)
[2026-06-30T09:59:17.152Z]    ━━━━━━━━━━━━━━━━━━━━━━━━━━━━━━━━━━━━━━━━ 4.0/4.0 MB 6.0 MB/s  0:00:00
[2026-06-30T09:59:17.152Z] Downloading cffi-2.0.0-cp312-cp312-manylinux2014_x86_64.manylinux_2_17_x86_64.whl (219 kB)
[2026-06-30T09:59:17.152Z] Downloading flask-3.1.3-py3-none-any.whl (103 kB)
[2026-06-30T09:59:17.152Z] Downloading blinker-1.9.0-py3-none-any.whl (8.5 kB)
[2026-06-30T09:59:17.152Z] Downloading click-8.4.1-py3-none-any.whl (116 kB)
[2026-06-30T09:59:17.152Z] Downloading Flask_RESTful-0.3.10-py2.py3-none-any.whl (26 kB)
[2026-06-30T09:59:17.152Z] Downloading aniso8601-10.0.1-py2.py3-none-any.whl (52 kB)
[2026-06-30T09:59:17.414Z] Downloading itsdangerous-2.2.0-py3-none-any.whl (16 kB)
[2026-06-30T09:59:17.414Z] Downloading jinja2-3.1.6-py3-none-any.whl (134 kB)
[2026-06-30T09:59:17.414Z] Downloading jsonschema-4.26.0-py3-none-any.whl (90 kB)
[2026-06-30T09:59:17.681Z] Downloading attrs-26.1.0-py3-none-any.whl (67 kB)
[2026-06-30T09:59:17.681Z] Downloading jsonschema_specifications-2025.9.1-py3-none-any.whl (18 kB)
[2026-06-30T09:59:17.681Z] Downloading markupsafe-3.0.3-cp312-cp312-manylinux2014_x86_64.manylinux_2_17_x86_64.manylinux_2_28_x86_64.whl (22 kB)
[2026-06-30T09:59:17.681Z] Downloading oauthlib-3.3.1-py3-none-any.whl (160 kB)
[2026-06-30T09:59:17.681Z] Downloading oslo_db-18.0.0-py3-none-any.whl (152 kB)
[2026-06-30T09:59:17.945Z] Downloading alembic-1.18.4-py3-none-any.whl (263 kB)
[2026-06-30T09:59:17.945Z] Downloading oslo_messaging-18.1.0-py3-none-any.whl (202 kB)
[2026-06-30T09:59:18.208Z] Downloading amqp-5.3.1-py3-none-any.whl (50 kB)
[2026-06-30T09:59:18.208Z] Downloading vine-5.1.0-py3-none-any.whl (9.6 kB)
[2026-06-30T09:59:18.208Z] Downloading cachetools-7.1.4-py3-none-any.whl (16 kB)
[2026-06-30T09:59:18.208Z] Downloading kombu-5.6.2-py3-none-any.whl (214 kB)
[2026-06-30T09:59:18.471Z] Downloading oslo_metrics-0.16.0-py3-none-any.whl (14 kB)
[2026-06-30T09:59:18.471Z] Downloading oslo_middleware-8.1.0-py3-none-any.whl (65 kB)
[2026-06-30T09:59:18.471Z] Downloading oslo_policy-5.1.0-py3-none-any.whl (89 kB)
[2026-06-30T09:59:18.471Z] Downloading oslo_service-4.6.0-py3-none-any.whl (117 kB)
[2026-06-30T09:59:18.733Z] Downloading eventlet-0.41.0-py3-none-any.whl (364 kB)
[2026-06-30T09:59:18.997Z] Downloading dnspython-2.8.0-py3-none-any.whl (331 kB)
[2026-06-30T09:59:18.997Z] Downloading greenlet-3.5.2-cp312-cp312-manylinux_2_24_x86_64.manylinux_2_28_x86_64.whl (613 kB)
[2026-06-30T09:59:19.259Z]    ━━━━━━━━━━━━━━━━━━━━━━━━━━━━━━━━━━━━━━━━ 613.7/613.7 kB 4.3 MB/s  0:00:00
[2026-06-30T09:59:19.259Z] Downloading oslo_concurrency-7.5.0-py3-none-any.whl (48 kB)
[2026-06-30T09:59:19.259Z] Downloading fasteners-0.20-py3-none-any.whl (18 kB)
[2026-06-30T09:59:19.259Z] Downloading oslo_upgradecheck-2.7.1-py3-none-any.whl (14 kB)
[2026-06-30T09:59:19.259Z] Downloading osprofiler-4.4.0-py3-none-any.whl (95 kB)
[2026-06-30T09:59:19.259Z] Downloading Paste-3.10.1-py3-none-any.whl (289 kB)
[2026-06-30T09:59:19.522Z] Downloading PasteDeploy-3.1.0-py3-none-any.whl (16 kB)
[2026-06-30T09:59:19.522Z] Downloading prettytable-3.17.0-py3-none-any.whl (34 kB)
[2026-06-30T09:59:19.522Z] Downloading prometheus_client-0.25.0-py3-none-any.whl (64 kB)
[2026-06-30T09:59:19.785Z] Downloading pysaml2-7.5.4-py3-none-any.whl (420 kB)
[2026-06-30T09:59:20.049Z] Downloading pyOpenSSL-24.2.1-py3-none-any.whl (58 kB)
[2026-06-30T09:59:20.049Z] Downloading xmlschema-2.5.1-py3-none-any.whl (395 kB)
[2026-06-30T09:59:20.049Z] Downloading elementpath-4.8.0-py3-none-any.whl (243 kB)
[2026-06-30T09:59:20.311Z] Downloading referencing-0.37.0-py3-none-any.whl (26 kB)
[2026-06-30T09:59:20.311Z] Downloading Routes-2.5.1-py2.py3-none-any.whl (40 kB)
[2026-06-30T09:59:20.311Z] Downloading repoze_lru-0.8-py3-none-any.whl (6.4 kB)
[2026-06-30T09:59:20.312Z] Downloading rpds_py-2026.5.1-cp312-cp312-manylinux_2_17_x86_64.manylinux2014_x86_64.whl (376 kB)
[2026-06-30T09:59:20.576Z] Downloading sqlalchemy-2.0.51-cp312-cp312-manylinux2014_x86_64.manylinux_2_17_x86_64.manylinux_2_28_x86_64.whl (3.4 MB)
[2026-06-30T09:59:21.151Z]    ━━━━━━━━━━━━━━━━━━━━━━━━━━━━━━━━━━━━━━━━ 3.4/3.4 MB 5.8 MB/s  0:00:00
[2026-06-30T09:59:21.417Z] Downloading statsd-4.0.1-py2.py3-none-any.whl (13 kB)
[2026-06-30T09:59:21.417Z] Downloading testresources-2.1.2-py3-none-any.whl (25 kB)
[2026-06-30T09:59:21.417Z] Downloading testscenarios-0.6.2-py3-none-any.whl (12 kB)
[2026-06-30T09:59:21.417Z] Downloading tzdata-2026.2-py2.py3-none-any.whl (349 kB)
[2026-06-30T09:59:21.417Z] Downloading werkzeug-3.1.8-py3-none-any.whl (226 kB)
[2026-06-30T09:59:21.417Z] Downloading yappi-1.7.6-cp312-cp312-manylinux2014_x86_64.manylinux_2_17_x86_64.manylinux_2_28_x86_64.whl (82 kB)
[2026-06-30T09:59:21.682Z] Downloading defusedxml-0.7.1-py2.py3-none-any.whl (25 kB)
[2026-06-30T09:59:21.682Z] Downloading mako-1.3.12-py3-none-any.whl (78 kB)
[2026-06-30T09:59:21.682Z] Downloading pycparser-3.0-py3-none-any.whl (48 kB)
[2026-06-30T09:59:21.682Z] Downloading pytz-2026.2-py2.py3-none-any.whl (510 kB)
[2026-06-30T09:59:21.946Z] Downloading wcwidth-0.8.1-py3-none-any.whl (323 kB)
[2026-06-30T09:59:22.209Z] Building wheels for collected packages: keystone
[2026-06-30T09:59:22.209Z]   Building editable for keystone (pyproject.toml): started
[2026-06-30T09:59:24.137Z]   Building editable for keystone (pyproject.toml): finished with status 'done'
[2026-06-30T09:59:24.137Z]   Created wheel for keystone: filename=keystone-29.1.0.dev45-0.editable-py3-none-any.whl size=9269 sha256=1961b771e6960111afcacb279d89e5cefb4c64cf297249403db08c6b7af10d0c
[2026-06-30T09:59:24.137Z]   Stored in directory: /tmp/pip-ephem-wheel-cache-wbmzwzsi/wheels/d5/df/96/ee2394c3a20d6f991844794e53669e9943a8d62f162c6e6710
[2026-06-30T09:59:24.137Z] Successfully built keystone
[2026-06-30T09:59:24.399Z] Installing collected packages: statsd, pytz, aniso8601, Yappi, wcwidth, vine, tzdata, testscenarios, testresources, rpds-py, repoze.lru, pycparser, prometheus-client, PasteDeploy, Paste, oauthlib, markupsafe, itsdangerous, greenlet, fasteners, elementpath, dnspython, defusedxml, click, cachetools, blinker, bcrypt, attrs, xmlschema, Werkzeug, SQLAlchemy, Routes, referencing, PrettyTable, Mako, jinja2, eventlet, cffi, amqp, kombu, jsonschema-specifications, Flask, cryptography, alembic, pyopenssl, oslo.middleware, oslo.db, oslo.concurrency, jsonschema, Flask-RESTful, pysaml2, osprofiler, oslo.policy, oslo.upgradecheck, oslo.service, oslo.metrics, oslo.messaging, keystone
[2026-06-30T09:59:24.399Z]   Attempting uninstall: pytz
[2026-06-30T09:59:24.399Z]     Found existing installation: pytz 2024.1
[2026-06-30T09:59:24.399Z]     Not uninstalling pytz at /usr/lib/python3/dist-packages, outside environment /opt/stack/data/venv
[2026-06-30T09:59:24.399Z]     Can't uninstall 'pytz'. No files were found to uninstall.
[2026-06-30T09:59:25.003Z]   Attempting uninstall: wcwidth
[2026-06-30T09:59:25.003Z]     Found existing installation: wcwidth 0.2.5
[2026-06-30T09:59:25.003Z]     Not uninstalling wcwidth at /usr/lib/python3/dist-packages, outside environment /opt/stack/data/venv
[2026-06-30T09:59:25.003Z]     Can't uninstall 'wcwidth'. No files were found to uninstall.
[2026-06-30T09:59:26.407Z]   Attempting uninstall: oauthlib
[2026-06-30T09:59:26.407Z]     Found existing installation: oauthlib 3.2.2
[2026-06-30T09:59:26.407Z]     Not uninstalling oauthlib at /usr/lib/python3/dist-packages, outside environment /opt/stack/data/venv
[2026-06-30T09:59:26.407Z]     Can't uninstall 'oauthlib'. No files were found to uninstall.
[2026-06-30T09:59:26.407Z]   Attempting uninstall: markupsafe
[2026-06-30T09:59:26.407Z]     Found existing installation: MarkupSafe 2.1.5
[2026-06-30T09:59:26.407Z]     Not uninstalling markupsafe at /usr/lib/python3/dist-packages, outside environment /opt/stack/data/venv
[2026-06-30T09:59:26.407Z]     Can't uninstall 'MarkupSafe'. No files were found to uninstall.
[2026-06-30T09:59:26.407Z]   Attempting uninstall: greenlet
[2026-06-30T09:59:26.407Z]     Found existing installation: greenlet 3.0.3
[2026-06-30T09:59:26.407Z]     Not uninstalling greenlet at /usr/lib/python3/dist-packages, outside environment /opt/stack/data/venv
[2026-06-30T09:59:26.407Z]     Can't uninstall 'greenlet'. No files were found to uninstall.
[2026-06-30T09:59:26.981Z]   Attempting uninstall: dnspython
[2026-06-30T09:59:26.981Z]     Found existing installation: dnspython 2.6.1
[2026-06-30T09:59:26.981Z]     Not uninstalling dnspython at /usr/lib/python3/dist-packages, outside environment /opt/stack/data/venv
[2026-06-30T09:59:26.981Z]     Can't uninstall 'dnspython'. No files were found to uninstall.
[2026-06-30T09:59:27.555Z]   Attempting uninstall: click
[2026-06-30T09:59:27.555Z]     Found existing installation: click 8.1.6
[2026-06-30T09:59:27.555Z]     Not uninstalling click at /usr/lib/python3/dist-packages, outside environment /opt/stack/data/venv
[2026-06-30T09:59:27.555Z]     Can't uninstall 'click'. No files were found to uninstall.
[2026-06-30T09:59:27.555Z]   Attempting uninstall: blinker
[2026-06-30T09:59:27.555Z]     Found existing installation: blinker 1.7.0
[2026-06-30T09:59:27.555Z]     Not uninstalling blinker at /usr/lib/python3/dist-packages, outside environment /opt/stack/data/venv
[2026-06-30T09:59:27.555Z]     Can't uninstall 'blinker'. No files were found to uninstall.
[2026-06-30T09:59:27.555Z]   Attempting uninstall: bcrypt
[2026-06-30T09:59:27.555Z]     Found existing installation: bcrypt 3.2.2
[2026-06-30T09:59:27.555Z]     Not uninstalling bcrypt at /usr/lib/python3/dist-packages, outside environment /opt/stack/data/venv
[2026-06-30T09:59:27.555Z]     Can't uninstall 'bcrypt'. No files were found to uninstall.
[2026-06-30T09:59:27.555Z]   Attempting uninstall: attrs
[2026-06-30T09:59:27.555Z]     Found existing installation: attrs 23.2.0
[2026-06-30T09:59:27.555Z]     Not uninstalling attrs at /usr/lib/python3/dist-packages, outside environment /opt/stack/data/venv
[2026-06-30T09:59:27.555Z]     Can't uninstall 'attrs'. No files were found to uninstall.
[2026-06-30T09:59:30.874Z]   Attempting uninstall: PrettyTable
[2026-06-30T09:59:30.874Z]     Found existing installation: prettytable 3.6.0
[2026-06-30T09:59:30.874Z]     Not uninstalling prettytable at /usr/lib/python3/dist-packages, outside environment /opt/stack/data/venv
[2026-06-30T09:59:30.874Z]     Can't uninstall 'prettytable'. No files were found to uninstall.
[2026-06-30T09:59:30.874Z]   Attempting uninstall: jinja2
[2026-06-30T09:59:30.874Z]     Found existing installation: Jinja2 3.1.2
[2026-06-30T09:59:30.874Z]     Not uninstalling jinja2 at /usr/lib/python3/dist-packages, outside environment /opt/stack/data/venv
[2026-06-30T09:59:30.874Z]     Can't uninstall 'Jinja2'. No files were found to uninstall.
[2026-06-30T09:59:30.874Z]   Attempting uninstall: eventlet
[2026-06-30T09:59:30.874Z]     Found existing installation: eventlet 0.35.2
[2026-06-30T09:59:30.874Z]     Not uninstalling eventlet at /usr/lib/python3/dist-packages, outside environment /opt/stack/data/venv
[2026-06-30T09:59:30.874Z]     Can't uninstall 'eventlet'. No files were found to uninstall.
[2026-06-30T09:59:31.821Z]   Attempting uninstall: cryptography
[2026-06-30T09:59:31.821Z]     Found existing installation: cryptography 41.0.7
[2026-06-30T09:59:31.821Z]     Not uninstalling cryptography at /usr/lib/python3/dist-packages, outside environment /opt/stack/data/venv
[2026-06-30T09:59:31.821Z]     Can't uninstall 'cryptography'. No files were found to uninstall.
[2026-06-30T09:59:32.395Z]   Attempting uninstall: pyopenssl
[2026-06-30T09:59:32.395Z]     Found existing installation: pyOpenSSL 23.2.0
[2026-06-30T09:59:32.395Z]     Not uninstalling pyopenssl at /usr/lib/python3/dist-packages, outside environment /opt/stack/data/venv
[2026-06-30T09:59:32.395Z]     Can't uninstall 'pyOpenSSL'. No files were found to uninstall.
[2026-06-30T09:59:32.658Z]   Attempting uninstall: jsonschema
[2026-06-30T09:59:32.658Z]     Found existing installation: jsonschema 4.10.3
[2026-06-30T09:59:32.658Z]     Not uninstalling jsonschema at /usr/lib/python3/dist-packages, outside environment /opt/stack/data/venv
[2026-06-30T09:59:32.658Z]     Can't uninstall 'jsonschema'. No files were found to uninstall.
[2026-06-30T09:59:34.046Z] 
[2026-06-30T09:59:34.046Z] ERROR: pip's dependency resolver does not currently take into account all the packages that are installed. This behaviour is the source of the following dependency conflicts.
[2026-06-30T09:59:34.046Z] service-identity 24.1.0 requires pyasn1-modules, which is not installed.
[2026-06-30T09:59:34.046Z] Successfully installed Flask-3.1.3 Flask-RESTful-0.3.10 Mako-1.3.12 Paste-3.10.1 PasteDeploy-3.1.0 PrettyTable-3.17.0 Routes-2.5.1 SQLAlchemy-2.0.51 Werkzeug-3.1.8 Yappi-1.7.6 alembic-1.18.4 amqp-5.3.1 aniso8601-10.0.1 attrs-26.1.0 bcrypt-5.0.0 blinker-1.9.0 cachetools-7.1.4 cffi-2.0.0 click-8.4.1 cryptography-43.0.3 defusedxml-0.7.1 dnspython-2.8.0 elementpath-4.8.0 eventlet-0.41.0 fasteners-0.20 greenlet-3.5.2 itsdangerous-2.2.0 jinja2-3.1.6 jsonschema-4.26.0 jsonschema-specifications-2025.9.1 keystone-29.1.0.dev45 kombu-5.6.2 markupsafe-3.0.3 oauthlib-3.3.1 oslo.concurrency-7.5.0 oslo.db-18.0.0 oslo.messaging-18.1.0 oslo.metrics-0.16.0 oslo.middleware-8.1.0 oslo.policy-5.1.0 oslo.service-4.6.0 oslo.upgradecheck-2.7.1 osprofiler-4.4.0 prometheus-client-0.25.0 pycparser-3.0 pyopenssl-24.2.1 pysaml2-7.5.4 pytz-2026.2 referencing-0.37.0 repoze.lru-0.8 rpds-py-2026.5.1 statsd-4.0.1 testresources-2.1.2 testscenarios-0.6.2 tzdata-2026.2 vine-5.1.0 wcwidth-0.8.1 xmlschema-2.5.1
[2026-06-30T09:59:34.624Z] +[38;5;242minc/python:pip_install:216               (B[m result=0
[2026-06-30T09:59:34.624Z] +[38;5;242minc/python:pip_install:218               (B[m time_stop pip_install
[2026-06-30T09:59:34.624Z] +[38;5;242mfunctions-common:time_stop:2420          (B[m local name
[2026-06-30T09:59:34.624Z] +[38;5;242mfunctions-common:time_stop:2421          (B[m local end_time
[2026-06-30T09:59:34.624Z] +[38;5;242mfunctions-common:time_stop:2422          (B[m local elapsed_time
[2026-06-30T09:59:34.624Z] +[38;5;242mfunctions-common:time_stop:2423          (B[m local total
[2026-06-30T09:59:34.624Z] +[38;5;242mfunctions-common:time_stop:2424          (B[m local start_time
[2026-06-30T09:59:34.624Z] +[38;5;242mfunctions-common:time_stop:2426          (B[m name=pip_install
[2026-06-30T09:59:34.624Z] +[38;5;242mfunctions-common:time_stop:2427          (B[m start_time=1782813546887
[2026-06-30T09:59:34.624Z] +[38;5;242mfunctions-common:time_stop:2429          (B[m [[ -z 1782813546887 ]]
[2026-06-30T09:59:34.890Z] ++[38;5;242mfunctions-common:time_stop:2432          (B[m date +%s%3N
[2026-06-30T09:59:34.890Z] +[38;5;242mfunctions-common:time_stop:2432          (B[m end_time=1782813583037
[2026-06-30T09:59:34.890Z] +[38;5;242mfunctions-common:time_stop:2433          (B[m elapsed_time=36150
[2026-06-30T09:59:34.890Z] +[38;5;242mfunctions-common:time_stop:2434          (B[m total=64826
[2026-06-30T09:59:34.890Z] +[38;5;242mfunctions-common:time_stop:2436          (B[m _TIME_START[$name]=
[2026-06-30T09:59:34.890Z] +[38;5;242mfunctions-common:time_stop:2437          (B[m _TIME_TOTAL[$name]=100976
[2026-06-30T09:59:34.890Z] +[38;5;242minc/python:pip_install:219               (B[m return 0
[2026-06-30T09:59:34.890Z] +[38;5;242minc/python:setup_package:466             (B[m [[ -e == \-\e ]]
[2026-06-30T09:59:34.890Z] +[38;5;242minc/python:setup_package:466             (B[m [[ True == \F\a\l\s\e ]]
[2026-06-30T09:59:35.157Z] +[38;5;242minc/python:_setup_package_with_constraints_edit:412 (B[m use_library_from_git /opt/stack/keystone
[2026-06-30T09:59:35.157Z] +[38;5;242minc/python:use_library_from_git:266      (B[m local name=/opt/stack/keystone
[2026-06-30T09:59:35.157Z] +[38;5;242minc/python:use_library_from_git:267      (B[m local enabled=1
[2026-06-30T09:59:35.157Z] +[38;5;242minc/python:use_library_from_git:268      (B[m [[ '' = \A\L\L ]]
[2026-06-30T09:59:35.157Z] +[38;5;242minc/python:use_library_from_git:268      (B[m [[ ,, =~ ,/opt/stack/keystone, ]]
[2026-06-30T09:59:35.157Z] +[38;5;242minc/python:use_library_from_git:269      (B[m return 1
[2026-06-30T09:59:35.157Z] +[38;5;242mlib/keystone:install_keystone:501        (B[m is_service_enabled ldap
[2026-06-30T09:59:35.420Z] +[38;5;242mfunctions-common:is_service_enabled:2076 (B[m return 1
[2026-06-30T09:59:35.420Z] +[38;5;242mlib/stack:stack_install_service:33       (B[m [[ False = True ]]
[2026-06-30T09:59:35.420Z] +[38;5;242m./stack.sh:main:921                      (B[m configure_keystone
[2026-06-30T09:59:35.420Z] +[38;5;242mlib/keystone:configure_keystone:143      (B[m sudo install -d -o stack /etc/keystone
[2026-06-30T09:59:35.420Z] +[38;5;242mlib/keystone:configure_keystone:145      (B[m [[ /etc/keystone != \/\o\p\t\/\s\t\a\c\k\/\k\e\y\s\t\o\n\e\/\e\t\c ]]
[2026-06-30T09:59:35.420Z] +[38;5;242mlib/keystone:configure_keystone:146      (B[m install -m 600 /dev/null /etc/keystone/keystone.conf
[2026-06-30T09:59:35.692Z] +[38;5;242mlib/keystone:configure_keystone:149      (B[m is_service_enabled ldap
[2026-06-30T09:59:35.692Z] +[38;5;242mfunctions-common:is_service_enabled:2076 (B[m return 1
[2026-06-30T09:59:35.692Z] +[38;5;242mlib/keystone:configure_keystone:153      (B[m iniset /etc/keystone/keystone.conf identity driver sql
[2026-06-30T09:59:35.958Z] +[38;5;242mlib/keystone:configure_keystone:154      (B[m iniset /etc/keystone/keystone.conf identity password_hash_rounds 4
[2026-06-30T09:59:36.225Z] +[38;5;242mlib/keystone:configure_keystone:155      (B[m iniset /etc/keystone/keystone.conf assignment driver sql
[2026-06-30T09:59:36.489Z] +[38;5;242mlib/keystone:configure_keystone:156      (B[m iniset /etc/keystone/keystone.conf role driver sql
[2026-06-30T09:59:36.489Z] +[38;5;242mlib/keystone:configure_keystone:157      (B[m iniset /etc/keystone/keystone.conf resource driver sql
[2026-06-30T09:59:36.753Z] +[38;5;242mlib/keystone:configure_keystone:160      (B[m iniset /etc/keystone/keystone.conf cache enabled True
[2026-06-30T09:59:37.015Z] +[38;5;242mlib/keystone:configure_keystone:161      (B[m iniset /etc/keystone/keystone.conf cache backend dogpile.cache.memcached
[2026-06-30T09:59:37.279Z] +[38;5;242mlib/keystone:configure_keystone:162      (B[m iniset /etc/keystone/keystone.conf cache memcache_servers localhost:11211
[2026-06-30T09:59:37.552Z] +[38;5;242mlib/keystone:configure_keystone:166      (B[m iniset /etc/keystone/keystone.conf api response_validation error
[2026-06-30T09:59:37.552Z] +[38;5;242mlib/keystone:configure_keystone:168      (B[m iniset_rpc_backend keystone /etc/keystone/keystone.conf oslo_messaging_notifications
[2026-06-30T09:59:37.817Z] +[38;5;242mlib/rpc_backend:iniset_rpc_backend:144   (B[m local package=keystone
[2026-06-30T09:59:37.817Z] +[38;5;242mlib/rpc_backend:iniset_rpc_backend:145   (B[m local file=/etc/keystone/keystone.conf
[2026-06-30T09:59:37.817Z] +[38;5;242mlib/rpc_backend:iniset_rpc_backend:146   (B[m local section=oslo_messaging_notifications
[2026-06-30T09:59:37.817Z] +[38;5;242mlib/rpc_backend:iniset_rpc_backend:147   (B[m local virtual_host=
[2026-06-30T09:59:37.817Z] +[38;5;242mlib/rpc_backend:iniset_rpc_backend:148   (B[m is_service_enabled rabbit
[2026-06-30T09:59:38.081Z] +[38;5;242mfunctions-common:is_service_enabled:2076 (B[m return 0
[2026-06-30T09:59:38.081Z] ++[38;5;242mlib/rpc_backend:iniset_rpc_backend:149   (B[m get_transport_url ''
[2026-06-30T09:59:38.081Z] ++[38;5;242mlib/rpc_backend:get_transport_url:126    (B[m local virtual_host=
[2026-06-30T09:59:38.081Z] ++[38;5;242mlib/rpc_backend:get_transport_url:127    (B[m is_service_enabled rabbit
[2026-06-30T09:59:38.345Z] ++[38;5;242mfunctions-common:is_service_enabled:2076 (B[m return 0
[2026-06-30T09:59:38.345Z] ++[38;5;242mlib/rpc_backend:get_transport_url:128    (B[m echo rabbit://stackrabbit:hpinvent@10.132.239.110:5672/
[2026-06-30T09:59:38.345Z] +[38;5;242mlib/rpc_backend:iniset_rpc_backend:149   (B[m iniset /etc/keystone/keystone.conf oslo_messaging_notifications transport_url rabbit://stackrabbit:hpinvent@10.132.239.110:5672/
[2026-06-30T09:59:38.608Z] +[38;5;242mlib/rpc_backend:iniset_rpc_backend:150   (B[m '[' -n '' ']'
[2026-06-30T09:59:38.608Z] +[38;5;242mlib/rpc_backend:iniset_rpc_backend:153   (B[m '[' -n '' ']'
[2026-06-30T09:59:38.608Z] +[38;5;242mlib/keystone:configure_keystone:174      (B[m iniset /etc/keystone/keystone.conf DEFAULT public_endpoint http://10.132.239.110/identity
[2026-06-30T09:59:38.871Z] +[38;5;242mlib/keystone:configure_keystone:176      (B[m [[ fernet != '' ]]
[2026-06-30T09:59:38.871Z] +[38;5;242mlib/keystone:configure_keystone:177      (B[m iniset /etc/keystone/keystone.conf token provider fernet
[2026-06-30T09:59:39.136Z] ++[38;5;242mlib/keystone:configure_keystone:180      (B[m database_connection_url keystone
[2026-06-30T09:59:39.136Z] ++[38;5;242mlib/database:database_connection_url:134 (B[m local db=keystone
[2026-06-30T09:59:39.136Z] ++[38;5;242mlib/database:database_connection_url:135 (B[m database_connection_url_mysql keystone
[2026-06-30T09:59:39.136Z] ++[38;5;242mlib/databases/mysql:database_connection_url_mysql:251 (B[m local db=keystone
[2026-06-30T09:59:39.136Z] ++[38;5;242mlib/databases/mysql:database_connection_url_mysql:252 (B[m local plugin
[2026-06-30T09:59:39.136Z] ++[38;5;242mlib/databases/mysql:database_connection_url_mysql:256 (B[m [[ True == \T\r\u\e ]]
[2026-06-30T09:59:39.136Z] ++[38;5;242mlib/databases/mysql:database_connection_url_mysql:257 (B[m is_service_enabled mysql
[2026-06-30T09:59:39.402Z] ++[38;5;242mfunctions-common:is_service_enabled:2076 (B[m return 0
[2026-06-30T09:59:39.402Z] ++[38;5;242mlib/databases/mysql:database_connection_url_mysql:258 (B[m plugin='&plugin=dbcounter'
[2026-06-30T09:59:39.402Z] ++[38;5;242mlib/databases/mysql:database_connection_url_mysql:262 (B[m echo 'mysql+pymysql://root:hpinvent@127.0.0.1/keystone?charset=utf8&plugin=dbcounter'
[2026-06-30T09:59:39.402Z] +[38;5;242mlib/keystone:configure_keystone:180      (B[m iniset /etc/keystone/keystone.conf database connection 'mysql+pymysql://root:hpinvent@127.0.0.1/keystone?charset=utf8&plugin=dbcounter'
[2026-06-30T09:59:39.666Z] +[38;5;242mlib/keystone:configure_keystone:183      (B[m '[' False '!=' False ']'
[2026-06-30T09:59:39.666Z] +[38;5;242mlib/keystone:configure_keystone:188      (B[m setup_logging /etc/keystone/keystone.conf
[2026-06-30T09:59:39.666Z] +[38;5;242mfunctions:setup_logging:693              (B[m setup_systemd_logging /etc/keystone/keystone.conf
[2026-06-30T09:59:39.666Z] +[38;5;242mfunctions:setup_systemd_logging:710      (B[m local conf_file=/etc/keystone/keystone.conf
[2026-06-30T09:59:39.666Z] ++[38;5;242mfunctions:setup_systemd_logging:715      (B[m trueorfalse False USE_JOURNAL
[2026-06-30T09:59:39.931Z] +[38;5;242mfunctions:setup_systemd_logging:715      (B[m USE_JOURNAL=False
[2026-06-30T09:59:39.931Z] +[38;5;242mfunctions:setup_systemd_logging:716      (B[m local pidstr=
[2026-06-30T09:59:39.931Z] +[38;5;242mfunctions:setup_systemd_logging:717      (B[m [[ False == \T\r\u\e ]]
[2026-06-30T09:59:39.931Z] +[38;5;242mfunctions:setup_systemd_logging:721      (B[m pidstr='(pid=%(process)d) '
[2026-06-30T09:59:40.196Z] +[38;5;242mfunctions:setup_systemd_logging:723      (B[m iniset /etc/keystone/keystone.conf DEFAULT logging_debug_format_suffix '[00;33m{{(pid=%(process)d) %(funcName)s %(pathname)s:%(lineno)d}}[00m'
[2026-06-30T09:59:40.196Z] +[38;5;242mfunctions:setup_systemd_logging:725      (B[m iniset /etc/keystone/keystone.conf DEFAULT logging_context_format_string '%(color)s%(levelname)s %(name)s [[01;36m%(global_request_id)s %(request_id)s [00;36m%(project_name)s %(user_name)s%(color)s] [01;35m%(instance)s%(color)s%(message)s[00m'
[2026-06-30T09:59:40.464Z] +[38;5;242mfunctions:setup_systemd_logging:726      (B[m iniset /etc/keystone/keystone.conf DEFAULT logging_default_format_string '%(color)s%(levelname)s %(name)s [[00;36m-%(color)s] [01;35m%(instance)s%(color)s%(message)s[00m'
[2026-06-30T09:59:40.730Z] +[38;5;242mfunctions:setup_systemd_logging:727      (B[m iniset /etc/keystone/keystone.conf DEFAULT logging_exception_prefix 'ERROR %(name)s [01;35m%(instance)s[00m'
[2026-06-30T09:59:40.993Z] +[38;5;242mfunctions:setup_systemd_logging:730      (B[m iniset /etc/keystone/keystone.conf DEFAULT log_color True
[2026-06-30T09:59:41.256Z] +[38;5;242mlib/keystone:configure_keystone:190      (B[m iniset /etc/keystone/keystone.conf DEFAULT debug True
[2026-06-30T09:59:41.518Z] +[38;5;242mlib/keystone:configure_keystone:192      (B[m write_uwsgi_config /etc/keystone/keystone-uwsgi-public.ini keystone.wsgi.api:application /identity '' keystone-api
[2026-06-30T09:59:41.518Z] +[38;5;242mlib/apache:write_uwsgi_config:243        (B[m local conf=/etc/keystone/keystone-uwsgi-public.ini
[2026-06-30T09:59:41.518Z] +[38;5;242mlib/apache:write_uwsgi_config:244        (B[m local wsgi=keystone.wsgi.api:application
[2026-06-30T09:59:41.518Z] +[38;5;242mlib/apache:write_uwsgi_config:245        (B[m local url=/identity
[2026-06-30T09:59:41.518Z] +[38;5;242mlib/apache:write_uwsgi_config:246        (B[m local http=
[2026-06-30T09:59:41.518Z] +[38;5;242mlib/apache:write_uwsgi_config:247        (B[m local name=keystone-api
[2026-06-30T09:59:41.518Z] +[38;5;242mlib/apache:write_uwsgi_config:249        (B[m '[' -z keystone-api ']'
[2026-06-30T09:59:41.518Z] +[38;5;242mlib/apache:write_uwsgi_config:255        (B[m local socket_dir=/var/run/uwsgi
[2026-06-30T09:59:41.518Z] +[38;5;242mlib/apache:write_uwsgi_config:259        (B[m sudo mkdir -p /etc/tmpfiles.d/
[2026-06-30T09:59:41.781Z] +[38;5;242mlib/apache:write_uwsgi_config:260        (B[m echo 'd /var/run/uwsgi 0755 stack root'
[2026-06-30T09:59:41.781Z] +[38;5;242mlib/apache:write_uwsgi_config:260        (B[m sudo tee /etc/tmpfiles.d/uwsgi.conf
[2026-06-30T09:59:41.781Z] d /var/run/uwsgi 0755 stack root
[2026-06-30T09:59:41.781Z] +[38;5;242mlib/apache:write_uwsgi_config:261        (B[m sudo systemd-tmpfiles --create /etc/tmpfiles.d/uwsgi.conf
[2026-06-30T09:59:41.781Z] /etc/tmpfiles.d/uwsgi.conf:1: Line references path below legacy directory /var/run/, updating /var/run/uwsgi → /run/uwsgi; please update the tmpfiles.d/ drop-in file accordingly.
[2026-06-30T09:59:41.781Z] +[38;5;242mlib/apache:write_uwsgi_config:263        (B[m local socket=/var/run/uwsgi/keystone-api.socket
[2026-06-30T09:59:42.044Z] +[38;5;242mlib/apache:write_uwsgi_config:266        (B[m rm -rf /etc/keystone/keystone-uwsgi-public.ini
[2026-06-30T09:59:42.044Z] +[38;5;242mlib/apache:write_uwsgi_config:270        (B[m [[ keystone.wsgi.api:application =~ ^[a-zA-Z0-9_.]+:[a-zA-Z0-9_]+$ ]]
[2026-06-30T09:59:42.044Z] +[38;5;242mlib/apache:write_uwsgi_config:271        (B[m iniset /etc/keystone/keystone-uwsgi-public.ini uwsgi module keystone.wsgi.api:application
[2026-06-30T09:59:42.308Z] +[38;5;242mlib/apache:write_uwsgi_config:276        (B[m iniset /etc/keystone/keystone-uwsgi-public.ini uwsgi processes 2
[2026-06-30T09:59:42.308Z] +[38;5;242mlib/apache:write_uwsgi_config:278        (B[m iniset /etc/keystone/keystone-uwsgi-public.ini uwsgi master true
[2026-06-30T09:59:42.575Z] +[38;5;242mlib/apache:write_uwsgi_config:280        (B[m iniset /etc/keystone/keystone-uwsgi-public.ini uwsgi die-on-term true
[2026-06-30T09:59:42.842Z] +[38;5;242mlib/apache:write_uwsgi_config:281        (B[m iniset /etc/keystone/keystone-uwsgi-public.ini uwsgi exit-on-reload false
[2026-06-30T09:59:43.110Z] +[38;5;242mlib/apache:write_uwsgi_config:284        (B[m iniset /etc/keystone/keystone-uwsgi-public.ini uwsgi worker-reload-mercy 80
[2026-06-30T09:59:43.376Z] +[38;5;242mlib/apache:write_uwsgi_config:285        (B[m iniset /etc/keystone/keystone-uwsgi-public.ini uwsgi enable-threads true
[2026-06-30T09:59:43.376Z] +[38;5;242mlib/apache:write_uwsgi_config:286        (B[m iniset /etc/keystone/keystone-uwsgi-public.ini uwsgi plugins http,python3
[2026-06-30T09:59:43.647Z] +[38;5;242mlib/apache:write_uwsgi_config:288        (B[m iniset /etc/keystone/keystone-uwsgi-public.ini uwsgi thunder-lock true
[2026-06-30T09:59:43.911Z] +[38;5;242mlib/apache:write_uwsgi_config:290        (B[m iniset /etc/keystone/keystone-uwsgi-public.ini uwsgi hook-master-start 'unix_signal:15 gracefully_kill_them_all'
[2026-06-30T09:59:44.179Z] +[38;5;242mlib/apache:write_uwsgi_config:292        (B[m iniset /etc/keystone/keystone-uwsgi-public.ini uwsgi buffer-size 65535
[2026-06-30T09:59:44.444Z] +[38;5;242mlib/apache:write_uwsgi_config:294        (B[m iniset /etc/keystone/keystone-uwsgi-public.ini uwsgi add-header 'Connection: close'
[2026-06-30T09:59:44.710Z] +[38;5;242mlib/apache:write_uwsgi_config:296        (B[m iniset /etc/keystone/keystone-uwsgi-public.ini uwsgi lazy-apps true
[2026-06-30T09:59:44.710Z] +[38;5;242mlib/apache:write_uwsgi_config:298        (B[m iniset /etc/keystone/keystone-uwsgi-public.ini uwsgi start-time %t
[2026-06-30T09:59:44.974Z] +[38;5;242mlib/apache:write_uwsgi_config:301        (B[m [[ -n '' ]]
[2026-06-30T09:59:44.974Z] +[38;5;242mlib/apache:write_uwsgi_config:304        (B[m local apache_conf=
[2026-06-30T09:59:44.974Z] ++[38;5;242mlib/apache:write_uwsgi_config:305        (B[m apache_site_config_for keystone-api
[2026-06-30T09:59:44.974Z] ++[38;5;242mlib/apache:apache_site_config_for:174    (B[m local site=keystone-api
[2026-06-30T09:59:45.236Z] ++[38;5;242mlib/apache:apache_site_config_for:175    (B[m is_ubuntu
[2026-06-30T09:59:45.236Z] ++[38;5;242mfunctions-common:is_ubuntu:546           (B[m [[ -z deb ]]
[2026-06-30T09:59:45.236Z] ++[38;5;242mfunctions-common:is_ubuntu:549           (B[m '[' deb = deb ']'
[2026-06-30T09:59:45.236Z] ++[38;5;242mlib/apache:apache_site_config_for:177    (B[m echo /etc/apache2/sites-available/keystone-api.conf
[2026-06-30T09:59:45.236Z] +[38;5;242mlib/apache:write_uwsgi_config:305        (B[m apache_conf=/etc/apache2/sites-available/keystone-api.conf
[2026-06-30T09:59:45.236Z] +[38;5;242mlib/apache:write_uwsgi_config:306        (B[m iniset /etc/keystone/keystone-uwsgi-public.ini uwsgi socket /var/run/uwsgi/keystone-api.socket
[2026-06-30T09:59:45.503Z] +[38;5;242mlib/apache:write_uwsgi_config:307        (B[m iniset /etc/keystone/keystone-uwsgi-public.ini uwsgi chmod-socket 666
[2026-06-30T09:59:45.765Z] +[38;5;242mlib/apache:write_uwsgi_config:308        (B[m echo 'ProxyPass "/identity" "unix:/var/run/uwsgi/keystone-api.socket|uwsgi://uwsgi-uds-keystone-api" retry=0 acquire=1 '
[2026-06-30T09:59:45.765Z] +[38;5;242mlib/apache:write_uwsgi_config:308        (B[m sudo tee -a /etc/apache2/sites-available/keystone-api.conf
[2026-06-30T09:59:45.765Z] ProxyPass "/identity" "unix:/var/run/uwsgi/keystone-api.socket|uwsgi://uwsgi-uds-keystone-api" retry=0 acquire=1 
[2026-06-30T09:59:45.765Z] +[38;5;242mlib/apache:write_uwsgi_config:309        (B[m enable_apache_site keystone-api
[2026-06-30T09:59:45.765Z] +[38;5;242mlib/apache:enable_apache_site:191        (B[m local site=keystone-api
[2026-06-30T09:59:45.765Z] +[38;5;242mlib/apache:enable_apache_site:193        (B[m enable_apache_mod version
[2026-06-30T09:59:45.765Z] +[38;5;242mlib/apache:enable_apache_mod:55          (B[m local mod=version
[2026-06-30T09:59:45.765Z] +[38;5;242mlib/apache:enable_apache_mod:56          (B[m local should_restart=
[2026-06-30T09:59:46.027Z] +[38;5;242mlib/apache:enable_apache_mod:58          (B[m is_ubuntu
[2026-06-30T09:59:46.027Z] +[38;5;242mfunctions-common:is_ubuntu:546           (B[m [[ -z deb ]]
[2026-06-30T09:59:46.027Z] +[38;5;242mfunctions-common:is_ubuntu:549           (B[m '[' deb = deb ']'
[2026-06-30T09:59:46.027Z] +[38;5;242mlib/apache:enable_apache_mod:61          (B[m [[ version != \v\e\r\s\i\o\n ]]
[2026-06-30T09:59:46.027Z] +[38;5;242mlib/apache:enable_apache_site:194        (B[m is_ubuntu
[2026-06-30T09:59:46.027Z] +[38;5;242mfunctions-common:is_ubuntu:546           (B[m [[ -z deb ]]
[2026-06-30T09:59:46.027Z] +[38;5;242mfunctions-common:is_ubuntu:549           (B[m '[' deb = deb ']'
[2026-06-30T09:59:46.027Z] +[38;5;242mlib/apache:enable_apache_site:195        (B[m sudo a2ensite keystone-api
[2026-06-30T09:59:46.301Z] Site keystone-api already enabled
[2026-06-30T09:59:46.301Z] +[38;5;242mlib/apache:write_uwsgi_config:310        (B[m restart_apache_server
[2026-06-30T09:59:46.301Z] +[38;5;242mlib/apache:restart_apache_server:238     (B[m restart_service apache2
[2026-06-30T09:59:46.301Z] +[38;5;242mfunctions-common:restart_service:2304    (B[m '[' -x /bin/systemctl ']'
[2026-06-30T09:59:46.301Z] +[38;5;242mfunctions-common:restart_service:2305    (B[m sudo /bin/systemctl restart apache2
[2026-06-30T09:59:46.880Z] +[38;5;242mlib/keystone:configure_keystone:194      (B[m iniset /etc/keystone/keystone.conf DEFAULT max_token_size 16384
[2026-06-30T09:59:47.141Z] +[38;5;242mlib/keystone:configure_keystone:196      (B[m iniset /etc/keystone/keystone.conf fernet_tokens key_repository /etc/keystone/fernet-keys/
[2026-06-30T09:59:47.141Z] +[38;5;242mlib/keystone:configure_keystone:198      (B[m iniset /etc/keystone/keystone.conf credential key_repository /etc/keystone/credential-keys/
[2026-06-30T09:59:47.403Z] +[38;5;242mlib/keystone:configure_keystone:206      (B[m [[ True = True ]]
[2026-06-30T09:59:47.403Z] +[38;5;242mlib/keystone:configure_keystone:207      (B[m iniset /etc/keystone/keystone.conf security_compliance lockout_failure_attempts 2
[2026-06-30T09:59:47.666Z] +[38;5;242mlib/keystone:configure_keystone:208      (B[m iniset /etc/keystone/keystone.conf security_compliance lockout_duration 10
[2026-06-30T09:59:47.931Z] +[38;5;242mlib/keystone:configure_keystone:209      (B[m iniset /etc/keystone/keystone.conf security_compliance unique_last_password_count 2
[2026-06-30T09:59:48.193Z] +[38;5;242mlib/keystone:configure_keystone:212      (B[m iniset /etc/keystone/keystone.conf oslo_policy policy_file policy.yaml
[2026-06-30T09:59:48.456Z] +[38;5;242mlib/keystone:configure_keystone:214      (B[m [[ False == True ]]
[2026-06-30T09:59:48.457Z] +[38;5;242mlib/keystone:configure_keystone:214      (B[m [[ False == True ]]
[2026-06-30T09:59:48.457Z] +[38;5;242mlib/keystone:configure_keystone:218      (B[m iniset /etc/keystone/keystone.conf oslo_policy enforce_scope false
[2026-06-30T09:59:48.724Z] +[38;5;242mlib/keystone:configure_keystone:219      (B[m iniset /etc/keystone/keystone.conf oslo_policy enforce_new_defaults false
[2026-06-30T09:59:48.994Z] +[38;5;242m./stack.sh:main:925                      (B[m is_service_enabled swift
[2026-06-30T09:59:48.994Z] +[38;5;242mfunctions-common:is_service_enabled:2076 (B[m return 1
[2026-06-30T09:59:48.994Z] +[38;5;242m./stack.sh:main:939                      (B[m is_service_enabled g-api n-api
[2026-06-30T09:59:49.257Z] +[38;5;242mfunctions-common:is_service_enabled:2076 (B[m return 0
[2026-06-30T09:59:49.257Z] +[38;5;242m./stack.sh:main:941                      (B[m stack_install_service glance
[2026-06-30T09:59:49.257Z] +[38;5;242mlib/stack:stack_install_service:20       (B[m local service=glance
[2026-06-30T09:59:49.257Z] +[38;5;242mlib/stack:stack_install_service:21       (B[m type install_glance
[2026-06-30T09:59:49.257Z] +[38;5;242mlib/stack:stack_install_service:23       (B[m [[ False = True ]]
[2026-06-30T09:59:49.522Z] +[38;5;242mlib/stack:stack_install_service:32       (B[m install_glance
[2026-06-30T09:59:49.522Z] +[38;5;242mlib/glance:install_glance:551            (B[m glance_store_extras=()
[2026-06-30T09:59:49.522Z] +[38;5;242mlib/glance:install_glance:551            (B[m local glance_store_extras
[2026-06-30T09:59:49.522Z] +[38;5;242mlib/glance:install_glance:553            (B[m is_service_enabled cinder
[2026-06-30T09:59:49.784Z] +[38;5;242mfunctions-common:is_service_enabled:2076 (B[m return 0
[2026-06-30T09:59:49.784Z] +[38;5;242mlib/glance:install_glance:554            (B[m glance_store_extras=("cinder" "${glance_store_extras[@]}")
[2026-06-30T09:59:49.784Z] +[38;5;242mlib/glance:install_glance:557            (B[m is_service_enabled swift
[2026-06-30T09:59:49.784Z] +[38;5;242mfunctions-common:is_service_enabled:2076 (B[m return 1
[2026-06-30T09:59:50.046Z] +[38;5;242mlib/glance:install_glance:563            (B[m use_library_from_git glance_store
[2026-06-30T09:59:50.046Z] +[38;5;242minc/python:use_library_from_git:266      (B[m local name=glance_store
[2026-06-30T09:59:50.046Z] +[38;5;242minc/python:use_library_from_git:267      (B[m local enabled=1
[2026-06-30T09:59:50.046Z] +[38;5;242minc/python:use_library_from_git:268      (B[m [[ '' = \A\L\L ]]
[2026-06-30T09:59:50.046Z] +[38;5;242minc/python:use_library_from_git:268      (B[m [[ ,, =~ ,glance_store, ]]
[2026-06-30T09:59:50.046Z] +[38;5;242minc/python:use_library_from_git:269      (B[m return 1
[2026-06-30T09:59:50.046Z] ++[38;5;242mlib/glance:install_glance:569            (B[m join_extras cinder
[2026-06-30T09:59:50.046Z] ++[38;5;242minc/python:join_extras:28                (B[m local IFS=,
[2026-06-30T09:59:50.046Z] ++[38;5;242minc/python:join_extras:29                (B[m echo cinder
[2026-06-30T09:59:50.309Z] +[38;5;242mlib/glance:install_glance:569            (B[m pip_install_gr_extras glance-store cinder
[2026-06-30T09:59:50.309Z] +[38;5;242minc/python:pip_install_gr_extras:107     (B[m local name=glance-store
[2026-06-30T09:59:50.309Z] +[38;5;242minc/python:pip_install_gr_extras:108     (B[m local extras=cinder
[2026-06-30T09:59:50.309Z] +[38;5;242minc/python:pip_install_gr_extras:109     (B[m local version_constraints
[2026-06-30T09:59:50.309Z] ++[38;5;242minc/python:pip_install_gr_extras:110     (B[m get_version_constraints_from_global_requirements glance-store
[2026-06-30T09:59:50.309Z] ++[38;5;242minc/python:get_version_constraints_from_global_requirements:253 (B[m local package=glance-store
[2026-06-30T09:59:50.309Z] ++[38;5;242minc/python:get_version_constraints_from_global_requirements:254 (B[m local required_pkg_version_constraint
[2026-06-30T09:59:50.309Z] +++[38;5;242minc/python:get_version_constraints_from_global_requirements:256 (B[m grep -i -h -o -P '^glance-store\K.*' /opt/stack/requirements/global-requirements.txt
[2026-06-30T09:59:50.309Z] +++[38;5;242minc/python:get_version_constraints_from_global_requirements:256 (B[m cut -d# -f1
[2026-06-30T09:59:50.576Z] ++[38;5;242minc/python:get_version_constraints_from_global_requirements:256 (B[m required_pkg_version_constraint='!=0.29.0  '
[2026-06-30T09:59:50.576Z] ++[38;5;242minc/python:get_version_constraints_from_global_requirements:257 (B[m [[ !=0.29.0   == '' ]]
[2026-06-30T09:59:50.576Z] ++[38;5;242minc/python:get_version_constraints_from_global_requirements:260 (B[m echo '!=0.29.0'
[2026-06-30T09:59:50.576Z] +[38;5;242minc/python:pip_install_gr_extras:110     (B[m version_constraints='!=0.29.0'
[2026-06-30T09:59:50.576Z] +[38;5;242minc/python:pip_install_gr_extras:111     (B[m pip_install 'glance-store[cinder]!=0.29.0'
[2026-06-30T09:59:50.839Z] Using python 3.12 to install glance-store[cinder]!=0.29.0
[2026-06-30T09:59:50.839Z] +[38;5;242minc/python:pip_install:210               (B[m env http_proxy=http://proxy-in.its.hpecorp.net:80 https_proxy=http://proxy-in.its.hpecorp.net:443 no_proxy=10.201.5.87,10.201.4.29,10.201.3.85,10.201.3.86,localhost,127.0.0.1,10.201.4.31,10.201.4.32,10.201.4.33,10.201.4.34,10.201.1.221,172.28.65.17,172.28.65.18,172.28.65.207,172.28.65.208 PIP_FIND_LINKS= /opt/stack/data/venv/bin/pip install -c /opt/stack/requirements/upper-constraints.txt 'glance-store[cinder]!=0.29.0'
[2026-06-30T09:59:52.276Z] Collecting glance-store!=0.29.0 (from glance-store[cinder]!=0.29.0)
[2026-06-30T09:59:52.855Z]   Downloading glance_store-5.5.0-py3-none-any.whl.metadata (4.6 kB)
[2026-06-30T09:59:52.855Z] Requirement already satisfied: oslo.config>=5.2.0 in /opt/stack/data/venv/lib/python3.12/site-packages (from glance-store!=0.29.0->glance-store[cinder]!=0.29.0) (10.5.0)
[2026-06-30T09:59:52.855Z] Requirement already satisfied: oslo.i18n>=3.15.3 in /opt/stack/data/venv/lib/python3.12/site-packages (from glance-store!=0.29.0->glance-store[cinder]!=0.29.0) (6.8.0)
[2026-06-30T09:59:52.855Z] Requirement already satisfied: oslo.serialization!=2.19.1,>=2.18.0 in /opt/stack/data/venv/lib/python3.12/site-packages (from glance-store!=0.29.0->glance-store[cinder]!=0.29.0) (5.10.0)
[2026-06-30T09:59:52.855Z] Requirement already satisfied: oslo.utils>=4.7.0 in /opt/stack/data/venv/lib/python3.12/site-packages (from glance-store!=0.29.0->glance-store[cinder]!=0.29.0) (10.1.1)
[2026-06-30T09:59:52.855Z] Requirement already satisfied: oslo.concurrency>=3.26.0 in /opt/stack/data/venv/lib/python3.12/site-packages (from glance-store!=0.29.0->glance-store[cinder]!=0.29.0) (7.5.0)
[2026-06-30T09:59:52.855Z] Requirement already satisfied: stevedore>=1.20.0 in /opt/stack/data/venv/lib/python3.12/site-packages (from glance-store!=0.29.0->glance-store[cinder]!=0.29.0) (5.8.0)
[2026-06-30T09:59:52.855Z] Requirement already satisfied: eventlet!=0.18.3,!=0.20.1,>=0.18.2 in /opt/stack/data/venv/lib/python3.12/site-packages (from glance-store!=0.29.0->glance-store[cinder]!=0.29.0) (0.41.0)
[2026-06-30T09:59:52.855Z] Requirement already satisfied: jsonschema>=3.2.0 in /opt/stack/data/venv/lib/python3.12/site-packages (from glance-store!=0.29.0->glance-store[cinder]!=0.29.0) (4.26.0)
[2026-06-30T09:59:52.855Z] Requirement already satisfied: keystoneauth1>=3.4.0 in /opt/stack/data/venv/lib/python3.12/site-packages (from glance-store!=0.29.0->glance-store[cinder]!=0.29.0) (5.14.0)
[2026-06-30T09:59:52.855Z] Requirement already satisfied: python-keystoneclient>=3.8.0 in /opt/stack/data/venv/lib/python3.12/site-packages (from glance-store!=0.29.0->glance-store[cinder]!=0.29.0) (5.8.0)
[2026-06-30T09:59:52.855Z] Requirement already satisfied: requests>=2.14.2 in /opt/stack/data/venv/lib/python3.12/site-packages (from glance-store!=0.29.0->glance-store[cinder]!=0.29.0) (2.34.2)
[2026-06-30T09:59:52.855Z] Collecting retrying!=1.3.0,>=1.2.3 (from glance-store!=0.29.0->glance-store[cinder]!=0.29.0)
[2026-06-30T09:59:52.855Z]   Downloading retrying-1.4.2-py3-none-any.whl.metadata (5.5 kB)
[2026-06-30T09:59:52.855Z] Requirement already satisfied: futurist>=1.2.0 in /opt/stack/data/venv/lib/python3.12/site-packages (from glance-store!=0.29.0->glance-store[cinder]!=0.29.0) (3.4.0)
[2026-06-30T09:59:52.855Z] Requirement already satisfied: dnspython>=1.15.0 in /opt/stack/data/venv/lib/python3.12/site-packages (from eventlet!=0.18.3,!=0.20.1,>=0.18.2->glance-store!=0.29.0->glance-store[cinder]!=0.29.0) (2.8.0)
[2026-06-30T09:59:52.856Z] Requirement already satisfied: greenlet>=1.0 in /opt/stack/data/venv/lib/python3.12/site-packages (from eventlet!=0.18.3,!=0.20.1,>=0.18.2->glance-store!=0.29.0->glance-store[cinder]!=0.29.0) (3.5.2)
[2026-06-30T09:59:52.856Z] Requirement already satisfied: debtcollector>=3.0.0 in /opt/stack/data/venv/lib/python3.12/site-packages (from futurist>=1.2.0->glance-store!=0.29.0->glance-store[cinder]!=0.29.0) (3.1.0)
[2026-06-30T09:59:52.856Z] Requirement already satisfied: wrapt>=2.1.0 in /opt/stack/data/venv/lib/python3.12/site-packages (from debtcollector>=3.0.0->futurist>=1.2.0->glance-store!=0.29.0->glance-store[cinder]!=0.29.0) (2.2.1)
[2026-06-30T09:59:52.856Z] Collecting python-cinderclient>=4.1.0 (from glance-store[cinder]!=0.29.0)
[2026-06-30T09:59:52.856Z]   Downloading python_cinderclient-9.9.0-py3-none-any.whl.metadata (19 kB)
[2026-06-30T09:59:53.119Z] Collecting os-brick>=6.3.0 (from glance-store[cinder]!=0.29.0)
[2026-06-30T09:59:53.119Z]   Downloading os_brick-7.1.0-py3-none-any.whl.metadata (2.9 kB)
[2026-06-30T09:59:53.119Z] Collecting oslo.rootwrap>=5.8.0 (from glance-store[cinder]!=0.29.0)
[2026-06-30T09:59:53.119Z]   Downloading oslo_rootwrap-7.9.0-py3-none-any.whl.metadata (2.1 kB)
[2026-06-30T09:59:53.119Z] Collecting oslo.privsep>=1.23.0 (from glance-store[cinder]!=0.29.0)
[2026-06-30T09:59:53.382Z]   Downloading oslo_privsep-3.11.0-py3-none-any.whl.metadata (2.8 kB)
[2026-06-30T09:59:53.382Z] Requirement already satisfied: attrs>=22.2.0 in /opt/stack/data/venv/lib/python3.12/site-packages (from jsonschema>=3.2.0->glance-store!=0.29.0->glance-store[cinder]!=0.29.0) (26.1.0)
[2026-06-30T09:59:53.382Z] Requirement already satisfied: jsonschema-specifications>=2023.03.6 in /opt/stack/data/venv/lib/python3.12/site-packages (from jsonschema>=3.2.0->glance-store!=0.29.0->glance-store[cinder]!=0.29.0) (2025.9.1)
[2026-06-30T09:59:53.382Z] Requirement already satisfied: referencing>=0.28.4 in /opt/stack/data/venv/lib/python3.12/site-packages (from jsonschema>=3.2.0->glance-store!=0.29.0->glance-store[cinder]!=0.29.0) (0.37.0)
[2026-06-30T09:59:53.382Z] Requirement already satisfied: rpds-py>=0.25.0 in /opt/stack/data/venv/lib/python3.12/site-packages (from jsonschema>=3.2.0->glance-store!=0.29.0->glance-store[cinder]!=0.29.0) (2026.5.1)
[2026-06-30T09:59:53.382Z] Requirement already satisfied: pbr>=2.0.0 in /opt/stack/data/venv/lib/python3.12/site-packages (from keystoneauth1>=3.4.0->glance-store!=0.29.0->glance-store[cinder]!=0.29.0) (7.0.3)
[2026-06-30T09:59:53.382Z] Requirement already satisfied: iso8601>=2.0.0 in /opt/stack/data/venv/lib/python3.12/site-packages (from keystoneauth1>=3.4.0->glance-store!=0.29.0->glance-store[cinder]!=0.29.0) (2.1.0)
[2026-06-30T09:59:53.382Z] Requirement already satisfied: os-service-types>=1.2.0 in /opt/stack/data/venv/lib/python3.12/site-packages (from keystoneauth1>=3.4.0->glance-store!=0.29.0->glance-store[cinder]!=0.29.0) (1.8.2)
[2026-06-30T09:59:53.382Z] Requirement already satisfied: typing-extensions>=4.12 in /opt/stack/data/venv/lib/python3.12/site-packages (from keystoneauth1>=3.4.0->glance-store!=0.29.0->glance-store[cinder]!=0.29.0) (4.15.0)
[2026-06-30T09:59:53.382Z] Requirement already satisfied: oslo.context>=4.1.0 in /opt/stack/data/venv/lib/python3.12/site-packages (from os-brick>=6.3.0->glance-store[cinder]!=0.29.0) (6.4.0)
[2026-06-30T09:59:53.382Z] Requirement already satisfied: oslo.log>=4.8.0 in /opt/stack/data/venv/lib/python3.12/site-packages (from os-brick>=6.3.0->glance-store[cinder]!=0.29.0) (8.2.0)
[2026-06-30T09:59:53.382Z] Requirement already satisfied: oslo.service>=2.8.0 in /opt/stack/data/venv/lib/python3.12/site-packages (from os-brick>=6.3.0->glance-store[cinder]!=0.29.0) (4.6.0)
[2026-06-30T09:59:53.382Z] Collecting tenacity>=6.3.1 (from os-brick>=6.3.0->glance-store[cinder]!=0.29.0)
[2026-06-30T09:59:53.382Z]   Downloading tenacity-9.1.4-py3-none-any.whl.metadata (1.2 kB)
[2026-06-30T09:59:53.382Z] Requirement already satisfied: psutil>=5.7.2 in /opt/stack/data/venv/lib/python3.12/site-packages (from os-brick>=6.3.0->glance-store[cinder]!=0.29.0) (7.2.2)
[2026-06-30T09:59:53.382Z] Requirement already satisfied: fasteners>=0.7.0 in /opt/stack/data/venv/lib/python3.12/site-packages (from oslo.concurrency>=3.26.0->glance-store!=0.29.0->glance-store[cinder]!=0.29.0) (0.20)
[2026-06-30T09:59:53.382Z] Requirement already satisfied: netaddr>=0.7.18 in /opt/stack/data/venv/lib/python3.12/site-packages (from oslo.config>=5.2.0->glance-store!=0.29.0->glance-store[cinder]!=0.29.0) (1.3.0)
[2026-06-30T09:59:53.382Z] Requirement already satisfied: rfc3986>=1.2.0 in /opt/stack/data/venv/lib/python3.12/site-packages (from oslo.config>=5.2.0->glance-store!=0.29.0->glance-store[cinder]!=0.29.0) (2.0.0)
[2026-06-30T09:59:53.382Z] Requirement already satisfied: PyYAML>=5.1 in /opt/stack/data/venv/lib/python3.12/site-packages (from oslo.config>=5.2.0->glance-store!=0.29.0->glance-store[cinder]!=0.29.0) (6.0.3)
[2026-06-30T09:59:53.382Z] Requirement already satisfied: python-dateutil>=2.7.0 in /opt/stack/data/venv/lib/python3.12/site-packages (from oslo.log>=4.8.0->os-brick>=6.3.0->glance-store[cinder]!=0.29.0) (2.9.0.post0)
[2026-06-30T09:59:53.382Z] Requirement already satisfied: cffi>=1.14.0 in /opt/stack/data/venv/lib/python3.12/site-packages (from oslo.privsep>=1.23.0->glance-store[cinder]!=0.29.0) (2.0.0)
[2026-06-30T09:59:53.382Z] Requirement already satisfied: msgpack>=0.6.0 in /opt/stack/data/venv/lib/python3.12/site-packages (from oslo.privsep>=1.23.0->glance-store[cinder]!=0.29.0) (1.2.1)
[2026-06-30T09:59:53.382Z] Requirement already satisfied: pycparser in /opt/stack/data/venv/lib/python3.12/site-packages (from cffi>=1.14.0->oslo.privsep>=1.23.0->glance-store[cinder]!=0.29.0) (3.0)
[2026-06-30T09:59:53.382Z] Requirement already satisfied: WebOb>=1.7.1 in /opt/stack/data/venv/lib/python3.12/site-packages (from oslo.service>=2.8.0->os-brick>=6.3.0->glance-store[cinder]!=0.29.0) (1.8.10)
[2026-06-30T09:59:53.382Z] Requirement already satisfied: PasteDeploy>=1.5.0 in /opt/stack/data/venv/lib/python3.12/site-packages (from oslo.service>=2.8.0->os-brick>=6.3.0->glance-store[cinder]!=0.29.0) (3.1.0)
[2026-06-30T09:59:53.382Z] Requirement already satisfied: Routes>=2.3.1 in /opt/stack/data/venv/lib/python3.12/site-packages (from oslo.service>=2.8.0->os-brick>=6.3.0->glance-store[cinder]!=0.29.0) (2.5.1)
[2026-06-30T09:59:53.382Z] Requirement already satisfied: Paste>=2.0.2 in /opt/stack/data/venv/lib/python3.12/site-packages (from oslo.service>=2.8.0->os-brick>=6.3.0->glance-store[cinder]!=0.29.0) (3.10.1)
[2026-06-30T09:59:53.382Z] Requirement already satisfied: Yappi>=1.0 in /opt/stack/data/venv/lib/python3.12/site-packages (from oslo.service>=2.8.0->os-brick>=6.3.0->glance-store[cinder]!=0.29.0) (1.7.6)
[2026-06-30T09:59:53.382Z] Requirement already satisfied: pyparsing>=2.1.0 in /opt/stack/data/venv/lib/python3.12/site-packages (from oslo.utils>=4.7.0->glance-store!=0.29.0->glance-store[cinder]!=0.29.0) (3.3.2)
[2026-06-30T09:59:53.382Z] Requirement already satisfied: packaging>=20.4 in /opt/stack/data/venv/lib/python3.12/site-packages (from oslo.utils>=4.7.0->glance-store!=0.29.0->glance-store[cinder]!=0.29.0) (26.2)
[2026-06-30T09:59:53.382Z] Requirement already satisfied: setuptools in /opt/stack/data/venv/lib/python3.12/site-packages (from Paste>=2.0.2->oslo.service>=2.8.0->os-brick>=6.3.0->glance-store[cinder]!=0.29.0) (82.0.1)
[2026-06-30T09:59:53.382Z] Requirement already satisfied: PrettyTable>=0.7.2 in /opt/stack/data/venv/lib/python3.12/site-packages (from python-cinderclient>=4.1.0->glance-store[cinder]!=0.29.0) (3.17.0)
[2026-06-30T09:59:53.648Z] Requirement already satisfied: wcwidth in /opt/stack/data/venv/lib/python3.12/site-packages (from PrettyTable>=0.7.2->python-cinderclient>=4.1.0->glance-store[cinder]!=0.29.0) (0.8.1)
[2026-06-30T09:59:53.648Z] Requirement already satisfied: six>=1.5 in /opt/stack/data/venv/lib/python3.12/site-packages (from python-dateutil>=2.7.0->oslo.log>=4.8.0->os-brick>=6.3.0->glance-store[cinder]!=0.29.0) (1.17.0)
[2026-06-30T09:59:53.648Z] Requirement already satisfied: charset_normalizer<4,>=2 in /opt/stack/data/venv/lib/python3.12/site-packages (from requests>=2.14.2->glance-store!=0.29.0->glance-store[cinder]!=0.29.0) (3.4.7)
[2026-06-30T09:59:53.648Z] Requirement already satisfied: idna<4,>=2.5 in /opt/stack/data/venv/lib/python3.12/site-packages (from requests>=2.14.2->glance-store!=0.29.0->glance-store[cinder]!=0.29.0) (3.18)
[2026-06-30T09:59:53.648Z] Requirement already satisfied: urllib3<3,>=1.26 in /opt/stack/data/venv/lib/python3.12/site-packages (from requests>=2.14.2->glance-store!=0.29.0->glance-store[cinder]!=0.29.0) (2.7.0)
[2026-06-30T09:59:53.648Z] Requirement already satisfied: certifi>=2023.5.7 in /usr/lib/python3/dist-packages (from requests>=2.14.2->glance-store!=0.29.0->glance-store[cinder]!=0.29.0) (2023.11.17)
[2026-06-30T09:59:53.648Z] Requirement already satisfied: repoze.lru>=0.3 in /opt/stack/data/venv/lib/python3.12/site-packages (from Routes>=2.3.1->oslo.service>=2.8.0->os-brick>=6.3.0->glance-store[cinder]!=0.29.0) (0.8)
[2026-06-30T09:59:53.648Z] Downloading glance_store-5.5.0-py3-none-any.whl (262 kB)
[2026-06-30T09:59:53.648Z] Downloading os_brick-7.1.0-py3-none-any.whl (285 kB)
[2026-06-30T09:59:53.912Z] Downloading oslo_privsep-3.11.0-py3-none-any.whl (41 kB)
[2026-06-30T09:59:53.912Z] Downloading oslo_rootwrap-7.9.0-py3-none-any.whl (40 kB)
[2026-06-30T09:59:53.912Z] Downloading python_cinderclient-9.9.0-py3-none-any.whl (256 kB)
[2026-06-30T09:59:54.173Z] Downloading retrying-1.4.2-py3-none-any.whl (10 kB)
[2026-06-30T09:59:54.173Z] Downloading tenacity-9.1.4-py3-none-any.whl (28 kB)
[2026-06-30T09:59:54.437Z] Installing collected packages: tenacity, retrying, oslo.rootwrap, python-cinderclient, oslo.privsep, glance-store, os-brick
[2026-06-30T09:59:54.701Z]   Attempting uninstall: python-cinderclient
[2026-06-30T09:59:54.701Z]     Found existing installation: python-cinderclient 9.5.0
[2026-06-30T09:59:54.701Z]     Not uninstalling python-cinderclient at /usr/lib/python3/dist-packages, outside environment /opt/stack/data/venv
[2026-06-30T09:59:54.701Z]     Can't uninstall 'python-cinderclient'. No files were found to uninstall.
[2026-06-30T09:59:55.652Z] 
[2026-06-30T09:59:55.652Z] Successfully installed glance-store-5.5.0 os-brick-7.1.0 oslo.privsep-3.11.0 oslo.rootwrap-7.9.0 python-cinderclient-9.9.0 retrying-1.4.2 tenacity-9.1.4
[2026-06-30T09:59:55.915Z] +[38;5;242minc/python:pip_install:216               (B[m result=0
[2026-06-30T09:59:55.915Z] +[38;5;242minc/python:pip_install:218               (B[m time_stop pip_install
[2026-06-30T09:59:55.915Z] +[38;5;242mfunctions-common:time_stop:2420          (B[m local name
[2026-06-30T09:59:55.915Z] +[38;5;242mfunctions-common:time_stop:2421          (B[m local end_time
[2026-06-30T09:59:55.915Z] +[38;5;242mfunctions-common:time_stop:2422          (B[m local elapsed_time
[2026-06-30T09:59:55.915Z] +[38;5;242mfunctions-common:time_stop:2423          (B[m local total
[2026-06-30T09:59:56.177Z] +[38;5;242mfunctions-common:time_stop:2424          (B[m local start_time
[2026-06-30T09:59:56.177Z] +[38;5;242mfunctions-common:time_stop:2426          (B[m name=pip_install
[2026-06-30T09:59:56.177Z] +[38;5;242mfunctions-common:time_stop:2427          (B[m start_time=1782813598971
[2026-06-30T09:59:56.178Z] +[38;5;242mfunctions-common:time_stop:2429          (B[m [[ -z 1782813598971 ]]
[2026-06-30T09:59:56.178Z] ++[38;5;242mfunctions-common:time_stop:2432          (B[m date +%s%3N
[2026-06-30T09:59:56.178Z] +[38;5;242mfunctions-common:time_stop:2432          (B[m end_time=1782813604462
[2026-06-30T09:59:56.178Z] +[38;5;242mfunctions-common:time_stop:2433          (B[m elapsed_time=5491
[2026-06-30T09:59:56.178Z] +[38;5;242mfunctions-common:time_stop:2434          (B[m total=100976
[2026-06-30T09:59:56.440Z] +[38;5;242mfunctions-common:time_stop:2436          (B[m _TIME_START[$name]=
[2026-06-30T09:59:56.440Z] +[38;5;242mfunctions-common:time_stop:2437          (B[m _TIME_TOTAL[$name]=106467
[2026-06-30T09:59:56.440Z] +[38;5;242minc/python:pip_install:219               (B[m return 0
[2026-06-30T09:59:56.440Z] +[38;5;242mlib/glance:install_glance:570            (B[m copy_rootwrap /opt/stack/data/venv/etc/glance
[2026-06-30T09:59:56.440Z] +[38;5;242mlib/glance:copy_rootwrap:265             (B[m local source_path=/opt/stack/data/venv/etc/glance
[2026-06-30T09:59:56.440Z] +[38;5;242mlib/glance:copy_rootwrap:267             (B[m sudo install -d -o stack /etc/glance
[2026-06-30T09:59:56.440Z] +[38;5;242mlib/glance:copy_rootwrap:268             (B[m cp -r /opt/stack/data/venv/etc/glance/rootwrap.conf /opt/stack/data/venv/etc/glance/rootwrap.d /etc/glance/
[2026-06-30T09:59:56.706Z] +[38;5;242mlib/glance:install_glance:573            (B[m git_clone http://github.com/openstack/glance.git /opt/stack/glance master
[2026-06-30T09:59:56.706Z] +[38;5;242mfunctions-common:git_clone:589           (B[m local git_remote=http://github.com/openstack/glance.git
[2026-06-30T09:59:56.706Z] +[38;5;242mfunctions-common:git_clone:590           (B[m local git_dest=/opt/stack/glance
[2026-06-30T09:59:56.706Z] +[38;5;242mfunctions-common:git_clone:591           (B[m local git_ref=master
[2026-06-30T09:59:56.706Z] +[38;5;242mfunctions-common:git_clone:592           (B[m local orig_dir
[2026-06-30T09:59:56.706Z] ++[38;5;242mfunctions-common:git_clone:593           (B[m pwd
[2026-06-30T09:59:56.706Z] +[38;5;242mfunctions-common:git_clone:593           (B[m orig_dir=/opt/stack/devstack
[2026-06-30T09:59:56.706Z] +[38;5;242mfunctions-common:git_clone:594           (B[m local git_clone_flags=
[2026-06-30T09:59:56.977Z] ++[38;5;242mfunctions-common:git_clone:596           (B[m trueorfalse False RECLONE
[2026-06-30T09:59:56.977Z] +[38;5;242mfunctions-common:git_clone:596           (B[m RECLONE=False
[2026-06-30T09:59:56.977Z] +[38;5;242mfunctions-common:git_clone:597           (B[m [[ 0 -gt 0 ]]
[2026-06-30T09:59:56.977Z] +[38;5;242mfunctions-common:git_clone:601           (B[m [[ False = \T\r\u\e ]]
[2026-06-30T09:59:56.977Z] +[38;5;242mfunctions-common:git_clone:610           (B[m echo master
[2026-06-30T09:59:56.977Z] +[38;5;242mfunctions-common:git_clone:610           (B[m egrep -q '^refs'
[2026-06-30T09:59:57.243Z] +[38;5;242mfunctions-common:git_clone:624           (B[m [[ ! -d /opt/stack/glance ]]
[2026-06-30T09:59:57.243Z] +[38;5;242mfunctions-common:git_clone:625           (B[m [[ False = \T\r\u\e ]]
[2026-06-30T09:59:57.243Z] +[38;5;242mfunctions-common:git_clone:630           (B[m git_timed clone --no-checkout http://github.com/openstack/glance.git /opt/stack/glance
[2026-06-30T09:59:57.243Z] +[38;5;242mfunctions-common:git_timed:697           (B[m local count=0
[2026-06-30T09:59:57.243Z] +[38;5;242mfunctions-common:git_timed:698           (B[m local timeout=0
[2026-06-30T09:59:57.243Z] +[38;5;242mfunctions-common:git_timed:700           (B[m [[ -n 0 ]]
[2026-06-30T09:59:57.243Z] +[38;5;242mfunctions-common:git_timed:701           (B[m timeout=0
[2026-06-30T09:59:57.243Z] +[38;5;242mfunctions-common:git_timed:704           (B[m time_start git_timed
[2026-06-30T09:59:57.506Z] +[38;5;242mfunctions-common:time_start:2406         (B[m local name=git_timed
[2026-06-30T09:59:57.506Z] +[38;5;242mfunctions-common:time_start:2407         (B[m local start_time=
[2026-06-30T09:59:57.506Z] +[38;5;242mfunctions-common:time_start:2408         (B[m [[ -n '' ]]
[2026-06-30T09:59:57.506Z] ++[38;5;242mfunctions-common:time_start:2411         (B[m date +%s%3N
[2026-06-30T09:59:57.506Z] +[38;5;242mfunctions-common:time_start:2411         (B[m _TIME_START[$name]=1782813605738
[2026-06-30T09:59:57.506Z] +[38;5;242mfunctions-common:git_timed:705           (B[m timeout -s SIGINT 0 git clone --no-checkout http://github.com/openstack/glance.git /opt/stack/glance
[2026-06-30T09:59:57.506Z] Cloning into '/opt/stack/glance'...
[2026-06-30T09:59:58.083Z] warning: redirecting to https://github.com/openstack/glance.git/
[2026-06-30T10:00:08.199Z] +[38;5;242mfunctions-common:git_timed:719           (B[m time_stop git_timed
[2026-06-30T10:00:08.199Z] +[38;5;242mfunctions-common:time_stop:2420          (B[m local name
[2026-06-30T10:00:08.199Z] +[38;5;242mfunctions-common:time_stop:2421          (B[m local end_time
[2026-06-30T10:00:08.199Z] +[38;5;242mfunctions-common:time_stop:2422          (B[m local elapsed_time
[2026-06-30T10:00:08.199Z] +[38;5;242mfunctions-common:time_stop:2423          (B[m local total
[2026-06-30T10:00:08.199Z] +[38;5;242mfunctions-common:time_stop:2424          (B[m local start_time
[2026-06-30T10:00:08.199Z] +[38;5;242mfunctions-common:time_stop:2426          (B[m name=git_timed
[2026-06-30T10:00:08.199Z] +[38;5;242mfunctions-common:time_stop:2427          (B[m start_time=1782813605738
[2026-06-30T10:00:08.199Z] +[38;5;242mfunctions-common:time_stop:2429          (B[m [[ -z 1782813605738 ]]
[2026-06-30T10:00:08.200Z] ++[38;5;242mfunctions-common:time_stop:2432          (B[m date +%s%3N
[2026-06-30T10:00:08.200Z] +[38;5;242mfunctions-common:time_stop:2432          (B[m end_time=1782813615401
[2026-06-30T10:00:08.200Z] +[38;5;242mfunctions-common:time_stop:2433          (B[m elapsed_time=9663
[2026-06-30T10:00:08.200Z] +[38;5;242mfunctions-common:time_stop:2434          (B[m total=21215
[2026-06-30T10:00:08.200Z] +[38;5;242mfunctions-common:time_stop:2436          (B[m _TIME_START[$name]=
[2026-06-30T10:00:08.200Z] +[38;5;242mfunctions-common:time_stop:2437          (B[m _TIME_TOTAL[$name]=30878
[2026-06-30T10:00:08.200Z] +[38;5;242mfunctions-common:git_clone:631           (B[m cd /opt/stack/glance
[2026-06-30T10:00:08.200Z] +[38;5;242mfunctions-common:git_clone:632           (B[m git_timed fetch origin master
[2026-06-30T10:00:08.200Z] +[38;5;242mfunctions-common:git_timed:697           (B[m local count=0
[2026-06-30T10:00:08.200Z] +[38;5;242mfunctions-common:git_timed:698           (B[m local timeout=0
[2026-06-30T10:00:08.200Z] +[38;5;242mfunctions-common:git_timed:700           (B[m [[ -n 0 ]]
[2026-06-30T10:00:08.200Z] +[38;5;242mfunctions-common:git_timed:701           (B[m timeout=0
[2026-06-30T10:00:08.200Z] +[38;5;242mfunctions-common:git_timed:704           (B[m time_start git_timed
[2026-06-30T10:00:08.200Z] +[38;5;242mfunctions-common:time_start:2406         (B[m local name=git_timed
[2026-06-30T10:00:08.200Z] +[38;5;242mfunctions-common:time_start:2407         (B[m local start_time=
[2026-06-30T10:00:08.200Z] +[38;5;242mfunctions-common:time_start:2408         (B[m [[ -n '' ]]
[2026-06-30T10:00:08.200Z] ++[38;5;242mfunctions-common:time_start:2411         (B[m date +%s%3N
[2026-06-30T10:00:08.200Z] +[38;5;242mfunctions-common:time_start:2411         (B[m _TIME_START[$name]=1782813615859
[2026-06-30T10:00:08.200Z] +[38;5;242mfunctions-common:git_timed:705           (B[m timeout -s SIGINT 0 git fetch origin master
[2026-06-30T10:00:08.200Z] warning: redirecting to https://github.com/openstack/glance.git/
[2026-06-30T10:00:08.781Z] From http://github.com/openstack/glance
[2026-06-30T10:00:08.781Z]  * branch                master     -> FETCH_HEAD
[2026-06-30T10:00:08.781Z] +[38;5;242mfunctions-common:git_timed:719           (B[m time_stop git_timed
[2026-06-30T10:00:08.781Z] +[38;5;242mfunctions-common:time_stop:2420          (B[m local name
[2026-06-30T10:00:08.781Z] +[38;5;242mfunctions-common:time_stop:2421          (B[m local end_time
[2026-06-30T10:00:08.781Z] +[38;5;242mfunctions-common:time_stop:2422          (B[m local elapsed_time
[2026-06-30T10:00:08.781Z] +[38;5;242mfunctions-common:time_stop:2423          (B[m local total
[2026-06-30T10:00:08.781Z] +[38;5;242mfunctions-common:time_stop:2424          (B[m local start_time
[2026-06-30T10:00:08.781Z] +[38;5;242mfunctions-common:time_stop:2426          (B[m name=git_timed
[2026-06-30T10:00:08.781Z] +[38;5;242mfunctions-common:time_stop:2427          (B[m start_time=1782813615859
[2026-06-30T10:00:08.781Z] +[38;5;242mfunctions-common:time_stop:2429          (B[m [[ -z 1782813615859 ]]
[2026-06-30T10:00:09.044Z] ++[38;5;242mfunctions-common:time_stop:2432          (B[m date +%s%3N
[2026-06-30T10:00:09.044Z] +[38;5;242mfunctions-common:time_stop:2432          (B[m end_time=1782813617182
[2026-06-30T10:00:09.044Z] +[38;5;242mfunctions-common:time_stop:2433          (B[m elapsed_time=1323
[2026-06-30T10:00:09.044Z] +[38;5;242mfunctions-common:time_stop:2434          (B[m total=30878
[2026-06-30T10:00:09.044Z] +[38;5;242mfunctions-common:time_stop:2436          (B[m _TIME_START[$name]=
[2026-06-30T10:00:09.044Z] +[38;5;242mfunctions-common:time_stop:2437          (B[m _TIME_TOTAL[$name]=32201
[2026-06-30T10:00:09.044Z] +[38;5;242mfunctions-common:git_clone:633           (B[m git_timed checkout FETCH_HEAD
[2026-06-30T10:00:09.044Z] +[38;5;242mfunctions-common:git_timed:697           (B[m local count=0
[2026-06-30T10:00:09.044Z] +[38;5;242mfunctions-common:git_timed:698           (B[m local timeout=0
[2026-06-30T10:00:09.308Z] +[38;5;242mfunctions-common:git_timed:700           (B[m [[ -n 0 ]]
[2026-06-30T10:00:09.308Z] +[38;5;242mfunctions-common:git_timed:701           (B[m timeout=0
[2026-06-30T10:00:09.308Z] +[38;5;242mfunctions-common:git_timed:704           (B[m time_start git_timed
[2026-06-30T10:00:09.308Z] +[38;5;242mfunctions-common:time_start:2406         (B[m local name=git_timed
[2026-06-30T10:00:09.308Z] +[38;5;242mfunctions-common:time_start:2407         (B[m local start_time=
[2026-06-30T10:00:09.308Z] +[38;5;242mfunctions-common:time_start:2408         (B[m [[ -n '' ]]
[2026-06-30T10:00:09.308Z] ++[38;5;242mfunctions-common:time_start:2411         (B[m date +%s%3N
[2026-06-30T10:00:09.308Z] +[38;5;242mfunctions-common:time_start:2411         (B[m _TIME_START[$name]=1782813617619
[2026-06-30T10:00:09.308Z] +[38;5;242mfunctions-common:git_timed:705           (B[m timeout -s SIGINT 0 git checkout FETCH_HEAD
[2026-06-30T10:00:09.571Z] Note: switching to 'FETCH_HEAD'.
[2026-06-30T10:00:09.571Z] 
[2026-06-30T10:00:09.571Z] You are in 'detached HEAD' state. You can look around, make experimental
[2026-06-30T10:00:09.571Z] changes and commit them, and you can discard any commits you make in this
[2026-06-30T10:00:09.571Z] state without impacting any branches by switching back to a branch.
[2026-06-30T10:00:09.571Z] 
[2026-06-30T10:00:09.571Z] If you want to create a new branch to retain commits you create, you may
[2026-06-30T10:00:09.571Z] do so (now or later) by using -c with the switch command. Example:
[2026-06-30T10:00:09.571Z] 
[2026-06-30T10:00:09.571Z]   git switch -c <new-branch-name>
[2026-06-30T10:00:09.571Z] 
[2026-06-30T10:00:09.571Z] Or undo this operation with:
[2026-06-30T10:00:09.571Z] 
[2026-06-30T10:00:09.571Z]   git switch -
[2026-06-30T10:00:09.571Z] 
[2026-06-30T10:00:09.571Z] Turn off this advice by setting config variable advice.detachedHead to false
[2026-06-30T10:00:09.571Z] 
[2026-06-30T10:00:09.571Z] HEAD is now at 34bf76e91 Merge "Remove glance-grenade-centralized-cache zuul job"
[2026-06-30T10:00:09.842Z] +[38;5;242mfunctions-common:git_timed:719           (B[m time_stop git_timed
[2026-06-30T10:00:09.842Z] +[38;5;242mfunctions-common:time_stop:2420          (B[m local name
[2026-06-30T10:00:09.842Z] +[38;5;242mfunctions-common:time_stop:2421          (B[m local end_time
[2026-06-30T10:00:09.842Z] +[38;5;242mfunctions-common:time_stop:2422          (B[m local elapsed_time
[2026-06-30T10:00:09.842Z] +[38;5;242mfunctions-common:time_stop:2423          (B[m local total
[2026-06-30T10:00:09.842Z] +[38;5;242mfunctions-common:time_stop:2424          (B[m local start_time
[2026-06-30T10:00:09.842Z] +[38;5;242mfunctions-common:time_stop:2426          (B[m name=git_timed
[2026-06-30T10:00:09.842Z] +[38;5;242mfunctions-common:time_stop:2427          (B[m start_time=1782813617619
[2026-06-30T10:00:09.842Z] +[38;5;242mfunctions-common:time_stop:2429          (B[m [[ -z 1782813617619 ]]
[2026-06-30T10:00:09.842Z] ++[38;5;242mfunctions-common:time_stop:2432          (B[m date +%s%3N
[2026-06-30T10:00:10.109Z] +[38;5;242mfunctions-common:time_stop:2432          (B[m end_time=1782813618228
[2026-06-30T10:00:10.109Z] +[38;5;242mfunctions-common:time_stop:2433          (B[m elapsed_time=609
[2026-06-30T10:00:10.109Z] +[38;5;242mfunctions-common:time_stop:2434          (B[m total=32201
[2026-06-30T10:00:10.109Z] +[38;5;242mfunctions-common:time_stop:2436          (B[m _TIME_START[$name]=
[2026-06-30T10:00:10.109Z] +[38;5;242mfunctions-common:time_stop:2437          (B[m _TIME_TOTAL[$name]=32810
[2026-06-30T10:00:10.109Z] +[38;5;242mfunctions-common:git_clone:669           (B[m sudo git config --system --add safe.directory /opt/stack/glance
[2026-06-30T10:00:10.109Z] +[38;5;242mfunctions-common:git_clone:672           (B[m cd /opt/stack/glance
[2026-06-30T10:00:10.109Z] +[38;5;242mfunctions-common:git_clone:673           (B[m git show --oneline
[2026-06-30T10:00:10.374Z] +[38;5;242mfunctions-common:git_clone:673           (B[m head -1
[2026-06-30T10:00:10.374Z] 34bf76e91 Merge "Remove glance-grenade-centralized-cache zuul job"
[2026-06-30T10:00:10.374Z] +[38;5;242mfunctions-common:git_clone:674           (B[m cd /opt/stack/devstack
[2026-06-30T10:00:10.374Z] +[38;5;242mlib/glance:install_glance:575            (B[m setup_develop /opt/stack/glance
[2026-06-30T10:00:10.374Z] +[38;5;242minc/python:setup_develop:353             (B[m local bindep
[2026-06-30T10:00:10.374Z] +[38;5;242minc/python:setup_develop:354             (B[m [[ /opt/stack/glance == -bindep* ]]
[2026-06-30T10:00:10.374Z] +[38;5;242minc/python:setup_develop:358             (B[m local project_dir=/opt/stack/glance
[2026-06-30T10:00:10.374Z] +[38;5;242minc/python:setup_develop:359             (B[m local extras=
[2026-06-30T10:00:10.374Z] +[38;5;242minc/python:setup_develop:360             (B[m _setup_package_with_constraints_edit /opt/stack/glance -e
[2026-06-30T10:00:10.637Z] +[38;5;242minc/python:_setup_package_with_constraints_edit:379 (B[m local bindep
[2026-06-30T10:00:10.637Z] +[38;5;242minc/python:_setup_package_with_constraints_edit:380 (B[m [[ /opt/stack/glance == -bindep* ]]
[2026-06-30T10:00:10.637Z] +[38;5;242minc/python:_setup_package_with_constraints_edit:384 (B[m local project_dir=/opt/stack/glance
[2026-06-30T10:00:10.637Z] +[38;5;242minc/python:_setup_package_with_constraints_edit:385 (B[m local flags=-e
[2026-06-30T10:00:10.637Z] +[38;5;242minc/python:_setup_package_with_constraints_edit:386 (B[m local extras=
[2026-06-30T10:00:10.637Z] ++[38;5;242minc/python:_setup_package_with_constraints_edit:393 (B[m cd /opt/stack/glance
[2026-06-30T10:00:10.637Z] ++[38;5;242minc/python:_setup_package_with_constraints_edit:393 (B[m pwd
[2026-06-30T10:00:10.637Z] +[38;5;242minc/python:_setup_package_with_constraints_edit:393 (B[m project_dir=/opt/stack/glance
[2026-06-30T10:00:10.637Z] +[38;5;242minc/python:_setup_package_with_constraints_edit:395 (B[m '[' -n /opt/stack/requirements ']'
[2026-06-30T10:00:10.903Z] +[38;5;242minc/python:_setup_package_with_constraints_edit:399 (B[m local name
[2026-06-30T10:00:10.904Z] ++[38;5;242minc/python:_setup_package_with_constraints_edit:400 (B[m awk '/^name.*=/ {print $3}' /opt/stack/glance/setup.cfg
[2026-06-30T10:00:10.904Z] +[38;5;242minc/python:_setup_package_with_constraints_edit:400 (B[m name=glance
[2026-06-30T10:00:10.904Z] +[38;5;242minc/python:_setup_package_with_constraints_edit:401 (B[m '[' -z glance ']'
[2026-06-30T10:00:10.904Z] +[38;5;242minc/python:_setup_package_with_constraints_edit:405 (B[m /opt/stack/requirements/.venv/bin/edit-constraints /opt/stack/requirements/upper-constraints.txt -- glance
[2026-06-30T10:00:11.168Z] +[38;5;242minc/python:_setup_package_with_constraints_edit:408 (B[m setup_package /opt/stack/glance -e
[2026-06-30T10:00:11.168Z] +[38;5;242minc/python:setup_package:436             (B[m local bindep=0
[2026-06-30T10:00:11.168Z] +[38;5;242minc/python:setup_package:437             (B[m local bindep_flag=
[2026-06-30T10:00:11.431Z] +[38;5;242minc/python:setup_package:438             (B[m local bindep_profiles=
[2026-06-30T10:00:11.431Z] +[38;5;242minc/python:setup_package:439             (B[m [[ /opt/stack/glance == -bindep* ]]
[2026-06-30T10:00:11.431Z] +[38;5;242minc/python:setup_package:444             (B[m local project_dir=/opt/stack/glance
[2026-06-30T10:00:11.431Z] +[38;5;242minc/python:setup_package:445             (B[m local flags=-e
[2026-06-30T10:00:11.431Z] +[38;5;242minc/python:setup_package:446             (B[m local extras=
[2026-06-30T10:00:11.431Z] +[38;5;242minc/python:setup_package:450             (B[m [[ -n -e ]]
[2026-06-30T10:00:11.431Z] +[38;5;242minc/python:setup_package:450             (B[m [[ -z '' ]]
[2026-06-30T10:00:11.431Z] +[38;5;242minc/python:setup_package:450             (B[m [[ ! -e =~ ^-.* ]]
[2026-06-30T10:00:11.431Z] +[38;5;242minc/python:setup_package:455             (B[m [[ ! -z '' ]]
[2026-06-30T10:00:11.694Z] +[38;5;242minc/python:setup_package:460             (B[m [[ 0 == 1 ]]
[2026-06-30T10:00:11.694Z] +[38;5;242minc/python:setup_package:464             (B[m pip_install -e /opt/stack/glance
[2026-06-30T10:00:11.694Z] Using python 3.12 to install /opt/stack/glance
[2026-06-30T10:00:11.694Z] +[38;5;242minc/python:pip_install:210               (B[m env http_proxy=http://proxy-in.its.hpecorp.net:80 https_proxy=http://proxy-in.its.hpecorp.net:443 no_proxy=10.201.5.87,10.201.4.29,10.201.3.85,10.201.3.86,localhost,127.0.0.1,10.201.4.31,10.201.4.32,10.201.4.33,10.201.4.34,10.201.1.221,172.28.65.17,172.28.65.18,172.28.65.207,172.28.65.208 PIP_FIND_LINKS= /opt/stack/data/venv/bin/pip install -c /opt/stack/requirements/upper-constraints.txt -e /opt/stack/glance
[2026-06-30T10:00:13.089Z] Obtaining file:///opt/stack/glance
[2026-06-30T10:00:13.089Z]   Installing build dependencies: started
[2026-06-30T10:00:15.648Z]   Installing build dependencies: finished with status 'done'
[2026-06-30T10:00:15.648Z]   Checking if build backend supports build_editable: started
[2026-06-30T10:00:15.648Z]   Checking if build backend supports build_editable: finished with status 'done'
[2026-06-30T10:00:15.648Z]   Getting requirements to build editable: started
[2026-06-30T10:00:15.911Z]   Getting requirements to build editable: finished with status 'done'
[2026-06-30T10:00:15.911Z]   Preparing editable metadata (pyproject.toml): started
[2026-06-30T10:00:17.344Z]   Preparing editable metadata (pyproject.toml): finished with status 'done'
[2026-06-30T10:00:17.344Z] Requirement already satisfied: pbr>=3.1.1 in /opt/stack/data/venv/lib/python3.12/site-packages (from glance==32.1.0.dev87) (7.0.3)
[2026-06-30T10:00:17.344Z] Requirement already satisfied: defusedxml>=0.7.1 in /opt/stack/data/venv/lib/python3.12/site-packages (from glance==32.1.0.dev87) (0.7.1)
[2026-06-30T10:00:17.344Z] Requirement already satisfied: SQLAlchemy>=1.3.14 in /opt/stack/data/venv/lib/python3.12/site-packages (from glance==32.1.0.dev87) (2.0.51)
[2026-06-30T10:00:17.344Z] Requirement already satisfied: eventlet>=0.33.3 in /opt/stack/data/venv/lib/python3.12/site-packages (from glance==32.1.0.dev87) (0.41.0)
[2026-06-30T10:00:17.344Z] Requirement already satisfied: PasteDeploy>=1.5.0 in /opt/stack/data/venv/lib/python3.12/site-packages (from glance==32.1.0.dev87) (3.1.0)
[2026-06-30T10:00:17.344Z] Requirement already satisfied: Routes>=2.3.1 in /opt/stack/data/venv/lib/python3.12/site-packages (from glance==32.1.0.dev87) (2.5.1)
[2026-06-30T10:00:17.344Z] Requirement already satisfied: WebOb>=1.8.1 in /opt/stack/data/venv/lib/python3.12/site-packages (from glance==32.1.0.dev87) (1.8.10)
[2026-06-30T10:00:17.344Z] Requirement already satisfied: alembic>=0.9.6 in /opt/stack/data/venv/lib/python3.12/site-packages (from glance==32.1.0.dev87) (1.18.4)
[2026-06-30T10:00:17.617Z] Collecting httplib2>=0.9.1 (from glance==32.1.0.dev87)
[2026-06-30T10:00:18.191Z]   Downloading httplib2-0.31.2-py3-none-any.whl.metadata (2.2 kB)
[2026-06-30T10:00:18.191Z] Requirement already satisfied: oslo.config>=8.1.0 in /opt/stack/data/venv/lib/python3.12/site-packages (from glance==32.1.0.dev87) (10.5.0)
[2026-06-30T10:00:18.191Z] Requirement already satisfied: oslo.concurrency>=4.5.1 in /opt/stack/data/venv/lib/python3.12/site-packages (from glance==32.1.0.dev87) (7.5.0)
[2026-06-30T10:00:18.191Z] Requirement already satisfied: oslo.context>=2.22.0 in /opt/stack/data/venv/lib/python3.12/site-packages (from glance==32.1.0.dev87) (6.4.0)
[2026-06-30T10:00:18.191Z] Requirement already satisfied: oslo.upgradecheck>=1.3.0 in /opt/stack/data/venv/lib/python3.12/site-packages (from glance==32.1.0.dev87) (2.7.1)
[2026-06-30T10:00:18.191Z] Requirement already satisfied: oslo.utils>=7.4.0 in /opt/stack/data/venv/lib/python3.12/site-packages (from glance==32.1.0.dev87) (10.1.1)
[2026-06-30T10:00:18.191Z] Requirement already satisfied: stevedore!=3.0.0,>=1.20.0 in /opt/stack/data/venv/lib/python3.12/site-packages (from glance==32.1.0.dev87) (5.8.0)
[2026-06-30T10:00:18.192Z] Requirement already satisfied: futurist>=1.2.0 in /opt/stack/data/venv/lib/python3.12/site-packages (from glance==32.1.0.dev87) (3.4.0)
[2026-06-30T10:00:18.192Z] Collecting taskflow>=4.0.0 (from glance==32.1.0.dev87)
[2026-06-30T10:00:18.192Z]   Downloading taskflow-6.3.0-py3-none-any.whl.metadata (4.5 kB)
[2026-06-30T10:00:18.192Z] Requirement already satisfied: keystoneauth1>=3.4.0 in /opt/stack/data/venv/lib/python3.12/site-packages (from glance==32.1.0.dev87) (5.14.0)
[2026-06-30T10:00:18.192Z] Requirement already satisfied: keystonemiddleware>=5.1.0 in /opt/stack/data/venv/lib/python3.12/site-packages (from glance==32.1.0.dev87) (13.0.0)
[2026-06-30T10:00:18.192Z] Collecting WSME>=0.8.0 (from glance==32.1.0.dev87)
[2026-06-30T10:00:18.192Z]   Downloading WSME-0.12.1-py3-none-any.whl.metadata (3.7 kB)
[2026-06-30T10:00:18.192Z] Requirement already satisfied: PrettyTable>=0.7.1 in /opt/stack/data/venv/lib/python3.12/site-packages (from glance==32.1.0.dev87) (3.17.0)
[2026-06-30T10:00:18.192Z] Requirement already satisfied: Paste>=2.0.2 in /opt/stack/data/venv/lib/python3.12/site-packages (from glance==32.1.0.dev87) (3.10.1)
[2026-06-30T10:00:18.192Z] Requirement already satisfied: jsonschema>=3.2.0 in /opt/stack/data/venv/lib/python3.12/site-packages (from glance==32.1.0.dev87) (4.26.0)
[2026-06-30T10:00:18.192Z] Requirement already satisfied: python-keystoneclient>=3.8.0 in /opt/stack/data/venv/lib/python3.12/site-packages (from glance==32.1.0.dev87) (5.8.0)
[2026-06-30T10:00:18.192Z] Requirement already satisfied: oslo.db>=5.0.0 in /opt/stack/data/venv/lib/python3.12/site-packages (from glance==32.1.0.dev87) (18.0.0)
[2026-06-30T10:00:18.192Z] Requirement already satisfied: oslo.i18n>=5.0.0 in /opt/stack/data/venv/lib/python3.12/site-packages (from glance==32.1.0.dev87) (6.8.0)
[2026-06-30T10:00:18.463Z] Collecting oslo.limit>=1.6.0 (from glance==32.1.0.dev87)
[2026-06-30T10:00:18.463Z]   Downloading oslo_limit-2.11.0-py3-none-any.whl.metadata (2.1 kB)
[2026-06-30T10:00:18.463Z] Requirement already satisfied: oslo.log>=4.5.0 in /opt/stack/data/venv/lib/python3.12/site-packages (from glance==32.1.0.dev87) (8.2.0)
[2026-06-30T10:00:18.463Z] Requirement already satisfied: oslo.messaging!=9.0.0,>=5.29.0 in /opt/stack/data/venv/lib/python3.12/site-packages (from glance==32.1.0.dev87) (18.1.0)
[2026-06-30T10:00:18.463Z] Requirement already satisfied: oslo.middleware>=3.31.0 in /opt/stack/data/venv/lib/python3.12/site-packages (from glance==32.1.0.dev87) (8.1.0)
[2026-06-30T10:00:18.463Z] Collecting oslo.reports>=1.18.0 (from glance==32.1.0.dev87)
[2026-06-30T10:00:18.463Z]   Downloading oslo_reports-3.8.0-py3-none-any.whl.metadata (3.9 kB)
[2026-06-30T10:00:18.463Z] Requirement already satisfied: oslo.policy>=4.5.0 in /opt/stack/data/venv/lib/python3.12/site-packages (from glance==32.1.0.dev87) (5.1.0)
[2026-06-30T10:00:18.463Z] Requirement already satisfied: osprofiler>=1.4.0 in /opt/stack/data/venv/lib/python3.12/site-packages (from glance==32.1.0.dev87) (4.4.0)
[2026-06-30T10:00:18.463Z] Requirement already satisfied: glance-store>=5.3.0 in /opt/stack/data/venv/lib/python3.12/site-packages (from glance==32.1.0.dev87) (5.5.0)
[2026-06-30T10:00:18.463Z] Requirement already satisfied: debtcollector>=1.19.0 in /opt/stack/data/venv/lib/python3.12/site-packages (from glance==32.1.0.dev87) (3.1.0)
[2026-06-30T10:00:18.463Z] Requirement already satisfied: cryptography>=2.6.1 in /opt/stack/data/venv/lib/python3.12/site-packages (from glance==32.1.0.dev87) (43.0.3)
[2026-06-30T10:00:18.463Z] Collecting cursive>=0.2.1 (from glance==32.1.0.dev87)
[2026-06-30T10:00:18.463Z]   Downloading cursive-0.2.3-py2.py3-none-any.whl.metadata (1.7 kB)
[2026-06-30T10:00:18.732Z] Collecting castellan>=0.17.0 (from glance==32.1.0.dev87)
[2026-06-30T10:00:18.732Z]   Downloading castellan-5.7.0-py3-none-any.whl.metadata (1.9 kB)
[2026-06-30T10:00:18.732Z] Requirement already satisfied: Mako in /opt/stack/data/venv/lib/python3.12/site-packages (from alembic>=0.9.6->glance==32.1.0.dev87) (1.3.12)
[2026-06-30T10:00:18.732Z] Requirement already satisfied: typing-extensions>=4.12 in /opt/stack/data/venv/lib/python3.12/site-packages (from alembic>=0.9.6->glance==32.1.0.dev87) (4.15.0)
[2026-06-30T10:00:18.732Z] Collecting python-barbicanclient>=5.5.0 (from castellan>=0.17.0->glance==32.1.0.dev87)
[2026-06-30T10:00:18.732Z]   Downloading python_barbicanclient-7.4.0-py3-none-any.whl.metadata (11 kB)
[2026-06-30T10:00:18.732Z] Requirement already satisfied: requests>=2.18.0 in /opt/stack/data/venv/lib/python3.12/site-packages (from castellan>=0.17.0->glance==32.1.0.dev87) (2.34.2)
[2026-06-30T10:00:18.732Z] Requirement already satisfied: cffi>=1.12 in /opt/stack/data/venv/lib/python3.12/site-packages (from cryptography>=2.6.1->glance==32.1.0.dev87) (2.0.0)
[2026-06-30T10:00:18.732Z] Requirement already satisfied: pycparser in /opt/stack/data/venv/lib/python3.12/site-packages (from cffi>=1.12->cryptography>=2.6.1->glance==32.1.0.dev87) (3.0)
[2026-06-30T10:00:18.732Z] Requirement already satisfied: oslo.serialization>=1.10.0 in /opt/stack/data/venv/lib/python3.12/site-packages (from cursive>=0.2.1->glance==32.1.0.dev87) (5.10.0)
[2026-06-30T10:00:18.732Z] Requirement already satisfied: wrapt>=2.1.0 in /opt/stack/data/venv/lib/python3.12/site-packages (from debtcollector>=1.19.0->glance==32.1.0.dev87) (2.2.1)
[2026-06-30T10:00:18.732Z] Requirement already satisfied: dnspython>=1.15.0 in /opt/stack/data/venv/lib/python3.12/site-packages (from eventlet>=0.33.3->glance==32.1.0.dev87) (2.8.0)
[2026-06-30T10:00:18.732Z] Requirement already satisfied: greenlet>=1.0 in /opt/stack/data/venv/lib/python3.12/site-packages (from eventlet>=0.33.3->glance==32.1.0.dev87) (3.5.2)
[2026-06-30T10:00:18.732Z] Requirement already satisfied: retrying!=1.3.0,>=1.2.3 in /opt/stack/data/venv/lib/python3.12/site-packages (from glance-store>=5.3.0->glance==32.1.0.dev87) (1.4.2)
[2026-06-30T10:00:18.732Z] Requirement already satisfied: pyparsing<4,>=3.1 in /opt/stack/data/venv/lib/python3.12/site-packages (from httplib2>=0.9.1->glance==32.1.0.dev87) (3.3.2)
[2026-06-30T10:00:18.732Z] Requirement already satisfied: attrs>=22.2.0 in /opt/stack/data/venv/lib/python3.12/site-packages (from jsonschema>=3.2.0->glance==32.1.0.dev87) (26.1.0)
[2026-06-30T10:00:18.732Z] Requirement already satisfied: jsonschema-specifications>=2023.03.6 in /opt/stack/data/venv/lib/python3.12/site-packages (from jsonschema>=3.2.0->glance==32.1.0.dev87) (2025.9.1)
[2026-06-30T10:00:18.732Z] Requirement already satisfied: referencing>=0.28.4 in /opt/stack/data/venv/lib/python3.12/site-packages (from jsonschema>=3.2.0->glance==32.1.0.dev87) (0.37.0)
[2026-06-30T10:00:18.732Z] Requirement already satisfied: rpds-py>=0.25.0 in /opt/stack/data/venv/lib/python3.12/site-packages (from jsonschema>=3.2.0->glance==32.1.0.dev87) (2026.5.1)
[2026-06-30T10:00:19.011Z] Requirement already satisfied: iso8601>=2.0.0 in /opt/stack/data/venv/lib/python3.12/site-packages (from keystoneauth1>=3.4.0->glance==32.1.0.dev87) (2.1.0)
[2026-06-30T10:00:19.011Z] Requirement already satisfied: os-service-types>=1.2.0 in /opt/stack/data/venv/lib/python3.12/site-packages (from keystoneauth1>=3.4.0->glance==32.1.0.dev87) (1.8.2)
[2026-06-30T10:00:19.011Z] Requirement already satisfied: oslo.cache>=3.11.0 in /opt/stack/data/venv/lib/python3.12/site-packages (from keystonemiddleware>=5.1.0->glance==32.1.0.dev87) (4.2.0)
[2026-06-30T10:00:19.011Z] Requirement already satisfied: pycadf>=1.1.0 in /opt/stack/data/venv/lib/python3.12/site-packages (from keystonemiddleware>=5.1.0->glance==32.1.0.dev87) (4.0.1)
[2026-06-30T10:00:19.011Z] Requirement already satisfied: PyJWT>=2.4.0 in /opt/stack/data/venv/lib/python3.12/site-packages (from keystonemiddleware>=5.1.0->glance==32.1.0.dev87) (2.13.0)
[2026-06-30T10:00:19.011Z] Requirement already satisfied: dogpile.cache>=1.3.3 in /opt/stack/data/venv/lib/python3.12/site-packages (from oslo.cache>=3.11.0->keystonemiddleware>=5.1.0->glance==32.1.0.dev87) (1.5.0)
[2026-06-30T10:00:19.011Z] Requirement already satisfied: decorator>=4.0.0 in /opt/stack/data/venv/lib/python3.12/site-packages (from dogpile.cache>=1.3.3->oslo.cache>=3.11.0->keystonemiddleware>=5.1.0->glance==32.1.0.dev87) (5.3.1)
[2026-06-30T10:00:19.011Z] Requirement already satisfied: fasteners>=0.7.0 in /opt/stack/data/venv/lib/python3.12/site-packages (from oslo.concurrency>=4.5.1->glance==32.1.0.dev87) (0.20)
[2026-06-30T10:00:19.011Z] Requirement already satisfied: netaddr>=0.7.18 in /opt/stack/data/venv/lib/python3.12/site-packages (from oslo.config>=8.1.0->glance==32.1.0.dev87) (1.3.0)
[2026-06-30T10:00:19.011Z] Requirement already satisfied: rfc3986>=1.2.0 in /opt/stack/data/venv/lib/python3.12/site-packages (from oslo.config>=8.1.0->glance==32.1.0.dev87) (2.0.0)
[2026-06-30T10:00:19.011Z] Requirement already satisfied: PyYAML>=5.1 in /opt/stack/data/venv/lib/python3.12/site-packages (from oslo.config>=8.1.0->glance==32.1.0.dev87) (6.0.3)
[2026-06-30T10:00:19.011Z] Requirement already satisfied: testresources>=2.0.0 in /opt/stack/data/venv/lib/python3.12/site-packages (from oslo.db>=5.0.0->glance==32.1.0.dev87) (2.1.2)
[2026-06-30T10:00:19.011Z] Requirement already satisfied: testscenarios>=0.4 in /opt/stack/data/venv/lib/python3.12/site-packages (from oslo.db>=5.0.0->glance==32.1.0.dev87) (0.6.2)
[2026-06-30T10:00:19.011Z] Collecting openstacksdk>=4.11.0 (from oslo.limit>=1.6.0->glance==32.1.0.dev87)
[2026-06-30T10:00:19.011Z]   Downloading openstacksdk-4.17.0-py3-none-any.whl.metadata (12 kB)
[2026-06-30T10:00:19.011Z] Collecting jmespath>=0.9.0 (from openstacksdk>=4.11.0->oslo.limit>=1.6.0->glance==32.1.0.dev87)
[2026-06-30T10:00:19.275Z]   Downloading jmespath-1.1.0-py3-none-any.whl.metadata (7.6 kB)
[2026-06-30T10:00:19.275Z] Collecting jsonpatch!=1.20,>=1.16 (from openstacksdk>=4.11.0->oslo.limit>=1.6.0->glance==32.1.0.dev87)
[2026-06-30T10:00:19.275Z]   Downloading jsonpatch-1.33-py2.py3-none-any.whl.metadata (3.0 kB)
[2026-06-30T10:00:19.275Z] Collecting platformdirs>=3 (from openstacksdk>=4.11.0->oslo.limit>=1.6.0->glance==32.1.0.dev87)
[2026-06-30T10:00:19.275Z]   Downloading platformdirs-4.10.0-py3-none-any.whl.metadata (5.5 kB)
[2026-06-30T10:00:19.275Z] Requirement already satisfied: psutil>=3.2.2 in /opt/stack/data/venv/lib/python3.12/site-packages (from openstacksdk>=4.11.0->oslo.limit>=1.6.0->glance==32.1.0.dev87) (7.2.2)
[2026-06-30T10:00:19.538Z] Collecting jsonpointer>=1.9 (from jsonpatch!=1.20,>=1.16->openstacksdk>=4.11.0->oslo.limit>=1.6.0->glance==32.1.0.dev87)
[2026-06-30T10:00:19.538Z]   Downloading jsonpointer-3.1.1-py3-none-any.whl.metadata (2.4 kB)
[2026-06-30T10:00:19.538Z] Requirement already satisfied: python-dateutil>=2.7.0 in /opt/stack/data/venv/lib/python3.12/site-packages (from oslo.log>=4.5.0->glance==32.1.0.dev87) (2.9.0.post0)
[2026-06-30T10:00:19.538Z] Requirement already satisfied: oslo.service>=1.24.0 in /opt/stack/data/venv/lib/python3.12/site-packages (from oslo.messaging!=9.0.0,>=5.29.0->glance==32.1.0.dev87) (4.6.0)
[2026-06-30T10:00:19.539Z] Requirement already satisfied: cachetools>=2.0.0 in /opt/stack/data/venv/lib/python3.12/site-packages (from oslo.messaging!=9.0.0,>=5.29.0->glance==32.1.0.dev87) (7.1.4)
[2026-06-30T10:00:19.539Z] Requirement already satisfied: amqp>=2.5.2 in /opt/stack/data/venv/lib/python3.12/site-packages (from oslo.messaging!=9.0.0,>=5.29.0->glance==32.1.0.dev87) (5.3.1)
[2026-06-30T10:00:19.539Z] Requirement already satisfied: kombu>=4.6.8 in /opt/stack/data/venv/lib/python3.12/site-packages (from oslo.messaging!=9.0.0,>=5.29.0->glance==32.1.0.dev87) (5.6.2)
[2026-06-30T10:00:19.539Z] Requirement already satisfied: oslo.metrics>=0.2.1 in /opt/stack/data/venv/lib/python3.12/site-packages (from oslo.messaging!=9.0.0,>=5.29.0->glance==32.1.0.dev87) (0.16.0)
[2026-06-30T10:00:19.539Z] Requirement already satisfied: vine<6.0.0,>=5.0.0 in /opt/stack/data/venv/lib/python3.12/site-packages (from amqp>=2.5.2->oslo.messaging!=9.0.0,>=5.29.0->glance==32.1.0.dev87) (5.1.0)
[2026-06-30T10:00:19.539Z] Requirement already satisfied: tzdata>=2025.2 in /opt/stack/data/venv/lib/python3.12/site-packages (from kombu>=4.6.8->oslo.messaging!=9.0.0,>=5.29.0->glance==32.1.0.dev87) (2026.2)
[2026-06-30T10:00:19.539Z] Requirement already satisfied: packaging in /opt/stack/data/venv/lib/python3.12/site-packages (from kombu>=4.6.8->oslo.messaging!=9.0.0,>=5.29.0->glance==32.1.0.dev87) (26.2)
[2026-06-30T10:00:19.539Z] Requirement already satisfied: prometheus-client>=0.6.0 in /opt/stack/data/venv/lib/python3.12/site-packages (from oslo.metrics>=0.2.1->oslo.messaging!=9.0.0,>=5.29.0->glance==32.1.0.dev87) (0.25.0)
[2026-06-30T10:00:19.539Z] Requirement already satisfied: bcrypt>=3.1.3 in /opt/stack/data/venv/lib/python3.12/site-packages (from oslo.middleware>=3.31.0->glance==32.1.0.dev87) (5.0.0)
[2026-06-30T10:00:19.539Z] Requirement already satisfied: Jinja2>=2.10 in /opt/stack/data/venv/lib/python3.12/site-packages (from oslo.middleware>=3.31.0->glance==32.1.0.dev87) (3.1.6)
[2026-06-30T10:00:19.539Z] Requirement already satisfied: statsd>=3.2.1 in /opt/stack/data/venv/lib/python3.12/site-packages (from oslo.middleware>=3.31.0->glance==32.1.0.dev87) (4.0.1)
[2026-06-30T10:00:19.539Z] Requirement already satisfied: MarkupSafe>=2.0 in /opt/stack/data/venv/lib/python3.12/site-packages (from Jinja2>=2.10->oslo.middleware>=3.31.0->glance==32.1.0.dev87) (3.0.3)
[2026-06-30T10:00:19.539Z] Requirement already satisfied: msgpack>=0.5.2 in /opt/stack/data/venv/lib/python3.12/site-packages (from oslo.serialization>=1.10.0->cursive>=0.2.1->glance==32.1.0.dev87) (1.2.1)
[2026-06-30T10:00:19.539Z] Requirement already satisfied: Yappi>=1.0 in /opt/stack/data/venv/lib/python3.12/site-packages (from oslo.service>=1.24.0->oslo.messaging!=9.0.0,>=5.29.0->glance==32.1.0.dev87) (1.7.6)
[2026-06-30T10:00:19.539Z] Requirement already satisfied: setuptools in /opt/stack/data/venv/lib/python3.12/site-packages (from Paste>=2.0.2->glance==32.1.0.dev87) (82.0.1)
[2026-06-30T10:00:19.539Z] Requirement already satisfied: wcwidth in /opt/stack/data/venv/lib/python3.12/site-packages (from PrettyTable>=0.7.1->glance==32.1.0.dev87) (0.8.1)
[2026-06-30T10:00:19.802Z] Collecting cliff>=2.8.0 (from python-barbicanclient>=5.5.0->castellan>=0.17.0->glance==32.1.0.dev87)
[2026-06-30T10:00:19.802Z]   Downloading cliff-4.14.0-py3-none-any.whl.metadata (2.1 kB)
[2026-06-30T10:00:19.802Z] Collecting autopage>=0.4.0 (from cliff>=2.8.0->python-barbicanclient>=5.5.0->castellan>=0.17.0->glance==32.1.0.dev87)
[2026-06-30T10:00:19.802Z]   Downloading autopage-0.6.0-py3-none-any.whl.metadata (8.1 kB)
[2026-06-30T10:00:19.802Z] Collecting cmd2>=3.0.0 (from cliff>=2.8.0->python-barbicanclient>=5.5.0->castellan>=0.17.0->glance==32.1.0.dev87)
[2026-06-30T10:00:20.071Z]   Downloading cmd2-4.0.0-py3-none-any.whl.metadata (16 kB)
[2026-06-30T10:00:20.071Z] Collecting prompt-toolkit>=3.0.52 (from cmd2>=3.0.0->cliff>=2.8.0->python-barbicanclient>=5.5.0->castellan>=0.17.0->glance==32.1.0.dev87)
[2026-06-30T10:00:20.071Z]   Downloading prompt_toolkit-3.0.52-py3-none-any.whl.metadata (6.4 kB)
[2026-06-30T10:00:20.071Z] Collecting pyperclip>=1.8.2 (from cmd2>=3.0.0->cliff>=2.8.0->python-barbicanclient>=5.5.0->castellan>=0.17.0->glance==32.1.0.dev87)
[2026-06-30T10:00:20.353Z]   Downloading pyperclip-1.11.0-py3-none-any.whl.metadata (2.4 kB)
[2026-06-30T10:00:20.353Z] Requirement already satisfied: rich>=15.0.0 in /opt/stack/data/venv/lib/python3.12/site-packages (from cmd2>=3.0.0->cliff>=2.8.0->python-barbicanclient>=5.5.0->castellan>=0.17.0->glance==32.1.0.dev87) (15.0.0)
[2026-06-30T10:00:20.353Z] Collecting rich-argparse>=1.7.2 (from cmd2>=3.0.0->cliff>=2.8.0->python-barbicanclient>=5.5.0->castellan>=0.17.0->glance==32.1.0.dev87)
[2026-06-30T10:00:20.353Z]   Downloading rich_argparse-1.8.0-py3-none-any.whl.metadata (15 kB)
[2026-06-30T10:00:20.353Z] Requirement already satisfied: six>=1.5 in /opt/stack/data/venv/lib/python3.12/site-packages (from python-dateutil>=2.7.0->oslo.log>=4.5.0->glance==32.1.0.dev87) (1.17.0)
[2026-06-30T10:00:20.353Z] Requirement already satisfied: charset_normalizer<4,>=2 in /opt/stack/data/venv/lib/python3.12/site-packages (from requests>=2.18.0->castellan>=0.17.0->glance==32.1.0.dev87) (3.4.7)
[2026-06-30T10:00:20.353Z] Requirement already satisfied: idna<4,>=2.5 in /opt/stack/data/venv/lib/python3.12/site-packages (from requests>=2.18.0->castellan>=0.17.0->glance==32.1.0.dev87) (3.18)
[2026-06-30T10:00:20.353Z] Requirement already satisfied: urllib3<3,>=1.26 in /opt/stack/data/venv/lib/python3.12/site-packages (from requests>=2.18.0->castellan>=0.17.0->glance==32.1.0.dev87) (2.7.0)
[2026-06-30T10:00:20.353Z] Requirement already satisfied: certifi>=2023.5.7 in /usr/lib/python3/dist-packages (from requests>=2.18.0->castellan>=0.17.0->glance==32.1.0.dev87) (2023.11.17)
[2026-06-30T10:00:20.353Z] Requirement already satisfied: markdown-it-py>=2.2.0 in /opt/stack/data/venv/lib/python3.12/site-packages (from rich>=15.0.0->cmd2>=3.0.0->cliff>=2.8.0->python-barbicanclient>=5.5.0->castellan>=0.17.0->glance==32.1.0.dev87) (4.2.0)
[2026-06-30T10:00:20.353Z] Requirement already satisfied: pygments<3.0.0,>=2.13.0 in /opt/stack/data/venv/lib/python3.12/site-packages (from rich>=15.0.0->cmd2>=3.0.0->cliff>=2.8.0->python-barbicanclient>=5.5.0->castellan>=0.17.0->glance==32.1.0.dev87) (2.20.0)
[2026-06-30T10:00:20.353Z] Requirement already satisfied: mdurl~=0.1 in /usr/lib/python3/dist-packages (from markdown-it-py>=2.2.0->rich>=15.0.0->cmd2>=3.0.0->cliff>=2.8.0->python-barbicanclient>=5.5.0->castellan>=0.17.0->glance==32.1.0.dev87) (0.1.2)
[2026-06-30T10:00:20.647Z] Requirement already satisfied: repoze.lru>=0.3 in /opt/stack/data/venv/lib/python3.12/site-packages (from Routes>=2.3.1->glance==32.1.0.dev87) (0.8)
[2026-06-30T10:00:20.647Z] Collecting networkx>=2.1.0 (from taskflow>=4.0.0->glance==32.1.0.dev87)
[2026-06-30T10:00:20.647Z]   Downloading networkx-3.6.1-py3-none-any.whl.metadata (6.8 kB)
[2026-06-30T10:00:20.648Z] Collecting automaton>=1.9.0 (from taskflow>=4.0.0->glance==32.1.0.dev87)
[2026-06-30T10:00:20.931Z]   Downloading automaton-3.4.0-py3-none-any.whl.metadata (2.3 kB)
[2026-06-30T10:00:20.931Z] Requirement already satisfied: tenacity>=6.0.0 in /opt/stack/data/venv/lib/python3.12/site-packages (from taskflow>=4.0.0->glance==32.1.0.dev87) (9.1.4)
[2026-06-30T10:00:20.931Z] Collecting pydot>=1.2.4 (from taskflow>=4.0.0->glance==32.1.0.dev87)
[2026-06-30T10:00:20.931Z]   Downloading pydot-4.0.1-py3-none-any.whl.metadata (11 kB)
[2026-06-30T10:00:21.227Z] Collecting simplegeneric (from WSME>=0.8.0->glance==32.1.0.dev87)
[2026-06-30T10:00:21.227Z]   Downloading simplegeneric-0.8.1.zip (12 kB)
[2026-06-30T10:00:21.227Z]   Installing build dependencies: started
[2026-06-30T10:00:23.254Z]   Installing build dependencies: finished with status 'done'
[2026-06-30T10:00:23.254Z]   Getting requirements to build wheel: started
[2026-06-30T10:00:23.842Z]   Getting requirements to build wheel: finished with status 'done'
[2026-06-30T10:00:23.842Z]   Preparing metadata (pyproject.toml): started
[2026-06-30T10:00:24.451Z]   Preparing metadata (pyproject.toml): finished with status 'done'
[2026-06-30T10:00:24.451Z] Requirement already satisfied: pytz in /opt/stack/data/venv/lib/python3.12/site-packages (from WSME>=0.8.0->glance==32.1.0.dev87) (2026.2)
[2026-06-30T10:00:24.451Z] Collecting importlib-metadata>=4.4 (from WSME>=0.8.0->glance==32.1.0.dev87)
[2026-06-30T10:00:24.451Z]   Downloading importlib_metadata-9.0.0-py3-none-any.whl.metadata (4.5 kB)
[2026-06-30T10:00:24.725Z] Collecting zipp>=3.20 (from importlib-metadata>=4.4->WSME>=0.8.0->glance==32.1.0.dev87)
[2026-06-30T10:00:24.725Z]   Downloading zipp-4.1.0-py3-none-any.whl.metadata (3.6 kB)
[2026-06-30T10:00:24.725Z] Downloading castellan-5.7.0-py3-none-any.whl (103 kB)
[2026-06-30T10:00:25.003Z] Downloading cursive-0.2.3-py2.py3-none-any.whl (43 kB)
[2026-06-30T10:00:25.003Z] Downloading httplib2-0.31.2-py3-none-any.whl (91 kB)
[2026-06-30T10:00:25.273Z] Downloading oslo_limit-2.11.0-py3-none-any.whl (23 kB)
[2026-06-30T10:00:25.273Z] Downloading openstacksdk-4.17.0-py3-none-any.whl (2.0 MB)
[2026-06-30T10:00:25.853Z]    ━━━━━━━━━━━━━━━━━━━━━━━━━━━━━━━━━━━━━━━━ 2.0/2.0 MB 3.3 MB/s  0:00:00
[2026-06-30T10:00:25.853Z] Downloading jmespath-1.1.0-py3-none-any.whl (20 kB)
[2026-06-30T10:00:26.122Z] Downloading jsonpatch-1.33-py2.py3-none-any.whl (12 kB)
[2026-06-30T10:00:26.122Z] Downloading jsonpointer-3.1.1-py3-none-any.whl (7.7 kB)
[2026-06-30T10:00:26.122Z] Downloading oslo_reports-3.8.0-py3-none-any.whl (54 kB)
[2026-06-30T10:00:26.122Z] Downloading platformdirs-4.10.0-py3-none-any.whl (22 kB)
[2026-06-30T10:00:26.122Z] Downloading python_barbicanclient-7.4.0-py3-none-any.whl (88 kB)
[2026-06-30T10:00:26.122Z] Downloading cliff-4.14.0-py3-none-any.whl (86 kB)
[2026-06-30T10:00:26.409Z] Downloading autopage-0.6.0-py3-none-any.whl (30 kB)
[2026-06-30T10:00:26.409Z] Downloading cmd2-4.0.0-py3-none-any.whl (180 kB)
[2026-06-30T10:00:26.409Z] Downloading prompt_toolkit-3.0.52-py3-none-any.whl (391 kB)
[2026-06-30T10:00:26.700Z] Downloading pyperclip-1.11.0-py3-none-any.whl (11 kB)
[2026-06-30T10:00:26.700Z] Downloading rich_argparse-1.8.0-py3-none-any.whl (25 kB)
[2026-06-30T10:00:26.700Z] Downloading taskflow-6.3.0-py3-none-any.whl (491 kB)
[2026-06-30T10:00:26.987Z] Downloading automaton-3.4.0-py3-none-any.whl (23 kB)
[2026-06-30T10:00:26.987Z] Downloading networkx-3.6.1-py3-none-any.whl (2.1 MB)
[2026-06-30T10:00:27.592Z]    ━━━━━━━━━━━━━━━━━━━━━━━━━━━━━━━━━━━━━━━━ 2.1/2.1 MB 4.2 MB/s  0:00:00
[2026-06-30T10:00:27.592Z] Downloading pydot-4.0.1-py3-none-any.whl (37 kB)
[2026-06-30T10:00:27.592Z] Downloading WSME-0.12.1-py3-none-any.whl (59 kB)
[2026-06-30T10:00:27.592Z] Downloading importlib_metadata-9.0.0-py3-none-any.whl (27 kB)
[2026-06-30T10:00:27.861Z] Downloading zipp-4.1.0-py3-none-any.whl (10 kB)
[2026-06-30T10:00:27.861Z] Building wheels for collected packages: glance, simplegeneric
[2026-06-30T10:00:27.861Z]   Building editable for glance (pyproject.toml): started
[2026-06-30T10:00:29.839Z]   Building editable for glance (pyproject.toml): finished with status 'done'
[2026-06-30T10:00:29.839Z]   Created wheel for glance: filename=glance-32.1.0.dev87-0.editable-py3-none-any.whl size=8994 sha256=0ebed520d77468e6695aacce5300a7c634f97307c7780476785522a88776aedd
[2026-06-30T10:00:29.839Z]   Stored in directory: /tmp/pip-ephem-wheel-cache-nt3mbz1q/wheels/31/93/bf/c06e9c56745867b4722d11aae03416a994ddf0e859898c0382
[2026-06-30T10:00:29.839Z]   Building wheel for simplegeneric (pyproject.toml): started
[2026-06-30T10:00:30.115Z]   Building wheel for simplegeneric (pyproject.toml): finished with status 'done'
[2026-06-30T10:00:30.115Z]   Created wheel for simplegeneric: filename=simplegeneric-0.8.1-py3-none-any.whl size=5103 sha256=ba57ddcb1679535008de4dd9448ca2618c05c844d1b0207c3f4219632828aef5
[2026-06-30T10:00:30.115Z]   Stored in directory: /opt/stack/.cache/pip/wheels/bf/7f/ac/c96a7918d97103348ae720bdf93aa7f5458f5efb90718e9873
[2026-06-30T10:00:30.115Z] Successfully built glance simplegeneric
[2026-06-30T10:00:30.731Z] Installing collected packages: simplegeneric, pyperclip, zipp, pydot, prompt-toolkit, platformdirs, networkx, jsonpointer, jmespath, httplib2, autopage, jsonpatch, importlib-metadata, automaton, WSME, rich-argparse, openstacksdk, cmd2, taskflow, oslo.reports, cliff, python-barbicanclient, oslo.limit, castellan, cursive, glance
[2026-06-30T10:00:30.731Z]   Attempting uninstall: zipp
[2026-06-30T10:00:30.731Z]     Found existing installation: zipp 1.0.0
[2026-06-30T10:00:30.731Z]     Not uninstalling zipp at /usr/lib/python3/dist-packages, outside environment /opt/stack/data/venv
[2026-06-30T10:00:30.731Z]     Can't uninstall 'zipp'. No files were found to uninstall.
[2026-06-30T10:00:31.024Z]   Attempting uninstall: platformdirs
[2026-06-30T10:00:31.024Z]     Found existing installation: platformdirs 4.2.0
[2026-06-30T10:00:31.024Z]     Not uninstalling platformdirs at /usr/lib/python3/dist-packages, outside environment /opt/stack/data/venv
[2026-06-30T10:00:31.024Z]     Can't uninstall 'platformdirs'. No files were found to uninstall.
[2026-06-30T10:00:33.726Z]   Attempting uninstall: jsonpointer
[2026-06-30T10:00:33.726Z]     Found existing installation: jsonpointer 2.0
[2026-06-30T10:00:33.726Z]     Not uninstalling jsonpointer at /usr/lib/python3/dist-packages, outside environment /opt/stack/data/venv
[2026-06-30T10:00:33.726Z]     Can't uninstall 'jsonpointer'. No files were found to uninstall.
[2026-06-30T10:00:33.726Z]   Attempting uninstall: jmespath
[2026-06-30T10:00:33.726Z]     Found existing installation: jmespath 1.0.1
[2026-06-30T10:00:33.726Z]     Not uninstalling jmespath at /usr/lib/python3/dist-packages, outside environment /opt/stack/data/venv
[2026-06-30T10:00:33.726Z]     Can't uninstall 'jmespath'. No files were found to uninstall.
[2026-06-30T10:00:33.726Z]   Attempting uninstall: httplib2
[2026-06-30T10:00:33.726Z]     Found existing installation: httplib2 0.20.4
[2026-06-30T10:00:33.726Z]     Not uninstalling httplib2 at /usr/lib/python3/dist-packages, outside environment /opt/stack/data/venv
[2026-06-30T10:00:33.726Z]     Can't uninstall 'httplib2'. No files were found to uninstall.
[2026-06-30T10:00:33.726Z]   Attempting uninstall: jsonpatch
[2026-06-30T10:00:33.726Z]     Found existing installation: jsonpatch 1.32
[2026-06-30T10:00:33.726Z]     Not uninstalling jsonpatch at /usr/lib/python3/dist-packages, outside environment /opt/stack/data/venv
[2026-06-30T10:00:33.726Z]     Can't uninstall 'jsonpatch'. No files were found to uninstall.
[2026-06-30T10:00:33.726Z]   Attempting uninstall: importlib-metadata
[2026-06-30T10:00:33.726Z]     Found existing installation: importlib-metadata 4.12.0
[2026-06-30T10:00:33.726Z]     Not uninstalling importlib-metadata at /usr/lib/python3/dist-packages, outside environment /opt/stack/data/venv
[2026-06-30T10:00:33.727Z]     Can't uninstall 'importlib-metadata'. No files were found to uninstall.
[2026-06-30T10:00:38.123Z] 
[2026-06-30T10:00:38.123Z] Successfully installed WSME-0.12.1 automaton-3.4.0 autopage-0.6.0 castellan-5.7.0 cliff-4.14.0 cmd2-4.0.0 cursive-0.2.3 glance-32.1.0.dev87 httplib2-0.31.2 importlib-metadata-9.0.0 jmespath-1.1.0 jsonpatch-1.33 jsonpointer-3.1.1 networkx-3.6.1 openstacksdk-4.17.0 oslo.limit-2.11.0 oslo.reports-3.8.0 platformdirs-4.10.0 prompt-toolkit-3.0.52 pydot-4.0.1 pyperclip-1.11.0 python-barbicanclient-7.4.0 rich-argparse-1.8.0 simplegeneric-0.8.1 taskflow-6.3.0 zipp-4.1.0
[2026-06-30T10:00:38.123Z] +[38;5;242minc/python:pip_install:216               (B[m result=0
[2026-06-30T10:00:38.123Z] +[38;5;242minc/python:pip_install:218               (B[m time_stop pip_install
[2026-06-30T10:00:38.123Z] +[38;5;242mfunctions-common:time_stop:2420          (B[m local name
[2026-06-30T10:00:38.123Z] +[38;5;242mfunctions-common:time_stop:2421          (B[m local end_time
[2026-06-30T10:00:38.392Z] +[38;5;242mfunctions-common:time_stop:2422          (B[m local elapsed_time
[2026-06-30T10:00:38.392Z] +[38;5;242mfunctions-common:time_stop:2423          (B[m local total
[2026-06-30T10:00:38.392Z] +[38;5;242mfunctions-common:time_stop:2424          (B[m local start_time
[2026-06-30T10:00:38.392Z] +[38;5;242mfunctions-common:time_stop:2426          (B[m name=pip_install
[2026-06-30T10:00:38.392Z] +[38;5;242mfunctions-common:time_stop:2427          (B[m start_time=1782813619987
[2026-06-30T10:00:38.392Z] +[38;5;242mfunctions-common:time_stop:2429          (B[m [[ -z 1782813619987 ]]
[2026-06-30T10:00:38.392Z] ++[38;5;242mfunctions-common:time_stop:2432          (B[m date +%s%3N
[2026-06-30T10:00:38.392Z] +[38;5;242mfunctions-common:time_stop:2432          (B[m end_time=1782813646714
[2026-06-30T10:00:38.392Z] +[38;5;242mfunctions-common:time_stop:2433          (B[m elapsed_time=26727
[2026-06-30T10:00:38.699Z] +[38;5;242mfunctions-common:time_stop:2434          (B[m total=106467
[2026-06-30T10:00:38.699Z] +[38;5;242mfunctions-common:time_stop:2436          (B[m _TIME_START[$name]=
[2026-06-30T10:00:38.699Z] +[38;5;242mfunctions-common:time_stop:2437          (B[m _TIME_TOTAL[$name]=133194
[2026-06-30T10:00:38.699Z] +[38;5;242minc/python:pip_install:219               (B[m return 0
[2026-06-30T10:00:38.699Z] +[38;5;242minc/python:setup_package:466             (B[m [[ -e == \-\e ]]
[2026-06-30T10:00:38.699Z] +[38;5;242minc/python:setup_package:466             (B[m [[ True == \F\a\l\s\e ]]
[2026-06-30T10:00:38.700Z] +[38;5;242minc/python:_setup_package_with_constraints_edit:412 (B[m use_library_from_git /opt/stack/glance
[2026-06-30T10:00:38.700Z] +[38;5;242minc/python:use_library_from_git:266      (B[m local name=/opt/stack/glance
[2026-06-30T10:00:38.700Z] +[38;5;242minc/python:use_library_from_git:267      (B[m local enabled=1
[2026-06-30T10:00:38.996Z] +[38;5;242minc/python:use_library_from_git:268      (B[m [[ '' = \A\L\L ]]
[2026-06-30T10:00:38.996Z] +[38;5;242minc/python:use_library_from_git:268      (B[m [[ ,, =~ ,/opt/stack/glance, ]]
[2026-06-30T10:00:38.996Z] +[38;5;242minc/python:use_library_from_git:269      (B[m return 1
[2026-06-30T10:00:38.996Z] +[38;5;242mlib/stack:stack_install_service:33       (B[m [[ False = True ]]
[2026-06-30T10:00:38.996Z] +[38;5;242m./stack.sh:main:942                      (B[m configure_glance
[2026-06-30T10:00:38.996Z] +[38;5;242mlib/glance:configure_glance:348          (B[m sudo install -d -o stack /etc/glance /etc/glance/metadefs
[2026-06-30T10:00:38.996Z] +[38;5;242mlib/glance:configure_glance:351          (B[m local dburl
[2026-06-30T10:00:38.996Z] ++[38;5;242mlib/glance:configure_glance:352          (B[m database_connection_url glance
[2026-06-30T10:00:39.277Z] ++[38;5;242mlib/database:database_connection_url:134 (B[m local db=glance
[2026-06-30T10:00:39.277Z] ++[38;5;242mlib/database:database_connection_url:135 (B[m database_connection_url_mysql glance
[2026-06-30T10:00:39.278Z] ++[38;5;242mlib/databases/mysql:database_connection_url_mysql:251 (B[m local db=glance
[2026-06-30T10:00:39.278Z] ++[38;5;242mlib/databases/mysql:database_connection_url_mysql:252 (B[m local plugin
[2026-06-30T10:00:39.278Z] ++[38;5;242mlib/databases/mysql:database_connection_url_mysql:256 (B[m [[ True == \T\r\u\e ]]
[2026-06-30T10:00:39.278Z] ++[38;5;242mlib/databases/mysql:database_connection_url_mysql:257 (B[m is_service_enabled mysql
[2026-06-30T10:00:39.575Z] ++[38;5;242mfunctions-common:is_service_enabled:2076 (B[m return 0
[2026-06-30T10:00:39.575Z] ++[38;5;242mlib/databases/mysql:database_connection_url_mysql:258 (B[m plugin='&plugin=dbcounter'
[2026-06-30T10:00:39.575Z] ++[38;5;242mlib/databases/mysql:database_connection_url_mysql:262 (B[m echo 'mysql+pymysql://root:hpinvent@127.0.0.1/glance?charset=utf8&plugin=dbcounter'
[2026-06-30T10:00:39.575Z] +[38;5;242mlib/glance:configure_glance:352          (B[m dburl='mysql+pymysql://root:hpinvent@127.0.0.1/glance?charset=utf8&plugin=dbcounter'
[2026-06-30T10:00:39.575Z] +[38;5;242mlib/glance:configure_glance:354          (B[m iniset /etc/glance/glance-api.conf DEFAULT debug True
[2026-06-30T10:00:39.867Z] +[38;5;242mlib/glance:configure_glance:355          (B[m iniset /etc/glance/glance-api.conf database connection 'mysql+pymysql://root:hpinvent@127.0.0.1/glance?charset=utf8&plugin=dbcounter'
[2026-06-30T10:00:40.142Z] +[38;5;242mlib/glance:configure_glance:356          (B[m iniset /etc/glance/glance-api.conf DEFAULT use_syslog False
[2026-06-30T10:00:40.142Z] +[38;5;242mlib/glance:configure_glance:357          (B[m iniset /etc/glance/glance-api.conf DEFAULT image_cache_dir /opt/stack/data/glance/cache/
[2026-06-30T10:00:40.409Z] +[38;5;242mlib/glance:configure_glance:358          (B[m iniset /etc/glance/glance-api.conf DEFAULT image_cache_driver centralized_db
[2026-06-30T10:00:40.675Z] +[38;5;242mlib/glance:configure_glance:359          (B[m iniset /etc/glance/glance-api.conf oslo_concurrency lock_path /opt/stack/data/glance/locks
[2026-06-30T10:00:40.944Z] +[38;5;242mlib/glance:configure_glance:360          (B[m iniset /etc/glance/glance-api.conf paste_deploy flavor keystone+cachemanagement
[2026-06-30T10:00:41.209Z] +[38;5;242mlib/glance:configure_glance:361          (B[m configure_keystone_authtoken_middleware /etc/glance/glance-api.conf glance
[2026-06-30T10:00:41.209Z] +[38;5;242mlib/keystone:configure_keystone_authtoken_middleware:413 (B[m local conf_file=/etc/glance/glance-api.conf
[2026-06-30T10:00:41.209Z] +[38;5;242mlib/keystone:configure_keystone_authtoken_middleware:414 (B[m local admin_user=glance
[2026-06-30T10:00:41.209Z] +[38;5;242mlib/keystone:configure_keystone_authtoken_middleware:415 (B[m local section=keystone_authtoken
[2026-06-30T10:00:41.209Z] +[38;5;242mlib/keystone:configure_keystone_authtoken_middleware:416 (B[m local service_type=
[2026-06-30T10:00:41.209Z] +[38;5;242mlib/keystone:configure_keystone_authtoken_middleware:418 (B[m configure_keystoneauth /etc/glance/glance-api.conf glance keystone_authtoken
[2026-06-30T10:00:41.209Z] +[38;5;242mlib/keystone:configure_keystoneauth:391  (B[m local conf_file=/etc/glance/glance-api.conf
[2026-06-30T10:00:41.475Z] +[38;5;242mlib/keystone:configure_keystoneauth:392  (B[m local admin_user=glance
[2026-06-30T10:00:41.475Z] +[38;5;242mlib/keystone:configure_keystoneauth:393  (B[m local section=keystone_authtoken
[2026-06-30T10:00:41.475Z] +[38;5;242mlib/keystone:configure_keystoneauth:395  (B[m iniset /etc/glance/glance-api.conf keystone_authtoken auth_type password
[2026-06-30T10:00:41.743Z] +[38;5;242mlib/keystone:configure_keystoneauth:396  (B[m iniset /etc/glance/glance-api.conf keystone_authtoken interface public
[2026-06-30T10:00:41.743Z] +[38;5;242mlib/keystone:configure_keystoneauth:397  (B[m iniset /etc/glance/glance-api.conf keystone_authtoken auth_url http://10.132.239.110/identity
[2026-06-30T10:00:42.007Z] +[38;5;242mlib/keystone:configure_keystoneauth:398  (B[m iniset /etc/glance/glance-api.conf keystone_authtoken username glance
[2026-06-30T10:00:42.271Z] +[38;5;242mlib/keystone:configure_keystoneauth:399  (B[m iniset /etc/glance/glance-api.conf keystone_authtoken password hpinvent
[2026-06-30T10:00:42.540Z] +[38;5;242mlib/keystone:configure_keystoneauth:400  (B[m iniset /etc/glance/glance-api.conf keystone_authtoken user_domain_name Default
[2026-06-30T10:00:42.540Z] +[38;5;242mlib/keystone:configure_keystoneauth:401  (B[m iniset /etc/glance/glance-api.conf keystone_authtoken project_name service
[2026-06-30T10:00:42.804Z] +[38;5;242mlib/keystone:configure_keystoneauth:402  (B[m iniset /etc/glance/glance-api.conf keystone_authtoken project_domain_name Default
[2026-06-30T10:00:43.073Z] +[38;5;242mlib/keystone:configure_keystone_authtoken_middleware:419 (B[m iniset /etc/glance/glance-api.conf keystone_authtoken www_authenticate_uri http://10.132.239.110/identity
[2026-06-30T10:00:43.342Z] +[38;5;242mlib/keystone:configure_keystone_authtoken_middleware:420 (B[m iniset /etc/glance/glance-api.conf keystone_authtoken cafile /opt/stack/data/ca-bundle.pem
[2026-06-30T10:00:43.342Z] +[38;5;242mlib/keystone:configure_keystone_authtoken_middleware:421 (B[m iniset /etc/glance/glance-api.conf keystone_authtoken memcached_servers localhost:11211
[2026-06-30T10:00:43.606Z] +[38;5;242mlib/keystone:configure_keystone_authtoken_middleware:422 (B[m [[ -n '' ]]
[2026-06-30T10:00:43.606Z] +[38;5;242mlib/glance:configure_glance:362          (B[m iniset /etc/glance/glance-api.conf oslo_messaging_notifications driver messagingv2
[2026-06-30T10:00:43.870Z] +[38;5;242mlib/glance:configure_glance:363          (B[m iniset_rpc_backend glance /etc/glance/glance-api.conf
[2026-06-30T10:00:43.870Z] +[38;5;242mlib/rpc_backend:iniset_rpc_backend:144   (B[m local package=glance
[2026-06-30T10:00:43.870Z] +[38;5;242mlib/rpc_backend:iniset_rpc_backend:145   (B[m local file=/etc/glance/glance-api.conf
[2026-06-30T10:00:43.870Z] +[38;5;242mlib/rpc_backend:iniset_rpc_backend:146   (B[m local section=DEFAULT
[2026-06-30T10:00:44.133Z] +[38;5;242mlib/rpc_backend:iniset_rpc_backend:147   (B[m local virtual_host=
[2026-06-30T10:00:44.133Z] +[38;5;242mlib/rpc_backend:iniset_rpc_backend:148   (B[m is_service_enabled rabbit
[2026-06-30T10:00:44.133Z] +[38;5;242mfunctions-common:is_service_enabled:2076 (B[m return 0
[2026-06-30T10:00:44.133Z] ++[38;5;242mlib/rpc_backend:iniset_rpc_backend:149   (B[m get_transport_url ''
[2026-06-30T10:00:44.133Z] ++[38;5;242mlib/rpc_backend:get_transport_url:126    (B[m local virtual_host=
[2026-06-30T10:00:44.405Z] ++[38;5;242mlib/rpc_backend:get_transport_url:127    (B[m is_service_enabled rabbit
[2026-06-30T10:00:44.405Z] ++[38;5;242mfunctions-common:is_service_enabled:2076 (B[m return 0
[2026-06-30T10:00:44.405Z] ++[38;5;242mlib/rpc_backend:get_transport_url:128    (B[m echo rabbit://stackrabbit:hpinvent@10.132.239.110:5672/
[2026-06-30T10:00:44.405Z] +[38;5;242mlib/rpc_backend:iniset_rpc_backend:149   (B[m iniset /etc/glance/glance-api.conf DEFAULT transport_url rabbit://stackrabbit:hpinvent@10.132.239.110:5672/
[2026-06-30T10:00:44.669Z] +[38;5;242mlib/rpc_backend:iniset_rpc_backend:150   (B[m '[' -n '' ']'
[2026-06-30T10:00:44.669Z] +[38;5;242mlib/rpc_backend:iniset_rpc_backend:153   (B[m '[' -n '' ']'
[2026-06-30T10:00:44.669Z] +[38;5;242mlib/glance:configure_glance:364          (B[m '[' libvirt = libvirt ']'
[2026-06-30T10:00:44.669Z] +[38;5;242mlib/glance:configure_glance:364          (B[m '[' kvm = parallels ']'
[2026-06-30T10:00:44.669Z] +[38;5;242mlib/glance:configure_glance:368          (B[m iniset /etc/glance/glance-api.conf DEFAULT show_image_direct_url False
[2026-06-30T10:00:44.936Z] +[38;5;242mlib/glance:configure_glance:369          (B[m iniset /etc/glance/glance-api.conf DEFAULT show_multiple_locations False
[2026-06-30T10:00:45.201Z] +[38;5;242mlib/glance:configure_glance:370          (B[m iniset /etc/glance/glance-api.conf image_format require_image_format_match True
[2026-06-30T10:00:45.464Z] +[38;5;242mlib/glance:configure_glance:373          (B[m configure_glance_store False False
[2026-06-30T10:00:45.464Z] +[38;5;242mlib/glance:configure_glance_store:278    (B[m local use_cinder_for_glance=False
[2026-06-30T10:00:45.464Z] +[38;5;242mlib/glance:configure_glance_store:279    (B[m local glance_enable_multiple_stores=False
[2026-06-30T10:00:45.464Z] +[38;5;242mlib/glance:configure_glance_store:280    (B[m local be
[2026-06-30T10:00:45.464Z] +[38;5;242mlib/glance:configure_glance_store:282    (B[m [[ False == \F\a\l\s\e ]]
[2026-06-30T10:00:45.464Z] +[38;5;242mlib/glance:configure_glance_store:283    (B[m [[ False == \T\r\u\e ]]
[2026-06-30T10:00:45.464Z] +[38;5;242mlib/glance:configure_glance_store:300    (B[m iniset /etc/glance/glance-api.conf glance_store filesystem_store_datadir /opt/stack/data/glance/images/
[2026-06-30T10:00:45.731Z] +[38;5;242mlib/glance:configure_glance:376          (B[m '[' -n '' ']'
[2026-06-30T10:00:45.731Z] +[38;5;242mlib/glance:configure_glance:379          (B[m iniset /etc/glance/glance-api.conf cors allowed_origin http://10.132.239.110
[2026-06-30T10:00:45.994Z] +[38;5;242mlib/glance:configure_glance:383          (B[m [[ False == \F\a\l\s\e ]]
[2026-06-30T10:00:45.994Z] +[38;5;242mlib/glance:configure_glance:385          (B[m [[ False == \T\r\u\e ]]
[2026-06-30T10:00:46.260Z] +[38;5;242mlib/glance:configure_glance:391          (B[m is_service_enabled s-proxy
[2026-06-30T10:00:46.260Z] +[38;5;242mfunctions-common:is_service_enabled:2076 (B[m return 1
[2026-06-30T10:00:46.260Z] +[38;5;242mlib/glance:configure_glance:420          (B[m iniset /etc/glance/glance-api.conf DEFAULT public_endpoint http://10.132.239.110/image
[2026-06-30T10:00:46.525Z] +[38;5;242mlib/glance:configure_glance:422          (B[m is_service_enabled tls-proxy
[2026-06-30T10:00:46.801Z] +[38;5;242mfunctions-common:is_service_enabled:2076 (B[m return 1
[2026-06-30T10:00:46.801Z] +[38;5;242mlib/glance:configure_glance:428          (B[m setup_logging /etc/glance/glance-api.conf
[2026-06-30T10:00:46.801Z] +[38;5;242mfunctions:setup_logging:693              (B[m setup_systemd_logging /etc/glance/glance-api.conf
[2026-06-30T10:00:46.801Z] +[38;5;242mfunctions:setup_systemd_logging:710      (B[m local conf_file=/etc/glance/glance-api.conf
[2026-06-30T10:00:46.801Z] ++[38;5;242mfunctions:setup_systemd_logging:715      (B[m trueorfalse False USE_JOURNAL
[2026-06-30T10:00:47.087Z] +[38;5;242mfunctions:setup_systemd_logging:715      (B[m USE_JOURNAL=False
[2026-06-30T10:00:47.087Z] +[38;5;242mfunctions:setup_systemd_logging:716      (B[m local pidstr=
[2026-06-30T10:00:47.087Z] +[38;5;242mfunctions:setup_systemd_logging:717      (B[m [[ False == \T\r\u\e ]]
[2026-06-30T10:00:47.087Z] +[38;5;242mfunctions:setup_systemd_logging:721      (B[m pidstr='(pid=%(process)d) '
[2026-06-30T10:00:47.087Z] +[38;5;242mfunctions:setup_systemd_logging:723      (B[m iniset /etc/glance/glance-api.conf DEFAULT logging_debug_format_suffix '[00;33m{{(pid=%(process)d) %(funcName)s %(pathname)s:%(lineno)d}}[00m'
[2026-06-30T10:00:47.351Z] +[38;5;242mfunctions:setup_systemd_logging:725      (B[m iniset /etc/glance/glance-api.conf DEFAULT logging_context_format_string '%(color)s%(levelname)s %(name)s [[01;36m%(global_request_id)s %(request_id)s [00;36m%(project_name)s %(user_name)s%(color)s] [01;35m%(instance)s%(color)s%(message)s[00m'
[2026-06-30T10:00:47.351Z] +[38;5;242mfunctions:setup_systemd_logging:726      (B[m iniset /etc/glance/glance-api.conf DEFAULT logging_default_format_string '%(color)s%(levelname)s %(name)s [[00;36m-%(color)s] [01;35m%(instance)s%(color)s%(message)s[00m'
[2026-06-30T10:00:47.614Z] +[38;5;242mfunctions:setup_systemd_logging:727      (B[m iniset /etc/glance/glance-api.conf DEFAULT logging_exception_prefix 'ERROR %(name)s [01;35m%(instance)s[00m'
[2026-06-30T10:00:47.877Z] +[38;5;242mfunctions:setup_systemd_logging:730      (B[m iniset /etc/glance/glance-api.conf DEFAULT log_color True
[2026-06-30T10:00:48.146Z] +[38;5;242mlib/glance:configure_glance:430          (B[m cp -p /opt/stack/glance/etc/glance-api-paste.ini /etc/glance/glance-api-paste.ini
[2026-06-30T10:00:48.146Z] +[38;5;242mlib/glance:configure_glance:433          (B[m iniset /etc/glance/glance-cache.conf DEFAULT debug True
[2026-06-30T10:00:48.413Z] +[38;5;242mlib/glance:configure_glance:434          (B[m iniset /etc/glance/glance-cache.conf DEFAULT use_syslog False
[2026-06-30T10:00:48.413Z] +[38;5;242mlib/glance:configure_glance:435          (B[m iniset /etc/glance/glance-cache.conf DEFAULT image_cache_dir /opt/stack/data/glance/cache/
[2026-06-30T10:00:48.675Z] +[38;5;242mlib/glance:configure_glance:436          (B[m iniset /etc/glance/glance-cache.conf DEFAULT image_cache_driver centralized_db
[2026-06-30T10:00:48.938Z] +[38;5;242mlib/glance:configure_glance:439          (B[m iniset /etc/glance/glance-cache.conf glance_store filesystem_store_datadir /opt/stack/data/glance/images/
[2026-06-30T10:00:49.202Z] +[38;5;242mlib/glance:configure_glance:442          (B[m iniset /etc/glance/glance-image-import.conf image_import_opts image_import_plugins '[]'
[2026-06-30T10:00:49.465Z] +[38;5;242mlib/glance:configure_glance:443          (B[m iniset /etc/glance/glance-image-import.conf inject_metadata_properties ignore_user_roles admin
[2026-06-30T10:00:49.465Z] +[38;5;242mlib/glance:configure_glance:444          (B[m iniset /etc/glance/glance-image-import.conf inject_metadata_properties inject
[2026-06-30T10:00:49.728Z] +[38;5;242mlib/glance:configure_glance:446          (B[m cp -p /opt/stack/glance/etc/schema-image.json /etc/glance/schema-image.json
[2026-06-30T10:00:49.728Z] +[38;5;242mlib/glance:configure_glance:447          (B[m cp -p /opt/stack/glance/etc/metadefs/cim-processor-allocation-setting-data.json /opt/stack/glance/etc/metadefs/cim-resource-allocation-setting-data.json /opt/stack/glance/etc/metadefs/cim-storage-allocation-setting-data.json /opt/stack/glance/etc/metadefs/cim-virtual-system-setting-data.json /opt/stack/glance/etc/metadefs/compute-aggr-disk-filter.json /opt/stack/glance/etc/metadefs/compute-aggr-iops-filter.json /opt/stack/glance/etc/metadefs/compute-aggr-num-instances.json /opt/stack/glance/etc/metadefs/compute-cpu-mode.json /opt/stack/glance/etc/metadefs/compute-cpu-pinning.json /opt/stack/glance/etc/metadefs/compute-guest-memory-backing.json /opt/stack/glance/etc/metadefs/compute-guest-shutdown.json /opt/stack/glance/etc/metadefs/compute-host-capabilities.json /opt/stack/glance/etc/metadefs/compute-hypervisor.json /opt/stack/glance/etc/metadefs/compute-instance-data.json /opt/stack/glance/etc/metadefs/compute-libvirt-image.json /opt/stack/glance/etc/metadefs/compute-libvirt.json /opt/stack/glance/etc/metadefs/compute-quota.json /opt/stack/glance/etc/metadefs/compute-randomgen.json /opt/stack/glance/etc/metadefs/compute-vcputopology.json /opt/stack/glance/etc/metadefs/compute-vmware-flavor.json /opt/stack/glance/etc/metadefs/compute-vmware.json /opt/stack/glance/etc/metadefs/compute-vmware-quota-flavor.json /opt/stack/glance/etc/metadefs/compute-vtpm-hw.json /opt/stack/glance/etc/metadefs/compute-vtpm.json /opt/stack/glance/etc/metadefs/compute-watchdog.json /opt/stack/glance/etc/metadefs/compute-xenapi.json /opt/stack/glance/etc/metadefs/glance-common-image-props.json /opt/stack/glance/etc/metadefs/image-signature-verification.json /opt/stack/glance/etc/metadefs/operating-system.json /opt/stack/glance/etc/metadefs/software-databases.json /opt/stack/glance/etc/metadefs/software-runtimes.json /opt/stack/glance/etc/metadefs/software-webservers.json /opt/stack/glance/etc/metadefs/storage-volume-type.json /etc/glance/metadefs
[2026-06-30T10:00:49.990Z] +[38;5;242mlib/glance:configure_glance:449          (B[m is_service_enabled tls-proxy
[2026-06-30T10:00:49.990Z] +[38;5;242mfunctions-common:is_service_enabled:2076 (B[m return 1
[2026-06-30T10:00:49.990Z] +[38;5;242mlib/glance:configure_glance:457          (B[m write_local_uwsgi_http_config /etc/glance/glance-uwsgi.ini glance.wsgi.api:application /image glance-api
[2026-06-30T10:00:49.990Z] +[38;5;242mlib/apache:write_local_uwsgi_http_config:319 (B[m local conf=/etc/glance/glance-uwsgi.ini
[2026-06-30T10:00:49.990Z] +[38;5;242mlib/apache:write_local_uwsgi_http_config:320 (B[m local wsgi=glance.wsgi.api:application
[2026-06-30T10:00:50.255Z] +[38;5;242mlib/apache:write_local_uwsgi_http_config:321 (B[m local url=/image
[2026-06-30T10:00:50.255Z] +[38;5;242mlib/apache:write_local_uwsgi_http_config:322 (B[m local name=glance-api
[2026-06-30T10:00:50.255Z] +[38;5;242mlib/apache:write_local_uwsgi_http_config:324 (B[m '[' -z glance-api ']'
[2026-06-30T10:00:50.255Z] +[38;5;242mlib/apache:write_local_uwsgi_http_config:332 (B[m rm -rf /etc/glance/glance-uwsgi.ini
[2026-06-30T10:00:50.255Z] +[38;5;242mlib/apache:write_local_uwsgi_http_config:335 (B[m [[ glance.wsgi.api:application =~ ^[a-zA-Z0-9_.]+:[a-zA-Z0-9_]+$ ]]
[2026-06-30T10:00:50.255Z] +[38;5;242mlib/apache:write_local_uwsgi_http_config:336 (B[m iniset /etc/glance/glance-uwsgi.ini uwsgi module glance.wsgi.api:application
[2026-06-30T10:00:50.518Z] ++[38;5;242mlib/apache:write_local_uwsgi_http_config:341 (B[m get_random_port
[2026-06-30T10:00:50.518Z] ++[38;5;242mfunctions:get_random_port:860            (B[m read lower_port upper_port
[2026-06-30T10:00:50.518Z] ++[38;5;242mfunctions:get_random_port:861            (B[m true
[2026-06-30T10:00:50.518Z] ++[38;5;242mfunctions:get_random_port:862            (B[m (( port = upper_port  ))
[2026-06-30T10:00:50.518Z] ++[38;5;242mfunctions:get_random_port:862            (B[m (( port >= lower_port  ))
[2026-06-30T10:00:50.518Z] ++[38;5;242mfunctions:get_random_port:863            (B[m sudo lsof -i :60999
[2026-06-30T10:00:50.782Z] ++[38;5;242mfunctions:get_random_port:864            (B[m [[ 1 > 0 ]]
[2026-06-30T10:00:50.782Z] ++[38;5;242mfunctions:get_random_port:865            (B[m break 2
[2026-06-30T10:00:51.044Z] ++[38;5;242mfunctions:get_random_port:869            (B[m echo 60999
[2026-06-30T10:00:51.044Z] +[38;5;242mlib/apache:write_local_uwsgi_http_config:341 (B[m port=60999
[2026-06-30T10:00:51.044Z] +[38;5;242mlib/apache:write_local_uwsgi_http_config:342 (B[m iniset /etc/glance/glance-uwsgi.ini uwsgi http-socket 127.0.0.1:60999
[2026-06-30T10:00:51.318Z] +[38;5;242mlib/apache:write_local_uwsgi_http_config:343 (B[m iniset /etc/glance/glance-uwsgi.ini uwsgi processes 2
[2026-06-30T10:00:51.318Z] +[38;5;242mlib/apache:write_local_uwsgi_http_config:345 (B[m iniset /etc/glance/glance-uwsgi.ini uwsgi master true
[2026-06-30T10:00:51.583Z] +[38;5;242mlib/apache:write_local_uwsgi_http_config:347 (B[m iniset /etc/glance/glance-uwsgi.ini uwsgi die-on-term true
[2026-06-30T10:00:51.849Z] +[38;5;242mlib/apache:write_local_uwsgi_http_config:348 (B[m iniset /etc/glance/glance-uwsgi.ini uwsgi exit-on-reload false
[2026-06-30T10:00:52.113Z] +[38;5;242mlib/apache:write_local_uwsgi_http_config:351 (B[m iniset /etc/glance/glance-uwsgi.ini uwsgi worker-reload-mercy 80
[2026-06-30T10:00:52.113Z] +[38;5;242mlib/apache:write_local_uwsgi_http_config:352 (B[m iniset /etc/glance/glance-uwsgi.ini uwsgi enable-threads true
[2026-06-30T10:00:52.379Z] +[38;5;242mlib/apache:write_local_uwsgi_http_config:353 (B[m iniset /etc/glance/glance-uwsgi.ini uwsgi plugins http,python3
[2026-06-30T10:00:52.641Z] +[38;5;242mlib/apache:write_local_uwsgi_http_config:355 (B[m iniset /etc/glance/glance-uwsgi.ini uwsgi thunder-lock true
[2026-06-30T10:00:52.903Z] +[38;5;242mlib/apache:write_local_uwsgi_http_config:357 (B[m iniset /etc/glance/glance-uwsgi.ini uwsgi hook-master-start 'unix_signal:15 gracefully_kill_them_all'
[2026-06-30T10:00:52.903Z] +[38;5;242mlib/apache:write_local_uwsgi_http_config:359 (B[m iniset /etc/glance/glance-uwsgi.ini uwsgi buffer-size 65535
[2026-06-30T10:00:53.165Z] +[38;5;242mlib/apache:write_local_uwsgi_http_config:361 (B[m iniset /etc/glance/glance-uwsgi.ini uwsgi add-header 'Connection: close'
[2026-06-30T10:00:53.431Z] +[38;5;242mlib/apache:write_local_uwsgi_http_config:363 (B[m iniset /etc/glance/glance-uwsgi.ini uwsgi lazy-apps true
[2026-06-30T10:00:53.698Z] +[38;5;242mlib/apache:write_local_uwsgi_http_config:364 (B[m iniset /etc/glance/glance-uwsgi.ini uwsgi chmod-socket 666
[2026-06-30T10:00:53.962Z] +[38;5;242mlib/apache:write_local_uwsgi_http_config:365 (B[m iniset /etc/glance/glance-uwsgi.ini uwsgi http-raw-body true
[2026-06-30T10:00:53.962Z] +[38;5;242mlib/apache:write_local_uwsgi_http_config:366 (B[m iniset /etc/glance/glance-uwsgi.ini uwsgi http-chunked-input true
[2026-06-30T10:00:54.227Z] +[38;5;242mlib/apache:write_local_uwsgi_http_config:367 (B[m iniset /etc/glance/glance-uwsgi.ini uwsgi http-auto-chunked true
[2026-06-30T10:00:54.490Z] +[38;5;242mlib/apache:write_local_uwsgi_http_config:368 (B[m iniset /etc/glance/glance-uwsgi.ini uwsgi http-keepalive false
[2026-06-30T10:00:54.795Z] +[38;5;242mlib/apache:write_local_uwsgi_http_config:370 (B[m iniset /etc/glance/glance-uwsgi.ini uwsgi socket-timeout 30
[2026-06-30T10:00:55.065Z] +[38;5;242mlib/apache:write_local_uwsgi_http_config:372 (B[m iniset /etc/glance/glance-uwsgi.ini uwsgi start-time %t
[2026-06-30T10:00:55.065Z] +[38;5;242mlib/apache:write_local_uwsgi_http_config:374 (B[m enable_apache_mod proxy
[2026-06-30T10:00:55.065Z] +[38;5;242mlib/apache:enable_apache_mod:55          (B[m local mod=proxy
[2026-06-30T10:00:55.065Z] +[38;5;242mlib/apache:enable_apache_mod:56          (B[m local should_restart=
[2026-06-30T10:00:55.328Z] +[38;5;242mlib/apache:enable_apache_mod:58          (B[m is_ubuntu
[2026-06-30T10:00:55.328Z] +[38;5;242mfunctions-common:is_ubuntu:546           (B[m [[ -z deb ]]
[2026-06-30T10:00:55.328Z] +[38;5;242mfunctions-common:is_ubuntu:549           (B[m '[' deb = deb ']'
[2026-06-30T10:00:55.328Z] +[38;5;242mlib/apache:enable_apache_mod:61          (B[m [[ proxy != \v\e\r\s\i\o\n ]]
[2026-06-30T10:00:55.328Z] +[38;5;242mlib/apache:enable_apache_mod:61          (B[m a2query -m proxy
[2026-06-30T10:00:55.328Z] proxy (enabled by site administrator)
[2026-06-30T10:00:55.592Z] +[38;5;242mlib/apache:write_local_uwsgi_http_config:375 (B[m enable_apache_mod proxy_http
[2026-06-30T10:00:55.592Z] +[38;5;242mlib/apache:enable_apache_mod:55          (B[m local mod=proxy_http
[2026-06-30T10:00:55.592Z] +[38;5;242mlib/apache:enable_apache_mod:56          (B[m local should_restart=
[2026-06-30T10:00:55.592Z] +[38;5;242mlib/apache:enable_apache_mod:58          (B[m is_ubuntu
[2026-06-30T10:00:55.592Z] +[38;5;242mfunctions-common:is_ubuntu:546           (B[m [[ -z deb ]]
[2026-06-30T10:00:55.592Z] +[38;5;242mfunctions-common:is_ubuntu:549           (B[m '[' deb = deb ']'
[2026-06-30T10:00:55.592Z] +[38;5;242mlib/apache:enable_apache_mod:61          (B[m [[ proxy_http != \v\e\r\s\i\o\n ]]
[2026-06-30T10:00:55.592Z] +[38;5;242mlib/apache:enable_apache_mod:61          (B[m a2query -m proxy_http
[2026-06-30T10:00:55.854Z] proxy_http (enabled by site administrator)
[2026-06-30T10:00:55.854Z] +[38;5;242mlib/apache:write_local_uwsgi_http_config:376 (B[m local apache_conf=
[2026-06-30T10:00:55.854Z] ++[38;5;242mlib/apache:write_local_uwsgi_http_config:377 (B[m apache_site_config_for glance-api
[2026-06-30T10:00:55.854Z] ++[38;5;242mlib/apache:apache_site_config_for:174    (B[m local site=glance-api
[2026-06-30T10:00:55.854Z] ++[38;5;242mlib/apache:apache_site_config_for:175    (B[m is_ubuntu
[2026-06-30T10:00:55.854Z] ++[38;5;242mfunctions-common:is_ubuntu:546           (B[m [[ -z deb ]]
[2026-06-30T10:00:55.854Z] ++[38;5;242mfunctions-common:is_ubuntu:549           (B[m '[' deb = deb ']'
[2026-06-30T10:00:56.117Z] ++[38;5;242mlib/apache:apache_site_config_for:177    (B[m echo /etc/apache2/sites-available/glance-api.conf
[2026-06-30T10:00:56.117Z] +[38;5;242mlib/apache:write_local_uwsgi_http_config:377 (B[m apache_conf=/etc/apache2/sites-available/glance-api.conf
[2026-06-30T10:00:56.117Z] +[38;5;242mlib/apache:write_local_uwsgi_http_config:378 (B[m echo 'KeepAlive Off'
[2026-06-30T10:00:56.117Z] +[38;5;242mlib/apache:write_local_uwsgi_http_config:378 (B[m sudo tee /etc/apache2/sites-available/glance-api.conf
[2026-06-30T10:00:56.117Z] KeepAlive Off
[2026-06-30T10:00:56.117Z] +[38;5;242mlib/apache:write_local_uwsgi_http_config:379 (B[m echo 'SetEnv proxy-sendchunked 1'
[2026-06-30T10:00:56.117Z] +[38;5;242mlib/apache:write_local_uwsgi_http_config:379 (B[m sudo tee -a /etc/apache2/sites-available/glance-api.conf
[2026-06-30T10:00:56.117Z] SetEnv proxy-sendchunked 1
[2026-06-30T10:00:56.117Z] +[38;5;242mlib/apache:write_local_uwsgi_http_config:380 (B[m sudo tee -a /etc/apache2/sites-available/glance-api.conf
[2026-06-30T10:00:56.117Z] +[38;5;242mlib/apache:write_local_uwsgi_http_config:380 (B[m echo 'ProxyPass "/image" "http://127.0.0.1:60999" retry=0 acquire=1 '
[2026-06-30T10:00:56.117Z] ProxyPass "/image" "http://127.0.0.1:60999" retry=0 acquire=1 
[2026-06-30T10:00:56.381Z] +[38;5;242mlib/apache:write_local_uwsgi_http_config:381 (B[m enable_apache_site glance-api
[2026-06-30T10:00:56.381Z] +[38;5;242mlib/apache:enable_apache_site:191        (B[m local site=glance-api
[2026-06-30T10:00:56.381Z] +[38;5;242mlib/apache:enable_apache_site:193        (B[m enable_apache_mod version
[2026-06-30T10:00:56.381Z] +[38;5;242mlib/apache:enable_apache_mod:55          (B[m local mod=version
[2026-06-30T10:00:56.381Z] +[38;5;242mlib/apache:enable_apache_mod:56          (B[m local should_restart=
[2026-06-30T10:00:56.381Z] +[38;5;242mlib/apache:enable_apache_mod:58          (B[m is_ubuntu
[2026-06-30T10:00:56.381Z] +[38;5;242mfunctions-common:is_ubuntu:546           (B[m [[ -z deb ]]
[2026-06-30T10:00:56.381Z] +[38;5;242mfunctions-common:is_ubuntu:549           (B[m '[' deb = deb ']'
[2026-06-30T10:00:56.381Z] +[38;5;242mlib/apache:enable_apache_mod:61          (B[m [[ version != \v\e\r\s\i\o\n ]]
[2026-06-30T10:00:56.381Z] +[38;5;242mlib/apache:enable_apache_site:194        (B[m is_ubuntu
[2026-06-30T10:00:56.650Z] +[38;5;242mfunctions-common:is_ubuntu:546           (B[m [[ -z deb ]]
[2026-06-30T10:00:56.650Z] +[38;5;242mfunctions-common:is_ubuntu:549           (B[m '[' deb = deb ']'
[2026-06-30T10:00:56.650Z] +[38;5;242mlib/apache:enable_apache_site:195        (B[m sudo a2ensite glance-api
[2026-06-30T10:00:56.650Z] Site glance-api already enabled
[2026-06-30T10:00:56.650Z] +[38;5;242mlib/apache:write_local_uwsgi_http_config:382 (B[m restart_apache_server
[2026-06-30T10:00:56.650Z] +[38;5;242mlib/apache:restart_apache_server:238     (B[m restart_service apache2
[2026-06-30T10:00:56.949Z] +[38;5;242mfunctions-common:restart_service:2304    (B[m '[' -x /bin/systemctl ']'
[2026-06-30T10:00:56.949Z] +[38;5;242mfunctions-common:restart_service:2305    (B[m sudo /bin/systemctl restart apache2
[2026-06-30T10:00:57.212Z] ++[38;5;242mlib/glance:configure_glance:461          (B[m awk '-F= ' '/^http-socket/ { print "http://"$2}' /etc/glance/glance-uwsgi.ini
[2026-06-30T10:00:57.479Z] +[38;5;242mlib/glance:configure_glance:461          (B[m iniset /etc/glance/glance-api.conf DEFAULT worker_self_reference_url http://127.0.0.1:60999
[2026-06-30T10:00:57.479Z] +[38;5;242mlib/glance:configure_glance:465          (B[m iniset /etc/glance/glance-api.conf wsgi python_interpreter /opt/stack/data/venv/bin/python3
[2026-06-30T10:00:57.747Z] +[38;5;242mlib/glance:configure_glance:467          (B[m [[ True == True ]]
[2026-06-30T10:00:57.747Z] +[38;5;242mlib/glance:configure_glance:468          (B[m iniset /etc/glance/glance-api.conf oslo_policy enforce_scope true
[2026-06-30T10:00:58.014Z] +[38;5;242mlib/glance:configure_glance:469          (B[m iniset /etc/glance/glance-api.conf oslo_policy enforce_new_defaults true
[2026-06-30T10:00:58.277Z] +[38;5;242mlib/glance:configure_glance:470          (B[m iniset /etc/glance/glance-api.conf DEFAULT enforce_secure_rbac true
[2026-06-30T10:00:58.546Z] +[38;5;242m./stack.sh:main:945                      (B[m is_service_enabled cinder
[2026-06-30T10:00:58.546Z] +[38;5;242mfunctions-common:is_service_enabled:2076 (B[m return 0
[2026-06-30T10:00:58.812Z] +[38;5;242m./stack.sh:main:947                      (B[m stack_install_service cinder
[2026-06-30T10:00:58.812Z] +[38;5;242mlib/stack:stack_install_service:20       (B[m local service=cinder
[2026-06-30T10:00:58.812Z] +[38;5;242mlib/stack:stack_install_service:21       (B[m type install_cinder
[2026-06-30T10:00:58.812Z] +[38;5;242mlib/stack:stack_install_service:23       (B[m [[ False = True ]]
[2026-06-30T10:00:58.812Z] +[38;5;242mlib/stack:stack_install_service:32       (B[m install_cinder
[2026-06-30T10:00:58.812Z] +[38;5;242mlib/cinder:install_cinder:525            (B[m git_clone http://github.com/openstack/cinder.git /opt/stack/cinder master
[2026-06-30T10:00:58.812Z] +[38;5;242mfunctions-common:git_clone:589           (B[m local git_remote=http://github.com/openstack/cinder.git
[2026-06-30T10:00:58.812Z] +[38;5;242mfunctions-common:git_clone:590           (B[m local git_dest=/opt/stack/cinder
[2026-06-30T10:00:58.812Z] +[38;5;242mfunctions-common:git_clone:591           (B[m local git_ref=master
[2026-06-30T10:00:58.812Z] +[38;5;242mfunctions-common:git_clone:592           (B[m local orig_dir
[2026-06-30T10:00:59.079Z] ++[38;5;242mfunctions-common:git_clone:593           (B[m pwd
[2026-06-30T10:00:59.079Z] +[38;5;242mfunctions-common:git_clone:593           (B[m orig_dir=/opt/stack/devstack
[2026-06-30T10:00:59.079Z] +[38;5;242mfunctions-common:git_clone:594           (B[m local git_clone_flags=
[2026-06-30T10:00:59.079Z] ++[38;5;242mfunctions-common:git_clone:596           (B[m trueorfalse False RECLONE
[2026-06-30T10:00:59.079Z] +[38;5;242mfunctions-common:git_clone:596           (B[m RECLONE=False
[2026-06-30T10:00:59.343Z] +[38;5;242mfunctions-common:git_clone:597           (B[m [[ 0 -gt 0 ]]
[2026-06-30T10:00:59.343Z] +[38;5;242mfunctions-common:git_clone:601           (B[m [[ False = \T\r\u\e ]]
[2026-06-30T10:00:59.343Z] +[38;5;242mfunctions-common:git_clone:610           (B[m egrep -q '^refs'
[2026-06-30T10:00:59.343Z] +[38;5;242mfunctions-common:git_clone:610           (B[m echo master
[2026-06-30T10:00:59.343Z] +[38;5;242mfunctions-common:git_clone:624           (B[m [[ ! -d /opt/stack/cinder ]]
[2026-06-30T10:00:59.343Z] +[38;5;242mfunctions-common:git_clone:625           (B[m [[ False = \T\r\u\e ]]
[2026-06-30T10:00:59.343Z] +[38;5;242mfunctions-common:git_clone:630           (B[m git_timed clone --no-checkout http://github.com/openstack/cinder.git /opt/stack/cinder
[2026-06-30T10:00:59.343Z] +[38;5;242mfunctions-common:git_timed:697           (B[m local count=0
[2026-06-30T10:00:59.343Z] +[38;5;242mfunctions-common:git_timed:698           (B[m local timeout=0
[2026-06-30T10:00:59.607Z] +[38;5;242mfunctions-common:git_timed:700           (B[m [[ -n 0 ]]
[2026-06-30T10:00:59.607Z] +[38;5;242mfunctions-common:git_timed:701           (B[m timeout=0
[2026-06-30T10:00:59.607Z] +[38;5;242mfunctions-common:git_timed:704           (B[m time_start git_timed
[2026-06-30T10:00:59.608Z] +[38;5;242mfunctions-common:time_start:2406         (B[m local name=git_timed
[2026-06-30T10:00:59.608Z] +[38;5;242mfunctions-common:time_start:2407         (B[m local start_time=
[2026-06-30T10:00:59.608Z] +[38;5;242mfunctions-common:time_start:2408         (B[m [[ -n '' ]]
[2026-06-30T10:00:59.608Z] ++[38;5;242mfunctions-common:time_start:2411         (B[m date +%s%3N
[2026-06-30T10:00:59.608Z] +[38;5;242mfunctions-common:time_start:2411         (B[m _TIME_START[$name]=1782813667913
[2026-06-30T10:00:59.608Z] +[38;5;242mfunctions-common:git_timed:705           (B[m timeout -s SIGINT 0 git clone --no-checkout http://github.com/openstack/cinder.git /opt/stack/cinder
[2026-06-30T10:00:59.608Z] Cloning into '/opt/stack/cinder'...
[2026-06-30T10:01:00.558Z] warning: redirecting to https://github.com/openstack/cinder.git/
[2026-06-30T10:01:39.625Z] +[38;5;242mfunctions-common:git_timed:719           (B[m time_stop git_timed
[2026-06-30T10:01:39.625Z] +[38;5;242mfunctions-common:time_stop:2420          (B[m local name
[2026-06-30T10:01:39.625Z] +[38;5;242mfunctions-common:time_stop:2421          (B[m local end_time
[2026-06-30T10:01:39.625Z] +[38;5;242mfunctions-common:time_stop:2422          (B[m local elapsed_time
[2026-06-30T10:01:39.625Z] +[38;5;242mfunctions-common:time_stop:2423          (B[m local total
[2026-06-30T10:01:39.625Z] +[38;5;242mfunctions-common:time_stop:2424          (B[m local start_time
[2026-06-30T10:01:39.625Z] +[38;5;242mfunctions-common:time_stop:2426          (B[m name=git_timed
[2026-06-30T10:01:39.625Z] +[38;5;242mfunctions-common:time_stop:2427          (B[m start_time=1782813667913
[2026-06-30T10:01:39.625Z] +[38;5;242mfunctions-common:time_stop:2429          (B[m [[ -z 1782813667913 ]]
[2026-06-30T10:01:39.625Z] ++[38;5;242mfunctions-common:time_stop:2432          (B[m date +%s%3N
[2026-06-30T10:01:39.625Z] +[38;5;242mfunctions-common:time_stop:2432          (B[m end_time=1782813704304
[2026-06-30T10:01:39.625Z] +[38;5;242mfunctions-common:time_stop:2433          (B[m elapsed_time=36391
[2026-06-30T10:01:39.625Z] +[38;5;242mfunctions-common:time_stop:2434          (B[m total=32810
[2026-06-30T10:01:39.625Z] +[38;5;242mfunctions-common:time_stop:2436          (B[m _TIME_START[$name]=
[2026-06-30T10:01:39.625Z] +[38;5;242mfunctions-common:time_stop:2437          (B[m _TIME_TOTAL[$name]=69201
[2026-06-30T10:01:39.625Z] +[38;5;242mfunctions-common:git_clone:631           (B[m cd /opt/stack/cinder
[2026-06-30T10:01:39.625Z] +[38;5;242mfunctions-common:git_clone:632           (B[m git_timed fetch origin master
[2026-06-30T10:01:39.625Z] +[38;5;242mfunctions-common:git_timed:697           (B[m local count=0
[2026-06-30T10:01:39.625Z] +[38;5;242mfunctions-common:git_timed:698           (B[m local timeout=0
[2026-06-30T10:01:39.625Z] +[38;5;242mfunctions-common:git_timed:700           (B[m [[ -n 0 ]]
[2026-06-30T10:01:39.625Z] +[38;5;242mfunctions-common:git_timed:701           (B[m timeout=0
[2026-06-30T10:01:39.625Z] +[38;5;242mfunctions-common:git_timed:704           (B[m time_start git_timed
[2026-06-30T10:01:39.625Z] +[38;5;242mfunctions-common:time_start:2406         (B[m local name=git_timed
[2026-06-30T10:01:39.625Z] +[38;5;242mfunctions-common:time_start:2407         (B[m local start_time=
[2026-06-30T10:01:39.625Z] +[38;5;242mfunctions-common:time_start:2408         (B[m [[ -n '' ]]
[2026-06-30T10:01:39.625Z] ++[38;5;242mfunctions-common:time_start:2411         (B[m date +%s%3N
[2026-06-30T10:01:39.625Z] +[38;5;242mfunctions-common:time_start:2411         (B[m _TIME_START[$name]=1782813704747
[2026-06-30T10:01:39.625Z] +[38;5;242mfunctions-common:git_timed:705           (B[m timeout -s SIGINT 0 git fetch origin master
[2026-06-30T10:01:39.625Z] warning: redirecting to https://github.com/openstack/cinder.git/
[2026-06-30T10:01:39.625Z] From http://github.com/openstack/cinder
[2026-06-30T10:01:39.625Z]  * branch                master     -> FETCH_HEAD
[2026-06-30T10:01:39.626Z] +[38;5;242mfunctions-common:git_timed:719           (B[m time_stop git_timed
[2026-06-30T10:01:39.626Z] +[38;5;242mfunctions-common:time_stop:2420          (B[m local name
[2026-06-30T10:01:39.626Z] +[38;5;242mfunctions-common:time_stop:2421          (B[m local end_time
[2026-06-30T10:01:39.626Z] +[38;5;242mfunctions-common:time_stop:2422          (B[m local elapsed_time
[2026-06-30T10:01:39.626Z] +[38;5;242mfunctions-common:time_stop:2423          (B[m local total
[2026-06-30T10:01:39.626Z] +[38;5;242mfunctions-common:time_stop:2424          (B[m local start_time
[2026-06-30T10:01:39.626Z] +[38;5;242mfunctions-common:time_stop:2426          (B[m name=git_timed
[2026-06-30T10:01:39.626Z] +[38;5;242mfunctions-common:time_stop:2427          (B[m start_time=1782813704747
[2026-06-30T10:01:39.626Z] +[38;5;242mfunctions-common:time_stop:2429          (B[m [[ -z 1782813704747 ]]
[2026-06-30T10:01:39.626Z] ++[38;5;242mfunctions-common:time_stop:2432          (B[m date +%s%3N
[2026-06-30T10:01:39.626Z] +[38;5;242mfunctions-common:time_stop:2432          (B[m end_time=1782813706076
[2026-06-30T10:01:39.626Z] +[38;5;242mfunctions-common:time_stop:2433          (B[m elapsed_time=1329
[2026-06-30T10:01:39.626Z] +[38;5;242mfunctions-common:time_stop:2434          (B[m total=69201
[2026-06-30T10:01:39.626Z] +[38;5;242mfunctions-common:time_stop:2436          (B[m _TIME_START[$name]=
[2026-06-30T10:01:39.626Z] +[38;5;242mfunctions-common:time_stop:2437          (B[m _TIME_TOTAL[$name]=70530
[2026-06-30T10:01:39.626Z] +[38;5;242mfunctions-common:git_clone:633           (B[m git_timed checkout FETCH_HEAD
[2026-06-30T10:01:39.626Z] +[38;5;242mfunctions-common:git_timed:697           (B[m local count=0
[2026-06-30T10:01:39.626Z] +[38;5;242mfunctions-common:git_timed:698           (B[m local timeout=0
[2026-06-30T10:01:39.626Z] +[38;5;242mfunctions-common:git_timed:700           (B[m [[ -n 0 ]]
[2026-06-30T10:01:39.626Z] +[38;5;242mfunctions-common:git_timed:701           (B[m timeout=0
[2026-06-30T10:01:39.626Z] +[38;5;242mfunctions-common:git_timed:704           (B[m time_start git_timed
[2026-06-30T10:01:39.626Z] +[38;5;242mfunctions-common:time_start:2406         (B[m local name=git_timed
[2026-06-30T10:01:39.626Z] +[38;5;242mfunctions-common:time_start:2407         (B[m local start_time=
[2026-06-30T10:01:39.626Z] +[38;5;242mfunctions-common:time_start:2408         (B[m [[ -n '' ]]
[2026-06-30T10:01:39.626Z] ++[38;5;242mfunctions-common:time_start:2411         (B[m date +%s%3N
[2026-06-30T10:01:39.626Z] +[38;5;242mfunctions-common:time_start:2411         (B[m _TIME_START[$name]=1782813706511
[2026-06-30T10:01:39.626Z] +[38;5;242mfunctions-common:git_timed:705           (B[m timeout -s SIGINT 0 git checkout FETCH_HEAD
[2026-06-30T10:01:39.626Z] Note: switching to 'FETCH_HEAD'.
[2026-06-30T10:01:39.626Z] 
[2026-06-30T10:01:39.626Z] You are in 'detached HEAD' state. You can look around, make experimental
[2026-06-30T10:01:39.626Z] changes and commit them, and you can discard any commits you make in this
[2026-06-30T10:01:39.626Z] state without impacting any branches by switching back to a branch.
[2026-06-30T10:01:39.626Z] 
[2026-06-30T10:01:39.626Z] If you want to create a new branch to retain commits you create, you may
[2026-06-30T10:01:39.626Z] do so (now or later) by using -c with the switch command. Example:
[2026-06-30T10:01:39.626Z] 
[2026-06-30T10:01:39.626Z]   git switch -c <new-branch-name>
[2026-06-30T10:01:39.626Z] 
[2026-06-30T10:01:39.626Z] Or undo this operation with:
[2026-06-30T10:01:39.626Z] 
[2026-06-30T10:01:39.626Z]   git switch -
[2026-06-30T10:01:39.626Z] 
[2026-06-30T10:01:39.626Z] Turn off this advice by setting config variable advice.detachedHead to false
[2026-06-30T10:01:39.626Z] 
[2026-06-30T10:01:39.626Z] HEAD is now at 85611cbc1 Merge "Storwize: stop vdiskcopyops loop racing sqlite in tests"
[2026-06-30T10:01:39.626Z] +[38;5;242mfunctions-common:git_timed:719           (B[m time_stop git_timed
[2026-06-30T10:01:39.626Z] +[38;5;242mfunctions-common:time_stop:2420          (B[m local name
[2026-06-30T10:01:39.626Z] +[38;5;242mfunctions-common:time_stop:2421          (B[m local end_time
[2026-06-30T10:01:39.626Z] +[38;5;242mfunctions-common:time_stop:2422          (B[m local elapsed_time
[2026-06-30T10:01:39.626Z] +[38;5;242mfunctions-common:time_stop:2423          (B[m local total
[2026-06-30T10:01:39.626Z] +[38;5;242mfunctions-common:time_stop:2424          (B[m local start_time
[2026-06-30T10:01:39.626Z] +[38;5;242mfunctions-common:time_stop:2426          (B[m name=git_timed
[2026-06-30T10:01:39.626Z] +[38;5;242mfunctions-common:time_stop:2427          (B[m start_time=1782813706511
[2026-06-30T10:01:39.626Z] +[38;5;242mfunctions-common:time_stop:2429          (B[m [[ -z 1782813706511 ]]
[2026-06-30T10:01:39.626Z] ++[38;5;242mfunctions-common:time_stop:2432          (B[m date +%s%3N
[2026-06-30T10:01:39.626Z] +[38;5;242mfunctions-common:time_stop:2432          (B[m end_time=1782813707533
[2026-06-30T10:01:39.626Z] +[38;5;242mfunctions-common:time_stop:2433          (B[m elapsed_time=1022
[2026-06-30T10:01:39.626Z] +[38;5;242mfunctions-common:time_stop:2434          (B[m total=70530
[2026-06-30T10:01:39.626Z] +[38;5;242mfunctions-common:time_stop:2436          (B[m _TIME_START[$name]=
[2026-06-30T10:01:39.626Z] +[38;5;242mfunctions-common:time_stop:2437          (B[m _TIME_TOTAL[$name]=71552
[2026-06-30T10:01:39.626Z] +[38;5;242mfunctions-common:git_clone:669           (B[m sudo git config --system --add safe.directory /opt/stack/cinder
[2026-06-30T10:01:39.626Z] +[38;5;242mfunctions-common:git_clone:672           (B[m cd /opt/stack/cinder
[2026-06-30T10:01:39.626Z] +[38;5;242mfunctions-common:git_clone:673           (B[m git show --oneline
[2026-06-30T10:01:39.626Z] +[38;5;242mfunctions-common:git_clone:673           (B[m head -1
[2026-06-30T10:01:39.626Z] 85611cbc1 Merge "Storwize: stop vdiskcopyops loop racing sqlite in tests"
[2026-06-30T10:01:39.626Z] +[38;5;242mfunctions-common:git_clone:674           (B[m cd /opt/stack/devstack
[2026-06-30T10:01:39.626Z] +[38;5;242mlib/cinder:install_cinder:526            (B[m setup_develop /opt/stack/cinder
[2026-06-30T10:01:39.626Z] +[38;5;242minc/python:setup_develop:353             (B[m local bindep
[2026-06-30T10:01:39.626Z] +[38;5;242minc/python:setup_develop:354             (B[m [[ /opt/stack/cinder == -bindep* ]]
[2026-06-30T10:01:39.626Z] +[38;5;242minc/python:setup_develop:358             (B[m local project_dir=/opt/stack/cinder
[2026-06-30T10:01:39.626Z] +[38;5;242minc/python:setup_develop:359             (B[m local extras=
[2026-06-30T10:01:39.626Z] +[38;5;242minc/python:setup_develop:360             (B[m _setup_package_with_constraints_edit /opt/stack/cinder -e
[2026-06-30T10:01:39.890Z] +[38;5;242minc/python:_setup_package_with_constraints_edit:379 (B[m local bindep
[2026-06-30T10:01:39.890Z] +[38;5;242minc/python:_setup_package_with_constraints_edit:380 (B[m [[ /opt/stack/cinder == -bindep* ]]
[2026-06-30T10:01:39.890Z] +[38;5;242minc/python:_setup_package_with_constraints_edit:384 (B[m local project_dir=/opt/stack/cinder
[2026-06-30T10:01:39.890Z] +[38;5;242minc/python:_setup_package_with_constraints_edit:385 (B[m local flags=-e
[2026-06-30T10:01:39.890Z] +[38;5;242minc/python:_setup_package_with_constraints_edit:386 (B[m local extras=
[2026-06-30T10:01:39.890Z] ++[38;5;242minc/python:_setup_package_with_constraints_edit:393 (B[m cd /opt/stack/cinder
[2026-06-30T10:01:39.890Z] ++[38;5;242minc/python:_setup_package_with_constraints_edit:393 (B[m pwd
[2026-06-30T10:01:39.890Z] +[38;5;242minc/python:_setup_package_with_constraints_edit:393 (B[m project_dir=/opt/stack/cinder
[2026-06-30T10:01:39.890Z] +[38;5;242minc/python:_setup_package_with_constraints_edit:395 (B[m '[' -n /opt/stack/requirements ']'
[2026-06-30T10:01:40.153Z] +[38;5;242minc/python:_setup_package_with_constraints_edit:399 (B[m local name
[2026-06-30T10:01:40.153Z] ++[38;5;242minc/python:_setup_package_with_constraints_edit:400 (B[m awk '/^name.*=/ {print $3}' /opt/stack/cinder/setup.cfg
[2026-06-30T10:01:40.153Z] +[38;5;242minc/python:_setup_package_with_constraints_edit:400 (B[m name=cinder
[2026-06-30T10:01:40.153Z] +[38;5;242minc/python:_setup_package_with_constraints_edit:401 (B[m '[' -z cinder ']'
[2026-06-30T10:01:40.153Z] +[38;5;242minc/python:_setup_package_with_constraints_edit:405 (B[m /opt/stack/requirements/.venv/bin/edit-constraints /opt/stack/requirements/upper-constraints.txt -- cinder
[2026-06-30T10:01:40.417Z] +[38;5;242minc/python:_setup_package_with_constraints_edit:408 (B[m setup_package /opt/stack/cinder -e
[2026-06-30T10:01:40.417Z] +[38;5;242minc/python:setup_package:436             (B[m local bindep=0
[2026-06-30T10:01:40.417Z] +[38;5;242minc/python:setup_package:437             (B[m local bindep_flag=
[2026-06-30T10:01:40.417Z] +[38;5;242minc/python:setup_package:438             (B[m local bindep_profiles=
[2026-06-30T10:01:40.417Z] +[38;5;242minc/python:setup_package:439             (B[m [[ /opt/stack/cinder == -bindep* ]]
[2026-06-30T10:01:40.417Z] +[38;5;242minc/python:setup_package:444             (B[m local project_dir=/opt/stack/cinder
[2026-06-30T10:01:40.687Z] +[38;5;242minc/python:setup_package:445             (B[m local flags=-e
[2026-06-30T10:01:40.687Z] +[38;5;242minc/python:setup_package:446             (B[m local extras=
[2026-06-30T10:01:40.687Z] +[38;5;242minc/python:setup_package:450             (B[m [[ -n -e ]]
[2026-06-30T10:01:40.687Z] +[38;5;242minc/python:setup_package:450             (B[m [[ -z '' ]]
[2026-06-30T10:01:40.687Z] +[38;5;242minc/python:setup_package:450             (B[m [[ ! -e =~ ^-.* ]]
[2026-06-30T10:01:40.687Z] +[38;5;242minc/python:setup_package:455             (B[m [[ ! -z '' ]]
[2026-06-30T10:01:40.687Z] +[38;5;242minc/python:setup_package:460             (B[m [[ 0 == 1 ]]
[2026-06-30T10:01:40.687Z] +[38;5;242minc/python:setup_package:464             (B[m pip_install -e /opt/stack/cinder
[2026-06-30T10:01:40.952Z] Using python 3.12 to install /opt/stack/cinder
[2026-06-30T10:01:40.952Z] +[38;5;242minc/python:pip_install:210               (B[m env http_proxy=http://proxy-in.its.hpecorp.net:80 https_proxy=http://proxy-in.its.hpecorp.net:443 no_proxy=10.201.5.87,10.201.4.29,10.201.3.85,10.201.3.86,localhost,127.0.0.1,10.201.4.31,10.201.4.32,10.201.4.33,10.201.4.34,10.201.1.221,172.28.65.17,172.28.65.18,172.28.65.207,172.28.65.208 PIP_FIND_LINKS= /opt/stack/data/venv/bin/pip install -c /opt/stack/requirements/upper-constraints.txt -e /opt/stack/cinder
[2026-06-30T10:01:41.899Z] Obtaining file:///opt/stack/cinder
[2026-06-30T10:01:41.899Z]   Installing build dependencies: started
[2026-06-30T10:01:44.453Z]   Installing build dependencies: finished with status 'done'
[2026-06-30T10:01:44.453Z]   Checking if build backend supports build_editable: started
[2026-06-30T10:01:44.453Z]   Checking if build backend supports build_editable: finished with status 'done'
[2026-06-30T10:01:44.716Z]   Getting requirements to build editable: started
[2026-06-30T10:01:44.978Z]   Getting requirements to build editable: finished with status 'done'
[2026-06-30T10:01:44.978Z]   Preparing editable metadata (pyproject.toml): started
[2026-06-30T10:01:46.901Z]   Preparing editable metadata (pyproject.toml): finished with status 'done'
[2026-06-30T10:01:46.901Z] Requirement already satisfied: pbr>=5.8.0 in /opt/stack/data/venv/lib/python3.12/site-packages (from cinder==28.1.0.dev150) (7.0.3)
[2026-06-30T10:01:46.901Z] Requirement already satisfied: decorator>=4.4.2 in /opt/stack/data/venv/lib/python3.12/site-packages (from cinder==28.1.0.dev150) (5.3.1)
[2026-06-30T10:01:46.901Z] Requirement already satisfied: eventlet!=0.32.0,>=0.30.1 in /opt/stack/data/venv/lib/python3.12/site-packages (from cinder==28.1.0.dev150) (0.41.0)
[2026-06-30T10:01:46.901Z] Requirement already satisfied: futurist>=3.2.1 in /opt/stack/data/venv/lib/python3.12/site-packages (from cinder==28.1.0.dev150) (3.4.0)
[2026-06-30T10:01:46.901Z] Requirement already satisfied: greenlet>=0.4.16 in /opt/stack/data/venv/lib/python3.12/site-packages (from cinder==28.1.0.dev150) (3.5.2)
[2026-06-30T10:01:46.901Z] Requirement already satisfied: iso8601>=0.1.12 in /opt/stack/data/venv/lib/python3.12/site-packages (from cinder==28.1.0.dev150) (2.1.0)
[2026-06-30T10:01:46.901Z] Requirement already satisfied: jsonschema>=3.2.0 in /opt/stack/data/venv/lib/python3.12/site-packages (from cinder==28.1.0.dev150) (4.26.0)
[2026-06-30T10:01:46.901Z] Requirement already satisfied: keystoneauth1>=4.2.1 in /opt/stack/data/venv/lib/python3.12/site-packages (from cinder==28.1.0.dev150) (5.14.0)
[2026-06-30T10:01:46.901Z] Requirement already satisfied: keystonemiddleware>=9.1.0 in /opt/stack/data/venv/lib/python3.12/site-packages (from cinder==28.1.0.dev150) (13.0.0)
[2026-06-30T10:01:48.304Z] Collecting lxml>=4.5.2 (from cinder==28.1.0.dev150)
[2026-06-30T10:01:48.304Z]   Downloading lxml-6.1.1-cp312-cp312-manylinux_2_26_x86_64.manylinux_2_28_x86_64.whl.metadata (3.5 kB)
[2026-06-30T10:01:48.304Z] Requirement already satisfied: oslo.config>=8.3.2 in /opt/stack/data/venv/lib/python3.12/site-packages (from cinder==28.1.0.dev150) (10.5.0)
[2026-06-30T10:01:48.304Z] Requirement already satisfied: oslo.concurrency>=4.5.0 in /opt/stack/data/venv/lib/python3.12/site-packages (from cinder==28.1.0.dev150) (7.5.0)
[2026-06-30T10:01:48.304Z] Requirement already satisfied: oslo.context>=3.4.0 in /opt/stack/data/venv/lib/python3.12/site-packages (from cinder==28.1.0.dev150) (6.4.0)
[2026-06-30T10:01:48.304Z] Requirement already satisfied: oslo.db>=11.0.0 in /opt/stack/data/venv/lib/python3.12/site-packages (from cinder==28.1.0.dev150) (18.0.0)
[2026-06-30T10:01:48.304Z] Requirement already satisfied: oslo.log>=4.6.1 in /opt/stack/data/venv/lib/python3.12/site-packages (from cinder==28.1.0.dev150) (8.2.0)
[2026-06-30T10:01:48.304Z] Requirement already satisfied: oslo.messaging>=14.6.0 in /opt/stack/data/venv/lib/python3.12/site-packages (from cinder==28.1.0.dev150) (18.1.0)
[2026-06-30T10:01:48.305Z] Requirement already satisfied: oslo.middleware>=4.1.1 in /opt/stack/data/venv/lib/python3.12/site-packages (from cinder==28.1.0.dev150) (8.1.0)
[2026-06-30T10:01:48.305Z] Requirement already satisfied: oslo.policy>=5.0.0 in /opt/stack/data/venv/lib/python3.12/site-packages (from cinder==28.1.0.dev150) (5.1.0)
[2026-06-30T10:01:48.305Z] Requirement already satisfied: oslo.privsep>=2.6.2 in /opt/stack/data/venv/lib/python3.12/site-packages (from cinder==28.1.0.dev150) (3.11.0)
[2026-06-30T10:01:48.305Z] Requirement already satisfied: oslo.reports>=3.2.0 in /opt/stack/data/venv/lib/python3.12/site-packages (from cinder==28.1.0.dev150) (3.8.0)
[2026-06-30T10:01:48.305Z] Requirement already satisfied: oslo.rootwrap>=6.2.0 in /opt/stack/data/venv/lib/python3.12/site-packages (from cinder==28.1.0.dev150) (7.9.0)
[2026-06-30T10:01:48.305Z] Requirement already satisfied: oslo.serialization>=4.2.0 in /opt/stack/data/venv/lib/python3.12/site-packages (from cinder==28.1.0.dev150) (5.10.0)
[2026-06-30T10:01:48.305Z] Requirement already satisfied: oslo.service>=4.5.0 in /opt/stack/data/venv/lib/python3.12/site-packages (from cinder==28.1.0.dev150) (4.6.0)
[2026-06-30T10:01:48.305Z] Requirement already satisfied: oslo.upgradecheck>=1.1.1 in /opt/stack/data/venv/lib/python3.12/site-packages (from cinder==28.1.0.dev150) (2.7.1)
[2026-06-30T10:01:48.305Z] Requirement already satisfied: oslo.utils>=6.0.0 in /opt/stack/data/venv/lib/python3.12/site-packages (from cinder==28.1.0.dev150) (10.1.1)
[2026-06-30T10:01:48.571Z] Collecting oslo.versionedobjects>=2.4.0 (from cinder==28.1.0.dev150)
[2026-06-30T10:01:48.571Z]   Downloading oslo_versionedobjects-3.10.2-py3-none-any.whl.metadata (2.5 kB)
[2026-06-30T10:01:48.571Z] Requirement already satisfied: osprofiler>=3.4.0 in /opt/stack/data/venv/lib/python3.12/site-packages (from cinder==28.1.0.dev150) (4.4.0)
[2026-06-30T10:01:48.571Z] Requirement already satisfied: packaging>=20.9 in /opt/stack/data/venv/lib/python3.12/site-packages (from cinder==28.1.0.dev150) (26.2)
[2026-06-30T10:01:48.571Z] Collecting paramiko>=2.7.2 (from cinder==28.1.0.dev150)
[2026-06-30T10:01:48.571Z]   Downloading paramiko-4.0.0-py3-none-any.whl.metadata (3.9 kB)
[2026-06-30T10:01:48.571Z] Requirement already satisfied: Paste>=3.4.3 in /opt/stack/data/venv/lib/python3.12/site-packages (from cinder==28.1.0.dev150) (3.10.1)
[2026-06-30T10:01:48.571Z] Requirement already satisfied: PasteDeploy>=2.1.0 in /opt/stack/data/venv/lib/python3.12/site-packages (from cinder==28.1.0.dev150) (3.1.0)
[2026-06-30T10:01:48.571Z] Requirement already satisfied: pyparsing>=3.0.0 in /opt/stack/data/venv/lib/python3.12/site-packages (from cinder==28.1.0.dev150) (3.3.2)
[2026-06-30T10:01:48.571Z] Requirement already satisfied: python-barbicanclient>=5.0.1 in /opt/stack/data/venv/lib/python3.12/site-packages (from cinder==28.1.0.dev150) (7.4.0)
[2026-06-30T10:01:48.834Z] Collecting python-glanceclient>=3.2.2 (from cinder==28.1.0.dev150)
[2026-06-30T10:01:48.834Z]   Downloading python_glanceclient-4.12.0-py3-none-any.whl.metadata (4.0 kB)
[2026-06-30T10:01:48.834Z] Requirement already satisfied: python-keystoneclient>=4.1.1 in /opt/stack/data/venv/lib/python3.12/site-packages (from cinder==28.1.0.dev150) (5.8.0)
[2026-06-30T10:01:48.834Z] Collecting python-novaclient>=18.2.0 (from cinder==28.1.0.dev150)
[2026-06-30T10:01:48.834Z]   Downloading python_novaclient-18.13.0-py3-none-any.whl.metadata (3.2 kB)
[2026-06-30T10:01:48.834Z] Collecting python-swiftclient>=3.10.1 (from cinder==28.1.0.dev150)
[2026-06-30T10:01:48.834Z]   Downloading python_swiftclient-4.10.0-py3-none-any.whl.metadata (3.9 kB)
[2026-06-30T10:01:49.100Z] Requirement already satisfied: requests>=2.25.1 in /opt/stack/data/venv/lib/python3.12/site-packages (from cinder==28.1.0.dev150) (2.34.2)
[2026-06-30T10:01:49.100Z] Requirement already satisfied: Routes>=2.4.1 in /opt/stack/data/venv/lib/python3.12/site-packages (from cinder==28.1.0.dev150) (2.5.1)
[2026-06-30T10:01:49.100Z] Requirement already satisfied: taskflow>=4.5.0 in /opt/stack/data/venv/lib/python3.12/site-packages (from cinder==28.1.0.dev150) (6.3.0)
[2026-06-30T10:01:49.100Z] Collecting rtslib-fb>=2.1.74 (from cinder==28.1.0.dev150)
[2026-06-30T10:01:49.100Z]   Downloading rtslib_fb-2.2.4-py3-none-any.whl.metadata (2.4 kB)
[2026-06-30T10:01:49.100Z] Requirement already satisfied: SQLAlchemy>=1.4.23 in /opt/stack/data/venv/lib/python3.12/site-packages (from cinder==28.1.0.dev150) (2.0.51)
[2026-06-30T10:01:49.100Z] Requirement already satisfied: stevedore>=3.2.2 in /opt/stack/data/venv/lib/python3.12/site-packages (from cinder==28.1.0.dev150) (5.8.0)
[2026-06-30T10:01:49.100Z] Collecting tabulate>=0.8.7 (from cinder==28.1.0.dev150)
[2026-06-30T10:01:49.100Z]   Downloading tabulate-0.10.0-py3-none-any.whl.metadata (40 kB)
[2026-06-30T10:01:49.100Z] Requirement already satisfied: tenacity>=6.3.1 in /opt/stack/data/venv/lib/python3.12/site-packages (from cinder==28.1.0.dev150) (9.1.4)
[2026-06-30T10:01:49.100Z] Requirement already satisfied: WebOb>=1.8.6 in /opt/stack/data/venv/lib/python3.12/site-packages (from cinder==28.1.0.dev150) (1.8.10)
[2026-06-30T10:01:49.100Z] Requirement already satisfied: oslo.i18n>=5.1.0 in /opt/stack/data/venv/lib/python3.12/site-packages (from cinder==28.1.0.dev150) (6.8.0)
[2026-06-30T10:01:49.362Z] Collecting oslo.vmware>=3.10.0 (from cinder==28.1.0.dev150)
[2026-06-30T10:01:49.362Z]   Downloading oslo_vmware-4.9.0-py3-none-any.whl.metadata (2.3 kB)
[2026-06-30T10:01:49.362Z] Requirement already satisfied: os-brick>=6.10.0 in /opt/stack/data/venv/lib/python3.12/site-packages (from cinder==28.1.0.dev150) (7.1.0)
[2026-06-30T10:01:49.362Z] Collecting tooz>=2.8.0 (from cinder==28.1.0.dev150)
[2026-06-30T10:01:49.362Z]   Downloading tooz-8.1.0-py3-none-any.whl.metadata (2.9 kB)
[2026-06-30T10:01:49.626Z] Collecting google-api-python-client>=1.11.0 (from cinder==28.1.0.dev150)
[2026-06-30T10:01:49.626Z]   Downloading google_api_python_client-2.197.0-py3-none-any.whl.metadata (7.0 kB)
[2026-06-30T10:01:49.626Z] Requirement already satisfied: castellan>=3.7.0 in /opt/stack/data/venv/lib/python3.12/site-packages (from cinder==28.1.0.dev150) (5.7.0)
[2026-06-30T10:01:49.626Z] Requirement already satisfied: cryptography>=3.1 in /opt/stack/data/venv/lib/python3.12/site-packages (from cinder==28.1.0.dev150) (43.0.3)
[2026-06-30T10:01:49.626Z] Requirement already satisfied: cursive>=0.2.2 in /opt/stack/data/venv/lib/python3.12/site-packages (from cinder==28.1.0.dev150) (0.2.3)
[2026-06-30T10:01:50.204Z] Collecting zstd>=1.5.0.0 (from cinder==28.1.0.dev150)
[2026-06-30T10:01:50.204Z]   Downloading zstd-1.5.7.3-cp312-cp312-manylinux_2_17_x86_64.manylinux2014_x86_64.manylinux_2_28_x86_64.whl.metadata (29 kB)
[2026-06-30T10:01:50.784Z] Collecting boto3>=1.18.49 (from cinder==28.1.0.dev150)
[2026-06-30T10:01:50.784Z]   Downloading boto3-1.35.99-py3-none-any.whl.metadata (6.7 kB)
[2026-06-30T10:01:50.784Z] Requirement already satisfied: distro>=1.8.0 in /usr/lib/python3/dist-packages (from cinder==28.1.0.dev150) (1.9.0)
[2026-06-30T10:01:50.784Z] Requirement already satisfied: tzdata>=2022.4 in /opt/stack/data/venv/lib/python3.12/site-packages (from cinder==28.1.0.dev150) (2026.2)
[2026-06-30T10:01:50.784Z] Requirement already satisfied: cachetools>=4.2.1 in /opt/stack/data/venv/lib/python3.12/site-packages (from cinder==28.1.0.dev150) (7.1.4)
[2026-06-30T10:01:51.357Z] Collecting botocore<1.36.0,>=1.35.99 (from boto3>=1.18.49->cinder==28.1.0.dev150)
[2026-06-30T10:01:51.357Z]   Downloading botocore-1.35.99-py3-none-any.whl.metadata (5.7 kB)
[2026-06-30T10:01:51.357Z] Requirement already satisfied: jmespath<2.0.0,>=0.7.1 in /opt/stack/data/venv/lib/python3.12/site-packages (from boto3>=1.18.49->cinder==28.1.0.dev150) (1.1.0)
[2026-06-30T10:01:51.622Z] Collecting s3transfer<0.11.0,>=0.10.0 (from boto3>=1.18.49->cinder==28.1.0.dev150)
[2026-06-30T10:01:51.622Z]   Downloading s3transfer-0.10.4-py3-none-any.whl.metadata (1.7 kB)
[2026-06-30T10:01:51.622Z] Requirement already satisfied: python-dateutil<3.0.0,>=2.1 in /opt/stack/data/venv/lib/python3.12/site-packages (from botocore<1.36.0,>=1.35.99->boto3>=1.18.49->cinder==28.1.0.dev150) (2.9.0.post0)
[2026-06-30T10:01:51.622Z] Requirement already satisfied: urllib3!=2.2.0,<3,>=1.25.4 in /opt/stack/data/venv/lib/python3.12/site-packages (from botocore<1.36.0,>=1.35.99->boto3>=1.18.49->cinder==28.1.0.dev150) (2.7.0)
[2026-06-30T10:01:51.622Z] Requirement already satisfied: six>=1.5 in /opt/stack/data/venv/lib/python3.12/site-packages (from python-dateutil<3.0.0,>=2.1->botocore<1.36.0,>=1.35.99->boto3>=1.18.49->cinder==28.1.0.dev150) (1.17.0)
[2026-06-30T10:01:51.622Z] Requirement already satisfied: cffi>=1.12 in /opt/stack/data/venv/lib/python3.12/site-packages (from cryptography>=3.1->cinder==28.1.0.dev150) (2.0.0)
[2026-06-30T10:01:51.622Z] Requirement already satisfied: pycparser in /opt/stack/data/venv/lib/python3.12/site-packages (from cffi>=1.12->cryptography>=3.1->cinder==28.1.0.dev150) (3.0)
[2026-06-30T10:01:51.622Z] Requirement already satisfied: dnspython>=1.15.0 in /opt/stack/data/venv/lib/python3.12/site-packages (from eventlet!=0.32.0,>=0.30.1->cinder==28.1.0.dev150) (2.8.0)
[2026-06-30T10:01:51.622Z] Requirement already satisfied: debtcollector>=3.0.0 in /opt/stack/data/venv/lib/python3.12/site-packages (from futurist>=3.2.1->cinder==28.1.0.dev150) (3.1.0)
[2026-06-30T10:01:51.622Z] Requirement already satisfied: wrapt>=2.1.0 in /opt/stack/data/venv/lib/python3.12/site-packages (from debtcollector>=3.0.0->futurist>=3.2.1->cinder==28.1.0.dev150) (2.2.1)
[2026-06-30T10:01:51.622Z] Requirement already satisfied: httplib2<1.0.0,>=0.19.0 in /opt/stack/data/venv/lib/python3.12/site-packages (from google-api-python-client>=1.11.0->cinder==28.1.0.dev150) (0.31.2)
[2026-06-30T10:01:51.886Z] Collecting google-auth!=2.24.0,!=2.25.0,<3.0.0,>=1.32.0 (from google-api-python-client>=1.11.0->cinder==28.1.0.dev150)
[2026-06-30T10:01:51.886Z]   Downloading google_auth-2.55.0-py3-none-any.whl.metadata (5.1 kB)
[2026-06-30T10:01:51.886Z] Collecting google-auth-httplib2<1.0.0,>=0.2.0 (from google-api-python-client>=1.11.0->cinder==28.1.0.dev150)
[2026-06-30T10:01:51.886Z]   Downloading google_auth_httplib2-0.4.0-py3-none-any.whl.metadata (3.0 kB)
[2026-06-30T10:01:52.148Z] Collecting google-api-core!=2.0.*,!=2.1.*,!=2.2.*,!=2.3.0,<3.0.0,>=1.31.5 (from google-api-python-client>=1.11.0->cinder==28.1.0.dev150)
[2026-06-30T10:01:52.148Z]   Downloading google_api_core-2.31.0-py3-none-any.whl.metadata (3.2 kB)
[2026-06-30T10:01:52.148Z] Collecting uritemplate<5,>=3.0.1 (from google-api-python-client>=1.11.0->cinder==28.1.0.dev150)
[2026-06-30T10:01:52.148Z]   Downloading uritemplate-4.2.0-py3-none-any.whl.metadata (2.6 kB)
[2026-06-30T10:01:52.148Z] Collecting googleapis-common-protos<2.0.0,>=1.63.2 (from google-api-core!=2.0.*,!=2.1.*,!=2.2.*,!=2.3.0,<3.0.0,>=1.31.5->google-api-python-client>=1.11.0->cinder==28.1.0.dev150)
[2026-06-30T10:01:52.148Z]   Downloading googleapis_common_protos-1.75.0-py3-none-any.whl.metadata (8.6 kB)
[2026-06-30T10:01:52.724Z] Collecting protobuf<8.0.0,>=5.29.6 (from google-api-core!=2.0.*,!=2.1.*,!=2.2.*,!=2.3.0,<3.0.0,>=1.31.5->google-api-python-client>=1.11.0->cinder==28.1.0.dev150)
[2026-06-30T10:01:52.724Z]   Downloading protobuf-6.33.6-cp39-abi3-manylinux2014_x86_64.whl.metadata (593 bytes)
[2026-06-30T10:01:52.724Z] Collecting proto-plus<2.0.0,>=1.24.0 (from google-api-core!=2.0.*,!=2.1.*,!=2.2.*,!=2.3.0,<3.0.0,>=1.31.5->google-api-python-client>=1.11.0->cinder==28.1.0.dev150)
[2026-06-30T10:01:52.724Z]   Downloading proto_plus-1.28.0-py3-none-any.whl.metadata (2.2 kB)
[2026-06-30T10:01:52.986Z] Collecting pyasn1-modules>=0.2.1 (from google-auth!=2.24.0,!=2.25.0,<3.0.0,>=1.32.0->google-api-python-client>=1.11.0->cinder==28.1.0.dev150)
[2026-06-30T10:01:52.986Z]   Downloading pyasn1_modules-0.4.2-py3-none-any.whl.metadata (3.5 kB)
[2026-06-30T10:01:52.986Z] Requirement already satisfied: charset_normalizer<4,>=2 in /opt/stack/data/venv/lib/python3.12/site-packages (from requests>=2.25.1->cinder==28.1.0.dev150) (3.4.7)
[2026-06-30T10:01:52.986Z] Requirement already satisfied: idna<4,>=2.5 in /opt/stack/data/venv/lib/python3.12/site-packages (from requests>=2.25.1->cinder==28.1.0.dev150) (3.18)
[2026-06-30T10:01:52.986Z] Requirement already satisfied: certifi>=2023.5.7 in /usr/lib/python3/dist-packages (from requests>=2.25.1->cinder==28.1.0.dev150) (2023.11.17)
[2026-06-30T10:01:52.986Z] Requirement already satisfied: attrs>=22.2.0 in /opt/stack/data/venv/lib/python3.12/site-packages (from jsonschema>=3.2.0->cinder==28.1.0.dev150) (26.1.0)
[2026-06-30T10:01:52.986Z] Requirement already satisfied: jsonschema-specifications>=2023.03.6 in /opt/stack/data/venv/lib/python3.12/site-packages (from jsonschema>=3.2.0->cinder==28.1.0.dev150) (2025.9.1)
[2026-06-30T10:01:52.986Z] Requirement already satisfied: referencing>=0.28.4 in /opt/stack/data/venv/lib/python3.12/site-packages (from jsonschema>=3.2.0->cinder==28.1.0.dev150) (0.37.0)
[2026-06-30T10:01:52.986Z] Requirement already satisfied: rpds-py>=0.25.0 in /opt/stack/data/venv/lib/python3.12/site-packages (from jsonschema>=3.2.0->cinder==28.1.0.dev150) (2026.5.1)
[2026-06-30T10:01:52.986Z] Requirement already satisfied: os-service-types>=1.2.0 in /opt/stack/data/venv/lib/python3.12/site-packages (from keystoneauth1>=4.2.1->cinder==28.1.0.dev150) (1.8.2)
[2026-06-30T10:01:52.986Z] Requirement already satisfied: typing-extensions>=4.12 in /opt/stack/data/venv/lib/python3.12/site-packages (from keystoneauth1>=4.2.1->cinder==28.1.0.dev150) (4.15.0)
[2026-06-30T10:01:52.986Z] Requirement already satisfied: oslo.cache>=3.11.0 in /opt/stack/data/venv/lib/python3.12/site-packages (from keystonemiddleware>=9.1.0->cinder==28.1.0.dev150) (4.2.0)
[2026-06-30T10:01:52.986Z] Requirement already satisfied: pycadf>=1.1.0 in /opt/stack/data/venv/lib/python3.12/site-packages (from keystonemiddleware>=9.1.0->cinder==28.1.0.dev150) (4.0.1)
[2026-06-30T10:01:52.986Z] Requirement already satisfied: PyJWT>=2.4.0 in /opt/stack/data/venv/lib/python3.12/site-packages (from keystonemiddleware>=9.1.0->cinder==28.1.0.dev150) (2.13.0)
[2026-06-30T10:01:52.986Z] Requirement already satisfied: psutil>=5.7.2 in /opt/stack/data/venv/lib/python3.12/site-packages (from os-brick>=6.10.0->cinder==28.1.0.dev150) (7.2.2)
[2026-06-30T10:01:52.986Z] Requirement already satisfied: dogpile.cache>=1.3.3 in /opt/stack/data/venv/lib/python3.12/site-packages (from oslo.cache>=3.11.0->keystonemiddleware>=9.1.0->cinder==28.1.0.dev150) (1.5.0)
[2026-06-30T10:01:52.986Z] Requirement already satisfied: fasteners>=0.7.0 in /opt/stack/data/venv/lib/python3.12/site-packages (from oslo.concurrency>=4.5.0->cinder==28.1.0.dev150) (0.20)
[2026-06-30T10:01:52.986Z] Requirement already satisfied: netaddr>=0.7.18 in /opt/stack/data/venv/lib/python3.12/site-packages (from oslo.config>=8.3.2->cinder==28.1.0.dev150) (1.3.0)
[2026-06-30T10:01:52.986Z] Requirement already satisfied: rfc3986>=1.2.0 in /opt/stack/data/venv/lib/python3.12/site-packages (from oslo.config>=8.3.2->cinder==28.1.0.dev150) (2.0.0)
[2026-06-30T10:01:52.986Z] Requirement already satisfied: PyYAML>=5.1 in /opt/stack/data/venv/lib/python3.12/site-packages (from oslo.config>=8.3.2->cinder==28.1.0.dev150) (6.0.3)
[2026-06-30T10:01:53.251Z] Requirement already satisfied: alembic>=0.9.6 in /opt/stack/data/venv/lib/python3.12/site-packages (from oslo.db>=11.0.0->cinder==28.1.0.dev150) (1.18.4)
[2026-06-30T10:01:53.251Z] Requirement already satisfied: testresources>=2.0.0 in /opt/stack/data/venv/lib/python3.12/site-packages (from oslo.db>=11.0.0->cinder==28.1.0.dev150) (2.1.2)
[2026-06-30T10:01:53.251Z] Requirement already satisfied: testscenarios>=0.4 in /opt/stack/data/venv/lib/python3.12/site-packages (from oslo.db>=11.0.0->cinder==28.1.0.dev150) (0.6.2)
[2026-06-30T10:01:53.251Z] Requirement already satisfied: Mako in /opt/stack/data/venv/lib/python3.12/site-packages (from alembic>=0.9.6->oslo.db>=11.0.0->cinder==28.1.0.dev150) (1.3.12)
[2026-06-30T10:01:53.251Z] Requirement already satisfied: amqp>=2.5.2 in /opt/stack/data/venv/lib/python3.12/site-packages (from oslo.messaging>=14.6.0->cinder==28.1.0.dev150) (5.3.1)
[2026-06-30T10:01:53.251Z] Requirement already satisfied: kombu>=4.6.8 in /opt/stack/data/venv/lib/python3.12/site-packages (from oslo.messaging>=14.6.0->cinder==28.1.0.dev150) (5.6.2)
[2026-06-30T10:01:53.251Z] Requirement already satisfied: oslo.metrics>=0.2.1 in /opt/stack/data/venv/lib/python3.12/site-packages (from oslo.messaging>=14.6.0->cinder==28.1.0.dev150) (0.16.0)
[2026-06-30T10:01:53.251Z] Requirement already satisfied: vine<6.0.0,>=5.0.0 in /opt/stack/data/venv/lib/python3.12/site-packages (from amqp>=2.5.2->oslo.messaging>=14.6.0->cinder==28.1.0.dev150) (5.1.0)
[2026-06-30T10:01:53.251Z] Requirement already satisfied: prometheus-client>=0.6.0 in /opt/stack/data/venv/lib/python3.12/site-packages (from oslo.metrics>=0.2.1->oslo.messaging>=14.6.0->cinder==28.1.0.dev150) (0.25.0)
[2026-06-30T10:01:53.251Z] Requirement already satisfied: bcrypt>=3.1.3 in /opt/stack/data/venv/lib/python3.12/site-packages (from oslo.middleware>=4.1.1->cinder==28.1.0.dev150) (5.0.0)
[2026-06-30T10:01:53.251Z] Requirement already satisfied: Jinja2>=2.10 in /opt/stack/data/venv/lib/python3.12/site-packages (from oslo.middleware>=4.1.1->cinder==28.1.0.dev150) (3.1.6)
[2026-06-30T10:01:53.251Z] Requirement already satisfied: statsd>=3.2.1 in /opt/stack/data/venv/lib/python3.12/site-packages (from oslo.middleware>=4.1.1->cinder==28.1.0.dev150) (4.0.1)
[2026-06-30T10:01:53.251Z] Requirement already satisfied: MarkupSafe>=2.0 in /opt/stack/data/venv/lib/python3.12/site-packages (from Jinja2>=2.10->oslo.middleware>=4.1.1->cinder==28.1.0.dev150) (3.0.3)
[2026-06-30T10:01:53.251Z] Requirement already satisfied: msgpack>=0.6.0 in /opt/stack/data/venv/lib/python3.12/site-packages (from oslo.privsep>=2.6.2->cinder==28.1.0.dev150) (1.2.1)
[2026-06-30T10:01:53.251Z] Requirement already satisfied: Yappi>=1.0 in /opt/stack/data/venv/lib/python3.12/site-packages (from oslo.service>=4.5.0->cinder==28.1.0.dev150) (1.7.6)
[2026-06-30T10:01:53.251Z] Collecting cotyledon>=2.2.0 (from oslo.service[threading]>=4.5.0->cinder==28.1.0.dev150)
[2026-06-30T10:01:53.251Z]   Downloading cotyledon-2.2.0-py3-none-any.whl.metadata (3.7 kB)
[2026-06-30T10:01:53.514Z] Collecting setproctitle (from cotyledon>=2.2.0->oslo.service[threading]>=4.5.0->cinder==28.1.0.dev150)
[2026-06-30T10:01:53.514Z]   Downloading setproctitle-1.3.7-cp312-cp312-manylinux1_x86_64.manylinux_2_28_x86_64.manylinux_2_5_x86_64.whl.metadata (10 kB)
[2026-06-30T10:01:53.514Z] Requirement already satisfied: PrettyTable>=0.7.1 in /opt/stack/data/venv/lib/python3.12/site-packages (from oslo.upgradecheck>=1.1.1->cinder==28.1.0.dev150) (3.17.0)
[2026-06-30T10:01:53.514Z] Collecting suds-community>=0.6 (from oslo.vmware>=3.10.0->cinder==28.1.0.dev150)
[2026-06-30T10:01:53.779Z]   Downloading suds_community-1.2.0-py3-none-any.whl.metadata (1.6 kB)
[2026-06-30T10:01:53.779Z] Collecting invoke>=2.0 (from paramiko>=2.7.2->cinder==28.1.0.dev150)
[2026-06-30T10:01:53.779Z]   Downloading invoke-3.0.3-py3-none-any.whl.metadata (3.2 kB)
[2026-06-30T10:01:53.779Z] Collecting pynacl>=1.5 (from paramiko>=2.7.2->cinder==28.1.0.dev150)
[2026-06-30T10:01:54.044Z]   Downloading pynacl-1.6.2-cp38-abi3-manylinux_2_34_x86_64.whl.metadata (10.0 kB)
[2026-06-30T10:01:54.044Z] Requirement already satisfied: setuptools in /opt/stack/data/venv/lib/python3.12/site-packages (from Paste>=3.4.3->cinder==28.1.0.dev150) (82.0.1)
[2026-06-30T10:01:54.044Z] Requirement already satisfied: wcwidth in /opt/stack/data/venv/lib/python3.12/site-packages (from PrettyTable>=0.7.1->oslo.upgradecheck>=1.1.1->cinder==28.1.0.dev150) (0.8.1)
[2026-06-30T10:01:54.044Z] Collecting pyasn1<0.7.0,>=0.6.1 (from pyasn1-modules>=0.2.1->google-auth!=2.24.0,!=2.25.0,<3.0.0,>=1.32.0->google-api-python-client>=1.11.0->cinder==28.1.0.dev150)
[2026-06-30T10:01:54.044Z]   Downloading pyasn1-0.6.3-py3-none-any.whl.metadata (8.4 kB)
[2026-06-30T10:01:54.311Z] Requirement already satisfied: cliff>=2.8.0 in /opt/stack/data/venv/lib/python3.12/site-packages (from python-barbicanclient>=5.0.1->cinder==28.1.0.dev150) (4.14.0)
[2026-06-30T10:01:54.311Z] Requirement already satisfied: autopage>=0.4.0 in /opt/stack/data/venv/lib/python3.12/site-packages (from cliff>=2.8.0->python-barbicanclient>=5.0.1->cinder==28.1.0.dev150) (0.6.0)
[2026-06-30T10:01:54.311Z] Requirement already satisfied: cmd2>=3.0.0 in /opt/stack/data/venv/lib/python3.12/site-packages (from cliff>=2.8.0->python-barbicanclient>=5.0.1->cinder==28.1.0.dev150) (4.0.0)
[2026-06-30T10:01:54.311Z] Requirement already satisfied: prompt-toolkit>=3.0.52 in /opt/stack/data/venv/lib/python3.12/site-packages (from cmd2>=3.0.0->cliff>=2.8.0->python-barbicanclient>=5.0.1->cinder==28.1.0.dev150) (3.0.52)
[2026-06-30T10:01:54.311Z] Requirement already satisfied: pyperclip>=1.8.2 in /opt/stack/data/venv/lib/python3.12/site-packages (from cmd2>=3.0.0->cliff>=2.8.0->python-barbicanclient>=5.0.1->cinder==28.1.0.dev150) (1.11.0)
[2026-06-30T10:01:54.311Z] Requirement already satisfied: rich>=15.0.0 in /opt/stack/data/venv/lib/python3.12/site-packages (from cmd2>=3.0.0->cliff>=2.8.0->python-barbicanclient>=5.0.1->cinder==28.1.0.dev150) (15.0.0)
[2026-06-30T10:01:54.311Z] Requirement already satisfied: rich-argparse>=1.7.2 in /opt/stack/data/venv/lib/python3.12/site-packages (from cmd2>=3.0.0->cliff>=2.8.0->python-barbicanclient>=5.0.1->cinder==28.1.0.dev150) (1.8.0)
[2026-06-30T10:01:54.311Z] Collecting warlock>=1.2.0 (from python-glanceclient>=3.2.2->cinder==28.1.0.dev150)
[2026-06-30T10:01:54.311Z]   Downloading warlock-2.1.0-py3-none-any.whl.metadata (4.0 kB)
[2026-06-30T10:01:54.311Z] Requirement already satisfied: pyOpenSSL>=17.1.0 in /opt/stack/data/venv/lib/python3.12/site-packages (from python-glanceclient>=3.2.2->cinder==28.1.0.dev150) (24.2.1)
[2026-06-30T10:01:54.311Z] Requirement already satisfied: markdown-it-py>=2.2.0 in /opt/stack/data/venv/lib/python3.12/site-packages (from rich>=15.0.0->cmd2>=3.0.0->cliff>=2.8.0->python-barbicanclient>=5.0.1->cinder==28.1.0.dev150) (4.2.0)
[2026-06-30T10:01:54.311Z] Requirement already satisfied: pygments<3.0.0,>=2.13.0 in /opt/stack/data/venv/lib/python3.12/site-packages (from rich>=15.0.0->cmd2>=3.0.0->cliff>=2.8.0->python-barbicanclient>=5.0.1->cinder==28.1.0.dev150) (2.20.0)
[2026-06-30T10:01:54.311Z] Requirement already satisfied: mdurl~=0.1 in /usr/lib/python3/dist-packages (from markdown-it-py>=2.2.0->rich>=15.0.0->cmd2>=3.0.0->cliff>=2.8.0->python-barbicanclient>=5.0.1->cinder==28.1.0.dev150) (0.1.2)
[2026-06-30T10:01:54.577Z] Requirement already satisfied: repoze.lru>=0.3 in /opt/stack/data/venv/lib/python3.12/site-packages (from Routes>=2.4.1->cinder==28.1.0.dev150) (0.8)
[2026-06-30T10:01:54.577Z] Collecting pyudev~=0.18 (from rtslib-fb>=2.1.74->cinder==28.1.0.dev150)
[2026-06-30T10:01:54.577Z]   Downloading pyudev-0.24.4-py3-none-any.whl.metadata (4.4 kB)
[2026-06-30T10:01:54.577Z] Requirement already satisfied: networkx>=2.1.0 in /opt/stack/data/venv/lib/python3.12/site-packages (from taskflow>=4.5.0->cinder==28.1.0.dev150) (3.6.1)
[2026-06-30T10:01:54.577Z] Requirement already satisfied: automaton>=1.9.0 in /opt/stack/data/venv/lib/python3.12/site-packages (from taskflow>=4.5.0->cinder==28.1.0.dev150) (3.4.0)
[2026-06-30T10:01:54.577Z] Requirement already satisfied: pydot>=1.2.4 in /opt/stack/data/venv/lib/python3.12/site-packages (from taskflow>=4.5.0->cinder==28.1.0.dev150) (4.0.1)
[2026-06-30T10:01:54.577Z] Collecting voluptuous>=0.8.9 (from tooz>=2.8.0->cinder==28.1.0.dev150)
[2026-06-30T10:01:54.841Z]   Downloading voluptuous-0.16.0-py3-none-any.whl.metadata (20 kB)
[2026-06-30T10:01:54.841Z] Requirement already satisfied: jsonpatch~=1.0 in /opt/stack/data/venv/lib/python3.12/site-packages (from warlock>=1.2.0->python-glanceclient>=3.2.2->cinder==28.1.0.dev150) (1.33)
[2026-06-30T10:01:54.841Z] Requirement already satisfied: jsonpointer>=1.9 in /opt/stack/data/venv/lib/python3.12/site-packages (from jsonpatch~=1.0->warlock>=1.2.0->python-glanceclient>=3.2.2->cinder==28.1.0.dev150) (3.1.1)
[2026-06-30T10:01:54.841Z] Downloading boto3-1.35.99-py3-none-any.whl (139 kB)
[2026-06-30T10:01:55.104Z] Downloading botocore-1.35.99-py3-none-any.whl (13.3 MB)
[2026-06-30T10:01:57.777Z]    ━━━━━━━━━━━━━━━━━━━━━━━━━━━━━━━━━━━━━━━━ 13.3/13.3 MB 6.4 MB/s  0:00:02
[2026-06-30T10:01:57.777Z] Downloading s3transfer-0.10.4-py3-none-any.whl (83 kB)
[2026-06-30T10:01:57.777Z] Downloading google_api_python_client-2.197.0-py3-none-any.whl (15.3 MB)
[2026-06-30T10:01:59.251Z]    ━━━━━━━━━━━━━━━━━━━━━━━━━━━━━━━━━━━━━━━━ 15.3/15.3 MB 8.3 MB/s  0:00:01
[2026-06-30T10:01:59.251Z] Downloading google_api_core-2.31.0-py3-none-any.whl (173 kB)
[2026-06-30T10:01:59.518Z] Downloading google_auth-2.55.0-py3-none-any.whl (252 kB)
[2026-06-30T10:01:59.787Z] Downloading google_auth_httplib2-0.4.0-py3-none-any.whl (9.5 kB)
[2026-06-30T10:01:59.787Z] Downloading googleapis_common_protos-1.75.0-py3-none-any.whl (300 kB)
[2026-06-30T10:02:00.051Z] Downloading proto_plus-1.28.0-py3-none-any.whl (50 kB)
[2026-06-30T10:02:00.051Z] Downloading protobuf-6.33.6-cp39-abi3-manylinux2014_x86_64.whl (323 kB)
[2026-06-30T10:02:00.051Z] Downloading uritemplate-4.2.0-py3-none-any.whl (11 kB)
[2026-06-30T10:02:00.051Z] Downloading lxml-6.1.1-cp312-cp312-manylinux_2_26_x86_64.manylinux_2_28_x86_64.whl (5.2 MB)
[2026-06-30T10:02:00.658Z]    ━━━━━━━━━━━━━━━━━━━━━━━━━━━━━━━━━━━━━━━━ 5.2/5.2 MB 8.3 MB/s  0:00:00
[2026-06-30T10:02:00.658Z] Downloading cotyledon-2.2.0-py3-none-any.whl (28 kB)
[2026-06-30T10:02:00.921Z] Downloading oslo_versionedobjects-3.10.2-py3-none-any.whl (99 kB)
[2026-06-30T10:02:00.921Z] Downloading oslo_vmware-4.9.0-py3-none-any.whl (624 kB)
[2026-06-30T10:02:00.921Z]    ━━━━━━━━━━━━━━━━━━━━━━━━━━━━━━━━━━━━━━━━ 624.2/624.2 kB 8.4 MB/s  0:00:00
[2026-06-30T10:02:00.921Z] Downloading paramiko-4.0.0-py3-none-any.whl (223 kB)
[2026-06-30T10:02:00.921Z] Downloading invoke-3.0.3-py3-none-any.whl (160 kB)
[2026-06-30T10:02:01.187Z] Downloading pyasn1_modules-0.4.2-py3-none-any.whl (181 kB)
[2026-06-30T10:02:01.187Z] Downloading pyasn1-0.6.3-py3-none-any.whl (83 kB)
[2026-06-30T10:02:01.187Z] Downloading pynacl-1.6.2-cp38-abi3-manylinux_2_34_x86_64.whl (1.4 MB)
[2026-06-30T10:02:01.448Z]    ━━━━━━━━━━━━━━━━━━━━━━━━━━━━━━━━━━━━━━━━ 1.4/1.4 MB 6.8 MB/s  0:00:00
[2026-06-30T10:02:01.448Z] Downloading python_glanceclient-4.12.0-py3-none-any.whl (202 kB)
[2026-06-30T10:02:01.449Z] Downloading python_novaclient-18.13.0-py3-none-any.whl (336 kB)
[2026-06-30T10:02:01.449Z] Downloading python_swiftclient-4.10.0-py3-none-any.whl (88 kB)
[2026-06-30T10:02:01.710Z] Downloading rtslib_fb-2.2.4-py3-none-any.whl (92 kB)
[2026-06-30T10:02:01.710Z] Downloading pyudev-0.24.4-py3-none-any.whl (62 kB)
[2026-06-30T10:02:01.710Z] Downloading suds_community-1.2.0-py3-none-any.whl (145 kB)
[2026-06-30T10:02:01.710Z] Downloading tabulate-0.10.0-py3-none-any.whl (39 kB)
[2026-06-30T10:02:01.710Z] Downloading tooz-8.1.0-py3-none-any.whl (92 kB)
[2026-06-30T10:02:01.710Z] Downloading voluptuous-0.16.0-py3-none-any.whl (31 kB)
[2026-06-30T10:02:01.710Z] Downloading warlock-2.1.0-py3-none-any.whl (10 kB)
[2026-06-30T10:02:01.973Z] Downloading zstd-1.5.7.3-cp312-cp312-manylinux_2_17_x86_64.manylinux2014_x86_64.manylinux_2_28_x86_64.whl (2.2 MB)
[2026-06-30T10:02:02.241Z]    ━━━━━━━━━━━━━━━━━━━━━━━━━━━━━━━━━━━━━━━━ 2.2/2.2 MB 9.1 MB/s  0:00:00
[2026-06-30T10:02:02.241Z] Downloading setproctitle-1.3.7-cp312-cp312-manylinux1_x86_64.manylinux_2_28_x86_64.manylinux_2_5_x86_64.whl (32 kB)
[2026-06-30T10:02:02.503Z] Building wheels for collected packages: cinder
[2026-06-30T10:02:02.503Z]   Building editable for cinder (pyproject.toml): started
[2026-06-30T10:02:05.055Z]   Building editable for cinder (pyproject.toml): finished with status 'done'
[2026-06-30T10:02:05.055Z]   Created wheel for cinder: filename=cinder-28.1.0.dev150-0.editable-py3-none-any.whl size=9196 sha256=7c4a843c9c1da7ca89585c29125e7695c03a24af353eb56f6404fda8221d4544
[2026-06-30T10:02:05.055Z]   Stored in directory: /tmp/pip-ephem-wheel-cache-4p1w1z57/wheels/0f/5b/25/75b4581977dff7afefb19bb31542a98ba75eafb8d1b2a69ccb
[2026-06-30T10:02:05.055Z] Successfully built cinder
[2026-06-30T10:02:05.324Z] Installing collected packages: zstd, voluptuous, uritemplate, tabulate, suds-community, setproctitle, pyudev, pyasn1, protobuf, lxml, invoke, rtslib-fb, python-swiftclient, pynacl, pyasn1-modules, proto-plus, googleapis-common-protos, cotyledon, botocore, s3transfer, paramiko, google-auth, warlock, google-auth-httplib2, google-api-core, boto3, tooz, python-novaclient, python-glanceclient, google-api-python-client, oslo.vmware, oslo.versionedobjects, cinder
[2026-06-30T10:02:05.587Z]   Attempting uninstall: pyudev
[2026-06-30T10:02:05.587Z]     Found existing installation: pyudev 0.24.0
[2026-06-30T10:02:05.587Z]     Not uninstalling pyudev at /usr/lib/python3/dist-packages, outside environment /opt/stack/data/venv
[2026-06-30T10:02:05.587Z]     Can't uninstall 'pyudev'. No files were found to uninstall.
[2026-06-30T10:02:05.851Z]   Attempting uninstall: pyasn1
[2026-06-30T10:02:05.851Z]     Found existing installation: pyasn1 0.4.8
[2026-06-30T10:02:05.851Z]     Not uninstalling pyasn1 at /usr/lib/python3/dist-packages, outside environment /opt/stack/data/venv
[2026-06-30T10:02:05.851Z]     Can't uninstall 'pyasn1'. No files were found to uninstall.
[2026-06-30T10:02:06.114Z]   Attempting uninstall: lxml
[2026-06-30T10:02:06.114Z]     Found existing installation: lxml 5.2.1
[2026-06-30T10:02:06.114Z]     Not uninstalling lxml at /usr/lib/python3/dist-packages, outside environment /opt/stack/data/venv
[2026-06-30T10:02:06.114Z]     Can't uninstall 'lxml'. No files were found to uninstall.
[2026-06-30T10:02:06.709Z]   Attempting uninstall: pynacl
[2026-06-30T10:02:06.709Z]     Found existing installation: PyNaCl 1.5.0
[2026-06-30T10:02:06.709Z]     Not uninstalling pynacl at /usr/lib/python3/dist-packages, outside environment /opt/stack/data/venv
[2026-06-30T10:02:06.709Z]     Can't uninstall 'PyNaCl'. No files were found to uninstall.
[2026-06-30T10:02:07.284Z]   Attempting uninstall: botocore
[2026-06-30T10:02:07.284Z]     Found existing installation: botocore 1.34.46
[2026-06-30T10:02:07.284Z]     Not uninstalling botocore at /usr/lib/python3/dist-packages, outside environment /opt/stack/data/venv
[2026-06-30T10:02:07.284Z]     Can't uninstall 'botocore'. No files were found to uninstall.
[2026-06-30T10:02:08.672Z]   Attempting uninstall: s3transfer
[2026-06-30T10:02:08.672Z]     Found existing installation: s3transfer 0.10.1
[2026-06-30T10:02:08.672Z]     Not uninstalling s3transfer at /usr/lib/python3/dist-packages, outside environment /opt/stack/data/venv
[2026-06-30T10:02:08.672Z]     Can't uninstall 's3transfer'. No files were found to uninstall.
[2026-06-30T10:02:08.672Z]   Attempting uninstall: paramiko
[2026-06-30T10:02:08.672Z]     Found existing installation: paramiko 2.12.0
[2026-06-30T10:02:08.672Z]     Not uninstalling paramiko at /usr/lib/python3/dist-packages, outside environment /opt/stack/data/venv
[2026-06-30T10:02:08.672Z]     Can't uninstall 'paramiko'. No files were found to uninstall.
[2026-06-30T10:02:09.251Z]   Attempting uninstall: boto3
[2026-06-30T10:02:09.251Z]     Found existing installation: boto3 1.34.46
[2026-06-30T10:02:09.251Z]     Not uninstalling boto3 at /usr/lib/python3/dist-packages, outside environment /opt/stack/data/venv
[2026-06-30T10:02:09.251Z]     Can't uninstall 'boto3'. No files were found to uninstall.
[2026-06-30T10:02:11.809Z] 
[2026-06-30T10:02:11.809Z] Successfully installed boto3-1.35.99 botocore-1.35.99 cinder-28.1.0.dev150 cotyledon-2.2.0 google-api-core-2.31.0 google-api-python-client-2.197.0 google-auth-2.55.0 google-auth-httplib2-0.4.0 googleapis-common-protos-1.75.0 invoke-3.0.3 lxml-6.1.1 oslo.versionedobjects-3.10.2 oslo.vmware-4.9.0 paramiko-4.0.0 proto-plus-1.28.0 protobuf-6.33.6 pyasn1-0.6.3 pyasn1-modules-0.4.2 pynacl-1.6.2 python-glanceclient-4.12.0 python-novaclient-18.13.0 python-swiftclient-4.10.0 pyudev-0.24.4 rtslib-fb-2.2.4 s3transfer-0.10.4 setproctitle-1.3.7 suds-community-1.2.0 tabulate-0.10.0 tooz-8.1.0 uritemplate-4.2.0 voluptuous-0.16.0 warlock-2.1.0 zstd-1.5.7.3
[2026-06-30T10:02:11.809Z] +[38;5;242minc/python:pip_install:216               (B[m result=0
[2026-06-30T10:02:12.076Z] +[38;5;242minc/python:pip_install:218               (B[m time_stop pip_install
[2026-06-30T10:02:12.076Z] +[38;5;242mfunctions-common:time_stop:2420          (B[m local name
[2026-06-30T10:02:12.076Z] +[38;5;242mfunctions-common:time_stop:2421          (B[m local end_time
[2026-06-30T10:02:12.076Z] +[38;5;242mfunctions-common:time_stop:2422          (B[m local elapsed_time
[2026-06-30T10:02:12.076Z] +[38;5;242mfunctions-common:time_stop:2423          (B[m local total
[2026-06-30T10:02:12.076Z] +[38;5;242mfunctions-common:time_stop:2424          (B[m local start_time
[2026-06-30T10:02:12.076Z] +[38;5;242mfunctions-common:time_stop:2426          (B[m name=pip_install
[2026-06-30T10:02:12.076Z] +[38;5;242mfunctions-common:time_stop:2427          (B[m start_time=1782813709168
[2026-06-30T10:02:12.076Z] +[38;5;242mfunctions-common:time_stop:2429          (B[m [[ -z 1782813709168 ]]
[2026-06-30T10:02:12.339Z] ++[38;5;242mfunctions-common:time_stop:2432          (B[m date +%s%3N
[2026-06-30T10:02:12.339Z] +[38;5;242mfunctions-common:time_stop:2432          (B[m end_time=1782813740495
[2026-06-30T10:02:12.339Z] +[38;5;242mfunctions-common:time_stop:2433          (B[m elapsed_time=31327
[2026-06-30T10:02:12.339Z] +[38;5;242mfunctions-common:time_stop:2434          (B[m total=133194
[2026-06-30T10:02:12.339Z] +[38;5;242mfunctions-common:time_stop:2436          (B[m _TIME_START[$name]=
[2026-06-30T10:02:12.339Z] +[38;5;242mfunctions-common:time_stop:2437          (B[m _TIME_TOTAL[$name]=164521
[2026-06-30T10:02:12.339Z] +[38;5;242minc/python:pip_install:219               (B[m return 0
[2026-06-30T10:02:12.339Z] +[38;5;242minc/python:setup_package:466             (B[m [[ -e == \-\e ]]
[2026-06-30T10:02:12.339Z] +[38;5;242minc/python:setup_package:466             (B[m [[ True == \F\a\l\s\e ]]
[2026-06-30T10:02:12.603Z] +[38;5;242minc/python:_setup_package_with_constraints_edit:412 (B[m use_library_from_git /opt/stack/cinder
[2026-06-30T10:02:12.603Z] +[38;5;242minc/python:use_library_from_git:266      (B[m local name=/opt/stack/cinder
[2026-06-30T10:02:12.603Z] +[38;5;242minc/python:use_library_from_git:267      (B[m local enabled=1
[2026-06-30T10:02:12.603Z] +[38;5;242minc/python:use_library_from_git:268      (B[m [[ '' = \A\L\L ]]
[2026-06-30T10:02:12.603Z] +[38;5;242minc/python:use_library_from_git:268      (B[m [[ ,, =~ ,/opt/stack/cinder, ]]
[2026-06-30T10:02:12.603Z] +[38;5;242minc/python:use_library_from_git:269      (B[m return 1
[2026-06-30T10:02:12.603Z] +[38;5;242mlib/cinder:install_cinder:527            (B[m [[ lioadm == \t\g\t\a\d\m ]]
[2026-06-30T10:02:12.603Z] +[38;5;242mlib/cinder:install_cinder:529            (B[m [[ lioadm == \l\i\o\a\d\m ]]
[2026-06-30T10:02:12.603Z] +[38;5;242mlib/cinder:install_cinder:530            (B[m is_ubuntu
[2026-06-30T10:02:12.867Z] +[38;5;242mfunctions-common:is_ubuntu:546           (B[m [[ -z deb ]]
[2026-06-30T10:02:12.867Z] +[38;5;242mfunctions-common:is_ubuntu:549           (B[m '[' deb = deb ']'
[2026-06-30T10:02:12.867Z] +[38;5;242mlib/cinder:install_cinder:532            (B[m sudo mkdir -p /etc/target
[2026-06-30T10:02:12.867Z] +[38;5;242mlib/cinder:install_cinder:534            (B[m install_package targetcli-fb
[2026-06-30T10:02:12.867Z] +[38;5;242mfunctions-common:install_package:1438    (B[m update_package_repo
[2026-06-30T10:02:12.867Z] +[38;5;242mfunctions-common:update_package_repo:1412 (B[m NO_UPDATE_REPOS=False
[2026-06-30T10:02:13.139Z] +[38;5;242mfunctions-common:update_package_repo:1413 (B[m REPOS_UPDATED=True
[2026-06-30T10:02:13.139Z] +[38;5;242mfunctions-common:update_package_repo:1414 (B[m RETRY_UPDATE=False
[2026-06-30T10:02:13.139Z] +[38;5;242mfunctions-common:update_package_repo:1416 (B[m [[ False = \T\r\u\e ]]
[2026-06-30T10:02:13.139Z] +[38;5;242mfunctions-common:update_package_repo:1420 (B[m is_ubuntu
[2026-06-30T10:02:13.139Z] +[38;5;242mfunctions-common:is_ubuntu:546           (B[m [[ -z deb ]]
[2026-06-30T10:02:13.139Z] +[38;5;242mfunctions-common:is_ubuntu:549           (B[m '[' deb = deb ']'
[2026-06-30T10:02:13.139Z] +[38;5;242mfunctions-common:update_package_repo:1421 (B[m apt_get_update
[2026-06-30T10:02:13.139Z] +[38;5;242mfunctions-common:apt_get_update:1166     (B[m [[ True == \T\r\u\e ]]
[2026-06-30T10:02:13.139Z] +[38;5;242mfunctions-common:apt_get_update:1166     (B[m [[ False != \T\r\u\e ]]
[2026-06-30T10:02:13.407Z] +[38;5;242mfunctions-common:apt_get_update:1167     (B[m return
[2026-06-30T10:02:13.407Z] +[38;5;242mfunctions-common:install_package:1439    (B[m real_install_package targetcli-fb
[2026-06-30T10:02:13.407Z] +[38;5;242mfunctions-common:real_install_package:1426 (B[m is_ubuntu
[2026-06-30T10:02:13.407Z] +[38;5;242mfunctions-common:is_ubuntu:546           (B[m [[ -z deb ]]
[2026-06-30T10:02:13.407Z] +[38;5;242mfunctions-common:is_ubuntu:549           (B[m '[' deb = deb ']'
[2026-06-30T10:02:13.407Z] +[38;5;242mfunctions-common:real_install_package:1427 (B[m apt_get install targetcli-fb
[2026-06-30T10:02:13.671Z] +[38;5;242mfunctions-common:apt_get:1207            (B[m sudo DEBIAN_FRONTEND=noninteractive http_proxy=http://proxy-in.its.hpecorp.net:80 https_proxy=http://proxy-in.its.hpecorp.net:443 no_proxy=10.201.5.87,10.201.4.29,10.201.3.85,10.201.3.86,localhost,127.0.0.1,10.201.4.31,10.201.4.32,10.201.4.33,10.201.4.34,10.201.1.221,172.28.65.17,172.28.65.18,172.28.65.207,172.28.65.208 apt-get --option Dpkg::Options::=--force-confold --assume-yes install targetcli-fb
[2026-06-30T10:02:13.671Z] Reading package lists...
[2026-06-30T10:02:14.248Z] Building dependency tree...
[2026-06-30T10:02:14.248Z] Reading state information...
[2026-06-30T10:02:14.832Z] targetcli-fb is already the newest version (1:2.1.53-1ubuntu3).
[2026-06-30T10:02:14.832Z] 0 upgraded, 0 newly installed, 0 to remove and 67 not upgraded.
[2026-06-30T10:02:14.832Z] +[38;5;242mfunctions-common:apt_get:1211            (B[m result=0
[2026-06-30T10:02:14.832Z] +[38;5;242mfunctions-common:apt_get:1214            (B[m time_stop apt-get
[2026-06-30T10:02:14.832Z] +[38;5;242mfunctions-common:time_stop:2420          (B[m local name
[2026-06-30T10:02:14.832Z] +[38;5;242mfunctions-common:time_stop:2421          (B[m local end_time
[2026-06-30T10:02:14.832Z] +[38;5;242mfunctions-common:time_stop:2422          (B[m local elapsed_time
[2026-06-30T10:02:14.832Z] +[38;5;242mfunctions-common:time_stop:2423          (B[m local total
[2026-06-30T10:02:14.832Z] +[38;5;242mfunctions-common:time_stop:2424          (B[m local start_time
[2026-06-30T10:02:14.832Z] +[38;5;242mfunctions-common:time_stop:2426          (B[m name=apt-get
[2026-06-30T10:02:14.832Z] +[38;5;242mfunctions-common:time_stop:2427          (B[m start_time=1782813741879
[2026-06-30T10:02:15.095Z] +[38;5;242mfunctions-common:time_stop:2429          (B[m [[ -z 1782813741879 ]]
[2026-06-30T10:02:15.095Z] ++[38;5;242mfunctions-common:time_stop:2432          (B[m date +%s%3N
[2026-06-30T10:02:15.095Z] +[38;5;242mfunctions-common:time_stop:2432          (B[m end_time=1782813743289
[2026-06-30T10:02:15.095Z] +[38;5;242mfunctions-common:time_stop:2433          (B[m elapsed_time=1410
[2026-06-30T10:02:15.095Z] +[38;5;242mfunctions-common:time_stop:2434          (B[m total=91560
[2026-06-30T10:02:15.095Z] +[38;5;242mfunctions-common:time_stop:2436          (B[m _TIME_START[$name]=
[2026-06-30T10:02:15.095Z] +[38;5;242mfunctions-common:time_stop:2437          (B[m _TIME_TOTAL[$name]=92970
[2026-06-30T10:02:15.095Z] +[38;5;242mfunctions-common:apt_get:1215            (B[m return 0
[2026-06-30T10:02:15.366Z] +[38;5;242mlib/stack:stack_install_service:33       (B[m [[ False = True ]]
[2026-06-30T10:02:15.366Z] +[38;5;242m./stack.sh:main:948                      (B[m configure_cinder
[2026-06-30T10:02:15.366Z] +[38;5;242mlib/cinder:configure_cinder:295          (B[m sudo install -d -o stack -m 755 /etc/cinder
[2026-06-30T10:02:15.366Z] +[38;5;242mlib/cinder:configure_cinder:297          (B[m rm -f /etc/cinder/cinder.conf
[2026-06-30T10:02:15.366Z] +[38;5;242mlib/cinder:configure_cinder:299          (B[m configure_rootwrap cinder
[2026-06-30T10:02:15.366Z] +[38;5;242minc/rootwrap:configure_rootwrap:43       (B[m local project=cinder
[2026-06-30T10:02:15.366Z] +[38;5;242minc/rootwrap:configure_rootwrap:44       (B[m local project_uc
[2026-06-30T10:02:15.631Z] ++[38;5;242minc/rootwrap:configure_rootwrap:45       (B[m tr a-z A-Z
[2026-06-30T10:02:15.631Z] ++[38;5;242minc/rootwrap:configure_rootwrap:45       (B[m echo cinder
[2026-06-30T10:02:15.631Z] +[38;5;242minc/rootwrap:configure_rootwrap:45       (B[m project_uc=CINDER
[2026-06-30T10:02:15.631Z] +[38;5;242minc/rootwrap:configure_rootwrap:46       (B[m local bin_dir=CINDER_BIN_DIR
[2026-06-30T10:02:15.631Z] +[38;5;242minc/rootwrap:configure_rootwrap:47       (B[m bin_dir=/opt/stack/data/venv/bin
[2026-06-30T10:02:15.631Z] +[38;5;242minc/rootwrap:configure_rootwrap:48       (B[m local project_dir=CINDER_DIR
[2026-06-30T10:02:15.631Z] +[38;5;242minc/rootwrap:configure_rootwrap:49       (B[m project_dir=/opt/stack/cinder
[2026-06-30T10:02:15.631Z] +[38;5;242minc/rootwrap:configure_rootwrap:51       (B[m local rootwrap_conf_src_dir=/opt/stack/cinder/etc/cinder
[2026-06-30T10:02:15.631Z] +[38;5;242minc/rootwrap:configure_rootwrap:52       (B[m local rootwrap_bin=/opt/stack/data/venv/bin/cinder-rootwrap
[2026-06-30T10:02:15.631Z] +[38;5;242minc/rootwrap:configure_rootwrap:55       (B[m sudo rm -rf /etc/cinder/rootwrap.d
[2026-06-30T10:02:15.899Z] +[38;5;242minc/rootwrap:configure_rootwrap:56       (B[m sudo install -d -o root -g root -m 755 /etc/cinder/rootwrap.d
[2026-06-30T10:02:15.899Z] +[38;5;242minc/rootwrap:configure_rootwrap:57       (B[m sudo install -o root -g root -m 644 /opt/stack/cinder/etc/cinder/rootwrap.d/volume.filters /etc/cinder/rootwrap.d
[2026-06-30T10:02:15.899Z] +[38;5;242minc/rootwrap:configure_rootwrap:60       (B[m sudo install -o root -g root -m 644 /opt/stack/cinder/etc/cinder/rootwrap.conf /etc/cinder/rootwrap.conf
[2026-06-30T10:02:15.899Z] +[38;5;242minc/rootwrap:configure_rootwrap:61       (B[m sudo sed -e 's:^filters_path=.*$:filters_path=/etc/cinder/rootwrap.d:' -i /etc/cinder/rootwrap.conf
[2026-06-30T10:02:16.186Z] +[38;5;242minc/rootwrap:configure_rootwrap:66       (B[m sudo sed -e 's/^exec_dirs=.*/#&/' -i /etc/cinder/rootwrap.conf
[2026-06-30T10:02:16.186Z] +[38;5;242minc/rootwrap:configure_rootwrap:69       (B[m local tempfile
[2026-06-30T10:02:16.186Z] ++[38;5;242minc/rootwrap:configure_rootwrap:70       (B[m mktemp
[2026-06-30T10:02:16.186Z] +[38;5;242minc/rootwrap:configure_rootwrap:70       (B[m tempfile=/tmp/tmp.xOhOFEP8y2
[2026-06-30T10:02:16.186Z] +[38;5;242minc/rootwrap:configure_rootwrap:72       (B[m rootwrap_sudo_cmd='/opt/stack/data/venv/bin/cinder-rootwrap /etc/cinder/rootwrap.conf *'
[2026-06-30T10:02:16.186Z] +[38;5;242minc/rootwrap:configure_rootwrap:73       (B[m echo 'stack ALL=(root) NOPASSWD: /opt/stack/data/venv/bin/cinder-rootwrap /etc/cinder/rootwrap.conf *'
[2026-06-30T10:02:16.450Z] +[38;5;242minc/rootwrap:configure_rootwrap:74       (B[m '[' -f /opt/stack/data/venv/bin/cinder-rootwrap-daemon ']'
[2026-06-30T10:02:16.450Z] +[38;5;242minc/rootwrap:configure_rootwrap:79       (B[m chmod 0440 /tmp/tmp.xOhOFEP8y2
[2026-06-30T10:02:16.450Z] +[38;5;242minc/rootwrap:configure_rootwrap:80       (B[m sudo chown root:root /tmp/tmp.xOhOFEP8y2
[2026-06-30T10:02:16.450Z] +[38;5;242minc/rootwrap:configure_rootwrap:81       (B[m sudo mv /tmp/tmp.xOhOFEP8y2 /etc/sudoers.d/cinder-rootwrap
[2026-06-30T10:02:16.450Z] ++[38;5;242minc/rootwrap:configure_rootwrap:85       (B[m dirname /opt/stack/data/venv/bin/cinder-rootwrap
[2026-06-30T10:02:16.717Z] +[38;5;242minc/rootwrap:configure_rootwrap:85       (B[m add_sudo_secure_path /opt/stack/data/venv/bin
[2026-06-30T10:02:16.717Z] +[38;5;242minc/rootwrap:add_sudo_secure_path:21     (B[m local dir=/opt/stack/data/venv/bin
[2026-06-30T10:02:16.717Z] +[38;5;242minc/rootwrap:add_sudo_secure_path:22     (B[m local line
[2026-06-30T10:02:16.717Z] +[38;5;242minc/rootwrap:add_sudo_secure_path:25     (B[m [[ -r /etc/sudoers.d/zz-secure-path ]]
[2026-06-30T10:02:16.717Z] +[38;5;242minc/rootwrap:add_sudo_secure_path:28     (B[m line='Defaults:stack secure_path=/usr/local/sbin:/usr/local/bin:/usr/sbin:/sbin:/usr/bin:/bin'
[2026-06-30T10:02:16.717Z] +[38;5;242minc/rootwrap:add_sudo_secure_path:32     (B[m [[ ! Defaults:stack secure_path=/usr/local/sbin:/usr/local/bin:/usr/sbin:/sbin:/usr/bin:/bin =~ /opt/stack/data/venv/bin ]]
[2026-06-30T10:02:16.717Z] +[38;5;242minc/rootwrap:add_sudo_secure_path:33     (B[m echo 'Defaults:stack secure_path=/usr/local/sbin:/usr/local/bin:/usr/sbin:/sbin:/usr/bin:/bin:/opt/stack/data/venv/bin'
[2026-06-30T10:02:16.717Z] +[38;5;242minc/rootwrap:add_sudo_secure_path:33     (B[m sudo tee /etc/sudoers.d/zz-secure-path
[2026-06-30T10:02:16.717Z] Defaults:stack secure_path=/usr/local/sbin:/usr/local/bin:/usr/sbin:/sbin:/usr/bin:/bin:/opt/stack/data/venv/bin
[2026-06-30T10:02:16.717Z] +[38;5;242minc/rootwrap:add_sudo_secure_path:34     (B[m sudo chmod 400 /etc/sudoers.d/zz-secure-path
[2026-06-30T10:02:16.982Z] +[38;5;242minc/rootwrap:add_sudo_secure_path:35     (B[m sudo chown root:root /etc/sudoers.d/zz-secure-path
[2026-06-30T10:02:16.982Z] +[38;5;242mlib/cinder:configure_cinder:301          (B[m [[ -f /opt/stack/cinder/etc/cinder/resource_filters.json ]]
[2026-06-30T10:02:16.982Z] +[38;5;242mlib/cinder:configure_cinder:302          (B[m cp -p /opt/stack/cinder/etc/cinder/resource_filters.json /etc/cinder/resource_filters.json
[2026-06-30T10:02:16.982Z] +[38;5;242mlib/cinder:configure_cinder:305          (B[m cp /opt/stack/cinder/etc/cinder/api-paste.ini /etc/cinder/api-paste.ini
[2026-06-30T10:02:16.982Z] +[38;5;242mlib/cinder:configure_cinder:307          (B[m configure_keystone_authtoken_middleware /etc/cinder/cinder.conf cinder
[2026-06-30T10:02:16.982Z] +[38;5;242mlib/keystone:configure_keystone_authtoken_middleware:413 (B[m local conf_file=/etc/cinder/cinder.conf
[2026-06-30T10:02:17.248Z] +[38;5;242mlib/keystone:configure_keystone_authtoken_middleware:414 (B[m local admin_user=cinder
[2026-06-30T10:02:17.248Z] +[38;5;242mlib/keystone:configure_keystone_authtoken_middleware:415 (B[m local section=keystone_authtoken
[2026-06-30T10:02:17.248Z] +[38;5;242mlib/keystone:configure_keystone_authtoken_middleware:416 (B[m local service_type=
[2026-06-30T10:02:17.248Z] +[38;5;242mlib/keystone:configure_keystone_authtoken_middleware:418 (B[m configure_keystoneauth /etc/cinder/cinder.conf cinder keystone_authtoken
[2026-06-30T10:02:17.248Z] +[38;5;242mlib/keystone:configure_keystoneauth:391  (B[m local conf_file=/etc/cinder/cinder.conf
[2026-06-30T10:02:17.248Z] +[38;5;242mlib/keystone:configure_keystoneauth:392  (B[m local admin_user=cinder
[2026-06-30T10:02:17.248Z] +[38;5;242mlib/keystone:configure_keystoneauth:393  (B[m local section=keystone_authtoken
[2026-06-30T10:02:17.248Z] +[38;5;242mlib/keystone:configure_keystoneauth:395  (B[m iniset /etc/cinder/cinder.conf keystone_authtoken auth_type password
[2026-06-30T10:02:17.513Z] +[38;5;242mlib/keystone:configure_keystoneauth:396  (B[m iniset /etc/cinder/cinder.conf keystone_authtoken interface public
[2026-06-30T10:02:17.785Z] +[38;5;242mlib/keystone:configure_keystoneauth:397  (B[m iniset /etc/cinder/cinder.conf keystone_authtoken auth_url http://10.132.239.110/identity
[2026-06-30T10:02:18.053Z] +[38;5;242mlib/keystone:configure_keystoneauth:398  (B[m iniset /etc/cinder/cinder.conf keystone_authtoken username cinder
[2026-06-30T10:02:18.320Z] +[38;5;242mlib/keystone:configure_keystoneauth:399  (B[m iniset /etc/cinder/cinder.conf keystone_authtoken password hpinvent
[2026-06-30T10:02:18.320Z] +[38;5;242mlib/keystone:configure_keystoneauth:400  (B[m iniset /etc/cinder/cinder.conf keystone_authtoken user_domain_name Default
[2026-06-30T10:02:18.590Z] +[38;5;242mlib/keystone:configure_keystoneauth:401  (B[m iniset /etc/cinder/cinder.conf keystone_authtoken project_name service
[2026-06-30T10:02:18.869Z] +[38;5;242mlib/keystone:configure_keystoneauth:402  (B[m iniset /etc/cinder/cinder.conf keystone_authtoken project_domain_name Default
[2026-06-30T10:02:19.166Z] +[38;5;242mlib/keystone:configure_keystone_authtoken_middleware:419 (B[m iniset /etc/cinder/cinder.conf keystone_authtoken www_authenticate_uri http://10.132.239.110/identity
[2026-06-30T10:02:19.166Z] +[38;5;242mlib/keystone:configure_keystone_authtoken_middleware:420 (B[m iniset /etc/cinder/cinder.conf keystone_authtoken cafile /opt/stack/data/ca-bundle.pem
[2026-06-30T10:02:19.430Z] +[38;5;242mlib/keystone:configure_keystone_authtoken_middleware:421 (B[m iniset /etc/cinder/cinder.conf keystone_authtoken memcached_servers localhost:11211
[2026-06-30T10:02:19.723Z] +[38;5;242mlib/keystone:configure_keystone_authtoken_middleware:422 (B[m [[ -n '' ]]
[2026-06-30T10:02:19.723Z] +[38;5;242mlib/cinder:configure_cinder:309          (B[m iniset /etc/cinder/cinder.conf DEFAULT debug True
[2026-06-30T10:02:19.991Z] +[38;5;242mlib/cinder:configure_cinder:311          (B[m iniset /etc/cinder/cinder.conf DEFAULT target_helper lioadm
[2026-06-30T10:02:20.267Z] ++[38;5;242mlib/cinder:configure_cinder:312          (B[m database_connection_url cinder
[2026-06-30T10:02:20.267Z] ++[38;5;242mlib/database:database_connection_url:134 (B[m local db=cinder
[2026-06-30T10:02:20.267Z] ++[38;5;242mlib/database:database_connection_url:135 (B[m database_connection_url_mysql cinder
[2026-06-30T10:02:20.267Z] ++[38;5;242mlib/databases/mysql:database_connection_url_mysql:251 (B[m local db=cinder
[2026-06-30T10:02:20.267Z] ++[38;5;242mlib/databases/mysql:database_connection_url_mysql:252 (B[m local plugin
[2026-06-30T10:02:20.267Z] ++[38;5;242mlib/databases/mysql:database_connection_url_mysql:256 (B[m [[ True == \T\r\u\e ]]
[2026-06-30T10:02:20.267Z] ++[38;5;242mlib/databases/mysql:database_connection_url_mysql:257 (B[m is_service_enabled mysql
[2026-06-30T10:02:20.537Z] ++[38;5;242mfunctions-common:is_service_enabled:2076 (B[m return 0
[2026-06-30T10:02:20.537Z] ++[38;5;242mlib/databases/mysql:database_connection_url_mysql:258 (B[m plugin='&plugin=dbcounter'
[2026-06-30T10:02:20.537Z] ++[38;5;242mlib/databases/mysql:database_connection_url_mysql:262 (B[m echo 'mysql+pymysql://root:hpinvent@127.0.0.1/cinder?charset=utf8&plugin=dbcounter'
[2026-06-30T10:02:20.537Z] +[38;5;242mlib/cinder:configure_cinder:312          (B[m iniset /etc/cinder/cinder.conf database connection 'mysql+pymysql://root:hpinvent@127.0.0.1/cinder?charset=utf8&plugin=dbcounter'
[2026-06-30T10:02:20.804Z] +[38;5;242mlib/cinder:configure_cinder:313          (B[m iniset /etc/cinder/cinder.conf DEFAULT api_paste_config /etc/cinder/api-paste.ini
[2026-06-30T10:02:21.076Z] +[38;5;242mlib/cinder:configure_cinder:314          (B[m iniset /etc/cinder/cinder.conf DEFAULT rootwrap_config /etc/cinder/rootwrap.conf
[2026-06-30T10:02:21.353Z] +[38;5;242mlib/cinder:configure_cinder:315          (B[m iniset /etc/cinder/cinder.conf DEFAULT osapi_volume_extension cinder.api.contrib.standard_extensions
[2026-06-30T10:02:21.619Z] +[38;5;242mlib/cinder:configure_cinder:316          (B[m iniset /etc/cinder/cinder.conf DEFAULT state_path /opt/stack/data/cinder
[2026-06-30T10:02:21.619Z] +[38;5;242mlib/cinder:configure_cinder:317          (B[m iniset /etc/cinder/cinder.conf oslo_concurrency lock_path /opt/stack/data/cinder
[2026-06-30T10:02:21.897Z] +[38;5;242mlib/cinder:configure_cinder:318          (B[m iniset /etc/cinder/cinder.conf DEFAULT my_ip 10.132.239.110
[2026-06-30T10:02:22.178Z] +[38;5;242mlib/cinder:configure_cinder:319          (B[m iniset /etc/cinder/cinder.conf key_manager backend cinder.keymgr.conf_key_mgr.ConfKeyManager
[2026-06-30T10:02:22.455Z] ++[38;5;242mlib/cinder:configure_cinder:320          (B[m openssl rand -hex 16
[2026-06-30T10:02:22.455Z] +[38;5;242mlib/cinder:configure_cinder:320          (B[m iniset /etc/cinder/cinder.conf key_manager fixed_key 20c526fa8276a993d97030af6fe18f3f
[2026-06-30T10:02:22.730Z] +[38;5;242mlib/cinder:configure_cinder:321          (B[m [[ -n '' ]]
[2026-06-30T10:02:22.730Z] +[38;5;242mlib/cinder:configure_cinder:326          (B[m iniset /etc/cinder/cinder.conf DEFAULT quota_volumes 10
[2026-06-30T10:02:23.020Z] +[38;5;242mlib/cinder:configure_cinder:327          (B[m iniset /etc/cinder/cinder.conf DEFAULT quota_backups 10
[2026-06-30T10:02:23.300Z] +[38;5;242mlib/cinder:configure_cinder:328          (B[m iniset /etc/cinder/cinder.conf DEFAULT quota_snapshots 10
[2026-06-30T10:02:23.300Z] +[38;5;242mlib/cinder:configure_cinder:333          (B[m iniset /etc/cinder/cinder.conf DEFAULT rpc_response_timeout 120
[2026-06-30T10:02:23.571Z] +[38;5;242mlib/cinder:configure_cinder:335          (B[m iniset /etc/cinder/cinder.conf DEFAULT report_interval 120
[2026-06-30T10:02:23.850Z] +[38;5;242mlib/cinder:configure_cinder:336          (B[m iniset /etc/cinder/cinder.conf DEFAULT service_down_time 720
[2026-06-30T10:02:24.131Z] +[38;5;242mlib/cinder:configure_cinder:338          (B[m is_service_enabled c-vol
[2026-06-30T10:02:24.131Z] +[38;5;242mfunctions-common:is_service_enabled:2076 (B[m return 0
[2026-06-30T10:02:24.131Z] +[38;5;242mlib/cinder:configure_cinder:338          (B[m [[ -n lvm:lvmdriver-1 ]]
[2026-06-30T10:02:24.425Z] +[38;5;242mlib/cinder:configure_cinder:339          (B[m local enabled_backends=
[2026-06-30T10:02:24.425Z] +[38;5;242mlib/cinder:configure_cinder:340          (B[m local default_name=
[2026-06-30T10:02:24.425Z] +[38;5;242mlib/cinder:configure_cinder:341          (B[m local be be_name be_type
[2026-06-30T10:02:24.425Z] +[38;5;242mlib/cinder:configure_cinder:342          (B[m for be in ${CINDER_ENABLED_BACKENDS//,/ }
[2026-06-30T10:02:24.425Z] +[38;5;242mlib/cinder:configure_cinder:343          (B[m be_type=lvm
[2026-06-30T10:02:24.425Z] +[38;5;242mlib/cinder:configure_cinder:344          (B[m be_name=lvmdriver-1
[2026-06-30T10:02:24.425Z] +[38;5;242mlib/cinder:configure_cinder:345          (B[m type configure_cinder_backend_lvm
[2026-06-30T10:02:24.425Z] +[38;5;242mlib/cinder:configure_cinder:346          (B[m configure_cinder_backend_lvm lvmdriver-1
[2026-06-30T10:02:24.425Z] +[38;5;242mlib/cinder_backends/lvm:configure_cinder_backend_lvm:48 (B[m local be_name=lvmdriver-1
[2026-06-30T10:02:24.691Z] +[38;5;242mlib/cinder_backends/lvm:configure_cinder_backend_lvm:50 (B[m iniset /etc/cinder/cinder.conf lvmdriver-1 volume_backend_name lvmdriver-1
[2026-06-30T10:02:24.691Z] +[38;5;242mlib/cinder_backends/lvm:configure_cinder_backend_lvm:51 (B[m iniset /etc/cinder/cinder.conf lvmdriver-1 volume_driver cinder.volume.drivers.lvm.LVMVolumeDriver
[2026-06-30T10:02:24.966Z] +[38;5;242mlib/cinder_backends/lvm:configure_cinder_backend_lvm:52 (B[m iniset /etc/cinder/cinder.conf lvmdriver-1 volume_group stack-volumes-lvmdriver-1
[2026-06-30T10:02:25.247Z] +[38;5;242mlib/cinder_backends/lvm:configure_cinder_backend_lvm:53 (B[m iniset /etc/cinder/cinder.conf lvmdriver-1 target_helper lioadm
[2026-06-30T10:02:25.533Z] +[38;5;242mlib/cinder_backends/lvm:configure_cinder_backend_lvm:54 (B[m iniset /etc/cinder/cinder.conf lvmdriver-1 target_protocol iscsi
[2026-06-30T10:02:25.824Z] +[38;5;242mlib/cinder_backends/lvm:configure_cinder_backend_lvm:55 (B[m iniset /etc/cinder/cinder.conf lvmdriver-1 target_port 3260
[2026-06-30T10:02:25.824Z] +[38;5;242mlib/cinder_backends/lvm:configure_cinder_backend_lvm:56 (B[m iniset /etc/cinder/cinder.conf lvmdriver-1 target_prefix iqn.2010-10.org.openstack:
[2026-06-30T10:02:26.116Z] +[38;5;242mlib/cinder_backends/lvm:configure_cinder_backend_lvm:57 (B[m iniset /etc/cinder/cinder.conf lvmdriver-1 lvm_type auto
[2026-06-30T10:02:26.391Z] +[38;5;242mlib/cinder_backends/lvm:configure_cinder_backend_lvm:58 (B[m iniset /etc/cinder/cinder.conf lvmdriver-1 volume_clear zero
[2026-06-30T10:02:26.674Z] +[38;5;242mlib/cinder:configure_cinder:348          (B[m [[ -z '' ]]
[2026-06-30T10:02:26.674Z] +[38;5;242mlib/cinder:configure_cinder:349          (B[m default_name=lvmdriver-1
[2026-06-30T10:02:26.674Z] +[38;5;242mlib/cinder:configure_cinder:351          (B[m enabled_backends+=lvmdriver-1,
[2026-06-30T10:02:26.674Z] +[38;5;242mlib/cinder:configure_cinder:353          (B[m iniset /etc/cinder/cinder.conf DEFAULT enabled_backends lvmdriver-1
[2026-06-30T10:02:26.955Z] +[38;5;242mlib/cinder:configure_cinder:354          (B[m [[ -n lvmdriver-1 ]]
[2026-06-30T10:02:26.955Z] +[38;5;242mlib/cinder:configure_cinder:355          (B[m iniset /etc/cinder/cinder.conf DEFAULT default_volume_type lvmdriver-1
[2026-06-30T10:02:27.222Z] +[38;5;242mlib/cinder:configure_cinder:357          (B[m configure_cinder_image_volume_cache
[2026-06-30T10:02:27.222Z] +[38;5;242mlib/cinder:configure_cinder_image_volume_cache:716 (B[m for be in ${CINDER_CACHE_ENABLED_FOR_BACKENDS//,/ }
[2026-06-30T10:02:27.222Z] +[38;5;242mlib/cinder:configure_cinder_image_volume_cache:717 (B[m local be_name=lvmdriver-1
[2026-06-30T10:02:27.222Z] +[38;5;242mlib/cinder:configure_cinder_image_volume_cache:719 (B[m iniset /etc/cinder/cinder.conf lvmdriver-1 image_volume_cache_enabled True
[2026-06-30T10:02:27.488Z] +[38;5;242mlib/cinder:configure_cinder_image_volume_cache:721 (B[m [[ -n '' ]]
[2026-06-30T10:02:27.488Z] +[38;5;242mlib/cinder:configure_cinder_image_volume_cache:725 (B[m [[ -n '' ]]
[2026-06-30T10:02:27.488Z] +[38;5;242mlib/cinder:configure_cinder:362          (B[m [[ False == \T\r\u\e ]]
[2026-06-30T10:02:27.488Z] +[38;5;242mlib/cinder:configure_cinder:366          (B[m [[ lvmdriver-1, =~ ceph ]]
[2026-06-30T10:02:27.488Z] +[38;5;242mlib/cinder:configure_cinder:371          (B[m is_service_enabled c-bak
[2026-06-30T10:02:27.769Z] +[38;5;242mfunctions-common:is_service_enabled:2076 (B[m return 0
[2026-06-30T10:02:27.769Z] +[38;5;242mlib/cinder:configure_cinder:371          (B[m [[ -n swift ]]
[2026-06-30T10:02:27.769Z] +[38;5;242mlib/cinder:configure_cinder:372          (B[m type configure_cinder_backup_swift
[2026-06-30T10:02:27.769Z] +[38;5;242mlib/cinder:configure_cinder:373          (B[m configure_cinder_backup_swift
[2026-06-30T10:02:27.769Z] +[38;5;242mlib/cinder_backups/swift:configure_cinder_backup_swift:25 (B[m iniset /etc/cinder/cinder.conf DEFAULT backup_driver cinder.backup.drivers.swift.SwiftBackupDriver
[2026-06-30T10:02:28.039Z] +[38;5;242mlib/cinder_backups/swift:configure_cinder_backup_swift:26 (B[m iniset /etc/cinder/cinder.conf DEFAULT backup_swift_url http://10.132.239.110:8080/v1/AUTH_
[2026-06-30T10:02:28.316Z] +[38;5;242mlib/cinder_backups/swift:configure_cinder_backup_swift:27 (B[m is_service_enabled tls-proxy
[2026-06-30T10:02:28.594Z] +[38;5;242mfunctions-common:is_service_enabled:2076 (B[m return 1
[2026-06-30T10:02:28.594Z] +[38;5;242mlib/cinder:configure_cinder:379          (B[m is_service_enabled ceilometer
[2026-06-30T10:02:28.594Z] +[38;5;242mfunctions-common:is_service_enabled:2076 (B[m return 1
[2026-06-30T10:02:28.594Z] +[38;5;242mlib/cinder:configure_cinder:383          (B[m is_service_enabled tls-proxy
[2026-06-30T10:02:28.880Z] +[38;5;242mfunctions-common:is_service_enabled:2076 (B[m return 1
[2026-06-30T10:02:28.880Z] +[38;5;242mlib/cinder:configure_cinder:390          (B[m '[' False '!=' False ']'
[2026-06-30T10:02:28.880Z] +[38;5;242mlib/cinder:configure_cinder:394          (B[m iniset_rpc_backend cinder /etc/cinder/cinder.conf
[2026-06-30T10:02:28.880Z] +[38;5;242mlib/rpc_backend:iniset_rpc_backend:144   (B[m local package=cinder
[2026-06-30T10:02:28.880Z] +[38;5;242mlib/rpc_backend:iniset_rpc_backend:145   (B[m local file=/etc/cinder/cinder.conf
[2026-06-30T10:02:29.164Z] +[38;5;242mlib/rpc_backend:iniset_rpc_backend:146   (B[m local section=DEFAULT
[2026-06-30T10:02:29.164Z] +[38;5;242mlib/rpc_backend:iniset_rpc_backend:147   (B[m local virtual_host=
[2026-06-30T10:02:29.164Z] +[38;5;242mlib/rpc_backend:iniset_rpc_backend:148   (B[m is_service_enabled rabbit
[2026-06-30T10:02:29.164Z] +[38;5;242mfunctions-common:is_service_enabled:2076 (B[m return 0
[2026-06-30T10:02:29.164Z] ++[38;5;242mlib/rpc_backend:iniset_rpc_backend:149   (B[m get_transport_url ''
[2026-06-30T10:02:29.437Z] ++[38;5;242mlib/rpc_backend:get_transport_url:126    (B[m local virtual_host=
[2026-06-30T10:02:29.437Z] ++[38;5;242mlib/rpc_backend:get_transport_url:127    (B[m is_service_enabled rabbit
[2026-06-30T10:02:29.437Z] ++[38;5;242mfunctions-common:is_service_enabled:2076 (B[m return 0
[2026-06-30T10:02:29.437Z] ++[38;5;242mlib/rpc_backend:get_transport_url:128    (B[m echo rabbit://stackrabbit:hpinvent@10.132.239.110:5672/
[2026-06-30T10:02:29.437Z] +[38;5;242mlib/rpc_backend:iniset_rpc_backend:149   (B[m iniset /etc/cinder/cinder.conf DEFAULT transport_url rabbit://stackrabbit:hpinvent@10.132.239.110:5672/
[2026-06-30T10:02:29.707Z] +[38;5;242mlib/rpc_backend:iniset_rpc_backend:150   (B[m '[' -n '' ']'
[2026-06-30T10:02:29.707Z] +[38;5;242mlib/rpc_backend:iniset_rpc_backend:153   (B[m '[' -n '' ']'
[2026-06-30T10:02:29.707Z] +[38;5;242mlib/cinder:configure_cinder:397          (B[m setup_logging /etc/cinder/cinder.conf
[2026-06-30T10:02:29.707Z] +[38;5;242mfunctions:setup_logging:693              (B[m setup_systemd_logging /etc/cinder/cinder.conf
[2026-06-30T10:02:29.977Z] +[38;5;242mfunctions:setup_systemd_logging:710      (B[m local conf_file=/etc/cinder/cinder.conf
[2026-06-30T10:02:29.977Z] ++[38;5;242mfunctions:setup_systemd_logging:715      (B[m trueorfalse False USE_JOURNAL
[2026-06-30T10:02:29.977Z] +[38;5;242mfunctions:setup_systemd_logging:715      (B[m USE_JOURNAL=False
[2026-06-30T10:02:30.254Z] +[38;5;242mfunctions:setup_systemd_logging:716      (B[m local pidstr=
[2026-06-30T10:02:30.254Z] +[38;5;242mfunctions:setup_systemd_logging:717      (B[m [[ False == \T\r\u\e ]]
[2026-06-30T10:02:30.254Z] +[38;5;242mfunctions:setup_systemd_logging:721      (B[m pidstr='(pid=%(process)d) '
[2026-06-30T10:02:30.254Z] +[38;5;242mfunctions:setup_systemd_logging:723      (B[m iniset /etc/cinder/cinder.conf DEFAULT logging_debug_format_suffix '[00;33m{{(pid=%(process)d) %(funcName)s %(pathname)s:%(lineno)d}}[00m'
[2026-06-30T10:02:30.545Z] +[38;5;242mfunctions:setup_systemd_logging:725      (B[m iniset /etc/cinder/cinder.conf DEFAULT logging_context_format_string '%(color)s%(levelname)s %(name)s [[01;36m%(global_request_id)s %(request_id)s [00;36m%(project_name)s %(user_name)s%(color)s] [01;35m%(instance)s%(color)s%(message)s[00m'
[2026-06-30T10:02:30.545Z] +[38;5;242mfunctions:setup_systemd_logging:726      (B[m iniset /etc/cinder/cinder.conf DEFAULT logging_default_format_string '%(color)s%(levelname)s %(name)s [[00;36m-%(color)s] [01;35m%(instance)s%(color)s%(message)s[00m'
[2026-06-30T10:02:30.823Z] +[38;5;242mfunctions:setup_systemd_logging:727      (B[m iniset /etc/cinder/cinder.conf DEFAULT logging_exception_prefix 'ERROR %(name)s [01;35m%(instance)s[00m'
[2026-06-30T10:02:31.104Z] +[38;5;242mfunctions:setup_systemd_logging:730      (B[m iniset /etc/cinder/cinder.conf DEFAULT log_color True
[2026-06-30T10:02:31.407Z] +[38;5;242mlib/cinder:configure_cinder:399          (B[m is_service_enabled c-api
[2026-06-30T10:02:31.407Z] +[38;5;242mfunctions-common:is_service_enabled:2076 (B[m return 0
[2026-06-30T10:02:31.407Z] +[38;5;242mlib/cinder:configure_cinder:400          (B[m write_uwsgi_config /etc/cinder/cinder-api-uwsgi.ini cinder.wsgi.api:application /volume '' cinder-api
[2026-06-30T10:02:31.407Z] +[38;5;242mlib/apache:write_uwsgi_config:243        (B[m local conf=/etc/cinder/cinder-api-uwsgi.ini
[2026-06-30T10:02:31.407Z] +[38;5;242mlib/apache:write_uwsgi_config:244        (B[m local wsgi=cinder.wsgi.api:application
[2026-06-30T10:02:31.407Z] +[38;5;242mlib/apache:write_uwsgi_config:245        (B[m local url=/volume
[2026-06-30T10:02:31.684Z] +[38;5;242mlib/apache:write_uwsgi_config:246        (B[m local http=
[2026-06-30T10:02:31.684Z] +[38;5;242mlib/apache:write_uwsgi_config:247        (B[m local name=cinder-api
[2026-06-30T10:02:31.684Z] +[38;5;242mlib/apache:write_uwsgi_config:249        (B[m '[' -z cinder-api ']'
[2026-06-30T10:02:31.684Z] +[38;5;242mlib/apache:write_uwsgi_config:255        (B[m local socket_dir=/var/run/uwsgi
[2026-06-30T10:02:31.684Z] +[38;5;242mlib/apache:write_uwsgi_config:259        (B[m sudo mkdir -p /etc/tmpfiles.d/
[2026-06-30T10:02:31.684Z] +[38;5;242mlib/apache:write_uwsgi_config:260        (B[m sudo tee /etc/tmpfiles.d/uwsgi.conf
[2026-06-30T10:02:31.684Z] +[38;5;242mlib/apache:write_uwsgi_config:260        (B[m echo 'd /var/run/uwsgi 0755 stack root'
[2026-06-30T10:02:31.684Z] d /var/run/uwsgi 0755 stack root
[2026-06-30T10:02:31.977Z] +[38;5;242mlib/apache:write_uwsgi_config:261        (B[m sudo systemd-tmpfiles --create /etc/tmpfiles.d/uwsgi.conf
[2026-06-30T10:02:31.977Z] /etc/tmpfiles.d/uwsgi.conf:1: Line references path below legacy directory /var/run/, updating /var/run/uwsgi → /run/uwsgi; please update the tmpfiles.d/ drop-in file accordingly.
[2026-06-30T10:02:31.977Z] +[38;5;242mlib/apache:write_uwsgi_config:263        (B[m local socket=/var/run/uwsgi/cinder-api.socket
[2026-06-30T10:02:31.977Z] +[38;5;242mlib/apache:write_uwsgi_config:266        (B[m rm -rf /etc/cinder/cinder-api-uwsgi.ini
[2026-06-30T10:02:31.977Z] +[38;5;242mlib/apache:write_uwsgi_config:270        (B[m [[ cinder.wsgi.api:application =~ ^[a-zA-Z0-9_.]+:[a-zA-Z0-9_]+$ ]]
[2026-06-30T10:02:31.977Z] +[38;5;242mlib/apache:write_uwsgi_config:271        (B[m iniset /etc/cinder/cinder-api-uwsgi.ini uwsgi module cinder.wsgi.api:application
[2026-06-30T10:02:32.265Z] +[38;5;242mlib/apache:write_uwsgi_config:276        (B[m iniset /etc/cinder/cinder-api-uwsgi.ini uwsgi processes 2
[2026-06-30T10:02:32.558Z] +[38;5;242mlib/apache:write_uwsgi_config:278        (B[m iniset /etc/cinder/cinder-api-uwsgi.ini uwsgi master true
[2026-06-30T10:02:32.558Z] +[38;5;242mlib/apache:write_uwsgi_config:280        (B[m iniset /etc/cinder/cinder-api-uwsgi.ini uwsgi die-on-term true
[2026-06-30T10:02:32.838Z] +[38;5;242mlib/apache:write_uwsgi_config:281        (B[m iniset /etc/cinder/cinder-api-uwsgi.ini uwsgi exit-on-reload false
[2026-06-30T10:02:33.116Z] +[38;5;242mlib/apache:write_uwsgi_config:284        (B[m iniset /etc/cinder/cinder-api-uwsgi.ini uwsgi worker-reload-mercy 80
[2026-06-30T10:02:33.386Z] +[38;5;242mlib/apache:write_uwsgi_config:285        (B[m iniset /etc/cinder/cinder-api-uwsgi.ini uwsgi enable-threads true
[2026-06-30T10:02:33.386Z] +[38;5;242mlib/apache:write_uwsgi_config:286        (B[m iniset /etc/cinder/cinder-api-uwsgi.ini uwsgi plugins http,python3
[2026-06-30T10:02:33.675Z] +[38;5;242mlib/apache:write_uwsgi_config:288        (B[m iniset /etc/cinder/cinder-api-uwsgi.ini uwsgi thunder-lock true
[2026-06-30T10:02:33.946Z] +[38;5;242mlib/apache:write_uwsgi_config:290        (B[m iniset /etc/cinder/cinder-api-uwsgi.ini uwsgi hook-master-start 'unix_signal:15 gracefully_kill_them_all'
[2026-06-30T10:02:34.217Z] +[38;5;242mlib/apache:write_uwsgi_config:292        (B[m iniset /etc/cinder/cinder-api-uwsgi.ini uwsgi buffer-size 65535
[2026-06-30T10:02:34.485Z] +[38;5;242mlib/apache:write_uwsgi_config:294        (B[m iniset /etc/cinder/cinder-api-uwsgi.ini uwsgi add-header 'Connection: close'
[2026-06-30T10:02:34.485Z] +[38;5;242mlib/apache:write_uwsgi_config:296        (B[m iniset /etc/cinder/cinder-api-uwsgi.ini uwsgi lazy-apps true
[2026-06-30T10:02:34.760Z] +[38;5;242mlib/apache:write_uwsgi_config:298        (B[m iniset /etc/cinder/cinder-api-uwsgi.ini uwsgi start-time %t
[2026-06-30T10:02:35.030Z] +[38;5;242mlib/apache:write_uwsgi_config:301        (B[m [[ -n '' ]]
[2026-06-30T10:02:35.030Z] +[38;5;242mlib/apache:write_uwsgi_config:304        (B[m local apache_conf=
[2026-06-30T10:02:35.030Z] ++[38;5;242mlib/apache:write_uwsgi_config:305        (B[m apache_site_config_for cinder-api
[2026-06-30T10:02:35.030Z] ++[38;5;242mlib/apache:apache_site_config_for:174    (B[m local site=cinder-api
[2026-06-30T10:02:35.030Z] ++[38;5;242mlib/apache:apache_site_config_for:175    (B[m is_ubuntu
[2026-06-30T10:02:35.322Z] ++[38;5;242mfunctions-common:is_ubuntu:546           (B[m [[ -z deb ]]
[2026-06-30T10:02:35.322Z] ++[38;5;242mfunctions-common:is_ubuntu:549           (B[m '[' deb = deb ']'
[2026-06-30T10:02:35.322Z] ++[38;5;242mlib/apache:apache_site_config_for:177    (B[m echo /etc/apache2/sites-available/cinder-api.conf
[2026-06-30T10:02:35.322Z] +[38;5;242mlib/apache:write_uwsgi_config:305        (B[m apache_conf=/etc/apache2/sites-available/cinder-api.conf
[2026-06-30T10:02:35.322Z] +[38;5;242mlib/apache:write_uwsgi_config:306        (B[m iniset /etc/cinder/cinder-api-uwsgi.ini uwsgi socket /var/run/uwsgi/cinder-api.socket
[2026-06-30T10:02:35.609Z] +[38;5;242mlib/apache:write_uwsgi_config:307        (B[m iniset /etc/cinder/cinder-api-uwsgi.ini uwsgi chmod-socket 666
[2026-06-30T10:02:35.609Z] +[38;5;242mlib/apache:write_uwsgi_config:308        (B[m echo 'ProxyPass "/volume" "unix:/var/run/uwsgi/cinder-api.socket|uwsgi://uwsgi-uds-cinder-api" retry=0 acquire=1 '
[2026-06-30T10:02:35.609Z] +[38;5;242mlib/apache:write_uwsgi_config:308        (B[m sudo tee -a /etc/apache2/sites-available/cinder-api.conf
[2026-06-30T10:02:35.895Z] ProxyPass "/volume" "unix:/var/run/uwsgi/cinder-api.socket|uwsgi://uwsgi-uds-cinder-api" retry=0 acquire=1 
[2026-06-30T10:02:35.895Z] +[38;5;242mlib/apache:write_uwsgi_config:309        (B[m enable_apache_site cinder-api
[2026-06-30T10:02:35.895Z] +[38;5;242mlib/apache:enable_apache_site:191        (B[m local site=cinder-api
[2026-06-30T10:02:35.895Z] +[38;5;242mlib/apache:enable_apache_site:193        (B[m enable_apache_mod version
[2026-06-30T10:02:35.895Z] +[38;5;242mlib/apache:enable_apache_mod:55          (B[m local mod=version
[2026-06-30T10:02:35.895Z] +[38;5;242mlib/apache:enable_apache_mod:56          (B[m local should_restart=
[2026-06-30T10:02:35.895Z] +[38;5;242mlib/apache:enable_apache_mod:58          (B[m is_ubuntu
[2026-06-30T10:02:35.895Z] +[38;5;242mfunctions-common:is_ubuntu:546           (B[m [[ -z deb ]]
[2026-06-30T10:02:35.895Z] +[38;5;242mfunctions-common:is_ubuntu:549           (B[m '[' deb = deb ']'
[2026-06-30T10:02:35.895Z] +[38;5;242mlib/apache:enable_apache_mod:61          (B[m [[ version != \v\e\r\s\i\o\n ]]
[2026-06-30T10:02:35.895Z] +[38;5;242mlib/apache:enable_apache_site:194        (B[m is_ubuntu
[2026-06-30T10:02:36.188Z] +[38;5;242mfunctions-common:is_ubuntu:546           (B[m [[ -z deb ]]
[2026-06-30T10:02:36.188Z] +[38;5;242mfunctions-common:is_ubuntu:549           (B[m '[' deb = deb ']'
[2026-06-30T10:02:36.188Z] +[38;5;242mlib/apache:enable_apache_site:195        (B[m sudo a2ensite cinder-api
[2026-06-30T10:02:36.188Z] Site cinder-api already enabled
[2026-06-30T10:02:36.188Z] +[38;5;242mlib/apache:write_uwsgi_config:310        (B[m restart_apache_server
[2026-06-30T10:02:36.188Z] +[38;5;242mlib/apache:restart_apache_server:238     (B[m restart_service apache2
[2026-06-30T10:02:36.481Z] +[38;5;242mfunctions-common:restart_service:2304    (B[m '[' -x /bin/systemctl ']'
[2026-06-30T10:02:36.481Z] +[38;5;242mfunctions-common:restart_service:2305    (B[m sudo /bin/systemctl restart apache2
[2026-06-30T10:02:36.771Z] +[38;5;242mlib/cinder:configure_cinder:403          (B[m [[ -r /opt/stack/devstack/lib/cinder_plugins/default ]]
[2026-06-30T10:02:36.771Z] +[38;5;242mlib/cinder:configure_cinder:407          (B[m iniset /etc/cinder/cinder.conf DEFAULT glance_api_servers http://10.132.239.110/image
[2026-06-30T10:02:37.059Z] +[38;5;242mlib/cinder:configure_cinder:408          (B[m is_service_enabled tls-proxy
[2026-06-30T10:02:37.355Z] +[38;5;242mfunctions-common:is_service_enabled:2076 (B[m return 1
[2026-06-30T10:02:37.355Z] +[38;5;242mlib/cinder:configure_cinder:414          (B[m configure_keystone_authtoken_middleware /etc/cinder/cinder.conf glance glance
[2026-06-30T10:02:37.355Z] +[38;5;242mlib/keystone:configure_keystone_authtoken_middleware:413 (B[m local conf_file=/etc/cinder/cinder.conf
[2026-06-30T10:02:37.355Z] +[38;5;242mlib/keystone:configure_keystone_authtoken_middleware:414 (B[m local admin_user=glance
[2026-06-30T10:02:37.355Z] +[38;5;242mlib/keystone:configure_keystone_authtoken_middleware:415 (B[m local section=glance
[2026-06-30T10:02:37.355Z] +[38;5;242mlib/keystone:configure_keystone_authtoken_middleware:416 (B[m local service_type=
[2026-06-30T10:02:37.355Z] +[38;5;242mlib/keystone:configure_keystone_authtoken_middleware:418 (B[m configure_keystoneauth /etc/cinder/cinder.conf glance glance
[2026-06-30T10:02:37.355Z] +[38;5;242mlib/keystone:configure_keystoneauth:391  (B[m local conf_file=/etc/cinder/cinder.conf
[2026-06-30T10:02:37.355Z] +[38;5;242mlib/keystone:configure_keystoneauth:392  (B[m local admin_user=glance
[2026-06-30T10:02:37.643Z] +[38;5;242mlib/keystone:configure_keystoneauth:393  (B[m local section=glance
[2026-06-30T10:02:37.643Z] +[38;5;242mlib/keystone:configure_keystoneauth:395  (B[m iniset /etc/cinder/cinder.conf glance auth_type password
[2026-06-30T10:02:37.643Z] +[38;5;242mlib/keystone:configure_keystoneauth:396  (B[m iniset /etc/cinder/cinder.conf glance interface public
[2026-06-30T10:02:37.931Z] +[38;5;242mlib/keystone:configure_keystoneauth:397  (B[m iniset /etc/cinder/cinder.conf glance auth_url http://10.132.239.110/identity
[2026-06-30T10:02:38.208Z] +[38;5;242mlib/keystone:configure_keystoneauth:398  (B[m iniset /etc/cinder/cinder.conf glance username glance
[2026-06-30T10:02:38.473Z] +[38;5;242mlib/keystone:configure_keystoneauth:399  (B[m iniset /etc/cinder/cinder.conf glance password hpinvent
[2026-06-30T10:02:38.745Z] +[38;5;242mlib/keystone:configure_keystoneauth:400  (B[m iniset /etc/cinder/cinder.conf glance user_domain_name Default
[2026-06-30T10:02:38.745Z] +[38;5;242mlib/keystone:configure_keystoneauth:401  (B[m iniset /etc/cinder/cinder.conf glance project_name service
[2026-06-30T10:02:39.014Z] +[38;5;242mlib/keystone:configure_keystoneauth:402  (B[m iniset /etc/cinder/cinder.conf glance project_domain_name Default
[2026-06-30T10:02:39.293Z] +[38;5;242mlib/keystone:configure_keystone_authtoken_middleware:419 (B[m iniset /etc/cinder/cinder.conf glance www_authenticate_uri http://10.132.239.110/identity
[2026-06-30T10:02:39.582Z] +[38;5;242mlib/keystone:configure_keystone_authtoken_middleware:420 (B[m iniset /etc/cinder/cinder.conf glance cafile /opt/stack/data/ca-bundle.pem
[2026-06-30T10:02:40.098Z] +[38;5;242mlib/keystone:configure_keystone_authtoken_middleware:421 (B[m iniset /etc/cinder/cinder.conf glance memcached_servers localhost:11211
[2026-06-30T10:02:40.098Z] +[38;5;242mlib/keystone:configure_keystone_authtoken_middleware:422 (B[m [[ -n '' ]]
[2026-06-30T10:02:40.098Z] +[38;5;242mlib/cinder:configure_cinder:417          (B[m configure_keystoneauth /etc/cinder/cinder.conf nova nova
[2026-06-30T10:02:40.098Z] +[38;5;242mlib/keystone:configure_keystoneauth:391  (B[m local conf_file=/etc/cinder/cinder.conf
[2026-06-30T10:02:40.098Z] +[38;5;242mlib/keystone:configure_keystoneauth:392  (B[m local admin_user=nova
[2026-06-30T10:02:40.098Z] +[38;5;242mlib/keystone:configure_keystoneauth:393  (B[m local section=nova
[2026-06-30T10:02:40.098Z] +[38;5;242mlib/keystone:configure_keystoneauth:395  (B[m iniset /etc/cinder/cinder.conf nova auth_type password
[2026-06-30T10:02:40.398Z] +[38;5;242mlib/keystone:configure_keystoneauth:396  (B[m iniset /etc/cinder/cinder.conf nova interface public
[2026-06-30T10:02:40.685Z] +[38;5;242mlib/keystone:configure_keystoneauth:397  (B[m iniset /etc/cinder/cinder.conf nova auth_url http://10.132.239.110/identity
[2026-06-30T10:02:40.968Z] +[38;5;242mlib/keystone:configure_keystoneauth:398  (B[m iniset /etc/cinder/cinder.conf nova username nova
[2026-06-30T10:02:40.968Z] +[38;5;242mlib/keystone:configure_keystoneauth:399  (B[m iniset /etc/cinder/cinder.conf nova password hpinvent
[2026-06-30T10:02:41.247Z] +[38;5;242mlib/keystone:configure_keystoneauth:400  (B[m iniset /etc/cinder/cinder.conf nova user_domain_name Default
[2026-06-30T10:02:41.590Z] +[38;5;242mlib/keystone:configure_keystoneauth:401  (B[m iniset /etc/cinder/cinder.conf nova project_name service
[2026-06-30T10:02:41.880Z] +[38;5;242mlib/keystone:configure_keystoneauth:402  (B[m iniset /etc/cinder/cinder.conf nova project_domain_name Default
[2026-06-30T10:02:41.880Z] +[38;5;242mlib/cinder:configure_cinder:418          (B[m iniset /etc/cinder/cinder.conf nova region_name RegionOne
[2026-06-30T10:02:42.175Z] +[38;5;242mlib/cinder:configure_cinder:419          (B[m iniset /etc/cinder/cinder.conf DEFAULT graceful_shutdown_timeout 5
[2026-06-30T10:02:42.466Z] +[38;5;242mlib/cinder:configure_cinder:421          (B[m [[ ! -z '' ]]
[2026-06-30T10:02:42.466Z] +[38;5;242mlib/cinder:configure_cinder:423          (B[m is_service_enabled etcd3
[2026-06-30T10:02:42.754Z] +[38;5;242mfunctions-common:is_service_enabled:2076 (B[m return 0
[2026-06-30T10:02:42.754Z] +[38;5;242mlib/cinder:configure_cinder:426          (B[m iniset /etc/cinder/cinder.conf coordination backend_url 'etcd3+http://10.132.239.110:2379?api_version=v3'
[2026-06-30T10:02:43.022Z] +[38;5;242mlib/cinder:configure_cinder:429          (B[m [[ False == True ]]
[2026-06-30T10:02:43.022Z] +[38;5;242mlib/cinder:configure_cinder:429          (B[m [[ False == True ]]
[2026-06-30T10:02:43.022Z] +[38;5;242mlib/cinder:configure_cinder:433          (B[m iniset /etc/cinder/cinder.conf oslo_policy enforce_scope false
[2026-06-30T10:02:43.284Z] +[38;5;242mlib/cinder:configure_cinder:434          (B[m iniset /etc/cinder/cinder.conf oslo_policy enforce_new_defaults false
[2026-06-30T10:02:43.548Z] +[38;5;242mlib/cinder:configure_cinder:437          (B[m '[' True == True ']'
[2026-06-30T10:02:43.548Z] +[38;5;242mlib/cinder:configure_cinder:438          (B[m init_cinder_service_user_conf
[2026-06-30T10:02:43.548Z] +[38;5;242mlib/cinder:init_cinder_service_user_conf:745 (B[m iniset /etc/cinder/cinder.conf service_user send_service_user_token True
[2026-06-30T10:02:43.813Z] +[38;5;242mlib/cinder:init_cinder_service_user_conf:746 (B[m configure_keystoneauth /etc/cinder/cinder.conf cinder service_user
[2026-06-30T10:02:43.813Z] +[38;5;242mlib/keystone:configure_keystoneauth:391  (B[m local conf_file=/etc/cinder/cinder.conf
[2026-06-30T10:02:43.813Z] +[38;5;242mlib/keystone:configure_keystoneauth:392  (B[m local admin_user=cinder
[2026-06-30T10:02:43.813Z] +[38;5;242mlib/keystone:configure_keystoneauth:393  (B[m local section=service_user
[2026-06-30T10:02:43.813Z] +[38;5;242mlib/keystone:configure_keystoneauth:395  (B[m iniset /etc/cinder/cinder.conf service_user auth_type password
[2026-06-30T10:02:44.076Z] +[38;5;242mlib/keystone:configure_keystoneauth:396  (B[m iniset /etc/cinder/cinder.conf service_user interface public
[2026-06-30T10:02:44.076Z] +[38;5;242mlib/keystone:configure_keystoneauth:397  (B[m iniset /etc/cinder/cinder.conf service_user auth_url http://10.132.239.110/identity
[2026-06-30T10:02:44.342Z] +[38;5;242mlib/keystone:configure_keystoneauth:398  (B[m iniset /etc/cinder/cinder.conf service_user username cinder
[2026-06-30T10:02:44.606Z] +[38;5;242mlib/keystone:configure_keystoneauth:399  (B[m iniset /etc/cinder/cinder.conf service_user password hpinvent
[2026-06-30T10:02:44.606Z] +[38;5;242mlib/keystone:configure_keystoneauth:400  (B[m iniset /etc/cinder/cinder.conf service_user user_domain_name Default
[2026-06-30T10:02:44.869Z] +[38;5;242mlib/keystone:configure_keystoneauth:401  (B[m iniset /etc/cinder/cinder.conf service_user project_name service
[2026-06-30T10:02:45.131Z] +[38;5;242mlib/keystone:configure_keystoneauth:402  (B[m iniset /etc/cinder/cinder.conf service_user project_domain_name Default
[2026-06-30T10:02:45.395Z] +[38;5;242m./stack.sh:main:951                      (B[m is_service_enabled neutron
[2026-06-30T10:02:45.395Z] +[38;5;242mfunctions-common:is_service_enabled:2076 (B[m return 0
[2026-06-30T10:02:45.395Z] +[38;5;242m./stack.sh:main:953                      (B[m stack_install_service neutron
[2026-06-30T10:02:45.395Z] +[38;5;242mlib/stack:stack_install_service:20       (B[m local service=neutron
[2026-06-30T10:02:45.660Z] +[38;5;242mlib/stack:stack_install_service:21       (B[m type install_neutron
[2026-06-30T10:02:45.660Z] +[38;5;242mlib/stack:stack_install_service:23       (B[m [[ False = True ]]
[2026-06-30T10:02:45.660Z] +[38;5;242mlib/stack:stack_install_service:32       (B[m install_neutron
[2026-06-30T10:02:45.660Z] +[38;5;242mlib/neutron:install_neutron:509          (B[m use_library_from_git neutron-lib
[2026-06-30T10:02:45.660Z] +[38;5;242minc/python:use_library_from_git:266      (B[m local name=neutron-lib
[2026-06-30T10:02:45.660Z] +[38;5;242minc/python:use_library_from_git:267      (B[m local enabled=1
[2026-06-30T10:02:45.660Z] +[38;5;242minc/python:use_library_from_git:268      (B[m [[ '' = \A\L\L ]]
[2026-06-30T10:02:45.660Z] +[38;5;242minc/python:use_library_from_git:268      (B[m [[ ,, =~ ,neutron-lib, ]]
[2026-06-30T10:02:45.660Z] +[38;5;242minc/python:use_library_from_git:269      (B[m return 1
[2026-06-30T10:02:45.927Z] +[38;5;242mlib/neutron:install_neutron:516          (B[m use_library_from_git sqlalchemy
[2026-06-30T10:02:45.927Z] +[38;5;242minc/python:use_library_from_git:266      (B[m local name=sqlalchemy
[2026-06-30T10:02:45.927Z] +[38;5;242minc/python:use_library_from_git:267      (B[m local enabled=1
[2026-06-30T10:02:45.927Z] +[38;5;242minc/python:use_library_from_git:268      (B[m [[ '' = \A\L\L ]]
[2026-06-30T10:02:45.927Z] +[38;5;242minc/python:use_library_from_git:268      (B[m [[ ,, =~ ,sqlalchemy, ]]
[2026-06-30T10:02:45.927Z] +[38;5;242minc/python:use_library_from_git:269      (B[m return 1
[2026-06-30T10:02:45.927Z] +[38;5;242mlib/neutron:install_neutron:520          (B[m use_library_from_git alembic
[2026-06-30T10:02:45.927Z] +[38;5;242minc/python:use_library_from_git:266      (B[m local name=alembic
[2026-06-30T10:02:45.927Z] +[38;5;242minc/python:use_library_from_git:267      (B[m local enabled=1
[2026-06-30T10:02:46.194Z] +[38;5;242minc/python:use_library_from_git:268      (B[m [[ '' = \A\L\L ]]
[2026-06-30T10:02:46.195Z] +[38;5;242minc/python:use_library_from_git:268      (B[m [[ ,, =~ ,alembic, ]]
[2026-06-30T10:02:46.195Z] +[38;5;242minc/python:use_library_from_git:269      (B[m return 1
[2026-06-30T10:02:46.195Z] +[38;5;242mlib/neutron:install_neutron:525          (B[m git_clone http://github.com/openstack/neutron.git /opt/stack/neutron master
[2026-06-30T10:02:46.195Z] +[38;5;242mfunctions-common:git_clone:589           (B[m local git_remote=http://github.com/openstack/neutron.git
[2026-06-30T10:02:46.195Z] +[38;5;242mfunctions-common:git_clone:590           (B[m local git_dest=/opt/stack/neutron
[2026-06-30T10:02:46.195Z] +[38;5;242mfunctions-common:git_clone:591           (B[m local git_ref=master
[2026-06-30T10:02:46.195Z] +[38;5;242mfunctions-common:git_clone:592           (B[m local orig_dir
[2026-06-30T10:02:46.195Z] ++[38;5;242mfunctions-common:git_clone:593           (B[m pwd
[2026-06-30T10:02:46.457Z] +[38;5;242mfunctions-common:git_clone:593           (B[m orig_dir=/opt/stack/devstack
[2026-06-30T10:02:46.457Z] +[38;5;242mfunctions-common:git_clone:594           (B[m local git_clone_flags=
[2026-06-30T10:02:46.457Z] ++[38;5;242mfunctions-common:git_clone:596           (B[m trueorfalse False RECLONE
[2026-06-30T10:02:46.457Z] +[38;5;242mfunctions-common:git_clone:596           (B[m RECLONE=False
[2026-06-30T10:02:46.723Z] +[38;5;242mfunctions-common:git_clone:597           (B[m [[ 0 -gt 0 ]]
[2026-06-30T10:02:46.723Z] +[38;5;242mfunctions-common:git_clone:601           (B[m [[ False = \T\r\u\e ]]
[2026-06-30T10:02:46.723Z] +[38;5;242mfunctions-common:git_clone:610           (B[m echo master
[2026-06-30T10:02:46.723Z] +[38;5;242mfunctions-common:git_clone:610           (B[m egrep -q '^refs'
[2026-06-30T10:02:46.723Z] +[38;5;242mfunctions-common:git_clone:624           (B[m [[ ! -d /opt/stack/neutron ]]
[2026-06-30T10:02:46.723Z] +[38;5;242mfunctions-common:git_clone:625           (B[m [[ False = \T\r\u\e ]]
[2026-06-30T10:02:46.723Z] +[38;5;242mfunctions-common:git_clone:630           (B[m git_timed clone --no-checkout http://github.com/openstack/neutron.git /opt/stack/neutron
[2026-06-30T10:02:46.723Z] +[38;5;242mfunctions-common:git_timed:697           (B[m local count=0
[2026-06-30T10:02:46.723Z] +[38;5;242mfunctions-common:git_timed:698           (B[m local timeout=0
[2026-06-30T10:02:46.723Z] +[38;5;242mfunctions-common:git_timed:700           (B[m [[ -n 0 ]]
[2026-06-30T10:02:46.723Z] +[38;5;242mfunctions-common:git_timed:701           (B[m timeout=0
[2026-06-30T10:02:46.989Z] +[38;5;242mfunctions-common:git_timed:704           (B[m time_start git_timed
[2026-06-30T10:02:46.989Z] +[38;5;242mfunctions-common:time_start:2406         (B[m local name=git_timed
[2026-06-30T10:02:46.989Z] +[38;5;242mfunctions-common:time_start:2407         (B[m local start_time=
[2026-06-30T10:02:46.989Z] +[38;5;242mfunctions-common:time_start:2408         (B[m [[ -n '' ]]
[2026-06-30T10:02:46.989Z] ++[38;5;242mfunctions-common:time_start:2411         (B[m date +%s%3N
[2026-06-30T10:02:46.989Z] +[38;5;242mfunctions-common:time_start:2411         (B[m _TIME_START[$name]=1782813775233
[2026-06-30T10:02:46.989Z] +[38;5;242mfunctions-common:git_timed:705           (B[m timeout -s SIGINT 0 git clone --no-checkout http://github.com/openstack/neutron.git /opt/stack/neutron
[2026-06-30T10:02:46.989Z] Cloning into '/opt/stack/neutron'...
[2026-06-30T10:02:47.564Z] warning: redirecting to https://github.com/openstack/neutron.git/
[2026-06-30T10:03:34.556Z] +[38;5;242mfunctions-common:git_timed:719           (B[m time_stop git_timed
[2026-06-30T10:03:34.556Z] +[38;5;242mfunctions-common:time_stop:2420          (B[m local name
[2026-06-30T10:03:34.556Z] +[38;5;242mfunctions-common:time_stop:2421          (B[m local end_time
[2026-06-30T10:03:34.556Z] +[38;5;242mfunctions-common:time_stop:2422          (B[m local elapsed_time
[2026-06-30T10:03:34.556Z] +[38;5;242mfunctions-common:time_stop:2423          (B[m local total
[2026-06-30T10:03:34.556Z] +[38;5;242mfunctions-common:time_stop:2424          (B[m local start_time
[2026-06-30T10:03:34.556Z] +[38;5;242mfunctions-common:time_stop:2426          (B[m name=git_timed
[2026-06-30T10:03:34.556Z] +[38;5;242mfunctions-common:time_stop:2427          (B[m start_time=1782813775233
[2026-06-30T10:03:34.556Z] +[38;5;242mfunctions-common:time_stop:2429          (B[m [[ -z 1782813775233 ]]
[2026-06-30T10:03:34.556Z] ++[38;5;242mfunctions-common:time_stop:2432          (B[m date +%s%3N
[2026-06-30T10:03:34.556Z] +[38;5;242mfunctions-common:time_stop:2432          (B[m end_time=1782813815414
[2026-06-30T10:03:34.556Z] +[38;5;242mfunctions-common:time_stop:2433          (B[m elapsed_time=40181
[2026-06-30T10:03:34.556Z] +[38;5;242mfunctions-common:time_stop:2434          (B[m total=71552
[2026-06-30T10:03:34.556Z] +[38;5;242mfunctions-common:time_stop:2436          (B[m _TIME_START[$name]=
[2026-06-30T10:03:34.556Z] +[38;5;242mfunctions-common:time_stop:2437          (B[m _TIME_TOTAL[$name]=111733
[2026-06-30T10:03:34.556Z] +[38;5;242mfunctions-common:git_clone:631           (B[m cd /opt/stack/neutron
[2026-06-30T10:03:34.556Z] +[38;5;242mfunctions-common:git_clone:632           (B[m git_timed fetch origin master
[2026-06-30T10:03:34.556Z] +[38;5;242mfunctions-common:git_timed:697           (B[m local count=0
[2026-06-30T10:03:34.556Z] +[38;5;242mfunctions-common:git_timed:698           (B[m local timeout=0
[2026-06-30T10:03:34.556Z] +[38;5;242mfunctions-common:git_timed:700           (B[m [[ -n 0 ]]
[2026-06-30T10:03:34.556Z] +[38;5;242mfunctions-common:git_timed:701           (B[m timeout=0
[2026-06-30T10:03:34.556Z] +[38;5;242mfunctions-common:git_timed:704           (B[m time_start git_timed
[2026-06-30T10:03:34.556Z] +[38;5;242mfunctions-common:time_start:2406         (B[m local name=git_timed
[2026-06-30T10:03:34.556Z] +[38;5;242mfunctions-common:time_start:2407         (B[m local start_time=
[2026-06-30T10:03:34.556Z] +[38;5;242mfunctions-common:time_start:2408         (B[m [[ -n '' ]]
[2026-06-30T10:03:34.556Z] ++[38;5;242mfunctions-common:time_start:2411         (B[m date +%s%3N
[2026-06-30T10:03:34.556Z] +[38;5;242mfunctions-common:time_start:2411         (B[m _TIME_START[$name]=1782813815885
[2026-06-30T10:03:34.556Z] +[38;5;242mfunctions-common:git_timed:705           (B[m timeout -s SIGINT 0 git fetch origin master
[2026-06-30T10:03:34.556Z] warning: redirecting to https://github.com/openstack/neutron.git/
[2026-06-30T10:03:34.556Z] From http://github.com/openstack/neutron
[2026-06-30T10:03:34.556Z]  * branch                  master     -> FETCH_HEAD
[2026-06-30T10:03:34.556Z] +[38;5;242mfunctions-common:git_timed:719           (B[m time_stop git_timed
[2026-06-30T10:03:34.556Z] +[38;5;242mfunctions-common:time_stop:2420          (B[m local name
[2026-06-30T10:03:34.556Z] +[38;5;242mfunctions-common:time_stop:2421          (B[m local end_time
[2026-06-30T10:03:34.556Z] +[38;5;242mfunctions-common:time_stop:2422          (B[m local elapsed_time
[2026-06-30T10:03:34.556Z] +[38;5;242mfunctions-common:time_stop:2423          (B[m local total
[2026-06-30T10:03:34.556Z] +[38;5;242mfunctions-common:time_stop:2424          (B[m local start_time
[2026-06-30T10:03:34.556Z] +[38;5;242mfunctions-common:time_stop:2426          (B[m name=git_timed
[2026-06-30T10:03:34.556Z] +[38;5;242mfunctions-common:time_stop:2427          (B[m start_time=1782813815885
[2026-06-30T10:03:34.556Z] +[38;5;242mfunctions-common:time_stop:2429          (B[m [[ -z 1782813815885 ]]
[2026-06-30T10:03:34.556Z] ++[38;5;242mfunctions-common:time_stop:2432          (B[m date +%s%3N
[2026-06-30T10:03:34.556Z] +[38;5;242mfunctions-common:time_stop:2432          (B[m end_time=1782813817284
[2026-06-30T10:03:34.556Z] +[38;5;242mfunctions-common:time_stop:2433          (B[m elapsed_time=1399
[2026-06-30T10:03:34.556Z] +[38;5;242mfunctions-common:time_stop:2434          (B[m total=111733
[2026-06-30T10:03:34.556Z] +[38;5;242mfunctions-common:time_stop:2436          (B[m _TIME_START[$name]=
[2026-06-30T10:03:34.556Z] +[38;5;242mfunctions-common:time_stop:2437          (B[m _TIME_TOTAL[$name]=113132
[2026-06-30T10:03:34.556Z] +[38;5;242mfunctions-common:git_clone:633           (B[m git_timed checkout FETCH_HEAD
[2026-06-30T10:03:34.556Z] +[38;5;242mfunctions-common:git_timed:697           (B[m local count=0
[2026-06-30T10:03:34.556Z] +[38;5;242mfunctions-common:git_timed:698           (B[m local timeout=0
[2026-06-30T10:03:34.556Z] +[38;5;242mfunctions-common:git_timed:700           (B[m [[ -n 0 ]]
[2026-06-30T10:03:34.556Z] +[38;5;242mfunctions-common:git_timed:701           (B[m timeout=0
[2026-06-30T10:03:34.556Z] +[38;5;242mfunctions-common:git_timed:704           (B[m time_start git_timed
[2026-06-30T10:03:34.556Z] +[38;5;242mfunctions-common:time_start:2406         (B[m local name=git_timed
[2026-06-30T10:03:34.556Z] +[38;5;242mfunctions-common:time_start:2407         (B[m local start_time=
[2026-06-30T10:03:34.556Z] +[38;5;242mfunctions-common:time_start:2408         (B[m [[ -n '' ]]
[2026-06-30T10:03:34.556Z] ++[38;5;242mfunctions-common:time_start:2411         (B[m date +%s%3N
[2026-06-30T10:03:34.556Z] +[38;5;242mfunctions-common:time_start:2411         (B[m _TIME_START[$name]=1782813817753
[2026-06-30T10:03:34.556Z] +[38;5;242mfunctions-common:git_timed:705           (B[m timeout -s SIGINT 0 git checkout FETCH_HEAD
[2026-06-30T10:03:34.556Z] Note: switching to 'FETCH_HEAD'.
[2026-06-30T10:03:34.556Z] 
[2026-06-30T10:03:34.556Z] You are in 'detached HEAD' state. You can look around, make experimental
[2026-06-30T10:03:34.556Z] changes and commit them, and you can discard any commits you make in this
[2026-06-30T10:03:34.556Z] state without impacting any branches by switching back to a branch.
[2026-06-30T10:03:34.556Z] 
[2026-06-30T10:03:34.556Z] If you want to create a new branch to retain commits you create, you may
[2026-06-30T10:03:34.556Z] do so (now or later) by using -c with the switch command. Example:
[2026-06-30T10:03:34.556Z] 
[2026-06-30T10:03:34.556Z]   git switch -c <new-branch-name>
[2026-06-30T10:03:34.556Z] 
[2026-06-30T10:03:34.556Z] Or undo this operation with:
[2026-06-30T10:03:34.556Z] 
[2026-06-30T10:03:34.556Z]   git switch -
[2026-06-30T10:03:34.556Z] 
[2026-06-30T10:03:34.556Z] Turn off this advice by setting config variable advice.detachedHead to false
[2026-06-30T10:03:34.556Z] 
[2026-06-30T10:03:34.556Z] HEAD is now at 6daea8184a Merge "ovn: Fix HA_Chassis_Group race condition in port create/update"
[2026-06-30T10:03:34.556Z] +[38;5;242mfunctions-common:git_timed:719           (B[m time_stop git_timed
[2026-06-30T10:03:34.556Z] +[38;5;242mfunctions-common:time_stop:2420          (B[m local name
[2026-06-30T10:03:34.556Z] +[38;5;242mfunctions-common:time_stop:2421          (B[m local end_time
[2026-06-30T10:03:34.556Z] +[38;5;242mfunctions-common:time_stop:2422          (B[m local elapsed_time
[2026-06-30T10:03:34.556Z] +[38;5;242mfunctions-common:time_stop:2423          (B[m local total
[2026-06-30T10:03:34.556Z] +[38;5;242mfunctions-common:time_stop:2424          (B[m local start_time
[2026-06-30T10:03:34.556Z] +[38;5;242mfunctions-common:time_stop:2426          (B[m name=git_timed
[2026-06-30T10:03:34.556Z] +[38;5;242mfunctions-common:time_stop:2427          (B[m start_time=1782813817753
[2026-06-30T10:03:34.556Z] +[38;5;242mfunctions-common:time_stop:2429          (B[m [[ -z 1782813817753 ]]
[2026-06-30T10:03:34.556Z] ++[38;5;242mfunctions-common:time_stop:2432          (B[m date +%s%3N
[2026-06-30T10:03:34.556Z] +[38;5;242mfunctions-common:time_stop:2432          (B[m end_time=1782813818899
[2026-06-30T10:03:34.556Z] +[38;5;242mfunctions-common:time_stop:2433          (B[m elapsed_time=1146
[2026-06-30T10:03:34.556Z] +[38;5;242mfunctions-common:time_stop:2434          (B[m total=113132
[2026-06-30T10:03:34.556Z] +[38;5;242mfunctions-common:time_stop:2436          (B[m _TIME_START[$name]=
[2026-06-30T10:03:34.556Z] +[38;5;242mfunctions-common:time_stop:2437          (B[m _TIME_TOTAL[$name]=114278
[2026-06-30T10:03:34.556Z] +[38;5;242mfunctions-common:git_clone:669           (B[m sudo git config --system --add safe.directory /opt/stack/neutron
[2026-06-30T10:03:34.556Z] +[38;5;242mfunctions-common:git_clone:672           (B[m cd /opt/stack/neutron
[2026-06-30T10:03:34.556Z] +[38;5;242mfunctions-common:git_clone:673           (B[m git show --oneline
[2026-06-30T10:03:34.556Z] +[38;5;242mfunctions-common:git_clone:673           (B[m head -1
[2026-06-30T10:03:34.556Z] 6daea8184a Merge "ovn: Fix HA_Chassis_Group race condition in port create/update"
[2026-06-30T10:03:34.556Z] +[38;5;242mfunctions-common:git_clone:674           (B[m cd /opt/stack/devstack
[2026-06-30T10:03:34.556Z] +[38;5;242mlib/neutron:install_neutron:526          (B[m setup_develop /opt/stack/neutron
[2026-06-30T10:03:34.556Z] +[38;5;242minc/python:setup_develop:353             (B[m local bindep
[2026-06-30T10:03:34.556Z] +[38;5;242minc/python:setup_develop:354             (B[m [[ /opt/stack/neutron == -bindep* ]]
[2026-06-30T10:03:34.556Z] +[38;5;242minc/python:setup_develop:358             (B[m local project_dir=/opt/stack/neutron
[2026-06-30T10:03:34.556Z] +[38;5;242minc/python:setup_develop:359             (B[m local extras=
[2026-06-30T10:03:34.556Z] +[38;5;242minc/python:setup_develop:360             (B[m _setup_package_with_constraints_edit /opt/stack/neutron -e
[2026-06-30T10:03:34.556Z] +[38;5;242minc/python:_setup_package_with_constraints_edit:379 (B[m local bindep
[2026-06-30T10:03:34.556Z] +[38;5;242minc/python:_setup_package_with_constraints_edit:380 (B[m [[ /opt/stack/neutron == -bindep* ]]
[2026-06-30T10:03:34.556Z] +[38;5;242minc/python:_setup_package_with_constraints_edit:384 (B[m local project_dir=/opt/stack/neutron
[2026-06-30T10:03:34.556Z] +[38;5;242minc/python:_setup_package_with_constraints_edit:385 (B[m local flags=-e
[2026-06-30T10:03:34.556Z] +[38;5;242minc/python:_setup_package_with_constraints_edit:386 (B[m local extras=
[2026-06-30T10:03:34.556Z] ++[38;5;242minc/python:_setup_package_with_constraints_edit:393 (B[m cd /opt/stack/neutron
[2026-06-30T10:03:34.556Z] ++[38;5;242minc/python:_setup_package_with_constraints_edit:393 (B[m pwd
[2026-06-30T10:03:34.556Z] +[38;5;242minc/python:_setup_package_with_constraints_edit:393 (B[m project_dir=/opt/stack/neutron
[2026-06-30T10:03:34.556Z] +[38;5;242minc/python:_setup_package_with_constraints_edit:395 (B[m '[' -n /opt/stack/requirements ']'
[2026-06-30T10:03:34.556Z] +[38;5;242minc/python:_setup_package_with_constraints_edit:399 (B[m local name
[2026-06-30T10:03:34.556Z] ++[38;5;242minc/python:_setup_package_with_constraints_edit:400 (B[m awk '/^name.*=/ {print $3}' /opt/stack/neutron/setup.cfg
[2026-06-30T10:03:34.556Z] +[38;5;242minc/python:_setup_package_with_constraints_edit:400 (B[m name=neutron
[2026-06-30T10:03:34.556Z] +[38;5;242minc/python:_setup_package_with_constraints_edit:401 (B[m '[' -z neutron ']'
[2026-06-30T10:03:34.556Z] +[38;5;242minc/python:_setup_package_with_constraints_edit:405 (B[m /opt/stack/requirements/.venv/bin/edit-constraints /opt/stack/requirements/upper-constraints.txt -- neutron
[2026-06-30T10:03:34.556Z] +[38;5;242minc/python:_setup_package_with_constraints_edit:408 (B[m setup_package /opt/stack/neutron -e
[2026-06-30T10:03:34.556Z] +[38;5;242minc/python:setup_package:436             (B[m local bindep=0
[2026-06-30T10:03:34.556Z] +[38;5;242minc/python:setup_package:437             (B[m local bindep_flag=
[2026-06-30T10:03:34.556Z] +[38;5;242minc/python:setup_package:438             (B[m local bindep_profiles=
[2026-06-30T10:03:34.556Z] +[38;5;242minc/python:setup_package:439             (B[m [[ /opt/stack/neutron == -bindep* ]]
[2026-06-30T10:03:34.556Z] +[38;5;242minc/python:setup_package:444             (B[m local project_dir=/opt/stack/neutron
[2026-06-30T10:03:34.556Z] +[38;5;242minc/python:setup_package:445             (B[m local flags=-e
[2026-06-30T10:03:34.556Z] +[38;5;242minc/python:setup_package:446             (B[m local extras=
[2026-06-30T10:03:34.556Z] +[38;5;242minc/python:setup_package:450             (B[m [[ -n -e ]]
[2026-06-30T10:03:34.557Z] +[38;5;242minc/python:setup_package:450             (B[m [[ -z '' ]]
[2026-06-30T10:03:34.557Z] +[38;5;242minc/python:setup_package:450             (B[m [[ ! -e =~ ^-.* ]]
[2026-06-30T10:03:34.557Z] +[38;5;242minc/python:setup_package:455             (B[m [[ ! -z '' ]]
[2026-06-30T10:03:34.557Z] +[38;5;242minc/python:setup_package:460             (B[m [[ 0 == 1 ]]
[2026-06-30T10:03:34.557Z] +[38;5;242minc/python:setup_package:464             (B[m pip_install -e /opt/stack/neutron
[2026-06-30T10:03:34.557Z] Using python 3.12 to install /opt/stack/neutron
[2026-06-30T10:03:34.557Z] +[38;5;242minc/python:pip_install:210               (B[m env http_proxy=http://proxy-in.its.hpecorp.net:80 https_proxy=http://proxy-in.its.hpecorp.net:443 no_proxy=10.201.5.87,10.201.4.29,10.201.3.85,10.201.3.86,localhost,127.0.0.1,10.201.4.31,10.201.4.32,10.201.4.33,10.201.4.34,10.201.1.221,172.28.65.17,172.28.65.18,172.28.65.207,172.28.65.208 PIP_FIND_LINKS= /opt/stack/data/venv/bin/pip install -c /opt/stack/requirements/upper-constraints.txt -e /opt/stack/neutron
[2026-06-30T10:03:34.557Z] Obtaining file:///opt/stack/neutron
[2026-06-30T10:03:34.557Z]   Installing build dependencies: started
[2026-06-30T10:03:35.954Z]   Installing build dependencies: finished with status 'done'
[2026-06-30T10:03:35.954Z]   Checking if build backend supports build_editable: started
[2026-06-30T10:03:36.908Z]   Checking if build backend supports build_editable: finished with status 'done'
[2026-06-30T10:03:36.908Z]   Getting requirements to build editable: started
[2026-06-30T10:03:37.485Z]   Getting requirements to build editable: finished with status 'done'
[2026-06-30T10:03:37.485Z]   Preparing editable metadata (pyproject.toml): started
[2026-06-30T10:03:40.042Z]   Preparing editable metadata (pyproject.toml): finished with status 'done'
[2026-06-30T10:03:40.042Z] Requirement already satisfied: pbr>=6.0.0 in /opt/stack/data/venv/lib/python3.12/site-packages (from neutron==28.1.0.dev551) (7.0.3)
[2026-06-30T10:03:40.042Z] Requirement already satisfied: Paste>=2.0.2 in /opt/stack/data/venv/lib/python3.12/site-packages (from neutron==28.1.0.dev551) (3.10.1)
[2026-06-30T10:03:40.042Z] Requirement already satisfied: PasteDeploy>=1.5.0 in /opt/stack/data/venv/lib/python3.12/site-packages (from neutron==28.1.0.dev551) (3.1.0)
[2026-06-30T10:03:40.042Z] Requirement already satisfied: Routes>=2.3.1 in /opt/stack/data/venv/lib/python3.12/site-packages (from neutron==28.1.0.dev551) (2.5.1)
[2026-06-30T10:03:40.042Z] Requirement already satisfied: debtcollector>=1.19.0 in /opt/stack/data/venv/lib/python3.12/site-packages (from neutron==28.1.0.dev551) (3.1.0)
[2026-06-30T10:03:40.042Z] Requirement already satisfied: decorator>=4.1.0 in /opt/stack/data/venv/lib/python3.12/site-packages (from neutron==28.1.0.dev551) (5.3.1)
[2026-06-30T10:03:40.042Z] Collecting pecan>=1.4.0 (from neutron==28.1.0.dev551)
[2026-06-30T10:03:40.621Z]   Downloading pecan-1.8.0-py3-none-any.whl.metadata (1.6 kB)
[2026-06-30T10:03:40.621Z] Requirement already satisfied: httplib2>=0.22.0 in /opt/stack/data/venv/lib/python3.12/site-packages (from neutron==28.1.0.dev551) (0.31.2)
[2026-06-30T10:03:40.621Z] Requirement already satisfied: requests>=2.32.3 in /opt/stack/data/venv/lib/python3.12/site-packages (from neutron==28.1.0.dev551) (2.34.2)
[2026-06-30T10:03:40.621Z] Requirement already satisfied: Jinja2>=2.10 in /opt/stack/data/venv/lib/python3.12/site-packages (from neutron==28.1.0.dev551) (3.1.6)
[2026-06-30T10:03:40.621Z] Requirement already satisfied: keystonemiddleware>=5.1.0 in /opt/stack/data/venv/lib/python3.12/site-packages (from neutron==28.1.0.dev551) (13.0.0)
[2026-06-30T10:03:40.621Z] Requirement already satisfied: netaddr>=0.7.18 in /opt/stack/data/venv/lib/python3.12/site-packages (from neutron==28.1.0.dev551) (1.3.0)
[2026-06-30T10:03:40.621Z] Collecting neutron-lib>=4.1.0 (from neutron==28.1.0.dev551)
[2026-06-30T10:03:40.621Z]   Downloading neutron_lib-4.1.0-py3-none-any.whl.metadata (2.4 kB)
[2026-06-30T10:03:40.621Z] Collecting python-neutronclient>=7.8.0 (from neutron==28.1.0.dev551)
[2026-06-30T10:03:40.621Z]   Downloading python_neutronclient-12.0.0-py3-none-any.whl.metadata (3.5 kB)
[2026-06-30T10:03:40.894Z] Requirement already satisfied: tenacity>=6.0.0 in /opt/stack/data/venv/lib/python3.12/site-packages (from neutron==28.1.0.dev551) (9.1.4)
[2026-06-30T10:03:40.894Z] Requirement already satisfied: SQLAlchemy>=1.4.23 in /opt/stack/data/venv/lib/python3.12/site-packages (from neutron==28.1.0.dev551) (2.0.51)
[2026-06-30T10:03:40.894Z] Requirement already satisfied: WebOb>=1.8.2 in /opt/stack/data/venv/lib/python3.12/site-packages (from neutron==28.1.0.dev551) (1.8.10)
[2026-06-30T10:03:40.894Z] Requirement already satisfied: keystoneauth1>=3.14.0 in /opt/stack/data/venv/lib/python3.12/site-packages (from neutron==28.1.0.dev551) (5.14.0)
[2026-06-30T10:03:40.894Z] Requirement already satisfied: alembic>=1.6.5 in /opt/stack/data/venv/lib/python3.12/site-packages (from neutron==28.1.0.dev551) (1.18.4)
[2026-06-30T10:03:40.894Z] Requirement already satisfied: stevedore>=2.0.1 in /opt/stack/data/venv/lib/python3.12/site-packages (from neutron==28.1.0.dev551) (5.8.0)
[2026-06-30T10:03:40.894Z] Requirement already satisfied: oslo.cache>=1.26.0 in /opt/stack/data/venv/lib/python3.12/site-packages (from neutron==28.1.0.dev551) (4.2.0)
[2026-06-30T10:03:40.894Z] Requirement already satisfied: oslo.concurrency>=3.26.0 in /opt/stack/data/venv/lib/python3.12/site-packages (from neutron==28.1.0.dev551) (7.5.0)
[2026-06-30T10:03:40.894Z] Requirement already satisfied: oslo.config>=10.2.0 in /opt/stack/data/venv/lib/python3.12/site-packages (from neutron==28.1.0.dev551) (10.5.0)
[2026-06-30T10:03:40.894Z] Requirement already satisfied: oslo.context>=2.22.0 in /opt/stack/data/venv/lib/python3.12/site-packages (from neutron==28.1.0.dev551) (6.4.0)
[2026-06-30T10:03:40.894Z] Requirement already satisfied: oslo.db>=4.44.0 in /opt/stack/data/venv/lib/python3.12/site-packages (from neutron==28.1.0.dev551) (18.0.0)
[2026-06-30T10:03:40.894Z] Requirement already satisfied: oslo.i18n>=3.20.0 in /opt/stack/data/venv/lib/python3.12/site-packages (from neutron==28.1.0.dev551) (6.8.0)
[2026-06-30T10:03:40.894Z] Requirement already satisfied: oslo.log>=5.3.0 in /opt/stack/data/venv/lib/python3.12/site-packages (from neutron==28.1.0.dev551) (8.2.0)
[2026-06-30T10:03:40.894Z] Requirement already satisfied: oslo.messaging>=7.0.0 in /opt/stack/data/venv/lib/python3.12/site-packages (from neutron==28.1.0.dev551) (18.1.0)
[2026-06-30T10:03:40.894Z] Requirement already satisfied: oslo.middleware>=3.31.0 in /opt/stack/data/venv/lib/python3.12/site-packages (from neutron==28.1.0.dev551) (8.1.0)
[2026-06-30T10:03:40.894Z] Requirement already satisfied: oslo.policy>=5.0.0 in /opt/stack/data/venv/lib/python3.12/site-packages (from neutron==28.1.0.dev551) (5.1.0)
[2026-06-30T10:03:40.894Z] Requirement already satisfied: oslo.privsep>=2.3.0 in /opt/stack/data/venv/lib/python3.12/site-packages (from neutron==28.1.0.dev551) (3.11.0)
[2026-06-30T10:03:40.894Z] Requirement already satisfied: oslo.reports>=1.18.0 in /opt/stack/data/venv/lib/python3.12/site-packages (from neutron==28.1.0.dev551) (3.8.0)
[2026-06-30T10:03:40.894Z] Requirement already satisfied: oslo.rootwrap>=5.15.0 in /opt/stack/data/venv/lib/python3.12/site-packages (from neutron==28.1.0.dev551) (7.9.0)
[2026-06-30T10:03:40.894Z] Requirement already satisfied: oslo.serialization>=5.5.0 in /opt/stack/data/venv/lib/python3.12/site-packages (from neutron==28.1.0.dev551) (5.10.0)
[2026-06-30T10:03:40.894Z] Requirement already satisfied: oslo.service>=4.2.1 in /opt/stack/data/venv/lib/python3.12/site-packages (from oslo.service[threading]>=4.2.1->neutron==28.1.0.dev551) (4.6.0)
[2026-06-30T10:03:40.894Z] Requirement already satisfied: oslo.upgradecheck>=1.3.0 in /opt/stack/data/venv/lib/python3.12/site-packages (from neutron==28.1.0.dev551) (2.7.1)
[2026-06-30T10:03:40.894Z] Requirement already satisfied: oslo.utils>=7.3.0 in /opt/stack/data/venv/lib/python3.12/site-packages (from neutron==28.1.0.dev551) (10.1.1)
[2026-06-30T10:03:40.894Z] Requirement already satisfied: oslo.versionedobjects>=1.35.1 in /opt/stack/data/venv/lib/python3.12/site-packages (from neutron==28.1.0.dev551) (3.10.2)
[2026-06-30T10:03:40.894Z] Requirement already satisfied: osprofiler>=2.3.0 in /opt/stack/data/venv/lib/python3.12/site-packages (from neutron==28.1.0.dev551) (4.4.0)
[2026-06-30T10:03:40.894Z] Collecting os-ken>=4.2.1 (from neutron==28.1.0.dev551)
[2026-06-30T10:03:40.894Z]   Downloading os_ken-4.2.1-py3-none-any.whl.metadata (2.0 kB)
[2026-06-30T10:03:40.894Z] Collecting os-resource-classes>=1.1.0 (from neutron==28.1.0.dev551)
[2026-06-30T10:03:40.894Z]   Downloading os_resource_classes-1.1.0-py3-none-any.whl.metadata (1.9 kB)
[2026-06-30T10:03:41.197Z] Collecting ovs>3.3.0 (from neutron==28.1.0.dev551)
[2026-06-30T10:03:41.197Z]   Downloading ovs-3.7.1.tar.gz (162 kB)
[2026-06-30T10:03:41.197Z]   Installing build dependencies: started
[2026-06-30T10:03:43.856Z]   Installing build dependencies: finished with status 'done'
[2026-06-30T10:03:43.856Z]   Getting requirements to build wheel: started
[2026-06-30T10:03:44.127Z]   Getting requirements to build wheel: finished with status 'done'
[2026-06-30T10:03:44.127Z]   Preparing metadata (pyproject.toml): started
[2026-06-30T10:03:44.715Z]   Preparing metadata (pyproject.toml): finished with status 'done'
[2026-06-30T10:03:44.715Z] Collecting ovsdbapp>=2.18.0 (from neutron==28.1.0.dev551)
[2026-06-30T10:03:44.715Z]   Downloading ovsdbapp-2.18.0-py3-none-any.whl.metadata (1.9 kB)
[2026-06-30T10:03:44.715Z] Requirement already satisfied: psutil>=6.1.0 in /opt/stack/data/venv/lib/python3.12/site-packages (from neutron==28.1.0.dev551) (7.2.2)
[2026-06-30T10:03:44.715Z] Collecting pyroute2>=0.7.3 (from neutron==28.1.0.dev551)
[2026-06-30T10:03:44.715Z]   Downloading pyroute2-0.8.1-py3-none-any.whl.metadata (8.2 kB)
[2026-06-30T10:03:44.715Z] Requirement already satisfied: pyOpenSSL>=17.1.0 in /opt/stack/data/venv/lib/python3.12/site-packages (from neutron==28.1.0.dev551) (24.2.1)
[2026-06-30T10:03:44.715Z] Requirement already satisfied: python-novaclient>=9.1.0 in /opt/stack/data/venv/lib/python3.12/site-packages (from neutron==28.1.0.dev551) (18.13.0)
[2026-06-30T10:03:44.715Z] Requirement already satisfied: openstacksdk>=0.31.2 in /opt/stack/data/venv/lib/python3.12/site-packages (from neutron==28.1.0.dev551) (4.17.0)
[2026-06-30T10:03:44.715Z] Collecting python-designateclient>=2.7.0 (from neutron==28.1.0.dev551)
[2026-06-30T10:03:45.001Z]   Downloading python_designateclient-6.4.0-py3-none-any.whl.metadata (3.1 kB)
[2026-06-30T10:03:45.001Z] Collecting os-vif>=3.1.0 (from neutron==28.1.0.dev551)
[2026-06-30T10:03:45.001Z]   Downloading os_vif-5.0.0-py3-none-any.whl.metadata (2.1 kB)
[2026-06-30T10:03:45.001Z] Requirement already satisfied: futurist>=1.2.0 in /opt/stack/data/venv/lib/python3.12/site-packages (from neutron==28.1.0.dev551) (3.4.0)
[2026-06-30T10:03:45.001Z] Requirement already satisfied: tooz>=1.58.0 in /opt/stack/data/venv/lib/python3.12/site-packages (from neutron==28.1.0.dev551) (8.1.0)
[2026-06-30T10:03:45.001Z] Requirement already satisfied: Mako in /opt/stack/data/venv/lib/python3.12/site-packages (from alembic>=1.6.5->neutron==28.1.0.dev551) (1.3.12)
[2026-06-30T10:03:45.001Z] Requirement already satisfied: typing-extensions>=4.12 in /opt/stack/data/venv/lib/python3.12/site-packages (from alembic>=1.6.5->neutron==28.1.0.dev551) (4.15.0)
[2026-06-30T10:03:45.001Z] Requirement already satisfied: wrapt>=2.1.0 in /opt/stack/data/venv/lib/python3.12/site-packages (from debtcollector>=1.19.0->neutron==28.1.0.dev551) (2.2.1)
[2026-06-30T10:03:45.001Z] Requirement already satisfied: pyparsing<4,>=3.1 in /opt/stack/data/venv/lib/python3.12/site-packages (from httplib2>=0.22.0->neutron==28.1.0.dev551) (3.3.2)
[2026-06-30T10:03:45.001Z] Requirement already satisfied: MarkupSafe>=2.0 in /opt/stack/data/venv/lib/python3.12/site-packages (from Jinja2>=2.10->neutron==28.1.0.dev551) (3.0.3)
[2026-06-30T10:03:45.001Z] Requirement already satisfied: iso8601>=2.0.0 in /opt/stack/data/venv/lib/python3.12/site-packages (from keystoneauth1>=3.14.0->neutron==28.1.0.dev551) (2.1.0)
[2026-06-30T10:03:45.001Z] Requirement already satisfied: os-service-types>=1.2.0 in /opt/stack/data/venv/lib/python3.12/site-packages (from keystoneauth1>=3.14.0->neutron==28.1.0.dev551) (1.8.2)
[2026-06-30T10:03:45.001Z] Requirement already satisfied: pycadf>=1.1.0 in /opt/stack/data/venv/lib/python3.12/site-packages (from keystonemiddleware>=5.1.0->neutron==28.1.0.dev551) (4.0.1)
[2026-06-30T10:03:45.001Z] Requirement already satisfied: PyJWT>=2.4.0 in /opt/stack/data/venv/lib/python3.12/site-packages (from keystonemiddleware>=5.1.0->neutron==28.1.0.dev551) (2.13.0)
[2026-06-30T10:03:45.001Z] Requirement already satisfied: python-keystoneclient>=3.20.0 in /opt/stack/data/venv/lib/python3.12/site-packages (from keystonemiddleware>=5.1.0->neutron==28.1.0.dev551) (5.8.0)
[2026-06-30T10:03:45.001Z] Requirement already satisfied: setproctitle>=1.1.10 in /opt/stack/data/venv/lib/python3.12/site-packages (from neutron-lib>=4.1.0->neutron==28.1.0.dev551) (1.3.7)
[2026-06-30T10:03:45.001Z] Collecting os-traits>=0.9.0 (from neutron-lib>=4.1.0->neutron==28.1.0.dev551)
[2026-06-30T10:03:45.294Z]   Downloading os_traits-3.8.0-py3-none-any.whl.metadata (1.9 kB)
[2026-06-30T10:03:45.294Z] Requirement already satisfied: cryptography>=2.7 in /opt/stack/data/venv/lib/python3.12/site-packages (from openstacksdk>=0.31.2->neutron==28.1.0.dev551) (43.0.3)
[2026-06-30T10:03:45.294Z] Requirement already satisfied: dogpile.cache>=0.6.5 in /opt/stack/data/venv/lib/python3.12/site-packages (from openstacksdk>=0.31.2->neutron==28.1.0.dev551) (1.5.0)
[2026-06-30T10:03:45.294Z] Requirement already satisfied: jmespath>=0.9.0 in /opt/stack/data/venv/lib/python3.12/site-packages (from openstacksdk>=0.31.2->neutron==28.1.0.dev551) (1.1.0)
[2026-06-30T10:03:45.294Z] Requirement already satisfied: jsonpatch!=1.20,>=1.16 in /opt/stack/data/venv/lib/python3.12/site-packages (from openstacksdk>=0.31.2->neutron==28.1.0.dev551) (1.33)
[2026-06-30T10:03:45.294Z] Requirement already satisfied: platformdirs>=3 in /opt/stack/data/venv/lib/python3.12/site-packages (from openstacksdk>=0.31.2->neutron==28.1.0.dev551) (4.10.0)
[2026-06-30T10:03:45.294Z] Requirement already satisfied: PyYAML>=3.13 in /opt/stack/data/venv/lib/python3.12/site-packages (from openstacksdk>=0.31.2->neutron==28.1.0.dev551) (6.0.3)
[2026-06-30T10:03:45.294Z] Requirement already satisfied: cffi>=1.12 in /opt/stack/data/venv/lib/python3.12/site-packages (from cryptography>=2.7->openstacksdk>=0.31.2->neutron==28.1.0.dev551) (2.0.0)
[2026-06-30T10:03:45.294Z] Requirement already satisfied: pycparser in /opt/stack/data/venv/lib/python3.12/site-packages (from cffi>=1.12->cryptography>=2.7->openstacksdk>=0.31.2->neutron==28.1.0.dev551) (3.0)
[2026-06-30T10:03:45.294Z] Requirement already satisfied: jsonpointer>=1.9 in /opt/stack/data/venv/lib/python3.12/site-packages (from jsonpatch!=1.20,>=1.16->openstacksdk>=0.31.2->neutron==28.1.0.dev551) (3.1.1)
[2026-06-30T10:03:45.294Z] Requirement already satisfied: eventlet>=0.27.0 in /opt/stack/data/venv/lib/python3.12/site-packages (from os-ken>=4.2.1->neutron==28.1.0.dev551) (0.41.0)
[2026-06-30T10:03:45.294Z] Requirement already satisfied: msgpack>=1.0.0 in /opt/stack/data/venv/lib/python3.12/site-packages (from os-ken>=4.2.1->neutron==28.1.0.dev551) (1.2.1)
[2026-06-30T10:03:45.294Z] Collecting ncclient>=0.6.13 (from os-ken>=4.2.1->neutron==28.1.0.dev551)
[2026-06-30T10:03:45.294Z]   Downloading ncclient-0.7.1-py3-none-any.whl.metadata (12 kB)
[2026-06-30T10:03:45.294Z] Requirement already satisfied: packaging>=20.4 in /opt/stack/data/venv/lib/python3.12/site-packages (from os-ken>=4.2.1->neutron==28.1.0.dev551) (26.2)
[2026-06-30T10:03:45.294Z] Requirement already satisfied: dnspython>=1.15.0 in /opt/stack/data/venv/lib/python3.12/site-packages (from eventlet>=0.27.0->os-ken>=4.2.1->neutron==28.1.0.dev551) (2.8.0)
[2026-06-30T10:03:45.294Z] Requirement already satisfied: greenlet>=1.0 in /opt/stack/data/venv/lib/python3.12/site-packages (from eventlet>=0.27.0->os-ken>=4.2.1->neutron==28.1.0.dev551) (3.5.2)
[2026-06-30T10:03:45.294Z] Requirement already satisfied: lxml>=3.3.0 in /opt/stack/data/venv/lib/python3.12/site-packages (from ncclient>=0.6.13->os-ken>=4.2.1->neutron==28.1.0.dev551) (6.1.1)
[2026-06-30T10:03:45.294Z] Requirement already satisfied: paramiko>=3.2.0 in /opt/stack/data/venv/lib/python3.12/site-packages (from ncclient>=0.6.13->os-ken>=4.2.1->neutron==28.1.0.dev551) (4.0.0)
[2026-06-30T10:03:45.294Z] Requirement already satisfied: fasteners>=0.7.0 in /opt/stack/data/venv/lib/python3.12/site-packages (from oslo.concurrency>=3.26.0->neutron==28.1.0.dev551) (0.20)
[2026-06-30T10:03:45.294Z] Requirement already satisfied: rfc3986>=1.2.0 in /opt/stack/data/venv/lib/python3.12/site-packages (from oslo.config>=10.2.0->neutron==28.1.0.dev551) (2.0.0)
[2026-06-30T10:03:45.294Z] Requirement already satisfied: testresources>=2.0.0 in /opt/stack/data/venv/lib/python3.12/site-packages (from oslo.db>=4.44.0->neutron==28.1.0.dev551) (2.1.2)
[2026-06-30T10:03:45.294Z] Requirement already satisfied: testscenarios>=0.4 in /opt/stack/data/venv/lib/python3.12/site-packages (from oslo.db>=4.44.0->neutron==28.1.0.dev551) (0.6.2)
[2026-06-30T10:03:45.294Z] Requirement already satisfied: python-dateutil>=2.7.0 in /opt/stack/data/venv/lib/python3.12/site-packages (from oslo.log>=5.3.0->neutron==28.1.0.dev551) (2.9.0.post0)
[2026-06-30T10:03:45.294Z] Requirement already satisfied: cachetools>=2.0.0 in /opt/stack/data/venv/lib/python3.12/site-packages (from oslo.messaging>=7.0.0->neutron==28.1.0.dev551) (7.1.4)
[2026-06-30T10:03:45.584Z] Requirement already satisfied: amqp>=2.5.2 in /opt/stack/data/venv/lib/python3.12/site-packages (from oslo.messaging>=7.0.0->neutron==28.1.0.dev551) (5.3.1)
[2026-06-30T10:03:45.584Z] Requirement already satisfied: kombu>=4.6.8 in /opt/stack/data/venv/lib/python3.12/site-packages (from oslo.messaging>=7.0.0->neutron==28.1.0.dev551) (5.6.2)
[2026-06-30T10:03:45.584Z] Requirement already satisfied: oslo.metrics>=0.2.1 in /opt/stack/data/venv/lib/python3.12/site-packages (from oslo.messaging>=7.0.0->neutron==28.1.0.dev551) (0.16.0)
[2026-06-30T10:03:45.584Z] Requirement already satisfied: vine<6.0.0,>=5.0.0 in /opt/stack/data/venv/lib/python3.12/site-packages (from amqp>=2.5.2->oslo.messaging>=7.0.0->neutron==28.1.0.dev551) (5.1.0)
[2026-06-30T10:03:45.584Z] Requirement already satisfied: tzdata>=2025.2 in /opt/stack/data/venv/lib/python3.12/site-packages (from kombu>=4.6.8->oslo.messaging>=7.0.0->neutron==28.1.0.dev551) (2026.2)
[2026-06-30T10:03:45.584Z] Requirement already satisfied: prometheus-client>=0.6.0 in /opt/stack/data/venv/lib/python3.12/site-packages (from oslo.metrics>=0.2.1->oslo.messaging>=7.0.0->neutron==28.1.0.dev551) (0.25.0)
[2026-06-30T10:03:45.584Z] Requirement already satisfied: bcrypt>=3.1.3 in /opt/stack/data/venv/lib/python3.12/site-packages (from oslo.middleware>=3.31.0->neutron==28.1.0.dev551) (5.0.0)
[2026-06-30T10:03:45.584Z] Requirement already satisfied: statsd>=3.2.1 in /opt/stack/data/venv/lib/python3.12/site-packages (from oslo.middleware>=3.31.0->neutron==28.1.0.dev551) (4.0.1)
[2026-06-30T10:03:45.584Z] Requirement already satisfied: Yappi>=1.0 in /opt/stack/data/venv/lib/python3.12/site-packages (from oslo.service>=4.2.1->oslo.service[threading]>=4.2.1->neutron==28.1.0.dev551) (1.7.6)
[2026-06-30T10:03:45.584Z] Requirement already satisfied: cotyledon>=2.2.0 in /opt/stack/data/venv/lib/python3.12/site-packages (from oslo.service[threading]>=4.2.1->neutron==28.1.0.dev551) (2.2.0)
[2026-06-30T10:03:45.584Z] Requirement already satisfied: PrettyTable>=0.7.1 in /opt/stack/data/venv/lib/python3.12/site-packages (from oslo.upgradecheck>=1.3.0->neutron==28.1.0.dev551) (3.17.0)
[2026-06-30T10:03:45.584Z] Requirement already satisfied: sortedcontainers in /usr/lib/python3/dist-packages (from ovs>3.3.0->neutron==28.1.0.dev551) (2.4.0)
[2026-06-30T10:03:45.584Z] Collecting fixtures>=3.0.0 (from ovsdbapp>=2.18.0->neutron==28.1.0.dev551)
[2026-06-30T10:03:45.584Z]   Using cached fixtures-4.3.2-py3-none-any.whl.metadata (22 kB)
[2026-06-30T10:03:45.584Z] Requirement already satisfied: invoke>=2.0 in /opt/stack/data/venv/lib/python3.12/site-packages (from paramiko>=3.2.0->ncclient>=0.6.13->os-ken>=4.2.1->neutron==28.1.0.dev551) (3.0.3)
[2026-06-30T10:03:45.584Z] Requirement already satisfied: pynacl>=1.5 in /opt/stack/data/venv/lib/python3.12/site-packages (from paramiko>=3.2.0->ncclient>=0.6.13->os-ken>=4.2.1->neutron==28.1.0.dev551) (1.6.2)
[2026-06-30T10:03:45.584Z] Requirement already satisfied: setuptools in /opt/stack/data/venv/lib/python3.12/site-packages (from Paste>=2.0.2->neutron==28.1.0.dev551) (82.0.1)
[2026-06-30T10:03:45.584Z] Requirement already satisfied: wcwidth in /opt/stack/data/venv/lib/python3.12/site-packages (from PrettyTable>=0.7.1->oslo.upgradecheck>=1.3.0->neutron==28.1.0.dev551) (0.8.1)
[2026-06-30T10:03:45.584Z] Requirement already satisfied: six>=1.5 in /opt/stack/data/venv/lib/python3.12/site-packages (from python-dateutil>=2.7.0->oslo.log>=5.3.0->neutron==28.1.0.dev551) (1.17.0)
[2026-06-30T10:03:45.584Z] Requirement already satisfied: cliff!=2.9.0,>=2.8.0 in /opt/stack/data/venv/lib/python3.12/site-packages (from python-designateclient>=2.7.0->neutron==28.1.0.dev551) (4.14.0)
[2026-06-30T10:03:45.584Z] Requirement already satisfied: jsonschema>=3.2.0 in /opt/stack/data/venv/lib/python3.12/site-packages (from python-designateclient>=2.7.0->neutron==28.1.0.dev551) (4.26.0)
[2026-06-30T10:03:45.869Z] Collecting osc-lib>=1.8.0 (from python-designateclient>=2.7.0->neutron==28.1.0.dev551)
[2026-06-30T10:03:45.869Z]   Downloading osc_lib-4.6.0-py3-none-any.whl.metadata (3.8 kB)
[2026-06-30T10:03:45.869Z] Requirement already satisfied: autopage>=0.4.0 in /opt/stack/data/venv/lib/python3.12/site-packages (from cliff!=2.9.0,>=2.8.0->python-designateclient>=2.7.0->neutron==28.1.0.dev551) (0.6.0)
[2026-06-30T10:03:45.869Z] Requirement already satisfied: cmd2>=3.0.0 in /opt/stack/data/venv/lib/python3.12/site-packages (from cliff!=2.9.0,>=2.8.0->python-designateclient>=2.7.0->neutron==28.1.0.dev551) (4.0.0)
[2026-06-30T10:03:45.869Z] Requirement already satisfied: prompt-toolkit>=3.0.52 in /opt/stack/data/venv/lib/python3.12/site-packages (from cmd2>=3.0.0->cliff!=2.9.0,>=2.8.0->python-designateclient>=2.7.0->neutron==28.1.0.dev551) (3.0.52)
[2026-06-30T10:03:45.869Z] Requirement already satisfied: pyperclip>=1.8.2 in /opt/stack/data/venv/lib/python3.12/site-packages (from cmd2>=3.0.0->cliff!=2.9.0,>=2.8.0->python-designateclient>=2.7.0->neutron==28.1.0.dev551) (1.11.0)
[2026-06-30T10:03:45.869Z] Requirement already satisfied: rich>=15.0.0 in /opt/stack/data/venv/lib/python3.12/site-packages (from cmd2>=3.0.0->cliff!=2.9.0,>=2.8.0->python-designateclient>=2.7.0->neutron==28.1.0.dev551) (15.0.0)
[2026-06-30T10:03:45.869Z] Requirement already satisfied: rich-argparse>=1.7.2 in /opt/stack/data/venv/lib/python3.12/site-packages (from cmd2>=3.0.0->cliff!=2.9.0,>=2.8.0->python-designateclient>=2.7.0->neutron==28.1.0.dev551) (1.8.0)
[2026-06-30T10:03:45.869Z] Requirement already satisfied: attrs>=22.2.0 in /opt/stack/data/venv/lib/python3.12/site-packages (from jsonschema>=3.2.0->python-designateclient>=2.7.0->neutron==28.1.0.dev551) (26.1.0)
[2026-06-30T10:03:45.869Z] Requirement already satisfied: jsonschema-specifications>=2023.03.6 in /opt/stack/data/venv/lib/python3.12/site-packages (from jsonschema>=3.2.0->python-designateclient>=2.7.0->neutron==28.1.0.dev551) (2025.9.1)
[2026-06-30T10:03:45.869Z] Requirement already satisfied: referencing>=0.28.4 in /opt/stack/data/venv/lib/python3.12/site-packages (from jsonschema>=3.2.0->python-designateclient>=2.7.0->neutron==28.1.0.dev551) (0.37.0)
[2026-06-30T10:03:45.870Z] Requirement already satisfied: rpds-py>=0.25.0 in /opt/stack/data/venv/lib/python3.12/site-packages (from jsonschema>=3.2.0->python-designateclient>=2.7.0->neutron==28.1.0.dev551) (2026.5.1)
[2026-06-30T10:03:45.870Z] Requirement already satisfied: charset_normalizer<4,>=2 in /opt/stack/data/venv/lib/python3.12/site-packages (from requests>=2.32.3->neutron==28.1.0.dev551) (3.4.7)
[2026-06-30T10:03:45.870Z] Requirement already satisfied: idna<4,>=2.5 in /opt/stack/data/venv/lib/python3.12/site-packages (from requests>=2.32.3->neutron==28.1.0.dev551) (3.18)
[2026-06-30T10:03:45.870Z] Requirement already satisfied: urllib3<3,>=1.26 in /opt/stack/data/venv/lib/python3.12/site-packages (from requests>=2.32.3->neutron==28.1.0.dev551) (2.7.0)
[2026-06-30T10:03:45.870Z] Requirement already satisfied: certifi>=2023.5.7 in /usr/lib/python3/dist-packages (from requests>=2.32.3->neutron==28.1.0.dev551) (2023.11.17)
[2026-06-30T10:03:45.870Z] Requirement already satisfied: markdown-it-py>=2.2.0 in /opt/stack/data/venv/lib/python3.12/site-packages (from rich>=15.0.0->cmd2>=3.0.0->cliff!=2.9.0,>=2.8.0->python-designateclient>=2.7.0->neutron==28.1.0.dev551) (4.2.0)
[2026-06-30T10:03:45.870Z] Requirement already satisfied: pygments<3.0.0,>=2.13.0 in /opt/stack/data/venv/lib/python3.12/site-packages (from rich>=15.0.0->cmd2>=3.0.0->cliff!=2.9.0,>=2.8.0->python-designateclient>=2.7.0->neutron==28.1.0.dev551) (2.20.0)
[2026-06-30T10:03:45.870Z] Requirement already satisfied: mdurl~=0.1 in /usr/lib/python3/dist-packages (from markdown-it-py>=2.2.0->rich>=15.0.0->cmd2>=3.0.0->cliff!=2.9.0,>=2.8.0->python-designateclient>=2.7.0->neutron==28.1.0.dev551) (0.1.2)
[2026-06-30T10:03:46.147Z] Requirement already satisfied: repoze.lru>=0.3 in /opt/stack/data/venv/lib/python3.12/site-packages (from Routes>=2.3.1->neutron==28.1.0.dev551) (0.8)
[2026-06-30T10:03:46.147Z] Requirement already satisfied: voluptuous>=0.8.9 in /opt/stack/data/venv/lib/python3.12/site-packages (from tooz>=1.58.0->neutron==28.1.0.dev551) (0.16.0)
[2026-06-30T10:03:46.147Z] Downloading neutron_lib-4.1.0-py3-none-any.whl (640 kB)
[2026-06-30T10:03:46.422Z]    ━━━━━━━━━━━━━━━━━━━━━━━━━━━━━━━━━━━━━━━━ 640.6/640.6 kB 2.3 MB/s  0:00:00
[2026-06-30T10:03:46.714Z] Downloading os_ken-4.2.1-py3-none-any.whl (2.0 MB)
[2026-06-30T10:03:47.331Z]    ━━━━━━━━━━━━━━━━━━━━━━━━━━━━━━━━━━━━━━━━ 2.0/2.0 MB 3.6 MB/s  0:00:00
[2026-06-30T10:03:47.331Z] Downloading ncclient-0.7.1-py3-none-any.whl (94 kB)
[2026-06-30T10:03:47.331Z] Downloading os_resource_classes-1.1.0-py3-none-any.whl (11 kB)
[2026-06-30T10:03:47.331Z] Downloading os_traits-3.8.0-py3-none-any.whl (44 kB)
[2026-06-30T10:03:47.331Z] Downloading os_vif-5.0.0-py3-none-any.whl (103 kB)
[2026-06-30T10:03:47.331Z] Downloading ovsdbapp-2.18.0-py3-none-any.whl (153 kB)
[2026-06-30T10:03:47.331Z] Using cached fixtures-4.3.2-py3-none-any.whl (41 kB)
[2026-06-30T10:03:47.603Z] Downloading pecan-1.8.0-py3-none-any.whl (144 kB)
[2026-06-30T10:03:47.603Z] Downloading pyroute2-0.8.1-py3-none-any.whl (474 kB)
[2026-06-30T10:03:47.882Z] Downloading python_designateclient-6.4.0-py3-none-any.whl (96 kB)
[2026-06-30T10:03:47.882Z] Downloading osc_lib-4.6.0-py3-none-any.whl (96 kB)
[2026-06-30T10:03:47.882Z] Downloading python_neutronclient-12.0.0-py3-none-any.whl (248 kB)
[2026-06-30T10:03:48.366Z] Building wheels for collected packages: neutron, ovs
[2026-06-30T10:03:48.366Z]   Building editable for neutron (pyproject.toml): started
[2026-06-30T10:03:51.788Z]   Building editable for neutron (pyproject.toml): finished with status 'done'
[2026-06-30T10:03:51.788Z]   Created wheel for neutron: filename=neutron-28.1.0.dev551-0.editable-py3-none-any.whl size=15982 sha256=7258a77a83600beee0380ce32e78d737650543c40baa74752b060b68ce8c7b5d
[2026-06-30T10:03:51.788Z]   Stored in directory: /tmp/pip-ephem-wheel-cache-bzgs6eiq/wheels/85/41/4b/b676c3191efff247eca42312d2ef97517d6d981ada429e2e98
[2026-06-30T10:03:51.788Z]   Building wheel for ovs (pyproject.toml): started
[2026-06-30T10:03:53.353Z]   Building wheel for ovs (pyproject.toml): finished with status 'done'
[2026-06-30T10:03:53.353Z]   Created wheel for ovs: filename=ovs-3.7.1-py3-none-any.whl size=191286 sha256=a78133a3739bff88ebefb15ce33198bf5b46274df135518d84f4c7b8f47b067c
[2026-06-30T10:03:53.353Z]   Stored in directory: /opt/stack/.cache/pip/wheels/ad/8f/7e/5c45edfad8724b1855f52f55dda4f193565d5fa2535d9faa2b
[2026-06-30T10:03:53.353Z] Successfully built neutron ovs
[2026-06-30T10:03:53.861Z] Installing collected packages: pyroute2, ovs, fixtures, pecan, ovsdbapp, os-traits, os-resource-classes, ncclient, os-ken, osc-lib, python-neutronclient, python-designateclient, os-vif, neutron-lib, neutron
[2026-06-30T10:03:54.493Z]   Attempting uninstall: ovs
[2026-06-30T10:03:54.493Z]     Found existing installation: ovs 3.3.4
[2026-06-30T10:03:54.493Z]     Not uninstalling ovs at /usr/lib/python3/dist-packages, outside environment /opt/stack/data/venv
[2026-06-30T10:03:54.493Z]     Can't uninstall 'ovs'. No files were found to uninstall.
[2026-06-30T10:04:00.002Z] 
[2026-06-30T10:04:00.002Z] Successfully installed fixtures-4.3.2 ncclient-0.7.1 neutron-28.1.0.dev551 neutron-lib-4.1.0 os-ken-4.2.1 os-resource-classes-1.1.0 os-traits-3.8.0 os-vif-5.0.0 osc-lib-4.6.0 ovs-3.7.1 ovsdbapp-2.18.0 pecan-1.8.0 pyroute2-0.8.1 python-designateclient-6.4.0 python-neutronclient-12.0.0
[2026-06-30T10:04:00.002Z] +[38;5;242minc/python:pip_install:216               (B[m result=0
[2026-06-30T10:04:00.002Z] +[38;5;242minc/python:pip_install:218               (B[m time_stop pip_install
[2026-06-30T10:04:00.002Z] +[38;5;242mfunctions-common:time_stop:2420          (B[m local name
[2026-06-30T10:04:00.002Z] +[38;5;242mfunctions-common:time_stop:2421          (B[m local end_time
[2026-06-30T10:04:00.002Z] +[38;5;242mfunctions-common:time_stop:2422          (B[m local elapsed_time
[2026-06-30T10:04:00.002Z] +[38;5;242mfunctions-common:time_stop:2423          (B[m local total
[2026-06-30T10:04:00.002Z] +[38;5;242mfunctions-common:time_stop:2424          (B[m local start_time
[2026-06-30T10:04:00.002Z] +[38;5;242mfunctions-common:time_stop:2426          (B[m name=pip_install
[2026-06-30T10:04:00.002Z] +[38;5;242mfunctions-common:time_stop:2427          (B[m start_time=1782813820588
[2026-06-30T10:04:00.002Z] +[38;5;242mfunctions-common:time_stop:2429          (B[m [[ -z 1782813820588 ]]
[2026-06-30T10:04:00.002Z] ++[38;5;242mfunctions-common:time_stop:2432          (B[m date +%s%3N
[2026-06-30T10:04:00.002Z] +[38;5;242mfunctions-common:time_stop:2432          (B[m end_time=1782813847924
[2026-06-30T10:04:00.002Z] +[38;5;242mfunctions-common:time_stop:2433          (B[m elapsed_time=27336
[2026-06-30T10:04:00.002Z] +[38;5;242mfunctions-common:time_stop:2434          (B[m total=164521
[2026-06-30T10:04:00.002Z] +[38;5;242mfunctions-common:time_stop:2436          (B[m _TIME_START[$name]=
[2026-06-30T10:04:00.002Z] +[38;5;242mfunctions-common:time_stop:2437          (B[m _TIME_TOTAL[$name]=191857
[2026-06-30T10:04:00.002Z] +[38;5;242minc/python:pip_install:219               (B[m return 0
[2026-06-30T10:04:00.002Z] +[38;5;242minc/python:setup_package:466             (B[m [[ -e == \-\e ]]
[2026-06-30T10:04:00.002Z] +[38;5;242minc/python:setup_package:466             (B[m [[ True == \F\a\l\s\e ]]
[2026-06-30T10:04:00.002Z] +[38;5;242minc/python:_setup_package_with_constraints_edit:412 (B[m use_library_from_git /opt/stack/neutron
[2026-06-30T10:04:00.002Z] +[38;5;242minc/python:use_library_from_git:266      (B[m local name=/opt/stack/neutron
[2026-06-30T10:04:00.002Z] +[38;5;242minc/python:use_library_from_git:267      (B[m local enabled=1
[2026-06-30T10:04:00.002Z] +[38;5;242minc/python:use_library_from_git:268      (B[m [[ '' = \A\L\L ]]
[2026-06-30T10:04:00.002Z] +[38;5;242minc/python:use_library_from_git:268      (B[m [[ ,, =~ ,/opt/stack/neutron, ]]
[2026-06-30T10:04:00.002Z] +[38;5;242minc/python:use_library_from_git:269      (B[m return 1
[2026-06-30T10:04:00.002Z] +[38;5;242mlib/neutron:install_neutron:528          (B[m [[ ovn == \o\v\n ]]
[2026-06-30T10:04:00.269Z] +[38;5;242mlib/neutron:install_neutron:529          (B[m install_ovn
[2026-06-30T10:04:00.269Z] +[38;5;242mlib/neutron_plugins/ovn_agent:install_ovn:404 (B[m echo 'Installing OVN and dependent packages'
[2026-06-30T10:04:00.269Z] Installing OVN and dependent packages
[2026-06-30T10:04:00.269Z] +[38;5;242mlib/neutron_plugins/ovn_agent:install_ovn:407 (B[m ovn_sanity_check
[2026-06-30T10:04:00.269Z] +[38;5;242mlib/neutron_plugins/ovn_agent:ovn_sanity_check:391 (B[m is_service_enabled q-agt neutron-agent
[2026-06-30T10:04:00.534Z] +[38;5;242mfunctions-common:is_service_enabled:2076 (B[m return 1
[2026-06-30T10:04:00.534Z] +[38;5;242mlib/neutron_plugins/ovn_agent:ovn_sanity_check:393 (B[m is_service_enabled q-l3 neutron-l3
[2026-06-30T10:04:00.534Z] +[38;5;242mfunctions-common:is_service_enabled:2076 (B[m return 1
[2026-06-30T10:04:00.534Z] +[38;5;242mlib/neutron_plugins/ovn_agent:ovn_sanity_check:395 (B[m is_service_enabled q-svc neutron-api
[2026-06-30T10:04:00.806Z] +[38;5;242mfunctions-common:is_service_enabled:2076 (B[m return 0
[2026-06-30T10:04:00.806Z] +[38;5;242mlib/neutron_plugins/ovn_agent:ovn_sanity_check:395 (B[m [[ ! ovn =~ ovn ]]
[2026-06-30T10:04:00.806Z] +[38;5;242mlib/neutron_plugins/ovn_agent:ovn_sanity_check:397 (B[m is_service_enabled q-svc neutron-api
[2026-06-30T10:04:01.070Z] +[38;5;242mfunctions-common:is_service_enabled:2076 (B[m return 0
[2026-06-30T10:04:01.070Z] +[38;5;242mlib/neutron_plugins/ovn_agent:ovn_sanity_check:397 (B[m [[ ! local,flat,vlan,geneve =~ geneve ]]
[2026-06-30T10:04:01.070Z] +[38;5;242mlib/neutron_plugins/ovn_agent:install_ovn:409 (B[m sudo mkdir -p /var/run/openvswitch
[2026-06-30T10:04:01.070Z] ++[38;5;242mlib/neutron_plugins/ovn_agent:install_ovn:410 (B[m whoami
[2026-06-30T10:04:01.336Z] +[38;5;242mlib/neutron_plugins/ovn_agent:install_ovn:410 (B[m sudo chown stack /var/run/openvswitch
[2026-06-30T10:04:01.336Z] +[38;5;242mlib/neutron_plugins/ovn_agent:install_ovn:412 (B[m [[ False == \T\r\u\e ]]
[2026-06-30T10:04:01.336Z] ++[38;5;242mlib/neutron_plugins/ovn_agent:install_ovn:434 (B[m get_packages openvswitch
[2026-06-30T10:04:01.601Z] +[38;5;242mlib/neutron_plugins/ovn_agent:install_ovn:434 (B[m install_package fakeroot make openvswitch-switch
[2026-06-30T10:04:01.601Z] +[38;5;242mfunctions-common:install_package:1438    (B[m update_package_repo
[2026-06-30T10:04:01.601Z] +[38;5;242mfunctions-common:update_package_repo:1412 (B[m NO_UPDATE_REPOS=False
[2026-06-30T10:04:01.601Z] +[38;5;242mfunctions-common:update_package_repo:1413 (B[m REPOS_UPDATED=True
[2026-06-30T10:04:01.601Z] +[38;5;242mfunctions-common:update_package_repo:1414 (B[m RETRY_UPDATE=False
[2026-06-30T10:04:01.601Z] +[38;5;242mfunctions-common:update_package_repo:1416 (B[m [[ False = \T\r\u\e ]]
[2026-06-30T10:04:01.601Z] +[38;5;242mfunctions-common:update_package_repo:1420 (B[m is_ubuntu
[2026-06-30T10:04:01.601Z] +[38;5;242mfunctions-common:is_ubuntu:546           (B[m [[ -z deb ]]
[2026-06-30T10:04:01.873Z] +[38;5;242mfunctions-common:is_ubuntu:549           (B[m '[' deb = deb ']'
[2026-06-30T10:04:01.873Z] +[38;5;242mfunctions-common:update_package_repo:1421 (B[m apt_get_update
[2026-06-30T10:04:01.873Z] +[38;5;242mfunctions-common:apt_get_update:1166     (B[m [[ True == \T\r\u\e ]]
[2026-06-30T10:04:01.873Z] +[38;5;242mfunctions-common:apt_get_update:1166     (B[m [[ False != \T\r\u\e ]]
[2026-06-30T10:04:01.873Z] +[38;5;242mfunctions-common:apt_get_update:1167     (B[m return
[2026-06-30T10:04:01.873Z] +[38;5;242mfunctions-common:install_package:1439    (B[m real_install_package fakeroot make openvswitch-switch
[2026-06-30T10:04:01.873Z] +[38;5;242mfunctions-common:real_install_package:1426 (B[m is_ubuntu
[2026-06-30T10:04:01.873Z] +[38;5;242mfunctions-common:is_ubuntu:546           (B[m [[ -z deb ]]
[2026-06-30T10:04:01.873Z] +[38;5;242mfunctions-common:is_ubuntu:549           (B[m '[' deb = deb ']'
[2026-06-30T10:04:01.873Z] +[38;5;242mfunctions-common:real_install_package:1427 (B[m apt_get install fakeroot make openvswitch-switch
[2026-06-30T10:04:02.142Z] +[38;5;242mfunctions-common:apt_get:1207            (B[m sudo DEBIAN_FRONTEND=noninteractive http_proxy=http://proxy-in.its.hpecorp.net:80 https_proxy=http://proxy-in.its.hpecorp.net:443 no_proxy=10.201.5.87,10.201.4.29,10.201.3.85,10.201.3.86,localhost,127.0.0.1,10.201.4.31,10.201.4.32,10.201.4.33,10.201.4.34,10.201.1.221,172.28.65.17,172.28.65.18,172.28.65.207,172.28.65.208 apt-get --option Dpkg::Options::=--force-confold --assume-yes install fakeroot make openvswitch-switch
[2026-06-30T10:04:02.417Z] Reading package lists...
[2026-06-30T10:04:02.690Z] Building dependency tree...
[2026-06-30T10:04:02.690Z] Reading state information...
[2026-06-30T10:04:03.306Z] fakeroot is already the newest version (1.33-1).
[2026-06-30T10:04:03.306Z] make is already the newest version (4.3-4.1build2).
[2026-06-30T10:04:03.306Z] openvswitch-switch is already the newest version (3.3.4-0ubuntu0.24.04.2).
[2026-06-30T10:04:03.306Z] 0 upgraded, 0 newly installed, 0 to remove and 67 not upgraded.
[2026-06-30T10:04:03.306Z] +[38;5;242mfunctions-common:apt_get:1211            (B[m result=0
[2026-06-30T10:04:03.306Z] +[38;5;242mfunctions-common:apt_get:1214            (B[m time_stop apt-get
[2026-06-30T10:04:03.306Z] +[38;5;242mfunctions-common:time_stop:2420          (B[m local name
[2026-06-30T10:04:03.306Z] +[38;5;242mfunctions-common:time_stop:2421          (B[m local end_time
[2026-06-30T10:04:03.306Z] +[38;5;242mfunctions-common:time_stop:2422          (B[m local elapsed_time
[2026-06-30T10:04:03.306Z] +[38;5;242mfunctions-common:time_stop:2423          (B[m local total
[2026-06-30T10:04:03.306Z] +[38;5;242mfunctions-common:time_stop:2424          (B[m local start_time
[2026-06-30T10:04:03.306Z] +[38;5;242mfunctions-common:time_stop:2426          (B[m name=apt-get
[2026-06-30T10:04:03.306Z] +[38;5;242mfunctions-common:time_stop:2427          (B[m start_time=1782813850430
[2026-06-30T10:04:03.306Z] +[38;5;242mfunctions-common:time_stop:2429          (B[m [[ -z 1782813850430 ]]
[2026-06-30T10:04:03.598Z] ++[38;5;242mfunctions-common:time_stop:2432          (B[m date +%s%3N
[2026-06-30T10:04:03.598Z] +[38;5;242mfunctions-common:time_stop:2432          (B[m end_time=1782813851730
[2026-06-30T10:04:03.598Z] +[38;5;242mfunctions-common:time_stop:2433          (B[m elapsed_time=1300
[2026-06-30T10:04:03.598Z] +[38;5;242mfunctions-common:time_stop:2434          (B[m total=92970
[2026-06-30T10:04:03.598Z] +[38;5;242mfunctions-common:time_stop:2436          (B[m _TIME_START[$name]=
[2026-06-30T10:04:03.598Z] +[38;5;242mfunctions-common:time_stop:2437          (B[m _TIME_TOTAL[$name]=94270
[2026-06-30T10:04:03.598Z] +[38;5;242mfunctions-common:apt_get:1215            (B[m return 0
[2026-06-30T10:04:03.598Z] ++[38;5;242mlib/neutron_plugins/ovn_agent:install_ovn:435 (B[m get_packages ovn
[2026-06-30T10:04:03.888Z] +[38;5;242mlib/neutron_plugins/ovn_agent:install_ovn:435 (B[m install_package ovn-central ovn-controller-vtep ovn-host
[2026-06-30T10:04:03.888Z] +[38;5;242mfunctions-common:install_package:1438    (B[m update_package_repo
[2026-06-30T10:04:03.888Z] +[38;5;242mfunctions-common:update_package_repo:1412 (B[m NO_UPDATE_REPOS=False
[2026-06-30T10:04:03.888Z] +[38;5;242mfunctions-common:update_package_repo:1413 (B[m REPOS_UPDATED=True
[2026-06-30T10:04:03.888Z] +[38;5;242mfunctions-common:update_package_repo:1414 (B[m RETRY_UPDATE=False
[2026-06-30T10:04:04.178Z] +[38;5;242mfunctions-common:update_package_repo:1416 (B[m [[ False = \T\r\u\e ]]
[2026-06-30T10:04:04.178Z] +[38;5;242mfunctions-common:update_package_repo:1420 (B[m is_ubuntu
[2026-06-30T10:04:04.178Z] +[38;5;242mfunctions-common:is_ubuntu:546           (B[m [[ -z deb ]]
[2026-06-30T10:04:04.178Z] +[38;5;242mfunctions-common:is_ubuntu:549           (B[m '[' deb = deb ']'
[2026-06-30T10:04:04.178Z] +[38;5;242mfunctions-common:update_package_repo:1421 (B[m apt_get_update
[2026-06-30T10:04:04.178Z] +[38;5;242mfunctions-common:apt_get_update:1166     (B[m [[ True == \T\r\u\e ]]
[2026-06-30T10:04:04.178Z] +[38;5;242mfunctions-common:apt_get_update:1166     (B[m [[ False != \T\r\u\e ]]
[2026-06-30T10:04:04.178Z] +[38;5;242mfunctions-common:apt_get_update:1167     (B[m return
[2026-06-30T10:04:04.178Z] +[38;5;242mfunctions-common:install_package:1439    (B[m real_install_package ovn-central ovn-controller-vtep ovn-host
[2026-06-30T10:04:04.485Z] +[38;5;242mfunctions-common:real_install_package:1426 (B[m is_ubuntu
[2026-06-30T10:04:04.485Z] +[38;5;242mfunctions-common:is_ubuntu:546           (B[m [[ -z deb ]]
[2026-06-30T10:04:04.485Z] +[38;5;242mfunctions-common:is_ubuntu:549           (B[m '[' deb = deb ']'
[2026-06-30T10:04:04.485Z] +[38;5;242mfunctions-common:real_install_package:1427 (B[m apt_get install ovn-central ovn-controller-vtep ovn-host
[2026-06-30T10:04:04.485Z] +[38;5;242mfunctions-common:apt_get:1207            (B[m sudo DEBIAN_FRONTEND=noninteractive http_proxy=http://proxy-in.its.hpecorp.net:80 https_proxy=http://proxy-in.its.hpecorp.net:443 no_proxy=10.201.5.87,10.201.4.29,10.201.3.85,10.201.3.86,localhost,127.0.0.1,10.201.4.31,10.201.4.32,10.201.4.33,10.201.4.34,10.201.1.221,172.28.65.17,172.28.65.18,172.28.65.207,172.28.65.208 apt-get --option Dpkg::Options::=--force-confold --assume-yes install ovn-central ovn-controller-vtep ovn-host
[2026-06-30T10:04:04.776Z] Reading package lists...
[2026-06-30T10:04:05.387Z] Building dependency tree...
[2026-06-30T10:04:05.387Z] Reading state information...
[2026-06-30T10:04:05.672Z] ovn-central is already the newest version (24.03.6-0ubuntu0.24.04.1).
[2026-06-30T10:04:05.672Z] ovn-controller-vtep is already the newest version (24.03.6-0ubuntu0.24.04.1).
[2026-06-30T10:04:05.672Z] ovn-host is already the newest version (24.03.6-0ubuntu0.24.04.1).
[2026-06-30T10:04:05.672Z] 0 upgraded, 0 newly installed, 0 to remove and 67 not upgraded.
[2026-06-30T10:04:05.672Z] +[38;5;242mfunctions-common:apt_get:1211            (B[m result=0
[2026-06-30T10:04:05.672Z] +[38;5;242mfunctions-common:apt_get:1214            (B[m time_stop apt-get
[2026-06-30T10:04:05.945Z] +[38;5;242mfunctions-common:time_stop:2420          (B[m local name
[2026-06-30T10:04:05.945Z] +[38;5;242mfunctions-common:time_stop:2421          (B[m local end_time
[2026-06-30T10:04:05.945Z] +[38;5;242mfunctions-common:time_stop:2422          (B[m local elapsed_time
[2026-06-30T10:04:05.945Z] +[38;5;242mfunctions-common:time_stop:2423          (B[m local total
[2026-06-30T10:04:05.945Z] +[38;5;242mfunctions-common:time_stop:2424          (B[m local start_time
[2026-06-30T10:04:05.945Z] +[38;5;242mfunctions-common:time_stop:2426          (B[m name=apt-get
[2026-06-30T10:04:05.945Z] +[38;5;242mfunctions-common:time_stop:2427          (B[m start_time=1782813852811
[2026-06-30T10:04:05.945Z] +[38;5;242mfunctions-common:time_stop:2429          (B[m [[ -z 1782813852811 ]]
[2026-06-30T10:04:05.945Z] ++[38;5;242mfunctions-common:time_stop:2432          (B[m date +%s%3N
[2026-06-30T10:04:06.226Z] +[38;5;242mfunctions-common:time_stop:2432          (B[m end_time=1782813854331
[2026-06-30T10:04:06.226Z] +[38;5;242mfunctions-common:time_stop:2433          (B[m elapsed_time=1520
[2026-06-30T10:04:06.226Z] +[38;5;242mfunctions-common:time_stop:2434          (B[m total=94270
[2026-06-30T10:04:06.226Z] +[38;5;242mfunctions-common:time_stop:2436          (B[m _TIME_START[$name]=
[2026-06-30T10:04:06.226Z] +[38;5;242mfunctions-common:time_stop:2437          (B[m _TIME_TOTAL[$name]=95790
[2026-06-30T10:04:06.226Z] +[38;5;242mfunctions-common:apt_get:1215            (B[m return 0
[2026-06-30T10:04:06.226Z] +[38;5;242mlib/neutron_plugins/ovn_agent:install_ovn:439 (B[m export PATH=/bin:/opt/stack/data/venv/bin:/usr/local/sbin:/usr/local/bin:/usr/sbin:/usr/bin:/sbin:/bin:/snap/bin:/usr/local/bin:/usr/local/sbin:/usr/sbin:/sbin
[2026-06-30T10:04:06.226Z] +[38;5;242mlib/neutron_plugins/ovn_agent:install_ovn:439 (B[m PATH=/bin:/opt/stack/data/venv/bin:/usr/local/sbin:/usr/local/bin:/usr/sbin:/usr/bin:/sbin:/bin:/snap/bin:/usr/local/bin:/usr/local/sbin:/usr/sbin:/sbin
[2026-06-30T10:04:06.226Z] +[38;5;242mlib/neutron_plugins/ovn_agent:install_ovn:442 (B[m local log_archive_dir=/opt/stack/logs/archive
[2026-06-30T10:04:06.226Z] +[38;5;242mlib/neutron_plugins/ovn_agent:install_ovn:443 (B[m mkdir -p /opt/stack/logs/archive
[2026-06-30T10:04:06.504Z] +[38;5;242mlib/neutron_plugins/ovn_agent:install_ovn:444 (B[m for logfile in ovs-vswitchd.log ovn-northd.log ovn-controller.log ovn-controller-vtep.log ovs-vtep.log ovsdb-server.log ovsdb-server-nb.log ovsdb-server-sb.log
[2026-06-30T10:04:06.504Z] +[38;5;242mlib/neutron_plugins/ovn_agent:install_ovn:445 (B[m '[' -f /opt/stack/logs/ovs-vswitchd.log ']'
[2026-06-30T10:04:06.504Z] +[38;5;242mlib/neutron_plugins/ovn_agent:install_ovn:444 (B[m for logfile in ovs-vswitchd.log ovn-northd.log ovn-controller.log ovn-controller-vtep.log ovs-vtep.log ovsdb-server.log ovsdb-server-nb.log ovsdb-server-sb.log
[2026-06-30T10:04:06.504Z] +[38;5;242mlib/neutron_plugins/ovn_agent:install_ovn:445 (B[m '[' -f /opt/stack/logs/ovn-northd.log ']'
[2026-06-30T10:04:06.504Z] +[38;5;242mlib/neutron_plugins/ovn_agent:install_ovn:444 (B[m for logfile in ovs-vswitchd.log ovn-northd.log ovn-controller.log ovn-controller-vtep.log ovs-vtep.log ovsdb-server.log ovsdb-server-nb.log ovsdb-server-sb.log
[2026-06-30T10:04:06.504Z] +[38;5;242mlib/neutron_plugins/ovn_agent:install_ovn:445 (B[m '[' -f /opt/stack/logs/ovn-controller.log ']'
[2026-06-30T10:04:06.504Z] +[38;5;242mlib/neutron_plugins/ovn_agent:install_ovn:444 (B[m for logfile in ovs-vswitchd.log ovn-northd.log ovn-controller.log ovn-controller-vtep.log ovs-vtep.log ovsdb-server.log ovsdb-server-nb.log ovsdb-server-sb.log
[2026-06-30T10:04:06.504Z] +[38;5;242mlib/neutron_plugins/ovn_agent:install_ovn:445 (B[m '[' -f /opt/stack/logs/ovn-controller-vtep.log ']'
[2026-06-30T10:04:06.778Z] +[38;5;242mlib/neutron_plugins/ovn_agent:install_ovn:444 (B[m for logfile in ovs-vswitchd.log ovn-northd.log ovn-controller.log ovn-controller-vtep.log ovs-vtep.log ovsdb-server.log ovsdb-server-nb.log ovsdb-server-sb.log
[2026-06-30T10:04:06.778Z] +[38;5;242mlib/neutron_plugins/ovn_agent:install_ovn:445 (B[m '[' -f /opt/stack/logs/ovs-vtep.log ']'
[2026-06-30T10:04:06.778Z] +[38;5;242mlib/neutron_plugins/ovn_agent:install_ovn:444 (B[m for logfile in ovs-vswitchd.log ovn-northd.log ovn-controller.log ovn-controller-vtep.log ovs-vtep.log ovsdb-server.log ovsdb-server-nb.log ovsdb-server-sb.log
[2026-06-30T10:04:06.778Z] +[38;5;242mlib/neutron_plugins/ovn_agent:install_ovn:445 (B[m '[' -f /opt/stack/logs/ovsdb-server.log ']'
[2026-06-30T10:04:06.778Z] +[38;5;242mlib/neutron_plugins/ovn_agent:install_ovn:444 (B[m for logfile in ovs-vswitchd.log ovn-northd.log ovn-controller.log ovn-controller-vtep.log ovs-vtep.log ovsdb-server.log ovsdb-server-nb.log ovsdb-server-sb.log
[2026-06-30T10:04:06.778Z] +[38;5;242mlib/neutron_plugins/ovn_agent:install_ovn:445 (B[m '[' -f /opt/stack/logs/ovsdb-server-nb.log ']'
[2026-06-30T10:04:06.778Z] +[38;5;242mlib/neutron_plugins/ovn_agent:install_ovn:444 (B[m for logfile in ovs-vswitchd.log ovn-northd.log ovn-controller.log ovn-controller-vtep.log ovs-vtep.log ovsdb-server.log ovsdb-server-nb.log ovsdb-server-sb.log
[2026-06-30T10:04:06.778Z] +[38;5;242mlib/neutron_plugins/ovn_agent:install_ovn:445 (B[m '[' -f /opt/stack/logs/ovsdb-server-sb.log ']'
[2026-06-30T10:04:06.778Z] +[38;5;242mlib/neutron_plugins/ovn_agent:install_ovn:451 (B[m use_library_from_git ovsdbapp
[2026-06-30T10:04:07.053Z] +[38;5;242minc/python:use_library_from_git:266      (B[m local name=ovsdbapp
[2026-06-30T10:04:07.053Z] +[38;5;242minc/python:use_library_from_git:267      (B[m local enabled=1
[2026-06-30T10:04:07.053Z] +[38;5;242minc/python:use_library_from_git:268      (B[m [[ '' = \A\L\L ]]
[2026-06-30T10:04:07.053Z] +[38;5;242minc/python:use_library_from_git:268      (B[m [[ ,, =~ ,ovsdbapp, ]]
[2026-06-30T10:04:07.053Z] +[38;5;242minc/python:use_library_from_git:269      (B[m return 1
[2026-06-30T10:04:07.053Z] +[38;5;242mlib/neutron_plugins/ovn_agent:install_ovn:457 (B[m [[ False == \T\r\u\e ]]
[2026-06-30T10:04:07.053Z] +[38;5;242mlib/stack:stack_install_service:33       (B[m [[ False = True ]]
[2026-06-30T10:04:07.053Z] +[38;5;242m./stack.sh:main:956                      (B[m is_service_enabled nova
[2026-06-30T10:04:07.336Z] +[38;5;242mfunctions-common:is_service_enabled:2076 (B[m return 0
[2026-06-30T10:04:07.336Z] +[38;5;242m./stack.sh:main:958                      (B[m stack_install_service nova
[2026-06-30T10:04:07.336Z] +[38;5;242mlib/stack:stack_install_service:20       (B[m local service=nova
[2026-06-30T10:04:07.336Z] +[38;5;242mlib/stack:stack_install_service:21       (B[m type install_nova
[2026-06-30T10:04:07.625Z] +[38;5;242mlib/stack:stack_install_service:23       (B[m [[ False = True ]]
[2026-06-30T10:04:07.625Z] +[38;5;242mlib/stack:stack_install_service:32       (B[m install_nova
[2026-06-30T10:04:07.625Z] +[38;5;242mlib/nova:install_nova:910                (B[m use_library_from_git os-vif
[2026-06-30T10:04:07.625Z] +[38;5;242minc/python:use_library_from_git:266      (B[m local name=os-vif
[2026-06-30T10:04:07.625Z] +[38;5;242minc/python:use_library_from_git:267      (B[m local enabled=1
[2026-06-30T10:04:07.625Z] +[38;5;242minc/python:use_library_from_git:268      (B[m [[ '' = \A\L\L ]]
[2026-06-30T10:04:07.625Z] +[38;5;242minc/python:use_library_from_git:268      (B[m [[ ,, =~ ,os-vif, ]]
[2026-06-30T10:04:07.625Z] +[38;5;242minc/python:use_library_from_git:269      (B[m return 1
[2026-06-30T10:04:07.625Z] +[38;5;242mlib/nova:install_nova:915                (B[m is_service_enabled n-cpu
[2026-06-30T10:04:07.902Z] +[38;5;242mfunctions-common:is_service_enabled:2076 (B[m return 0
[2026-06-30T10:04:07.902Z] +[38;5;242mlib/nova:install_nova:915                (B[m [[ -r /opt/stack/devstack/lib/nova_plugins/hypervisor-libvirt ]]
[2026-06-30T10:04:07.902Z] +[38;5;242mlib/nova:install_nova:916                (B[m install_nova_hypervisor
[2026-06-30T10:04:07.902Z] +[38;5;242mlib/nova_plugins/hypervisor-libvirt:install_nova_hypervisor:91 (B[m install_libvirt
[2026-06-30T10:04:07.902Z] +[38;5;242mlib/nova_plugins/functions-libvirt:install_libvirt:80 (B[m [[ noble =~ bookworm ]]
[2026-06-30T10:04:07.902Z] +[38;5;242mlib/nova_plugins/functions-libvirt:install_libvirt:93 (B[m /opt/stack/requirements/.venv/bin/edit-constraints /opt/stack/requirements/upper-constraints.txt -- libvirt-python
[2026-06-30T10:04:08.190Z] +[38;5;242mlib/nova_plugins/functions-libvirt:install_libvirt:95 (B[m is_ubuntu
[2026-06-30T10:04:08.190Z] +[38;5;242mfunctions-common:is_ubuntu:546           (B[m [[ -z deb ]]
[2026-06-30T10:04:08.190Z] +[38;5;242mfunctions-common:is_ubuntu:549           (B[m '[' deb = deb ']'
[2026-06-30T10:04:08.190Z] +[38;5;242mlib/nova_plugins/functions-libvirt:install_libvirt:96 (B[m install_package qemu-system libvirt-clients libvirt-daemon-system libvirt-dev python3-libvirt systemd-coredump
[2026-06-30T10:04:08.474Z] +[38;5;242mfunctions-common:install_package:1438    (B[m update_package_repo
[2026-06-30T10:04:08.474Z] +[38;5;242mfunctions-common:update_package_repo:1412 (B[m NO_UPDATE_REPOS=False
[2026-06-30T10:04:08.474Z] +[38;5;242mfunctions-common:update_package_repo:1413 (B[m REPOS_UPDATED=True
[2026-06-30T10:04:08.474Z] +[38;5;242mfunctions-common:update_package_repo:1414 (B[m RETRY_UPDATE=False
[2026-06-30T10:04:08.474Z] +[38;5;242mfunctions-common:update_package_repo:1416 (B[m [[ False = \T\r\u\e ]]
[2026-06-30T10:04:08.474Z] +[38;5;242mfunctions-common:update_package_repo:1420 (B[m is_ubuntu
[2026-06-30T10:04:08.474Z] +[38;5;242mfunctions-common:is_ubuntu:546           (B[m [[ -z deb ]]
[2026-06-30T10:04:08.475Z] +[38;5;242mfunctions-common:is_ubuntu:549           (B[m '[' deb = deb ']'
[2026-06-30T10:04:08.475Z] +[38;5;242mfunctions-common:update_package_repo:1421 (B[m apt_get_update
[2026-06-30T10:04:08.475Z] +[38;5;242mfunctions-common:apt_get_update:1166     (B[m [[ True == \T\r\u\e ]]
[2026-06-30T10:04:08.765Z] +[38;5;242mfunctions-common:apt_get_update:1166     (B[m [[ False != \T\r\u\e ]]
[2026-06-30T10:04:08.765Z] +[38;5;242mfunctions-common:apt_get_update:1167     (B[m return
[2026-06-30T10:04:08.765Z] +[38;5;242mfunctions-common:install_package:1439    (B[m real_install_package qemu-system libvirt-clients libvirt-daemon-system libvirt-dev python3-libvirt systemd-coredump
[2026-06-30T10:04:08.765Z] +[38;5;242mfunctions-common:real_install_package:1426 (B[m is_ubuntu
[2026-06-30T10:04:08.765Z] +[38;5;242mfunctions-common:is_ubuntu:546           (B[m [[ -z deb ]]
[2026-06-30T10:04:08.765Z] +[38;5;242mfunctions-common:is_ubuntu:549           (B[m '[' deb = deb ']'
[2026-06-30T10:04:08.765Z] +[38;5;242mfunctions-common:real_install_package:1427 (B[m apt_get install qemu-system libvirt-clients libvirt-daemon-system libvirt-dev python3-libvirt systemd-coredump
[2026-06-30T10:04:09.037Z] +[38;5;242mfunctions-common:apt_get:1207            (B[m sudo DEBIAN_FRONTEND=noninteractive http_proxy=http://proxy-in.its.hpecorp.net:80 https_proxy=http://proxy-in.its.hpecorp.net:443 no_proxy=10.201.5.87,10.201.4.29,10.201.3.85,10.201.3.86,localhost,127.0.0.1,10.201.4.31,10.201.4.32,10.201.4.33,10.201.4.34,10.201.1.221,172.28.65.17,172.28.65.18,172.28.65.207,172.28.65.208 apt-get --option Dpkg::Options::=--force-confold --assume-yes install qemu-system libvirt-clients libvirt-daemon-system libvirt-dev python3-libvirt systemd-coredump
[2026-06-30T10:04:09.037Z] Reading package lists...
[2026-06-30T10:04:09.647Z] Building dependency tree...
[2026-06-30T10:04:09.647Z] Reading state information...
[2026-06-30T10:04:09.937Z] qemu-system is already the newest version (1:8.2.2+ds-0ubuntu1.17).
[2026-06-30T10:04:09.937Z] libvirt-clients is already the newest version (10.0.0-2ubuntu8.14).
[2026-06-30T10:04:09.937Z] libvirt-daemon-system is already the newest version (10.0.0-2ubuntu8.14).
[2026-06-30T10:04:09.937Z] libvirt-dev is already the newest version (10.0.0-2ubuntu8.14).
[2026-06-30T10:04:09.937Z] python3-libvirt is already the newest version (10.0.0-1build1).
[2026-06-30T10:04:09.937Z] systemd-coredump is already the newest version (255.4-1ubuntu8.16).
[2026-06-30T10:04:09.937Z] 0 upgraded, 0 newly installed, 0 to remove and 67 not upgraded.
[2026-06-30T10:04:09.937Z] +[38;5;242mfunctions-common:apt_get:1211            (B[m result=0
[2026-06-30T10:04:09.937Z] +[38;5;242mfunctions-common:apt_get:1214            (B[m time_stop apt-get
[2026-06-30T10:04:09.937Z] +[38;5;242mfunctions-common:time_stop:2420          (B[m local name
[2026-06-30T10:04:09.937Z] +[38;5;242mfunctions-common:time_stop:2421          (B[m local end_time
[2026-06-30T10:04:09.937Z] +[38;5;242mfunctions-common:time_stop:2422          (B[m local elapsed_time
[2026-06-30T10:04:10.230Z] +[38;5;242mfunctions-common:time_stop:2423          (B[m local total
[2026-06-30T10:04:10.230Z] +[38;5;242mfunctions-common:time_stop:2424          (B[m local start_time
[2026-06-30T10:04:10.230Z] +[38;5;242mfunctions-common:time_stop:2426          (B[m name=apt-get
[2026-06-30T10:04:10.230Z] +[38;5;242mfunctions-common:time_stop:2427          (B[m start_time=1782813857203
[2026-06-30T10:04:10.231Z] +[38;5;242mfunctions-common:time_stop:2429          (B[m [[ -z 1782813857203 ]]
[2026-06-30T10:04:10.231Z] ++[38;5;242mfunctions-common:time_stop:2432          (B[m date +%s%3N
[2026-06-30T10:04:10.231Z] +[38;5;242mfunctions-common:time_stop:2432          (B[m end_time=1782813858519
[2026-06-30T10:04:10.231Z] +[38;5;242mfunctions-common:time_stop:2433          (B[m elapsed_time=1316
[2026-06-30T10:04:10.231Z] +[38;5;242mfunctions-common:time_stop:2434          (B[m total=95790
[2026-06-30T10:04:10.231Z] +[38;5;242mfunctions-common:time_stop:2436          (B[m _TIME_START[$name]=
[2026-06-30T10:04:10.513Z] +[38;5;242mfunctions-common:time_stop:2437          (B[m _TIME_TOTAL[$name]=97106
[2026-06-30T10:04:10.513Z] +[38;5;242mfunctions-common:apt_get:1215            (B[m return 0
[2026-06-30T10:04:10.513Z] +[38;5;242mlib/nova_plugins/functions-libvirt:install_libvirt:97 (B[m install_package ovmf swtpm swtpm-tools mdevctl
[2026-06-30T10:04:10.513Z] +[38;5;242mfunctions-common:install_package:1438    (B[m update_package_repo
[2026-06-30T10:04:10.513Z] +[38;5;242mfunctions-common:update_package_repo:1412 (B[m NO_UPDATE_REPOS=False
[2026-06-30T10:04:10.513Z] +[38;5;242mfunctions-common:update_package_repo:1413 (B[m REPOS_UPDATED=True
[2026-06-30T10:04:10.513Z] +[38;5;242mfunctions-common:update_package_repo:1414 (B[m RETRY_UPDATE=False
[2026-06-30T10:04:10.513Z] +[38;5;242mfunctions-common:update_package_repo:1416 (B[m [[ False = \T\r\u\e ]]
[2026-06-30T10:04:10.513Z] +[38;5;242mfunctions-common:update_package_repo:1420 (B[m is_ubuntu
[2026-06-30T10:04:10.784Z] +[38;5;242mfunctions-common:is_ubuntu:546           (B[m [[ -z deb ]]
[2026-06-30T10:04:10.784Z] +[38;5;242mfunctions-common:is_ubuntu:549           (B[m '[' deb = deb ']'
[2026-06-30T10:04:10.784Z] +[38;5;242mfunctions-common:update_package_repo:1421 (B[m apt_get_update
[2026-06-30T10:04:10.784Z] +[38;5;242mfunctions-common:apt_get_update:1166     (B[m [[ True == \T\r\u\e ]]
[2026-06-30T10:04:10.784Z] +[38;5;242mfunctions-common:apt_get_update:1166     (B[m [[ False != \T\r\u\e ]]
[2026-06-30T10:04:10.784Z] +[38;5;242mfunctions-common:apt_get_update:1167     (B[m return
[2026-06-30T10:04:10.784Z] +[38;5;242mfunctions-common:install_package:1439    (B[m real_install_package ovmf swtpm swtpm-tools mdevctl
[2026-06-30T10:04:10.784Z] +[38;5;242mfunctions-common:real_install_package:1426 (B[m is_ubuntu
[2026-06-30T10:04:10.784Z] +[38;5;242mfunctions-common:is_ubuntu:546           (B[m [[ -z deb ]]
[2026-06-30T10:04:11.064Z] +[38;5;242mfunctions-common:is_ubuntu:549           (B[m '[' deb = deb ']'
[2026-06-30T10:04:11.064Z] +[38;5;242mfunctions-common:real_install_package:1427 (B[m apt_get install ovmf swtpm swtpm-tools mdevctl
[2026-06-30T10:04:11.064Z] +[38;5;242mfunctions-common:apt_get:1207            (B[m sudo DEBIAN_FRONTEND=noninteractive http_proxy=http://proxy-in.its.hpecorp.net:80 https_proxy=http://proxy-in.its.hpecorp.net:443 no_proxy=10.201.5.87,10.201.4.29,10.201.3.85,10.201.3.86,localhost,127.0.0.1,10.201.4.31,10.201.4.32,10.201.4.33,10.201.4.34,10.201.1.221,172.28.65.17,172.28.65.18,172.28.65.207,172.28.65.208 apt-get --option Dpkg::Options::=--force-confold --assume-yes install ovmf swtpm swtpm-tools mdevctl
[2026-06-30T10:04:11.341Z] Reading package lists...
[2026-06-30T10:04:11.621Z] Building dependency tree...
[2026-06-30T10:04:11.621Z] Reading state information...
[2026-06-30T10:04:12.235Z] ovmf is already the newest version (2024.02-2ubuntu0.8).
[2026-06-30T10:04:12.235Z] swtpm is already the newest version (0.7.3-0ubuntu5.24.04.1).
[2026-06-30T10:04:12.235Z] swtpm-tools is already the newest version (0.7.3-0ubuntu5.24.04.1).
[2026-06-30T10:04:12.235Z] mdevctl is already the newest version (1.3.0-1ubuntu2.1).
[2026-06-30T10:04:12.235Z] 0 upgraded, 0 newly installed, 0 to remove and 67 not upgraded.
[2026-06-30T10:04:12.235Z] +[38;5;242mfunctions-common:apt_get:1211            (B[m result=0
[2026-06-30T10:04:12.235Z] +[38;5;242mfunctions-common:apt_get:1214            (B[m time_stop apt-get
[2026-06-30T10:04:12.235Z] +[38;5;242mfunctions-common:time_stop:2420          (B[m local name
[2026-06-30T10:04:12.235Z] +[38;5;242mfunctions-common:time_stop:2421          (B[m local end_time
[2026-06-30T10:04:12.235Z] +[38;5;242mfunctions-common:time_stop:2422          (B[m local elapsed_time
[2026-06-30T10:04:12.235Z] +[38;5;242mfunctions-common:time_stop:2423          (B[m local total
[2026-06-30T10:04:12.235Z] +[38;5;242mfunctions-common:time_stop:2424          (B[m local start_time
[2026-06-30T10:04:12.524Z] +[38;5;242mfunctions-common:time_stop:2426          (B[m name=apt-get
[2026-06-30T10:04:12.524Z] +[38;5;242mfunctions-common:time_stop:2427          (B[m start_time=1782813859375
[2026-06-30T10:04:12.524Z] +[38;5;242mfunctions-common:time_stop:2429          (B[m [[ -z 1782813859375 ]]
[2026-06-30T10:04:12.524Z] ++[38;5;242mfunctions-common:time_stop:2432          (B[m date +%s%3N
[2026-06-30T10:04:12.524Z] +[38;5;242mfunctions-common:time_stop:2432          (B[m end_time=1782813860757
[2026-06-30T10:04:12.524Z] +[38;5;242mfunctions-common:time_stop:2433          (B[m elapsed_time=1382
[2026-06-30T10:04:12.524Z] +[38;5;242mfunctions-common:time_stop:2434          (B[m total=97106
[2026-06-30T10:04:12.524Z] +[38;5;242mfunctions-common:time_stop:2436          (B[m _TIME_START[$name]=
[2026-06-30T10:04:12.524Z] +[38;5;242mfunctions-common:time_stop:2437          (B[m _TIME_TOTAL[$name]=98488
[2026-06-30T10:04:12.807Z] +[38;5;242mfunctions-common:apt_get:1215            (B[m return 0
[2026-06-30T10:04:12.807Z] +[38;5;242mlib/nova_plugins/functions-libvirt:install_libvirt:98 (B[m is_arch aarch64
[2026-06-30T10:04:12.807Z] ++[38;5;242mfunctions-common:is_arch:519             (B[m uname -m
[2026-06-30T10:04:12.807Z] +[38;5;242mfunctions-common:is_arch:519             (B[m [[ x86_64 == \a\a\r\c\h\6\4 ]]
[2026-06-30T10:04:12.807Z] +[38;5;242mlib/nova_plugins/functions-libvirt:install_libvirt:103 (B[m [[ noble =~ bookworm ]]
[2026-06-30T10:04:12.807Z] +[38;5;242mlib/nova_plugins/functions-libvirt:install_libvirt:103 (B[m [[ noble =~ trixie ]]
[2026-06-30T10:04:12.807Z] +[38;5;242mlib/nova_plugins/functions-libvirt:install_libvirt:145 (B[m [[ False == True ]]
[2026-06-30T10:04:12.807Z] +[38;5;242mlib/nova_plugins/hypervisor-libvirt:install_nova_hypervisor:96 (B[m [[ kvm == \l\x\c ]]
[2026-06-30T10:04:12.807Z] +[38;5;242mlib/nova_plugins/hypervisor-libvirt:install_nova_hypervisor:108 (B[m [[ '' == \T\r\u\e ]]
[2026-06-30T10:04:13.139Z] +[38;5;242mlib/nova:install_nova:919                (B[m is_service_enabled n-novnc
[2026-06-30T10:04:13.139Z] +[38;5;242mfunctions-common:is_service_enabled:2076 (B[m return 0
[2026-06-30T10:04:13.139Z] ++[38;5;242mlib/nova:install_nova:921                (B[m trueorfalse False NOVNC_FROM_PACKAGE
[2026-06-30T10:04:13.428Z] +[38;5;242mlib/nova:install_nova:921                (B[m NOVNC_FROM_PACKAGE=False
[2026-06-30T10:04:13.428Z] +[38;5;242mlib/nova:install_nova:922                (B[m '[' False = True ']'
[2026-06-30T10:04:13.428Z] +[38;5;242mlib/nova:install_nova:941                (B[m NOVNC_WEB_DIR=/opt/stack/novnc
[2026-06-30T10:04:13.428Z] +[38;5;242mlib/nova:install_nova:942                (B[m git_clone https://github.com/novnc/novnc.git /opt/stack/novnc v1.3.0
[2026-06-30T10:04:13.428Z] +[38;5;242mfunctions-common:git_clone:589           (B[m local git_remote=https://github.com/novnc/novnc.git
[2026-06-30T10:04:13.428Z] +[38;5;242mfunctions-common:git_clone:590           (B[m local git_dest=/opt/stack/novnc
[2026-06-30T10:04:13.428Z] +[38;5;242mfunctions-common:git_clone:591           (B[m local git_ref=v1.3.0
[2026-06-30T10:04:13.727Z] +[38;5;242mfunctions-common:git_clone:592           (B[m local orig_dir
[2026-06-30T10:04:13.727Z] ++[38;5;242mfunctions-common:git_clone:593           (B[m pwd
[2026-06-30T10:04:13.727Z] +[38;5;242mfunctions-common:git_clone:593           (B[m orig_dir=/opt/stack/devstack
[2026-06-30T10:04:13.727Z] +[38;5;242mfunctions-common:git_clone:594           (B[m local git_clone_flags=
[2026-06-30T10:04:13.727Z] ++[38;5;242mfunctions-common:git_clone:596           (B[m trueorfalse False RECLONE
[2026-06-30T10:04:14.022Z] +[38;5;242mfunctions-common:git_clone:596           (B[m RECLONE=False
[2026-06-30T10:04:14.022Z] +[38;5;242mfunctions-common:git_clone:597           (B[m [[ 0 -gt 0 ]]
[2026-06-30T10:04:14.022Z] +[38;5;242mfunctions-common:git_clone:601           (B[m [[ False = \T\r\u\e ]]
[2026-06-30T10:04:14.022Z] +[38;5;242mfunctions-common:git_clone:610           (B[m echo v1.3.0
[2026-06-30T10:04:14.022Z] +[38;5;242mfunctions-common:git_clone:610           (B[m egrep -q '^refs'
[2026-06-30T10:04:14.022Z] +[38;5;242mfunctions-common:git_clone:624           (B[m [[ ! -d /opt/stack/novnc ]]
[2026-06-30T10:04:14.022Z] +[38;5;242mfunctions-common:git_clone:625           (B[m [[ False = \T\r\u\e ]]
[2026-06-30T10:04:14.022Z] +[38;5;242mfunctions-common:git_clone:630           (B[m git_timed clone --no-checkout https://github.com/novnc/novnc.git /opt/stack/novnc
[2026-06-30T10:04:14.022Z] +[38;5;242mfunctions-common:git_timed:697           (B[m local count=0
[2026-06-30T10:04:14.022Z] +[38;5;242mfunctions-common:git_timed:698           (B[m local timeout=0
[2026-06-30T10:04:14.293Z] +[38;5;242mfunctions-common:git_timed:700           (B[m [[ -n 0 ]]
[2026-06-30T10:04:14.293Z] +[38;5;242mfunctions-common:git_timed:701           (B[m timeout=0
[2026-06-30T10:04:14.293Z] +[38;5;242mfunctions-common:git_timed:704           (B[m time_start git_timed
[2026-06-30T10:04:14.293Z] +[38;5;242mfunctions-common:time_start:2406         (B[m local name=git_timed
[2026-06-30T10:04:14.293Z] +[38;5;242mfunctions-common:time_start:2407         (B[m local start_time=
[2026-06-30T10:04:14.293Z] +[38;5;242mfunctions-common:time_start:2408         (B[m [[ -n '' ]]
[2026-06-30T10:04:14.293Z] ++[38;5;242mfunctions-common:time_start:2411         (B[m date +%s%3N
[2026-06-30T10:04:14.293Z] +[38;5;242mfunctions-common:time_start:2411         (B[m _TIME_START[$name]=1782813862631
[2026-06-30T10:04:14.293Z] +[38;5;242mfunctions-common:git_timed:705           (B[m timeout -s SIGINT 0 git clone --no-checkout https://github.com/novnc/novnc.git /opt/stack/novnc
[2026-06-30T10:04:14.557Z] Cloning into '/opt/stack/novnc'...
[2026-06-30T10:04:22.917Z] +[38;5;242mfunctions-common:git_timed:719           (B[m time_stop git_timed
[2026-06-30T10:04:22.917Z] +[38;5;242mfunctions-common:time_stop:2420          (B[m local name
[2026-06-30T10:04:22.917Z] +[38;5;242mfunctions-common:time_stop:2421          (B[m local end_time
[2026-06-30T10:04:22.917Z] +[38;5;242mfunctions-common:time_stop:2422          (B[m local elapsed_time
[2026-06-30T10:04:22.917Z] +[38;5;242mfunctions-common:time_stop:2423          (B[m local total
[2026-06-30T10:04:22.917Z] +[38;5;242mfunctions-common:time_stop:2424          (B[m local start_time
[2026-06-30T10:04:22.917Z] +[38;5;242mfunctions-common:time_stop:2426          (B[m name=git_timed
[2026-06-30T10:04:22.917Z] +[38;5;242mfunctions-common:time_stop:2427          (B[m start_time=1782813862631
[2026-06-30T10:04:22.917Z] +[38;5;242mfunctions-common:time_stop:2429          (B[m [[ -z 1782813862631 ]]
[2026-06-30T10:04:22.917Z] ++[38;5;242mfunctions-common:time_stop:2432          (B[m date +%s%3N
[2026-06-30T10:04:22.917Z] +[38;5;242mfunctions-common:time_stop:2432          (B[m end_time=1782813870808
[2026-06-30T10:04:22.917Z] +[38;5;242mfunctions-common:time_stop:2433          (B[m elapsed_time=8177
[2026-06-30T10:04:22.917Z] +[38;5;242mfunctions-common:time_stop:2434          (B[m total=114278
[2026-06-30T10:04:22.917Z] +[38;5;242mfunctions-common:time_stop:2436          (B[m _TIME_START[$name]=
[2026-06-30T10:04:22.917Z] +[38;5;242mfunctions-common:time_stop:2437          (B[m _TIME_TOTAL[$name]=122455
[2026-06-30T10:04:22.917Z] +[38;5;242mfunctions-common:git_clone:631           (B[m cd /opt/stack/novnc
[2026-06-30T10:04:22.917Z] +[38;5;242mfunctions-common:git_clone:632           (B[m git_timed fetch origin v1.3.0
[2026-06-30T10:04:22.917Z] +[38;5;242mfunctions-common:git_timed:697           (B[m local count=0
[2026-06-30T10:04:22.917Z] +[38;5;242mfunctions-common:git_timed:698           (B[m local timeout=0
[2026-06-30T10:04:22.917Z] +[38;5;242mfunctions-common:git_timed:700           (B[m [[ -n 0 ]]
[2026-06-30T10:04:22.917Z] +[38;5;242mfunctions-common:git_timed:701           (B[m timeout=0
[2026-06-30T10:04:22.917Z] +[38;5;242mfunctions-common:git_timed:704           (B[m time_start git_timed
[2026-06-30T10:04:22.917Z] +[38;5;242mfunctions-common:time_start:2406         (B[m local name=git_timed
[2026-06-30T10:04:22.917Z] +[38;5;242mfunctions-common:time_start:2407         (B[m local start_time=
[2026-06-30T10:04:22.917Z] +[38;5;242mfunctions-common:time_start:2408         (B[m [[ -n '' ]]
[2026-06-30T10:04:22.917Z] ++[38;5;242mfunctions-common:time_start:2411         (B[m date +%s%3N
[2026-06-30T10:04:22.917Z] +[38;5;242mfunctions-common:time_start:2411         (B[m _TIME_START[$name]=1782813871244
[2026-06-30T10:04:22.917Z] +[38;5;242mfunctions-common:git_timed:705           (B[m timeout -s SIGINT 0 git fetch origin v1.3.0
[2026-06-30T10:04:23.920Z] From https://github.com/novnc/novnc
[2026-06-30T10:04:23.920Z]  * tag               v1.3.0     -> FETCH_HEAD
[2026-06-30T10:04:23.920Z] +[38;5;242mfunctions-common:git_timed:719           (B[m time_stop git_timed
[2026-06-30T10:04:23.920Z] +[38;5;242mfunctions-common:time_stop:2420          (B[m local name
[2026-06-30T10:04:23.920Z] +[38;5;242mfunctions-common:time_stop:2421          (B[m local end_time
[2026-06-30T10:04:23.920Z] +[38;5;242mfunctions-common:time_stop:2422          (B[m local elapsed_time
[2026-06-30T10:04:23.920Z] +[38;5;242mfunctions-common:time_stop:2423          (B[m local total
[2026-06-30T10:04:24.209Z] +[38;5;242mfunctions-common:time_stop:2424          (B[m local start_time
[2026-06-30T10:04:24.209Z] +[38;5;242mfunctions-common:time_stop:2426          (B[m name=git_timed
[2026-06-30T10:04:24.209Z] +[38;5;242mfunctions-common:time_stop:2427          (B[m start_time=1782813871244
[2026-06-30T10:04:24.209Z] +[38;5;242mfunctions-common:time_stop:2429          (B[m [[ -z 1782813871244 ]]
[2026-06-30T10:04:24.209Z] ++[38;5;242mfunctions-common:time_stop:2432          (B[m date +%s%3N
[2026-06-30T10:04:24.209Z] +[38;5;242mfunctions-common:time_stop:2432          (B[m end_time=1782813872472
[2026-06-30T10:04:24.209Z] +[38;5;242mfunctions-common:time_stop:2433          (B[m elapsed_time=1228
[2026-06-30T10:04:24.209Z] +[38;5;242mfunctions-common:time_stop:2434          (B[m total=122455
[2026-06-30T10:04:24.209Z] +[38;5;242mfunctions-common:time_stop:2436          (B[m _TIME_START[$name]=
[2026-06-30T10:04:24.500Z] +[38;5;242mfunctions-common:time_stop:2437          (B[m _TIME_TOTAL[$name]=123683
[2026-06-30T10:04:24.500Z] +[38;5;242mfunctions-common:git_clone:633           (B[m git_timed checkout FETCH_HEAD
[2026-06-30T10:04:24.500Z] +[38;5;242mfunctions-common:git_timed:697           (B[m local count=0
[2026-06-30T10:04:24.500Z] +[38;5;242mfunctions-common:git_timed:698           (B[m local timeout=0
[2026-06-30T10:04:24.500Z] +[38;5;242mfunctions-common:git_timed:700           (B[m [[ -n 0 ]]
[2026-06-30T10:04:24.500Z] +[38;5;242mfunctions-common:git_timed:701           (B[m timeout=0
[2026-06-30T10:04:24.500Z] +[38;5;242mfunctions-common:git_timed:704           (B[m time_start git_timed
[2026-06-30T10:04:24.500Z] +[38;5;242mfunctions-common:time_start:2406         (B[m local name=git_timed
[2026-06-30T10:04:24.500Z] +[38;5;242mfunctions-common:time_start:2407         (B[m local start_time=
[2026-06-30T10:04:24.500Z] +[38;5;242mfunctions-common:time_start:2408         (B[m [[ -n '' ]]
[2026-06-30T10:04:24.794Z] ++[38;5;242mfunctions-common:time_start:2411         (B[m date +%s%3N
[2026-06-30T10:04:24.794Z] +[38;5;242mfunctions-common:time_start:2411         (B[m _TIME_START[$name]=1782813872928
[2026-06-30T10:04:24.794Z] +[38;5;242mfunctions-common:git_timed:705           (B[m timeout -s SIGINT 0 git checkout FETCH_HEAD
[2026-06-30T10:04:24.794Z] Note: switching to 'FETCH_HEAD'.
[2026-06-30T10:04:24.794Z] 
[2026-06-30T10:04:24.794Z] You are in 'detached HEAD' state. You can look around, make experimental
[2026-06-30T10:04:24.794Z] changes and commit them, and you can discard any commits you make in this
[2026-06-30T10:04:24.794Z] state without impacting any branches by switching back to a branch.
[2026-06-30T10:04:24.794Z] 
[2026-06-30T10:04:24.794Z] If you want to create a new branch to retain commits you create, you may
[2026-06-30T10:04:24.794Z] do so (now or later) by using -c with the switch command. Example:
[2026-06-30T10:04:24.794Z] 
[2026-06-30T10:04:24.794Z]   git switch -c <new-branch-name>
[2026-06-30T10:04:24.794Z] 
[2026-06-30T10:04:24.794Z] Or undo this operation with:
[2026-06-30T10:04:24.794Z] 
[2026-06-30T10:04:24.794Z]   git switch -
[2026-06-30T10:04:24.794Z] 
[2026-06-30T10:04:24.794Z] Turn off this advice by setting config variable advice.detachedHead to false
[2026-06-30T10:04:24.794Z] 
[2026-06-30T10:04:24.794Z] HEAD is now at 463c39e noVNC 1.3.0
[2026-06-30T10:04:24.794Z] +[38;5;242mfunctions-common:git_timed:719           (B[m time_stop git_timed
[2026-06-30T10:04:24.795Z] +[38;5;242mfunctions-common:time_stop:2420          (B[m local name
[2026-06-30T10:04:24.795Z] +[38;5;242mfunctions-common:time_stop:2421          (B[m local end_time
[2026-06-30T10:04:25.071Z] +[38;5;242mfunctions-common:time_stop:2422          (B[m local elapsed_time
[2026-06-30T10:04:25.071Z] +[38;5;242mfunctions-common:time_stop:2423          (B[m local total
[2026-06-30T10:04:25.071Z] +[38;5;242mfunctions-common:time_stop:2424          (B[m local start_time
[2026-06-30T10:04:25.071Z] +[38;5;242mfunctions-common:time_stop:2426          (B[m name=git_timed
[2026-06-30T10:04:25.071Z] +[38;5;242mfunctions-common:time_stop:2427          (B[m start_time=1782813872928
[2026-06-30T10:04:25.071Z] +[38;5;242mfunctions-common:time_stop:2429          (B[m [[ -z 1782813872928 ]]
[2026-06-30T10:04:25.072Z] ++[38;5;242mfunctions-common:time_stop:2432          (B[m date +%s%3N
[2026-06-30T10:04:25.072Z] +[38;5;242mfunctions-common:time_stop:2432          (B[m end_time=1782813873374
[2026-06-30T10:04:25.072Z] +[38;5;242mfunctions-common:time_stop:2433          (B[m elapsed_time=446
[2026-06-30T10:04:25.072Z] +[38;5;242mfunctions-common:time_stop:2434          (B[m total=123683
[2026-06-30T10:04:25.362Z] +[38;5;242mfunctions-common:time_stop:2436          (B[m _TIME_START[$name]=
[2026-06-30T10:04:25.362Z] +[38;5;242mfunctions-common:time_stop:2437          (B[m _TIME_TOTAL[$name]=124129
[2026-06-30T10:04:25.362Z] +[38;5;242mfunctions-common:git_clone:669           (B[m sudo git config --system --add safe.directory /opt/stack/novnc
[2026-06-30T10:04:25.362Z] +[38;5;242mfunctions-common:git_clone:672           (B[m cd /opt/stack/novnc
[2026-06-30T10:04:25.362Z] +[38;5;242mfunctions-common:git_clone:673           (B[m git show --oneline
[2026-06-30T10:04:25.362Z] +[38;5;242mfunctions-common:git_clone:673           (B[m head -1
[2026-06-30T10:04:25.362Z] 463c39e noVNC 1.3.0
[2026-06-30T10:04:25.362Z] +[38;5;242mfunctions-common:git_clone:674           (B[m cd /opt/stack/devstack
[2026-06-30T10:04:25.650Z] +[38;5;242mlib/nova:install_nova:946                (B[m is_service_enabled n-spice
[2026-06-30T10:04:25.650Z] +[38;5;242mfunctions-common:is_service_enabled:2076 (B[m return 1
[2026-06-30T10:04:25.650Z] +[38;5;242mlib/nova:install_nova:958                (B[m git_clone http://github.com/openstack/nova.git /opt/stack/nova master
[2026-06-30T10:04:25.650Z] +[38;5;242mfunctions-common:git_clone:589           (B[m local git_remote=http://github.com/openstack/nova.git
[2026-06-30T10:04:25.650Z] +[38;5;242mfunctions-common:git_clone:590           (B[m local git_dest=/opt/stack/nova
[2026-06-30T10:04:25.934Z] +[38;5;242mfunctions-common:git_clone:591           (B[m local git_ref=master
[2026-06-30T10:04:25.934Z] +[38;5;242mfunctions-common:git_clone:592           (B[m local orig_dir
[2026-06-30T10:04:25.934Z] ++[38;5;242mfunctions-common:git_clone:593           (B[m pwd
[2026-06-30T10:04:25.934Z] +[38;5;242mfunctions-common:git_clone:593           (B[m orig_dir=/opt/stack/devstack
[2026-06-30T10:04:25.934Z] +[38;5;242mfunctions-common:git_clone:594           (B[m local git_clone_flags=
[2026-06-30T10:04:25.934Z] ++[38;5;242mfunctions-common:git_clone:596           (B[m trueorfalse False RECLONE
[2026-06-30T10:04:26.215Z] +[38;5;242mfunctions-common:git_clone:596           (B[m RECLONE=False
[2026-06-30T10:04:26.215Z] +[38;5;242mfunctions-common:git_clone:597           (B[m [[ 0 -gt 0 ]]
[2026-06-30T10:04:26.215Z] +[38;5;242mfunctions-common:git_clone:601           (B[m [[ False = \T\r\u\e ]]
[2026-06-30T10:04:26.215Z] +[38;5;242mfunctions-common:git_clone:610           (B[m egrep -q '^refs'
[2026-06-30T10:04:26.215Z] +[38;5;242mfunctions-common:git_clone:610           (B[m echo master
[2026-06-30T10:04:26.215Z] +[38;5;242mfunctions-common:git_clone:624           (B[m [[ ! -d /opt/stack/nova ]]
[2026-06-30T10:04:26.215Z] +[38;5;242mfunctions-common:git_clone:625           (B[m [[ False = \T\r\u\e ]]
[2026-06-30T10:04:26.215Z] +[38;5;242mfunctions-common:git_clone:630           (B[m git_timed clone --no-checkout http://github.com/openstack/nova.git /opt/stack/nova
[2026-06-30T10:04:26.215Z] +[38;5;242mfunctions-common:git_timed:697           (B[m local count=0
[2026-06-30T10:04:26.502Z] +[38;5;242mfunctions-common:git_timed:698           (B[m local timeout=0
[2026-06-30T10:04:26.502Z] +[38;5;242mfunctions-common:git_timed:700           (B[m [[ -n 0 ]]
[2026-06-30T10:04:26.502Z] +[38;5;242mfunctions-common:git_timed:701           (B[m timeout=0
[2026-06-30T10:04:26.502Z] +[38;5;242mfunctions-common:git_timed:704           (B[m time_start git_timed
[2026-06-30T10:04:26.502Z] +[38;5;242mfunctions-common:time_start:2406         (B[m local name=git_timed
[2026-06-30T10:04:26.502Z] +[38;5;242mfunctions-common:time_start:2407         (B[m local start_time=
[2026-06-30T10:04:26.502Z] +[38;5;242mfunctions-common:time_start:2408         (B[m [[ -n '' ]]
[2026-06-30T10:04:26.502Z] ++[38;5;242mfunctions-common:time_start:2411         (B[m date +%s%3N
[2026-06-30T10:04:26.502Z] +[38;5;242mfunctions-common:time_start:2411         (B[m _TIME_START[$name]=1782813874821
[2026-06-30T10:04:26.502Z] +[38;5;242mfunctions-common:git_timed:705           (B[m timeout -s SIGINT 0 git clone --no-checkout http://github.com/openstack/nova.git /opt/stack/nova
[2026-06-30T10:04:26.502Z] Cloning into '/opt/stack/nova'...
[2026-06-30T10:04:27.551Z] warning: redirecting to https://github.com/openstack/nova.git/
[2026-06-30T10:06:04.408Z] +[38;5;242mfunctions-common:git_timed:719           (B[m time_stop git_timed
[2026-06-30T10:06:04.408Z] +[38;5;242mfunctions-common:time_stop:2420          (B[m local name
[2026-06-30T10:06:04.408Z] +[38;5;242mfunctions-common:time_stop:2421          (B[m local end_time
[2026-06-30T10:06:04.408Z] +[38;5;242mfunctions-common:time_stop:2422          (B[m local elapsed_time
[2026-06-30T10:06:04.408Z] +[38;5;242mfunctions-common:time_stop:2423          (B[m local total
[2026-06-30T10:06:04.408Z] +[38;5;242mfunctions-common:time_stop:2424          (B[m local start_time
[2026-06-30T10:06:04.408Z] +[38;5;242mfunctions-common:time_stop:2426          (B[m name=git_timed
[2026-06-30T10:06:04.408Z] +[38;5;242mfunctions-common:time_stop:2427          (B[m start_time=1782813874821
[2026-06-30T10:06:04.408Z] +[38;5;242mfunctions-common:time_stop:2429          (B[m [[ -z 1782813874821 ]]
[2026-06-30T10:06:04.408Z] ++[38;5;242mfunctions-common:time_stop:2432          (B[m date +%s%3N
[2026-06-30T10:06:04.408Z] +[38;5;242mfunctions-common:time_stop:2432          (B[m end_time=1782813960347
[2026-06-30T10:06:04.408Z] +[38;5;242mfunctions-common:time_stop:2433          (B[m elapsed_time=85526
[2026-06-30T10:06:04.408Z] +[38;5;242mfunctions-common:time_stop:2434          (B[m total=124129
[2026-06-30T10:06:04.408Z] +[38;5;242mfunctions-common:time_stop:2436          (B[m _TIME_START[$name]=
[2026-06-30T10:06:04.408Z] +[38;5;242mfunctions-common:time_stop:2437          (B[m _TIME_TOTAL[$name]=209655
[2026-06-30T10:06:04.408Z] +[38;5;242mfunctions-common:git_clone:631           (B[m cd /opt/stack/nova
[2026-06-30T10:06:04.408Z] +[38;5;242mfunctions-common:git_clone:632           (B[m git_timed fetch origin master
[2026-06-30T10:06:04.409Z] +[38;5;242mfunctions-common:git_timed:697           (B[m local count=0
[2026-06-30T10:06:04.409Z] +[38;5;242mfunctions-common:git_timed:698           (B[m local timeout=0
[2026-06-30T10:06:04.409Z] +[38;5;242mfunctions-common:git_timed:700           (B[m [[ -n 0 ]]
[2026-06-30T10:06:04.409Z] +[38;5;242mfunctions-common:git_timed:701           (B[m timeout=0
[2026-06-30T10:06:04.409Z] +[38;5;242mfunctions-common:git_timed:704           (B[m time_start git_timed
[2026-06-30T10:06:04.409Z] +[38;5;242mfunctions-common:time_start:2406         (B[m local name=git_timed
[2026-06-30T10:06:04.409Z] +[38;5;242mfunctions-common:time_start:2407         (B[m local start_time=
[2026-06-30T10:06:04.409Z] +[38;5;242mfunctions-common:time_start:2408         (B[m [[ -n '' ]]
[2026-06-30T10:06:04.409Z] ++[38;5;242mfunctions-common:time_start:2411         (B[m date +%s%3N
[2026-06-30T10:06:04.409Z] +[38;5;242mfunctions-common:time_start:2411         (B[m _TIME_START[$name]=1782813960834
[2026-06-30T10:06:04.409Z] +[38;5;242mfunctions-common:git_timed:705           (B[m timeout -s SIGINT 0 git fetch origin master
[2026-06-30T10:06:04.409Z] warning: redirecting to https://github.com/openstack/nova.git/
[2026-06-30T10:06:04.409Z] From http://github.com/openstack/nova
[2026-06-30T10:06:04.409Z]  * branch                  master     -> FETCH_HEAD
[2026-06-30T10:06:04.409Z] +[38;5;242mfunctions-common:git_timed:719           (B[m time_stop git_timed
[2026-06-30T10:06:04.409Z] +[38;5;242mfunctions-common:time_stop:2420          (B[m local name
[2026-06-30T10:06:04.409Z] +[38;5;242mfunctions-common:time_stop:2421          (B[m local end_time
[2026-06-30T10:06:04.409Z] +[38;5;242mfunctions-common:time_stop:2422          (B[m local elapsed_time
[2026-06-30T10:06:04.409Z] +[38;5;242mfunctions-common:time_stop:2423          (B[m local total
[2026-06-30T10:06:04.409Z] +[38;5;242mfunctions-common:time_stop:2424          (B[m local start_time
[2026-06-30T10:06:04.409Z] +[38;5;242mfunctions-common:time_stop:2426          (B[m name=git_timed
[2026-06-30T10:06:04.409Z] +[38;5;242mfunctions-common:time_stop:2427          (B[m start_time=1782813960834
[2026-06-30T10:06:04.409Z] +[38;5;242mfunctions-common:time_stop:2429          (B[m [[ -z 1782813960834 ]]
[2026-06-30T10:06:04.409Z] ++[38;5;242mfunctions-common:time_stop:2432          (B[m date +%s%3N
[2026-06-30T10:06:04.409Z] +[38;5;242mfunctions-common:time_stop:2432          (B[m end_time=1782813962145
[2026-06-30T10:06:04.409Z] +[38;5;242mfunctions-common:time_stop:2433          (B[m elapsed_time=1311
[2026-06-30T10:06:04.409Z] +[38;5;242mfunctions-common:time_stop:2434          (B[m total=209655
[2026-06-30T10:06:04.409Z] +[38;5;242mfunctions-common:time_stop:2436          (B[m _TIME_START[$name]=
[2026-06-30T10:06:04.409Z] +[38;5;242mfunctions-common:time_stop:2437          (B[m _TIME_TOTAL[$name]=210966
[2026-06-30T10:06:04.409Z] +[38;5;242mfunctions-common:git_clone:633           (B[m git_timed checkout FETCH_HEAD
[2026-06-30T10:06:04.409Z] +[38;5;242mfunctions-common:git_timed:697           (B[m local count=0
[2026-06-30T10:06:04.409Z] +[38;5;242mfunctions-common:git_timed:698           (B[m local timeout=0
[2026-06-30T10:06:04.409Z] +[38;5;242mfunctions-common:git_timed:700           (B[m [[ -n 0 ]]
[2026-06-30T10:06:04.409Z] +[38;5;242mfunctions-common:git_timed:701           (B[m timeout=0
[2026-06-30T10:06:04.409Z] +[38;5;242mfunctions-common:git_timed:704           (B[m time_start git_timed
[2026-06-30T10:06:04.409Z] +[38;5;242mfunctions-common:time_start:2406         (B[m local name=git_timed
[2026-06-30T10:06:04.409Z] +[38;5;242mfunctions-common:time_start:2407         (B[m local start_time=
[2026-06-30T10:06:04.409Z] +[38;5;242mfunctions-common:time_start:2408         (B[m [[ -n '' ]]
[2026-06-30T10:06:04.409Z] ++[38;5;242mfunctions-common:time_start:2411         (B[m date +%s%3N
[2026-06-30T10:06:04.409Z] +[38;5;242mfunctions-common:time_start:2411         (B[m _TIME_START[$name]=1782813962593
[2026-06-30T10:06:04.409Z] +[38;5;242mfunctions-common:git_timed:705           (B[m timeout -s SIGINT 0 git checkout FETCH_HEAD
[2026-06-30T10:06:04.409Z] Note: switching to 'FETCH_HEAD'.
[2026-06-30T10:06:04.409Z] 
[2026-06-30T10:06:04.409Z] You are in 'detached HEAD' state. You can look around, make experimental
[2026-06-30T10:06:04.409Z] changes and commit them, and you can discard any commits you make in this
[2026-06-30T10:06:04.409Z] state without impacting any branches by switching back to a branch.
[2026-06-30T10:06:04.409Z] 
[2026-06-30T10:06:04.409Z] If you want to create a new branch to retain commits you create, you may
[2026-06-30T10:06:04.409Z] do so (now or later) by using -c with the switch command. Example:
[2026-06-30T10:06:04.409Z] 
[2026-06-30T10:06:04.409Z]   git switch -c <new-branch-name>
[2026-06-30T10:06:04.409Z] 
[2026-06-30T10:06:04.409Z] Or undo this operation with:
[2026-06-30T10:06:04.409Z] 
[2026-06-30T10:06:04.409Z]   git switch -
[2026-06-30T10:06:04.409Z] 
[2026-06-30T10:06:04.409Z] Turn off this advice by setting config variable advice.detachedHead to false
[2026-06-30T10:06:04.409Z] 
[2026-06-30T10:06:04.409Z] HEAD is now at 656ceb0ea2 Merge "Remove unused 'shutdown_terminate' flag"
[2026-06-30T10:06:04.409Z] +[38;5;242mfunctions-common:git_timed:719           (B[m time_stop git_timed
[2026-06-30T10:06:04.409Z] +[38;5;242mfunctions-common:time_stop:2420          (B[m local name
[2026-06-30T10:06:04.409Z] +[38;5;242mfunctions-common:time_stop:2421          (B[m local end_time
[2026-06-30T10:06:04.409Z] +[38;5;242mfunctions-common:time_stop:2422          (B[m local elapsed_time
[2026-06-30T10:06:04.409Z] +[38;5;242mfunctions-common:time_stop:2423          (B[m local total
[2026-06-30T10:06:04.409Z] +[38;5;242mfunctions-common:time_stop:2424          (B[m local start_time
[2026-06-30T10:06:04.409Z] +[38;5;242mfunctions-common:time_stop:2426          (B[m name=git_timed
[2026-06-30T10:06:04.409Z] +[38;5;242mfunctions-common:time_stop:2427          (B[m start_time=1782813962593
[2026-06-30T10:06:04.409Z] +[38;5;242mfunctions-common:time_stop:2429          (B[m [[ -z 1782813962593 ]]
[2026-06-30T10:06:04.409Z] ++[38;5;242mfunctions-common:time_stop:2432          (B[m date +%s%3N
[2026-06-30T10:06:04.409Z] +[38;5;242mfunctions-common:time_stop:2432          (B[m end_time=1782813963845
[2026-06-30T10:06:04.409Z] +[38;5;242mfunctions-common:time_stop:2433          (B[m elapsed_time=1252
[2026-06-30T10:06:04.409Z] +[38;5;242mfunctions-common:time_stop:2434          (B[m total=210966
[2026-06-30T10:06:04.409Z] +[38;5;242mfunctions-common:time_stop:2436          (B[m _TIME_START[$name]=
[2026-06-30T10:06:04.409Z] +[38;5;242mfunctions-common:time_stop:2437          (B[m _TIME_TOTAL[$name]=212218
[2026-06-30T10:06:04.409Z] +[38;5;242mfunctions-common:git_clone:669           (B[m sudo git config --system --add safe.directory /opt/stack/nova
[2026-06-30T10:06:04.409Z] +[38;5;242mfunctions-common:git_clone:672           (B[m cd /opt/stack/nova
[2026-06-30T10:06:04.409Z] +[38;5;242mfunctions-common:git_clone:673           (B[m head -1
[2026-06-30T10:06:04.409Z] +[38;5;242mfunctions-common:git_clone:673           (B[m git show --oneline
[2026-06-30T10:06:04.409Z] 656ceb0ea2 Merge "Remove unused 'shutdown_terminate' flag"
[2026-06-30T10:06:04.409Z] +[38;5;242mfunctions-common:git_clone:674           (B[m cd /opt/stack/devstack
[2026-06-30T10:06:04.409Z] +[38;5;242mlib/nova:install_nova:959                (B[m setup_develop /opt/stack/nova
[2026-06-30T10:06:04.409Z] +[38;5;242minc/python:setup_develop:353             (B[m local bindep
[2026-06-30T10:06:04.409Z] +[38;5;242minc/python:setup_develop:354             (B[m [[ /opt/stack/nova == -bindep* ]]
[2026-06-30T10:06:04.409Z] +[38;5;242minc/python:setup_develop:358             (B[m local project_dir=/opt/stack/nova
[2026-06-30T10:06:04.409Z] +[38;5;242minc/python:setup_develop:359             (B[m local extras=
[2026-06-30T10:06:04.409Z] +[38;5;242minc/python:setup_develop:360             (B[m _setup_package_with_constraints_edit /opt/stack/nova -e
[2026-06-30T10:06:04.409Z] +[38;5;242minc/python:_setup_package_with_constraints_edit:379 (B[m local bindep
[2026-06-30T10:06:04.409Z] +[38;5;242minc/python:_setup_package_with_constraints_edit:380 (B[m [[ /opt/stack/nova == -bindep* ]]
[2026-06-30T10:06:04.409Z] +[38;5;242minc/python:_setup_package_with_constraints_edit:384 (B[m local project_dir=/opt/stack/nova
[2026-06-30T10:06:04.409Z] +[38;5;242minc/python:_setup_package_with_constraints_edit:385 (B[m local flags=-e
[2026-06-30T10:06:04.409Z] +[38;5;242minc/python:_setup_package_with_constraints_edit:386 (B[m local extras=
[2026-06-30T10:06:04.409Z] ++[38;5;242minc/python:_setup_package_with_constraints_edit:393 (B[m cd /opt/stack/nova
[2026-06-30T10:06:04.409Z] ++[38;5;242minc/python:_setup_package_with_constraints_edit:393 (B[m pwd
[2026-06-30T10:06:04.409Z] +[38;5;242minc/python:_setup_package_with_constraints_edit:393 (B[m project_dir=/opt/stack/nova
[2026-06-30T10:06:04.409Z] +[38;5;242minc/python:_setup_package_with_constraints_edit:395 (B[m '[' -n /opt/stack/requirements ']'
[2026-06-30T10:06:04.409Z] +[38;5;242minc/python:_setup_package_with_constraints_edit:399 (B[m local name
[2026-06-30T10:06:04.409Z] ++[38;5;242minc/python:_setup_package_with_constraints_edit:400 (B[m awk '/^name.*=/ {print $3}' /opt/stack/nova/setup.cfg
[2026-06-30T10:06:04.409Z] +[38;5;242minc/python:_setup_package_with_constraints_edit:400 (B[m name=nova
[2026-06-30T10:06:04.409Z] +[38;5;242minc/python:_setup_package_with_constraints_edit:401 (B[m '[' -z nova ']'
[2026-06-30T10:06:04.409Z] +[38;5;242minc/python:_setup_package_with_constraints_edit:405 (B[m /opt/stack/requirements/.venv/bin/edit-constraints /opt/stack/requirements/upper-constraints.txt -- nova
[2026-06-30T10:06:04.409Z] +[38;5;242minc/python:_setup_package_with_constraints_edit:408 (B[m setup_package /opt/stack/nova -e
[2026-06-30T10:06:04.409Z] +[38;5;242minc/python:setup_package:436             (B[m local bindep=0
[2026-06-30T10:06:04.409Z] +[38;5;242minc/python:setup_package:437             (B[m local bindep_flag=
[2026-06-30T10:06:04.409Z] +[38;5;242minc/python:setup_package:438             (B[m local bindep_profiles=
[2026-06-30T10:06:04.409Z] +[38;5;242minc/python:setup_package:439             (B[m [[ /opt/stack/nova == -bindep* ]]
[2026-06-30T10:06:04.409Z] +[38;5;242minc/python:setup_package:444             (B[m local project_dir=/opt/stack/nova
[2026-06-30T10:06:04.409Z] +[38;5;242minc/python:setup_package:445             (B[m local flags=-e
[2026-06-30T10:06:04.409Z] +[38;5;242minc/python:setup_package:446             (B[m local extras=
[2026-06-30T10:06:04.409Z] +[38;5;242minc/python:setup_package:450             (B[m [[ -n -e ]]
[2026-06-30T10:06:04.409Z] +[38;5;242minc/python:setup_package:450             (B[m [[ -z '' ]]
[2026-06-30T10:06:04.409Z] +[38;5;242minc/python:setup_package:450             (B[m [[ ! -e =~ ^-.* ]]
[2026-06-30T10:06:04.409Z] +[38;5;242minc/python:setup_package:455             (B[m [[ ! -z '' ]]
[2026-06-30T10:06:04.409Z] +[38;5;242minc/python:setup_package:460             (B[m [[ 0 == 1 ]]
[2026-06-30T10:06:04.409Z] +[38;5;242minc/python:setup_package:464             (B[m pip_install -e /opt/stack/nova
[2026-06-30T10:06:04.409Z] Using python 3.12 to install /opt/stack/nova
[2026-06-30T10:06:04.409Z] +[38;5;242minc/python:pip_install:210               (B[m env http_proxy=http://proxy-in.its.hpecorp.net:80 https_proxy=http://proxy-in.its.hpecorp.net:443 no_proxy=10.201.5.87,10.201.4.29,10.201.3.85,10.201.3.86,localhost,127.0.0.1,10.201.4.31,10.201.4.32,10.201.4.33,10.201.4.34,10.201.1.221,172.28.65.17,172.28.65.18,172.28.65.207,172.28.65.208 PIP_FIND_LINKS= /opt/stack/data/venv/bin/pip install -c /opt/stack/requirements/upper-constraints.txt -e /opt/stack/nova
[2026-06-30T10:06:04.409Z] Obtaining file:///opt/stack/nova
[2026-06-30T10:06:04.409Z]   Installing build dependencies: started
[2026-06-30T10:06:04.409Z]   Installing build dependencies: finished with status 'done'
[2026-06-30T10:06:04.409Z]   Checking if build backend supports build_editable: started
[2026-06-30T10:06:04.409Z]   Checking if build backend supports build_editable: finished with status 'done'
[2026-06-30T10:06:04.409Z]   Getting requirements to build editable: started
[2026-06-30T10:06:04.409Z]   Getting requirements to build editable: finished with status 'done'
[2026-06-30T10:06:04.409Z]   Preparing editable metadata (pyproject.toml): started
[2026-06-30T10:06:04.994Z]   Preparing editable metadata (pyproject.toml): finished with status 'done'
[2026-06-30T10:06:04.994Z] Requirement already satisfied: pbr>=5.8.0 in /opt/stack/data/venv/lib/python3.12/site-packages (from nova==33.1.0.dev237) (7.0.3)
[2026-06-30T10:06:04.994Z] Requirement already satisfied: SQLAlchemy>=1.4.13 in /opt/stack/data/venv/lib/python3.12/site-packages (from nova==33.1.0.dev237) (2.0.51)
[2026-06-30T10:06:04.994Z] Requirement already satisfied: decorator>=4.1.0 in /opt/stack/data/venv/lib/python3.12/site-packages (from nova==33.1.0.dev237) (5.3.1)
[2026-06-30T10:06:04.994Z] Requirement already satisfied: eventlet>=0.30.1 in /opt/stack/data/venv/lib/python3.12/site-packages (from nova==33.1.0.dev237) (0.41.0)
[2026-06-30T10:06:04.994Z] Requirement already satisfied: Jinja2>=2.10 in /opt/stack/data/venv/lib/python3.12/site-packages (from nova==33.1.0.dev237) (3.1.6)
[2026-06-30T10:06:04.994Z] Requirement already satisfied: keystonemiddleware>=4.20.0 in /opt/stack/data/venv/lib/python3.12/site-packages (from nova==33.1.0.dev237) (13.0.0)
[2026-06-30T10:06:04.994Z] Requirement already satisfied: lxml>=4.5.0 in /opt/stack/data/venv/lib/python3.12/site-packages (from nova==33.1.0.dev237) (6.1.1)
[2026-06-30T10:06:04.994Z] Requirement already satisfied: Routes>=2.3.1 in /opt/stack/data/venv/lib/python3.12/site-packages (from nova==33.1.0.dev237) (2.5.1)
[2026-06-30T10:06:04.994Z] Requirement already satisfied: cryptography>=2.7 in /opt/stack/data/venv/lib/python3.12/site-packages (from nova==33.1.0.dev237) (43.0.3)
[2026-06-30T10:06:04.994Z] Requirement already satisfied: WebOb>=1.8.2 in /opt/stack/data/venv/lib/python3.12/site-packages (from nova==33.1.0.dev237) (1.8.10)
[2026-06-30T10:06:04.994Z] Requirement already satisfied: greenlet>=0.4.15 in /opt/stack/data/venv/lib/python3.12/site-packages (from nova==33.1.0.dev237) (3.5.2)
[2026-06-30T10:06:04.994Z] Requirement already satisfied: PasteDeploy>=1.5.0 in /opt/stack/data/venv/lib/python3.12/site-packages (from nova==33.1.0.dev237) (3.1.0)
[2026-06-30T10:06:04.994Z] Requirement already satisfied: Paste>=2.0.2 in /opt/stack/data/venv/lib/python3.12/site-packages (from nova==33.1.0.dev237) (3.10.1)
[2026-06-30T10:06:04.994Z] Requirement already satisfied: PrettyTable>=0.7.1 in /opt/stack/data/venv/lib/python3.12/site-packages (from nova==33.1.0.dev237) (3.17.0)
[2026-06-30T10:06:04.994Z] Requirement already satisfied: alembic>=1.5.0 in /opt/stack/data/venv/lib/python3.12/site-packages (from nova==33.1.0.dev237) (1.18.4)
[2026-06-30T10:06:04.994Z] Requirement already satisfied: netaddr>=0.7.18 in /opt/stack/data/venv/lib/python3.12/site-packages (from nova==33.1.0.dev237) (1.3.0)
[2026-06-30T10:06:04.994Z] Requirement already satisfied: paramiko>=2.7.1 in /opt/stack/data/venv/lib/python3.12/site-packages (from nova==33.1.0.dev237) (4.0.0)
[2026-06-30T10:06:04.994Z] Requirement already satisfied: jsonschema>=4.0.0 in /opt/stack/data/venv/lib/python3.12/site-packages (from nova==33.1.0.dev237) (4.26.0)
[2026-06-30T10:06:04.994Z] Requirement already satisfied: python-cinderclient>=4.0.1 in /opt/stack/data/venv/lib/python3.12/site-packages (from nova==33.1.0.dev237) (9.9.0)
[2026-06-30T10:06:04.994Z] Requirement already satisfied: keystoneauth1>=3.16.0 in /opt/stack/data/venv/lib/python3.12/site-packages (from nova==33.1.0.dev237) (5.14.0)
[2026-06-30T10:06:04.994Z] Requirement already satisfied: python-neutronclient>=7.1.0 in /opt/stack/data/venv/lib/python3.12/site-packages (from nova==33.1.0.dev237) (12.0.0)
[2026-06-30T10:06:04.994Z] Requirement already satisfied: python-glanceclient>=4.7.0 in /opt/stack/data/venv/lib/python3.12/site-packages (from nova==33.1.0.dev237) (4.12.0)
[2026-06-30T10:06:04.994Z] Requirement already satisfied: requests>=2.25.1 in /opt/stack/data/venv/lib/python3.12/site-packages (from nova==33.1.0.dev237) (2.34.2)
[2026-06-30T10:06:04.994Z] Requirement already satisfied: stevedore>=1.20.0 in /opt/stack/data/venv/lib/python3.12/site-packages (from nova==33.1.0.dev237) (5.8.0)
[2026-06-30T10:06:05.257Z] Collecting websockify>=0.9.0 (from nova==33.1.0.dev237)
[2026-06-30T10:06:05.521Z]   Downloading websockify-0.13.0-py3-none-any.whl.metadata (14 kB)
[2026-06-30T10:06:05.786Z] Requirement already satisfied: oslo.cache>=1.26.0 in /opt/stack/data/venv/lib/python3.12/site-packages (from nova==33.1.0.dev237) (4.2.0)
[2026-06-30T10:06:05.786Z] Requirement already satisfied: oslo.concurrency>=5.0.1 in /opt/stack/data/venv/lib/python3.12/site-packages (from nova==33.1.0.dev237) (7.5.0)
[2026-06-30T10:06:05.786Z] Requirement already satisfied: oslo.config>=9.3.0 in /opt/stack/data/venv/lib/python3.12/site-packages (from nova==33.1.0.dev237) (10.5.0)
[2026-06-30T10:06:05.786Z] Requirement already satisfied: oslo.context>=3.4.0 in /opt/stack/data/venv/lib/python3.12/site-packages (from nova==33.1.0.dev237) (6.4.0)
[2026-06-30T10:06:05.786Z] Requirement already satisfied: oslo.log>=4.6.1 in /opt/stack/data/venv/lib/python3.12/site-packages (from nova==33.1.0.dev237) (8.2.0)
[2026-06-30T10:06:05.786Z] Requirement already satisfied: oslo.limit>=2.9.2 in /opt/stack/data/venv/lib/python3.12/site-packages (from nova==33.1.0.dev237) (2.11.0)
[2026-06-30T10:06:05.786Z] Requirement already satisfied: oslo.reports>=1.18.0 in /opt/stack/data/venv/lib/python3.12/site-packages (from nova==33.1.0.dev237) (3.8.0)
[2026-06-30T10:06:05.786Z] Requirement already satisfied: oslo.serialization>=4.2.0 in /opt/stack/data/venv/lib/python3.12/site-packages (from nova==33.1.0.dev237) (5.10.0)
[2026-06-30T10:06:05.786Z] Requirement already satisfied: oslo.upgradecheck>=1.3.0 in /opt/stack/data/venv/lib/python3.12/site-packages (from nova==33.1.0.dev237) (2.7.1)
[2026-06-30T10:06:05.786Z] Requirement already satisfied: oslo.utils>=8.0.0 in /opt/stack/data/venv/lib/python3.12/site-packages (from nova==33.1.0.dev237) (10.1.1)
[2026-06-30T10:06:05.786Z] Requirement already satisfied: oslo.db>=10.0.0 in /opt/stack/data/venv/lib/python3.12/site-packages (from nova==33.1.0.dev237) (18.0.0)
[2026-06-30T10:06:05.786Z] Requirement already satisfied: oslo.rootwrap>=5.15.0 in /opt/stack/data/venv/lib/python3.12/site-packages (from nova==33.1.0.dev237) (7.9.0)
[2026-06-30T10:06:05.786Z] Requirement already satisfied: oslo.messaging>=14.1.0 in /opt/stack/data/venv/lib/python3.12/site-packages (from nova==33.1.0.dev237) (18.1.0)
[2026-06-30T10:06:05.786Z] Requirement already satisfied: oslo.policy>=4.5.0 in /opt/stack/data/venv/lib/python3.12/site-packages (from nova==33.1.0.dev237) (5.1.0)
[2026-06-30T10:06:05.786Z] Requirement already satisfied: oslo.privsep>=3.11.0 in /opt/stack/data/venv/lib/python3.12/site-packages (from nova==33.1.0.dev237) (3.11.0)
[2026-06-30T10:06:05.786Z] Requirement already satisfied: oslo.i18n>=5.1.0 in /opt/stack/data/venv/lib/python3.12/site-packages (from nova==33.1.0.dev237) (6.8.0)
[2026-06-30T10:06:05.786Z] Requirement already satisfied: oslo.service>=4.5.0 in /opt/stack/data/venv/lib/python3.12/site-packages (from oslo.service[threading]>=4.5.0->nova==33.1.0.dev237) (4.6.0)
[2026-06-30T10:06:05.786Z] Requirement already satisfied: rfc3986>=1.2.0 in /opt/stack/data/venv/lib/python3.12/site-packages (from nova==33.1.0.dev237) (2.0.0)
[2026-06-30T10:06:05.786Z] Requirement already satisfied: oslo.middleware>=3.31.0 in /opt/stack/data/venv/lib/python3.12/site-packages (from nova==33.1.0.dev237) (8.1.0)
[2026-06-30T10:06:05.786Z] Requirement already satisfied: psutil>=3.2.2 in /opt/stack/data/venv/lib/python3.12/site-packages (from nova==33.1.0.dev237) (7.2.2)
[2026-06-30T10:06:05.786Z] Requirement already satisfied: oslo.versionedobjects>=1.35.0 in /opt/stack/data/venv/lib/python3.12/site-packages (from nova==33.1.0.dev237) (3.10.2)
[2026-06-30T10:06:05.786Z] Requirement already satisfied: os-brick>=6.10.0 in /opt/stack/data/venv/lib/python3.12/site-packages (from nova==33.1.0.dev237) (7.1.0)
[2026-06-30T10:06:05.786Z] Requirement already satisfied: os-resource-classes>=1.1.0 in /opt/stack/data/venv/lib/python3.12/site-packages (from nova==33.1.0.dev237) (1.1.0)
[2026-06-30T10:06:05.786Z] Requirement already satisfied: os-traits>=3.6.0 in /opt/stack/data/venv/lib/python3.12/site-packages (from nova==33.1.0.dev237) (3.8.0)
[2026-06-30T10:06:05.786Z] Requirement already satisfied: os-vif>=3.1.0 in /opt/stack/data/venv/lib/python3.12/site-packages (from nova==33.1.0.dev237) (5.0.0)
[2026-06-30T10:06:05.786Z] Requirement already satisfied: castellan>=0.16.0 in /opt/stack/data/venv/lib/python3.12/site-packages (from nova==33.1.0.dev237) (5.7.0)
[2026-06-30T10:06:05.786Z] Collecting microversion-parse>=0.2.1 (from nova==33.1.0.dev237)
[2026-06-30T10:06:05.786Z]   Downloading microversion_parse-2.1.0-py3-none-any.whl.metadata (5.1 kB)
[2026-06-30T10:06:05.786Z] Requirement already satisfied: tooz>=1.58.0 in /opt/stack/data/venv/lib/python3.12/site-packages (from nova==33.1.0.dev237) (8.1.0)
[2026-06-30T10:06:05.786Z] Requirement already satisfied: cursive>=0.2.1 in /opt/stack/data/venv/lib/python3.12/site-packages (from nova==33.1.0.dev237) (0.2.3)
[2026-06-30T10:06:05.786Z] Requirement already satisfied: retrying>=1.3.3 in /opt/stack/data/venv/lib/python3.12/site-packages (from nova==33.1.0.dev237) (1.4.2)
[2026-06-30T10:06:05.786Z] Requirement already satisfied: os-service-types>=1.7.0 in /opt/stack/data/venv/lib/python3.12/site-packages (from nova==33.1.0.dev237) (1.8.2)
[2026-06-30T10:06:05.786Z] Requirement already satisfied: python-dateutil>=2.7.0 in /opt/stack/data/venv/lib/python3.12/site-packages (from nova==33.1.0.dev237) (2.9.0.post0)
[2026-06-30T10:06:05.786Z] Requirement already satisfied: futurist>=3.2.1 in /opt/stack/data/venv/lib/python3.12/site-packages (from nova==33.1.0.dev237) (3.4.0)
[2026-06-30T10:06:05.786Z] Requirement already satisfied: openstacksdk>=4.4.0 in /opt/stack/data/venv/lib/python3.12/site-packages (from nova==33.1.0.dev237) (4.17.0)
[2026-06-30T10:06:05.786Z] Requirement already satisfied: PyYAML>=5.1 in /opt/stack/data/venv/lib/python3.12/site-packages (from nova==33.1.0.dev237) (6.0.3)
[2026-06-30T10:06:05.786Z] Requirement already satisfied: Mako in /opt/stack/data/venv/lib/python3.12/site-packages (from alembic>=1.5.0->nova==33.1.0.dev237) (1.3.12)
[2026-06-30T10:06:05.786Z] Requirement already satisfied: typing-extensions>=4.12 in /opt/stack/data/venv/lib/python3.12/site-packages (from alembic>=1.5.0->nova==33.1.0.dev237) (4.15.0)
[2026-06-30T10:06:05.786Z] Requirement already satisfied: python-barbicanclient>=5.5.0 in /opt/stack/data/venv/lib/python3.12/site-packages (from castellan>=0.16.0->nova==33.1.0.dev237) (7.4.0)
[2026-06-30T10:06:05.786Z] Requirement already satisfied: cffi>=1.12 in /opt/stack/data/venv/lib/python3.12/site-packages (from cryptography>=2.7->nova==33.1.0.dev237) (2.0.0)
[2026-06-30T10:06:05.786Z] Requirement already satisfied: pycparser in /opt/stack/data/venv/lib/python3.12/site-packages (from cffi>=1.12->cryptography>=2.7->nova==33.1.0.dev237) (3.0)
[2026-06-30T10:06:05.786Z] Requirement already satisfied: dnspython>=1.15.0 in /opt/stack/data/venv/lib/python3.12/site-packages (from eventlet>=0.30.1->nova==33.1.0.dev237) (2.8.0)
[2026-06-30T10:06:06.071Z] Requirement already satisfied: debtcollector>=3.0.0 in /opt/stack/data/venv/lib/python3.12/site-packages (from futurist>=3.2.1->nova==33.1.0.dev237) (3.1.0)
[2026-06-30T10:06:06.071Z] Requirement already satisfied: wrapt>=2.1.0 in /opt/stack/data/venv/lib/python3.12/site-packages (from debtcollector>=3.0.0->futurist>=3.2.1->nova==33.1.0.dev237) (2.2.1)
[2026-06-30T10:06:06.071Z] Requirement already satisfied: MarkupSafe>=2.0 in /opt/stack/data/venv/lib/python3.12/site-packages (from Jinja2>=2.10->nova==33.1.0.dev237) (3.0.3)
[2026-06-30T10:06:06.071Z] Requirement already satisfied: attrs>=22.2.0 in /opt/stack/data/venv/lib/python3.12/site-packages (from jsonschema>=4.0.0->nova==33.1.0.dev237) (26.1.0)
[2026-06-30T10:06:06.071Z] Requirement already satisfied: jsonschema-specifications>=2023.03.6 in /opt/stack/data/venv/lib/python3.12/site-packages (from jsonschema>=4.0.0->nova==33.1.0.dev237) (2025.9.1)
[2026-06-30T10:06:06.071Z] Requirement already satisfied: referencing>=0.28.4 in /opt/stack/data/venv/lib/python3.12/site-packages (from jsonschema>=4.0.0->nova==33.1.0.dev237) (0.37.0)
[2026-06-30T10:06:06.071Z] Requirement already satisfied: rpds-py>=0.25.0 in /opt/stack/data/venv/lib/python3.12/site-packages (from jsonschema>=4.0.0->nova==33.1.0.dev237) (2026.5.1)
[2026-06-30T10:06:06.071Z] Requirement already satisfied: iso8601>=2.0.0 in /opt/stack/data/venv/lib/python3.12/site-packages (from keystoneauth1>=3.16.0->nova==33.1.0.dev237) (2.1.0)
[2026-06-30T10:06:06.071Z] Requirement already satisfied: pycadf>=1.1.0 in /opt/stack/data/venv/lib/python3.12/site-packages (from keystonemiddleware>=4.20.0->nova==33.1.0.dev237) (4.0.1)
[2026-06-30T10:06:06.071Z] Requirement already satisfied: PyJWT>=2.4.0 in /opt/stack/data/venv/lib/python3.12/site-packages (from keystonemiddleware>=4.20.0->nova==33.1.0.dev237) (2.13.0)
[2026-06-30T10:06:06.071Z] Requirement already satisfied: python-keystoneclient>=3.20.0 in /opt/stack/data/venv/lib/python3.12/site-packages (from keystonemiddleware>=4.20.0->nova==33.1.0.dev237) (5.8.0)
[2026-06-30T10:06:06.071Z] Requirement already satisfied: dogpile.cache>=0.6.5 in /opt/stack/data/venv/lib/python3.12/site-packages (from openstacksdk>=4.4.0->nova==33.1.0.dev237) (1.5.0)
[2026-06-30T10:06:06.071Z] Requirement already satisfied: jmespath>=0.9.0 in /opt/stack/data/venv/lib/python3.12/site-packages (from openstacksdk>=4.4.0->nova==33.1.0.dev237) (1.1.0)
[2026-06-30T10:06:06.071Z] Requirement already satisfied: jsonpatch!=1.20,>=1.16 in /opt/stack/data/venv/lib/python3.12/site-packages (from openstacksdk>=4.4.0->nova==33.1.0.dev237) (1.33)
[2026-06-30T10:06:06.071Z] Requirement already satisfied: platformdirs>=3 in /opt/stack/data/venv/lib/python3.12/site-packages (from openstacksdk>=4.4.0->nova==33.1.0.dev237) (4.10.0)
[2026-06-30T10:06:06.071Z] Requirement already satisfied: jsonpointer>=1.9 in /opt/stack/data/venv/lib/python3.12/site-packages (from jsonpatch!=1.20,>=1.16->openstacksdk>=4.4.0->nova==33.1.0.dev237) (3.1.1)
[2026-06-30T10:06:06.071Z] Requirement already satisfied: tenacity>=6.3.1 in /opt/stack/data/venv/lib/python3.12/site-packages (from os-brick>=6.10.0->nova==33.1.0.dev237) (9.1.4)
[2026-06-30T10:06:06.071Z] Requirement already satisfied: ovsdbapp>=0.12.1 in /opt/stack/data/venv/lib/python3.12/site-packages (from os-vif>=3.1.0->nova==33.1.0.dev237) (2.18.0)
[2026-06-30T10:06:06.071Z] Requirement already satisfied: fasteners>=0.7.0 in /opt/stack/data/venv/lib/python3.12/site-packages (from oslo.concurrency>=5.0.1->nova==33.1.0.dev237) (0.20)
[2026-06-30T10:06:06.071Z] Requirement already satisfied: testresources>=2.0.0 in /opt/stack/data/venv/lib/python3.12/site-packages (from oslo.db>=10.0.0->nova==33.1.0.dev237) (2.1.2)
[2026-06-30T10:06:06.071Z] Requirement already satisfied: testscenarios>=0.4 in /opt/stack/data/venv/lib/python3.12/site-packages (from oslo.db>=10.0.0->nova==33.1.0.dev237) (0.6.2)
[2026-06-30T10:06:06.071Z] Requirement already satisfied: cachetools>=2.0.0 in /opt/stack/data/venv/lib/python3.12/site-packages (from oslo.messaging>=14.1.0->nova==33.1.0.dev237) (7.1.4)
[2026-06-30T10:06:06.071Z] Requirement already satisfied: amqp>=2.5.2 in /opt/stack/data/venv/lib/python3.12/site-packages (from oslo.messaging>=14.1.0->nova==33.1.0.dev237) (5.3.1)
[2026-06-30T10:06:06.071Z] Requirement already satisfied: kombu>=4.6.8 in /opt/stack/data/venv/lib/python3.12/site-packages (from oslo.messaging>=14.1.0->nova==33.1.0.dev237) (5.6.2)
[2026-06-30T10:06:06.071Z] Requirement already satisfied: oslo.metrics>=0.2.1 in /opt/stack/data/venv/lib/python3.12/site-packages (from oslo.messaging>=14.1.0->nova==33.1.0.dev237) (0.16.0)
[2026-06-30T10:06:06.071Z] Requirement already satisfied: vine<6.0.0,>=5.0.0 in /opt/stack/data/venv/lib/python3.12/site-packages (from amqp>=2.5.2->oslo.messaging>=14.1.0->nova==33.1.0.dev237) (5.1.0)
[2026-06-30T10:06:06.071Z] Requirement already satisfied: tzdata>=2025.2 in /opt/stack/data/venv/lib/python3.12/site-packages (from kombu>=4.6.8->oslo.messaging>=14.1.0->nova==33.1.0.dev237) (2026.2)
[2026-06-30T10:06:06.071Z] Requirement already satisfied: packaging in /opt/stack/data/venv/lib/python3.12/site-packages (from kombu>=4.6.8->oslo.messaging>=14.1.0->nova==33.1.0.dev237) (26.2)
[2026-06-30T10:06:06.071Z] Requirement already satisfied: prometheus-client>=0.6.0 in /opt/stack/data/venv/lib/python3.12/site-packages (from oslo.metrics>=0.2.1->oslo.messaging>=14.1.0->nova==33.1.0.dev237) (0.25.0)
[2026-06-30T10:06:06.071Z] Requirement already satisfied: bcrypt>=3.1.3 in /opt/stack/data/venv/lib/python3.12/site-packages (from oslo.middleware>=3.31.0->nova==33.1.0.dev237) (5.0.0)
[2026-06-30T10:06:06.071Z] Requirement already satisfied: statsd>=3.2.1 in /opt/stack/data/venv/lib/python3.12/site-packages (from oslo.middleware>=3.31.0->nova==33.1.0.dev237) (4.0.1)
[2026-06-30T10:06:06.071Z] Requirement already satisfied: msgpack>=0.6.0 in /opt/stack/data/venv/lib/python3.12/site-packages (from oslo.privsep>=3.11.0->nova==33.1.0.dev237) (1.2.1)
[2026-06-30T10:06:06.071Z] Requirement already satisfied: Yappi>=1.0 in /opt/stack/data/venv/lib/python3.12/site-packages (from oslo.service>=4.5.0->oslo.service[threading]>=4.5.0->nova==33.1.0.dev237) (1.7.6)
[2026-06-30T10:06:06.071Z] Requirement already satisfied: cotyledon>=2.2.0 in /opt/stack/data/venv/lib/python3.12/site-packages (from oslo.service[threading]>=4.5.0->nova==33.1.0.dev237) (2.2.0)
[2026-06-30T10:06:06.071Z] Requirement already satisfied: setproctitle in /opt/stack/data/venv/lib/python3.12/site-packages (from cotyledon>=2.2.0->oslo.service[threading]>=4.5.0->nova==33.1.0.dev237) (1.3.7)
[2026-06-30T10:06:06.071Z] Requirement already satisfied: pyparsing>=2.1.0 in /opt/stack/data/venv/lib/python3.12/site-packages (from oslo.utils>=8.0.0->nova==33.1.0.dev237) (3.3.2)
[2026-06-30T10:06:06.071Z] Requirement already satisfied: fixtures>=3.0.0 in /opt/stack/data/venv/lib/python3.12/site-packages (from ovsdbapp>=0.12.1->os-vif>=3.1.0->nova==33.1.0.dev237) (4.3.2)
[2026-06-30T10:06:06.071Z] Requirement already satisfied: ovs>=2.10.0 in /opt/stack/data/venv/lib/python3.12/site-packages (from ovsdbapp>=0.12.1->os-vif>=3.1.0->nova==33.1.0.dev237) (3.7.1)
[2026-06-30T10:06:06.071Z] Requirement already satisfied: sortedcontainers in /usr/lib/python3/dist-packages (from ovs>=2.10.0->ovsdbapp>=0.12.1->os-vif>=3.1.0->nova==33.1.0.dev237) (2.4.0)
[2026-06-30T10:06:06.071Z] Requirement already satisfied: invoke>=2.0 in /opt/stack/data/venv/lib/python3.12/site-packages (from paramiko>=2.7.1->nova==33.1.0.dev237) (3.0.3)
[2026-06-30T10:06:06.071Z] Requirement already satisfied: pynacl>=1.5 in /opt/stack/data/venv/lib/python3.12/site-packages (from paramiko>=2.7.1->nova==33.1.0.dev237) (1.6.2)
[2026-06-30T10:06:06.071Z] Requirement already satisfied: setuptools in /opt/stack/data/venv/lib/python3.12/site-packages (from Paste>=2.0.2->nova==33.1.0.dev237) (82.0.1)
[2026-06-30T10:06:06.352Z] Requirement already satisfied: wcwidth in /opt/stack/data/venv/lib/python3.12/site-packages (from PrettyTable>=0.7.1->nova==33.1.0.dev237) (0.8.1)
[2026-06-30T10:06:06.352Z] Requirement already satisfied: cliff>=2.8.0 in /opt/stack/data/venv/lib/python3.12/site-packages (from python-barbicanclient>=5.5.0->castellan>=0.16.0->nova==33.1.0.dev237) (4.14.0)
[2026-06-30T10:06:06.352Z] Requirement already satisfied: autopage>=0.4.0 in /opt/stack/data/venv/lib/python3.12/site-packages (from cliff>=2.8.0->python-barbicanclient>=5.5.0->castellan>=0.16.0->nova==33.1.0.dev237) (0.6.0)
[2026-06-30T10:06:06.352Z] Requirement already satisfied: cmd2>=3.0.0 in /opt/stack/data/venv/lib/python3.12/site-packages (from cliff>=2.8.0->python-barbicanclient>=5.5.0->castellan>=0.16.0->nova==33.1.0.dev237) (4.0.0)
[2026-06-30T10:06:06.352Z] Requirement already satisfied: prompt-toolkit>=3.0.52 in /opt/stack/data/venv/lib/python3.12/site-packages (from cmd2>=3.0.0->cliff>=2.8.0->python-barbicanclient>=5.5.0->castellan>=0.16.0->nova==33.1.0.dev237) (3.0.52)
[2026-06-30T10:06:06.352Z] Requirement already satisfied: pyperclip>=1.8.2 in /opt/stack/data/venv/lib/python3.12/site-packages (from cmd2>=3.0.0->cliff>=2.8.0->python-barbicanclient>=5.5.0->castellan>=0.16.0->nova==33.1.0.dev237) (1.11.0)
[2026-06-30T10:06:06.352Z] Requirement already satisfied: rich>=15.0.0 in /opt/stack/data/venv/lib/python3.12/site-packages (from cmd2>=3.0.0->cliff>=2.8.0->python-barbicanclient>=5.5.0->castellan>=0.16.0->nova==33.1.0.dev237) (15.0.0)
[2026-06-30T10:06:06.352Z] Requirement already satisfied: rich-argparse>=1.7.2 in /opt/stack/data/venv/lib/python3.12/site-packages (from cmd2>=3.0.0->cliff>=2.8.0->python-barbicanclient>=5.5.0->castellan>=0.16.0->nova==33.1.0.dev237) (1.8.0)
[2026-06-30T10:06:06.352Z] Requirement already satisfied: six>=1.5 in /opt/stack/data/venv/lib/python3.12/site-packages (from python-dateutil>=2.7.0->nova==33.1.0.dev237) (1.17.0)
[2026-06-30T10:06:06.352Z] Requirement already satisfied: warlock>=1.2.0 in /opt/stack/data/venv/lib/python3.12/site-packages (from python-glanceclient>=4.7.0->nova==33.1.0.dev237) (2.1.0)
[2026-06-30T10:06:06.352Z] Requirement already satisfied: pyOpenSSL>=17.1.0 in /opt/stack/data/venv/lib/python3.12/site-packages (from python-glanceclient>=4.7.0->nova==33.1.0.dev237) (24.2.1)
[2026-06-30T10:06:06.352Z] Requirement already satisfied: osc-lib>=1.12.0 in /opt/stack/data/venv/lib/python3.12/site-packages (from python-neutronclient>=7.1.0->nova==33.1.0.dev237) (4.6.0)
[2026-06-30T10:06:06.352Z] Requirement already satisfied: charset_normalizer<4,>=2 in /opt/stack/data/venv/lib/python3.12/site-packages (from requests>=2.25.1->nova==33.1.0.dev237) (3.4.7)
[2026-06-30T10:06:06.352Z] Requirement already satisfied: idna<4,>=2.5 in /opt/stack/data/venv/lib/python3.12/site-packages (from requests>=2.25.1->nova==33.1.0.dev237) (3.18)
[2026-06-30T10:06:06.352Z] Requirement already satisfied: urllib3<3,>=1.26 in /opt/stack/data/venv/lib/python3.12/site-packages (from requests>=2.25.1->nova==33.1.0.dev237) (2.7.0)
[2026-06-30T10:06:06.352Z] Requirement already satisfied: certifi>=2023.5.7 in /usr/lib/python3/dist-packages (from requests>=2.25.1->nova==33.1.0.dev237) (2023.11.17)
[2026-06-30T10:06:06.352Z] Requirement already satisfied: markdown-it-py>=2.2.0 in /opt/stack/data/venv/lib/python3.12/site-packages (from rich>=15.0.0->cmd2>=3.0.0->cliff>=2.8.0->python-barbicanclient>=5.5.0->castellan>=0.16.0->nova==33.1.0.dev237) (4.2.0)
[2026-06-30T10:06:06.352Z] Requirement already satisfied: pygments<3.0.0,>=2.13.0 in /opt/stack/data/venv/lib/python3.12/site-packages (from rich>=15.0.0->cmd2>=3.0.0->cliff>=2.8.0->python-barbicanclient>=5.5.0->castellan>=0.16.0->nova==33.1.0.dev237) (2.20.0)
[2026-06-30T10:06:06.618Z] Requirement already satisfied: mdurl~=0.1 in /usr/lib/python3/dist-packages (from markdown-it-py>=2.2.0->rich>=15.0.0->cmd2>=3.0.0->cliff>=2.8.0->python-barbicanclient>=5.5.0->castellan>=0.16.0->nova==33.1.0.dev237) (0.1.2)
[2026-06-30T10:06:06.618Z] Requirement already satisfied: repoze.lru>=0.3 in /opt/stack/data/venv/lib/python3.12/site-packages (from Routes>=2.3.1->nova==33.1.0.dev237) (0.8)
[2026-06-30T10:06:06.618Z] Requirement already satisfied: voluptuous>=0.8.9 in /opt/stack/data/venv/lib/python3.12/site-packages (from tooz>=1.58.0->nova==33.1.0.dev237) (0.16.0)
[2026-06-30T10:06:07.193Z] Collecting numpy (from websockify>=0.9.0->nova==33.1.0.dev237)
[2026-06-30T10:06:07.193Z]   Downloading numpy-2.4.6-cp312-cp312-manylinux_2_27_x86_64.manylinux_2_28_x86_64.whl.metadata (6.6 kB)
[2026-06-30T10:06:07.193Z] Collecting jwcrypto (from websockify>=0.9.0->nova==33.1.0.dev237)
[2026-06-30T10:06:07.193Z]   Downloading jwcrypto-1.5.7-py3-none-any.whl.metadata (3.3 kB)
[2026-06-30T10:06:07.454Z] Collecting redis (from websockify>=0.9.0->nova==33.1.0.dev237)
[2026-06-30T10:06:07.454Z]   Downloading redis-8.0.0-py3-none-any.whl.metadata (13 kB)
[2026-06-30T10:06:07.720Z] Downloading microversion_parse-2.1.0-py3-none-any.whl (20 kB)
[2026-06-30T10:06:07.720Z] Downloading websockify-0.13.0-py3-none-any.whl (41 kB)
[2026-06-30T10:06:07.720Z] Downloading jwcrypto-1.5.7-py3-none-any.whl (94 kB)
[2026-06-30T10:06:07.720Z] Downloading numpy-2.4.6-cp312-cp312-manylinux_2_27_x86_64.manylinux_2_28_x86_64.whl (16.6 MB)
[2026-06-30T10:06:11.107Z]    ━━━━━━━━━━━━━━━━━━━━━━━━━━━━━━━━━━━━━━━━ 16.6/16.6 MB 4.9 MB/s  0:00:03
[2026-06-30T10:06:11.371Z] Downloading redis-8.0.0-py3-none-any.whl (499 kB)
[2026-06-30T10:06:11.371Z] Building wheels for collected packages: nova
[2026-06-30T10:06:11.371Z]   Building editable for nova (pyproject.toml): started
[2026-06-30T10:06:15.604Z]   Building editable for nova (pyproject.toml): finished with status 'done'
[2026-06-30T10:06:15.604Z]   Created wheel for nova: filename=nova-33.1.0.dev237-0.editable-py3-none-any.whl size=10635 sha256=a87f6deb34780786543b6f84da774ea7f25cbe07f01075e04b0afa5939eb0761
[2026-06-30T10:06:15.604Z]   Stored in directory: /tmp/pip-ephem-wheel-cache-ja3fxc7e/wheels/ee/2b/3a/69794dff55dd5d6c4a3613dfc37217369e4acdbc37f2b08153
[2026-06-30T10:06:15.604Z] Successfully built nova
[2026-06-30T10:06:15.604Z] Installing collected packages: redis, numpy, microversion-parse, jwcrypto, websockify, nova
[2026-06-30T10:06:19.827Z] 
[2026-06-30T10:06:19.827Z] Successfully installed jwcrypto-1.5.7 microversion-parse-2.1.0 nova-33.1.0.dev237 numpy-2.4.6 redis-8.0.0 websockify-0.13.0
[2026-06-30T10:06:20.092Z] +[38;5;242minc/python:pip_install:216               (B[m result=0
[2026-06-30T10:06:20.092Z] +[38;5;242minc/python:pip_install:218               (B[m time_stop pip_install
[2026-06-30T10:06:20.092Z] +[38;5;242mfunctions-common:time_stop:2420          (B[m local name
[2026-06-30T10:06:20.092Z] +[38;5;242mfunctions-common:time_stop:2421          (B[m local end_time
[2026-06-30T10:06:20.092Z] +[38;5;242mfunctions-common:time_stop:2422          (B[m local elapsed_time
[2026-06-30T10:06:20.092Z] +[38;5;242mfunctions-common:time_stop:2423          (B[m local total
[2026-06-30T10:06:20.092Z] +[38;5;242mfunctions-common:time_stop:2424          (B[m local start_time
[2026-06-30T10:06:20.092Z] +[38;5;242mfunctions-common:time_stop:2426          (B[m name=pip_install
[2026-06-30T10:06:20.092Z] +[38;5;242mfunctions-common:time_stop:2427          (B[m start_time=1782813965682
[2026-06-30T10:06:20.360Z] +[38;5;242mfunctions-common:time_stop:2429          (B[m [[ -z 1782813965682 ]]
[2026-06-30T10:06:20.360Z] ++[38;5;242mfunctions-common:time_stop:2432          (B[m date +%s%3N
[2026-06-30T10:06:20.360Z] +[38;5;242mfunctions-common:time_stop:2432          (B[m end_time=1782813988535
[2026-06-30T10:06:20.360Z] +[38;5;242mfunctions-common:time_stop:2433          (B[m elapsed_time=22853
[2026-06-30T10:06:20.360Z] +[38;5;242mfunctions-common:time_stop:2434          (B[m total=191857
[2026-06-30T10:06:20.360Z] +[38;5;242mfunctions-common:time_stop:2436          (B[m _TIME_START[$name]=
[2026-06-30T10:06:20.360Z] +[38;5;242mfunctions-common:time_stop:2437          (B[m _TIME_TOTAL[$name]=214710
[2026-06-30T10:06:20.360Z] +[38;5;242minc/python:pip_install:219               (B[m return 0
[2026-06-30T10:06:20.360Z] +[38;5;242minc/python:setup_package:466             (B[m [[ -e == \-\e ]]
[2026-06-30T10:06:20.624Z] +[38;5;242minc/python:setup_package:466             (B[m [[ True == \F\a\l\s\e ]]
[2026-06-30T10:06:20.624Z] +[38;5;242minc/python:_setup_package_with_constraints_edit:412 (B[m use_library_from_git /opt/stack/nova
[2026-06-30T10:06:20.624Z] +[38;5;242minc/python:use_library_from_git:266      (B[m local name=/opt/stack/nova
[2026-06-30T10:06:20.624Z] +[38;5;242minc/python:use_library_from_git:267      (B[m local enabled=1
[2026-06-30T10:06:20.624Z] +[38;5;242minc/python:use_library_from_git:268      (B[m [[ '' = \A\L\L ]]
[2026-06-30T10:06:20.624Z] +[38;5;242minc/python:use_library_from_git:268      (B[m [[ ,, =~ ,/opt/stack/nova, ]]
[2026-06-30T10:06:20.624Z] +[38;5;242minc/python:use_library_from_git:269      (B[m return 1
[2026-06-30T10:06:20.625Z] +[38;5;242mlib/nova:install_nova:960                (B[m sudo install -D -m 0644 -o stack /opt/stack/nova/tools/nova-manage.bash_completion /etc/bash_completion.d/nova-manage.bash_completion
[2026-06-30T10:06:20.888Z] +[38;5;242mlib/stack:stack_install_service:33       (B[m [[ False = True ]]
[2026-06-30T10:06:20.888Z] +[38;5;242m./stack.sh:main:959                      (B[m configure_nova
[2026-06-30T10:06:20.888Z] +[38;5;242mlib/nova:configure_nova:260              (B[m sudo install -d -o stack /etc/nova
[2026-06-30T10:06:20.888Z] +[38;5;242mlib/nova:configure_nova:262              (B[m configure_rootwrap nova
[2026-06-30T10:06:20.888Z] +[38;5;242minc/rootwrap:configure_rootwrap:43       (B[m local project=nova
[2026-06-30T10:06:20.888Z] +[38;5;242minc/rootwrap:configure_rootwrap:44       (B[m local project_uc
[2026-06-30T10:06:21.154Z] ++[38;5;242minc/rootwrap:configure_rootwrap:45       (B[m echo nova
[2026-06-30T10:06:21.154Z] ++[38;5;242minc/rootwrap:configure_rootwrap:45       (B[m tr a-z A-Z
[2026-06-30T10:06:21.154Z] +[38;5;242minc/rootwrap:configure_rootwrap:45       (B[m project_uc=NOVA
[2026-06-30T10:06:21.154Z] +[38;5;242minc/rootwrap:configure_rootwrap:46       (B[m local bin_dir=NOVA_BIN_DIR
[2026-06-30T10:06:21.154Z] +[38;5;242minc/rootwrap:configure_rootwrap:47       (B[m bin_dir=/opt/stack/data/venv/bin
[2026-06-30T10:06:21.154Z] +[38;5;242minc/rootwrap:configure_rootwrap:48       (B[m local project_dir=NOVA_DIR
[2026-06-30T10:06:21.154Z] +[38;5;242minc/rootwrap:configure_rootwrap:49       (B[m project_dir=/opt/stack/nova
[2026-06-30T10:06:21.154Z] +[38;5;242minc/rootwrap:configure_rootwrap:51       (B[m local rootwrap_conf_src_dir=/opt/stack/nova/etc/nova
[2026-06-30T10:06:21.154Z] +[38;5;242minc/rootwrap:configure_rootwrap:52       (B[m local rootwrap_bin=/opt/stack/data/venv/bin/nova-rootwrap
[2026-06-30T10:06:21.428Z] +[38;5;242minc/rootwrap:configure_rootwrap:55       (B[m sudo rm -rf /etc/nova/rootwrap.d
[2026-06-30T10:06:21.428Z] +[38;5;242minc/rootwrap:configure_rootwrap:56       (B[m sudo install -d -o root -g root -m 755 /etc/nova/rootwrap.d
[2026-06-30T10:06:21.428Z] +[38;5;242minc/rootwrap:configure_rootwrap:57       (B[m sudo install -o root -g root -m 644 /opt/stack/nova/etc/nova/rootwrap.d/compute.filters /etc/nova/rootwrap.d
[2026-06-30T10:06:21.428Z] +[38;5;242minc/rootwrap:configure_rootwrap:60       (B[m sudo install -o root -g root -m 644 /opt/stack/nova/etc/nova/rootwrap.conf /etc/nova/rootwrap.conf
[2026-06-30T10:06:21.691Z] +[38;5;242minc/rootwrap:configure_rootwrap:61       (B[m sudo sed -e 's:^filters_path=.*$:filters_path=/etc/nova/rootwrap.d:' -i /etc/nova/rootwrap.conf
[2026-06-30T10:06:21.691Z] +[38;5;242minc/rootwrap:configure_rootwrap:66       (B[m sudo sed -e 's/^exec_dirs=.*/#&/' -i /etc/nova/rootwrap.conf
[2026-06-30T10:06:21.691Z] +[38;5;242minc/rootwrap:configure_rootwrap:69       (B[m local tempfile
[2026-06-30T10:06:21.691Z] ++[38;5;242minc/rootwrap:configure_rootwrap:70       (B[m mktemp
[2026-06-30T10:06:21.691Z] +[38;5;242minc/rootwrap:configure_rootwrap:70       (B[m tempfile=/tmp/tmp.2ejUbhAWtV
[2026-06-30T10:06:21.953Z] +[38;5;242minc/rootwrap:configure_rootwrap:72       (B[m rootwrap_sudo_cmd='/opt/stack/data/venv/bin/nova-rootwrap /etc/nova/rootwrap.conf *'
[2026-06-30T10:06:21.953Z] +[38;5;242minc/rootwrap:configure_rootwrap:73       (B[m echo 'stack ALL=(root) NOPASSWD: /opt/stack/data/venv/bin/nova-rootwrap /etc/nova/rootwrap.conf *'
[2026-06-30T10:06:21.953Z] +[38;5;242minc/rootwrap:configure_rootwrap:74       (B[m '[' -f /opt/stack/data/venv/bin/nova-rootwrap-daemon ']'
[2026-06-30T10:06:21.953Z] +[38;5;242minc/rootwrap:configure_rootwrap:76       (B[m rootwrap_sudo_cmd='/opt/stack/data/venv/bin/nova-rootwrap-daemon /etc/nova/rootwrap.conf'
[2026-06-30T10:06:21.953Z] +[38;5;242minc/rootwrap:configure_rootwrap:77       (B[m echo 'stack ALL=(root) NOPASSWD: /opt/stack/data/venv/bin/nova-rootwrap-daemon /etc/nova/rootwrap.conf'
[2026-06-30T10:06:21.954Z] +[38;5;242minc/rootwrap:configure_rootwrap:79       (B[m chmod 0440 /tmp/tmp.2ejUbhAWtV
[2026-06-30T10:06:21.954Z] +[38;5;242minc/rootwrap:configure_rootwrap:80       (B[m sudo chown root:root /tmp/tmp.2ejUbhAWtV
[2026-06-30T10:06:22.218Z] +[38;5;242minc/rootwrap:configure_rootwrap:81       (B[m sudo mv /tmp/tmp.2ejUbhAWtV /etc/sudoers.d/nova-rootwrap
[2026-06-30T10:06:22.218Z] ++[38;5;242minc/rootwrap:configure_rootwrap:85       (B[m dirname /opt/stack/data/venv/bin/nova-rootwrap
[2026-06-30T10:06:22.218Z] +[38;5;242minc/rootwrap:configure_rootwrap:85       (B[m add_sudo_secure_path /opt/stack/data/venv/bin
[2026-06-30T10:06:22.218Z] +[38;5;242minc/rootwrap:add_sudo_secure_path:21     (B[m local dir=/opt/stack/data/venv/bin
[2026-06-30T10:06:22.218Z] +[38;5;242minc/rootwrap:add_sudo_secure_path:22     (B[m local line
[2026-06-30T10:06:22.218Z] +[38;5;242minc/rootwrap:add_sudo_secure_path:25     (B[m [[ -r /etc/sudoers.d/zz-secure-path ]]
[2026-06-30T10:06:22.218Z] +[38;5;242minc/rootwrap:add_sudo_secure_path:28     (B[m line='Defaults:stack secure_path=/usr/local/sbin:/usr/local/bin:/usr/sbin:/sbin:/usr/bin:/bin'
[2026-06-30T10:06:22.481Z] +[38;5;242minc/rootwrap:add_sudo_secure_path:32     (B[m [[ ! Defaults:stack secure_path=/usr/local/sbin:/usr/local/bin:/usr/sbin:/sbin:/usr/bin:/bin =~ /opt/stack/data/venv/bin ]]
[2026-06-30T10:06:22.481Z] +[38;5;242minc/rootwrap:add_sudo_secure_path:33     (B[m echo 'Defaults:stack secure_path=/usr/local/sbin:/usr/local/bin:/usr/sbin:/sbin:/usr/bin:/bin:/opt/stack/data/venv/bin'
[2026-06-30T10:06:22.481Z] +[38;5;242minc/rootwrap:add_sudo_secure_path:33     (B[m sudo tee /etc/sudoers.d/zz-secure-path
[2026-06-30T10:06:22.481Z] Defaults:stack secure_path=/usr/local/sbin:/usr/local/bin:/usr/sbin:/sbin:/usr/bin:/bin:/opt/stack/data/venv/bin
[2026-06-30T10:06:22.481Z] +[38;5;242minc/rootwrap:add_sudo_secure_path:34     (B[m sudo chmod 400 /etc/sudoers.d/zz-secure-path
[2026-06-30T10:06:22.481Z] +[38;5;242minc/rootwrap:add_sudo_secure_path:35     (B[m sudo chown root:root /etc/sudoers.d/zz-secure-path
[2026-06-30T10:06:22.481Z] +[38;5;242mlib/nova:configure_nova:264              (B[m [[ key,n-api,n-cpu,n-cond,n-sch,n-novnc,n-api-meta,placement-api,placement-client,g-api,c-sch,c-api,c-vol,ovn-controller,ovn-northd,ovs-vswitchd,ovsdb-server,q-svc,q-ovn-agent,rabbit,tempest,mysql,etcd3,dstat,cinder,c-bak =~ n-api ]]
[2026-06-30T10:06:22.746Z] +[38;5;242mlib/nova:configure_nova:266              (B[m cp /opt/stack/nova/etc/nova/api-paste.ini /etc/nova
[2026-06-30T10:06:22.746Z] +[38;5;242mlib/nova:configure_nova:269              (B[m is_service_enabled n-cpu
[2026-06-30T10:06:22.746Z] +[38;5;242mfunctions-common:is_service_enabled:2076 (B[m return 0
[2026-06-30T10:06:22.746Z] +[38;5;242mlib/nova:configure_nova:271              (B[m sudo sysctl -w net.ipv4.ip_forward=1
[2026-06-30T10:06:23.010Z] net.ipv4.ip_forward = 1
[2026-06-30T10:06:23.010Z] +[38;5;242mlib/nova:configure_nova:273              (B[m [[ libvirt = \l\i\b\v\i\r\t ]]
[2026-06-30T10:06:23.010Z] +[38;5;242mlib/nova:configure_nova:277              (B[m [[ kvm == \k\v\m ]]
[2026-06-30T10:06:23.010Z] +[38;5;242mlib/nova:configure_nova:278              (B[m sudo modprobe kvm
[2026-06-30T10:06:23.275Z] +[38;5;242mlib/nova:configure_nova:279              (B[m '[' '!' -e /dev/kvm ']'
[2026-06-30T10:06:23.275Z] +[38;5;242mlib/nova:configure_nova:280              (B[m echo 'WARNING: Switching to QEMU'
[2026-06-30T10:06:23.275Z] WARNING: Switching to QEMU
[2026-06-30T10:06:23.275Z] +[38;5;242mlib/nova:configure_nova:281              (B[m LIBVIRT_TYPE=qemu
[2026-06-30T10:06:23.275Z] +[38;5;242mlib/nova:configure_nova:282              (B[m LIBVIRT_CPU_MODE=custom
[2026-06-30T10:06:23.275Z] +[38;5;242mlib/nova:configure_nova:283              (B[m LIBVIRT_CPU_MODEL=Nehalem
[2026-06-30T10:06:23.275Z] +[38;5;242mlib/nova:configure_nova:284              (B[m which selinuxenabled
[2026-06-30T10:06:23.539Z] +[38;5;242mlib/nova:configure_nova:294              (B[m [[ qemu == \l\x\c ]]
[2026-06-30T10:06:23.539Z] +[38;5;242mlib/nova:configure_nova:309              (B[m sudo install -d -o stack /opt/stack/data/nova/instances
[2026-06-30T10:06:23.539Z] +[38;5;242mlib/nova:configure_nova:314              (B[m '[' -L /dev/disk/by-label/nova-instances ']'
[2026-06-30T10:06:23.539Z] +[38;5;242mlib/nova:configure_nova:323              (B[m sudo tee /etc/iscsi/initiatorname.iscsi
[2026-06-30T10:06:23.539Z] ++[38;5;242mlib/nova:configure_nova:323              (B[m iscsi-iname
[2026-06-30T10:06:23.539Z] +[38;5;242mlib/nova:configure_nova:323              (B[m echo InitiatorName=iqn.2016-04.com.open-iscsi:6a1b368542ec
[2026-06-30T10:06:23.539Z] InitiatorName=iqn.2016-04.com.open-iscsi:6a1b368542ec
[2026-06-30T10:06:23.539Z] +[38;5;242mlib/nova:configure_nova:325              (B[m [[ False == \T\r\u\e ]]
[2026-06-30T10:06:23.802Z] +[38;5;242mlib/nova:configure_nova:340              (B[m iniset -sudo /etc/iscsi/iscsid.conf DEFAULT node.session.auth.chap_algs SHA3-256,SHA256
[2026-06-30T10:06:24.070Z] +[38;5;242mlib/nova:configure_nova:342              (B[m [[ lioadm != \n\v\m\e\t ]]
[2026-06-30T10:06:24.070Z] +[38;5;242mlib/nova:configure_nova:344              (B[m restart_service iscsid
[2026-06-30T10:06:24.070Z] +[38;5;242mfunctions-common:restart_service:2304    (B[m '[' -x /bin/systemctl ']'
[2026-06-30T10:06:24.070Z] +[38;5;242mfunctions-common:restart_service:2305    (B[m sudo /bin/systemctl restart iscsid
[2026-06-30T10:06:24.333Z] +[38;5;242mlib/nova:configure_nova:367              (B[m create_nova_conf
[2026-06-30T10:06:24.333Z] +[38;5;242mlib/nova:create_nova_conf:437            (B[m rm -f /opt/stack/nova/bin/nova.conf
[2026-06-30T10:06:24.333Z] +[38;5;242mlib/nova:create_nova_conf:440            (B[m rm -f /etc/nova/nova.conf
[2026-06-30T10:06:24.333Z] +[38;5;242mlib/nova:create_nova_conf:441            (B[m iniset /etc/nova/nova.conf DEFAULT debug True
[2026-06-30T10:06:24.599Z] +[38;5;242mlib/nova:create_nova_conf:442            (B[m '[' True == True ']'
[2026-06-30T10:06:24.599Z] +[38;5;242mlib/nova:create_nova_conf:443            (B[m iniset /etc/nova/nova.conf DEFAULT allow_resize_to_same_host True
[2026-06-30T10:06:24.861Z] +[38;5;242mlib/nova:create_nova_conf:445            (B[m iniset /etc/nova/nova.conf wsgi api_paste_config /etc/nova/api-paste.ini
[2026-06-30T10:06:25.125Z] +[38;5;242mlib/nova:create_nova_conf:446            (B[m iniset /etc/nova/nova.conf DEFAULT rootwrap_config /etc/nova/rootwrap.conf
[2026-06-30T10:06:25.390Z] +[38;5;242mlib/nova:create_nova_conf:447            (B[m iniset /etc/nova/nova.conf filter_scheduler enabled_filters ComputeFilter,ComputeCapabilitiesFilter,ImagePropertiesFilter,ServerGroupAntiAffinityFilter,ServerGroupAffinityFilter,SameHostFilter,DifferentHostFilter
[2026-06-30T10:06:25.654Z] +[38;5;242mlib/nova:create_nova_conf:448            (B[m iniset /etc/nova/nova.conf scheduler workers 2
[2026-06-30T10:06:25.654Z] +[38;5;242mlib/nova:create_nova_conf:449            (B[m iniset /etc/nova/nova.conf neutron default_floating_pool public
[2026-06-30T10:06:25.918Z] +[38;5;242mlib/nova:create_nova_conf:450            (B[m iniset /etc/nova/nova.conf DEFAULT my_ip 10.132.239.110
[2026-06-30T10:06:26.183Z] +[38;5;242mlib/nova:create_nova_conf:451            (B[m iniset /etc/nova/nova.conf DEFAULT instance_name_template instance-%08x
[2026-06-30T10:06:26.445Z] +[38;5;242mlib/nova:create_nova_conf:452            (B[m iniset /etc/nova/nova.conf DEFAULT osapi_compute_listen 0.0.0.0
[2026-06-30T10:06:26.709Z] +[38;5;242mlib/nova:create_nova_conf:453            (B[m iniset /etc/nova/nova.conf DEFAULT metadata_listen 0.0.0.0
[2026-06-30T10:06:26.709Z] +[38;5;242mlib/nova:create_nova_conf:454            (B[m iniset /etc/nova/nova.conf DEFAULT shutdown_timeout 0
[2026-06-30T10:06:26.973Z] +[38;5;242mlib/nova:create_nova_conf:458            (B[m iniset /etc/nova/nova.conf api response_validation error
[2026-06-30T10:06:27.237Z] +[38;5;242mlib/nova:create_nova_conf:460            (B[m iniset /etc/nova/nova.conf key_manager backend nova.keymgr.conf_key_mgr.ConfKeyManager
[2026-06-30T10:06:27.502Z] +[38;5;242mlib/nova:create_nova_conf:462            (B[m iniset /etc/nova/nova.conf DEFAULT report_interval 120
[2026-06-30T10:06:27.767Z] +[38;5;242mlib/nova:create_nova_conf:463            (B[m iniset /etc/nova/nova.conf DEFAULT service_down_time 720
[2026-06-30T10:06:27.767Z] +[38;5;242mlib/nova:create_nova_conf:465            (B[m is_fedora
[2026-06-30T10:06:28.048Z] +[38;5;242mfunctions-common:is_fedora:526           (B[m [[ -z Ubuntu ]]
[2026-06-30T10:06:28.049Z] +[38;5;242mfunctions-common:is_fedora:530           (B[m '[' Ubuntu = Fedora ']'
[2026-06-30T10:06:28.049Z] +[38;5;242mfunctions-common:is_fedora:530           (B[m '[' Ubuntu = 'Red Hat' ']'
[2026-06-30T10:06:28.049Z] +[38;5;242mfunctions-common:is_fedora:531           (B[m '[' Ubuntu = openEuler ']'
[2026-06-30T10:06:28.049Z] +[38;5;242mfunctions-common:is_fedora:532           (B[m '[' Ubuntu = RedHatEnterpriseServer ']'
[2026-06-30T10:06:28.049Z] +[38;5;242mfunctions-common:is_fedora:533           (B[m '[' Ubuntu = RedHatEnterprise ']'
[2026-06-30T10:06:28.049Z] +[38;5;242mfunctions-common:is_fedora:534           (B[m '[' Ubuntu = RedHatEnterpriseLinux ']'
[2026-06-30T10:06:28.049Z] +[38;5;242mfunctions-common:is_fedora:535           (B[m '[' Ubuntu = RockyLinux ']'
[2026-06-30T10:06:28.049Z] +[38;5;242mfunctions-common:is_fedora:536           (B[m '[' Ubuntu = CentOS ']'
[2026-06-30T10:06:28.312Z] +[38;5;242mfunctions-common:is_fedora:536           (B[m '[' Ubuntu = CentOSStream ']'
[2026-06-30T10:06:28.312Z] +[38;5;242mfunctions-common:is_fedora:537           (B[m '[' Ubuntu = AlmaLinux ']'
[2026-06-30T10:06:28.312Z] +[38;5;242mfunctions-common:is_fedora:538           (B[m '[' Ubuntu = OracleServer ']'
[2026-06-30T10:06:28.312Z] +[38;5;242mfunctions-common:is_fedora:538           (B[m '[' Ubuntu = Virtuozzo ']'
[2026-06-30T10:06:28.312Z] +[38;5;242mlib/nova:create_nova_conf:474            (B[m is_service_enabled n-api n-cond n-sched n-spice n-novnc n-sproxy
[2026-06-30T10:06:28.575Z] +[38;5;242mfunctions-common:is_service_enabled:2076 (B[m return 0
[2026-06-30T10:06:28.575Z] +[38;5;242mlib/nova:create_nova_conf:478            (B[m [[ superconductor == \s\i\n\g\l\e\c\o\n\d\u\c\t\o\r ]]
[2026-06-30T10:06:28.575Z] +[38;5;242mlib/nova:create_nova_conf:481            (B[m local db=nova_cell0
[2026-06-30T10:06:28.575Z] +[38;5;242mlib/nova:create_nova_conf:484            (B[m iniset /etc/nova/nova.conf filter_scheduler track_instance_changes False
[2026-06-30T10:06:28.839Z] ++[38;5;242mlib/nova:create_nova_conf:487            (B[m database_connection_url nova_cell0
[2026-06-30T10:06:28.839Z] ++[38;5;242mlib/database:database_connection_url:134 (B[m local db=nova_cell0
[2026-06-30T10:06:28.839Z] ++[38;5;242mlib/database:database_connection_url:135 (B[m database_connection_url_mysql nova_cell0
[2026-06-30T10:06:28.839Z] ++[38;5;242mlib/databases/mysql:database_connection_url_mysql:251 (B[m local db=nova_cell0
[2026-06-30T10:06:28.839Z] ++[38;5;242mlib/databases/mysql:database_connection_url_mysql:252 (B[m local plugin
[2026-06-30T10:06:28.839Z] ++[38;5;242mlib/databases/mysql:database_connection_url_mysql:256 (B[m [[ True == \T\r\u\e ]]
[2026-06-30T10:06:28.839Z] ++[38;5;242mlib/databases/mysql:database_connection_url_mysql:257 (B[m is_service_enabled mysql
[2026-06-30T10:06:29.113Z] ++[38;5;242mfunctions-common:is_service_enabled:2076 (B[m return 0
[2026-06-30T10:06:29.113Z] ++[38;5;242mlib/databases/mysql:database_connection_url_mysql:258 (B[m plugin='&plugin=dbcounter'
[2026-06-30T10:06:29.113Z] ++[38;5;242mlib/databases/mysql:database_connection_url_mysql:262 (B[m echo 'mysql+pymysql://root:hpinvent@127.0.0.1/nova_cell0?charset=utf8&plugin=dbcounter'
[2026-06-30T10:06:29.113Z] +[38;5;242mlib/nova:create_nova_conf:487            (B[m iniset /etc/nova/nova.conf database connection 'mysql+pymysql://root:hpinvent@127.0.0.1/nova_cell0?charset=utf8&plugin=dbcounter'
[2026-06-30T10:06:29.383Z] ++[38;5;242mlib/nova:create_nova_conf:488            (B[m database_connection_url nova_api
[2026-06-30T10:06:29.383Z] ++[38;5;242mlib/database:database_connection_url:134 (B[m local db=nova_api
[2026-06-30T10:06:29.383Z] ++[38;5;242mlib/database:database_connection_url:135 (B[m database_connection_url_mysql nova_api
[2026-06-30T10:06:29.646Z] ++[38;5;242mlib/databases/mysql:database_connection_url_mysql:251 (B[m local db=nova_api
[2026-06-30T10:06:29.646Z] ++[38;5;242mlib/databases/mysql:database_connection_url_mysql:252 (B[m local plugin
[2026-06-30T10:06:29.646Z] ++[38;5;242mlib/databases/mysql:database_connection_url_mysql:256 (B[m [[ True == \T\r\u\e ]]
[2026-06-30T10:06:29.646Z] ++[38;5;242mlib/databases/mysql:database_connection_url_mysql:257 (B[m is_service_enabled mysql
[2026-06-30T10:06:29.646Z] ++[38;5;242mfunctions-common:is_service_enabled:2076 (B[m return 0
[2026-06-30T10:06:29.911Z] ++[38;5;242mlib/databases/mysql:database_connection_url_mysql:258 (B[m plugin='&plugin=dbcounter'
[2026-06-30T10:06:29.911Z] ++[38;5;242mlib/databases/mysql:database_connection_url_mysql:262 (B[m echo 'mysql+pymysql://root:hpinvent@127.0.0.1/nova_api?charset=utf8&plugin=dbcounter'
[2026-06-30T10:06:29.911Z] +[38;5;242mlib/nova:create_nova_conf:488            (B[m iniset /etc/nova/nova.conf api_database connection 'mysql+pymysql://root:hpinvent@127.0.0.1/nova_api?charset=utf8&plugin=dbcounter'
[2026-06-30T10:06:30.174Z] +[38;5;242mlib/nova:create_nova_conf:493            (B[m iniset /etc/nova/nova.conf cache enabled True
[2026-06-30T10:06:30.174Z] +[38;5;242mlib/nova:create_nova_conf:494            (B[m iniset /etc/nova/nova.conf cache backend dogpile.cache.memcached
[2026-06-30T10:06:30.439Z] +[38;5;242mlib/nova:create_nova_conf:495            (B[m iniset /etc/nova/nova.conf cache memcache_servers localhost:11211
[2026-06-30T10:06:30.704Z] +[38;5;242mlib/nova:create_nova_conf:498            (B[m is_service_enabled n-api
[2026-06-30T10:06:30.968Z] +[38;5;242mfunctions-common:is_service_enabled:2076 (B[m return 0
[2026-06-30T10:06:30.968Z] +[38;5;242mlib/nova:create_nova_conf:499            (B[m is_service_enabled n-api-meta
[2026-06-30T10:06:30.968Z] +[38;5;242mfunctions-common:is_service_enabled:2076 (B[m return 0
[2026-06-30T10:06:31.231Z] ++[38;5;242mlib/nova:create_nova_conf:501            (B[m echo osapi_compute,metadata
[2026-06-30T10:06:31.231Z] ++[38;5;242mlib/nova:create_nova_conf:501            (B[m sed s/,metadata//
[2026-06-30T10:06:31.231Z] +[38;5;242mlib/nova:create_nova_conf:501            (B[m NOVA_ENABLED_APIS=osapi_compute
[2026-06-30T10:06:31.231Z] +[38;5;242mlib/nova:create_nova_conf:503            (B[m iniset /etc/nova/nova.conf DEFAULT enabled_apis osapi_compute
[2026-06-30T10:06:31.496Z] +[38;5;242mlib/nova:create_nova_conf:504            (B[m [[ True == \T\r\u\e ]]
[2026-06-30T10:06:31.496Z] +[38;5;242mlib/nova:create_nova_conf:505            (B[m iniset /etc/nova/nova.conf oslo_policy enforce_new_defaults True
[2026-06-30T10:06:31.496Z] +[38;5;242mlib/nova:create_nova_conf:506            (B[m iniset /etc/nova/nova.conf oslo_policy enforce_scope True
[2026-06-30T10:06:31.760Z] +[38;5;242mlib/nova:create_nova_conf:512            (B[m configure_keystone_authtoken_middleware /etc/nova/nova.conf nova
[2026-06-30T10:06:31.760Z] +[38;5;242mlib/keystone:configure_keystone_authtoken_middleware:413 (B[m local conf_file=/etc/nova/nova.conf
[2026-06-30T10:06:31.760Z] +[38;5;242mlib/keystone:configure_keystone_authtoken_middleware:414 (B[m local admin_user=nova
[2026-06-30T10:06:32.026Z] +[38;5;242mlib/keystone:configure_keystone_authtoken_middleware:415 (B[m local section=keystone_authtoken
[2026-06-30T10:06:32.026Z] +[38;5;242mlib/keystone:configure_keystone_authtoken_middleware:416 (B[m local service_type=
[2026-06-30T10:06:32.026Z] +[38;5;242mlib/keystone:configure_keystone_authtoken_middleware:418 (B[m configure_keystoneauth /etc/nova/nova.conf nova keystone_authtoken
[2026-06-30T10:06:32.026Z] +[38;5;242mlib/keystone:configure_keystoneauth:391  (B[m local conf_file=/etc/nova/nova.conf
[2026-06-30T10:06:32.026Z] +[38;5;242mlib/keystone:configure_keystoneauth:392  (B[m local admin_user=nova
[2026-06-30T10:06:32.026Z] +[38;5;242mlib/keystone:configure_keystoneauth:393  (B[m local section=keystone_authtoken
[2026-06-30T10:06:32.026Z] +[38;5;242mlib/keystone:configure_keystoneauth:395  (B[m iniset /etc/nova/nova.conf keystone_authtoken auth_type password
[2026-06-30T10:06:32.291Z] +[38;5;242mlib/keystone:configure_keystoneauth:396  (B[m iniset /etc/nova/nova.conf keystone_authtoken interface public
[2026-06-30T10:06:32.555Z] +[38;5;242mlib/keystone:configure_keystoneauth:397  (B[m iniset /etc/nova/nova.conf keystone_authtoken auth_url http://10.132.239.110/identity
[2026-06-30T10:06:32.818Z] +[38;5;242mlib/keystone:configure_keystoneauth:398  (B[m iniset /etc/nova/nova.conf keystone_authtoken username nova
[2026-06-30T10:06:32.818Z] +[38;5;242mlib/keystone:configure_keystoneauth:399  (B[m iniset /etc/nova/nova.conf keystone_authtoken password hpinvent
[2026-06-30T10:06:33.085Z] +[38;5;242mlib/keystone:configure_keystoneauth:400  (B[m iniset /etc/nova/nova.conf keystone_authtoken user_domain_name Default
[2026-06-30T10:06:33.347Z] +[38;5;242mlib/keystone:configure_keystoneauth:401  (B[m iniset /etc/nova/nova.conf keystone_authtoken project_name service
[2026-06-30T10:06:33.611Z] +[38;5;242mlib/keystone:configure_keystoneauth:402  (B[m iniset /etc/nova/nova.conf keystone_authtoken project_domain_name Default
[2026-06-30T10:06:33.874Z] +[38;5;242mlib/keystone:configure_keystone_authtoken_middleware:419 (B[m iniset /etc/nova/nova.conf keystone_authtoken www_authenticate_uri http://10.132.239.110/identity
[2026-06-30T10:06:33.874Z] +[38;5;242mlib/keystone:configure_keystone_authtoken_middleware:420 (B[m iniset /etc/nova/nova.conf keystone_authtoken cafile /opt/stack/data/ca-bundle.pem
[2026-06-30T10:06:34.143Z] +[38;5;242mlib/keystone:configure_keystone_authtoken_middleware:421 (B[m iniset /etc/nova/nova.conf keystone_authtoken memcached_servers localhost:11211
[2026-06-30T10:06:34.409Z] +[38;5;242mlib/keystone:configure_keystone_authtoken_middleware:422 (B[m [[ -n '' ]]
[2026-06-30T10:06:34.409Z] +[38;5;242mlib/nova:create_nova_conf:515            (B[m is_service_enabled cinder
[2026-06-30T10:06:34.673Z] +[38;5;242mfunctions-common:is_service_enabled:2076 (B[m return 0
[2026-06-30T10:06:34.673Z] +[38;5;242mlib/nova:create_nova_conf:516            (B[m configure_cinder_access
[2026-06-30T10:06:34.673Z] +[38;5;242mlib/nova:configure_cinder_access:640     (B[m iniset /etc/nova/nova.conf cinder os_region_name RegionOne
[2026-06-30T10:06:34.940Z] +[38;5;242mlib/nova:configure_cinder_access:647     (B[m configure_keystoneauth /etc/nova/nova.conf nova cinder
[2026-06-30T10:06:34.940Z] +[38;5;242mlib/keystone:configure_keystoneauth:391  (B[m local conf_file=/etc/nova/nova.conf
[2026-06-30T10:06:34.940Z] +[38;5;242mlib/keystone:configure_keystoneauth:392  (B[m local admin_user=nova
[2026-06-30T10:06:34.940Z] +[38;5;242mlib/keystone:configure_keystoneauth:393  (B[m local section=cinder
[2026-06-30T10:06:34.940Z] +[38;5;242mlib/keystone:configure_keystoneauth:395  (B[m iniset /etc/nova/nova.conf cinder auth_type password
[2026-06-30T10:06:35.209Z] +[38;5;242mlib/keystone:configure_keystoneauth:396  (B[m iniset /etc/nova/nova.conf cinder interface public
[2026-06-30T10:06:35.473Z] +[38;5;242mlib/keystone:configure_keystoneauth:397  (B[m iniset /etc/nova/nova.conf cinder auth_url http://10.132.239.110/identity
[2026-06-30T10:06:35.737Z] +[38;5;242mlib/keystone:configure_keystoneauth:398  (B[m iniset /etc/nova/nova.conf cinder username nova
[2026-06-30T10:06:36.008Z] +[38;5;242mlib/keystone:configure_keystoneauth:399  (B[m iniset /etc/nova/nova.conf cinder password hpinvent
[2026-06-30T10:06:36.008Z] +[38;5;242mlib/keystone:configure_keystoneauth:400  (B[m iniset /etc/nova/nova.conf cinder user_domain_name Default
[2026-06-30T10:06:36.284Z] +[38;5;242mlib/keystone:configure_keystoneauth:401  (B[m iniset /etc/nova/nova.conf cinder project_name service
[2026-06-30T10:06:36.548Z] +[38;5;242mlib/keystone:configure_keystoneauth:402  (B[m iniset /etc/nova/nova.conf cinder project_domain_name Default
[2026-06-30T10:06:36.814Z] +[38;5;242mlib/nova:configure_cinder_access:648     (B[m is_service_enabled tls-proxy
[2026-06-30T10:06:36.814Z] +[38;5;242mfunctions-common:is_service_enabled:2076 (B[m return 1
[2026-06-30T10:06:37.079Z] +[38;5;242mlib/nova:create_nova_conf:519            (B[m is_service_enabled manila
[2026-06-30T10:06:37.079Z] +[38;5;242mfunctions-common:is_service_enabled:2076 (B[m return 1
[2026-06-30T10:06:37.079Z] +[38;5;242mlib/nova:create_nova_conf:523            (B[m '[' -n /opt/stack/data/nova ']'
[2026-06-30T10:06:37.079Z] +[38;5;242mlib/nova:create_nova_conf:524            (B[m iniset /etc/nova/nova.conf DEFAULT state_path /opt/stack/data/nova
[2026-06-30T10:06:37.343Z] +[38;5;242mlib/nova:create_nova_conf:525            (B[m iniset /etc/nova/nova.conf oslo_concurrency lock_path /opt/stack/data/nova
[2026-06-30T10:06:37.606Z] +[38;5;242mlib/nova:create_nova_conf:527            (B[m '[' -n /opt/stack/data/nova/instances ']'
[2026-06-30T10:06:37.606Z] +[38;5;242mlib/nova:create_nova_conf:528            (B[m iniset /etc/nova/nova.conf DEFAULT instances_path /opt/stack/data/nova/instances
[2026-06-30T10:06:37.869Z] +[38;5;242mlib/nova:create_nova_conf:530            (B[m '[' False '!=' False ']'
[2026-06-30T10:06:37.869Z] +[38;5;242mlib/nova:create_nova_conf:533            (B[m '[' False '!=' False ']'
[2026-06-30T10:06:37.869Z] +[38;5;242mlib/nova:create_nova_conf:539            (B[m is_fedora
[2026-06-30T10:06:37.869Z] +[38;5;242mfunctions-common:is_fedora:526           (B[m [[ -z Ubuntu ]]
[2026-06-30T10:06:37.869Z] +[38;5;242mfunctions-common:is_fedora:530           (B[m '[' Ubuntu = Fedora ']'
[2026-06-30T10:06:38.131Z] +[38;5;242mfunctions-common:is_fedora:530           (B[m '[' Ubuntu = 'Red Hat' ']'
[2026-06-30T10:06:38.131Z] +[38;5;242mfunctions-common:is_fedora:531           (B[m '[' Ubuntu = openEuler ']'
[2026-06-30T10:06:38.131Z] +[38;5;242mfunctions-common:is_fedora:532           (B[m '[' Ubuntu = RedHatEnterpriseServer ']'
[2026-06-30T10:06:38.131Z] +[38;5;242mfunctions-common:is_fedora:533           (B[m '[' Ubuntu = RedHatEnterprise ']'
[2026-06-30T10:06:38.131Z] +[38;5;242mfunctions-common:is_fedora:534           (B[m '[' Ubuntu = RedHatEnterpriseLinux ']'
[2026-06-30T10:06:38.131Z] +[38;5;242mfunctions-common:is_fedora:535           (B[m '[' Ubuntu = RockyLinux ']'
[2026-06-30T10:06:38.131Z] +[38;5;242mfunctions-common:is_fedora:536           (B[m '[' Ubuntu = CentOS ']'
[2026-06-30T10:06:38.131Z] +[38;5;242mfunctions-common:is_fedora:536           (B[m '[' Ubuntu = CentOSStream ']'
[2026-06-30T10:06:38.131Z] +[38;5;242mfunctions-common:is_fedora:537           (B[m '[' Ubuntu = AlmaLinux ']'
[2026-06-30T10:06:38.397Z] +[38;5;242mfunctions-common:is_fedora:538           (B[m '[' Ubuntu = OracleServer ']'
[2026-06-30T10:06:38.397Z] +[38;5;242mfunctions-common:is_fedora:538           (B[m '[' Ubuntu = Virtuozzo ']'
[2026-06-30T10:06:38.397Z] +[38;5;242mlib/nova:create_nova_conf:544            (B[m setup_logging /etc/nova/nova.conf
[2026-06-30T10:06:38.397Z] +[38;5;242mfunctions:setup_logging:693              (B[m setup_systemd_logging /etc/nova/nova.conf
[2026-06-30T10:06:38.397Z] +[38;5;242mfunctions:setup_systemd_logging:710      (B[m local conf_file=/etc/nova/nova.conf
[2026-06-30T10:06:38.397Z] ++[38;5;242mfunctions:setup_systemd_logging:715      (B[m trueorfalse False USE_JOURNAL
[2026-06-30T10:06:38.660Z] +[38;5;242mfunctions:setup_systemd_logging:715      (B[m USE_JOURNAL=False
[2026-06-30T10:06:38.660Z] +[38;5;242mfunctions:setup_systemd_logging:716      (B[m local pidstr=
[2026-06-30T10:06:38.660Z] +[38;5;242mfunctions:setup_systemd_logging:717      (B[m [[ False == \T\r\u\e ]]
[2026-06-30T10:06:38.660Z] +[38;5;242mfunctions:setup_systemd_logging:721      (B[m pidstr='(pid=%(process)d) '
[2026-06-30T10:06:38.660Z] +[38;5;242mfunctions:setup_systemd_logging:723      (B[m iniset /etc/nova/nova.conf DEFAULT logging_debug_format_suffix '[00;33m{{(pid=%(process)d) %(funcName)s %(pathname)s:%(lineno)d}}[00m'
[2026-06-30T10:06:38.922Z] +[38;5;242mfunctions:setup_systemd_logging:725      (B[m iniset /etc/nova/nova.conf DEFAULT logging_context_format_string '%(color)s%(levelname)s %(name)s [[01;36m%(global_request_id)s %(request_id)s [00;36m%(project_name)s %(user_name)s%(color)s] [01;35m%(instance)s%(color)s%(message)s[00m'
[2026-06-30T10:06:39.186Z] +[38;5;242mfunctions:setup_systemd_logging:726      (B[m iniset /etc/nova/nova.conf DEFAULT logging_default_format_string '%(color)s%(levelname)s %(name)s [[00;36m-%(color)s] [01;35m%(instance)s%(color)s%(message)s[00m'
[2026-06-30T10:06:39.453Z] +[38;5;242mfunctions:setup_systemd_logging:727      (B[m iniset /etc/nova/nova.conf DEFAULT logging_exception_prefix 'ERROR %(name)s [01;35m%(instance)s[00m'
[2026-06-30T10:06:39.453Z] +[38;5;242mfunctions:setup_systemd_logging:730      (B[m iniset /etc/nova/nova.conf DEFAULT log_color True
[2026-06-30T10:06:39.716Z] +[38;5;242mlib/nova:create_nova_conf:546            (B[m iniset /etc/nova/nova.conf upgrade_levels compute auto
[2026-06-30T10:06:39.980Z] +[38;5;242mlib/nova:create_nova_conf:548            (B[m is_service_enabled n-api
[2026-06-30T10:06:40.246Z] +[38;5;242mfunctions-common:is_service_enabled:2076 (B[m return 0
[2026-06-30T10:06:40.246Z] +[38;5;242mlib/nova:create_nova_conf:549            (B[m write_uwsgi_config /etc/nova/nova-api-uwsgi.ini nova.wsgi.osapi_compute:application /compute '' nova-api
[2026-06-30T10:06:40.246Z] +[38;5;242mlib/apache:write_uwsgi_config:243        (B[m local conf=/etc/nova/nova-api-uwsgi.ini
[2026-06-30T10:06:40.246Z] +[38;5;242mlib/apache:write_uwsgi_config:244        (B[m local wsgi=nova.wsgi.osapi_compute:application
[2026-06-30T10:06:40.246Z] +[38;5;242mlib/apache:write_uwsgi_config:245        (B[m local url=/compute
[2026-06-30T10:06:40.246Z] +[38;5;242mlib/apache:write_uwsgi_config:246        (B[m local http=
[2026-06-30T10:06:40.246Z] +[38;5;242mlib/apache:write_uwsgi_config:247        (B[m local name=nova-api
[2026-06-30T10:06:40.246Z] +[38;5;242mlib/apache:write_uwsgi_config:249        (B[m '[' -z nova-api ']'
[2026-06-30T10:06:40.509Z] +[38;5;242mlib/apache:write_uwsgi_config:255        (B[m local socket_dir=/var/run/uwsgi
[2026-06-30T10:06:40.509Z] +[38;5;242mlib/apache:write_uwsgi_config:259        (B[m sudo mkdir -p /etc/tmpfiles.d/
[2026-06-30T10:06:40.509Z] +[38;5;242mlib/apache:write_uwsgi_config:260        (B[m echo 'd /var/run/uwsgi 0755 stack root'
[2026-06-30T10:06:40.509Z] +[38;5;242mlib/apache:write_uwsgi_config:260        (B[m sudo tee /etc/tmpfiles.d/uwsgi.conf
[2026-06-30T10:06:40.509Z] d /var/run/uwsgi 0755 stack root
[2026-06-30T10:06:40.509Z] +[38;5;242mlib/apache:write_uwsgi_config:261        (B[m sudo systemd-tmpfiles --create /etc/tmpfiles.d/uwsgi.conf
[2026-06-30T10:06:40.509Z] /etc/tmpfiles.d/uwsgi.conf:1: Line references path below legacy directory /var/run/, updating /var/run/uwsgi → /run/uwsgi; please update the tmpfiles.d/ drop-in file accordingly.
[2026-06-30T10:06:40.773Z] +[38;5;242mlib/apache:write_uwsgi_config:263        (B[m local socket=/var/run/uwsgi/nova-api.socket
[2026-06-30T10:06:40.773Z] +[38;5;242mlib/apache:write_uwsgi_config:266        (B[m rm -rf /etc/nova/nova-api-uwsgi.ini
[2026-06-30T10:06:40.773Z] +[38;5;242mlib/apache:write_uwsgi_config:270        (B[m [[ nova.wsgi.osapi_compute:application =~ ^[a-zA-Z0-9_.]+:[a-zA-Z0-9_]+$ ]]
[2026-06-30T10:06:40.773Z] +[38;5;242mlib/apache:write_uwsgi_config:271        (B[m iniset /etc/nova/nova-api-uwsgi.ini uwsgi module nova.wsgi.osapi_compute:application
[2026-06-30T10:06:41.037Z] +[38;5;242mlib/apache:write_uwsgi_config:276        (B[m iniset /etc/nova/nova-api-uwsgi.ini uwsgi processes 2
[2026-06-30T10:06:41.037Z] +[38;5;242mlib/apache:write_uwsgi_config:278        (B[m iniset /etc/nova/nova-api-uwsgi.ini uwsgi master true
[2026-06-30T10:06:41.302Z] +[38;5;242mlib/apache:write_uwsgi_config:280        (B[m iniset /etc/nova/nova-api-uwsgi.ini uwsgi die-on-term true
[2026-06-30T10:06:41.565Z] +[38;5;242mlib/apache:write_uwsgi_config:281        (B[m iniset /etc/nova/nova-api-uwsgi.ini uwsgi exit-on-reload false
[2026-06-30T10:06:41.831Z] +[38;5;242mlib/apache:write_uwsgi_config:284        (B[m iniset /etc/nova/nova-api-uwsgi.ini uwsgi worker-reload-mercy 80
[2026-06-30T10:06:42.098Z] +[38;5;242mlib/apache:write_uwsgi_config:285        (B[m iniset /etc/nova/nova-api-uwsgi.ini uwsgi enable-threads true
[2026-06-30T10:06:42.365Z] +[38;5;242mlib/apache:write_uwsgi_config:286        (B[m iniset /etc/nova/nova-api-uwsgi.ini uwsgi plugins http,python3
[2026-06-30T10:06:42.365Z] +[38;5;242mlib/apache:write_uwsgi_config:288        (B[m iniset /etc/nova/nova-api-uwsgi.ini uwsgi thunder-lock true
[2026-06-30T10:06:42.627Z] +[38;5;242mlib/apache:write_uwsgi_config:290        (B[m iniset /etc/nova/nova-api-uwsgi.ini uwsgi hook-master-start 'unix_signal:15 gracefully_kill_them_all'
[2026-06-30T10:06:42.889Z] +[38;5;242mlib/apache:write_uwsgi_config:292        (B[m iniset /etc/nova/nova-api-uwsgi.ini uwsgi buffer-size 65535
[2026-06-30T10:06:43.159Z] +[38;5;242mlib/apache:write_uwsgi_config:294        (B[m iniset /etc/nova/nova-api-uwsgi.ini uwsgi add-header 'Connection: close'
[2026-06-30T10:06:43.425Z] +[38;5;242mlib/apache:write_uwsgi_config:296        (B[m iniset /etc/nova/nova-api-uwsgi.ini uwsgi lazy-apps true
[2026-06-30T10:06:43.691Z] +[38;5;242mlib/apache:write_uwsgi_config:298        (B[m iniset /etc/nova/nova-api-uwsgi.ini uwsgi start-time %t
[2026-06-30T10:06:43.691Z] +[38;5;242mlib/apache:write_uwsgi_config:301        (B[m [[ -n '' ]]
[2026-06-30T10:06:43.990Z] +[38;5;242mlib/apache:write_uwsgi_config:304        (B[m local apache_conf=
[2026-06-30T10:06:43.990Z] ++[38;5;242mlib/apache:write_uwsgi_config:305        (B[m apache_site_config_for nova-api
[2026-06-30T10:06:43.990Z] ++[38;5;242mlib/apache:apache_site_config_for:174    (B[m local site=nova-api
[2026-06-30T10:06:43.990Z] ++[38;5;242mlib/apache:apache_site_config_for:175    (B[m is_ubuntu
[2026-06-30T10:06:43.990Z] ++[38;5;242mfunctions-common:is_ubuntu:546           (B[m [[ -z deb ]]
[2026-06-30T10:06:43.990Z] ++[38;5;242mfunctions-common:is_ubuntu:549           (B[m '[' deb = deb ']'
[2026-06-30T10:06:43.990Z] ++[38;5;242mlib/apache:apache_site_config_for:177    (B[m echo /etc/apache2/sites-available/nova-api.conf
[2026-06-30T10:06:43.990Z] +[38;5;242mlib/apache:write_uwsgi_config:305        (B[m apache_conf=/etc/apache2/sites-available/nova-api.conf
[2026-06-30T10:06:43.990Z] +[38;5;242mlib/apache:write_uwsgi_config:306        (B[m iniset /etc/nova/nova-api-uwsgi.ini uwsgi socket /var/run/uwsgi/nova-api.socket
[2026-06-30T10:06:44.267Z] +[38;5;242mlib/apache:write_uwsgi_config:307        (B[m iniset /etc/nova/nova-api-uwsgi.ini uwsgi chmod-socket 666
[2026-06-30T10:06:44.529Z] +[38;5;242mlib/apache:write_uwsgi_config:308        (B[m echo 'ProxyPass "/compute" "unix:/var/run/uwsgi/nova-api.socket|uwsgi://uwsgi-uds-nova-api" retry=0 acquire=1 '
[2026-06-30T10:06:44.529Z] +[38;5;242mlib/apache:write_uwsgi_config:308        (B[m sudo tee -a /etc/apache2/sites-available/nova-api.conf
[2026-06-30T10:06:44.529Z] ProxyPass "/compute" "unix:/var/run/uwsgi/nova-api.socket|uwsgi://uwsgi-uds-nova-api" retry=0 acquire=1 
[2026-06-30T10:06:44.529Z] +[38;5;242mlib/apache:write_uwsgi_config:309        (B[m enable_apache_site nova-api
[2026-06-30T10:06:44.529Z] +[38;5;242mlib/apache:enable_apache_site:191        (B[m local site=nova-api
[2026-06-30T10:06:44.529Z] +[38;5;242mlib/apache:enable_apache_site:193        (B[m enable_apache_mod version
[2026-06-30T10:06:44.529Z] +[38;5;242mlib/apache:enable_apache_mod:55          (B[m local mod=version
[2026-06-30T10:06:44.792Z] +[38;5;242mlib/apache:enable_apache_mod:56          (B[m local should_restart=
[2026-06-30T10:06:44.792Z] +[38;5;242mlib/apache:enable_apache_mod:58          (B[m is_ubuntu
[2026-06-30T10:06:44.792Z] +[38;5;242mfunctions-common:is_ubuntu:546           (B[m [[ -z deb ]]
[2026-06-30T10:06:44.792Z] +[38;5;242mfunctions-common:is_ubuntu:549           (B[m '[' deb = deb ']'
[2026-06-30T10:06:44.792Z] +[38;5;242mlib/apache:enable_apache_mod:61          (B[m [[ version != \v\e\r\s\i\o\n ]]
[2026-06-30T10:06:44.792Z] +[38;5;242mlib/apache:enable_apache_site:194        (B[m is_ubuntu
[2026-06-30T10:06:44.792Z] +[38;5;242mfunctions-common:is_ubuntu:546           (B[m [[ -z deb ]]
[2026-06-30T10:06:44.792Z] +[38;5;242mfunctions-common:is_ubuntu:549           (B[m '[' deb = deb ']'
[2026-06-30T10:06:44.792Z] +[38;5;242mlib/apache:enable_apache_site:195        (B[m sudo a2ensite nova-api
[2026-06-30T10:06:45.054Z] Enabling site nova-api.
[2026-06-30T10:06:45.055Z] To activate the new configuration, you need to run:
[2026-06-30T10:06:45.055Z]   systemctl reload apache2
[2026-06-30T10:06:45.055Z] +[38;5;242mlib/apache:write_uwsgi_config:310        (B[m restart_apache_server
[2026-06-30T10:06:45.055Z] +[38;5;242mlib/apache:restart_apache_server:238     (B[m restart_service apache2
[2026-06-30T10:06:45.055Z] +[38;5;242mfunctions-common:restart_service:2304    (B[m '[' -x /bin/systemctl ']'
[2026-06-30T10:06:45.317Z] +[38;5;242mfunctions-common:restart_service:2305    (B[m sudo /bin/systemctl restart apache2
[2026-06-30T10:06:45.585Z] +[38;5;242mlib/nova:create_nova_conf:552            (B[m is_service_enabled n-api-meta
[2026-06-30T10:06:45.850Z] +[38;5;242mfunctions-common:is_service_enabled:2076 (B[m return 0
[2026-06-30T10:06:45.850Z] +[38;5;242mlib/nova:create_nova_conf:553            (B[m write_uwsgi_config /etc/nova/nova-metadata-uwsgi.ini nova.wsgi.metadata:application '' 0.0.0.0:8775 nova-metadata
[2026-06-30T10:06:45.850Z] +[38;5;242mlib/apache:write_uwsgi_config:243        (B[m local conf=/etc/nova/nova-metadata-uwsgi.ini
[2026-06-30T10:06:45.850Z] +[38;5;242mlib/apache:write_uwsgi_config:244        (B[m local wsgi=nova.wsgi.metadata:application
[2026-06-30T10:06:45.850Z] +[38;5;242mlib/apache:write_uwsgi_config:245        (B[m local url=
[2026-06-30T10:06:45.850Z] +[38;5;242mlib/apache:write_uwsgi_config:246        (B[m local http=0.0.0.0:8775
[2026-06-30T10:06:46.114Z] +[38;5;242mlib/apache:write_uwsgi_config:247        (B[m local name=nova-metadata
[2026-06-30T10:06:46.114Z] +[38;5;242mlib/apache:write_uwsgi_config:249        (B[m '[' -z nova-metadata ']'
[2026-06-30T10:06:46.114Z] +[38;5;242mlib/apache:write_uwsgi_config:255        (B[m local socket_dir=/var/run/uwsgi
[2026-06-30T10:06:46.114Z] +[38;5;242mlib/apache:write_uwsgi_config:259        (B[m sudo mkdir -p /etc/tmpfiles.d/
[2026-06-30T10:06:46.114Z] +[38;5;242mlib/apache:write_uwsgi_config:260        (B[m echo 'd /var/run/uwsgi 0755 stack root'
[2026-06-30T10:06:46.114Z] +[38;5;242mlib/apache:write_uwsgi_config:260        (B[m sudo tee /etc/tmpfiles.d/uwsgi.conf
[2026-06-30T10:06:46.114Z] d /var/run/uwsgi 0755 stack root
[2026-06-30T10:06:46.114Z] +[38;5;242mlib/apache:write_uwsgi_config:261        (B[m sudo systemd-tmpfiles --create /etc/tmpfiles.d/uwsgi.conf
[2026-06-30T10:06:46.377Z] /etc/tmpfiles.d/uwsgi.conf:1: Line references path below legacy directory /var/run/, updating /var/run/uwsgi → /run/uwsgi; please update the tmpfiles.d/ drop-in file accordingly.
[2026-06-30T10:06:46.377Z] +[38;5;242mlib/apache:write_uwsgi_config:263        (B[m local socket=/var/run/uwsgi/nova-metadata.socket
[2026-06-30T10:06:46.377Z] +[38;5;242mlib/apache:write_uwsgi_config:266        (B[m rm -rf /etc/nova/nova-metadata-uwsgi.ini
[2026-06-30T10:06:46.377Z] +[38;5;242mlib/apache:write_uwsgi_config:270        (B[m [[ nova.wsgi.metadata:application =~ ^[a-zA-Z0-9_.]+:[a-zA-Z0-9_]+$ ]]
[2026-06-30T10:06:46.377Z] +[38;5;242mlib/apache:write_uwsgi_config:271        (B[m iniset /etc/nova/nova-metadata-uwsgi.ini uwsgi module nova.wsgi.metadata:application
[2026-06-30T10:06:46.641Z] +[38;5;242mlib/apache:write_uwsgi_config:276        (B[m iniset /etc/nova/nova-metadata-uwsgi.ini uwsgi processes 2
[2026-06-30T10:06:46.903Z] +[38;5;242mlib/apache:write_uwsgi_config:278        (B[m iniset /etc/nova/nova-metadata-uwsgi.ini uwsgi master true
[2026-06-30T10:06:47.181Z] +[38;5;242mlib/apache:write_uwsgi_config:280        (B[m iniset /etc/nova/nova-metadata-uwsgi.ini uwsgi die-on-term true
[2026-06-30T10:06:47.181Z] +[38;5;242mlib/apache:write_uwsgi_config:281        (B[m iniset /etc/nova/nova-metadata-uwsgi.ini uwsgi exit-on-reload false
[2026-06-30T10:06:47.447Z] +[38;5;242mlib/apache:write_uwsgi_config:284        (B[m iniset /etc/nova/nova-metadata-uwsgi.ini uwsgi worker-reload-mercy 80
[2026-06-30T10:06:47.712Z] +[38;5;242mlib/apache:write_uwsgi_config:285        (B[m iniset /etc/nova/nova-metadata-uwsgi.ini uwsgi enable-threads true
[2026-06-30T10:06:47.975Z] +[38;5;242mlib/apache:write_uwsgi_config:286        (B[m iniset /etc/nova/nova-metadata-uwsgi.ini uwsgi plugins http,python3
[2026-06-30T10:06:48.246Z] +[38;5;242mlib/apache:write_uwsgi_config:288        (B[m iniset /etc/nova/nova-metadata-uwsgi.ini uwsgi thunder-lock true
[2026-06-30T10:06:48.246Z] +[38;5;242mlib/apache:write_uwsgi_config:290        (B[m iniset /etc/nova/nova-metadata-uwsgi.ini uwsgi hook-master-start 'unix_signal:15 gracefully_kill_them_all'
[2026-06-30T10:06:48.511Z] +[38;5;242mlib/apache:write_uwsgi_config:292        (B[m iniset /etc/nova/nova-metadata-uwsgi.ini uwsgi buffer-size 65535
[2026-06-30T10:06:48.775Z] +[38;5;242mlib/apache:write_uwsgi_config:294        (B[m iniset /etc/nova/nova-metadata-uwsgi.ini uwsgi add-header 'Connection: close'
[2026-06-30T10:06:49.295Z] +[38;5;242mlib/apache:write_uwsgi_config:296        (B[m iniset /etc/nova/nova-metadata-uwsgi.ini uwsgi lazy-apps true
[2026-06-30T10:06:49.295Z] +[38;5;242mlib/apache:write_uwsgi_config:298        (B[m iniset /etc/nova/nova-metadata-uwsgi.ini uwsgi start-time %t
[2026-06-30T10:06:49.561Z] +[38;5;242mlib/apache:write_uwsgi_config:301        (B[m [[ -n 0.0.0.0:8775 ]]
[2026-06-30T10:06:49.561Z] +[38;5;242mlib/apache:write_uwsgi_config:302        (B[m iniset /etc/nova/nova-metadata-uwsgi.ini uwsgi http 0.0.0.0:8775
[2026-06-30T10:06:49.827Z] +[38;5;242mlib/nova:create_nova_conf:556            (B[m is_service_enabled ceilometer
[2026-06-30T10:06:49.827Z] +[38;5;242mfunctions-common:is_service_enabled:2076 (B[m return 1
[2026-06-30T10:06:49.827Z] +[38;5;242mlib/nova:create_nova_conf:564            (B[m iniset /etc/nova/nova.conf oslo_messaging_notifications driver messagingv2
[2026-06-30T10:06:50.097Z] ++[38;5;242mlib/nova:create_nova_conf:565            (B[m get_notification_url
[2026-06-30T10:06:50.097Z] ++[38;5;242mlib/rpc_backend:get_notification_url:136 (B[m local virtual_host=
[2026-06-30T10:06:50.097Z] ++[38;5;242mlib/rpc_backend:get_notification_url:137 (B[m is_service_enabled rabbit
[2026-06-30T10:06:50.365Z] ++[38;5;242mfunctions-common:is_service_enabled:2076 (B[m return 0
[2026-06-30T10:06:50.365Z] ++[38;5;242mlib/rpc_backend:get_notification_url:138 (B[m echo rabbit://stackrabbit:hpinvent@10.132.239.110:5672/
[2026-06-30T10:06:50.365Z] +[38;5;242mlib/nova:create_nova_conf:565            (B[m iniset /etc/nova/nova.conf oslo_messaging_notifications transport_url rabbit://stackrabbit:hpinvent@10.132.239.110:5672/
[2026-06-30T10:06:50.648Z] +[38;5;242mlib/nova:create_nova_conf:566            (B[m iniset /etc/nova/nova.conf notifications notification_format unversioned
[2026-06-30T10:06:50.915Z] +[38;5;242mlib/nova:create_nova_conf:567            (B[m iniset_rpc_backend nova /etc/nova/nova.conf
[2026-06-30T10:06:50.915Z] +[38;5;242mlib/rpc_backend:iniset_rpc_backend:144   (B[m local package=nova
[2026-06-30T10:06:50.915Z] +[38;5;242mlib/rpc_backend:iniset_rpc_backend:145   (B[m local file=/etc/nova/nova.conf
[2026-06-30T10:06:50.915Z] +[38;5;242mlib/rpc_backend:iniset_rpc_backend:146   (B[m local section=DEFAULT
[2026-06-30T10:06:50.915Z] +[38;5;242mlib/rpc_backend:iniset_rpc_backend:147   (B[m local virtual_host=
[2026-06-30T10:06:50.915Z] +[38;5;242mlib/rpc_backend:iniset_rpc_backend:148   (B[m is_service_enabled rabbit
[2026-06-30T10:06:51.193Z] +[38;5;242mfunctions-common:is_service_enabled:2076 (B[m return 0
[2026-06-30T10:06:51.193Z] ++[38;5;242mlib/rpc_backend:iniset_rpc_backend:149   (B[m get_transport_url ''
[2026-06-30T10:06:51.193Z] ++[38;5;242mlib/rpc_backend:get_transport_url:126    (B[m local virtual_host=
[2026-06-30T10:06:51.193Z] ++[38;5;242mlib/rpc_backend:get_transport_url:127    (B[m is_service_enabled rabbit
[2026-06-30T10:06:51.486Z] ++[38;5;242mfunctions-common:is_service_enabled:2076 (B[m return 0
[2026-06-30T10:06:51.486Z] ++[38;5;242mlib/rpc_backend:get_transport_url:128    (B[m echo rabbit://stackrabbit:hpinvent@10.132.239.110:5672/
[2026-06-30T10:06:51.486Z] +[38;5;242mlib/rpc_backend:iniset_rpc_backend:149   (B[m iniset /etc/nova/nova.conf DEFAULT transport_url rabbit://stackrabbit:hpinvent@10.132.239.110:5672/
[2026-06-30T10:06:51.771Z] +[38;5;242mlib/rpc_backend:iniset_rpc_backend:150   (B[m '[' -n '' ']'
[2026-06-30T10:06:51.771Z] +[38;5;242mlib/rpc_backend:iniset_rpc_backend:153   (B[m '[' -n '' ']'
[2026-06-30T10:06:51.771Z] +[38;5;242mlib/nova:create_nova_conf:569            (B[m iniset /etc/nova/nova.conf DEFAULT osapi_compute_workers 2
[2026-06-30T10:06:52.040Z] +[38;5;242mlib/nova:create_nova_conf:570            (B[m iniset /etc/nova/nova.conf DEFAULT metadata_workers 2
[2026-06-30T10:06:52.308Z] +[38;5;242mlib/nova:create_nova_conf:572            (B[m iniset /etc/nova/nova.conf conductor workers 2
[2026-06-30T10:06:52.586Z] +[38;5;242mlib/nova:create_nova_conf:574            (B[m is_service_enabled tls-proxy
[2026-06-30T10:06:52.586Z] +[38;5;242mfunctions-common:is_service_enabled:2076 (B[m return 1
[2026-06-30T10:06:52.586Z] +[38;5;242mlib/nova:create_nova_conf:579            (B[m iniset /etc/nova/nova.conf DEFAULT graceful_shutdown_timeout 5
[2026-06-30T10:06:52.852Z] +[38;5;242mlib/nova:create_nova_conf:581            (B[m '[' True == True ']'
[2026-06-30T10:06:52.852Z] +[38;5;242mlib/nova:create_nova_conf:582            (B[m init_nova_service_user_conf
[2026-06-30T10:06:52.852Z] +[38;5;242mlib/nova:init_nova_service_user_conf:820 (B[m iniset /etc/nova/nova.conf service_user send_service_user_token True
[2026-06-30T10:06:53.113Z] +[38;5;242mlib/nova:init_nova_service_user_conf:821 (B[m configure_keystoneauth /etc/nova/nova.conf nova service_user
[2026-06-30T10:06:53.113Z] +[38;5;242mlib/keystone:configure_keystoneauth:391  (B[m local conf_file=/etc/nova/nova.conf
[2026-06-30T10:06:53.375Z] +[38;5;242mlib/keystone:configure_keystoneauth:392  (B[m local admin_user=nova
[2026-06-30T10:06:53.375Z] +[38;5;242mlib/keystone:configure_keystoneauth:393  (B[m local section=service_user
[2026-06-30T10:06:53.375Z] +[38;5;242mlib/keystone:configure_keystoneauth:395  (B[m iniset /etc/nova/nova.conf service_user auth_type password
[2026-06-30T10:06:53.638Z] +[38;5;242mlib/keystone:configure_keystoneauth:396  (B[m iniset /etc/nova/nova.conf service_user interface public
[2026-06-30T10:06:53.638Z] +[38;5;242mlib/keystone:configure_keystoneauth:397  (B[m iniset /etc/nova/nova.conf service_user auth_url http://10.132.239.110/identity
[2026-06-30T10:06:53.899Z] +[38;5;242mlib/keystone:configure_keystoneauth:398  (B[m iniset /etc/nova/nova.conf service_user username nova
[2026-06-30T10:06:54.162Z] +[38;5;242mlib/keystone:configure_keystoneauth:399  (B[m iniset /etc/nova/nova.conf service_user password hpinvent
[2026-06-30T10:06:54.425Z] +[38;5;242mlib/keystone:configure_keystoneauth:400  (B[m iniset /etc/nova/nova.conf service_user user_domain_name Default
[2026-06-30T10:06:54.425Z] +[38;5;242mlib/keystone:configure_keystoneauth:401  (B[m iniset /etc/nova/nova.conf service_user project_name service
[2026-06-30T10:06:54.691Z] +[38;5;242mlib/keystone:configure_keystoneauth:402  (B[m iniset /etc/nova/nova.conf service_user project_domain_name Default
[2026-06-30T10:06:54.956Z] +[38;5;242mlib/nova:create_nova_conf:585            (B[m is_service_enabled n-cond
[2026-06-30T10:06:55.221Z] +[38;5;242mfunctions-common:is_service_enabled:2076 (B[m return 0
[2026-06-30T10:06:55.221Z] ++[38;5;242mlib/nova:create_nova_conf:586            (B[m seq 1 1
[2026-06-30T10:06:55.221Z] +[38;5;242mlib/nova:create_nova_conf:586            (B[m for i in $(seq 1 $NOVA_NUM_CELLS)
[2026-06-30T10:06:55.221Z] +[38;5;242mlib/nova:create_nova_conf:587            (B[m local conf
[2026-06-30T10:06:55.221Z] +[38;5;242mlib/nova:create_nova_conf:588            (B[m local vhost
[2026-06-30T10:06:55.221Z] ++[38;5;242mlib/nova:create_nova_conf:589            (B[m conductor_conf 1
[2026-06-30T10:06:55.221Z] ++[38;5;242mlib/nova:conductor_conf:825              (B[m local cell=1
[2026-06-30T10:06:55.486Z] ++[38;5;242mlib/nova:conductor_conf:826              (B[m echo /etc/nova/nova_cell1.conf
[2026-06-30T10:06:55.486Z] +[38;5;242mlib/nova:create_nova_conf:589            (B[m conf=/etc/nova/nova_cell1.conf
[2026-06-30T10:06:55.486Z] +[38;5;242mlib/nova:create_nova_conf:590            (B[m vhost=nova_cell1
[2026-06-30T10:06:55.486Z] +[38;5;242mlib/nova:create_nova_conf:592            (B[m rm -f /etc/nova/nova_cell1.conf
[2026-06-30T10:06:55.486Z] ++[38;5;242mlib/nova:create_nova_conf:593            (B[m database_connection_url nova_cell1
[2026-06-30T10:06:55.486Z] ++[38;5;242mlib/database:database_connection_url:134 (B[m local db=nova_cell1
[2026-06-30T10:06:55.486Z] ++[38;5;242mlib/database:database_connection_url:135 (B[m database_connection_url_mysql nova_cell1
[2026-06-30T10:06:55.486Z] ++[38;5;242mlib/databases/mysql:database_connection_url_mysql:251 (B[m local db=nova_cell1
[2026-06-30T10:06:55.486Z] ++[38;5;242mlib/databases/mysql:database_connection_url_mysql:252 (B[m local plugin
[2026-06-30T10:06:55.749Z] ++[38;5;242mlib/databases/mysql:database_connection_url_mysql:256 (B[m [[ True == \T\r\u\e ]]
[2026-06-30T10:06:55.749Z] ++[38;5;242mlib/databases/mysql:database_connection_url_mysql:257 (B[m is_service_enabled mysql
[2026-06-30T10:06:55.749Z] ++[38;5;242mfunctions-common:is_service_enabled:2076 (B[m return 0
[2026-06-30T10:06:55.749Z] ++[38;5;242mlib/databases/mysql:database_connection_url_mysql:258 (B[m plugin='&plugin=dbcounter'
[2026-06-30T10:06:56.011Z] ++[38;5;242mlib/databases/mysql:database_connection_url_mysql:262 (B[m echo 'mysql+pymysql://root:hpinvent@127.0.0.1/nova_cell1?charset=utf8&plugin=dbcounter'
[2026-06-30T10:06:56.011Z] +[38;5;242mlib/nova:create_nova_conf:593            (B[m iniset /etc/nova/nova_cell1.conf database connection 'mysql+pymysql://root:hpinvent@127.0.0.1/nova_cell1?charset=utf8&plugin=dbcounter'
[2026-06-30T10:06:56.011Z] +[38;5;242mlib/nova:create_nova_conf:594            (B[m iniset /etc/nova/nova_cell1.conf conductor workers 2
[2026-06-30T10:06:56.272Z] +[38;5;242mlib/nova:create_nova_conf:595            (B[m iniset /etc/nova/nova_cell1.conf DEFAULT debug True
[2026-06-30T10:06:56.536Z] +[38;5;242mlib/nova:create_nova_conf:597            (B[m [[ superconductor == \s\i\n\g\l\e\c\o\n\d\u\c\t\o\r ]]
[2026-06-30T10:06:56.536Z] +[38;5;242mlib/nova:create_nova_conf:600            (B[m rpc_backend_add_vhost nova_cell1
[2026-06-30T10:06:56.536Z] +[38;5;242mlib/rpc_backend:rpc_backend_add_vhost:112 (B[m local vhost=nova_cell1
[2026-06-30T10:06:56.798Z] +[38;5;242mlib/rpc_backend:rpc_backend_add_vhost:113 (B[m is_service_enabled rabbit
[2026-06-30T10:06:56.798Z] +[38;5;242mfunctions-common:is_service_enabled:2076 (B[m return 0
[2026-06-30T10:06:56.798Z] ++[38;5;242mlib/rpc_backend:rpc_backend_add_vhost:114 (B[m grep nova_cell1
[2026-06-30T10:06:56.798Z] ++[38;5;242mlib/rpc_backend:rpc_backend_add_vhost:114 (B[m sudo rabbitmqctl list_vhosts
[2026-06-30T10:06:58.786Z] +[38;5;242mlib/rpc_backend:rpc_backend_add_vhost:114 (B[m '[' -z ']'
[2026-06-30T10:06:58.786Z] +[38;5;242mlib/rpc_backend:rpc_backend_add_vhost:115 (B[m sudo rabbitmqctl add_vhost nova_cell1
[2026-06-30T10:07:00.709Z] Adding vhost "nova_cell1" ...
[2026-06-30T10:07:00.709Z] +[38;5;242mlib/rpc_backend:rpc_backend_add_vhost:116 (B[m sudo rabbitmqctl set_permissions -p nova_cell1 stackrabbit '.*' '.*' '.*'
[2026-06-30T10:07:02.115Z] Setting permissions for user "stackrabbit" in vhost "nova_cell1" ...
[2026-06-30T10:07:02.115Z] +[38;5;242mlib/nova:create_nova_conf:601            (B[m iniset_rpc_backend nova /etc/nova/nova_cell1.conf DEFAULT nova_cell1
[2026-06-30T10:07:02.115Z] +[38;5;242mlib/rpc_backend:iniset_rpc_backend:144   (B[m local package=nova
[2026-06-30T10:07:02.115Z] +[38;5;242mlib/rpc_backend:iniset_rpc_backend:145   (B[m local file=/etc/nova/nova_cell1.conf
[2026-06-30T10:07:02.115Z] +[38;5;242mlib/rpc_backend:iniset_rpc_backend:146   (B[m local section=DEFAULT
[2026-06-30T10:07:02.115Z] +[38;5;242mlib/rpc_backend:iniset_rpc_backend:147   (B[m local virtual_host=nova_cell1
[2026-06-30T10:07:02.115Z] +[38;5;242mlib/rpc_backend:iniset_rpc_backend:148   (B[m is_service_enabled rabbit
[2026-06-30T10:07:02.391Z] +[38;5;242mfunctions-common:is_service_enabled:2076 (B[m return 0
[2026-06-30T10:07:02.391Z] ++[38;5;242mlib/rpc_backend:iniset_rpc_backend:149   (B[m get_transport_url nova_cell1
[2026-06-30T10:07:02.391Z] ++[38;5;242mlib/rpc_backend:get_transport_url:126    (B[m local virtual_host=nova_cell1
[2026-06-30T10:07:02.391Z] ++[38;5;242mlib/rpc_backend:get_transport_url:127    (B[m is_service_enabled rabbit
[2026-06-30T10:07:02.654Z] ++[38;5;242mfunctions-common:is_service_enabled:2076 (B[m return 0
[2026-06-30T10:07:02.654Z] ++[38;5;242mlib/rpc_backend:get_transport_url:128    (B[m echo rabbit://stackrabbit:hpinvent@10.132.239.110:5672/nova_cell1
[2026-06-30T10:07:02.654Z] +[38;5;242mlib/rpc_backend:iniset_rpc_backend:149   (B[m iniset /etc/nova/nova_cell1.conf DEFAULT transport_url rabbit://stackrabbit:hpinvent@10.132.239.110:5672/nova_cell1
[2026-06-30T10:07:02.917Z] +[38;5;242mlib/rpc_backend:iniset_rpc_backend:150   (B[m '[' -n '' ']'
[2026-06-30T10:07:02.917Z] +[38;5;242mlib/rpc_backend:iniset_rpc_backend:153   (B[m '[' -n '' ']'
[2026-06-30T10:07:02.917Z] +[38;5;242mlib/nova:create_nova_conf:605            (B[m is_service_enabled placement placement-client
[2026-06-30T10:07:03.182Z] +[38;5;242mfunctions-common:is_service_enabled:2076 (B[m return 0
[2026-06-30T10:07:03.182Z] +[38;5;242mlib/nova:create_nova_conf:606            (B[m configure_placement_nova_compute /etc/nova/nova_cell1.conf
[2026-06-30T10:07:03.182Z] +[38;5;242mlib/nova:configure_placement_nova_compute:634 (B[m local conf=/etc/nova/nova_cell1.conf
[2026-06-30T10:07:03.182Z] +[38;5;242mlib/nova:configure_placement_nova_compute:635 (B[m configure_keystoneauth /etc/nova/nova_cell1.conf nova placement
[2026-06-30T10:07:03.182Z] +[38;5;242mlib/keystone:configure_keystoneauth:391  (B[m local conf_file=/etc/nova/nova_cell1.conf
[2026-06-30T10:07:03.182Z] +[38;5;242mlib/keystone:configure_keystoneauth:392  (B[m local admin_user=nova
[2026-06-30T10:07:03.182Z] +[38;5;242mlib/keystone:configure_keystoneauth:393  (B[m local section=placement
[2026-06-30T10:07:03.182Z] +[38;5;242mlib/keystone:configure_keystoneauth:395  (B[m iniset /etc/nova/nova_cell1.conf placement auth_type password
[2026-06-30T10:07:03.444Z] +[38;5;242mlib/keystone:configure_keystoneauth:396  (B[m iniset /etc/nova/nova_cell1.conf placement interface public
[2026-06-30T10:07:03.714Z] +[38;5;242mlib/keystone:configure_keystoneauth:397  (B[m iniset /etc/nova/nova_cell1.conf placement auth_url http://10.132.239.110/identity
[2026-06-30T10:07:03.981Z] +[38;5;242mlib/keystone:configure_keystoneauth:398  (B[m iniset /etc/nova/nova_cell1.conf placement username nova
[2026-06-30T10:07:03.981Z] +[38;5;242mlib/keystone:configure_keystoneauth:399  (B[m iniset /etc/nova/nova_cell1.conf placement password hpinvent
[2026-06-30T10:07:04.244Z] +[38;5;242mlib/keystone:configure_keystoneauth:400  (B[m iniset /etc/nova/nova_cell1.conf placement user_domain_name Default
[2026-06-30T10:07:04.508Z] +[38;5;242mlib/keystone:configure_keystoneauth:401  (B[m iniset /etc/nova/nova_cell1.conf placement project_name service
[2026-06-30T10:07:04.771Z] +[38;5;242mlib/keystone:configure_keystoneauth:402  (B[m iniset /etc/nova/nova_cell1.conf placement project_domain_name Default
[2026-06-30T10:07:05.033Z] +[38;5;242mlib/nova:create_nova_conf:610            (B[m setup_logging /etc/nova/nova_cell1.conf
[2026-06-30T10:07:05.033Z] +[38;5;242mfunctions:setup_logging:693              (B[m setup_systemd_logging /etc/nova/nova_cell1.conf
[2026-06-30T10:07:05.033Z] +[38;5;242mfunctions:setup_systemd_logging:710      (B[m local conf_file=/etc/nova/nova_cell1.conf
[2026-06-30T10:07:05.033Z] ++[38;5;242mfunctions:setup_systemd_logging:715      (B[m trueorfalse False USE_JOURNAL
[2026-06-30T10:07:05.303Z] +[38;5;242mfunctions:setup_systemd_logging:715      (B[m USE_JOURNAL=False
[2026-06-30T10:07:05.303Z] +[38;5;242mfunctions:setup_systemd_logging:716      (B[m local pidstr=
[2026-06-30T10:07:05.303Z] +[38;5;242mfunctions:setup_systemd_logging:717      (B[m [[ False == \T\r\u\e ]]
[2026-06-30T10:07:05.303Z] +[38;5;242mfunctions:setup_systemd_logging:721      (B[m pidstr='(pid=%(process)d) '
[2026-06-30T10:07:05.303Z] +[38;5;242mfunctions:setup_systemd_logging:723      (B[m iniset /etc/nova/nova_cell1.conf DEFAULT logging_debug_format_suffix '[00;33m{{(pid=%(process)d) %(funcName)s %(pathname)s:%(lineno)d}}[00m'
[2026-06-30T10:07:05.589Z] +[38;5;242mfunctions:setup_systemd_logging:725      (B[m iniset /etc/nova/nova_cell1.conf DEFAULT logging_context_format_string '%(color)s%(levelname)s %(name)s [[01;36m%(global_request_id)s %(request_id)s [00;36m%(project_name)s %(user_name)s%(color)s] [01;35m%(instance)s%(color)s%(message)s[00m'
[2026-06-30T10:07:05.859Z] +[38;5;242mfunctions:setup_systemd_logging:726      (B[m iniset /etc/nova/nova_cell1.conf DEFAULT logging_default_format_string '%(color)s%(levelname)s %(name)s [[00;36m-%(color)s] [01;35m%(instance)s%(color)s%(message)s[00m'
[2026-06-30T10:07:05.859Z] +[38;5;242mfunctions:setup_systemd_logging:727      (B[m iniset /etc/nova/nova_cell1.conf DEFAULT logging_exception_prefix 'ERROR %(name)s [01;35m%(instance)s[00m'
[2026-06-30T10:07:06.136Z] +[38;5;242mfunctions:setup_systemd_logging:730      (B[m iniset /etc/nova/nova_cell1.conf DEFAULT log_color True
[2026-06-30T10:07:06.401Z] +[38;5;242mlib/nova:create_nova_conf:617            (B[m [[ superconductor == \s\i\n\g\l\e\c\o\n\d\u\c\t\o\r ]]
[2026-06-30T10:07:06.401Z] ++[38;5;242mlib/nova:create_nova_conf:620            (B[m seq 1 1
[2026-06-30T10:07:06.401Z] +[38;5;242mlib/nova:create_nova_conf:620            (B[m for i in $(seq 1 $NOVA_NUM_CELLS)
[2026-06-30T10:07:06.401Z] +[38;5;242mlib/nova:create_nova_conf:621            (B[m local conf
[2026-06-30T10:07:06.677Z] +[38;5;242mlib/nova:create_nova_conf:622            (B[m local offset
[2026-06-30T10:07:06.677Z] ++[38;5;242mlib/nova:create_nova_conf:623            (B[m conductor_conf 1
[2026-06-30T10:07:06.677Z] ++[38;5;242mlib/nova:conductor_conf:825              (B[m local cell=1
[2026-06-30T10:07:06.677Z] ++[38;5;242mlib/nova:conductor_conf:826              (B[m echo /etc/nova/nova_cell1.conf
[2026-06-30T10:07:06.677Z] +[38;5;242mlib/nova:create_nova_conf:623            (B[m conf=/etc/nova/nova_cell1.conf
[2026-06-30T10:07:06.677Z] +[38;5;242mlib/nova:create_nova_conf:624            (B[m offset=0
[2026-06-30T10:07:06.677Z] +[38;5;242mlib/nova:create_nova_conf:625            (B[m configure_console_proxies /etc/nova/nova_cell1.conf 0
[2026-06-30T10:07:06.677Z] +[38;5;242mlib/nova:configure_console_proxies:724   (B[m local conf=/etc/nova/nova_cell1.conf
[2026-06-30T10:07:06.677Z] +[38;5;242mlib/nova:configure_console_proxies:725   (B[m local offset=0
[2026-06-30T10:07:06.948Z] +[38;5;242mlib/nova:configure_console_proxies:729   (B[m offset=0
[2026-06-30T10:07:06.948Z] +[38;5;242mlib/nova:configure_console_proxies:731   (B[m is_service_enabled n-novnc
[2026-06-30T10:07:06.948Z] +[38;5;242mfunctions-common:is_service_enabled:2076 (B[m return 0
[2026-06-30T10:07:06.948Z] +[38;5;242mlib/nova:configure_console_proxies:732   (B[m iniset /etc/nova/nova_cell1.conf vnc novncproxy_host 0.0.0.0
[2026-06-30T10:07:07.223Z] +[38;5;242mlib/nova:configure_console_proxies:733   (B[m iniset /etc/nova/nova_cell1.conf vnc novncproxy_port 6080
[2026-06-30T10:07:07.507Z] +[38;5;242mlib/nova:configure_console_proxies:735   (B[m is_nova_console_proxy_compute_tls_enabled
[2026-06-30T10:07:07.507Z] +[38;5;242mlib/nova:is_nova_console_proxy_compute_tls_enabled:188 (B[m [[ False = \T\r\u\e ]]
[2026-06-30T10:07:07.507Z] +[38;5;242mlib/nova:is_nova_console_proxy_compute_tls_enabled:189 (B[m return 1
[2026-06-30T10:07:07.507Z] +[38;5;242mlib/nova:configure_console_proxies:763   (B[m is_service_enabled n-spice
[2026-06-30T10:07:07.770Z] +[38;5;242mfunctions-common:is_service_enabled:2076 (B[m return 1
[2026-06-30T10:07:07.770Z] +[38;5;242mlib/nova:configure_console_proxies:768   (B[m is_service_enabled n-sproxy
[2026-06-30T10:07:08.034Z] +[38;5;242mfunctions-common:is_service_enabled:2076 (B[m return 1
[2026-06-30T10:07:08.034Z] +[38;5;242mlib/nova:configure_nova:369              (B[m is_service_enabled n-cpu
[2026-06-30T10:07:08.034Z] +[38;5;242mfunctions-common:is_service_enabled:2076 (B[m return 0
[2026-06-30T10:07:08.034Z] +[38;5;242mlib/nova:configure_nova:369              (B[m [[ -r /opt/stack/devstack/lib/nova_plugins/hypervisor-libvirt ]]
[2026-06-30T10:07:08.310Z] +[38;5;242mlib/nova:configure_nova:371              (B[m configure_nova_hypervisor
[2026-06-30T10:07:08.310Z] +[38;5;242mlib/nova_plugins/hypervisor-libvirt:configure_nova_hypervisor:40 (B[m configure_libvirt
[2026-06-30T10:07:08.310Z] +[38;5;242mlib/nova_plugins/functions-libvirt:configure_libvirt:153 (B[m is_service_enabled neutron
[2026-06-30T10:07:08.310Z] +[38;5;242mfunctions-common:is_service_enabled:2076 (B[m return 0
[2026-06-30T10:07:08.582Z] +[38;5;242mlib/nova_plugins/functions-libvirt:configure_libvirt:153 (B[m sudo grep -q '^cgroup_device_acl' /etc/libvirt/qemu.conf
[2026-06-30T10:07:08.582Z] +[38;5;242mlib/nova_plugins/functions-libvirt:configure_libvirt:166 (B[m is_fedora
[2026-06-30T10:07:08.582Z] +[38;5;242mfunctions-common:is_fedora:526           (B[m [[ -z Ubuntu ]]
[2026-06-30T10:07:08.582Z] +[38;5;242mfunctions-common:is_fedora:530           (B[m '[' Ubuntu = Fedora ']'
[2026-06-30T10:07:08.582Z] +[38;5;242mfunctions-common:is_fedora:530           (B[m '[' Ubuntu = 'Red Hat' ']'
[2026-06-30T10:07:08.582Z] +[38;5;242mfunctions-common:is_fedora:531           (B[m '[' Ubuntu = openEuler ']'
[2026-06-30T10:07:08.582Z] +[38;5;242mfunctions-common:is_fedora:532           (B[m '[' Ubuntu = RedHatEnterpriseServer ']'
[2026-06-30T10:07:08.849Z] +[38;5;242mfunctions-common:is_fedora:533           (B[m '[' Ubuntu = RedHatEnterprise ']'
[2026-06-30T10:07:08.849Z] +[38;5;242mfunctions-common:is_fedora:534           (B[m '[' Ubuntu = RedHatEnterpriseLinux ']'
[2026-06-30T10:07:08.849Z] +[38;5;242mfunctions-common:is_fedora:535           (B[m '[' Ubuntu = RockyLinux ']'
[2026-06-30T10:07:08.849Z] +[38;5;242mfunctions-common:is_fedora:536           (B[m '[' Ubuntu = CentOS ']'
[2026-06-30T10:07:08.849Z] +[38;5;242mfunctions-common:is_fedora:536           (B[m '[' Ubuntu = CentOSStream ']'
[2026-06-30T10:07:08.849Z] +[38;5;242mfunctions-common:is_fedora:537           (B[m '[' Ubuntu = AlmaLinux ']'
[2026-06-30T10:07:08.849Z] +[38;5;242mfunctions-common:is_fedora:538           (B[m '[' Ubuntu = OracleServer ']'
[2026-06-30T10:07:08.849Z] +[38;5;242mfunctions-common:is_fedora:538           (B[m '[' Ubuntu = Virtuozzo ']'
[2026-06-30T10:07:09.114Z] +[38;5;242mlib/nova_plugins/functions-libvirt:configure_libvirt:185 (B[m getent group libvirt
[2026-06-30T10:07:09.114Z] +[38;5;242mlib/nova_plugins/functions-libvirt:configure_libvirt:188 (B[m add_user_to_group stack libvirt
[2026-06-30T10:07:09.114Z] +[38;5;242mfunctions-common:add_user_to_group:2189  (B[m local user=stack
[2026-06-30T10:07:09.114Z] +[38;5;242mfunctions-common:add_user_to_group:2190  (B[m local group=libvirt
[2026-06-30T10:07:09.114Z] +[38;5;242mfunctions-common:add_user_to_group:2192  (B[m sudo usermod -a -G libvirt stack
[2026-06-30T10:07:09.114Z] +[38;5;242mlib/nova_plugins/functions-libvirt:configure_libvirt:191 (B[m [[ True = \T\r\u\e ]]
[2026-06-30T10:07:09.377Z] +[38;5;242mlib/nova_plugins/functions-libvirt:configure_libvirt:192 (B[m is_ubuntu
[2026-06-30T10:07:09.377Z] +[38;5;242mfunctions-common:is_ubuntu:546           (B[m [[ -z deb ]]
[2026-06-30T10:07:09.377Z] +[38;5;242mfunctions-common:is_ubuntu:549           (B[m '[' deb = deb ']'
[2026-06-30T10:07:09.377Z] +[38;5;242mlib/nova_plugins/functions-libvirt:configure_libvirt:197 (B[m local 'log_filters=1:libvirt.c 1:qemu 1:conf 1:security 3:object 3:event 3:json 3:file 1:util 1:cpu'
[2026-06-30T10:07:09.377Z] +[38;5;242mlib/nova_plugins/functions-libvirt:configure_libvirt:201 (B[m local log_outputs=1:file:/var/log/libvirt/libvirtd.log
[2026-06-30T10:07:09.377Z] +[38;5;242mlib/nova_plugins/functions-libvirt:configure_libvirt:202 (B[m sudo grep -q '^log_filters="1:libvirt.c 1:qemu 1:conf 1:security 3:object 3:event 3:json 3:file 1:util 1:cpu"' /etc/libvirt/libvirtd.conf
[2026-06-30T10:07:09.377Z] +[38;5;242mlib/nova_plugins/functions-libvirt:configure_libvirt:205 (B[m sudo grep -q '^log_outputs="1:file:/var/log/libvirt/libvirtd.log"' /etc/libvirt/libvirtd.conf
[2026-06-30T10:07:09.639Z] +[38;5;242mlib/nova_plugins/functions-libvirt:configure_libvirt:210 (B[m is_nova_console_proxy_compute_tls_enabled
[2026-06-30T10:07:09.639Z] +[38;5;242mlib/nova:is_nova_console_proxy_compute_tls_enabled:188 (B[m [[ False = \T\r\u\e ]]
[2026-06-30T10:07:09.639Z] +[38;5;242mlib/nova:is_nova_console_proxy_compute_tls_enabled:189 (B[m return 1
[2026-06-30T10:07:09.639Z] +[38;5;242mlib/nova_plugins/functions-libvirt:configure_libvirt:228 (B[m restart_service libvirtd
[2026-06-30T10:07:09.639Z] +[38;5;242mfunctions-common:restart_service:2304    (B[m '[' -x /bin/systemctl ']'
[2026-06-30T10:07:09.639Z] +[38;5;242mfunctions-common:restart_service:2305    (B[m sudo /bin/systemctl restart libvirtd
[2026-06-30T10:07:09.902Z] +[38;5;242mlib/nova_plugins/functions-libvirt:configure_libvirt:234 (B[m restart_service virtlogd
[2026-06-30T10:07:09.902Z] +[38;5;242mfunctions-common:restart_service:2304    (B[m '[' -x /bin/systemctl ']'
[2026-06-30T10:07:09.902Z] +[38;5;242mfunctions-common:restart_service:2305    (B[m sudo /bin/systemctl restart virtlogd
[2026-06-30T10:07:10.527Z] +[38;5;242mlib/nova_plugins/hypervisor-libvirt:configure_nova_hypervisor:41 (B[m iniset /etc/nova/nova.conf libvirt virt_type qemu
[2026-06-30T10:07:10.527Z] +[38;5;242mlib/nova_plugins/hypervisor-libvirt:configure_nova_hypervisor:42 (B[m iniset /etc/nova/nova.conf libvirt cpu_mode custom
[2026-06-30T10:07:10.794Z] +[38;5;242mlib/nova_plugins/hypervisor-libvirt:configure_nova_hypervisor:43 (B[m '[' custom == custom ']'
[2026-06-30T10:07:10.794Z] +[38;5;242mlib/nova_plugins/hypervisor-libvirt:configure_nova_hypervisor:44 (B[m iniset /etc/nova/nova.conf libvirt cpu_models Nehalem
[2026-06-30T10:07:11.065Z] +[38;5;242mlib/nova_plugins/hypervisor-libvirt:configure_nova_hypervisor:47 (B[m iniset /etc/nova/nova.conf DEFAULT pointer_model ps2mouse
[2026-06-30T10:07:11.339Z] +[38;5;242mlib/nova_plugins/hypervisor-libvirt:configure_nova_hypervisor:48 (B[m iniset /etc/nova/nova.conf libvirt live_migration_uri qemu+ssh://stack@%s/system
[2026-06-30T10:07:11.605Z] +[38;5;242mlib/nova_plugins/hypervisor-libvirt:configure_nova_hypervisor:49 (B[m iniset /etc/nova/nova.conf DEFAULT default_ephemeral_format ext4
[2026-06-30T10:07:11.871Z] +[38;5;242mlib/nova_plugins/hypervisor-libvirt:configure_nova_hypervisor:50 (B[m iniset /etc/nova/nova.conf DEFAULT compute_driver libvirt.LibvirtDriver
[2026-06-30T10:07:12.139Z] +[38;5;242mlib/nova_plugins/hypervisor-libvirt:configure_nova_hypervisor:52 (B[m is_arch ppc64
[2026-06-30T10:07:12.139Z] ++[38;5;242mfunctions-common:is_arch:519             (B[m uname -m
[2026-06-30T10:07:12.139Z] +[38;5;242mfunctions-common:is_arch:519             (B[m [[ x86_64 == \p\p\c\6\4 ]]
[2026-06-30T10:07:12.140Z] +[38;5;242mlib/nova_plugins/hypervisor-libvirt:configure_nova_hypervisor:57 (B[m is_arch aarch64
[2026-06-30T10:07:12.140Z] ++[38;5;242mfunctions-common:is_arch:519             (B[m uname -m
[2026-06-30T10:07:12.140Z] +[38;5;242mfunctions-common:is_arch:519             (B[m [[ x86_64 == \a\a\r\c\h\6\4 ]]
[2026-06-30T10:07:12.140Z] +[38;5;242mlib/nova_plugins/hypervisor-libvirt:configure_nova_hypervisor:65 (B[m isset ENABLE_FILE_INJECTION
[2026-06-30T10:07:12.412Z] +[38;5;242mfunctions-common:isset:266               (B[m [[ -v ENABLE_FILE_INJECTION ]]
[2026-06-30T10:07:12.412Z] +[38;5;242mlib/nova_plugins/hypervisor-libvirt:configure_nova_hypervisor:73 (B[m [[ qemu = \p\a\r\a\l\l\e\l\s ]]
[2026-06-30T10:07:12.412Z] +[38;5;242mlib/nova_plugins/hypervisor-libvirt:configure_nova_hypervisor:80 (B[m [[ '' == \L\V\M ]]
[2026-06-30T10:07:12.412Z] +[38;5;242m./stack.sh:main:962                      (B[m is_service_enabled placement
[2026-06-30T10:07:12.696Z] +[38;5;242mfunctions-common:is_service_enabled:2076 (B[m return 0
[2026-06-30T10:07:12.696Z] +[38;5;242m./stack.sh:main:964                      (B[m stack_install_service placement
[2026-06-30T10:07:12.696Z] +[38;5;242mlib/stack:stack_install_service:20       (B[m local service=placement
[2026-06-30T10:07:12.696Z] +[38;5;242mlib/stack:stack_install_service:21       (B[m type install_placement
[2026-06-30T10:07:12.696Z] +[38;5;242mlib/stack:stack_install_service:23       (B[m [[ False = True ]]
[2026-06-30T10:07:12.696Z] +[38;5;242mlib/stack:stack_install_service:32       (B[m install_placement
[2026-06-30T10:07:12.696Z] +[38;5;242mlib/placement:install_placement:121      (B[m pip_install_gr osc-placement
[2026-06-30T10:07:12.696Z] +[38;5;242minc/python:pip_install_gr:94             (B[m local name=osc-placement
[2026-06-30T10:07:12.977Z] +[38;5;242minc/python:pip_install_gr:95             (B[m local clean_name
[2026-06-30T10:07:12.977Z] ++[38;5;242minc/python:pip_install_gr:96             (B[m get_from_global_requirements osc-placement
[2026-06-30T10:07:12.977Z] ++[38;5;242minc/python:get_from_global_requirements:241 (B[m local package=osc-placement
[2026-06-30T10:07:12.977Z] ++[38;5;242minc/python:get_from_global_requirements:242 (B[m local required_pkg
[2026-06-30T10:07:12.977Z] +++[38;5;242minc/python:get_from_global_requirements:243 (B[m cut -d# -f1
[2026-06-30T10:07:12.977Z] +++[38;5;242minc/python:get_from_global_requirements:243 (B[m grep -i -h '^osc-placement' /opt/stack/requirements/global-requirements.txt
[2026-06-30T10:07:12.977Z] ++[38;5;242minc/python:get_from_global_requirements:243 (B[m required_pkg='osc-placement  '
[2026-06-30T10:07:12.977Z] ++[38;5;242minc/python:get_from_global_requirements:244 (B[m [[ osc-placement   == '' ]]
[2026-06-30T10:07:12.977Z] ++[38;5;242minc/python:get_from_global_requirements:247 (B[m echo osc-placement
[2026-06-30T10:07:13.268Z] +[38;5;242minc/python:pip_install_gr:96             (B[m clean_name=osc-placement
[2026-06-30T10:07:13.268Z] +[38;5;242minc/python:pip_install_gr:97             (B[m pip_install osc-placement
[2026-06-30T10:07:13.268Z] Using python 3.12 to install osc-placement
[2026-06-30T10:07:13.268Z] +[38;5;242minc/python:pip_install:210               (B[m env http_proxy=http://proxy-in.its.hpecorp.net:80 https_proxy=http://proxy-in.its.hpecorp.net:443 no_proxy=10.201.5.87,10.201.4.29,10.201.3.85,10.201.3.86,localhost,127.0.0.1,10.201.4.31,10.201.4.32,10.201.4.33,10.201.4.34,10.201.1.221,172.28.65.17,172.28.65.18,172.28.65.207,172.28.65.208 PIP_FIND_LINKS= /opt/stack/data/venv/bin/pip install -c /opt/stack/requirements/upper-constraints.txt osc-placement
[2026-06-30T10:07:15.285Z] Collecting osc-placement
[2026-06-30T10:07:15.807Z]   Downloading osc_placement-4.8.0-py3-none-any.whl.metadata (2.1 kB)
[2026-06-30T10:07:15.807Z] Requirement already satisfied: pbr>=2.0.0 in /opt/stack/data/venv/lib/python3.12/site-packages (from osc-placement) (7.0.3)
[2026-06-30T10:07:15.807Z] Requirement already satisfied: keystoneauth1>=3.3.0 in /opt/stack/data/venv/lib/python3.12/site-packages (from osc-placement) (5.14.0)
[2026-06-30T10:07:15.807Z] Requirement already satisfied: osc-lib>=1.2.0 in /opt/stack/data/venv/lib/python3.12/site-packages (from osc-placement) (4.6.0)
[2026-06-30T10:07:15.807Z] Requirement already satisfied: oslo.utils>=3.37.0 in /opt/stack/data/venv/lib/python3.12/site-packages (from osc-placement) (10.1.1)
[2026-06-30T10:07:15.807Z] Requirement already satisfied: iso8601>=2.0.0 in /opt/stack/data/venv/lib/python3.12/site-packages (from keystoneauth1>=3.3.0->osc-placement) (2.1.0)
[2026-06-30T10:07:15.807Z] Requirement already satisfied: requests>=2.14.2 in /opt/stack/data/venv/lib/python3.12/site-packages (from keystoneauth1>=3.3.0->osc-placement) (2.34.2)
[2026-06-30T10:07:15.807Z] Requirement already satisfied: stevedore>=1.20.0 in /opt/stack/data/venv/lib/python3.12/site-packages (from keystoneauth1>=3.3.0->osc-placement) (5.8.0)
[2026-06-30T10:07:15.807Z] Requirement already satisfied: os-service-types>=1.2.0 in /opt/stack/data/venv/lib/python3.12/site-packages (from keystoneauth1>=3.3.0->osc-placement) (1.8.2)
[2026-06-30T10:07:15.807Z] Requirement already satisfied: typing-extensions>=4.12 in /opt/stack/data/venv/lib/python3.12/site-packages (from keystoneauth1>=3.3.0->osc-placement) (4.15.0)
[2026-06-30T10:07:15.807Z] Requirement already satisfied: cliff>=4.9.0 in /opt/stack/data/venv/lib/python3.12/site-packages (from osc-lib>=1.2.0->osc-placement) (4.14.0)
[2026-06-30T10:07:15.807Z] Requirement already satisfied: openstacksdk>=4.12.0 in /opt/stack/data/venv/lib/python3.12/site-packages (from osc-lib>=1.2.0->osc-placement) (4.17.0)
[2026-06-30T10:07:15.807Z] Requirement already satisfied: oslo.i18n>=3.15.3 in /opt/stack/data/venv/lib/python3.12/site-packages (from osc-lib>=1.2.0->osc-placement) (6.8.0)
[2026-06-30T10:07:15.807Z] Requirement already satisfied: autopage>=0.4.0 in /opt/stack/data/venv/lib/python3.12/site-packages (from cliff>=4.9.0->osc-lib>=1.2.0->osc-placement) (0.6.0)
[2026-06-30T10:07:15.807Z] Requirement already satisfied: cmd2>=3.0.0 in /opt/stack/data/venv/lib/python3.12/site-packages (from cliff>=4.9.0->osc-lib>=1.2.0->osc-placement) (4.0.0)
[2026-06-30T10:07:15.807Z] Requirement already satisfied: PrettyTable>=0.7.2 in /opt/stack/data/venv/lib/python3.12/site-packages (from cliff>=4.9.0->osc-lib>=1.2.0->osc-placement) (3.17.0)
[2026-06-30T10:07:15.807Z] Requirement already satisfied: PyYAML>=3.12 in /opt/stack/data/venv/lib/python3.12/site-packages (from cliff>=4.9.0->osc-lib>=1.2.0->osc-placement) (6.0.3)
[2026-06-30T10:07:15.807Z] Requirement already satisfied: prompt-toolkit>=3.0.52 in /opt/stack/data/venv/lib/python3.12/site-packages (from cmd2>=3.0.0->cliff>=4.9.0->osc-lib>=1.2.0->osc-placement) (3.0.52)
[2026-06-30T10:07:15.807Z] Requirement already satisfied: pyperclip>=1.8.2 in /opt/stack/data/venv/lib/python3.12/site-packages (from cmd2>=3.0.0->cliff>=4.9.0->osc-lib>=1.2.0->osc-placement) (1.11.0)
[2026-06-30T10:07:15.807Z] Requirement already satisfied: rich>=15.0.0 in /opt/stack/data/venv/lib/python3.12/site-packages (from cmd2>=3.0.0->cliff>=4.9.0->osc-lib>=1.2.0->osc-placement) (15.0.0)
[2026-06-30T10:07:15.807Z] Requirement already satisfied: rich-argparse>=1.7.2 in /opt/stack/data/venv/lib/python3.12/site-packages (from cmd2>=3.0.0->cliff>=4.9.0->osc-lib>=1.2.0->osc-placement) (1.8.0)
[2026-06-30T10:07:15.807Z] Requirement already satisfied: cryptography>=2.7 in /opt/stack/data/venv/lib/python3.12/site-packages (from openstacksdk>=4.12.0->osc-lib>=1.2.0->osc-placement) (43.0.3)
[2026-06-30T10:07:15.807Z] Requirement already satisfied: decorator>=4.4.1 in /opt/stack/data/venv/lib/python3.12/site-packages (from openstacksdk>=4.12.0->osc-lib>=1.2.0->osc-placement) (5.3.1)
[2026-06-30T10:07:15.807Z] Requirement already satisfied: dogpile.cache>=0.6.5 in /opt/stack/data/venv/lib/python3.12/site-packages (from openstacksdk>=4.12.0->osc-lib>=1.2.0->osc-placement) (1.5.0)
[2026-06-30T10:07:15.807Z] Requirement already satisfied: jmespath>=0.9.0 in /opt/stack/data/venv/lib/python3.12/site-packages (from openstacksdk>=4.12.0->osc-lib>=1.2.0->osc-placement) (1.1.0)
[2026-06-30T10:07:15.807Z] Requirement already satisfied: jsonpatch!=1.20,>=1.16 in /opt/stack/data/venv/lib/python3.12/site-packages (from openstacksdk>=4.12.0->osc-lib>=1.2.0->osc-placement) (1.33)
[2026-06-30T10:07:15.808Z] Requirement already satisfied: platformdirs>=3 in /opt/stack/data/venv/lib/python3.12/site-packages (from openstacksdk>=4.12.0->osc-lib>=1.2.0->osc-placement) (4.10.0)
[2026-06-30T10:07:15.808Z] Requirement already satisfied: psutil>=3.2.2 in /opt/stack/data/venv/lib/python3.12/site-packages (from openstacksdk>=4.12.0->osc-lib>=1.2.0->osc-placement) (7.2.2)
[2026-06-30T10:07:15.808Z] Requirement already satisfied: cffi>=1.12 in /opt/stack/data/venv/lib/python3.12/site-packages (from cryptography>=2.7->openstacksdk>=4.12.0->osc-lib>=1.2.0->osc-placement) (2.0.0)
[2026-06-30T10:07:15.808Z] Requirement already satisfied: pycparser in /opt/stack/data/venv/lib/python3.12/site-packages (from cffi>=1.12->cryptography>=2.7->openstacksdk>=4.12.0->osc-lib>=1.2.0->osc-placement) (3.0)
[2026-06-30T10:07:15.808Z] Requirement already satisfied: jsonpointer>=1.9 in /opt/stack/data/venv/lib/python3.12/site-packages (from jsonpatch!=1.20,>=1.16->openstacksdk>=4.12.0->osc-lib>=1.2.0->osc-placement) (3.1.1)
[2026-06-30T10:07:15.808Z] Requirement already satisfied: netaddr>=0.10.0 in /opt/stack/data/venv/lib/python3.12/site-packages (from oslo.utils>=3.37.0->osc-placement) (1.3.0)
[2026-06-30T10:07:16.100Z] Requirement already satisfied: pyparsing>=2.1.0 in /opt/stack/data/venv/lib/python3.12/site-packages (from oslo.utils>=3.37.0->osc-placement) (3.3.2)
[2026-06-30T10:07:16.100Z] Requirement already satisfied: packaging>=20.4 in /opt/stack/data/venv/lib/python3.12/site-packages (from oslo.utils>=3.37.0->osc-placement) (26.2)
[2026-06-30T10:07:16.100Z] Requirement already satisfied: setuptools in /opt/stack/data/venv/lib/python3.12/site-packages (from pbr>=2.0.0->osc-placement) (82.0.1)
[2026-06-30T10:07:16.100Z] Requirement already satisfied: wcwidth in /opt/stack/data/venv/lib/python3.12/site-packages (from PrettyTable>=0.7.2->cliff>=4.9.0->osc-lib>=1.2.0->osc-placement) (0.8.1)
[2026-06-30T10:07:16.100Z] Requirement already satisfied: charset_normalizer<4,>=2 in /opt/stack/data/venv/lib/python3.12/site-packages (from requests>=2.14.2->keystoneauth1>=3.3.0->osc-placement) (3.4.7)
[2026-06-30T10:07:16.100Z] Requirement already satisfied: idna<4,>=2.5 in /opt/stack/data/venv/lib/python3.12/site-packages (from requests>=2.14.2->keystoneauth1>=3.3.0->osc-placement) (3.18)
[2026-06-30T10:07:16.100Z] Requirement already satisfied: urllib3<3,>=1.26 in /opt/stack/data/venv/lib/python3.12/site-packages (from requests>=2.14.2->keystoneauth1>=3.3.0->osc-placement) (2.7.0)
[2026-06-30T10:07:16.100Z] Requirement already satisfied: certifi>=2023.5.7 in /usr/lib/python3/dist-packages (from requests>=2.14.2->keystoneauth1>=3.3.0->osc-placement) (2023.11.17)
[2026-06-30T10:07:16.100Z] Requirement already satisfied: markdown-it-py>=2.2.0 in /opt/stack/data/venv/lib/python3.12/site-packages (from rich>=15.0.0->cmd2>=3.0.0->cliff>=4.9.0->osc-lib>=1.2.0->osc-placement) (4.2.0)
[2026-06-30T10:07:16.100Z] Requirement already satisfied: pygments<3.0.0,>=2.13.0 in /opt/stack/data/venv/lib/python3.12/site-packages (from rich>=15.0.0->cmd2>=3.0.0->cliff>=4.9.0->osc-lib>=1.2.0->osc-placement) (2.20.0)
[2026-06-30T10:07:16.100Z] Requirement already satisfied: mdurl~=0.1 in /usr/lib/python3/dist-packages (from markdown-it-py>=2.2.0->rich>=15.0.0->cmd2>=3.0.0->cliff>=4.9.0->osc-lib>=1.2.0->osc-placement) (0.1.2)
[2026-06-30T10:07:16.100Z] Downloading osc_placement-4.8.0-py3-none-any.whl (64 kB)
[2026-06-30T10:07:16.738Z] Installing collected packages: osc-placement
[2026-06-30T10:07:16.738Z] Successfully installed osc-placement-4.8.0
[2026-06-30T10:07:17.245Z] +[38;5;242minc/python:pip_install:216               (B[m result=0
[2026-06-30T10:07:17.245Z] +[38;5;242minc/python:pip_install:218               (B[m time_stop pip_install
[2026-06-30T10:07:17.245Z] +[38;5;242mfunctions-common:time_stop:2420          (B[m local name
[2026-06-30T10:07:17.245Z] +[38;5;242mfunctions-common:time_stop:2421          (B[m local end_time
[2026-06-30T10:07:17.245Z] +[38;5;242mfunctions-common:time_stop:2422          (B[m local elapsed_time
[2026-06-30T10:07:17.245Z] +[38;5;242mfunctions-common:time_stop:2423          (B[m local total
[2026-06-30T10:07:17.245Z] +[38;5;242mfunctions-common:time_stop:2424          (B[m local start_time
[2026-06-30T10:07:17.245Z] +[38;5;242mfunctions-common:time_stop:2426          (B[m name=pip_install
[2026-06-30T10:07:17.245Z] +[38;5;242mfunctions-common:time_stop:2427          (B[m start_time=1782814041585
[2026-06-30T10:07:17.245Z] +[38;5;242mfunctions-common:time_stop:2429          (B[m [[ -z 1782814041585 ]]
[2026-06-30T10:07:17.245Z] ++[38;5;242mfunctions-common:time_stop:2432          (B[m date +%s%3N
[2026-06-30T10:07:17.245Z] +[38;5;242mfunctions-common:time_stop:2432          (B[m end_time=1782814045493
[2026-06-30T10:07:17.245Z] +[38;5;242mfunctions-common:time_stop:2433          (B[m elapsed_time=3908
[2026-06-30T10:07:17.245Z] +[38;5;242mfunctions-common:time_stop:2434          (B[m total=214710
[2026-06-30T10:07:17.245Z] +[38;5;242mfunctions-common:time_stop:2436          (B[m _TIME_START[$name]=
[2026-06-30T10:07:17.546Z] +[38;5;242mfunctions-common:time_stop:2437          (B[m _TIME_TOTAL[$name]=218618
[2026-06-30T10:07:17.546Z] +[38;5;242minc/python:pip_install:219               (B[m return 0
[2026-06-30T10:07:17.546Z] +[38;5;242mlib/placement:install_placement:122      (B[m git_clone http://github.com/openstack/placement.git /opt/stack/placement master
[2026-06-30T10:07:17.546Z] +[38;5;242mfunctions-common:git_clone:589           (B[m local git_remote=http://github.com/openstack/placement.git
[2026-06-30T10:07:17.546Z] +[38;5;242mfunctions-common:git_clone:590           (B[m local git_dest=/opt/stack/placement
[2026-06-30T10:07:17.546Z] +[38;5;242mfunctions-common:git_clone:591           (B[m local git_ref=master
[2026-06-30T10:07:17.546Z] +[38;5;242mfunctions-common:git_clone:592           (B[m local orig_dir
[2026-06-30T10:07:17.546Z] ++[38;5;242mfunctions-common:git_clone:593           (B[m pwd
[2026-06-30T10:07:17.546Z] +[38;5;242mfunctions-common:git_clone:593           (B[m orig_dir=/opt/stack/devstack
[2026-06-30T10:07:17.843Z] +[38;5;242mfunctions-common:git_clone:594           (B[m local git_clone_flags=
[2026-06-30T10:07:17.843Z] ++[38;5;242mfunctions-common:git_clone:596           (B[m trueorfalse False RECLONE
[2026-06-30T10:07:17.843Z] +[38;5;242mfunctions-common:git_clone:596           (B[m RECLONE=False
[2026-06-30T10:07:17.843Z] +[38;5;242mfunctions-common:git_clone:597           (B[m [[ 0 -gt 0 ]]
[2026-06-30T10:07:17.843Z] +[38;5;242mfunctions-common:git_clone:601           (B[m [[ False = \T\r\u\e ]]
[2026-06-30T10:07:18.142Z] +[38;5;242mfunctions-common:git_clone:610           (B[m echo master
[2026-06-30T10:07:18.142Z] +[38;5;242mfunctions-common:git_clone:610           (B[m egrep -q '^refs'
[2026-06-30T10:07:18.142Z] +[38;5;242mfunctions-common:git_clone:624           (B[m [[ ! -d /opt/stack/placement ]]
[2026-06-30T10:07:18.142Z] +[38;5;242mfunctions-common:git_clone:625           (B[m [[ False = \T\r\u\e ]]
[2026-06-30T10:07:18.142Z] +[38;5;242mfunctions-common:git_clone:630           (B[m git_timed clone --no-checkout http://github.com/openstack/placement.git /opt/stack/placement
[2026-06-30T10:07:18.142Z] +[38;5;242mfunctions-common:git_timed:697           (B[m local count=0
[2026-06-30T10:07:18.142Z] +[38;5;242mfunctions-common:git_timed:698           (B[m local timeout=0
[2026-06-30T10:07:18.142Z] +[38;5;242mfunctions-common:git_timed:700           (B[m [[ -n 0 ]]
[2026-06-30T10:07:18.142Z] +[38;5;242mfunctions-common:git_timed:701           (B[m timeout=0
[2026-06-30T10:07:18.142Z] +[38;5;242mfunctions-common:git_timed:704           (B[m time_start git_timed
[2026-06-30T10:07:18.438Z] +[38;5;242mfunctions-common:time_start:2406         (B[m local name=git_timed
[2026-06-30T10:07:18.438Z] +[38;5;242mfunctions-common:time_start:2407         (B[m local start_time=
[2026-06-30T10:07:18.438Z] +[38;5;242mfunctions-common:time_start:2408         (B[m [[ -n '' ]]
[2026-06-30T10:07:18.438Z] ++[38;5;242mfunctions-common:time_start:2411         (B[m date +%s%3N
[2026-06-30T10:07:18.438Z] +[38;5;242mfunctions-common:time_start:2411         (B[m _TIME_START[$name]=1782814046664
[2026-06-30T10:07:18.438Z] +[38;5;242mfunctions-common:git_timed:705           (B[m timeout -s SIGINT 0 git clone --no-checkout http://github.com/openstack/placement.git /opt/stack/placement
[2026-06-30T10:07:18.438Z] Cloning into '/opt/stack/placement'...
[2026-06-30T10:07:21.889Z] fatal: unable to access 'http://github.com/openstack/placement.git/': Recv failure: Connection reset by peer
[2026-06-30T10:07:21.889Z] +[38;5;242mfunctions-common:git_timed:708           (B[m [[ 128 -ne 124 ]]
[2026-06-30T10:07:21.889Z] +[38;5;242mfunctions-common:git_timed:709           (B[m die 709 'git call failed: [git clone' --no-checkout http://github.com/openstack/placement.git '/opt/stack/placement]'
[2026-06-30T10:07:21.889Z] +[38;5;242mfunctions-common:die:290                 (B[m local exitcode=0
[2026-06-30T10:07:21.889Z] [Call Trace]
[2026-06-30T10:07:21.889Z] ./stack.sh:964:stack_install_service
[2026-06-30T10:07:21.889Z] /opt/stack/devstack/lib/stack:32:install_placement
[2026-06-30T10:07:21.889Z] /opt/stack/devstack/lib/placement:122:git_clone
[2026-06-30T10:07:21.889Z] /opt/stack/devstack/functions-common:630:git_timed
[2026-06-30T10:07:21.889Z] /opt/stack/devstack/functions-common:709:die
[2026-06-30T10:07:21.889Z] [ERROR] /opt/stack/devstack/functions-common:709 git call failed: [git clone --no-checkout http://github.com/openstack/placement.git /opt/stack/placement]
[2026-06-30T10:07:22.510Z] Error on exit
[2026-06-30T10:07:23.475Z] ovs-vsctl: unix:/var/run/openvswitch/db.sock: database connection failed (No such file or directory)
[2026-06-30T10:07:23.759Z] ovs-vsctl: unix:/var/run/openvswitch/db.sock: database connection failed (No such file or directory)
[8mha:////4NNeWXVUI74w7iQ8Dm0DmqFrWMN9TF2B+hZ3Im+4Q/ppAAAApR+LCAAAAAAAAP9tjTEOwjAQBC9BFLSUPOIioEIoFa3lhheYxBgn1l2wHZyKF/E1/oBFJCq2WO1sM683LIOHmr3BTlNvKTQWBzeavDCx76+OE3Z8wYYpsNModZLc6tOMkqOGOUUJCwErTY3jYMlEWItOPVTlFJnqHH3+jgJK297hCYXI5qh8/MLkYXMb28D08/wVwDQMEcr9Ntfu8AFSjtgYvgAAAA==[0m[Pipeline] }
[8mha:////4FmtUbdVHCL/0pE0c7ZD5LzzLa4kZamSNvZLXaqrVafrAAAApR+LCAAAAAAAAP9tjTEOwjAQBC9BFLSUPOIihQYJUaW10vACExvjxLoztkNS8SK+xh+wiETFFqudbeb1hnUMcOJgsNc0WIqdRe9GkxdOHIar4wl7vmDHFNlpbPXUstLNgi0nDUuKElYCNpo6x9GSSbAVvXzIykky1TmF/B0FlFbd4QmFyOYkQ/rCHGB3G1Vk+nn+CmD2PkG5r3PVhw9qzEvpvgAAAA==[0m[Pipeline] // stage
[8mha:////4C8websmZLexPQfStsb8DFs+jx9jPcHDLEYXHVFgEFdDAAAApx+LCAAAAAAAAP9tjTEOwjAUQ3+DOrAycohUVUfExBp14QQhDSFp9H+bpLQTJ+Jq3IFAJSY8WLYl6z1fUMYARwqGO429xagsH/xkcuIzhf7qaeaOLlwRRvKat3puqdOntbaUNKwqGGwEbDUqT9GiSbATTt5l5SWa6pxC3g4CmO1GeEAhMjnJkL5lCbC/TV0k/HH+AmAZErC6ztY0n2f5BuPOacfCAAAA[0m[Pipeline] stage
[8mha:////4Gl+RxMrDaiTVmYLEWIHjByfIoHv8cvaSNRJUicZH8D5AAAAph+LCAAAAAAAAP9tjTEOwjAUQ3+LOrAycoh0KBtiYo2ycILQhJA0+r9NUtKJE3E17kBLJSY8WLYl673eUMUAJwqGOY2dxdha1vvRzIllCt3NU2aOrqwljOQ1EzoLUvq8VkFJw6qihA2HrcbWU7RoEuy4kw9Ze4mmvqQwb0cOpVUDPKHgMznJkL5lCrC/jyoS/jh/ATD1CcqmWeywPKsPBdk7bsIAAAA=[0m[Pipeline] { (Cherry-pick Cinder Patch)
Stage "Cherry-pick Cinder Patch" skipped due to earlier failure(s)
[8mha:////4Ac5+/EYW/d4fRZkhohN3/tceFQjynknOERHp3GdWk9gAAAApB+LCAAAAAAAAP9tjTEOwjAQBC9BFLSUPOJSABWiSmu54QUmNsaJdWdsh6TiRXyNPxCIRMUWq51t5vmCZYpw5GixNdQ5So3D4Hs7LRw4dhfPA7Z8xoYpsTcozSBZm3pGydnAnKKEhYCVocZzcmQzrEWr7qryimx1ynH6DgJKp2/wgEJM5qxi/sIYYXPtdWL6ef4KYAwZyu3uU/vwBtZos2m+AAAA[0m[Pipeline] getContext
[8mha:////4HGtZb9F3T1oGIFe0dfS89Gcjtrk6+mt7mrZuTHzpxeuAAAApB+LCAAAAAAAAP9tjTEOwjAQBC9BFLSUPOJSgGgQVVrLDS8wsTFOrDtjOyQVL+Jr/IFAJCq2WO1sM88XLFOEI0eLraHOUWocBt/baeHAsbt4HrDlMzZMib1BaQbJ2tQzSs4G5hQlLASsDDWekyObYS1adVeVV2SrU47TdxBQOn2DBxRiMmcV8xfGCJtrrxPTz/NXAGMIGcrt/lO7Nxbzd2K+AAAA[0m[Pipeline] }
[8mha:////4E/Lkz/ZubHUH8e+9wH5BUptvNU6InZE8mVcZmIGN7brAAAApB+LCAAAAAAAAP9tjTESwiAURH/iWNhaeghSpLBwrGwZGk+ACSKE+Z8AkVSeyKt5B9HMWLnFzr5t3vMF6xjgSEEzq3AwGDvDvJt0WSxTGK6OMrN0YR1hJKeYUFlQr04LCkoKllQ1rDhsFHaOokGdYMutvMvGSdTNOYXyHTjUph/hARUv5iRD+sIcYHeb+kj48/wVwOx9grrdf6p9AxC1Tze+AAAA[0m[Pipeline] // stage
[8mha:////4Fb9VBRURAcX0TV6aIcugkBxKHwK3TRe7Zhw77/5KELyAAAAqB+LCAAAAAAAAP9tjTEOwjAUQ3+LOrAycohUFQsSYuoadeEEoQkhafR/SVLSiRNxNe5AoBITHizbkvWeL6iChyN5zazCwWDoDRvdpHNiifxwcZSYpTPrCQM5xTqVOpKqXWpHUcGiooQVh7XC3lEwqCNsuBV3UTuBuj5Fn7cDh9LIGzyg4JkchY/fMnvYXicZCH+cvwCYxwhl02Tb7T/P6g0gPq6twgAAAA==[0m[Pipeline] stage
[8mha:////4IqgmOQnHEuFpksLblffM890bDHB+V2E58x6gUjgivH3AAAApx+LCAAAAAAAAP9tjTEOwjAUQ3+LOrAycoh0YAEhpq5RFk4QmhDSRv+Xn5R24kRcjTvQUokJD5ZtyXqvNxSR4UTsRGOx9RhrL7rQuymJgbi9BhpEQxdRE0YKVig7KDK2WqqiZGFRlsNKwtpiHSh6dAk2stEPXQaNrjwnnrajhNybOzwhkxM5aU7fMjJsb72JhD/OXwCMXYJ8t5/tMD+LD59NhPHCAAAA[0m[Pipeline] { (Prepare cinder.conf)
Stage "Prepare cinder.conf" skipped due to earlier failure(s)
[8mha:////4GjoBuC/bRl/Hrtl1jredmtTrx0zZLrjeUGwNUWuBI46AAAApR+LCAAAAAAAAP9tjTEOwjAQBC9BFLSUPOKCBA1CqWgtN7zAJMY4se6C7eBUvIiv8QcsIlGxxWpnm3m9YRk81OwNdpp6S6GxOLjR5IWJfX91nLDjCzZMgZ1GqZPkVp9mlBw1zClKWAhYaWocB0smwlp06qEqp8hU5+jzdxRQ2vYOTyhENkfl4xcmD5vb2Aamn+evAKYhQrk75Npvhw/W61xwvgAAAA==[0m[Pipeline] getContext
[8mha:////4AXvEjvGOu5D55XigkktJEoOVfnxiNGyLdMUkbPLqy1uAAAApR+LCAAAAAAAAP9tjTEOwjAQBC9BFLSUPOIiBA1CqWgtN7zAJMY4se6C7eBUvIiv8QcsIlGxxWpnm3m9YRk81OwNdpp6S6GxOLjR5IWJfX91nLDjCzZMgZ1GqZPkVp9mlBw1zClKWAhYaWocB0smwlp06qEqp8hU5+jzdxRQ2vYOTyhENkfl4xcmD5vb2Aamn+evAKZhiFDut7l2hw+dgWTEvgAAAA==[0m[Pipeline] }
[8mha:////4J4AqVabm/t7AjptUNLVQ41RAvzUAsoAJuGEz6GnHHY3AAAAph+LCAAAAAAAAP9tjTEOwjAQBC9BFLSUPOIiAQUSSkVrueEFJjHGiXUXbAen4kV8jT9gEYmKLVY728zrDcvgoWZvsNPUWwqNxcGNJi9M7Pur44QdX7BhCuw0Sp0kt/o0o+SoYU5RwkLASlPjOFgyEdaiUw9VOUWmOkefv6OA0rZ3eEIhsjkqH78wedjcxjYw/Tx/BTANQ4Ryv821O3wApcP3Nb4AAAA=[0m[Pipeline] // stage
[8mha:////4EBvfdSOJzugNB3gGtEzjdRPG2aLIubivUQ8+SqdLt4MAAAApx+LCAAAAAAAAP9tjTEOwjAUQ3+LOrAycohUFWyIqWvUhROEJoSk0f8lSUknTsTVuAOBSkx4sGxL1nu+oAoejuQ1swoHg6E3bHSTzokl8sPFUWKWzqwnDOQU61TqSKp2qR1FBYuKElYc1gp7R8GgjrDhVtxF7QTq+hR93g4cSiNv8ICCZ3IUPn7L7GF7nWQg/HH+AmAeI5RNk22/+zyrN23wzgLCAAAA[0m[Pipeline] stage
[8mha:////4E3MSh3uLk7cCEBY0WDab60VRN8QrrZMb+aacEgkPCYuAAAAph+LCAAAAAAAAP9tjTEOwjAUQ3+DOrAycoh0oBtiYo26cILQhJA0+r9NUtKJE3E17kBLJSY8WLYl673eUMYAJwqGO42dxdha3vvRzIlnCt3NU+aOrrwljOQ1b3RuSOnzWhtKGlYVDDYCthpbT9GiSbATTj5k5SWa6pLCvB0FMKsGeEIhZnKSIX3LFGB/H1Uk/HH+AmDqE7D6sFi9PMsPBA4E38IAAAA=[0m[Pipeline] { (Setup Volume Types)
Stage "Setup Volume Types" skipped due to earlier failure(s)
[8mha:////4Ds1hVfxsygmP2MUKMp2XYhiiPv9J2/ePz5/LZOsM5rGAAAAox+LCAAAAAAAAP9tjTESwiAURH/iWNhaegjSxMqxsmVoPAEmiBDmfwJEUnkir+YdRDNj5RY7+7Z5zxesY4AjBc2swsFg7AzzbtJlsUxhuDrKzNKFdYSRnGJCZUG9Oi0oKClYUtWw4rBR2DmKBnWCLbfyLhsnUTfnFMp34FCbfoQHVLyYkwzpC3OA3W3qI+HP81cAs09Qt+2n9v4NSnc5Zr4AAAA=[0m[Pipeline] getContext
[8mha:////4CsTc7YdWYUsONTLB1B9C7woOTUIELmFmhtKGnoiqzpSAAAAox+LCAAAAAAAAP9tjTESwiAURH/iWNhaegjSZGwcK1uGxhNggghh/idAJJUn8mreQTQzVm6xs2+b93zBOgY4UtDMKhwMxs4w7yZdFssUhqujzCxdWEcYySkmVBbUq9OCgpKCJVUNKw4bhZ2jaFAn2HIr77JxEnVzTqF8Bw616Ud4QMWLOcmQvjAH2N2mPhL+PH8FMHufoG73n2rfX1uR6L4AAAA=[0m[Pipeline] }
[8mha:////4MZM+3toJoM8Quacl/1aGI830kcBsaLSaqVPyiYBL7mZAAAApR+LCAAAAAAAAP9tjTEOwjAQBC9BFLSUPOJSgESBqNJabniBiY1xYt0Z2yGpeBFf4w8EIlGxxWpnm3m+YJkiHDlabA11jlLjMPjeTgsHjt3F84Atn7FhSuwNSjNI1qaeUXI2MKcoYSFgZajxnBzZDGvRqruqvCJbnXKcvoOA0ukbPKAQkzmrmL8wRthce52Yfp6/AhhDyFDu9p/avgFZHam9vgAAAA==[0m[Pipeline] // stage
[8mha:////4LIA6JzEsqKrM53paUqRcCy1GS3tXPCUcEtYUQ1mPjYrAAAAqB+LCAAAAAAAAP9tjTEOwjAUQ3+LOrAycohUlRiQEFPXqAsnCE0ISaP/S5KSTpyIq3EHApWY8GDZlqz3fEEVPBzJa2YVDgZDb9joJp0TS+SHi6PELJ1ZTxjIKdap1JFU7VI7igoWFSWsOKwV9o6CQR1hw624i9oJ1PUp+rwdOJRG3uABBc/kKHz8ltnD9jrJQPjj/AXAPEYomybbbv95Vm+uAAlowgAAAA==[0m[Pipeline] stage
[8mha:////4ISy/bIGz/Ea51SOgJoZQuDkqU4vTReDQ/4dqKehcLzCAAAApx+LCAAAAAAAAP9tjTEOwjAUQ3+LOrAycoh0YQAhpq5RFk4QmhDSRv+Xn5R24kRcjTvQUokJD5ZtyXqvNxSR4UTsRGOx9RhrL7rQuymJgbi9BhpEQxdRE0YKVig7KDK2WqqiZGFRlsNKwtpiHSh6dAk2stEPXQaNrjwnnrajhNybOzwhkxM5aU7fMjJsb72JhD/OXwCMXYJ8t5/tMD+LD56au0DCAAAA[0m[Pipeline] { (Wait for Cinder Services)
Stage "Wait for Cinder Services" skipped due to earlier failure(s)
[8mha:////4NfSQwtGwlAbDApwJQ9eJxt5AqWv89mwxSlcgjWvjgJ/AAAApR+LCAAAAAAAAP9tjTEOwjAQBC9BFLSUPOJCAQVCqWgtN7zAJMY4se6C7eBUvIiv8QcsIlGxxWpnm3m9YRk81OwNdpp6S6GxOLjR5IWJfX91nLDjCzZMgZ1GqZPkVp9mlBw1zClKWAhYaWocB0smwlp06qEqp8hU5+jzdxRQ2vYOTyhENkfl4xcmD5vb2Aamn+evAKYhQrk75Npvhw/4iFt7vgAAAA==[0m[Pipeline] getContext
[8mha:////4F5iiyC0eFzzEr2ecKEObxbdxItNU5jCZKRwgNIWLdcTAAAAph+LCAAAAAAAAP9tjTEOwjAQBC9BFLSUPOIiJCgQSkVrueEFJjHGiXUXbAen4kV8jT9gEYmKLVY728zrDcvgoWZvsNPUWwqNxcGNJi9M7Pur44QdX7BhCuw0Sp0kt/o0o+SoYU5RwkLASlPjOFgyEdaiUw9VOUWmOkefv6OA0rZ3eEIhsjkqH78wedjcxjYw/Tx/BTANQ4Ryv821O3wA7hxSLb4AAAA=[0m[Pipeline] }
[8mha:////4DW3FZHMvU7rPnPZOXPT6d/VSASIXXfqcAj7pNzwhaVWAAAAph+LCAAAAAAAAP9tjTEOwjAQBC9BFLSUPOIiIZCQUCpayw0vMIkxTqy7YDs4FS/ia/wBi0hUbLHa2WZeb1gGDzV7g52m3lJoLA5uNHlhYt9fHSfs+IINU2CnUeokudWnGSVHDXOKEhYCVpoax8GSibAWnXqoyiky1Tn6/B0FlLa9wxMKkc1R+fiFycPmNraB6ef5K4BpGCKU+22u3eED1l7B3L4AAAA=[0m[Pipeline] // stage
[8mha:////4NsaumTw7hT+F+DOydG0snqig9zMLs14XdAsHEcR0YGbAAAAqB+LCAAAAAAAAP9tjTEOwjAUQ3+LOrAycohUFWJCTF2jLpwgNCEkjf4vSUo6cSKuxh0IVGLCg2Vbst7zBVXwcCSvmVU4GAy9YaObdE4skR8ujhKzdGY9YSCnWKdSR1K1S+0oKlhUlLDisFbYOwoGdYQNt+IuaidQ16fo83bgUBp5gwcUPJOj8PFbZg/b6yQD4Y/zFwDzGKFsmmz73edZvQHZ+7mkwgAAAA==[0m[Pipeline] stage
[8mha:////4A3OWSLIkm3C2I9TYv0LdsZPfUM9c3nybfAgEatGSLPgAAAApx+LCAAAAAAAAP9tjTEOwjAUQ3+LOrAycoh0ACbE1DXKwglCE0La6P/yk9JOnIircQdaKjHhwbItWe/1hiIynIidaCy2HmPtRRd6NyUxELfXQINo6CJqwkjBCmUHRcZWS1WULCzKclhJWFusA0WPLsFGNvqhy6DRlefE03aUkHtzhydkciInzelbRobtrTeR8Mf5C4CxS5AfdrPt52fxAd9J1uLCAAAA[0m[Pipeline] { (Run Smoke Tests)
Stage "Run Smoke Tests" skipped due to earlier failure(s)
[8mha:////4Pez/d2fpzO6VmYJdhOEM2VTOSvbHPtNxhzJn7oc8OhiAAAAox+LCAAAAAAAAP9tjTEOwjAQBC9BFLSUPOLSkApR0VppeIFJjLFj3Tm2g1PxIr7GHwhEomKL1c4283zBOgY4ctBoFfWGYmvQu1HPCzOH/uo4o+ULtkyRncJG5YY7dVqw4aRgSVHCSsBGUes4GtIJtsLKu6ycJF2dU5i/g4DSdAM8oBCzOcmQvjAF2N3GLjL9PH8FMPkEZb3/VO3f4x1Rq74AAAA=[0m[Pipeline] getContext
[8mha:////4LjDaeeR8+Ne/d9mMVsdkMfPcvuqHxPa9Xfun17uL34gAAAApB+LCAAAAAAAAP9tjTEOwjAQBC9BFLSUPOLSAA2iSmu54QUmNsaJdWdsh6TiRXyNPxCIRMUWq51t5vmCZYpw5GixNdQ5So3D4Hs7LRw4dhfPA7Z8xoYpsTcozSBZm3pGydnAnKKEhYCVocZzcmQzrEWr7qryimx1ynH6DgJKp2/wgEJM5qxi/sIYYXPtdWL6ef4KYAwhQ7nbf2r7Bqph/Ve+AAAA[0m[Pipeline] }
[8mha:////4EIo8b4D/XQ8co+EWRNAYOa2UZZ7QHcFHxE+ctOMvl7xAAAApR+LCAAAAAAAAP9tjTEOwjAQBC9BFLSUPOJSIESBqNJabniBiY1xYt0Z2yGpeBFf4w8EIlGxxWpnm3m+YJkiHDlabA11jlLjMPjeTgsHjt3F84Atn7FhSuwNSjNI1qaeUXI2MKcoYSFgZajxnBzZDGvRqruqvCJbnXKcvoOA0ukbPKAQkzmrmL8wRthce52Yfp6/AhhDyFDu9p/avgGsJ8UCvgAAAA==[0m[Pipeline] // stage
[8mha:////4LwFE8u6WekK9K2NPm+K5NQrperYRq4GEtZpBKP8Dzz0AAAAqB+LCAAAAAAAAP9tjTEOwjAUQ3+LOrAycohUHZCQEFPXqAsnCE0ISaP/S5KSTpyIq3EHApWY8GDZlqz3fEEVPBzJa2YVDgZDb9joJp0TS+SHi6PELJ1ZTxjIKdap1JFU7VI7igoWFSWsOKwV9o6CQR1hw624i9oJ1PUp+rwdOJRG3uABBc/kKHz8ltnD9jrJQPjj/AXAPEYomybbbv95Vm8aC37OwgAAAA==[0m[Pipeline] stage
[8mha:////4Fs/pkTsIVIG0somGhrOjtVhsDVZ1Bb+48TGLYFuhWkAAAAApx+LCAAAAAAAAP9tjTEOwjAUQ3+LOrAycoh0QgIhpq5RFk4QmhDSRv+Xn5R24kRcjTvQUokJD5ZtyXqvNxSR4UTsRGOx9RhrL7rQuymJgbi9BhpEQxdRE0YKVig7KDK2WqqiZGFRlsNKwtpiHSh6dAk2stEPXQaNrjwnnrajhNybOzwhkxM5aU7fMjJsb72JhD/OXwCMXYJ8t5/tMD+LD0XdaX3CAAAA[0m[Pipeline] { (Run Tempest Tests)
Stage "Run Tempest Tests" skipped due to earlier failure(s)
[8mha:////4AI51RSZULe/h2sxF2Nrztdoq5mXseM83nfMuD9pgWOAAAAApR+LCAAAAAAAAP9tjTEOwjAQBC9BFLSUPOJCAxJCqWgtN7zAJMY4se6C7eBUvIiv8QcsIlGxxWpnm3m9YRk81OwNdpp6S6GxOLjR5IWJfX91nLDjCzZMgZ1GqZPkVp9mlBw1zClKWAhYaWocB0smwlp06qEqp8hU5+jzdxRQ2vYOTyhENkfl4xcmD5vb2Aamn+evAKYhQrk75Npvhw8/Nre1vgAAAA==[0m[Pipeline] getContext
[8mha:////4IkdQ6Ks3TdyRPvtDBFEYa0Y0UW6hgen+IQvMRCzV5oHAAAAph+LCAAAAAAAAP9tjTEOwjAQBC9BFLSUPOIiCpAQSkVrueEFJjHGiXUXbAen4kV8jT9gEYmKLVY728zrDcvgoWZvsNPUWwqNxcGNJi9M7Pur44QdX7BhCuw0Sp0kt/o0o+SoYU5RwkLASlPjOFgyEdaiUw9VOUWmOkefv6OA0rZ3eEIhsjkqH78wedjcxjYw/Tx/BTANQ4Ryv821O3wAMjehBb4AAAA=[0m[Pipeline] }
[8mha:////4Ly1fvDKOCHdETMgGKdaYFV75PtHb9Y2xsgy3E6EwAWMAAAAph+LCAAAAAAAAP9tjTEOwjAQBC9BFLSUPOIiIYGQUCpayw0vMIkxTqy7YDs4FS/ia/wBi0hUbLHa2WZeb1gGDzV7g52m3lJoLA5uNHlhYt9fHSfs+IINU2CnUeokudWnGSVHDXOKEhYCVpoax8GSibAWnXqoyiky1Tn6/B0FlLa9wxMKkc1R+fiFycPmNraB6ef5K4BpGCKU+22u3eEDCnUy9L4AAAA=[0m[Pipeline] // stage
[8mha:////4AcFxZ/EvSIhcT9qK0JkMtkkbxaCdvqdHvCAjvG8/mskAAAAqB+LCAAAAAAAAP9tjTEOwjAUQ3+LOrAycohUFRILYuoadeEEoQkhafR/SVLSiRNxNe5AoBITHizbkvWeL6iChyN5zazCwWDoDRvdpHNiifxwcZSYpTPrCQM5xTqVOpKqXWpHUcGiooQVh7XC3lEwqCNsuBV3UTuBuj5Fn7cDh9LIGzyg4JkchY/fMnvYXicZCH+cvwCYxwhl02Tb7z7P6g1E4VGVwgAAAA==[0m[Pipeline] stage
[8mha:////4BQUn2ZL58xIiuOytDJxOP4p26RNahATT+hjlKsvm5BGAAAApx+LCAAAAAAAAP9tjTEOwjAUQ3+LOrAycoh0ALEgpq5RFk4QmhDSRv+Xn5R24kRcjTvQUokJD5ZtyXqvNxSR4UTsRGOx9RhrL7rQuymJgbi9BhpEQxdRE0YKVig7KDK2WqqiZGFRlsNKwtpiHSh6dAk2stEPXQaNrjwnnrajhNybOzwhkxM5aU7fMjJsb72JhD/OXwCMXYL8sJttPz+LD7KBoKTCAAAA[0m[Pipeline] { (Declarative: Post Actions)
[8mha:////4Db1iGJawVV8UskXCMKqgZva+ak75YmC2TeyHETRTO4jAAAApB+LCAAAAAAAAP9tjTEOwjAQBC9BFLSUPOLSAA2iSmu54QUmNsaJdWdsh6TiRXyNPxCIRMUWq51t5vmCZYpw5GixNdQ5So3D4Hs7LRw4dhfPA7Z8xoYpsTcozSBZm3pGydnAnKKEhYCVocZzcmQzrEWr7qryimx1ynH6DgJKp2/wgEJM5qxi/sIYYXPtdWL6ef4KYAwZyv32U7vwBlmkmCe+AAAA[0m[Pipeline] sh
[2026-06-30T10:07:26.573Z] + set -ex
[2026-06-30T10:07:26.573Z] + ARTDIR=/home/ci_user/jenkins/workspace/OpenstackCI/Openstack_FC_CI/artifacts/logs
[2026-06-30T10:07:26.573Z] + mkdir -p /home/ci_user/jenkins/workspace/OpenstackCI/Openstack_FC_CI/artifacts/logs/etc
[2026-06-30T10:07:26.573Z] + echo Build start time: 2026-06-30 09:53:58
[2026-06-30T10:07:26.573Z] Build start time: 2026-06-30 09:53:58
[2026-06-30T10:07:26.573Z] + sudo journalctl -u devstack@c-api.service --since 2026-06-30 09:53:58
[2026-06-30T10:07:30.031Z] + sudo journalctl -u devstack@c-sch.service --since 2026-06-30 09:53:58
[2026-06-30T10:07:32.669Z] + sudo journalctl -u devstack@c-vol.service --since 2026-06-30 09:53:58
[2026-06-30T10:07:34.728Z] + sudo journalctl -u devstack@dstat.service --since 2026-06-30 09:53:58
[2026-06-30T10:07:39.410Z] + sudo journalctl -u devstack@g-api.service --since 2026-06-30 09:53:58
[2026-06-30T10:07:41.469Z] + sudo journalctl -u devstack@g-reg.service --since 2026-06-30 09:53:58
[2026-06-30T10:07:42.484Z] + sudo journalctl -u devstack@keystone.service --since 2026-06-30 09:53:58
[2026-06-30T10:07:45.106Z] + sudo journalctl -u devstack@q-agt.service --since 2026-06-30 09:53:58
[2026-06-30T10:07:45.681Z] + sudo journalctl -u devstack@q-dhcp.service --since 2026-06-30 09:53:58
[2026-06-30T10:07:47.073Z] + sudo journalctl -u devstack@q-l3.service --since 2026-06-30 09:53:58
[2026-06-30T10:07:48.058Z] + sudo journalctl -u devstack@q-meta.service --since 2026-06-30 09:53:58
[2026-06-30T10:07:49.005Z] + sudo journalctl -u devstack@q-svc.service --since 2026-06-30 09:53:58
[2026-06-30T10:07:49.580Z] + sudo journalctl -u devstack@etcd.service --since 2026-06-30 09:53:58
[2026-06-30T10:07:50.535Z] + sudo cp -r /etc/cinder /home/ci_user/jenkins/workspace/OpenstackCI/Openstack_FC_CI/artifacts/logs/etc/
[2026-06-30T10:07:50.535Z] + sudo cp -r /etc/glance /home/ci_user/jenkins/workspace/OpenstackCI/Openstack_FC_CI/artifacts/logs/etc/
[2026-06-30T10:07:50.798Z] + sudo cp -r /etc/keystone /home/ci_user/jenkins/workspace/OpenstackCI/Openstack_FC_CI/artifacts/logs/etc/
[2026-06-30T10:07:50.798Z] + sudo cp -r /etc/neutron /home/ci_user/jenkins/workspace/OpenstackCI/Openstack_FC_CI/artifacts/logs/etc/
[2026-06-30T10:07:50.798Z] cp: cannot stat '/etc/neutron': No such file or directory
[2026-06-30T10:07:50.798Z] + true
[2026-06-30T10:07:50.798Z] + sudo cp /opt/stack/tempest/etc/tempest.conf /home/ci_user/jenkins/workspace/OpenstackCI/Openstack_FC_CI/artifacts/logs/etc/tempest.conf
[2026-06-30T10:07:50.798Z] cp: cannot stat '/opt/stack/tempest/etc/tempest.conf': No such file or directory
[2026-06-30T10:07:50.798Z] + true
[2026-06-30T10:07:50.798Z] + sudo cp /opt/stack/logs/tempest_results.log /home/ci_user/jenkins/workspace/OpenstackCI/Openstack_FC_CI/artifacts/logs/etc/tempest_log.log
[2026-06-30T10:07:50.798Z] cp: cannot stat '/opt/stack/logs/tempest_results.log': No such file or directory
[2026-06-30T10:07:50.798Z] + true
[2026-06-30T10:07:50.798Z] + [ -d /opt/stack/logs ]
[2026-06-30T10:07:50.798Z] + sudo cp -r /opt/stack/logs /home/ci_user/jenkins/workspace/OpenstackCI/Openstack_FC_CI/artifacts/logs/devstack_logs
[2026-06-30T10:07:50.798Z] + sudo cp /opt/stack/devstack/local.conf /home/ci_user/jenkins/workspace/OpenstackCI/Openstack_FC_CI/artifacts/logs/devstack_logs/
[2026-06-30T10:07:50.798Z] + sudo find /home/ci_user/jenkins/workspace/OpenstackCI/Openstack_FC_CI/artifacts/logs -type f -exec sed -i -e s/3pardata/******/g -e s/hpinvent/******/g -e s/admin/******/g {} +
[2026-06-30T10:07:51.062Z] + id -u
[2026-06-30T10:07:51.062Z] + id -g
[2026-06-30T10:07:51.062Z] + sudo chown -R 0:0 /home/ci_user/jenkins/workspace/OpenstackCI/Openstack_FC_CI/artifacts
[8mha:////4N5wEyX/RhglL5QgDRlqmL/P02reDLn1SgDBFMxIgwSkAAAApB+LCAAAAAAAAP9tjTEOwjAQBC9BFLSUPOLSoDSIitZKwwtMYowd686xHZyKF/E1/kAgEhVbrHa2mecL1jHAkYNGq6g3FFuD3o16Xpg59FfHGS1fsGWK7BQ2KjfcqdOCDScFS4oSVgI2ilrH0ZBOsBVW3mXlJOnqnML8HQSUphvgAYWYzUmG9IUpwO42dpHp5/krgMknKOv9p2r/Bpr3tQy+AAAA[0m[Pipeline] archiveArtifacts
[2026-06-30T10:07:51.100Z] Archiving artifacts
[8mha:////4IopREupIaEj025eLHvmb8BZB8FIg4XH3NRkUOpcflByAAAApx+LCAAAAAAAAP9tjTEOwjAUQ3+LOrAycoh0QTAgpq5RFk4QmhDSRv+Xn5R24kRcjTvQUokJD5ZtyXqvNxSR4UTsRGOx9RhrL7rQuymJgbi9BhpEQxdRE0YKVig7KDK2WqqiZGFRlsNKwtpiHSh6dAk2stEPXQaNrjwnnrajhNybOzwhkxM5aU7fMjJsb72JhD/OXwCMXYJ8v5vtMD+LD5/mDwvCAAAA[0m[Pipeline] script
[8mha:////4ASLWm1as49qxDyPAVKgA8a6TKNtGvcW9Ut/yruwTc5zAAAApx+LCAAAAAAAAP9tjTEOwjAUQ3+LOrAycoh0AyTE1DXKwglCE0La6P/yk9JOnIircQdaKjHhwbItWe/1hiIynIidaCy2HmPtRRd6NyUxELfXQINo6CJqwkjBCmUHRcZWS1WULCzKclhJWFusA0WPLsFGNvqhy6DRlefE03aUkHtzhydkciInzelbRobtrTeR8Mf5C4CxS5Dv9rMd5mfxAUsyu2PCAAAA[0m[Pipeline] {
[8mha:////4PG4gOfnTQY2q3OqEekrAcHPi2LarDhkdxOYBp9Aee3OAAAApx+LCAAAAAAAAP9tjTEOwjAUQ3+LOrAycoh0QyDE1DXKwglCE0La6P/yk9JOnIircQdaKjHhwbItWe/1hiIynIidaCy2HmPtRRd6NyUxELfXQINo6CJqwkjBCmUHRcZWS1WULCzKclhJWFusA0WPLsFGNvqhy6DRlefE03aUkHtzhydkciInzelbRobtrTeR8Mf5C4CxS5Dv9rMd5mfxASgVHzvCAAAA[0m[Pipeline] node
[2026-06-30T10:07:51.306Z] Running on [8mha:////4KgI8C9NtTFTiWJMi4Ya/M/IeZNpbjj2a3+sgFQdvHWSAAAAoR+LCAAAAAAAAP9b85aBtbiIQTGjNKU4P08vOT+vOD8nVc83PyU1x6OyILUoJzMv2y+/JJUBAhiZGBgqihhk0NSjKDWzXb3RdlLBUSYGJk8GtpzUvPSSDB8G5tKinBIGIZ+sxLJE/ZzEvHT94JKizLx0a6BxUmjGOUNodHsLgAz2EgZR/eT83ILSktQifY2k0sycEt3MPE19AHHxbH3KAAAA[0mJenkins in /var/lib/jenkins/workspace/OpenstackCI/Openstack_FC_CI
