"pcp-dstat 6.2.0 CSV Output"
"Author:","PCP team <pcp@groups.io> and Dag Wieers <dag@wieers.com>",,,,"URL:","https://pcp.io/ and http://dag.wieers.com/home-made/dstat/"
"Host:","ubuntu",,,,"User:","stack"
"Cmdline:","dstat -tcmndrylpg --tcp --output /opt/stack/logs/dstat-csv.log",,,,"Date:","03 Jul 2026 00:21:52 UTC"
"system","total usage",,,,,"memory usage",,,,"net/total",,"dsk/total",,"io/total",,"system",,"load avg",,,"procs",,,"paging",,"tcp sockets",,,,
"time","total usage:usr","total usage:sys","total usage:idl","total usage:wai","total usage:stl","used","free","buf","cach","net/total:recv","net/total:send","dsk/total:read","dsk/total:writ","read","writ","int","csw","1m","5m","15m","run","blk","new","in","out","lis","act","syn","tim","clo"
03-07 00:21:52,,1158152,11641108,150668,3208560,,,,,,,1.940,1.610,1.450,6,0,,,,11,4,0,9,2
03-07 00:21:53,22.322,26.786,48.364,0.248,0,1148608,11633072,150768,3225416,234648.798,42235.653,0,1142.872,0,26.786,4907,2777,1.940,1.610,1.450,3,0,144.843,0,0,11,4,0,9,2
03-07 00:21:54,27.774,25.523,45.040,0,0,1151416,11623972,150932,3231092,62781.378,54706.255,0,488.431,0,18.016,4814,2673,2.030,1.630,1.460,3,0,133.117,0,0,11,4,0,9,2
03-07 00:21:55,26.494,27.994,42.740,0.250,0,1145052,11618044,151832,3240572,54691.308,301482.034,3.999,1103.744,1.000,47.989,4868,2580,2.030,1.630,1.460,4,0,141.967,0,0,11,4,0,9,2
03-07 00:21:56,27.494,25.744,43.741,0,0,1136308,11617180,152176,3248896,56687.866,33374.856,0,6978.506,0,49.989,4726,2494,2.030,1.630,1.460,2,0,132.972,0,0,11,4,0,9,2
03-07 00:21:57,28.280,25.777,43.797,0,0,1127916,11615552,152396,3257408,60811.589,31937.922,0,172.183,0,9.010,4476,2314,2.030,1.630,1.460,2,0,120.128,0,0,11,4,0,9,2
03-07 00:21:58,27.014,27.014,43.522,0.250,0,1098808,11625728,152956,3274372,46447.381,23483.821,0,1660.836,0,60.030,4637,2520,2.030,1.630,1.460,3,0,121.061,0,0,11,4,0,9,2
03-07 00:21:59,34.492,25.244,38.741,0.250,0,1095020,11617948,153812,3283320,60125.571,30578.662,0,1747.581,0,79.981,4956,4639,2.180,1.670,1.470,2,0,82.980,0,0,11,4,0,9,2
03-07 00:22:00,28.472,26.974,41.959,0,0,1092140,11611712,154376,3290484,45478.016,23912.873,0,1510.539,0,43.957,4590,2387,2.180,1.670,1.470,2,0,116.887,0,0,11,4,0,9,2
03-07 00:22:01,29.460,33.455,33.954,0.250,0,1096652,11582452,155256,3312780,59795.747,31888.668,99.864,11915.808,3.995,83.886,5615,4626,2.180,1.670,1.470,2,0,113.845,0,0,11,4,0,9,2
03-07 00:22:02,39.177,22.957,36.682,0.250,0,1119124,11569984,155892,3301256,42096.004,20691.662,0,1441.329,0,48.909,4540,4003,2.180,1.670,1.470,3,0,63.882,0,0,11,2,0,9,0
03-07 00:22:03,29.861,23.337,46.422,0.251,0,1199024,11488832,155892,3426928,60720.372,31368.428,939.487,24.089,13.048,2.007,4216,3118,2.180,1.670,1.470,1,0,34.127,0,0,12,2,0,9,0
03-07 00:22:04,26.001,21.501,49.753,0,0,1230016,11457764,155896,3426980,46004.336,24668.252,16.001,36.002,1.000,4.000,4146,2383,2.170,1.680,1.480,3,0,88.004,0,0,12,5,0,9,0
03-07 00:22:05,36.500,12.500,49.250,0,0,1238348,11443720,155948,3431940,77876.927,40995.962,0,1695.998,0,24.000,3423,1946,2.170,1.680,1.480,3,0,28.000,0,0,12,4,0,9,0
03-07 00:22:06,37.450,16.727,44.440,0,0,1226736,11453848,155948,3433260,61034.745,32486.219,0,12746.821,0,477.357,4284,1890,2.170,1.680,1.480,2,0,39.946,0,0,12,4,0,9,0
03-07 00:22:07,28.537,28.036,39.801,0.250,0,1246952,11432376,155984,3434300,61154.629,32531.827,0,1069.375,0,14.018,7430,10466,2.170,1.680,1.480,2,0,127.163,0,0,12,4,0,11,0
03-07 00:22:08,34.045,16.772,46.061,0.751,0,1233348,11445416,156032,3434688,46026.223,23675.492,208.277,1906.536,9.012,15.020,3496,1984,2.170,1.680,1.480,3,0,36.048,0,0,12,4,0,11,0
03-07 00:22:09,35.687,14.474,40.429,6.239,0,1260780,11414420,156224,3437540,44500.488,22715.922,2962.773,439.225,185.672,7.986,7252,12250,2.160,1.680,1.480,3,0,5.989,0,0,12,4,0,11,0
03-07 00:22:10,36.508,17.633,43.462,0.497,0,1295656,11377864,156404,3438700,29534.597,14561.659,131.132,1231.850,1.987,11.921,3339,1741,2.160,1.680,1.480,2,0,19.869,0,0,12,4,0,11,0
03-07 00:22:11,38.269,16.617,43.808,0.504,0,1281860,11399300,156468,3431612,30082.638,15347.976,116.822,20238.381,6.043,98.694,3254,1560,2.160,1.680,1.480,3,0,2.014,0,0,12,4,0,11,0
03-07 00:22:12,38.799,12.603,43.988,0.494,0,1276412,11402696,157620,3432512,15859.566,8216.449,15.816,5966.613,0.989,449.770,4866,4999,2.160,1.680,1.480,6,1,19.770,0,0,12,6,0,11,0
03-07 00:22:13,35.093,19.187,39.890,2.020,0,1280940,11387072,162944,3438048,30604.909,16569.833,0,25791.902,0,2230.787,11411,16744,2.160,1.680,1.480,4,0,50.493,0,0,12,6,0,11,0
03-07 00:22:14,29.309,23.297,39.830,2.756,0,1260196,11399036,168448,3441096,70786.842,1127316.831,0,37291.251,0,2597.241,13979,19671,2.220,1.700,1.490,4,0,87.176,0,0,12,6,0,11,0
03-07 00:22:15,20.968,9.735,65.400,1.747,0,1168896,11488260,170184,3441368,45445.369,26181.884,0,20436.687,0,1034.415,6135,7530,2.220,1.700,1.490,2,0,21.966,0,0,12,4,0,11,0
03-07 00:22:16,13.086,15.351,70.213,0,0,1176720,11480580,170216,3441376,60438.791,31932.700,0,9377.878,0,336.218,3574,2082,2.220,1.700,1.490,2,0,59.392,0,0,12,4,0,11,0
03-07 00:22:17,21.085,6.129,70.121,0,0,1213068,11444108,170336,3441376,54279.585,29189.975,0,1733.903,0,73.554,2205,1662,2.220,1.700,1.490,2,0,1.961,0,0,12,4,0,11,0
03-07 00:22:18,21.315,7.359,71.052,0.254,0,1246312,11410484,170704,3441376,44713.777,22941.542,0,4644.744,0,231.425,2669,2282,2.220,1.700,1.490,1,0,1.015,0,0,12,4,0,11,0
03-07 00:22:19,23.442,2.993,72.070,0,0,1251344,11405444,170716,3441372,14905.864,7439.465,0,27.930,0,2.993,1682,1063,2.130,1.690,1.480,2,0,0,0,0,12,4,0,11,0
03-07 00:22:20,19.844,8.289,71.086,0,0,1257424,11399348,170716,3441388,70608.062,38299.202,0,0,0,0,2176,1477,2.130,1.690,1.480,1,0,12.057,0,0,12,4,0,11,0
03-07 00:22:21,20.450,6.235,70.828,0,0,1290184,11366588,170716,3441388,45914.329,23520.794,0,7.981,0,0.998,1896,1453,2.130,1.690,1.480,1,0,0,0,0,12,4,0,11,0
03-07 00:22:22,21.504,6.251,72.013,0,0,1311072,11345700,170716,3441388,29473.152,15308.676,0,4.001,0,1.000,1855,1340,2.130,1.690,1.480,1,0,0,0,0,12,4,0,11,0
03-07 00:22:23,23.492,3.749,71.476,0,0,1308244,11348508,170724,3441400,30373.951,16934.397,0,3.999,0,1.000,1834,1218,2.130,1.690,1.480,1,0,1.999,0,0,12,4,0,11,0
03-07 00:22:24,6.496,22.487,68.710,0,0,1261796,11394904,170772,3441404,60643.124,33204.904,0,435.749,0,23.986,4016,2780,2.040,1.680,1.480,2,0,130.925,0,0,12,4,0,10,0
03-07 00:22:25,6.246,23.735,67.708,0,0,1255488,11401188,170780,3441420,61003.011,34484.525,0,39.975,0,3.998,4306,2868,2.040,1.680,1.480,2,0,138.913,0,0,12,4,0,10,0
03-07 00:22:26,6.759,23.781,66.838,0,0,1250648,11405832,170796,3441600,45489.727,23366.680,0,124.163,0,9.012,3998,2527,2.040,1.680,1.480,1,0,126.166,0,0,12,4,0,10,0
03-07 00:22:27,7.489,29.957,60.163,0,0,1201520,11454960,170808,3441588,63307.117,490150.599,0,29668.939,0,127.814,4809,2902,2.040,1.680,1.480,4,0,134.804,0,0,12,4,0,10,0
03-07 00:22:28,7.010,25.788,65.846,0,0,1195220,11461080,170808,3441752,68786.178,372458.436,0,20.029,0,5.007,4408,2804,2.040,1.680,1.480,2,0,130.190,0,0,12,4,0,9,0
03-07 00:22:29,14.756,24.009,59.023,0,0,1190464,11465808,170808,3442168,45532.968,23481.266,0,4.002,0,1.000,4725,5389,2.030,1.690,1.480,1,0,86.034,0,0,12,4,0,9,0
03-07 00:22:30,17.747,22.247,58.242,0,0,1180340,11475892,170808,3441764,62729.121,32917.341,0,0,0,0,4435,5307,2.030,1.690,1.480,1,0,62.991,0,0,12,4,0,9,0
03-07 00:22:31,28.919,24.182,41.882,3.241,0,1202172,11452160,170812,3444120,45327.285,24427.173,1874.718,0,23.933,0,4180,2510,2.030,1.690,1.480,3,0,81.770,0,0,12,4,0,9,0
03-07 00:22:32,43.059,23.396,29.121,1.991,0,1273568,11379564,170824,3445292,62216.684,32135.795,1099.136,40198.119,14.934,452.000,4930,2189,2.030,1.690,1.480,5,0,50.775,0,0,12,5,0,6,0
03-07 00:22:33,44.479,9.549,44.730,0.251,0,1309784,11343212,170844,3445404,37562.014,20457.120,20.103,24996.445,4.021,67.346,3053,1258,2.030,1.690,1.480,2,0,0,0,0,12,5,0,6,0
03-07 00:22:34,54.882,12.530,31.075,0,0,1348292,11303708,170868,3446336,29605.150,15342.873,493.185,192.463,4.010,3.007,4081,13759,2.590,1.810,1.530,2,0,36.087,0,0,12,5,0,7,0
03-07 00:22:35,35.731,17.241,46.725,0,0,1350036,11301436,170896,3446800,25685.282,13552.762,0,0,0,0,3011,1841,2.590,1.810,1.530,2,0,3.998,0,0,12,5,0,7,0
03-07 00:22:36,34.507,16.003,47.509,0,0,1360412,11288420,171000,3449188,30797.081,16233.205,0,1668.329,0,6.001,5389,5373,2.590,1.810,1.530,1,0,63.012,0,0,12,4,0,7,0
03-07 00:22:37,13.970,19.707,62.365,2.495,0,1372688,11275332,171168,3449792,60607.283,32689.495,598.709,3704.011,11.974,86.813,3599,2621,2.590,1.810,1.530,2,0,73.841,0,0,13,4,0,7,0
03-07 00:22:38,21.799,6.515,70.156,0.251,0,1418312,11229468,171400,3449800,44811.891,23787.024,0,4433.884,0,189.422,2461,1956,2.590,1.810,1.530,1,0,3.007,0,0,13,4,0,7,0
03-07 00:22:39,22.002,5.751,72.257,0,0,1451576,11196204,171400,3449800,30078.864,15505.477,0,0,0,0,1771,1203,2.460,1.790,1.520,1,0,0,0,0,13,4,0,7,0
03-07 00:22:40,23.247,3.999,71.990,0,0,1456616,11191164,171400,3449800,29523.847,15237.857,0,23.997,0,3.999,1714,1106,2.460,1.790,1.520,1,0,0,0,0,13,4,0,4,0
03-07 00:22:41,23.670,3.488,70.511,0.249,0,1472504,11174812,171488,3450164,30796.762,25639.219,159.460,845.139,6.976,41.858,2157,1713,2.460,1.790,1.520,1,0,2.990,0,0,13,10,0,4,0
03-07 00:22:42,23.816,4.262,68.940,0.251,0,1475932,11170780,172080,3450168,60204.009,34047.885,0,2482.846,0,244.675,3957,4691,2.460,1.790,1.520,3,0,0,0,0,13,4,0,6,0
03-07 00:22:43,15.260,14.260,70.048,0,0,1408496,11238096,172168,3450196,45182.752,23015.665,0,2421.648,0,59.040,2741,1965,2.460,1.790,1.520,1,0,42.029,0,0,13,4,0,6,0
03-07 00:22:44,21.501,5.500,71.753,0.250,0,1448044,11198072,172200,3450560,30895.194,14604.564,372.014,708.027,13.001,13.001,1875,1279,2.350,1.780,1.520,1,0,2.000,0,0,13,4,0,6,0
03-07 00:22:45,23.489,4.748,70.468,0,0,1445312,11200536,172232,3450752,56268.469,928380.765,0,527.761,0,11.995,2668,2180,2.350,1.780,1.520,0,0,1.999,0,0,13,5,0,6,0
03-07 00:22:46,21.400,3.981,72.411,0,0,1454548,11191212,172312,3450756,19670.015,11237.449,0,684.798,0,36.828,2638,2624,2.350,1.780,1.520,3,0,0.995,0,0,13,17,0,6,0
03-07 00:22:47,10.539,4.768,71.263,11.793,0,1454940,11190300,172352,3451064,26629.171,12827.289,345.273,4175.393,85.315,416.536,2111,1378,2.350,1.780,1.520,0,1,2.007,0,0,13,17,0,6,0
03-07 00:22:48,16.006,4.001,78.029,2.001,0,1456572,11188536,172364,3451140,15794.814,8246.035,72.027,4609.697,18.007,318.117,2363,1535,2.350,1.780,1.520,1,0,3.001,0,0,13,29,0,6,0
03-07 00:22:49,16.501,8.751,73.006,0,0,1436408,11208684,172364,3451156,15746.368,10146.882,0,0,0,0,2634,1842,2.240,1.770,1.520,2,0,43.004,0,0,13,28,0,7,0
03-07 00:22:50,19.758,8.253,71.530,0,0,1436912,11208180,172364,3451156,58516.688,29938.631,0,0,0,0,2058,1501,2.240,1.770,1.520,1,0,2.001,0,0,13,28,0,7,0
03-07 00:22:51,18.500,4.750,75.499,0,0,1454760,11190328,172364,3451156,32079.406,17466.676,0,4.000,0,1.000,1718,1202,2.240,1.770,1.520,0,0,0,0,0,13,29,0,7,0
03-07 00:22:52,19.996,4.999,73.485,0,0,1457732,11187360,172420,3451168,23991.994,12473.397,0,531.889,0,32.993,2338,2137,2.240,1.770,1.520,1,0,0,0,0,13,28,0,8,0
03-07 00:22:53,14.459,18.448,65.315,0,0,1420996,11224088,172420,3451176,15543.934,7502.730,0,27.921,0,3.989,3430,2038,2.240,1.770,1.520,2,0,116.669,0,0,13,28,0,8,0
03-07 00:22:54,33.108,19.815,45.649,0,0,1450744,11194332,172428,3451176,44836.273,23910.004,0,84.275,0,3.010,3384,1916,2.220,1.770,1.520,2,0,41.134,0,0,13,28,0,8,0
03-07 00:22:55,41.528,9.756,47.532,0,0,1524580,11120496,172428,3451176,29846.861,15154.084,0,0,0,0,2716,1363,2.220,1.770,1.520,2,0,0,0,0,13,28,0,8,0
03-07 00:22:56,36.887,7.228,54.583,0,0,1553004,11092060,172428,3451188,37756.452,22987.650,0,0,0,0,3462,2370,2.220,1.770,1.520,2,0,1.994,0,0,13,30,0,8,0
03-07 00:22:57,37.021,7.004,53.530,0,0,1557044,11087816,172444,3451376,23726.483,15558.842,0,80.045,0,7.004,5122,5823,2.220,1.770,1.520,2,0,0,0,0,13,30,0,8,0
03-07 00:22:58,40.699,11.054,46.728,0.251,0,1429940,11214828,172504,3451404,18226.932,10381.654,0,297.451,0,26.127,4313,3418,2.220,1.770,1.520,2,0,52.255,0,0,13,28,0,9,0
03-07 00:22:59,32.817,43.088,22.296,0,0,1480756,11163980,172520,3451404,30651.784,16658.121,0,176.361,0,13.027,5036,2906,2.520,1.840,1.540,4,0,236.484,0,0,13,28,0,9,0
03-07 00:23:00,62.921,36.205,0.749,0,0,1587968,11056724,172564,3451400,45942.451,24519.286,0,467.415,0,27.965,5249,3412,2.520,1.840,1.540,7,0,267.665,0,0,13,28,0,9,0
03-07 00:23:01,77.574,20.520,0.250,0,0,1731512,10913124,172572,3451448,63200.506,35023.530,0,44.042,0,3.003,5174,3033,2.520,1.840,1.540,6,0,25.024,0,0,13,29,0,9,0
03-07 00:23:02,81.897,14.642,1.489,0,0,1852380,10792232,172572,3451472,54307.391,34752.283,0,7.942,0,1.985,6451,5842,2.520,1.840,1.540,6,0,1.985,0,0,13,31,0,9,0
03-07 00:23:03,81.452,16.792,1.002,0,0,1889512,10754812,172588,3451732,25139.259,18237.165,0,2045.065,0,295.732,6926,5762,2.520,1.840,1.540,6,0,47.117,0,0,13,31,0,10,0
03-07 00:23:04,73.450,10.779,13.788,0,0,1866888,10777312,172680,3451756,58769.853,36153.336,0,457.244,0,41.112,6425,5824,2.800,1.910,1.570,5,0,35.095,0,0,13,30,0,13,0
03-07 00:23:05,41.877,14.208,41.379,0.249,0,1823512,10820504,172768,3451812,60523.816,33158.927,0,418.774,0,39.883,4954,4563,2.800,1.910,1.570,2,0,119.650,0,0,13,28,0,15,0
03-07 00:23:06,16.998,21.997,59.493,0,0,1632556,11011436,172784,3451816,60013.813,31142.270,0,183.978,0,8.999,3624,2311,2.800,1.910,1.570,1,0,109.987,0,0,13,28,0,15,0
03-07 00:23:07,23.000,7.250,67.000,0,0,1582336,11061600,172840,3451816,59056.212,923069.306,0,660.002,0,35.000,3069,1969,2.800,1.910,1.570,1,0,1.000,0,0,13,28,0,15,0
03-07 00:23:08,18.492,5.498,74.719,0,0,1572476,11071456,172848,3451812,32239.433,17079.812,0,55.976,0,4.998,2090,1620,2.800,1.910,1.570,1,0,2.999,0,0,13,29,0,15,0
03-07 00:23:09,19.753,4.751,74.260,0,0,1566668,11077252,172848,3451824,18294.555,10742.501,0,260.036,0,1.000,2180,1890,2.660,1.900,1.560,0,0,0,0,0,13,29,0,13,0
03-07 00:23:10,17.988,11.493,68.456,0,0,1503536,11140172,172904,3451960,32778.045,17658.711,0,323.793,0,26.983,3200,2686,2.660,1.900,1.560,1,0,45.971,0,0,13,28,0,14,0
03-07 00:23:11,16.003,11.752,70.512,0,0,1499724,11143980,172920,3451948,44526.816,22777.998,0,116.020,0,6.001,2382,1681,2.660,1.900,1.560,3,0,30.005,0,0,13,28,0,14,0
03-07 00:23:12,22.016,5.504,72.303,0,0,1520504,11123156,172952,3451960,29835.667,15155.006,0,356.259,0,20.015,1738,1120,2.660,1.900,1.560,2,0,0,0,0,13,28,0,14,0
03-07 00:23:13,17.749,5.500,74.744,0,0,1535208,11108436,172960,3451968,33561.452,19000.558,0,35.997,0,4.000,2011,1589,2.660,1.900,1.560,2,0,0,0,0,13,29,0,14,0
03-07 00:23:14,20.253,4.001,75.011,0,0,1524504,11119040,173040,3451988,18091.675,10592.566,0,524.077,0,33.005,2761,2829,2.440,1.860,1.560,1,0,2.000,0,0,13,28,0,15,0
03-07 00:23:15,9.485,20.717,67.143,0,0,1424736,11218788,173056,3451976,45845.730,24706.515,0,171.726,0,7.987,3723,2285,2.440,1.860,1.560,2,0,125.799,0,0,13,28,0,15,0
03-07 00:23:16,5.501,27.005,65.262,0,0,1421964,11221508,173088,3451984,45584.283,24544.460,0,444.081,0,20.004,4518,2579,2.440,1.860,1.560,3,0,184.033,0,0,13,28,0,15,0
03-07 00:23:17,5.757,27.284,64.830,0,0,1417400,11226016,173144,3451984,72059.073,39899.320,0,432.535,0,28.035,4711,2950,2.440,1.860,1.560,1,0,184.228,0,0,13,28,0,15,0
03-07 00:23:18,15.742,41.729,39.730,0,0,1408268,11235124,173152,3452000,60657.627,32519.716,0,1347.325,0,222.888,5523,3056,2.440,1.860,1.560,3,0,250.874,0,0,13,28,0,15,0
03-07 00:23:19,52.759,41.453,4.773,0,0,1521124,11122252,173152,3452016,61106.426,33090.144,0,213.044,0,8.039,5043,3044,2.570,1.900,1.570,8,0,281.379,0,0,13,28,0,15,0
03-07 00:23:20,78.981,20.059,0,0,0,1685716,10957656,173152,3452020,60674.100,33018.377,0,0,0,0,5179,2794,2.570,1.900,1.570,5,0,18.053,0,0,13,29,0,15,0
03-07 00:23:21,82.267,14.415,1.740,0,0,1794020,10849336,173152,3452036,38475.005,23834.004,0,0,0,0,5435,3610,2.570,1.900,1.570,6,0,0,0,0,13,31,0,15,0
03-07 00:23:22,71.571,13.263,13.263,0,0,1817396,10825912,173184,3452084,50849.442,35325.042,0,160.159,0,14.014,6640,7245,2.570,1.900,1.570,4,0,0,0,0,13,32,0,15,0
03-07 00:23:23,71.803,14.261,11.759,0,0,1802284,10840808,173312,3452168,30529.608,20814.413,0,492.365,0,50.037,7109,8363,2.570,1.900,1.570,5,0,32.024,0,0,13,29,0,16,0
03-07 00:23:24,75.399,23.296,0.751,0,0,1663948,10978980,173360,3452280,18908.456,10942.677,0,388.770,0,47.093,5667,4345,2.760,1.950,1.590,6,0,121.240,0,0,13,28,0,16,0
03-07 00:23:25,67.878,30.808,0,0,0,1695840,10947032,173376,3452288,30478.473,16635.369,0,172.325,0,10.019,5078,3269,2.760,1.950,1.590,7,0,159.300,0,0,13,28,0,16,0
03-07 00:23:26,83.348,15.721,0.250,0,0,1794812,10848052,173384,3452288,52150.828,30466.401,0,179.672,0,9.982,5264,3109,2.760,1.950,1.590,7,1,1.996,0,0,13,30,0,16,0
03-07 00:23:27,81.485,14.613,2.229,0,0,1893188,10749560,173448,3452336,28999.865,21007.862,0,681.604,0,35.665,5511,4589,2.760,1.950,1.590,6,0,0,0,0,13,33,0,16,0
03-07 00:23:28,83.231,12.863,3.531,0,0,1914092,10728456,173448,3452532,75314.882,882798.208,0,8.071,0,2.018,6745,8951,2.760,1.950,1.590,7,0,3.027,0,0,13,32,0,18,0
03-07 00:23:29,76.028,19.507,3.751,0,0,1873216,10769248,173480,3452584,32693.983,60555.195,0,192.070,0,18.007,6489,8070,3.100,2.040,1.620,5,0,102.037,0,0,13,29,0,21,0
03-07 00:23:30,41.015,29.761,27.760,0,0,1549720,11092688,173528,3452584,64042.381,37392.651,0,308.112,0,17.006,5123,4333,3.100,2.040,1.620,2,1,198.072,0,0,13,28,0,21,0
03-07 00:23:31,38.066,12.772,47.583,0,0,1546392,11096016,173536,3452576,29578.632,14683.631,0,56.098,0,6.010,2760,1502,3.100,2.040,1.620,2,0,0,0,0,13,28,0,21,0
03-07 00:23:32,38.719,8.190,51.873,0,0,1608432,11033952,173544,3452592,43922.895,24907.047,0,115.163,0,1.986,2986,1795,3.100,2.040,1.620,2,1,1.986,0,0,13,30,0,21,0
03-07 00:23:33,35.720,8.743,53.704,0,0,1606416,11035720,173632,3452752,22395.024,14106.048,0,471.600,0,37.968,4012,3821,3.100,2.040,1.620,6,0,0,0,0,13,30,0,21,0
03-07 00:23:34,39.196,19.473,38.697,0,0,1532004,11109864,173832,3455220,37824.833,23197.008,0,5041.048,0,478.340,6105,8775,3.090,2.050,1.620,5,0,112.844,0,0,13,28,0,23,0
03-07 00:23:35,35.393,48.853,13.958,0,0,1484784,11157044,173844,3452808,67097.499,33239.682,0,235.290,0,12.961,5592,6584,3.090,2.050,1.620,4,1,293.115,0,0,13,28,0,24,0
03-07 00:23:36,58.889,17.868,22.650,0,0,1570740,11071072,173860,3452808,49569.483,27445.318,0,153.011,0,6.040,3806,1670,3.090,2.050,1.620,4,0,9.060,0,0,13,28,0,24,0
03-07 00:23:37,57.335,11.467,30.163,0,0,1666928,10974812,173928,3452812,35092.258,21295.865,0,610.248,0,34.900,3873,2056,3.090,2.050,1.620,3,0,0,0,0,13,30,0,22,0
03-07 00:23:38,54.169,12.176,32.054,0,0,1667192,10974500,173940,3452844,29249.211,20194.558,0,83.490,0,5.964,5535,5104,3.090,2.050,1.620,2,0,2.982,0,0,13,31,0,22,0
03-07 00:23:39,57.899,6.321,34.132,0.253,0,1635100,11006408,174068,3452896,25392.514,16997.450,0,400.487,0,51.578,6633,6948,3.170,2.080,1.640,4,0,1.011,0,0,13,28,0,23,0
03-07 00:23:40,44.719,43.470,10.493,0,0,1519204,11122276,174084,3452908,45706.665,25402.585,0,591.594,0,12.991,5293,3249,3.170,2.080,1.640,5,0,256.824,0,0,13,28,0,23,0
03-07 00:23:41,80.896,18.534,0,0,0,1656004,10985440,174116,3452908,44130.872,22522.764,0,272.493,0,13.024,4909,1988,3.170,2.080,1.640,5,0,2.004,0,0,13,28,0,23,0
03-07 00:23:42,70.442,13.441,14.935,0,0,1740408,10900820,174188,3453052,41142.887,26511.938,0,931.920,0,48.786,4715,2973,3.170,2.080,1.640,4,0,0,0,0,13,31,0,23,0
03-07 00:23:43,64.144,10.732,23.212,0,0,1742600,10898580,174188,3453100,34856.192,26387.237,0,0,0,0,6415,7248,3.170,2.080,1.640,3,0,0,0,0,13,32,0,23,0
03-07 00:23:44,67.611,9.300,21.364,0,0,1709880,10931176,174260,3453140,40592.945,24976.484,0,245.311,0,28.150,6614,6491,3.150,2.100,1.650,5,0,19.102,0,0,13,28,0,26,0
03-07 00:23:45,33.545,43.484,20.127,0,0,1543056,11097972,174276,3453152,819.986,0,0,127.222,0,11.927,5220,3136,3.150,2.100,1.650,3,0,300.164,0,0,13,28,0,26,0
03-07 00:23:46,58.621,17.787,22.546,0,0,1594504,11046504,174292,3453152,44535.761,25159.839,0,256.529,0,8.017,3745,1674,3.150,2.100,1.650,3,0,5.010,0,0,13,28,0,24,0
03-07 00:23:47,59.134,11.976,26.947,0,0,1667864,10973048,174380,3453156,45852.888,26609.705,0,618.784,0,38.924,4000,2133,3.150,2.100,1.650,3,0,2.994,0,0,13,32,0,24,0
03-07 00:23:48,53.534,10.559,32.660,0,0,1682264,10958472,174396,3453312,41959.585,27578.185,0,82.511,0,7.858,5396,5256,3.150,2.100,1.650,6,0,0.982,0,0,13,33,0,24,0
03-07 00:23:49,56.809,10.492,31.219,0,0,1640204,11000404,174468,3453368,27151.553,18826.756,0,262.037,0,29.684,6205,6306,3.300,2.150,1.660,3,0,24.566,0,0,13,32,0,26,0
03-07 00:23:50,34.458,27.021,35.945,0,0,1488748,11151840,174484,3453372,77627.368,876053.096,0,186.418,0,11.899,5435,3143,3.300,2.150,1.660,3,0,161.629,0,0,13,32,0,25,0
03-07 00:23:51,45.669,31.035,23.717,0,0,1535016,11105532,174516,3453376,46708.258,52856.631,0,250.295,0,13.120,4624,2504,3.300,2.150,1.660,3,0,117.073,0,0,13,32,0,25,0
03-07 00:23:52,59.594,11.769,27.293,0,0,1622880,11017596,174580,3453384,48759.805,26573.858,0,833.313,0,42.066,3923,2038,3.300,2.150,1.660,4,0,0,0,0,13,33,0,25,0
03-07 00:23:53,51.813,9.420,35.946,0,0,1666888,10973564,174580,3453404,26276.132,18927.184,0,11.900,0,2.975,4959,4177,3.300,2.150,1.660,4,0,1.983,0,0,13,35,0,25,0
03-07 00:23:54,58.856,8.729,29.927,0,0,1666796,10973564,174620,3453452,41721.231,27236.563,0,135.669,0,14.964,6319,6003,3.200,2.150,1.670,4,0,0,0,0,13,33,0,26,0
03-07 00:23:55,37.165,24.194,36.666,0,0,1523060,11117264,174644,3453464,32219.968,17582.600,0,3128.811,0,388.108,5419,3229,3.200,2.150,1.670,3,0,133.693,0,0,13,32,0,27,0
03-07 00:23:56,38.478,36.718,23.892,0,0,1503820,11136480,174660,3453472,45600.588,24048.702,0,156.931,0,9.054,4711,2644,3.200,2.150,1.670,3,0,155.925,0,0,13,32,0,27,0
03-07 00:23:57,59.834,12.216,26.676,0,0,1613140,11027140,174676,3453476,46721.065,24668.395,0,135.623,0,5.983,3756,1762,3.200,2.150,1.670,3,0,0,0,0,13,33,0,27,0
03-07 00:23:58,52.215,10.743,35.477,0,0,1666204,10974008,174732,3453488,26271.616,18732.604,0,559.630,0,34.977,4686,3680,3.200,2.150,1.670,6,0,0.999,0,0,13,35,0,27,0
03-07 00:23:59,58.533,8.755,30.267,0,0,1667860,10972244,174796,3453524,38961.989,24006.549,0,208.117,0,25.014,6039,5996,3.180,2.160,1.670,4,0,2.001,0,0,13,34,0,27,0
03-07 00:24:00,52.365,22.800,23.552,0,0,1516296,11123684,174844,3453600,34086.953,20320.683,0,220.485,0,20.044,5163,3642,3.180,2.160,1.670,4,0,106.234,0,0,13,32,0,29,0
03-07 00:24:01,58.198,18.643,23.178,0,0,1599840,11040112,174864,3453604,44453.135,22517.305,0,145.117,0,7.054,3760,1732,3.180,2.160,1.670,3,0,6.047,0,0,13,32,0,29,0
03-07 00:24:02,59.243,11.499,27.747,0,0,1668616,10971316,174880,3453608,44021.878,25303.056,0,111.987,0,7.999,3823,1832,3.180,2.160,1.670,2,0,2.000,0,0,13,33,0,28,0
03-07 00:24:03,53.326,8.355,35.141,0,0,1676924,10962804,174920,3453768,28994.647,20673.812,0,381.392,0,23.591,5159,4782,3.180,2.160,1.670,3,0,0,0,0,13,34,0,29,0
03-07 00:24:04,42.256,13.916,42.509,0,0,1656596,10982904,174992,3453920,53689.283,30850.058,0,263.148,0,31.375,5803,5821,3.170,2.170,1.680,2,0,50.605,0,0,13,32,0,30,0
03-07 00:24:05,32.990,25.183,41.300,0,0,1522036,11117384,175008,3453968,56682.910,29993.963,0,120.878,0,12.088,4409,2438,3.170,2.170,1.680,5,0,133.974,0,0,13,32,0,30,0
03-07 00:24:06,50.917,38.687,8.486,0,0,1592656,11046720,175036,3453980,60742.263,32127.776,0,255.585,0,15.974,5075,2926,3.170,2.170,1.680,5,0,207.662,0,0,13,32,0,24,0
03-07 00:24:07,67.287,32.018,0,0,0,1699136,10940164,175084,3454008,62476.534,34829.252,0,524.290,0,31.017,5163,3560,3.170,2.170,1.680,7,0,216.119,0,0,13,33,0,24,0
03-07 00:24:08,72.908,25.542,0.248,0,0,1800372,10838904,175084,3454016,49915.360,29369.329,0,0,0,0,5429,4132,3.170,2.170,1.680,8,0,166.646,0,0,13,34,0,24,0
03-07 00:24:09,76.492,22.720,0.757,0,0,1872056,10767180,175084,3454048,95589.661,929269.203,0,8.078,0,2.020,6899,6395,3.470,2.250,1.710,6,0,163.588,0,0,13,34,0,25,0
03-07 00:24:10,68.915,27.616,1.493,0,0,1832116,10807000,175140,3454112,82406.278,57680.514,0,382.142,0,26.869,6562,5911,3.470,2.250,1.710,6,0,222.916,0,0,13,35,1,24,0
03-07 00:24:11,66.822,29.532,2.753,0,0,1743440,10895400,175228,3454308,64054.288,44773.432,0,380.411,0,34.037,6770,6542,3.470,2.250,1.710,6,0,241.261,0,0,13,33,1,24,0
03-07 00:24:12,68.107,30.548,0.501,0,0,1718620,10920100,175276,3454332,67713.691,40805.293,0,256.404,0,19.030,5939,4835,3.470,2.250,1.710,6,0,213.336,0,0,13,32,0,24,0
03-07 00:24:13,65.647,33.325,0,0,0,1690228,10948476,175292,3454332,61759.316,36438.608,0,140.314,0,7.016,5275,3456,3.470,2.250,1.710,7,0,206.462,0,0,13,33,0,24,0
03-07 00:24:14,78.772,19.194,1.246,0,0,1774872,10863804,175308,3454344,54196.155,31386.168,0,167.515,0,8.974,5783,3873,3.600,2.300,1.730,6,0,50.853,0,0,13,34,0,24,0
03-07 00:24:15,76.803,13.089,8.890,0,0,1836856,10801572,175372,3454520,63070.186,41382.648,0,592.691,0,35.561,6534,6741,3.600,2.300,1.730,4,0,0,0,0,13,36,0,25,0
03-07 00:24:16,71.285,21.992,6.067,0,0,1817232,10820784,175372,3454948,63995.961,41996.623,0,8.089,0,2.022,6735,7987,3.600,2.300,1.730,4,0,151.671,0,0,13,35,0,26,0
03-07 00:24:17,57.132,19.624,21.362,0,0,1706584,10931196,175372,3455184,69017.252,43739.144,0,7.949,0,1.987,6519,6610,3.600,2.300,1.730,3,0,118.238,0,0,13,32,0,29,0
03-07 00:24:18,17.026,37.308,43.067,0,0,1527212,11110584,175372,3455180,60968.341,33692.134,0,12.019,0,3.005,5249,3310,3.600,2.300,1.730,2,0,297.460,0,0,13,32,0,28,0
03-07 00:24:19,5.509,26.043,66.609,0,0,1523928,11113864,175372,3455184,61071.278,32835.916,0,0,0,0,4430,2698,3.390,2.280,1.720,2,0,169.278,0,0,13,32,0,28,0
03-07 00:24:20,14.560,43.177,41.169,0,0,1501920,11135844,175380,3455204,71509.616,38168.719,0,3703.205,0,370.521,5871,3133,3.390,2.280,1.720,4,0,247.014,0,0,13,32,0,28,0
03-07 00:24:21,37.997,46.246,13.999,0,0,1506100,11131632,175404,3455212,54033.441,476987.751,0,179.985,0,11.999,5633,3824,3.390,2.280,1.720,5,0,289.976,0,0,13,32,0,28,0
03-07 00:24:22,60.779,37.518,0.750,0,0,1602096,11035584,175444,3455220,73419.874,442469.169,0,560.266,0,32.015,5664,3735,3.390,2.280,1.720,7,0,313.149,0,0,13,33,0,28,0
03-07 00:24:23,73.173,16.982,8.741,0,0,1706072,10931548,175476,3455248,53434.677,32036.232,0,875.078,0,63.933,5446,3911,3.390,2.280,1.720,4,0,29.968,0,0,13,34,0,28,0
03-07 00:24:24,69.427,17.545,12.532,0,0,1707860,10929688,175516,3455280,41487.589,26617.744,0,140.357,0,15.038,5721,4836,3.440,2.310,1.740,6,0,67.171,0,0,13,35,0,29,0
03-07 00:24:25,72.382,16.417,9.203,0,0,1646996,10990424,175604,3455308,37566.108,22354.406,0,366.139,0,35.818,5867,5180,3.440,2.310,1.740,6,0,66.661,0,0,13,33,0,31,0
03-07 00:24:26,71.409,22.881,5.029,0,0,1674608,10962748,175652,3455324,19022.076,11239.449,0,313.799,0,22.127,5244,3985,3.440,2.310,1.740,4,0,69.398,0,0,13,32,0,31,0
03-07 00:24:27,68.595,23.773,5.696,0,0,1693952,10943388,175668,3455324,20094.084,12494.665,0,130.751,0,7.924,5041,3140,3.440,2.310,1.740,4,0,66.366,0,0,13,33,0,32,0
03-07 00:24:28,71.083,12.094,14.315,0,0,1760752,10876396,175684,3455500,31768.087,23019.967,0,169.809,0,9.873,5841,5712,3.440,2.310,1.740,4,0,0.987,0,0,13,35,0,31,0
03-07 00:24:29,65.319,10.340,23.707,0,0,1781344,10855732,175700,3455552,33817.694,25414.466,0,149.301,0,9.079,6806,7947,3.400,2.320,1.740,3,0,2.018,0,0,13,36,0,31,0
03-07 00:24:30,67.024,10.504,20.007,0,0,1731656,10905196,175748,3455724,13152.758,12030.352,0,216.078,0,19.007,6886,7408,3.400,2.320,1.740,4,0,9.003,0,0,13,35,0,31,0
03-07 00:24:31,63.073,15.017,19.773,0,0,1729300,10907404,175832,3455784,28567.083,20123.304,0,568.659,0,61.071,7359,7754,3.400,2.320,1.740,3,0,21.024,0,0,13,34,0,26,0
03-07 00:24:32,76.205,15.392,7.822,0,0,1759532,10876856,176104,3455820,21240.576,14327.598,0,2567.764,0,148.373,6055,6481,3.400,2.320,1.740,4,0,32.299,0,0,13,33,0,26,0
03-07 00:24:33,70.043,21.013,8.505,0,0,1643676,10992508,176152,3455972,22096.628,14319.832,0,232.143,0,20.012,5420,4091,3.400,2.320,1.740,4,0,60.037,0,0,13,33,0,26,0
03-07 00:24:34,74.031,15.351,7.923,0,0,1718832,10917300,176168,3456000,9697.797,8807.446,0,114.884,0,6.933,5213,5091,3.450,2.350,1.750,5,0,0,0,0,13,34,0,26,0
03-07 00:24:35,71.601,17.084,11.054,0,0,1767536,10868520,176184,3456044,44035.827,30880.350,0,112.552,0,8.039,6499,19788,3.450,2.350,1.750,3,0,38.187,0,0,13,36,0,25,0
03-07 00:24:36,63.472,18.992,15.493,0,0,1731804,10904052,176200,3456224,17795.053,16073.822,0,159.929,0,8.996,6639,7433,3.450,2.350,1.750,4,0,70.968,0,0,13,35,0,26,0
03-07 00:24:37,62.903,12.929,21.382,0,0,1772108,10863696,176200,3456276,15287.579,13602.882,0,0,0,0,7492,8081,3.450,2.350,1.750,4,0,0,0,0,13,35,0,26,0
03-07 00:24:38,72.062,14.563,11.801,0,0,1768860,10866756,176200,3456456,31455.217,22920.257,0,12.052,0,1.004,6665,7149,3.450,2.350,1.750,3,0,58.252,0,0,13,34,0,28,0
03-07 00:24:39,62.296,28.636,7.536,0,0,1683184,10952408,176200,3456480,8046.252,6767.171,0,0,0,0,5437,4384,3.570,2.390,1.770,8,0,148.707,0,0,13,33,0,28,0
03-07 00:24:40,75.284,18.759,5.503,0,0,1700760,10934808,176200,3456504,8088.688,6730.069,0,8.004,0,2.001,5283,4693,3.570,2.390,1.770,5,0,17.008,0,0,13,33,0,28,0
03-07 00:24:41,72.252,11.590,13.069,0,0,1766040,10869448,176244,3456540,27616.576,19448.390,0,213.057,0,14.796,6040,5499,3.570,2.390,1.770,5,0,1.973,0,0,13,34,0,28,0
03-07 00:24:42,67.579,19.164,13.112,0,0,1763668,10871608,176284,3456708,12796.700,12629.265,0,197.695,0,16.138,6091,5945,3.570,2.390,1.770,3,0,30.259,0,0,13,35,0,28,0
03-07 00:24:43,73.952,14.790,10.027,0,0,1704740,10930484,176300,3456744,12415.832,10791.405,0,120.328,0,8.022,6005,6364,3.570,2.390,1.770,4,0,34.093,0,0,13,33,0,29,0
03-07 00:24:44,72.011,19.069,7.778,0,0,1672240,10962900,176348,3456776,9641.922,8673.414,0,232.843,0,19.069,5305,4417,3.930,2.490,1.810,5,0,36.131,0,0,13,33,0,29,0
03-07 00:24:45,76.066,17.152,5.966,0,0,1745784,10889320,176364,3456792,21474.588,13812.266,0,111.365,0,6.960,5066,3796,3.930,2.490,1.810,5,0,29.830,0,0,13,34,0,29,0
03-07 00:24:46,69.544,12.287,14.253,0,0,1750104,10884824,176380,3456952,14540.937,13150.048,0,141.546,0,10.813,5452,5117,3.930,2.490,1.810,4,0,0,0,0,13,35,0,29,0
03-07 00:24:47,76.010,13.564,11.517,0.256,0,1737204,10897620,176452,3456984,22895.142,16959.706,0,237.499,0,29.687,5637,5352,3.930,2.490,1.810,4,0,54.256,0,0,13,33,0,29,0
03-07 00:24:48,62.370,29.688,6.237,0,0,1673724,10961016,176484,3457016,8183.965,7207.996,0,219.543,0,14.969,5886,5705,3.930,2.490,1.810,4,0,128.732,0,0,13,33,0,29,0
03-07 00:24:49,80.147,14.731,3.995,0,0,1741144,10893532,176516,3457044,23455.805,14556.262,0,199.743,0,13.982,5449,4447,4.020,2.530,1.820,3,0,0,0,0,13,33,0,29,0
03-07 00:24:50,68.156,18.225,13.232,0,0,1694428,10940220,176532,3457056,22559.938,17518.879,0,111.846,0,6.990,4976,3135,4.020,2.530,1.820,4,0,83.885,0,0,13,35,0,30,0
03-07 00:24:51,71.598,14.419,12.182,0,0,1733548,10900908,176548,3457228,14790.858,12239.201,0,139.217,0,7.955,5986,6340,4.020,2.530,1.820,5,0,0,0,0,13,34,0,29,0
03-07 00:24:52,75.039,19.202,6.064,0,0,1697672,10936732,176564,3457260,8036.468,6847.976,0,5829.269,0,393.132,6028,4564,4.020,2.530,1.820,4,0,77.818,0,0,13,32,0,31,0
03-07 00:24:53,72.142,21.542,5.761,0,0,1662512,10971868,176580,3457264,5369.587,4136.155,0,128.253,0,8.016,4769,2496,4.020,2.530,1.820,4,0,45.089,0,0,13,33,0,31,0
03-07 00:24:54,77.711,11.457,9.714,0,0,1737268,10897092,176580,3457284,11191.339,9807.490,0,916.588,0,3.985,4981,3504,4.010,2.550,1.840,3,0,0,0,0,13,34,0,32,0
03-07 00:24:55,67.873,17.835,11.642,0,0,1704308,10929868,176612,3457432,26160.386,17484.515,0,134.755,0,11.890,5344,4347,4.010,2.550,1.840,5,0,33.689,0,0,13,34,0,30,0
03-07 00:24:56,70.633,18.920,9.838,0,0,1670188,10963888,176668,3457472,9390.159,8373.043,0,221.990,0,23.208,5669,5575,4.010,2.550,1.840,4,0,62.561,0,0,13,33,0,31,0
03-07 00:24:57,70.088,19.594,10.048,0,0,1708912,10925108,176700,3457492,9670.574,8527.067,0,112.542,0,12.058,5099,4135,4.010,2.550,1.840,4,0,72.348,0,0,13,33,0,32,0
03-07 00:24:58,57.501,15.615,25.281,0,0,1690940,10943028,176732,3457512,4880.686,4004.284,0,146.728,0,13.880,4347,3157,4.010,2.550,1.840,3,0,66.424,0,0,13,33,0,33,0
03-07 00:24:59,48.821,20.674,29.393,0,0,1713292,10920672,176732,3457532,11241.894,9976.521,0,11.956,0,1.993,4892,3755,3.930,2.560,1.840,3,0,61.774,0,0,13,34,0,33,0
03-07 00:25:00,59.861,9.768,27.802,0,0,1756928,10876824,176748,3457720,6726.493,5710.606,0,92.171,0,6.011,4869,4311,3.930,2.560,1.840,4,0,0,0,0,13,33,0,34,0
03-07 00:25:01,50.134,21.414,27.964,0,0,1602072,11031660,176756,3457732,7860.172,6882.689,0,64.494,0,4.031,4886,3461,3.930,2.560,1.840,3,0,79.609,0,0,13,33,0,35,0
03-07 00:25:02,53.532,21.413,23.405,0,0,1643536,10990184,176756,3457744,72702.946,38824.901,0,3.984,0,0.996,5130,3585,3.930,2.560,1.840,3,0,65.732,0,0,13,33,0,35,0
03-07 00:25:03,59.722,9.496,28.737,0,0,1679632,10954072,176756,3457760,38519.111,22950.341,0,0,0,0,4973,3667,3.930,2.560,1.840,3,0,0,0,0,13,33,0,33,0
03-07 00:25:04,49.574,19.431,29.645,0,0,1704472,10929212,176756,3457780,24619.784,16437.769,0,15.944,0,2.989,5293,4374,3.780,2.550,1.840,5,0,42.848,0,0,13,34,0,33,0
03-07 00:25:05,59.617,10.521,28.806,0,0,1702716,10930652,176808,3458020,32028.591,18687.520,0,284.556,0,19.037,5352,5117,3.780,2.550,1.840,4,0,2.004,0,0,13,33,0,34,0
03-07 00:25:06,49.578,25.039,23.787,0,0,1627144,11006192,176832,3458028,18999.945,11073.452,0,324.511,0,54.085,4933,2774,3.780,2.550,1.840,2,0,120.189,0,0,13,33,0,35,0
03-07 00:25:07,40.351,12.952,45.581,0,0,1668464,10964868,176832,3458032,48444.810,26052.635,0,3.985,0,0.996,3838,2620,3.780,2.550,1.840,4,0,32.878,0,0,13,33,0,34,0
03-07 00:25:08,35.869,7.274,55.685,0,0,1665772,10967500,176860,3458060,42029.831,25786.791,0,144.481,0,9.030,4715,4537,3.780,2.550,1.840,4,0,3.010,0,0,13,33,0,35,0
03-07 00:25:09,35.423,15.716,47.147,0,0,1601212,11032040,176868,3458072,33143.758,17798.206,0,43.904,0,3.991,4578,3754,3.630,2.540,1.840,3,0,67.852,0,0,13,33,0,35,0
03-07 00:25:10,38.585,13.780,46.353,0,0,1564052,11069196,176868,3458076,15952.277,8732.311,0,384.851,0,7.016,3201,1869,3.630,2.540,1.840,2,0,34.075,0,0,13,32,0,36,0
03-07 00:25:11,41.599,13.031,45.107,0,0,1608136,11025116,176868,3458076,15589.133,8006.070,0,4.010,0,1.002,2906,1486,3.630,2.540,1.840,1,0,8.019,0,0,13,33,0,36,0
03-07 00:25:12,36.534,7.757,55.051,0,0,1604664,11028452,176996,3458080,21025.606,12933.060,0,1593.486,0,80.075,3026,2197,3.630,2.540,1.840,1,0,0,0,0,13,34,0,35,0
03-07 00:25:13,36.609,6.519,54.663,0,0,1602636,11030256,177028,3458268,23121.840,13834.188,0,124.370,0,12.036,4359,4308,3.630,2.540,1.840,2,0,0,0,0,13,33,0,36,0
03-07 00:25:14,27.427,26.180,44.631,0,0,1471500,11161344,177060,3458284,3771.902,2630.956,0,103.722,0,13.963,5189,3459,3.500,2.530,1.840,3,0,158.575,0,0,13,32,0,37,0
03-07 00:25:15,37.360,14.543,47.641,0,0,1521968,11110876,177060,3458284,15294.227,7642.600,0,8.024,0,1.003,2915,1614,3.500,2.530,1.840,2,0,7.021,0,0,13,32,0,37,0
03-07 00:25:16,42.243,8.499,47.992,0.250,0,1590096,11042704,177092,3458292,1202.790,241.958,0,231.959,0,13.998,2851,1528,3.500,2.530,1.840,2,0,0,0,0,13,32,1,36,0
03-07 00:25:17,42.271,32.440,22.610,0.246,0,1592948,11039588,177164,3458412,52528.545,900556.604,82.575,554.432,4.915,35.389,6150,5368,3.500,2.530,1.840,3,0,294.911,0,0,13,34,0,36,0
03-07 00:25:18,40.170,26.864,30.128,0.502,0,1595552,11036832,177208,3458468,10825.909,9771.437,108.460,232.988,6.026,17.072,6641,7088,3.500,2.530,1.840,4,0,215.916,0,0,13,33,0,37,0
03-07 00:25:19,40.012,24.662,34.224,0,0,1487176,11145124,177224,3458528,17963.794,9513.382,0,92.607,0,8.053,4941,3792,3.380,2.520,1.850,2,0,166.089,0,0,13,32,0,38,0
03-07 00:25:20,39.277,13.509,46.532,0,0,1531808,11100488,177224,3458532,11189.724,5487.788,0,0,0,0,2922,1576,3.380,2.520,1.850,2,0,23.016,0,0,13,32,0,34,0
03-07 00:25:21,39.424,7.985,51.650,0,0,1578664,11053628,177224,3458536,5787.833,4885.573,0,0,0,0,2907,1632,3.380,2.520,1.850,2,0,0,0,0,13,33,0,34,0
03-07 00:25:22,36.437,9.483,52.908,0,0,1587780,11044332,177252,3458684,25097.323,16443.383,0,4028.988,0,380.338,4782,3813,3.380,2.520,1.850,3,0,0,0,0,13,34,0,34,0
03-07 00:25:23,35.516,7.253,54.274,0,0,1509496,11122536,177308,3458712,10214.528,8915.953,0,232.103,0,24.011,5162,5544,3.380,2.520,1.850,3,0,7.003,0,0,13,32,0,36,0
03-07 00:25:24,31.912,20.942,45.374,0,0,1460240,11171744,177332,3458736,989.258,0,0,139.613,0,9.972,4056,2417,3.270,2.510,1.850,3,0,87.757,0,0,13,32,0,35,0
03-07 00:25:25,27.130,28.637,43.458,0,0,1496136,11135812,177348,3458756,31115.728,27421.069,0,60.288,0,7.034,4880,2776,3.270,2.510,1.850,3,0,163.783,0,0,13,32,0,35,0
03-07 00:25:26,19.021,9.260,70.826,0,0,1504136,11127748,177404,3458764,65646.847,36410.294,0,732.791,0,36.039,2811,2237,3.270,2.510,1.850,1,0,28.030,0,0,13,33,0,35,0
03-07 00:25:27,20.247,3.749,74.989,0,0,1504288,11127524,177444,3458792,35647.764,19865.082,0,271.960,0,22.997,3596,3851,3.270,2.510,1.850,1,0,0,0,0,13,32,0,36,0
03-07 00:25:28,18.257,8.503,71.277,0,0,1473288,11158524,177444,3458792,29719.432,14597.615,0,8.003,0,2.001,1966,1442,3.270,2.510,1.850,1,0,6.002,0,0,13,32,0,33,0
03-07 00:25:29,21.484,6.495,71.696,0,0,1510064,11121732,177460,3458792,15051.579,7290.468,0,51.961,0,5.995,1869,1308,3.090,2.490,1.840,2,0,1.998,0,0,13,32,0,33,0
03-07 00:25:30,18.505,5.001,75.520,0,0,1508408,11123348,177492,3458796,20368.466,12353.315,0,280.075,0,15.004,2037,1696,3.090,2.490,1.840,2,0,0,0,0,13,33,0,33,0
03-07 00:25:31,21.248,4.500,72.744,0,0,1508404,11123348,177492,3458800,18720.491,10552.149,0,0,0,0,2894,2855,3.090,2.490,1.840,1,0,0,0,0,13,33,0,33,0
03-07 00:25:32,17.508,8.004,73.534,0,0,1420900,11210792,177524,3458828,28397.278,15447.223,0,140.065,0,19.009,2839,2447,3.090,2.490,1.840,1,0,39.018,0,0,13,32,0,34,0
03-07 00:25:33,5.240,26.697,66.119,0,0,1426340,11205352,177524,3458828,597.816,0,0,295.415,0,59.881,4420,2573,3.090,2.490,1.840,1,0,174.654,0,0,13,32,0,34,0
03-07 00:25:34,13.022,16.528,69.117,0,0,1450864,11180828,177524,3458828,15149.545,7698.982,0,16.027,0,4.007,2936,1934,2.920,2.460,1.840,1,0,72.122,0,0,13,32,0,34,0
03-07 00:25:35,26.716,9.987,62.420,0.250,0,1505008,11126644,177564,3460728,11532.225,5800.568,0,359.539,0,17.977,2567,4194,2.920,2.460,1.840,2,0,35.954,0,0,13,32,0,34,0
03-07 00:25:36,24.774,9.759,63.310,0,0,1527192,11104436,177588,3458672,17658.865,9830.388,0,100.096,0,9.009,2944,9678,2.920,2.460,1.840,2,0,2.002,0,0,13,33,0,33,0
03-07 00:25:37,20.416,4.731,72.951,0,0,1524904,11106708,177588,3458844,6240.465,5291.349,0,11.951,0,0.996,2629,2543,2.920,2.460,1.840,2,0,0,0,0,13,33,0,33,0
03-07 00:25:38,22.070,4.765,72.731,0,0,1435508,11195968,177588,3458980,18860.927,10740.125,0,0,0,0,2861,2520,2.920,2.460,1.840,2,0,11.035,0,0,13,32,0,34,0
03-07 00:25:39,16.523,11.516,71.350,0,0,1455640,11175832,177588,3458984,2128.981,0,0,4.006,0,1.001,2251,1579,2.770,2.440,1.830,1,0,38.053,0,0,13,32,0,34,0
03-07 00:25:40,21.497,4.999,71.741,0,0,1491928,11139544,177588,3458984,1499.804,0,0,3.999,0,1.000,1664,1091,2.770,2.440,1.830,1,0,0,0,0,13,32,0,31,0
03-07 00:25:41,19.000,5.000,75.501,0,0,1508020,11123428,177600,3458992,21382.276,12740.165,0,96.001,0,4.000,2035,1645,2.770,2.440,1.830,1,0,2.000,0,0,13,33,0,31,0
03-07 00:25:42,20.936,4.486,72.528,0,0,1507988,11123428,177624,3459000,7666.544,5812.217,0,315.036,0,57.823,4028,4498,2.770,2.440,1.830,2,0,0,0,0,13,33,0,31,0
03-07 00:25:43,22.319,4.514,72.475,0,0,1507932,11123428,177656,3459024,5502.089,3284.201,0,1737.396,0,290.904,3757,3314,2.770,2.440,1.830,1,0,0,0,0,13,32,0,31,0
03-07 00:25:44,5.993,25.722,65.428,0.250,0,1458356,11172948,177664,3459072,31779.080,29225.885,0,71.921,0,3.996,4467,2778,2.710,2.430,1.830,1,0,174.808,0,0,13,32,0,29,0
03-07 00:25:45,5.757,27.034,64.832,0,0,1435120,11196024,177824,3459080,61154.816,46701.425,0,1618.059,0,88.112,4810,2983,2.710,2.430,1.830,1,0,172.219,0,0,13,32,0,29,0
03-07 00:25:46,7.249,31.245,59.240,0,0,1420204,11210920,177832,3459092,60618.122,31394.884,0,19.997,0,4.999,4792,2886,2.710,2.430,1.830,3,0,196.968,0,0,13,34,0,29,0
03-07 00:25:47,31.481,21.659,45.836,0,0,1474908,11156120,177892,3459128,67425.566,33791.863,0,237.744,0,17.126,4185,2661,2.710,2.430,1.830,2,0,86.635,0,0,13,32,0,31,0
03-07 00:25:48,41.970,9.189,47.434,0.497,0,1536256,11094380,177952,3459448,33313.968,18745.067,170.861,520.531,5.960,16.887,3069,1867,2.710,2.430,1.830,3,0,0.993,0,0,13,32,0,28,0
03-07 00:25:49,39.462,8.242,46.955,4.246,0,1603312,11023912,178068,3462496,29678.588,14739.889,2074.014,0,32.968,0,2853,1499,2.650,2.420,1.830,3,0,1.998,0,0,13,32,0,28,0
03-07 00:25:50,41.238,13.746,40.988,1.500,0,1629520,10991444,181184,3465176,25644.602,13586.081,131.962,11808.593,4.999,1135.672,8594,11147,2.650,2.420,1.830,4,0,55.984,0,0,13,36,0,28,0
03-07 00:25:51,42.191,16.073,37.419,1.758,0,1594876,11017188,186520,3468416,15909.047,7491.929,0,26885.758,0,2358.682,13153,17933,2.650,2.420,1.830,6,0,67.305,0,0,13,36,0,28,0
03-07 00:25:52,38.914,17.486,34.727,2.709,0,1633456,10970820,192724,3469788,14722.126,7731.480,0,32131.748,0,2715.082,13628,19566,2.650,2.420,1.830,3,0,38.421,0,0,13,36,0,24,0
03-07 00:25:53,41.708,14.408,38.927,2.781,0,1680884,10919900,196332,3469560,1451.928,0,0,20367.438,0,1668.302,10057,13538,2.650,2.420,1.830,2,0,13.144,0,0,13,36,0,24,0
03-07 00:25:54,42.102,11.528,43.355,1.002,0,1642220,10957560,197300,3469580,15150.573,7800.831,0,11800.486,0,580.401,4516,3824,2.600,2.420,1.830,2,0,5.012,0,0,13,32,0,24,0
03-07 00:25:55,42.428,9.983,45.922,0,0,1657648,10942132,197316,3469564,27304.508,474428.174,0,147.748,0,5.990,3242,1948,2.600,2.420,1.830,2,0,0.998,0,0,13,32,0,24,0
03-07 00:25:56,42.958,10.240,43.957,0.999,0,1649216,10949336,198428,3469632,419.587,0,0,8359.771,0,576.433,5317,5286,2.600,2.420,1.830,4,0,2.997,0,0,13,34,0,24,0
03-07 00:25:57,38.060,15.672,39.304,2.488,0,1682816,10911592,202220,3469880,25222.229,409798.538,0,11112.587,0,1518.428,11550,16606,2.600,2.420,1.830,3,1,3.980,0,0,13,34,0,21,0
03-07 00:25:58,41.188,10.734,41.687,2.247,0,1688260,10903276,204804,3470080,566.143,0,0,7029.355,0,1025.447,8971,11990,2.600,2.420,1.830,3,0,0.998,0,0,13,34,0,21,0
03-07 00:25:59,30.970,21.150,47.084,0.252,0,1588348,11003036,204940,3470092,15519.073,7873.847,0,1591.287,0,85.607,4201,2353,2.710,2.440,1.850,2,0,102.729,0,0,13,32,0,21,0
03-07 00:26:00,19.409,7.714,71.167,0.747,0,1579524,11011704,205052,3470132,298.604,0,39.814,1357.655,2.986,60.716,1970,1506,2.710,2.440,1.850,2,0,1.991,0,0,13,32,0,21,0
03-07 00:26:01,22.102,6.781,69.823,0,0,1607920,10982824,205524,3470132,420.947,0,0,5730.504,0,245.134,2460,2284,2.710,2.440,1.850,2,0,0,0,0,13,32,0,18,0
03-07 00:26:02,24.461,3.494,71.385,0,0,1601772,10988924,205548,3470156,51137.777,26900.747,0,99.839,0,9.984,1950,1233,2.710,2.440,1.850,1,0,1.997,0,0,13,32,0,18,0
03-07 00:26:03,20.138,6.713,71.105,0,0,1561592,11029104,205548,3470156,33688.079,16444.755,0,0,0,0,1948,1484,2.710,2.440,1.850,1,0,0.994,0,0,13,32,0,18,0
03-07 00:26:04,22.667,5.037,72.536,0,0,1552448,11038248,205548,3470156,29747.790,14966.580,0,4.030,0,1.007,1892,1284,2.570,2.420,1.840,1,0,0,0,0,13,32,0,18,0
03-07 00:26:05,22.004,6.251,71.013,0,0,1580620,11010044,205548,3470188,25769.686,13430.442,0,4.001,0,1.000,1979,1305,2.570,2.420,1.840,1,0,4.001,0,0,13,32,0,16,0
03-07 00:26:06,22.728,4.745,72.180,0,0,1548720,11041932,205548,3470200,15506.925,7612.599,0,0,0,0,1832,1160,2.570,2.420,1.840,1,0,0.999,0,0,13,32,0,16,0
03-07 00:26:07,19.516,7.506,71.808,0,0,1576944,11013704,205548,3470204,15075.251,7530.120,0,0,0,0,1847,1374,2.570,2.420,1.840,2,0,0,0,0,13,32,0,16,0
03-07 00:26:08,22.368,5.219,71.081,0,0,1606084,10984524,205584,3470204,697.882,0,0,194.850,0,11.930,2069,1722,2.570,2.420,1.840,2,0,2.982,0,0,13,32,0,16,0
03-07 00:26:09,20.372,6.791,72.181,0.252,0,1632008,10958568,205616,3470204,15093.156,7665.790,0,305.827,0,18.108,1836,1278,2.450,2.390,1.840,2,0,2.012,0,0,13,32,0,13,0
03-07 00:26:10,22.741,2.249,71.970,2.249,0,1630204,10960088,205632,3470424,14757.950,7616.877,151.938,43.982,5.998,2.999,1589,1029,2.450,2.390,1.840,1,0,0,0,0,13,32,0,13,0
03-07 00:26:11,20.513,10.507,68.293,0,0,1582484,11007800,205632,3470424,1047.660,0,0,0,0,0,2121,1445,2.450,2.390,1.840,1,0,9.006,0,0,13,32,0,13,0
03-07 00:26:12,20.496,7.748,71.735,0,0,1579028,11011256,205632,3470424,29995.838,16008.711,0,0,0,0,1878,1222,2.450,2.390,1.840,1,0,2.000,0,0,13,32,0,13,0
03-07 00:26:13,22.121,5.468,71.087,0,0,1613660,10976628,205632,3470424,52138.026,25444.144,0,214.752,0,47.723,1964,1229,2.450,2.390,1.840,6,0,0,0,0,13,32,0,12,0
03-07 00:26:14,23.886,3.772,71.659,0,0,1619916,10970280,205632,3470512,37686.974,20142.899,0,309.767,0,60.344,1995,1214,2.330,2.370,1.830,1,0,2.011,0,0,13,32,0,12,0
03-07 00:26:15,19.997,7.249,71.990,0,0,1573700,11016464,205648,3470524,15382.763,7294.939,0,203.970,0,2.000,1873,1356,2.330,2.370,1.830,2,0,1.000,0,0,13,32,0,12,0
03-07 00:26:16,22.488,4.748,71.963,0,0,1568584,11021568,205648,3470536,14936.261,7358.187,0,3.998,0,0.999,1824,1314,2.330,2.370,1.830,2,0,0,0,0,13,32,0,12,0
03-07 00:26:17,20.257,7.253,71.275,0,0,1540144,11050008,205648,3470536,26163.188,13012.570,0,4.001,0,1.000,2029,1474,2.330,2.370,1.830,2,0,3.001,0,0,13,32,0,10,0
03-07 00:26:18,23.174,5.038,71.788,0,0,1549876,11040248,205672,3470544,14936.022,7580.857,0,2212.595,0,186.398,2149,1597,2.330,2.370,1.830,1,0,1.008,0,0,13,32,0,10,0
03-07 00:26:19,20.605,5.958,71.995,0,0,1577572,11012528,205704,3470544,15158.648,7471.580,0,301.882,0,17.875,1806,1180,2.220,2.350,1.830,1,0,1.986,0,0,13,32,0,10,0
03-07 00:26:20,22.250,5.000,72.000,0,0,1535576,11054504,205704,3470564,11062.037,5484.018,0,0,0,0,1800,1182,2.220,2.350,1.830,1,0,3.000,0,0,13,32,0,10,0
03-07 00:26:21,21.500,6.000,71.749,0,0,1533992,11056072,205712,3470572,15793.812,7457.911,0,0,0,0,1857,1334,2.220,2.350,1.830,2,0,0,0,0,13,32,0,8,0
03-07 00:26:22,22.244,5.249,72.480,0,0,1549580,11040448,205716,3470604,299.918,0,0,7.998,0,1.999,1744,1160,2.220,2.350,1.830,1,0,0,0,0,13,32,0,8,0
03-07 00:26:23,20.401,7.304,71.026,0,0,1545468,11044556,205716,3470608,15713.365,7580.134,0,2002.832,0,7.052,1975,1391,2.220,2.350,1.830,1,0,3.022,0,0,13,32,0,8,0
03-07 00:26:24,21.246,5.499,72.488,0,0,1540140,11049884,205716,3470608,469.921,0,0,0,0,0,1865,1374,2.130,2.330,1.820,1,0,0,0,0,13,32,0,8,0
03-07 00:26:25,20.847,6.204,71.972,0,0,1552476,11037536,205724,3470612,15114.107,7308.378,0,182.660,0,1.985,1838,1194,2.130,2.330,1.820,2,0,1.985,0,0,13,32,0,6,0
03-07 00:26:26,22.500,5.000,71.751,0,0,1566380,11023620,205724,3470624,824.007,0,0,0,0,0,1772,1136,2.130,2.330,1.820,2,0,2.000,0,0,13,32,0,6,0
03-07 00:26:27,10.254,17.256,70.525,0,0,1506716,11083172,205732,3470724,7545.624,2286.795,0,0,0,0,3364,2148,2.130,2.330,1.820,2,0,111.039,0,0,13,32,0,6,0
03-07 00:26:28,5.996,26.732,65.455,0,0,1480232,11109564,205756,3470756,54332.876,32757.618,0,459.686,0,13.990,4743,3261,2.130,2.330,1.820,1,0,174.881,0,0,13,32,0,6,0
03-07 00:26:29,6.249,25.745,66.486,0,0,1480348,11109408,205788,3470760,61476.968,32333.146,0,639.864,0,21.995,4519,2933,1.950,2.290,1.810,1,0,169.964,0,0,13,32,0,5,0
03-07 00:26:30,5.792,25.940,66.991,0,0,1481148,11108600,205788,3470760,60767.376,32629.145,0,443.249,0,5.037,4523,2882,1.950,2.290,1.810,1,0,176.292,0,0,13,32,0,5,0
03-07 00:26:31,5.960,22.600,68.794,0,0,1482356,11107364,205792,3470780,51912.765,26891.680,0,99.341,0,3.974,3916,2614,1.950,2.290,1.810,2,0,121.196,0,0,13,32,0,5,0
03-07 00:26:32,6.003,25.764,66.537,0,0,1484432,11105280,205792,3470784,64323.384,35799.693,0,88.048,0,1.001,4363,2849,1.950,2.290,1.810,1,0,164.090,0,0,13,32,0,5,0
03-07 00:26:33,5.742,26.462,65.905,0,0,1482304,11107408,205792,3470784,60881.394,32519.206,0,123.822,0,2.996,4362,2801,1.950,2.290,1.810,1,0,164.763,0,0,13,32,0,4,0
03-07 00:26:34,5.753,22.261,68.784,1.000,0,1482392,11107296,205804,3470796,60477.498,33638.407,8.004,132.064,2.001,4.002,4069,2694,1.880,2.270,1.810,3,0,136.066,0,0,13,32,0,4,0
03-07 00:26:35,5.756,25.024,67.315,0,0,1480580,11109108,205804,3470796,71326.301,38245.159,0,0,0,0,4334,2777,1.880,2.270,1.810,1,0,158.154,0,0,13,32,0,4,0
03-07 00:26:36,31.494,16.247,51.240,0,0,1521424,11068284,205804,3470780,44592.171,22663.513,0,0,0,0,3501,12350,1.880,2.270,1.810,1,0,35.993,0,0,13,32,0,5,0
03-07 00:26:37,22.246,5.249,71.736,0,0,1559872,11029836,205804,3470780,29923.283,14655.200,0,0,0,0,1927,1384,1.880,2.270,1.810,2,0,2.000,0,0,13,32,0,5,0
03-07 00:26:38,20.393,8.308,71.248,0,0,1599932,10989744,205828,3470788,15318.151,7413.860,0,136.958,0,11.077,2125,1631,1.880,2.270,1.810,1,0,3.021,0,0,13,32,0,4,0
03-07 00:26:39,22.123,4.971,71.589,0,0,1590472,10999156,205880,3470784,15036.744,7481.086,0,449.422,0,26.846,1868,1270,1.810,2.240,1.800,1,0,0.994,0,0,13,32,0,4,0
03-07 00:26:40,20.536,6.512,72.128,0,0,1622476,10967152,205880,3470784,15132.823,7308.955,0,4.007,0,1.002,1877,1399,1.810,2.240,1.800,1,0,0,0,0,13,32,0,4,0
03-07 00:26:41,21.686,5.733,72.037,0,0,1634208,10955416,205880,3470788,15138.158,7340.257,0,3.988,0,0.997,1919,1297,1.810,2.240,1.800,2,0,3.988,0,0,13,32,0,4,0
03-07 00:26:42,22.247,5.249,71.741,0,0,1646536,10943068,205880,3470808,15072.164,7685.064,0,19.998,0,1.000,1762,1181,1.810,2.240,1.800,3,0,0,0,0,13,32,0,3,0
03-07 00:26:43,19.504,7.752,72.516,0,0,1620420,10969184,205880,3470808,2398.528,0,0,0,0,0,1806,1296,1.810,2.240,1.800,2,0,1.000,0,0,13,32,0,3,0
03-07 00:26:44,21.750,6.250,71.249,0,0,1611800,10977816,205880,3470796,15127.691,7457.848,0,667.986,0,125.997,2071,1334,1.740,2.220,1.800,3,0,2.000,0,0,13,32,0,3,0
03-07 00:26:45,20.994,6.498,71.730,0.250,0,1630364,10959232,205896,3470796,991.724,0,0,83.977,0,4.999,1750,1239,1.740,2.220,1.800,4,0,1.999,0,0,13,32,0,3,0
03-07 00:26:46,22.752,4.750,71.507,0,0,1636088,10953352,206040,3470808,15471.419,7296.669,0,1616.148,0,83.008,1916,1471,1.740,2.220,1.800,2,0,0,0,0,13,32,0,3,0
03-07 00:26:47,20.994,6.748,71.980,0,0,1587980,11001484,206040,3470784,11827.737,5644.443,0,3.999,0,1.000,1877,1334,1.740,2.220,1.800,2,0,2.999,0,0,13,32,0,3,0
03-07 00:26:48,20.843,7.534,71.569,0,0,1602272,10987156,206064,3470796,45434.366,23914.516,0,100.447,0,9.040,2153,1766,1.740,2.220,1.800,3,0,3.013,0,0,13,32,0,3,0
03-07 00:26:49,21.911,4.980,71.460,0,0,1635200,10954204,206088,3470796,44235.578,22289.592,0,689.205,0,59.758,2000,1304,1.680,2.200,1.790,3,0,0,0,0,13,32,0,3,0
03-07 00:26:50,22.992,4.748,71.227,0,0,1636016,10953356,206096,3470820,40666.608,20069.391,0,83.972,0,3.999,1929,1277,1.680,2.200,1.790,2,0,1.999,0,0,13,32,0,1,0
03-07 00:26:51,19.899,7.557,72.291,0,0,1572228,11017144,206096,3470820,15755.878,7350.997,0,0,0,0,1855,1300,1.680,2.200,1.790,2,0,1.008,0,0,13,32,0,1,0
03-07 00:26:52,21.596,5.213,71.986,0,0,1568248,11021136,206096,3470808,15241.213,7309.825,0,7.943,0,1.986,1811,1226,1.680,2.200,1.790,1,0,0,0,0,13,32,0,1,0
03-07 00:26:53,21.253,7.001,71.759,0,0,1595172,10994212,206096,3470808,15128.818,7362.885,0,4.000,0,1.000,1919,1282,1.680,2.200,1.790,2,0,4.000,0,0,13,32,0,1,0
03-07 00:26:54,22.231,4.746,71.689,0,0,1538964,11050408,206096,3470820,15968.320,7517.560,0,71.938,0,1.998,1864,1254,1.630,2.180,1.790,1,0,0.999,0,0,13,32,0,1,0
03-07 00:26:55,19.369,7.698,71.516,0,0,1569256,11020136,206104,3470792,15263.789,7246.997,0,51.651,0,1.987,1864,1425,1.630,2.180,1.790,1,0,0,0,0,13,32,0,1,0
03-07 00:26:56,21.415,6.047,72.560,0,0,1590248,10999144,206104,3470792,7473.678,3863.819,0,0,0,0,1927,1358,1.630,2.180,1.790,2,0,4.031,0,0,13,32,0,1,0
03-07 00:26:57,21.996,5.499,71.988,0,0,1612956,10976408,206104,3470820,8323.604,3785.365,0,27.995,0,1.000,1728,1130,1.630,2.180,1.790,1,0,0,0,0,13,32,0,1,0
03-07 00:26:58,22.003,5.501,70.761,0,0,1590268,10999156,206128,3470736,15484.404,7459.158,0,96.015,0,10.002,2065,1626,1.630,2.180,1.790,1,0,2.000,0,0,13,32,0,1,0
03-07 00:26:59,21.499,6.000,72.247,0.250,0,1592736,10996636,206176,3470740,722.969,0,0,487.979,0,27.999,1853,1300,1.580,2.160,1.790,1,0,2.000,0,0,13,32,0,1,0
03-07 00:27:00,19.626,7.701,72.045,0,0,1585688,11003680,206176,3470744,1164.651,0,0,0,0,0,1855,1340,1.580,2.160,1.790,2,0,1.987,0,0,13,32,0,1,0
03-07 00:27:01,22.132,5.533,71.930,0,0,1591012,10998356,206176,3470744,45470.842,24180.561,0,0,0,0,1854,1293,1.580,2.160,1.790,3,0,0,0,0,13,32,0,1,0
03-07 00:27:02,23.510,4.252,71.532,0,0,1584552,11004728,206176,3470832,41092.144,20865.213,0,88.039,0,1.000,1802,1147,1.580,2.160,1.790,3,0,2.001,0,0,13,32,0,1,0
03-07 00:27:03,19.750,7.250,71.750,0,0,1530104,11059188,206176,3470820,29770.894,14951.947,0,0,0,0,1881,1342,1.580,2.160,1.790,1,0,1.000,0,0,13,32,0,1,0
03-07 00:27:04,22.245,5.999,72.233,0,0,1509668,11079600,206184,3470832,15064.485,7456.260,0,111.974,0,7.998,1856,1320,1.530,2.140,1.780,1,0,1.000,0,0,13,32,0,1,0
03-07 00:27:05,20.500,7.500,71.002,0,0,1518224,11071032,206184,3470844,25889.596,13104.302,0,4.000,0,1.000,1956,1483,1.530,2.140,1.780,3,0,2.000,0,0,13,32,0,1,0
03-07 00:27:06,20.998,6.749,72.243,0,0,1559048,11030208,206184,3470844,15250.449,7457.241,0,0,0,0,1814,1330,1.530,2.140,1.780,1,0,2.000,0,0,13,32,0,1,0
03-07 00:27:07,21.249,6.000,71.998,0,0,1577444,11011812,206184,3470844,15192.610,7619.804,0,19.999,0,1.000,1740,1181,1.530,2.140,1.780,1,0,0,0,0,13,32,0,1,0
03-07 00:27:08,22.006,5.251,71.519,0,0,1558628,11030628,206184,3470840,811.220,0,0,0,0,0,1847,1244,1.530,2.140,1.780,1,0,4.001,0,0,13,32,0,1,0
03-07 00:27:09,20.250,7.000,71.999,0,0,1607760,10981488,206192,3470840,15876.790,7619.899,0,99.999,0,3.000,1828,1398,1.490,2.120,1.780,1,0,0,0,0,13,32,0,1,0
03-07 00:27:10,22.743,4.249,72.228,0,0,1603956,10985268,206192,3470864,483.851,0,0,63.980,0,2.999,1705,1045,1.490,2.120,1.780,1,0,1.000,0,0,13,32,0,1,0
03-07 00:27:11,20.747,8.499,69.741,0,0,1597816,10991416,206192,3470852,15309.010,7295.052,0,3.999,0,1.000,2096,1414,1.490,2.120,1.780,2,0,7.999,0,0,13,32,0,1,0
03-07 00:27:12,22.756,4.751,72.018,0,0,1618808,10970424,206192,3470852,826.201,0,0,0,0,0,1762,1160,1.490,2.120,1.780,1,0,0,0,0,13,32,0,1,0
03-07 00:27:13,20.242,7.247,72.222,0,0,1639056,10950176,206192,3470852,15181.103,7293.167,0,0,0,0,1861,1278,1.490,2.120,1.780,1,0,1.999,0,0,13,32,0,1,0
03-07 00:27:14,16.997,10.748,70.739,0,0,1584016,11005164,206204,3470892,423.934,0,0,119.981,0,3.999,2584,1611,1.450,2.100,1.770,1,0,58.991,0,0,13,32,0,1,0
03-07 00:27:15,5.748,26.739,65.722,0,0,1583824,11005328,206204,3470920,602.745,0,0,391.834,0,64.972,4413,2581,1.450,2.100,1.770,1,0,169.928,0,0,13,32,0,1,0
03-07 00:27:16,5.251,26.755,66.013,0,0,1563472,11025680,206204,3470920,61235.718,33272.367,0,108.021,0,7.001,4435,2754,1.450,2.100,1.770,2,0,168.032,0,0,13,32,0,1,0
03-07 00:27:17,12.762,16.265,69.563,0,0,1562856,11026296,206204,3470920,71265.869,37279.934,0,24.022,0,1.001,3146,2146,1.450,2.100,1.770,1,0,67.061,0,0,13,32,0,1,0
03-07 00:27:18,20.738,7.246,71.458,0,0,1608448,10980692,206204,3470932,29514.665,14583.434,0,0,0,0,1881,1371,1.450,2.100,1.770,1,0,0.999,0,0,13,32,0,1,0
03-07 00:27:19,23.003,4.001,72.010,0,0,1621384,10967748,206204,3470940,30117.265,14792.095,0,0,0,0,1792,1125,1.410,2.090,1.770,1,0,0,0,0,13,32,0,1,0
03-07 00:27:20,22.720,5.493,71.404,0,0,1585544,11003336,206216,3471172,42239.350,21093.710,0,279.625,0,40.945,2072,1314,1.410,2.090,1.770,4,0,10.985,0,0,13,32,0,1,0
03-07 00:27:21,20.285,7.764,71.875,0,0,1603604,10985268,206216,3471180,45010.442,23675.260,0,0,0,0,1977,1529,1.410,2.090,1.770,1,0,0,0,0,13,32,0,1,0
03-07 00:27:22,21.999,5.250,71.996,0,0,1630924,10957948,206216,3471180,29530.281,14591.151,0,4.000,0,1.000,1815,1185,1.410,2.090,1.770,1,0,1.000,0,0,13,32,0,1,0
03-07 00:27:23,18.738,11.493,68.206,0,0,1618052,10970816,206216,3471184,15625.876,7615.066,0,3.997,0,0.999,2561,1551,1.410,2.090,1.770,1,0,60.961,0,0,13,32,0,1,0
03-07 00:27:24,6.256,29.029,62.813,0,0,1568208,11020540,206216,3471304,46969.785,56916.693,40.040,28.028,2.002,1.001,4433,2777,1.380,2.070,1.760,2,0,178.177,0,0,13,32,0,1,0
03-07 00:27:25,5.499,25.497,67.492,0,0,1554500,11034236,206224,3471308,60995.605,33717.912,0,603.927,0,31.996,4322,2788,1.380,2.070,1.760,1,0,157.981,0,0,13,32,0,1,0
03-07 00:27:26,6.246,25.234,66.958,0,0,1552892,11035840,206224,3471312,61166.274,33119.032,0,83.947,0,2.998,4282,2811,1.380,2.070,1.760,4,0,161.897,0,0,13,32,0,1,0
03-07 00:27:27,6.251,26.004,65.760,0,0,1540032,11048696,206224,3471316,46006.205,24209.792,0,28.004,0,1.000,4346,2781,1.380,2.070,1.760,2,0,168.026,0,0,13,32,0,1,0
03-07 00:27:28,5.492,26.462,66.405,0,0,1531964,11056756,206224,3471320,61057.951,32629.481,0,119.829,0,2.996,4295,2831,1.380,2.070,1.760,1,0,165.764,0,0,13,32,0,1,0
03-07 00:27:29,6.262,25.046,66.873,0,0,1506164,11082552,206224,3471324,61293.786,32289.415,0,92.170,0,2.004,4396,2808,1.350,2.050,1.760,1,0,160.295,0,0,13,32,0,1,0
03-07 00:27:30,5.751,27.003,65.256,0,0,1501204,11087500,206236,3471324,64852.440,33669.344,0,100.010,0,3.000,4485,2836,1.350,2.050,1.760,2,0,169.017,0,0,13,32,0,1,0
03-07 00:27:31,5.747,24.988,66.968,0,0,1505616,11083084,206236,3471328,45921.096,23984.560,0,87.958,0,1.000,4319,2747,1.350,2.050,1.760,1,0,155.926,0,0,13,32,0,1,0
03-07 00:27:32,5.238,26.438,66.344,0,0,1501504,11087184,206236,3471340,71226.849,37509.974,0,263.382,0,2.993,4494,2847,1.350,2.050,1.760,2,0,161.621,0,0,13,32,0,1,0
03-07 00:27:33,6.268,25.825,65.941,0,0,1502912,11085776,206236,3471340,60927.228,31852.130,0,441.276,0,5.015,4545,2800,1.350,2.050,1.760,2,0,166.482,0,0,13,32,0,1,0
03-07 00:27:34,6.493,25.973,65.933,0,0,1503592,11085096,206236,3471340,61300.372,31667.647,0,443.547,0,5.994,4511,2790,1.320,2.030,1.750,1,0,171.824,0,0,13,32,0,1,0
03-07 00:27:35,6.240,25.708,66.142,0,0,1508704,11079968,206244,3471340,46189.295,24070.548,0,363.404,0,6.989,4302,2783,1.320,2.030,1.750,1,0,164.730,0,0,13,32,0,1,0
03-07 00:27:36,9.937,29.811,57.883,0,0,1518180,11070492,206244,3472780,71911.233,37061.110,0,437.229,0,4.969,4919,6192,1.320,2.030,1.750,4,0,197.747,0,0,13,32,0,1,0
03-07 00:27:37,12.857,31.009,54.707,0,0,1512060,11076588,206244,3471348,61547.503,32193.117,0,354.967,0,4.034,5302,11638,1.320,2.030,1.750,3,0,162.357,0,0,13,32,0,2,0
03-07 00:27:38,6.504,25.765,66.039,0,0,1511808,11076840,206244,3471348,60667.979,31620.753,0,440.261,0,5.003,4427,2754,1.320,2.030,1.750,1,0,165.098,0,0,13,32,0,2,0
03-07 00:27:39,5.499,24.498,67.993,0,0,1507020,11081624,206244,3471352,60924.836,33362.625,0,175.982,0,2.000,4211,2697,1.290,2.020,1.750,3,0,147.985,0,0,13,32,0,1,0
03-07 00:27:40,5.246,24.730,67.696,0,0,1507340,11081284,206252,3471360,45729.564,25163.950,0,139.889,0,5.995,4327,2751,1.290,2.020,1.750,1,0,159.873,0,0,13,32,0,1,0
03-07 00:27:41,6.006,24.274,67.817,0,0,1511332,11077288,206252,3471364,61739.644,33250.661,0,88.087,0,4.004,4252,2716,1.290,2.020,1.750,1,0,155.152,0,0,13,32,0,1,0
03-07 00:27:42,5.250,25.500,66.999,0,0,1514756,11073860,206252,3471368,60636.858,33817.363,0,55.999,0,2.000,4380,2800,1.290,2.020,1.750,1,0,157.997,0,0,13,32,0,1,0
03-07 00:27:43,5.999,24.747,67.991,0,0,1514732,11073880,206252,3471372,60809.188,33879.648,0,83.989,0,3.000,4249,2744,1.290,2.020,1.750,1,0,150.981,0,0,13,32,0,1,0
03-07 00:27:44,5.737,25.442,66.848,0,0,1517736,11070868,206252,3471376,45817.981,24151.170,0,203.538,0,2.993,4304,2717,1.350,2.010,1.750,2,0,157.642,0,0,13,32,0,1,0
03-07 00:27:45,7.016,25.809,66.401,0,0,1520148,11068436,206260,3471384,63848.036,35211.987,0,100.228,0,6.014,4353,2774,1.350,2.010,1.750,1,0,156.355,0,0,13,32,0,1,0
03-07 00:27:46,5.000,27.252,65.504,0,0,1519052,11069532,206260,3471384,63035.636,33593.938,0,468.027,0,99.006,4662,2820,1.350,2.010,1.750,3,0,169.010,0,0,13,32,0,1,0
03-07 00:27:47,5.988,26.449,65.373,0,0,1516584,11072000,206260,3471384,71428.374,36966.257,0,23.954,0,5.988,4598,2815,1.350,2.010,1.750,1,0,171.667,0,0,13,32,0,1,0
03-07 00:27:48,6.260,26.292,65.855,0,0,1516088,11072484,206260,3471396,62908.072,32431.591,0,12.019,0,3.005,4390,2748,1.350,2.010,1.750,2,0,155.247,0,0,13,32,0,1,0
03-07 00:27:49,9.249,21.247,67.992,0,0,1512628,11075708,206260,3471284,45873.522,24859.031,0,0,0,0,3877,3050,1.320,2,1.750,3,0,86.990,0,0,13,32,0,1,0
03-07 00:27:50,9.751,32.254,56.008,0,0,1514468,11073680,206272,3471796,60925.487,31380.371,0,208.029,0,5.001,4926,3558,1.320,2,1.750,3,0,234.033,0,0,13,32,0,1,0
03-07 00:27:51,23.011,35.517,38.768,0,0,1519236,11068768,206312,3471868,100294.339,1169966.230,0,276.130,0,17.008,6196,4108,1.320,2,1.750,2,0,188.089,0,0,13,32,0,3,0
03-07 00:27:52,29.966,33.433,34.919,0,0,1565116,11022828,206352,3471888,99717.556,2348462.170,0,332.841,0,20.803,6349,3746,1.320,2,1.750,7,0,180.289,0,0,13,32,0,3,0
03-07 00:27:53,37.740,43.779,17.612,0,0,1601688,10986116,206408,3471932,66809.102,896959.299,0,217.383,0,19.122,5842,3567,1.320,2,1.750,4,0,238.518,0,0,13,32,0,5,0
03-07 00:27:54,59.322,25.281,15.018,0,0,1713788,10873032,206572,3472612,59882.778,29191.478,0,584.711,0,30.037,4566,2631,1.460,2.010,1.750,4,0,76.092,0,0,13,32,0,7,0
03-07 00:27:55,63.105,13.773,22.537,0,0,1793080,10789712,207256,3475352,30481.613,16527.443,16.027,3630.027,1.002,169.281,4734,3403,1.460,2.010,1.750,3,0,5.008,0,0,13,34,0,8,0
03-07 00:27:56,47.056,22.407,21.910,3.486,0,1823776,10744420,213860,3482616,30169.422,14597.722,426.240,48053.573,8.963,3143.022,15251,21988,1.460,2.010,1.750,1,1,71.704,0,0,13,38,0,8,0
03-07 00:27:57,39.281,19.015,30.274,6.005,0,1822720,10732072,220688,3488720,15259.083,7367.834,0,58918.653,0,3883.075,16528,24990,1.460,2.010,1.750,7,0,54.043,0,0,13,38,0,8,0
03-07 00:27:58,35.127,25.909,27.653,5.730,0,1829148,10713968,226200,3494536,14895.790,7336.286,0,36990.348,0,2612.842,14318,20759,1.460,2.010,1.750,4,1,114.598,0,0,13,36,0,8,0
03-07 00:27:59,46.334,22.040,20.537,6.011,0,1864976,10666184,232656,3499624,15154.549,7309.287,0,63611.637,0,3617.576,15755,23765,2.140,2.150,1.800,5,0,38.069,0,0,13,36,0,8,0
03-07 00:28:00,46.398,16.128,26.301,5.707,0,1882996,10635344,238648,3506008,6082.883,5081.475,0,41541.062,0,2903.984,14269,21196,2.140,2.150,1.800,10,1,17.865,0,0,13,37,0,8,0
03-07 00:28:01,48.119,16.628,25.445,5.543,0,1877044,10631152,244348,3510136,18326.723,10721.324,0,41385.783,0,2866.007,14233,20779,2.140,2.150,1.800,2,2,27.209,0,0,13,37,0,8,0
03-07 00:28:02,50.116,20.147,22.162,3.778,0,1698200,10801736,248840,3513668,28004.638,14871.672,0,39859.264,0,2475.086,12357,18071,2.140,2.150,1.800,6,0,53.390,0,0,13,34,0,9,0
03-07 00:28:03,29.503,39.668,22.561,4.215,0,1700740,10791484,252640,3517308,538.494,0,0,31381.426,0,2049.849,13216,17747,2.140,2.150,1.800,4,1,183.465,0,0,13,34,0,9,0
03-07 00:28:04,41.323,25.640,23.151,6.721,0,1730608,10753220,256520,3521652,14884.070,7264.796,3015.050,30190.326,35.846,2077.079,12645,16306,2.530,2.230,1.830,6,0,93.598,0,0,13,34,0,9,0
03-07 00:28:05,43.903,32.229,19.287,3.299,0,1749160,10730608,259584,3522924,6815.348,5197.287,231.442,19729.388,7.106,1522.643,10989,16114,2.530,2.230,1.830,9,0,133.993,0,0,13,37,0,9,0
03-07 00:28:06,41.984,39.985,11.745,3.249,0,1754208,10719048,263848,3524996,29155.758,16566.612,23.991,36809.807,1.999,2320.105,13788,20976,2.530,2.230,1.830,4,0,194.925,0,0,13,37,0,9,0
03-07 00:28:07,40.804,28.759,20.156,5.654,0,1763544,10704232,267028,3526520,6505.971,5305.459,1679.341,14859.414,142.567,1396.173,11818,16710,2.530,2.230,1.830,5,1,100.289,0,0,13,37,0,9,0
03-07 00:28:08,42.103,28.821,22.054,3.258,0,1784260,10681552,270676,3524760,6691.405,5520.535,797.956,25350.151,13.032,2003.913,13194,19385,2.530,2.230,1.830,4,0,77.189,0,0,13,37,0,9,0
03-07 00:28:09,40.605,20.176,32.282,4.035,0,1725836,10735484,274272,3525564,46072.568,23429.722,0,28238.741,0,2092.282,11236,15223,2.650,2.260,1.840,6,0,74.652,0,0,13,36,0,9,0
03-07 00:28:10,39.176,16.219,36.182,4.991,0,1725216,10730696,278468,3526632,29602.182,15858.098,0,23667.373,0,2155.935,12011,17379,2.650,2.260,1.840,2,0,26.949,0,0,13,36,0,9,0
03-07 00:28:11,37.502,17.501,36.252,5.000,0,1762496,10690164,281752,3526504,32500.974,17442.059,0,35454.153,0,2716.165,14099,20343,2.650,2.260,1.840,2,0,23.001,0,0,13,37,0,9,0
03-07 00:28:12,37.870,13.292,38.622,5.016,0,1760956,10687924,284300,3527632,19913.092,11905.722,0,28807.273,0,2247.120,11709,17324,2.650,2.260,1.840,3,0,18.057,0,0,13,37,0,9,0
03-07 00:28:13,41.449,10.424,40.208,3.475,0,1759544,10687168,285632,3528424,20679.654,12565.645,0,18195.713,0,1598.379,10839,15649,2.650,2.260,1.840,3,0,17.870,0,0,13,37,0,9,0
03-07 00:28:14,42.884,11.035,37.868,3.762,0,1757592,10686916,286860,3529344,20866.260,12668.622,0,17141.611,0,1628.092,11059,15536,2.840,2.300,1.860,5,0,17.053,0,0,13,37,0,9,0
03-07 00:28:15,39.315,15.025,36.560,4.758,0,1677676,10763556,289020,3530376,3769.198,2852.691,0,25674.219,0,2180.586,13235,18059,2.840,2.300,1.860,3,0,61.100,0,0,13,36,0,10,0
03-07 00:28:16,30.969,22.477,35.464,5.245,0,1706916,10728780,292808,3531984,14992.897,7354.591,0,33917.832,0,2602.378,13918,19776,2.840,2.300,1.860,3,0,66.933,0,0,13,36,0,10,0
03-07 00:28:17,38.741,14.997,36.492,5.499,0,1743752,10685184,297596,3533784,25823.189,13101.052,0,33156.539,0,2535.429,13532,19008,2.840,2.300,1.860,3,0,31.993,0,0,13,36,0,10,0
03-07 00:28:18,33.261,17.006,40.014,5.752,0,1758612,10662028,302884,3536588,6191.095,5055.711,0,39013.203,0,3126.058,14183,20577,2.840,2.300,1.860,7,0,34.012,0,0,13,37,0,10,0
03-07 00:28:19,34.781,14.763,39.786,5.004,0,1755828,10657756,308108,3538228,20633.529,12019.794,0,36861.102,0,2754.474,14952,22210,2.770,2.300,1.860,3,0,45.040,0,0,13,37,0,10,0
03-07 00:28:20,36.654,14.462,37.402,5.236,0,1751780,10655740,312520,3539700,6198.726,5316.043,0,32917.578,0,2520.383,14425,21650,2.770,2.300,1.860,7,0,51.864,0,0,13,37,0,10,0
03-07 00:28:21,36.104,14.291,38.862,5.767,0,1748584,10652464,317476,3541056,30942.918,18168.209,0,34214.319,0,2639.585,14251,21275,2.770,2.300,1.860,2,0,40.115,0,0,13,36,0,10,0
03-07 00:28:22,37.282,16.653,38.028,3.977,0,1695908,10700348,321244,3541964,665.119,0,0,17406.433,0,1746.807,10861,15074,2.770,2.300,1.860,3,0,47.722,0,0,13,36,0,10,0
03-07 00:28:23,38.149,16.314,34.133,6.024,0,1743328,10650464,326424,3539164,670.622,0,0,30627.748,0,2578.080,13804,20462,2.770,2.300,1.860,5,0,6.024,0,0,13,36,0,10,0
03-07 00:28:24,34.769,16.759,37.771,5.003,0,1754596,10636408,331412,3536884,20497.433,12879.184,0,33346.600,0,2632.468,13815,20323,2.870,2.330,1.870,4,1,14.008,0,0,13,37,0,10,0
03-07 00:28:25,37.807,22.284,31.297,4.507,0,1754652,10629896,335772,3538788,5765.708,4425.684,4.006,37456.570,1.002,2312.493,12905,18710,2.870,2.330,1.870,1,1,98.148,0,0,13,37,0,10,0
03-07 00:28:26,39.331,11.451,41.073,3.236,0,1753028,10628276,338864,3538860,6367.618,5996.215,0,27461.908,0,1717.614,10761,14973,2.870,2.330,1.870,2,1,17.923,0,0,13,35,0,11,0
03-07 00:28:27,33.866,17.058,47.412,0,0,1614904,10766168,339064,3538884,21055.829,12273.871,0,2801.557,0,147.503,5493,4525,2.870,2.330,1.870,2,0,76.260,0,0,13,32,0,12,0
03-07 00:28:28,17.283,33.563,47.590,0,0,1558696,10822284,339108,3538916,908.710,0,0,669.259,0,34.064,4550,2716,2.870,2.330,1.870,1,0,194.366,0,0,13,32,0,12,0
03-07 00:28:29,21.521,6.256,71.570,0.500,0,1604304,10776420,339356,3538916,604.590,0,0,3255.178,0,176.172,2196,1723,2.720,2.300,1.860,1,0,0,0,0,13,32,0,12,0
03-07 00:28:30,18.754,4.501,76.268,0,0,1628316,10752268,339364,3539048,5843.379,5055.193,0,40.009,0,3.001,2003,1637,2.720,2.300,1.860,1,0,2.000,0,0,13,33,0,12,0
03-07 00:28:31,19.994,5.498,72.977,0,0,1628300,10752268,339364,3539064,49020.278,42320.427,0,1235.604,0,64.979,3229,3186,2.720,2.300,1.860,1,0,0,0,0,13,32,0,13,0
03-07 00:28:32,18.637,9.570,71.777,0,0,1632016,10748548,339364,3539068,41020.379,20683.966,0,0,0,0,2353,1586,2.720,2.300,1.860,1,0,34.252,0,0,13,32,0,13,0
03-07 00:28:33,21.079,5.952,70.926,0,0,1624156,10756360,339412,3539076,30116.381,14796.309,0,2095.053,0,312.472,2432,1643,2.720,2.300,1.860,1,0,1.984,0,0,13,32,0,13,0
03-07 00:28:34,18.258,5.002,76.034,0,0,1624596,10755896,339428,3539084,20717.388,12679.746,0,80.036,0,7.003,2040,1642,2.580,2.280,1.860,2,0,0,0,0,13,33,0,13,0
03-07 00:28:35,20.500,4.500,74.000,0,0,1624540,10755896,339480,3539084,16913.981,9369.990,0,392.000,0,30.000,2408,2194,2.580,2.280,1.860,1,0,0,0,0,13,32,0,14,0
03-07 00:28:36,13.603,14.863,70.787,0,0,1588736,10791684,339492,3539088,28543.440,14453.599,0,177.345,0,10.076,2841,1968,2.580,2.280,1.860,1,0,62.474,0,0,13,32,0,14,0
03-07 00:28:37,32.021,14.397,52.872,0,0,1602648,10777768,339496,3539088,540.140,0,0,281.985,0,4.965,3305,11716,2.580,2.280,1.860,1,0,35.745,0,0,13,32,0,15,0
03-07 00:28:38,18.753,4.501,75.263,0,0,1626792,10753616,339496,3539096,20662.602,12617.200,0,0,0,0,2108,1741,2.580,2.280,1.860,1,0,1.000,0,0,13,33,0,15,0
03-07 00:28:39,21.243,4.499,72.976,0,0,1627008,10753392,339496,3539108,18616.924,11094.379,0,0,0,0,3070,3028,2.450,2.260,1.850,0,0,1.999,0,0,13,33,0,15,0
03-07 00:28:40,17.753,9.751,71.510,0,0,1572568,10807828,339496,3539112,2818.398,1626.230,0,4.001,0,1.000,2875,2130,2.450,2.260,1.850,1,0,43.006,0,0,13,32,0,15,0
03-07 00:28:41,19.251,8.000,72.002,0,0,1606876,10773520,339496,3539112,15068.433,7362.211,0,48.001,0,3.000,1812,1285,2.450,2.260,1.850,1,0,0,0,0,13,32,0,15,0
03-07 00:28:42,21.756,5.251,72.269,0,0,1643680,10736708,339504,3539112,543.146,0,0,80.022,0,2.001,1725,1091,2.450,2.260,1.850,1,0,2.001,0,0,13,32,0,15,0
03-07 00:28:43,17.987,4.497,76.445,0,0,1640628,10739748,339504,3539120,21226.862,13403.441,0,0,0,0,2166,1867,2.450,2.260,1.850,0,0,0,0,0,13,33,0,15,0
03-07 00:28:44,18.857,3.970,75.674,0,0,1637464,10742840,339560,3539136,5962.635,5096.227,0,393.010,0,29.773,3474,3906,2.340,2.240,1.850,2,0,0,0,0,13,32,0,16,0
03-07 00:28:45,9.562,19.878,68.693,0,0,1581756,10798512,339576,3539152,607.917,0,0,285.842,0,15.097,3665,2277,2.340,2.240,1.850,1,0,123.798,0,0,13,32,0,16,0
03-07 00:28:46,6.009,26.541,65.350,0,0,1575652,10804560,339580,3539204,46622.226,59546.971,0,76.116,0,4.006,4368,2705,2.340,2.240,1.850,1,0,168.257,0,0,13,32,0,16,0
03-07 00:28:47,6.001,26.253,66.258,0,0,1566928,10813252,339580,3539236,71470.839,52456.488,0,4.000,0,1.000,4418,2775,2.340,2.240,1.850,1,0,162.020,0,0,13,32,0,16,0
03-07 00:28:48,8.476,32.159,57.338,0,0,1563436,10816724,339584,3539252,45607.966,23900.381,0,99.718,0,5.983,4865,2996,2.340,2.240,1.850,3,0,197.441,0,0,13,32,0,17,0
03-07 00:28:49,36.857,33.597,28.332,0,0,1588524,10791312,339708,3539444,60274.292,32267.306,0,1608.652,0,219.635,5642,3512,2.470,2.270,1.860,3,0,152.441,0,0,13,32,0,22,0
03-07 00:28:50,60.249,15.750,23.250,0,0,1709284,10670020,339736,3539904,60158.444,31753.707,0,0,0,0,3846,1773,2.470,2.270,1.860,3,0,2.000,0,0,13,32,0,22,0
03-07 00:28:51,62.288,15.946,20.929,0.498,0,1827472,10549816,340280,3541280,54628.104,28415.304,67.769,7139.704,1.993,330.874,5000,3030,2.470,2.270,1.860,3,0,2.990,0,0,13,32,0,22,0
03-07 00:28:52,65.956,10.784,22.320,0,0,1924848,10450304,340332,3542996,29679.546,15191.370,12.038,445.389,2.006,7.022,3911,1620,2.470,2.270,1.860,3,0,0,0,0,13,32,0,22,0
03-07 00:28:53,61.873,13.026,22.545,1.503,0,1992368,10375804,341984,3547892,14913.546,7472.805,797.580,16260.214,7.014,933.850,6763,6920,2.470,2.270,1.860,6,0,27.054,0,0,13,38,0,20,0
03-07 00:28:54,43.403,22.688,24.907,2.219,0,1988616,10367024,348272,3553752,43973.675,22699.527,0,44649.374,0,3215.733,16867,23915,2.670,2.310,1.880,6,0,105.547,0,0,13,38,0,20,0
03-07 00:28:55,39.672,19.204,31.334,6.570,0,1985196,10357952,354128,3560036,29956.992,14749.053,0,49822.526,0,3327.432,17059,24507,2.670,2.310,1.880,5,0,124.324,0,0,13,38,0,20,0
03-07 00:28:56,32.037,19.022,33.038,7.258,0,1982320,10349636,360652,3564384,30089.457,15445.687,0,59235.833,0,3758.304,17754,26432,2.670,2.310,1.880,7,0,120.138,0,0,13,38,0,20,0
03-07 00:28:57,30.734,19.580,35.443,7.436,0,1980288,10340816,367044,3568468,43732.902,21925.935,0,54392.500,0,3613.675,16832,25369,2.670,2.310,1.880,4,1,97.158,0,0,13,38,0,15,0
03-07 00:28:58,50.921,15.552,23.579,6.522,0,1978036,10333760,371544,3573004,44915.469,23418.453,0,38304.322,0,2679.978,14270,20006,2.670,2.310,1.880,4,0,64.215,0,0,13,38,0,15,0
03-07 00:28:59,38.693,27.709,22.467,5.242,0,1882416,10419728,375936,3577988,45631.657,24475.879,0,38690.900,0,2679.046,14870,20852,2.780,2.340,1.890,4,0,161.761,0,0,13,36,0,15,0
03-07 00:29:00,44.623,20.192,23.682,6.232,0,1882840,10408400,381336,3583168,59706.486,31240.780,7.977,45135.100,1.994,3092.169,15906,21950,2.780,2.340,1.890,2,0,74.786,0,0,13,36,0,15,0
03-07 00:29:01,52.807,18.520,20.022,5.256,0,1928600,10354724,386092,3586104,29439.762,14607.760,0,35141.914,0,2527.727,13765,18096,2.780,2.340,1.890,7,0,57.062,0,0,13,36,0,15,0
03-07 00:29:02,47.422,17.564,26.095,5.520,0,1965056,10307124,389464,3593452,40435.761,20703.142,0,37138.795,0,2531.187,13692,19082,2.780,2.340,1.890,2,1,2.007,0,0,13,36,0,15,0
03-07 00:29:03,46.578,17.187,24.908,6.725,0,1975280,10287216,392364,3599920,25485.917,11154.821,0,56989.619,0,3222.105,16038,22778,2.780,2.340,1.890,6,1,7.971,0,0,13,38,0,15,0
03-07 00:29:04,31.779,27.492,29.761,6.053,0,1920144,10336152,396312,3601984,50089.030,27995.943,0,43054.230,0,2976.145,15216,21847,3.040,2.400,1.910,3,0,118.037,0,0,13,36,0,15,0
03-07 00:29:05,32.372,16.933,36.108,7.222,0,1912032,10337532,400760,3604096,45574.319,22331.954,0,41847.014,0,3194.406,15195,22551,3.040,2.400,1.910,5,0,53.788,0,0,13,36,0,14,0
03-07 00:29:06,42.834,12.274,34.567,6.262,0,1895880,10348732,404356,3605328,40638.258,20475.935,0,31765.954,0,2498.874,12042,17369,3.040,2.400,1.910,2,1,44.086,0,0,13,34,0,14,0
03-07 00:29:07,28.533,27.782,41.298,0.501,0,1619092,10625348,404512,3605340,45298.271,30351.023,0,5982.904,0,351.405,5340,3551,3.040,2.400,1.910,4,0,178.206,0,0,13,32,0,14,0
03-07 00:29:08,14.262,15.262,69.056,0.250,0,1602404,10641980,404540,3605364,45401.924,30781.034,0,940.765,0,53.043,3210,2387,3.040,2.400,1.910,2,0,72.059,0,0,13,32,0,14,0
03-07 00:29:09,20.995,7.248,70.733,0.250,0,1610704,10633500,404716,3605364,59905.905,31712.538,0,4322.983,0,207.951,2603,2239,2.870,2.380,1.910,1,0,2.999,0,0,13,32,0,14,0
03-07 00:29:10,20.491,6.419,71.101,0,0,1644404,10599796,404716,3605364,29276.673,14794.856,0,82.951,0,4.938,1845,1265,2.870,2.380,1.910,2,0,0,0,0,13,32,0,14,0
03-07 00:29:11,23.301,8.358,68.384,0,0,1681980,10562216,404716,3605364,29854.102,15409.288,0,4.052,0,1.013,2090,1363,2.870,2.380,1.910,1,0,8.105,0,0,13,32,0,14,0
03-07 00:29:12,24.245,3.999,71.235,0,0,1700332,10543860,404720,3605364,30516.767,16436.643,0,223.954,0,35.993,2265,1796,2.870,2.380,1.910,3,0,2.000,0,0,13,38,0,14,0
03-07 00:29:13,23.493,4.249,71.479,0,0,1635984,10608192,404736,3605364,44447.231,24181.053,0,111.968,0,8.997,2032,1455,2.870,2.380,1.910,1,0,6.998,0,0,13,32,0,14,0
03-07 00:29:14,18.767,9.258,70.812,0,0,1660680,10583484,404740,3605372,61315.002,32416.550,0,40.035,0,3.003,2254,1698,2.720,2.360,1.900,1,0,20.018,0,0,13,32,0,14,0
03-07 00:29:15,22.239,5.997,71.716,0,0,1702736,10541428,404800,3605312,44151.006,22075.503,0,235.888,0,36.982,2198,1819,2.720,2.360,1.900,1,0,2.999,0,0,13,32,0,14,0
03-07 00:29:16,21.754,6.751,69.762,0.250,0,1729936,10513948,405004,3605384,29993.962,15080.495,0,7125.179,0,330.055,2815,2420,2.720,2.360,1.900,1,0,0,0,0,13,32,0,14,0
03-07 00:29:17,23.993,4.999,69.980,0,0,1743688,10499980,405212,3605384,25518.562,13364.105,0,3359.021,0,203.941,2693,2258,2.720,2.360,1.900,1,0,1.999,0,0,13,34,0,13,0
03-07 00:29:18,13.988,17.984,66.942,0,0,1698376,10545284,405224,3605380,46012.941,25058.184,0,319.722,0,14.987,3456,2117,2.720,2.360,1.900,5,0,97.915,0,0,13,32,0,13,0
03-07 00:29:19,10.234,45.678,41.434,0,0,1669596,10574032,405232,3605404,60873.577,32634.307,0,247.608,0,12.979,5741,3469,2.750,2.370,1.910,2,0,302.521,0,0,13,32,0,13,0
03-07 00:29:20,9.528,47.139,41.121,0,0,1658792,10584808,405248,3605416,60932.143,34573.648,0,184.543,0,17.050,5794,3686,2.750,2.370,1.910,5,0,286.843,0,0,13,32,0,13,0
03-07 00:29:21,12.496,47.985,36.739,0,0,1626892,10616680,405252,3605432,95231.885,1247498.607,0,103.968,0,5.998,6303,3942,2.750,2.370,1.910,4,0,291.911,0,0,13,32,0,13,0
03-07 00:29:22,13.247,40.741,44.740,0,0,1611964,10631616,405252,3605436,95709.259,1786310.231,0,3635.174,0,24.994,6244,3469,2.750,2.370,1.910,1,0,261.940,0,0,13,32,0,13,0
03-07 00:29:23,5.748,27.242,65.231,0,0,1614364,10629212,405256,3605436,44159.169,22433.482,0,471.863,0,68.980,4547,2725,2.750,2.370,1.910,1,0,172.950,0,0,13,32,0,13,0
03-07 00:29:24,6.500,25.999,66.499,0,0,1600432,10643136,405260,3605440,29973.411,14591.713,0,75.999,0,6.000,4248,2623,2.690,2.360,1.910,1,0,160.997,0,0,13,32,0,13,0
03-07 00:29:25,5.498,25.739,66.220,0,0,1597356,10646204,405260,3605448,30872.232,21536.395,0,11.995,0,2.999,4375,2579,2.690,2.360,1.910,3,0,157.930,0,0,13,32,0,13,0
03-07 00:29:26,6.006,25.027,67.572,0,0,1597796,10645752,405260,3605460,61049.162,32929.148,0,4.004,0,1.001,4208,2714,2.690,2.360,1.910,2,0,144.154,0,0,13,32,0,13,0
03-07 00:29:27,6.250,24.000,68.250,0,0,1591444,10652064,405284,3605476,61033.792,34159.883,0,435.999,0,24.000,4421,3102,2.690,2.360,1.910,1,0,138.000,0,0,13,32,0,13,0
03-07 00:29:28,6.000,25.748,66.246,0,0,1582228,10661260,405292,3605484,60530.176,31969.980,0,751.952,0,9.999,4348,2713,2.690,2.360,1.910,1,0,125.992,0,0,13,32,0,13,0
03-07 00:29:29,7.000,24.501,66.752,0,0,1583856,10659500,405292,3605616,45451.431,24130.760,0,516.016,0,110.003,4347,2575,2.550,2.340,1.900,2,0,122.004,0,0,13,32,0,13,0
03-07 00:29:30,5.995,25.980,66.199,0,0,1579208,10664144,405292,3605620,60096.788,31062.115,0,11.991,0,2.998,4318,2704,2.550,2.340,1.900,1,0,136.895,0,0,13,32,0,11,0
03-07 00:29:31,7.256,24.772,67.811,0,0,1564628,10678720,405292,3605624,60093.807,31696.380,0,12.011,0,3.003,4024,2509,2.550,2.340,1.900,1,0,112.100,0,0,13,32,0,11,0
03-07 00:29:32,17.547,23.726,54.866,0,0,1561052,10682284,405292,3606076,55165.674,28386.057,0,79.086,0,2.966,4691,5702,2.550,2.340,1.900,5,0,93.915,0,0,13,32,0,11,0
03-07 00:29:33,19.871,20.626,59.110,0,0,1579168,10664152,405296,3606100,45668.480,23793.087,0,56.344,0,2.012,3771,3803,2.550,2.340,1.900,3,0,49.301,0,0,13,32,0,11,0
03-07 00:29:34,45.004,29.919,24.136,0,0,1645852,10597404,405304,3606156,60982.845,34401.972,0,76.431,0,5.028,5050,2714,2.590,2.350,1.910,2,0,110.624,0,0,13,33,0,10,0
03-07 00:29:35,40.248,11.499,47.247,0,0,1706248,10536952,405304,3606208,44886.571,23068.752,0,4.000,0,1.000,2951,1546,2.590,2.350,1.910,2,0,0,0,0,13,33,0,10,0
03-07 00:29:36,49.607,6.292,41.622,0,0,1756876,10486300,405304,3606232,42779.541,20164.345,0,0,0,0,3155,1543,2.590,2.350,1.910,8,0,8.712,0,0,13,45,0,10,0
03-07 00:29:37,51.107,9.662,38.648,0.254,0,1805948,10436940,405348,3607468,26451.549,14840.857,97.637,638.710,1.017,27.460,3955,5208,2.590,2.350,1.910,11,0,44.750,0,0,13,49,0,10,0
03-07 00:29:38,51.727,14.200,34.485,0,0,1833588,10407448,405416,3607824,15953.164,7399.980,0,1505.149,0,159.238,4271,12495,2.590,2.350,1.910,4,0,5.071,0,0,13,49,0,9,0
03-07 00:29:39,18.532,25.043,55.345,0,0,1833060,10405968,405420,3609780,45534.029,25195.175,0,6463.075,0,483.829,6491,6603,2.620,2.360,1.920,1,0,114.196,0,0,13,48,0,9,0
03-07 00:29:40,6.245,22.731,68.442,0.250,0,1842084,10396904,405432,3609808,61198.704,33223.610,7.993,811.307,1.998,2.997,4070,2617,2.620,2.360,1.920,2,0,122.895,0,0,13,48,0,9,0
03-07 00:29:41,10.760,31.279,56.303,0,0,1850288,10388668,405432,3610260,60478.620,31003.025,0,4.004,0,1.001,5709,5443,2.620,2.360,1.920,1,0,172.161,0,0,13,48,0,9,0
03-07 00:29:42,18.003,22.254,58.760,0,0,1839184,10399744,405432,3610272,44706.792,22799.974,0,0,0,0,3870,3971,2.620,2.360,1.920,3,0,67.012,0,0,13,48,0,8,0
03-07 00:29:43,12.001,15.251,53.253,17.501,0,1847196,10386516,405636,3614728,44868.448,23387.276,3776.206,0,114.006,0,3209,2528,2.620,2.360,1.920,0,2,50.003,0,0,13,48,0,8,0
03-07 00:29:44,17.722,29.204,37.940,13.229,0,1855160,10366956,407260,3615592,44628.535,22708.146,3266.842,3342.722,205.675,86.863,4925,5145,3.050,2.450,1.950,1,0,74.882,0,0,14,48,0,8,0
03-07 00:29:45,18.034,22.793,57.859,0,0,1856988,10365112,407260,3615596,46266.902,23109.406,0,0,0,0,4279,5304,3.050,2.450,1.950,1,0,70.132,0,0,14,48,0,8,0
03-07 00:29:46,14.442,25.148,54.031,4.233,0,1897120,10322800,407272,3617260,44915.255,23881.366,2087.553,147.404,44.819,3.984,4115,2977,3.050,2.450,1.950,4,0,104.577,0,0,14,50,0,7,0
03-07 00:29:47,26.070,23.563,49.383,0,0,1903588,10316156,407296,3617412,71666.639,38862.462,0,272.733,0,25.067,4541,3208,3.050,2.450,1.950,1,0,97.261,0,0,14,64,0,7,0
03-07 00:29:48,6.004,24.268,67.549,0,0,1912624,10307112,407296,3617420,60730.940,32885.794,0,52.038,0,1.001,4176,2739,3.050,2.450,1.950,1,0,133.096,0,0,14,64,0,7,0
03-07 00:29:49,17.225,24.465,56.668,0,0,1922804,10296896,407296,3617880,45268.752,23695.846,0,15.977,0,2.996,4574,5613,2.970,2.450,1.950,3,0,96.860,0,0,14,64,0,7,0
03-07 00:29:50,18.432,30.387,48.072,2.491,0,1911192,10306832,407392,3618928,60002.514,31885.769,1518.370,263.025,33.874,9.963,4098,3789,2.970,2.450,1.950,4,0,148.450,0,0,14,64,0,1,0
03-07 00:29:51,1.507,4.522,93.196,0,0,1911688,10306328,407392,3618936,55017.548,27666.529,0,40.193,0,3.014,1398,1456,2.970,2.450,1.950,2,0,15.072,0,0,14,64,0,1,0
03-07 00:29:52,5.747,20.490,68.965,2.749,0,1913476,10302776,407392,3620668,45611.677,24949.242,1723.119,3.998,19.990,0.999,3766,2558,2.970,2.450,1.950,1,0,109.944,0,0,16,64,0,1,0
03-07 00:29:53,16.265,21.020,60.808,0,0,1924940,10291308,407392,3621132,60298.378,31083.578,0,20.019,0,2.002,4219,4549,2.970,2.450,1.950,2,0,85.081,0,0,16,64,0,1,0
03-07 00:29:54,17.498,20.998,60.244,0,0,1911552,10304676,407392,3620720,44754.373,22433.681,0,0,0,0,3817,3961,2.810,2.420,1.940,1,0,68.993,0,0,16,64,0,1,0
03-07 00:29:55,7.499,30.747,59.745,0,0,1918992,10295300,407392,3622552,49219.760,24927.853,1871.839,139.988,22.998,4.000,4500,2821,2.810,2.420,1.940,1,0,151.987,0,0,16,66,0,1,0
03-07 00:29:56,6.245,24.231,67.447,0,0,1915748,10298536,407392,3622556,60639.654,32896.315,0,31.975,0,2.998,4235,2781,2.810,2.420,1.940,1,0,156.878,0,0,16,66,0,1,0
03-07 00:29:57,6.490,23.962,67.394,0,0,1917476,10296792,407392,3622572,60599.074,34867.381,0,3.994,0,0.998,4286,2997,2.810,2.420,1.940,2,0,144.773,0,0,16,66,0,1,0
03-07 00:29:58,7.016,25.056,67.150,0,0,1920748,10293516,407392,3622576,45202.211,22825.107,0,32.072,0,7.016,4248,2739,2.810,2.420,1.940,3,0,131.294,0,0,16,66,0,1,0
03-07 00:29:59,6.501,24.505,66.763,0,0,1921752,10292508,407392,3622580,60699.462,32010.045,0,24.005,0,6.001,4083,2637,2.740,2.420,1.940,1,0,126.024,0,0,16,66,0,1,0
03-07 00:30:00,17.006,23.258,58.019,0,0,1918388,10295872,407392,3622580,44773.701,22573.412,0,3000.985,0,525.172,5097,4789,2.740,2.420,1.940,1,0,75.025,0,0,16,66,0,1,0
03-07 00:30:01,17.616,25.669,56.120,0,0,1913480,10300720,407396,3622588,60432.572,32007.097,0,104.690,0,3.020,4617,5297,2.740,2.420,1.940,3,0,78.518,0,0,16,66,0,1,0
03-07 00:30:02,23.012,29.693,45.282,0,0,1963844,10250328,407404,3622612,55641.990,30338.479,0,3.959,0,0.990,4960,2845,2.740,2.420,1.940,5,0,139.558,0,0,16,66,0,1,0
03-07 00:30:03,26.674,29.666,42.130,0,0,2009952,10204220,407472,3622544,61452.969,32764.679,67.807,127.636,1.994,4.986,5076,2822,2.740,2.420,1.940,4,0,158.548,0,0,16,66,0,1,0
03-07 00:30:04,24.962,29.455,43.683,0,0,2046896,10167104,407492,3622696,46314.272,24812.109,0,55.915,0,2.995,4695,2636,2.680,2.410,1.940,2,0,124.809,0,0,16,66,0,1,0
03-07 00:30:05,27.550,32.099,39.935,0.253,0,2064828,10147588,407532,3624116,61802.606,33029.464,36.396,181.981,3.033,3.033,5760,4771,2.680,2.410,1.940,2,0,151.650,0,0,16,70,0,3,0
03-07 00:30:06,24.161,31.883,41.099,1.245,0,2100112,10112272,407544,3624124,71437.136,37398.387,7.971,518.094,1.993,5.978,5067,2804,2.680,2.410,1.940,2,0,172.366,0,0,16,70,0,3,0
03-07 00:30:07,24.016,31.771,42.778,0,0,2161528,10050844,407544,3624132,60913.448,32721.191,0,572.371,0,3.002,5023,2874,2.680,2.410,1.940,2,0,156.101,0,0,16,70,0,3,0
03-07 00:30:08,26.706,26.955,44.926,0,0,2201820,10010540,407544,3624140,46005.966,26821.672,0,175.710,0,11.980,4765,2670,2.680,2.410,1.940,5,0,131.782,0,0,16,70,0,3,0
03-07 00:30:09,28.045,27.545,43.571,0,0,2211508,10000648,407544,3624336,60377.745,31589.139,0,701.135,0,92.149,4730,2610,2.630,2.400,1.950,1,0,122.198,0,0,16,70,0,3,0
03-07 00:30:10,6.235,25.189,66.090,0,0,2174744,10037260,407544,3624468,60540.195,31409.834,0,786.094,0,9.976,4140,2739,2.630,2.400,1.950,1,0,124.698,0,0,16,70,0,3,0
03-07 00:30:11,7.516,28.311,63.387,0,0,2181268,10030716,407548,3624476,61402.684,31816.752,0,593.282,0,9.019,4276,2705,2.630,2.400,1.950,1,0,131.284,0,0,16,70,0,3,0
03-07 00:30:12,10.499,28.746,58.243,0,0,2204092,10007844,407548,3624932,45473.191,23011.060,0,7.999,0,2.000,5018,4619,2.630,2.400,1.950,4,0,149.981,0,0,16,70,0,3,0
03-07 00:30:13,18.237,21.984,59.707,0,0,2200544,10011292,407548,3624952,45158.122,23211.101,0,0,0,0,4294,4923,2.630,2.400,1.950,1,0,67.951,0,0,16,70,0,3,0
03-07 00:30:14,19.593,16.076,63.803,0,0,2195284,10016512,407548,3624888,60337.698,31268.575,0,0,0,0,3111,2303,2.500,2.380,1.940,3,0,27.129,0,0,16,70,0,3,0
03-07 00:30:15,45.241,31.569,21.129,0,0,2271536,9940232,407556,3624968,45495.339,25338.824,0,3.977,0,0.994,5193,2669,2.500,2.380,1.940,3,0,138.208,0,0,16,70,0,3,0
03-07 00:30:16,49.251,27.719,20.542,0,0,2346584,9865168,407564,3624976,60664.912,35429.362,0,130.677,0,3.960,5163,2658,2.500,2.380,1.940,3,0,128.697,0,0,16,70,0,3,0
03-07 00:30:17,53.789,31.566,15.909,0,0,2379960,9831132,407580,3625556,110521.949,2640364.868,0,16.162,0,4.041,6331,4600,2.500,2.380,1.940,3,0,131.316,0,0,16,70,0,3,0
03-07 00:30:18,49.884,29.931,18.956,0,0,2418312,9792244,407612,3625976,78193.555,890798.942,0,15.963,0,3.991,5397,3179,2.500,2.380,1.940,3,0,128.701,0,0,16,70,0,3,0
03-07 00:30:19,45.537,29.611,16.921,5.972,0,2452928,9755144,407752,3628344,44897.838,23263.108,51.758,199.068,12.939,2.986,4829,4633,2.540,2.390,1.950,3,2,117.450,0,0,16,70,0,3,0
03-07 00:30:20,42.056,27.198,16.621,13.599,0,2474644,9732736,408340,3628356,45147.754,23450.762,596.342,0,118.866,0,5715,5863,2.540,2.390,1.950,4,0,71.521,0,0,16,74,0,3,0
03-07 00:30:21,61.663,30.831,7.269,0,0,2580600,9625308,408868,3628744,71660.376,39624.716,0,11534.482,0,1095.896,8036,7676,2.540,2.390,1.950,7,0,177.469,0,0,16,74,0,3,0
03-07 00:30:22,43.823,33.237,17.480,1.231,0,2595448,9598052,410628,3639072,45064.798,26319.394,0,21129.571,0,1440.742,11617,15121,2.540,2.390,1.950,6,0,120.144,0,0,16,74,0,3,0
03-07 00:30:23,48.153,29.092,17.556,2.006,0,2628132,9561776,411724,3641476,59701.402,30779.648,0,8330.428,0,961.049,9792,11966,2.540,2.390,1.950,9,0,94.299,0,0,16,74,0,3,0
03-07 00:30:24,47.485,31.825,16.670,2.021,0,2658676,9527412,412900,3644012,61021.836,31257.034,0,9072.602,0,1036.580,10246,12554,2.740,2.430,1.960,4,0,109.114,0,0,16,74,0,3,0
03-07 00:30:25,55.552,31.780,12.011,0.500,0,2696020,9485416,413640,3648020,45380.175,23571.907,0,9689.005,0,529.492,8087,9414,2.740,2.430,1.960,5,0,128.119,0,0,16,76,0,3,0
03-07 00:30:26,62.387,28.062,7.767,0.752,0,2771024,9409192,413704,3649116,59888.645,32066.487,529.163,1170.573,7.015,49.108,7266,9970,2.740,2.430,1.960,5,0,113.249,0,0,16,80,0,7,0
03-07 00:30:27,46.079,32.878,19.677,0.249,0,2798072,9379148,413760,3651544,45162.425,24933.484,0,980.362,0,48.819,7826,10319,2.740,2.430,1.960,4,0,140.479,0,0,16,96,0,18,0
03-07 00:30:28,24.446,29.185,44.651,0,0,2851184,9325984,413792,3651564,45599.762,25970.342,0,610.644,0,28.936,4946,3045,2.740,2.430,1.960,3,0,133.703,0,0,16,96,0,18,0
03-07 00:30:29,28.065,27.062,43.600,0,0,2886080,9291044,413824,3651576,60238.660,33198.418,0,645.486,0,32.074,4756,2809,2.680,2.420,1.960,4,0,126.291,0,0,16,96,0,18,0
03-07 00:30:30,26.368,30.348,41.541,0,0,2916232,9260756,413936,3651596,60204.496,31780.316,0,3737.222,0,175.120,5069,3408,2.680,2.420,1.960,2,0,129.350,0,0,16,96,0,18,0
03-07 00:30:31,29.100,25.839,44.152,0,0,2948432,9228396,413936,3651752,45143.724,23418.784,0,96.332,0,9.031,4521,2698,2.680,2.420,1.960,2,0,111.384,0,0,16,98,0,18,0
03-07 00:30:32,40.721,26.481,31.728,0,0,2938528,9236892,413940,3653568,70785.062,36546.217,0,0,0,0,6517,9895,2.680,2.420,1.960,9,0,83.941,0,0,16,96,0,19,0
03-07 00:30:33,19.518,25.774,53.550,0,0,2956536,9218888,413940,3653104,44681.804,22857.385,0,0,0,0,4412,4898,2.680,2.420,1.960,3,0,107.100,0,0,16,96,0,20,0
03-07 00:30:34,23.297,29.059,46.344,0,0,3001092,9174324,413940,3653116,56363.347,32531.999,0,52.106,0,3.006,4815,2769,2.700,2.430,1.970,4,0,126.256,0,0,16,96,0,20,0
03-07 00:30:35,26.412,27.658,44.601,0,0,3050196,9125220,413940,3653116,49791.950,27279.028,0,3.987,0,0.997,4748,2623,2.700,2.430,1.970,3,0,132.558,0,0,16,96,0,20,0
03-07 00:30:36,28.774,28.024,42.035,0,0,3080376,9095020,413944,3653132,72383.064,40460.133,0,144.122,0,5.004,4915,2893,2.700,2.430,1.970,2,0,136.115,0,0,16,98,0,20,0
03-07 00:30:37,32.016,28.264,39.020,0,0,3106448,9068864,413980,3653176,61188.991,32870.649,0,576.292,0,38.019,5187,3551,2.700,2.430,1.970,2,0,133.067,0,0,16,102,0,20,0
03-07 00:30:38,36.481,32.483,29.484,0,0,3165216,9009684,413996,3653564,46486.329,24377.063,0,151.919,0,15.992,5962,13463,2.700,2.430,1.970,4,0,164.912,0,0,16,104,0,21,0
03-07 00:30:39,23.558,32.079,42.604,0,0,3188432,8985280,414000,3654740,60637.576,30985.923,0,16.039,0,4.010,5627,5673,2.650,2.430,1.970,1,0,141.346,0,0,16,106,0,23,0
03-07 00:30:40,6.489,24.708,66.388,0,0,3188400,8985280,414004,3654764,60704.681,31594.746,3.993,203.657,0.998,5.990,4138,2752,2.650,2.430,1.970,1,0,112.810,0,0,16,106,0,23,0
03-07 00:30:41,17.764,24.519,56.043,0,0,3194024,8979560,414036,3655152,45018.512,22681.388,0,368.282,0,22.017,4726,5852,2.650,2.430,1.970,2,0,81.062,0,0,16,106,0,23,0
03-07 00:30:42,21.956,25.448,50.897,0,0,3189448,8983940,414080,3655320,45342.156,23616.164,0,15688.222,0,1019.934,6655,5433,2.650,2.430,1.970,4,0,73.850,0,0,16,108,0,23,0
03-07 00:30:43,48.648,27.333,23.070,0,0,3271324,8902040,414096,3655328,62144.287,33383.684,0,204.623,0,8.024,4972,2516,2.650,2.430,1.970,3,0,113.345,0,0,16,109,0,23,0
03-07 00:30:44,40.688,11.732,46.679,0,0,3331016,8842316,414104,3655352,45012.208,22771.199,0,1693.412,0,192.705,3066,1447,2.590,2.420,1.970,2,0,0,0,0,16,109,0,23,0
03-07 00:30:45,22.006,20.256,56.517,0,0,3348672,8823736,414292,3656056,45121.256,23774.985,0,2724.801,0,175.051,4996,4582,2.590,2.420,1.970,1,0,98.029,0,0,16,112,0,23,0
03-07 00:30:46,6.251,23.255,68.015,0,0,3354884,8817484,414308,3656060,60742.362,33275.320,0,148.033,0,14.003,4194,2858,2.590,2.420,1.970,2,0,133.029,0,0,16,112,0,23,0
03-07 00:30:47,5.754,23.767,68.799,0.250,0,3357508,8814852,414308,3656068,71380.807,39358.014,0,48.034,0,4.003,4190,2708,2.590,2.420,1.970,1,0,134.095,0,0,16,112,0,23,0
03-07 00:30:48,8.500,23.251,66.002,0,0,3359732,8812612,414316,3656076,60875.173,33857.208,0,428.015,0,4.000,4158,2802,2.590,2.420,1.970,1,0,132.005,0,0,16,114,0,23,0
03-07 00:30:49,9.487,24.717,63.664,0,0,3357680,8814656,414316,3656080,60366.645,33315.102,0,59.919,0,0.999,4273,2751,2.470,2.400,1.960,4,0,138.813,0,0,16,116,0,23,0
03-07 00:30:50,20.014,28.770,50.036,0,0,3430496,8741804,414336,3656096,45940.650,25219.924,0,240.171,0,19.014,5059,3584,2.470,2.400,1.960,3,0,136.097,0,0,16,116,0,23,0
03-07 00:30:51,5.984,23.686,68.315,0,0,3433000,8739288,414344,3656100,71672.263,38593.678,0,55.849,0,5.984,4198,2796,2.470,2.400,1.960,1,0,134.636,0,0,16,116,0,23,0
03-07 00:30:52,10.781,20.560,67.445,0,0,3442372,8729892,414360,3656108,60273.575,32460.016,0,1785.171,0,301.874,4155,2423,2.470,2.400,1.960,1,0,97.282,0,0,16,116,0,23,0
03-07 00:30:53,21.508,6.252,71.777,0,0,3486204,8686044,414360,3656108,29866.325,15083.720,0,4.002,0,1.000,1898,1334,2.470,2.400,1.960,2,0,0,0,0,16,116,0,23,0
03-07 00:30:54,19.455,5.238,74.327,0,0,3514660,8657580,414360,3656116,31944.485,17272.709,0,0,0,0,1998,1539,2.350,2.370,1.960,3,0,1.995,0,0,16,117,0,23,0
03-07 00:30:55,29.806,7.765,61.616,0,0,3523512,8648548,414380,3656264,33877.985,19350.547,0,557.052,0,49.093,3561,3324,2.350,2.370,1.960,2,0,4.008,0,0,16,125,0,23,0
03-07 00:30:56,19.490,7.996,71.463,0.250,0,3424060,8747960,414404,3656280,33466.476,26996.864,0,215.887,0,18.990,2594,1862,2.350,2.370,1.960,2,0,32.983,0,0,16,124,0,24,0
03-07 00:30:57,17.910,11.604,69.875,0,0,3461840,8710160,414420,3656284,45191.103,25066.144,0,290.599,0,21.189,2736,2158,2.350,2.370,1.960,1,0,32.289,0,0,16,124,0,24,0
03-07 00:30:58,22.075,5.457,71.186,0,0,3502620,8669364,414436,3656284,29693.795,14477.325,0,154.774,0,9.921,1913,1282,2.350,2.370,1.960,1,0,0.992,0,0,16,124,0,24,0
03-07 00:30:59,24.159,9.215,65.754,0,0,3511588,8660320,414468,3656324,35205.054,20421.462,0,474.223,0,33.873,3391,3232,2.160,2.330,1.950,4,0,4.981,0,0,16,127,0,25,0
03-07 00:31:00,30.550,7.763,59.597,0,0,3517588,8654020,414512,3656572,16375.690,8201.367,0,584.953,0,51.083,4039,4376,2.160,2.330,1.950,2,0,5.008,0,0,16,129,0,25,0
03-07 00:31:01,20.671,8.717,69.236,0,0,3520672,8650520,414640,3656820,14767.619,7334.000,0,745.155,0,95.635,3187,3665,2.160,2.330,1.950,4,0,0,0,0,16,129,0,25,0
03-07 00:31:02,26.402,10.812,60.347,0,0,3524980,8646008,414844,3656816,26258.046,13083.260,0,1472.470,0,177.018,5118,6608,2.160,2.330,1.950,3,0,3.017,0,0,16,132,0,25,0
03-07 00:31:03,21.958,9.981,66.622,0.250,0,3530908,8639456,414948,3657316,14795.487,7281.967,0,1061.953,0,91.823,3780,4557,2.160,2.330,1.950,4,0,1.996,0,0,16,132,0,26,0
03-07 00:31:04,33.802,5.008,59.592,0.250,0,3536584,8633688,415020,3657336,1588.463,1210.877,0,841.304,0,76.118,4162,4593,2.230,2.340,1.950,2,0,1.002,0,0,16,133,0,27,0
03-07 00:31:05,13.003,21.505,64.263,0,0,3477280,8692936,415028,3657376,45405.502,25073.247,0,564.118,0,29.006,3912,2656,2.230,2.340,1.950,2,0,114.024,0,0,16,135,0,27,0
03-07 00:31:06,20.753,7.501,70.511,0,0,3525840,8644300,415100,3657376,55148.749,27442.354,0,2384.378,0,121.019,2432,1940,2.230,2.340,1.950,2,0,2.000,0,0,16,135,0,27,0
03-07 00:31:07,19.487,4.997,74.951,0,0,3559356,8610784,415116,3657360,32647.806,17108.893,0,131.914,0,12.992,2065,1708,2.230,2.340,1.950,1,0,0,0,0,16,136,0,27,0
03-07 00:31:08,21.238,5.247,71.959,0,0,3559580,8610532,415116,3657388,19260.953,11318.508,0,0,0,0,2292,1852,2.230,2.340,1.950,1,0,0.999,0,0,16,136,0,25,0
03-07 00:31:09,20.238,7.246,71.956,0,0,3559500,8610532,415176,3657404,17245.463,9506.192,0,635.612,0,72.955,3138,3803,2.130,2.320,1.950,1,0,1.999,0,0,16,136,0,25,0
03-07 00:31:10,21.914,8.965,66.490,0,0,3559436,8610544,415216,3657416,15004.284,7267.560,0,474.145,0,38.848,3181,3337,2.130,2.320,1.950,2,0,0.996,0,0,16,138,0,25,0
03-07 00:31:11,36.450,14.934,48.347,0.253,0,3540044,8629724,415320,3657464,16303.358,8760.195,0,789.754,0,78.975,4489,4221,2.130,2.320,1.950,2,0,22.275,0,0,16,137,0,26,0
03-07 00:31:12,32.023,22.590,43.441,0,0,3624392,8545336,415344,3657476,44389.757,24033.322,0,452.784,0,42.697,4313,2823,2.130,2.320,1.950,8,0,84.401,0,0,16,137,0,26,0
03-07 00:31:13,40.522,12.257,46.025,0,0,3641892,8527816,415364,3657476,29484.124,15152.286,0,1008.552,0,50.027,3140,1897,2.130,2.320,1.950,2,0,1.001,0,0,16,137,0,26,0
03-07 00:31:14,37.252,10.751,51.003,0,0,3685620,8483988,415452,3657488,22214.317,14279.847,0,3896.231,0,196.012,3435,2518,2.040,2.300,1.940,2,0,0,0,0,16,138,0,26,0
03-07 00:31:15,20.156,9.456,69.425,0,0,3676900,8492696,415452,3657508,48585.624,35007.170,0,461.839,0,70.669,2924,1937,2.040,2.300,1.940,2,0,48.772,0,0,16,137,0,27,0
03-07 00:31:16,19.009,8.504,71.284,0,0,3682860,8486736,415452,3657508,48274.211,26242.618,0,52.025,0,5.002,2126,1587,2.040,2.300,1.940,1,0,8.004,0,0,16,137,0,27,0
03-07 00:31:17,22.835,5.771,71.767,0,0,3718984,8450608,415452,3657508,51262.434,26715.244,0,4.015,0,1.004,2025,1423,2.040,2.300,1.940,1,0,0,0,0,16,137,0,27,0
03-07 00:31:18,17.744,5.748,75.226,0,0,3721944,8447440,415452,3657716,39809.267,31110.050,0,2991.043,0,448.856,2914,1676,2.040,2.300,1.940,1,0,2.999,0,0,16,138,0,27,0
03-07 00:31:19,16.985,11.740,70.187,0,0,3712636,8456736,415452,3657728,15002.597,7649.167,0,3.996,0,0.999,2630,1799,1.950,2.280,1.940,1,0,50.954,0,0,16,137,0,28,0
03-07 00:31:20,23.872,7.211,68.134,0,0,3731032,8438340,415452,3657728,75546.693,1448364.379,0,35.807,0,0.995,3065,2235,1.950,2.280,1.940,1,0,1.989,0,0,16,137,0,28,0
03-07 00:31:21,20.260,5.753,72.785,0,0,3732104,8437252,415456,3657736,81735.483,1611400.393,0,120.058,0,12.006,2950,1990,1.950,2.280,1.940,1,0,7.003,0,0,16,138,0,28,0
03-07 00:31:22,20.265,6.254,73.052,0,0,3733280,8435992,415520,3657756,26136.783,311413.800,0,384.276,0,49.035,2634,2433,1.950,2.280,1.940,3,0,0,0,0,16,138,0,28,0
03-07 00:31:23,24.025,6.006,68.821,0,0,3727400,8441764,415592,3657788,27877.605,16050.469,0,1425.463,0,224.230,3492,3386,1.950,2.280,1.940,2,0,0,0,0,16,137,0,29,0
03-07 00:31:24,11.300,18.583,68.807,0,0,3646784,8522348,415600,3657812,30593.518,16107.878,0,269.201,0,12.054,3204,2208,1.880,2.260,1.930,2,0,84.377,0,0,16,137,0,29,0
03-07 00:31:25,22.236,6.496,70.456,0.250,0,3656320,8512772,415640,3657812,30754.620,15150.453,0,1087.315,0,55.965,2083,1536,1.880,2.260,1.930,2,0,0,0,0,16,137,0,29,0
03-07 00:31:26,18.507,5.002,75.529,0,0,3680440,8488620,415664,3657820,35710.740,20500.888,0,204.079,0,20.008,2120,1778,1.880,2.260,1.930,2,0,0,0,0,16,138,0,29,0
03-07 00:31:27,20.750,6.250,71.501,0,0,3580748,8588260,415700,3657836,33629.425,25807.326,0,192.002,0,19.000,2605,2006,1.880,2.260,1.930,3,0,20.000,0,0,16,137,0,30,0
03-07 00:31:28,16.257,13.506,69.279,0.250,0,3620056,8548940,415712,3657836,60169.151,34496.420,0,244.102,0,13.005,2849,2085,1.880,2.260,1.930,1,0,38.016,0,0,16,137,0,15,0
03-07 00:31:29,22.015,5.504,71.798,0,0,3664156,8504840,415712,3657836,29769.964,14895.989,0,76.051,0,7.005,1901,1280,1.810,2.240,1.930,1,0,0,0,0,16,137,0,15,0
03-07 00:31:30,16.478,4.744,77.896,0,0,3672436,8496552,415712,3657844,36357.631,21245.735,0,139.814,0,13.981,2065,1789,1.810,2.240,1.930,1,0,1.997,0,0,16,139,0,15,0
03-07 00:31:31,20.726,10.488,65.174,0,0,3672296,8496304,415972,3657960,14932.636,7515.261,0,2025.645,0,225.738,5216,7311,1.810,2.240,1.930,2,0,0.999,0,0,16,139,0,15,0
03-07 00:31:32,22.999,9.750,65.497,0,0,3674108,8494300,416048,3658068,25643.844,13265.402,0,1107.950,0,85.996,4137,5172,1.810,2.240,1.930,3,0,0,0,0,16,139,0,15,0
03-07 00:31:33,18.533,12.522,67.620,0.250,0,3622724,8545552,416100,3658148,16116.681,8911.860,0,785.398,0,60.107,4162,4191,1.810,2.240,1.930,2,0,53.094,0,0,16,138,0,16,0
03-07 00:31:34,18.996,8.498,71.735,0,0,3657836,8510404,416132,3658148,15407.692,8742.123,0,615.868,0,25.994,1938,1478,1.900,2.250,1.930,2,0,2.000,0,0,16,138,0,16,0
03-07 00:31:35,22.257,6.002,70.524,0,0,3695564,8472612,416196,3658148,44126.829,23161.783,0,2828.951,0,145.049,2179,1712,1.900,2.250,1.930,1,0,0,0,0,16,138,0,16,0
03-07 00:31:36,18.000,5.000,75.751,0,0,3700340,8467824,416196,3658160,49611.918,28376.525,0,48.001,0,4.000,2307,1820,1.900,2.250,1.930,2,0,2.000,0,0,16,139,0,16,0
03-07 00:31:37,16.994,8.747,73.723,0,0,3694192,8473920,416236,3658168,16947.894,9194.687,0,523.811,0,48.982,3029,3407,1.900,2.250,1.930,1,0,0,0,0,16,139,0,15,0
03-07 00:31:38,27.695,14.589,55.142,0.247,0,3721892,8445976,416296,3659796,15667.196,7216.406,0,2298.647,0,363.985,5637,8188,1.900,2.250,1.930,5,0,34.618,0,0,16,139,0,15,0
03-07 00:31:39,44.215,15.325,38.688,0.251,0,3716964,8450524,416356,3658640,15790.898,8364.734,0,647.151,0,60.294,5972,14491,1.990,2.260,1.940,4,0,4.020,0,0,16,138,0,17,0
03-07 00:31:40,23.400,17.110,58.375,0,0,3631540,8535704,416564,3658672,15431.107,7506.209,0,4021.830,0,201.293,4544,3862,1.990,2.260,1.940,1,0,77.498,0,0,16,138,0,17,0
03-07 00:31:41,21.247,6.999,71.241,0.250,0,3679392,8487824,416592,3658672,30339.983,17305.709,0,347.954,0,25.997,2204,1810,1.990,2.260,1.940,1,0,0,0,0,16,138,0,13,0
03-07 00:31:42,20.363,5.279,74.162,0,0,3707084,8460104,416620,3658672,50764.082,28595.900,0,309.721,0,24.134,2405,2070,1.990,2.260,1.940,3,0,2.011,0,0,16,139,0,13,0
03-07 00:31:43,17.665,6.220,73.396,0,0,3707000,8459880,416744,3658848,18287.902,10256.591,0,899.666,0,98.525,3214,3596,1.990,2.260,1.940,1,0,0,0,0,16,139,0,13,0
03-07 00:31:44,15.232,14.982,68.420,0,0,3667904,8498864,416828,3658856,31363.273,17198.860,0,619.275,0,48.943,3572,2831,1.910,2.240,1.930,1,0,88.896,0,0,16,138,0,14,0
03-07 00:31:45,22.259,16.007,60.275,0,0,3678252,8488384,416924,3658888,59940.838,32759.575,0,584.242,0,45.019,3966,3333,1.910,2.240,1.930,2,0,60.025,0,0,16,138,0,14,0
03-07 00:31:46,21.739,5.747,71.714,0,0,3718356,8448260,416944,3658888,29572.210,14908.544,0,499.750,0,44.978,1980,1366,1.910,2.240,1.930,3,0,0,0,0,16,138,0,14,0
03-07 00:31:47,18.754,5.251,74.267,0.250,0,3737988,8428352,417080,3659024,46228.344,26694.973,0,2068.463,0,101.023,2145,1753,1.910,2.240,1.930,1,0,0,0,0,16,139,0,14,0
03-07 00:31:48,20.670,4.285,74.867,0,0,3728916,8437388,417108,3659032,20282.099,13061.611,0,125.030,0,12.100,2406,1998,1.910,2.240,1.930,0,0,3.025,0,0,16,139,0,14,0
03-07 00:31:49,19.356,6.700,71.716,0,0,3723292,8442920,417188,3659040,15825.151,7858.478,0,329.546,0,39.704,3213,3743,1.840,2.220,1.930,1,0,0,0,0,16,139,0,14,0
03-07 00:31:50,23.235,10.993,63.958,0.250,0,3720504,8445688,417304,3658944,15199.957,7453.076,0,791.477,0,87.942,4482,5557,1.840,2.220,1.930,1,0,0,0,0,16,139,0,14,0
03-07 00:31:51,18.246,10.248,70.236,0,0,3716504,8449516,417316,3659100,25909.672,13425.239,0,287.941,0,13.997,2961,2961,1.840,2.220,1.930,1,0,2.000,0,0,16,139,0,14,0
03-07 00:31:52,38.206,16.731,43.700,0,0,3717016,8448520,417464,3659408,2696.911,1586.183,0,807.076,0,81.906,5758,6591,1.840,2.220,1.930,2,0,0.999,0,0,16,138,0,15,0
03-07 00:31:53,33.917,21.946,42.396,0,0,3637712,8527692,417564,3659436,30655.963,16798.881,0,2597.642,0,388.050,6741,6011,1.840,2.220,1.930,3,0,111.727,0,0,16,138,0,15,0
03-07 00:31:54,29.654,26.689,39.292,0,0,3639676,8525428,417788,3659488,60167.037,34556.829,0,1063.591,0,98.847,6984,7085,1.850,2.210,1.930,6,0,147.282,0,0,16,138,0,15,0
03-07 00:31:55,20.577,12.448,67.320,0,0,3681388,8483656,417824,3659512,45472.475,23710.720,0,707.237,0,27.436,2807,2362,1.850,2.210,1.930,1,0,28.452,0,0,16,138,0,15,0
03-07 00:31:56,21.757,5.752,71.522,0,0,3722160,8442844,417856,3659520,33616.251,17890.456,0,520.159,0,35.011,2232,1793,1.850,2.210,1.930,1,0,0,0,0,16,139,0,15,0
03-07 00:31:57,19.724,4.994,74.403,0,0,3724592,8440324,417924,3659536,34574.142,19438.780,0,539.300,0,41.946,2620,2466,1.850,2.210,1.930,1,0,1.997,0,0,16,138,0,15,0
03-07 00:31:58,9.510,20.521,68.070,0,0,3687976,8476940,417944,3659516,45501.916,24435.195,0,316.326,0,17.018,3867,2597,1.850,2.210,1.930,2,0,123.127,0,0,16,138,0,15,0
03-07 00:31:59,5.995,23.481,68.945,0,0,3691480,8473380,417964,3659548,60465.949,34488.592,0,267.787,0,14.988,4184,2799,1.780,2.190,1.920,1,0,138.890,0,0,16,138,0,15,0
03-07 00:32:00,6.472,24.645,66.218,0,0,3679040,8485712,418052,3659560,45350.155,24758.717,0,1262.631,0,60.742,4364,2883,1.780,2.190,1.920,4,0,131.441,0,0,16,138,0,15,0
03-07 00:32:01,6.535,26.892,65.849,0,0,3678952,8485764,418084,3659564,60239.180,31565.250,0,217.151,0,19.101,4504,2958,1.780,2.190,1.920,2,0,137.730,0,0,16,138,0,14,0
03-07 00:32:02,7.748,23.494,66.484,0,0,3668436,8496140,418084,3660148,71191.962,37678.982,0,19.995,0,4.999,4446,3142,1.780,2.190,1.920,4,0,111.973,0,0,16,138,0,14,0
03-07 00:32:03,17.432,25.289,54.014,0,0,3644332,8520224,418124,3660056,45505.592,22094.804,0,251.412,0,17.677,5075,6102,1.780,2.190,1.920,2,0,112.939,0,0,16,138,0,14,0
03-07 00:32:04,19.743,24.552,54.926,0,0,3642260,8522188,418148,3659716,60952.798,31764.747,0,206.541,0,12.149,4566,4279,1.720,2.170,1.920,2,0,72.897,0,0,16,138,0,14,0
03-07 00:32:05,27.413,27.665,44.515,0,0,3699640,8464744,418164,3659764,45728.304,25407.296,0,185.102,0,9.054,4742,2718,1.720,2.170,1.920,4,0,133.797,0,0,16,138,0,12,0
03-07 00:32:06,26.744,27.994,43.490,0.250,0,3742700,8421640,418196,3659772,71712.074,40039.108,0,279.938,0,22.995,5019,3075,1.720,2.170,1.920,5,0,132.970,0,0,16,138,0,12,0
03-07 00:32:07,29.648,27.156,40.361,0,0,3753236,8410360,418556,3660060,60531.575,31252.390,0,4456.655,0,221.238,5997,5003,1.720,2.170,1.920,1,0,125.568,0,0,16,144,0,12,0
03-07 00:32:08,9.493,26.481,62.706,0,0,3755204,8408148,418556,3660276,45897.561,23729.229,0,11.992,0,2.998,4533,3549,1.720,2.170,1.920,3,0,131.907,0,0,16,144,0,12,0
03-07 00:32:09,27.825,36.098,34.594,0,0,3800672,8359212,418616,3663652,60531.217,31655.880,0,7115.303,0,679.844,9346,9791,1.980,2.220,1.930,2,0,147.400,0,0,16,150,0,12,0
03-07 00:32:10,11.515,27.536,59.828,0,0,3792832,8367012,418628,3664132,59768.848,30709.999,0,260.339,0,12.016,4849,5212,1.980,2.220,1.930,2,0,132.172,0,0,16,150,0,12,0
03-07 00:32:11,17.484,23.728,57.696,0,0,3782116,8377660,418664,3664104,44538.056,23483.884,0,1314.762,0,25.976,4250,4540,1.980,2.220,1.930,1,0,73.930,0,0,16,150,0,12,0
03-07 00:32:12,37.535,28.151,30.127,2.222,0,3839628,8318944,418884,3664840,44803.803,24717.704,896.886,359.545,70.131,21.731,4747,3460,1.980,2.220,1.930,4,1,88.898,0,0,18,150,0,12,0
03-07 00:32:13,57.758,33.735,7.411,2.045,0,3924052,8231856,419020,3666920,62635.046,35049.292,2232.621,208.542,156.406,15.334,5602,3348,1.980,2.220,1.930,4,0,177.874,0,0,18,150,1,11,0
03-07 00:32:14,46.575,31.789,19.714,0,0,4007376,8148476,419064,3666928,45261.326,24749.469,0,626.918,0,42.386,5477,3191,2.060,2.230,1.940,5,0,136.029,0,0,18,150,1,11,0
03-07 00:32:15,55.001,28.491,14.370,0,0,4036960,8117732,419080,3668024,59904.183,34639.538,0,134.776,0,11.892,6431,6347,2.060,2.230,1.940,7,0,161.534,0,0,18,166,1,11,0
03-07 00:32:16,14.676,27.833,56.678,0,0,4035720,8117184,419096,3669748,61367.238,33907.694,0,336.020,0,36.436,5359,6726,2.060,2.230,1.940,3,0,131.574,0,0,18,166,1,11,0
03-07 00:32:17,13.496,25.743,58.733,0.250,0,4039180,8113672,419132,3669760,70781.896,36407.659,0,559.841,0,74.979,4624,3066,2.060,2.230,1.940,3,0,124.965,0,0,18,168,1,11,0
03-07 00:32:18,16.051,26.083,56.431,0,0,4039284,8113512,419148,3670240,45131.470,23455.082,0,252.809,0,15.048,5148,5658,2.060,2.230,1.940,1,0,126.405,0,0,18,172,1,10,0
03-07 00:32:19,17.977,22.222,58.425,0,0,4053516,8099208,419156,3670248,44463.121,22886.723,0,443.433,0,27.964,4143,4809,2.700,2.360,1.980,1,0,75.903,0,0,18,172,1,10,0
03-07 00:32:20,22.247,26.497,49.494,0,0,4062988,8089652,419164,3669784,60157.884,33372.053,0,111.987,0,5.999,4610,2979,2.700,2.360,1.980,3,0,106.987,0,0,18,172,1,10,0
03-07 00:32:21,29.690,29.690,39.421,0,0,4105744,8046848,419180,3669816,56611.351,30834.100,0,870.253,0,9.980,8169,2872,2.700,2.360,1.980,3,0,132.734,0,0,18,172,1,10,0
03-07 00:32:22,26.491,28.490,44.485,0,0,4142608,8009968,419184,3669824,61005.298,34094.430,0,195.934,0,6.998,4819,2894,2.700,2.360,1.980,4,0,135.954,0,0,18,172,1,9,0
03-07 00:32:23,14.060,27.367,56.491,0,0,4159224,7993296,419192,3669868,61216.211,33042.995,0,4.017,0,1.004,4706,2817,2.700,2.360,1.980,2,0,168.720,0,0,19,172,1,9,0
03-07 00:32:24,10.993,25.484,61.460,0,0,4157176,7995320,419212,3669872,60647.757,33694.197,0,8950.209,0,741.520,5222,3120,2.720,2.370,1.990,1,0,138.910,0,0,19,176,1,9,0
03-07 00:32:25,26.821,25.331,45.694,0,0,4161604,7990836,419248,3669892,61031.806,32794.662,0,365.555,0,22.847,4934,3394,2.720,2.370,1.990,3,0,145.030,0,0,19,190,1,9,0
03-07 00:32:26,8.535,25.104,65.270,0,0,4165056,7987324,419276,3669900,46005.491,23790.507,0,405.680,0,28.116,4476,3196,2.720,2.370,1.990,1,0,126.524,0,0,19,192,1,8,0
03-07 00:32:27,7.233,24.941,65.347,0,0,4159092,7993276,419288,3669900,60345.419,31254.671,0,287.326,0,21.949,4478,3232,2.720,2.370,1.990,1,0,123.710,0,0,19,192,1,8,0
03-07 00:32:28,17.347,22.877,58.576,0,0,4170564,7981760,419288,3670308,45069.939,22366.532,0,8.045,0,2.011,4386,4689,2.720,2.370,1.990,1,0,84.470,0,0,19,192,1,8,0
03-07 00:32:29,23.671,27.159,47.839,0,0,4177308,7974836,419316,3670044,98511.284,2258555.710,0,450.488,0,24.916,6555,5971,2.590,2.350,1.980,2,0,110.629,0,0,19,192,1,8,0
03-07 00:32:30,26.784,29.037,42.804,0,0,4218324,7933812,419316,3670052,92510.235,1204362.247,0,76.096,0,3.004,5428,2939,2.590,2.350,1.980,4,0,141.179,0,0,19,192,1,7,0
03-07 00:32:31,26.246,27.496,44.743,0,0,4264352,7887776,419316,3670060,60864.611,34948.609,0,0,0,0,4758,2763,2.590,2.350,1.980,2,0,137.979,0,0,19,192,1,7,0
03-07 00:32:32,31.704,26.462,40.192,0,0,4280080,7871804,419320,3670300,56009.704,29151.687,0,91.867,0,4.993,5125,3405,2.590,2.350,1.980,5,0,133.806,0,0,19,198,1,7,0
03-07 00:32:33,6.019,25.328,66.706,0,0,4286120,7865740,419340,3670304,60755.951,32117.356,0,244.757,0,13.040,4327,3029,2.590,2.350,1.980,3,0,130.403,0,0,19,198,1,7,0
03-07 00:32:34,35.214,41.208,21.728,0,0,4337756,7811300,419364,3673512,60562.895,31004.206,0,543.443,0,28.970,8336,12375,2.860,2.410,2.010,1,0,172.823,0,0,19,204,1,5,0
03-07 00:32:35,16.764,22.519,59.300,0,0,4336320,7812664,419376,3673512,44857.711,22923.271,0,152.128,0,7.006,4507,5264,2.860,2.410,2.010,2,0,78.066,0,0,19,204,1,5,0
03-07 00:32:36,21.389,22.384,55.213,0,0,4358320,7790596,419392,3673052,66611.725,33499.854,0,194.986,0,12.933,3984,2856,2.860,2.410,2.010,6,0,75.607,0,0,19,204,1,5,0
03-07 00:32:37,26.366,30.635,41.683,0,0,4407164,7741716,419416,3673064,50284.874,34770.729,0,237.041,0,22.097,5032,3065,2.860,2.410,2.010,3,0,163.719,0,0,19,204,1,5,0
03-07 00:32:38,27.194,28.691,42.912,0,0,4445856,7703000,419424,3673080,60635.045,32577.402,0,75.845,0,4.990,4988,3035,2.860,2.410,2.010,2,0,156.680,0,0,19,204,1,5,0
03-07 00:32:39,41.832,38.304,19.656,0,0,4517120,7628512,419484,3679584,61454.917,33086.690,0,778.178,0,54.432,7906,18861,3.670,2.590,2.070,4,0,235.873,0,0,20,211,1,5,0
03-07 00:32:40,5.928,25.934,64.463,0,0,4501812,7643796,419504,3676204,59896.057,32394.671,0,217.348,0,15.807,4762,3793,3.670,2.590,2.070,1,0,170.914,0,0,19,210,1,6,0
03-07 00:32:41,6.787,26.898,65.108,0.251,0,4494292,7651280,419532,3676212,45646.961,24603.266,0,237.305,0,23.127,4576,3278,3.670,2.590,2.070,3,0,166.918,0,0,19,210,1,6,0
03-07 00:32:42,8.192,25.320,63.795,0,0,4495160,7650384,419556,3676216,61062.856,31976.133,0,2363.160,0,28.795,4684,3323,3.670,2.590,2.070,3,0,145.960,0,0,19,212,1,4,0
03-07 00:32:43,11.849,24.455,62.775,0,0,4501396,7644120,419576,3676224,60957.769,34316.981,0,169.417,0,13.110,4381,2964,3.670,2.590,2.070,1,0,145.214,0,0,19,216,1,4,0
03-07 00:32:44,7.215,24.880,65.435,0,0,4507384,7637896,419584,3676448,60516.081,31526.443,0,334.392,0,18.909,4298,2886,3.540,2.580,2.060,4,0,127.388,0,0,19,216,1,4,0
03-07 00:32:45,7.281,25.859,65.275,0,0,4503304,7641956,419592,3676456,48263.003,25372.722,0,831.497,0,111.469,4442,3118,3.540,2.580,2.060,2,0,127.536,0,0,19,216,1,4,0
03-07 00:32:46,9.097,25.078,62.448,0,0,4504928,7640252,419604,3677008,62044.285,33082.942,0,165.218,0,15.735,5245,4740,3.540,2.580,2.060,5,0,140.632,0,0,19,216,1,3,0
03-07 00:32:47,19.083,29.006,51.651,0,0,4492368,7652796,419604,3677008,56694.088,28664.075,0,333.824,0,68.190,5301,6522,3.540,2.580,2.060,1,0,106.864,0,0,19,216,1,3,0
03-07 00:32:48,22.000,18.500,59.250,0,0,4498044,7647036,419616,3676536,45101.211,22726.106,0,148.001,0,6.000,3736,2596,3.540,2.580,2.060,2,0,61.000,0,0,19,216,1,3,0
03-07 00:32:49,41.176,21.711,35.686,0.250,0,4576592,7568416,419668,3676552,60515.609,31701.219,0,483.135,0,41.925,4412,2817,3.410,2.570,2.060,2,0,61.889,0,0,19,222,1,3,0
03-07 00:32:50,41.786,11.260,46.290,0,0,4643868,7501132,419676,3676552,59622.697,30576.512,0,40.035,0,3.003,3130,1814,3.410,2.570,2.060,3,0,1.001,0,0,19,222,1,3,0
03-07 00:32:51,39.203,13.561,45.120,0,0,4745692,7398596,419696,3677196,40276.719,19799.589,0,67.064,0,5.917,3167,1888,3.410,2.570,2.060,4,0,4.931,0,0,19,224,1,3,0
03-07 00:32:52,32.965,9.129,58.323,0,0,4774132,7370120,419712,3677212,31919.252,16729.993,0,154.175,0,11.157,3139,2423,3.410,2.570,2.060,2,0,7.100,0,0,19,227,1,3,0
03-07 00:32:53,21.992,12.745,64.227,0,0,4713632,7430436,419724,3677364,44814.706,22507.817,0,743.730,0,8.997,3269,2234,3.410,2.570,2.060,1,0,61.977,0,0,19,226,1,3,0
03-07 00:32:54,21.658,47.548,28.877,0,0,4746208,7397812,419728,3677420,49153.177,24360.507,0,175.255,0,11.949,5514,3578,3.380,2.580,2.070,7,0,234.006,0,0,19,226,1,2,0
03-07 00:32:55,35.348,49.136,11.783,3.259,0,4787420,7354716,420292,3678528,57861.970,33853.594,1255.471,12979.885,104.288,1164.219,7701,4531,3.380,2.580,2.070,4,0,143.396,0,0,19,226,1,2,0
03-07 00:32:56,36.466,43.710,16.485,1.998,0,4791888,7344192,420348,3684268,66773.652,38935.228,1502.619,379.651,58.946,24.977,8135,12445,3.380,2.580,2.070,3,0,130.880,0,0,19,227,1,2,0
03-07 00:32:57,30.803,25.794,42.573,0,0,4788380,7347596,420392,3684296,55163.085,28328.831,0,440.760,0,32.055,5218,3950,3.380,2.580,2.070,6,0,126.218,0,0,19,228,1,3,0
03-07 00:32:58,26.748,30.463,40.864,0,0,4724544,7411396,420424,3684312,54364.931,29834.437,0,1129.342,0,30.710,5071,3445,3.380,2.580,2.070,2,0,130.766,0,0,19,228,1,2,0
03-07 00:32:59,29.062,29.317,40.789,0,0,4761164,7374560,420544,3684404,61668.377,32869.543,4.079,3324.276,1.020,130.524,5575,4460,3.270,2.570,2.070,4,0,124.405,0,0,19,228,1,2,0
03-07 00:33:00,36.699,27.029,34.964,0.248,0,4762288,7373164,420560,3684584,52780.815,28642.467,15.870,162.668,0.992,13.886,5617,6530,3.270,2.570,2.070,3,0,91.253,0,0,19,229,1,2,0
03-07 00:33:01,34.739,23.992,39.488,0,0,4770760,7364616,420604,3684592,64660.681,36618.493,0,311.902,0,28.991,5234,5872,3.270,2.570,2.070,2,0,87.972,0,0,19,231,1,2,0
03-07 00:33:02,64.825,25.237,8.165,0,0,4772796,7362492,420636,3685084,57018.650,31838.679,0,328.581,0,21.773,5269,3763,3.270,2.570,2.070,5,0,130.641,0,0,19,235,1,3,0
03-07 00:33:03,73.700,15.396,12.115,0,0,4877304,7257408,421000,3685288,44720.951,23049.018,0,1865.729,0,253.408,6021,5499,3.270,2.570,2.070,7,0,3.029,0,0,19,235,1,3,0
03-07 00:33:04,58.400,13.535,26.067,1.003,0,4938944,7194516,421072,3686388,36629.817,21234.386,729.869,765.962,7.018,36.092,4706,4448,3.330,2.590,2.080,5,0,9.023,0,0,19,242,1,3,0
03-07 00:33:05,59.743,12.695,26.386,0,0,4972668,7158548,421224,3688132,19905.250,12395.601,0,1716.605,0,65.717,4830,4836,3.330,2.590,2.080,3,0,4.979,0,0,19,241,1,6,0
03-07 00:33:06,34.662,25.685,37.904,0,0,4950516,7180480,421244,3688356,26650.233,12879.250,0,394.996,0,19.949,5029,3628,3.330,2.590,2.080,3,0,111.716,0,0,19,240,1,8,0
03-07 00:33:07,27.128,27.382,45.890,0,0,4986280,7144700,421256,3688360,62297.410,37365.871,0,352.920,0,22.311,5016,3073,3.330,2.590,2.080,2,0,149.078,0,0,19,241,1,8,0
03-07 00:33:08,21.244,26.678,49.404,0,0,4992300,7138416,421356,3688520,54158.210,32265.496,0,2047.285,0,98.807,5114,3751,3.330,2.590,2.080,2,0,125.485,0,0,19,241,1,8,0
03-07 00:33:09,24.288,29.095,45.287,0,0,4929768,7200876,421416,3688528,63589.661,33844.119,0,837.931,0,40.480,5388,3909,3.380,2.610,2.090,2,0,132.571,0,0,19,240,1,9,0
03-07 00:33:10,25.974,30.303,39.442,0,0,4961644,7168976,421428,3689020,58353.466,31051.174,0,446.364,0,11.544,5372,4158,3.380,2.610,2.090,6,0,135.641,0,0,19,240,1,9,0
03-07 00:33:11,36.330,31.435,33.754,0,0,5007776,7122756,421472,3689016,51961.352,29290.100,0,647.249,0,38.134,5968,6427,3.380,2.610,2.090,2,0,112.341,0,0,19,241,1,9,0
03-07 00:33:12,36.414,26.687,35.915,0,0,5019472,7110968,421528,3688564,50378.618,28063.498,0,1492.463,0,42.898,5077,3873,3.380,2.610,2.090,4,0,69.835,0,0,19,240,1,10,0
03-07 00:33:13,45.575,31.628,20.671,0,0,5019428,7110980,421548,3688576,60499.410,34736.456,0,219.157,0,12.950,5342,3029,3.380,2.610,2.090,4,0,142.452,0,0,19,240,1,10,0
03-07 00:33:14,47.812,30.966,19.818,0,0,5078340,7052016,421556,3688620,60755.175,33996.420,0,186.293,0,13.873,5141,2895,3.430,2.640,2.100,5,0,131.792,0,0,19,240,1,10,0
03-07 00:33:15,47.215,30.551,22.724,0,0,5107236,7022120,421656,3689440,51256.903,29099.644,0,1171.540,0,66.657,6200,5751,3.430,2.640,2.100,5,0,121.194,0,0,19,243,1,12,0
03-07 00:33:16,29.696,26.172,42.782,0,0,5114124,7014360,421720,3690208,66553.370,37738.574,128.849,531.501,1.007,45.298,5491,5321,3.430,2.640,2.100,2,0,124.822,0,0,19,248,1,13,0
03-07 00:33:17,29.020,36.025,33.523,0,0,5130700,6997772,421732,3690688,67138.754,35264.557,0,168.117,0,10.007,5632,5068,3.430,2.640,2.100,2,0,146.102,0,0,19,248,1,13,0
03-07 00:33:18,38.188,24.710,36.191,0,0,5131556,6996824,421748,3690700,48486.446,24733.928,0,670.913,0,13.977,4619,4438,3.430,2.640,2.100,2,0,85.861,0,0,19,248,1,13,0
03-07 00:33:19,36.578,24.803,37.830,0,0,5155652,6972700,421768,3690236,51233.002,29455.669,0,637.356,0,14.030,4682,3162,3.400,2.640,2.110,3,0,68.145,0,0,19,249,1,13,0
03-07 00:33:20,45.985,28.431,24.228,0,0,5118560,7009776,421768,3690252,65301.980,39674.261,0,221.517,0,51.424,5471,3196,3.400,2.640,2.110,4,0,154.271,0,0,19,248,1,14,0
03-07 00:33:21,48.523,32.936,17.348,0,0,5188332,6939888,421788,3690344,94704.778,1837760.038,0,639.605,0,80.453,6144,4174,3.400,2.640,2.110,3,0,124.703,0,0,19,250,1,14,0
03-07 00:33:22,41.632,32.353,25.832,0,0,5229504,6897220,421884,3691692,100936.054,1542974.552,0,951.016,0,60.191,7629,8471,3.400,2.640,2.110,1,0,130.414,0,0,19,255,1,15,0
03-07 00:33:23,21.224,26.967,49.690,0,0,5228704,6897996,421884,3691700,52070.148,29537.346,0,1118.650,0,130.842,4881,2883,3.400,2.640,2.110,5,0,123.851,0,0,19,256,1,15,0
03-07 00:33:24,31.958,28.462,38.199,0,0,5204316,6922348,421924,3692200,62545.208,33167.096,0,431.429,0,32.956,5754,6104,3.290,2.630,2.110,6,0,126.832,0,0,19,254,1,16,0
03-07 00:33:25,37.781,28.273,32.777,0,0,5187756,6938856,421968,3692204,45465.877,23228.841,0,428.347,0,19.015,5073,4929,3.290,2.630,2.110,2,0,85.069,0,0,19,254,1,16,0
03-07 00:33:26,41.488,24.993,32.490,0,0,5226676,6899920,422004,3691680,47730.733,25853.272,0,13471.973,0,1125.664,6721,3229,3.290,2.630,2.110,3,0,56.983,0,0,19,257,1,16,0
03-07 00:33:27,42.208,28.139,26.905,0,0,5266700,6859752,422068,3691756,68466.935,40130.751,0,375.183,0,32.582,5385,3900,3.290,2.630,2.110,3,0,115.517,0,0,19,257,1,16,0
03-07 00:33:28,59.640,19.288,22.333,0,0,5302200,6823972,422112,3691988,47296.092,23936.350,0,312.668,0,29.440,4367,2709,3.290,2.630,2.110,5,0,8.121,0,0,19,256,1,17,0
03-07 00:33:29,62.836,13.375,23.974,0,0,5397168,6728756,422140,3692168,31470.615,17089.441,0,254.373,0,12.113,4203,2091,3.260,2.640,2.110,2,0,2.019,0,0,19,259,1,18,0
03-07 00:33:30,52.257,18.487,26.868,0,0,5457540,6667560,422196,3692916,26613.701,17692.511,11.832,366.786,0.986,31.552,5363,5602,3.260,2.640,2.110,6,0,8.874,0,0,19,263,1,22,0
03-07 00:33:31,52.882,13.534,33.584,0,0,5409732,6715260,422268,3692948,22456.056,14271.625,898.242,505.261,7.018,51.128,4860,3915,3.260,2.640,2.110,5,0,10.025,0,0,19,265,1,23,0
03-07 00:33:32,60.601,16.277,21.536,0,0,5466304,6658500,422304,3693100,15949.680,8113.572,256.429,741.240,2.003,31.052,4428,2745,3.260,2.640,2.110,3,0,7.012,0,0,19,268,1,24,0
03-07 00:33:33,39.749,33.999,22.749,3.000,0,5487948,6632860,422868,3696284,58815.146,33473.945,3671.884,1042.967,81.997,39.999,5643,4365,3.260,2.640,2.110,1,1,144.995,0,0,19,269,1,24,0
03-07 00:33:34,36.728,34.979,26.734,0.250,0,5514804,6605504,423048,3696568,68868.217,41897.580,1259.236,1163.294,20.987,67.959,5796,4385,3.320,2.660,2.120,5,0,136.917,0,0,19,269,1,24,0
03-07 00:33:35,39.545,37.815,20.514,0.247,0,5415984,6704144,423204,3696580,46276.135,25425.774,506.182,2748.412,3.955,162.137,5906,4423,3.320,2.660,2.120,3,0,144.341,0,0,19,268,1,25,0
03-07 00:33:36,45.613,34.525,20.161,0,0,5428264,6691828,423224,3696592,72054.857,37186.157,258.055,286.280,2.016,17.136,5266,3052,3.320,2.660,2.120,4,0,130.036,0,0,19,268,1,25,0
03-07 00:33:37,40.097,32.875,25.403,0,0,5451112,6668940,423248,3696604,68131.563,37458.363,510.058,573.815,3.985,27.894,5403,3510,3.320,2.660,2.120,4,0,133.492,0,0,19,269,1,25,0
03-07 00:33:38,35.159,35.410,28.127,0,0,5445336,6674656,423284,3696620,53467.507,30936.738,385.742,462.087,3.014,34.154,5448,3925,3.320,2.660,2.120,4,0,118.535,0,0,19,268,1,26,0
03-07 00:33:39,37.967,33.004,27.793,0,0,5375540,6744412,423296,3697020,60102.517,30704.881,254.104,186.608,1.985,6.948,5537,6073,3.220,2.650,2.120,3,0,178.667,0,0,19,268,1,26,0
03-07 00:33:40,38.822,32.520,28.234,0,0,5379984,6739768,423340,3696768,45286.464,23462.525,516.280,338.809,4.033,22.184,5345,19783,3.220,2.650,2.120,1,0,82.686,0,0,19,270,1,27,0
03-07 00:33:41,57.096,32.805,9.516,0,0,5426884,6692644,423400,3697380,61551.066,34057.028,256.429,460.772,2.003,37.062,5263,3824,3.220,2.650,2.120,3,0,153.257,0,0,20,273,1,27,0
03-07 00:33:42,61.122,15.531,22.545,0,0,5482620,6636844,423436,3697388,44423.955,22809.674,641.284,252.506,5.010,25.050,4304,2545,3.220,2.650,2.120,3,0,8.016,0,0,20,273,1,27,0
03-07 00:33:43,61.581,16.657,22.462,0,0,5553428,6565484,423460,3697844,30001.154,15058.120,262.477,670.327,3.029,28.267,4408,2786,3.220,2.650,2.120,2,0,6.057,0,0,20,275,1,27,0
03-07 00:33:44,59.879,16.243,20.606,0.242,0,5565984,6551496,423580,3699068,14995.464,7360.035,252.122,674.912,2.909,55.273,5783,5298,3.200,2.660,2.120,9,0,31.030,0,0,20,276,1,28,0
03-07 00:33:45,28.330,31.618,38.700,0,0,5604888,6512512,423632,3699092,57106.519,29901.953,388.521,428.992,3.035,38.447,5211,3591,3.200,2.660,2.120,4,0,146.707,0,0,20,280,1,28,0
03-07 00:33:46,20.647,17.625,61.436,0,0,5636100,6481272,423652,3699100,50876.334,30626.516,257.831,213.516,2.014,12.086,3767,3395,3.200,2.660,2.120,1,0,52.372,0,0,20,284,1,28,0
03-07 00:33:47,18.010,10.506,70.291,0,0,5633028,6484308,423672,3699112,60738.142,26738.471,512.296,144.083,4.002,10.006,2643,1932,3.200,2.660,2.120,1,0,5.003,0,0,20,285,1,28,1
03-07 00:33:48,21.830,13.048,61.727,0,0,5618712,6492388,423744,3705104,6518035.967,171155.289,385.417,646.377,3.011,50.185,12101,7868,3.200,2.660,2.120,1,0,6.022,0,0,20,284,1,28,0
03-07 00:33:49,15.679,12.941,61.720,0,0,5611556,6489272,423764,3715080,10673768.286,237929.033,254.844,306.610,1.991,22.896,17147,12755,3.100,2.650,2.120,1,0,8.959,0,0,20,283,1,28,0
03-07 00:33:50,6.225,22.411,67.483,1.494,0,5611440,6487036,423776,3717388,45791.638,26881.533,2290.927,1494.083,27.890,11.953,4369,3200,3.100,2.650,2.120,5,0,136.460,0,0,20,283,1,28,0
03-07 00:33:51,10.486,21.472,65.165,0,0,5611880,6486412,423816,3717532,56830.304,31493.161,0,8832.546,0,890.845,5717,3319,3.100,2.650,2.120,2,0,114.851,0,0,20,283,1,28,0
03-07 00:33:52,23.414,10.826,64.956,0,0,5622112,6476120,423848,3717560,60014.003,30824.235,0,362.543,0,22.155,2974,2579,3.100,2.650,2.120,1,0,2.014,0,0,20,283,1,28,0
03-07 00:33:53,24.993,6.748,67.232,0,0,5659280,6438928,423848,3717568,31779.305,16697.431,0,47.987,0,3.999,2805,2329,3.100,2.650,2.120,0,0,1.999,0,0,20,284,1,28,0
03-07 00:33:54,26.221,5.744,66.927,0,0,5656112,6442060,423864,3717592,23196.608,14420.215,0,922.990,0,131.856,3068,2532,2.930,2.620,2.120,3,0,4.995,0,0,20,293,1,29,0
03-07 00:33:55,24.026,5.756,67.823,0,0,5653240,6444840,423908,3717620,15288.563,7303.913,0,264.286,0,28.030,4267,4881,2.930,2.620,2.120,1,0,0,0,0,20,293,1,29,0
03-07 00:33:56,9.729,4.241,80.573,0.499,0,5648852,6449128,423988,3717636,282702.400,8523697.421,0,510.878,0,55.877,4407,3084,2.930,2.620,2.120,0,0,1.996,0,0,20,293,1,31,0
03-07 00:33:57,2.006,3.259,91.504,0,0,5647204,6450748,424012,3717640,273285.510,7913436.873,0,280.780,0,22.061,3125,1830,2.930,2.620,2.120,0,0,2.006,0,0,20,293,1,31,0
03-07 00:33:58,22.706,5.739,65.622,0,0,5643140,6454788,424012,3717664,3666585.193,129649.609,0,11.977,0,1.996,8835,6086,2.930,2.620,2.120,1,0,0.998,0,0,20,297,1,31,0
03-07 00:33:59,18.502,6.001,73.508,0,0,5615460,6478596,424084,3721464,605645.488,23842.736,0,560.064,0,47.005,4254,4293,2.860,2.610,2.120,1,0,1.000,0,0,20,298,1,31,0
03-07 00:34:00,3.011,3.764,90.332,0,0,5617976,6474848,424096,3722560,1068136.628,80415.620,0,228.841,0,12.044,3605,3143,2.860,2.610,2.120,5,0,2.007,0,0,20,298,1,30,0
03-07 00:34:01,8.896,11.614,70.674,0,0,5618108,6468616,424140,3728448,6290528.171,144918.466,0,941.003,0,45.469,12233,10509,2.860,2.610,2.120,1,0,0,0,0,20,298,1,30,0
03-07 00:34:02,19.163,9.834,66.820,0,0,5618312,6462876,424168,3733812,5685457.415,101830.064,0,278.373,0,27.232,7894,7504,2.860,2.610,2.120,1,0,0,0,0,20,295,1,34,0
03-07 00:34:03,9.976,23.195,64.597,0,0,5540312,6540836,424208,3733796,11700.205,5632.619,0,267.365,0,22.945,4066,2701,2.860,2.610,2.120,1,0,135.678,0,0,20,295,1,34,0
03-07 00:34:04,6.248,24.494,66.234,0,0,5543964,6537120,424224,3733844,46149.572,46350.522,0,375.907,0,20.995,4789,3449,2.710,2.580,2.110,5,0,174.957,0,0,20,295,1,33,0
03-07 00:34:05,12.030,22.807,62.154,0.251,0,5564412,6516560,424260,3733912,61420.165,34804.226,0,16388.602,0,52.129,4422,3582,2.710,2.580,2.110,1,0,158.392,0,0,20,295,1,33,0
03-07 00:34:06,21.591,6.949,69.240,0,0,5601672,6479292,424268,3733912,40675.390,19994.721,0,83.386,0,11.912,2335,1887,2.710,2.580,2.110,1,0,1.985,0,0,20,295,1,33,0
03-07 00:34:07,23.769,5.004,69.557,0,0,5631888,6449064,424280,3733912,29806.281,14669.951,0,120.098,0,12.010,2156,1616,2.710,2.580,2.110,1,0,0,0,0,20,295,1,33,0
03-07 00:34:08,8.520,21.549,68.658,0,0,5628344,6452596,424284,3733920,45930.436,25931.527,0,64.147,0,4.009,3832,2727,2.710,2.580,2.110,2,0,110.253,0,0,20,295,1,28,0
03-07 00:34:09,6.539,23.388,67.649,0,0,5620516,6460364,424332,3733932,61265.132,34006.454,0,716.222,0,42.249,4503,3370,2.570,2.550,2.100,1,0,124.735,0,0,20,295,1,28,0
03-07 00:34:10,6.735,22.947,67.096,0,0,5602608,6478260,424336,3733940,60611.587,33105.853,0,119.725,0,6.984,4239,2925,2.570,2.550,2.100,1,0,126.709,0,0,20,295,1,28,0
03-07 00:34:11,6.256,23.023,68.068,0,0,5607228,6473624,424364,3733928,61444.990,33873.623,0,324.322,0,25.025,4461,3322,2.570,2.550,2.100,1,0,120.119,0,0,20,295,1,28,0
03-07 00:34:12,8.252,30.506,58.261,0,0,5600584,6480196,424380,3733972,60796.625,37047.084,0,2444.467,0,451.086,5179,3510,2.570,2.550,2.100,1,0,150.029,0,0,20,295,1,27,0
03-07 00:34:13,3.502,9.755,85.545,0,0,5587776,6493000,424380,3733976,45597.887,23340.227,0,0,0,0,2289,1965,2.570,2.550,2.100,0,0,49.026,0,0,20,295,1,27,0
03-07 00:34:14,13.245,7.747,78.723,0,0,5605872,6474872,424412,3733976,44937.675,22824.216,0,395.865,0,26.991,2223,2216,2.450,2.530,2.100,2,0,8.997,0,0,20,295,1,27,0
03-07 00:34:15,23.518,5.754,69.304,0,0,5644192,6436544,424416,3733976,44298.435,21979.085,0,84.065,0,12.009,2381,1980,2.450,2.530,2.100,2,0,2.002,0,0,20,295,1,27,0
03-07 00:34:16,17.832,5.449,74.548,0,0,5654800,6425936,424416,3733976,20935.838,12986.699,0,3.963,0,0.991,2040,1622,2.450,2.530,2.100,1,0,0,0,0,20,296,1,23,0
03-07 00:34:17,20.556,6.518,71.194,0,0,5613068,6467652,424416,3733992,33171.207,17945.803,0,4.011,0,1.003,2771,2234,2.450,2.530,2.100,1,0,21.057,0,0,20,299,1,24,0
03-07 00:34:18,6.539,20.624,68.915,2.012,0,5614784,6465004,424432,3734896,41513.139,23666.604,486.934,4.024,15.091,1.006,3896,2776,2.450,2.530,2.100,0,1,96.582,0,0,20,299,1,24,0
03-07 00:34:19,2.746,6.491,68.409,20.473,0,5606360,6455956,424608,3752016,44145.106,22733.671,13601.854,18579.213,175.766,170.772,2946,3092,2.330,2.500,2.090,0,1,0,0,0,20,299,1,24,0
03-07 00:34:20,3.497,8.743,71.196,14.739,0,5592620,6453912,424628,3767488,30256.150,20230.721,14888.756,59.955,155.882,2.998,2295,2104,2.330,2.500,2.090,0,1,15.988,0,0,20,299,1,23,0
03-07 00:34:21,6.012,16.783,69.134,6.012,0,5586860,6450688,424640,3776412,71731.359,46209.776,8809.114,248.483,84.164,8.016,3621,2642,2.330,2.500,2.090,1,0,48.093,0,0,20,299,1,23,0
03-07 00:34:22,7.238,16.223,68.138,6.240,0,5573256,6456844,424652,3783812,45071.174,26416.730,7196.213,75.876,76.874,6.989,3291,2626,2.330,2.500,2.090,1,0,41.931,0,0,20,299,1,23,0
03-07 00:34:23,7.014,16.783,68.133,6.012,0,5574772,6445676,424652,3793428,61764.224,44863.327,8997.514,4.008,98.191,1.002,3484,2590,2.330,2.500,2.090,1,0,41.080,0,0,20,299,1,23,0
03-07 00:34:24,7.226,18.689,67.032,5.981,0,5570760,6446668,424676,3796400,60773.232,38622.315,2751.048,1957.629,29.903,395.712,4342,2702,2.300,2.490,2.090,3,0,58.809,0,0,20,299,1,21,0
03-07 00:34:25,8.028,20.069,67.732,2.258,0,5569128,6445996,424704,3798676,61165.622,37398.168,2251.717,313.073,21.072,24.083,4063,3102,2.300,2.490,2.090,1,0,68.234,0,0,20,299,1,21,0
03-07 00:34:26,7.993,17.235,67.940,4.996,0,5564704,6445764,424724,3803272,46024.645,26964.357,4372.166,131.884,50.955,14.987,3639,2857,2.300,2.490,2.090,1,0,47.958,0,0,20,299,1,21,0
03-07 00:34:27,8.003,17.257,65.525,6.502,0,5562144,6441792,424748,3809780,73664.168,691378.372,6022.303,288.110,72.028,26.010,4261,3829,2.300,2.490,2.090,1,0,40.015,0,0,20,299,1,21,0
03-07 00:34:28,12.239,20.232,62.443,3.247,0,5559224,6440880,424748,3813576,106342.058,2427269.292,3408.892,3.996,44.959,0.999,5144,3274,2.300,2.490,2.090,0,1,55.949,0,0,20,299,1,21,0
03-07 00:34:29,13.749,23.249,56.498,3.750,0,5563208,6432844,424764,3817560,70197.384,402788.987,3831.857,287.989,47.998,17.999,4461,2901,2.200,2.470,2.080,3,0,85.997,0,0,20,299,1,20,0
03-07 00:34:30,38.710,14.674,46.553,0,0,5611984,6384056,424768,3817564,61008.209,32121.835,259.080,48.577,2.024,3.036,3334,2085,2.200,2.470,2.080,3,0,6.072,0,0,20,299,1,20,0
03-07 00:34:31,37.355,14.596,46.260,0,0,5654024,6342008,424768,3817568,45132.275,22602.750,633.297,0,4.948,0,3255,1865,2.200,2.470,2.080,2,0,4.948,0,0,20,299,1,20,0
03-07 00:34:32,38.424,13.386,46.356,0,0,5706980,6289028,424768,3817576,29547.943,14950.968,253.843,27.764,1.983,1.983,3257,2011,2.200,2.470,2.080,2,0,2.975,0,0,20,299,1,20,0
03-07 00:34:33,22.667,7.052,69.261,0,0,5724236,6271756,424784,3817576,25929.265,13439.132,0,157.159,0,12.089,2380,1952,2.200,2.470,2.080,5,0,5.037,0,0,20,303,1,13,0
03-07 00:34:34,26.220,3.995,68.670,0,0,5726188,6269740,424836,3817588,45206.631,24501.616,0,675.218,0,47.944,2746,2615,2.100,2.440,2.080,1,0,0.999,0,0,20,303,1,13,0
03-07 00:34:35,22.290,6.762,69.124,0,0,5662116,6333748,424876,3817612,44983.008,23319.996,0,188.339,0,26.047,2509,2236,2.100,2.440,2.080,2,0,5.009,0,0,20,299,1,13,0
03-07 00:34:36,22.749,6.250,69.747,0,0,5655504,6340348,424884,3817612,57935.639,29558.795,0,83.997,0,6.000,2311,1815,2.100,2.440,2.080,1,0,0,0,0,20,299,1,13,0
03-07 00:34:37,23.323,5.707,68.481,0,0,5660328,6335484,424920,3817616,44270.634,22366.565,0,305.684,0,22.827,2419,1976,2.100,2.440,2.080,2,0,1.985,0,0,20,299,1,12,0
03-07 00:34:38,19.656,10.332,70.307,0,0,5688264,6307540,424928,3817616,17258.740,7638.519,0,76.607,0,6.048,2250,1781,2.100,2.440,2.080,2,0,4.032,0,0,20,299,1,12,0
03-07 00:34:39,15.991,4.498,77.708,0,0,5690760,6305020,424940,3817628,39753.340,24528.635,0,99.946,0,11.993,2441,2447,1.930,2.400,2.070,1,0,0,0,0,20,302,1,13,0
03-07 00:34:40,32.578,10.859,53.309,0,0,5714100,6281652,424940,3820900,28176.682,18633.413,0,225.082,0,3.949,3697,9653,1.930,2.400,2.070,2,0,38.501,0,0,20,307,1,14,0
03-07 00:34:41,24.575,10.387,64.857,0,0,5611496,6384220,424964,3817648,59279.390,31321.926,0,121.607,0,13.174,3122,4645,1.930,2.400,2.070,1,0,15.201,0,0,20,299,1,13,0
03-07 00:34:42,20.219,7.988,69.644,0,0,5641452,6354232,424996,3817648,44555.274,21854.780,0,243.630,0,20.968,2457,2366,1.930,2.400,2.070,2,0,0,0,0,20,299,1,13,0
03-07 00:34:43,22.735,6.496,69.954,0,0,5677200,6318484,424996,3817648,30139.193,14582.417,0,2322.474,0,451.703,2988,1577,1.930,2.400,2.070,3,0,1.999,0,0,20,299,1,13,0
03-07 00:34:44,23.998,4.250,70.493,0,0,5671548,6324112,425020,3817648,15513.494,7295.292,0,315.969,0,17.998,2015,1482,1.860,2.380,2.060,1,0,0,0,0,20,299,1,13,0
03-07 00:34:45,18.315,12.544,68.241,0,0,5596732,6398768,425040,3817780,15149.477,7484.420,0,409.445,0,22.078,3191,2560,1.860,2.380,2.060,1,0,57.202,0,0,20,299,1,11,0
03-07 00:34:46,6.229,24.418,65.779,0,0,5592564,6402904,425040,3817792,49088.302,26287.801,510.288,279.064,3.987,5.980,4144,2987,1.860,2.380,2.060,3,0,122.589,0,0,20,299,1,11,0
03-07 00:34:47,7.015,23.301,67.396,0,0,5584808,6410652,425040,3817800,57650.999,33464.558,0,4.009,0,1.002,4230,2900,1.860,2.380,2.060,3,0,131.285,0,0,20,299,1,11,0
03-07 00:34:48,7.258,25.278,65.073,0,0,5579308,6416088,425044,3817860,72423.797,66434.115,0,120.134,0,8.009,4615,3133,1.860,2.380,2.060,1,0,160.179,0,0,20,299,1,11,0
03-07 00:34:49,11.749,17.998,67.494,0,0,5586992,6408388,425068,3817852,61160.264,33720.837,0,343.968,0,36.997,4054,3045,1.790,2.360,2.060,1,0,107.990,0,0,20,299,1,11,0
03-07 00:34:50,16.746,13.496,67.482,0,0,5606436,6388908,425076,3817876,45495.154,23891.779,0,35.991,0,2.999,3037,2278,1.790,2.360,2.060,1,0,57.985,0,0,20,299,1,11,0
03-07 00:34:51,22.972,5.993,69.415,0,0,5608564,6386740,425088,3817872,55936.491,27837.905,0,99.878,0,5.993,2232,1691,1.790,2.360,2.060,1,0,0.999,0,0,20,299,1,11,0
03-07 00:34:52,13.004,6.502,78.525,0,0,5620380,6374896,425108,3817880,50124.793,24185.620,0,172.054,0,10.003,2275,2104,1.790,2.360,2.060,1,0,19.006,0,0,20,300,1,11,0
03-07 00:34:53,22.779,5.006,71.591,0,0,5628976,6360164,425124,3822812,31701.187,15714.921,0,893.132,0,16.020,2103,1571,1.790,2.360,2.060,3,0,1.001,0,0,20,299,1,11,0
03-07 00:34:54,22.761,6.185,68.529,0,0,5634576,6353388,425124,3823988,30413.216,14982.465,0,7.917,0,0.990,2405,2020,1.730,2.330,2.050,2,0,2.969,0,0,20,299,1,11,0
03-07 00:34:55,25.467,13.112,58.246,0,0,5654124,6333180,425176,3824384,60900.202,31068.362,0,1573.388,0,95.815,7128,12033,1.730,2.330,2.050,2,0,11.094,0,0,20,299,1,11,0
03-07 00:34:56,20.879,11.069,67.418,0,0,5671100,6315220,425212,3825212,29988.806,15141.817,0,474.943,0,22.137,3032,2776,1.730,2.330,2.050,1,0,9.056,0,0,20,299,1,13,0
03-07 00:34:57,18.911,5.474,73.406,0,0,5624824,6361268,425248,3825364,36046.071,23859.184,0,505.630,0,25.879,2417,2400,1.730,2.330,2.050,1,0,0,0,0,20,300,1,10,0
03-07 00:34:58,22.750,10.500,63.249,0,0,5645232,6340680,425252,3825536,61316.390,34793.654,0,71.999,0,5.000,6409,11318,1.730,2.330,2.050,1,0,9.000,0,0,20,300,1,10,0
03-07 00:34:59,16.511,11.508,69.546,0.250,0,5645628,6340132,425268,3825628,29671.746,14667.761,0,616.410,0,22.015,2364,1709,1.670,2.310,2.040,1,0,12.008,0,0,20,300,1,10,0
03-07 00:35:00,20.237,8.994,70.203,0,0,5613044,6372796,425268,3825548,30684.575,15417.737,0,87.941,0,0.999,2286,1745,1.670,2.310,2.040,1,0,1.999,0,0,20,300,1,10,0
03-07 00:35:01,19.756,9.003,68.521,0,0,5567044,6425488,425428,3819588,47363.366,23491.125,0,636.193,0,22.007,2677,2067,1.670,2.310,2.040,1,0,15.005,0,0,20,299,1,10,0
03-07 00:35:02,6.754,23.264,67.789,0,0,5570384,6422140,425428,3819596,61215.617,33573.534,0,0,0,0,4328,3143,1.670,2.310,2.040,1,0,141.082,0,0,20,299,1,10,0
03-07 00:35:03,10.931,20.869,65.090,0,0,5582652,6409872,425428,3819596,70488.391,38452.008,0,0,0,0,3833,2781,1.670,2.310,2.040,2,0,113.287,0,0,20,299,1,10,0
03-07 00:35:04,21.733,6.995,70.196,0,0,5631536,6360984,425428,3819600,30273.646,15132.327,0,3.997,0,0.999,2301,1936,1.610,2.290,2.040,1,0,1.998,0,0,20,299,1,10,0
03-07 00:35:05,25.083,6.772,67.723,0,0,5659980,6332280,425456,3819832,30473.510,15879.374,0,654.158,0,27.089,2469,2049,1.610,2.290,2.040,1,0,2.007,0,0,20,300,1,6,0
03-07 00:35:06,18.016,4.504,75.315,0,0,5659940,6332280,425476,3819852,46860.559,28064.290,0,172.149,0,15.013,2520,2284,1.610,2.290,2.040,1,0,0,0,0,20,299,1,9,1
03-07 00:35:07,16.742,12.994,68.468,0,0,5571888,6420328,425492,3819840,20395.574,10811.004,0,63.970,0,5.997,3159,2334,1.610,2.290,2.040,2,0,58.973,0,0,20,299,1,10,0
03-07 00:35:08,15.785,14.783,68.401,0,0,5594548,6397648,425492,3819860,45632.029,24476.190,0,0,0,0,3039,2338,1.610,2.290,2.040,2,0,56.124,0,0,20,299,1,10,0
03-07 00:35:09,23.188,6.233,68.817,0.249,0,5638840,6353308,425516,3819868,44601.602,22607.985,0,275.269,0,20.944,2509,2155,1.560,2.270,2.030,2,0,0.997,0,0,20,299,1,10,0
03-07 00:35:10,19.269,5.505,74.073,0,0,5658488,6333652,425516,3819876,24871.532,13504.320,0,60.059,0,4.004,2158,1740,1.560,2.270,2.030,1,0,2.002,0,0,20,300,1,10,0
03-07 00:35:11,21.037,8.265,69.373,0,0,5650652,6341464,425532,3819884,29743.645,18199.212,0,312.553,0,18.032,2858,2339,1.560,2.270,2.030,1,0,28.050,0,0,20,299,1,11,0
03-07 00:35:12,16.661,17.158,64.157,0,0,5677664,6314436,425548,3819884,30197.579,15538.937,0,95.490,0,11.936,3300,2587,1.560,2.270,2.030,2,0,47.745,0,0,20,299,1,11,0
03-07 00:35:13,22.988,5.997,70.212,0,0,5704112,6287980,425556,3819884,30730.552,15143.894,0,39.979,0,2.998,2118,1556,1.560,2.270,2.030,4,0,1.999,0,0,20,299,1,11,0
03-07 00:35:14,18.676,5.478,73.706,0,0,5712268,6279664,425580,3820020,35553.323,20808.082,0,1904.411,0,363.551,2632,1745,1.440,2.230,2.020,2,0,0,0,0,20,300,1,11,0
03-07 00:35:15,23.414,4.280,71.754,0,0,5712268,6279664,425608,3819992,23423.385,15133.205,0,294.064,0,21.148,2570,2379,1.440,2.230,2.020,2,0,0,0,0,20,299,1,12,0
03-07 00:35:16,14.998,14.498,68.739,0,0,5664524,6327360,425620,3820032,30599.942,18073.013,0,139.977,0,9.998,3141,2261,1.440,2.230,2.020,1,0,57.990,0,0,20,299,1,12,0
03-07 00:35:17,22.972,6.564,70.179,0,0,5675360,6316524,425620,3820032,45520.450,22709.737,0,4.039,0,1.010,2253,1733,1.440,2.230,2.020,1,0,0,0,0,20,299,1,12,0
03-07 00:35:18,19.580,4.709,74.353,0,0,5685832,6306044,425620,3820040,46179.403,25891.833,0,0,0,0,2191,1823,1.440,2.230,2.020,1,0,0.991,0,0,20,300,1,11,0
03-07 00:35:19,23.224,4.745,70.420,0,0,5650720,6341148,425620,3820048,19971.294,12148.189,0,215.755,0,46.947,2423,1888,1.400,2.210,2.020,1,0,1.998,0,0,20,299,1,14,0
03-07 00:35:20,17.927,11.615,70.192,0,0,5642580,6349284,425620,3820052,45614.998,24103.787,0,0,0,0,2645,2122,1.400,2.210,2.020,1,0,32.319,0,0,20,299,1,14,0
03-07 00:35:21,22.860,5.715,69.574,0,0,5663404,6328452,425624,3820056,40313.897,20889.955,0,2611.990,0,78.519,2322,1687,1.400,2.210,2.020,2,0,0,0,0,20,299,1,14,0
03-07 00:35:22,18.747,5.499,73.488,0,0,5675480,6316352,425640,3820064,35761.151,21104.548,0,111.982,0,7.999,2226,1884,1.400,2.210,2.020,0,0,2.000,0,0,20,300,1,14,0
03-07 00:35:23,17.756,5.002,76.525,0,0,5641640,6350184,425676,3820036,35740.631,20841.782,0,300.098,0,33.011,2630,2599,1.400,2.210,2.020,1,0,5.002,0,0,20,299,1,16,0
03-07 00:35:24,16.740,12.243,68.710,0,0,5650076,6341708,425676,3820076,44862.820,23962.017,0,0,0,0,2822,2230,1.370,2.190,2.010,1,0,41.976,0,0,20,299,1,16,0
03-07 00:35:25,23.682,6.731,68.305,0,0,5676140,6315568,425744,3820084,29979.477,14851.633,0,690.032,0,56.838,2622,2405,1.370,2.190,2.010,2,0,1.994,0,0,20,299,1,16,0
03-07 00:35:26,19.038,5.761,73.646,0,0,5683892,6307716,425844,3820088,36070.402,20599.778,0,1755.475,0,102.202,2664,2654,1.370,2.190,2.010,1,0,0,0,0,20,300,1,16,0
03-07 00:35:27,22.751,4.750,71.502,0,0,5679628,6311956,425860,3820096,20561.677,12000.395,0,112.004,0,14.000,2544,2199,1.370,2.190,2.010,1,0,0,0,0,20,299,1,19,0
03-07 00:35:28,15.984,13.237,69.180,0,0,5601352,6390232,425860,3820096,30274.271,16089.669,0,3.996,0,0.999,2648,2099,1.370,2.190,2.010,2,0,34.965,0,0,20,299,1,19,0
03-07 00:35:29,22.080,5.706,69.962,0.248,0,5640476,6351100,425868,3820096,46261.315,23364.361,0,218.321,0,11.908,2109,1623,1.420,2.190,2.010,1,0,0,0,0,20,299,1,19,0
03-07 00:35:30,18.903,5.545,74.857,0,0,5661640,6329932,425868,3820100,21162.499,13371.360,0,4.033,0,1.008,2111,1771,1.420,2.190,2.010,1,0,0,0,0,20,300,1,19,0
03-07 00:35:31,18.498,4.749,75.241,0,0,5661808,6329680,425932,3820120,35657.670,21383.403,0,339.959,0,31.996,2625,2541,1.420,2.190,2.010,1,0,2.000,0,0,20,299,1,20,0
03-07 00:35:32,13.726,16.721,67.384,0,0,5615884,6375596,425932,3820128,60365.404,31971.133,0,31.945,0,1.997,3557,2517,1.420,2.190,2.010,2,0,87.849,0,0,20,299,1,20,0
03-07 00:35:33,20.031,9.014,69.858,0,0,5628768,6362696,425948,3820128,54963.131,27783.032,0,360.558,0,18.028,2332,1997,1.420,2.190,2.010,1,0,0,0,0,20,299,1,20,0
03-07 00:35:34,22.809,6.694,67.682,0,0,5662396,6329056,425960,3820128,29404.217,14470.552,0,99.168,0,9.917,2285,1878,1.390,2.170,2,1,0,1.983,0,0,20,299,1,20,0
03-07 00:35:35,18.180,5.808,74.741,0,0,5675896,6315532,425980,3820132,21202.245,13232.213,0,274.724,0,22.220,2284,2051,1.390,2.170,2,1,0,0,0,0,20,300,1,20,0
03-07 00:35:36,22.773,4.505,71.073,0,0,5630748,6360660,425992,3820140,45479.795,30866.760,0,52.054,0,6.006,2299,1790,1.390,2.170,2,2,0,0,0,0,20,299,1,22,0
03-07 00:35:37,16.999,12.999,68.745,0,0,5626400,6364980,426008,3820152,44772.792,26278.117,0,131.991,0,12.999,2942,2377,1.390,2.170,2,1,0,48.996,0,0,20,299,1,22,0
03-07 00:35:38,22.748,6.000,70.495,0,0,5659160,6332220,426008,3820152,29648.995,14591.013,0,0,0,0,2174,1627,1.390,2.170,2,1,0,1.000,0,0,20,299,1,22,0
03-07 00:35:39,17.138,5.961,75.012,0,0,5679024,6312352,426008,3820156,35465.159,20330.669,0,0,0,0,2086,1712,1.280,2.130,1.990,2,0,0,0,0,20,300,1,22,0
03-07 00:35:40,21.887,4.277,72.705,0,0,5649560,6341808,426008,3820164,18775.607,10577.254,0,4.025,0,1.006,2338,1915,1.280,2.130,1.990,1,0,5.032,0,0,20,299,1,24,0
03-07 00:35:41,27.736,17.991,52.223,0.250,0,5628184,6363176,426068,3820184,44621.152,23296.071,0,279.857,0,36.981,3948,13176,1.280,2.130,1.990,2,0,46.976,0,0,20,299,1,25,0
03-07 00:35:42,24.018,7.005,67.801,0,0,5636428,6354844,426084,3820184,56414.325,1049275.229,0,96.072,0,12.009,3206,2989,1.280,2.130,1.990,2,0,1.001,0,0,20,300,1,22,0
03-07 00:35:43,18.253,5.251,75.010,0,0,5624240,6367008,426096,3820196,39623.521,815201.595,0,112.016,0,12.002,2769,2408,1.280,2.130,1.990,1,0,4.001,0,0,20,300,1,22,0
03-07 00:35:44,27.421,10.470,58.082,0,0,5624836,6366016,426288,3820400,57947.221,1199487.038,0,1040.986,0,132.616,6840,8620,1.170,2.090,1.980,3,0,4.986,0,0,20,300,1,22,0
03-07 00:35:45,21.569,8.778,67.464,0,0,5551648,6439148,426328,3820416,26042.758,398578.591,0,2873.130,0,501.594,3642,2738,1.170,2.090,1.980,1,0,5.016,0,0,20,299,1,23,0
03-07 00:35:46,22.196,6.983,70.329,0,0,5603296,6387488,426340,3820416,44658.727,22481.495,0,147.642,0,7.981,2266,1806,1.170,2.090,1.980,1,0,1.995,0,0,20,299,1,23,0
03-07 00:35:47,19.044,6.014,72.917,0,0,5626896,6363800,426460,3820384,35837.971,20864.723,0,3115.125,0,165.378,2654,2587,1.170,2.090,1.980,1,0,0,0,0,20,300,1,23,0
03-07 00:35:48,18.474,5.742,73.396,0,0,5626636,6363800,426524,3820580,30086.232,17139.636,0,287.591,0,41.940,3113,3414,1.170,2.090,1.980,1,0,0.999,0,0,20,300,1,23,0
03-07 00:35:49,20.364,10.430,65.809,0.248,0,5627620,6362596,426576,3820748,29752.566,14860.390,0,468.857,0,47.680,4320,5019,1.160,2.080,1.980,2,0,1.987,0,0,20,300,1,23,0
03-07 00:35:50,14.872,15.880,67.807,0,0,5596456,6393732,426620,3820732,2342.242,1236.155,0,576.738,0,71.588,3782,3033,1.160,2.080,1.980,3,0,100.828,0,0,20,299,1,24,0
03-07 00:35:51,5.487,26.186,64.344,0,0,5602236,6387904,426632,3820768,71346.706,38729.929,0,203.506,0,11.971,4774,3168,1.160,2.080,1.980,3,0,169.588,0,0,20,299,1,24,0
03-07 00:35:52,6.263,27.555,62.125,0,0,5599052,6390988,426728,3820772,61326.969,32054.273,0,2136.284,0,133.267,5122,3745,1.160,2.080,1.980,1,0,174.350,0,0,20,299,1,24,0
03-07 00:35:53,6.001,28.005,64.262,0,0,5598476,6391564,426728,3820772,60583.589,31297.987,0,20.004,0,5.001,4693,3173,1.160,2.080,1.980,3,0,176.034,0,0,20,299,1,24,0
03-07 00:35:54,5.751,26.755,65.512,0,0,5588352,6401676,426736,3820776,46017.543,24276.507,0,152.028,0,13.002,4654,3224,1.310,2.090,1.980,1,0,175.032,0,0,20,299,1,24,0
03-07 00:35:55,6.745,26.230,63.700,0,0,5592832,6397168,426760,3820780,60874.657,31673.367,0,387.698,0,26.979,4911,3587,1.310,2.090,1.980,5,0,180.859,0,0,20,299,1,24,0
03-07 00:35:56,7.247,26.989,64.725,0,0,5585032,6404952,426776,3820780,60787.144,31767.533,0,147.942,0,15.994,4972,3562,1.310,2.090,1.980,1,0,170.933,0,0,20,299,1,24,0
03-07 00:35:57,7.717,26.885,61.735,0,0,5580888,6409044,426800,3820808,60820.016,32006.657,0,338.547,0,26.885,5072,3945,1.310,2.090,1.980,4,0,169.274,0,0,20,299,1,24,0
03-07 00:35:58,8.536,28.621,61.510,0,0,5578300,6411620,426804,3820816,46246.185,23922.969,0,100.424,0,9.038,4867,3423,1.310,2.090,1.980,2,0,174.737,0,0,20,299,1,24,0
03-07 00:35:59,10.753,27.507,60.266,0.250,0,5577380,6412472,426852,3820836,60892.119,32380.571,0,320.085,0,29.008,5110,4018,1.280,2.070,1.980,2,0,169.045,0,0,20,299,1,24,0
03-07 00:36:00,16.510,28.017,52.531,0.250,0,5570680,6419068,426912,3820876,61302.289,31928.901,0,2197.301,0,381.226,6613,5347,1.280,2.070,1.980,1,0,162.096,0,0,20,299,1,24,0
03-07 00:36:01,6.495,26.729,64.450,0,0,5563464,6426276,426920,3820876,60705.108,32522.878,0,159.877,0,9.992,4632,3231,1.280,2.070,1.980,1,0,178.862,0,0,20,299,1,24,0
03-07 00:36:02,6.753,26.011,65.279,0,0,5563324,6426384,426952,3820876,57178.186,30039.232,0,788.347,0,49.022,4795,3334,1.280,2.070,1.980,2,0,169.074,0,0,20,299,1,24,0
03-07 00:36:03,6.004,27.267,64.541,0,0,5566100,6423608,426952,3820876,60202.230,30991.681,0,280.178,0,4.003,4650,3230,1.280,2.070,1.980,4,0,173.110,0,0,20,299,1,24,0
03-07 00:36:04,6.995,26.982,64.207,0,0,5567940,6421760,426952,3820884,60953.938,32787.912,0,15.989,0,3.997,4890,3532,1.260,2.050,1.970,2,0,174.882,0,0,20,299,1,24,0
03-07 00:36:05,6.503,27.765,63.033,0,0,5571116,6418404,427088,3820924,60784.105,31986.895,0,3469.833,0,170.090,5150,4120,1.260,2.050,1.970,1,0,169.089,0,0,20,299,1,24,0
03-07 00:36:06,6.749,26.747,64.994,0,0,5570672,6418848,427120,3820892,71320.196,38090.366,0,195.981,0,17.998,4614,3284,1.260,2.050,1.970,2,0,168.984,0,0,20,299,1,24,0
03-07 00:36:07,5.741,26.709,64.900,0,0,5574940,6414532,427120,3820936,45671.768,24045.024,0,15.975,0,3.994,4486,3279,1.260,2.050,1.970,1,0,166.744,0,0,20,299,1,20,0
03-07 00:36:08,6.230,26.416,65.044,0,0,5576960,6412508,427120,3820940,61287.681,31817.121,0,7.975,0,1.994,4621,3264,1.260,2.050,1.970,1,0,173.450,0,0,20,299,1,20,0
03-07 00:36:09,6.768,27.321,64.418,0,0,5582636,6406820,427128,3820944,60974.866,32478.621,0,120.313,0,9.024,4660,3264,1.320,2.050,1.970,3,0,171.447,0,0,20,299,1,20,0
03-07 00:36:10,6.014,25.808,66.400,0,0,5569136,6420292,427152,3820948,60828.671,32395.319,0,216.490,0,22.050,4562,3227,1.320,2.050,1.970,3,0,161.365,0,0,20,299,1,20,0
03-07 00:36:11,11.735,17.728,68.664,0,0,5586424,6402956,427180,3820968,60490.273,32595.194,0,343.570,0,21.972,3823,2987,1.320,2.050,1.970,1,0,88.889,0,0,20,299,1,19,0
03-07 00:36:12,12.766,20.526,65.583,0,0,5581288,6512888,427196,3724340,44819.654,22400.315,0,428.542,0,13.016,3161,2983,1.320,2.050,1.970,2,0,45.057,0,0,20,299,1,19,0
03-07 00:36:13,16.002,11.251,70.509,0,0,5594840,6503076,427304,3723336,29779.852,14829.918,0,8.001,0,2.000,2208,1734,1.320,2.050,1.970,2,0,6.001,0,0,20,299,1,19,0
03-07 00:36:14,23.747,6.499,69.492,0,0,5600552,6494536,427432,3725816,59685.814,30288.353,0,2707.674,0,33.996,2636,2461,1.290,2.040,1.970,1,0,0,0,0,20,299,1,19,0
03-07 00:36:15,22.584,5.956,69.489,0,0,5615624,6477428,427452,3727612,29626.053,14624.414,0,353.400,0,11.912,2593,2247,1.290,2.040,1.970,2,0,16.876,0,0,20,299,1,19,0
03-07 00:36:16,17.882,4.533,77.068,0,0,5627832,6464856,427480,3727900,27088.791,13891.455,0,1797.256,0,200.479,2362,1702,1.290,2.040,1.970,1,0,2.015,0,0,20,300,1,19,0
03-07 00:36:17,16.499,3.500,78.744,0.250,0,5627272,6464856,427588,3728308,35277.153,21906.232,0,1907.846,0,63.995,1982,1818,1.290,2.040,1.970,0,0,0,0,0,20,300,1,19,0
03-07 00:36:18,20.005,4.751,74.770,0.250,0,5651480,6440412,427628,3728436,35901.642,18553.983,0,812.218,0,24.006,2034,1665,1.290,2.040,1.970,1,0,1.000,0,0,20,300,1,19,0
03-07 00:36:19,20.245,2.999,74.981,0,0,5651216,6440412,427672,3728604,28112.954,17001.739,0,1151.711,0,34.991,2185,1870,1.190,2,1.950,0,0,1.999,0,0,20,300,1,15,0
03-07 00:36:20,21.743,2.999,74.727,0,0,5658676,6432600,427700,3728884,26155.951,14341.586,0,915.718,0,25.992,1950,1578,1.190,2,1.950,1,0,0,0,0,20,300,1,15,0
03-07 00:36:21,19.003,5.001,75.264,0,0,5649744,6424564,427760,3745640,23170.245,13773.523,0,1072.196,0,37.007,1975,1622,1.190,2,1.950,2,0,0,0,0,20,300,1,15,0
03-07 00:36:22,23.195,5.487,69.585,0.249,0,5658452,6407988,427808,3753044,15091.190,7506.189,0,1025.566,0,44.893,2483,2145,1.190,2,1.950,1,0,2.993,0,0,20,300,1,15,0
03-07 00:36:23,23.032,5.758,70.848,0.250,0,5665148,6390272,427976,3762348,484.670,70.097,0,712.986,0,31.043,2226,1879,1.190,2,1.950,2,0,0,0,0,20,300,1,13,0
03-07 00:36:24,22.994,5.499,70.482,0,0,5659592,6381044,428044,3775828,15755.874,7691.986,0,1627.574,0,42.989,2382,2118,1.170,1.980,1.950,1,0,0,0,0,20,300,1,13,0
03-07 00:36:25,24.501,5.500,69.752,0,0,5670692,6356656,428104,3788064,834.026,0,0,1232.038,0,54.002,2528,2408,1.170,1.980,1.950,2,0,2.000,0,0,20,300,1,13,0
03-07 00:36:26,22.406,6.042,70.491,0.252,0,5673208,6339924,428256,3800352,15420.499,7673.493,0,2521.578,0,114.800,2711,2732,1.170,1.980,1.950,1,0,0,0,0,20,300,1,13,0
03-07 00:36:27,23.345,5.712,69.042,0,0,5673004,6329240,428348,3809356,480.813,0,0,6898.269,0,217.558,2839,2474,1.170,1.980,1.950,1,0,0,0,0,20,300,1,10,0
03-07 00:36:28,23.246,6.249,70.488,0,0,5673296,6305928,428440,3830472,15304.292,7522.669,0,1499.735,0,48.991,2503,2255,1.170,1.980,1.950,2,0,2.999,0,0,20,300,1,10,0
03-07 00:36:29,29.495,8.749,60.241,0.500,0,5693432,6285892,428512,3828856,1033.842,65.990,0,2071.683,0,70.989,2793,2240,1.160,1.970,1.940,2,0,2.000,0,0,20,299,1,10,1
03-07 00:36:30,40.157,12.970,46.642,0,0,5677424,6309848,428512,3820936,757.246,107.750,383.112,327.242,2.993,4.988,3155,1773,1.160,1.970,1.940,2,0,5.986,0,0,20,299,1,10,0
03-07 00:36:31,36.161,15.851,46.316,0,0,5693088,6294180,428512,3820944,1020.433,488.421,634.056,883.715,4.954,192.198,3737,2098,1.160,1.970,1.940,2,0,39.628,0,0,20,300,1,9,0
03-07 00:36:32,32.480,11.672,55.825,0,0,5691924,6289784,428536,3825904,52080.472,26180.813,259.839,1392.575,2.030,19.285,3110,2075,1.160,1.970,1.940,1,0,5.075,0,0,20,299,1,9,0
03-07 00:36:33,21.210,6.987,69.869,0,0,5683132,6296944,428552,3827340,40641.700,21250.106,0,491.078,0,11.978,3268,3735,1.160,1.970,1.940,1,0,5.989,0,0,20,299,1,9,0
03-07 00:36:34,20.994,11.747,64.481,0,0,5704160,6274888,428552,3828232,30104.170,15367.493,0,3.999,0,1.000,6693,12407,1.150,1.950,1.940,1,0,9.997,0,0,20,299,1,9,0
03-07 00:36:35,20.506,8.502,69.020,0.250,0,5705268,6273628,428584,3828352,15192.452,7460.186,0,2164.634,0,32.009,3161,3690,1.150,1.950,1.940,1,0,5.001,0,0,20,299,1,9,0
03-07 00:36:36,20.008,13.005,64.024,0,0,5707576,6271276,428592,3828384,25958.737,13108.917,0,180.068,0,10.004,6007,10699,1.150,1.950,1.940,2,0,8.003,0,0,20,299,1,9,0
03-07 00:36:37,16.972,11.481,70.386,0,0,5703824,6274992,428600,3828376,15163.382,7607.649,0,311.494,0,7.987,2310,1852,1.150,1.950,1.940,1,0,8.985,0,0,20,299,1,9,0
03-07 00:36:38,20.525,7.509,70.836,0.250,0,5646824,6339944,428612,3821064,15389.600,7695.301,0,224.271,0,11.013,2291,1858,1.150,1.950,1.940,1,0,6.007,0,0,20,299,1,9,0
03-07 00:36:39,20.256,8.753,70.021,0,0,5619336,6367400,428636,3821072,484.148,0,0,604.185,0,21.006,3085,3054,1.130,1.940,1.930,1,0,46.014,0,0,20,299,1,9,0
03-07 00:36:40,22.243,10.247,63.729,0,0,5628920,6357800,428640,3821080,45347.822,27482.802,0,227.924,0,4.998,7497,14303,1.130,1.940,1.930,2,0,6.998,0,0,20,299,1,7,0
03-07 00:36:41,31.046,15.399,52.655,0,0,5645664,6341016,428664,3824536,44478.328,22774.652,0,313.941,0,21.857,3895,9503,1.130,1.940,1.930,6,0,55.635,0,0,21,300,1,7,0
03-07 00:36:42,21.381,8.804,68.672,0,0,5667812,6318840,428684,3821096,30612.971,15570.607,0,986.055,0,199.223,3042,3686,1.130,1.940,1.930,1,0,17.105,0,0,20,300,1,8,0
03-07 00:36:43,18.742,5.498,74.219,0,0,5673328,6307784,428716,3826180,36064.871,18036.434,0,1015.574,0,23.990,2037,1697,1.130,1.940,1.930,1,0,2.999,0,0,20,299,1,8,0
03-07 00:36:44,22.280,6.259,71.097,0,0,5664024,6315756,428736,3827344,15147.606,7305.939,0,464.632,0,12.016,2297,1941,1.120,1.920,1.930,1,0,3.004,0,0,20,299,1,5,0
03-07 00:36:45,21.996,11.748,62.238,0,0,5674504,6304480,428772,3828008,15065.027,7294.561,0,539.893,0,26.995,6854,13066,1.120,1.920,1.930,2,0,4.999,0,0,20,299,1,5,0
03-07 00:36:46,17.593,10.407,69.877,0,0,5662784,6315600,428784,3828500,15336.272,7296.945,0,364.748,0,4.956,2447,1909,1.120,1.920,1.930,1,0,13.876,0,0,20,299,1,5,0
03-07 00:36:47,20.673,12.354,65.297,0,0,5651792,6326572,428784,3828520,15320.367,7357.649,0,4.034,0,1.008,6315,12077,1.120,1.920,1.930,2,0,8.068,0,0,20,299,1,5,0
03-07 00:36:48,16.758,14.007,69.284,0,0,5626544,6351792,428784,3828512,11370.502,5486.655,0,11301.469,0,56.027,2361,1690,1.120,1.920,1.930,2,0,8.004,0,0,20,299,1,4,0
03-07 00:36:49,18.737,9.743,69.700,0,0,5611580,6374848,428820,3821100,15117.124,7688.468,0,879.367,0,18.986,2404,2040,1.350,1.950,1.940,1,0,2.998,0,0,20,299,1,4,0
03-07 00:36:50,20.504,8.502,70.765,0,0,5603124,6383304,428820,3821100,423.087,0,0,4.001,0,1.000,2290,1774,1.350,1.950,1.940,2,0,22.005,0,0,20,299,1,4,0
03-07 00:36:51,20.012,10.006,69.040,0,0,5586868,6399572,428832,3821108,56512.902,40181.394,0,160.093,0,6.003,2878,2128,1.350,1.950,1.940,2,0,47.027,0,0,20,299,1,4,0
03-07 00:36:52,20.512,8.255,69.540,0,0,5595084,6391332,428848,3821116,60496.963,31540.228,0,132.076,0,8.005,3120,2795,1.350,1.950,1.940,2,0,49.028,0,0,20,299,1,3,0
03-07 00:36:53,18.730,11.738,68.678,0,0,5603120,6375252,429044,3828548,44653.001,22672.137,3.996,14492.746,0.999,67.929,2471,1860,1.350,1.950,1.940,1,0,2.997,0,0,20,299,1,3,0
03-07 00:36:54,23.453,5.489,70.359,0,0,5620016,6354376,429176,3831904,44363.892,21844.124,0,0,0,0,2263,1917,1.330,1.940,1.930,3,0,0.998,0,0,20,299,1,3,0
03-07 00:36:55,18.552,6.268,73.959,0,0,5618132,6356096,429240,3832000,35640.624,17044.121,0,1604.530,0,32.091,2384,2113,1.330,1.940,1.930,2,0,18.051,0,0,20,299,1,3,0
03-07 00:36:56,18.946,3.989,76.034,0,0,5634320,6339464,429312,3832340,28896.072,15476.121,0,1001.161,0,35.898,2210,2068,1.330,1.940,1.930,3,0,0.997,0,0,20,300,1,3,0
03-07 00:36:57,17.543,5.514,75.686,0.251,0,5635476,6337700,429384,3832744,33092.400,20380.131,0,1756.320,0,60.148,2492,2609,1.330,1.940,1.930,0,0,2.005,0,0,20,300,1,3,0
03-07 00:36:58,11.003,13.003,72.518,1.750,0,5609148,6363804,429456,3832824,74717.790,12727.201,0,68005.102,0,482.121,3046,2297,1.330,1.940,1.930,0,1,5.001,0,0,20,301,1,3,0
03-07 00:36:59,14.751,3.250,79.506,1.250,0,5610828,6361816,429544,3833040,112679.367,17092.269,0,7868.584,0,56.004,2283,2257,1.220,1.910,1.920,1,0,1.000,0,0,20,301,1,3,0
03-07 00:37:00,20.751,4.250,74.503,0,0,5635268,6337132,429588,3833156,24780.131,13218.603,0,856.039,0,25.001,2087,1752,1.220,1.910,1.920,3,0,0,0,0,20,301,1,1,0
03-07 00:37:01,19.492,2.999,75.719,0,0,5635744,6336404,429652,3833352,29757.910,17169.025,0,1607.347,0,60.975,2088,1735,1.220,1.910,1.920,2,0,1.999,0,0,20,301,1,1,0
03-07 00:37:02,14.200,2.989,80.965,0,0,5651504,6320276,429652,3833608,132181.503,7173.791,0,211.258,0,6.975,1772,1607,1.220,1.910,1.920,0,0,0,0,0,20,301,1,1,0
03-07 00:37:03,12.300,3.514,83.590,0.251,0,5650720,6320276,429924,3833964,268785.436,29861.478,0,2132.676,0,79.323,2223,2087,1.220,1.910,1.920,0,0,0,0,0,20,301,1,1,0
03-07 00:37:04,12.498,5.749,79.988,0.500,0,5649456,6320720,430248,3834300,96831.980,18402.146,0,11958.145,0,146.977,2511,2362,1.120,1.870,1.910,2,0,2.000,0,0,20,301,1,1,0
03-07 00:37:05,18.695,4.736,75.280,0,0,5658088,6302912,430296,3843144,73075.601,9023.649,0,1072.867,0,42.875,2208,2095,1.120,1.870,1.910,1,0,2.991,0,0,20,301,1,1,0
03-07 00:37:06,3.758,5.511,83.672,1.002,0,5652248,6300896,430344,3850700,4096694.965,109300.432,0,1791.679,0,19.039,7066,5986,1.120,1.870,1.910,1,0,1.002,0,0,20,301,1,1,0
03-07 00:37:07,6.472,8.463,76.664,1.742,0,5647908,6291096,430436,3864348,7389873.960,152251.645,0,5081.759,0,35.843,10660,8934,1.120,1.870,1.910,1,0,3.983,0,0,20,301,1,1,0
03-07 00:37:08,4.493,8.237,74.885,6.490,0,5660536,6264636,430464,3877720,6685413.412,148072.562,0,10108.542,0,19.969,8147,7198,1.120,1.870,1.910,1,0,1.997,0,0,20,301,1,1,0
03-07 00:37:09,17.527,5.842,74.425,1.778,0,5650528,6264636,430696,3887156,962752.588,21426.202,0,3812.173,0,84.331,3234,2951,1.110,1.860,1.910,1,0,1.016,0,0,20,301,1,1,0
03-07 00:37:10,23.287,3.964,70.603,0,0,5658632,6248060,430952,3894604,415.194,0,0,883.897,0,40.628,2259,1913,1.110,1.860,1.910,1,0,2.973,0,0,20,301,1,1,0
03-07 00:37:11,20.742,8.247,69.473,0.250,0,5652620,6236256,434188,3905660,15400.098,7521.117,71.972,5901.738,1.999,162.938,2927,2711,1.110,1.860,1.910,1,0,0,0,0,20,301,1,1,0
03-07 00:37:12,24.492,8.247,66.727,0.500,0,5666644,6211656,434608,3914748,538.815,0,0,1607.449,0,50.983,2760,2489,1.110,1.860,1.910,2,0,2.999,0,0,20,301,1,1,0
03-07 00:37:13,23.772,5.505,69.814,0,0,5659532,6208480,434836,3923508,240.222,0,0,1113.028,0,206.190,2707,2000,1.110,1.860,1.910,2,0,8.007,0,0,20,301,0,1,0
03-07 00:37:14,22.248,6.249,70.494,0,0,5668152,6180116,435444,3941072,418.964,0,0,2103.820,0,83.993,2460,2209,1.100,1.850,1.900,1,0,0,0,0,20,301,0,1,0
03-07 00:37:15,22.458,6.738,69.871,0,0,5671964,6150784,436104,3963576,15317.681,7605.938,0,1800.671,0,69.871,2649,2565,1.100,1.850,1.900,1,0,0,0,0,20,301,0,1,0
03-07 00:37:16,21.540,7.514,70.630,0.501,0,5671276,6125008,436744,3986908,419.773,0,0,1643.025,0,56.103,2470,2078,1.100,1.850,1.900,1,0,2.004,0,0,20,301,0,1,0
03-07 00:37:17,23.003,4.751,71.010,0,0,5673200,6110264,437272,3997560,240.034,0,0,1088.153,0,32.004,2296,2031,1.100,1.850,1.900,1,0,0,0,0,20,301,0,1,0
03-07 00:37:18,23.238,4.997,70.712,0,0,5675484,6088972,438200,4014092,11336.920,5642.974,0,475.745,0,18.990,2244,1882,1.100,1.850,1.900,1,0,0.999,0,0,20,301,0,1,0
03-07 00:37:19,23.759,4.752,70.528,0,0,5674740,6079996,438712,4021804,360.141,0,4.002,64.025,1.000,1.000,2288,2007,1.090,1.830,1.900,1,0,2.001,0,0,20,301,0,1,0
03-07 00:37:20,22.002,5.751,71.007,0,0,5677456,6053396,439428,4043048,15004.544,7458.768,0,2940.303,0,56.006,2360,2039,1.090,1.830,1.900,1,0,0,0,0,20,301,0,1,0
03-07 00:37:21,23.227,5.495,70.430,0.250,0,5672092,6044448,440104,4055160,11443.559,5802.199,0,1474.526,0,54.945,2385,1996,1.090,1.830,1.900,1,0,0,0,0,20,301,0,1,0
03-07 00:37:22,22.255,6.501,70.514,0,0,5669868,6079012,440336,4022472,863.177,348.071,0,860.177,0,32.007,2391,2050,1.090,1.830,1.900,2,0,3.001,0,0,20,299,0,1,0
03-07 00:37:23,19.481,8.492,70.931,0,0,5681396,6067460,440336,4022488,806.219,0,0,3.996,0,0.999,2226,1700,1.090,1.830,1.900,1,0,18.982,0,0,20,299,0,1,0
03-07 00:37:24,17.010,8.255,74.044,0,0,5704060,6044780,440348,4022496,7576.510,3058.821,0,10754.401,0,60.036,2187,1677,1.090,1.820,1.890,1,0,17.010,0,0,20,300,0,1,0
03-07 00:37:25,22.331,5.955,68.978,0.248,0,5695736,6046728,440372,4028372,15923.418,7783.062,0,1631.644,0,42.677,2390,2108,1.090,1.820,1.890,3,0,3.970,0,0,20,299,0,1,0
03-07 00:37:26,21.421,9.577,68.801,0,0,5679448,6062380,440376,4028888,45680.571,23362.968,0,286.291,0,12.097,3902,5441,1.090,1.820,1.890,2,0,6.048,0,0,20,299,0,1,0
03-07 00:37:27,21.990,10.495,64.470,0,0,5676152,6064672,440404,4029780,29960.912,15202.852,0,343.838,0,11.994,5587,9438,1.090,1.820,1.890,2,0,7.996,0,0,20,299,0,1,0
03-07 00:37:28,17.937,10.358,71.748,0,0,5648020,6092644,440404,4029904,15221.604,7536.528,0,97.011,0,2.021,2081,1519,1.090,1.820,1.890,2,0,4.042,0,0,20,299,0,1,0
03-07 00:37:29,29.660,15.572,50.917,0,0,5651508,6089108,440404,4029932,37126.664,1031615.441,0,15889.959,0,228.384,8487,14134,1.080,1.800,1.890,2,0,11.864,0,0,20,299,0,1,0
03-07 00:37:30,33.868,20.171,44.576,0,0,5695884,6044664,440404,4029996,34506.242,795120.801,255.004,87.658,1.992,0.996,3902,2202,1.080,1.800,1.890,3,0,15.938,0,0,20,299,0,1,0
03-07 00:37:31,33.343,21.309,45.377,0,0,5691184,6049340,440404,4030016,37059.393,800601.625,641.791,88.246,5.014,1.003,3748,2147,1.080,1.800,1.890,3,0,9.025,0,0,20,299,0,1,0
03-07 00:37:32,30.826,11.027,56.891,0,0,5651008,6097744,440432,4022632,22191.815,410193.192,256.634,248.614,2.005,12.030,3102,2183,1.080,1.800,1.890,2,0,9.022,0,0,20,299,0,1,0
03-07 00:37:33,19.996,7.249,70.487,1.000,0,5659964,6086112,440788,4024804,19326.568,364183.336,247.956,0,3.999,0,2331,1837,1.080,1.800,1.890,4,0,0,0,0,20,299,0,1,0
03-07 00:37:34,22.003,6.751,69.010,0.750,0,5664488,6080404,440836,4025752,44771.254,24649.443,392.055,1932.270,10.001,21.003,3251,3290,1.070,1.790,1.880,4,0,2.000,0,0,20,300,0,1,0
03-07 00:37:35,22.627,7.708,66.390,0,0,5658816,6085856,440960,4025848,29893.737,15412.342,0,775.789,0,104.433,5125,6234,1.070,1.790,1.880,3,0,0,0,0,20,302,0,4,0
03-07 00:37:36,26.109,9.540,62.512,0,0,5656540,6087720,441104,4026116,55432.300,27716.150,0,1140.781,0,131.551,5532,6907,1.070,1.790,1.880,1,0,1.004,0,0,20,302,0,5,0
03-07 00:37:37,18.488,15.240,63.709,0.999,0,5589552,6154280,441296,4026352,45300.658,23292.913,127.917,2414.436,0.999,203.868,4990,5455,1.070,1.790,1.880,2,0,55.964,0,0,20,301,0,5,0
03-07 00:37:38,6.997,24.489,66.220,0,0,5577788,6166004,441296,4026392,46346.228,39034.505,0,7.996,0,1.000,4472,3086,1.070,1.790,1.880,4,0,153.931,0,0,20,301,0,5,0
03-07 00:37:39,6.009,25.788,66.348,0,0,5581340,6162356,441388,4026396,60664.061,34949.886,0,3377.013,0,165.245,4867,3670,1.070,1.780,1.880,1,0,143.213,0,0,20,301,0,5,0
03-07 00:37:40,11.514,18.273,68.586,0,0,5574212,6169476,441396,4026396,60822.839,33593.888,0,152.190,0,11.014,3678,2731,1.070,1.780,1.880,1,0,81.101,0,0,20,303,0,6,0
03-07 00:37:41,10.729,9.481,77.848,0,0,5558764,6186536,441424,4024776,123546.078,45506.891,0,471.078,0,26.947,2697,2525,1.070,1.780,1.880,1,0,26.947,0,0,20,301,0,7,0
03-07 00:37:42,29.258,18.255,51.014,0,0,5561996,6183288,441436,4024776,49072.797,24222.811,0,1628.458,0,19.005,4351,14236,1.070,1.780,1.880,2,0,45.013,0,0,20,302,0,8,0
03-07 00:37:43,1.002,3.006,95.425,0,0,5559948,6185336,441436,4024776,55812.394,29574.257,0,0,0,0,1244,1635,1.070,1.780,1.880,0,0,0,0,0,20,302,0,8,0
03-07 00:37:44,1.750,2.250,94.755,0,0,5560200,6185084,441436,4024776,29648.600,14754.796,0,2828.153,0,518.028,2039,1560,0.980,1.750,1.870,0,0,2.000,0,0,20,302,0,8,0
03-07 00:37:45,3.500,11.749,81.745,1.500,0,5555276,6189740,441640,4024812,17553.009,9315.474,4.000,62400.477,1.000,387.978,3075,3328,0.980,1.750,1.870,0,0,0,0,0,20,302,0,7,0
03-07 00:37:46,1.250,2.249,95.226,0,0,5555228,6189772,441656,4024812,17214.606,9105.676,0,67.983,0,9.997,1183,1610,0.980,1.750,1.870,0,0,0,0,0,20,302,0,7,0
03-07 00:37:47,4.000,3.500,91.999,0,0,5555228,6189772,441720,4024748,21811.727,9933.875,0,927.988,0,60.999,1688,2144,0.980,1.750,1.870,0,0,2.000,0,0,20,302,0,7,0
03-07 00:37:48,1.500,2.001,95.774,0,0,5555404,6189520,441720,4024824,25777.482,13011.272,0,0,0,0,1142,1553,0.980,1.750,1.870,0,0,1.000,0,0,20,302,0,7,0
03-07 00:37:49,1.750,2.500,94.488,0,0,5555404,6189520,441752,4024792,14942.025,7295.036,0,255.966,0,20.997,1288,1922,0.980,1.730,1.860,0,0,0,0,0,20,302,0,7,0
03-07 00:37:50,4.748,6.497,86.207,1.249,0,5555528,6189296,441776,4024864,43199.331,3425.282,11.994,32519.688,2.998,259.870,2172,1833,0.980,1.730,1.860,0,1,1.999,0,0,20,302,0,7,0
03-07 00:37:51,1.743,11.207,83.679,2.490,0,5554404,6190272,441820,4024956,26029.189,12892.562,47.817,67624.687,11.954,287.896,2397,1921,0.980,1.730,1.860,1,0,0.996,0,0,20,302,0,7,0
03-07 00:37:52,2.254,3.256,93.666,0,0,5554888,6189768,441832,4024964,240.426,0,0,1390.462,0,12.021,1381,1855,0.980,1.730,1.860,1,0,2.004,0,0,20,302,0,7,0
03-07 00:37:53,4.259,6.764,87.184,0,0,5545904,6198280,441960,4025244,25754.465,9545.186,0,541.144,0,9.019,1872,2015,0.980,1.730,1.860,0,0,14.030,0,0,20,301,0,7,0
03-07 00:37:54,1.501,2.751,95.542,0,0,5545892,6198280,441972,4025244,360.157,0,0,324.142,0,9.004,979,1465,0.900,1.710,1.850,0,0,0,0,0,20,301,0,7,0
03-07 00:37:55,4.749,8.248,85.479,0,0,5542048,6202120,442004,4025216,145640.839,51546.202,0,419.896,0,32.992,2711,2694,0.900,1.710,1.850,0,0,24.994,0,0,20,301,0,8,0
03-07 00:37:56,20.856,7.789,70.608,0.251,0,5545756,6198320,442032,4025268,111047.662,39164.440,4.020,12660.147,1.005,69.351,2960,2418,0.900,1.710,1.850,1,0,15.076,0,0,20,301,0,8,0
03-07 00:37:57,11.415,6.948,78.665,0.248,0,5535060,6208432,442072,4025812,445621.330,44041.603,0,738.510,0,36.727,3508,3370,0.900,1.710,1.850,1,0,15.882,0,0,20,301,0,11,0
03-07 00:37:58,9.513,26.536,61.084,0,0,5540596,6202888,442072,4025820,44839.536,23740.581,0,4.005,0,1.001,5221,3612,0.900,1.710,1.850,1,0,258.355,0,0,20,301,0,11,0
03-07 00:37:59,16.241,9.745,68.214,3.748,0,5562456,6179480,442220,4026952,29631.430,14584.337,1247.345,191.899,132.930,17.991,2909,2725,0.990,1.710,1.850,3,0,7.996,0,0,20,301,0,11,0
03-07 00:38:00,9.766,7.012,69.866,12.020,0,5569628,6164260,442604,4033296,29763.285,15115.029,6735.153,1562.587,727.204,319.529,4059,3254,0.990,1.710,1.850,1,0,0,0,0,20,301,0,11,0
03-07 00:38:01,13.001,7.500,74.004,3.750,0,5581316,6148160,442984,4034808,17479.926,9677.513,1840.097,6016.319,130.007,172.009,2736,2403,0.990,1.710,1.850,1,0,0,0,0,20,302,0,11,0
03-07 00:38:02,16.658,7.824,75.213,0,0,5584796,6144632,443020,4034820,21972.194,14214.689,0,331.138,0,23.220,2886,2885,0.990,1.710,1.850,3,0,4.038,0,0,20,301,0,12,0
03-07 00:38:03,17.331,5.199,75.515,0,0,5597604,6131816,443020,4034828,63483.859,37123.529,0,15.846,0,1.981,2526,2251,0.990,1.710,1.850,0,0,0,0,0,20,302,0,12,0
03-07 00:38:04,17.258,8.754,72.783,0,0,5579432,6149924,443068,4034844,32089.763,17105.870,0,284.131,0,24.011,2587,2560,0.990,1.700,1.850,1,0,1.000,0,0,20,301,0,14,0
03-07 00:38:05,16.982,5.994,75.669,0,0,5590692,6138584,443088,4034900,40764.141,25348.727,0,215.768,0,23.974,2875,2935,0.990,1.700,1.850,2,0,3.996,0,0,20,301,0,15,0
03-07 00:38:06,18.524,10.263,69.590,0.250,0,5594876,6134392,443104,4034908,26072.633,13739.724,4.005,2647.415,1.001,15.019,2413,2056,0.990,1.700,1.850,2,0,1.001,0,0,20,301,0,15,0
03-07 00:38:07,15.238,5.495,77.686,0,0,5588808,6140384,443144,4034944,24399.008,16543.444,0,391.679,0,24.980,2651,2683,0.990,1.700,1.850,2,0,0.999,0,0,20,301,0,16,0
03-07 00:38:08,17.697,7.976,73.280,0,0,5598176,6130988,443164,4034952,18792.521,10227.263,0,123.628,0,12.961,2165,2020,0.990,1.700,1.850,0,0,2.991,0,0,20,302,0,16,0
03-07 00:38:09,16.553,7.524,74.740,0.251,0,5579812,6149276,443228,4034964,53872.288,30553.279,0,1252.027,0,73.236,2906,3085,0.990,1.690,1.840,3,0,1.003,0,0,20,301,0,17,0
03-07 00:38:10,14.495,4.998,79.973,0,0,5595828,6133176,443232,4035044,38891.928,24476.773,0,43.985,0,2.999,2193,2051,0.990,1.690,1.840,0,0,0,0,0,20,302,0,17,0
03-07 00:38:11,50.545,12.947,34.858,0.249,0,5457704,6271300,443276,4035004,46296.897,23995.507,0,314.721,0,35.854,4401,3283,0.990,1.690,1.840,3,0,7.968,0,0,20,282,0,21,0
03-07 00:38:12,63.044,16.326,20.094,0,0,5269092,6459680,443308,4035196,29666.363,15184.822,0,317.481,0,28.131,4544,2818,0.990,1.690,1.840,4,0,4.019,0,0,20,268,0,24,0
03-07 00:38:13,80.380,19.471,0.250,0,0,5288864,6439912,443316,4035200,30049.303,15451.017,0,95.857,0,11.982,5148,2875,0.990,1.690,1.840,5,0,8.987,0,0,20,264,0,24,0
03-07 00:38:14,88.380,11.484,0.250,0,0,5304504,6424236,443344,4035208,14923.681,7711.501,0,531.277,0,33.954,5058,2760,1.310,1.740,1.860,5,0,4.993,0,0,20,262,0,24,0
03-07 00:38:15,77.673,20.220,0.493,0,0,5397636,6330224,443404,4035964,111388.207,38916.632,0,670.704,0,24.658,5756,4206,1.310,1.740,1.860,7,0,102.578,0,0,20,266,0,27,0
03-07 00:38:16,73.388,25.648,2.032,0,0,5509272,6216828,443460,4037668,83429.679,36211.503,0,6139.196,0,800.411,9405,9552,1.310,1.740,1.860,4,0,186.898,0,0,20,274,0,30,0
03-07 00:38:17,72.817,15.264,10.760,0,0,5626608,6099144,443524,4037952,57753.151,20610.969,0,448.413,0,46.042,6326,7043,1.310,1.740,1.860,3,0,1.001,0,0,20,282,0,33,0
03-07 00:38:18,46.191,9.189,43.956,0,0,5669664,6055828,443548,4038188,31294.804,19141.048,0,1251.633,0,21.854,4172,3999,1.310,1.740,1.860,3,0,2.980,0,0,20,283,0,37,0
03-07 00:38:19,35.265,10.004,53.023,0,0,5674304,6050032,443568,4039308,29305.690,12371.357,0,156.068,0,13.006,5277,6762,1.290,1.730,1.860,2,0,0,0,0,20,287,0,37,0
03-07 00:38:20,25.285,2.276,72.062,0,0,5686140,6038188,443572,4039312,19072.827,11572.345,0,582.562,0,10.114,2255,1757,1.290,1.730,1.860,2,0,0,0,0,20,290,0,38,0
03-07 00:38:21,9.257,23.767,65.297,0,0,5671728,6052592,443588,4039304,56236.225,28200.171,0,176.126,0,13.009,4932,3335,1.290,1.730,1.860,1,0,230.165,0,0,20,290,0,38,0
03-07 00:38:22,17.350,12.145,68.906,0,0,5692292,6032004,443608,4039308,30703.322,14639.798,0,563.145,0,38.667,2941,2477,1.290,1.730,1.860,2,0,40.650,0,0,20,290,0,38,0
03-07 00:38:23,22.572,6.019,69.972,0,0,5710436,6013860,443608,4039308,29861.602,14800.890,0,92.292,0,10.032,2188,1728,1.290,1.730,1.860,1,0,0,0,0,20,290,0,38,0
03-07 00:38:24,19.004,5.751,74.766,0,0,5730068,5994204,443624,4039312,20926.452,13199.808,0,80.017,0,10.002,2209,1866,1.350,1.730,1.860,1,0,2.000,0,0,20,291,0,38,0
03-07 00:38:25,21.732,4.247,72.192,0,0,5729912,5994328,443636,4039332,21609.535,13267.277,0,103.916,0,11.990,2807,2640,1.350,1.730,1.860,5,0,0,0,0,20,292,0,39,0
03-07 00:38:26,10.462,8.967,78.214,0,0,5654076,6070040,443756,4039348,96036.249,29547.776,0,2857.534,0,157.423,3273,3371,1.350,1.730,1.860,1,0,42.843,0,0,20,292,0,39,0
03-07 00:38:27,9.281,26.088,62.711,0.251,0,5643348,6080556,443944,4039364,97256.670,41461.690,132.446,766.583,5.017,53.179,5439,4213,1.350,1.730,1.860,1,0,217.734,0,0,20,292,0,39,0
03-07 00:38:28,6.505,25.017,66.296,0,0,5639800,6084092,443948,4039372,60808.157,39069.086,0,112.078,0,8.006,5058,3369,1.350,1.730,1.860,1,0,205.142,0,0,20,292,0,39,0
03-07 00:38:29,5.988,23.452,68.360,0,0,5639212,6084664,443956,4039380,60688.476,39103.765,0,139.713,0,7.984,4801,3285,1.320,1.720,1.850,1,0,192.605,0,0,20,292,0,39,0
03-07 00:38:30,5.240,23.955,68.123,0,0,5639708,6084136,443984,4039384,49028.411,30289.417,0,347.351,0,21.959,4708,3254,1.320,1.720,1.850,2,0,191.642,0,0,20,292,0,39,0
03-07 00:38:31,7.017,25.060,66.660,0,0,5637228,6086592,443984,4039392,58224.528,39558.798,0,9057.706,0,860.061,6475,3252,1.320,1.720,1.850,2,0,195.468,0,0,20,292,0,39,0
03-07 00:38:32,5.235,24.677,67.302,0,0,5629616,6094196,443984,4039400,60587.447,36721.780,0,1028.968,0,90.733,4992,3310,1.320,1.720,1.850,1,0,216.362,0,0,20,292,0,39,0
03-07 00:38:33,7.282,23.853,66.790,0,0,5631660,6092128,444004,4039404,71963.079,44093.217,0,731.171,0,16.070,4916,3475,1.320,1.720,1.850,2,0,202.880,0,0,20,292,0,39,0
03-07 00:38:34,5.980,25.168,66.782,0,0,5631560,6092216,444004,4039416,60514.301,38013.810,0,3.987,0,0.997,4899,3216,1.290,1.710,1.850,2,0,207.323,0,0,20,292,0,39,0
03-07 00:38:35,6.760,27.041,63.596,0,0,5632920,6090792,444052,4039428,45956.196,28925.553,0,444.670,0,42.063,5192,3880,1.290,1.710,1.850,1,0,219.330,0,0,20,292,0,39,0
03-07 00:38:36,7.264,23.795,66.876,0,0,5628856,6094820,444072,4039444,72026.197,44898.276,0,156.293,0,18.034,5018,3614,1.290,1.710,1.850,1,0,197.370,0,0,20,292,0,39,0
03-07 00:38:37,11.000,19.500,67.251,0,0,5630904,6092716,444120,4039452,60765.629,36418.377,0,308.003,0,38.000,4453,3571,1.290,1.710,1.850,2,0,124.001,0,0,20,292,0,39,0
03-07 00:38:38,20.672,8.219,69.238,0,0,5676504,6047104,444128,4039456,44418.046,22098.441,0,115.563,0,6.974,2418,1984,1.290,1.710,1.850,1,0,2.989,0,0,20,292,0,35,0
03-07 00:38:39,25.264,6.754,67.038,0,0,5707040,6016540,444148,4039464,61564.040,1402196.077,0,208.118,0,19.011,3459,2832,1.270,1.700,1.840,4,0,2.001,0,0,20,292,0,35,0
03-07 00:38:40,24.067,6.267,68.942,0,0,5668280,6055276,444160,4039476,33725.848,812557.077,0,120.335,0,8.022,2803,1978,1.270,1.700,1.840,4,0,7.020,0,0,20,292,0,36,0
03-07 00:38:41,21.515,9.006,68.799,0,0,5672956,6050572,444184,4039480,67265.074,929798.522,0,180.129,0,19.014,3224,2602,1.270,1.700,1.840,1,0,5.004,0,0,20,292,0,36,0
03-07 00:38:42,30.960,12.136,54.985,0.248,0,5728312,5995172,444216,4042336,29619.775,14682.579,0,186.257,0,19.815,3583,7780,1.270,1.700,1.840,2,0,35.666,0,0,20,292,0,36,0
03-07 00:38:43,24.438,9.825,64.747,0,0,5720148,6003204,444308,4039524,29936.800,14704.877,0,580.456,0,71.549,3598,7782,1.270,1.700,1.840,2,0,0,0,0,20,293,0,35,0
03-07 00:38:44,21.998,10.249,66.493,0.250,0,5645268,6077996,444380,4039540,30461.010,16328.397,0,651.936,0,89.991,3499,3560,1.250,1.690,1.840,1,0,24.998,0,0,20,293,0,35,0
03-07 00:38:45,21.527,8.010,70.089,0,0,5686604,6036636,444400,4039544,44227.307,22078.108,0,196.250,0,20.025,2455,2155,1.250,1.690,1.840,2,0,0,0,0,20,293,0,35,0
03-07 00:38:46,22.906,4.980,70.213,0,0,5724616,5998612,444408,4039548,29354.087,14664.096,0,123.496,0,7.967,2300,1766,1.250,1.690,1.840,2,0,0,0,0,20,293,0,36,0
03-07 00:38:47,23.071,7.523,68.209,0,0,5716984,6006148,444484,4039564,15235.607,7384.590,0,2034.223,0,121.371,3270,3179,1.250,1.690,1.840,3,0,10.031,0,0,20,293,0,36,0
03-07 00:38:48,1.752,3.003,94.352,0,0,5709840,6013288,444484,4039568,55342.120,28705.183,0,4.004,0,1.001,1394,1782,1.250,1.690,1.840,0,0,14.015,0,0,20,293,0,36,0
03-07 00:38:49,1.499,2.749,94.712,0,0,5701616,6021492,444500,4039572,30088.935,14880.033,0,79.968,0,8.996,1176,1595,1.150,1.660,1.830,0,0,0,0,0,20,293,0,36,0
03-07 00:38:50,1.000,2.501,95.784,0,0,5686032,6037076,444500,4039572,29625.475,14597.161,0,0,0,0,1045,1469,1.150,1.660,1.830,0,0,2.001,0,0,20,293,0,36,0
03-07 00:38:51,1.492,2.237,95.217,0,0,5680976,6041976,444528,4039700,25887.134,13353.274,0,290.375,0,21.878,1132,1585,1.150,1.660,1.830,2,0,0,0,0,20,293,0,36,0
03-07 00:38:52,1.758,2.260,94.914,0,0,5673420,6049524,444528,4039704,15069.653,7556.923,0,417.820,0,72.315,1259,1581,1.150,1.660,1.830,0,0,0,0,0,20,293,0,36,0
03-07 00:38:53,1.252,2.503,95.619,0,0,5663748,6059180,444528,4039704,15409.145,7533.360,0,0,0,0,1109,1464,1.150,1.660,1.830,0,0,2.002,0,0,20,293,0,36,0
03-07 00:38:54,1.498,2.497,95.127,0,0,5659928,6062976,444552,4039704,14684.947,7610.126,0,471.388,0,29.961,1261,1882,1.050,1.630,1.820,0,0,0,0,0,20,293,0,36,0
03-07 00:38:55,1.502,2.253,95.374,0,0,5653316,6069560,444568,4039716,599.780,0,0,108.141,0,15.020,1189,1756,1.050,1.630,1.820,0,0,0,0,0,20,293,0,36,0
03-07 00:38:56,1.748,2.747,94.396,0,0,5651280,6071576,444588,4039716,15097.296,7653.532,0,111.876,0,14.983,1353,1811,1.050,1.630,1.820,0,0,1.998,0,0,20,293,0,36,0
03-07 00:38:57,4.007,3.255,92.401,0,0,5649576,6073208,444640,4039732,807.322,0,0,608.997,0,52.085,2009,2828,1.050,1.630,1.820,1,0,1.002,0,0,20,293,0,36,0
03-07 00:38:58,20.238,10.993,67.459,0,0,5669820,6052928,444652,4039756,44552.711,23277.742,0,159.902,0,10.993,2755,2600,1.050,1.630,1.820,1,0,11.993,0,0,20,293,0,36,0
03-07 00:38:59,30.518,7.940,58.804,0,0,5706608,6016136,444656,4039756,29489.299,15095.488,0,134.976,0,9.925,3239,2842,1.370,1.690,1.830,4,0,2.977,0,0,20,295,0,33,0
03-07 00:39:00,27.702,6.800,65.729,0.252,0,5715832,6006840,444684,4039796,29684.522,15388.243,0,314.292,0,20.147,3372,3167,1.370,1.690,1.830,2,0,2.015,0,0,20,293,0,36,0
03-07 00:39:01,8.504,4.502,86.046,0,0,5628600,6094060,444692,4039800,30483.120,15872.393,0,120.063,0,7.004,1760,1695,1.370,1.690,1.830,0,0,21.011,0,0,20,293,0,36,0
03-07 00:39:02,1.249,2.997,94.396,0,0,5628852,6093808,444692,4039800,29501.497,14641.868,0,2237.535,0,428.528,1659,1580,1.370,1.690,1.830,1,0,1.998,0,0,20,293,0,36,0
03-07 00:39:03,1.502,2.753,95.602,0,0,5628832,6093808,444712,4039800,40332.183,20782.251,0,392.420,0,22.024,1170,1593,1.370,1.690,1.830,1,0,0,0,0,20,293,0,35,0
03-07 00:39:04,1.245,2.739,93.608,0.249,0,5628724,6093808,444812,4039808,29357.064,15212.297,0,2625.007,0,137.425,1689,2445,1.340,1.670,1.830,0,0,0,0,0,20,293,0,35,0
03-07 00:39:05,2.008,3.263,93.871,0,0,5628664,6093808,444824,4039852,15409.839,7487.561,0,216.856,0,20.079,1414,1979,1.340,1.670,1.830,0,0,4.016,0,0,20,293,0,35,0
03-07 00:39:06,1.248,2.496,95.085,0,0,5628656,6093808,444828,4039856,26129.729,13243.056,0,63.889,0,6.988,1164,1613,1.340,1.670,1.830,0,0,0,0,0,20,293,0,35,0
03-07 00:39:07,2.253,2.754,94.622,0,0,5628596,6093808,444888,4039856,746.966,42.054,0,428.554,0,45.058,1540,2188,1.340,1.670,1.830,0,0,0,0,0,20,293,0,32,0
03-07 00:39:08,1.000,2.250,95.240,0,0,5628596,6093808,444888,4039856,14882.404,7295.217,0,255.973,0,49.995,1197,1576,1.340,1.670,1.830,1,0,3.000,0,0,20,293,0,32,0
03-07 00:39:09,1.751,2.752,94.320,0,0,5628580,6093808,444900,4039860,15014.171,7625.674,0,100.074,0,12.009,1311,1873,1.230,1.650,1.820,0,0,1.001,0,0,20,293,0,32,0
03-07 00:39:10,1.500,2.250,95.248,0,0,5628580,6093808,444908,4039852,801.981,0,0,199.995,0,15.000,1076,1516,1.230,1.650,1.820,0,0,0,0,0,20,293,0,32,0
03-07 00:39:11,11.756,8.754,78.790,0,0,5629548,6092800,444936,4039864,30054.131,15958.034,0,592.298,0,40.020,2307,2326,1.230,1.650,1.820,1,0,11.006,0,0,20,293,0,26,0
03-07 00:39:12,22.185,6.481,69.796,0,0,5673628,6048700,444948,4039868,29561.457,14872.460,0,91.731,0,12.962,2387,2051,1.230,1.650,1.820,1,0,0,0,0,20,293,0,26,0
03-07 00:39:13,23.051,9.270,66.396,0,0,5694272,6028036,444948,4039884,29712.369,15339.748,0,0,0,0,2736,2154,1.230,1.650,1.820,1,0,6.013,0,0,20,293,0,26,0
03-07 00:39:14,8.493,4.746,85.934,0,0,5651336,6070972,444948,4039884,30438.595,15947.737,0,0,0,0,1716,1667,1.130,1.620,1.810,0,0,22.982,0,0,20,293,0,26,0
03-07 00:39:15,2.503,2.503,94.623,0,0,5651548,6070748,444960,4039884,44753.023,22306.921,0,104.135,0,12.016,1364,1895,1.130,1.620,1.810,0,0,0,0,0,20,293,0,20,0
03-07 00:39:16,0.750,2.500,95.256,0,0,5639996,6082300,444960,4039884,29769.981,14592.971,0,4.000,0,1.000,1152,1595,1.130,1.620,1.810,0,0,0,0,0,20,293,0,20,0
03-07 00:39:17,2.246,2.745,93.842,0,0,5640184,6082048,445024,4039884,15409.027,7415.501,0,610.970,0,49.916,1764,2505,1.130,1.620,1.810,1,0,1.997,0,0,20,293,0,20,0
03-07 00:39:18,1.252,2.253,95.137,0,0,5631288,6090940,445024,4039888,26053.629,12864.580,0,1017.470,0,225.325,1353,1579,1.130,1.620,1.810,0,0,1.001,0,0,20,293,0,20,0
03-07 00:39:19,1.250,2.250,95.766,0,0,5631288,6090940,445024,4039888,15185.524,7363.224,0,0,0,0,1029,1477,1.040,1.590,1.800,1,0,0,0,0,20,293,0,10,0
03-07 00:39:20,12.750,4.750,81.002,0.250,0,5627356,6094576,445136,4040068,16416.459,8511.238,0,1316.037,0,117.003,2756,3435,1.040,1.590,1.800,0,0,2.000,0,0,20,293,0,11,0
03-07 00:39:21,1.500,2.500,95.494,0,0,5626968,6094936,445156,4040076,26438.394,13265.194,0,207.987,0,16.999,1303,1837,1.040,1.590,1.800,0,0,0,0,0,20,293,0,11,0
03-07 00:39:22,1.750,2.250,94.988,0,0,5624676,6097204,445176,4040080,5125.335,1310.830,0,139.982,0,13.998,1120,1562,1.040,1.590,1.800,3,0,0,0,0,20,293,0,11,0
03-07 00:39:23,1.751,2.752,94.557,0,0,5625108,6096728,445208,4040088,17207.296,7432.447,0,652.390,0,37.022,1365,1784,1.040,1.590,1.800,0,0,2.001,0,0,20,293,0,11,0
03-07 00:39:24,11.247,7.748,79.730,0,0,5651228,6070600,445212,4040092,9849.509,3899.014,0,807.796,0,168.957,2218,1854,1.040,1.580,1.790,1,0,10.997,0,0,20,293,0,10,0
03-07 00:39:25,23.231,6.495,69.692,0.250,0,5695048,6026752,445240,4040092,50037.323,26877.613,0,279.767,0,23.980,2457,2165,1.040,1.580,1.790,3,0,0,0,0,20,293,0,10,0
03-07 00:39:26,23.252,6.750,69.255,0,0,5710908,6010876,445256,4040092,29699.935,15306.997,0,88.006,0,12.001,2866,2580,1.040,1.580,1.790,3,0,2.000,0,0,20,293,0,11,0
03-07 00:39:27,20.998,8.999,68.745,0,0,5692700,6029024,445292,4040112,30834.792,16248.836,0,339.976,0,39.997,2908,2750,1.040,1.580,1.790,3,0,20.998,0,0,20,293,0,11,0
03-07 00:39:28,22.024,6.007,70.827,0,0,5692700,6029024,445296,4040108,44502.262,22398.291,0,144.156,0,11.012,2187,1816,1.040,1.580,1.790,4,0,1.001,0,0,20,293,0,10,0
03-07 00:39:29,22.503,6.251,69.510,0,0,5713528,6008148,445320,4040128,15005.264,7459.126,0,192.029,0,19.003,2625,2444,1.040,1.570,1.790,2,0,2.000,0,0,20,293,0,11,0
03-07 00:39:30,21.481,7.493,70.439,0,0,5672100,6049576,445320,4040128,59663.962,33508.774,0,3.997,0,0.999,2205,1832,1.040,1.570,1.790,1,0,4.996,0,0,20,293,0,11,0
03-07 00:39:31,21.761,6.253,71.536,0,0,5699064,6022612,445320,4040128,30068.164,15085.608,0,120.061,0,2.001,2042,1559,1.040,1.570,1.790,3,0,0,0,0,20,293,0,11,0
03-07 00:39:32,24.241,6.747,67.474,0,0,5712532,6009044,445384,4040164,29648.716,15373.149,0,655.750,0,60.977,3267,3327,1.040,1.570,1.790,2,0,2.999,0,0,20,294,0,11,0
03-07 00:39:33,14.954,7.726,75.270,0.249,0,5683116,6038420,445448,4040132,116205.644,36307.970,0,749.707,0,90.723,3708,3919,1.040,1.570,1.790,3,0,34.893,0,0,20,294,0,11,0
03-07 00:39:34,7.524,25.833,64.456,0,0,5681004,6040516,445460,4040136,61290.244,43433.068,0,164.527,0,9.029,5066,3373,1.110,1.580,1.790,3,0,226.726,0,0,20,294,0,11,0
03-07 00:39:35,7.745,24.735,66.209,0,0,5677640,6043844,445480,4040152,61440.253,37868.735,0,235.855,0,22.986,5180,3717,1.110,1.580,1.790,1,0,203.875,0,0,20,294,0,11,0
03-07 00:39:36,5.960,23.342,67.296,0,0,5670912,6050560,445484,4040160,56827.248,34739.406,0,55.624,0,6.953,4739,3291,1.110,1.580,1.790,2,0,183.759,0,0,20,294,0,11,0
03-07 00:39:37,6.798,24.423,66.721,0,0,5668136,6053240,445576,4040164,61175.145,39241.202,0,1828.920,0,110.783,5260,4183,1.110,1.580,1.790,1,0,185.309,0,0,20,294,0,11,0
03-07 00:39:38,6.495,23.981,67.196,0,0,5664852,6056380,445700,4040184,61125.030,38914.824,0,3129.493,0,169.864,5363,4182,1.110,1.580,1.790,3,0,188.849,0,0,20,294,0,11,0
03-07 00:39:39,6.743,25.223,65.679,0,0,5661256,6059832,445708,4040320,60627.416,36888.096,0,1877.968,0,381.587,5834,3831,1.100,1.570,1.790,1,0,212.770,0,0,20,294,0,11,0
03-07 00:39:40,5.505,26.275,66.313,0,0,5654616,6066460,445708,4040332,45505.366,28411.076,0,4.004,0,1.001,4744,3152,1.100,1.570,1.790,1,0,198.189,0,0,20,294,0,11,0
03-07 00:39:41,11.481,25.957,60.151,0,0,5581036,6140004,445736,4040336,79435.951,626767.993,0,531.124,0,35.941,6038,4086,1.100,1.570,1.790,2,0,193.680,0,0,20,294,0,11,0
03-07 00:39:42,10.015,29.045,58.590,0,0,5560160,6160852,445756,4040344,90594.525,1806984.943,0,152.234,0,18.028,6266,4234,1.100,1.570,1.790,1,0,212.327,0,0,20,294,0,11,0
03-07 00:39:43,16.230,31.211,49.938,0,0,5558400,6162584,445772,4040356,61016.097,38018.706,0,387.518,0,56.929,5887,13186,1.100,1.570,1.790,2,0,231.712,0,0,20,294,0,12,0
03-07 00:39:44,6.019,23.573,67.960,0,0,5553112,6167856,445780,4040364,60833.947,37459.732,0,32.099,0,3.009,4672,3231,1.020,1.540,1.780,1,0,184.570,0,0,20,294,0,9,0
03-07 00:39:45,20.200,9.726,69.077,0,0,5586080,6134844,445820,4040368,44527.691,23231.925,0,722.195,0,51.870,2699,2501,1.020,1.540,1.780,1,0,3.990,0,0,20,294,0,9,0
03-07 00:39:46,22.752,5.814,71.542,0,0,5619848,6101076,445820,4040368,29615.831,14755.333,0,4.045,0,1.011,2166,1639,1.020,1.540,1.780,1,0,0,0,0,20,294,0,9,0
03-07 00:39:47,22.533,6.438,69.333,0.248,0,5631648,6089244,445844,4040376,29364.588,14518.370,0,348.647,0,30.705,2800,2687,1.020,1.540,1.780,1,0,0,0,0,20,296,0,10,0
03-07 00:39:48,25.191,8.729,64.598,0.249,0,5631912,6088740,445980,4040468,25663.694,13109.195,0,810.096,0,95.775,4859,5902,1.020,1.540,1.780,1,0,3.991,0,0,20,295,0,10,0
03-07 00:39:49,23.289,10.017,64.108,0,0,5627592,6092920,446068,4040516,26940.205,407151.189,0,697.170,0,88.148,4768,5553,1.170,1.570,1.780,1,0,0,0,0,20,294,0,10,0
03-07 00:39:50,12.488,17.233,68.433,0,0,5555252,6165256,446068,4040520,30787.655,20323.969,0,19.980,0,2.997,3866,2705,1.170,1.570,1.780,1,0,124.877,0,0,20,294,0,10,0
03-07 00:39:51,6.766,23.554,68.158,0,0,5552836,6167644,446068,4040548,84625.652,44923.863,0,24.056,0,3.007,4542,3017,1.170,1.570,1.780,1,0,148.343,0,0,20,294,0,12,0
03-07 00:39:52,16.255,15.254,66.769,0.250,0,5568708,6151556,446232,4040584,66435.364,36243.564,0,3681.073,0,169.049,3995,3246,1.170,1.570,1.780,1,0,83.024,0,0,20,294,0,12,0
03-07 00:39:53,18.667,10.090,70.884,0,0,5604580,6115520,446252,4040616,37174.666,19282.555,16.144,706.321,1.009,10.090,2256,1884,1.170,1.570,1.780,2,0,2.018,0,0,20,294,0,12,0
03-07 00:39:54,21.536,6.436,70.053,0,0,5633384,6084816,446360,4042092,52006.267,26123.931,0,19.803,0,3.961,2314,1904,1.240,1.570,1.790,1,0,2.970,0,0,20,294,0,12,0
03-07 00:39:55,23.267,6.255,70.051,0,0,5662700,6052588,446500,4044364,29668.712,14926.924,0,1052.770,0,21.015,2593,2467,1.240,1.570,1.790,1,0,3.002,0,0,20,294,0,12,0
03-07 00:39:56,20.002,8.751,70.007,0,0,5704252,6010944,446516,4044436,14995.483,7620.754,0,136.013,0,12.001,2345,2093,1.240,1.570,1.790,1,0,0,0,0,20,294,0,12,0
03-07 00:39:57,26.242,7.998,62.981,0.250,0,5703976,6010944,446628,4044588,44745.198,23346.799,0,967.702,0,98.969,5682,6994,1.240,1.570,1.790,2,0,1.999,0,0,20,295,0,12,0
03-07 00:39:58,24.690,9.726,63.097,0,0,5691548,6023216,446680,4044688,29456.787,14915.940,0,598.553,0,64.843,5288,6334,1.240,1.570,1.790,1,0,3.990,0,0,20,295,0,14,0
03-07 00:39:59,26.547,11.934,56.990,0,0,5679604,6034728,446960,4044832,29156.551,14531.027,0,5151.520,0,357.528,5383,6608,1.300,1.580,1.790,2,0,2.923,0,0,20,297,0,16,1
03-07 00:40:00,17.725,6.165,75.524,0,0,5676256,6037780,447052,4045036,16547.420,8807.000,0,4443.060,0,686.393,4161,4215,1.300,1.580,1.790,1,0,3.083,0,0,20,294,0,15,0
03-07 00:40:01,20.965,5.990,71.131,0.499,0,5668692,6045096,447192,4045120,16326.694,8169.337,0,1733.101,0,191.679,4263,5195,1.300,1.580,1.790,1,0,0,0,0,20,295,0,16,0
03-07 00:40:02,6.272,3.512,89.314,0,0,5664824,6048840,447280,4045152,16721.818,7786.388,0,1047.685,0,80.282,2340,3167,1.300,1.580,1.790,0,0,0,0,0,20,294,0,16,0
03-07 00:40:03,11.756,4.502,81.293,0.500,0,5662548,6051104,447412,4045032,33515.563,14921.819,0,1412.740,0,143.075,3526,4392,1.300,1.580,1.790,0,0,2.001,0,0,20,294,0,16,0
03-07 00:40:04,16.744,5.998,75.473,0,0,5659700,6053604,447512,4045272,299.892,0,0,1099.603,0,109.960,3906,5000,1.280,1.570,1.780,1,0,0,0,0,20,297,0,16,0
03-07 00:40:05,24.006,11.003,61.264,0.250,0,5657368,6055396,447696,4045612,30524.083,15159.518,0,2232.518,0,209.049,5663,7026,1.280,1.570,1.780,1,0,2.000,0,0,20,297,0,16,0
03-07 00:40:06,26.227,7.993,62.945,0,0,5656608,6055664,447900,4045888,55064.926,27348.124,0,2993.387,0,257.775,6081,7765,1.280,1.570,1.780,2,0,1.998,0,0,20,297,0,16,0
03-07 00:40:07,25.001,8.750,63.754,0.500,0,5657248,6054656,448176,4045968,15422.859,7524.419,0,5916.330,0,347.019,5872,7431,1.280,1.570,1.780,2,0,0,0,0,20,297,0,16,0
03-07 00:40:08,22.943,10.362,62.169,0,0,5657292,6054180,448404,4046160,29176.037,14464.667,0,2297.295,0,213.151,5103,6160,1.280,1.570,1.780,2,0,0.987,0,0,20,296,0,17,0
03-07 00:40:09,9.130,3.550,86.985,0.254,0,5657396,6053928,448504,4046204,17152.596,8357.694,0,766.891,0,95.354,2706,3654,1.180,1.550,1.770,1,0,2.029,0,0,20,296,0,17,0
03-07 00:40:10,15.489,4.747,77.196,0.250,0,5657484,6053676,448596,4046272,22440.377,9677.263,0,1127.215,0,134.906,3733,4567,1.180,1.550,1.770,0,0,0,0,0,20,296,0,17,0
03-07 00:40:11,15.975,6.739,74.634,0,0,5657584,6053424,448716,4046300,44433.655,21985.688,0,5407.561,0,788.769,5602,5631,1.180,1.550,1.770,1,0,0,0,0,20,297,0,17,0
03-07 00:40:12,24.636,10.949,61.217,0.249,0,5657528,6052920,448972,4046588,29851.911,14751.761,0,2142.091,0,240.886,6219,8047,1.180,1.550,1.770,13,0,1.991,0,0,20,297,0,17,0
03-07 00:40:13,25.113,11.301,61.777,0.502,0,5658868,6051160,449136,4046824,15519.633,7328.883,0,3041.647,0,223.001,5646,7020,1.180,1.550,1.770,2,0,6.027,0,0,20,297,0,19,0
03-07 00:40:14,23.794,8.516,64.369,0.501,0,5659720,6050152,449348,4046764,15481.641,7309.523,0,7541.953,0,481.892,6094,7534,1.160,1.540,1.770,1,0,0,0,0,20,298,0,21,0
03-07 00:40:15,23.107,9.193,64.353,0,0,5659480,6049900,449492,4047116,15739.829,8348.460,0,1439.116,0,186.846,4826,5972,1.160,1.540,1.770,0,0,1.988,0,0,20,296,0,23,0
03-07 00:40:16,8.051,4.026,86.548,0,0,5659424,6049900,449528,4047136,16810.505,7837.656,0,213.352,0,31.198,2257,2742,1.160,1.540,1.770,1,0,0,0,0,20,295,0,23,2
03-07 00:40:17,18.972,8.987,69.396,0.250,0,5660656,6048388,449724,4047208,17108.363,8290.577,0,2104.846,0,222.666,4509,5833,1.160,1.540,1.770,0,0,1.997,0,0,20,294,0,24,2
03-07 00:40:18,13.276,7.515,78.154,0,0,5660808,6048136,449780,4047244,26161.703,12967.628,0,569.125,0,83.164,3185,3809,1.160,1.540,1.770,3,0,3.006,0,0,20,293,0,25,2
03-07 00:40:19,12.480,3.494,81.867,0.499,0,5660544,6048136,449888,4047396,1875.963,939.479,0,1094.229,0,107.825,2883,3814,1.070,1.510,1.760,0,0,0,0,0,20,294,0,25,2
03-07 00:40:20,22.958,4.991,70.621,0,0,5661076,6047380,449892,4047612,15845.064,8087.231,0,423.227,0,20.962,3222,2863,1.070,1.510,1.760,1,0,0,0,0,20,296,0,28,2
03-07 00:40:21,17.243,5.748,74.471,0,0,5660944,6047348,449976,4047684,98524.161,730847.309,0,1263.515,0,139.946,4644,5292,1.070,1.510,1.760,1,0,1.999,0,0,20,294,0,27,2
03-07 00:40:22,11.026,4.511,82.697,0,0,5660536,6047500,450056,4047860,54846.626,441007.328,0,1198.855,0,126.301,3710,4417,1.070,1.510,1.760,2,0,1.002,0,0,20,294,0,27,2
03-07 00:40:23,10.990,4.246,82.174,0,0,5661108,6046768,450148,4047908,38829.936,16482.691,0,1218.868,0,145.865,3273,4216,1.070,1.510,1.760,2,0,0,0,0,20,294,0,27,2
03-07 00:40:24,8.499,4.750,84.993,0,0,5661228,6046544,450216,4047932,15002.785,7523.391,0,2699.781,0,104.991,2935,3729,0.980,1.490,1.750,2,0,0,0,0,20,295,0,27,2
03-07 00:40:25,23.726,10.240,61.938,0.500,0,5661320,6046040,450516,4048036,15898.203,7288.758,0,7496.551,0,499.504,6581,8738,0.980,1.490,1.750,1,0,1.998,0,0,20,295,0,28,2
03-07 00:40:26,25.537,7.761,63.843,0.501,0,5661244,6045788,450580,4048296,15015.987,7468.936,0,1998.927,0,184.270,5833,7233,0.980,1.490,1.750,2,0,0,0,0,20,295,0,28,2
03-07 00:40:27,24.474,7.991,65.180,0.250,0,5662236,6044780,450636,4048256,14986.943,7450.018,0,986.943,0,118.873,5468,6988,0.980,1.490,1.750,1,0,0,0,0,20,295,0,30,2
03-07 00:40:28,23.049,8.017,66.391,0,0,5662352,6044276,450680,4048588,1091.323,0,0,565.203,0,65.139,4904,5809,0.980,1.490,1.750,2,0,3.006,0,0,20,295,0,31,2
03-07 00:40:29,24.713,9.486,62.905,0,0,5662564,6044024,450808,4048492,30069.414,16205.432,0,2020.936,0,225.658,6016,7884,0.980,1.480,1.750,2,0,0,0,0,20,295,0,30,2
03-07 00:40:30,24.762,8.004,64.030,0.250,0,5662460,6043800,450840,4048780,44474.700,22060.267,0,4390.043,0,182.085,5734,7152,0.980,1.480,1.750,2,0,0,0,0,20,295,0,32,2
03-07 00:40:31,22.444,8.728,64.588,0.249,0,5663084,6042792,451040,4048952,14905.680,7600.969,0,6168.556,0,371.071,6069,7543,0.980,1.480,1.750,1,0,1.995,0,0,20,295,0,32,2
03-07 00:40:32,15.290,7.770,75.950,0.251,0,5663500,6042288,451068,4049008,29834.471,15183.937,0,7218.987,0,820.157,4525,4656,0.980,1.480,1.750,0,0,1.003,0,0,20,296,0,32,2
03-07 00:40:33,5.257,3.255,90.128,0,0,5663848,6041784,451076,4049156,26270.379,13513.227,0,1554.211,0,19.027,2017,2464,0.980,1.480,1.750,0,0,1.001,0,0,20,297,0,31,2
03-07 00:40:34,4.251,2.751,92.024,0,0,5663800,6041784,451084,4049196,15355.961,7878.032,0,196.051,0,10.003,1604,1876,0.900,1.450,1.740,0,0,2.001,0,0,20,297,0,31,2
03-07 00:40:35,17.487,6.745,73.194,0,0,5663856,6041532,451132,4049344,48409.659,24293.261,0,899.306,0,99.923,4661,5832,0.900,1.450,1.740,3,0,0,0,0,20,298,0,31,2
03-07 00:40:36,25.999,9.750,61.248,0,0,5663932,6041028,451364,4049528,51679.633,25997.312,0,1991.947,0,239.994,6097,8062,0.900,1.450,1.740,1,0,0,0,0,20,297,0,31,2
03-07 00:40:37,25.888,9.708,60.238,0.498,0,5663956,6040552,451540,4049792,29459.087,14690.214,0,2218.368,0,260.867,6243,8255,0.900,1.450,1.740,2,0,1.991,0,0,20,297,0,31,2
03-07 00:40:38,23.262,7.754,67.035,0.250,0,5664712,6039796,451588,4049744,15306.037,7962.181,0,1056.555,0,78.041,5126,6072,0.900,1.450,1.740,1,0,1.001,0,0,20,297,0,33,2
03-07 00:40:39,24.250,8.000,65.499,0.250,0,5665068,6039040,451656,4050064,44503.213,21953.612,0,1299.977,0,118.998,5594,6954,0.910,1.440,1.730,1,0,0,0,0,20,297,0,34,2
03-07 00:40:40,24.577,8.276,64.703,0,0,5670248,6033748,451704,4050128,29560.701,14962.923,0,1484.656,0,146.459,5016,5955,0.910,1.440,1.730,0,0,2.006,0,0,20,296,0,34,2
03-07 00:40:41,4.744,3.995,90.128,0,0,5670212,6033748,451728,4050136,15490.981,7513.805,0,778.943,0,46.936,1906,2425,0.910,1.440,1.730,1,0,0,0,0,20,297,0,34,2
03-07 00:40:42,25.043,12.021,60.103,0.250,0,5673764,6029968,451872,4050212,30620.246,15585.593,0,9884.866,0,1015.733,6157,6764,0.910,1.440,1.730,2,0,0,0,0,20,296,0,37,2
03-07 00:40:43,19.394,10.579,69.264,0,0,5702212,6001272,451912,4053640,301.236,0,0,749.563,0,77.576,3475,9917,0.910,1.440,1.730,4,0,38.284,0,0,20,299,0,38,2
03-07 00:40:44,17.382,4.966,74.992,0.497,0,5682864,6020480,452000,4050444,16066.233,8305.771,0,1823.654,0,175.810,3410,6924,0.840,1.420,1.720,0,0,0,0,0,20,296,0,39,2
03-07 00:40:45,9.748,3.749,84.983,0.250,0,5683296,6019976,452032,4050484,15341.912,7294.532,0,1211.756,0,128.974,2907,3657,0.840,1.420,1.720,0,0,0,0,0,20,297,0,38,2
03-07 00:40:46,23.221,6.991,66.916,0,0,5684240,6018968,452048,4050532,16430.495,8296.646,0,1002.749,0,116.854,4178,4721,0.840,1.420,1.720,3,0,1.998,0,0,20,297,0,41,2
03-07 00:40:47,28.892,5.433,63.465,0,0,5684912,6018212,452072,4050588,1436.224,457.340,0,964.068,0,92.851,4119,4404,0.840,1.420,1.720,4,0,0,0,0,20,298,0,45,2
03-07 00:40:48,8.867,4.054,85.885,0.253,0,5684996,6017960,452072,4050756,32393.171,14875.625,0,1362.003,0,141.875,2821,3605,0.840,1.420,1.720,1,0,1.013,0,0,20,299,0,45,2
03-07 00:40:49,29.266,7.004,61.534,0.250,0,5685340,6017456,452148,4050836,1580.876,860.477,0,1813.004,0,193.107,4910,5745,0.930,1.430,1.720,0,0,2.001,0,0,20,298,0,50,2
03-07 00:40:50,8.201,5.467,83.502,0.249,0,5685192,6017456,452252,4050876,7203.022,1434.441,0,6294.443,0,433.414,3650,4923,0.930,1.430,1.720,2,0,0,0,0,20,299,0,49,2
03-07 00:40:51,16.316,5.271,77.062,0.251,0,5687056,6015440,452312,4050960,26077.743,13320.012,0,1285.211,0,142.578,3990,5121,0.930,1.430,1.720,0,0,0,0,0,20,298,0,49,2
03-07 00:40:52,13.934,6.845,74.317,0.244,0,5687500,6014684,452404,4051172,6674.795,1346.498,0,1169.507,0,141.788,3422,4171,0.930,1.430,1.720,3,0,1.956,0,0,20,297,0,51,2
03-07 00:40:53,16.645,5.121,78.358,0,0,5685916,6016192,452436,4051216,40808.672,490078.957,0,700.613,0,70.676,3299,3923,0.930,1.430,1.720,0,0,0,0,0,20,298,0,53,2
03-07 00:40:54,15.396,7.450,74.995,0.497,0,5686516,6015560,452464,4051220,43500.189,379207.455,0,695.320,0,66.552,3255,3399,0.940,1.420,1.720,3,0,0.993,0,0,20,299,0,52,2
03-07 00:40:55,18.127,5.035,75.530,0,0,5694216,6007748,452488,4051304,31085.157,15667.958,0,1309.188,0,118.834,3318,4216,0.940,1.420,1.720,0,0,2.014,0,0,20,298,0,56,2
03-07 00:40:56,12.254,3.001,83.030,0,0,5694460,6007496,452536,4051264,15182.495,7526.724,0,720.261,0,69.025,2648,3272,0.940,1.420,1.720,0,0,0,0,0,20,298,0,57,2
03-07 00:40:57,8.996,4.248,84.465,0,0,5694448,6007244,452572,4051488,29856.494,14585.890,0,819.657,0,84.964,2687,3427,0.940,1.420,1.720,1,0,0,0,0,20,298,0,57,2
03-07 00:40:58,3.492,2.744,92.789,0,0,5695184,6006492,452584,4051492,625.581,0,0,466.941,0,22.948,1509,1954,0.940,1.420,1.720,1,0,2.993,0,0,20,299,0,56,2
03-07 00:40:59,5.507,3.505,89.371,0,0,5695604,6005988,452636,4051520,15023.277,7305.861,0,797.076,0,74.100,2013,2936,0.860,1.400,1.710,1,0,1.001,0,0,20,298,0,57,2
03-07 00:41:00,19.525,7.760,71.342,0.250,0,5693240,6008268,452652,4051588,15185.648,7371.538,0,953.233,0,90.117,3870,4867,0.860,1.400,1.710,1,0,2.003,0,0,20,298,0,57,2
03-07 00:41:01,21.960,5.490,70.372,0.250,0,5693336,6008044,452704,4051656,17828.631,9217.266,0,1297.644,0,149.728,4226,4933,0.860,1.400,1.710,5,0,3.993,0,0,20,298,0,62,2
03-07 00:41:02,9.236,5.492,82.872,0.250,0,5693360,6007820,452792,4051768,239.629,65.898,0,10903.127,0,1029.407,4133,4372,0.860,1.400,1.710,1,0,0.998,0,0,20,299,0,55,2
03-07 00:41:03,20.065,5.518,71.982,0,0,5693128,6007820,452892,4051892,28268.041,14400.378,0,1520.898,0,191.617,4024,5306,0.860,1.400,1.710,0,0,0,0,0,20,298,0,59,2
03-07 00:41:04,12.198,3.485,82.896,0,0,5693364,6007572,452900,4051892,238.979,0,0,1334.298,0,27.881,2080,2249,0.870,1.390,1.710,4,0,1.991,0,0,20,299,0,61,2
03-07 00:41:05,16.312,6.274,75.284,0.753,0,5692976,6007572,452996,4052180,12037.413,4245.015,0,1838.938,0,234.886,4335,5708,0.870,1.390,1.710,2,0,2.008,0,0,20,298,0,62,2
03-07 00:41:06,17.760,5.503,74.540,0.250,0,5692636,6007572,453064,4052444,23503.681,11544.228,0,1064.574,0,117.063,4169,5193,0.870,1.390,1.710,0,0,0,0,0,20,298,0,65,2
03-07 00:41:07,6.249,3.749,88.234,0,0,5692872,6007320,453064,4052460,418.922,0,0,483.910,0,39.993,2121,2768,0.870,1.390,1.710,2,0,2.000,0,0,20,299,0,65,2
03-07 00:41:08,23.255,7.752,66.265,0,0,5693764,6006312,453100,4052536,32169.207,16581.715,0,1644.368,0,204.046,4550,5573,0.870,1.390,1.710,0,0,1.000,0,0,20,298,0,68,2
03-07 00:41:09,11.000,4.250,83.503,0.250,0,5693696,6006312,453144,4052556,29870.218,14754.602,0,756.031,0,96.004,2896,3640,0.880,1.380,1.700,1,0,1.000,0,0,20,299,0,69,2
03-07 00:41:10,6.498,4.249,88.224,0.250,0,5694120,6005808,453200,4052580,31031.998,15780.422,0,1071.689,0,105.969,2478,3262,0.880,1.380,1.700,0,0,1.999,0,0,20,298,0,69,2
03-07 00:41:11,29.499,6.500,60.999,0,0,5694212,6005304,453368,4052812,26733.481,13963.729,0,1915.963,0,201.996,5357,6388,0.880,1.380,1.700,1,0,0,0,0,20,297,0,74,2
03-07 00:41:12,9.751,5.251,82.512,0.500,0,5694152,6005052,453628,4052860,25901.613,10648.485,0,7096.990,0,459.064,3943,5166,0.880,1.380,1.700,0,0,0,0,0,20,298,0,74,2
03-07 00:41:13,21.484,10.742,65.701,0.500,0,5695720,6003288,453712,4052956,16053.144,7824.222,0,1247.079,0,131.903,5277,6309,0.880,1.380,1.700,3,0,7.994,0,0,20,300,0,74,2
03-07 00:41:14,25.514,10.156,60.192,0,0,5695476,6003064,453860,4053264,43528.512,22073.391,0,1823.101,0,219.961,6049,7696,1.530,1.510,1.740,10,0,0.991,0,0,20,299,0,72,2
03-07 00:41:15,26.601,9.787,60.228,0.251,0,5695292,6002812,454060,4053492,29759.725,14810.098,0,2240.487,0,252.958,5982,8135,1.530,1.510,1.740,6,0,0,0,0,20,299,0,73,2
03-07 00:41:16,24.404,7.296,66.166,0,0,5695484,6002308,454192,4053656,14978.223,7505.213,0,1855.673,0,178.120,5570,6752,1.530,1.510,1.740,3,0,2.013,0,0,20,299,0,73,2
03-07 00:41:17,23.696,7.483,65.602,0.249,0,5696048,6001552,454308,4053728,14969.184,7345.406,0,1325.007,0,118.732,5403,6691,1.530,1.510,1.740,1,0,0,0,0,20,299,0,74,2
03-07 00:41:18,22.550,8.770,65.396,0,0,5696728,6000796,454464,4053644,25985.949,13199.435,0,7244.155,0,883.971,6478,6419,1.530,1.510,1.740,2,0,1.002,0,0,20,298,0,70,2
03-07 00:41:19,6.242,3.995,88.892,0,0,5696392,6000796,454488,4053952,14984.782,7514.864,0,735.106,0,45.944,1945,2685,1.650,1.540,1.750,3,0,1.998,0,0,20,299,0,71,2
03-07 00:41:20,25.526,9.260,62.565,0.250,0,5696172,6000544,454728,4054176,16180.693,8275.538,0,6198.395,0,431.445,5443,6808,1.650,1.540,1.750,0,0,0,0,0,20,298,0,74,2
03-07 00:41:21,8.252,3.251,87.018,0,0,5696380,6000292,454764,4054184,11585.334,5485.105,0,952.192,0,59.012,2058,2461,1.650,1.540,1.750,1,0,0,0,0,20,299,0,75,2
03-07 00:41:22,7.238,4.492,86.106,0.250,0,5696668,5999788,454916,4054240,21755.591,9806.588,0,2304.144,0,199.666,2818,3955,1.650,1.540,1.750,0,0,1.997,0,0,20,298,0,72,2
03-07 00:41:23,26.793,6.761,64.354,0.250,0,5696676,5999536,455028,4054364,3324.383,529.858,0,1742.822,0,189.307,5364,6148,1.650,1.540,1.750,2,0,0,0,0,20,297,0,76,2
03-07 00:41:24,13.898,3.971,79.916,0.248,0,5696460,5999536,455100,4054500,15862.980,8024.311,0,615.498,0,70.484,2899,3415,1.600,1.530,1.740,2,0,0,0,0,20,298,0,77,2
03-07 00:41:25,17.771,7.258,71.833,0,0,5696572,5999032,455356,4054632,6805.873,1378.595,0,2498.891,0,250.290,5279,6815,1.600,1.530,1.740,5,0,2.002,0,0,20,299,0,79,2
03-07 00:41:26,25.394,10.308,60.592,0.503,0,5696308,5998780,455800,4054684,45773.688,23285.598,0,7152.422,0,474.683,6393,8286,1.600,1.530,1.740,1,0,0,0,0,20,299,0,78,2
03-07 00:41:27,26.095,10.189,59.645,0,0,5696416,5997772,456132,4055236,29889.346,14988.910,0,2970.345,0,308.168,6661,9114,1.600,1.530,1.740,2,0,0,0,0,20,299,0,78,2
03-07 00:41:28,25.269,8.256,63.547,0.751,0,5696668,5997028,456344,4055488,30012.314,14602.857,0,2309.717,0,207.154,5756,7329,1.600,1.530,1.740,4,0,3.002,0,0,20,299,0,78,2
03-07 00:41:29,23.112,7.536,66.823,0,0,5697280,5996272,456432,4055540,15256.757,7494.230,0,1004.858,0,95.461,5256,6462,1.550,1.520,1.740,1,0,0,0,0,20,299,0,78,2
03-07 00:41:30,23.729,7.243,66.690,0.250,0,5697992,5995264,456556,4055704,15110.416,7355.388,0,1686.484,0,145.869,5275,6451,1.550,1.520,1.740,1,0,0,0,0,20,299,0,77,2
03-07 00:41:31,22.946,8.480,64.846,0,0,5698180,5994760,456704,4055868,30223.286,15120.123,0,2330.470,0,193.541,5743,7121,1.550,1.520,1.740,1,0,1.995,0,0,20,299,0,77,2
03-07 00:41:32,26.957,10.483,59.655,0.499,0,5697960,5994256,456976,4056300,51398.204,360787.836,0,3063.125,0,312.503,6799,8728,1.550,1.520,1.740,4,0,0,0,0,20,299,0,78,2
03-07 00:41:33,27.650,11.814,58.065,0.251,0,5698268,5993304,457328,4056580,47738.159,652701.356,0,6479.174,0,468.544,7444,9139,1.550,1.520,1.740,1,0,2.011,0,0,20,299,0,78,2
03-07 00:41:34,23.480,7.244,66.192,0.250,0,5699200,5992296,457396,4056584,29682.168,14741.171,0,2174.108,0,140.877,5169,6309,1.510,1.510,1.740,1,0,1.998,0,0,20,299,0,79,2
03-07 00:41:35,24.015,8.005,65.290,0,0,5699804,5991288,457508,4056864,15252.385,7462.592,0,2617.611,0,109.067,5355,6652,1.510,1.510,1.740,1,0,0,0,0,20,300,0,79,2
03-07 00:41:36,22.979,6.744,65.940,0.250,0,5700020,5990784,457688,4056968,26332.858,13443.675,3.996,1806.344,0.999,158.854,5542,6799,1.510,1.510,1.740,2,0,0,0,0,20,299,0,80,2
03-07 00:41:37,24.232,10.243,62.455,0.500,0,5699976,5990308,457976,4057192,44318.971,21872.193,0,2110.475,0,227.835,6073,7833,1.510,1.510,1.740,1,0,1.999,0,0,20,299,0,80,2
03-07 00:41:38,25.302,9.520,61.878,0.251,0,5700792,5989076,458224,4057344,29982.871,14916.781,0,2324.797,0,262.542,6128,8080,1.510,1.510,1.740,2,0,1.002,0,0,20,299,0,80,2
03-07 00:41:39,25.497,9.499,62.493,0,0,5700596,5988824,458388,4057620,15388.335,7295.211,0,8691.060,0,901.902,6938,7087,1.470,1.500,1.730,1,0,0,0,0,20,299,0,78,2
03-07 00:41:40,23.751,7.750,66.502,0.250,0,5701336,5987816,458484,4057784,15070.527,7428.260,0,1384.048,0,109.004,5428,6693,1.470,1.500,1.730,2,0,2.000,0,0,20,299,0,79,2
03-07 00:41:41,24.171,7.974,63.294,0.498,0,5701944,5986808,458796,4057860,15073.837,7272.282,0,6375.207,0,401.690,6198,7768,1.470,1.500,1.730,3,0,0,0,0,20,299,0,80,2
03-07 00:41:42,4.514,3.009,90.776,0.251,0,5701740,5986808,458844,4058012,14869.260,7384.477,0,645.966,0,58.177,2039,2894,1.470,1.500,1.730,0,0,0,0,0,20,298,0,80,2
03-07 00:41:43,9.253,4.502,84.779,0,0,5702128,5986304,458924,4058044,15068.119,7298.479,0,784.266,0,81.028,2705,3461,1.470,1.500,1.730,1,0,2.001,0,0,20,298,0,78,2
03-07 00:41:44,34.496,16.248,47.994,0,0,5718016,5970176,459072,4058128,761.904,0,0,1363.829,0,153.981,5588,15341,1.430,1.490,1.730,3,0,35.995,0,0,20,299,0,83,2
03-07 00:41:45,6.000,3.250,89.256,0,0,5717888,5970176,459160,4058164,16404.093,8254.550,0,980.065,0,93.006,2313,3286,1.430,1.490,1.730,0,0,0,0,0,20,298,0,84,2
03-07 00:41:46,26.019,5.204,65.668,0,0,5717664,5970176,459208,4058336,15719.692,7916.841,0,888.129,0,87.227,3804,3620,1.430,1.490,1.730,5,0,1.982,0,0,20,299,0,88,2
03-07 00:41:47,7.260,4.005,86.865,0.250,0,5717492,5970176,459340,4058372,6404.490,1378.828,0,1213.609,0,147.195,2982,4170,1.430,1.490,1.730,1,0,0,0,0,20,298,0,81,2
03-07 00:41:48,9.321,4.283,85.153,0.252,0,5717348,5970176,459432,4058424,17231.122,6914.014,0,862.614,0,82.634,2758,3454,1.430,1.490,1.730,0,0,1.008,0,0,20,298,0,81,2
03-07 00:41:49,20.245,6.748,70.983,0.250,0,5717060,5970176,459592,4058540,15359.272,7618.151,0,5262.723,0,743.819,5721,5542,1.390,1.480,1.720,0,0,2.000,0,0,20,298,0,82,2
03-07 00:41:50,4.490,3.243,91.542,0,0,5717048,5970176,459604,4058540,179.591,0,0,439.001,0,21.950,1507,1978,1.390,1.480,1.720,1,0,0,0,0,20,299,0,82,2
03-07 00:41:51,26.799,10.770,60.110,0.751,0,5716300,5970176,460116,4058756,28098.587,14459.547,0,6972.802,0,508.934,5744,6965,1.390,1.480,1.720,0,0,0,0,0,20,298,0,78,2
03-07 00:41:52,9.505,3.252,86.047,0,0,5716256,5970176,460136,4058780,49996.306,23505.838,0,320.175,0,22.012,2219,2403,1.390,1.480,1.720,2,0,2.001,0,0,20,299,0,79,2
03-07 00:41:53,24.481,8.743,65.448,0,0,5716000,5970176,460308,4058856,31376.032,15862.377,0,1338.935,0,158.874,4344,5417,1.390,1.480,1.720,1,0,0.999,0,0,20,298,0,82,2
03-07 00:41:54,8.739,3.495,85.389,0,0,5715968,5970176,460332,4058864,14684.938,7448.331,0,2416.863,0,399.481,2605,2310,1.280,1.460,1.710,4,0,0,0,0,20,299,0,83,2
03-07 00:41:55,3.506,3.256,92.407,0,0,5715796,5970176,460384,4058980,15088.661,7536.818,0,633.077,0,56.095,1732,2447,1.280,1.460,1.710,0,0,2.003,0,0,20,298,0,74,2
03-07 00:41:56,14.509,3.502,79.802,0.250,0,5715640,5970176,460464,4059052,15063.842,7300.770,0,708.463,0,67.044,2838,3241,1.280,1.460,1.710,0,0,0,0,0,20,298,0,76,2
03-07 00:41:57,15.988,3.997,79.441,0,0,5715568,5970176,460512,4059076,15333.532,7290.547,0,607.546,0,50.962,2631,2930,1.280,1.460,1.710,1,0,0,0,0,20,297,0,81,2
03-07 00:41:58,21.755,5.751,69.766,0.250,0,5715472,5970176,460784,4058896,23650.438,9601.208,0,1868.430,0,243.056,4744,6123,1.280,1.460,1.710,0,0,3.001,0,0,20,298,0,82,2
03-07 00:41:59,14.504,5.001,79.022,0,0,5715032,5970176,460872,4059232,479.132,0,0,1040.286,0,97.027,3562,4405,1.260,1.450,1.710,1,0,0,0,0,20,299,0,81,2
03-07 00:42:00,23.429,9.471,63.806,0.249,0,5714536,5970176,461124,4059468,58984.421,30225.977,0,2508.363,0,241.265,5695,7442,1.260,1.450,1.710,1,0,0,0,0,20,299,0,83,2
03-07 00:42:01,25.275,10.510,60.811,0.500,0,5714048,5970176,461456,4059612,29958.811,15093.019,0,6094.064,0,455.453,6305,8528,1.260,1.450,1.710,4,0,3.003,0,0,20,299,0,84,2
03-07 00:42:02,26.968,9.988,59.928,0,0,5708040,5975760,461600,4059880,14806.267,7449.078,0,3132.249,0,210.748,5935,7205,1.260,1.450,1.710,3,0,1.998,0,0,20,299,0,84,2
03-07 00:42:03,25.294,8.014,63.861,0,0,5707852,5975760,461712,4059952,25809.995,13193.000,0,965.683,0,96.168,5743,6870,1.260,1.450,1.710,1,0,2.003,0,0,20,299,0,77,2
03-07 00:42:04,24.267,8.256,64.544,0,0,5708520,5974752,461828,4060164,14954.237,7463.109,0,1140.781,0,119.082,5470,6670,1.240,1.440,1.710,2,0,3.002,0,0,20,299,0,78,2
03-07 00:42:05,7.251,4.750,86.506,0.250,0,5708624,5974504,461900,4060232,15064.129,7296.547,0,1056.079,0,97.007,2487,3334,1.240,1.440,1.710,0,0,2.000,0,0,20,298,0,78,2
03-07 00:42:06,27.515,8.755,61.533,0,0,5708664,5974252,462048,4060292,25938.754,13684.256,0,3013.598,0,185.098,4695,5404,1.240,1.440,1.710,1,0,0,0,0,20,298,0,81,2
03-07 00:42:07,3.748,3.499,91.212,0,0,5708816,5974000,462120,4060316,2175.096,65.973,0,1143.525,0,86.964,2089,3023,1.240,1.440,1.710,1,0,1.999,0,0,20,299,0,75,2
03-07 00:42:08,13.480,4.493,80.628,0.250,0,5708784,5974000,462188,4060280,14861.538,7608.500,0,786.811,0,64.902,2811,3257,1.240,1.440,1.710,1,0,0.998,0,0,20,299,0,76,2
03-07 00:42:09,20.299,6.015,71.423,0.251,0,5708920,5973496,462300,4060528,8384.301,2283.529,0,1142.767,0,114.277,3688,4258,1.220,1.430,1.700,0,0,0,0,0,20,298,0,80,2
03-07 00:42:10,5.996,2.998,89.690,0,0,5708892,5973496,462324,4060532,16924.611,8096.552,0,595.599,0,32.978,1625,1916,1.220,1.430,1.700,0,0,1.999,0,0,20,298,0,81,2
03-07 00:42:11,5.246,2.998,90.689,0,0,5708760,5973496,462428,4060556,2194.528,415.721,0,979.343,0,97.934,2114,2906,1.220,1.430,1.700,1,0,0,0,0,20,297,0,74,2
03-07 00:42:12,27.029,7.258,62.066,0.501,0,5708508,5973272,462824,4060628,40344.952,865661.595,0,6546.970,0,462.492,6099,6849,1.220,1.430,1.700,0,0,0,0,0,20,298,0,79,2
03-07 00:42:13,8.497,6.747,84.218,0.500,0,5708952,5972768,462848,4060644,2304.111,131.949,0,387.850,0,23.991,2166,2185,1.220,1.430,1.700,1,0,7.997,0,0,20,299,0,80,2
03-07 00:42:14,10.994,3.998,82.452,0,0,5709560,5972012,462952,4060688,8770.856,3581.899,0,811.524,0,85.950,2781,3468,1.280,1.440,1.700,1,0,0.999,0,0,20,298,0,81,2
03-07 00:42:15,11.010,5.004,81.821,0,0,5709232,5972012,463104,4060856,17656.307,28575.774,0,6749.852,0,880.764,4472,4045,1.280,1.440,1.700,0,0,0,0,0,20,298,0,82,2
03-07 00:42:16,12.996,5.748,79.225,0.250,0,5709076,5972012,463164,4060944,1837.422,65.979,0,1023.678,0,98.969,3640,4322,1.280,1.440,1.700,2,0,1.999,0,0,20,299,0,79,2
03-07 00:42:17,25.210,10.983,61.153,0.250,0,5708848,5971760,463380,4061200,538.143,0,0,2504.015,0,277.558,6319,8239,1.280,1.440,1.700,1,0,0.998,0,0,20,299,0,79,2
03-07 00:42:18,25.819,9.434,60.576,0.497,0,5708572,5971256,463612,4061732,55181.841,27936.502,0,2510.432,0,274.082,6405,8639,1.280,1.440,1.700,1,0,0.993,0,0,20,299,0,80,2
03-07 00:42:19,25.669,7.801,64.423,0.252,0,5708412,5971004,463724,4062032,29842.939,14917.947,0,1469.649,0,126.833,5353,6496,1.260,1.440,1.700,5,0,2.013,0,0,20,299,0,80,2
03-07 00:42:20,23.032,7.761,66.592,0,0,5708032,5971004,463824,4062300,29911.371,14774.435,0,1401.939,0,114.158,5213,6326,1.260,1.440,1.700,4,0,0,0,0,20,299,0,78,2
03-07 00:42:21,22.512,9.255,65.534,0.250,0,5708512,5970248,464028,4062368,25778.513,13014.822,0,4794.513,0,287.151,5739,6889,1.260,1.440,1.700,3,0,0,0,0,20,299,0,79,2
03-07 00:42:22,8.749,4.249,85.989,0.250,0,5708380,5969996,464116,4062660,19594.483,8125.956,0,1679.784,0,139.982,2774,3665,1.260,1.440,1.700,1,0,2.000,0,0,20,298,0,79,2
03-07 00:42:23,18.515,5.504,73.058,0.250,0,5708140,5969996,464256,4062748,23604.632,9484.486,0,1313.036,0,134.106,4438,5499,1.260,1.440,1.700,0,0,0,0,0,20,298,0,81,2
03-07 00:42:24,7.986,3.743,86.594,0,0,5708268,5969744,464332,4062788,14917.161,7576.369,0,754.642,0,59.892,2391,3231,1.320,1.450,1.700,1,0,0,0,0,20,299,0,72,2
03-07 00:42:25,24.027,9.511,64.071,0.250,0,5707796,5969744,464572,4063016,942.041,0,0,2118.341,0,211.233,5839,7579,1.320,1.450,1.700,1,0,2.002,0,0,20,299,0,72,2
03-07 00:42:26,26.205,9.733,60.646,0.250,0,5707808,5969240,464892,4063172,45076.477,22998.447,0,2851.097,0,280.518,6460,8393,1.320,1.450,1.700,1,0,0,0,0,20,299,0,72,2
03-07 00:42:27,25.510,8.253,62.023,0,0,5708060,5968484,465144,4063412,30206.341,14825.566,0,1860.699,0,196.074,5909,7430,1.320,1.450,1.700,1,0,0,0,0,20,299,0,73,2
03-07 00:42:28,23.285,7.762,66.852,0.501,0,5708156,5968232,465232,4063472,30001.713,15004.862,0,1229.874,0,93.142,4974,6027,1.320,1.450,1.700,1,0,3.005,0,0,20,299,0,72,2
03-07 00:42:29,23.494,7.498,65.983,0,0,5708584,5967476,465348,4063680,15486.988,7294.110,0,1163.699,0,113.970,5571,6948,1.370,1.460,1.700,1,0,0,0,0,20,300,0,72,2
03-07 00:42:30,23.753,10.001,64.009,0.250,0,5708372,5967232,465752,4063732,15304.099,8217.127,0,6828.937,0,460.063,5613,7244,1.370,1.460,1.700,1,0,0,0,0,20,298,0,73,2
03-07 00:42:31,9.715,3.986,84.694,0,0,5708224,5967232,465804,4063812,16092.908,7658.355,0,1036.259,0,87.683,2779,3571,1.370,1.460,1.700,1,0,1.993,0,0,20,299,0,74,2
03-07 00:42:32,18.320,6.776,72.025,0.502,0,5708204,5966980,465956,4063928,16159.786,6723.708,0,1822.970,0,197.756,4167,5545,1.370,1.460,1.700,1,0,0,0,0,20,298,0,72,2
03-07 00:42:33,12.450,6.972,78.435,0,0,5708276,5966728,466020,4064040,11602.350,7266.782,0,972.091,0,95.616,3065,3854,1.370,1.460,1.700,3,0,0,0,0,20,299,0,72,2
03-07 00:42:34,14.055,4.016,79.812,0,0,5708572,5966224,466164,4064096,16227.340,8610.610,0,1228.796,0,133.521,3258,4250,1.260,1.430,1.690,1,0,2.008,0,0,20,298,0,73,2
03-07 00:42:35,22.632,8.456,66.653,0.497,0,5708604,5965972,466356,4064120,536.210,0,0,1595.698,0,192.996,4564,5726,1.260,1.430,1.690,1,0,0,0,0,20,298,0,74,2
03-07 00:42:36,8.802,5.030,84.999,0,0,5708808,5965468,466428,4064340,27802.192,13913.670,0,7612.685,0,855.019,3472,3203,1.260,1.430,1.690,1,0,0,0,0,20,299,0,71,2
03-07 00:42:37,23.735,5.996,67.958,0,0,5708548,5965468,466572,4064448,6069.229,1772.899,0,2946.170,0,170.894,4649,5303,1.260,1.430,1.690,0,0,1.999,0,0,20,298,0,71,2
03-07 00:42:38,8.438,3.723,85.373,0.248,0,5708488,5965468,466632,4064448,31131.423,16185.163,0,829.907,0,71.475,2478,3157,1.260,1.430,1.690,3,0,0,0,0,20,299,0,71,2
03-07 00:42:39,10.075,4.282,85.135,0,0,5708556,5965216,466740,4064520,37263.823,16754.917,0,1237.224,0,136.014,3184,4235,1.160,1.410,1.680,3,0,1.008,0,0,20,298,0,71,2
03-07 00:42:40,15.497,5.749,75.237,0.750,0,5709388,5963984,467168,4064488,36533.676,16429.156,0,6990.790,0,461.920,4784,6240,1.160,1.410,1.680,2,0,2.000,0,0,20,298,0,70,2
03-07 00:42:41,13.509,5.254,79.554,0,0,5708876,5963984,467340,4064772,35264.824,16539.173,0,1228.830,0,139.094,3690,4672,1.160,1.410,1.680,1,0,0,0,0,20,298,0,71,2
03-07 00:42:42,7.985,3.743,86.590,0,0,5708792,5963984,467404,4064792,16212.021,7575.991,0,702.701,0,63.882,2540,3353,1.160,1.410,1.680,3,0,0,0,0,20,299,0,71,2
03-07 00:42:43,22.986,9.244,64.210,0.250,0,5708628,5963732,467604,4064996,15320.345,7615.201,0,1750.897,0,191.879,5840,7609,1.160,1.410,1.680,2,0,1.999,0,0,20,299,0,72,2
03-07 00:42:44,32.645,16.198,48.344,0,0,5736284,5935536,467956,4067768,739.610,0,0,2747.123,0,305.014,6885,12039,1.230,1.420,1.690,7,0,33.890,0,0,20,299,0,66,2
03-07 00:42:45,29.315,13.280,56.125,0,0,5727084,5944292,468144,4065416,17652.285,9926.091,0,1731.854,0,165.368,6127,12496,1.230,1.420,1.690,3,0,2.004,0,0,20,299,0,67,2
03-07 00:42:46,23.066,9.276,65.186,0.501,0,5725716,5945456,468276,4065484,17269.226,9134.037,0,5391.368,0,742.115,6141,6614,1.230,1.420,1.690,1,0,2.006,0,0,20,299,0,67,2
03-07 00:42:47,23.751,8.500,64.752,0.500,0,5725232,5945484,468540,4065668,1387.038,0,0,5428.148,0,346.009,5981,7367,1.230,1.420,1.690,1,0,0,0,0,20,299,0,67,2
03-07 00:42:48,25.726,6.494,64.439,0,0,5724984,5945232,468740,4065956,41007.152,21525.608,0,2014.092,0,219.792,6086,7331,1.230,1.420,1.690,2,0,0,0,0,20,299,0,61,2
03-07 00:42:49,24.504,8.001,64.261,0,0,5724800,5944980,468944,4066176,52800.275,25592.495,0,1812.318,0,183.032,6177,7389,1.130,1.390,1.680,4,0,3.001,0,0,20,299,0,62,2
03-07 00:42:50,24.234,9.993,62.958,0.250,0,5708020,5961280,469160,4066428,51537.213,499292.979,0,1794.789,0,175.881,6133,7597,1.130,1.390,1.680,1,0,0,0,0,20,299,0,62,2
03-07 00:42:51,26.992,10.247,60.233,0.250,0,5707716,5960776,469548,4066832,50864.325,455154.687,0,2591.252,0,295.915,6474,8475,1.130,1.390,1.680,1,0,2.999,0,0,20,299,0,62,2
03-07 00:42:52,26.805,8.517,62.127,0.251,0,5708684,5959520,469720,4066940,21231.480,8690.798,0,1847.784,0,163.334,5750,7174,1.130,1.390,1.680,4,0,2.004,0,0,20,299,0,56,2
03-07 00:42:53,23.231,7.744,66.195,0,0,5709112,5958788,469796,4067148,15819.768,7451.767,0,1266.940,0,98.917,5200,6334,1.130,1.390,1.680,2,0,0,0,0,20,299,0,56,2
03-07 00:42:54,22.250,8.500,67.250,0,0,5709772,5958032,469856,4067176,15127.973,7295.987,0,811.999,0,63.000,4744,5599,1.120,1.390,1.670,2,0,0,0,0,20,299,0,56,2
03-07 00:42:55,19.777,8.511,68.843,0.501,0,5709828,5957528,470188,4067280,16811.683,8253.135,0,6660.987,0,477.644,5383,6885,1.120,1.390,1.670,0,0,2.003,0,0,20,298,0,57,2
03-07 00:42:56,10.750,4.500,82.496,0,0,5709668,5957276,470416,4067456,16648.228,8178.621,0,1787.917,0,185.991,3435,4570,1.120,1.390,1.670,1,0,0,0,0,20,298,0,51,2
03-07 00:42:57,9.683,3.973,84.667,0,0,5710076,5956772,470472,4067496,15208.349,7442.785,0,993.166,0,82.433,2736,3519,1.120,1.390,1.670,2,0,0,0,0,20,299,0,51,2
03-07 00:42:58,9.062,4.279,85.085,0,0,5710364,5956268,470632,4067548,1966.521,889.113,0,1466.080,0,173.191,3166,4267,1.120,1.390,1.670,0,0,3.021,0,0,20,298,0,51,2
03-07 00:42:59,11.498,4.499,82.235,0.500,0,5710736,5955764,470732,4067572,16681.011,8629.454,0,1195.786,0,115.979,3245,4151,1.030,1.360,1.660,0,0,1.000,0,0,20,298,0,52,2
03-07 00:43:00,11.754,4.752,80.778,0,0,5710828,5955260,470912,4067792,45944.887,23360.077,0,1328.459,0,145.050,3512,4428,1.030,1.360,1.660,0,0,0,0,0,20,298,0,52,2
03-07 00:43:01,5.498,2.749,89.961,0.250,0,5711004,5955008,470964,4067812,44395.541,22688.056,0,643.718,0,42.981,1932,2387,1.030,1.360,1.660,2,0,1.999,0,0,20,299,0,43,2
03-07 00:43:02,6.753,3.502,88.792,0.250,0,5711152,5954756,471092,4067788,30821.407,15386.192,0,1008.471,0,94.044,2272,3093,1.030,1.360,1.660,0,0,0,0,0,20,298,0,44,2
03-07 00:43:03,13.740,4.996,78.944,0,0,5711012,5954504,471332,4067932,57139.813,29271.413,0,1770.755,0,167.882,3771,4888,1.030,1.360,1.660,1,0,0.999,0,0,20,298,0,45,2
03-07 00:43:04,11.756,6.253,80.040,0.250,0,5712220,5953228,471440,4067892,30762.559,15548.864,0,1220.617,0,126.064,3417,4386,1.030,1.360,1.660,1,0,4.002,0,0,20,298,0,46,2
03-07 00:43:05,13.742,5.497,78.202,0.250,0,5712936,5952220,471532,4068080,30280.517,15162.745,0,1067.348,0,104.936,3379,4006,1.030,1.360,1.660,1,0,4.997,0,0,20,301,0,44,2
03-07 00:43:06,9.248,5.999,82.480,0,0,5712912,5951744,471848,4068252,56737.170,28315.098,0,12604.927,0,1129.725,5009,4550,1.030,1.360,1.660,0,0,2.000,0,0,20,300,0,44,2
03-07 00:43:07,11.008,5.254,82.061,0.500,0,5712968,5951492,472064,4068228,30932.969,15360.406,0,2485.846,0,147.109,3620,4506,1.030,1.360,1.660,0,0,2.001,0,0,20,300,0,44,2
03-07 00:43:08,16.501,5.500,75.003,0.250,0,5713064,5950988,472284,4068400,47121.824,23641.915,0,1460.057,0,162.006,4632,5921,1.030,1.360,1.660,0,0,0,0,0,20,300,0,45,2
03-07 00:43:09,8.485,3.494,86.095,0,0,5713176,5950764,472372,4068424,29657.593,14697.533,0,830.504,0,78.858,2541,3414,1.020,1.350,1.660,3,0,1.996,0,0,20,301,0,40,2
03-07 00:43:10,6.260,3.005,88.648,0,0,5713288,5950512,472472,4068460,36845.538,16459.490,0,1093.827,0,107.179,2563,3498,1.020,1.350,1.660,0,0,2.003,0,0,20,300,0,40,2
03-07 00:43:11,22.904,7.718,67.219,0.249,0,5713060,5950512,472636,4068516,15904.430,7265.589,0,1310.515,0,141.408,5375,6615,1.020,1.350,1.660,5,0,0,0,0,20,301,0,40,2
03-07 00:43:12,25.233,9.743,60.708,0.749,0,5712996,5950008,472988,4068724,29757.532,14809.814,0,2734.119,0,302.792,6364,8393,1.020,1.350,1.660,1,0,0,0,0,20,301,0,40,2
03-07 00:43:13,25.782,12.515,59.323,0,0,5714280,5947996,473288,4069132,787.970,0,0,2110.597,0,225.277,6078,8055,1.020,1.350,1.660,2,0,5.006,0,0,20,301,0,29,2
03-07 00:43:14,23.320,9.027,64.192,0,0,5714720,5947240,473632,4069096,15233.642,7317.926,0,5259.759,0,310.932,5801,7143,1.020,1.350,1.650,4,0,3.009,0,0,20,301,0,30,2
03-07 00:43:15,23.749,8.000,66.498,0,0,5714692,5946988,473736,4069264,15306.610,7457.810,0,1119.971,0,104.997,5385,6812,1.020,1.350,1.650,1,0,0,0,0,20,302,0,30,2
03-07 00:43:16,22.773,9.009,65.565,0.500,0,5715008,5946232,473932,4069496,15383.215,7303.223,0,2078.055,0,215.213,4965,6243,1.020,1.350,1.650,0,0,2.002,0,0,20,300,0,32,2
03-07 00:43:17,6.498,3.249,88.474,0,0,5715192,5945980,473976,4069520,842.753,0,0,883.741,0,62.982,2162,2865,1.020,1.350,1.650,2,0,0,0,0,20,301,0,29,2
03-07 00:43:18,23.895,9.209,63.221,0.249,0,5715304,5945728,474152,4069480,26825.637,13319.231,0,1971.302,0,250.893,5149,6431,1.020,1.350,1.650,3,0,0,0,0,20,300,0,30,2
03-07 00:43:19,6.526,4.518,87.856,0,0,5714064,5946596,474208,4069788,61661.183,512085.728,0,1204.889,0,110.448,3143,3555,0.940,1.320,1.640,1,0,3.012,0,0,20,301,0,30,2
03-07 00:43:20,24.993,7.748,64.981,0.250,0,5714276,5946020,474464,4069884,48294.050,445307.375,0,1939.440,0,195.943,6055,7506,0.940,1.320,1.640,3,0,1.999,0,0,20,301,0,30,2
03-07 00:43:21,27.383,10.953,58.501,0.249,0,5714092,5945516,474868,4070152,48549.060,23730.847,0,6946.391,0,465.018,6679,8600,0.940,1.320,1.640,6,0,0.996,0,0,20,301,0,28,2
03-07 00:43:22,26.274,10.009,60.555,0.250,0,5714224,5944508,475292,4070588,32215.412,15437.094,0,2370.164,0,272.249,6289,8493,0.940,1.320,1.640,4,0,2.002,0,0,20,301,0,29,2
03-07 00:43:23,24.102,8.536,64.773,0.251,0,5714532,5943752,475488,4070828,19578.493,8266.832,0,1518.398,0,166.702,5723,7257,0.940,1.320,1.640,2,0,0,0,0,20,301,0,30,2
03-07 00:43:24,24.229,7.244,66.692,0,0,5715404,5942744,475556,4070892,30372.489,14741.133,0,903.212,0,74.935,5227,6386,1.180,1.370,1.660,2,0,0,0,0,20,301,0,30,2
03-07 00:43:25,22.740,7.996,66.721,0,0,5716892,5940980,475748,4070964,728.678,65.971,0,1031.544,0,94.958,4876,5697,1.180,1.370,1.660,3,0,1.999,0,0,20,301,0,28,2
03-07 00:43:26,23.496,10.388,61.833,0.247,0,5716840,5940476,476128,4071140,46824.548,22772.183,0,2081.531,0,229.522,6053,8131,1.180,1.370,1.660,2,0,0,0,0,20,301,0,29,2
03-07 00:43:27,27.533,11.872,58.856,0,0,5716880,5939720,476484,4071472,43815.905,22345.960,0,9509.865,0,1065.970,8137,8646,1.180,1.370,1.660,2,0,0,0,0,20,301,0,29,2
03-07 00:43:28,26.801,9.017,61.366,1.002,0,5717368,5938460,476848,4071864,30504.614,15184.679,0,6620.504,0,407.770,6232,8188,1.180,1.370,1.660,2,0,2.004,0,0,20,301,0,29,2
03-07 00:43:29,23.136,7.712,65.676,0.249,0,5717916,5937704,476964,4071948,33608.994,15296.446,0,1217.984,0,108.464,5521,6883,1.170,1.360,1.650,2,0,0.995,0,0,20,301,0,27,2
03-07 00:43:30,16.336,5.529,75.900,0,0,5718552,5936976,477016,4071988,29815.216,15224.278,0,667.520,0,49.260,3760,4635,1.170,1.360,1.650,0,0,0,0,0,20,301,0,27,2
03-07 00:43:31,9.390,4.448,83.771,0,0,5718800,5936724,477072,4071936,30132.786,15411.855,0,648.421,0,54.365,2647,3194,1.170,1.360,1.650,3,0,2.965,0,0,20,301,0,27,2
03-07 00:43:32,23.970,9.336,64.341,0,0,5718532,5936472,477272,4072240,44766.906,22290.601,0,1683.452,0,190.751,5794,7484,1.170,1.360,1.650,1,0,0,0,0,20,301,0,27,2
03-07 00:43:33,25.734,9.994,61.462,0.250,0,5718460,5935968,477556,4072520,40973.545,20357.353,0,2066.716,0,247.846,6344,8363,1.170,1.360,1.650,1,0,0,0,0,20,301,0,24,2
03-07 00:43:34,25.399,8.715,63.248,0,0,5718896,5935212,477764,4072624,14948.383,7332.756,0,1454.200,0,154.384,5554,7062,1.240,1.370,1.650,2,0,1.992,0,0,20,301,0,24,2
03-07 00:43:35,27.912,11.316,58.338,0.251,0,5759612,5894148,477892,4072824,15901.245,7501.517,0,1235.165,0,117.683,6191,7406,1.240,1.370,1.650,2,0,0,0,0,20,301,0,24,2
03-07 00:43:36,23.735,6.996,66.459,0.500,0,5759656,5893896,478020,4072892,26383.650,12838.044,0,1159.282,0,113.929,5280,6223,1.240,1.370,1.650,2,0,0,0,0,20,301,0,25,2
03-07 00:43:37,26.493,8.998,61.233,0,0,5759636,5893392,478420,4072996,45402.489,23367.561,0,11016.964,0,1008.722,7625,8539,1.240,1.370,1.650,4,0,1.999,0,0,20,301,0,23,2
03-07 00:43:38,23.273,9.760,63.813,0.500,0,5759916,5892664,478636,4073220,44285.710,22366.075,0,3751.703,0,274.271,6080,7639,1.240,1.370,1.650,1,0,0,0,0,20,301,0,23,2
03-07 00:43:39,26.992,9.747,60.232,0.500,0,5759776,5892160,479000,4073488,29941.805,14749.470,0,2511.229,0,256.921,6073,8284,1.380,1.400,1.660,1,0,1.000,0,0,20,301,0,23,2
03-07 00:43:40,25.028,8.259,64.571,0,0,5760452,5891152,479204,4073600,15210.770,7370.126,0,1545.704,0,171.189,5368,6970,1.380,1.400,1.660,1,0,2.002,0,0,20,301,0,23,2
03-07 00:43:41,22.755,7.501,66.263,0.250,0,5760720,5890648,479372,4073664,15314.037,7297.447,0,1188.236,0,109.022,5301,6492,1.380,1.400,1.660,1,0,0,0,0,20,301,0,24,2
03-07 00:43:42,23.427,7.477,66.541,0.249,0,5761876,5889136,479516,4073868,15080.738,7273.206,0,1168.338,0,114.641,5346,6729,1.380,1.400,1.660,2,0,0,0,0,20,301,0,23,2
03-07 00:43:43,23.230,6.744,67.442,0.250,0,5761956,5888884,479624,4073928,15173.878,7289.696,0,919.205,0,75.934,5033,5841,1.380,1.400,1.660,1,0,1.998,0,0,20,301,0,24,2
03-07 00:43:44,20.976,10.238,65.424,0,0,5760844,5889696,479844,4073996,39272.391,486117.445,0,1690.037,0,169.803,5335,6091,1.350,1.390,1.660,4,0,0,0,0,20,301,0,25,2
03-07 00:43:45,26.890,12.565,58.554,0.251,0,5784296,5865824,480048,4074188,56288.211,467335.096,0,1749.080,0,172.898,5495,12353,1.350,1.390,1.660,0,0,38.198,0,0,20,300,0,28,2
03-07 00:43:46,14.252,6.751,77.763,0,0,5781700,5868004,480408,4074236,22567.902,9137.580,0,5957.030,0,381.066,4100,5113,1.350,1.390,1.660,0,0,2.000,0,0,20,300,0,26,2
03-07 00:43:47,12.946,7.718,77.178,0.249,0,5779260,5870224,480556,4074304,30232.876,15192.620,0,1270.699,0,137.427,3507,4537,1.350,1.390,1.660,5,0,0,0,0,20,299,0,28,2
03-07 00:43:48,11.297,4.017,83.597,0,0,5776700,5872636,480660,4074340,56878.287,28737.383,0,1502.241,0,94.392,2837,3709,1.350,1.390,1.660,0,0,0,0,0,20,300,0,28,2
03-07 00:43:49,19.250,5.500,71.749,0.250,0,5775548,5873316,480928,4074532,30551.473,14657.747,0,2011.965,0,243.996,4966,5969,1.240,1.370,1.650,0,0,3.000,0,0,20,301,0,29,2
03-07 00:43:50,16.987,5.746,75.192,0,0,5775880,5872592,481252,4074592,18556.641,8841.159,0,2034.426,0,242.812,4338,5511,1.240,1.370,1.650,0,0,0,0,0,20,300,0,27,2
03-07 00:43:51,7.005,3.252,87.810,0,0,5775656,5872592,481304,4074760,30224.766,13725.430,0,668.459,0,43.030,2261,2671,1.240,1.370,1.650,2,0,0,0,0,20,301,0,28,2
03-07 00:43:52,23.928,8.225,64.556,0.498,0,5775724,5872340,481608,4074636,66041.044,32124.222,0,2081.729,0,245.261,6151,7451,1.240,1.370,1.650,1,0,1.994,0,0,20,301,0,29,2
03-07 00:43:53,23.548,10.020,64.130,0.501,0,5775648,5871848,481896,4074896,29897.588,14850.094,0,2428.922,0,231.469,5785,7537,1.240,1.370,1.650,5,0,0,0,0,20,301,0,29,2
03-07 00:43:54,25.521,11.009,58.799,0,0,5775256,5871344,482472,4075196,29616.698,14766.314,0,7698.420,0,562.469,7144,9410,1.300,1.380,1.650,2,0,0,0,0,20,301,0,29,2
03-07 00:43:55,27.247,9.999,59.744,0.250,0,5774956,5871092,482780,4075424,29768.244,14818.628,0,3523.674,0,326.970,6625,8561,1.300,1.380,1.650,1,0,2.000,0,0,20,301,0,30,2
03-07 00:43:56,25.721,7.492,64.178,0.250,0,5774940,5870588,482996,4075716,15584.508,7287.820,0,1510.305,0,163.816,5668,7127,1.300,1.380,1.650,2,0,0,0,0,20,301,0,30,2
03-07 00:43:57,24.997,6.999,65.241,0.250,0,5775472,5869832,483140,4075792,15573.881,7295.007,0,1347.817,0,130.982,5353,6855,1.300,1.380,1.650,2,0,0,0,0,20,301,0,32,2
03-07 00:43:58,22.774,9.260,66.069,0,0,5775620,5869580,483184,4075844,304.317,0,0,7259.557,0,797.830,5794,5462,1.300,1.380,1.650,1,0,2.002,0,0,20,301,0,31,2
03-07 00:43:59,20.259,7.753,69.530,0.250,0,5777052,5867564,483508,4076092,16353.991,8254.529,0,3045.302,0,259.111,4628,5998,1.360,1.390,1.650,0,0,2.001,0,0,20,302,0,32,2
03-07 00:44:00,13.722,6.237,78.339,0,0,5778688,5865800,483596,4076128,15037.029,7281.004,0,838.273,0,71.852,3158,3763,1.360,1.390,1.650,4,0,0,0,0,20,303,0,32,2
03-07 00:44:01,20.262,8.505,68.290,0.500,0,5778164,5865800,484016,4076220,7863.608,1775.040,0,5943.483,0,389.228,5401,6733,1.360,1.390,1.650,1,0,2.001,0,0,20,302,0,34,2
03-07 00:44:02,9.235,4.742,83.616,0,0,5778008,5865800,484152,4076236,30017.891,15792.689,0,942.489,0,104.832,3042,3892,1.360,1.390,1.650,1,0,0,0,0,20,303,0,32,2
03-07 00:44:03,23.708,9.483,64.136,0,0,5777328,5865800,484460,4076592,40479.273,20950.876,0,1780.844,0,199.646,6126,7809,1.360,1.390,1.650,6,1,0,0,0,20,303,0,32,2
03-07 00:44:04,26.101,10.039,60.483,0.251,0,5776728,5865552,484884,4076996,30170.362,15335.145,0,2405.277,0,281.084,6238,8307,1.330,1.380,1.650,5,0,3.012,0,0,20,303,0,32,2
03-07 00:44:05,29.014,10.255,58.528,0.500,0,5774456,5867384,485152,4077160,29845.063,14664.910,0,2036.960,0,198.093,5753,7284,1.330,1.380,1.650,1,0,4.002,0,0,20,303,0,32,2
03-07 00:44:06,31.926,8.979,56.618,0,0,5775264,5866376,485240,4077268,25893.646,13235.151,0,977.721,0,76.821,5725,6660,1.330,1.380,1.650,2,0,0.998,0,0,20,305,0,29,2
03-07 00:44:07,30.313,9.442,56.651,0,0,5775208,5866124,485368,4077456,15314.648,7477.929,0,1299.991,0,125.228,6144,7601,1.330,1.380,1.650,3,0,3.976,0,0,20,304,0,31,2
03-07 00:44:08,24.410,9.814,63.918,0,0,5775372,5865620,485592,4077556,487.187,0,0,2633.228,0,256.679,5351,6528,1.330,1.380,1.650,1,0,0,0,0,20,300,0,34,2
03-07 00:44:09,9.521,4.760,82.933,0.251,0,5775380,5865116,485920,4077716,16509.344,8383.456,0,6141.520,0,348.768,3523,4779,1.220,1.360,1.640,1,0,1.002,0,0,20,301,0,34,2
03-07 00:44:10,17.248,5.249,75.739,0.250,0,5775840,5864364,486132,4077788,30748.640,11705.340,0,1763.750,0,159.977,3980,4892,1.220,1.360,1.640,1,0,2.000,0,0,20,300,0,33,2
03-07 00:44:11,17.251,3.750,77.004,0.250,0,5776012,5864112,486224,4077776,7555.410,1739.094,0,1008.055,0,90.005,3594,4356,1.220,1.360,1.640,1,0,0,0,0,20,300,0,35,2
03-07 00:44:12,9.497,3.749,84.224,0,0,5776152,5863608,486344,4078016,26349.776,10162.828,0,959.700,0,92.971,2684,3423,1.220,1.360,1.640,1,0,0,0,0,20,301,0,35,2
03-07 00:44:13,15.009,5.503,77.796,0,0,5777140,5862348,486540,4078076,8008.687,1841.077,0,1412.827,0,144.084,3492,4457,1.220,1.360,1.640,0,0,2.001,0,0,20,300,0,35,2
03-07 00:44:14,15.983,8.990,73.420,0.499,0,5777384,5862096,486684,4077940,15399.287,8063.249,0,1234.660,0,115.874,4280,5053,1.120,1.340,1.630,1,0,5.993,0,0,20,301,0,35,2
03-07 00:44:15,23.764,9.255,63.287,0,0,5777272,5861592,486956,4078272,44381.086,22387.159,0,2237.315,0,212.125,5698,7330,1.120,1.340,1.630,2,0,0,0,0,20,301,0,36,2
03-07 00:44:16,26.443,12.224,57.376,0.499,0,5776044,5861960,487368,4078700,50936.229,884242.402,0,6765.420,0,488.946,7651,9490,1.120,1.340,1.630,2,0,1.996,0,0,20,301,0,36,2
03-07 00:44:17,25.531,7.759,64.327,0.250,0,5775960,5861456,487652,4078992,16478.763,48119.711,0,2647.175,0,232.279,6057,7559,1.120,1.340,1.630,0,0,1.001,0,0,20,301,0,37,2
03-07 00:44:18,23.526,8.760,65.071,0,0,5776448,5860700,487724,4079184,26020.259,12859.966,0,7532.180,0,880.957,6764,6370,1.120,1.340,1.630,2,0,0,0,0,20,301,0,36,2
03-07 00:44:19,21.663,8.715,66.234,0.249,0,5777040,5859944,487820,4079240,15126.301,7332.576,0,1107.556,0,100.596,4813,5987,1.030,1.310,1.620,1,0,2.988,0,0,20,301,0,36,2
03-07 00:44:20,17.071,6.025,75.064,0.251,0,5776740,5859944,488048,4079308,16356.503,8457.421,0,2048.580,0,237.997,4026,5256,1.030,1.310,1.620,1,0,0,0,0,20,300,0,37,2
03-07 00:44:21,15.493,3.998,78.215,0,0,5777136,5859188,488220,4079488,32437.563,14768.427,0,1271.434,0,129.942,3627,4318,1.030,1.310,1.620,1,0,0,0,0,20,300,0,37,2
03-07 00:44:22,9.474,3.491,85.768,0.249,0,5777092,5859188,488272,4079480,4837.932,1202.751,0,741.996,0,50.863,2279,2710,1.030,1.310,1.620,5,0,1.995,0,0,20,301,0,37,2
03-07 00:44:23,8.529,3.763,85.789,0.502,0,5776872,5859188,488404,4079564,24236.541,9663.512,0,1187.997,0,116.392,2819,3882,1.030,1.310,1.620,0,0,0,0,0,20,300,0,37,2
03-07 00:44:24,21.480,7.493,68.186,0,0,5776724,5859188,488532,4079580,15461.581,8146.403,0,1390.703,0,140.869,5307,6618,1.110,1.330,1.620,2,0,0,0,0,20,302,0,37,2
03-07 00:44:25,27.715,10.737,58.427,0,0,5777276,5857956,488812,4079956,44299.471,22897.298,0,4750.046,0,665.166,6978,8172,1.110,1.330,1.620,4,0,4.994,0,0,20,301,0,37,2
03-07 00:44:26,25.222,10.738,59.434,0.499,0,5776716,5857704,489328,4080236,30212.593,14737.704,0,6804.476,0,484.464,6586,8901,1.110,1.330,1.620,2,0,0,0,0,20,301,0,37,2
03-07 00:44:27,25.264,8.254,64.284,0,0,5777580,5856696,489508,4080196,15897.512,7365.944,0,1700.911,0,153.082,5655,7254,1.110,1.330,1.620,1,0,0,0,0,20,301,0,37,2
03-07 00:44:28,23.527,7.759,66.577,0,0,5777916,5855940,489596,4080516,15265.617,7790.991,0,985.137,0,82.095,5240,6238,1.110,1.330,1.620,2,0,2.002,0,0,20,300,0,38,2
03-07 00:44:29,22.073,8.928,65.226,0.248,0,5778208,5855436,489736,4080584,15006.423,7398.553,0,3480.038,0,537.680,5312,5360,1.260,1.350,1.630,3,0,0.992,0,0,20,301,0,38,2
03-07 00:44:30,17.413,6.814,74.446,0.252,0,5777884,5855436,489996,4080640,46357.134,24340.423,0,2664.899,0,181.698,4117,5350,1.260,1.350,1.630,1,0,0,0,0,20,300,0,39,2
03-07 00:44:31,15.007,5.002,78.038,0,0,5778060,5854936,490124,4080824,37614.089,16439.906,0,1288.620,0,121.058,3684,4376,1.260,1.350,1.630,0,0,2.001,0,0,20,300,0,38,2
03-07 00:44:32,9.744,4.497,84.451,0.250,0,5777924,5854936,490212,4080868,30222.584,15259.207,0,875.495,0,67.961,2868,3634,1.260,1.350,1.630,1,0,0,0,0,20,301,0,38,2
03-07 00:44:33,23.748,9.749,62.995,0.250,0,5777584,5854936,490444,4080968,55334.572,27501.799,0,2115.831,0,199.984,5935,7595,1.260,1.350,1.630,1,0,0,0,0,20,301,0,38,2
03-07 00:44:34,24.735,9.744,61.463,0.250,0,5777048,5854936,490696,4081240,34178.536,16540.097,0,2410.557,0,266.840,6327,8208,1.240,1.350,1.630,2,0,1.999,0,0,20,301,0,38,2
03-07 00:44:35,26.373,8.957,61.454,0.249,0,5778068,5853424,491024,4081400,15173.883,7261.012,0,6369.309,0,430.924,6393,8019,1.240,1.350,1.630,1,0,0,0,0,20,301,0,39,2
03-07 00:44:36,23.632,7.793,67.124,0,0,5778024,5853172,491148,4081556,26159.867,13243.847,0,989.518,0,89.499,5144,6320,1.240,1.350,1.630,1,0,0,0,0,20,301,0,39,2
03-07 00:44:37,23.485,7.495,65.459,0.250,0,5778504,5852416,491320,4081652,15057.509,7453.302,0,1227.226,0,125.921,5374,6641,1.240,1.350,1.630,1,0,1.999,0,0,20,301,0,39,2
03-07 00:44:38,23.221,9.738,63.670,0,0,5778760,5851660,491488,4081976,44654.111,22903.334,0,1917.600,0,203.745,5786,7456,1.240,1.350,1.630,1,0,0,0,0,20,301,0,39,2
03-07 00:44:39,27.035,10.764,59.578,0.501,0,5778924,5850932,491732,4082284,30212.617,14611.159,0,2559.356,0,294.386,6447,8687,1.220,1.340,1.620,2,0,1.001,0,0,20,301,0,38,2
03-07 00:44:40,24.771,8.257,64.805,0,0,5778680,5850932,491860,4082388,29617.221,15319.045,0,1877.599,0,144.123,5650,6967,1.220,1.340,1.620,2,0,2.002,0,0,20,301,0,38,2
03-07 00:44:41,22.934,7.977,66.310,0,0,5779604,5849672,491984,4082592,15369.023,7340.995,0,1547.572,0,130.626,5512,6821,1.220,1.340,1.620,1,0,0,0,0,20,301,0,38,2
03-07 00:44:42,23.779,8.010,66.080,0,0,5779928,5849168,492092,4082660,15415.771,7629.290,0,1153.404,0,107.130,5272,6582,1.220,1.340,1.620,1,0,0,0,0,20,301,0,38,2
03-07 00:44:43,21.286,6.511,69.618,0.751,0,5779860,5848916,492384,4082680,16494.947,8500.402,0,2307.910,0,246.417,4195,5379,1.220,1.340,1.620,0,0,2.003,0,0,20,300,0,38,2
03-07 00:44:44,11.490,4.496,81.929,0.250,0,5780092,5848160,492624,4082952,16587.594,8188.888,0,1862.383,0,181.842,3278,4350,1.200,1.340,1.620,0,0,0,0,0,20,300,0,38,2
03-07 00:44:45,11.937,8.704,77.096,0,0,5814600,5813412,492836,4085552,659.545,0,0,5753.858,0,308.384,3405,8276,1.200,1.340,1.620,4,0,33.823,0,0,20,301,0,38,2
03-07 00:44:46,21.128,8.803,68.413,0,0,5799712,5828028,493052,4083008,16690.780,7806.134,0,2430.677,0,178.075,4810,11372,1.200,1.340,1.620,1,0,4.024,0,0,20,300,0,40,2
03-07 00:44:47,12.004,4.751,81.274,0,0,5799468,5828028,493232,4083060,6498.901,1774.519,0,1356.397,0,143.042,3395,4444,1.200,1.340,1.620,0,0,0,0,0,20,300,0,34,2
03-07 00:44:48,7.746,3.998,85.210,0.250,0,5785388,5841940,493376,4083084,69199.676,500564.180,0,1055.507,0,104.951,3246,3843,1.200,1.340,1.620,1,0,0,0,0,20,301,0,35,2
03-07 00:44:49,23.480,10.628,61.295,0,0,5785852,5841144,493648,4083132,39142.780,442595.270,0,8272.846,0,921.402,7457,7544,1.270,1.350,1.620,3,0,4.943,0,0,20,301,0,35,2
03-07 00:44:50,26.404,9.304,62.363,0.754,0,5785228,5840892,493952,4083684,29825.455,14677.358,0,2768.098,0,289.685,6214,8265,1.270,1.350,1.620,1,0,0,0,0,20,301,0,36,2
03-07 00:44:51,26.116,9.291,61.775,0.251,0,5785640,5840140,494136,4083832,26189.551,13228.872,0,2579.479,0,280.247,6287,8173,1.270,1.350,1.620,2,0,0,0,0,20,301,0,33,2
03-07 00:44:52,23.773,7.758,65.564,0.250,0,5785480,5839888,494220,4084160,21125.582,8681.458,0,1417.381,0,111.108,5413,6675,1.270,1.350,1.620,1,0,2.002,0,0,20,301,0,34,2
03-07 00:44:53,23.246,8.249,65.240,0.250,0,5785228,5839888,494364,4084240,15250.612,7426.837,0,4575.284,0,270.958,5767,7052,1.270,1.350,1.620,2,0,0,0,0,20,301,0,34,2
03-07 00:44:54,23.256,8.002,67.016,0,0,5785576,5839396,494432,4084316,15473.710,7297.750,0,964.231,0,83.020,5267,6342,1.250,1.340,1.620,4,0,0,0,0,20,301,0,34,2
03-07 00:44:55,20.512,9.005,67.789,0,0,5785376,5839144,494672,4084512,1884.085,990.570,0,2457.415,0,262.151,4865,6454,1.250,1.340,1.620,2,0,2.001,0,0,20,300,0,32,2
03-07 00:44:56,9.250,3.250,84.749,0.250,0,5785304,5839144,494744,4084512,15727.821,7692.912,0,1411.984,0,80.999,2748,3509,1.250,1.340,1.620,1,0,0,0,0,20,300,0,32,2
03-07 00:44:57,10.498,4.749,82.483,0.250,0,5785260,5838892,494940,4084608,7543.400,1442.694,0,1667.646,0,183.961,3639,5001,1.250,1.340,1.620,2,0,0,0,0,20,301,0,33,2
03-07 00:44:58,23.746,8.249,64.990,0.250,0,5785212,5838640,495140,4084700,45309.838,23370.306,0,2203.652,0,225.964,6184,7887,1.250,1.340,1.620,2,0,2.000,0,0,20,301,0,33,2
03-07 00:44:59,23.767,9.655,62.637,0.248,0,5785164,5838388,495424,4084708,43742.746,21836.217,0,2150.942,0,211.925,5818,7317,1.230,1.340,1.620,1,0,0.990,0,0,20,301,0,30,2
03-07 00:45:00,27.434,11.074,59.148,0.503,0,5784000,5838388,495984,4085284,15105.518,7508.461,0,7586.989,0,550.701,7031,9627,1.230,1.340,1.620,5,0,0,0,0,20,301,0,30,2
03-07 00:45:01,25.513,10.255,60.531,0.250,0,5785040,5836876,496316,4085412,29722.379,14599.554,0,2825.462,0,277.143,6490,8361,1.230,1.340,1.620,1,0,5.003,0,0,20,301,0,30,2
03-07 00:45:02,24.253,7.751,64.507,0,0,5784988,5836624,496512,4085512,14825.532,7458.771,0,1636.169,0,168.017,5951,7590,1.230,1.340,1.620,1,0,0,0,0,20,301,0,30,2
03-07 00:45:03,23.502,7.001,67.257,0.250,0,5784540,5836624,496604,4085860,26253.655,12781.293,0,968.098,0,79.008,5122,6312,1.230,1.340,1.620,2,0,0,0,0,20,301,0,28,2
03-07 00:45:04,24.002,7.251,66.005,0,0,5785408,5835364,496768,4086076,300.022,0,0,1364.099,0,128.009,5121,6208,1.210,1.330,1.610,1,0,2.000,0,0,20,301,0,29,2
03-07 00:45:05,25.788,8.262,63.845,0.501,0,5785928,5834608,496932,4086144,60693.325,30727.730,0,1666.480,0,166.247,5429,6398,1.210,1.330,1.610,3,0,2.003,0,0,20,301,0,30,2
03-07 00:45:06,24.219,9.488,62.920,0.250,0,5785668,5834356,497164,4086416,54564.526,27564.903,0,2804.429,0,236.699,6490,8251,1.210,1.330,1.610,3,0,0.999,0,0,20,301,0,30,2
03-07 00:45:07,27.776,12.512,56.303,0.500,0,5790728,5828812,497472,4086572,29494.642,14899.964,0,2666.499,0,301.282,6583,8711,1.210,1.330,1.610,1,0,4.004,0,0,20,301,0,30,2
03-07 00:45:08,28.044,9.515,59.344,0,0,5790628,5828308,497796,4086840,15196.096,7373.692,0,6318.018,0,409.650,6612,8402,1.210,1.330,1.610,2,0,2.003,0,0,20,301,0,29,2
03-07 00:45:09,25.726,7.993,63.442,0,0,5791172,5827552,497916,4086924,14989.262,7289.319,0,1466.656,0,143.868,5813,7347,1.190,1.320,1.610,2,0,2.997,0,0,20,301,0,30,2
03-07 00:45:10,22.194,9.725,64.586,0,0,5791456,5827048,498016,4087044,14786.445,7600.696,0,8713.868,0,975.522,6842,6303,1.190,1.320,1.610,1,0,1.995,0,0,20,300,0,31,2
03-07 00:45:11,24.062,7.770,65.418,0.752,0,5792324,5825788,498228,4087208,45343.729,23235.816,0,2121.461,0,186.480,5847,7358,1.190,1.320,1.610,2,0,0,0,0,20,301,0,34,2
03-07 00:45:12,25.214,9.237,62.910,0,0,5792224,5825536,498464,4087316,44396.235,22216.092,0,2104.977,0,196.717,5873,7512,1.190,1.320,1.610,4,0,0,0,0,20,301,0,29,2
03-07 00:45:13,25.806,9.677,60.296,0.496,0,5791792,5825284,498836,4087608,15009.950,7467.755,0,2691.727,0,312.645,6447,8924,1.190,1.320,1.610,6,0,1.985,0,0,20,301,0,29,2
03-07 00:45:14,24.957,11.092,61.510,0,0,5792904,5823800,498984,4087828,29714.154,14713.891,0,1645.633,0,139.153,5777,6878,1.170,1.320,1.610,1,0,6.050,0,0,20,301,0,32,2
03-07 00:45:15,23.900,9.460,63.733,0.249,0,5792836,5823548,499296,4087828,15400.554,7265.596,0,6449.013,0,376.425,5912,7209,1.170,1.320,1.610,1,0,0,0,0,20,301,0,32,2
03-07 00:45:16,24.822,6.519,66.191,0.251,0,5792680,5823296,499380,4088136,15637.172,9214.619,0,898.596,0,80.232,5164,5922,1.170,1.320,1.610,1,0,2.006,0,0,20,301,0,32,2
03-07 00:45:17,22.487,9.143,64.001,0.247,0,5792392,5823296,499620,4088176,44241.554,22993.075,0,1593.364,0,177.919,5760,7292,1.170,1.320,1.610,4,0,0,0,0,20,301,0,32,2
03-07 00:45:18,28.377,10.641,59.542,0.507,0,5792144,5823044,500016,4088264,63354.347,941976.336,0,2225.591,0,262.490,7059,8941,1.170,1.320,1.610,5,0,2.027,0,0,20,301,0,33,2
03-07 00:45:19,24.774,8.508,63.312,0.250,0,5792516,5822040,500260,4088640,30180.340,14672.264,0,1941.888,0,198.193,5920,7371,1.160,1.310,1.600,1,0,3.003,0,0,20,301,0,33,2
03-07 00:45:20,23.172,8.472,65.531,0,0,5792276,5822040,500316,4088816,14774.576,7564.695,0,5912.222,0,724.576,6336,6229,1.160,1.310,1.600,2,0,0,0,0,20,301,0,30,2
03-07 00:45:21,23.942,5.986,67.337,0.249,0,5792440,5821788,500340,4088880,25969.186,12880.844,0,1280.902,0,128.689,4474,5235,1.160,1.310,1.600,2,0,0,0,0,20,301,0,30,2
03-07 00:45:22,24.312,7.269,65.667,0,0,5793328,5820780,500368,4088968,34932.093,17429.453,0,1054.690,0,89.228,5323,5981,1.160,1.310,1.600,2,0,2.005,0,0,20,301,0,30,2
03-07 00:45:23,23.802,11.275,61.384,0.501,0,5793112,5820528,500600,4089196,61167.251,30530.510,0,7380.077,0,471.026,6727,8578,1.160,1.310,1.600,3,0,0,0,0,20,301,0,31,2
03-07 00:45:24,25.244,9.998,61.985,0.500,0,5792768,5820528,500780,4089348,29520.792,14978.343,0,2135.479,0,260.936,6413,8601,1.150,1.310,1.600,2,0,0,0,0,20,301,0,31,2
03-07 00:45:25,25.273,7.257,64.059,0,0,5792908,5820024,500888,4089592,15320.014,7302.680,0,1549.417,0,169.155,5470,7025,1.150,1.310,1.600,3,0,2.002,0,0,20,301,0,32,2
03-07 00:45:26,23.751,7.750,66.254,0.250,0,5792984,5819520,500956,4089952,15414.955,7296.452,0,1148.071,0,108.007,5470,6706,1.150,1.310,1.600,1,0,0,0,0,20,301,0,32,2
03-07 00:45:27,23.713,8.237,65.897,0,0,5793644,5818512,501024,4090224,15485.849,7284.639,0,886.617,0,81.872,5069,6009,1.150,1.310,1.600,1,0,0,0,0,20,301,0,32,2
03-07 00:45:28,15.527,7.263,74.130,0.250,0,5794112,5817756,501140,4090392,16534.924,8260.450,0,2163.785,0,255.447,4490,5985,1.150,1.310,1.600,1,0,2.004,0,0,20,300,0,31,2
03-07 00:45:29,15.991,8.245,73.959,0,0,5793916,5817756,501224,4090496,15114.695,7615.816,0,1691.071,0,161.911,3631,4453,1.140,1.300,1.600,3,0,0.999,0,0,20,298,0,32,2
03-07 00:45:30,8.255,3.252,86.304,0.250,0,5793824,5817756,501276,4090532,1580.984,950.591,0,1316.819,0,107.067,2520,3390,1.140,1.300,1.600,0,0,0,0,0,20,301,0,32,2
03-07 00:45:31,21.749,10.249,65.496,0.250,0,5794220,5817000,501448,4090716,15416.130,8665.511,0,5567.686,0,359.980,4742,5806,1.140,1.300,1.600,0,0,2.000,0,0,20,300,0,34,2
03-07 00:45:32,9.741,4.246,84.424,0,0,5794156,5817000,501468,4090756,1446.691,65.940,0,639.421,0,50.954,2444,2904,1.140,1.300,1.600,1,0,0,0,0,20,301,0,32,2
03-07 00:45:33,18.266,8.257,71.061,0,0,5794328,5816748,501564,4090736,27537.640,14155.152,0,1761.512,0,214.184,4456,5777,1.140,1.300,1.600,0,0,0,0,0,20,300,0,33,2
03-07 00:45:34,17.991,4.748,75.214,0.250,0,5795364,5815488,501652,4090864,4263.977,2522.803,0,1039.507,0,95.954,3246,3833,1.440,1.360,1.610,1,0,1.999,0,0,20,301,0,34,2
03-07 00:45:35,12.224,4.989,81.328,0.499,0,5796484,5813976,501832,4091068,57758.088,25562.045,0,1688.436,0,198.581,3762,4862,1.440,1.360,1.610,1,0,0,0,0,20,304,0,34,2
03-07 00:45:36,10.528,4.011,83.723,0.251,0,5796560,5813724,501952,4091120,47816.603,22040.818,0,1435.832,0,149.399,3280,4242,1.440,1.360,1.610,0,0,0,0,0,20,303,0,33,2
03-07 00:45:37,13.234,4.744,78.905,0.250,0,5796356,5813724,502108,4091160,36960.673,16640.043,0,3292.052,0,183.780,3897,4902,1.440,1.360,1.610,0,0,1.998,0,0,20,303,0,33,2
03-07 00:45:38,14.990,6.246,77.451,0,0,5796200,5813724,502212,4091208,14820.549,7357.308,0,1415.098,0,120.923,4035,5240,1.440,1.360,1.610,1,0,0,0,0,20,304,0,34,2
03-07 00:45:39,25.011,10.254,61.027,0,0,5796192,5813220,502368,4091560,15413.714,7299.180,0,2361.028,0,216.094,5781,7390,1.970,1.470,1.650,1,0,2.001,0,0,20,304,0,34,2
03-07 00:45:40,27.443,11.620,57.358,0.742,0,5796572,5812240,502624,4091884,14778.481,7215.190,0,13726.265,0,1296.479,8115,8942,1.970,1.470,1.650,1,0,1.978,0,0,20,304,0,34,2
03-07 00:45:41,26.052,8.094,64.244,0.253,0,5796552,5811988,502756,4092016,15178.755,7448.243,0,1995.101,0,195.261,5968,7666,1.970,1.470,1.650,1,0,0,0,0,20,304,0,37,2
03-07 00:45:42,23.016,7.755,66.545,0,0,5797104,5811232,502796,4092176,240.163,0,0,1869.272,0,100.068,5136,6383,1.970,1.470,1.650,2,0,0,0,0,20,305,0,38,2
03-07 00:45:43,25.967,9.488,61.173,0.250,0,5797052,5810980,502908,4092356,30143.017,15414.576,0,2213.211,0,258.674,6176,8042,1.970,1.470,1.650,3,0,1.997,0,0,20,304,0,38,2
03-07 00:45:44,23.756,7.502,66.016,0,0,5797436,5810476,502956,4092424,44497.929,22349.489,0,1032.254,0,84.021,5321,6409,1.890,1.470,1.650,2,0,0,0,0,20,304,0,37,2
03-07 00:45:45,22.541,8.422,65.147,0.248,0,5799560,5808208,503028,4092496,44572.468,22475.978,0,1672.520,0,149.615,5505,6840,1.890,1.470,1.650,4,0,0,0,0,20,304,0,38,2
03-07 00:45:46,36.359,18.937,42.167,0.252,0,5828888,5778232,503188,4092956,29640.995,14737.679,0,1955.328,0,214.116,7173,18800,1.890,1.470,1.650,2,0,38.379,0,0,20,304,0,39,2
03-07 00:45:47,23.601,7.950,65.338,0,0,5828708,5778260,503260,4093028,29801.148,14661.580,0,1518.429,0,128.192,5398,6602,1.890,1.470,1.650,4,0,0,0,0,20,304,0,39,2
03-07 00:45:48,20.393,10.071,66.971,0.504,0,5825192,5781448,503508,4093100,26995.776,13893.670,0,7383.908,0,502.533,5418,6917,1.890,1.470,1.650,1,0,0,0,0,20,303,0,40,2
03-07 00:45:49,13.246,6.248,77.479,0.500,0,5822716,5783504,503736,4093284,36682.166,872386.119,0,2443.345,0,230.938,4557,5548,2.060,1.510,1.660,1,0,3.999,0,0,20,303,0,37,2
03-07 00:45:50,5.746,2.998,89.439,0,0,5819948,5786184,503804,4093296,15611.318,45708.723,0,759.480,0,55.962,2026,2621,2.060,1.510,1.660,1,0,0.999,0,0,20,304,0,37,2
03-07 00:45:51,21.959,7.237,67.625,0.250,0,5818352,5787264,504076,4093532,12067.680,6067.777,0,6272.399,0,848.431,6165,6551,2.060,1.510,1.660,2,0,0,0,0,20,303,0,37,2
03-07 00:45:52,10.026,4.010,83.966,0,0,5818224,5787268,504160,4093572,65320.662,32202.656,0,1090.800,0,97.250,2717,3158,2.060,1.510,1.660,2,0,2.005,0,0,20,303,0,38,2
03-07 00:45:53,5.222,3.233,89.519,0.249,0,5818092,5787268,504268,4093588,36669.132,16015.019,0,1014.553,0,93.498,2316,3208,2.060,1.510,1.660,0,0,0,0,0,20,304,0,36,2
03-07 00:45:54,24.109,10.046,63.539,0.251,0,5817976,5787016,504400,4093820,14771.085,7329.287,0,2210.037,0,216.985,5683,7457,1.980,1.500,1.650,1,0,0,0,0,20,304,0,38,2
03-07 00:45:55,25.006,8.752,63.765,0,0,5817736,5786764,504504,4094200,14886.466,7297.699,0,2356.549,0,212.049,5737,7476,1.980,1.500,1.650,3,0,2.000,0,0,20,304,0,39,2
03-07 00:45:56,22.992,7.747,66.728,0.250,0,5817456,5786764,504580,4094392,15109.003,7293.588,0,1135.624,0,98.967,5243,6456,1.980,1.500,1.650,1,0,0,0,0,20,304,0,39,2
03-07 00:45:57,25.455,10.874,59.559,0.494,0,5817344,5786008,504992,4094836,44127.322,22242.092,0,6227.786,0,402.335,6635,8361,1.980,1.500,1.650,1,0,0,0,0,20,304,0,38,2
03-07 00:45:58,24.286,8.348,65.775,0.253,0,5817184,5785756,505204,4095028,30165.522,14766.028,0,3634.839,0,260.065,6120,7630,1.980,1.500,1.650,1,0,2.024,0,0,20,304,0,39,2
03-07 00:45:59,23.690,7.232,65.834,0,0,5817492,5785256,505256,4095160,29452.884,14752.875,0,1069.309,0,98.751,4942,5988,1.900,1.490,1.650,1,0,0.997,0,0,20,304,0,40,2
03-07 00:46:00,21.033,10.016,67.104,0,0,5818364,5784248,505340,4095212,15147.547,7307.359,0,1157.800,0,107.167,4606,5650,1.900,1.490,1.650,4,0,0,0,0,20,304,0,40,2
03-07 00:46:01,16.273,5.007,77.110,0.501,0,5818092,5784248,505424,4095396,16774.870,8415.976,0,1494.126,0,155.221,3809,4966,1.900,1.490,1.650,0,0,2.003,0,0,20,303,0,40,2
03-07 00:46:02,15.995,4.499,77.225,0.250,0,5818032,5784248,505528,4095344,37401.861,16974.491,0,1319.572,0,127.958,3655,4547,1.900,1.490,1.650,0,0,0,0,0,20,303,0,40,2
03-07 00:46:03,11.038,5.268,82.787,0,0,5817888,5783996,505592,4095672,40369.105,20212.148,0,1043.622,0,89.310,3416,4395,1.900,1.490,1.650,2,0,0,0,0,20,304,0,40,2
03-07 00:46:04,24.267,8.667,64.135,0.248,0,5817652,5783744,505732,4096016,29883.493,14613.890,0,2020.627,0,196.120,5613,7013,1.990,1.520,1.660,1,0,2.972,0,0,20,304,0,40,2
03-07 00:46:05,26.406,12.206,57.046,0.498,0,5817676,5782988,506088,4096356,29667.035,14767.254,0,6771.812,0,520.142,7334,9660,1.990,1.520,1.660,2,0,1.993,0,0,20,304,0,39,2
03-07 00:46:06,26.448,8.060,63.726,0,0,5817176,5782988,506328,4096604,26222.946,12942.712,0,3522.320,0,285.131,6359,8153,1.990,1.520,1.660,2,0,1.008,0,0,20,304,0,39,2
03-07 00:46:07,21.946,10.973,64.842,0,0,5816892,5782988,506532,4096676,15086.210,7278.251,0,1791.631,0,200.511,5317,6820,1.990,1.520,1.660,4,0,1.995,0,0,20,302,0,40,2
03-07 00:46:08,12.299,3.514,80.821,0.251,0,5817268,5782484,506648,4096684,1773.050,1016.040,0,1397.557,0,113.451,2986,4002,1.990,1.520,1.660,3,0,1.004,0,0,20,303,0,40,2
03-07 00:46:09,13.268,7.009,77.853,0.501,0,5812132,5787176,506808,4096956,16763.257,8484.265,0,1906.531,0,195.259,3989,4955,1.910,1.510,1.650,0,0,3.004,0,0,20,303,0,38,2
03-07 00:46:10,13.500,4.500,80.251,0.250,0,5812584,5786672,506896,4096916,16109.113,8178.057,0,1396.010,0,141.001,3461,4406,1.910,1.510,1.650,1,0,4.000,0,0,20,303,0,41,2
03-07 00:46:11,12.491,6.246,79.444,0,0,5812700,5786448,506988,4096932,1638.850,859.397,0,8198.247,0,1008.292,5153,4653,1.910,1.510,1.650,1,0,0.999,0,0,20,303,0,41,2
03-07 00:46:12,6.256,3.253,88.084,0.500,0,5812720,5786196,507068,4097076,16276.483,7766.388,0,1097.044,0,114.109,2496,3516,1.910,1.510,1.650,0,0,0,0,0,20,303,0,41,2
03-07 00:46:13,8.179,4.461,84.520,0.496,0,5812560,5785944,507312,4097236,7626.160,1430.649,0,6642.651,0,341.056,3466,4577,1.910,1.510,1.650,5,0,1.983,0,0,20,304,0,36,2
03-07 00:46:14,24.210,11.853,62.292,0.252,0,5813708,5784436,507420,4097480,15619.786,8932.653,0,1400.172,0,150.307,4630,5245,1.830,1.500,1.650,0,0,6.053,0,0,20,303,0,37,2
03-07 00:46:15,11.968,4.239,81.530,0,0,5813504,5784436,507544,4097556,45137.463,22188.256,0,1527.886,0,166.552,3370,4375,1.830,1.500,1.650,1,0,0,0,0,20,303,0,37,2
03-07 00:46:16,2.754,3.004,91.869,0,0,5813724,5784184,507568,4097564,30798.832,15495.040,0,781.010,0,62.080,1919,2589,1.830,1.500,1.650,3,0,2.003,0,0,20,304,0,37,2
03-07 00:46:17,25.289,10.266,63.599,0.501,0,5813512,5784184,507684,4097656,16373.365,8161.644,0,1754.718,0,200.310,4793,6009,1.830,1.500,1.650,0,0,0,0,0,20,303,0,33,2
03-07 00:46:18,8.491,3.247,85.912,0,0,5813544,5783932,507748,4097808,26874.552,13696.012,0,891.090,0,73.924,2539,3244,1.830,1.500,1.650,0,0,0,0,0,20,303,0,33,2
03-07 00:46:19,4.496,2.997,91.170,0,0,5813544,5783932,507780,4097776,31230.690,10815.542,0,679.406,0,39.965,1998,2508,1.690,1.470,1.640,2,0,2.997,0,0,20,303,0,33,2
03-07 00:46:20,2.254,2.755,94.431,0,0,5813464,5783932,507812,4097824,16653.869,7792.913,0,609.166,0,36.069,1286,1741,1.690,1.470,1.640,0,0,0,0,0,20,303,0,33,2
03-07 00:46:21,7.499,4.000,86.493,0.250,0,5813340,5783932,507900,4097856,34608.068,16233.625,0,4035.658,0,632.946,3417,3006,1.690,1.470,1.640,0,0,0,0,0,20,303,0,32,2
03-07 00:46:22,3.000,3.000,92.503,0,0,5813276,5783932,507948,4097868,3041.092,831.025,0,688.021,0,48.001,1691,2270,1.690,1.470,1.640,0,0,2.000,0,0,20,303,0,33,2
03-07 00:46:23,7.000,3.750,87.499,0,0,5813152,5783932,508036,4097900,25631.671,9416.879,0,1283.984,0,136.998,2475,3173,1.690,1.470,1.640,0,0,0,0,0,20,303,0,33,2
03-07 00:46:24,14.744,4.748,78.467,0,0,5800356,5796580,508128,4097952,33992.911,876528.713,0,1279.470,0,143.940,3915,4706,1.630,1.470,1.640,0,0,1.000,0,0,20,303,0,34,2
03-07 00:46:25,17.997,9.248,70.237,0.250,0,5848580,5748228,508172,4098028,8698.418,37517.177,0,1167.788,0,99.982,4831,5743,1.630,1.470,1.640,1,0,2.000,0,0,20,304,0,31,2
03-07 00:46:26,24.018,10.758,61.796,0.250,0,5848364,5747976,508344,4098312,710.524,0,0,2669.970,0,270.199,5922,7884,1.630,1.470,1.640,2,0,0,0,0,20,304,0,31,2
03-07 00:46:27,24.703,8.234,63.380,0.250,0,5848464,5747724,508480,4098324,45081.587,22637.111,0,6363.943,0,377.285,6226,7946,1.630,1.470,1.640,3,0,0,0,0,20,304,0,32,2
03-07 00:46:28,23.749,10.000,63.998,0,0,5848288,5747472,508628,4098596,29587.008,14657.509,0,1487.950,0,170.994,4795,5933,1.630,1.470,1.640,1,0,2.000,0,0,20,303,0,33,2
03-07 00:46:29,8.761,3.755,86.104,0,0,5848212,5747472,508672,4098628,30844.368,15622.927,0,1013.228,0,95.115,2865,3776,1.500,1.440,1.630,4,0,1.001,0,0,20,304,0,31,2
03-07 00:46:30,24.758,5.752,66.520,0.250,0,5848204,5747224,508832,4098720,34259.557,16905.210,0,1840.567,0,199.061,5205,6278,1.500,1.440,1.630,0,0,0,0,0,20,303,0,34,2
03-07 00:46:31,6.991,4.245,86.890,0,0,5848148,5746972,508888,4098960,47799.317,22633.266,0,930.818,0,73.906,2622,3355,1.500,1.440,1.630,2,0,1.997,0,0,20,304,0,34,2
03-07 00:46:32,23.217,9.139,63.477,0.494,0,5847996,5746720,509072,4099176,29054.236,14896.619,0,1770.443,0,172.895,5445,6760,1.500,1.440,1.630,2,0,0,0,0,20,304,0,34,2
03-07 00:46:33,26.099,8.615,64.361,0.253,0,5847768,5746468,509284,4099432,26278.466,13087.035,0,2813.631,0,223.996,6203,7900,1.500,1.440,1.630,1,0,0,0,0,20,304,0,34,2
03-07 00:46:34,23.179,7.228,66.296,0,0,5847868,5746216,509348,4099512,14958.079,7273.670,0,1431.605,0,111.657,5155,6100,1.460,1.430,1.620,1,0,1.994,0,0,20,304,0,31,2
03-07 00:46:35,23.533,8.011,66.343,0,0,5847968,5745964,509436,4099568,15490.682,7372.319,0,1518.125,0,120.168,5339,6721,1.460,1.430,1.620,1,0,0,0,0,20,304,0,34,2
03-07 00:46:36,22.741,11.496,62.726,0.250,0,5847644,5745964,509696,4099628,26430.709,13002.937,0,5022.045,0,348.864,5430,6733,1.460,1.430,1.620,3,0,0,0,0,20,303,0,36,2
03-07 00:46:37,11.507,4.503,82.800,0.250,0,5847740,5745712,509808,4099668,16232.848,8248.004,0,1644.998,0,137.083,3168,4118,1.460,1.430,1.620,1,0,2.001,0,0,20,303,0,36,2
03-07 00:46:38,17.774,6.258,73.598,0.250,0,5847652,5745460,509984,4099832,15564.757,7437.919,0,2871.830,0,255.341,4520,5796,1.460,1.430,1.620,1,0,0,0,0,20,304,0,36,2
03-07 00:46:39,18.503,6.001,72.762,0.500,0,5847708,5744956,510064,4100180,6476.065,1774.292,0,2124.349,0,280.046,4875,6448,1.420,1.430,1.620,5,0,1.000,0,0,20,303,0,36,2
03-07 00:46:40,7.494,4.497,85.936,0,0,5847512,5744956,510088,4100352,16877.365,7920.071,0,619.536,0,37.972,2227,2682,1.420,1.430,1.620,2,0,1.999,0,0,20,304,0,36,2
03-07 00:46:41,17.264,6.255,73.561,0.250,0,5847584,5744704,510192,4100424,45368.463,23568.462,0,1757.451,0,191.158,4120,5140,1.420,1.430,1.620,0,0,0,0,0,20,303,0,37,2
03-07 00:46:42,18.453,6.484,73.066,0,0,5847444,5744704,510268,4100484,30921.036,15178.729,0,7636.745,0,939.631,5493,5038,1.420,1.430,1.620,3,0,0,0,0,20,303,0,34,2
03-07 00:46:43,5.755,3.754,88.834,0,0,5847628,5744452,510292,4100524,21419.257,8681.210,0,928.878,0,70.066,2274,2929,1.420,1.430,1.620,1,0,2.002,0,0,20,304,0,34,2
03-07 00:46:44,22.253,7.751,66.510,0.250,0,5847364,5744452,510356,4100724,45140.982,22425.468,0,1752.271,0,172.027,5628,7061,1.550,1.450,1.630,1,0,0,0,0,20,304,0,34,2
03-07 00:46:45,28.121,11.199,55.994,0.747,0,5846844,5744212,510600,4101200,29543.891,14525.572,0,7605.220,0,557.451,7340,10138,1.550,1.450,1.630,7,0,0.995,0,0,20,304,0,34,2
03-07 00:46:46,28.807,13.527,55.610,0.751,0,5871732,5718764,510716,4102248,29618.761,14783.329,0,4681.287,0,369.734,6818,10332,1.550,1.450,1.630,3,0,35.070,0,0,20,304,0,32,2
03-07 00:46:47,35.359,15.799,45.391,0.502,0,5870708,5719532,510828,4101756,15322.434,7318.657,0,2146.645,0,261.810,6970,17150,1.550,1.450,1.630,3,0,3.009,0,0,20,304,0,33,2
03-07 00:46:48,22.495,7.498,66.985,0,0,5870568,5719532,510876,4101840,25760.252,12843.134,0,1755.608,0,122.973,5333,6586,1.550,1.450,1.630,3,0,0,0,0,20,304,0,33,2
03-07 00:46:49,22.512,9.005,66.035,0,0,5870336,5719532,510916,4102032,15011.042,7299.911,0,1132.607,0,107.057,5257,6551,1.510,1.440,1.620,1,0,1.001,0,0,20,304,0,34,2
03-07 00:46:50,23.264,8.755,65.540,0,0,5870236,5719532,510948,4102096,14953.048,7366.457,0,1100.666,0,102.062,5276,6504,1.510,1.440,1.620,1,0,2.001,0,0,20,305,0,32,2
03-07 00:46:51,23.749,9.749,63.746,0.250,0,5870212,5719532,511044,4102024,12152.298,6499.625,0,1903.890,0,203.988,4818,6041,1.510,1.440,1.620,0,0,0,0,0,20,303,0,33,2
03-07 00:46:52,9.363,3.942,83.278,0,0,5869836,5719532,511076,4102360,22027.819,8612.640,0,1241.781,0,103.482,2845,3672,1.510,1.440,1.620,2,0,0,0,0,20,305,0,33,2
03-07 00:46:53,12.662,6.838,78.505,0.253,0,5869612,5719532,511216,4102440,822.532,66.856,0,6029.201,0,421.396,4216,5675,1.510,1.440,1.620,3,0,2.026,0,0,20,304,0,33,2
03-07 00:46:54,18.266,6.256,72.816,0.250,0,5869536,5719532,511368,4102360,22162.003,9306.400,0,3743.379,0,379.342,5079,6607,1.460,1.440,1.620,0,0,0,0,0,20,303,0,30,2
03-07 00:46:55,10.240,6.993,80.423,0.250,0,5869224,5719532,511424,4102600,478.540,0,0,923.112,0,99.904,3046,3921,1.460,1.440,1.620,1,0,0,0,0,20,304,0,31,2
03-07 00:46:56,15.646,4.719,77.984,0,0,5869136,5719532,511456,4102656,30951.235,15969.351,0,989.454,0,114.244,3397,4395,1.460,1.440,1.620,0,0,1.987,0,0,20,303,0,34,2
03-07 00:46:57,21.186,6.053,70.114,0.504,0,5869036,5719308,511564,4102872,61322.043,493423.280,0,1751.338,0,190.670,5263,6301,1.460,1.440,1.620,0,0,0,0,0,20,303,0,35,2
03-07 00:46:58,9.496,5.248,83.467,0,0,5868940,5719308,511608,4102916,25470.791,437930.465,0,1143.542,0,85.966,2948,3725,1.460,1.440,1.620,1,0,1.999,0,0,20,304,0,33,2
03-07 00:46:59,22.816,8.832,64.522,0,0,5868800,5719308,511732,4102928,54795.946,25859.753,0,1727.124,0,158.974,5771,7210,1.430,1.430,1.620,10,0,2.944,0,0,20,304,0,33,2
03-07 00:47:00,26.602,10.134,60.046,0.253,0,5868176,5719308,512008,4103264,34232.581,18527.489,0,5833.291,0,458.069,6684,8866,1.430,1.430,1.620,6,0,0,0,0,20,304,0,34,2
03-07 00:47:01,24.377,9.801,63.581,0.251,0,5867652,5719308,512268,4103512,15081.418,7334.135,0,3679.130,0,297.547,6058,8056,1.430,1.430,1.620,2,0,0,0,0,20,304,0,34,2
03-07 00:47:02,26.761,9.504,62.026,0.500,0,5867692,5719056,512412,4103576,15574.633,7299.109,0,1864.794,0,218.093,5962,7954,1.430,1.430,1.620,1,0,2.001,0,0,20,304,0,33,2
03-07 00:47:03,22.762,7.004,67.037,0,0,5868080,5718300,512472,4103868,25659.041,12786.997,0,1128.618,0,95.052,5115,6226,1.430,1.430,1.620,1,0,0,0,0,20,304,0,33,2
03-07 00:47:04,23.281,7.430,66.127,0,0,5868712,5717544,512520,4103944,14929.374,7548.894,0,2658.954,0,109.964,5197,6504,1.390,1.420,1.610,2,0,0,0,0,20,304,0,33,2
03-07 00:47:05,22.222,10.487,64.920,0,0,5868812,5717292,512572,4104036,15887.335,7286.980,0,1114.620,0,90.888,5109,6221,1.390,1.420,1.610,2,0,3.995,0,0,20,304,0,33,2
03-07 00:47:06,16.406,7.067,74.711,0.505,0,5868448,5717292,512728,4104240,12339.437,6495.822,0,2245.370,0,246.345,4446,5736,1.390,1.420,1.610,1,0,0,0,0,20,303,0,33,2
03-07 00:47:07,17.519,6.507,74.081,0,0,5868428,5717292,512796,4104192,15472.922,7370.060,0,9166.024,0,994.087,4851,4532,1.390,1.420,1.610,1,0,0,0,0,20,304,0,33,2
03-07 00:47:08,12.975,4.990,79.099,0.250,0,5868116,5717292,512948,4104340,1086.922,0,0,1716.719,0,212.594,3785,4864,1.390,1.420,1.610,3,0,2.994,0,0,20,304,0,33,2
03-07 00:47:09,12.515,6.258,78.596,0.501,0,5870980,5714280,513028,4104408,23073.098,9279.300,0,1509.839,0,165.201,3782,5049,1.280,1.400,1.610,0,0,4.005,0,0,20,303,0,33,2
03-07 00:47:10,25.012,10.505,62.529,0.500,0,5871048,5713804,513232,4104600,312.145,883.411,0,6467.006,0,427.199,5404,6412,1.280,1.400,1.610,3,0,2.001,0,0,20,303,0,30,2
03-07 00:47:11,10.498,3.999,83.232,0,0,5871136,5713552,513288,4104704,45657.028,22513.083,0,1171.744,0,109.976,3214,4039,1.280,1.400,1.610,1,0,2.999,0,0,20,304,0,30,2
03-07 00:47:12,13.985,4.995,78.167,0,0,5871044,5713552,513368,4104712,36501.200,16576.380,0,1746.144,0,172.816,4017,5169,1.280,1.400,1.610,3,0,0,0,0,20,303,0,30,2
03-07 00:47:13,17.177,6.970,73.685,0.249,0,5870768,5713552,513396,4104952,30046.618,15091.517,0,3178.419,0,514.800,4796,5390,1.280,1.400,1.610,2,0,0,0,0,20,304,0,30,2
03-07 00:47:14,23.889,13.579,60.602,0,0,5871240,5713048,513528,4104852,44248.728,22015.734,0,2236.979,0,228.325,6149,7549,1.340,1.410,1.610,2,0,8.047,0,0,20,304,0,30,2
03-07 00:47:15,26.438,10.226,60.358,0.249,0,5870824,5712796,513692,4105340,29783.120,14851.155,0,2657.764,0,279.345,6282,8298,1.340,1.410,1.610,2,0,0,0,0,20,304,0,29,2
03-07 00:47:16,24.761,10.005,61.278,0.250,0,5870724,5712544,513888,4105484,15232.928,7299.320,0,2633.198,0,291.132,6524,8679,1.340,1.410,1.610,1,0,0,0,0,20,304,0,29,2
03-07 00:47:17,27.001,9.000,61.003,0.250,0,5870576,5712040,514268,4105740,15727.759,7524.363,0,5932.286,0,430.021,6837,9044,1.340,1.410,1.610,4,0,2.000,0,0,20,304,0,31,2
03-07 00:47:18,20.991,10.496,66.223,0.750,0,5870576,5711788,514504,4105752,25625.602,13098.685,0,2662.919,0,221.910,5180,6433,1.340,1.410,1.610,2,0,0,0,0,20,303,0,31,2
03-07 00:47:19,14.003,4.501,79.017,0,0,5870472,5711536,514624,4105980,16744.561,8563.821,0,1596.339,0,129.027,3313,4443,1.230,1.390,1.600,0,0,1.000,0,0,20,303,0,31,2
03-07 00:47:20,22.210,9.732,67.128,0.250,0,5870156,5711536,514820,4106092,14916.822,7737.902,0,1457.345,0,150.725,4334,5144,1.230,1.390,1.600,1,0,1.996,0,0,20,303,0,32,2
03-07 00:47:21,9.018,3.006,85.670,0,0,5870032,5711536,514912,4106120,15937.694,7514.944,0,725.443,0,59.118,2374,2831,1.230,1.390,1.600,2,0,0,0,0,20,304,0,32,2
03-07 00:47:22,10.754,4.502,83.029,0,0,5869828,5711536,515056,4106172,26992.285,10678.673,0,1192.410,0,120.041,3040,4053,1.230,1.390,1.600,0,0,0,0,0,20,303,0,32,2
03-07 00:47:23,12.765,4.255,80.345,0.250,0,5869860,5711284,515204,4106240,24115.445,9212.867,0,1133.337,0,124.146,3585,4496,1.230,1.390,1.600,0,0,2.002,0,0,20,303,0,31,2
03-07 00:47:24,13.474,6.487,78.349,0,0,5869572,5711284,515316,4106408,239.538,0,0,1225.638,0,123.761,3638,4514,1.290,1.400,1.600,1,0,0,0,0,20,304,0,32,2
03-07 00:47:25,26.767,9.756,60.538,0,0,5869096,5711284,515616,4106568,761.478,0,0,3089.939,0,332.208,6386,8326,1.290,1.400,1.600,4,0,0,0,0,20,304,0,33,2
03-07 00:47:26,23.767,8.256,64.796,0.500,0,5869824,5710276,515812,4106644,44914.726,22435.848,0,5591.950,0,307.217,5960,7045,1.290,1.400,1.600,3,0,2.001,0,0,20,304,0,33,2
03-07 00:47:27,23.769,10.008,63.551,0.500,0,5869276,5710276,516144,4106848,30540.491,15945.787,0,2349.884,0,252.202,5232,6514,1.290,1.400,1.600,0,0,0,0,0,20,303,0,33,2
03-07 00:47:28,9.235,3.744,85.366,0,0,5869144,5710276,516232,4106888,30753.708,15024.407,0,802.739,0,72.886,2612,3376,1.290,1.400,1.600,1,0,0,0,0,20,304,0,33,2
03-07 00:47:29,9.255,4.002,85.545,0,0,5869372,5709772,516344,4107048,22621.020,9368.978,0,1332.708,0,126.067,3011,4153,1.270,1.390,1.600,0,0,3.002,0,0,20,303,0,33,2
03-07 00:47:30,21.495,8.248,66.984,0,0,5869400,5709520,516452,4107156,44449.703,22644.754,0,1459.662,0,141.967,5163,6308,1.270,1.390,1.600,2,0,0,0,0,20,304,0,33,2
03-07 00:47:31,26.482,8.744,63.207,0.250,0,5869196,5709296,516660,4107368,46625.562,499904.933,0,1618.908,0,175.881,6188,7091,1.270,1.390,1.600,4,0,0,0,0,20,304,0,28,2
03-07 00:47:32,22.298,8.769,65.642,0.251,0,5869308,5709044,516708,4107456,41878.480,452882.473,0,1058.286,0,82.178,5107,5927,1.270,1.390,1.600,2,0,4.009,0,0,20,304,0,28,2
03-07 00:47:33,17.992,7.996,71.467,0,0,5869324,5708792,516872,4107520,27354.204,13712.585,0,8715.923,0,1000.532,4924,5455,1.270,1.390,1.600,0,0,0,0,0,20,303,0,29,2
03-07 00:47:34,14.916,7.458,75.825,0,0,5869304,5708792,516952,4107460,14860.707,7255.334,0,1042.159,0,80.549,3348,3845,1.250,1.380,1.600,5,0,0,0,0,20,304,0,29,2
03-07 00:47:35,14.786,4.260,78.692,0.501,0,5869404,5708288,517052,4107752,16867.115,8389.450,0,3071.487,0,168.411,3403,4570,1.250,1.380,1.600,0,0,2.005,0,0,20,302,0,32,3
03-07 00:47:36,16.255,5.502,76.273,0.250,0,5869228,5708036,517416,4107804,17435.154,7260.146,0,4757.406,0,323.096,4210,5216,1.250,1.380,1.600,2,0,0,0,0,20,302,0,32,3
03-07 00:47:37,13.798,4.766,78.772,0.502,0,5869108,5707784,517688,4107896,22151.554,9167.683,0,2869.918,0,242.839,3988,5087,1.250,1.380,1.600,0,0,0,0,0,20,302,0,32,3
03-07 00:47:38,6.232,5.235,86.999,0,0,5869260,5707532,517732,4107948,16706.847,7891.256,0,658.103,0,38.888,2166,2698,1.250,1.380,1.600,1,0,1.994,0,0,20,303,0,32,3
03-07 00:47:39,18.048,6.267,73.193,0,0,5869332,5707028,517960,4108144,2498.594,943.490,0,1584.181,0,186.492,3880,4928,1.230,1.380,1.590,0,0,1.003,0,0,20,302,0,28,3
03-07 00:47:40,15.490,7.745,75.201,0.250,0,5869156,5707028,518092,4108184,30418.141,15651.782,0,1131.261,0,110.928,3521,4453,1.230,1.380,1.590,2,0,0,0,0,20,300,0,30,3
03-07 00:47:41,10.727,3.991,83.571,0,0,5869416,5706524,518156,4108356,50803.253,24114.382,0,814.257,0,65.859,2618,3195,1.230,1.380,1.590,0,0,1.996,0,0,20,302,0,30,3
03-07 00:47:42,5.501,3.001,89.767,0,0,5869412,5706524,518228,4108288,17048.286,7713.487,0,924.178,0,98.019,2293,3098,1.230,1.380,1.590,1,0,0,0,0,20,302,0,30,3
03-07 00:47:43,21.510,9.254,66.780,0.250,0,5869112,5706524,518372,4108440,30047.457,14598.538,0,4638.077,0,687.308,4761,4900,1.230,1.380,1.590,3,0,0,0,0,20,302,0,30,3
03-07 00:47:44,9.199,3.978,85.031,0,0,5869736,5705768,518460,4108480,16574.601,8256.471,0,990.538,0,85.528,2590,3494,1.130,1.350,1.580,1,0,1.989,0,0,20,303,0,30,3
03-07 00:47:45,13.601,4.534,79.593,0.252,0,5869592,5705516,518648,4108680,25686.462,11566.212,0,1668.436,0,172.284,3846,5043,1.130,1.350,1.580,1,0,0,0,0,20,302,0,31,3
03-07 00:47:46,8.500,4.000,86.254,0,0,5869512,5705516,518700,4108708,3106.134,2371.102,0,872.038,0,68.003,2449,3094,1.130,1.350,1.580,0,0,0,0,0,20,302,0,31,3
03-07 00:47:47,26.177,12.964,58.338,0.499,0,5899548,5675276,518936,4111952,27087.895,10595.622,0,3310.820,0,255.292,5495,15156,1.130,1.350,1.580,7,0,37.895,0,0,20,302,0,32,3
03-07 00:47:48,3.009,3.510,92.271,0.251,0,5891272,5683340,519040,4108772,25902.180,13305.132,0,3317.758,0,173.510,1851,2549,1.130,1.350,1.580,0,0,0,0,0,20,302,0,32,3
03-07 00:47:49,7.996,3.998,85.961,0,0,5888316,5686148,519108,4108848,7601.592,1442.353,0,1019.543,0,105.952,2758,3709,1.040,1.330,1.570,1,0,1.000,0,0,20,303,0,32,3
03-07 00:47:50,23.971,10.238,62.175,0.250,0,5887812,5686148,519324,4109124,30019.745,15607.151,0,2317.201,0,226.726,6150,8295,1.040,1.330,1.570,2,0,2.996,0,0,20,303,0,33,3
03-07 00:47:51,25.697,8.482,62.371,0,0,5884332,5689188,519492,4109380,55738.819,27770.614,0,1496.907,0,148.693,5850,7228,1.040,1.330,1.570,1,0,0,0,0,20,303,0,32,3
03-07 00:47:52,23.085,8.280,65.992,0,0,5884164,5689188,519576,4109460,21785.008,8704.970,0,1425.234,0,116.428,5369,6462,1.040,1.330,1.570,1,0,0,0,0,20,303,0,33,3
03-07 00:47:53,25.964,10.236,61.416,0.250,0,5883984,5688936,519856,4109600,59311.698,30100.739,0,2412.693,0,255.650,6029,7685,1.040,1.330,1.570,6,0,1.997,0,0,20,303,0,33,3
03-07 00:47:54,24.023,7.257,65.563,0,0,5883820,5688712,519992,4109840,29676.678,14768.271,0,2286.209,0,171.165,5631,7011,1.030,1.320,1.570,1,0,0,0,0,20,303,0,33,3
03-07 00:47:55,23.884,11.195,61.699,0.746,0,5883492,5688712,520244,4109912,15169.041,7260.600,0,5178.750,0,406.020,5850,7188,1.030,1.320,1.570,5,0,0,0,0,20,300,0,36,3
03-07 00:47:56,9.794,5.023,83.630,0.251,0,5883200,5688712,520360,4110080,16237.690,8507.610,0,3970.017,0,252.144,3107,4251,1.030,1.320,1.570,1,0,2.009,0,0,20,303,0,36,3
03-07 00:47:57,23.458,8.984,65.632,0,0,5882936,5688712,520528,4110172,16764.767,8615.463,0,1728.882,0,188.660,4817,5794,1.030,1.320,1.570,5,0,0,0,0,20,302,0,38,3
03-07 00:47:58,8.512,6.008,83.864,0,0,5882880,5688712,520568,4110188,14904.228,7372.005,0,829.125,0,67.091,2598,3321,1.030,1.320,1.570,1,0,0,0,0,20,303,0,38,3
03-07 00:47:59,17.745,6.748,73.230,0.250,0,5882900,5688208,520812,4110412,16740.451,8238.761,0,1827.503,0,223.939,4301,5532,0.950,1.300,1.560,1,0,2.999,0,0,20,302,0,40,3
03-07 00:48:00,16.999,5.000,76.744,0,0,5883332,5687704,520832,4110460,179.985,0,0,655.945,0,31.997,2645,2878,0.950,1.300,1.560,4,0,0,0,0,20,303,0,36,3
03-07 00:48:01,23.519,6.505,67.803,0,0,5883488,5687452,520844,4110540,61083.192,32417.576,0,468.370,0,24.019,3293,3093,0.950,1.300,1.560,2,0,0,0,0,20,303,0,37,3
03-07 00:48:02,22.455,7.735,68.114,0,0,5886784,5683924,520868,4110744,45305.331,24225.518,0,487.025,0,25.948,3144,2980,0.950,1.300,1.560,3,0,1.996,0,0,20,303,0,39,3
03-07 00:48:03,19.303,5.515,73.451,0,0,5877152,5693412,521012,4110740,96912.434,941572.875,0,1199.285,0,130.357,4621,4967,0.950,1.300,1.560,0,0,1.003,0,0,20,302,0,41,3
03-07 00:48:04,11.723,5.487,80.312,0.249,0,5877304,5692936,521172,4110896,36335.113,16327.854,0,7534.398,0,937.809,4705,3987,0.870,1.280,1.550,4,0,0,0,0,20,302,0,39,3
03-07 00:48:05,10.765,5.257,82.113,0.250,0,5877088,5692936,521312,4110968,30724.193,15207.885,0,2138.937,0,114.157,3212,4135,0.870,1.280,1.550,1,0,5.007,0,0,20,302,0,39,3
03-07 00:48:06,6.998,3.499,87.221,0.500,0,5876900,5692936,521484,4110980,32683.223,14152.334,0,1215.599,0,123.959,2701,3689,0.870,1.280,1.550,1,0,0,0,0,20,303,0,39,3
03-07 00:48:07,24.198,10.478,62.367,0.249,0,5876584,5692684,521792,4111224,15359.213,7507.973,0,3025.541,0,281.399,6200,8009,0.870,1.280,1.550,2,0,0.998,0,0,20,303,0,40,3
03-07 00:48:08,25.787,9.263,62.840,0,0,5876712,5692180,522048,4111332,16270.295,7372.556,0,4041.787,0,294.422,6268,7916,0.870,1.280,1.550,2,0,2.003,0,0,20,303,0,39,3
03-07 00:48:09,20.723,10.736,64.415,0,0,5877028,5691424,522260,4111548,14989.229,7418.215,0,4534.020,0,280.630,5376,6821,0.890,1.270,1.550,4,0,1.997,0,0,20,303,0,40,3
03-07 00:48:10,16.553,7.524,74.988,0.752,0,5881872,5686384,522368,4111632,1705.421,947.010,0,1500.770,0,159.507,3889,5116,0.890,1.270,1.550,0,0,2.006,0,0,20,302,0,43,3
03-07 00:48:11,23.498,4.500,68.745,0,0,5881868,5686384,522392,4111612,15450.897,7427.470,0,587.958,0,35.997,4177,4633,0.890,1.270,1.550,2,0,4.000,0,0,20,305,0,46,3
03-07 00:48:12,26.961,6.740,63.657,0,0,5881548,5686384,522476,4111840,419.389,0,0,1134.347,0,106.844,5279,6252,0.890,1.270,1.550,3,0,3.994,0,0,20,308,0,48,3
03-07 00:48:13,24.307,6.629,66.046,0,0,5881648,5686132,522536,4111928,15450.291,7324.451,0,931.024,0,70.711,4929,5462,0.890,1.270,1.550,2,0,0.982,0,0,20,310,0,63,3
03-07 00:48:14,25.756,10.818,63.876,0.258,0,5882772,5684876,522616,4111972,661.424,0,0,1256.911,0,120.540,5544,6306,0.890,1.270,1.550,1,0,8.242,0,0,20,309,0,72,3
03-07 00:48:15,24.680,4.936,66.390,0,0,5882796,5684624,522652,4112160,29789.049,15441.932,0,801.614,0,60.220,5000,5716,0.890,1.270,1.550,1,0,0,0,0,20,309,0,72,3
03-07 00:48:16,26.056,5.762,65.392,0,0,5883100,5684120,522700,4112304,44917.310,24414.893,0,1066.310,0,85.185,5000,5386,0.890,1.270,1.550,2,0,0,0,0,20,305,0,94,3
03-07 00:48:17,26.999,6.250,64.248,0.250,0,5882736,5684120,522832,4112528,47619.192,25941.015,0,1667.937,0,166.994,5531,6207,0.890,1.270,1.550,0,0,2.000,0,0,20,305,0,95,3
03-07 00:48:18,6.748,3.999,87.229,0,0,5882660,5684120,522856,4112576,60710.254,28623.048,0,855.792,0,58.986,2574,3294,0.890,1.270,1.550,3,0,0,0,0,20,306,0,95,3
03-07 00:48:19,22.963,10.618,62.224,0.247,0,5882544,5683868,523112,4112680,29843.624,14702.548,0,4085.029,0,332.847,6313,8264,0.900,1.270,1.540,4,0,0.988,0,0,20,306,0,95,3
03-07 00:48:20,26.342,9.878,62.562,0.253,0,5882468,5683364,523420,4112940,15547.916,7458.866,0,5600.735,0,379.934,6340,8141,0.900,1.270,1.540,1,0,2.026,0,0,20,306,0,92,3
03-07 00:48:21,20.927,9.965,66.767,0,0,5882236,5683364,523580,4113004,41039.862,20071.993,0,1538.634,0,139.513,4829,5832,0.900,1.270,1.540,3,1,0,0,0,20,306,0,92,3
03-07 00:48:22,14.537,4.261,79.452,0,0,5882476,5682860,523700,4113144,6326.048,1789.540,0,1275.235,0,133.338,3173,4225,0.900,1.270,1.540,1,0,0,0,0,20,305,0,93,3
03-07 00:48:23,11.509,4.503,82.061,0.500,0,5882124,5682860,523924,4113260,18544.825,8900.636,0,1813.352,0,181.135,3310,4340,0.900,1.270,1.540,1,0,2.001,0,0,20,305,0,94,3
03-07 00:48:24,10.252,4.501,83.016,0.250,0,5881900,5682860,524096,4113304,16292.095,8350.587,0,1612.306,0,155.029,3182,4019,0.910,1.260,1.540,1,0,0,0,0,20,305,0,91,3
03-07 00:48:25,10.481,6.239,80.604,0.250,0,5881904,5682608,524264,4113380,16378.291,8332.885,0,8971.726,0,1072.055,4295,4373,0.910,1.260,1.540,0,0,0,0,0,20,305,0,91,3
03-07 00:48:26,5.240,3.743,89.574,0.250,0,5881784,5682608,524416,4113344,419.175,0,0,2738.612,0,182.641,2362,3047,0.910,1.260,1.540,5,0,1.996,0,0,20,306,0,91,3
03-07 00:48:27,25.293,8.514,64.108,0.501,0,5882312,5681600,524600,4113636,16583.937,9608.186,0,3730.284,0,211.356,4885,5040,0.910,1.260,1.540,1,1,0,0,0,20,306,0,91,3
03-07 00:48:28,6.514,3.508,88.194,0,0,5882148,5681600,524680,4113708,46172.521,23031.641,0,1014.230,0,96.212,2384,3399,0.910,1.260,1.540,0,0,0,0,0,20,305,0,89,3
03-07 00:48:29,15.746,3.999,79.232,0,0,5881968,5681600,524836,4113732,45189.843,22411.963,0,1147.742,0,115.974,3091,3621,0.840,1.240,1.530,1,0,2.999,0,0,20,305,0,89,3
03-07 00:48:30,7.252,3.751,87.026,0,0,5881856,5681600,524948,4113724,16265.936,7923.404,0,1012.307,0,102.031,2549,3503,0.840,1.240,1.530,1,0,0,0,0,20,305,0,89,3
03-07 00:48:31,10.228,3.493,84.321,0.249,0,5881784,5681348,525064,4113924,16123.864,7742.608,0,1209.440,0,104.778,2687,3370,0.840,1.240,1.530,1,0,0,0,0,20,305,0,89,3
03-07 00:48:32,5.508,3.756,88.132,0,0,5881896,5681096,525176,4113948,21012.471,8686.009,0,849.272,0,80.120,2350,3167,0.840,1.240,1.530,2,0,2.003,0,0,20,306,0,89,3
03-07 00:48:33,24.735,9.494,63.711,0.250,0,5882000,5680592,525448,4114064,25856.993,13161.852,0,2070.718,0,215.866,6037,7570,0.840,1.240,1.530,2,0,0,0,0,20,306,0,89,3
03-07 00:48:34,24.020,8.007,65.554,0,0,5881808,5680340,525632,4114312,14842.164,7301.984,0,1781.460,0,157.129,5426,6822,1.010,1.270,1.540,1,0,0,0,0,20,306,0,89,3
03-07 00:48:35,25.268,6.004,67.047,0.250,0,5883200,5678828,525724,4114336,1075.759,0,0,880.621,0,69.049,4143,4551,1.010,1.270,1.540,1,0,2.001,0,0,20,306,0,90,3
03-07 00:48:36,18.977,8.989,68.168,0.250,0,5882508,5679132,525996,4114448,79677.892,883297.557,0,3292.029,0,228.724,5249,6295,1.010,1.270,1.540,0,0,1.998,0,0,20,305,0,88,3
03-07 00:48:37,12.515,4.255,81.094,0.250,0,5882592,5678628,526224,4114624,32034.252,52035.511,0,1866.170,0,202.235,3678,4816,1.010,1.270,1.540,0,0,0,0,0,20,305,0,88,3
03-07 00:48:38,7.743,3.497,87.921,0,0,5882788,5678376,526280,4114624,29387.671,15041.524,0,719.356,0,40.963,2137,2602,1.010,1.270,1.540,2,0,1.998,0,0,20,305,0,88,3
03-07 00:48:39,4.739,4.490,88.547,0.249,0,5882548,5678376,526504,4114632,16342.606,7345.193,0,3088.932,0,229.475,3061,4223,1.010,1.260,1.540,4,1,0.998,0,0,20,306,0,88,3
03-07 00:48:40,12.288,5.266,80.999,0,0,5882752,5677872,526708,4114724,21963.562,9164.190,0,3550.923,0,248.765,3632,4779,1.010,1.260,1.540,1,0,0,0,0,20,305,0,88,3
03-07 00:48:41,18.212,7.734,71.101,0.249,0,5882540,5677872,526876,4114760,29932.315,15140.293,0,2574.608,0,181.620,4564,5703,1.010,1.260,1.540,1,0,1.996,0,0,20,306,0,85,3
03-07 00:48:42,27.526,8.258,61.558,0.250,0,5882372,5677380,527184,4115076,44033.756,22527.362,0,2538.407,0,270.256,5729,7557,1.010,1.260,1.540,1,0,0,0,0,20,305,0,85,3
03-07 00:48:43,20.737,6.069,73.338,0,0,5757088,5802636,527212,4115072,15868.271,7708.053,0,695.950,0,34.393,2233,1880,1.010,1.260,1.540,0,0,2.023,0,0,20,305,0,85,3
03-07 00:48:44,3.217,6.435,81.178,6.187,0,5751452,5802268,527356,4120884,204569.990,65724.304,5326.054,3203.552,64.348,154.436,2965,3161,1.010,1.260,1.530,0,1,27.719,0,0,20,305,0,85,3
03-07 00:48:45,1.499,4.496,70.438,21.231,0,5737084,5793208,527400,4144144,44138.414,22192.599,23371.569,279.755,216.810,21.981,2266,2652,1.010,1.260,1.530,0,1,0,0,0,20,305,0,82,3
03-07 00:48:46,2.751,5.001,69.268,22.506,0,5736628,5778604,527408,4159016,29703.795,15213.992,14079.695,5669.488,132.035,808.212,3242,2042,1.010,1.260,1.530,0,1,0,0,0,20,305,0,82,3
03-07 00:48:47,2.983,4.971,69.099,20.630,0,5736408,5755420,527448,4182232,14856.841,7480.618,22366.292,342.017,211.772,32.810,2552,2770,1.010,1.260,1.530,1,0,1.988,0,0,20,305,0,82,4
03-07 00:48:48,22.136,23.143,54.335,0.252,0,5745168,5745048,527468,4183788,26135.962,13318.021,0,213.314,0,12.074,3538,12034,1.010,1.260,1.530,1,0,36.223,0,0,20,305,0,83,3
03-07 00:48:49,13.253,16.254,69.267,0,0,5743276,5745048,527508,4185580,15532.714,7459.784,0,336.080,0,30.007,2467,2219,1.010,1.250,1.530,2,0,1.000,0,0,20,305,0,81,3
03-07 00:48:50,6.749,10.998,70.987,10.498,0,5733392,5744560,527508,4195896,15295.156,8116.491,9114.306,0,92.983,0,2024,1874,1.010,1.250,1.530,1,1,3.999,0,0,20,305,0,81,3
03-07 00:48:51,2.000,4.750,70.251,21.750,0,5732780,5723392,527532,4217652,41823.819,20708.405,21604.423,340.007,207.004,16.000,2418,2405,1.010,1.250,1.530,0,1,0,0,0,20,305,0,81,3
03-07 00:48:52,5.253,8.755,68.290,15.759,0,5727324,5709784,527588,4236476,50445.770,24089.216,18314.808,684.404,195.115,61.036,2893,3133,1.010,1.250,1.530,2,0,0,0,0,20,305,0,81,3
03-07 00:48:53,10.491,14.488,69.691,4.496,0,5724208,5708312,527588,4241000,15728.775,7517.679,2609.806,3.997,23.980,0.999,2202,1904,1.010,1.250,1.530,0,1,3.997,0,0,20,305,0,78,3
03-07 00:48:54,1.751,4.501,70.773,22.257,0,5725028,5685936,527592,4262456,48352.798,24904.137,20550.714,64.021,198.065,3.001,2223,2289,1.010,1.250,1.530,1,1,0,0,0,20,305,0,78,3
03-07 00:48:55,2.501,3.752,69.531,22.510,0,5725216,5670844,527620,4277268,44931.277,202421.350,14094.361,264.119,130.059,21.009,2312,2763,1.010,1.250,1.530,2,1,0,0,0,20,305,0,78,3
03-07 00:48:56,8.054,13.340,69.973,8.054,0,5725748,5667316,527656,4280200,33790.186,652574.852,2456.589,579.916,25.170,81.551,2942,2534,1.010,1.250,1.530,1,0,3.020,0,0,20,305,0,78,3
03-07 00:48:57,10.926,18.375,69.032,0,0,5726348,5665300,527716,4281520,15249.567,7312.402,0,476.766,0,46.683,2799,2896,1.010,1.250,1.530,1,0,0,0,0,20,305,0,73,3
03-07 00:48:58,5.996,13.741,70.701,8.494,0,5729588,5654480,527724,4289036,15260.507,7518.830,6219.723,239.835,74.948,12.991,2373,2483,1.010,1.250,1.530,0,1,1.999,0,0,20,305,0,73,3
03-07 00:48:59,1.748,4.993,69.407,21.721,0,5726136,5636588,527760,4310264,44907.959,22585.803,20412.709,331.557,227.696,29.960,2503,2783,1.010,1.250,1.530,0,1,2.996,0,0,20,305,0,73,3
03-07 00:49:00,1.002,3.758,72.149,21.043,0,5726032,5612648,527760,4334212,29528.854,14784.468,23107.621,4.008,254.525,1.002,2173,2239,1.010,1.250,1.530,1,1,0,0,0,20,305,0,73,3
03-07 00:49:01,5.997,9.495,70.960,13.243,0,5727440,5599796,527768,4345600,30443.876,14987.570,10913.861,39.978,116.934,2.998,2227,2116,1.010,1.250,1.530,0,1,1.999,0,0,20,305,0,70,3
03-07 00:49:02,1.500,4.499,70.738,20.746,0,5725908,5580896,527808,4365912,44392.174,22664.004,19692.528,499.912,206.964,30.995,2493,2769,1.010,1.250,1.530,1,1,2.000,0,0,20,305,0,70,3
03-07 00:49:03,5.743,9.239,70.669,13.484,0,5727092,5568800,527808,4376784,40650.237,21103.723,10535.880,0,102.882,0,2052,1951,1.010,1.250,1.530,0,1,1.998,0,0,20,305,0,70,3
03-07 00:49:04,2.253,5.007,71.595,19.526,0,5727448,5549900,527816,4395268,61553.784,23433.135,17955.857,84.112,171.228,5.007,2191,2245,1.010,1.240,1.520,0,1,2.003,0,0,20,305,0,70,3
03-07 00:49:05,2.251,5.253,70.040,20.762,0,5727700,5529752,527852,4415048,44538.207,22062.486,18302.358,332.188,197.112,26.015,2387,2749,1.010,1.240,1.520,0,1,4.002,0,0,20,305,0,65,3
03-07 00:49:06,1.996,4.242,70.624,21.212,0,5727640,5511104,527860,4433684,41353.055,18429.046,17664.414,75.864,187.664,8.984,2088,2350,1.010,1.240,1.520,2,0,0,0,0,20,305,0,65,3
03-07 00:49:07,13.976,16.722,68.134,0.250,0,5727700,5509340,527980,4435268,15384.893,9026.682,0,3717.691,0,174.704,2977,2669,1.010,1.240,1.520,2,1,0,0,0,20,305,0,65,3
03-07 00:49:08,13.265,15.517,70.328,0,0,5727712,5507324,528012,4437132,15621.400,7370.209,0,760.847,0,46.051,2425,2162,1.010,1.240,1.520,1,0,2.002,0,0,20,305,0,65,3
03-07 00:49:09,12.029,18.044,69.418,0,0,5727440,5505560,528040,4439088,15267.900,7445.996,0,469.134,0,41.099,2620,2460,1,1.240,1.520,2,0,2.005,0,0,20,305,0,63,3
03-07 00:49:10,11.416,16.628,70.481,0,0,5727396,5503796,528040,4440852,14656.157,7242.707,0,131.036,0,7.942,2164,1851,1,1.240,1.520,1,0,0,0,0,20,305,0,63,3
03-07 00:49:11,6.542,10.568,70.200,11.826,0,5728320,5491952,528064,4451700,15039.400,7506.113,10120.873,410.632,97.626,30.194,2526,2799,1,1.240,1.520,1,1,5.032,0,0,20,305,0,63,3
03-07 00:49:12,4.255,7.508,67.073,20.272,0,5727108,5475836,528104,4468936,15903.394,7950.696,17114.719,508.556,166.182,39.043,2906,3310,1,1.240,1.520,0,1,4.004,0,0,20,305,0,63,3
03-07 00:49:13,10.737,8.240,59.675,18.477,0,5728260,5456432,528112,4487128,44804.732,22425.837,17973.428,223.719,177.777,8.989,3514,3622,1,1.240,1.520,1,1,2.996,0,0,20,306,0,48,3
03-07 00:49:14,9.485,9.735,62.154,17.473,0,5729424,5439800,528128,4502500,44798.809,23162.226,15096.683,343.470,153.763,20.968,3501,3456,1.080,1.250,1.520,2,1,10.983,0,0,20,305,0,49,3
03-07 00:49:15,3.504,7.007,67.821,19.771,0,5728352,5424428,528144,4518880,60209.332,31453.084,16116.953,380.400,180.190,26.027,2809,2830,1.080,1.250,1.520,1,1,5.005,0,0,20,305,0,49,3
03-07 00:49:16,3.003,7.758,70.326,17.769,0,5730420,5409336,528148,4531792,29559.887,14769.933,12225.188,40.043,139.150,4.004,2279,2183,1.080,1.250,1.520,1,0,6.006,0,0,20,305,0,49,3
